obs_date,jump_pts,jump_ann_pct,days_to_turn,year
2016-08-29,0.010140304514040478,6.999999999999989,124,2016
2016-08-30,0.010077385578550556,6.999999999999952,123,2016
2016-08-31,0.010059149900848713,7.000000000000049,122,2016
2016-09-01,0.010060305583151446,7.000000000000115,121,2016
2016-09-02,0.01005738161866706,7.000000000000048,120,2016
2016-09-05,0.010026388846126413,7.000000000000073,117,2016
2016-09-06,0.009959658689190617,7.0000000000000755,116,2016
2016-09-07,0.009932962187818696,7.000000000000001,115,2016
2016-09-08,0.009941860856776554,7.000000000000006,114,2016
2016-09-09,0.009929526178002787,7.0000000000000115,113,2016
2016-09-12,0.009932579067133865,7.000000000000027,110,2016
2016-09-13,0.009917117601787775,7.000000000000091,109,2016
2016-09-14,0.009898101968208799,7.000000000000058,108,2016
2016-09-15,0.009863499389753118,7.000000000000043,107,2016
2016-09-16,0.00984904651207317,7.0000000000000355,106,2016
2016-09-19,0.009866531477801425,7.000000000000008,103,2016
2016-09-20,0.009816598277102694,6.999999999999989,102,2016
2016-09-21,0.009790972661065392,7.000000000000013,101,2016
2016-09-22,0.009788852567091912,6.999999999999976,100,2016
2016-09-23,0.009776155594644077,7.000000000000071,99,2016
2016-09-26,0.009754970577715398,7.000000000000144,96,2016
2016-09-27,0.00968750198779207,7.000000000000075,95,2016
2016-09-28,0.009679559894841962,7.000000000000051,94,2016
2016-09-29,0.009732413488402827,6.999999999999995,93,2016
2016-09-30,0.009724902158574475,7.000000000000053,92,2016
2016-10-03,0.00972702763644784,7.000000000000052,89,2016
2016-10-04,0.00971532710565622,7.000000000000006,88,2016
2016-10-05,0.009701067450934126,7.0000000000000355,87,2016
2016-10-06,0.009728127779472817,6.999999999999976,86,2016
2016-10-07,0.009745332817673922,7.000000000000065,85,2016
2016-10-10,0.009755391546904461,7.000000000000122,82,2016
2016-10-11,0.009784133721293354,7.0000000000000675,81,2016
2016-10-12,0.009745660640635753,7.000000000000071,80,2016
2016-10-13,0.009695976550102688,7.000000000000204,79,2016
2016-10-14,0.009683977283133825,7.000000000000034,78,2016
2016-10-17,0.009676580435004608,7.000000000000091,75,2016
2016-10-18,0.009688189138502348,7.0000000000000995,74,2016
2016-10-19,0.009703196703098016,7.000000000000009,73,2016
2016-10-20,0.009694732004860053,7.000000000000014,72,2016
2016-10-21,0.00969618786793228,7.0000000000000435,71,2016
2016-10-24,0.009690132651476889,6.999999999999986,68,2016
2016-10-25,0.009709879636886586,7.000000000000004,67,2016
2016-10-26,0.009760111072823277,7.000000000000065,66,2016
2016-10-27,0.009699690042029844,7.00000000000017,65,2016
2016-10-28,0.009651840443953119,6.9999999999999964,64,2016
2016-10-31,0.0096163516010034,7.000000000000163,61,2016
2016-11-01,0.009642562455911469,7.0000000000001315,60,2016
2016-11-02,0.009623522254826468,7.000000000000097,59,2016
2016-11-03,0.009660027353473065,7.000000000000038,58,2016
2016-11-04,0.009642016793187406,7.00000000000008,57,2016
2016-11-07,0.009588657513284797,7.0000000000000835,54,2016
2016-11-08,0.009592851190193711,7.000000000000144,53,2016
2016-11-09,0.009557450343313106,7.000000000000031,52,2016
2016-11-10,0.009526022279041662,7.000000000000134,51,2016
2016-11-11,0.00957658830043036,7.000000000000018,50,2016
2016-11-14,0.009582159349330472,7.000000000000152,47,2016
2016-11-15,0.009547531302515658,7.000000000000194,46,2016
2016-11-16,0.009561024369811995,7.000000000000058,45,2016
2016-11-17,0.009519092359377772,7.00000000000002,44,2016
2016-11-18,0.009526825612324182,7.00000000000016,43,2016
2016-11-21,0.009520248931339704,7.0000000000001545,40,2016
2016-11-22,0.009487945233591902,7.000000000000077,39,2016
2016-11-23,0.009420611907133575,7.000000000000062,38,2016
2016-11-24,0.009317334283010742,7.000000000000071,37,2016
2016-11-25,0.009323578019119363,7.000000000000081,36,2016
2016-11-28,0.009289335917339011,7.000000000000137,33,2016
2016-11-29,0.009286506099943729,7.0000000000000755,32,2016
2016-11-30,0.009262844797423895,7.000000000000112,31,2016
2016-12-01,0.009220762800508684,6.999999999999973,30,2016
2016-12-02,0.009303456213936898,7.000000000000062,29,2016
2016-12-05,0.009271965009133722,6.999999999999995,26,2016
2016-12-06,0.009279869710940773,7.000000000000144,25,2016
2016-12-07,0.009304837578842162,7.000000000000127,24,2016
2016-12-08,0.00928729609912349,7.000000000000077,23,2016
2016-12-09,0.009303881337781834,7.0000000000000995,22,2016
2016-12-12,0.009280649465994066,6.999999999999957,19,2016
2016-12-13,0.009370683784641143,7.000000000000202,18,2016
2016-12-14,0.009384216327513496,7.00000000000016,17,2016
2016-12-15,0.00942337914117291,7.0000000000000755,16,2016
2016-12-16,0.009458579470140786,7.000000000000151,15,2016
2016-12-19,,,12,2016
2016-12-20,,,11,2016
2016-12-21,,,10,2016
2016-12-22,,,9,2016
2016-12-23,,,8,2016
2016-12-26,,,5,2016
2016-12-27,,,4,2016
2016-12-28,,,3,2016
2016-12-29,,,2,2016
2016-12-30,,,1,2016
2017-01-02,,,363,2017
2017-01-03,,,362,2017
2017-01-04,,,361,2017
2017-01-05,,,360,2017
2017-01-06,,,359,2017
2017-01-09,,,356,2017
2017-01-10,,,355,2017
2017-01-11,,,354,2017
2017-01-12,,,353,2017
2017-01-13,,,352,2017
2017-01-16,,,349,2017
2017-01-17,,,348,2017
2017-01-18,,,347,2017
2017-01-19,,,346,2017
2017-01-20,,,345,2017
2017-01-23,,,342,2017
2017-01-24,,,341,2017
2017-01-25,,,340,2017
2017-01-26,,,339,2017
2017-01-27,,,338,2017
2017-01-30,,,335,2017
2017-01-31,,,334,2017
2017-02-01,,,333,2017
2017-02-02,,,332,2017
2017-02-03,,,331,2017
2017-02-06,,,328,2017
2017-02-07,,,327,2017
2017-02-08,,,326,2017
2017-02-09,,,325,2017
2017-02-10,,,324,2017
2017-02-13,,,321,2017
2017-02-14,,,320,2017
2017-02-15,,,319,2017
2017-02-16,,,318,2017
2017-02-17,,,317,2017
2017-02-20,,,314,2017
2017-02-21,,,313,2017
2017-02-22,,,312,2017
2017-02-23,,,311,2017
2017-02-24,,,310,2017
2017-02-27,,,307,2017
2017-02-28,,,306,2017
2017-03-01,,,305,2017
2017-03-02,,,304,2017
2017-03-03,,,303,2017
2017-03-06,,,300,2017
2017-03-07,,,299,2017
2017-03-08,,,298,2017
2017-03-09,,,297,2017
2017-03-10,,,296,2017
2017-03-13,,,293,2017
2017-03-14,,,292,2017
2017-03-15,,,291,2017
2017-03-16,,,290,2017
2017-03-17,,,289,2017
2017-03-20,,,286,2017
2017-03-21,,,285,2017
2017-03-22,,,284,2017
2017-03-23,,,283,2017
2017-03-24,,,282,2017
2017-03-27,,,279,2017
2017-03-28,,,278,2017
2017-03-29,,,277,2017
2017-03-30,,,276,2017
2017-03-31,,,275,2017
2017-04-03,0.009172231855619373,7.000000000000093,272,2017
2017-04-04,0.009151714763011697,6.999999999999844,271,2017
2017-04-05,0.009157089738645013,7.000000000000021,270,2017
2017-04-06,0.009102427764384283,6.999999999999947,269,2017
2017-04-07,0.009132805926212796,6.99999999999994,268,2017
2017-04-10,0.009186615785770883,6.999999999999992,265,2017
2017-04-11,0.009213991191841889,6.999999999999777,264,2017
2017-04-12,0.009210342227643645,6.999999999999992,263,2017
2017-04-13,0.009240889762802115,6.99999999999996,262,2017
2017-04-14,0.009188677520807265,7.0000000000000355,261,2017
2017-04-17,0.009150346970760252,6.99999999999988,258,2017
2017-04-18,0.00910137722632589,6.999999999999995,257,2017
2017-04-19,0.009108398347624426,7.000000000000048,256,2017
2017-04-20,0.009024581317733772,6.999999999999908,255,2017
2017-04-21,0.00903045029232589,6.99999999999993,254,2017
2017-04-24,0.009029114745618315,6.999999999999955,251,2017
2017-04-25,0.008986932140728763,6.999999999999909,250,2017
2017-04-26,0.008991364688520779,6.999999999999844,249,2017
2017-04-27,0.008942566414284937,6.9999999999999325,248,2017
2017-04-28,0.008923857633675848,7.0000000000000675,247,2017
2017-05-01,0.008860037842103263,6.999999999999858,244,2017
2017-05-02,0.008906523923150885,6.99999999999987,243,2017
2017-05-03,0.008941451252188383,7.000000000000053,242,2017
2017-05-04,0.008925000733419675,6.9999999999999,241,2017
2017-05-05,0.008889348341428318,6.999999999999925,240,2017
2017-05-08,0.008898902460760293,6.999999999999837,237,2017
2017-05-09,0.008869499785745803,6.999999999999876,236,2017
2017-05-10,0.008935599878022588,6.999999999999927,235,2017
2017-05-11,0.008939218352821823,6.99999999999988,234,2017
2017-05-12,0.008912154242754721,6.999999999999902,233,2017
2017-05-15,0.008865331265364533,6.999999999999982,230,2017
2017-05-16,0.00888477379491278,6.999999999999897,229,2017
2017-05-17,0.008901757405783844,6.999999999999957,228,2017
2017-05-18,0.008932853773926545,6.999999999999876,227,2017
2017-05-19,0.008936681631607069,6.999999999999942,226,2017
2017-05-22,0.008954882124410934,7.000000000000028,223,2017
2017-05-23,0.00897788588624927,6.999999999999929,222,2017
2017-05-24,0.009036813334911681,6.999999999999949,221,2017
2017-05-25,0.008996656876675065,7.000000000000039,220,2017
2017-05-26,0.008995105704793165,7.0000000000000355,219,2017
2017-05-29,0.009032126915336688,6.999999999999844,216,2017
2017-05-30,0.009033563618367626,6.999999999999981,215,2017
2017-05-31,0.00906667160458945,6.999999999999849,214,2017
2017-06-01,0.009060184671418756,6.999999999999991,213,2017
2017-06-02,0.009060761033560433,6.999999999999819,212,2017
2017-06-05,0.009138848227431773,6.999999999999853,209,2017
2017-06-06,0.009120699927369273,6.999999999999831,208,2017
2017-06-07,0.009119868824088061,7.00000000000008,207,2017
2017-06-08,0.00907244101934331,6.999999999999941,206,2017
2017-06-09,0.00908969382016262,7.000000000000051,205,2017
2017-06-12,0.009080415842762968,6.999999999999841,202,2017
2017-06-13,0.009063009191426738,6.999999999999935,201,2017
2017-06-14,0.009122704316575449,6.9999999999999565,200,2017
2017-06-15,0.009124226568186369,6.999999999999969,199,2017
2017-06-16,0.009138265180010227,6.999999999999887,198,2017
2017-06-19,0.009133889235881883,6.9999999999999964,195,2017
2017-06-20,0.009100383642336377,6.99999999999989,194,2017
2017-06-21,0.009126597506490459,6.9999999999998845,193,2017
2017-06-22,0.009106477036683778,7.000000000000004,192,2017
2017-06-23,0.009088272904526053,7.000000000000038,191,2017
2017-06-26,0.009106381313385276,6.999999999999979,188,2017
2017-06-27,0.009076846980662271,6.99999999999998,187,2017
2017-06-28,0.009128129140268029,7.000000000000052,186,2017
2017-06-29,0.009131996493696308,7.0000000000000036,185,2017
2017-06-30,0.0091079797151887,6.999999999999941,184,2017
2017-07-03,0.009090979966618153,6.999999999999995,181,2017
2017-07-04,0.009119577734266264,7.000000000000016,180,2017
2017-07-05,0.009081414619605682,7.000000000000013,179,2017
2017-07-06,0.00907167307940076,7.000000000000006,178,2017
2017-07-07,0.009117545632655108,6.999999999999927,177,2017
2017-07-10,0.009092423608262687,7.000000000000001,174,2017
2017-07-11,0.009102323748606188,6.99999999999997,173,2017
2017-07-12,0.009137321463114896,6.999999999999989,172,2017
2017-07-13,0.009140348247170716,7.00000000000012,171,2017
2017-07-14,0.009120203239089516,7.000000000000085,170,2017
2017-07-17,0.0091123990688579,6.9999999999999885,167,2017
2017-07-18,0.009102805345708771,7.00000000000006,166,2017
2017-07-19,0.009107061313474914,7.000000000000013,165,2017
2017-07-20,0.009130161224658389,6.999999999999986,164,2017
2017-07-21,0.009073118399131466,6.999999999999937,163,2017
2017-07-24,0.009058261896239159,6.999999999999969,160,2017
2017-07-25,0.009041367194640463,7.00000000000003,159,2017
2017-07-26,0.008993720275112782,6.999999999999979,158,2017
2017-07-27,0.009023633427851157,6.999999999999952,157,2017
2017-07-28,0.008952560369394857,6.999999999999954,156,2017
2017-07-31,0.008925957901933863,6.9999999999999885,153,2017
2017-08-01,0.008942134368715889,7.000000000000038,152,2017
2017-08-02,0.00892339028546894,6.999999999999998,151,2017
2017-08-03,0.00891264210353843,6.999999999999992,150,2017
2017-08-04,0.008922481899870193,6.999999999999994,149,2017
2017-08-07,0.00886552430246054,6.999999999999935,146,2017
2017-08-08,0.00888465035033459,7.000000000000055,145,2017
2017-08-09,0.008926698527010888,7.000000000000009,144,2017
2017-08-10,0.00890176434141398,7.000000000000056,143,2017
2017-08-11,0.008907303553857658,6.999999999999986,142,2017
2017-08-14,0.008903415906219956,7.000000000000071,139,2017
2017-08-15,0.008885301501098295,7.000000000000026,138,2017
2017-08-16,0.008938965311941147,6.999999999999986,137,2017
2017-08-17,0.008911858046943645,7.000000000000049,136,2017
2017-08-18,0.008878130695958839,7.0000000000000355,135,2017
2017-08-21,0.008922868154804284,6.999999999999948,132,2017
2017-08-22,0.00897746310936692,7.000000000000052,131,2017
2017-08-23,0.009004143924096661,7.000000000000036,130,2017
2017-08-24,0.008997859195752671,7.000000000000021,129,2017
2017-08-25,0.008986244546068561,6.99999999999997,128,2017
2017-08-28,0.008984236406740323,7.000000000000009,125,2017
2017-08-29,0.00898257503380901,6.999999999999966,124,2017
2017-08-30,0.00894152581435677,6.99999999999997,123,2017
2017-08-31,0.008953440513321408,7.000000000000009,122,2017
2017-09-01,0.008996547514761206,7.000000000000021,121,2017
2017-09-04,0.00894221706610027,7.0000000000000036,118,2017
2017-09-05,0.008933657843853443,7.000000000000019,117,2017
2017-09-06,0.008969067345342946,7.000000000000026,116,2017
2017-09-07,0.008912868590555212,7.000000000000026,115,2017
2017-09-08,0.008886702636951054,7.000000000000026,114,2017
2017-09-11,0.008878228270112146,6.999999999999999,111,2017
2017-09-12,0.008921355104469349,6.999999999999986,110,2017
2017-09-13,0.00891260798944359,7.000000000000059,109,2017
2017-09-14,0.008959168434697247,7.000000000000068,108,2017
2017-09-15,0.008942403279982525,7.0000000000000995,107,2017
2017-09-18,0.00896767091849969,7.000000000000113,104,2017
2017-09-19,0.009023950509910866,7.000000000000048,103,2017
2017-09-20,0.009002082269703558,7.000000000000052,102,2017
2017-09-21,0.009012286198515922,6.999999999999994,101,2017
2017-09-22,0.009059068863522207,6.999999999999925,100,2017
2017-09-25,0.00898548984849,7.0000000000000355,97,2017
2017-09-26,0.008973534184670598,6.999999999999979,96,2017
2017-09-27,0.008942267156706669,6.999999999999981,95,2017
2017-09-28,0.008950287273258415,7.000000000000008,94,2017
2017-09-29,0.008860562852944714,7.000000000000011,93,2017
2017-10-02,0.00892705150499798,7.000000000000049,90,2017
2017-10-03,0.008861540375488107,7.000000000000085,89,2017
2017-10-04,0.008794246371110958,7.000000000000013,88,2017
2017-10-05,0.008833863645512242,7.000000000000062,87,2017
2017-10-06,0.008867006705070185,7.000000000000001,86,2017
2017-10-09,0.008900429082733191,7.000000000000004,83,2017
2017-10-10,0.008939095497335129,6.999999999999999,82,2017
2017-10-11,0.008922698876015546,7.000000000000009,81,2017
2017-10-12,0.008862750127202884,7.000000000000027,80,2017
2017-10-13,0.00885293596527203,7.000000000000021,79,2017
2017-10-16,0.008828352417423,7.000000000000045,76,2017
2017-10-17,0.008871751294801182,7.000000000000043,75,2017
2017-10-18,0.008837875260707513,6.999999999999981,74,2017
2017-10-19,0.008883661355167547,6.999999999999959,73,2017
2017-10-20,0.008898589016493753,7.000000000000091,72,2017
2017-10-23,0.008884354134200358,7.000000000000021,69,2017
2017-10-24,0.008892543674975875,6.999999999999992,68,2017
2017-10-25,0.008915561012277601,7.00000000000003,67,2017
2017-10-26,0.008923018959431784,7.000000000000019,66,2017
2017-10-27,0.008880744754199575,7.000000000000014,65,2017
2017-10-30,0.008861088863595983,7.000000000000019,62,2017
2017-10-31,0.008801940155739355,7.000000000000068,61,2017
2017-11-01,0.008757679291264558,7.000000000000019,60,2017
2017-11-02,0.008728601354523224,7.000000000000039,59,2017
2017-11-03,0.008679696702505346,7.000000000000097,58,2017
2017-11-06,0.008743798009203562,7.000000000000049,55,2017
2017-11-07,0.008738253400355916,7.000000000000098,54,2017
2017-11-08,0.008736335481461008,7.0000000000000435,53,2017
2017-11-09,0.00880342760002943,7.000000000000048,52,2017
2017-11-10,0.008863903821252779,7.000000000000019,51,2017
2017-11-13,0.008872402702006463,7.00000000000003,48,2017
2017-11-14,0.008840658465393027,7.000000000000062,47,2017
2017-11-15,0.008849553716742597,7.0000000000000755,46,2017
2017-11-16,0.008787904598406228,6.999999999999995,45,2017
2017-11-17,0.00879301698548217,7.0000000000000435,44,2017
2017-11-20,0.00879155151551986,7.0000000000001,41,2017
2017-11-21,0.008810257433427086,6.999999999999999,40,2017
2017-11-22,0.008799564161437439,6.9999999999999964,39,2017
2017-11-23,0.008788707210950734,6.999999999999992,38,2017
2017-11-24,0.008817904539345441,7.0000000000000675,37,2017
2017-11-27,0.008825466717596176,7.0000000000000355,34,2017
2017-11-28,0.00884738486388897,7.000000000000039,33,2017
2017-11-29,0.008886398322834398,7.000000000000043,32,2017
2017-11-30,0.008912400505513712,7.000000000000026,31,2017
2017-12-01,0.008889844637451612,7.000000000000048,30,2017
2017-12-04,0.008918478020219419,7.000000000000092,27,2017
2017-12-05,0.008853548481035122,7.000000000000002,26,2017
2017-12-06,0.008913783682306248,7.0000000000000355,25,2017
2017-12-07,0.00889461406964686,7.00000000000002,24,2017
2017-12-08,0.008862715170771434,7.00000000000002,23,2017
2017-12-11,0.008846225564126382,7.000000000000085,20,2017
2017-12-12,0.008842460346471325,6.99999999999997,19,2017
2017-12-13,0.008879181149381467,7.0000000000000355,18,2017
2017-12-14,0.008913874379507263,7.000000000000028,17,2017
2017-12-15,0.008941141104288862,7.0000000000000355,16,2017
2017-12-18,,,13,2017
2017-12-19,,,12,2017
2017-12-20,,,11,2017
2017-12-21,,,10,2017
2017-12-22,,,9,2017
2017-12-25,,,6,2017
2017-12-26,,,5,2017
2017-12-27,,,4,2017
2017-12-28,,,3,2017
2017-12-29,,,2,2017
2018-01-01,,,364,2018
2018-01-02,,,363,2018
2018-01-03,,,362,2018
2018-01-04,,,361,2018
2018-01-05,,,360,2018
2018-01-08,,,357,2018
2018-01-09,,,356,2018
2018-01-10,,,355,2018
2018-01-11,,,354,2018
2018-01-12,,,353,2018
2018-01-15,,,350,2018
2018-01-16,,,349,2018
2018-01-17,,,348,2018
2018-01-18,,,347,2018
2018-01-19,,,346,2018
2018-01-22,,,343,2018
2018-01-23,,,342,2018
2018-01-24,,,341,2018
2018-01-25,,,340,2018
2018-01-26,,,339,2018
2018-01-29,,,336,2018
2018-01-30,,,335,2018
2018-01-31,,,334,2018
2018-02-01,,,333,2018
2018-02-02,,,332,2018
2018-02-05,,,329,2018
2018-02-06,,,328,2018
2018-02-07,,,327,2018
2018-02-08,,,326,2018
2018-02-09,,,325,2018
2018-02-12,,,322,2018
2018-02-13,,,321,2018
2018-02-14,,,320,2018
2018-02-15,,,319,2018
2018-02-16,,,318,2018
2018-02-19,,,315,2018
2018-02-20,,,314,2018
2018-02-21,,,313,2018
2018-02-22,,,312,2018
2018-02-23,,,311,2018
2018-02-26,,,308,2018
2018-02-27,,,307,2018
2018-02-28,,,306,2018
2018-03-01,,,305,2018
2018-03-02,,,304,2018
2018-03-05,,,301,2018
2018-03-06,,,300,2018
2018-03-07,,,299,2018
2018-03-08,,,298,2018
2018-03-09,,,297,2018
2018-03-12,,,294,2018
2018-03-13,,,293,2018
2018-03-14,,,292,2018
2018-03-15,,,291,2018
2018-03-16,,,290,2018
2018-03-19,,,287,2018
2018-03-20,,,286,2018
2018-03-21,,,285,2018
2018-03-22,,,284,2018
2018-03-23,,,283,2018
2018-03-26,,,280,2018
2018-03-27,,,279,2018
2018-03-28,,,278,2018
2018-03-29,,,277,2018
2018-03-30,,,276,2018
2018-04-02,,,273,2018
2018-04-03,0.009143978833250608,7.000000000000011,272,2018
2018-04-04,0.009088138569392884,7.00000000000011,271,2018
2018-04-05,0.009085010692602724,6.9999999999999005,270,2018
2018-04-06,0.009111520638485889,6.999999999999922,269,2018
2018-04-09,0.009212415446290543,6.999999999999861,266,2018
2018-04-10,0.009245273081352614,7.0000000000000835,265,2018
2018-04-11,0.009236845651438586,6.999999999999844,264,2018
2018-04-12,0.00914895622152151,6.9999999999999645,263,2018
2018-04-13,0.00909022375514632,7.000000000000008,262,2018
2018-04-16,0.009112977530334774,7.0000000000000435,259,2018
2018-04-17,0.009123229169659948,6.999999999999782,258,2018
2018-04-18,0.00914166525450191,7.000000000000127,257,2018
2018-04-19,0.009154665072330486,7.000000000000176,256,2018
2018-04-20,0.00914408308235142,7.0000000000000115,255,2018
2018-04-23,0.009163780529691095,6.999999999999949,252,2018
2018-04-24,0.00909808825895876,6.999999999999962,251,2018
2018-04-25,0.009107976604746965,6.999999999999798,250,2018
2018-04-26,0.009085659177218406,6.999999999999855,249,2018
2018-04-27,0.00908477585727243,6.999999999999777,248,2018
2018-04-30,0.009079787593252136,6.999999999999964,245,2018
2018-05-01,0.009102565049729297,6.999999999999981,244,2018
2018-05-02,0.009063240131790922,6.9999999999999645,243,2018
2018-05-03,0.009068069071036921,6.999999999999917,242,2018
2018-05-04,0.009128755392722314,7.000000000000019,241,2018
2018-05-07,0.009142828482835994,6.999999999999932,238,2018
2018-05-08,0.009066328859742652,7.000000000000026,237,2018
2018-05-09,0.009120399571230668,6.9999999999998685,236,2018
2018-05-10,0.009079495144429201,6.99999999999987,235,2018
2018-05-11,0.009069842973728223,6.999999999999947,234,2018
2018-05-14,0.009091368243004268,6.999999999999973,231,2018
2018-05-15,0.009088386366942702,7.000000000000103,230,2018
2018-05-16,0.009047021663148053,6.9999999999998535,229,2018
2018-05-17,0.009011207244196299,6.999999999999984,228,2018
2018-05-18,0.00904149856968872,6.999999999999849,227,2018
2018-05-21,0.00900913528897266,7.000000000000036,224,2018
2018-05-22,0.009037878487531705,7.000000000000087,223,2018
2018-05-23,0.00904076588424571,6.999999999999932,222,2018
2018-05-24,0.009046338446444185,6.999999999999947,221,2018
2018-05-25,0.00900856475529898,6.999999999999805,220,2018
2018-05-28,0.009047619788158545,6.999999999999976,217,2018
2018-05-29,0.009074770452805043,6.999999999999995,216,2018
2018-05-30,0.00912640040855678,6.999999999999897,215,2018
2018-05-31,0.009096792372005688,7.0000000000000435,214,2018
2018-06-01,0.009058392761186487,6.999999999999836,213,2018
2018-06-04,0.009097283911055264,7.000000000000103,210,2018
2018-06-05,0.009024670393708838,6.999999999999897,209,2018
2018-06-06,0.008993540807741686,6.999999999999611,208,2018
2018-06-07,0.008936444110893666,6.999999999999962,207,2018
2018-06-08,0.008924967643138236,6.99999999999995,206,2018
2018-06-11,0.008927915161646314,6.999999999999878,203,2018
2018-06-12,0.008932057863854688,7.0000000000000435,202,2018
2018-06-13,0.008921723300863818,6.999999999999994,201,2018
2018-06-14,0.008907281768735252,6.999999999999871,200,2018
2018-06-15,0.008940744304534483,6.999999999999935,199,2018
2018-06-18,0.008889974840441175,7.000000000000019,196,2018
2018-06-19,0.00882535985769701,6.999999999999893,195,2018
2018-06-20,0.008800222035778828,6.999999999999733,194,2018
2018-06-21,0.008894699378039434,6.999999999999948,193,2018
2018-06-22,0.008858863009359192,7.000000000000062,192,2018
2018-06-25,0.008941152527414143,6.999999999999859,189,2018
2018-06-26,0.008927977445861187,6.999999999999796,188,2018
2018-06-27,0.008963114878384406,6.999999999999917,187,2018
2018-06-28,0.008961719337381553,6.999999999999959,186,2018
2018-06-29,0.008949173239667698,6.9999999999999325,185,2018
2018-07-02,0.008932829776133583,6.999999999999982,182,2018
2018-07-03,0.008953890721652756,6.999999999999989,181,2018
2018-07-04,0.008920551895369498,6.99999999999995,180,2018
2018-07-05,0.008942214819349176,6.999999999999903,179,2018
2018-07-06,0.008900744258481249,6.999999999999966,178,2018
2018-07-09,0.008873458717876809,7.0000000000000036,175,2018
2018-07-10,0.008915166530645908,6.9999999999999565,174,2018
2018-07-11,0.008911020944311634,6.999999999999981,173,2018
2018-07-12,0.008938975862573936,6.99999999999991,172,2018
2018-07-13,0.008954120355316661,6.999999999999969,171,2018
2018-07-16,0.008928129678833161,6.9999999999999885,168,2018
2018-07-17,0.008873380162098056,6.99999999999996,167,2018
2018-07-18,0.008864722979577633,7.000000000000052,166,2018
2018-07-19,0.00888009822815264,6.999999999999976,165,2018
2018-07-20,0.008889917553482223,6.999999999999987,164,2018
2018-07-23,0.008902691027317541,6.999999999999992,161,2018
2018-07-24,0.00893145180114908,7.000000000000065,160,2018
2018-07-25,0.008963441732485082,6.999999999999902,159,2018
2018-07-26,0.0089760557696277,7.000000000000041,158,2018
2018-07-27,0.009000689472509477,6.99999999999996,157,2018
2018-07-30,0.009024418148374012,6.999999999999995,154,2018
2018-07-31,0.009028642249245529,6.999999999999903,153,2018
2018-08-01,0.009017380711272975,6.99999999999996,152,2018
2018-08-02,0.009024442332475728,6.9999999999999645,151,2018
2018-08-03,0.008999514140317529,7.000000000000008,150,2018
2018-08-06,0.009004222015208627,7.000000000000031,147,2018
2018-08-07,0.009040626052441839,7.000000000000019,146,2018
2018-08-08,0.009053096899650722,6.999999999999954,145,2018
2018-08-09,0.009009533873139164,7.000000000000041,144,2018
2018-08-10,0.009043370202011528,6.999999999999999,143,2018
2018-08-13,0.00903777721188928,7.000000000000056,140,2018
2018-08-14,0.009049631987535242,7.000000000000117,139,2018
2018-08-15,0.009032750163921377,7.000000000000018,138,2018
2018-08-16,0.009043627426466437,7.000000000000139,137,2018
2018-08-17,0.00903557951375337,7.000000000000009,136,2018
2018-08-20,0.009042679345747009,6.999999999999991,133,2018
2018-08-21,0.00906683863466745,6.999999999999969,132,2018
2018-08-22,0.009101431562524145,6.999999999999876,131,2018
2018-08-23,0.009079698417053904,6.999999999999998,130,2018
2018-08-24,0.0090850613031029,7.000000000000038,129,2018
2018-08-27,0.009098549579175587,7.0000000000000115,126,2018
2018-08-28,0.00913801996848352,6.999999999999952,125,2018
2018-08-29,0.00916692788547287,6.9999999999999885,124,2018
2018-08-30,0.009117124823483806,6.999999999999952,123,2018
2018-08-31,0.00908160838701524,6.9999999999999005,122,2018
2018-09-03,0.009121825961827083,6.999999999999982,119,2018
2018-09-04,0.009064646250834087,6.999999999999954,118,2018
2018-09-05,0.009073727449716481,7.000000000000002,117,2018
2018-09-06,0.009015732299319476,7.000000000000055,116,2018
2018-09-07,0.009048832266653968,7.00000000000011,115,2018
2018-09-10,0.009038929426736673,7.000000000000078,112,2018
2018-09-11,0.008995450893691916,7.000000000000036,111,2018
2018-09-12,0.008965265524453982,7.00000000000011,110,2018
2018-09-13,0.009003952854720597,6.9999999999999885,109,2018
2018-09-14,0.009011339131964185,7.000000000000039,108,2018
2018-09-17,0.008952471535687997,7.0000000000000995,105,2018
2018-09-18,0.00893305492685676,6.999999999999991,104,2018
2018-09-19,0.00893228315591487,7.000000000000055,103,2018
2018-09-20,0.008947232548347358,7.000000000000048,102,2018
2018-09-21,0.008884771668841857,7.000000000000019,101,2018
2018-09-24,0.008938889970125881,7.000000000000134,98,2018
2018-09-25,0.00896470222945985,7.00000000000007,97,2018
2018-09-26,0.00896495097322285,7.000000000000109,96,2018
2018-09-27,0.00894088035567962,7.000000000000062,95,2018
2018-09-28,0.009015437878002651,7.000000000000008,94,2018
2018-10-01,0.008912357651501366,7.000000000000095,91,2018
2018-10-02,0.008916096848989254,6.9999999999999964,90,2018
2018-10-03,0.008880571624056293,7.000000000000028,89,2018
2018-10-04,0.008842326009608749,7.000000000000093,88,2018
2018-10-05,0.008853136848417256,7.000000000000058,87,2018
2018-10-08,0.00880010875084777,7.000000000000046,84,2018
2018-10-09,0.00884847189593824,7.000000000000058,83,2018
2018-10-10,0.008848965337175194,7.000000000000036,82,2018
2018-10-11,0.008821518339366976,7.00000000000007,81,2018
2018-10-12,0.008775090912495414,7.00000000000007,80,2018
2018-10-15,0.008788262333411788,7.000000000000093,77,2018
2018-10-16,0.008795421253201138,7.000000000000141,76,2018
2018-10-17,0.008866927895461646,7.000000000000077,75,2018
2018-10-18,0.008834961335726619,7.000000000000051,74,2018
2018-10-19,0.008798364710756275,7.000000000000014,73,2018
2018-10-22,0.008810979843090259,7.000000000000048,70,2018
2018-10-23,0.008816844632582265,6.9999999999999645,69,2018
2018-10-24,0.00879058386617366,7.000000000000062,68,2018
2018-10-25,0.008840347181758879,7.000000000000091,67,2018
2018-10-26,0.008886030527187113,7.000000000000031,66,2018
2018-10-29,0.00888592714860214,7.000000000000014,63,2018
2018-10-30,0.008908904137873168,7.000000000000062,62,2018
2018-10-31,0.008881728487238817,7.000000000000038,61,2018
2018-11-01,0.008863968803030184,7.000000000000122,60,2018
2018-11-02,0.008775405781283552,7.000000000000172,59,2018
2018-11-05,0.008769248733130189,6.999999999999986,56,2018
2018-11-06,0.008725082590880838,7.000000000000055,55,2018
2018-11-07,0.008713260178304573,7.0000000000001075,54,2018
2018-11-08,0.008701087031151094,7.000000000000062,53,2018
2018-11-09,0.008709311827323254,7.000000000000019,52,2018
2018-11-12,0.008671904783290588,6.999999999999969,49,2018
2018-11-13,0.008682667530884473,7.000000000000009,48,2018
2018-11-14,0.008630887470179236,7.000000000000117,47,2018
2018-11-15,0.008649929795651354,7.000000000000202,46,2018
2018-11-16,0.008659200188566791,7.000000000000002,45,2018
2018-11-19,0.008636384949213458,7.000000000000154,42,2018
2018-11-20,0.008593781529522187,7.000000000000147,41,2018
2018-11-21,0.008647292828736738,7.000000000000077,40,2018
2018-11-22,0.008660271827532413,7.00000000000006,39,2018
2018-11-23,0.008617559299787945,7.000000000000033,38,2018
2018-11-26,0.008555602825620756,7.00000000000006,35,2018
2018-11-27,0.008541471663955602,7.000000000000124,34,2018
2018-11-28,0.008549800365274864,7.00000000000017,33,2018
2018-11-29,0.008580227650118864,7.000000000000033,32,2018
2018-11-30,0.008592266017471496,7.000000000000075,31,2018
2018-12-03,0.008607338909692779,7.000000000000071,28,2018
2018-12-04,0.00859371596318942,6.999999999999964,27,2018
2018-12-05,0.008604276493359509,7.000000000000027,26,2018
2018-12-06,0.008639172388125877,7.000000000000051,25,2018
2018-12-07,0.008649085359877148,7.000000000000171,24,2018
2018-12-10,0.008605757892434266,7.000000000000152,21,2018
2018-12-11,0.008583920910462306,7.000000000000152,20,2018
2018-12-12,0.008588649717601824,7.000000000000132,19,2018
2018-12-13,0.008529720508105252,7.000000000000071,18,2018
2018-12-14,0.008590055162804124,7.0000000000000355,17,2018
2018-12-17,0.00857697056216429,7.000000000000139,14,2018
2018-12-18,,,13,2018
2018-12-19,,,12,2018
2018-12-20,,,11,2018
2018-12-21,,,10,2018
2018-12-24,,,7,2018
2018-12-25,,,6,2018
2018-12-26,,,5,2018
2018-12-27,,,4,2018
2018-12-28,,,3,2018
2018-12-31,,,0,2018
2019-01-01,,,364,2019
2019-01-02,,,363,2019
2019-01-03,,,362,2019
2019-01-04,,,361,2019
2019-01-07,,,358,2019
2019-01-08,,,357,2019
2019-01-09,,,356,2019
2019-01-10,,,355,2019
2019-01-11,,,354,2019
2019-01-14,,,351,2019
2019-01-15,,,350,2019
2019-01-16,,,349,2019
2019-01-17,,,348,2019
2019-01-18,,,347,2019
2019-01-21,,,344,2019
2019-01-22,,,343,2019
2019-01-23,,,342,2019
2019-01-24,,,341,2019
2019-01-25,,,340,2019
2019-01-28,,,337,2019
2019-01-29,,,336,2019
2019-01-30,,,335,2019
2019-01-31,,,334,2019
2019-02-01,,,333,2019
2019-02-04,,,330,2019
2019-02-05,,,329,2019
2019-02-06,,,328,2019
2019-02-07,,,327,2019
2019-02-08,,,326,2019
2019-02-11,,,323,2019
2019-02-12,,,322,2019
2019-02-13,,,321,2019
2019-02-14,,,320,2019
2019-02-15,,,319,2019
2019-02-18,,,316,2019
2019-02-19,,,315,2019
2019-02-20,,,314,2019
2019-02-21,,,313,2019
2019-02-22,,,312,2019
2019-02-25,,,309,2019
2019-02-26,,,308,2019
2019-02-27,,,307,2019
2019-02-28,,,306,2019
2019-03-01,,,305,2019
2019-03-04,,,302,2019
2019-03-05,,,301,2019
2019-03-06,,,300,2019
2019-03-07,,,299,2019
2019-03-08,,,298,2019
2019-03-11,,,295,2019
2019-03-12,,,294,2019
2019-03-13,,,293,2019
2019-03-14,,,292,2019
2019-03-15,,,291,2019
2019-03-18,,,288,2019
2019-03-19,,,287,2019
2019-03-20,,,286,2019
2019-03-21,,,285,2019
2019-03-22,,,284,2019
2019-03-25,,,281,2019
2019-03-26,,,280,2019
2019-03-27,,,279,2019
2019-03-28,,,278,2019
2019-03-29,,,277,2019
2019-04-01,,,274,2019
2019-04-02,,,273,2019
2019-04-03,0.00902208479636241,6.999999999999916,272,2019
2019-04-04,0.009061683542153733,6.999999999999893,271,2019
2019-04-05,0.00911712185652949,6.999999999999834,270,2019
2019-04-08,0.009139057222591875,6.999999999999916,267,2019
2019-04-09,0.009170749756992136,7.000000000000001,266,2019
2019-04-10,0.009067947634687653,7.000000000000021,265,2019
2019-04-11,0.009042054911850481,6.999999999999898,264,2019
2019-04-12,0.009066650998837817,6.999999999999947,263,2019
2019-04-15,0.0090242606859224,6.999999999999834,260,2019
2019-04-16,0.008941686068998199,6.999999999999957,259,2019
2019-04-17,0.008973634918180167,7.000000000000004,258,2019
2019-04-18,0.009040027980628513,7.000000000000018,257,2019
2019-04-19,0.009040576230347652,6.999999999999848,256,2019
2019-04-22,0.00906856095547109,6.999999999999916,253,2019
2019-04-23,0.009034726212267068,6.999999999999938,252,2019
2019-04-24,0.009083116931137107,6.999999999999902,251,2019
2019-04-25,0.009065655602084272,6.999999999999903,250,2019
2019-04-26,0.009067919895432857,6.99999999999991,249,2019
2019-04-29,0.009082596591761699,6.999999999999959,246,2019
2019-04-30,0.009100160948745476,7.000000000000066,245,2019
2019-05-01,0.009106416798194319,6.999999999999851,244,2019
2019-05-02,0.009108254558470953,6.9999999999999645,243,2019
2019-05-03,0.00908942801836,6.999999999999989,242,2019
2019-05-06,0.009088154257180998,6.999999999999912,239,2019
2019-05-07,0.009111621362766645,6.999999999999941,238,2019
2019-05-08,0.009125932579342756,6.99999999999993,237,2019
2019-05-09,0.009072444112850754,6.9999999999999325,236,2019
2019-05-10,0.009082563252400352,7.000000000000004,235,2019
2019-05-13,0.009088204206160095,6.999999999999773,232,2019
2019-05-14,0.009059558716276457,6.999999999999772,231,2019
2019-05-15,0.009030665834085566,6.999999999999916,230,2019
2019-05-16,0.009039334071988208,6.999999999999927,229,2019
2019-05-17,0.00904143900776513,6.9999999999998135,228,2019
2019-05-20,0.00903632925287186,7.000000000000002,225,2019
2019-05-21,0.009025645348980496,6.999999999999969,224,2019
2019-05-22,0.008958066056258387,6.99999999999993,223,2019
2019-05-23,0.009008530507424724,6.999999999999973,222,2019
2019-05-24,0.00906082312044609,6.99999999999992,221,2019
2019-05-27,0.009019773807167246,6.999999999999863,218,2019
2019-05-28,0.008989429857334095,7.000000000000009,217,2019
2019-05-29,0.008973773530424889,6.99999999999988,216,2019
2019-05-30,0.00904470702127793,7.000000000000208,215,2019
2019-05-31,0.009011522584540459,7.000000000000058,214,2019
2019-06-03,0.008991193797627618,6.999999999999995,211,2019
2019-06-04,0.008970180668043932,6.999999999999814,210,2019
2019-06-05,0.008973179612212319,6.999999999999903,209,2019
2019-06-06,0.008997421221626216,7.000000000000103,208,2019
2019-06-07,0.008975711174740199,6.999999999999772,207,2019
2019-06-10,0.009035232812828614,6.9999999999999,204,2019
2019-06-11,0.009043670947207122,7.000000000000024,203,2019
2019-06-12,0.009059857973130293,6.999999999999858,202,2019
2019-06-13,0.009080721994616027,7.000000000000152,201,2019
2019-06-14,0.009034851659556427,6.999999999999851,200,2019
2019-06-17,0.009019292221049269,7.000000000000059,197,2019
2019-06-18,0.009031362176653616,6.99999999999987,196,2019
2019-06-19,0.009038619220643833,6.999999999999772,195,2019
2019-06-20,0.008978996297642107,6.99999999999989,194,2019
2019-06-21,0.008960061493458491,6.99999999999991,193,2019
2019-06-24,0.00901024036802635,6.999999999999937,190,2019
2019-06-25,0.0090337985098387,6.999999999999697,189,2019
2019-06-26,0.009064881778268743,6.999999999999875,188,2019
2019-06-27,0.009056941657136032,6.999999999999973,187,2019
2019-06-28,0.009047413778222943,7.000000000000068,186,2019
2019-07-01,0.009010848340834465,6.999999999999984,183,2019
2019-07-02,0.008982718613133472,6.999999999999843,182,2019
2019-07-03,0.008992329088873326,7.00000000000006,181,2019
2019-07-04,0.009009248583509388,6.999999999999932,180,2019
2019-07-05,0.008982495241296186,6.9999999999999325,179,2019
2019-07-08,0.008981976486798424,6.999999999999995,176,2019
2019-07-09,0.0089639580413879,7.000000000000001,175,2019
2019-07-10,0.009027804848735211,7.0000000000000675,174,2019
2019-07-11,0.009011406378291087,6.999999999999964,173,2019
2019-07-12,0.009058967862159,6.99999999999991,172,2019
2019-07-15,0.009046536956932227,6.999999999999865,169,2019
2019-07-16,0.009090352093546137,7.000000000000009,168,2019
2019-07-17,0.00910826956802154,7.000000000000014,167,2019
2019-07-18,0.009122423171446818,6.9999999999998845,166,2019
2019-07-19,0.009125962414546534,7.0000000000000435,165,2019
2019-07-22,0.009136434689633113,7.000000000000004,162,2019
2019-07-23,0.009134303819754308,7.000000000000142,161,2019
2019-07-24,0.009101588829800387,6.999999999999906,160,2019
2019-07-25,0.009101309420826223,7.0000000000001,159,2019
2019-07-26,0.009098261139586106,7.00000000000006,158,2019
2019-07-29,0.00912307158659712,7.000000000000041,155,2019
2019-07-30,0.009194437756133562,6.999999999999877,154,2019
2019-07-31,0.009262100520822004,7.000000000000122,153,2019
2019-08-01,0.009239515871569147,6.999999999999893,152,2019
2019-08-02,0.009222508916515104,6.999999999999984,151,2019
2019-08-05,0.009196724846082211,7.000000000000062,148,2019
2019-08-06,0.009192823285784153,6.999999999999999,147,2019
2019-08-07,0.009178631461567345,6.999999999999969,146,2019
2019-08-08,0.009190744998921944,7.000000000000048,145,2019
2019-08-09,0.009216650869607676,6.999999999999999,144,2019
2019-08-12,0.009189789365450106,6.999999999999989,141,2019
2019-08-13,0.009178200418243944,7.000000000000026,140,2019
2019-08-14,0.00916912491380434,7.000000000000043,139,2019
2019-08-15,0.009204290722084908,7.000000000000122,138,2019
2019-08-16,0.009210491129710011,7.00000000000011,137,2019
2019-08-19,0.00922368359450317,7.000000000000023,134,2019
2019-08-20,0.009289583695649695,7.0000000000001465,133,2019
2019-08-21,0.009293306451113821,7.000000000000209,132,2019
2019-08-22,0.009333004476418296,6.999999999999866,131,2019
2019-08-23,0.009326595024415792,6.9999999999999005,130,2019
2019-08-26,0.009288070952483954,6.99999999999996,127,2019
2019-08-27,0.009295257082097884,6.9999999999999565,126,2019
2019-08-28,0.009379756180257588,6.999999999999938,125,2019
2019-08-29,0.009396926784016294,7.000000000000008,124,2019
2019-08-30,0.009374154845538562,7.0000000000000115,123,2019
2019-09-02,0.009395459955951896,6.999999999999959,120,2019
2019-09-03,0.009377087515652801,7.000000000000139,119,2019
2019-09-04,0.009408181141967788,7.0000000000000675,118,2019
2019-09-05,0.00935850423561059,7.000000000000119,117,2019
2019-09-06,0.009294253235587533,7.000000000000002,116,2019
2019-09-09,0.009311042434623931,7.000000000000051,113,2019
2019-09-10,0.009394162304372984,7.000000000000127,112,2019
2019-09-11,0.00936205922907568,7.000000000000028,111,2019
2019-09-12,0.009364367921938736,7.000000000000075,110,2019
2019-09-13,0.009364674864945582,7.0000000000000675,109,2019
2019-09-16,0.009309414546527475,7.000000000000018,106,2019
2019-09-17,0.009297150604905127,7.00000000000011,105,2019
2019-09-18,0.009325764710217193,7.000000000000062,104,2019
2019-09-19,0.009319596368368644,6.99999999999993,103,2019
2019-09-20,0.009294312600853219,6.999999999999992,102,2019
2019-09-23,0.009372753944248706,7.0000000000000995,99,2019
2019-09-24,0.009383912592414348,7.000000000000031,98,2019
2019-09-25,0.009371178774964708,7.00000000000009,97,2019
2019-09-26,0.009324024473434285,7.000000000000098,96,2019
2019-09-27,0.009353766287333377,7.000000000000006,95,2019
2019-09-30,0.009272428502073366,7.000000000000083,92,2019
2019-10-01,0.009232028359779921,7.000000000000071,91,2019
2019-10-02,0.009292717157639725,7.000000000000011,90,2019
2019-10-03,0.009269025992578318,7.00000000000012,89,2019
2019-10-04,0.009288649890280899,7.000000000000052,88,2019
2019-10-07,0.009297370852564532,7.000000000000073,85,2019
2019-10-08,0.009322773772984481,7.0000000000001465,84,2019
2019-10-09,0.009283413517622201,7.000000000000137,83,2019
2019-10-10,0.00930895331644762,7.000000000000053,82,2019
2019-10-11,0.009220506493760322,7.000000000000033,81,2019
2019-10-14,0.00921980662235893,7.000000000000033,78,2019
2019-10-15,0.00923882558707241,7.00000000000011,77,2019
2019-10-16,0.009195859330252607,7.0000000000001465,76,2019
2019-10-17,0.00919588541519869,7.000000000000031,75,2019
2019-10-18,0.009229637891855475,7.000000000000088,74,2019
2019-10-21,0.009275683618819601,7.000000000000065,71,2019
2019-10-22,0.009289461433589465,7.000000000000102,70,2019
2019-10-23,0.009249847848935157,7.000000000000071,69,2019
2019-10-24,0.009243819362653215,7.00000000000003,68,2019
2019-10-25,0.009139602292389588,7.000000000000014,67,2019
2019-10-28,0.009122174723671165,7.0000000000001075,64,2019
2019-10-29,0.009051323219343233,7.000000000000058,63,2019
2019-10-30,0.009085995946986064,7.000000000000163,62,2019
2019-10-31,0.009113984333806249,7.000000000000176,61,2019
2019-11-01,0.009153933388384838,7.000000000000123,60,2019
2019-11-04,0.009135609770555459,7.000000000000127,57,2019
2019-11-05,0.00912013206724205,7.000000000000117,56,2019
2019-11-06,0.009142110274059666,7.0000000000001,55,2019
2019-11-07,0.009134742978681129,7.000000000000034,54,2019
2019-11-08,0.009082866868017327,7.000000000000039,53,2019
2019-11-11,0.009088683625036651,7.000000000000009,50,2019
2019-11-12,0.00908301217854836,7.0000000000000995,49,2019
2019-11-13,0.009138027124216167,7.0000000000000355,48,2019
2019-11-14,0.009079343753319577,7.000000000000088,47,2019
2019-11-15,0.009077352340340041,7.000000000000088,46,2019
2019-11-18,0.009032524495132121,7.000000000000191,43,2019
2019-11-19,0.009030574660149972,7.000000000000117,42,2019
2019-11-20,0.009031171708836773,7.000000000000117,41,2019
2019-11-21,0.00910610683258903,7.000000000000045,40,2019
2019-11-22,0.009124729973005005,7.000000000000051,39,2019
2019-11-25,0.00915959080147448,7.000000000000186,36,2019
2019-11-26,0.009110151070445615,7.000000000000026,35,2019
2019-11-27,0.009072972264603286,7.000000000000123,34,2019
2019-11-28,0.00912850776648545,7.00000000000012,33,2019
2019-11-29,0.009120886908583868,7.000000000000021,32,2019
2019-12-02,0.009113690635183103,7.000000000000199,29,2019
2019-12-03,0.009055921039357264,7.000000000000058,28,2019
2019-12-04,0.009106108193088689,7.000000000000189,27,2019
2019-12-05,0.00904940932846489,7.0000000000001865,26,2019
2019-12-06,0.009033049881677389,7.000000000000112,25,2019
2019-12-09,0.009025508187081048,7.0000000000001,22,2019
2019-12-10,0.00900478083354655,7.00000000000008,21,2019
2019-12-11,0.009022806277073093,7.000000000000105,20,2019
2019-12-12,0.009091300936794968,7.000000000000199,19,2019
2019-12-13,0.00907517167822934,7.000000000000014,18,2019
2019-12-16,0.009064055013185156,7.000000000000127,15,2019
2019-12-17,0.009103423444738223,7.000000000000078,14,2019
2019-12-18,,,13,2019
2019-12-19,,,12,2019
2019-12-20,,,11,2019
2019-12-23,,,8,2019
2019-12-24,,,7,2019
2019-12-25,,,6,2019
2019-12-26,,,5,2019
2019-12-27,,,4,2019
2019-12-30,,,1,2019
2019-12-31,,,0,2019
2020-01-01,,,365,2020
2020-01-02,,,364,2020
2020-01-03,,,363,2020
2020-01-06,,,360,2020
2020-01-07,,,359,2020
2020-01-08,,,358,2020
2020-01-09,,,357,2020
2020-01-10,,,356,2020
2020-01-13,,,353,2020
2020-01-14,,,352,2020
2020-01-15,,,351,2020
2020-01-16,,,350,2020
2020-01-17,,,349,2020
2020-01-20,,,346,2020
2020-01-21,,,345,2020
2020-01-22,,,344,2020
2020-01-23,,,343,2020
2020-01-24,,,342,2020
2020-01-27,,,339,2020
2020-01-28,,,338,2020
2020-01-29,,,337,2020
2020-01-30,,,336,2020
2020-01-31,,,335,2020
2020-02-03,,,332,2020
2020-02-04,,,331,2020
2020-02-05,,,330,2020
2020-02-06,,,329,2020
2020-02-07,,,328,2020
2020-02-10,,,325,2020
2020-02-11,,,324,2020
2020-02-12,,,323,2020
2020-02-13,,,322,2020
2020-02-14,,,321,2020
2020-02-17,,,318,2020
2020-02-18,,,317,2020
2020-02-19,,,316,2020
2020-02-20,,,315,2020
2020-02-21,,,314,2020
2020-02-24,,,311,2020
2020-02-25,,,310,2020
2020-02-26,,,309,2020
2020-02-27,,,308,2020
2020-02-28,,,307,2020
2020-03-02,,,304,2020
2020-03-03,,,303,2020
2020-03-04,,,302,2020
2020-03-05,,,301,2020
2020-03-06,,,300,2020
2020-03-09,,,297,2020
2020-03-10,,,296,2020
2020-03-11,,,295,2020
2020-03-12,,,294,2020
2020-03-13,,,293,2020
2020-03-16,,,290,2020
2020-03-17,,,289,2020
2020-03-18,,,288,2020
2020-03-19,,,287,2020
2020-03-20,,,286,2020
2020-03-23,,,283,2020
2020-03-24,,,282,2020
2020-03-25,,,281,2020
2020-03-26,,,280,2020
2020-03-27,,,279,2020
2020-03-30,,,276,2020
2020-03-31,,,275,2020
2020-04-01,,,274,2020
2020-04-02,,,273,2020
2020-04-03,0.008981121852353797,6.9999999999999885,272,2020
2020-04-06,0.008949355704228246,6.9999999999997815,269,2020
2020-04-07,0.008948085995487918,6.999999999999986,268,2020
2020-04-08,0.00894672017927162,6.999999999999794,267,2020
2020-04-09,0.008978090543238783,7.000000000000055,266,2020
2020-04-10,0.009024603253106903,6.999999999999805,265,2020
2020-04-13,0.009023932588056716,6.999999999999989,262,2020
2020-04-14,0.00901185946211867,6.999999999999925,261,2020
2020-04-15,0.008999934698910406,6.9999999999999,260,2020
2020-04-16,0.008968538525444186,6.999999999999902,259,2020
2020-04-17,0.009020289833063234,6.9999999999997895,258,2020
2020-04-20,0.009028658268132468,7.0000000000001865,255,2020
2020-04-21,0.009004162592796872,6.9999999999998925,254,2020
2020-04-22,0.008966935769824212,6.999999999999707,253,2020
2020-04-23,0.008944525524819441,6.999999999999966,252,2020
2020-04-24,0.008988659706875604,6.999999999999816,251,2020
2020-04-27,0.008974169413794832,7.000000000000045,248,2020
2020-04-28,0.008998868583573225,6.999999999999858,247,2020
2020-04-29,0.008926515516519169,6.99999999999989,246,2020
2020-04-30,0.008948952122353748,7.000000000000139,245,2020
2020-05-01,0.008932135624468733,6.999999999999989,244,2020
2020-05-04,0.008949652163606325,7.000000000000038,241,2020
2020-05-05,0.008945958298773794,6.999999999999917,240,2020
2020-05-06,0.008974451138037007,7.000000000000075,239,2020
2020-05-07,0.009040391228560835,7.0000000000000355,238,2020
2020-05-08,0.009042740587852718,7.000000000000031,237,2020
2020-05-11,0.00901645860397001,7.00000000000008,234,2020
2020-05-12,0.009031163271104568,7.000000000000016,233,2020
2020-05-13,0.009070342541059389,6.999999999999925,232,2020
2020-05-14,0.00906242728135829,6.999999999999713,231,2020
2020-05-15,0.009002409818356085,6.999999999999972,230,2020
2020-05-18,0.008946701263232772,6.999999999999949,227,2020
2020-05-19,0.00892401763655027,7.000000000000018,226,2020
2020-05-20,0.008946033077812377,6.999999999999976,225,2020
2020-05-21,0.008925360742908025,6.999999999999848,224,2020
2020-05-22,0.008973008854986197,6.999999999999937,223,2020
2020-05-25,0.008955688935656207,6.999999999999859,220,2020
2020-05-26,0.008945294803773981,6.99999999999987,219,2020
2020-05-27,0.008900433303772898,7.000000000000036,218,2020
2020-05-28,0.00883830978077842,7.0000000000000675,217,2020
2020-05-29,0.008816279519336067,7.0000000000000115,216,2020
2020-06-01,0.008813860479965801,6.999999999999837,213,2020
2020-06-02,0.008838415215628736,7.000000000000001,212,2020
2020-06-03,0.00882538069383237,6.9999999999998845,211,2020
2020-06-04,0.008867669222081527,6.9999999999998685,210,2020
2020-06-05,0.008934892739172253,6.999999999999846,209,2020
2020-06-08,0.008958059683623286,7.000000000000026,206,2020
2020-06-09,0.008955356811104546,6.999999999999999,205,2020
2020-06-10,0.008981243119791375,7.0000000000000115,204,2020
2020-06-11,0.008983891744634128,6.999999999999995,203,2020
2020-06-12,0.00896801469481528,7.000000000000019,202,2020
2020-06-15,0.008929604443589452,7.000000000000077,199,2020
2020-06-16,0.008864358533898989,6.999999999999959,198,2020
2020-06-17,0.00886017770467364,6.999999999999937,197,2020
2020-06-18,0.008810559818105223,6.999999999999925,196,2020
2020-06-19,0.008880101252612509,6.999999999999757,195,2020
2020-06-22,0.00887329894803142,6.999999999999735,192,2020
2020-06-23,0.008886453223361502,6.99999999999989,191,2020
2020-06-24,0.008890101058425682,6.999999999999969,190,2020
2020-06-25,0.008896460864378557,7.000000000000091,189,2020
2020-06-26,0.008892318973381134,7.000000000000014,188,2020
2020-06-29,0.008877065970445122,6.999999999999937,185,2020
2020-06-30,0.008881985027342948,6.999999999999952,184,2020
2020-07-01,0.008889310675233034,6.999999999999826,183,2020
2020-07-02,0.008867047934174524,6.999999999999949,182,2020
2020-07-03,0.008857521650493258,7.00000000000011,181,2020
2020-07-06,0.008852062680814109,7.000000000000038,178,2020
2020-07-07,0.008863387519799645,6.999999999999916,177,2020
2020-07-08,0.00885395558815873,7.000000000000016,176,2020
2020-07-09,0.008819338998129946,7.000000000000049,175,2020
2020-07-10,0.008826083691913579,7.000000000000081,174,2020
2020-07-13,0.008856660297096152,6.999999999999913,171,2020
2020-07-14,0.008839476734543687,6.999999999999959,170,2020
2020-07-15,0.008833544061748695,7.000000000000039,169,2020
2020-07-16,0.008847765740514602,7.000000000000107,168,2020
2020-07-17,0.008823704952279604,7.000000000000091,167,2020
2020-07-20,0.008740429692011994,7.000000000000053,164,2020
2020-07-21,0.00871051493654788,6.999999999999966,163,2020
2020-07-22,0.008732965009669774,7.000000000000041,162,2020
2020-07-23,0.008735235194006461,6.9999999999999325,161,2020
2020-07-24,0.00867989966825285,6.999999999999986,160,2020
2020-07-27,0.008667355737470732,7.000000000000006,157,2020
2020-07-28,0.008648001799356837,6.999999999999989,156,2020
2020-07-29,0.008677373464001195,6.999999999999938,155,2020
2020-07-30,0.008628738051366668,7.000000000000002,154,2020
2020-07-31,0.00857270245626348,6.999999999999935,153,2020
2020-08-03,0.0085003136213282,7.000000000000033,150,2020
2020-08-04,0.008506676076897831,6.999999999999982,149,2020
2020-08-05,0.008494004040311476,6.9999999999999964,148,2020
2020-08-06,0.008439155257482503,7.000000000000014,147,2020
2020-08-07,0.008499192100759768,6.999999999999962,146,2020
2020-08-10,0.008402659486248246,6.99999999999995,143,2020
2020-08-11,0.008396148152329256,6.999999999999952,142,2020
2020-08-12,0.008428504136383174,6.999999999999973,141,2020
2020-08-13,0.008434012208936158,7.000000000000062,140,2020
2020-08-14,0.00846404942305052,7.000000000000009,139,2020
2020-08-17,0.008519796946379282,7.000000000000004,136,2020
2020-08-18,0.008529133234632027,7.000000000000056,135,2020
2020-08-19,0.00856685171003528,7.000000000000051,134,2020
2020-08-20,0.008573051535781416,6.999999999999964,133,2020
2020-08-21,0.008559582693717403,7.000000000000041,132,2020
2020-08-24,0.008505947091846728,6.999999999999998,129,2020
2020-08-25,0.008517667183764496,7.000000000000036,128,2020
2020-08-26,0.00854641730444272,7.0000000000000675,127,2020
2020-08-27,0.008532412414191622,7.0000000000000115,126,2020
2020-08-28,0.008538156276119072,7.000000000000019,125,2020
2020-08-31,0.008528228926533224,6.999999999999995,122,2020
2020-09-01,0.008520376164336357,7.000000000000049,121,2020
2020-09-02,0.008566243693913799,7.000000000000028,120,2020
2020-09-03,0.00858495846787631,7.000000000000088,119,2020
2020-09-04,0.00857540929558862,7.000000000000053,118,2020
2020-09-07,0.008612378585884761,7.00000000000002,115,2020
2020-09-08,0.008615777048037739,7.000000000000045,114,2020
2020-09-09,0.008576306920924606,7.000000000000062,113,2020
2020-09-10,0.008553731872364407,6.999999999999959,112,2020
2020-09-11,0.008600897538685745,7.000000000000091,111,2020
2020-09-14,0.008633539803786621,7.000000000000092,108,2020
2020-09-15,0.008572110963816274,6.9999999999999964,107,2020
2020-09-16,0.00851888953114099,7.000000000000102,106,2020
2020-09-17,0.00851017962648759,7.000000000000002,105,2020
2020-09-18,0.008530823103436629,7.000000000000014,104,2020
2020-09-21,0.008522930315589577,7.000000000000055,101,2020
2020-09-22,0.008525842077799736,7.0000000000001155,100,2020
2020-09-23,0.008575682263522188,7.000000000000013,99,2020
2020-09-24,0.008583421699299295,7.000000000000051,98,2020
2020-09-25,0.008625689766571052,7.000000000000088,97,2020
2020-09-28,0.008634247862757908,7.00000000000008,94,2020
2020-09-29,0.008581444664413088,7.000000000000051,93,2020
2020-09-30,0.008559728375563489,6.999999999999984,92,2020
2020-10-01,0.008574802055101804,7.000000000000073,91,2020
2020-10-02,0.008562077016150974,7.000000000000016,90,2020
2020-10-05,0.008563843242226286,7.0000000000000435,87,2020
2020-10-06,0.008558669897630811,7.000000000000018,86,2020
2020-10-07,0.008561944943807263,6.999999999999962,85,2020
2020-10-08,0.008526915273386252,7.000000000000088,84,2020
2020-10-09,0.008528099609991693,6.999999999999973,83,2020
2020-10-12,0.0085307360865421,6.999999999999986,80,2020
2020-10-13,0.00855276689340302,7.000000000000021,79,2020
2020-10-14,0.008544696606958445,7.000000000000028,78,2020
2020-10-15,0.008636989710583912,6.999999999999984,77,2020
2020-10-16,0.008617934235487651,7.0000000000000115,76,2020
2020-10-19,0.008600781288389344,7.000000000000021,73,2020
2020-10-20,0.008650412681825417,6.999999999999991,72,2020
2020-10-21,0.008612049452594162,6.999999999999992,71,2020
2020-10-22,0.008617971327208148,7.000000000000028,70,2020
2020-10-23,0.008594791586200004,7.000000000000071,69,2020
2020-10-26,0.008606428946550494,7.000000000000051,66,2020
2020-10-27,0.008636554041226338,7.000000000000055,65,2020
2020-10-28,0.008650886276927198,6.999999999999989,64,2020
2020-10-29,0.008678102674437294,7.000000000000014,63,2020
2020-10-30,0.008650914204876639,6.999999999999989,62,2020
2020-11-02,0.00858336212362768,6.999999999999998,59,2020
2020-11-03,0.008534914106014797,7.000000000000053,58,2020
2020-11-04,0.008523026049575088,7.000000000000021,57,2020
2020-11-05,0.008539995590886633,7.0000000000000435,56,2020
2020-11-06,0.008541991374579344,7.000000000000041,55,2020
2020-11-09,0.008637288631566264,7.000000000000103,52,2020
2020-11-10,0.008635113622836801,7.000000000000115,51,2020
2020-11-11,0.008668029968612058,7.000000000000039,50,2020
2020-11-12,0.00867129233378481,7.000000000000115,49,2020
2020-11-13,0.008677844880887313,7.000000000000062,48,2020
2020-11-16,0.008656198005029349,7.000000000000093,45,2020
2020-11-17,0.008601833791696213,7.000000000000053,44,2020
2020-11-18,0.008655185125340852,7.000000000000149,43,2020
2020-11-19,0.008639174158157296,7.000000000000105,42,2020
2020-11-20,0.008652185071900482,7.00000000000013,41,2020
2020-11-23,0.008655845734437189,7.000000000000119,38,2020
2020-11-24,0.008657954916084428,7.000000000000132,37,2020
2020-11-25,0.008645903418316326,7.000000000000154,36,2020
2020-11-26,0.008644951715566635,7.000000000000202,35,2020
2020-11-27,0.008652906864123806,6.999999999999998,34,2020
2020-11-30,0.008620797783546479,7.000000000000031,31,2020
2020-12-01,0.008642446259221876,7.000000000000002,30,2020
2020-12-02,0.008727695518205934,7.000000000000077,29,2020
2020-12-03,0.008687932651441386,6.999999999999964,28,2020
2020-12-04,0.008689683188570245,7.000000000000056,27,2020
2020-12-07,0.008646986511880686,7.000000000000053,24,2020
2020-12-08,0.00866575564564924,7.000000000000093,23,2020
2020-12-09,0.008636839975689632,7.000000000000093,22,2020
2020-12-10,0.008609922403275572,7.000000000000081,21,2020
2020-12-11,0.008598644889566272,7.000000000000046,20,2020
2020-12-14,0.008611019291893668,7.00000000000009,17,2020
2020-12-15,0.008613894750082533,7.000000000000199,16,2020
2020-12-16,0.008585733635773455,7.000000000000157,15,2020
2020-12-17,0.008579094196324355,6.999999999999992,14,2020
2020-12-18,,,13,2020
2020-12-21,,,10,2020
2020-12-22,,,9,2020
2020-12-23,,,8,2020
2020-12-24,,,7,2020
2020-12-25,,,6,2020
2020-12-28,,,3,2020
2020-12-29,,,2,2020
2020-12-30,,,1,2020
2020-12-31,,,0,2020
2021-01-01,,,364,2021
2021-01-04,,,361,2021
2021-01-05,,,360,2021
2021-01-06,,,359,2021
2021-01-07,,,358,2021
2021-01-08,,,357,2021
2021-01-11,,,354,2021
2021-01-12,,,353,2021
2021-01-13,,,352,2021
2021-01-14,,,351,2021
2021-01-15,,,350,2021
2021-01-18,,,347,2021
2021-01-19,,,346,2021
2021-01-20,,,345,2021
2021-01-21,,,344,2021
2021-01-22,,,343,2021
2021-01-25,,,340,2021
2021-01-26,,,339,2021
2021-01-27,,,338,2021
2021-01-28,,,337,2021
2021-01-29,,,336,2021
2021-02-01,,,333,2021
2021-02-02,,,332,2021
2021-02-03,,,331,2021
2021-02-04,,,330,2021
2021-02-05,,,329,2021
2021-02-08,,,326,2021
2021-02-09,,,325,2021
2021-02-10,,,324,2021
2021-02-11,,,323,2021
2021-02-12,,,322,2021
2021-02-15,,,319,2021
2021-02-16,,,318,2021
2021-02-17,,,317,2021
2021-02-18,,,316,2021
2021-02-19,,,315,2021
2021-02-22,,,312,2021
2021-02-23,,,311,2021
2021-02-24,,,310,2021
2021-02-25,,,309,2021
2021-02-26,,,308,2021
2021-03-01,,,305,2021
2021-03-02,,,304,2021
2021-03-03,,,303,2021
2021-03-04,,,302,2021
2021-03-05,,,301,2021
2021-03-08,,,298,2021
2021-03-09,,,297,2021
2021-03-10,,,296,2021
2021-03-11,,,295,2021
2021-03-12,,,294,2021
2021-03-15,,,291,2021
2021-03-16,,,290,2021
2021-03-17,,,289,2021
2021-03-18,,,288,2021
2021-03-19,,,287,2021
2021-03-22,,,284,2021
2021-03-23,,,283,2021
2021-03-24,,,282,2021
2021-03-25,,,281,2021
2021-03-26,,,280,2021
2021-03-29,,,277,2021
2021-03-30,,,276,2021
2021-03-31,,,275,2021
2021-04-01,,,274,2021
2021-04-02,,,273,2021
2021-04-05,0.008295115035677003,7.000000000000127,270,2021
2021-04-06,0.008340342190235772,6.999999999999973,269,2021
2021-04-07,0.008294921293074043,6.999999999999808,268,2021
2021-04-08,0.00825099223698252,7.000000000000048,267,2021
2021-04-09,0.00827768275236883,6.99999999999987,266,2021
2021-04-12,0.008291839181523887,6.99999999999989,263,2021
2021-04-13,0.008290002989432346,6.999999999999977,262,2021
2021-04-14,0.008264663775482184,6.999999999999957,261,2021
2021-04-15,0.00828653486620057,6.999999999999772,260,2021
2021-04-16,0.008232090807954267,7.000000000000095,259,2021
2021-04-19,0.008296402447988639,7.000000000000177,256,2021
2021-04-20,0.008266411548466206,6.999999999999848,255,2021
2021-04-21,0.008275210494728357,7.0000000000000675,254,2021
2021-04-22,0.008256450261997533,6.999999999999819,253,2021
2021-04-23,0.00830891468621251,6.999999999999913,252,2021
2021-04-26,0.008296137987072153,6.999999999999887,249,2021
2021-04-27,0.008321853673724185,6.9999999999999565,248,2021
2021-04-28,0.00833646940653445,6.99999999999989,247,2021
2021-04-29,0.008403213647211612,6.999999999999973,246,2021
2021-04-30,0.00840074881003037,7.000000000000026,245,2021
2021-05-03,0.00838218532618573,6.9999999999997815,242,2021
2021-05-04,0.008376690153788655,7.0000000000000355,241,2021
2021-05-05,0.008386635671368606,6.999999999999824,240,2021
2021-05-06,0.008343191548577255,6.999999999999989,239,2021
2021-05-07,0.00837305796845237,6.999999999999821,238,2021
2021-05-10,0.008307417124092279,6.999999999999916,235,2021
2021-05-11,0.008324419585909017,6.999999999999934,234,2021
2021-05-12,0.008337638722461918,6.9999999999998845,233,2021
2021-05-13,0.008341202675657865,6.999999999999982,232,2021
2021-05-14,0.00831547816773141,6.99999999999991,231,2021
2021-05-17,0.008310109668651838,6.99999999999991,228,2021
2021-05-18,0.008314949213591298,7.000000000000021,227,2021
2021-05-19,0.008375155149361454,6.9999999999999,226,2021
2021-05-20,0.00833694228587967,6.999999999999984,225,2021
2021-05-21,0.008349603051866212,6.999999999999846,224,2021
2021-05-24,0.008373687700084963,6.999999999999916,221,2021
2021-05-25,0.008374909136483422,6.9999999999998845,220,2021
2021-05-26,0.008394349982613687,7.000000000000055,219,2021
2021-05-27,0.008400950076017577,7.000000000000179,218,2021
2021-05-28,0.00834305612295225,7.000000000000034,217,2021
2021-05-31,0.008340028707135967,6.999999999999986,214,2021
2021-06-01,0.008355870214735016,7.000000000000063,213,2021
2021-06-02,0.008388678771385513,6.99999999999993,212,2021
2021-06-03,0.008455732601891358,7.000000000000041,211,2021
2021-06-04,0.008490153100307743,6.999999999999823,210,2021
2021-06-07,0.008412889757732571,6.9999999999999325,207,2021
2021-06-08,0.00835904539098562,7.000000000000031,206,2021
2021-06-09,0.008368479306098941,6.999999999999925,205,2021
2021-06-10,0.008388490599686046,6.999999999999903,204,2021
2021-06-11,0.008438991976987413,6.999999999999865,203,2021
2021-06-14,0.008452133096947433,6.999999999999982,200,2021
2021-06-15,0.008462433757263532,6.999999999999865,199,2021
2021-06-16,0.008452607522158298,6.99999999999994,198,2021
2021-06-17,0.008429342035301652,6.999999999999791,197,2021
2021-06-18,0.008424499961767157,6.999999999999948,196,2021
2021-06-21,0.008437735404270742,6.999999999999991,193,2021
2021-06-22,0.008386032135102356,6.999999999999885,192,2021
2021-06-23,0.008373609677976864,6.999999999999992,191,2021
2021-06-24,0.008383364308285783,6.999999999999998,190,2021
2021-06-25,0.00841817812331831,7.000000000000092,189,2021
2021-06-28,0.008363842203140444,6.999999999999957,186,2021
2021-06-29,0.008382721111464205,7.000000000000065,185,2021
2021-06-30,0.008375982187950342,6.999999999999774,184,2021
2021-07-01,0.008450104838566235,6.999999999999994,183,2021
2021-07-02,0.008444389416250003,6.999999999999949,182,2021
2021-07-05,0.008404258322491885,6.999999999999947,179,2021
2021-07-06,0.008373669132830006,6.99999999999988,178,2021
2021-07-07,0.008352605214350195,6.999999999999952,177,2021
2021-07-08,0.00840235229346763,7.000000000000013,176,2021
2021-07-09,0.008427324304944207,7.000000000000038,175,2021
2021-07-12,0.008435377226082614,6.9999999999998925,172,2021
2021-07-13,0.008437969938389581,7.000000000000083,171,2021
2021-07-14,0.008441927949087775,7.000000000000034,170,2021
2021-07-15,0.008415035304806017,7.000000000000034,169,2021
2021-07-16,0.008416306308778914,7.000000000000028,168,2021
2021-07-19,0.008385522361530595,7.00000000000003,165,2021
2021-07-20,0.008333288399479454,7.000000000000051,164,2021
2021-07-21,0.008336879866518505,7.0000000000000835,163,2021
2021-07-22,0.008367163612361554,6.999999999999797,162,2021
2021-07-23,0.00839453146047752,7.00000000000008,161,2021
2021-07-26,0.008382773057146273,7.000000000000056,158,2021
2021-07-27,0.008377561598424753,6.999999999999942,157,2021
2021-07-28,0.008396201988663986,7.000000000000008,156,2021
2021-07-29,0.008322965895283627,6.999999999999942,155,2021
2021-07-30,0.008386229449420643,6.999999999999934,154,2021
2021-08-02,0.008392289878687714,7.000000000000028,151,2021
2021-08-03,0.008360593477071401,6.999999999999925,150,2021
2021-08-04,0.008351404566170279,6.999999999999941,149,2021
2021-08-05,0.008343761707051147,7.000000000000014,148,2021
2021-08-06,0.008326479009704308,7.000000000000006,147,2021
2021-08-09,0.008336288544370513,7.000000000000112,144,2021
2021-08-10,0.008330154944466619,7.00000000000007,143,2021
2021-08-11,0.008335883977969236,7.00000000000006,142,2021
2021-08-12,0.00835355986266758,7.000000000000048,141,2021
2021-08-13,0.00837252841191548,7.000000000000098,140,2021
2021-08-16,0.008364613390552627,7.00000000000007,137,2021
2021-08-17,0.008363722503796649,6.999999999999871,136,2021
2021-08-18,0.008366453409167003,7.000000000000021,135,2021
2021-08-19,0.008386887730326927,7.000000000000002,134,2021
2021-08-20,0.008429538802602303,7.000000000000093,133,2021
2021-08-23,0.008419089459130242,6.999999999999947,130,2021
2021-08-24,0.008425188005859438,7.000000000000043,129,2021
2021-08-25,0.008401622790223748,7.000000000000028,128,2021
2021-08-26,0.008405301369364543,6.999999999999989,127,2021
2021-08-27,0.008403856970197843,7.000000000000001,126,2021
2021-08-30,0.008424877866028121,7.000000000000077,123,2021
2021-08-31,0.008448988288916767,7.000000000000051,122,2021
2021-09-01,0.008461641662398918,6.999999999999995,121,2021
2021-09-02,0.00844795007751619,7.000000000000113,120,2021
2021-09-03,0.00842011962987025,7.000000000000189,119,2021
2021-09-06,0.008384908951651745,7.000000000000071,116,2021
2021-09-07,0.008386703378578494,7.000000000000134,115,2021
2021-09-08,0.008414178432121836,6.9999999999999245,114,2021
2021-09-09,0.00843874663776105,7.000000000000014,113,2021
2021-09-10,0.008431856548110812,7.000000000000041,112,2021
2021-09-13,0.008388014233966812,6.999999999999992,109,2021
2021-09-14,0.008399557012635513,7.000000000000124,108,2021
2021-09-15,0.00842813087774826,7.000000000000041,107,2021
2021-09-16,0.008439016638621856,7.000000000000097,106,2021
2021-09-17,0.00841913474500843,7.000000000000051,105,2021
2021-09-20,0.008411744951901664,7.000000000000088,102,2021
2021-09-21,0.008425638299681367,6.999999999999981,101,2021
2021-09-22,0.008421400242123522,7.000000000000134,100,2021
2021-09-23,0.008423817485877262,7.0000000000000115,99,2021
2021-09-24,0.008458006921992042,6.999999999999989,98,2021
2021-09-27,0.00850989124147915,7.000000000000078,95,2021
2021-09-28,0.008508950464974487,7.000000000000115,94,2021
2021-09-29,0.008518706463662989,7.000000000000013,93,2021
2021-09-30,0.008523634731670577,7.000000000000098,92,2021
2021-10-01,0.008551281830610576,7.000000000000008,91,2021
2021-10-04,0.008515252324394573,7.000000000000103,88,2021
2021-10-05,0.008588336106724504,7.000000000000026,87,2021
2021-10-06,0.008595072669817209,7.000000000000043,86,2021
2021-10-07,0.00870094144411559,7.00000000000006,85,2021
2021-10-08,0.00873830516515314,7.000000000000137,84,2021
2021-10-11,0.008762289032204594,7.000000000000068,81,2021
2021-10-12,0.008740428241792537,7.000000000000059,80,2021
2021-10-13,0.008687748694334781,6.999999999999947,79,2021
2021-10-14,0.00873824465677226,7.000000000000019,78,2021
2021-10-15,0.008763297615874804,7.000000000000001,77,2021
2021-10-18,0.00876608517734516,7.0000000000001155,74,2021
2021-10-19,0.008764213475229802,7.000000000000009,73,2021
2021-10-20,0.008804844086005827,7.00000000000009,72,2021
2021-10-21,0.008765162134692162,7.0000000000001,71,2021
2021-10-22,0.008775148552116632,7.0000000000001545,70,2021
2021-10-25,0.008763289428501304,7.000000000000049,67,2021
2021-10-26,0.008791461290658503,7.000000000000031,66,2021
2021-10-27,0.008766038550688212,7.0000000000000355,65,2021
2021-10-28,0.008852882478635516,7.000000000000051,64,2021
2021-10-29,0.008829611202468076,7.000000000000163,63,2021
2021-11-01,0.008854484958864752,7.000000000000063,60,2021
2021-11-02,0.0089198358462826,7.000000000000038,59,2021
2021-11-03,0.008919296905805002,7.000000000000134,58,2021
2021-11-04,0.008902957201450677,7.000000000000038,57,2021
2021-11-05,0.008932413138009616,7.0000000000000835,56,2021
2021-11-08,0.008941545622597444,7.000000000000026,53,2021
2021-11-09,0.008952308681079832,7.000000000000125,52,2021
2021-11-10,0.008954988823718436,7.000000000000107,51,2021
2021-11-11,0.008975864599732491,7.0000000000000755,50,2021
2021-11-12,0.00891994458060112,7.00000000000006,49,2021
2021-11-15,0.008926421442636322,7.000000000000071,46,2021
2021-11-16,0.008969958650261668,7.000000000000075,45,2021
2021-11-17,0.00897211553834073,7.000000000000109,44,2021
2021-11-18,0.008992085111557985,7.000000000000203,43,2021
2021-11-19,0.009059688308331983,7.000000000000134,42,2021
2021-11-22,0.009040828663351031,7.000000000000004,39,2021
2021-11-23,0.009071249757043967,7.00000000000007,38,2021
2021-11-24,0.009098079547711,7.000000000000137,37,2021
2021-11-25,0.009109907417689484,7.000000000000077,36,2021
2021-11-26,0.009042616432420174,7.000000000000095,35,2021
2021-11-29,0.009035315899207603,7.000000000000075,32,2021
2021-11-30,0.009039096467650174,7.000000000000128,31,2021
2021-12-01,0.00905481438495204,7.000000000000125,30,2021
2021-12-02,0.009089280491641226,7.000000000000288,29,2021
2021-12-03,0.00903804037063927,7.000000000000049,28,2021
2021-12-06,0.009023545126646052,7.000000000000122,25,2021
2021-12-07,0.009005694493156675,7.000000000000245,24,2021
2021-12-08,0.009030382239320726,7.00000000000016,23,2021
2021-12-09,0.008979614578705867,7.000000000000191,22,2021
2021-12-10,0.008987519673339724,7.000000000000105,21,2021
2021-12-13,0.008992728439524826,7.0000000000000675,18,2021
2021-12-14,0.00901313063406903,7.000000000000075,17,2021
2021-12-15,0.0090075839342612,7.00000000000002,16,2021
2021-12-16,0.00905713726650311,7.000000000000014,15,2021
2021-12-17,0.00909579004379566,7.000000000000068,14,2021
2021-12-20,,,11,2021
2021-12-21,,,10,2021
2021-12-22,,,9,2021
2021-12-23,,,8,2021
2021-12-24,,,7,2021
2021-12-27,,,4,2021
2021-12-28,,,3,2021
2021-12-29,,,2,2021
2021-12-30,,,1,2021
2021-12-31,,,0,2021
2022-01-03,,,362,2022
2022-01-04,,,361,2022
2022-01-05,,,360,2022
2022-01-06,,,359,2022
2022-01-07,,,358,2022
2022-01-10,,,355,2022
2022-01-11,,,354,2022
2022-01-12,,,353,2022
2022-01-13,,,352,2022
2022-01-14,,,351,2022
2022-01-17,,,348,2022
2022-01-18,,,347,2022
2022-01-19,,,346,2022
2022-01-20,,,345,2022
2022-01-21,,,344,2022
2022-01-24,,,341,2022
2022-01-25,,,340,2022
2022-01-26,,,339,2022
2022-01-27,,,338,2022
2022-01-28,,,337,2022
2022-01-31,,,334,2022
2022-02-01,,,333,2022
2022-02-02,,,332,2022
2022-02-03,,,331,2022
2022-02-04,,,330,2022
2022-02-07,,,327,2022
2022-02-08,,,326,2022
2022-02-09,,,325,2022
2022-02-10,,,324,2022
2022-02-11,,,323,2022
2022-02-14,,,320,2022
2022-02-15,,,319,2022
2022-02-16,,,318,2022
2022-02-17,,,317,2022
2022-02-18,,,316,2022
2022-02-21,,,313,2022
2022-02-22,,,312,2022
2022-02-23,,,311,2022
2022-02-24,,,310,2022
2022-02-25,,,309,2022
2022-02-28,,,306,2022
2022-03-01,,,305,2022
2022-03-02,,,304,2022
2022-03-03,,,303,2022
2022-03-04,,,302,2022
2022-03-07,,,299,2022
2022-03-08,,,298,2022
2022-03-09,,,297,2022
2022-03-10,,,296,2022
2022-03-11,,,295,2022
2022-03-14,,,292,2022
2022-03-15,,,291,2022
2022-03-16,,,290,2022
2022-03-17,,,289,2022
2022-03-18,,,288,2022
2022-03-21,,,285,2022
2022-03-22,,,284,2022
2022-03-23,,,283,2022
2022-03-24,,,282,2022
2022-03-25,,,281,2022
2022-03-28,,,278,2022
2022-03-29,,,277,2022
2022-03-30,,,276,2022
2022-03-31,,,275,2022
2022-04-01,,,274,2022
2022-04-04,0.00872882562812181,6.999999999999917,271,2022
2022-04-05,0.00871967236134372,6.9999999999999,270,2022
2022-04-06,0.008743219905966979,6.999999999999823,269,2022
2022-04-07,0.008739315354291859,7.000000000000052,268,2022
2022-04-08,0.008759263975870775,6.9999999999998535,267,2022
2022-04-11,0.008738334047122338,7.0000000000000115,264,2022
2022-04-12,0.008777384027017979,6.999999999999954,263,2022
2022-04-13,0.008792912900027447,6.999999999999976,262,2022
2022-04-14,0.008764791196241736,6.999999999999792,261,2022
2022-04-15,0.00878195849574817,7.000000000000078,260,2022
2022-04-18,0.00870207694668132,6.999999999999937,257,2022
2022-04-19,0.008670986409099184,6.999999999999925,256,2022
2022-04-20,0.008683151195614285,7.000000000000109,255,2022
2022-04-21,0.00864911412151479,6.999999999999833,254,2022
2022-04-22,0.008644693877260867,6.9999999999998535,253,2022
2022-04-25,0.008621821714662763,6.999999999999962,250,2022
2022-04-26,0.008630481624457877,7.000000000000021,249,2022
2022-04-27,0.008655699870436262,6.999999999999903,248,2022
2022-04-28,0.008643567824114887,6.999999999999903,247,2022
2022-04-29,0.008645463439858465,6.99999999999989,246,2022
2022-05-02,0.008661223171427592,7.0000000000000995,243,2022
2022-05-03,0.008674898013548841,6.999999999999885,242,2022
2022-05-04,0.008676253270739526,6.9999999999997495,241,2022
2022-05-05,0.008692917720782633,7.000000000000062,240,2022
2022-05-06,0.008632642310226491,7.000000000000016,239,2022
2022-05-09,0.008687394659768368,6.999999999999897,236,2022
2022-05-10,0.008630839828585223,7.000000000000002,235,2022
2022-05-11,0.008605047653175095,7.000000000000019,234,2022
2022-05-12,0.008606707600013832,6.9999999999997495,233,2022
2022-05-13,0.008586332842431325,6.999999999999742,232,2022
2022-05-16,0.008578009600721644,7.000000000000093,229,2022
2022-05-17,0.008626957602273019,6.999999999999905,228,2022
2022-05-18,0.008641323658224846,6.999999999999969,227,2022
2022-05-19,0.008646619246756252,6.999999999999859,226,2022
2022-05-20,0.008631716345274128,6.999999999999976,225,2022
2022-05-23,0.008648691351243456,7.000000000000004,222,2022
2022-05-24,0.008630526497096681,6.999999999999861,221,2022
2022-05-25,0.00858682105469721,6.9999999999998535,220,2022
2022-05-26,0.008633147241228349,6.999999999999948,219,2022
2022-05-27,0.008628781071337722,6.99999999999989,218,2022
2022-05-30,0.008712051779949851,6.999999999999969,215,2022
2022-05-31,0.00871608604863241,6.999999999999801,214,2022
2022-06-01,0.00865898355032528,6.999999999999897,213,2022
2022-06-02,0.008704152764114993,7.000000000000031,212,2022
2022-06-03,0.008706786907354658,6.999999999999954,211,2022
2022-06-06,0.008791909125636951,7.000000000000224,208,2022
2022-06-07,0.008781334977947225,7.000000000000117,207,2022
2022-06-08,0.008760666301275515,6.9999999999998845,206,2022
2022-06-09,0.008697824962331749,6.999999999999941,205,2022
2022-06-10,0.008642297438487094,6.999999999999859,204,2022
2022-06-13,0.008636325783411251,6.999999999999941,201,2022
2022-06-14,0.008601014651175236,6.9999999999999005,200,2022
2022-06-15,0.008630254827493739,6.999999999999895,199,2022
2022-06-16,0.008622843282747629,7.000000000000033,198,2022
2022-06-17,0.00865622792555607,6.99999999999997,197,2022
2022-06-20,0.00868093849182639,6.99999999999991,194,2022
2022-06-21,0.008680655019200914,6.999999999999934,193,2022
2022-06-22,0.008668965548052802,6.999999999999865,192,2022
2022-06-23,0.008661080246258692,6.999999999999952,191,2022
2022-06-24,0.008720866891854934,6.99999999999984,190,2022
2022-06-27,0.008764724707271717,7.000000000000004,187,2022
2022-06-28,0.008732814025309307,6.999999999999885,186,2022
2022-06-29,0.008684503491968362,6.999999999999794,185,2022
2022-06-30,0.00872610570456472,6.999999999999927,184,2022
2022-07-01,0.00880649107141565,6.999999999999955,183,2022
2022-07-04,0.008871379954210832,6.999999999999969,180,2022
2022-07-05,0.008847913626624713,7.000000000000081,179,2022
2022-07-06,0.008890623808086352,6.999999999999949,178,2022
2022-07-07,0.00887796064192294,6.999999999999851,177,2022
2022-07-08,0.008847109759752768,7.0000000000000995,176,2022
2022-07-11,0.008773761405753054,7.000000000000036,173,2022
2022-07-12,0.00881455662127136,6.99999999999993,172,2022
2022-07-13,0.008777981463034218,6.999999999999999,171,2022
2022-07-14,0.008782143229122498,6.999999999999938,170,2022
2022-07-15,0.008802015329771372,6.999999999999938,169,2022
2022-07-18,0.008813410425182659,6.999999999999992,166,2022
2022-07-19,0.00881604941505995,6.99999999999992,165,2022
2022-07-20,0.008789223423378486,6.999999999999976,164,2022
2022-07-21,0.008846467239087013,6.99999999999983,163,2022
2022-07-22,0.00890835859888716,6.999999999999957,162,2022
2022-07-25,0.008865791005458265,6.99999999999992,159,2022
2022-07-26,0.008837700291262737,6.999999999999893,158,2022
2022-07-27,0.00885468496640525,6.999999999999994,157,2022
2022-07-28,0.00887877983646404,6.999999999999938,156,2022
2022-07-29,0.008910449923103086,7.000000000000088,155,2022
2022-08-01,0.008982853902179606,6.999999999999959,152,2022
2022-08-02,0.009048722399186396,6.999999999999979,151,2022
2022-08-03,0.0090133688099563,6.999999999999976,150,2022
2022-08-04,0.009021951730660343,6.999999999999992,149,2022
2022-08-05,0.009034423226049955,6.9999999999999325,148,2022
2022-08-08,0.009055580526342871,7.000000000000038,145,2022
2022-08-09,0.009020619114412968,6.9999999999999325,144,2022
2022-08-10,0.009001271063687902,7.000000000000016,143,2022
2022-08-11,0.008998878107009754,6.999999999999979,142,2022
2022-08-12,0.009010024340584987,7.0000000000000355,141,2022
2022-08-15,0.00900409813569574,6.999999999999898,138,2022
2022-08-16,0.009008548019166887,7.000000000000092,137,2022
2022-08-17,0.009035800019216283,6.999999999999937,136,2022
2022-08-18,0.009005208273557993,7.000000000000062,135,2022
2022-08-19,0.00903640920085575,7.000000000000066,134,2022
2022-08-22,0.008993705295694718,6.9999999999999885,131,2022
2022-08-23,0.008942675832305836,6.999999999999976,130,2022
2022-08-24,0.008902252111342098,7.000000000000014,129,2022
2022-08-25,0.00891193348666168,6.999999999999991,128,2022
2022-08-26,0.008862788928506322,6.999999999999982,127,2022
2022-08-29,0.008935572372237854,6.999999999999944,124,2022
2022-08-30,0.008928060713486539,7.000000000000059,123,2022
2022-08-31,0.00890816979052735,6.999999999999979,122,2022
2022-09-01,0.008833345708174824,7.000000000000033,121,2022
2022-09-02,0.008854679903595479,6.999999999999976,120,2022
2022-09-05,0.008860900659112655,7.000000000000002,117,2022
2022-09-06,0.00884987638362391,7.000000000000053,116,2022
2022-09-07,0.008893211607048878,7.000000000000078,115,2022
2022-09-08,0.008871624383522259,7.000000000000021,114,2022
2022-09-09,0.008762153193348927,7.00000000000007,113,2022
2022-09-12,0.008750448289055931,6.999999999999976,110,2022
2022-09-13,0.0086813702890716,7.000000000000092,109,2022
2022-09-14,0.008697838685153746,7.000000000000008,108,2022
2022-09-15,0.008648332815309384,7.000000000000009,107,2022
2022-09-16,0.008629072471456976,7.000000000000077,106,2022
2022-09-19,0.008575114660287469,7.000000000000132,103,2022
2022-09-20,0.008596841083634899,7.0000000000000115,102,2022
2022-09-21,0.008580025838153718,7.0000000000001075,101,2022
2022-09-22,0.008586018815619325,7.000000000000117,100,2022
2022-09-23,0.008604514613334361,7.000000000000124,99,2022
2022-09-26,0.008677383186905098,7.000000000000137,96,2022
2022-09-27,0.008619954473185015,7.000000000000058,95,2022
2022-09-28,0.008651044473559655,7.000000000000056,94,2022
2022-09-29,0.00863504443341948,7.000000000000028,93,2022
2022-09-30,0.008698316433453764,7.000000000000204,92,2022
2022-10-03,0.008719632062093023,7.000000000000128,89,2022
2022-10-04,0.008689421470120664,7.000000000000021,88,2022
2022-10-05,0.008624006465131532,7.000000000000028,87,2022
2022-10-06,0.008555988899286273,7.000000000000167,86,2022
2022-10-07,0.008526244840825665,7.000000000000077,85,2022
2022-10-10,0.008508532025774729,7.000000000000014,82,2022
2022-10-11,0.008493778527380813,7.000000000000038,81,2022
2022-10-12,0.0084847887448187,7.000000000000021,80,2022
2022-10-13,0.008460533442455587,7.000000000000081,79,2022
2022-10-14,0.008452479715759078,7.00000000000006,78,2022
2022-10-17,0.008479582294055897,7.000000000000065,75,2022
2022-10-18,0.008477486720545695,7.0000000000001465,74,2022
2022-10-19,0.008462634062916547,7.000000000000031,73,2022
2022-10-20,0.008457648096488291,7.0000000000001465,72,2022
2022-10-21,0.008433010580821737,7.000000000000127,71,2022
2022-10-24,0.008420247469522388,7.0000000000000036,68,2022
2022-10-25,0.008410465699248405,7.0000000000001075,67,2022
2022-10-26,0.008420225424435622,6.999999999999947,66,2022
2022-10-27,0.008456640046733096,7.000000000000077,65,2022
2022-10-28,0.008462240142273095,7.000000000000055,64,2022
2022-10-31,0.008452802704344484,7.0000000000001075,61,2022
2022-11-01,0.008436341437894778,7.0000000000000355,60,2022
2022-11-02,0.008392380399891262,7.000000000000077,59,2022
2022-11-03,0.008392641831817952,7.000000000000137,58,2022
2022-11-04,0.008364435493945782,7.000000000000078,57,2022
2022-11-07,0.008323802583456894,7.000000000000137,54,2022
2022-11-08,0.00833767032555724,7.000000000000134,53,2022
2022-11-09,0.008345971118038349,7.000000000000109,52,2022
2022-11-10,0.008339377590045704,7.000000000000091,51,2022
2022-11-11,0.008276686003111784,7.000000000000109,50,2022
2022-11-14,0.008292288586311264,7.000000000000077,47,2022
2022-11-15,0.00824890973949966,7.000000000000087,46,2022
2022-11-16,0.008261522711818696,7.000000000000134,45,2022
2022-11-17,0.008264425798280501,7.000000000000135,44,2022
2022-11-18,0.00818699879427142,7.000000000000088,43,2022
2022-11-21,0.008157020851819402,6.999999999999994,40,2022
2022-11-22,0.008176516621142953,7.000000000000163,39,2022
2022-11-23,0.008173301697603087,7.000000000000014,38,2022
2022-11-24,0.008156981187354773,7.0000000000000115,37,2022
2022-11-25,0.008139747569767623,7.000000000000073,36,2022
2022-11-28,0.008127489561073497,7.000000000000098,33,2022
2022-11-29,0.008109447244354103,7.000000000000058,32,2022
2022-11-30,0.008072410804847796,7.0000000000001545,31,2022
2022-12-01,0.008030101705848683,7.000000000000117,30,2022
2022-12-02,0.007962974427900255,7.000000000000063,29,2022
2022-12-05,0.00799869694138564,7.000000000000307,26,2022
2022-12-06,0.008011772697293534,7.000000000000026,25,2022
2022-12-07,0.008021177428357874,7.0000000000000835,24,2022
2022-12-08,0.008064028063333126,7.000000000000075,23,2022
2022-12-09,0.00805390557616545,7.000000000000093,22,2022
2022-12-12,0.00803627374408025,7.000000000000139,19,2022
2022-12-13,0.0080558284426846,7.000000000000081,18,2022
2022-12-14,0.008090343801038366,7.000000000000189,17,2022
2022-12-15,0.008061455606395412,7.00000000000011,16,2022
2022-12-16,0.008082863249111326,7.000000000000039,15,2022
2022-12-19,,,12,2022
2022-12-20,,,11,2022
2022-12-21,,,10,2022
2022-12-22,,,9,2022
2022-12-23,,,8,2022
2022-12-26,,,5,2022
2022-12-27,,,4,2022
2022-12-28,,,3,2022
2022-12-29,,,2,2022
2022-12-30,,,1,2022
2023-01-02,,,363,2023
2023-01-03,,,362,2023
2023-01-04,,,361,2023
2023-01-05,,,360,2023
2023-01-06,,,359,2023
2023-01-09,,,356,2023
2023-01-10,,,355,2023
2023-01-11,,,354,2023
2023-01-12,,,353,2023
2023-01-13,,,352,2023
2023-01-16,,,349,2023
2023-01-17,,,348,2023
2023-01-18,,,347,2023
2023-01-19,,,346,2023
2023-01-20,,,345,2023
2023-01-23,,,342,2023
2023-01-24,,,341,2023
2023-01-25,,,340,2023
2023-01-26,,,339,2023
2023-01-27,,,338,2023
2023-01-30,,,335,2023
2023-01-31,,,334,2023
2023-02-01,,,333,2023
2023-02-02,,,332,2023
2023-02-03,,,331,2023
2023-02-06,,,328,2023
2023-02-07,,,327,2023
2023-02-08,,,326,2023
2023-02-09,,,325,2023
2023-02-10,,,324,2023
2023-02-13,,,321,2023
2023-02-14,,,320,2023
2023-02-15,,,319,2023
2023-02-16,,,318,2023
2023-02-17,,,317,2023
2023-02-20,,,314,2023
2023-02-21,,,313,2023
2023-02-22,,,312,2023
2023-02-23,,,311,2023
2023-02-24,,,310,2023
2023-02-27,,,307,2023
2023-02-28,,,306,2023
2023-03-01,,,305,2023
2023-03-02,,,304,2023
2023-03-03,,,303,2023
2023-03-06,,,300,2023
2023-03-07,,,299,2023
2023-03-08,,,298,2023
2023-03-09,,,297,2023
2023-03-10,,,296,2023
2023-03-13,,,293,2023
2023-03-14,,,292,2023
2023-03-15,,,291,2023
2023-03-16,,,290,2023
2023-03-17,,,289,2023
2023-03-20,,,286,2023
2023-03-21,,,285,2023
2023-03-22,,,284,2023
2023-03-23,,,283,2023
2023-03-24,,,282,2023
2023-03-27,,,279,2023
2023-03-28,,,278,2023
2023-03-29,,,277,2023
2023-03-30,,,276,2023
2023-03-31,,,275,2023
2023-04-03,0.007675141755395973,7.000000000000097,272,2023
2023-04-04,0.007694693134856438,6.999999999999986,271,2023
2023-04-05,0.007729248778217769,7.00000000000012,270,2023
2023-04-06,0.007738705927166311,6.999999999999909,269,2023
2023-04-07,0.007752244462610665,6.999999999999982,268,2023
2023-04-10,0.00775986496315788,7.000000000000065,265,2023
2023-04-11,0.007755897884791788,6.999999999999898,264,2023
2023-04-12,0.007764472134050907,6.999999999999804,263,2023
2023-04-13,0.007729299899453638,6.9999999999998614,262,2023
2023-04-14,0.007717483518548445,6.99999999999989,261,2023
2023-04-17,0.007677523624778334,7.000000000000033,258,2023
2023-04-18,0.007600043736658379,6.999999999999916,257,2023
2023-04-19,0.007641757726008849,6.999999999999932,256,2023
2023-04-20,0.0076138144835562905,6.999999999999919,255,2023
2023-04-21,0.007606583732265089,7.000000000000033,254,2023
2023-04-24,0.007609967264530981,6.999999999999959,251,2023
2023-04-25,0.00765867109003912,6.999999999999827,250,2023
2023-04-26,0.007628318786011127,6.999999999999811,249,2023
2023-04-27,0.0076455347780033855,6.999999999999935,248,2023
2023-04-28,0.0075950722517277944,6.999999999999999,247,2023
2023-05-01,0.007570527730204166,6.9999999999998215,244,2023
2023-05-02,0.007570840053178878,6.999999999999992,243,2023
2023-05-03,0.007550686935820644,6.999999999999786,242,2023
2023-05-04,0.007588478009336511,7.000000000000043,241,2023
2023-05-05,0.007569484221936946,6.99999999999994,240,2023
2023-05-08,0.00759042835922346,6.999999999999831,237,2023
2023-05-09,0.007600675750672317,7.000000000000053,236,2023
2023-05-10,0.007597998879766863,7.000000000000008,235,2023
2023-05-11,0.007607282893778915,6.999999999999893,234,2023
2023-05-12,0.007587403507785936,6.999999999999806,233,2023
2023-05-15,0.007572239765593494,7.000000000000038,230,2023
2023-05-16,0.00757514309141348,6.999999999999865,229,2023
2023-05-17,0.0075629030755144655,6.999999999999977,228,2023
2023-05-18,0.0075619492118125025,7.000000000000004,227,2023
2023-05-19,0.007529287354798541,6.999999999999893,226,2023
2023-05-22,0.007511121695774186,6.999999999999919,223,2023
2023-05-23,0.007532527009437254,6.999999999999906,222,2023
2023-05-24,0.00747473251457622,6.999999999999925,221,2023
2023-05-25,0.007442556949377366,7.0000000000000355,220,2023
2023-05-26,0.007395523062622608,7.000000000000009,219,2023
2023-05-29,0.007355304211358977,6.999999999999966,216,2023
2023-05-30,0.007371247747731624,6.999999999999925,215,2023
2023-05-31,0.007419235837558823,7.0000000000000355,214,2023
2023-06-01,0.007426140789411645,6.99999999999984,213,2023
2023-06-02,0.007427186361465525,6.999999999999994,212,2023
2023-06-05,0.007435968236897893,6.999999999999887,209,2023
2023-06-06,0.007364711233636126,6.999999999999838,208,2023
2023-06-07,0.007372325816134592,6.999999999999877,207,2023
2023-06-08,0.007351384748974205,6.9999999999999325,206,2023
2023-06-09,0.007397945646477841,6.999999999999913,205,2023
2023-06-12,0.0074230228480390665,6.999999999999972,202,2023
2023-06-13,0.007413276333819203,6.999999999999848,201,2023
2023-06-14,0.007448784024778412,6.999999999999885,200,2023
2023-06-15,0.007443090915119692,6.9999999999999005,199,2023
2023-06-16,0.007429681420820756,6.999999999999972,198,2023
2023-06-19,0.007466832527586983,6.99999999999988,195,2023
2023-06-20,0.007486041649152046,6.999999999999947,194,2023
2023-06-21,0.007445783231182093,7.000000000000002,193,2023
2023-06-22,0.0074843511135993,6.999999999999799,192,2023
2023-06-23,0.007480833774579699,6.9999999999998535,191,2023
2023-06-26,0.00748830734742121,6.99999999999988,188,2023
2023-06-27,0.007508090732252464,7.000000000000002,187,2023
2023-06-28,0.0075126701926876305,6.999999999999977,186,2023
2023-06-29,0.007529019650127599,6.999999999999913,185,2023
2023-06-30,0.007516608562678865,7.0000000000001,184,2023
2023-07-03,0.007495471350721999,6.999999999999962,181,2023
2023-07-04,0.007508520726004066,7.000000000000039,180,2023
2023-07-05,0.007518772504920644,6.999999999999844,179,2023
2023-07-06,0.007550231477474582,7.000000000000139,178,2023
2023-07-07,0.007550797626762742,6.99999999999992,177,2023
2023-07-10,0.007520531829320677,7.000000000000058,174,2023
2023-07-11,0.007531514600189443,7.000000000000075,173,2023
2023-07-12,0.0075212797353246584,6.999999999999934,172,2023
2023-07-13,0.007512262987821406,7.000000000000103,171,2023
2023-07-14,0.0074854964411037945,7.000000000000018,170,2023
2023-07-17,0.007475606141532287,6.999999999999994,167,2023
2023-07-18,0.007446775494421962,6.999999999999909,166,2023
2023-07-19,0.0074512337618431864,7.000000000000098,165,2023
2023-07-20,0.00749359423166173,6.99999999999994,164,2023
2023-07-21,0.007517004857979324,6.999999999999903,163,2023
2023-07-24,0.007507070838129172,7.0000000000000355,160,2023
2023-07-25,0.007500095688221564,6.99999999999991,159,2023
2023-07-26,0.007558122088493283,7.000000000000038,158,2023
2023-07-27,0.007580340460210032,7.000000000000134,157,2023
2023-07-28,0.007581507316194651,6.999999999999957,156,2023
2023-07-31,0.007562638947742761,7.000000000000163,153,2023
2023-08-01,0.007545793360967734,7.000000000000026,152,2023
2023-08-02,0.007578135110500247,7.000000000000026,151,2023
2023-08-03,0.007597023241426066,7.000000000000009,150,2023
2023-08-04,0.0075576366434924585,6.999999999999944,149,2023
2023-08-07,0.007573613843239711,6.999999999999849,146,2023
2023-08-08,0.0075716247035982655,7.00000000000002,145,2023
2023-08-09,0.007589028368860436,7.000000000000014,144,2023
2023-08-10,0.0075499939296121785,7.000000000000023,143,2023
2023-08-11,0.007556132931299412,7.000000000000009,142,2023
2023-08-14,0.007563473139207218,7.0000000000000435,139,2023
2023-08-15,0.007558252586063199,7.000000000000026,138,2023
2023-08-16,0.007603936584475275,6.999999999999871,137,2023
2023-08-17,0.00762719508405993,7.000000000000018,136,2023
2023-08-18,0.00763803677151406,7.000000000000062,135,2023
2023-08-21,0.007623137216762059,6.999999999999964,132,2023
2023-08-22,0.007586972810246125,6.999999999999906,131,2023
2023-08-23,0.007589529976359352,7.000000000000027,130,2023
2023-08-24,0.007562877658107579,6.9999999999999565,129,2023
2023-08-25,0.00759845146269964,7.000000000000046,128,2023
2023-08-28,0.007551836243463999,7.000000000000031,125,2023
2023-08-29,0.0075648753547839865,7.000000000000058,124,2023
2023-08-30,0.0075027356727489156,6.999999999999955,123,2023
2023-08-31,0.007489504208426358,7.000000000000046,122,2023
2023-09-01,0.007584499334198968,7.000000000000034,121,2023
2023-09-04,0.00760500698257597,7.00000000000009,118,2023
2023-09-05,0.007601209917610858,7.000000000000062,117,2023
2023-09-06,0.007620075149461091,7.000000000000091,116,2023
2023-09-07,0.0076514541706341,7.000000000000151,115,2023
2023-09-08,0.00764521409362594,6.999999999999984,114,2023
2023-09-11,0.0076350646734923144,7.000000000000062,111,2023
2023-09-12,0.007616065703215734,7.0000000000000835,110,2023
2023-09-13,0.0076011796928472436,7.000000000000065,109,2023
2023-09-14,0.007577790615000059,7.000000000000088,108,2023
2023-09-15,0.00759290480946113,7.0000000000001075,107,2023
2023-09-18,0.007634402084453681,7.000000000000001,104,2023
2023-09-19,0.007651147993563534,7.0000000000000995,103,2023
2023-09-20,0.007688653993621018,7.000000000000019,102,2023
2023-09-21,0.007659931479590014,7.000000000000038,101,2023
2023-09-22,0.007647166026386303,7.000000000000196,100,2023
2023-09-25,0.007611527239991744,7.00000000000002,97,2023
2023-09-26,0.00763043133461545,7.000000000000009,96,2023
2023-09-27,0.007641161843186002,7.000000000000138,95,2023
2023-09-28,0.0076560101625924104,7.000000000000091,94,2023
2023-09-29,0.007626022185975535,7.000000000000027,93,2023
2023-10-02,0.0075554281795772865,7.000000000000105,90,2023
2023-10-03,0.007566579990117688,7.000000000000196,89,2023
2023-10-04,0.00757462794883543,7.000000000000011,88,2023
2023-10-05,0.007584684508021187,7.000000000000122,87,2023
2023-10-06,0.0075878717650356324,7.0000000000001,86,2023
2023-10-09,0.007623702209651062,7.000000000000052,83,2023
2023-10-10,0.007602250076670711,7.000000000000027,82,2023
2023-10-11,0.007632350763814301,6.999999999999942,81,2023
2023-10-12,0.007636505283135746,7.00000000000006,80,2023
2023-10-13,0.007660827005917926,7.000000000000145,79,2023
2023-10-16,0.007653560954096142,7.000000000000043,76,2023
2023-10-17,0.007677733067024474,7.000000000000056,75,2023
2023-10-18,0.007623203708075129,7.0000000000001075,74,2023
2023-10-19,0.007627969327473222,7.00000000000009,73,2023
2023-10-20,0.007611432389208923,7.000000000000062,72,2023
2023-10-23,0.0075403527787195265,7.000000000000134,69,2023
2023-10-24,0.007546611122759988,7.000000000000041,68,2023
2023-10-25,0.007565547300637732,7.00000000000009,67,2023
2023-10-26,0.007556234012061375,7.000000000000039,66,2023
2023-10-27,0.007557294665958024,7.000000000000077,65,2023
2023-10-30,0.007507926694826916,7.000000000000041,62,2023
2023-10-31,0.007497659685402519,7.00000000000006,61,2023
2023-11-01,0.007533152151878171,7.000000000000056,60,2023
2023-11-02,0.0075401773406690185,7.000000000000049,59,2023
2023-11-03,0.007600271836083425,7.000000000000077,58,2023
2023-11-06,0.0076062821112176954,7.0000000000000835,55,2023
2023-11-07,0.00762979843792192,7.0000000000000355,54,2023
2023-11-08,0.007633250177622211,7.000000000000083,53,2023
2023-11-09,0.007649977382182009,7.000000000000063,52,2023
2023-11-10,0.0077154662231048235,7.000000000000103,51,2023
2023-11-13,0.0077472932123297,7.0000000000000755,48,2023
2023-11-14,0.007711282631732165,7.00000000000012,47,2023
2023-11-15,0.00776306847056018,7.000000000000122,46,2023
2023-11-16,0.007723912885466979,7.000000000000202,45,2023
2023-11-17,0.007724930821991139,7.000000000000066,44,2023
2023-11-20,0.00772394792707298,7.000000000000078,41,2023
2023-11-21,0.007728510816034277,6.999999999999982,40,2023
2023-11-22,0.007748718111430618,7.000000000000137,39,2023
2023-11-23,0.007739490538241335,7.0000000000000835,38,2023
2023-11-24,0.007739737178209122,7.000000000000009,37,2023
2023-11-27,0.0077200425353051135,7.00000000000013,34,2023
2023-11-28,0.007713998449921179,7.000000000000048,33,2023
2023-11-29,0.007687957437590334,7.000000000000062,32,2023
2023-11-30,0.007669434119474651,7.00000000000007,31,2023
2023-12-01,0.007596906990028213,7.000000000000098,30,2023
2023-12-04,0.007545950249234853,7.000000000000103,27,2023
2023-12-05,0.007581613430466276,7.000000000000031,26,2023
2023-12-06,0.0075772176777427125,7.000000000000196,25,2023
2023-12-07,0.007543701265629737,7.000000000000119,24,2023
2023-12-08,0.0075592828672780546,7.000000000000134,23,2023
2023-12-11,0.007525013726639402,7.0000000000000995,20,2023
2023-12-12,0.007493525609145683,7.00000000000016,19,2023
2023-12-13,0.007511987368479604,7.000000000000117,18,2023
2023-12-14,0.00755497284806555,7.000000000000083,17,2023
2023-12-15,0.007549727963481416,7.00000000000012,16,2023
2023-12-18,,,13,2023
2023-12-19,,,12,2023
2023-12-20,,,11,2023
2023-12-21,,,10,2023
2023-12-22,,,9,2023
2023-12-25,,,6,2023
2023-12-26,,,5,2023
2023-12-27,,,4,2023
2023-12-28,,,3,2023
2023-12-29,,,2,2023
2024-01-01,,,365,2024
2024-01-02,,,364,2024
2024-01-03,,,363,2024
2024-01-04,,,362,2024
2024-01-05,,,361,2024
2024-01-08,,,358,2024
2024-01-09,,,357,2024
2024-01-10,,,356,2024
2024-01-11,,,355,2024
2024-01-12,,,354,2024
2024-01-15,,,351,2024
2024-01-16,,,350,2024
2024-01-17,,,349,2024
2024-01-18,,,348,2024
2024-01-19,,,347,2024
2024-01-22,,,344,2024
2024-01-23,,,343,2024
2024-01-24,,,342,2024
2024-01-25,,,341,2024
2024-01-26,,,340,2024
2024-01-29,,,337,2024
2024-01-30,,,336,2024
2024-01-31,,,335,2024
2024-02-01,,,334,2024
2024-02-02,,,333,2024
2024-02-05,,,330,2024
2024-02-06,,,329,2024
2024-02-07,,,328,2024
2024-02-08,,,327,2024
2024-02-09,,,326,2024
2024-02-12,,,323,2024
2024-02-13,,,322,2024
2024-02-14,,,321,2024
2024-02-15,,,320,2024
2024-02-16,,,319,2024
2024-02-19,,,316,2024
2024-02-20,,,315,2024
2024-02-21,,,314,2024
2024-02-22,,,313,2024
2024-02-23,,,312,2024
2024-02-26,,,309,2024
2024-02-27,,,308,2024
2024-02-28,,,307,2024
2024-02-29,,,306,2024
2024-03-01,,,305,2024
2024-03-04,,,302,2024
2024-03-05,,,301,2024
2024-03-06,,,300,2024
2024-03-07,,,299,2024
2024-03-08,,,298,2024
2024-03-11,,,295,2024
2024-03-12,,,294,2024
2024-03-13,,,293,2024
2024-03-14,,,292,2024
2024-03-15,,,291,2024
2024-03-18,,,288,2024
2024-03-19,,,287,2024
2024-03-20,,,286,2024
2024-03-21,,,285,2024
2024-03-22,,,284,2024
2024-03-25,,,281,2024
2024-03-26,,,280,2024
2024-03-27,,,279,2024
2024-03-28,,,278,2024
2024-03-29,,,277,2024
2024-04-01,,,274,2024
2024-04-02,,,273,2024
2024-04-03,0.007721378466217187,6.999999999999959,272,2024
2024-04-04,0.007731813250211564,7.000000000000053,271,2024
2024-04-05,0.0077056698926455105,6.999999999999923,270,2024
2024-04-08,0.0076858581225665214,6.99999999999994,267,2024
2024-04-09,0.007724249815388461,7.000000000000011,266,2024
2024-04-10,0.00770976685008509,6.999999999999929,265,2024
2024-04-11,0.007754971626503835,6.999999999999942,264,2024
2024-04-12,0.007757515981125678,6.999999999999964,263,2024
2024-04-15,0.007727618255646508,6.999999999999823,260,2024
2024-04-16,0.007730874086181401,6.9999999999999005,259,2024
2024-04-17,0.007770907616871863,6.999999999999973,258,2024
2024-04-18,0.007771854891590407,6.999999999999823,257,2024
2024-04-19,0.007776941663518975,6.999999999999905,256,2024
2024-04-22,0.0077262325390650005,6.999999999999919,253,2024
2024-04-23,0.007727588391262442,6.999999999999935,252,2024
2024-04-24,0.0077413637235800355,6.999999999999944,251,2024
2024-04-25,0.007748110292173843,6.999999999999887,250,2024
2024-04-26,0.007754525240597468,7.000000000000088,249,2024
2024-04-29,0.007745731728892006,6.999999999999982,246,2024
2024-04-30,0.00774463929143857,6.9999999999998925,245,2024
2024-05-01,0.00776684158954958,7.000000000000066,244,2024
2024-05-02,0.007764769430779332,7.000000000000134,243,2024
2024-05-03,0.007765217531637825,6.999999999999929,242,2024
2024-05-06,0.007730954833225044,6.999999999999944,239,2024
2024-05-07,0.007734647196933,6.999999999999962,238,2024
2024-05-08,0.007695167638697671,6.9999999999998215,237,2024
2024-05-09,0.007674463476783277,6.9999999999999565,236,2024
2024-05-10,0.0076248776574335654,6.999999999999995,235,2024
2024-05-13,0.007578825180254983,7.000000000000004,232,2024
2024-05-14,0.007544949909019698,6.999999999999986,231,2024
2024-05-15,0.0074990661779265645,6.999999999999979,230,2024
2024-05-16,0.007499966642714045,6.999999999999934,229,2024
2024-05-17,0.007536557896891704,6.999999999999888,228,2024
2024-05-20,0.007545398059518747,6.999999999999949,225,2024
2024-05-21,0.007593677005889256,6.999999999999942,224,2024
2024-05-22,0.0075768069472287635,6.999999999999887,223,2024
2024-05-23,0.007604425755831847,6.999999999999895,222,2024
2024-05-24,0.0076217422055083394,7.000000000000009,221,2024
2024-05-27,0.007661188089953921,7.000000000000026,218,2024
2024-05-28,0.007698855998374275,6.99999999999989,217,2024
2024-05-29,0.007681751605766552,7.000000000000002,216,2024
2024-05-30,0.0076519938512782425,7.0000000000000036,215,2024
2024-05-31,0.007613982473453983,6.999999999999991,214,2024
2024-06-03,0.007615374372960704,6.999999999999942,211,2024
2024-06-04,0.007641833744998954,7.000000000000049,210,2024
2024-06-05,0.007652474121838844,7.00000000000012,209,2024
2024-06-06,0.007665183993343264,6.999999999999967,208,2024
2024-06-07,0.007647632782152844,7.000000000000049,207,2024
2024-06-10,0.007627748146422788,6.999999999999871,204,2024
2024-06-11,0.0076714536356738494,6.99999999999989,203,2024
2024-06-12,0.007661078235943807,7.0000000000000115,202,2024
2024-06-13,0.007695910563142493,7.000000000000137,201,2024
2024-06-14,0.007685115450699785,6.9999999999999245,200,2024
2024-06-17,0.007659081872510417,6.9999999999999325,197,2024
2024-06-18,0.007656895611475144,6.999999999999888,196,2024
2024-06-19,0.0076644602047399295,6.999999999999766,195,2024
2024-06-20,0.007658414475748184,7.00000000000007,194,2024
2024-06-21,0.007676294801414185,7.000000000000098,193,2024
2024-06-24,0.007689193657572387,6.999999999999952,190,2024
2024-06-25,0.007640095777982611,7.000000000000028,189,2024
2024-06-26,0.007622911971873811,6.999999999999906,188,2024
2024-06-27,0.007643756630399304,6.999999999999805,187,2024
2024-06-28,0.007647642085959046,6.999999999999981,186,2024
2024-07-01,0.007694558487867701,6.99999999999992,183,2024
2024-07-02,0.0077169336965219985,7.000000000000051,182,2024
2024-07-03,0.0077019581914305885,7.000000000000027,181,2024
2024-07-04,0.007707128103950624,6.999999999999952,180,2024
2024-07-05,0.007750474308849874,7.000000000000034,179,2024
2024-07-08,0.007745284201821164,6.999999999999897,176,2024
2024-07-09,0.007730884271877956,7.000000000000028,175,2024
2024-07-10,0.007743472901394604,7.000000000000075,174,2024
2024-07-11,0.007736954992404465,7.0000000000000835,173,2024
2024-07-12,0.007737867227429188,7.000000000000036,172,2024
2024-07-15,0.0077420770841132806,7.000000000000009,169,2024
2024-07-16,0.007748244431496703,6.99999999999993,168,2024
2024-07-17,0.007798712657761165,6.999999999999994,167,2024
2024-07-18,0.007794503483284125,7.000000000000065,166,2024
2024-07-19,0.007815125462272365,7.000000000000004,165,2024
2024-07-22,0.007809112807632059,7.000000000000013,162,2024
2024-07-23,0.007783974712576235,6.999999999999915,161,2024
2024-07-24,0.007782618160778091,6.999999999999916,160,2024
2024-07-25,0.007788239730017508,7.000000000000075,159,2024
2024-07-26,0.007692613960996549,6.999999999999992,158,2024
2024-07-29,0.007677887402295747,6.999999999999962,155,2024
2024-07-30,0.007692237610869425,6.999999999999915,154,2024
2024-07-31,0.007724555522532213,6.999999999999916,153,2024
2024-08-01,0.007740457255859709,6.999999999999912,152,2024
2024-08-02,0.0076869155268072115,7.000000000000021,151,2024
2024-08-05,0.007644875830491797,7.000000000000058,148,2024
2024-08-06,0.007650741355752977,7.000000000000041,147,2024
2024-08-07,0.007641731023424205,7.000000000000013,146,2024
2024-08-08,0.00764301736979803,7.000000000000065,145,2024
2024-08-09,0.007643559719185257,7.000000000000103,144,2024
2024-08-12,0.007632329977636541,7.000000000000014,141,2024
2024-08-13,0.007584449617038556,6.999999999999991,140,2024
2024-08-14,0.0075492499313235175,7.000000000000031,139,2024
2024-08-15,0.007571718541115588,7.000000000000038,138,2024
2024-08-16,0.007537936422195937,6.999999999999986,137,2024
2024-08-19,0.007568182441036252,7.00000000000007,134,2024
2024-08-20,0.007574601697644572,7.000000000000048,133,2024
2024-08-21,0.007615850841523155,6.999999999999913,132,2024
2024-08-22,0.00763718703643049,6.99999999999994,131,2024
2024-08-23,0.007618069965588716,6.999999999999925,130,2024
2024-08-26,0.007619507642116704,7.000000000000021,127,2024
2024-08-27,0.00763341188052466,7.000000000000026,126,2024
2024-08-28,0.007639489123806463,7.000000000000055,125,2024
2024-08-29,0.007621690347984682,6.999999999999964,124,2024
2024-08-30,0.0076766805879241885,6.999999999999897,123,2024
2024-09-02,0.007599752938052626,7.00000000000007,120,2024
2024-09-03,0.007641781469022207,6.999999999999994,119,2024
2024-09-04,0.007656683179917285,7.000000000000002,118,2024
2024-09-05,0.007591766211439047,7.000000000000031,117,2024
2024-09-06,0.007559546033823802,7.0000000000000355,116,2024
2024-09-09,0.007556198658006344,7.000000000000018,113,2024
2024-09-10,0.007565113957086078,7.000000000000058,112,2024
2024-09-11,0.007530482723500436,7.000000000000179,111,2024
2024-09-12,0.00755059765780406,7.000000000000075,110,2024
2024-09-13,0.007535024300269437,7.000000000000139,109,2024
2024-09-16,0.007532042164460091,7.000000000000095,106,2024
2024-09-17,0.007582449193675615,7.000000000000048,105,2024
2024-09-18,0.007561772224343545,7.000000000000038,104,2024
2024-09-19,0.00758070135401799,6.999999999999937,103,2024
2024-09-20,0.007547963353249003,7.00000000000008,102,2024
2024-09-23,0.007565859424097968,7.000000000000098,99,2024
2024-09-24,0.007567698947819723,6.999999999999937,98,2024
2024-09-25,0.007599764913352219,7.000000000000102,97,2024
2024-09-26,0.00759818318664156,7.000000000000014,96,2024
2024-09-27,0.007591525193940585,6.99999999999998,95,2024
2024-09-30,0.007595517548520316,7.000000000000077,92,2024
2024-10-01,0.007579724865673995,7.000000000000026,91,2024
2024-10-02,0.007570081432336623,7.000000000000063,90,2024
2024-10-03,0.007602921492888846,7.000000000000081,89,2024
2024-10-04,0.007558541280925368,7.000000000000105,88,2024
2024-10-07,0.007516945714174458,6.999999999999981,85,2024
2024-10-08,0.00750931615491194,7.00000000000008,84,2024
2024-10-09,0.007550317918495928,7.0000000000000115,83,2024
2024-10-10,0.007552805360029431,7.0000000000000675,82,2024
2024-10-11,0.0075455253187850365,7.0000000000000355,81,2024
2024-10-14,0.007545023294010276,7.00000000000011,78,2024
2024-10-15,0.007559088355519847,7.0000000000000435,77,2024
2024-10-16,0.007584779391821354,7.000000000000119,76,2024
2024-10-17,0.007572971457829515,7.000000000000009,75,2024
2024-10-18,0.007536972275499076,6.999999999999945,74,2024
2024-10-21,0.0075466993428440115,7.000000000000095,71,2024
2024-10-22,0.007534193358001232,7.000000000000073,70,2024
2024-10-23,0.007534915522915933,6.999999999999999,69,2024
2024-10-24,0.007578424938500416,7.000000000000033,68,2024
2024-10-25,0.00760564842992944,7.000000000000049,67,2024
2024-10-28,0.007640276678716364,7.000000000000053,64,2024
2024-10-29,0.007642247641411265,6.999999999999986,63,2024
2024-10-30,0.007655126912902387,7.00000000000003,62,2024
2024-10-31,0.007636649231379331,7.000000000000036,61,2024
2024-11-01,0.007601439660283426,7.000000000000125,60,2024
2024-11-04,0.007603128831277793,7.00000000000009,57,2024
2024-11-05,0.007609205929543913,7.0000000000000995,56,2024
2024-11-06,0.00757204746055399,7.000000000000051,55,2024
2024-11-07,0.007596041736409052,7.0000000000001865,54,2024
2024-11-08,0.007550383984222246,7.0000000000001075,53,2024
2024-11-11,0.007527406694899098,7.000000000000102,50,2024
2024-11-12,0.007530437848153424,7.000000000000124,49,2024
2024-11-13,0.0075403840533660674,7.000000000000075,48,2024
2024-11-14,0.007564516647704709,7.000000000000124,47,2024
2024-11-15,0.007545478091158503,7.000000000000043,46,2024
2024-11-18,0.0075636043525997365,7.000000000000052,43,2024
2024-11-19,0.007599523041373495,7.000000000000014,42,2024
2024-11-20,0.007601860875684944,7.000000000000034,41,2024
2024-11-21,0.007599348797220993,7.000000000000008,40,2024
2024-11-22,0.007577287119986666,7.000000000000059,39,2024
2024-11-25,0.0075497273497029185,6.999999999999999,36,2024
2024-11-26,0.007618227495986397,7.000000000000048,35,2024
2024-11-27,0.007595826492343811,7.000000000000144,34,2024
2024-11-28,0.007581962271122816,7.000000000000192,33,2024
2024-11-29,0.007570369015353936,7.000000000000092,32,2024
2024-12-02,0.007612833436144155,7.000000000000122,29,2024
2024-12-03,0.007597386696607768,7.000000000000071,28,2024
2024-12-04,0.007584496959752468,7.000000000000083,27,2024
2024-12-05,0.007625872651053115,7.0000000000000435,26,2024
2024-12-06,0.0075907164716148175,7.000000000000122,25,2024
2024-12-09,0.007572878981949287,7.000000000000081,22,2024
2024-12-10,0.007567261626783498,7.000000000000105,21,2024
2024-12-11,0.007549140442172516,7.000000000000093,20,2024
2024-12-12,0.007568155040104492,7.000000000000075,19,2024
2024-12-13,0.007626235931002435,7.000000000000077,18,2024
2024-12-16,0.0076287774087028274,7.0000000000001,15,2024
2024-12-17,0.007598765368799399,7.0000000000000435,14,2024
2024-12-18,,,13,2024
2024-12-19,,,12,2024
2024-12-20,,,11,2024
2024-12-23,,,8,2024
2024-12-24,,,7,2024
2024-12-25,,,6,2024
2024-12-26,,,5,2024
2024-12-27,,,4,2024
2024-12-30,,,1,2024
2024-12-31,,,0,2024
2025-01-01,,,364,2025
2025-01-02,,,363,2025
2025-01-03,,,362,2025
2025-01-06,,,359,2025
2025-01-07,,,358,2025
2025-01-08,,,357,2025
2025-01-09,,,356,2025
2025-01-10,,,355,2025
2025-01-13,,,352,2025
2025-01-14,,,351,2025
2025-01-15,,,350,2025
2025-01-16,,,349,2025
2025-01-17,,,348,2025
2025-01-20,,,345,2025
2025-01-21,,,344,2025
2025-01-22,,,343,2025
2025-01-23,,,342,2025
2025-01-24,,,341,2025
2025-01-27,,,338,2025
2025-01-28,,,337,2025
2025-01-29,,,336,2025
2025-01-30,,,335,2025
2025-01-31,,,334,2025
2025-02-03,,,331,2025
2025-02-04,,,330,2025
2025-02-05,,,329,2025
2025-02-06,,,328,2025
2025-02-07,,,327,2025
2025-02-10,,,324,2025
2025-02-11,,,323,2025
2025-02-12,,,322,2025
2025-02-13,,,321,2025
2025-02-14,,,320,2025
2025-02-17,,,317,2025
2025-02-18,,,316,2025
2025-02-19,,,315,2025
2025-02-20,,,314,2025
2025-02-21,,,313,2025
2025-02-24,,,310,2025
2025-02-25,,,309,2025
2025-02-26,,,308,2025
2025-02-27,,,307,2025
2025-02-28,,,306,2025
2025-03-03,,,303,2025
2025-03-04,,,302,2025
2025-03-05,,,301,2025
2025-03-06,,,300,2025
2025-03-07,,,299,2025
2025-03-10,,,296,2025
2025-03-11,,,295,2025
2025-03-12,,,294,2025
2025-03-13,,,293,2025
2025-03-14,,,292,2025
2025-03-17,,,289,2025
2025-03-18,,,288,2025
2025-03-19,,,287,2025
2025-03-20,,,286,2025
2025-03-21,,,285,2025
2025-03-24,,,282,2025
2025-03-25,,,281,2025
2025-03-26,,,280,2025
2025-03-27,,,279,2025
2025-03-28,,,278,2025
2025-03-31,,,275,2025
2025-04-01,,,274,2025
2025-04-02,,,273,2025
2025-04-03,0.007380687697359346,7.0000000000000355,272,2025
2025-04-04,0.007361578428408154,6.999999999999982,271,2025
2025-04-07,0.007377429493248814,7.000000000000028,268,2025
2025-04-08,0.007395733402023016,6.999999999999875,267,2025
2025-04-09,0.007429033030656388,6.999999999999868,266,2025
2025-04-10,0.007443081206200441,6.999999999999944,265,2025
2025-04-11,0.0074405490903915895,7.000000000000085,264,2025
2025-04-14,0.007458946260078897,6.999999999999858,261,2025
2025-04-15,0.007444563129092816,6.999999999999817,260,2025
2025-04-16,0.007462068830555752,7.000000000000019,259,2025
2025-04-17,0.007476682209298373,6.999999999999976,258,2025
2025-04-18,0.007458568708015504,6.999999999999908,257,2025
2025-04-21,0.00749467649983325,7.0000000000000355,254,2025
2025-04-22,0.007509598934515721,6.999999999999986,253,2025
2025-04-23,0.0075101730381279905,6.999999999999916,252,2025
2025-04-24,0.0075346610880507574,6.999999999999964,251,2025
2025-04-25,0.007526979090949633,7.000000000000065,250,2025
2025-04-28,0.007530665916035795,6.999999999999964,247,2025
2025-04-29,0.0074758672081818335,6.9999999999998845,246,2025
2025-04-30,0.007522892141561562,6.999999999999838,245,2025
2025-05-01,0.007545382343707299,6.9999999999999885,244,2025
2025-05-02,0.007540896244689435,6.999999999999982,243,2025
2025-05-05,0.007569479106544832,7.000000000000031,240,2025
2025-05-06,0.0076057056133869835,6.9999999999998925,239,2025
2025-05-07,0.007561575561809749,6.999999999999841,238,2025
2025-05-08,0.007535512251213154,6.999999999999902,237,2025
2025-05-09,0.007562878354297471,6.99999999999993,236,2025
2025-05-12,0.007554029763456287,6.999999999999925,233,2025
2025-05-13,0.007560414541187616,6.999999999999887,232,2025
2025-05-14,0.007563731229552025,6.999999999999916,231,2025
2025-05-15,0.007554419804307933,7.000000000000091,230,2025
2025-05-16,0.007581669149638039,6.999999999999824,229,2025
2025-05-19,0.007623990168190292,6.999999999999942,226,2025
2025-05-20,0.007616468528339592,7.000000000000008,225,2025
2025-05-21,0.0076322875507946,6.999999999999922,224,2025
2025-05-22,0.0076543586395481904,7.000000000000065,223,2025
2025-05-23,0.0076592797278452595,6.9999999999998535,222,2025
2025-05-26,0.007625264093743025,6.999999999999935,219,2025
2025-05-27,0.007610607347957822,6.999999999999979,218,2025
2025-05-28,0.007596777388746245,6.999999999999752,217,2025
2025-05-29,0.007643448340950329,6.999999999999995,216,2025
2025-05-30,0.007673763673125878,6.999999999999843,215,2025
2025-06-02,0.007677601968976898,6.999999999999917,212,2025
2025-06-03,0.0077126512024746526,6.999999999999972,211,2025
2025-06-04,0.007664153397043106,6.99999999999989,210,2025
2025-06-05,0.007650582892211858,6.999999999999957,209,2025
2025-06-06,0.007663622075904778,6.999999999999791,208,2025
2025-06-09,0.007636729975814926,6.99999999999989,205,2025
2025-06-10,0.007661668228172595,6.99999999999987,204,2025
2025-06-11,0.007701461973015506,6.999999999999942,203,2025
2025-06-12,0.007697123661089624,7.000000000000021,202,2025
2025-06-13,0.007698260975188898,7.000000000000014,201,2025
2025-06-16,0.0077293562663373235,6.99999999999992,198,2025
2025-06-17,0.007752285515122369,6.999999999999883,197,2025
2025-06-18,0.007749358625509403,6.999999999999937,196,2025
2025-06-19,0.007806244689425859,6.999999999999893,195,2025
2025-06-20,0.007823214446589802,7.000000000000066,194,2025
2025-06-23,0.007818548759164906,6.999999999999856,191,2025
2025-06-24,0.007806737341148644,6.999999999999989,190,2025
2025-06-25,0.007838469018101134,6.999999999999925,189,2025
2025-06-26,0.00783478203177995,6.999999999999837,188,2025
2025-06-27,0.007871099685460054,6.999999999999999,187,2025
2025-06-30,0.007909726238562747,6.999999999999969,184,2025
2025-07-01,0.007950041100530948,6.999999999999881,183,2025
2025-07-02,0.007960453188459808,7.000000000000033,182,2025
2025-07-03,0.00797527018351804,6.999999999999991,181,2025
2025-07-04,0.007952855439279611,7.000000000000038,180,2025
2025-07-07,0.007975425072440505,7.0000000000000675,177,2025
2025-07-08,0.007961599125508737,7.000000000000065,176,2025
2025-07-09,0.008001150713611923,6.999999999999981,175,2025
2025-07-10,0.007936324888607984,6.999999999999995,174,2025
2025-07-11,0.007956806909715518,6.999999999999923,173,2025
2025-07-14,0.00793515582006875,6.999999999999994,170,2025
2025-07-15,0.00793549613583162,6.999999999999912,169,2025
2025-07-16,0.007927741828064057,6.999999999999964,168,2025
2025-07-17,0.007952331984495095,7.000000000000083,167,2025
2025-07-18,0.007953470722101362,7.0000000000000435,166,2025
2025-07-21,0.007916330897487155,7.000000000000008,163,2025
2025-07-22,0.007921946727679662,6.999999999999973,162,2025
2025-07-23,0.007944751266059041,6.999999999999969,161,2025
2025-07-24,0.007963709594399657,6.999999999999991,160,2025
2025-07-25,0.007969128499034174,6.999999999999999,159,2025
2025-07-28,0.007946476970194237,7.000000000000008,156,2025
2025-07-29,0.007944833607972109,7.000000000000021,155,2025
2025-07-30,0.007975072109334047,7.000000000000071,154,2025
2025-07-31,0.007982798630049978,6.999999999999959,153,2025
2025-08-01,0.007986904308827153,6.999999999999966,152,2025
2025-08-04,0.007943517366937962,7.000000000000033,149,2025
2025-08-05,0.00797815612506344,6.999999999999937,148,2025
2025-08-06,0.007979232218343029,7.000000000000052,147,2025
2025-08-07,0.007957730111578482,6.999999999999952,146,2025
2025-08-08,0.00797461088547191,7.000000000000045,145,2025
2025-08-11,0.00800962677262425,7.00000000000002,142,2025
2025-08-12,0.008005839795026372,7.000000000000016,141,2025
2025-08-13,0.00790995590221005,6.999999999999994,140,2025
2025-08-14,0.007887497594002453,6.999999999999977,139,2025
2025-08-15,0.007915678774899362,6.999999999999964,138,2025
2025-08-18,0.007977030092223546,6.999999999999982,135,2025
2025-08-19,0.008001583337227718,6.999999999999949,134,2025
2025-08-20,0.008073319200080788,6.9999999999999565,133,2025
2025-08-21,0.008050224967373818,6.999999999999992,132,2025
2025-08-22,0.008012296140656763,7.000000000000051,131,2025
2025-08-25,0.008050151106699243,6.999999999999989,128,2025
2025-08-26,0.00802101080720621,6.999999999999998,127,2025
2025-08-27,0.008016159083452464,6.999999999999962,126,2025
2025-08-28,0.008079999927926849,7.000000000000066,125,2025
2025-08-29,0.008076787321633163,7.0000000000000835,124,2025
2025-09-01,0.008078908442363373,7.0000000000000675,121,2025
2025-09-02,0.008116140705428904,7.000000000000132,120,2025
2025-09-03,0.008073080877436582,7.000000000000051,119,2025
2025-09-04,0.008067508678036024,7.000000000000052,118,2025
2025-09-05,0.008052765314187008,7.000000000000052,117,2025
2025-09-08,0.008053414151874825,7.000000000000009,114,2025
2025-09-09,0.00805920361037197,7.0000000000000675,113,2025
2025-09-10,0.008083879525032343,7.000000000000031,112,2025
2025-09-11,0.008099088293062705,7.000000000000021,111,2025
2025-09-12,0.008122177727878826,7.000000000000009,110,2025
2025-09-15,0.008132949089740263,7.000000000000103,107,2025
2025-09-16,0.008128879323921766,7.000000000000077,106,2025
2025-09-17,0.008200238678204484,6.999999999999989,105,2025
2025-09-18,0.00821087708994494,7.000000000000159,104,2025
2025-09-19,0.008188770125082914,7.00000000000007,103,2025
2025-09-22,0.008190074665185404,7.000000000000024,100,2025
2025-09-23,0.008202057522798222,7.000000000000123,99,2025
2025-09-24,0.008268275469878354,7.000000000000093,98,2025
2025-09-25,0.008256449403386476,7.000000000000024,97,2025
2025-09-26,0.008207632235207266,6.999999999999952,96,2025
2025-09-29,0.00824562120498985,6.9999999999999565,93,2025
2025-09-30,0.008267295906426097,7.000000000000081,92,2025
2025-10-01,0.00828918800620321,7.000000000000004,91,2025
2025-10-02,0.008239131892640663,7.0000000000000355,90,2025
2025-10-03,0.008268482237386776,7.000000000000036,89,2025
2025-10-06,0.008303566955399636,7.0000000000000675,86,2025
2025-10-07,0.008310156375300231,7.00000000000007,85,2025
2025-10-08,0.008371949036371597,7.000000000000115,84,2025
2025-10-09,0.008344500920196634,7.000000000000051,83,2025
2025-10-10,0.008300935939395892,7.000000000000052,82,2025
2025-10-13,0.008317049163385012,7.000000000000046,79,2025
2025-10-14,0.008305123765213314,7.000000000000041,78,2025
2025-10-15,0.008310492264626265,7.000000000000045,77,2025
2025-10-16,0.008285587848528371,7.000000000000095,76,2025
2025-10-17,0.008277783457221214,7.000000000000062,75,2025
2025-10-20,0.008289088966514398,7.000000000000066,72,2025
2025-10-21,0.008241410872965342,7.000000000000115,71,2025
2025-10-22,0.008250336849363714,7.000000000000055,70,2025
2025-10-23,0.008298816421864154,7.000000000000031,69,2025
2025-10-24,0.00828443963815314,7.00000000000013,68,2025
2025-10-27,0.008331849212389613,7.000000000000087,65,2025
2025-10-28,0.008327593495743036,7.000000000000093,64,2025
2025-10-29,0.008315670830518448,7.000000000000009,63,2025
2025-10-30,0.008334066925353961,7.000000000000134,62,2025
2025-10-31,0.008361064217135906,7.0000000000000355,61,2025
2025-11-03,0.008366197530533833,7.000000000000157,58,2025
2025-11-04,0.008347791720233377,7.000000000000102,57,2025
2025-11-05,0.008377320333651956,7.000000000000139,56,2025
2025-11-06,0.008397568116832517,7.0000000000001,55,2025
2025-11-07,0.008422443892578544,7.000000000000058,54,2025
2025-11-10,0.008376052017605615,7.000000000000004,51,2025
2025-11-11,0.008361846243737522,7.000000000000038,50,2025
2025-11-12,0.00837198666023174,7.000000000000065,49,2025
2025-11-13,0.008330957342811198,7.0000000000000675,48,2025
2025-11-14,0.008269951214576453,7.000000000000098,47,2025
2025-11-17,0.008296041976243708,6.999999999999982,44,2025
2025-11-18,0.008276059872578328,6.999999999999998,43,2025
2025-11-19,0.008273713417846561,7.000000000000028,42,2025
2025-11-20,0.008275655516319627,7.000000000000028,41,2025
2025-11-21,0.008362957055922857,7.000000000000139,40,2025
2025-11-24,0.008404853002829742,7.000000000000013,37,2025
2025-11-25,0.008412556843028662,7.000000000000014,36,2025
2025-11-26,0.008425882027087429,7.000000000000053,35,2025
2025-11-27,0.008470241648357725,7.000000000000058,34,2025
2025-11-28,0.008474214397882762,7.000000000000147,33,2025
2025-12-01,0.008391204794868662,7.000000000000045,30,2025
2025-12-02,0.008423756641011495,7.000000000000123,29,2025
2025-12-03,0.008416466202741195,7.000000000000077,28,2025
2025-12-04,0.00840075080894839,7.000000000000045,27,2025
2025-12-05,0.008348052387333191,7.000000000000166,26,2025
2025-12-08,0.00835005911840206,7.000000000000113,23,2025
2025-12-09,0.008315867136720771,7.0000000000000755,22,2025
2025-12-10,0.008266490813996946,7.00000000000008,21,2025
2025-12-11,0.008289120765447591,7.0000000000000355,20,2025
2025-12-12,0.008256901802850694,7.000000000000127,19,2025
2025-12-15,0.008283911546634904,7.000000000000179,16,2025
2025-12-16,0.00829747309634413,7.000000000000081,15,2025
2025-12-17,0.008318751393957933,7.0000000000000355,14,2025
2025-12-18,,,13,2025
2025-12-19,,,12,2025
2025-12-22,,,9,2025
2025-12-23,,,8,2025
2025-12-24,,,7,2025
2025-12-25,,,6,2025
2025-12-26,,,5,2025
2025-12-29,,,2,2025
2025-12-30,,,1,2025
2025-12-31,,,0,2025
2026-01-01,,,364,2026
2026-01-02,,,363,2026
2026-01-05,,,360,2026
2026-01-06,,,359,2026
2026-01-07,,,358,2026
2026-01-08,,,357,2026
2026-01-09,,,356,2026
2026-01-12,,,353,2026
2026-01-13,,,352,2026
2026-01-14,,,351,2026
2026-01-15,,,350,2026
2026-01-16,,,349,2026
2026-01-19,,,346,2026
2026-01-20,,,345,2026
2026-01-21,,,344,2026
2026-01-22,,,343,2026
2026-01-23,,,342,2026
2026-01-26,,,339,2026
2026-01-27,,,338,2026
2026-01-28,,,337,2026
2026-01-29,,,336,2026
2026-01-30,,,335,2026
2026-02-02,,,332,2026
2026-02-03,,,331,2026
2026-02-04,,,330,2026
2026-02-05,,,329,2026
2026-02-06,,,328,2026
2026-02-09,,,325,2026
2026-02-10,,,324,2026
2026-02-11,,,323,2026
2026-02-12,,,322,2026
2026-02-13,,,321,2026
2026-02-16,,,318,2026
2026-02-17,,,317,2026
2026-02-18,,,316,2026
2026-02-19,,,315,2026
2026-02-20,,,314,2026
2026-02-23,,,311,2026
2026-02-24,,,310,2026
2026-02-25,,,309,2026
2026-02-26,,,308,2026
2026-02-27,,,307,2026
2026-03-02,,,304,2026
2026-03-03,,,303,2026
2026-03-04,,,302,2026
2026-03-05,,,301,2026
2026-03-06,,,300,2026
2026-03-09,,,297,2026
2026-03-10,,,296,2026
2026-03-11,,,295,2026
2026-03-12,,,294,2026
2026-03-13,,,293,2026
2026-03-16,,,290,2026
2026-03-17,,,289,2026
2026-03-18,,,288,2026
2026-03-19,,,287,2026
2026-03-20,,,286,2026
2026-03-23,,,283,2026
2026-03-24,,,282,2026
2026-03-25,,,281,2026
2026-03-26,,,280,2026
2026-03-27,,,279,2026
2026-03-30,,,276,2026
2026-03-31,,,275,2026
2026-04-01,,,274,2026
2026-04-02,,,273,2026
2026-04-03,0.008169463553966326,6.999999999999876,272,2026
2026-04-06,0.008163037515596857,7.000000000000009,269,2026
2026-04-07,0.008114824448244717,6.999999999999701,268,2026
2026-04-08,0.008164499262990116,6.999999999999859,267,2026
2026-04-09,0.008168535458452898,7.000000000000045,266,2026
2026-04-10,0.008153259344327746,6.999999999999952,265,2026
2026-04-13,0.008163174836398465,7.000000000000006,262,2026
2026-04-14,0.008188676326760895,6.99999999999992,261,2026
2026-04-15,0.00815794496032213,6.999999999999945,260,2026
2026-04-16,0.008131007733735901,6.999999999999945,259,2026
2026-04-17,0.008128801279802195,6.999999999999858,258,2026
2026-04-20,0.008171177155920799,6.99999999999997,255,2026
2026-04-21,0.008193594396383636,6.999999999999713,254,2026
2026-04-22,0.008148681907963036,6.999999999999738,253,2026
2026-04-23,0.008102809397321433,6.9999999999999645,252,2026
2026-04-24,0.008157690458579048,6.999999999999927,251,2026
2026-04-27,0.008163797090910314,6.999999999999948,248,2026
2026-04-28,0.008154777983081776,6.999999999999989,247,2026
2026-04-29,0.008154973734484816,6.999999999999986,246,2026
2026-04-30,0.008184826202547209,6.999999999999851,245,2026
2026-05-01,0.008170758978994056,6.9999999999997495,244,2026
2026-05-04,0.008217091692609299,6.9999999999999325,241,2026
2026-05-05,0.008220963272949352,7.000000000000055,240,2026
2026-05-06,0.008293533491347956,6.9999999999999325,239,2026
2026-05-07,0.008293928419094385,6.999999999999779,238,2026
2026-05-08,0.008319384675625666,7.000000000000194,237,2026
2026-05-11,0.00829737840451732,6.9999999999998215,234,2026
2026-05-12,0.008265930603298598,7.000000000000038,233,2026
2026-05-13,0.008325592597425758,6.999999999999979,232,2026
2026-05-14,0.008344955944650847,6.99999999999996,231,2026
2026-05-15,0.008356961539023287,6.999999999999979,230,2026
2026-05-18,0.008343551800869035,6.999999999999816,227,2026
2026-05-19,0.0083746136952545,7.000000000000198,226,2026
2026-05-20,0.008375270002927567,6.999999999999829,225,2026
2026-05-21,0.008319982573727513,6.999999999999865,224,2026
2026-05-22,0.00831941004012042,7.000000000000023,223,2026
2026-05-25,0.008308243504193133,7.000000000000102,220,2026
2026-05-26,0.00837020769929395,6.999999999999973,219,2026
2026-05-27,0.008398486553586503,7.000000000000027,218,2026
2026-05-28,0.008346211812527819,7.000000000000049,217,2026
2026-05-29,0.008348701384402791,7.000000000000014,216,2026
2026-06-01,0.008334936611074937,7.000000000000013,213,2026
2026-06-02,0.008442003328234384,7.00000000000007,212,2026
2026-06-03,0.008433588234739862,6.999999999999962,211,2026
2026-06-04,0.008385697112960283,6.999999999999876,210,2026
2026-06-05,0.008379061362134833,7.000000000000002,209,2026
2026-06-08,0.008357536162120878,7.00000000000011,206,2026
2026-06-09,0.008374473875294964,7.000000000000156,205,2026
2026-06-10,0.008371420241390634,7.000000000000102,204,2026
2026-06-11,0.00836169714313068,7.0000000000001545,203,2026
2026-06-12,0.008403350722475644,6.999999999999897,202,2026
2026-06-15,0.008363456561000612,6.99999999999994,199,2026
2026-06-16,0.00836464190788335,6.999999999999922,198,2026
2026-06-17,0.008338377885563842,6.999999999999905,197,2026
2026-06-18,0.008338109224848607,7.000000000000083,196,2026
2026-06-19,0.008336179427180514,6.9999999999998455,195,2026
2026-06-22,0.008335676803332193,6.9999999999999325,192,2026
2026-06-23,0.008341337782559764,7.000000000000038,191,2026
2026-06-24,0.008359634823605652,7.000000000000033,190,2026
2026-06-25,0.008295784021675572,6.999999999999676,189,2026
2026-06-26,0.008269509213705579,6.999999999999897,188,2026
2026-06-29,0.008243277394343437,6.999999999999919,185,2026
2026-06-30,0.008182417430349259,6.999999999999868,184,2026
2026-07-01,0.008158925710249686,6.999999999999906,183,2026
2026-07-02,0.008117483893227109,6.99999999999996,182,2026
2026-07-03,0.00813622253034203,6.999999999999982,181,2026
2026-07-06,0.008145016151757063,6.999999999999906,178,2026
2026-07-07,0.008141342479135442,6.999999999999973,177,2026
2026-07-08,0.008187117993772064,7.0000000000001155,176,2026
2026-07-09,0.008159364548700377,6.9999999999999565,175,2026
2026-07-10,0.008128199374036263,6.999999999999912,174,2026
2026-07-13,0.008115692763167322,7.000000000000002,171,2026
2026-07-14,0.00817132270933717,6.999999999999941,170,2026
2026-07-15,0.008198743015182294,6.999999999999949,169,2026
2026-07-16,0.008201661482441423,7.000000000000026,168,2026
2026-07-17,0.008234485838366508,6.9999999999998845,167,2026
2026-07-20,0.008239863733162609,7.000000000000058,164,2026
2026-07-21,0.008253282792644347,7.000000000000013,163,2026
2026-07-22,0.00819317820759305,7.000000000000124,162,2026
2026-07-23,0.008241223696788254,6.999999999999942,161,2026
2026-07-24,0.008255760753880318,6.999999999999976,160,2026
2026-07-27,0.008255650550552456,6.99999999999988,157,2026
2026-07-28,0.008212067249112219,7.000000000000065,156,2026
2026-07-29,0.008242822007414578,6.999999999999812,155,2026
2026-07-30,0.008231622462859465,6.999999999999947,154,2026
2026-07-31,0.008248875822046167,6.999999999999973,153,2026
2026-08-03,0.00822323787362436,7.0000000000001,150,2026
2026-08-04,0.008172433003262503,7.000000000000066,149,2026
2026-08-05,0.008133834633071168,6.999999999999973,148,2026
2026-08-06,0.008257552366853747,7.000000000000065,147,2026
2026-08-07,0.008217638710723767,7.000000000000034,146,2026
2026-08-10,0.008219827396530502,7.000000000000021,143,2026
2026-08-11,0.008170875215790593,7.000000000000112,142,2026
2026-08-12,0.008139841261270398,6.999999999999954,141,2026
2026-08-13,0.008195749935751308,6.999999999999992,140,2026
2026-08-14,0.008267277062992287,6.999999999999989,139,2026
2026-08-17,0.008291458608217261,6.999999999999982,136,2026
2026-08-18,0.008332276830475587,6.999999999999973,135,2026
2026-08-19,0.008352277924872729,7.0000000000000115,134,2026
2026-08-20,0.008392846166495941,6.999999999999917,133,2026
2026-08-21,0.008469210507933185,7.0000000000000355,132,2026
2026-08-24,0.008398050103610279,7.0000000000000036,129,2026
2026-08-25,0.008422985889853254,7.000000000000031,128,2026
2026-08-26,0.008399252623074064,7.0000000000000115,127,2026
2026-08-27,0.00839922944750265,6.999999999999976,126,2026
2026-08-28,0.00835861755983408,7.000000000000065,125,2026
