obs_date,jump_pts,jump_ann_pct,days_to_turn,year
2016-08-29,0.012664680341826665,14.999999999999961,124,2016
2016-08-30,0.01265986348094112,14.999999999999986,123,2016
2016-08-31,0.012640973572803412,14.999999999999968,122,2016
2016-09-01,0.01260603925084322,14.999999999999975,121,2016
2016-09-02,0.012654817186538386,14.999999999999995,120,2016
2016-09-05,0.012748637814922859,15.000000000000014,117,2016
2016-09-06,0.012683128936154895,14.999999999999972,116,2016
2016-09-07,0.012634110350702856,14.999999999999961,115,2016
2016-09-08,0.01259714581829426,14.999999999999986,114,2016
2016-09-09,0.012635187604984732,15.00000000000002,113,2016
2016-09-12,0.012579691351577266,14.999999999999927,110,2016
2016-09-13,0.012436977613156291,14.999999999999986,109,2016
2016-09-14,0.012457111716554099,14.999999999999977,108,2016
2016-09-15,0.012444997991091538,15.000000000000032,107,2016
2016-09-16,0.01234049402621058,15.00000000000003,106,2016
2016-09-19,0.012396154474857294,14.999999999999961,103,2016
2016-09-20,0.012394347300621849,15.00000000000003,102,2016
2016-09-21,0.012372425674948166,15.0,101,2016
2016-09-22,0.012321242137275064,15.000000000000064,100,2016
2016-09-23,0.01232296381016389,14.999999999999943,99,2016
2016-09-26,0.012310151789888438,14.999999999999996,96,2016
2016-09-27,0.012301760303533086,15.000000000000005,95,2016
2016-09-28,0.01227775777760969,14.999999999999991,94,2016
2016-09-29,0.012241396833954851,14.999999999999972,93,2016
2016-09-30,0.012191018140194583,14.999999999999968,92,2016
2016-10-03,0.01228452277261566,14.999999999999925,89,2016
2016-10-04,0.012309780115488072,14.999999999999991,88,2016
2016-10-05,0.012378919977572265,14.999999999999963,87,2016
2016-10-06,0.01235670763113708,14.999999999999957,86,2016
2016-10-07,0.012350842891905422,15.0,85,2016
2016-10-10,0.012310406266329092,14.999999999999908,82,2016
2016-10-11,0.012294832168433583,15.000000000000007,81,2016
2016-10-12,0.012310127373535986,14.999999999999963,80,2016
2016-10-13,0.012293725034341665,14.999999999999975,79,2016
2016-10-14,0.012270969683178387,14.999999999999982,78,2016
2016-10-17,0.012240399341635552,15.000000000000039,75,2016
2016-10-18,0.012214713554105618,14.999999999999986,74,2016
2016-10-19,0.012163240766256455,14.999999999999988,73,2016
2016-10-20,0.01212862618534865,14.999999999999961,72,2016
2016-10-21,0.012101029309025221,14.999999999999956,71,2016
2016-10-24,0.012091651020050028,14.999999999999975,68,2016
2016-10-25,0.0120653164286084,14.999999999999972,67,2016
2016-10-26,0.012103852550844462,15.000000000000032,66,2016
2016-10-27,0.012117102585005798,15.0,65,2016
2016-10-28,0.012131906336046527,14.999999999999941,64,2016
2016-10-31,0.012075123754613825,14.999999999999982,61,2016
2016-11-01,0.012042912071303145,14.999999999999988,60,2016
2016-11-02,0.011925332225495211,15.000000000000016,59,2016
2016-11-03,0.01192859899192956,14.999999999999961,58,2016
2016-11-04,0.01189667380984776,14.999999999999961,57,2016
2016-11-07,0.01184363312580038,14.999999999999996,54,2016
2016-11-08,0.011864728192226007,14.999999999999995,53,2016
2016-11-09,0.011807491007954135,14.999999999999957,52,2016
2016-11-10,0.01183036371450786,14.999999999999988,51,2016
2016-11-11,0.011771121384662738,14.999999999999995,50,2016
2016-11-14,0.011812704939102253,14.999999999999988,47,2016
2016-11-15,0.011760941618864993,14.999999999999961,46,2016
2016-11-16,0.011746454552679503,14.999999999999961,45,2016
2016-11-17,0.011764296959508942,14.999999999999988,44,2016
2016-11-18,0.011728113152436891,14.999999999999968,43,2016
2016-11-21,0.011697074084630712,15.000000000000005,40,2016
2016-11-22,0.011681430860261466,14.999999999999966,39,2016
2016-11-23,0.011687040009034241,15.0,38,2016
2016-11-24,0.011761438757746602,14.999999999999961,37,2016
2016-11-25,0.011762540465308821,14.999999999999961,36,2016
2016-11-28,0.011736973418292931,15.00000000000003,33,2016
2016-11-29,0.011819639524962866,15.00000000000001,32,2016
2016-11-30,0.01184868957802256,14.999999999999995,31,2016
2016-12-01,0.011790883752085628,14.999999999999982,30,2016
2016-12-02,0.011722467378536489,14.999999999999988,29,2016
2016-12-05,0.011780005454097534,14.999999999999975,26,2016
2016-12-06,0.011784023055211982,14.99999999999995,25,2016
2016-12-07,0.011808281140392035,14.999999999999975,24,2016
2016-12-08,0.01183724535949249,14.999999999999877,23,2016
2016-12-09,0.01185665830215637,14.999999999999908,22,2016
2016-12-12,0.011844500842813042,15.000000000000005,19,2016
2016-12-13,0.011767425793960099,14.999999999999968,18,2016
2016-12-14,0.011797264533411048,15.00000000000004,17,2016
2016-12-15,0.011758029566200727,15.000000000000014,16,2016
2016-12-16,0.011820040815368221,14.999999999999918,15,2016
2016-12-19,,,12,2016
2016-12-20,,,11,2016
2016-12-21,,,10,2016
2016-12-22,,,9,2016
2016-12-23,,,8,2016
2016-12-26,,,5,2016
2016-12-27,,,4,2016
2016-12-28,,,3,2016
2016-12-29,,,2,2016
2016-12-30,,,1,2016
2017-01-02,,,363,2017
2017-01-03,,,362,2017
2017-01-04,,,361,2017
2017-01-05,,,360,2017
2017-01-06,,,359,2017
2017-01-09,,,356,2017
2017-01-10,,,355,2017
2017-01-11,,,354,2017
2017-01-12,,,353,2017
2017-01-13,,,352,2017
2017-01-16,,,349,2017
2017-01-17,,,348,2017
2017-01-18,,,347,2017
2017-01-19,,,346,2017
2017-01-20,,,345,2017
2017-01-23,,,342,2017
2017-01-24,,,341,2017
2017-01-25,,,340,2017
2017-01-26,,,339,2017
2017-01-27,,,338,2017
2017-01-30,,,335,2017
2017-01-31,,,334,2017
2017-02-01,,,333,2017
2017-02-02,,,332,2017
2017-02-03,,,331,2017
2017-02-06,,,328,2017
2017-02-07,,,327,2017
2017-02-08,,,326,2017
2017-02-09,,,325,2017
2017-02-10,,,324,2017
2017-02-13,,,321,2017
2017-02-14,,,320,2017
2017-02-15,,,319,2017
2017-02-16,,,318,2017
2017-02-17,,,317,2017
2017-02-20,,,314,2017
2017-02-21,,,313,2017
2017-02-22,,,312,2017
2017-02-23,,,311,2017
2017-02-24,,,310,2017
2017-02-27,,,307,2017
2017-02-28,,,306,2017
2017-03-01,,,305,2017
2017-03-02,,,304,2017
2017-03-03,,,303,2017
2017-03-06,,,300,2017
2017-03-07,,,299,2017
2017-03-08,,,298,2017
2017-03-09,,,297,2017
2017-03-10,,,296,2017
2017-03-13,,,293,2017
2017-03-14,,,292,2017
2017-03-15,,,291,2017
2017-03-16,,,290,2017
2017-03-17,,,289,2017
2017-03-20,,,286,2017
2017-03-21,,,285,2017
2017-03-22,,,284,2017
2017-03-23,,,283,2017
2017-03-24,,,282,2017
2017-03-27,,,279,2017
2017-03-28,,,278,2017
2017-03-29,,,277,2017
2017-03-30,,,276,2017
2017-03-31,,,275,2017
2017-04-03,0.012293723297314454,14.999999999999956,272,2017
2017-04-04,0.012266324924069994,15.000000000000066,271,2017
2017-04-05,0.012272454544571992,14.999999999999966,270,2017
2017-04-06,0.012236197795821089,15.000000000000005,269,2017
2017-04-07,0.012193145129567436,14.999999999999995,268,2017
2017-04-10,0.012182745727918064,14.999999999999988,265,2017
2017-04-11,0.012255409044265348,15.000000000000007,264,2017
2017-04-12,0.012203693156987628,15.00000000000005,263,2017
2017-04-13,0.012259409574156324,15.000000000000002,262,2017
2017-04-14,0.012284716505776193,15.000000000000039,261,2017
2017-04-17,0.012262507738920375,15.00000000000007,258,2017
2017-04-18,0.012252986982848324,15.000000000000036,257,2017
2017-04-19,0.012219273433945674,15.000000000000007,256,2017
2017-04-20,0.01223117476760193,15.000000000000007,255,2017
2017-04-21,0.012246578479363767,15.000000000000036,254,2017
2017-04-24,0.012236482805330606,14.999999999999952,251,2017
2017-04-25,0.012279472659979553,15.00000000000001,250,2017
2017-04-26,0.012175801143928605,15.000000000000055,249,2017
2017-04-27,0.012169408644459681,15.000000000000005,248,2017
2017-04-28,0.012178977258981673,15.00000000000004,247,2017
2017-05-01,0.012274476135484044,14.999999999999938,244,2017
2017-05-02,0.012245657297799771,14.999999999999995,243,2017
2017-05-03,0.012182760401794718,14.999999999999995,242,2017
2017-05-04,0.01219916253918095,15.000000000000066,241,2017
2017-05-05,0.012126801398590977,15.000000000000071,240,2017
2017-05-08,0.012065602625651393,15.000000000000044,237,2017
2017-05-09,0.012088871542545579,14.999999999999991,236,2017
2017-05-10,0.012035099613090686,15.000000000000055,235,2017
2017-05-11,0.012023470945156012,15.000000000000002,234,2017
2017-05-12,0.012095980346404075,14.99999999999998,233,2017
2017-05-15,0.011994379208631585,14.999999999999986,230,2017
2017-05-16,0.012045009364012598,14.999999999999995,229,2017
2017-05-17,0.012044758181058254,15.0,228,2017
2017-05-18,0.012057415320850456,15.000000000000075,227,2017
2017-05-19,0.012060074850817887,15.000000000000021,226,2017
2017-05-22,0.012017591382337474,15.000000000000046,223,2017
2017-05-23,0.01200630979122619,15.000000000000057,222,2017
2017-05-24,0.011943766504839824,15.000000000000039,221,2017
2017-05-25,0.011962710493955364,14.999999999999961,220,2017
2017-05-26,0.011952929110525968,14.999999999999941,219,2017
2017-05-29,0.011937715171629192,15.00000000000006,216,2017
2017-05-30,0.011851632171066766,14.999999999999906,215,2017
2017-05-31,0.011851150393761513,15.00000000000001,214,2017
2017-06-01,0.011932139559725694,15.000000000000021,213,2017
2017-06-02,0.011929952702901007,15.000000000000089,212,2017
2017-06-05,0.01197084318911603,14.999999999999975,209,2017
2017-06-06,0.01183108185159573,15.000000000000021,208,2017
2017-06-07,0.011775895287045056,14.999999999999938,207,2017
2017-06-08,0.011803939605903684,14.999999999999995,206,2017
2017-06-09,0.011814020818114503,14.999999999999982,205,2017
2017-06-12,0.011791780940409403,14.999999999999956,202,2017
2017-06-13,0.011798925030541564,15.000000000000005,201,2017
2017-06-14,0.011818277236543176,15.00000000000002,200,2017
2017-06-15,0.011797963556343882,14.999999999999988,199,2017
2017-06-16,0.011788073967940679,14.99999999999995,198,2017
2017-06-19,0.011829933930336357,15.000000000000114,195,2017
2017-06-20,0.011719465387040998,14.999999999999988,194,2017
2017-06-21,0.011741467387266911,15.00000000000002,193,2017
2017-06-22,0.011768977834755072,15.000000000000032,192,2017
2017-06-23,0.011687611890208123,14.999999999999988,191,2017
2017-06-26,0.011656416657945678,15.000000000000039,188,2017
2017-06-27,0.011655187046415095,15.000000000000027,187,2017
2017-06-28,0.011626432086622309,14.999999999999972,186,2017
2017-06-29,0.011547063065967025,14.999999999999982,185,2017
2017-06-30,0.011562939821556178,15.000000000000083,184,2017
2017-07-03,0.0115854589433791,14.999999999999996,181,2017
2017-07-04,0.011575440257145799,14.999999999999975,180,2017
2017-07-05,0.011568307832892408,14.999999999999975,179,2017
2017-07-06,0.011580719670669856,14.999999999999975,178,2017
2017-07-07,0.011609430649867556,14.99999999999998,177,2017
2017-07-10,0.011612654656669611,15.000000000000027,174,2017
2017-07-11,0.011649536856318187,14.999999999999947,173,2017
2017-07-12,0.011767500523230999,14.999999999999975,172,2017
2017-07-13,0.011764121475632706,15.00000000000003,171,2017
2017-07-14,0.011782860839277038,14.999999999999982,170,2017
2017-07-17,0.011749162171605492,14.999999999999995,167,2017
2017-07-18,0.011751925590613428,15.000000000000036,166,2017
2017-07-19,0.01172259089115499,14.999999999999972,165,2017
2017-07-20,0.011799360330396132,14.999999999999996,164,2017
2017-07-21,0.011686168005120368,14.999999999999996,163,2017
2017-07-24,0.011721205100214382,15.000000000000005,160,2017
2017-07-25,0.011738329862675307,15.000000000000014,159,2017
2017-07-26,0.011769620964243735,14.999999999999968,158,2017
2017-07-27,0.011708308947842243,14.999999999999991,157,2017
2017-07-28,0.011729278581761897,14.999999999999995,156,2017
2017-07-31,0.011798984685313216,14.999999999999982,153,2017
2017-08-01,0.011748227526940751,15.000000000000027,152,2017
2017-08-02,0.01163764615689627,14.999999999999982,151,2017
2017-08-03,0.011664125529937468,15.000000000000032,150,2017
2017-08-04,0.011630577571636033,14.999999999999995,149,2017
2017-08-07,0.011683115644159638,14.999999999999996,146,2017
2017-08-08,0.011746571715647247,15.000000000000014,145,2017
2017-08-09,0.011737943938727013,15.000000000000007,144,2017
2017-08-10,0.01172752030447453,15.000000000000046,143,2017
2017-08-11,0.011748854228799543,15.00000000000001,142,2017
2017-08-14,0.01170316849633224,15.00000000000003,139,2017
2017-08-15,0.01169936500400718,15.000000000000025,138,2017
2017-08-16,0.011728917955690744,14.999999999999988,137,2017
2017-08-17,0.01171356805351926,15.000000000000025,136,2017
2017-08-18,0.011743830518395313,15.00000000000002,135,2017
2017-08-21,0.011808102449962983,15.000000000000014,132,2017
2017-08-22,0.011850183110556961,14.999999999999995,131,2017
2017-08-23,0.011831151183459083,14.999999999999968,130,2017
2017-08-24,0.011935293280917645,15.00000000000002,129,2017
2017-08-25,0.011894851464152414,15.00000000000001,128,2017
2017-08-28,0.0118927016856828,15.00000000000004,125,2017
2017-08-29,0.011902977271707632,15.000000000000007,124,2017
2017-08-30,0.011936623988500332,15.000000000000005,123,2017
2017-08-31,0.011939063037133905,15.000000000000032,122,2017
2017-09-01,0.011905309723931093,14.999999999999988,121,2017
2017-09-04,0.011908694656624749,15.000000000000014,118,2017
2017-09-05,0.011892924334020694,15.0,117,2017
2017-09-06,0.011872420853691947,15.000000000000036,116,2017
2017-09-07,0.011852546072224692,15.0,115,2017
2017-09-08,0.011854166437674956,15.000000000000007,114,2017
2017-09-11,0.011846776134305537,14.999999999999995,111,2017
2017-09-12,0.011946369088823346,15.0,110,2017
2017-09-13,0.0119534050340344,14.999999999999975,109,2017
2017-09-14,0.012017966118154779,15.000000000000025,108,2017
2017-09-15,0.012022936846390676,14.999999999999977,107,2017
2017-09-18,0.012004477120808323,14.999999999999996,104,2017
2017-09-19,0.011961333178317629,15.000000000000021,103,2017
2017-09-20,0.01186313479895286,15.00000000000002,102,2017
2017-09-21,0.011835666739827085,15.000000000000002,101,2017
2017-09-22,0.011795504192166757,15.000000000000002,100,2017
2017-09-25,0.011799289433912877,14.999999999999996,97,2017
2017-09-26,0.011824830482721543,14.999999999999995,96,2017
2017-09-27,0.011837205514483128,15.00000000000002,95,2017
2017-09-28,0.011803873854721229,15.000000000000036,94,2017
2017-09-29,0.011858840430450076,15.000000000000005,93,2017
2017-10-02,0.01181919170137685,15.000000000000016,90,2017
2017-10-03,0.011806063310880079,14.999999999999988,89,2017
2017-10-04,0.011795851050371101,14.999999999999982,88,2017
2017-10-05,0.011816590723338512,14.999999999999986,87,2017
2017-10-06,0.011819689741961499,14.999999999999988,86,2017
2017-10-09,0.011843351271459196,14.999999999999968,83,2017
2017-10-10,0.011859435988134073,15.00000000000002,82,2017
2017-10-11,0.011837685829910051,14.999999999999956,81,2017
2017-10-12,0.011797811840315309,15.000000000000007,80,2017
2017-10-13,0.011817283077748807,14.999999999999961,79,2017
2017-10-16,0.011860183026235958,15.000000000000002,76,2017
2017-10-17,0.011870979919610525,15.00000000000002,75,2017
2017-10-18,0.011839672018170157,14.999999999999995,74,2017
2017-10-19,0.01183121145236702,14.999999999999977,73,2017
2017-10-20,0.011886711993541311,14.999999999999952,72,2017
2017-10-23,0.011841924003064865,15.000000000000016,69,2017
2017-10-24,0.011927966021394835,15.000000000000036,68,2017
2017-10-25,0.011959786024502147,14.999999999999995,67,2017
2017-10-26,0.012040508080101788,14.999999999999975,66,2017
2017-10-27,0.011982681613560139,14.999999999999932,65,2017
2017-10-30,0.011914678235853437,14.999999999999986,62,2017
2017-10-31,0.011823620392097417,15.000000000000027,61,2017
2017-11-01,0.011761737273101328,14.999999999999991,60,2017
2017-11-02,0.011840145483189079,14.999999999999991,59,2017
2017-11-03,0.011860022122445937,14.99999999999998,58,2017
2017-11-06,0.011833302981679054,14.999999999999982,55,2017
2017-11-07,0.011830092563099512,14.99999999999998,54,2017
2017-11-08,0.011851120794023961,15.000000000000014,53,2017
2017-11-09,0.011850396592060502,14.999999999999972,52,2017
2017-11-10,0.011864056554961375,14.999999999999982,51,2017
2017-11-13,0.011882774179356235,15.000000000000036,48,2017
2017-11-14,0.011823522621582375,15.000000000000005,47,2017
2017-11-15,0.01182798930910595,15.000000000000014,46,2017
2017-11-16,0.011937597293926207,14.999999999999988,45,2017
2017-11-17,0.011984717614447239,14.999999999999982,44,2017
2017-11-20,0.011964374213313434,15.000000000000027,41,2017
2017-11-21,0.011977999087848653,14.99999999999993,40,2017
2017-11-22,0.01205451005338917,14.999999999999995,39,2017
2017-11-23,0.01199026159005381,15.000000000000007,38,2017
2017-11-24,0.011939959986339753,14.999999999999982,37,2017
2017-11-27,0.011910188374415506,14.999999999999956,34,2017
2017-11-28,0.011851071012026251,14.999999999999941,33,2017
2017-11-29,0.011890294027450368,14.999999999999956,32,2017
2017-11-30,0.011954933716681285,15.000000000000007,31,2017
2017-12-01,0.011897119007809067,14.999999999999988,30,2017
2017-12-04,0.011905273530481642,14.999999999999941,27,2017
2017-12-05,0.011827505035840314,14.999999999999936,26,2017
2017-12-06,0.011806206486143783,14.99999999999993,25,2017
2017-12-07,0.011864359941754749,14.999999999999956,24,2017
2017-12-08,0.011844562430072536,14.999999999999956,23,2017
2017-12-11,0.011902557336424473,15.000000000000036,20,2017
2017-12-12,0.011870560419394396,14.999999999999963,19,2017
2017-12-13,0.011804792456036063,14.999999999999883,18,2017
2017-12-14,0.01181529569991296,14.999999999999975,17,2017
2017-12-15,0.011853082602662693,14.999999999999975,16,2017
2017-12-18,,,13,2017
2017-12-19,,,12,2017
2017-12-20,,,11,2017
2017-12-21,,,10,2017
2017-12-22,,,9,2017
2017-12-25,,,6,2017
2017-12-26,,,5,2017
2017-12-27,,,4,2017
2017-12-28,,,3,2017
2017-12-29,,,2,2017
2018-01-01,,,364,2018
2018-01-02,,,363,2018
2018-01-03,,,362,2018
2018-01-04,,,361,2018
2018-01-05,,,360,2018
2018-01-08,,,357,2018
2018-01-09,,,356,2018
2018-01-10,,,355,2018
2018-01-11,,,354,2018
2018-01-12,,,353,2018
2018-01-15,,,350,2018
2018-01-16,,,349,2018
2018-01-17,,,348,2018
2018-01-18,,,347,2018
2018-01-19,,,346,2018
2018-01-22,,,343,2018
2018-01-23,,,342,2018
2018-01-24,,,341,2018
2018-01-25,,,340,2018
2018-01-26,,,339,2018
2018-01-29,,,336,2018
2018-01-30,,,335,2018
2018-01-31,,,334,2018
2018-02-01,,,333,2018
2018-02-02,,,332,2018
2018-02-05,,,329,2018
2018-02-06,,,328,2018
2018-02-07,,,327,2018
2018-02-08,,,326,2018
2018-02-09,,,325,2018
2018-02-12,,,322,2018
2018-02-13,,,321,2018
2018-02-14,,,320,2018
2018-02-15,,,319,2018
2018-02-16,,,318,2018
2018-02-19,,,315,2018
2018-02-20,,,314,2018
2018-02-21,,,313,2018
2018-02-22,,,312,2018
2018-02-23,,,311,2018
2018-02-26,,,308,2018
2018-02-27,,,307,2018
2018-02-28,,,306,2018
2018-03-01,,,305,2018
2018-03-02,,,304,2018
2018-03-05,,,301,2018
2018-03-06,,,300,2018
2018-03-07,,,299,2018
2018-03-08,,,298,2018
2018-03-09,,,297,2018
2018-03-12,,,294,2018
2018-03-13,,,293,2018
2018-03-14,,,292,2018
2018-03-15,,,291,2018
2018-03-16,,,290,2018
2018-03-19,,,287,2018
2018-03-20,,,286,2018
2018-03-21,,,285,2018
2018-03-22,,,284,2018
2018-03-23,,,283,2018
2018-03-26,,,280,2018
2018-03-27,,,279,2018
2018-03-28,,,278,2018
2018-03-29,,,277,2018
2018-03-30,,,276,2018
2018-04-02,,,273,2018
2018-04-03,0.012394927850808814,15.000000000000036,272,2018
2018-04-04,0.012525319024790546,15.000000000000075,271,2018
2018-04-05,0.012550631021820021,15.000000000000016,270,2018
2018-04-06,0.01264630246120599,15.000000000000046,269,2018
2018-04-09,0.012659261021854952,14.99999999999993,266,2018
2018-04-10,0.012697537843682672,14.999999999999988,265,2018
2018-04-11,0.01271764172704527,14.999999999999893,264,2018
2018-04-12,0.012745893732251845,14.999999999999991,263,2018
2018-04-13,0.0127958871549254,15.000000000000108,262,2018
2018-04-16,0.012735785240674102,15.00000000000018,259,2018
2018-04-17,0.01268250460504488,15.000000000000066,258,2018
2018-04-18,0.012662863243995551,15.000000000000002,257,2018
2018-04-19,0.012754828323330643,15.000000000000085,256,2018
2018-04-20,0.01272643369215676,15.000000000000046,255,2018
2018-04-23,0.01273538597781542,15.000000000000075,252,2018
2018-04-24,0.012709469525011815,14.99999999999995,251,2018
2018-04-25,0.01275298041875717,15.000000000000103,250,2018
2018-04-26,0.012707518400780268,15.000000000000076,249,2018
2018-04-27,0.01275783916027273,15.000000000000027,248,2018
2018-04-30,0.012708156988253446,14.999999999999936,245,2018
2018-05-01,0.012708240159018128,14.999999999999941,244,2018
2018-05-02,0.012679745748405422,14.999999999999869,243,2018
2018-05-03,0.012643707451294802,15.0,242,2018
2018-05-04,0.01266063827633148,15.000000000000027,241,2018
2018-05-07,0.012699043396949952,15.0000000000001,238,2018
2018-05-08,0.012715042039569559,14.999999999999968,237,2018
2018-05-09,0.012709995725558388,15.000000000000002,236,2018
2018-05-10,0.01268108604307498,14.99999999999998,235,2018
2018-05-11,0.01259234419844446,15.000000000000027,234,2018
2018-05-14,0.012624673909125944,15.000000000000089,231,2018
2018-05-15,0.012578098767553428,15.000000000000014,230,2018
2018-05-16,0.012636890744071505,14.999999999999975,229,2018
2018-05-17,0.012684645028698238,15.00000000000007,228,2018
2018-05-18,0.012734375725190554,14.999999999999995,227,2018
2018-05-21,0.012769207917262429,15.000000000000046,224,2018
2018-05-22,0.012766552924729639,14.999999999999972,223,2018
2018-05-23,0.012791636898388884,14.999999999999977,222,2018
2018-05-24,0.012777246278812819,14.999999999999966,221,2018
2018-05-25,0.012790843277563524,15.000000000000039,220,2018
2018-05-28,0.012759036360946002,14.999999999999961,217,2018
2018-05-29,0.01276356914609101,15.000000000000014,216,2018
2018-05-30,0.012770291885654966,14.999999999999991,215,2018
2018-05-31,0.012737462292614254,15.000000000000075,214,2018
2018-06-01,0.012743887618673977,14.999999999999982,213,2018
2018-06-04,0.012876209423697185,14.999999999999991,210,2018
2018-06-05,0.012812548969203011,14.999999999999938,209,2018
2018-06-06,0.012779746959004488,15.000000000000002,208,2018
2018-06-07,0.012723503895523267,14.99999999999995,207,2018
2018-06-08,0.012775089040985326,15.000000000000005,206,2018
2018-06-11,0.01278926219634889,15.0,203,2018
2018-06-12,0.012832991632970752,15.000000000000021,202,2018
2018-06-13,0.01284719872418063,14.999999999999975,201,2018
2018-06-14,0.01283056769690252,15.000000000000039,200,2018
2018-06-15,0.012866989160300563,15.00000000000013,199,2018
2018-06-18,0.012964232339204844,15.000000000000021,196,2018
2018-06-19,0.012849510862722738,15.000000000000119,195,2018
2018-06-20,0.01289800354275396,14.999999999999902,194,2018
2018-06-21,0.01296230882930375,15.000000000000055,193,2018
2018-06-22,0.012880616693563711,14.999999999999988,192,2018
2018-06-25,0.01296481042000137,15.000000000000007,189,2018
2018-06-26,0.01292094676435038,15.000000000000002,188,2018
2018-06-27,0.012943035847546028,15.000000000000046,187,2018
2018-06-28,0.01295186297343653,15.000000000000021,186,2018
2018-06-29,0.012932528070447884,15.000000000000021,185,2018
2018-07-02,0.012914165941197629,14.99999999999995,182,2018
2018-07-03,0.012914688029862143,14.999999999999961,181,2018
2018-07-04,0.013031274647045748,14.999999999999982,180,2018
2018-07-05,0.013087186581782801,14.999999999999995,179,2018
2018-07-06,0.013202037549978314,15.00000000000004,178,2018
2018-07-09,0.013269598333014382,14.999999999999977,175,2018
2018-07-10,0.013309718929457929,15.000000000000002,174,2018
2018-07-11,0.013230858907525752,15.000000000000027,173,2018
2018-07-12,0.01323973415828791,14.99999999999998,172,2018
2018-07-13,0.013225407734250865,14.999999999999982,171,2018
2018-07-16,0.013197937070088327,14.999999999999982,168,2018
2018-07-17,0.01323163859909576,15.000000000000007,167,2018
2018-07-18,0.013222440543520442,14.999999999999966,166,2018
2018-07-19,0.01327164476993642,15.000000000000021,165,2018
2018-07-20,0.013339202458727039,14.999999999999947,164,2018
2018-07-23,0.01336441569193966,15.000000000000014,161,2018
2018-07-24,0.013363350254213539,14.999999999999995,160,2018
2018-07-25,0.01342936441732052,14.999999999999975,159,2018
2018-07-26,0.013373813121660317,14.999999999999977,158,2018
2018-07-27,0.01337132144898327,14.999999999999922,157,2018
2018-07-30,0.013372060306745915,14.999999999999961,154,2018
2018-07-31,0.013362133819442007,14.999999999999957,153,2018
2018-08-01,0.01348051307269561,14.999999999999995,152,2018
2018-08-02,0.013446642018157715,15.00000000000004,151,2018
2018-08-03,0.013530063221569228,15.000000000000014,150,2018
2018-08-06,0.01350002663723871,15.000000000000027,147,2018
2018-08-07,0.013511001234812008,15.000000000000007,146,2018
2018-08-08,0.013540901114873334,15.000000000000002,145,2018
2018-08-09,0.013564080846155352,15.000000000000007,144,2018
2018-08-10,0.013636873287917307,14.999999999999972,143,2018
2018-08-13,0.013797297879277384,14.999999999999963,140,2018
2018-08-14,0.01380365447380257,14.999999999999968,139,2018
2018-08-15,0.01375613723451808,14.999999999999975,138,2018
2018-08-16,0.013796504678678751,15.000000000000027,137,2018
2018-08-17,0.013735156645756178,14.999999999999975,136,2018
2018-08-20,0.013750377497405443,14.999999999999956,133,2018
2018-08-21,0.013918738346928632,15.0,132,2018
2018-08-22,0.013916250992022523,14.999999999999963,131,2018
2018-08-23,0.013870943078707175,15.000000000000027,130,2018
2018-08-24,0.01384675725324726,15.000000000000046,129,2018
2018-08-27,0.013797202302179233,15.000000000000025,126,2018
2018-08-28,0.013783882415815693,15.000000000000055,125,2018
2018-08-29,0.013790921688921941,15.000000000000046,124,2018
2018-08-30,0.0138094272699825,15.000000000000025,123,2018
2018-08-31,0.013715106335401713,14.999999999999995,122,2018
2018-09-03,0.013711568314602848,15.000000000000007,119,2018
2018-09-04,0.013602397178362305,15.00000000000003,118,2018
2018-09-05,0.013562773172709687,15.000000000000032,117,2018
2018-09-06,0.013478457901775976,15.000000000000002,116,2018
2018-09-07,0.013392947467137959,15.000000000000036,115,2018
2018-09-10,0.013391238192042548,15.000000000000016,112,2018
2018-09-11,0.013346113707609778,15.00000000000002,111,2018
2018-09-12,0.01329840474919901,15.000000000000036,110,2018
2018-09-13,0.01319405650281663,14.999999999999988,109,2018
2018-09-14,0.013211489611034907,15.000000000000021,108,2018
2018-09-17,0.013191627088794781,15.000000000000021,105,2018
2018-09-18,0.013247431654528548,15.000000000000007,104,2018
2018-09-19,0.013290191205994943,15.000000000000002,103,2018
2018-09-20,0.013265999335162027,15.00000000000001,102,2018
2018-09-21,0.013254675594068746,15.0,101,2018
2018-09-24,0.01324472816994389,15.00000000000002,98,2018
2018-09-25,0.013183458179299336,15.000000000000014,97,2018
2018-09-26,0.013209811836781224,14.999999999999995,96,2018
2018-09-27,0.013228225573473926,14.99999999999998,95,2018
2018-09-28,0.013184534002542724,14.999999999999996,94,2018
2018-10-01,0.013108317603435036,15.000000000000002,91,2018
2018-10-02,0.013146964584641766,15.000000000000002,90,2018
2018-10-03,0.01313473137822087,14.999999999999968,89,2018
2018-10-04,0.013051428270483919,14.999999999999977,88,2018
2018-10-05,0.013093712258545373,14.999999999999936,87,2018
2018-10-08,0.013101044345580046,14.999999999999988,84,2018
2018-10-09,0.013156953264602114,14.999999999999961,83,2018
2018-10-10,0.0131376296208478,14.999999999999975,82,2018
2018-10-11,0.013175114354868457,14.999999999999961,81,2018
2018-10-12,0.013197379334920467,14.999999999999986,80,2018
2018-10-15,0.013235338583811315,14.999999999999943,77,2018
2018-10-16,0.013312976921565627,14.999999999999968,76,2018
2018-10-17,0.013349276513214098,14.999999999999972,75,2018
2018-10-18,0.013271570433744145,14.999999999999995,74,2018
2018-10-19,0.01324380474078241,14.999999999999975,73,2018
2018-10-22,0.013123806895785876,14.999999999999995,70,2018
2018-10-23,0.013190493400648899,15.000000000000002,69,2018
2018-10-24,0.01320434092580006,14.999999999999988,68,2018
2018-10-25,0.013217769461695894,14.999999999999966,67,2018
2018-10-26,0.013284750068594448,14.999999999999996,66,2018
2018-10-29,0.01321662618574939,14.999999999999972,63,2018
2018-10-30,0.01323942935845945,15.000000000000005,62,2018
2018-10-31,0.013238587999833778,14.999999999999982,61,2018
2018-11-01,0.013210035989034563,14.999999999999991,60,2018
2018-11-02,0.013262639679334286,14.999999999999986,59,2018
2018-11-05,0.01321838848289098,14.999999999999972,56,2018
2018-11-06,0.013224975449913598,15.000000000000002,55,2018
2018-11-07,0.013221721757921766,15.000000000000002,54,2018
2018-11-08,0.013176326741079186,15.00000000000002,53,2018
2018-11-09,0.013204399813358155,14.999999999999982,52,2018
2018-11-12,0.013224552849479196,15.000000000000007,49,2018
2018-11-13,0.013236843968082992,14.999999999999982,48,2018
2018-11-14,0.01322850272577016,15.000000000000014,47,2018
2018-11-15,0.013272374773769864,15.000000000000014,46,2018
2018-11-16,0.01332953545790908,14.999999999999963,45,2018
2018-11-19,0.013332889650412424,14.99999999999998,42,2018
2018-11-20,0.01323641587041118,14.999999999999988,41,2018
2018-11-21,0.013240244926108476,14.999999999999977,40,2018
2018-11-22,0.013172265980073419,15.000000000000007,39,2018
2018-11-23,0.013148941922408963,14.999999999999956,38,2018
2018-11-26,0.013223237558120885,14.999999999999956,35,2018
2018-11-27,0.013218038793697979,14.999999999999986,34,2018
2018-11-28,0.013176862868997073,14.999999999999972,33,2018
2018-11-29,0.0132185354039945,14.999999999999995,32,2018
2018-11-30,0.01327730062878969,14.999999999999968,31,2018
2018-12-03,0.013250865682388563,14.999999999999966,28,2018
2018-12-04,0.01334733653123353,14.999999999999925,27,2018
2018-12-05,0.013307023239922973,14.999999999999922,26,2018
2018-12-06,0.013286189961472775,14.999999999999892,25,2018
2018-12-07,0.013269374850935843,14.999999999999977,24,2018
2018-12-10,0.0132536601675033,14.999999999999941,21,2018
2018-12-11,0.013324870416556852,14.999999999999941,20,2018
2018-12-12,0.013297514637255774,15.0,19,2018
2018-12-13,0.013282226415833459,14.999999999999961,18,2018
2018-12-14,0.01334130366062474,14.999999999999938,17,2018
2018-12-17,0.013367499154838418,14.99999999999995,14,2018
2018-12-18,,,13,2018
2018-12-19,,,12,2018
2018-12-20,,,11,2018
2018-12-21,,,10,2018
2018-12-24,,,7,2018
2018-12-25,,,6,2018
2018-12-26,,,5,2018
2018-12-27,,,4,2018
2018-12-28,,,3,2018
2018-12-31,,,0,2018
2019-01-01,,,364,2019
2019-01-02,,,363,2019
2019-01-03,,,362,2019
2019-01-04,,,361,2019
2019-01-07,,,358,2019
2019-01-08,,,357,2019
2019-01-09,,,356,2019
2019-01-10,,,355,2019
2019-01-11,,,354,2019
2019-01-14,,,351,2019
2019-01-15,,,350,2019
2019-01-16,,,349,2019
2019-01-17,,,348,2019
2019-01-18,,,347,2019
2019-01-21,,,344,2019
2019-01-22,,,343,2019
2019-01-23,,,342,2019
2019-01-24,,,341,2019
2019-01-25,,,340,2019
2019-01-28,,,337,2019
2019-01-29,,,336,2019
2019-01-30,,,335,2019
2019-01-31,,,334,2019
2019-02-01,,,333,2019
2019-02-04,,,330,2019
2019-02-05,,,329,2019
2019-02-06,,,328,2019
2019-02-07,,,327,2019
2019-02-08,,,326,2019
2019-02-11,,,323,2019
2019-02-12,,,322,2019
2019-02-13,,,321,2019
2019-02-14,,,320,2019
2019-02-15,,,319,2019
2019-02-18,,,316,2019
2019-02-19,,,315,2019
2019-02-20,,,314,2019
2019-02-21,,,313,2019
2019-02-22,,,312,2019
2019-02-25,,,309,2019
2019-02-26,,,308,2019
2019-02-27,,,307,2019
2019-02-28,,,306,2019
2019-03-01,,,305,2019
2019-03-04,,,302,2019
2019-03-05,,,301,2019
2019-03-06,,,300,2019
2019-03-07,,,299,2019
2019-03-08,,,298,2019
2019-03-11,,,295,2019
2019-03-12,,,294,2019
2019-03-13,,,293,2019
2019-03-14,,,292,2019
2019-03-15,,,291,2019
2019-03-18,,,288,2019
2019-03-19,,,287,2019
2019-03-20,,,286,2019
2019-03-21,,,285,2019
2019-03-22,,,284,2019
2019-03-25,,,281,2019
2019-03-26,,,280,2019
2019-03-27,,,279,2019
2019-03-28,,,278,2019
2019-03-29,,,277,2019
2019-04-01,,,274,2019
2019-04-02,,,273,2019
2019-04-03,0.013036089803803818,14.999999999999988,272,2019
2019-04-04,0.013013846759076563,14.999999999999936,271,2019
2019-04-05,0.013017222526808635,15.000000000000085,270,2019
2019-04-08,0.013025380565982162,14.999999999999874,267,2019
2019-04-09,0.012952296983670394,14.999999999999966,266,2019
2019-04-10,0.01289891155228727,15.000000000000139,265,2019
2019-04-11,0.01290145223375326,15.00000000000001,264,2019
2019-04-12,0.012894006737400982,15.000000000000055,263,2019
2019-04-15,0.012892603186529652,15.000000000000105,260,2019
2019-04-16,0.012926272413378253,15.00000000000004,259,2019
2019-04-17,0.012949555819803754,15.000000000000002,258,2019
2019-04-18,0.012917780133259244,14.999999999999853,257,2019
2019-04-19,0.012919494727531637,15.000000000000036,256,2019
2019-04-22,0.012902995186020588,15.000000000000158,253,2019
2019-04-23,0.012907925262472003,15.000000000000027,252,2019
2019-04-24,0.012912261698524637,15.000000000000021,251,2019
2019-04-25,0.012902140620927061,15.000000000000203,250,2019
2019-04-26,0.01291301901636199,15.000000000000204,249,2019
2019-04-29,0.012896798734058062,14.999999999999991,246,2019
2019-04-30,0.012901056774163758,15.000000000000217,245,2019
2019-05-01,0.012862446546011541,15.00000000000005,244,2019
2019-05-02,0.012943267114823721,14.999999999999941,243,2019
2019-05-03,0.013019843855230267,15.000000000000158,242,2019
2019-05-06,0.01305939265140667,15.000000000000014,239,2019
2019-05-07,0.013044532368439167,15.000000000000076,238,2019
2019-05-08,0.013087127108093302,14.999999999999837,237,2019
2019-05-09,0.013028300068178537,15.000000000000016,236,2019
2019-05-10,0.012994952495725102,14.999999999999982,235,2019
2019-05-13,0.013076449838983789,15.000000000000016,232,2019
2019-05-14,0.013047980169645179,14.999999999999908,231,2019
2019-05-15,0.013024033715825329,14.999999999999936,230,2019
2019-05-16,0.013047716058005053,14.999999999999797,229,2019
2019-05-17,0.013062332231097398,15.000000000000083,228,2019
2019-05-20,0.013068791780578693,15.000000000000039,225,2019
2019-05-21,0.013086655811918745,15.000000000000105,224,2019
2019-05-22,0.013013929199145945,14.999999999999963,223,2019
2019-05-23,0.013016839203255871,14.999999999999897,222,2019
2019-05-24,0.012950789831724254,15.00000000000006,221,2019
2019-05-27,0.013025155761288154,14.999999999999932,218,2019
2019-05-28,0.013138491767638955,14.999999999999897,217,2019
2019-05-29,0.013120202056986016,15.00000000000008,216,2019
2019-05-30,0.013092907521971394,14.99999999999993,215,2019
2019-05-31,0.013084720198459979,14.999999999999917,214,2019
2019-06-03,0.013118854790090522,15.000000000000025,211,2019
2019-06-04,0.013112268502913907,14.999999999999996,210,2019
2019-06-05,0.01306101653969444,14.999999999999917,209,2019
2019-06-06,0.013004531901717986,14.99999999999993,208,2019
2019-06-07,0.012955289878344697,14.999999999999877,207,2019
2019-06-10,0.012972175734007559,14.999999999999897,204,2019
2019-06-11,0.012953644954468484,14.999999999999877,203,2019
2019-06-12,0.013000720991323263,15.000000000000044,202,2019
2019-06-13,0.01300938298327287,15.000000000000044,201,2019
2019-06-14,0.013100453265892329,15.000000000000021,200,2019
2019-06-17,0.013120595088644453,15.00000000000003,197,2019
2019-06-18,0.013047997098256678,14.999999999999941,196,2019
2019-06-19,0.013059488598038743,14.99999999999995,195,2019
2019-06-20,0.012998145806432345,15.00000000000005,194,2019
2019-06-21,0.01300626292651604,15.000000000000007,193,2019
2019-06-24,0.01306540485319088,14.999999999999963,190,2019
2019-06-25,0.013094089252183827,14.999999999999869,189,2019
2019-06-26,0.013087440352801823,15.000000000000052,188,2019
2019-06-27,0.01311177743663584,15.000000000000052,187,2019
2019-06-28,0.013116326869765119,14.999999999999925,186,2019
2019-07-01,0.01321581528811834,15.000000000000115,183,2019
2019-07-02,0.013202068330344534,14.999999999999991,182,2019
2019-07-03,0.013213673190114178,15.0,181,2019
2019-07-04,0.013204782764563798,15.00000000000001,180,2019
2019-07-05,0.013116949662596128,14.999999999999867,179,2019
2019-07-08,0.013075515028858085,15.000000000000025,176,2019
2019-07-09,0.013062453863997684,14.99999999999993,175,2019
2019-07-10,0.0131309671296827,14.999999999999975,174,2019
2019-07-11,0.013162478490516678,15.0,173,2019
2019-07-12,0.013055275947697878,14.999999999999922,172,2019
2019-07-15,0.013021870188479298,15.00000000000004,169,2019
2019-07-16,0.012905210773238442,14.999999999999991,168,2019
2019-07-17,0.012885138117093976,15.00000000000002,167,2019
2019-07-18,0.01290547435664062,14.999999999999986,166,2019
2019-07-19,0.012972064476802795,14.999999999999957,165,2019
2019-07-22,0.012985994826482815,14.999999999999995,162,2019
2019-07-23,0.012955054559312276,14.99999999999995,161,2019
2019-07-24,0.012942400723782154,14.999999999999988,160,2019
2019-07-25,0.01288416251480154,14.999999999999975,159,2019
2019-07-26,0.012892135673236913,15.000000000000057,158,2019
2019-07-29,0.012942002076989832,15.000000000000016,155,2019
2019-07-30,0.012960927955566791,14.999999999999972,154,2019
2019-07-31,0.013008829775346611,14.999999999999941,153,2019
2019-08-01,0.013023025084743385,14.999999999999977,152,2019
2019-08-02,0.013058210923741582,14.999999999999995,151,2019
2019-08-05,0.013084567878187379,14.999999999999975,148,2019
2019-08-06,0.013092086389827,15.000000000000016,147,2019
2019-08-07,0.013027323203337016,14.999999999999995,146,2019
2019-08-08,0.013025869517660873,15.000000000000057,145,2019
2019-08-09,0.012960448311642541,14.999999999999995,144,2019
2019-08-12,0.012981856361289366,15.00000000000003,141,2019
2019-08-13,0.01298660553815416,15.00000000000004,140,2019
2019-08-14,0.012947512874566748,15.000000000000007,139,2019
2019-08-15,0.012905939911991024,15.00000000000005,138,2019
2019-08-16,0.012919786286439493,14.999999999999986,137,2019
2019-08-19,0.012892815657362423,14.999999999999986,134,2019
2019-08-20,0.01285941531991725,15.000000000000005,133,2019
2019-08-21,0.012760898343164328,14.999999999999911,132,2019
2019-08-22,0.01273894083690179,14.999999999999922,131,2019
2019-08-23,0.012806285340877315,14.99999999999998,130,2019
2019-08-26,0.012820357108620787,14.999999999999972,127,2019
2019-08-27,0.012861565343503746,14.999999999999982,126,2019
2019-08-28,0.012897143282584131,15.0,125,2019
2019-08-29,0.012897753599493213,15.000000000000016,124,2019
2019-08-30,0.012867725326027575,15.000000000000032,123,2019
2019-09-02,0.012891077290555133,14.99999999999998,120,2019
2019-09-03,0.01292299294414768,15.0,119,2019
2019-09-04,0.012863899690037347,15.000000000000014,118,2019
2019-09-05,0.012894217624815461,15.000000000000025,117,2019
2019-09-06,0.012851491644571797,14.999999999999991,116,2019
2019-09-09,0.012843821789824978,15.000000000000046,113,2019
2019-09-10,0.012924895397018717,14.999999999999982,112,2019
2019-09-11,0.012956240346796799,14.99999999999995,111,2019
2019-09-12,0.012882661407123344,15.000000000000002,110,2019
2019-09-13,0.012873446810093121,14.999999999999988,109,2019
2019-09-16,0.012885698063857098,15.000000000000025,106,2019
2019-09-17,0.01286518173181563,14.999999999999957,105,2019
2019-09-18,0.012882475957036526,14.999999999999988,104,2019
2019-09-19,0.012955682375799978,15.000000000000016,103,2019
2019-09-20,0.012856708577196412,15.00000000000003,102,2019
2019-09-23,0.012934036232371762,15.000000000000002,99,2019
2019-09-24,0.012862574802203689,14.999999999999966,98,2019
2019-09-25,0.012845749929952332,15.000000000000007,97,2019
2019-09-26,0.012847899713004863,15.000000000000021,96,2019
2019-09-27,0.012867236027979156,14.99999999999998,95,2019
2019-09-30,0.012875431525319095,14.999999999999988,92,2019
2019-10-01,0.012882621602407687,14.999999999999986,91,2019
2019-10-02,0.01285086601635655,14.999999999999968,90,2019
2019-10-03,0.01282980722169887,15.000000000000002,89,2019
2019-10-04,0.012731423890744343,14.999999999999963,88,2019
2019-10-07,0.012689997186534744,15.000000000000014,85,2019
2019-10-08,0.01280719528977876,14.999999999999963,84,2019
2019-10-09,0.01282163291194402,14.999999999999995,83,2019
2019-10-10,0.012788601403915426,15.0,82,2019
2019-10-11,0.012827150969513175,14.999999999999968,81,2019
2019-10-14,0.012896579558051709,14.999999999999961,78,2019
2019-10-15,0.012942836613477376,14.999999999999982,77,2019
2019-10-16,0.012853437789688588,14.999999999999982,76,2019
2019-10-17,0.012844001202572324,15.000000000000007,75,2019
2019-10-18,0.012843414810054956,14.99999999999995,74,2019
2019-10-21,0.012768265219323253,14.999999999999988,71,2019
2019-10-22,0.012641384625494355,14.999999999999972,70,2019
2019-10-23,0.012699172338999769,14.999999999999943,69,2019
2019-10-24,0.012618755682342168,14.999999999999982,68,2019
2019-10-25,0.012665597445564765,15.000000000000007,67,2019
2019-10-28,0.012657049370861312,14.99999999999998,64,2019
2019-10-29,0.012626983373498128,14.999999999999952,63,2019
2019-10-30,0.012590336581210981,14.99999999999998,62,2019
2019-10-31,0.012597116301339846,14.999999999999996,61,2019
2019-11-01,0.01254512642260485,15.00000000000002,60,2019
2019-11-04,0.012583162029423833,14.999999999999991,57,2019
2019-11-05,0.012653424862786401,15.00000000000005,56,2019
2019-11-06,0.012628204001091896,14.999999999999995,55,2019
2019-11-07,0.012617007416716137,15.000000000000014,54,2019
2019-11-08,0.012680723355904144,14.999999999999991,53,2019
2019-11-11,0.012620570829192775,14.999999999999995,50,2019
2019-11-12,0.012595393357499988,15.00000000000001,49,2019
2019-11-13,0.012584794588071794,15.000000000000005,48,2019
2019-11-14,0.012582429551285556,15.000000000000027,47,2019
2019-11-15,0.01258162161606212,15.000000000000002,46,2019
2019-11-18,0.012540088597681942,15.000000000000014,43,2019
2019-11-19,0.012542226569363915,14.999999999999996,42,2019
2019-11-20,0.012611909105787248,15.000000000000021,41,2019
2019-11-21,0.012581907796885393,14.999999999999988,40,2019
2019-11-22,0.012540832595484497,14.999999999999995,39,2019
2019-11-25,0.012420031227452409,15.00000000000004,36,2019
2019-11-26,0.012358435038073002,15.000000000000005,35,2019
2019-11-27,0.0123102545553773,15.000000000000032,34,2019
2019-11-28,0.012235673921092313,14.999999999999982,33,2019
2019-11-29,0.012222649516720946,14.999999999999982,32,2019
2019-12-02,0.012254548953766395,14.99999999999993,29,2019
2019-12-03,0.012303403535998857,14.999999999999941,28,2019
2019-12-04,0.012301588045218479,14.999999999999966,27,2019
2019-12-05,0.012313170606613126,15.000000000000002,26,2019
2019-12-06,0.012253984027566315,14.999999999999938,25,2019
2019-12-09,0.012287363192489763,14.999999999999982,22,2019
2019-12-10,0.012251133568563628,14.999999999999941,21,2019
2019-12-11,0.012225530691453313,15.000000000000014,20,2019
2019-12-12,0.012259459714325696,14.999999999999972,19,2019
2019-12-13,0.0121894298594728,14.999999999999956,18,2019
2019-12-16,0.012243671193188787,14.999999999999897,15,2019
2019-12-17,0.012264740626279804,14.999999999999982,14,2019
2019-12-18,,,13,2019
2019-12-19,,,12,2019
2019-12-20,,,11,2019
2019-12-23,,,8,2019
2019-12-24,,,7,2019
2019-12-25,,,6,2019
2019-12-26,,,5,2019
2019-12-27,,,4,2019
2019-12-30,,,1,2019
2019-12-31,,,0,2019
2020-01-01,,,365,2020
2020-01-02,,,364,2020
2020-01-03,,,363,2020
2020-01-06,,,360,2020
2020-01-07,,,359,2020
2020-01-08,,,358,2020
2020-01-09,,,357,2020
2020-01-10,,,356,2020
2020-01-13,,,353,2020
2020-01-14,,,352,2020
2020-01-15,,,351,2020
2020-01-16,,,350,2020
2020-01-17,,,349,2020
2020-01-20,,,346,2020
2020-01-21,,,345,2020
2020-01-22,,,344,2020
2020-01-23,,,343,2020
2020-01-24,,,342,2020
2020-01-27,,,339,2020
2020-01-28,,,338,2020
2020-01-29,,,337,2020
2020-01-30,,,336,2020
2020-01-31,,,335,2020
2020-02-03,,,332,2020
2020-02-04,,,331,2020
2020-02-05,,,330,2020
2020-02-06,,,329,2020
2020-02-07,,,328,2020
2020-02-10,,,325,2020
2020-02-11,,,324,2020
2020-02-12,,,323,2020
2020-02-13,,,322,2020
2020-02-14,,,321,2020
2020-02-17,,,318,2020
2020-02-18,,,317,2020
2020-02-19,,,316,2020
2020-02-20,,,315,2020
2020-02-21,,,314,2020
2020-02-24,,,311,2020
2020-02-25,,,310,2020
2020-02-26,,,309,2020
2020-02-27,,,308,2020
2020-02-28,,,307,2020
2020-03-02,,,304,2020
2020-03-03,,,303,2020
2020-03-04,,,302,2020
2020-03-05,,,301,2020
2020-03-06,,,300,2020
2020-03-09,,,297,2020
2020-03-10,,,296,2020
2020-03-11,,,295,2020
2020-03-12,,,294,2020
2020-03-13,,,293,2020
2020-03-16,,,290,2020
2020-03-17,,,289,2020
2020-03-18,,,288,2020
2020-03-19,,,287,2020
2020-03-20,,,286,2020
2020-03-23,,,283,2020
2020-03-24,,,282,2020
2020-03-25,,,281,2020
2020-03-26,,,280,2020
2020-03-27,,,279,2020
2020-03-30,,,276,2020
2020-03-31,,,275,2020
2020-04-01,,,274,2020
2020-04-02,,,273,2020
2020-04-03,0.011706845722361773,15.00000000000012,272,2020
2020-04-06,0.01161715875375252,15.00000000000003,269,2020
2020-04-07,0.011558897261684931,15.000000000000064,268,2020
2020-04-08,0.011567782947148223,14.999999999999956,267,2020
2020-04-09,0.011506236912510006,15.00000000000002,266,2020
2020-04-10,0.011566581239755597,15.000000000000036,265,2020
2020-04-13,0.011594587834516813,14.999999999999988,262,2020
2020-04-14,0.011515298501240317,15.000000000000005,261,2020
2020-04-15,0.011527228646545398,14.999999999999952,260,2020
2020-04-16,0.011535357153330815,14.999999999999988,259,2020
2020-04-17,0.011487853310674093,15.000000000000014,258,2020
2020-04-20,0.011473924114490828,15.00000000000002,255,2020
2020-04-21,0.01145214165295111,15.000000000000046,254,2020
2020-04-22,0.011519379665970123,15.000000000000007,253,2020
2020-04-23,0.011535513231725135,14.999999999999975,252,2020
2020-04-24,0.011462139102151696,14.999999999999941,251,2020
2020-04-27,0.01140125677226782,15.000000000000039,248,2020
2020-04-28,0.011341558300632363,15.000000000000036,247,2020
2020-04-29,0.011402921430840174,15.000000000000025,246,2020
2020-04-30,0.011374948679897415,15.00000000000005,245,2020
2020-05-01,0.01134697794513719,14.999999999999917,244,2020
2020-05-04,0.011388796785479159,15.000000000000066,241,2020
2020-05-05,0.011421468076551448,15.00000000000003,240,2020
2020-05-06,0.011433489513381061,15.000000000000114,239,2020
2020-05-07,0.011413760090010801,15.000000000000039,238,2020
2020-05-08,0.011413577112964002,14.999999999999977,237,2020
2020-05-11,0.011439097165063066,14.999999999999972,234,2020
2020-05-12,0.011417041759707118,14.999999999999961,233,2020
2020-05-13,0.011386011642037452,15.00000000000002,232,2020
2020-05-14,0.011284481082067513,15.000000000000002,231,2020
2020-05-15,0.011270657571190404,14.999999999999872,230,2020
2020-05-18,0.011224943557199484,15.000000000000046,227,2020
2020-05-19,0.0112375591278771,15.000000000000014,226,2020
2020-05-20,0.01122445842916603,14.999999999999975,225,2020
2020-05-21,0.011183436550746766,15.000000000000007,224,2020
2020-05-22,0.011246265819354026,14.999999999999927,223,2020
2020-05-25,0.011200364531844935,15.00000000000006,220,2020
2020-05-26,0.011206886352451238,15.000000000000021,219,2020
2020-05-27,0.011030286448095054,15.000000000000064,218,2020
2020-05-28,0.01102927799889738,15.000000000000021,217,2020
2020-05-29,0.010953220405910707,15.000000000000083,216,2020
2020-06-01,0.010912777275054282,14.999999999999982,213,2020
2020-06-02,0.010883669659639836,15.000000000000032,212,2020
2020-06-03,0.010869103190833299,15.000000000000046,211,2020
2020-06-04,0.010913202970893838,14.999999999999975,210,2020
2020-06-05,0.010934938355840569,14.999999999999908,209,2020
2020-06-08,0.010861454073180656,14.999999999999963,206,2020
2020-06-09,0.010939810927438022,14.99999999999998,205,2020
2020-06-10,0.010982615968608982,15.000000000000021,204,2020
2020-06-11,0.011042926407184796,15.000000000000075,203,2020
2020-06-12,0.01099877652833572,14.999999999999968,202,2020
2020-06-15,0.010945407938042127,14.999999999999961,199,2020
2020-06-16,0.010898413533382025,15.000000000000057,198,2020
2020-06-17,0.010925690004403243,14.999999999999995,197,2020
2020-06-18,0.010929210457745892,15.00000000000006,196,2020
2020-06-19,0.010957252738918288,14.999999999999986,195,2020
2020-06-22,0.011015496699892116,15.000000000000046,192,2020
2020-06-23,0.010990892294002307,15.000000000000119,191,2020
2020-06-24,0.01107900807187934,14.999999999999925,190,2020
2020-06-25,0.011060193128670973,14.999999999999995,189,2020
2020-06-26,0.011068375148160146,15.000000000000075,188,2020
2020-06-29,0.01107363529947836,15.000000000000055,185,2020
2020-06-30,0.011054694000958397,15.000000000000005,184,2020
2020-07-01,0.01098586939494881,14.999999999999982,183,2020
2020-07-02,0.011015324279438755,15.000000000000014,182,2020
2020-07-03,0.010984410862993323,14.999999999999995,181,2020
2020-07-06,0.010934257214788764,15.00000000000004,178,2020
2020-07-07,0.010886905163386905,15.00000000000001,177,2020
2020-07-08,0.01089058562927571,14.999999999999918,176,2020
2020-07-09,0.010890888507583685,15.00000000000004,175,2020
2020-07-10,0.010887545735931772,15.000000000000014,174,2020
2020-07-13,0.010869049585960047,14.999999999999963,171,2020
2020-07-14,0.010864270511904656,15.000000000000027,170,2020
2020-07-15,0.010881992468202682,14.999999999999975,169,2020
2020-07-16,0.010888466680219483,14.999999999999956,168,2020
2020-07-17,0.010884007992881384,14.999999999999956,167,2020
2020-07-20,0.01088860136363714,15.000000000000014,164,2020
2020-07-21,0.010855312764100027,14.999999999999982,163,2020
2020-07-22,0.010877663362525632,15.000000000000027,162,2020
2020-07-23,0.010939719126655255,14.999999999999936,161,2020
2020-07-24,0.010922053257564488,15.000000000000036,160,2020
2020-07-27,0.010966594183547342,14.999999999999922,157,2020
2020-07-28,0.010966979277752097,15.000000000000021,156,2020
2020-07-29,0.010914428591511769,14.999999999999995,155,2020
2020-07-30,0.010919342966538842,15.000000000000014,154,2020
2020-07-31,0.01089765855952094,14.999999999999995,153,2020
2020-08-03,0.010892190196408243,15.00000000000002,150,2020
2020-08-04,0.010801627208898386,15.000000000000014,149,2020
2020-08-05,0.010755086807341874,15.000000000000002,148,2020
2020-08-06,0.010812594850572616,15.000000000000025,147,2020
2020-08-07,0.010816818881931792,14.999999999999977,146,2020
2020-08-10,0.010816644921543212,15.000000000000002,143,2020
2020-08-11,0.01073650398887509,15.000000000000025,142,2020
2020-08-12,0.010701172432050028,14.999999999999988,141,2020
2020-08-13,0.01069138633658744,14.999999999999968,140,2020
2020-08-14,0.010650121743599455,15.000000000000027,139,2020
2020-08-17,0.010646540241543516,14.99999999999995,136,2020
2020-08-18,0.010596836784676954,14.999999999999956,135,2020
2020-08-19,0.010554125708927433,14.999999999999995,134,2020
2020-08-20,0.010508297949850769,15.000000000000032,133,2020
2020-08-21,0.010462202628851175,14.999999999999968,132,2020
2020-08-24,0.010440967573177976,14.999999999999982,129,2020
2020-08-25,0.010442943043471199,14.999999999999975,128,2020
2020-08-26,0.010449867395037978,14.999999999999995,127,2020
2020-08-27,0.010468790799152004,14.999999999999982,126,2020
2020-08-28,0.010491870852799087,14.999999999999995,125,2020
2020-08-31,0.01058021230875167,15.000000000000055,122,2020
2020-09-01,0.010604294471110933,15.0,121,2020
2020-09-02,0.010580401053376985,15.000000000000021,120,2020
2020-09-03,0.010633330260374121,14.999999999999991,119,2020
2020-09-04,0.010593566714956322,15.000000000000002,118,2020
2020-09-07,0.010577586679068437,15.000000000000002,115,2020
2020-09-08,0.010633668263323976,15.000000000000039,114,2020
2020-09-09,0.010640494572300997,14.999999999999996,113,2020
2020-09-10,0.010625887505314614,14.999999999999988,112,2020
2020-09-11,0.010597637205758525,15.000000000000039,111,2020
2020-09-14,0.010657787630543727,15.000000000000005,108,2020
2020-09-15,0.010628551619020772,14.999999999999975,107,2020
2020-09-16,0.010566613555143246,14.999999999999968,106,2020
2020-09-17,0.0105338139598138,15.000000000000014,105,2020
2020-09-18,0.010504163638401606,14.999999999999991,104,2020
2020-09-21,0.01050920917557785,15.000000000000014,101,2020
2020-09-22,0.01053329059499736,15.000000000000002,100,2020
2020-09-23,0.010549590542232494,14.999999999999975,99,2020
2020-09-24,0.010566056388475721,15.00000000000001,98,2020
2020-09-25,0.01063620499995198,15.000000000000016,97,2020
2020-09-28,0.01066351511514039,14.999999999999975,94,2020
2020-09-29,0.010702758864966504,15.000000000000002,93,2020
2020-09-30,0.010736728014004607,14.999999999999995,92,2020
2020-10-01,0.010731559765743845,14.999999999999957,91,2020
2020-10-02,0.010739120863372498,14.999999999999986,90,2020
2020-10-05,0.010750998745204982,14.999999999999968,87,2020
2020-10-06,0.010782344668250022,15.000000000000025,86,2020
2020-10-07,0.01072184002024251,14.999999999999966,85,2020
2020-10-08,0.01071024688553677,14.999999999999986,84,2020
2020-10-09,0.010720311634599229,14.999999999999972,83,2020
2020-10-12,0.010756478032648124,14.999999999999986,80,2020
2020-10-13,0.010732549769551977,14.999999999999957,79,2020
2020-10-14,0.010782287085999992,15.000000000000002,78,2020
2020-10-15,0.010837894845672116,14.999999999999968,77,2020
2020-10-16,0.01085897751186707,15.00000000000001,76,2020
2020-10-19,0.01083774558555327,14.999999999999956,73,2020
2020-10-20,0.010859014887721351,14.999999999999975,72,2020
2020-10-21,0.010802015519134272,14.999999999999996,71,2020
2020-10-22,0.01076974429084259,14.999999999999956,70,2020
2020-10-23,0.010740894397577121,14.999999999999975,69,2020
2020-10-26,0.010744679956074482,14.999999999999982,66,2020
2020-10-27,0.010648002475519253,14.999999999999988,65,2020
2020-10-28,0.010693000583118954,15.0,64,2020
2020-10-29,0.010689190592588571,14.999999999999966,63,2020
2020-10-30,0.01067051280832264,14.999999999999982,62,2020
2020-11-02,0.010765466228052982,15.000000000000002,59,2020
2020-11-03,0.010723931898670063,15.000000000000036,58,2020
2020-11-04,0.010720258395357986,15.000000000000007,57,2020
2020-11-05,0.01068838650759503,15.000000000000002,56,2020
2020-11-06,0.010672897746057586,14.999999999999982,55,2020
2020-11-09,0.010605137564768262,14.999999999999995,52,2020
2020-11-10,0.010548285165654718,14.999999999999982,51,2020
2020-11-11,0.0105247247080578,15.000000000000016,50,2020
2020-11-12,0.010521780290723594,15.000000000000014,49,2020
2020-11-13,0.010515089918217967,15.000000000000002,48,2020
2020-11-16,0.010492387407231948,15.000000000000005,45,2020
2020-11-17,0.010445552788357463,14.999999999999972,44,2020
2020-11-18,0.01047901927388769,14.999999999999961,43,2020
2020-11-19,0.01043132417345337,14.999999999999988,42,2020
2020-11-20,0.010439286247700132,15.000000000000021,41,2020
2020-11-23,0.010458818965440942,14.999999999999966,38,2020
2020-11-24,0.01045888099302745,15.000000000000016,37,2020
2020-11-25,0.010556153658682678,14.999999999999956,36,2020
2020-11-26,0.010510536886622342,14.999999999999975,35,2020
2020-11-27,0.010455177667443168,14.999999999999988,34,2020
2020-11-30,0.010448745883897551,14.999999999999966,31,2020
2020-12-01,0.010400584685099303,14.999999999999986,30,2020
2020-12-02,0.010428229168247509,15.000000000000014,29,2020
2020-12-03,0.010459126652213746,14.999999999999975,28,2020
2020-12-04,0.010512445324122717,14.999999999999961,27,2020
2020-12-07,0.010540808919014188,14.999999999999961,24,2020
2020-12-08,0.010532645624113946,14.999999999999975,23,2020
2020-12-09,0.01045352679638028,14.999999999999982,22,2020
2020-12-10,0.010436938934529513,14.999999999999957,21,2020
2020-12-11,0.010427104713883636,15.000000000000014,20,2020
2020-12-14,0.010435373893367458,14.999999999999972,17,2020
2020-12-15,0.010454660427815888,14.999999999999968,16,2020
2020-12-16,0.010446392481815997,14.999999999999897,15,2020
2020-12-17,0.01047694130098023,14.999999999999977,14,2020
2020-12-18,,,13,2020
2020-12-21,,,10,2020
2020-12-22,,,9,2020
2020-12-23,,,8,2020
2020-12-24,,,7,2020
2020-12-25,,,6,2020
2020-12-28,,,3,2020
2020-12-29,,,2,2020
2020-12-30,,,1,2020
2020-12-31,,,0,2020
2021-01-01,,,364,2021
2021-01-04,,,361,2021
2021-01-05,,,360,2021
2021-01-06,,,359,2021
2021-01-07,,,358,2021
2021-01-08,,,357,2021
2021-01-11,,,354,2021
2021-01-12,,,353,2021
2021-01-13,,,352,2021
2021-01-14,,,351,2021
2021-01-15,,,350,2021
2021-01-18,,,347,2021
2021-01-19,,,346,2021
2021-01-20,,,345,2021
2021-01-21,,,344,2021
2021-01-22,,,343,2021
2021-01-25,,,340,2021
2021-01-26,,,339,2021
2021-01-27,,,338,2021
2021-01-28,,,337,2021
2021-01-29,,,336,2021
2021-02-01,,,333,2021
2021-02-02,,,332,2021
2021-02-03,,,331,2021
2021-02-04,,,330,2021
2021-02-05,,,329,2021
2021-02-08,,,326,2021
2021-02-09,,,325,2021
2021-02-10,,,324,2021
2021-02-11,,,323,2021
2021-02-12,,,322,2021
2021-02-15,,,319,2021
2021-02-16,,,318,2021
2021-02-17,,,317,2021
2021-02-18,,,316,2021
2021-02-19,,,315,2021
2021-02-22,,,312,2021
2021-02-23,,,311,2021
2021-02-24,,,310,2021
2021-02-25,,,309,2021
2021-02-26,,,308,2021
2021-03-01,,,305,2021
2021-03-02,,,304,2021
2021-03-03,,,303,2021
2021-03-04,,,302,2021
2021-03-05,,,301,2021
2021-03-08,,,298,2021
2021-03-09,,,297,2021
2021-03-10,,,296,2021
2021-03-11,,,295,2021
2021-03-12,,,294,2021
2021-03-15,,,291,2021
2021-03-16,,,290,2021
2021-03-17,,,289,2021
2021-03-18,,,288,2021
2021-03-19,,,287,2021
2021-03-22,,,284,2021
2021-03-23,,,283,2021
2021-03-24,,,282,2021
2021-03-25,,,281,2021
2021-03-26,,,280,2021
2021-03-29,,,277,2021
2021-03-30,,,276,2021
2021-03-31,,,275,2021
2021-04-01,,,274,2021
2021-04-02,,,273,2021
2021-04-05,0.010868117942548404,14.999999999999986,270,2021
2021-04-06,0.010769336491653472,14.999999999999972,269,2021
2021-04-07,0.010843661324881284,15.000000000000085,268,2021
2021-04-08,0.010887958748824002,14.999999999999961,267,2021
2021-04-09,0.01090991030665189,15.000000000000066,266,2021
2021-04-12,0.010855865773288589,15.000000000000036,263,2021
2021-04-13,0.01079686955749451,15.00000000000001,262,2021
2021-04-14,0.010826976366357781,15.000000000000016,261,2021
2021-04-15,0.010840852777304587,15.000000000000055,260,2021
2021-04-16,0.010841697586125984,14.999999999999908,259,2021
2021-04-19,0.010875143093031345,15.00000000000008,256,2021
2021-04-20,0.010938474737351352,14.999999999999883,255,2021
2021-04-21,0.010908153785013074,15.000000000000002,254,2021
2021-04-22,0.01094188202671364,14.999999999999853,253,2021
2021-04-23,0.010978692851270688,15.000000000000046,252,2021
2021-04-26,0.010950165795866374,15.000000000000027,249,2021
2021-04-27,0.010889644484046031,15.000000000000039,248,2021
2021-04-28,0.010949175494436494,15.000000000000014,247,2021
2021-04-29,0.010969603071022353,15.000000000000052,246,2021
2021-04-30,0.010946787970539452,14.999999999999957,245,2021
2021-05-03,0.010888304939340203,15.000000000000103,242,2021
2021-05-04,0.010912099902890092,14.999999999999956,241,2021
2021-05-05,0.010838730954869072,15.000000000000155,240,2021
2021-05-06,0.010802040545629511,15.000000000000007,239,2021
2021-05-07,0.010752088519460171,15.000000000000007,238,2021
2021-05-10,0.01071707787624131,14.999999999999982,235,2021
2021-05-11,0.010700801947389026,14.999999999999917,234,2021
2021-05-12,0.01072843462041337,14.999999999999968,233,2021
2021-05-13,0.010791624747297954,14.999999999999977,232,2021
2021-05-14,0.010774337512684617,15.000000000000016,231,2021
2021-05-17,0.010828540150584267,15.00000000000003,228,2021
2021-05-18,0.010809495383770578,14.999999999999927,227,2021
2021-05-19,0.010788983641816121,15.00000000000002,226,2021
2021-05-20,0.010634552836519219,14.999999999999972,225,2021
2021-05-21,0.01062326429537256,15.00000000000004,224,2021
2021-05-24,0.010574505903348859,15.000000000000094,221,2021
2021-05-25,0.010587079641196265,15.000000000000039,220,2021
2021-05-26,0.01058449769184394,14.999999999999996,219,2021
2021-05-27,0.010566379063934338,14.999999999999996,218,2021
2021-05-28,0.010550738772599976,14.999999999999941,217,2021
2021-05-31,0.010589737862916095,15.000000000000064,214,2021
2021-06-01,0.010623950911217804,15.000000000000007,213,2021
2021-06-02,0.010647614568898909,14.999999999999936,212,2021
2021-06-03,0.010724733074344002,14.999999999999956,211,2021
2021-06-04,0.010666688196874972,15.000000000000027,210,2021
2021-06-07,0.010681093597008081,14.999999999999986,207,2021
2021-06-08,0.010679052901706492,15.000000000000036,206,2021
2021-06-09,0.010680651566518063,15.000000000000014,205,2021
2021-06-10,0.010602365161871062,14.999999999999927,204,2021
2021-06-11,0.010624933259444561,15.000000000000046,203,2021
2021-06-14,0.010641162364899707,14.999999999999972,200,2021
2021-06-15,0.010703637514566735,15.000000000000076,199,2021
2021-06-16,0.010608476101151204,15.000000000000046,198,2021
2021-06-17,0.010580588055544059,14.999999999999972,197,2021
2021-06-18,0.010591907668274177,14.999999999999988,196,2021
2021-06-21,0.010607317030649809,14.999999999999996,193,2021
2021-06-22,0.010643958509648726,15.00000000000001,192,2021
2021-06-23,0.010596405793570055,15.000000000000007,191,2021
2021-06-24,0.010675588536247397,15.000000000000064,190,2021
2021-06-25,0.010673770953462426,15.000000000000052,189,2021
2021-06-28,0.010629131786207856,14.999999999999968,186,2021
2021-06-29,0.010649358533300048,15.000000000000005,185,2021
2021-06-30,0.010675975002230779,14.999999999999977,184,2021
2021-07-01,0.010681393625358474,14.999999999999956,183,2021
2021-07-02,0.010595128499380217,15.000000000000002,182,2021
2021-07-05,0.010603574059262046,15.00000000000002,179,2021
2021-07-06,0.01054334498496327,15.00000000000003,178,2021
2021-07-07,0.010609346787654173,15.00000000000001,177,2021
2021-07-08,0.010572662094352316,15.00000000000004,176,2021
2021-07-09,0.01056426155724543,14.999999999999995,175,2021
2021-07-12,0.010575374616285901,14.999999999999986,172,2021
2021-07-13,0.010525307453489143,15.000000000000007,171,2021
2021-07-14,0.010513747680019581,14.999999999999991,170,2021
2021-07-15,0.010505406682957767,14.999999999999991,169,2021
2021-07-16,0.010597678381173948,15.00000000000001,168,2021
2021-07-19,0.010630295718386225,14.999999999999988,165,2021
2021-07-20,0.010623953724203366,14.999999999999957,164,2021
2021-07-21,0.010722190866264535,14.999999999999996,163,2021
2021-07-22,0.010730379930074667,14.999999999999982,162,2021
2021-07-23,0.010756147100829219,14.999999999999941,161,2021
2021-07-26,0.010733479563612452,15.00000000000001,158,2021
2021-07-27,0.010715869760120393,15.0,157,2021
2021-07-28,0.010685421107292415,14.999999999999952,156,2021
2021-07-29,0.010594207048380164,14.999999999999986,155,2021
2021-07-30,0.01054652807648396,14.999999999999988,154,2021
2021-08-02,0.010540024060548695,15.000000000000016,151,2021
2021-08-03,0.010530704634012445,14.999999999999977,150,2021
2021-08-04,0.010563707287038591,14.999999999999996,149,2021
2021-08-05,0.010565685286253984,14.999999999999988,148,2021
2021-08-06,0.0106371631491409,14.999999999999947,147,2021
2021-08-09,0.010560280420112415,14.999999999999988,144,2021
2021-08-10,0.010579962063906061,15.000000000000036,143,2021
2021-08-11,0.010544347039283796,15.000000000000007,142,2021
2021-08-12,0.010555882618006008,15.00000000000001,141,2021
2021-08-13,0.010612121150766811,15.000000000000025,140,2021
2021-08-16,0.010623735518534912,15.0,137,2021
2021-08-17,0.010656123817924327,15.000000000000032,136,2021
2021-08-18,0.010658170762840346,15.00000000000001,135,2021
2021-08-19,0.010621074980607628,14.999999999999956,134,2021
2021-08-20,0.010670367695830182,15.000000000000021,133,2021
2021-08-23,0.01063891108737736,15.000000000000075,130,2021
2021-08-24,0.010596264709260228,14.999999999999982,129,2021
2021-08-25,0.010587441236139254,14.999999999999996,128,2021
2021-08-26,0.01061288463890323,15.000000000000016,127,2021
2021-08-27,0.01058110419327282,14.999999999999988,126,2021
2021-08-30,0.010630424191276897,15.0,123,2021
2021-08-31,0.010672940215014085,14.999999999999956,122,2021
2021-09-01,0.010638191836075473,14.999999999999988,121,2021
2021-09-02,0.010749206524091889,15.000000000000014,120,2021
2021-09-03,0.010743928885578314,14.99999999999998,119,2021
2021-09-06,0.010836068066152503,14.999999999999982,116,2021
2021-09-07,0.01086651349410711,14.999999999999982,115,2021
2021-09-08,0.010856756053460526,14.999999999999988,114,2021
2021-09-09,0.010972387552220303,14.999999999999996,113,2021
2021-09-10,0.011038441530128937,15.00000000000002,112,2021
2021-09-13,0.011053010431916897,15.000000000000007,109,2021
2021-09-14,0.011094819631627466,15.000000000000002,108,2021
2021-09-15,0.01113449186965023,14.999999999999961,107,2021
2021-09-16,0.01107832119957792,14.999999999999986,106,2021
2021-09-17,0.011045024707075957,15.000000000000027,105,2021
2021-09-20,0.011007309026114883,14.999999999999991,102,2021
2021-09-21,0.011018453456388634,15.000000000000016,101,2021
2021-09-22,0.010997251622920316,15.000000000000014,100,2021
2021-09-23,0.010947783859088712,14.999999999999982,99,2021
2021-09-24,0.010852478939199793,15.000000000000021,98,2021
2021-09-27,0.010771422478917998,15.0,95,2021
2021-09-28,0.010796902675145808,14.999999999999963,94,2021
2021-09-29,0.010773753181613976,15.0,93,2021
2021-09-30,0.010783369585408964,15.000000000000005,92,2021
2021-10-01,0.010868829672128578,15.000000000000046,91,2021
2021-10-04,0.010799451904801128,14.999999999999957,88,2021
2021-10-05,0.01075754225036478,15.000000000000002,87,2021
2021-10-06,0.010752565029965126,14.99999999999995,86,2021
2021-10-07,0.010753978581486858,15.000000000000014,85,2021
2021-10-08,0.010827001491806907,14.999999999999961,84,2021
2021-10-11,0.0108344798811417,15.000000000000005,81,2021
2021-10-12,0.010870850048451841,14.999999999999996,80,2021
2021-10-13,0.010862210094205795,15.000000000000005,79,2021
2021-10-14,0.010836495737952987,14.999999999999977,78,2021
2021-10-15,0.01076681944168056,14.999999999999975,77,2021
2021-10-18,0.010710593702466036,14.999999999999986,74,2021
2021-10-19,0.010742966364647243,14.999999999999982,73,2021
2021-10-20,0.0107527384419928,14.999999999999968,72,2021
2021-10-21,0.010857172488829451,14.999999999999977,71,2021
2021-10-22,0.010873658177631447,14.999999999999982,70,2021
2021-10-25,0.010793338082525743,14.999999999999977,67,2021
2021-10-26,0.0108331802684747,14.999999999999982,66,2021
2021-10-27,0.010801188975711442,15.000000000000005,65,2021
2021-10-28,0.010793612621561284,14.999999999999988,64,2021
2021-10-29,0.01081596608900692,15.000000000000016,63,2021
2021-11-01,0.01080465603436691,14.999999999999968,60,2021
2021-11-02,0.010809065718782696,14.999999999999982,59,2021
2021-11-03,0.010780117098450915,14.999999999999988,58,2021
2021-11-04,0.010784198582557084,14.999999999999972,57,2021
2021-11-05,0.010795898116992473,14.999999999999986,56,2021
2021-11-08,0.010786176854208565,15.000000000000002,53,2021
2021-11-09,0.010770060766943762,14.999999999999952,52,2021
2021-11-10,0.010825910578074473,14.999999999999991,51,2021
2021-11-11,0.010849762345018877,14.999999999999988,50,2021
2021-11-12,0.010867270587371127,14.999999999999972,49,2021
2021-11-15,0.010905254510303023,14.999999999999995,46,2021
2021-11-16,0.010869079319155102,15.00000000000002,45,2021
2021-11-17,0.010853727477836637,14.999999999999977,44,2021
2021-11-18,0.010776011994689862,15.000000000000002,43,2021
2021-11-19,0.010782918032269568,15.000000000000036,42,2021
2021-11-22,0.010797643915872866,15.000000000000007,39,2021
2021-11-23,0.010852578593920413,14.999999999999988,38,2021
2021-11-24,0.010884569983281035,14.999999999999972,37,2021
2021-11-25,0.010863358633725959,14.999999999999936,36,2021
2021-11-26,0.010762788686639616,15.000000000000002,35,2021
2021-11-29,0.01073967072214052,14.999999999999957,32,2021
2021-11-30,0.010775580670375644,14.999999999999975,31,2021
2021-12-01,0.010732941366375644,14.99999999999998,30,2021
2021-12-02,0.010702222641563437,14.999999999999991,29,2021
2021-12-03,0.010617900499296343,14.999999999999943,28,2021
2021-12-06,0.010592347787645636,15.000000000000021,25,2021
2021-12-07,0.010637595239508066,14.999999999999977,24,2021
2021-12-08,0.010749773760736232,14.999999999999932,23,2021
2021-12-09,0.01070348337478767,14.999999999999952,22,2021
2021-12-10,0.010754698193402546,14.999999999999977,21,2021
2021-12-13,0.010738283490290363,14.999999999999975,18,2021
2021-12-14,0.01075683659883432,14.999999999999975,17,2021
2021-12-15,0.010740325923873827,14.999999999999995,16,2021
2021-12-16,0.01072405603740116,14.999999999999957,15,2021
2021-12-17,0.010729441213838314,14.999999999999995,14,2021
2021-12-20,,,11,2021
2021-12-21,,,10,2021
2021-12-22,,,9,2021
2021-12-23,,,8,2021
2021-12-24,,,7,2021
2021-12-27,,,4,2021
2021-12-28,,,3,2021
2021-12-29,,,2,2021
2021-12-30,,,1,2021
2021-12-31,,,0,2021
2022-01-03,,,362,2022
2022-01-04,,,361,2022
2022-01-05,,,360,2022
2022-01-06,,,359,2022
2022-01-07,,,358,2022
2022-01-10,,,355,2022
2022-01-11,,,354,2022
2022-01-12,,,353,2022
2022-01-13,,,352,2022
2022-01-14,,,351,2022
2022-01-17,,,348,2022
2022-01-18,,,347,2022
2022-01-19,,,346,2022
2022-01-20,,,345,2022
2022-01-21,,,344,2022
2022-01-24,,,341,2022
2022-01-25,,,340,2022
2022-01-26,,,339,2022
2022-01-27,,,338,2022
2022-01-28,,,337,2022
2022-01-31,,,334,2022
2022-02-01,,,333,2022
2022-02-02,,,332,2022
2022-02-03,,,331,2022
2022-02-04,,,330,2022
2022-02-07,,,327,2022
2022-02-08,,,326,2022
2022-02-09,,,325,2022
2022-02-10,,,324,2022
2022-02-11,,,323,2022
2022-02-14,,,320,2022
2022-02-15,,,319,2022
2022-02-16,,,318,2022
2022-02-17,,,317,2022
2022-02-18,,,316,2022
2022-02-21,,,313,2022
2022-02-22,,,312,2022
2022-02-23,,,311,2022
2022-02-24,,,310,2022
2022-02-25,,,309,2022
2022-02-28,,,306,2022
2022-03-01,,,305,2022
2022-03-02,,,304,2022
2022-03-03,,,303,2022
2022-03-04,,,302,2022
2022-03-07,,,299,2022
2022-03-08,,,298,2022
2022-03-09,,,297,2022
2022-03-10,,,296,2022
2022-03-11,,,295,2022
2022-03-14,,,292,2022
2022-03-15,,,291,2022
2022-03-16,,,290,2022
2022-03-17,,,289,2022
2022-03-18,,,288,2022
2022-03-21,,,285,2022
2022-03-22,,,284,2022
2022-03-23,,,283,2022
2022-03-24,,,282,2022
2022-03-25,,,281,2022
2022-03-28,,,278,2022
2022-03-29,,,277,2022
2022-03-30,,,276,2022
2022-03-31,,,275,2022
2022-04-01,,,274,2022
2022-04-04,0.01117542544775022,14.999999999999961,271,2022
2022-04-05,0.011213592345493262,15.000000000000055,270,2022
2022-04-06,0.011220313843972039,15.000000000000016,269,2022
2022-04-07,0.011213754598072858,15.0000000000001,268,2022
2022-04-08,0.011206409329398396,15.00000000000001,267,2022
2022-04-11,0.011252729896885536,15.00000000000004,264,2022
2022-04-12,0.011338878200521044,15.000000000000002,263,2022
2022-04-13,0.011376140105873313,15.000000000000025,262,2022
2022-04-14,0.011414299099856301,14.999999999999961,261,2022
2022-04-15,0.011474651691276996,15.000000000000027,260,2022
2022-04-18,0.011469346314152584,15.000000000000014,257,2022
2022-04-19,0.011431080904908558,14.999999999999982,256,2022
2022-04-20,0.01134773571745294,14.999999999999972,255,2022
2022-04-21,0.011353639870128343,14.999999999999991,254,2022
2022-04-22,0.011377155846312045,14.999999999999941,253,2022
2022-04-25,0.01133355682416694,15.000000000000044,250,2022
2022-04-26,0.011394688556376587,15.000000000000016,249,2022
2022-04-27,0.011392050637104382,14.999999999999908,248,2022
2022-04-28,0.011430324699250476,15.000000000000025,247,2022
2022-04-29,0.011457244343581186,14.999999999999957,246,2022
2022-05-02,0.011470592913484387,14.99999999999998,243,2022
2022-05-03,0.011424885255576524,14.99999999999998,242,2022
2022-05-04,0.011447966340291828,15.000000000000014,241,2022
2022-05-05,0.011431856794508352,15.000000000000021,240,2022
2022-05-06,0.011452269855033836,15.000000000000075,239,2022
2022-05-09,0.011493616822238801,15.000000000000014,236,2022
2022-05-10,0.011487440633707637,15.000000000000071,235,2022
2022-05-11,0.011548416775251744,15.000000000000083,234,2022
2022-05-12,0.011489189230115233,15.000000000000002,233,2022
2022-05-13,0.011442875003095846,15.0,232,2022
2022-05-16,0.011531530067017303,14.999999999999982,229,2022
2022-05-17,0.011492205699200996,14.99999999999998,228,2022
2022-05-18,0.011559256390549269,15.000000000000085,227,2022
2022-05-19,0.011503214690361698,15.000000000000039,226,2022
2022-05-20,0.0115545866773154,15.00000000000006,225,2022
2022-05-23,0.011535488504589271,15.000000000000014,222,2022
2022-05-24,0.011475485443960733,14.99999999999993,221,2022
2022-05-25,0.011516100225387802,15.000000000000002,220,2022
2022-05-26,0.011567878825923162,14.999999999999927,219,2022
2022-05-27,0.01150869062343974,14.999999999999988,218,2022
2022-05-30,0.011532960229552898,15.00000000000004,215,2022
2022-05-31,0.011531505953674272,15.000000000000002,214,2022
2022-06-01,0.011604281404318757,15.00000000000009,213,2022
2022-06-02,0.011617952810590708,14.999999999999943,212,2022
2022-06-03,0.011645338600689607,14.999999999999911,211,2022
2022-06-06,0.011683059021112616,14.999999999999966,208,2022
2022-06-07,0.011650074537270417,15.000000000000032,207,2022
2022-06-08,0.011672696301541363,15.000000000000025,206,2022
2022-06-09,0.011615121393371418,15.000000000000007,205,2022
2022-06-10,0.011666221125970773,15.00000000000005,204,2022
2022-06-13,0.011624276699400178,14.999999999999956,201,2022
2022-06-14,0.011681070700380804,15.000000000000025,200,2022
2022-06-15,0.011671494186238437,15.00000000000006,199,2022
2022-06-16,0.011628764063941519,15.000000000000055,198,2022
2022-06-17,0.011674145607566412,14.999999999999995,197,2022
2022-06-20,0.011622670931332077,15.000000000000039,194,2022
2022-06-21,0.011637817658192374,14.999999999999952,193,2022
2022-06-22,0.01167865465394396,14.999999999999938,192,2022
2022-06-23,0.0116679474546421,14.999999999999961,191,2022
2022-06-24,0.011665587165953993,14.999999999999911,190,2022
2022-06-27,0.011702863962537294,14.99999999999993,187,2022
2022-06-28,0.011721410802946731,15.000000000000014,186,2022
2022-06-29,0.011771206643467383,15.000000000000055,185,2022
2022-06-30,0.011778671753289944,15.000000000000002,184,2022
2022-07-01,0.011735220721050562,14.999999999999995,183,2022
2022-07-04,0.011640419284007698,15.000000000000005,180,2022
2022-07-05,0.01161670994744942,14.999999999999977,179,2022
2022-07-06,0.011567564646253668,14.99999999999998,178,2022
2022-07-07,0.011590191709513524,14.999999999999947,177,2022
2022-07-08,0.011598226732664935,15.000000000000021,176,2022
2022-07-11,0.011581180499481966,14.999999999999988,173,2022
2022-07-12,0.011602221092471362,15.000000000000066,172,2022
2022-07-13,0.011606813563847669,14.999999999999952,171,2022
2022-07-14,0.011601471174068389,15.000000000000027,170,2022
2022-07-15,0.011617703208723077,14.999999999999977,169,2022
2022-07-18,0.011582328785871726,15.000000000000021,166,2022
2022-07-19,0.011530133055239608,15.00000000000001,165,2022
2022-07-20,0.011469211524526141,15.000000000000007,164,2022
2022-07-21,0.011478094274719172,15.000000000000075,163,2022
2022-07-22,0.011501914168815335,15.000000000000036,162,2022
2022-07-25,0.01152080279705176,15.000000000000036,159,2022
2022-07-26,0.011570456845325353,14.999999999999975,158,2022
2022-07-27,0.011575182563547221,14.99999999999998,157,2022
2022-07-28,0.011505383977916088,14.999999999999956,156,2022
2022-07-29,0.011511870705807151,15.000000000000002,155,2022
2022-08-01,0.011513939892200236,15.000000000000021,152,2022
2022-08-02,0.011523024627720188,14.999999999999963,151,2022
2022-08-03,0.011581326934340708,15.000000000000007,150,2022
2022-08-04,0.011522651000939764,14.999999999999961,149,2022
2022-08-05,0.011474600645413627,14.999999999999986,148,2022
2022-08-08,0.011409175558473268,15.000000000000036,145,2022
2022-08-09,0.011470491433058849,14.999999999999975,144,2022
2022-08-10,0.011452812310217877,14.999999999999988,143,2022
2022-08-11,0.01145164679428555,15.000000000000021,142,2022
2022-08-12,0.01139448451691575,15.0,141,2022
2022-08-15,0.011424670140810991,15.000000000000007,138,2022
2022-08-16,0.01140930482545421,14.999999999999968,137,2022
2022-08-17,0.01135102571656481,14.999999999999966,136,2022
2022-08-18,0.011445766982836813,14.999999999999988,135,2022
2022-08-19,0.011442909807374599,14.999999999999995,134,2022
2022-08-22,0.011512532444168774,15.000000000000027,131,2022
2022-08-23,0.01151293935108764,15.000000000000036,130,2022
2022-08-24,0.011514182072974527,15.000000000000021,129,2022
2022-08-25,0.011545641394044313,14.999999999999982,128,2022
2022-08-26,0.011510141703157907,15.00000000000003,127,2022
2022-08-29,0.011581096002179918,15.00000000000003,124,2022
2022-08-30,0.011644790524884544,15.000000000000016,123,2022
2022-08-31,0.011622878935572576,14.999999999999988,122,2022
2022-09-01,0.011599167597110743,15.000000000000014,121,2022
2022-09-02,0.011617096593289853,15.000000000000005,120,2022
2022-09-05,0.011628470014131346,15.000000000000025,117,2022
2022-09-06,0.011565234897347346,15.000000000000025,116,2022
2022-09-07,0.011576183120638989,14.999999999999966,115,2022
2022-09-08,0.011559776124095318,15.000000000000005,114,2022
2022-09-09,0.011540558783888433,15.000000000000002,113,2022
2022-09-12,0.011519902619065795,15.000000000000007,110,2022
2022-09-13,0.011529057482233884,15.000000000000002,109,2022
2022-09-14,0.011605920371567241,15.00000000000001,108,2022
2022-09-15,0.011632738026954768,15.00000000000003,107,2022
2022-09-16,0.011608990932776909,15.000000000000036,106,2022
2022-09-19,0.011597210331854743,14.999999999999996,103,2022
2022-09-20,0.011586649716179053,15.000000000000007,102,2022
2022-09-21,0.011559319701575256,15.000000000000021,101,2022
2022-09-22,0.011614836922662696,14.999999999999996,100,2022
2022-09-23,0.011560245129493826,15.000000000000007,99,2022
2022-09-26,0.011562877417159364,14.999999999999982,96,2022
2022-09-27,0.01157683218476991,15.000000000000014,95,2022
2022-09-28,0.011550252148655701,15.00000000000006,94,2022
2022-09-29,0.01150491888229515,14.999999999999975,93,2022
2022-09-30,0.011537908162677402,15.000000000000002,92,2022
2022-10-03,0.011458717572946862,14.999999999999963,89,2022
2022-10-04,0.011385998048605461,14.999999999999995,88,2022
2022-10-05,0.011404124718373071,14.999999999999995,87,2022
2022-10-06,0.011356957853993377,15.000000000000002,86,2022
2022-10-07,0.011316409737780279,14.999999999999975,85,2022
2022-10-10,0.011297286617537013,14.999999999999982,82,2022
2022-10-11,0.011367455735848775,15.0,81,2022
2022-10-12,0.011320188319704393,14.999999999999982,80,2022
2022-10-13,0.011315134016039511,14.999999999999972,79,2022
2022-10-14,0.01126466713298319,14.999999999999968,78,2022
2022-10-17,0.011237625954038015,15.0,75,2022
2022-10-18,0.011167727423427734,14.999999999999968,74,2022
2022-10-19,0.011145950327876877,14.999999999999995,73,2022
2022-10-20,0.011143564405495882,14.999999999999982,72,2022
2022-10-21,0.011147464472305321,15.000000000000014,71,2022
2022-10-24,0.01114675701449164,14.999999999999975,68,2022
2022-10-25,0.011134980720893285,15.000000000000027,67,2022
2022-10-26,0.011126619747571115,15.000000000000036,66,2022
2022-10-27,0.011151494584262477,15.000000000000036,65,2022
2022-10-28,0.011073290486093667,14.999999999999968,64,2022
2022-10-31,0.011063896253250237,14.99999999999995,61,2022
2022-11-01,0.010998898968838298,14.999999999999982,60,2022
2022-11-02,0.011022543557366551,14.999999999999952,59,2022
2022-11-03,0.010999663760357457,14.999999999999966,58,2022
2022-11-04,0.011020151854212406,14.99999999999993,57,2022
2022-11-07,0.011018152395715118,14.999999999999938,54,2022
2022-11-08,0.011035415730937243,14.999999999999961,53,2022
2022-11-09,0.011117737815039785,14.999999999999986,52,2022
2022-11-10,0.011144422135194607,14.999999999999972,51,2022
2022-11-11,0.011186110830211727,14.999999999999988,50,2022
2022-11-14,0.01114518692018635,14.999999999999986,47,2022
2022-11-15,0.011170202345166618,14.999999999999968,46,2022
2022-11-16,0.01119634482757006,15.000000000000014,45,2022
2022-11-17,0.011206648325984225,15.000000000000007,44,2022
2022-11-18,0.011228654709744454,15.00000000000001,43,2022
2022-11-21,0.011255628699474352,14.999999999999995,40,2022
2022-11-22,0.011239815293986178,15.000000000000036,39,2022
2022-11-23,0.011245302856713213,15.000000000000046,38,2022
2022-11-24,0.011259581199954901,14.999999999999995,37,2022
2022-11-25,0.01124758150161281,14.999999999999961,36,2022
2022-11-28,0.011207043731965948,15.000000000000014,33,2022
2022-11-29,0.011167926031549674,14.999999999999961,32,2022
2022-11-30,0.011144104768667583,14.999999999999986,31,2022
2022-12-01,0.0111673452667789,14.999999999999968,30,2022
2022-12-02,0.011237561804105184,15.000000000000014,29,2022
2022-12-05,0.011250421340221778,14.99999999999993,26,2022
2022-12-06,0.011229455420781582,14.999999999999961,25,2022
2022-12-07,0.01122111957519375,14.999999999999977,24,2022
2022-12-08,0.011218821654955545,14.999999999999986,23,2022
2022-12-09,0.01130846342122694,14.999999999999943,22,2022
2022-12-12,0.011331792822929555,14.999999999999938,19,2022
2022-12-13,0.011287641228318481,14.999999999999982,18,2022
2022-12-14,0.011216671481203033,14.999999999999941,17,2022
2022-12-15,0.011233734077785537,14.999999999999936,16,2022
2022-12-16,0.011339538703523526,14.999999999999936,15,2022
2022-12-19,,,12,2022
2022-12-20,,,11,2022
2022-12-21,,,10,2022
2022-12-22,,,9,2022
2022-12-23,,,8,2022
2022-12-26,,,5,2022
2022-12-27,,,4,2022
2022-12-28,,,3,2022
2022-12-29,,,2,2022
2022-12-30,,,1,2022
2023-01-02,,,363,2023
2023-01-03,,,362,2023
2023-01-04,,,361,2023
2023-01-05,,,360,2023
2023-01-06,,,359,2023
2023-01-09,,,356,2023
2023-01-10,,,355,2023
2023-01-11,,,354,2023
2023-01-12,,,353,2023
2023-01-13,,,352,2023
2023-01-16,,,349,2023
2023-01-17,,,348,2023
2023-01-18,,,347,2023
2023-01-19,,,346,2023
2023-01-20,,,345,2023
2023-01-23,,,342,2023
2023-01-24,,,341,2023
2023-01-25,,,340,2023
2023-01-26,,,339,2023
2023-01-27,,,338,2023
2023-01-30,,,335,2023
2023-01-31,,,334,2023
2023-02-01,,,333,2023
2023-02-02,,,332,2023
2023-02-03,,,331,2023
2023-02-06,,,328,2023
2023-02-07,,,327,2023
2023-02-08,,,326,2023
2023-02-09,,,325,2023
2023-02-10,,,324,2023
2023-02-13,,,321,2023
2023-02-14,,,320,2023
2023-02-15,,,319,2023
2023-02-16,,,318,2023
2023-02-17,,,317,2023
2023-02-20,,,314,2023
2023-02-21,,,313,2023
2023-02-22,,,312,2023
2023-02-23,,,311,2023
2023-02-24,,,310,2023
2023-02-27,,,307,2023
2023-02-28,,,306,2023
2023-03-01,,,305,2023
2023-03-02,,,304,2023
2023-03-03,,,303,2023
2023-03-06,,,300,2023
2023-03-07,,,299,2023
2023-03-08,,,298,2023
2023-03-09,,,297,2023
2023-03-10,,,296,2023
2023-03-13,,,293,2023
2023-03-14,,,292,2023
2023-03-15,,,291,2023
2023-03-16,,,290,2023
2023-03-17,,,289,2023
2023-03-20,,,286,2023
2023-03-21,,,285,2023
2023-03-22,,,284,2023
2023-03-23,,,283,2023
2023-03-24,,,282,2023
2023-03-27,,,279,2023
2023-03-28,,,278,2023
2023-03-29,,,277,2023
2023-03-30,,,276,2023
2023-03-31,,,275,2023
2023-04-03,0.011445594373743555,14.999999999999988,272,2023
2023-04-04,0.01145601732152744,14.999999999999986,271,2023
2023-04-05,0.011484842674639138,15.00000000000001,270,2023
2023-04-06,0.011511029722765402,14.999999999999897,269,2023
2023-04-07,0.011410086851049212,15.00000000000002,268,2023
2023-04-10,0.011463866400869051,15.0,265,2023
2023-04-11,0.011476386969457703,14.999999999999995,264,2023
2023-04-12,0.01150513856360392,14.999999999999995,263,2023
2023-04-13,0.011599879886262942,15.00000000000006,262,2023
2023-04-14,0.011579024809914608,14.999999999999995,261,2023
2023-04-17,0.011610279532870266,15.00000000000008,258,2023
2023-04-18,0.011473942102498837,15.000000000000085,257,2023
2023-04-19,0.011543352783812393,14.999999999999968,256,2023
2023-04-20,0.01156184793409923,14.999999999999952,255,2023
2023-04-21,0.011569439221696327,14.999999999999988,254,2023
2023-04-24,0.011584718054878526,14.999999999999927,251,2023
2023-04-25,0.011591913263281522,15.000000000000016,250,2023
2023-04-26,0.011567111988367183,14.999999999999995,249,2023
2023-04-27,0.011648349143546092,15.000000000000005,248,2023
2023-04-28,0.011592190004685471,15.000000000000055,247,2023
2023-05-01,0.011636773958934307,15.000000000000165,244,2023
2023-05-02,0.011703298212556239,14.99999999999998,243,2023
2023-05-03,0.011655455283565713,14.999999999999966,242,2023
2023-05-04,0.01156594934538897,14.999999999999986,241,2023
2023-05-05,0.01158144606263688,14.999999999999968,240,2023
2023-05-08,0.011530930985679155,14.999999999999972,237,2023
2023-05-09,0.011480711786225683,15.000000000000007,236,2023
2023-05-10,0.01153901808701536,15.000000000000085,235,2023
2023-05-11,0.011596100560997443,14.999999999999888,234,2023
2023-05-12,0.01163125684853511,15.00000000000004,233,2023
2023-05-15,0.011678335428305982,14.99999999999995,230,2023
2023-05-16,0.011615771668543103,14.999999999999941,229,2023
2023-05-17,0.011671563941253398,14.999999999999996,228,2023
2023-05-18,0.01167303660860425,15.000000000000014,227,2023
2023-05-19,0.011659964866298134,15.000000000000014,226,2023
2023-05-22,0.01165777113743652,14.999999999999938,223,2023
2023-05-23,0.011671729801820243,15.00000000000012,222,2023
2023-05-24,0.011594464260466994,15.000000000000005,221,2023
2023-05-25,0.011567372973277468,14.999999999999941,220,2023
2023-05-26,0.011571446527858924,14.999999999999963,219,2023
2023-05-29,0.011509505899837848,14.999999999999966,216,2023
2023-05-30,0.01156675233433737,14.999999999999975,215,2023
2023-05-31,0.011577897547459394,15.000000000000005,214,2023
2023-06-01,0.011575787793439532,14.999999999999982,213,2023
2023-06-02,0.01163292051975863,15.000000000000007,212,2023
2023-06-05,0.011623327409519865,15.000000000000075,209,2023
2023-06-06,0.011637732268907573,15.000000000000002,208,2023
2023-06-07,0.011605920116262193,14.999999999999982,207,2023
2023-06-08,0.011616826959053387,15.000000000000108,206,2023
2023-06-09,0.011570937291519172,14.999999999999988,205,2023
2023-06-12,0.011600085279047346,15.000000000000016,202,2023
2023-06-13,0.011585507077522962,15.000000000000007,201,2023
2023-06-14,0.01150283305389541,15.000000000000105,200,2023
2023-06-15,0.011479545452129938,14.999999999999995,199,2023
2023-06-16,0.011487474282564572,14.999999999999982,198,2023
2023-06-19,0.011531997051450015,14.999999999999988,195,2023
2023-06-20,0.01156113574966616,14.999999999999917,194,2023
2023-06-21,0.011489255233523926,15.00000000000006,193,2023
2023-06-22,0.011501969588517763,15.000000000000021,192,2023
2023-06-23,0.011526438935432964,14.999999999999956,191,2023
2023-06-26,0.01153418465109988,14.999999999999963,188,2023
2023-06-27,0.011595293382754184,15.000000000000039,187,2023
2023-06-28,0.011616823134444464,15.000000000000014,186,2023
2023-06-29,0.011605501510102166,15.00000000000003,185,2023
2023-06-30,0.01159033680811114,14.999999999999996,184,2023
2023-07-03,0.011623955932644332,14.999999999999968,181,2023
2023-07-04,0.011586392838312006,15.00000000000004,180,2023
2023-07-05,0.011537284478008863,15.000000000000002,179,2023
2023-07-06,0.01154067423597865,15.000000000000005,178,2023
2023-07-07,0.011501752315137422,14.999999999999968,177,2023
2023-07-10,0.011526800751364858,14.99999999999993,174,2023
2023-07-11,0.011569224198074799,14.999999999999996,173,2023
2023-07-12,0.011621163530890216,14.999999999999968,172,2023
2023-07-13,0.01163065449452343,15.000000000000021,171,2023
2023-07-14,0.011689759177630325,14.999999999999977,170,2023
2023-07-17,0.011652514223647546,14.999999999999961,167,2023
2023-07-18,0.011737990902543596,14.999999999999961,166,2023
2023-07-19,0.011758061978784156,14.999999999999986,165,2023
2023-07-20,0.011718219896236892,15.000000000000027,164,2023
2023-07-21,0.011655491505035259,15.000000000000027,163,2023
2023-07-24,0.011639535587632359,15.000000000000007,160,2023
2023-07-25,0.011661693364820454,14.999999999999966,159,2023
2023-07-26,0.011649238538172176,14.999999999999988,158,2023
2023-07-27,0.011637243391643966,14.999999999999975,157,2023
2023-07-28,0.01165770423050656,14.999999999999995,156,2023
2023-07-31,0.011665856976389973,14.99999999999998,153,2023
2023-08-01,0.01163919047496779,14.999999999999977,152,2023
2023-08-02,0.011615314271468394,14.99999999999998,151,2023
2023-08-03,0.01168163929473632,14.999999999999977,150,2023
2023-08-04,0.011581368565109358,14.999999999999968,149,2023
2023-08-07,0.01158359415560211,15.000000000000025,146,2023
2023-08-08,0.01164342627347595,15.000000000000002,145,2023
2023-08-09,0.011571211871728541,15.000000000000016,144,2023
2023-08-10,0.011589910282051903,14.999999999999982,143,2023
2023-08-11,0.011646202395732413,14.999999999999982,142,2023
2023-08-14,0.011624837990697074,14.999999999999975,139,2023
2023-08-15,0.011734835255360851,14.999999999999977,138,2023
2023-08-16,0.011778586449729083,15.000000000000002,137,2023
2023-08-17,0.011724078549216367,15.000000000000027,136,2023
2023-08-18,0.011656660410804823,14.999999999999956,135,2023
2023-08-21,0.011624115069510799,15.000000000000005,132,2023
2023-08-22,0.011590364012916358,14.999999999999988,131,2023
2023-08-23,0.011562065420799954,15.00000000000006,130,2023
2023-08-24,0.011580408627790644,15.000000000000044,129,2023
2023-08-25,0.011579046666484589,15.000000000000002,128,2023
2023-08-28,0.01151692874434379,14.999999999999972,125,2023
2023-08-29,0.011531472659166295,14.999999999999982,124,2023
2023-08-30,0.01147213599410248,14.999999999999982,123,2023
2023-08-31,0.011428503380459268,14.999999999999986,122,2023
2023-09-01,0.011392626657671368,14.99999999999998,121,2023
2023-09-04,0.011360737006903978,15.000000000000002,118,2023
2023-09-05,0.011358670192136051,14.999999999999996,117,2023
2023-09-06,0.011309758852290446,14.999999999999968,116,2023
2023-09-07,0.011299006926026681,14.99999999999993,115,2023
2023-09-08,0.011354217047795778,15.0,114,2023
2023-09-11,0.011431646158252408,14.999999999999952,111,2023
2023-09-12,0.011390121986960405,14.999999999999995,110,2023
2023-09-13,0.01145606835376303,14.999999999999982,109,2023
2023-09-14,0.011543170735495097,14.999999999999982,108,2023
2023-09-15,0.01157842301729974,14.99999999999998,107,2023
2023-09-18,0.01162426386590916,14.999999999999991,104,2023
2023-09-19,0.011628049296600797,15.000000000000014,103,2023
2023-09-20,0.011601859666236046,14.999999999999986,102,2023
2023-09-21,0.011626004331775693,14.999999999999996,101,2023
2023-09-22,0.01163087922950649,15.000000000000002,100,2023
2023-09-25,0.011578042926456901,14.999999999999968,97,2023
2023-09-26,0.011558586602067353,14.999999999999991,96,2023
2023-09-27,0.011573000449326612,14.999999999999977,95,2023
2023-09-28,0.011628306265092769,15.00000000000005,94,2023
2023-09-29,0.01166359041903349,15.00000000000004,93,2023
2023-10-02,0.011739911970881384,14.999999999999988,90,2023
2023-10-03,0.01169314244271829,14.99999999999995,89,2023
2023-10-04,0.01170560267371626,14.99999999999995,88,2023
2023-10-05,0.01167046841566436,14.999999999999943,87,2023
2023-10-06,0.01167290805403588,14.999999999999988,86,2023
2023-10-09,0.011610404924806582,15.000000000000021,83,2023
2023-10-10,0.0116510842484788,14.999999999999956,82,2023
2023-10-11,0.01159851514385663,14.99999999999995,81,2023
2023-10-12,0.011684601595884922,14.999999999999961,80,2023
2023-10-13,0.011691043392931796,14.999999999999963,79,2023
2023-10-16,0.011758489894973464,15.000000000000002,76,2023
2023-10-17,0.011761451634233951,14.999999999999972,75,2023
2023-10-18,0.011812785229009911,14.999999999999982,74,2023
2023-10-19,0.011744695171915747,14.999999999999995,73,2023
2023-10-20,0.011799047682260963,15.0,72,2023
2023-10-23,0.011757021830994628,14.99999999999998,69,2023
2023-10-24,0.011678469399761368,14.999999999999963,68,2023
2023-10-25,0.011678928878783695,14.999999999999968,67,2023
2023-10-26,0.011673957642856633,14.999999999999975,66,2023
2023-10-27,0.011766840415798934,15.000000000000014,65,2023
2023-10-30,0.011862126683101536,14.999999999999988,62,2023
2023-10-31,0.011884826647112155,14.999999999999938,61,2023
2023-11-01,0.011898775828181662,14.99999999999993,60,2023
2023-11-02,0.01188880525577636,14.999999999999968,59,2023
2023-11-03,0.011942178039412658,14.999999999999956,58,2023
2023-11-06,0.011986723709632297,14.999999999999968,55,2023
2023-11-07,0.011983635059215715,14.999999999999956,54,2023
2023-11-08,0.011954213220465172,14.999999999999995,53,2023
2023-11-09,0.011839679184230461,14.999999999999956,52,2023
2023-11-10,0.01182242690358999,15.000000000000021,51,2023
2023-11-13,0.011857602647787202,14.99999999999995,48,2023
2023-11-14,0.011834529433380685,14.999999999999977,47,2023
2023-11-15,0.011809533798049495,14.99999999999995,46,2023
2023-11-16,0.01182607190746664,15.0,45,2023
2023-11-17,0.011892781751759994,14.999999999999991,44,2023
2023-11-20,0.011924931904063494,15.000000000000007,41,2023
2023-11-21,0.011993649378667334,14.999999999999988,40,2023
2023-11-22,0.011983892179699548,14.999999999999977,39,2023
2023-11-23,0.011975122817141502,14.999999999999957,38,2023
2023-11-24,0.011997638056298955,14.999999999999977,37,2023
2023-11-27,0.012039527151744847,14.999999999999961,34,2023
2023-11-28,0.012125659832024037,14.999999999999995,33,2023
2023-11-29,0.012101156303112091,15.00000000000001,32,2023
2023-11-30,0.012060562297770801,15.000000000000025,31,2023
2023-12-01,0.012094627846746047,14.999999999999968,30,2023
2023-12-04,0.01209592240870158,14.999999999999988,27,2023
2023-12-05,0.012161129432489131,15.000000000000007,26,2023
2023-12-06,0.012202107131947306,14.999999999999925,25,2023
2023-12-07,0.012305423873158151,15.0,24,2023
2023-12-08,0.012423719318839458,15.000000000000046,23,2023
2023-12-11,0.012376177695644867,14.999999999999977,20,2023
2023-12-12,0.012380014517449512,14.999999999999991,19,2023
2023-12-13,0.012305741435457302,14.999999999999941,18,2023
2023-12-14,0.012349777518104241,14.999999999999925,17,2023
2023-12-15,0.012333551475054359,14.999999999999982,16,2023
2023-12-18,,,13,2023
2023-12-19,,,12,2023
2023-12-20,,,11,2023
2023-12-21,,,10,2023
2023-12-22,,,9,2023
2023-12-25,,,6,2023
2023-12-26,,,5,2023
2023-12-27,,,4,2023
2023-12-28,,,3,2023
2023-12-29,,,2,2023
2024-01-01,,,365,2024
2024-01-02,,,364,2024
2024-01-03,,,363,2024
2024-01-04,,,362,2024
2024-01-05,,,361,2024
2024-01-08,,,358,2024
2024-01-09,,,357,2024
2024-01-10,,,356,2024
2024-01-11,,,355,2024
2024-01-12,,,354,2024
2024-01-15,,,351,2024
2024-01-16,,,350,2024
2024-01-17,,,349,2024
2024-01-18,,,348,2024
2024-01-19,,,347,2024
2024-01-22,,,344,2024
2024-01-23,,,343,2024
2024-01-24,,,342,2024
2024-01-25,,,341,2024
2024-01-26,,,340,2024
2024-01-29,,,337,2024
2024-01-30,,,336,2024
2024-01-31,,,335,2024
2024-02-01,,,334,2024
2024-02-02,,,333,2024
2024-02-05,,,330,2024
2024-02-06,,,329,2024
2024-02-07,,,328,2024
2024-02-08,,,327,2024
2024-02-09,,,326,2024
2024-02-12,,,323,2024
2024-02-13,,,322,2024
2024-02-14,,,321,2024
2024-02-15,,,320,2024
2024-02-16,,,319,2024
2024-02-19,,,316,2024
2024-02-20,,,315,2024
2024-02-21,,,314,2024
2024-02-22,,,313,2024
2024-02-23,,,312,2024
2024-02-26,,,309,2024
2024-02-27,,,308,2024
2024-02-28,,,307,2024
2024-02-29,,,306,2024
2024-03-01,,,305,2024
2024-03-04,,,302,2024
2024-03-05,,,301,2024
2024-03-06,,,300,2024
2024-03-07,,,299,2024
2024-03-08,,,298,2024
2024-03-11,,,295,2024
2024-03-12,,,294,2024
2024-03-13,,,293,2024
2024-03-14,,,292,2024
2024-03-15,,,291,2024
2024-03-18,,,288,2024
2024-03-19,,,287,2024
2024-03-20,,,286,2024
2024-03-21,,,285,2024
2024-03-22,,,284,2024
2024-03-25,,,281,2024
2024-03-26,,,280,2024
2024-03-27,,,279,2024
2024-03-28,,,278,2024
2024-03-29,,,277,2024
2024-04-01,,,274,2024
2024-04-02,,,273,2024
2024-04-03,0.012278232804090732,14.999999999999988,272,2024
2024-04-04,0.012305285727222495,14.999999999999982,271,2024
2024-04-05,0.012323081882250873,14.999999999999996,270,2024
2024-04-08,0.012332059655181417,15.000000000000044,267,2024
2024-04-09,0.01239595765791947,15.000000000000016,266,2024
2024-04-10,0.01242906313869531,15.000000000000025,265,2024
2024-04-11,0.012439264011731479,14.999999999999888,264,2024
2024-04-12,0.012375389254236363,15.000000000000066,263,2024
2024-04-15,0.01237321447808202,14.99999999999998,260,2024
2024-04-16,0.012403640764800097,14.999999999999982,259,2024
2024-04-17,0.01240621510686896,15.000000000000153,258,2024
2024-04-18,0.012398500882652864,14.999999999999995,257,2024
2024-04-19,0.01237834081273233,14.999999999999961,256,2024
2024-04-22,0.012496819313873014,15.0,253,2024
2024-04-23,0.012447346926820166,15.000000000000025,252,2024
2024-04-24,0.012421101632550089,15.000000000000066,251,2024
2024-04-25,0.012437452261230936,15.000000000000005,250,2024
2024-04-26,0.012577361279075466,15.000000000000039,249,2024
2024-04-29,0.01252191479530559,14.999999999999963,246,2024
2024-04-30,0.012462386465960382,14.999999999999995,245,2024
2024-05-01,0.012403659070331037,15.000000000000089,244,2024
2024-05-02,0.012310223602952971,15.000000000000114,243,2024
2024-05-03,0.012337226034981705,15.00000000000003,242,2024
2024-05-06,0.012338270022133984,15.000000000000096,239,2024
2024-05-07,0.012375367959386922,15.00000000000002,238,2024
2024-05-08,0.012359254930976716,14.999999999999982,237,2024
2024-05-09,0.01230315688115507,14.99999999999995,236,2024
2024-05-10,0.012348839641311754,14.999999999999927,235,2024
2024-05-13,0.012295130501824653,15.000000000000032,232,2024
2024-05-14,0.012296328582862842,15.000000000000064,231,2024
2024-05-15,0.012328637298118873,14.99999999999995,230,2024
2024-05-16,0.012377298774089683,15.000000000000119,229,2024
2024-05-17,0.012389823390570615,15.000000000000066,228,2024
2024-05-20,0.01237692772927581,15.000000000000055,225,2024
2024-05-21,0.01232651422947899,15.00000000000002,224,2024
2024-05-22,0.012361980765489756,14.999999999999897,223,2024
2024-05-23,0.012414435333690927,15.00000000000006,222,2024
2024-05-24,0.012386085572050282,15.000000000000089,221,2024
2024-05-27,0.012384169041495828,15.000000000000025,218,2024
2024-05-28,0.012445640067241472,15.000000000000089,217,2024
2024-05-29,0.012500848937060088,15.00000000000006,216,2024
2024-05-30,0.01257667160270354,15.000000000000046,215,2024
2024-05-31,0.012482903009482973,14.99999999999993,214,2024
2024-06-03,0.01243573284713212,14.999999999999975,211,2024
2024-06-04,0.01249188746106994,14.999999999999956,210,2024
2024-06-05,0.012467197993127739,14.999999999999952,209,2024
2024-06-06,0.01247334361147647,14.999999999999982,208,2024
2024-06-07,0.01250417176952398,14.999999999999966,207,2024
2024-06-10,0.012440862889027857,15.000000000000007,204,2024
2024-06-11,0.012424521376472404,14.999999999999941,203,2024
2024-06-12,0.01246476906335078,14.999999999999936,202,2024
2024-06-13,0.01249942880085723,15.000000000000135,201,2024
2024-06-14,0.012383119116812714,15.000000000000052,200,2024
2024-06-17,0.012305381066265402,14.999999999999956,197,2024
2024-06-18,0.012321849935888642,14.999999999999908,196,2024
2024-06-19,0.01233257476893212,15.000000000000016,195,2024
2024-06-20,0.012401387324777018,15.00000000000001,194,2024
2024-06-21,0.01240968264022068,15.000000000000027,193,2024
2024-06-24,0.01241631493192559,15.00000000000002,190,2024
2024-06-25,0.01239993148785738,14.999999999999975,189,2024
2024-06-26,0.012418505990216355,15.000000000000027,188,2024
2024-06-27,0.012399513110830164,14.999999999999941,187,2024
2024-06-28,0.01247192368036325,15.00000000000002,186,2024
2024-07-01,0.012527905380356233,14.99999999999995,183,2024
2024-07-02,0.012553448344976143,14.999999999999918,182,2024
2024-07-03,0.012629192307571325,14.999999999999988,181,2024
2024-07-04,0.012723962240442968,14.999999999999988,180,2024
2024-07-05,0.012663483520708571,14.999999999999988,179,2024
2024-07-08,0.01265160763318369,15.000000000000005,176,2024
2024-07-09,0.0126518153008267,15.000000000000025,175,2024
2024-07-10,0.012645515005161336,15.000000000000007,174,2024
2024-07-11,0.01263170138402349,14.999999999999988,173,2024
2024-07-12,0.012707813552211907,15.000000000000014,172,2024
2024-07-15,0.012732729287777717,14.999999999999988,169,2024
2024-07-16,0.012682870046594746,14.999999999999995,168,2024
2024-07-17,0.012696654595149653,15.000000000000039,167,2024
2024-07-18,0.012839219584520625,15.000000000000032,166,2024
2024-07-19,0.012836494540071026,15.000000000000002,165,2024
2024-07-22,0.012833833440671487,15.000000000000039,162,2024
2024-07-23,0.012829904195864274,14.999999999999988,161,2024
2024-07-24,0.012932944472937623,15.0,160,2024
2024-07-25,0.012886718995004378,14.999999999999988,159,2024
2024-07-26,0.01291013500794277,14.999999999999996,158,2024
2024-07-29,0.012869374288165506,15.000000000000007,155,2024
2024-07-30,0.012783849467546638,14.999999999999988,154,2024
2024-07-31,0.012829673399881038,15.000000000000005,153,2024
2024-08-01,0.01288770896646424,15.000000000000005,152,2024
2024-08-02,0.01284204837844024,15.000000000000007,151,2024
2024-08-05,0.012924798704530697,15.0,148,2024
2024-08-06,0.012993366766021065,15.000000000000027,147,2024
2024-08-07,0.013033042637195501,14.999999999999995,146,2024
2024-08-08,0.013119317566391496,15.000000000000027,145,2024
2024-08-09,0.013192652582959666,15.000000000000014,144,2024
2024-08-12,0.01317459149700213,15.00000000000001,141,2024
2024-08-13,0.013138448721604206,15.000000000000007,140,2024
2024-08-14,0.013139344382524553,15.000000000000021,139,2024
2024-08-15,0.013175248251387196,15.00000000000001,138,2024
2024-08-16,0.01312227818640549,15.000000000000021,137,2024
2024-08-19,0.013119554076470794,15.00000000000001,134,2024
2024-08-20,0.013069625069233074,15.000000000000027,133,2024
2024-08-21,0.01313997502784308,15.000000000000021,132,2024
2024-08-22,0.013144598633096739,15.00000000000003,131,2024
2024-08-23,0.013154582742210428,15.000000000000007,130,2024
2024-08-26,0.013098737785104108,15.000000000000016,127,2024
2024-08-27,0.013111240817029952,15.000000000000036,126,2024
2024-08-28,0.013106079931337895,14.999999999999995,125,2024
2024-08-29,0.013099990342151717,15.000000000000005,124,2024
2024-08-30,0.013150143203669199,15.000000000000027,123,2024
2024-09-02,0.013112870427134892,15.000000000000036,120,2024
2024-09-03,0.0131500525980263,14.99999999999998,119,2024
2024-09-04,0.01321698142477378,15.000000000000027,118,2024
2024-09-05,0.013133069603769337,15.000000000000021,117,2024
2024-09-06,0.013145218049024488,15.000000000000027,116,2024
2024-09-09,0.012993037707945613,15.000000000000002,113,2024
2024-09-10,0.013032978108418778,14.99999999999998,112,2024
2024-09-11,0.013059250375674887,15.000000000000007,111,2024
2024-09-12,0.013066301225170999,15.000000000000021,110,2024
2024-09-13,0.013049019468546958,15.000000000000021,109,2024
2024-09-16,0.013064640005811043,14.999999999999988,106,2024
2024-09-17,0.013065913437617763,15.00000000000002,105,2024
2024-09-18,0.013009346218241482,14.999999999999972,104,2024
2024-09-19,0.013048456676482781,14.999999999999995,103,2024
2024-09-20,0.013052041193367381,15.000000000000036,102,2024
2024-09-23,0.013062608857079395,15.000000000000014,99,2024
2024-09-24,0.01303025477085741,14.999999999999988,98,2024
2024-09-25,0.013033754690993722,14.999999999999982,97,2024
2024-09-26,0.012981906685008832,14.999999999999986,96,2024
2024-09-27,0.012924259722311341,15.000000000000027,95,2024
2024-09-30,0.01293109007809554,14.999999999999996,92,2024
2024-10-01,0.012797837187165316,15.000000000000036,91,2024
2024-10-02,0.012796434837043768,15.000000000000014,90,2024
2024-10-03,0.012729750012011846,15.000000000000016,89,2024
2024-10-04,0.012745674143545124,15.000000000000002,88,2024
2024-10-07,0.012738366683616371,15.00000000000002,85,2024
2024-10-08,0.012758394597932663,14.999999999999975,84,2024
2024-10-09,0.012784625240706745,15.000000000000007,83,2024
2024-10-10,0.012808539497833336,14.999999999999968,82,2024
2024-10-11,0.012818347697286318,14.999999999999995,81,2024
2024-10-14,0.012832523266707906,14.999999999999982,78,2024
2024-10-15,0.012869273996654551,14.999999999999975,77,2024
2024-10-16,0.012920141724420483,15.000000000000027,76,2024
2024-10-17,0.012822174378428598,15.000000000000007,75,2024
2024-10-18,0.012962702370302363,14.999999999999956,74,2024
2024-10-21,0.012933183451869855,15.000000000000005,71,2024
2024-10-22,0.013048319161450151,15.0,70,2024
2024-10-23,0.013007442665963822,14.999999999999986,69,2024
2024-10-24,0.012888873273522209,15.0,68,2024
2024-10-25,0.012845468427857347,14.999999999999988,67,2024
2024-10-28,0.012837563064161754,14.999999999999972,64,2024
2024-10-29,0.012833575979665031,14.999999999999982,63,2024
2024-10-30,0.012749334468104036,14.999999999999941,62,2024
2024-10-31,0.012758547819784402,14.999999999999932,61,2024
2024-11-01,0.012795793929317007,14.999999999999986,60,2024
2024-11-04,0.01290808160979492,14.999999999999995,57,2024
2024-11-05,0.01286919358627922,15.0,56,2024
2024-11-06,0.012851618367665381,14.999999999999982,55,2024
2024-11-07,0.012915944897336757,14.999999999999968,54,2024
2024-11-08,0.01304625865990868,14.99999999999998,53,2024
2024-11-11,0.012881328846325013,15.000000000000005,50,2024
2024-11-12,0.012873571752993548,15.000000000000002,49,2024
2024-11-13,0.012821145808153953,14.99999999999995,48,2024
2024-11-14,0.012698128015527435,14.99999999999995,47,2024
2024-11-15,0.012733263992347636,15.00000000000003,46,2024
2024-11-18,0.012715216558256193,14.999999999999957,43,2024
2024-11-19,0.012717933489389885,14.999999999999988,42,2024
2024-11-20,0.0127404817810388,14.999999999999956,41,2024
2024-11-21,0.012732375260916787,14.999999999999961,40,2024
2024-11-22,0.012677570585472841,14.999999999999956,39,2024
2024-11-25,0.012737672363939393,14.999999999999961,36,2024
2024-11-26,0.012715565331314712,15.000000000000007,35,2024
2024-11-27,0.012807786177317593,14.99999999999998,34,2024
2024-11-28,0.01277038857474614,14.999999999999968,33,2024
2024-11-29,0.012694805869129138,14.999999999999972,32,2024
2024-12-02,0.01269774727466085,14.999999999999941,29,2024
2024-12-03,0.012725558145270587,14.999999999999927,28,2024
2024-12-04,0.012759596510503209,14.999999999999941,27,2024
2024-12-05,0.012774088645603386,14.999999999999927,26,2024
2024-12-06,0.01276627759443292,14.999999999999991,25,2024
2024-12-09,0.012684359938926809,14.999999999999995,22,2024
2024-12-10,0.012797324264545806,14.999999999999932,21,2024
2024-12-11,0.012872693471658482,14.999999999999941,20,2024
2024-12-12,0.012796378061444482,14.99999999999998,19,2024
2024-12-13,0.012719764357563999,14.999999999999908,18,2024
2024-12-16,0.012669412524806321,15.000000000000021,15,2024
2024-12-17,0.012728021996816883,14.999999999999975,14,2024
2024-12-18,,,13,2024
2024-12-19,,,12,2024
2024-12-20,,,11,2024
2024-12-23,,,8,2024
2024-12-24,,,7,2024
2024-12-25,,,6,2024
2024-12-26,,,5,2024
2024-12-27,,,4,2024
2024-12-30,,,1,2024
2024-12-31,,,0,2024
2025-01-01,,,364,2025
2025-01-02,,,363,2025
2025-01-03,,,362,2025
2025-01-06,,,359,2025
2025-01-07,,,358,2025
2025-01-08,,,357,2025
2025-01-09,,,356,2025
2025-01-10,,,355,2025
2025-01-13,,,352,2025
2025-01-14,,,351,2025
2025-01-15,,,350,2025
2025-01-16,,,349,2025
2025-01-17,,,348,2025
2025-01-20,,,345,2025
2025-01-21,,,344,2025
2025-01-22,,,343,2025
2025-01-23,,,342,2025
2025-01-24,,,341,2025
2025-01-27,,,338,2025
2025-01-28,,,337,2025
2025-01-29,,,336,2025
2025-01-30,,,335,2025
2025-01-31,,,334,2025
2025-02-03,,,331,2025
2025-02-04,,,330,2025
2025-02-05,,,329,2025
2025-02-06,,,328,2025
2025-02-07,,,327,2025
2025-02-10,,,324,2025
2025-02-11,,,323,2025
2025-02-12,,,322,2025
2025-02-13,,,321,2025
2025-02-14,,,320,2025
2025-02-17,,,317,2025
2025-02-18,,,316,2025
2025-02-19,,,315,2025
2025-02-20,,,314,2025
2025-02-21,,,313,2025
2025-02-24,,,310,2025
2025-02-25,,,309,2025
2025-02-26,,,308,2025
2025-02-27,,,307,2025
2025-02-28,,,306,2025
2025-03-03,,,303,2025
2025-03-04,,,302,2025
2025-03-05,,,301,2025
2025-03-06,,,300,2025
2025-03-07,,,299,2025
2025-03-10,,,296,2025
2025-03-11,,,295,2025
2025-03-12,,,294,2025
2025-03-13,,,293,2025
2025-03-14,,,292,2025
2025-03-17,,,289,2025
2025-03-18,,,288,2025
2025-03-19,,,287,2025
2025-03-20,,,286,2025
2025-03-21,,,285,2025
2025-03-24,,,282,2025
2025-03-25,,,281,2025
2025-03-26,,,280,2025
2025-03-27,,,279,2025
2025-03-28,,,278,2025
2025-03-31,,,275,2025
2025-04-01,,,274,2025
2025-04-02,,,273,2025
2025-04-03,0.012070304465062154,14.999999999999877,272,2025
2025-04-04,0.012056528574763766,14.999999999999922,271,2025
2025-04-07,0.012057423134260767,15.00000000000008,268,2025
2025-04-08,0.012073466039700836,15.000000000000044,267,2025
2025-04-09,0.012125345282394812,15.000000000000066,266,2025
2025-04-10,0.012101586385596557,15.00000000000011,265,2025
2025-04-11,0.012224962463027567,14.999999999999986,264,2025
2025-04-14,0.012262547236351446,15.00000000000002,261,2025
2025-04-15,0.012257783250257242,15.000000000000055,260,2025
2025-04-16,0.012304388974856651,15.000000000000075,259,2025
2025-04-17,0.012395276209331164,15.00000000000003,258,2025
2025-04-18,0.012423159603052007,14.999999999999936,257,2025
2025-04-21,0.012422112199054522,14.999999999999956,254,2025
2025-04-22,0.01233664438729889,15.000000000000083,253,2025
2025-04-23,0.012371234602956001,15.000000000000066,252,2025
2025-04-24,0.012427982947386713,15.000000000000105,251,2025
2025-04-25,0.012475759213074783,15.000000000000096,250,2025
2025-04-28,0.012543561480163985,15.000000000000027,247,2025
2025-04-29,0.012469045372419909,15.00000000000007,246,2025
2025-04-30,0.012409188579063458,15.00000000000012,245,2025
2025-05-01,0.012402139218123514,14.999999999999975,244,2025
2025-05-02,0.012433026592064692,15.000000000000083,243,2025
2025-05-05,0.012420261895340243,14.999999999999956,240,2025
2025-05-06,0.012398877381366762,15.0,239,2025
2025-05-07,0.012356081392392972,14.999999999999988,238,2025
2025-05-08,0.012295693776485725,14.999999999999988,237,2025
2025-05-09,0.012235269918705848,14.999999999999968,236,2025
2025-05-12,0.012314528800867877,15.000000000000089,233,2025
2025-05-13,0.012362819444298135,14.999999999999988,232,2025
2025-05-14,0.01237365466717152,15.000000000000055,231,2025
2025-05-15,0.012362908005828892,14.999999999999961,230,2025
2025-05-16,0.012372015105348222,14.99999999999998,229,2025
2025-05-19,0.012375097237355965,14.999999999999952,226,2025
2025-05-20,0.012340942451072163,14.999999999999956,225,2025
2025-05-21,0.012298285744721523,15.000000000000021,224,2025
2025-05-22,0.012240257243323959,15.000000000000103,223,2025
2025-05-23,0.012249942875073104,14.999999999999988,222,2025
2025-05-26,0.01221176937316445,15.000000000000036,219,2025
2025-05-27,0.012203069946861739,14.999999999999952,218,2025
2025-05-28,0.012223067617195126,14.999999999999936,217,2025
2025-05-29,0.012221879821675611,15.00000000000012,216,2025
2025-05-30,0.012222256215920631,14.99999999999995,215,2025
2025-06-02,0.012132520447690231,15.000000000000039,212,2025
2025-06-03,0.012182536080647741,15.000000000000007,211,2025
2025-06-04,0.012194079950299093,15.00000000000007,210,2025
2025-06-05,0.0122008138533719,14.999999999999988,209,2025
2025-06-06,0.012214961267344728,14.99999999999998,208,2025
2025-06-09,0.012192206958779001,14.999999999999837,205,2025
2025-06-10,0.012229890976183561,14.999999999999956,204,2025
2025-06-11,0.012162382010366412,15.0,203,2025
2025-06-12,0.01224672489018038,14.999999999999927,202,2025
2025-06-13,0.012229166843568623,14.999999999999966,201,2025
2025-06-16,0.012186777819970936,14.999999999999986,198,2025
2025-06-17,0.012206512701017,14.999999999999988,197,2025
2025-06-18,0.012177630173430582,14.999999999999956,196,2025
2025-06-19,0.0121592367150433,14.99999999999995,195,2025
2025-06-20,0.01223889994586064,14.999999999999968,194,2025
2025-06-23,0.012265584361576529,14.99999999999998,191,2025
2025-06-24,0.012265185878434382,15.000000000000103,190,2025
2025-06-25,0.01225661824926302,15.000000000000085,189,2025
2025-06-26,0.012260426502569277,14.999999999999863,188,2025
2025-06-27,0.012282709338306155,14.999999999999888,187,2025
2025-06-30,0.012314536555452235,14.999999999999837,184,2025
2025-07-01,0.012329938858971075,14.999999999999728,183,2025
2025-07-02,0.012295613421502684,14.999999999999972,182,2025
2025-07-03,0.01233156385983482,15.00000000000003,181,2025
2025-07-04,0.012352304065011413,14.999999999999988,180,2025
2025-07-07,0.012352340243113888,14.999999999999995,177,2025
2025-07-08,0.012345730674054254,14.999999999999886,176,2025
2025-07-09,0.012385321910427724,15.000000000000044,175,2025
2025-07-10,0.012334667274486797,14.999999999999995,174,2025
2025-07-11,0.012362608482315586,14.999999999999917,173,2025
2025-07-14,0.01230379175423027,15.000000000000046,170,2025
2025-07-15,0.012286005157834644,14.999999999999975,169,2025
2025-07-16,0.012327593107235761,15.000000000000046,168,2025
2025-07-17,0.012291526050706264,14.999999999999892,167,2025
2025-07-18,0.012295141728045002,14.999999999999977,166,2025
2025-07-21,0.012345925335651702,15.000000000000076,163,2025
2025-07-22,0.012361460860122955,14.999999999999975,162,2025
2025-07-23,0.012388804644192421,14.99999999999993,161,2025
2025-07-24,0.012472384000764782,14.999999999999996,160,2025
2025-07-25,0.012499828519442839,14.999999999999849,159,2025
2025-07-28,0.01254796709599479,14.999999999999986,156,2025
2025-07-29,0.012582848815014931,14.999999999999982,155,2025
2025-07-30,0.012572953741261682,15.000000000000027,154,2025
2025-07-31,0.01257832295011378,14.999999999999849,153,2025
2025-08-01,0.01264356602945652,14.999999999999996,152,2025
2025-08-04,0.012647160843026674,15.0,149,2025
2025-08-05,0.012647698717285334,14.999999999999995,148,2025
2025-08-06,0.012586135710008143,15.000000000000021,147,2025
2025-08-07,0.012617134237307636,15.00000000000006,146,2025
2025-08-08,0.012641682415293346,14.99999999999998,145,2025
2025-08-11,0.012669970530066637,15.000000000000052,142,2025
2025-08-12,0.012735209267986693,15.000000000000007,141,2025
2025-08-13,0.012727426683373042,14.999999999999927,140,2025
2025-08-14,0.012692100319730294,14.999999999999966,139,2025
2025-08-15,0.012644380748450859,15.00000000000001,138,2025
2025-08-18,0.01262111432094673,14.999999999999995,135,2025
2025-08-19,0.012679654027456742,14.999999999999982,134,2025
2025-08-20,0.012635362024291443,15.00000000000006,133,2025
2025-08-21,0.012602032264999485,14.999999999999936,132,2025
2025-08-22,0.012642136696084433,14.99999999999998,131,2025
2025-08-25,0.012654945027963327,14.999999999999963,128,2025
2025-08-26,0.012600718034919885,14.999999999999918,127,2025
2025-08-27,0.012539389073511263,15.00000000000001,126,2025
2025-08-28,0.012544956223687488,14.999999999999982,125,2025
2025-08-29,0.012568626054246345,14.999999999999963,124,2025
2025-09-01,0.012716424258534725,15.00000000000007,121,2025
2025-09-02,0.012685080915041764,14.999999999999936,120,2025
2025-09-03,0.012617034104817524,14.999999999999988,119,2025
2025-09-04,0.012618752337899783,14.99999999999998,118,2025
2025-09-05,0.012543666652648115,14.999999999999941,117,2025
2025-09-08,0.012457280457122166,14.999999999999968,114,2025
2025-09-09,0.01243712596099088,14.999999999999957,113,2025
2025-09-10,0.012428981199221784,15.000000000000066,112,2025
2025-09-11,0.012491450131369538,15.000000000000014,111,2025
2025-09-12,0.01253728583961955,15.00000000000002,110,2025
2025-09-15,0.01257970186427284,15.000000000000002,107,2025
2025-09-16,0.012596704053448173,15.000000000000014,106,2025
2025-09-17,0.012506562901021045,14.999999999999947,105,2025
2025-09-18,0.012505182431219269,15.000000000000044,104,2025
2025-09-19,0.012434835597472002,15.000000000000036,103,2025
2025-09-22,0.012434540659403992,14.999999999999947,100,2025
2025-09-23,0.01242482528681736,14.999999999999972,99,2025
2025-09-24,0.012349320384677448,14.999999999999996,98,2025
2025-09-25,0.012409340383881758,15.000000000000014,97,2025
2025-09-26,0.01231743366847539,14.999999999999995,96,2025
2025-09-29,0.012321467433654674,14.999999999999986,93,2025
2025-09-30,0.012355663004780805,15.00000000000003,92,2025
2025-10-01,0.012334504282147534,14.999999999999961,91,2025
2025-10-02,0.012308301452842238,15.000000000000007,90,2025
2025-10-03,0.012396965726500396,14.999999999999996,89,2025
2025-10-06,0.012312329546418298,14.999999999999968,86,2025
2025-10-07,0.012293370837112919,14.999999999999986,85,2025
2025-10-08,0.012350891023122978,14.999999999999996,84,2025
2025-10-09,0.012376133626943004,15.000000000000007,83,2025
2025-10-10,0.012391112078038906,15.000000000000005,82,2025
2025-10-13,0.012350572991653418,14.999999999999975,79,2025
2025-10-14,0.012241248602100028,14.999999999999961,78,2025
2025-10-15,0.01220290694090806,14.999999999999968,77,2025
2025-10-16,0.012144280876228335,15.000000000000016,76,2025
2025-10-17,0.012131856999097699,15.000000000000014,75,2025
2025-10-20,0.01214277419397014,14.999999999999963,72,2025
2025-10-21,0.012131906120270592,14.99999999999995,71,2025
2025-10-22,0.012164016487096575,15.000000000000027,70,2025
2025-10-23,0.012117235594753799,14.999999999999936,69,2025
2025-10-24,0.012131346753576184,14.999999999999986,68,2025
2025-10-27,0.012126879407289686,14.999999999999963,65,2025
2025-10-28,0.01209470415595806,14.999999999999975,64,2025
2025-10-29,0.012064501831606853,15.000000000000007,63,2025
2025-10-30,0.012031970214051236,14.99999999999993,62,2025
2025-10-31,0.011942993847102637,14.999999999999927,61,2025
2025-11-03,0.011932192271353333,14.999999999999963,58,2025
2025-11-04,0.01194670280193139,14.999999999999952,57,2025
2025-11-05,0.011908583878361573,14.999999999999943,56,2025
2025-11-06,0.011822438434646556,14.999999999999968,55,2025
2025-11-07,0.011778124054065857,14.999999999999961,54,2025
2025-11-10,0.011775618041296747,15.000000000000014,51,2025
2025-11-11,0.01178123469762113,14.999999999999995,50,2025
2025-11-12,0.011775582307733337,14.999999999999995,49,2025
2025-11-13,0.011737464856067711,14.999999999999957,48,2025
2025-11-14,0.011802202080603617,15.000000000000014,47,2025
2025-11-17,0.011780124724829673,14.999999999999995,44,2025
2025-11-18,0.011828998357990688,14.99999999999995,43,2025
2025-11-19,0.011770447452120013,15.000000000000002,42,2025
2025-11-20,0.01176071066867922,15.000000000000007,41,2025
2025-11-21,0.011766715306748454,14.999999999999957,40,2025
2025-11-24,0.01171295733911778,15.000000000000016,37,2025
2025-11-25,0.011767846261350282,14.99999999999995,36,2025
2025-11-26,0.011739738077131755,15.000000000000005,35,2025
2025-11-27,0.011804100446250113,14.999999999999995,34,2025
2025-11-28,0.011787093565569414,14.999999999999995,33,2025
2025-12-01,0.011824735855896948,14.999999999999982,30,2025
2025-12-02,0.011773951407830354,14.999999999999966,29,2025
2025-12-03,0.011802738911140193,14.999999999999963,28,2025
2025-12-04,0.011766604445934583,14.999999999999943,27,2025
2025-12-05,0.011836091067569492,14.999999999999952,26,2025
2025-12-08,0.01174601855712291,14.999999999999975,23,2025
2025-12-09,0.011729575183065298,14.999999999999968,22,2025
2025-12-10,0.011785138489500477,14.999999999999986,21,2025
2025-12-11,0.011723271919196998,14.999999999999943,20,2025
2025-12-12,0.011609171334824503,14.999999999999988,19,2025
2025-12-15,0.011613125989905767,14.999999999999982,16,2025
2025-12-16,0.011633107091682514,14.999999999999975,15,2025
2025-12-17,0.011617645434845145,14.999999999999961,14,2025
2025-12-18,,,13,2025
2025-12-19,,,12,2025
2025-12-22,,,9,2025
2025-12-23,,,8,2025
2025-12-24,,,7,2025
2025-12-25,,,6,2025
2025-12-26,,,5,2025
2025-12-29,,,2,2025
2025-12-30,,,1,2025
2025-12-31,,,0,2025
2026-01-01,,,364,2026
2026-01-02,,,363,2026
2026-01-05,,,360,2026
2026-01-06,,,359,2026
2026-01-07,,,358,2026
2026-01-08,,,357,2026
2026-01-09,,,356,2026
2026-01-12,,,353,2026
2026-01-13,,,352,2026
2026-01-14,,,351,2026
2026-01-15,,,350,2026
2026-01-16,,,349,2026
2026-01-19,,,346,2026
2026-01-20,,,345,2026
2026-01-21,,,344,2026
2026-01-22,,,343,2026
2026-01-23,,,342,2026
2026-01-26,,,339,2026
2026-01-27,,,338,2026
2026-01-28,,,337,2026
2026-01-29,,,336,2026
2026-01-30,,,335,2026
2026-02-02,,,332,2026
2026-02-03,,,331,2026
2026-02-04,,,330,2026
2026-02-05,,,329,2026
2026-02-06,,,328,2026
2026-02-09,,,325,2026
2026-02-10,,,324,2026
2026-02-11,,,323,2026
2026-02-12,,,322,2026
2026-02-13,,,321,2026
2026-02-16,,,318,2026
2026-02-17,,,317,2026
2026-02-18,,,316,2026
2026-02-19,,,315,2026
2026-02-20,,,314,2026
2026-02-23,,,311,2026
2026-02-24,,,310,2026
2026-02-25,,,309,2026
2026-02-26,,,308,2026
2026-02-27,,,307,2026
2026-03-02,,,304,2026
2026-03-03,,,303,2026
2026-03-04,,,302,2026
2026-03-05,,,301,2026
2026-03-06,,,300,2026
2026-03-09,,,297,2026
2026-03-10,,,296,2026
2026-03-11,,,295,2026
2026-03-12,,,294,2026
2026-03-13,,,293,2026
2026-03-16,,,290,2026
2026-03-17,,,289,2026
2026-03-18,,,288,2026
2026-03-19,,,287,2026
2026-03-20,,,286,2026
2026-03-23,,,283,2026
2026-03-24,,,282,2026
2026-03-25,,,281,2026
2026-03-26,,,280,2026
2026-03-27,,,279,2026
2026-03-30,,,276,2026
2026-03-31,,,275,2026
2026-04-01,,,274,2026
2026-04-02,,,273,2026
2026-04-03,0.011373894610809572,14.999999999999961,272,2026
2026-04-06,0.011377818963683473,14.999999999999872,269,2026
2026-04-07,0.011463096653976755,15.000000000000036,268,2026
2026-04-08,0.011447973194887355,14.999999999999961,267,2026
2026-04-09,0.011411285881475301,15.000000000000108,266,2026
2026-04-10,0.011450916133258299,15.000000000000089,265,2026
2026-04-13,0.011485729725337268,14.999999999999991,262,2026
2026-04-14,0.011531261726856326,15.00000000000003,261,2026
2026-04-15,0.011561989515369034,14.999999999999968,260,2026
2026-04-16,0.011558221900680607,15.00000000000009,259,2026
2026-04-17,0.011562099102352008,15.000000000000046,258,2026
2026-04-20,0.01159000724287012,14.999999999999947,255,2026
2026-04-21,0.011558536764607268,14.999999999999977,254,2026
2026-04-22,0.01160050243087012,15.000000000000014,253,2026
2026-04-23,0.011626800438480836,15.000000000000007,252,2026
2026-04-24,0.011639509036528774,15.00000000000005,251,2026
2026-04-27,0.011723873560183387,15.000000000000027,248,2026
2026-04-28,0.011748716336521903,15.000000000000021,247,2026
2026-04-29,0.011903118278047081,14.999999999999975,246,2026
2026-04-30,0.011861885716347302,15.000000000000002,245,2026
2026-05-01,0.011776805645880932,15.000000000000057,244,2026
2026-05-04,0.011840479709030887,15.000000000000083,241,2026
2026-05-05,0.01188183270927837,15.000000000000083,240,2026
2026-05-06,0.01188640304789596,14.999999999999957,239,2026
2026-05-07,0.01183423987361591,14.999999999999957,238,2026
2026-05-08,0.011816353757947198,15.00000000000005,237,2026
2026-05-11,0.011880221047279226,15.000000000000071,234,2026
2026-05-12,0.011879265037531034,15.000000000000021,233,2026
2026-05-13,0.011904076308595031,15.000000000000025,232,2026
2026-05-14,0.011937770019105051,15.000000000000052,231,2026
2026-05-15,0.011932625729660976,15.000000000000027,230,2026
2026-05-18,0.011923856985120822,14.999999999999986,227,2026
2026-05-19,0.01193387146945768,14.999999999999968,226,2026
2026-05-20,0.011884269388130243,15.000000000000103,225,2026
2026-05-21,0.011860647130529079,15.00000000000003,224,2026
2026-05-22,0.011880563820493704,14.999999999999922,223,2026
2026-05-25,0.011914538722542587,15.000000000000005,220,2026
2026-05-26,0.012000619790506735,15.000000000000027,219,2026
2026-05-27,0.011912476207833226,14.999999999999991,218,2026
2026-05-28,0.011897407246140617,15.000000000000007,217,2026
2026-05-29,0.011898191747292074,15.000000000000036,216,2026
2026-06-01,0.011914895701398642,15.00000000000008,213,2026
2026-06-02,0.011872321528064876,15.00000000000007,212,2026
2026-06-03,0.01189528071249611,15.00000000000006,211,2026
2026-06-04,0.011879114115751276,15.000000000000002,210,2026
2026-06-05,0.011825381471063271,15.000000000000064,209,2026
2026-06-08,0.011731845520786944,15.000000000000094,206,2026
2026-06-09,0.011715053611045287,14.999999999999975,205,2026
2026-06-10,0.011757609556402787,14.999999999999922,204,2026
2026-06-11,0.011759829724586966,15.000000000000057,203,2026
2026-06-12,0.011735156755329552,15.000000000000021,202,2026
2026-06-15,0.011698284083145735,15.000000000000108,199,2026
2026-06-16,0.01168438289418575,15.000000000000066,198,2026
2026-06-17,0.011693192390174151,15.000000000000044,197,2026
2026-06-18,0.011605505511593759,14.999999999999995,196,2026
2026-06-19,0.011626133038526625,14.999999999999941,195,2026
2026-06-22,0.011720746019884822,14.999999999999943,192,2026
2026-06-23,0.011717721595292947,15.00000000000006,191,2026
2026-06-24,0.011782237512511728,15.000000000000055,190,2026
2026-06-25,0.011846704879099465,14.999999999999975,189,2026
2026-06-26,0.01179983524053119,15.000000000000027,188,2026
2026-06-29,0.011726110817398933,15.000000000000014,185,2026
2026-06-30,0.01166420014588642,15.000000000000044,184,2026
2026-07-01,0.011707530298687652,15.000000000000055,183,2026
2026-07-02,0.01180108317052371,14.999999999999975,182,2026
2026-07-03,0.011833002895702945,15.00000000000002,181,2026
2026-07-06,0.011890607914233842,14.99999999999998,178,2026
2026-07-07,0.011821256590626562,14.99999999999998,177,2026
2026-07-08,0.011758197770290746,14.999999999999922,176,2026
2026-07-09,0.011679757756052121,14.999999999999982,175,2026
2026-07-10,0.011720275467191845,14.999999999999956,174,2026
2026-07-13,0.011692416273470103,14.99999999999995,171,2026
2026-07-14,0.011613638338447653,14.99999999999995,170,2026
2026-07-15,0.011548371906013185,14.999999999999982,169,2026
2026-07-16,0.011582464689164552,14.999999999999952,168,2026
2026-07-17,0.01154880785248177,14.999999999999996,167,2026
2026-07-20,0.011491569061241776,14.99999999999993,164,2026
2026-07-21,0.011571040471109113,14.999999999999996,163,2026
2026-07-22,0.01164470441886691,14.999999999999975,162,2026
2026-07-23,0.011627724431061696,14.999999999999968,161,2026
2026-07-24,0.011582178445532816,14.999999999999968,160,2026
2026-07-27,0.011504650823429488,15.000000000000014,157,2026
2026-07-28,0.011539319016035356,15.00000000000001,156,2026
2026-07-29,0.011456234480676382,14.999999999999968,155,2026
2026-07-30,0.011492655984576348,15.000000000000002,154,2026
2026-07-31,0.011429202656986628,15.0,153,2026
2026-08-03,0.011395843876277284,14.999999999999947,150,2026
2026-08-04,0.01135147233782587,14.999999999999995,149,2026
2026-08-05,0.01133190858430378,15.000000000000027,148,2026
2026-08-06,0.011324772110597814,15.000000000000007,147,2026
2026-08-07,0.011303497776163171,15.000000000000021,146,2026
2026-08-10,0.011329819607485834,15.000000000000025,143,2026
2026-08-11,0.01121858238448246,14.999999999999995,142,2026
2026-08-12,0.01123175540194005,15.00000000000002,141,2026
2026-08-13,0.011285992010593314,15.0,140,2026
2026-08-14,0.011230957695853794,14.999999999999991,139,2026
2026-08-17,0.0112021299019367,14.999999999999995,136,2026
2026-08-18,0.011155394285144227,14.999999999999977,135,2026
2026-08-19,0.01116400236914758,15.000000000000002,134,2026
2026-08-20,0.011182913270132416,15.000000000000002,133,2026
2026-08-21,0.011184225343997923,15.000000000000075,132,2026
2026-08-24,0.011132859685570758,15.00000000000004,129,2026
2026-08-25,0.011078635856584904,15.00000000000003,128,2026
2026-08-26,0.011050306313981554,15.00000000000001,127,2026
2026-08-27,0.011145400354176159,15.000000000000025,126,2026
2026-08-28,0.01108609461165039,14.999999999999995,125,2026
