obs_date,jump_pts,jump_ann_pct,days_to_turn,year
2016-08-29,0.005484157142448165,5.999999999999995,124,2016
2016-08-30,0.005506542391456488,5.999999999999995,123,2016
2016-08-31,-0.002838768240107984,-3.099999999999978,122,2016
2016-09-01,0.005496322413843146,5.99999999999999,121,2016
2016-09-02,0.005478362725006041,6.000000000000011,120,2016
2016-09-05,0.0054837581685708925,5.999999999999996,117,2016
2016-09-06,0.005474958727549127,5.999999999999949,116,2016
2016-09-07,0.005539265423040492,5.999999999999959,115,2016
2016-09-08,0.00555861705174975,5.999999999999966,114,2016
2016-09-09,0.0055810574990700764,6.000000000000004,113,2016
2016-09-12,0.005571747351964734,5.999999999999963,110,2016
2016-09-13,0.005605927332945958,5.999999999999947,109,2016
2016-09-14,0.005600268208211811,6.000000000000016,108,2016
2016-09-15,0.0056170062948729905,5.999999999999988,107,2016
2016-09-16,0.0056178492941736605,6.0,106,2016
2016-09-19,0.0056443608536256955,5.999999999999989,103,2016
2016-09-20,0.005648553180649792,6.000000000000002,102,2016
2016-09-21,0.005648334806811349,5.999999999999971,101,2016
2016-09-22,0.005640895877561654,5.999999999999966,100,2016
2016-09-23,0.005632406934562628,5.999999999999959,99,2016
2016-09-26,0.0056713117136147975,6.000000000000007,96,2016
2016-09-27,0.005674862017088432,6.0000000000000115,95,2016
2016-09-28,0.005705617291482461,6.000000000000041,94,2016
2016-09-29,0.00571826319952778,6.00000000000003,93,2016
2016-09-30,0.005730045733502943,5.9999999999999725,92,2016
2016-10-03,0.005697284168300908,5.999999999999995,89,2016
2016-10-04,0.0057352070610587474,6.0000000000000115,88,2016
2016-10-05,0.005735633135631877,6.000000000000007,87,2016
2016-10-06,0.00569061953842119,5.999999999999986,86,2016
2016-10-07,0.005709943555488049,6.000000000000011,85,2016
2016-10-10,0.005691697070033789,6.000000000000023,82,2016
2016-10-11,0.005647660289469166,6.000000000000001,81,2016
2016-10-12,0.005631519501757705,6.000000000000029,80,2016
2016-10-13,0.005664061719463701,5.999999999999989,79,2016
2016-10-14,0.005630877880420534,5.999999999999989,78,2016
2016-10-17,0.005621169387150071,6.000000000000005,75,2016
2016-10-18,0.0056329001496593575,6.000000000000021,74,2016
2016-10-19,0.0056921712243532705,6.000000000000014,73,2016
2016-10-20,0.005647243089456954,5.999999999999973,72,2016
2016-10-21,0.005610918799466353,5.99999999999999,71,2016
2016-10-24,0.005611095015340297,5.999999999999992,68,2016
2016-10-25,0.005597484407974848,6.000000000000022,67,2016
2016-10-26,0.005588085804058832,5.999999999999988,66,2016
2016-10-27,0.005569065146008691,6.000000000000007,65,2016
2016-10-28,0.0055359426554709755,5.999999999999996,64,2016
2016-10-31,-0.0028763929284884113,-3.100000000000002,61,2016
2016-11-01,0.0055778099878060865,5.999999999999996,60,2016
2016-11-02,0.005567267257644425,6.000000000000009,59,2016
2016-11-03,0.005561947237195337,6.000000000000001,58,2016
2016-11-04,0.005608213751702996,5.999999999999997,57,2016
2016-11-07,0.0056080978137999634,5.999999999999993,54,2016
2016-11-08,0.00559405633310156,6.000000000000007,53,2016
2016-11-09,0.005618585566527032,6.000000000000014,52,2016
2016-11-10,0.0056148890618488295,5.999999999999993,51,2016
2016-11-11,0.00562267506678544,6.000000000000004,50,2016
2016-11-14,0.005578679780499354,6.000000000000011,47,2016
2016-11-15,0.005570033219926382,5.999999999999999,46,2016
2016-11-16,0.005584794494776444,5.999999999999985,45,2016
2016-11-17,0.005584040356113669,5.999999999999995,44,2016
2016-11-18,0.005573789951674219,6.000000000000007,43,2016
2016-11-21,0.00556972116022393,6.000000000000016,40,2016
2016-11-22,0.005557467161138299,6.0,39,2016
2016-11-23,0.005606963742530701,5.999999999999989,38,2016
2016-11-24,0.005626198960604158,6.000000000000014,37,2016
2016-11-25,0.005645002284823667,6.0000000000000036,36,2016
2016-11-28,0.005664154575119469,6.0000000000000036,33,2016
2016-11-29,0.0056618997426605595,5.999999999999992,32,2016
2016-11-30,0.0056757066418394305,6.000000000000004,31,2016
2016-12-01,-0.0014591743887563402,-1.548387096774196,30,2016
2016-12-02,0.005673125196246718,6.000000000000003,29,2016
2016-12-05,0.005654598335388424,5.999999999999996,26,2016
2016-12-06,0.005644891734702642,5.999999999999993,25,2016
2016-12-07,0.0056484289103489425,5.999999999999999,24,2016
2016-12-08,0.005651997683520215,5.999999999999997,23,2016
2016-12-09,0.005676788040269802,6.000000000000004,22,2016
2016-12-12,0.0056601782534524345,5.999999999999997,19,2016
2016-12-13,0.005685475086110212,5.99999999999999,18,2016
2016-12-14,0.005711476679438877,6.000000000000003,17,2016
2016-12-15,0.005698268328087029,5.999999999999996,16,2016
2016-12-16,0.0056977548512437415,6.000000000000007,15,2016
2016-12-19,0.005679594008670665,6.0,12,2016
2016-12-20,0.005673968212626956,6.000000000000001,11,2016
2016-12-21,0.005693299007485711,6.0000000000000036,10,2016
2016-12-22,0.005703859396926916,6.000000000000002,9,2016
2016-12-23,0.005692374981950093,5.999999999999999,8,2016
2016-12-26,,,5,2016
2016-12-27,,,4,2016
2016-12-28,,,3,2016
2016-12-29,,,2,2016
2016-12-30,,,1,2016
2017-01-02,0.0056489035256367445,5.999999999999979,363,2017
2017-01-03,0.005633208710641797,5.9999999999999405,362,2017
2017-01-04,0.005643422853392721,6.000000000000069,361,2017
2017-01-05,0.0056403534378082695,5.999999999999966,360,2017
2017-01-06,0.005641006667688863,5.999999999999918,359,2017
2017-01-09,0.005650261625408914,6.000000000000016,356,2017
2017-01-10,0.005652640831314855,5.99999999999994,355,2017
2017-01-11,0.005620396169357625,5.9999999999999005,354,2017
2017-01-12,0.005598190972336905,5.999999999999992,353,2017
2017-01-13,0.005552937589109738,6.000000000000047,352,2017
2017-01-16,0.0055717486156725456,6.000000000000045,349,2017
2017-01-17,0.00556510889338113,5.999999999999975,348,2017
2017-01-18,0.005585767394636637,6.000000000000112,347,2017
2017-01-19,0.005604365762582144,5.999999999999995,346,2017
2017-01-20,0.005595872433854119,6.0000000000000435,345,2017
2017-01-23,0.005577585829641213,6.000000000000045,342,2017
2017-01-24,0.005570437665420456,5.999999999999907,341,2017
2017-01-25,0.005562046312564888,5.999999999999959,340,2017
2017-01-26,0.005571201946526619,5.999999999999952,339,2017
2017-01-27,0.0055686148299515965,6.000000000000058,338,2017
2017-01-30,0.00555725295065224,5.999999999999997,335,2017
2017-01-31,0.005546899185885989,6.00000000000006,334,2017
2017-02-01,0.005498436005276277,5.999999999999991,333,2017
2017-02-02,0.005522812394491679,6.0000000000000115,332,2017
2017-02-03,0.0055415004566391765,5.999999999999972,331,2017
2017-02-06,0.005544543577837655,6.000000000000038,328,2017
2017-02-07,0.005507732025317874,6.0000000000001,327,2017
2017-02-08,0.0055161772320704025,6.000000000000026,326,2017
2017-02-09,0.005548110793808486,6.000000000000051,325,2017
2017-02-10,0.005561583665009603,5.999999999999915,324,2017
2017-02-13,0.005555142798829709,5.999999999999978,321,2017
2017-02-14,0.005543624091350233,5.999999999999988,320,2017
2017-02-15,0.005546643244909294,5.999999999999951,319,2017
2017-02-16,0.005532846223601621,6.00000000000006,318,2017
2017-02-17,0.0055655051057553265,6.000000000000043,317,2017
2017-02-20,0.005570258755988237,6.000000000000064,314,2017
2017-02-21,0.005588544277812047,6.0000000000000195,313,2017
2017-02-22,0.005571970061342297,5.999999999999991,312,2017
2017-02-23,0.005597906709889522,5.999999999999997,311,2017
2017-02-24,0.0055636297307503114,5.999999999999934,310,2017
2017-02-27,0.005551838962579799,6.0000000000000355,307,2017
2017-02-28,0.005522860642689087,6.000000000000017,306,2017
2017-03-01,0.005523764232280001,6.000000000000096,305,2017
2017-03-02,0.0055457783648078605,5.999999999999974,304,2017
2017-03-03,0.005533919618224824,6.000000000000081,303,2017
2017-03-06,0.005529548667614577,6.00000000000007,300,2017
2017-03-07,0.005532303359665222,6.00000000000004,299,2017
2017-03-08,0.005555794999889858,6.000000000000057,298,2017
2017-03-09,0.005553151191956521,6.00000000000003,297,2017
2017-03-10,0.005517895756600078,6.000000000000027,296,2017
2017-03-13,0.005518822119952046,6.000000000000054,293,2017
2017-03-14,0.0055157637547610374,6.000000000000069,292,2017
2017-03-15,0.005527707029613779,6.000000000000058,291,2017
2017-03-16,0.005536186729417034,6.000000000000048,290,2017
2017-03-17,0.0055385886164315765,5.999999999999999,289,2017
2017-03-20,0.005537245240617931,6.000000000000031,286,2017
2017-03-21,0.005497525525736646,5.999999999999962,285,2017
2017-03-22,0.005519949613148327,6.0000000000000036,284,2017
2017-03-23,0.005511588957556679,5.999999999999999,283,2017
2017-03-24,0.005501803793537975,5.99999999999991,282,2017
2017-03-27,0.005494676765642697,5.999999999999962,279,2017
2017-03-28,0.005485603013262791,6.0000000000000835,278,2017
2017-03-29,0.005503680985249737,5.999999999999997,277,2017
2017-03-30,0.005503077482324198,5.999999999999976,276,2017
2017-03-31,0.005507584768289541,6.000000000000007,275,2017
2017-04-03,0.005479094363319945,6.000000000000005,272,2017
2017-04-04,0.005474868839754793,5.999999999999999,271,2017
2017-04-05,0.005470192289964374,5.9999999999999645,270,2017
2017-04-06,0.005485788143253116,6.000000000000053,269,2017
2017-04-07,0.0055086918893395296,6.000000000000028,268,2017
2017-04-10,0.005475899763535936,5.999999999999924,265,2017
2017-04-11,0.005434911524479532,5.999999999999975,264,2017
2017-04-12,0.005459495750232416,6.000000000000019,263,2017
2017-04-13,0.005418787196675163,6.0000000000000515,262,2017
2017-04-14,0.005419034361527122,5.99999999999994,261,2017
2017-04-17,0.005418540741146862,5.999999999999922,258,2017
2017-04-18,0.005424610702411588,5.999999999999989,257,2017
2017-04-19,0.0054303215178524225,6.000000000000078,256,2017
2017-04-20,0.0054256743461394245,5.999999999999993,255,2017
2017-04-21,0.005476386865720377,5.999999999999985,254,2017
2017-04-24,0.005534976065886221,6.000000000000031,251,2017
2017-04-25,0.005561129067000728,6.000000000000042,250,2017
2017-04-26,0.005575797856784036,6.000000000000032,249,2017
2017-04-27,0.005569980441294204,5.999999999999949,248,2017
2017-04-28,0.005570609852993124,5.9999999999999245,247,2017
2017-05-01,0.005587507945377749,6.000000000000078,244,2017
2017-05-02,0.005629414800549986,5.999999999999964,243,2017
2017-05-03,0.005628685540247517,5.9999999999999805,242,2017
2017-05-04,0.005609377318485712,6.000000000000017,241,2017
2017-05-05,0.005626842560836924,6.000000000000031,240,2017
2017-05-08,0.005639690065556848,5.999999999999952,237,2017
2017-05-09,0.005641560698376594,5.999999999999958,236,2017
2017-05-10,0.005636552655501192,5.999999999999988,235,2017
2017-05-11,0.005607236008826089,5.999999999999995,234,2017
2017-05-12,0.005658701690912233,6.000000000000039,233,2017
2017-05-15,0.005667994379129964,6.0000000000000435,230,2017
2017-05-16,0.005666436446829752,6.000000000000026,229,2017
2017-05-17,0.005682562302155357,6.000000000000041,228,2017
2017-05-18,0.0057079019808029515,6.000000000000048,227,2017
2017-05-19,0.005723332629543236,6.000000000000004,226,2017
2017-05-22,0.005747680653059711,6.000000000000023,223,2017
2017-05-23,0.0057335954078579915,6.000000000000021,222,2017
2017-05-24,0.005737954233239124,6.000000000000058,221,2017
2017-05-25,0.005726851214506933,6.000000000000019,220,2017
2017-05-26,0.005737042526813428,6.0000000000000515,219,2017
2017-05-29,0.00570208616216821,5.999999999999965,216,2017
2017-05-30,0.005688939035785929,5.999999999999981,215,2017
2017-05-31,0.0056969553800075646,5.999999999999996,214,2017
2017-06-01,0.005669214045005444,5.999999999999968,213,2017
2017-06-02,0.005657336946962327,6.000000000000093,212,2017
2017-06-05,0.005687636104057845,5.999999999999892,209,2017
2017-06-06,0.005702474230997639,6.000000000000131,208,2017
2017-06-07,0.005710877300247115,6.000000000000013,207,2017
2017-06-08,0.0057170636127055145,6.0,206,2017
2017-06-09,0.005739474996110926,6.000000000000081,205,2017
2017-06-12,0.005760222667730166,5.999999999999958,202,2017
2017-06-13,0.005777397831024312,6.00000000000006,201,2017
2017-06-14,0.005822500958250747,6.000000000000032,200,2017
2017-06-15,0.005827659085537481,6.0000000000000675,199,2017
2017-06-16,0.005837494095058068,5.999999999999976,198,2017
2017-06-19,0.005832910198246676,5.999999999999971,195,2017
2017-06-20,0.005820314551564629,6.000000000000014,194,2017
2017-06-21,0.005830276145366645,5.999999999999949,193,2017
2017-06-22,0.0058030087463688184,5.999999999999972,192,2017
2017-06-23,0.005802827256265648,6.000000000000094,191,2017
2017-06-26,0.005816942258683801,5.999999999999961,188,2017
2017-06-27,0.005813410439425628,6.000000000000042,187,2017
2017-06-28,0.00584416577747275,5.9999999999999565,186,2017
2017-06-29,0.00585140101406494,6.000000000000026,185,2017
2017-06-30,0.005844145515848441,5.999999999999918,184,2017
2017-07-03,0.005830005557030884,6.00000000000006,181,2017
2017-07-04,0.005800073007980196,6.000000000000007,180,2017
2017-07-05,0.005839070012840486,6.000000000000045,179,2017
2017-07-06,0.0058386247947499175,5.999999999999963,178,2017
2017-07-07,0.005853896872706359,6.0,177,2017
2017-07-10,0.005832630306451711,6.000000000000011,174,2017
2017-07-11,0.005851399960912748,6.000000000000036,173,2017
2017-07-12,0.005797397820478816,5.9999999999999485,172,2017
2017-07-13,0.005801709433913305,5.999999999999983,171,2017
2017-07-14,0.005820776063493834,6.0000000000000115,170,2017
2017-07-17,0.005807127649536014,5.99999999999999,167,2017
2017-07-18,0.005805323682203614,5.999999999999992,166,2017
2017-07-19,0.005835671246498463,6.000000000000012,165,2017
2017-07-20,0.005846830998417116,6.000000000000007,164,2017
2017-07-21,0.0058623128550037195,5.999999999999968,163,2017
2017-07-24,0.0058532588541151875,5.999999999999996,160,2017
2017-07-25,0.005880188552358287,6.000000000000062,159,2017
2017-07-26,0.005885284519138457,6.000000000000055,158,2017
2017-07-27,0.005909120293132619,6.000000000000034,157,2017
2017-07-28,0.005905664117439468,5.999999999999995,156,2017
2017-07-31,0.005888580210037386,6.000000000000003,153,2017
2017-08-01,-0.0029396940243435607,-3.000000000000027,152,2017
2017-08-02,0.00591643717656937,5.999999999999958,151,2017
2017-08-03,0.005925261216932657,5.999999999999988,150,2017
2017-08-04,0.005920368073423953,6.000000000000021,149,2017
2017-08-07,0.00591342384004096,5.999999999999986,146,2017
2017-08-08,0.005924217061612875,5.999999999999963,145,2017
2017-08-09,0.00590367476864295,5.999999999999978,144,2017
2017-08-10,0.005882778769109695,5.999999999999959,143,2017
2017-08-11,0.005863884054820144,5.999999999999993,142,2017
2017-08-14,0.005856827689852277,5.999999999999952,139,2017
2017-08-15,0.005860966517693319,5.999999999999989,138,2017
2017-08-16,0.005846630632091079,6.000000000000012,137,2017
2017-08-17,0.005862484161111163,6.000000000000041,136,2017
2017-08-18,0.005898706645468339,5.999999999999931,135,2017
2017-08-21,0.005970731118191244,5.999999999999996,132,2017
2017-08-22,0.005998299548180845,5.999999999999986,131,2017
2017-08-23,0.006003120004418272,6.000000000000001,130,2017
2017-08-24,0.0060091341341175965,5.999999999999934,129,2017
2017-08-25,0.0060071329205056085,5.999999999999995,128,2017
2017-08-28,0.006014849659294762,5.999999999999978,125,2017
2017-08-29,0.0060443993962206125,5.999999999999901,124,2017
2017-08-30,0.006074245168497873,5.999999999999954,123,2017
2017-08-31,-0.0031420994393296098,-3.1000000000000316,122,2017
2017-09-01,0.006086498873676914,6.000000000000047,121,2017
2017-09-04,0.006082535826977065,6.000000000000007,118,2017
2017-09-05,0.006099668449760697,6.000000000000011,117,2017
2017-09-06,0.006111768352404059,6.000000000000069,116,2017
2017-09-07,0.006114277110367097,5.999999999999991,115,2017
2017-09-08,0.006122514930548101,6.000000000000016,114,2017
2017-09-11,0.006163058897363289,6.000000000000048,111,2017
2017-09-12,0.006147243905331447,6.000000000000016,110,2017
2017-09-13,0.0061415973601587955,6.000000000000028,109,2017
2017-09-14,0.006126933624971721,6.000000000000042,108,2017
2017-09-15,0.0061296097287080915,6.000000000000041,107,2017
2017-09-18,0.006125937258056089,6.000000000000014,104,2017
2017-09-19,0.006105671725956369,5.999999999999965,103,2017
2017-09-20,0.006108906795772042,6.0,102,2017
2017-09-21,0.006112104436192445,5.999999999999997,101,2017
2017-09-22,0.0061113487291181495,6.000000000000016,100,2017
2017-09-25,0.006124543198064197,5.999999999999997,97,2017
2017-09-26,0.006116030891620527,5.999999999999997,96,2017
2017-09-27,0.006105216821285575,5.999999999999989,95,2017
2017-09-28,0.006097516761099087,6.000000000000027,94,2017
2017-09-29,0.006136525609232473,6.000000000000026,93,2017
2017-10-02,0.006114907289327868,5.999999999999976,90,2017
2017-10-03,0.00611577760056657,6.000000000000012,89,2017
2017-10-04,0.006145432154720928,5.999999999999988,88,2017
2017-10-05,0.00618284899484288,6.000000000000026,87,2017
2017-10-06,0.006143898447223141,6.000000000000002,86,2017
2017-10-09,0.006129167729894684,5.999999999999981,83,2017
2017-10-10,0.006126335543928855,5.999999999999979,82,2017
2017-10-11,0.006092742951046273,6.00000000000001,81,2017
2017-10-12,0.006128947238969499,6.000000000000009,80,2017
2017-10-13,0.006138222759949851,5.999999999999995,79,2017
2017-10-16,0.006101007383808517,5.999999999999996,76,2017
2017-10-17,0.006111692295206611,5.9999999999999805,75,2017
2017-10-18,0.006131873698646997,5.999999999999992,74,2017
2017-10-19,0.006169613130570906,5.999999999999995,73,2017
2017-10-20,0.00613353329425593,6.000000000000038,72,2017
2017-10-23,0.006132448615911236,5.999999999999999,69,2017
2017-10-24,0.006178249667574654,5.999999999999985,68,2017
2017-10-25,0.006189255835916155,5.999999999999979,67,2017
2017-10-26,0.006155315637982573,5.999999999999979,66,2017
2017-10-27,0.006111725862168169,6.000000000000013,65,2017
2017-10-30,0.006161818342601235,5.999999999999996,62,2017
2017-10-31,-0.003188455415504803,-3.100000000000016,61,2017
2017-11-01,0.006170848760432463,6.000000000000007,60,2017
2017-11-02,0.006192276393233348,5.999999999999995,59,2017
2017-11-03,0.006171050126933797,6.000000000000003,58,2017
2017-11-06,0.006173643984045897,5.99999999999999,55,2017
2017-11-07,0.006110006328772945,5.999999999999996,54,2017
2017-11-08,0.006126638884447133,5.999999999999993,53,2017
2017-11-09,0.006147711643109157,6.0000000000000115,52,2017
2017-11-10,0.006139151818020806,5.999999999999983,51,2017
2017-11-13,0.006103047199655324,6.00000000000001,48,2017
2017-11-14,0.006106719821621338,6.000000000000007,47,2017
2017-11-15,0.0061233010322300305,5.999999999999996,46,2017
2017-11-16,0.006128144264366397,5.999999999999979,45,2017
2017-11-17,0.0061230521085714204,6.0000000000000036,44,2017
2017-11-20,0.006120534497003519,6.000000000000002,41,2017
2017-11-21,0.006114650183289131,6.000000000000024,40,2017
2017-11-22,0.006071804986403577,5.999999999999995,39,2017
2017-11-23,0.0060244287674172305,5.999999999999997,38,2017
2017-11-24,0.005974645549074185,6.00000000000001,37,2017
2017-11-27,0.0059568777599405655,5.999999999999991,34,2017
2017-11-28,0.005958223261112668,5.999999999999981,33,2017
2017-11-29,0.005941194558395807,5.999999999999997,32,2017
2017-11-30,0.005948683711943235,6.000000000000012,31,2017
2017-12-01,-0.0015399633990261126,-1.5483870967741942,30,2017
2017-12-04,0.005962333614566731,5.999999999999993,27,2017
2017-12-05,0.005938560026061652,5.999999999999997,26,2017
2017-12-06,0.005938532607713218,5.999999999999997,25,2017
2017-12-07,0.005912674445246914,5.999999999999995,24,2017
2017-12-08,0.005932732292763169,5.999999999999997,23,2017
2017-12-11,0.0059470598051544615,6.000000000000001,20,2017
2017-12-12,0.005952170074848348,6.0,19,2017
2017-12-13,0.00592839215919881,5.999999999999991,18,2017
2017-12-14,0.005920826862028541,6.000000000000007,17,2017
2017-12-15,0.005960331741864916,5.999999999999997,16,2017
2017-12-18,0.0059604755976336715,6.000000000000002,13,2017
2017-12-19,0.005959702711977367,6.000000000000002,12,2017
2017-12-20,0.005919142000859101,5.999999999999999,11,2017
2017-12-21,0.005914876827855798,5.999999999999997,10,2017
2017-12-22,0.005939855306477275,6.000000000000007,9,2017
2017-12-25,,,6,2017
2017-12-26,,,5,2017
2017-12-27,,,4,2017
2017-12-28,,,3,2017
2017-12-29,,,2,2017
2018-01-01,0.005935158515729743,6.0000000000000675,364,2018
2018-01-02,0.0059173168042974,6.000000000000054,363,2018
2018-01-03,0.005898557608290767,5.99999999999994,362,2018
2018-01-04,0.005927534410626166,6.000000000000058,361,2018
2018-01-05,0.005904252351146156,5.999999999999937,360,2018
2018-01-08,0.005909420928037051,6.000000000000052,357,2018
2018-01-09,0.005869886530169935,6.0000000000000355,356,2018
2018-01-10,0.0059252002260747,5.999999999999906,355,2018
2018-01-11,0.005932895278382677,5.999999999999959,354,2018
2018-01-12,0.00593583033255545,6.000000000000124,353,2018
2018-01-15,0.005946312088253083,5.99999999999994,350,2018
2018-01-16,0.005965214874644752,6.000000000000057,349,2018
2018-01-17,0.005947484466046023,6.0000000000000195,348,2018
2018-01-18,0.005938339051476503,5.999999999999995,347,2018
2018-01-19,0.005934004337887033,6.000000000000051,346,2018
2018-01-22,0.005942592717614802,5.999999999999953,343,2018
2018-01-23,0.005945268350322687,6.000000000000026,342,2018
2018-01-24,0.00590697274329147,6.000000000000054,341,2018
2018-01-25,0.005913134734989566,5.999999999999996,340,2018
2018-01-26,0.005912778216038557,6.000000000000024,339,2018
2018-01-29,0.005923468669044225,6.000000000000007,336,2018
2018-01-30,0.0059056883227339855,5.999999999999954,335,2018
2018-01-31,0.00589111234855918,6.000000000000043,334,2018
2018-02-01,0.0059000910812402555,6.000000000000099,333,2018
2018-02-02,0.005879410763890341,6.000000000000005,332,2018
2018-02-05,0.005886320343275348,6.000000000000058,329,2018
2018-02-06,0.0058735802283932355,5.999999999999954,328,2018
2018-02-07,0.0058515352585491905,5.999999999999991,327,2018
2018-02-08,0.0058472858248494,6.000000000000052,326,2018
2018-02-09,0.005839114151406203,5.999999999999988,325,2018
2018-02-12,0.005832377945677175,5.9999999999999485,322,2018
2018-02-13,0.00583377812455191,6.000000000000032,321,2018
2018-02-14,0.005836326563385238,6.00000000000002,320,2018
2018-02-15,0.0058707159222014275,5.99999999999999,319,2018
2018-02-16,0.005884631925358975,5.999999999999959,318,2018
2018-02-19,0.005889882621006036,6.0000000000000195,315,2018
2018-02-20,0.005895018781116337,5.999999999999992,314,2018
2018-02-21,0.005866768841956095,6.000000000000028,313,2018
2018-02-22,0.005901995276178503,6.000000000000119,312,2018
2018-02-23,0.005953237283455632,6.000000000000014,311,2018
2018-02-26,0.0059577966431308025,6.000000000000012,308,2018
2018-02-27,0.005904888686290623,6.000000000000072,307,2018
2018-02-28,0.005908453141599147,5.9999999999999725,306,2018
2018-03-01,0.005927386435783117,6.0000000000000355,305,2018
2018-03-02,0.005935378533148537,6.000000000000098,304,2018
2018-03-05,0.005942131440207469,6.000000000000023,301,2018
2018-03-06,0.005911665307535048,5.999999999999964,300,2018
2018-03-07,0.005841681430581385,5.999999999999965,299,2018
2018-03-08,0.005813156027000272,5.999999999999969,298,2018
2018-03-09,0.005803595280874138,6.00000000000003,297,2018
2018-03-12,0.005786158999753276,5.999999999999891,294,2018
2018-03-13,0.005778069948324269,5.999999999999953,293,2018
2018-03-14,0.005800546110255092,5.999999999999988,292,2018
2018-03-15,0.005786503593399781,6.0000000000000435,291,2018
2018-03-16,0.00578205436190082,5.999999999999999,290,2018
2018-03-19,0.005771315941557717,5.999999999999997,287,2018
2018-03-20,0.005781228189591779,5.999999999999979,286,2018
2018-03-21,0.005776804084601851,6.000000000000032,285,2018
2018-03-22,0.00577086098802846,6.000000000000111,284,2018
2018-03-23,0.005768403040091669,5.999999999999976,283,2018
2018-03-26,0.0057854479955630495,5.999999999999972,280,2018
2018-03-27,0.005799551853449477,6.000000000000026,279,2018
2018-03-28,0.0058380429742320656,6.000000000000075,278,2018
2018-03-29,0.005850136797058176,6.000000000000001,277,2018
2018-03-30,0.005903864441066459,6.000000000000096,276,2018
2018-04-02,-0.002906998773143344,-2.967391304347814,273,2018
2018-04-03,0.005875276203678816,5.999999999999979,272,2018
2018-04-04,0.005875846024900417,6.00000000000001,271,2018
2018-04-05,0.005870436792107331,6.000000000000004,270,2018
2018-04-06,0.005860230427678102,5.999999999999993,269,2018
2018-04-09,0.005906382644619257,5.999999999999943,266,2018
2018-04-10,0.005952287878509736,5.999999999999969,265,2018
2018-04-11,0.00602264475771235,5.99999999999999,264,2018
2018-04-12,0.006021554521155744,6.000000000000024,263,2018
2018-04-13,0.006072207019560974,5.999999999999968,262,2018
2018-04-16,0.0060812960611777885,6.000000000000089,259,2018
2018-04-17,0.006116729145104027,6.000000000000007,258,2018
2018-04-18,0.0061236703790208645,6.0000000000000115,257,2018
2018-04-19,0.0061208778823737126,5.999999999999951,256,2018
2018-04-20,0.006121986339143596,6.000000000000042,255,2018
2018-04-23,0.006097020194221613,6.000000000000076,252,2018
2018-04-24,0.00609837050846068,6.000000000000014,251,2018
2018-04-25,0.006084850632397319,5.999999999999958,250,2018
2018-04-26,0.006073520409497324,6.0000000000000675,249,2018
2018-04-27,0.006057558680863654,6.000000000000007,248,2018
2018-04-30,0.0060843510985965485,6.000000000000058,245,2018
2018-05-01,0.006087870014527885,5.999999999999943,244,2018
2018-05-02,0.006021892531566787,6.000000000000016,243,2018
2018-05-03,0.0060017948759494965,5.999999999999923,242,2018
2018-05-04,0.005997773068321327,5.99999999999999,241,2018
2018-05-07,0.006018507313578639,6.000000000000007,238,2018
2018-05-08,0.006039109987932484,6.000000000000045,237,2018
2018-05-09,0.006028964214463204,5.999999999999954,236,2018
2018-05-10,0.006036501294819708,6.000000000000029,235,2018
2018-05-11,0.006064678083244926,6.000000000000039,234,2018
2018-05-14,0.0060481950919083404,5.999999999999927,231,2018
2018-05-15,0.006074380691526243,6.000000000000061,230,2018
2018-05-16,0.0060766554355804695,6.000000000000048,229,2018
2018-05-17,0.006110343594088535,6.000000000000005,228,2018
2018-05-18,0.006085321729708151,6.000000000000022,227,2018
2018-05-21,0.006090645471300741,6.000000000000043,224,2018
2018-05-22,0.006049481644837635,6.0000000000000835,223,2018
2018-05-23,0.006069816388636738,6.0000000000000675,222,2018
2018-05-24,0.006053610422877952,5.999999999999944,221,2018
2018-05-25,0.006142679075498706,5.9999999999999645,220,2018
2018-05-28,0.006123610770939629,6.000000000000057,217,2018
2018-05-29,0.0061272048569386344,6.000000000000039,216,2018
2018-05-30,0.006127146000363584,5.999999999999983,215,2018
2018-05-31,0.006154279011278272,5.999999999999952,214,2018
2018-06-01,0.00615114223820585,5.999999999999947,213,2018
2018-06-04,0.0061186276720638574,6.0000000000000915,210,2018
2018-06-05,0.00611272136368853,5.999999999999969,209,2018
2018-06-06,0.006110022938796707,6.0000000000000835,208,2018
2018-06-07,0.006092869722666057,5.999999999999947,207,2018
2018-06-08,0.0061575803392732095,5.999999999999937,206,2018
2018-06-11,0.006174390613851971,5.999999999999995,203,2018
2018-06-12,0.006183042016606626,5.999999999999882,202,2018
2018-06-13,0.006157358424542527,5.999999999999906,201,2018
2018-06-14,0.006192939712809622,5.999999999999982,200,2018
2018-06-15,0.0061489204840173926,5.999999999999933,199,2018
2018-06-18,0.006179491808736715,6.000000000000054,196,2018
2018-06-19,0.00617379906004189,5.9999999999999085,195,2018
2018-06-20,0.006180119921036427,5.999999999999999,194,2018
2018-06-21,0.006163718519122323,6.000000000000036,193,2018
2018-06-22,0.006152013477646659,6.0000000000000036,192,2018
2018-06-25,0.006193267085494333,6.00000000000006,189,2018
2018-06-26,0.0061870496692690265,6.000000000000036,188,2018
2018-06-27,0.00621621040296707,5.999999999999864,187,2018
2018-06-28,0.006229480136074253,5.999999999999995,186,2018
2018-06-29,0.006188158757298818,6.00000000000002,185,2018
2018-07-02,-0.001014951601245246,-0.9890109890110241,182,2018
2018-07-03,0.006108684534874714,5.999999999999995,181,2018
2018-07-04,0.006114643164712939,6.000000000000024,180,2018
2018-07-05,0.006061087570615923,5.99999999999999,179,2018
2018-07-06,0.006081215713547125,6.000000000000005,178,2018
2018-07-09,0.006060730592713974,6.000000000000072,175,2018
2018-07-10,0.006103928203089266,6.000000000000032,174,2018
2018-07-11,0.0061139792397378176,6.000000000000032,173,2018
2018-07-12,0.006118687288550929,6.000000000000079,172,2018
2018-07-13,0.006093642713688211,6.0000000000000195,171,2018
2018-07-16,0.006068371968729072,5.999999999999996,168,2018
2018-07-17,0.006052224083179694,5.999999999999999,167,2018
2018-07-18,0.006048754416720241,5.999999999999981,166,2018
2018-07-19,0.006039507430320466,5.999999999999995,165,2018
2018-07-20,0.0060233517774284494,5.9999999999999565,164,2018
2018-07-23,0.006018052282304241,6.000000000000011,161,2018
2018-07-24,0.005969677837920586,6.000000000000007,160,2018
2018-07-25,0.005918842042954057,6.000000000000004,159,2018
2018-07-26,0.005936389789095329,6.000000000000002,158,2018
2018-07-27,0.0059328619480974315,5.999999999999985,157,2018
2018-07-30,0.0059159726321325115,6.0,154,2018
2018-07-31,0.005953598874467949,6.000000000000002,153,2018
2018-08-01,-0.0029592732976131287,-3.000000000000008,152,2018
2018-08-02,0.0059478159286737095,5.999999999999975,151,2018
2018-08-03,0.005939262329096229,6.0000000000000115,150,2018
2018-08-06,0.005964070822282402,6.000000000000058,147,2018
2018-08-07,0.005945902002762415,5.999999999999985,146,2018
2018-08-08,0.005941243778920476,5.999999999999978,145,2018
2018-08-09,0.005906021299343719,6.000000000000043,144,2018
2018-08-10,0.005921897105106272,6.000000000000004,143,2018
2018-08-13,0.005916058510384289,5.999999999999995,140,2018
2018-08-14,0.005919335792427008,6.000000000000016,139,2018
2018-08-15,0.005950366911216823,5.999999999999947,138,2018
2018-08-16,0.0059840839841566835,5.999999999999988,137,2018
2018-08-17,0.006000205408712109,6.000000000000054,136,2018
2018-08-20,0.0060061437127163,5.999999999999973,133,2018
2018-08-21,0.006033255799173053,5.999999999999975,132,2018
2018-08-22,0.006015249120269076,6.000000000000019,131,2018
2018-08-23,0.0059836185893272446,5.999999999999969,130,2018
2018-08-24,0.006009092734192166,5.999999999999991,129,2018
2018-08-27,0.00604950078371908,5.9999999999999805,126,2018
2018-08-28,0.0060680678399962105,5.999999999999986,125,2018
2018-08-29,0.00609243961198639,5.999999999999996,124,2018
2018-08-30,0.006109125973590816,5.999999999999997,123,2018
2018-08-31,-0.003153485885509392,-3.100000000000013,122,2018
2018-09-03,0.0060949950593754,6.000000000000019,119,2018
2018-09-04,0.0060448816738233385,5.99999999999999,118,2018
2018-09-05,0.0060130833098150874,5.999999999999989,117,2018
2018-09-06,0.006046821599947277,5.999999999999986,116,2018
2018-09-07,0.006065083143151187,5.999999999999982,115,2018
2018-09-10,0.006040996188164358,5.999999999999992,112,2018
2018-09-11,0.005996765327246831,6.000000000000002,111,2018
2018-09-12,0.006034492098095972,5.999999999999979,110,2018
2018-09-13,0.00603927030692182,5.999999999999979,109,2018
2018-09-14,0.0060292657307993375,5.999999999999996,108,2018
2018-09-17,0.006021954628565368,5.999999999999992,105,2018
2018-09-18,0.006058636044359888,6.0,104,2018
2018-09-19,0.006069541558724037,6.000000000000007,103,2018
2018-09-20,0.006090486530732135,6.000000000000002,102,2018
2018-09-21,0.006091733430012348,5.999999999999976,101,2018
2018-09-24,0.006106856538255321,5.999999999999995,98,2018
2018-09-25,0.006179384689217802,5.999999999999996,97,2018
2018-09-26,0.006207379738351028,5.999999999999992,96,2018
2018-09-27,0.0061787410039615635,6.000000000000001,95,2018
2018-09-28,0.00618886629219076,5.999999999999991,94,2018
2018-10-01,-0.002996338377463278,-2.9032258064516108,91,2018
2018-10-02,0.006176403492763551,6.000000000000001,90,2018
2018-10-03,0.006170203339526212,5.999999999999995,89,2018
2018-10-04,0.006139296039774013,6.000000000000001,88,2018
2018-10-05,0.006076913600972072,5.999999999999997,87,2018
2018-10-08,0.00609712389609221,5.999999999999996,84,2018
2018-10-09,0.006111072720047665,5.999999999999996,83,2018
2018-10-10,0.0061468653358308,5.999999999999989,82,2018
2018-10-11,0.006110943659533304,6.000000000000007,81,2018
2018-10-12,0.006116599430748831,6.000000000000002,80,2018
2018-10-15,0.006135853319339703,6.000000000000002,77,2018
2018-10-16,0.00612036588174262,5.999999999999997,76,2018
2018-10-17,0.006121082366908996,5.999999999999997,75,2018
2018-10-18,0.006141712588947106,6.00000000000001,74,2018
2018-10-19,0.006152056148826046,5.999999999999999,73,2018
2018-10-22,0.006160529014829955,6.0000000000000036,70,2018
2018-10-23,0.006212473980347902,5.999999999999997,69,2018
2018-10-24,0.006192515443848144,6.0,68,2018
2018-10-25,0.006238754407925335,5.999999999999997,67,2018
2018-10-26,0.006254380840685241,6.0,66,2018
2018-10-29,0.0062663684898162895,5.999999999999997,63,2018
2018-10-30,0.00623948470844098,5.999999999999999,62,2018
2018-10-31,-0.003212761383002148,-3.099999999999999,61,2018
2018-11-01,0.006217462106504682,6.000000000000003,60,2018
2018-11-02,0.006246300251099723,5.999999999999997,59,2018
2018-11-05,0.00623774003331889,5.999999999999999,56,2018
2018-11-06,0.006175337764965807,6.000000000000002,55,2018
2018-11-07,0.006126625785447194,5.999999999999997,54,2018
2018-11-08,0.00613718257781679,5.999999999999997,53,2018
2018-11-09,0.006144575942846752,6.000000000000003,52,2018
2018-11-12,0.006119421758728033,5.999999999999996,49,2018
2018-11-13,0.006139040982413682,6.000000000000002,48,2018
2018-11-14,0.006140878201543525,5.999999999999997,47,2018
2018-11-15,0.006147294822730176,6.000000000000003,46,2018
2018-11-16,0.006164692950629606,6.000000000000001,45,2018
2018-11-19,0.006156507576238693,6.000000000000005,42,2018
2018-11-20,0.006151215108331544,6.0000000000000036,41,2018
2018-11-21,0.006156861010847985,6.0000000000000036,40,2018
2018-11-22,0.006167836043633995,5.999999999999996,39,2018
2018-11-23,0.0061434867804689465,6.0,38,2018
2018-11-26,0.006128581689632321,6.000000000000016,35,2018
2018-11-27,0.006063891327557682,6.000000000000003,34,2018
2018-11-28,0.006073610216419615,5.999999999999997,33,2018
2018-11-29,0.006131298770817046,5.999999999999991,32,2018
2018-11-30,0.006128524933367862,6.000000000000004,31,2018
2018-12-03,0.006149655062808294,5.999999999999997,28,2018
2018-12-04,0.006121721222579224,6.0,27,2018
2018-12-05,0.006086927453334643,6.000000000000001,26,2018
2018-12-06,0.006059859158391514,6.000000000000002,25,2018
2018-12-07,0.006076790403060476,5.999999999999997,24,2018
2018-12-10,0.006101652270196297,5.999999999999997,21,2018
2018-12-11,0.0060743038345664364,5.999999999999999,20,2018
2018-12-12,0.00605027156956159,5.999999999999997,19,2018
2018-12-13,0.006052777760627416,5.999999999999995,18,2018
2018-12-14,0.006051815498463325,5.999999999999996,17,2018
2018-12-17,-0.002655897826567861,-2.6249999999999996,14,2018
2018-12-18,0.006094987755912272,6.000000000000002,13,2018
2018-12-19,0.006063339430213271,6.000000000000002,12,2018
2018-12-20,0.006065395214083169,5.999999999999999,11,2018
2018-12-21,0.006041632731815339,6.0,10,2018
2018-12-24,,,7,2018
2018-12-25,,,6,2018
2018-12-26,,,5,2018
2018-12-27,,,4,2018
2018-12-28,,,3,2018
2018-12-31,,,0,2018
2019-01-01,0.006072514526248329,5.999999999999922,364,2019
2019-01-02,0.0060837916786294355,5.999999999999959,363,2019
2019-01-03,0.00611872129814036,5.999999999999991,362,2019
2019-01-04,0.006088984076253735,5.999999999999988,361,2019
2019-01-07,0.006069303758050659,6.00000000000009,358,2019
2019-01-08,0.006055533467841257,6.000000000000012,357,2019
2019-01-09,0.006052469032538705,6.000000000000074,356,2019
2019-01-10,0.006024785474301855,6.000000000000102,355,2019
2019-01-11,0.006057332476510692,6.000000000000028,354,2019
2019-01-14,0.006029747005154307,6.000000000000039,351,2019
2019-01-15,0.006056419666609193,6.0000000000000675,350,2019
2019-01-16,0.006072949828492892,6.000000000000054,349,2019
2019-01-17,0.006088367712549966,5.999999999999971,348,2019
2019-01-18,0.0060828959464050225,6.000000000000026,347,2019
2019-01-21,0.006058322760297289,6.0000000000000355,344,2019
2019-01-22,0.0060096714217654605,5.999999999999965,343,2019
2019-01-23,0.006042845306671518,6.000000000000019,342,2019
2019-01-24,0.006013624672015375,6.000000000000022,341,2019
2019-01-25,0.006006614503020011,5.999999999999995,340,2019
2019-01-28,0.006031073862264468,6.000000000000033,337,2019
2019-01-29,0.006037974527797924,5.999999999999945,336,2019
2019-01-30,0.006011125442062529,6.0000000000000195,335,2019
2019-01-31,0.006015545990227384,6.000000000000014,334,2019
2019-02-01,0.006005281968929955,5.9999999999999805,333,2019
2019-02-04,0.005975262355022608,5.999999999999991,330,2019
2019-02-05,0.005967435053396928,6.000000000000009,329,2019
2019-02-06,0.005919304065810544,5.999999999999995,328,2019
2019-02-07,0.005924452297800274,5.99999999999999,327,2019
2019-02-08,0.005889558449892798,5.999999999999966,326,2019
2019-02-11,0.005870391624082784,5.999999999999995,323,2019
2019-02-12,0.0058546505265099635,6.000000000000001,322,2019
2019-02-13,0.005877763321573011,5.999999999999991,321,2019
2019-02-14,0.005872561348564681,5.999999999999975,320,2019
2019-02-15,0.00584371775254235,5.999999999999976,319,2019
2019-02-18,0.005849790961503379,5.999999999999995,316,2019
2019-02-19,0.00585343501012808,5.999999999999979,315,2019
2019-02-20,0.0058341126402965725,5.999999999999961,314,2019
2019-02-21,0.005862937262012206,5.999999999999955,313,2019
2019-02-22,0.005854647989529784,5.999999999999996,312,2019
2019-02-25,0.005870117862899082,5.999999999999981,309,2019
2019-02-26,0.005874475453972415,6.000000000000016,308,2019
2019-02-27,0.005915823777696459,5.999999999999965,307,2019
2019-02-28,0.005903447482487008,6.00000000000001,306,2019
2019-03-01,0.005945832759882434,6.000000000000042,305,2019
2019-03-04,0.005962236277305418,6.000000000000002,302,2019
2019-03-05,0.005999088151054006,6.000000000000031,301,2019
2019-03-06,0.005982056000023108,6.000000000000051,300,2019
2019-03-07,0.005975359178045121,6.000000000000065,299,2019
2019-03-08,0.00594753020211513,6.000000000000031,298,2019
2019-03-11,0.005957206292269779,6.000000000000031,295,2019
2019-03-12,0.005970722527912666,6.000000000000072,294,2019
2019-03-13,0.005963071985093308,5.999999999999997,293,2019
2019-03-14,0.0059558098833224086,6.0000000000000036,292,2019
2019-03-15,0.005922228503000178,5.999999999999997,291,2019
2019-03-18,0.005910653688612728,5.999999999999996,288,2019
2019-03-19,0.005905715930443001,6.000000000000019,287,2019
2019-03-20,0.005929778493943522,5.999999999999971,286,2019
2019-03-21,0.005935309970159943,6.000000000000045,285,2019
2019-03-22,0.005946913846226537,5.999999999999995,284,2019
2019-03-25,0.005989930251595602,6.000000000000016,281,2019
2019-03-26,0.0059656540361639945,5.9999999999999725,280,2019
2019-03-27,0.005935739909490362,5.999999999999983,279,2019
2019-03-28,0.005899983969273909,6.000000000000036,278,2019
2019-03-29,0.005897335925976854,5.999999999999989,277,2019
2019-04-01,0.005873991659008492,5.9999999999999485,274,2019
2019-04-02,-0.0029208901414877354,-2.9673913043478795,273,2019
2019-04-03,0.005906552138862836,6.000000000000038,272,2019
2019-04-04,0.0059445152914002096,5.999999999999992,271,2019
2019-04-05,0.005964357652715436,5.999999999999952,270,2019
2019-04-08,0.006012678237119267,5.999999999999978,267,2019
2019-04-09,0.006002101152202931,6.000000000000106,266,2019
2019-04-10,0.006034918872031611,6.000000000000009,265,2019
2019-04-11,0.0060219542470898455,6.000000000000007,264,2019
2019-04-12,0.006028616357369054,6.000000000000026,263,2019
2019-04-15,0.005993359972411119,5.9999999999999565,260,2019
2019-04-16,0.005960007416225364,6.0,259,2019
2019-04-17,0.005952587266454389,5.999999999999959,258,2019
2019-04-18,0.005970506902870981,5.999999999999937,257,2019
2019-04-19,0.005934914636191907,6.0000000000000675,256,2019
2019-04-22,0.005936506879686199,6.00000000000002,253,2019
2019-04-23,0.005951520011000328,5.9999999999999645,252,2019
2019-04-24,0.005933336694393593,5.999999999999964,251,2019
2019-04-25,0.005928810144108803,6.000000000000031,250,2019
2019-04-26,0.005953724998295581,5.999999999999975,249,2019
2019-04-29,0.0059247428301020056,5.9999999999999805,246,2019
2019-04-30,0.005957521510959621,6.0000000000000355,245,2019
2019-05-01,0.0059507331309994445,5.99999999999995,244,2019
2019-05-02,0.00594135040771669,5.999999999999979,243,2019
2019-05-03,0.005897703003121265,5.999999999999979,242,2019
2019-05-06,0.005892634768713652,5.999999999999975,239,2019
2019-05-07,0.005880216837625674,5.999999999999965,238,2019
2019-05-08,0.005867883655555971,6.000000000000005,237,2019
2019-05-09,0.005840511555958531,5.999999999999993,236,2019
2019-05-10,0.00582482399802641,5.999999999999995,235,2019
2019-05-13,0.005838561734079968,6.0000000000000115,232,2019
2019-05-14,0.005831093710179196,6.000000000000023,231,2019
2019-05-15,0.005821839189286104,6.00000000000001,230,2019
2019-05-16,0.005847482643070035,6.000000000000026,229,2019
2019-05-17,0.005891765853047548,5.999999999999989,228,2019
2019-05-20,0.005938344469904114,6.000000000000054,225,2019
2019-05-21,0.005921350512502132,6.000000000000007,224,2019
2019-05-22,0.005897687798510845,6.000000000000024,223,2019
2019-05-23,0.005869365576351962,6.000000000000003,222,2019
2019-05-24,0.005860881888553088,5.999999999999975,221,2019
2019-05-27,0.0058446582161371455,5.999999999999962,218,2019
2019-05-28,0.005829450582871741,5.999999999999985,217,2019
2019-05-29,0.00586359363328534,6.000000000000026,216,2019
2019-05-30,0.005843649709984267,5.99999999999999,215,2019
2019-05-31,0.005823689831758089,5.999999999999996,214,2019
2019-06-03,0.0058022725237395125,5.999999999999995,211,2019
2019-06-04,0.005773420313111083,6.000000000000065,210,2019
2019-06-05,0.005733903843826043,5.999999999999969,209,2019
2019-06-06,0.005705312529201768,5.999999999999996,208,2019
2019-06-07,0.005695031805867438,6.00000000000005,207,2019
2019-06-10,0.005707955434621606,6.000000000000042,204,2019
2019-06-11,0.005707788167709197,5.999999999999969,203,2019
2019-06-12,0.005716095915168141,6.000000000000002,202,2019
2019-06-13,0.005777915442387273,5.999999999999966,201,2019
2019-06-14,0.005784991590565482,6.000000000000011,200,2019
2019-06-17,0.005773056988006068,5.999999999999979,197,2019
2019-06-18,0.005761257756624097,6.0000000000000036,196,2019
2019-06-19,0.005758417881912434,6.00000000000004,195,2019
2019-06-20,0.005770728631559547,5.9999999999999805,194,2019
2019-06-21,0.005781802942705482,6.000000000000012,193,2019
2019-06-24,0.005772278113527462,5.999999999999988,190,2019
2019-06-25,0.005800090531325143,5.999999999999989,189,2019
2019-06-26,0.005752553200692877,6.000000000000026,188,2019
2019-06-27,0.005768097475564602,5.999999999999983,187,2019
2019-06-28,0.005768597620231378,6.000000000000002,186,2019
2019-07-01,0.005809531785145023,5.999999999999995,183,2019
2019-07-02,-0.000959904566725212,-0.9890109890110025,182,2019
2019-07-03,0.005828852474854177,5.999999999999996,181,2019
2019-07-04,0.005836823176495087,5.999999999999997,180,2019
2019-07-05,0.005854147780866387,5.999999999999995,179,2019
2019-07-08,0.005881426804716548,5.999999999999985,176,2019
2019-07-09,0.005883555956127986,6.000000000000024,175,2019
2019-07-10,0.0058949686611442335,5.999999999999999,174,2019
2019-07-11,0.00589471824941655,5.999999999999992,173,2019
2019-07-12,0.00590566135032185,6.000000000000029,172,2019
2019-07-15,0.005930117078423686,5.999999999999993,169,2019
2019-07-16,0.00592861616338484,5.999999999999976,168,2019
2019-07-17,0.0059360520404778275,6.000000000000011,167,2019
2019-07-18,0.005976882824339211,5.999999999999988,166,2019
2019-07-19,0.005944563233955371,5.999999999999969,165,2019
2019-07-22,0.005946278098126603,6.000000000000012,162,2019
2019-07-23,0.005965088825035241,5.999999999999988,161,2019
2019-07-24,0.005964844264752377,5.999999999999991,160,2019
2019-07-25,0.005953073720180332,5.9999999999999805,159,2019
2019-07-26,0.005942607072865102,6.0000000000000195,158,2019
2019-07-29,0.005918566618071821,6.000000000000016,155,2019
2019-07-30,0.0059025358597182736,5.999999999999995,154,2019
2019-07-31,0.005905069723822765,6.000000000000003,153,2019
2019-08-01,-0.0029445128298058237,-3.0,152,2019
2019-08-02,0.005894049539072347,5.999999999999981,151,2019
2019-08-05,0.005906515783207675,6.000000000000005,148,2019
2019-08-06,0.005947113625176049,5.999999999999997,147,2019
2019-08-07,0.005955399977512582,6.000000000000014,146,2019
2019-08-08,0.005965552708241384,5.999999999999972,145,2019
2019-08-09,0.006012505526836163,6.000000000000016,144,2019
2019-08-12,0.006019420088204083,5.999999999999981,141,2019
2019-08-13,0.006041446764348934,5.999999999999985,140,2019
2019-08-14,0.006033000422048544,5.999999999999982,139,2019
2019-08-15,0.006064063319669662,6.000000000000045,138,2019
2019-08-16,0.006087018017739117,6.0000000000000115,137,2019
2019-08-19,0.006041606607860203,5.999999999999985,134,2019
2019-08-20,0.006028891482239437,6.000000000000016,133,2019
2019-08-21,0.006029458306911699,5.999999999999986,132,2019
2019-08-22,0.006010017542245637,5.999999999999979,131,2019
2019-08-23,0.005972597875483238,6.000000000000026,130,2019
2019-08-26,0.005943625439207062,6.00000000000001,127,2019
2019-08-27,0.005944840779191526,6.000000000000021,126,2019
2019-08-28,0.0059391133949159,5.999999999999989,125,2019
2019-08-29,0.005934063428641008,6.000000000000036,124,2019
2019-08-30,0.005946786237764758,6.0000000000000195,123,2019
2019-09-02,0.00592313825433455,6.000000000000001,120,2019
2019-09-03,0.0059173769685664495,5.999999999999976,119,2019
2019-09-04,0.00591293781669363,5.999999999999979,118,2019
2019-09-05,0.005903098516491821,5.999999999999955,117,2019
2019-09-06,0.005871388133965345,5.999999999999979,116,2019
2019-09-09,0.005830921693208711,5.99999999999999,113,2019
2019-09-10,0.005822932457572026,6.000000000000011,112,2019
2019-09-11,0.005790773856496499,6.000000000000004,111,2019
2019-09-12,0.0057906868838757996,6.000000000000016,110,2019
2019-09-13,0.005793185132277418,5.999999999999988,109,2019
2019-09-16,0.005799087714693284,5.999999999999963,106,2019
2019-09-17,0.005848967774720546,5.999999999999988,105,2019
2019-09-18,0.005862414242770361,6.000000000000016,104,2019
2019-09-19,0.005841760613555514,6.000000000000004,103,2019
2019-09-20,0.0058707332940901615,6.000000000000003,102,2019
2019-09-23,0.005871298607654605,6.0000000000000036,99,2019
2019-09-24,0.005877912115150009,5.999999999999995,98,2019
2019-09-25,0.005869458724553143,5.999999999999988,97,2019
2019-09-26,0.005838956949350782,6.000000000000007,96,2019
2019-09-27,0.005864027945248571,5.999999999999997,95,2019
2019-09-30,0.005876740392958759,5.999999999999986,92,2019
2019-10-01,-0.002852479760642433,-2.903225806451614,91,2019
2019-10-02,0.005907631601556341,6.000000000000005,90,2019
2019-10-03,0.005905373165828805,5.999999999999997,89,2019
2019-10-04,0.005889016794547981,5.999999999999997,88,2019
2019-10-07,0.005847337273993013,6.000000000000002,85,2019
2019-10-08,0.005819610794067158,5.999999999999993,84,2019
2019-10-09,0.005769937576968297,6.000000000000007,83,2019
2019-10-10,0.005733743790766336,6.000000000000001,82,2019
2019-10-11,0.0057398256923665006,5.999999999999995,81,2019
2019-10-14,0.005724515297569153,6.000000000000004,78,2019
2019-10-15,0.005724145643799279,5.999999999999988,77,2019
2019-10-16,0.0057614658736965954,5.999999999999995,76,2019
2019-10-17,0.005782408262707725,6.000000000000004,75,2019
2019-10-18,0.005786686546944558,6.000000000000004,74,2019
2019-10-21,0.005778817079909868,6.000000000000001,71,2019
2019-10-22,0.005750315058867106,5.999999999999999,70,2019
2019-10-23,0.005727418031711661,5.999999999999996,69,2019
2019-10-24,0.005736073492826003,6.0,68,2019
2019-10-25,0.005752997309280187,6.000000000000005,67,2019
2019-10-28,0.005744838758873205,5.999999999999982,64,2019
2019-10-29,0.005732589320001946,6.000000000000005,63,2019
2019-10-30,0.005743337821987024,6.000000000000005,62,2019
2019-10-31,-0.002958626921562837,-3.100000000000005,61,2019
2019-11-01,0.0057331497522960405,5.999999999999996,60,2019
2019-11-04,0.005752501443919548,6.000000000000005,57,2019
2019-11-05,0.00576267414315589,5.999999999999997,56,2019
2019-11-06,0.005784743526821797,5.999999999999996,55,2019
2019-11-07,0.005830684620129883,6.000000000000017,54,2019
2019-11-08,0.005827328994284147,5.999999999999989,53,2019
2019-11-11,0.005846111920492164,6.000000000000001,50,2019
2019-11-12,0.0058673581322621834,5.999999999999997,49,2019
2019-11-13,0.005850041366308716,5.999999999999991,48,2019
2019-11-14,0.005818510934875725,5.999999999999989,47,2019
2019-11-15,0.005818210534725897,6.0,46,2019
2019-11-18,0.0058158829763066385,6.000000000000007,43,2019
2019-11-19,0.005853060796254985,6.000000000000011,42,2019
2019-11-20,0.0058875692343065885,6.000000000000007,41,2019
2019-11-21,0.00588070532495771,5.999999999999997,40,2019
2019-11-22,0.005884890680564778,5.999999999999995,39,2019
2019-11-25,0.005913259055215151,5.999999999999996,36,2019
2019-11-26,0.005937387248767285,6.000000000000002,35,2019
2019-11-27,0.005930217236694088,6.0000000000000036,34,2019
2019-11-28,0.005946016719860294,5.999999999999988,33,2019
2019-11-29,0.005996319523467586,5.999999999999999,32,2019
2019-12-02,0.006007650908779236,5.999999999999999,29,2019
2019-12-03,0.006022539873758836,5.999999999999997,28,2019
2019-12-04,0.006002051900189037,5.999999999999997,27,2019
2019-12-05,0.006033270405764219,5.999999999999997,26,2019
2019-12-06,0.005984276072649301,5.999999999999999,25,2019
2019-12-09,0.005994505054343249,5.999999999999997,22,2019
2019-12-10,0.006006179441943862,5.999999999999997,21,2019
2019-12-11,0.006053759537886269,5.999999999999999,20,2019
2019-12-12,0.006043531137902628,5.999999999999997,19,2019
2019-12-13,0.006044955715529413,5.999999999999993,18,2019
2019-12-16,0.0060301079759299304,6.0,15,2019
2019-12-17,-0.002650238176140336,-2.6249999999999987,14,2019
2019-12-18,0.006061355677893495,5.999999999999999,13,2019
2019-12-19,0.006052198478511346,6.000000000000002,12,2019
2019-12-20,0.006060180555441294,6.000000000000002,11,2019
2019-12-23,0.006087273946190005,6.0,8,2019
2019-12-24,,,7,2019
2019-12-25,,,6,2019
2019-12-26,,,5,2019
2019-12-27,,,4,2019
2019-12-30,,,1,2019
2019-12-31,,,0,2019
2020-01-01,-6.982261990806649e-17,-6.850576773980026e-14,365,2020
2020-01-02,0.006134008248873878,6.000000000000048,364,2020
2020-01-03,0.006171212431197107,6.000000000000028,363,2020
2020-01-06,0.006150631442680302,5.9999999999999645,360,2020
2020-01-07,0.00614911107638575,6.000000000000023,359,2020
2020-01-08,0.0060966070156588574,5.999999999999923,358,2020
2020-01-09,0.006134195244351404,6.000000000000048,357,2020
2020-01-10,0.006141407397217653,6.00000000000008,356,2020
2020-01-13,0.006113438199909659,5.999999999999933,353,2020
2020-01-14,0.006087079224517303,6.000000000000022,352,2020
2020-01-15,0.006096090445997413,6.000000000000047,351,2020
2020-01-16,0.006104701946627574,5.999999999999938,350,2020
2020-01-17,0.00608346689232534,5.9999999999998455,349,2020
2020-01-20,0.006065496047320075,5.999999999999846,346,2020
2020-01-21,0.006090159455894115,6.000000000000061,345,2020
2020-01-22,0.006052557854950684,5.999999999999942,344,2020
2020-01-23,0.006058066038790862,6.000000000000016,343,2020
2020-01-24,0.006045035607416417,5.999999999999931,342,2020
2020-01-27,0.006060942556134546,5.999999999999985,339,2020
2020-01-28,0.0060603128349054625,5.9999999999999565,338,2020
2020-01-29,0.006056991539755749,5.999999999999965,337,2020
2020-01-30,0.006064992231576193,5.99999999999987,336,2020
2020-01-31,0.006060682544110318,6.000000000000014,335,2020
2020-02-03,0.006070013223494946,6.000000000000036,332,2020
2020-02-04,0.006080792290136356,5.999999999999959,331,2020
2020-02-05,0.006084887235111513,6.000000000000047,330,2020
2020-02-06,0.0060817623561690085,6.000000000000103,329,2020
2020-02-07,0.006046298273104985,5.99999999999999,328,2020
2020-02-10,0.0060709902919536835,6.000000000000016,325,2020
2020-02-11,0.006091692082460548,6.000000000000061,324,2020
2020-02-12,0.00610539887257269,6.000000000000053,323,2020
2020-02-13,0.0060765039751990695,5.9999999999999325,322,2020
2020-02-14,0.0060536235312024286,5.9999999999999725,321,2020
2020-02-17,0.006066570903468942,6.000000000000032,318,2020
2020-02-18,0.006045601148722537,6.000000000000057,317,2020
2020-02-19,0.006068800260717605,6.000000000000039,316,2020
2020-02-20,0.006013761741907963,6.0000000000000435,315,2020
2020-02-21,0.006023306013696314,6.000000000000021,314,2020
2020-02-24,0.0060220348414126,5.999999999999943,311,2020
2020-02-25,0.0060478021878540116,5.999999999999931,310,2020
2020-02-26,0.006027188070150428,6.000000000000067,309,2020
2020-02-27,0.006024442773885127,6.000000000000115,308,2020
2020-02-28,0.0060031251667037695,5.999999999999969,307,2020
2020-03-02,0.005975735886853552,5.999999999999975,304,2020
2020-03-03,0.005989399452369445,5.999999999999969,303,2020
2020-03-04,0.00600072534908247,5.999999999999945,302,2020
2020-03-05,0.005986373653155854,5.999999999999947,301,2020
2020-03-06,0.005980254870071939,6.000000000000048,300,2020
2020-03-09,0.005983735992669464,5.999999999999907,297,2020
2020-03-10,0.005954243865602842,6.000000000000029,296,2020
2020-03-11,0.005949137023188179,5.999999999999874,295,2020
2020-03-12,0.005957646731710589,5.999999999999969,294,2020
2020-03-13,0.00600040190343453,5.999999999999922,293,2020
2020-03-16,0.006009466056807077,5.999999999999965,290,2020
2020-03-17,0.006015462077948732,5.999999999999904,289,2020
2020-03-18,0.006051422591033255,6.000000000000051,288,2020
2020-03-19,0.00603548460202229,5.999999999999902,287,2020
2020-03-20,0.006052064278358464,6.00000000000013,286,2020
2020-03-23,0.00602313436146507,6.000000000000069,283,2020
2020-03-24,0.006035700853491779,5.999999999999959,282,2020
2020-03-25,0.0060056496719614015,6.0,281,2020
2020-03-26,0.0059737401668218315,6.000000000000028,280,2020
2020-03-27,0.005961811109524022,6.000000000000014,279,2020
2020-03-30,0.005996987054988061,6.000000000000017,276,2020
2020-03-31,0.0059846022162109,5.999999999999991,275,2020
2020-04-01,0.006000325286480262,5.999999999999988,274,2020
2020-04-02,-0.0029831474910213904,-2.9673913043477356,273,2020
2020-04-03,0.006054687111037752,6.000000000000065,272,2020
2020-04-06,0.0060672056256097385,6.000000000000096,269,2020
2020-04-07,0.006079929467185594,5.999999999999918,268,2020
2020-04-08,0.00610923719561666,5.999999999999972,267,2020
2020-04-09,0.006101159797697155,6.000000000000004,266,2020
2020-04-10,0.006097614047280002,6.000000000000067,265,2020
2020-04-13,0.006114732873022455,5.99999999999999,262,2020
2020-04-14,0.006084324581504874,5.999999999999933,261,2020
2020-04-15,0.006083646888137931,5.999999999999934,260,2020
2020-04-16,0.006115436303208188,5.999999999999892,259,2020
2020-04-17,0.006080707082301614,6.000000000000016,258,2020
2020-04-20,0.006091678230652381,5.999999999999971,255,2020
2020-04-21,0.006070829629005033,5.999999999999896,254,2020
2020-04-22,0.006072764680019481,6.000000000000048,253,2020
2020-04-23,0.006032645205994392,6.0000000000000115,252,2020
2020-04-24,0.006037794138653682,5.999999999999934,251,2020
2020-04-27,0.006037612122864085,6.000000000000117,248,2020
2020-04-28,0.00602473594729093,6.000000000000122,247,2020
2020-04-29,0.006039258235097202,6.0,246,2020
2020-04-30,0.00601391623011703,6.0000000000000036,245,2020
2020-05-01,0.005981529819355659,6.000000000000055,244,2020
2020-05-04,0.005969200127993221,5.999999999999971,241,2020
2020-05-05,0.005954965178008608,6.000000000000029,240,2020
2020-05-06,0.005967515714284819,5.999999999999992,239,2020
2020-05-07,0.005966855999994186,5.999999999999992,238,2020
2020-05-08,0.005956100131483802,5.999999999999996,237,2020
2020-05-11,0.005910688212162783,6.000000000000052,234,2020
2020-05-12,0.005905428667353205,5.999999999999996,233,2020
2020-05-13,0.005953321857648535,5.999999999999993,232,2020
2020-05-14,0.005960157701433524,5.999999999999927,231,2020
2020-05-15,0.005931214128955362,5.9999999999999085,230,2020
2020-05-18,0.005871394285214043,6.000000000000032,227,2020
2020-05-19,0.005909944780398804,6.000000000000062,226,2020
2020-05-20,0.005930523280883468,5.999999999999986,225,2020
2020-05-21,0.005933070364781765,6.00000000000001,224,2020
2020-05-22,0.005921671518020007,6.000000000000033,223,2020
2020-05-25,0.005923114475110892,5.999999999999993,220,2020
2020-05-26,0.005904766252767028,6.00000000000009,219,2020
2020-05-27,0.005907557766886163,5.999999999999989,218,2020
2020-05-28,0.005887010334101794,5.999999999999964,217,2020
2020-05-29,0.00590151456910106,6.000000000000011,216,2020
2020-06-01,0.005915231474038221,6.000000000000033,213,2020
2020-06-02,0.005953504404366136,5.999999999999982,212,2020
2020-06-03,0.005921699649238266,5.999999999999951,211,2020
2020-06-04,0.005907903168889667,5.999999999999947,210,2020
2020-06-05,0.005924927283537331,5.9999999999998845,209,2020
2020-06-08,0.005963803171400119,6.000000000000065,206,2020
2020-06-09,0.005948158023567681,6.0000000000000435,205,2020
2020-06-10,0.00595385929582683,6.000000000000102,204,2020
2020-06-11,0.0059432958208173355,6.000000000000003,203,2020
2020-06-12,0.0059425048096567535,6.000000000000061,202,2020
2020-06-15,0.005955219597962491,6.000000000000023,199,2020
2020-06-16,0.005960103122664469,6.000000000000021,198,2020
2020-06-17,0.005948782090040907,5.999999999999985,197,2020
2020-06-18,0.005931353414542,6.000000000000057,196,2020
2020-06-19,0.005935434787707912,6.000000000000016,195,2020
2020-06-22,0.005960240923464099,5.999999999999918,192,2020
2020-06-23,0.00597246836579358,5.999999999999983,191,2020
2020-06-24,0.0059582806424342515,6.000000000000075,190,2020
2020-06-25,0.005990729629737143,5.999999999999993,189,2020
2020-06-26,0.00600136391847607,6.000000000000061,188,2020
2020-06-29,0.006057977267916814,5.999999999999997,185,2020
2020-06-30,0.006070125533367198,5.999999999999985,184,2020
2020-07-01,0.006060125670551858,5.999999999999959,183,2020
2020-07-02,-0.0010021539814960905,-0.9890109890109997,182,2020
2020-07-03,0.006085728255419581,5.999999999999969,181,2020
2020-07-06,0.006099196505864901,5.99999999999999,178,2020
2020-07-07,0.006068061895739197,6.000000000000012,177,2020
2020-07-08,0.006060125097899111,6.000000000000005,176,2020
2020-07-09,0.006040391468650132,6.000000000000036,175,2020
2020-07-10,0.006048772719213008,6.000000000000043,174,2020
2020-07-13,0.006088513889836056,6.000000000000042,171,2020
2020-07-14,0.006081782291964774,5.999999999999952,170,2020
2020-07-15,0.006078247212081087,6.00000000000001,169,2020
2020-07-16,0.006075454763201659,6.000000000000026,168,2020
2020-07-17,0.006116337722609309,6.000000000000031,167,2020
2020-07-20,0.0060836378131779575,5.999999999999996,164,2020
2020-07-21,0.006115157603698096,5.9999999999999565,163,2020
2020-07-22,0.006136563023075871,6.000000000000012,162,2020
2020-07-23,0.006103494404743457,6.0000000000000355,161,2020
2020-07-24,0.006108205839968513,6.000000000000067,160,2020
2020-07-27,0.006130993185304625,6.000000000000014,157,2020
2020-07-28,0.006143900229211409,6.000000000000014,156,2020
2020-07-29,0.0061302971699555425,6.000000000000007,155,2020
2020-07-30,0.006153211575242909,6.0000000000000675,154,2020
2020-07-31,0.0061640864870017836,6.000000000000005,153,2020
2020-08-03,0.006148090948893061,5.999999999999982,150,2020
2020-08-04,0.006148913967760519,5.999999999999997,149,2020
2020-08-05,0.00617260741987904,5.999999999999985,148,2020
2020-08-06,0.006137840074876137,6.000000000000002,147,2020
2020-08-07,0.00607530093941726,5.999999999999992,146,2020
2020-08-10,0.0060550232860261365,5.999999999999916,143,2020
2020-08-11,0.006057499626971184,6.000000000000023,142,2020
2020-08-12,0.006093030556393448,5.999999999999962,141,2020
2020-08-13,0.0060425461650438295,5.999999999999981,140,2020
2020-08-14,0.0060253494832142014,5.999999999999969,139,2020
2020-08-17,0.006036386322911301,5.999999999999971,136,2020
2020-08-18,0.0060178241800112366,5.999999999999991,135,2020
2020-08-19,0.006044309926094386,5.99999999999993,134,2020
2020-08-20,0.006065130333237569,5.999999999999995,133,2020
2020-08-21,0.006050769534120819,5.999999999999988,132,2020
2020-08-24,0.006065988627857636,6.0000000000000515,129,2020
2020-08-25,0.006034685221527649,6.000000000000014,128,2020
2020-08-26,0.006033888612127692,5.999999999999968,127,2020
2020-08-27,0.0060176566068652,6.0000000000000355,126,2020
2020-08-28,0.006008098363879529,6.000000000000005,125,2020
2020-08-31,-0.0031009527396892982,-3.0999999999999766,122,2020
2020-09-01,0.0060343086573577285,6.000000000000001,121,2020
2020-09-02,0.0060707760149448994,6.0000000000000036,120,2020
2020-09-03,0.0060119282417156,6.00000000000001,119,2020
2020-09-04,0.00603851454091645,5.999999999999981,118,2020
2020-09-07,0.006047825252811359,5.999999999999999,115,2020
2020-09-08,0.006058981875253866,5.999999999999988,114,2020
2020-09-09,0.006081344444944228,6.000000000000001,113,2020
2020-09-10,0.00604810697059449,5.999999999999979,112,2020
2020-09-11,0.0060653626838417535,5.999999999999982,111,2020
2020-09-14,0.006050574415677688,5.999999999999981,108,2020
2020-09-15,0.006025557885879422,6.000000000000001,107,2020
2020-09-16,0.005979042616298689,5.999999999999988,106,2020
2020-09-17,0.005962958801051728,6.000000000000002,105,2020
2020-09-18,0.005971524145457664,6.0,104,2020
2020-09-21,0.005955495382663908,6.00000000000001,101,2020
2020-09-22,0.005970544141567779,6.000000000000009,100,2020
2020-09-23,0.005974930643558206,5.999999999999955,99,2020
2020-09-24,0.005914768875451752,5.999999999999979,98,2020
2020-09-25,0.005886989019530481,6.000000000000007,97,2020
2020-09-28,0.005906673248707226,6.000000000000003,94,2020
2020-09-29,0.005910091884060976,6.000000000000013,93,2020
2020-09-30,0.005912193745443441,6.000000000000063,92,2020
2020-10-01,-0.002857410847914002,-2.903225806451593,91,2020
2020-10-02,0.005871598790131665,5.999999999999995,90,2020
2020-10-05,0.005881263493331493,6.000000000000004,87,2020
2020-10-06,0.0058373798325876336,6.0000000000000355,86,2020
2020-10-07,0.005781063874630217,5.999999999999979,85,2020
2020-10-08,0.005776507006465961,6.000000000000026,84,2020
2020-10-09,0.005800581746686254,5.999999999999968,83,2020
2020-10-12,0.005747660565977135,5.999999999999992,80,2020
2020-10-13,0.005766545472489514,6.000000000000014,79,2020
2020-10-14,0.00574615335393788,5.999999999999989,78,2020
2020-10-15,0.005695814582812992,6.000000000000007,77,2020
2020-10-16,0.005676481184164117,6.000000000000012,76,2020
2020-10-19,0.005676027744141195,6.000000000000028,73,2020
2020-10-20,0.005661878736038338,6.000000000000005,72,2020
2020-10-21,0.005698296019202719,5.999999999999991,71,2020
2020-10-22,0.005696673230399791,6.000000000000033,70,2020
2020-10-23,0.0056920313392830576,6.000000000000016,69,2020
2020-10-26,0.005698378726139955,5.999999999999996,66,2020
2020-10-27,0.005673171951462209,5.999999999999993,65,2020
2020-10-28,0.00566863256872791,6.000000000000007,64,2020
2020-10-29,0.005707833019463529,5.999999999999999,63,2020
2020-10-30,0.005712872846261778,6.000000000000016,62,2020
2020-11-02,0.005724582061326024,6.00000000000001,59,2020
2020-11-03,0.005737480831728562,6.00000000000001,58,2020
2020-11-04,0.005691266430733951,6.000000000000005,57,2020
2020-11-05,0.005703913374796573,5.999999999999996,56,2020
2020-11-06,0.0056923275007156274,6.000000000000012,55,2020
2020-11-09,0.005714449439109262,5.999999999999993,52,2020
2020-11-10,0.0057007345668967,6.0000000000000195,51,2020
2020-11-11,0.005684541532974989,6.000000000000005,50,2020
2020-11-12,0.005720828109596418,6.0000000000000195,49,2020
2020-11-13,0.005729817473943598,5.999999999999993,48,2020
2020-11-16,0.005724787306052798,5.999999999999997,45,2020
2020-11-17,0.005714970101111923,5.999999999999991,44,2020
2020-11-18,0.005706621860509033,5.999999999999991,43,2020
2020-11-19,0.005752381177336715,6.0,42,2020
2020-11-20,0.005735766469386511,5.999999999999981,41,2020
2020-11-23,0.005743738643095011,5.999999999999997,38,2020
2020-11-24,0.0057239180654174,5.999999999999988,37,2020
2020-11-25,0.005720438542288746,6.000000000000001,36,2020
2020-11-26,0.005739051839680693,6.00000000000001,35,2020
2020-11-27,0.005746711052194732,5.9999999999999805,34,2020
2020-11-30,0.005709119324009905,5.999999999999988,31,2020
2020-12-01,-0.0014791963288346768,-1.548387096774193,30,2020
2020-12-02,0.00575514978534401,5.999999999999996,29,2020
2020-12-03,0.005721867489010886,5.999999999999992,28,2020
2020-12-04,0.005700224414617417,6.0,27,2020
2020-12-07,0.005718866130580851,5.999999999999997,24,2020
2020-12-08,0.005733988051526261,5.999999999999997,23,2020
2020-12-09,0.005690426366770779,5.999999999999999,22,2020
2020-12-10,0.005670109853627557,5.999999999999997,21,2020
2020-12-11,0.005658661622163143,6.0,20,2020
2020-12-14,0.005660812001932029,5.999999999999997,17,2020
2020-12-15,0.005667379953121256,6.000000000000004,16,2020
2020-12-16,0.005677455337480125,6.000000000000002,15,2020
2020-12-17,-0.002467174685309992,-2.6250000000000013,14,2020
2020-12-18,0.005640422654006345,6.000000000000002,13,2020
2020-12-21,0.005633376773637613,5.999999999999997,10,2020
2020-12-22,0.0055974576636278126,6.000000000000002,9,2020
2020-12-23,0.0056068524296058325,6.0000000000000036,8,2020
2020-12-24,,,7,2020
2020-12-25,,,6,2020
2020-12-28,,,3,2020
2020-12-29,,,2,2020
2020-12-30,,,1,2020
2020-12-31,,,0,2020
2021-01-01,0.00562157687374561,5.999999999999961,364,2021
2021-01-04,0.005610305771706301,5.999999999999999,361,2021
2021-01-05,0.005635814081384743,6.000000000000013,360,2021
2021-01-06,0.005639452780120016,5.999999999999982,359,2021
2021-01-07,0.005616369700687107,6.000000000000153,358,2021
2021-01-08,0.005610502070545635,5.9999999999999085,357,2021
2021-01-11,0.005609112099121536,6.000000000000058,354,2021
2021-01-12,0.005569970789878572,5.999999999999995,353,2021
2021-01-13,0.0055540479568515775,5.999999999999992,352,2021
2021-01-14,0.005540139820979593,5.999999999999887,351,2021
2021-01-15,0.005529650557982196,5.999999999999921,350,2021
2021-01-18,0.0055441510941874545,5.999999999999876,347,2021
2021-01-19,0.005564758475091336,5.999999999999904,346,2021
2021-01-20,0.005564866121452794,5.999999999999897,345,2021
2021-01-21,0.005555366027018499,6.000000000000031,344,2021
2021-01-22,0.005550929003667985,6.000000000000021,343,2021
2021-01-25,0.005554927401235472,6.000000000000048,340,2021
2021-01-26,0.005547413398626557,5.99999999999991,339,2021
2021-01-27,0.005490199893944481,5.999999999999846,338,2021
2021-01-28,0.005496877182122172,6.000000000000012,337,2021
2021-01-29,0.0054770619308046045,5.999999999999972,336,2021
2021-02-01,0.0054803294489685385,6.000000000000048,333,2021
2021-02-02,0.005476373756820627,5.999999999999989,332,2021
2021-02-03,0.005476870461271922,5.999999999999927,331,2021
2021-02-04,0.005470347965072087,6.000000000000042,330,2021
2021-02-05,0.005467437568729127,5.999999999999894,329,2021
2021-02-08,0.005486092859846749,6.000000000000057,326,2021
2021-02-09,0.00548893776216902,5.999999999999861,325,2021
2021-02-10,0.005487636307460443,6.000000000000032,324,2021
2021-02-11,0.005504217846464064,5.9999999999999085,323,2021
2021-02-12,0.0054877565759365214,5.999999999999986,322,2021
2021-02-15,0.005484898936852684,5.999999999999976,319,2021
2021-02-16,0.005478310923133565,5.999999999999983,318,2021
2021-02-17,0.005440591106347287,5.999999999999962,317,2021
2021-02-18,0.005418230056854671,5.999999999999964,316,2021
2021-02-19,0.005409628058108245,5.999999999999935,315,2021
2021-02-22,0.005425694788683546,5.999999999999959,312,2021
2021-02-23,0.00544204458342125,6.000000000000028,311,2021
2021-02-24,0.005401955401773988,5.999999999999937,310,2021
2021-02-25,0.005392218867100579,5.999999999999903,309,2021
2021-02-26,0.00540485075643135,6.00000000000003,308,2021
2021-03-01,0.005441641690984883,5.999999999999904,305,2021
2021-03-02,0.005433450741616214,5.99999999999986,304,2021
2021-03-03,0.005432646073084205,5.999999999999935,303,2021
2021-03-04,0.005437785142527534,6.000000000000011,302,2021
2021-03-05,0.005437402484993177,5.999999999999999,301,2021
2021-03-08,0.005460368225191728,5.999999999999837,298,2021
2021-03-09,0.0054215552867933935,5.9999999999997975,297,2021
2021-03-10,0.005418530245970976,6.000000000000007,296,2021
2021-03-11,0.005432301493744824,6.000000000000016,295,2021
2021-03-12,0.005419713209802892,6.0000000000000835,294,2021
2021-03-15,0.005377874643703808,5.9999999999999725,291,2021
2021-03-16,0.005380751669265176,5.9999999999999005,290,2021
2021-03-17,0.005392198317470137,6.0000000000001155,289,2021
2021-03-18,0.005375830115752519,5.999999999999989,288,2021
2021-03-19,0.005373204567837324,6.00000000000004,287,2021
2021-03-22,0.005387526385639537,5.999999999999943,284,2021
2021-03-23,0.005371622884020185,5.999999999999971,283,2021
2021-03-24,0.005354554038269286,5.999999999999992,282,2021
2021-03-25,0.005360079444253162,6.000000000000069,281,2021
2021-03-26,0.005384183585360488,6.000000000000029,280,2021
2021-03-29,0.005397815295053809,6.000000000000012,277,2021
2021-03-30,0.00539895397664779,6.000000000000011,276,2021
2021-03-31,0.005389015812184529,6.000000000000032,275,2021
2021-04-01,0.005392463643425867,6.00000000000006,274,2021
2021-04-02,-0.00268260498359296,-2.9673913043477356,273,2021
2021-04-05,0.0054181924268385225,5.999999999999945,270,2021
2021-04-06,0.005386769520815577,6.000000000000074,269,2021
2021-04-07,0.005383123622729396,6.000000000000005,268,2021
2021-04-08,0.005368284600933297,6.00000000000001,267,2021
2021-04-09,0.005374191485185965,6.000000000000072,266,2021
2021-04-12,0.005342336996104115,6.000000000000043,263,2021
2021-04-13,0.0053387848342814175,5.999999999999955,262,2021
2021-04-14,0.005309658586131345,5.9999999999999245,261,2021
2021-04-15,0.005265963373772593,6.00000000000006,260,2021
2021-04-16,0.005306340766913937,6.000000000000062,259,2021
2021-04-19,0.00528875325897438,5.999999999999937,256,2021
2021-04-20,0.00528695046969725,6.00000000000002,255,2021
2021-04-21,0.005268028555678332,5.999999999999915,254,2021
2021-04-22,0.0053019222461204605,6.000000000000048,253,2021
2021-04-23,0.005282919431989752,6.000000000000003,252,2021
2021-04-26,0.005299409605985247,5.999999999999979,249,2021
2021-04-27,0.00532378128960102,5.999999999999947,248,2021
2021-04-28,0.005309459579311643,5.999999999999978,247,2021
2021-04-29,0.005300601928693935,6.000000000000026,246,2021
2021-04-30,0.005294625486573537,6.000000000000048,245,2021
2021-05-03,0.005263705136349219,6.000000000000038,242,2021
2021-05-04,0.005294508681297012,6.000000000000028,241,2021
2021-05-05,0.005295412813012689,6.000000000000024,240,2021
2021-05-06,0.00527735974835826,6.0000000000000355,239,2021
2021-05-07,0.005274294838593711,6.0000000000000036,238,2021
2021-05-10,0.005264431577629288,5.999999999999992,235,2021
2021-05-11,0.005269405150157616,6.000000000000024,234,2021
2021-05-12,0.00529732287632632,6.00000000000004,233,2021
2021-05-13,0.005331182870771012,6.000000000000007,232,2021
2021-05-14,0.005331747697468864,6.0000000000000515,231,2021
2021-05-17,0.005344406700736232,6.000000000000026,228,2021
2021-05-18,0.005319334453814526,6.00000000000012,227,2021
2021-05-19,0.0053156955749900404,5.999999999999989,226,2021
2021-05-20,0.005294966031042577,6.000000000000054,225,2021
2021-05-21,0.005314056678238976,6.000000000000007,224,2021
2021-05-24,0.005292199359118219,6.000000000000034,221,2021
2021-05-25,0.0053079210718087405,5.999999999999978,220,2021
2021-05-26,0.005325604159064145,5.999999999999995,219,2021
2021-05-27,0.005327271342300485,6.000000000000026,218,2021
2021-05-28,0.0053145993671665885,5.99999999999991,217,2021
2021-05-31,0.005332081107255431,5.9999999999999005,214,2021
2021-06-01,0.005296732668529267,5.999999999999921,213,2021
2021-06-02,0.0053039697808896,6.000000000000038,212,2021
2021-06-03,0.005292918580287675,5.999999999999972,211,2021
2021-06-04,0.005354462859169368,6.000000000000012,210,2021
2021-06-07,0.005389291731913086,6.000000000000007,207,2021
2021-06-08,0.005394991334255379,5.9999999999999485,206,2021
2021-06-09,0.005380166327052096,5.999999999999997,205,2021
2021-06-10,0.0053964509731808845,6.000000000000086,204,2021
2021-06-11,0.00540328086860822,5.999999999999968,203,2021
2021-06-14,0.005375657087729741,6.00000000000006,200,2021
2021-06-15,0.005374937575634876,6.000000000000086,199,2021
2021-06-16,0.005351374055399749,6.00000000000001,198,2021
2021-06-17,0.005368430054097208,5.999999999999973,197,2021
2021-06-18,0.0053624772314130814,6.000000000000086,196,2021
2021-06-21,0.005367660681564464,6.000000000000026,193,2021
2021-06-22,0.005357200069235926,6.000000000000062,192,2021
2021-06-23,0.005357493774049876,5.999999999999941,191,2021
2021-06-24,0.0053690977665524905,5.999999999999969,190,2021
2021-06-25,0.005356741321517157,6.0000000000000036,189,2021
2021-06-28,0.005356292960244597,5.999999999999927,186,2021
2021-06-29,0.005357418012649096,5.999999999999952,185,2021
2021-06-30,0.005361971147126095,5.999999999999858,184,2021
2021-07-01,0.005335283264378522,5.999999999999875,183,2021
2021-07-02,-0.0008760099270862902,-0.9890109890109892,182,2021
2021-07-05,0.005320108564896095,6.000000000000048,179,2021
2021-07-06,0.0053331487934716055,6.000000000000028,178,2021
2021-07-07,0.0053525801527037455,6.0000000000000036,177,2021
2021-07-08,0.005337225721946565,6.0000000000000115,176,2021
2021-07-09,0.005306055405173789,5.999999999999997,175,2021
2021-07-12,0.005317587189209563,6.000000000000016,172,2021
2021-07-13,0.005317992783925645,6.0000000000000195,171,2021
2021-07-14,0.005303969114254781,6.0000000000000675,170,2021
2021-07-15,0.0053101767819770055,6.000000000000042,169,2021
2021-07-16,0.005302113047337891,6.000000000000004,168,2021
2021-07-19,0.0053269500833429025,6.0000000000000115,165,2021
2021-07-20,0.005322495802080842,6.00000000000006,164,2021
2021-07-21,0.005334929236605318,6.000000000000021,163,2021
2021-07-22,0.00535973742395713,5.999999999999937,162,2021
2021-07-23,0.005386014029722198,6.0000000000000675,161,2021
2021-07-26,0.005392052790997201,5.999999999999982,158,2021
2021-07-27,0.0053894261917046896,6.000000000000021,157,2021
2021-07-28,0.005365744329417585,6.000000000000076,156,2021
2021-07-29,0.005398021745286349,5.999999999999966,155,2021
2021-07-30,0.0054131471612882155,6.000000000000031,154,2021
2021-08-02,0.005417521883338392,6.000000000000009,151,2021
2021-08-03,0.005392800525079838,6.000000000000001,150,2021
2021-08-04,0.005414178423060928,6.0000000000000435,149,2021
2021-08-05,0.005429416774383675,5.999999999999951,148,2021
2021-08-06,0.005425583216928042,5.999999999999988,147,2021
2021-08-09,0.005432475582205687,5.9999999999999245,144,2021
2021-08-10,0.005478642229087382,6.000000000000016,143,2021
2021-08-11,0.005476883876308555,5.999999999999989,142,2021
2021-08-12,0.005478039859128101,5.999999999999986,141,2021
2021-08-13,0.005494444286383922,6.000000000000016,140,2021
2021-08-16,0.005502443770462172,5.999999999999995,137,2021
2021-08-17,0.005482070895153523,5.999999999999985,136,2021
2021-08-18,0.005494264566711227,6.000000000000023,135,2021
2021-08-19,0.005512332187491619,6.0000000000000195,134,2021
2021-08-20,0.005518845659309284,5.9999999999999645,133,2021
2021-08-23,0.005552234011551546,5.999999999999952,130,2021
2021-08-24,0.005549003067903516,5.999999999999974,129,2021
2021-08-25,0.005545530903477871,6.00000000000004,128,2021
2021-08-26,0.005563888050069018,5.999999999999937,127,2021
2021-08-27,0.00553491790447431,5.99999999999994,126,2021
2021-08-30,0.005545649869633282,5.999999999999964,123,2021
2021-08-31,-0.002858442979457727,-3.099999999999985,122,2021
2021-09-01,0.005577944009823108,6.000000000000005,121,2021
2021-09-02,0.005556972575338258,6.000000000000014,120,2021
2021-09-03,0.0055210789341346754,6.000000000000033,119,2021
2021-09-06,0.005511242370969499,5.999999999999997,116,2021
2021-09-07,0.005502980671728381,6.000000000000007,115,2021
2021-09-08,0.00550120405413473,5.999999999999995,114,2021
2021-09-09,0.005469091585852516,5.999999999999991,113,2021
2021-09-10,0.005504922872968446,6.000000000000023,112,2021
2021-09-13,0.005513699770360637,5.999999999999988,109,2021
2021-09-14,0.005515668373367706,5.999999999999979,108,2021
2021-09-15,0.005548101979575728,6.000000000000057,107,2021
2021-09-16,0.005555864319606783,6.000000000000047,106,2021
2021-09-17,0.005598997049149409,6.000000000000012,105,2021
2021-09-20,0.0055586000509712154,5.99999999999999,102,2021
2021-09-21,0.005601783065319493,6.0000000000000036,101,2021
2021-09-22,0.005653769249180285,5.999999999999995,100,2021
2021-09-23,0.005671383902595255,6.000000000000012,99,2021
2021-09-24,0.005678833283515936,5.999999999999954,98,2021
2021-09-27,0.005681723588212752,5.999999999999995,95,2021
2021-09-28,0.0056970119553826064,5.999999999999995,94,2021
2021-09-29,0.005725790254629933,5.999999999999981,93,2021
2021-09-30,0.005749354171379343,5.999999999999993,92,2021
2021-10-01,-0.002787522718328493,-2.9032258064515974,91,2021
2021-10-04,0.005763546609086238,6.000000000000026,88,2021
2021-10-05,0.005762925242745091,6.000000000000007,87,2021
2021-10-06,0.00570756111334053,5.999999999999978,86,2021
2021-10-07,0.005728002339289535,5.999999999999986,85,2021
2021-10-08,0.0057517550197222975,6.000000000000031,84,2021
2021-10-11,0.005751690963709056,5.999999999999993,81,2021
2021-10-12,0.005765475026117884,5.999999999999965,80,2021
2021-10-13,0.005790551464189285,6.000000000000012,79,2021
2021-10-14,0.005776593134051815,6.0000000000000036,78,2021
2021-10-15,0.005761646460132818,6.0000000000000036,77,2021
2021-10-18,0.005805516983663486,6.0000000000000036,74,2021
2021-10-19,0.005779919977036602,5.999999999999996,73,2021
2021-10-20,0.005778036233012981,5.999999999999995,72,2021
2021-10-21,0.0057674012617863965,6.000000000000016,71,2021
2021-10-22,0.005737100376196209,5.999999999999995,70,2021
2021-10-25,0.005704634144330684,5.999999999999992,67,2021
2021-10-26,0.005674687357047474,6.000000000000001,66,2021
2021-10-27,0.005683817828234465,6.0000000000000115,65,2021
2021-10-28,0.005631026855728477,6.000000000000002,64,2021
2021-10-29,0.0055958240728825005,6.000000000000009,63,2021
2021-11-01,0.005564269539382897,6.000000000000009,60,2021
2021-11-02,0.005594207743217752,6.000000000000005,59,2021
2021-11-03,0.0055783546165577794,5.999999999999999,58,2021
2021-11-04,0.005576675878314092,6.000000000000007,57,2021
2021-11-05,0.0055993015025155935,6.000000000000003,56,2021
2021-11-08,0.005612080438110096,6.000000000000014,53,2021
2021-11-09,0.005619124419608419,5.999999999999995,52,2021
2021-11-10,0.005588532000152929,5.999999999999996,51,2021
2021-11-11,0.005611830386898288,6.000000000000004,50,2021
2021-11-12,0.005610770227539928,6.000000000000001,49,2021
2021-11-15,0.005623532882832404,6.000000000000003,46,2021
2021-11-16,0.00561776117370311,6.0,45,2021
2021-11-17,0.00562875825715111,6.0000000000000036,44,2021
2021-11-18,0.005642016833181269,5.999999999999991,43,2021
2021-11-19,0.005697991137002861,6.000000000000012,42,2021
2021-11-22,0.00569169137212967,6.000000000000024,39,2021
2021-11-23,0.005666628772599968,5.999999999999999,38,2021
2021-11-24,0.0056457699130428515,6.000000000000003,37,2021
2021-11-25,0.005602770397218896,5.999999999999979,36,2021
2021-11-26,0.005601409166267496,6.0000000000000036,35,2021
2021-11-29,0.005596048916720226,5.999999999999995,32,2021
2021-11-30,0.005604134599237117,6.00000000000002,31,2021
2021-12-01,-0.0014355977553077055,-1.5483870967741933,30,2021
2021-12-02,0.005598392948110896,6.0,29,2021
2021-12-03,0.005638873234645061,5.999999999999995,28,2021
2021-12-06,0.005609597554410168,6.000000000000004,25,2021
2021-12-07,0.005602948124021562,6.000000000000001,24,2021
2021-12-08,0.00564513757966721,5.999999999999997,23,2021
2021-12-09,0.0056364238709235605,6.0,22,2021
2021-12-10,0.00562646231415242,6.0,21,2021
2021-12-13,0.0056178391280088755,5.999999999999996,18,2021
2021-12-14,0.005629309020081427,6.000000000000002,17,2021
2021-12-15,0.0056315026048222964,5.999999999999996,16,2021
2021-12-16,0.005651835767935442,5.999999999999997,15,2021
2021-12-17,-0.002487427017766961,-2.6250000000000004,14,2021
2021-12-20,0.005697110411614447,5.999999999999997,11,2021
2021-12-21,0.005727805204389809,5.999999999999997,10,2021
2021-12-22,0.005729199040226567,6.000000000000004,9,2021
2021-12-23,0.005783811562650851,6.000000000000002,8,2021
2021-12-24,,,7,2021
2021-12-27,,,4,2021
2021-12-28,,,3,2021
2021-12-29,,,2,2021
2021-12-30,,,1,2021
2021-12-31,,,0,2021
2022-01-03,0.005853317300173605,5.9999999999999805,362,2022
2022-01-04,0.005834675391740371,6.000000000000038,361,2022
2022-01-05,0.005844290463033204,5.999999999999988,360,2022
2022-01-06,0.005815164633010213,6.000000000000082,359,2022
2022-01-07,0.0058245881470442365,6.000000000000043,358,2022
2022-01-10,0.00589455765088256,6.00000000000006,355,2022
2022-01-11,0.005886028254005639,6.000000000000069,354,2022
2022-01-12,0.005915981453505099,6.000000000000078,353,2022
2022-01-13,0.0059180199936028225,6.000000000000005,352,2022
2022-01-14,0.005901867132293738,5.999999999999947,351,2022
2022-01-17,0.0058949970312681555,6.0000000000000435,348,2022
2022-01-18,0.005881698543109682,6.000000000000039,347,2022
2022-01-19,0.005868153382097046,5.999999999999974,346,2022
2022-01-20,0.0058294419261870215,6.000000000000001,345,2022
2022-01-21,0.005844860415157749,6.000000000000045,344,2022
2022-01-24,0.005882319149309131,6.000000000000045,341,2022
2022-01-25,0.00583875211328866,5.9999999999999645,340,2022
2022-01-26,0.005859193387394683,6.0,339,2022
2022-01-27,0.005863254805991742,5.999999999999971,338,2022
2022-01-28,0.005868294044127288,6.0000000000001625,337,2022
2022-01-31,0.005865220991724901,6.000000000000028,334,2022
2022-02-01,0.005863941980690722,5.999999999999988,333,2022
2022-02-02,0.005862784110162295,6.00000000000003,332,2022
2022-02-03,0.005889105821878011,6.000000000000027,331,2022
2022-02-04,0.00588361730614533,6.000000000000089,330,2022
2022-02-07,0.005877090366751207,5.9999999999999405,327,2022
2022-02-08,0.00584619753539611,5.999999999999972,326,2022
2022-02-09,0.005888294932619357,6.000000000000061,325,2022
2022-02-10,0.005860710084567195,6.000000000000063,324,2022
2022-02-11,0.005920912128064804,6.000000000000001,323,2022
2022-02-14,0.005882592523716383,5.9999999999999565,320,2022
2022-02-15,0.005893007785640298,6.00000000000009,319,2022
2022-02-16,0.005893786795767485,6.0000000000000195,318,2022
2022-02-17,0.005868093481926203,6.000000000000058,317,2022
2022-02-18,0.005880151938827112,6.000000000000034,316,2022
2022-02-21,0.005876908858374129,6.000000000000096,313,2022
2022-02-22,0.005863081994404282,6.000000000000045,312,2022
2022-02-23,0.005914464721212148,5.99999999999995,311,2022
2022-02-24,0.005900030160079425,6.000000000000016,310,2022
2022-02-25,0.005886421004638367,6.000000000000005,309,2022
2022-02-28,0.005860484568190187,6.000000000000053,306,2022
2022-03-01,0.005919002814197272,5.999999999999966,305,2022
2022-03-02,0.005885808222857732,5.999999999999995,304,2022
2022-03-03,0.005916016219038808,5.999999999999975,303,2022
2022-03-04,0.0059202747060010785,5.99999999999994,302,2022
2022-03-07,0.005912180931714492,5.999999999999921,299,2022
2022-03-08,0.005889421618240692,6.000000000000003,298,2022
2022-03-09,0.005885888225127952,6.0000000000000195,297,2022
2022-03-10,0.005897140546719918,6.000000000000058,296,2022
2022-03-11,0.00593500436023923,6.000000000000074,295,2022
2022-03-14,0.005909957430876986,6.000000000000048,292,2022
2022-03-15,0.005908027556219633,5.99999999999999,291,2022
2022-03-16,0.00587101193572899,6.000000000000052,290,2022
2022-03-17,0.005865181554114895,5.999999999999979,289,2022
2022-03-18,0.005873353698585107,5.999999999999969,288,2022
2022-03-21,0.0058452097304820295,6.000000000000019,285,2022
2022-03-22,0.005811317613747299,5.99999999999993,284,2022
2022-03-23,0.005800868601626463,6.000000000000009,283,2022
2022-03-24,0.005799577588570637,6.0000000000000835,282,2022
2022-03-25,0.005833875293784054,6.000000000000052,281,2022
2022-03-28,0.005866421254759062,6.000000000000103,278,2022
2022-03-29,0.005862321465620634,6.000000000000074,277,2022
2022-03-30,0.005852638429509432,6.000000000000076,276,2022
2022-03-31,0.005867529566361597,6.000000000000102,275,2022
2022-04-01,0.005843682947867416,5.999999999999962,274,2022
2022-04-04,0.005870164363155399,6.000000000000088,271,2022
2022-04-05,0.005893538241150829,5.999999999999897,270,2022
2022-04-06,0.005933621972630226,6.000000000000067,269,2022
2022-04-07,0.005955593453450216,5.999999999999907,268,2022
2022-04-08,0.005958121573893457,5.999999999999938,267,2022
2022-04-11,0.00597556141108747,6.0000000000000595,264,2022
2022-04-12,0.006004907805965369,5.9999999999999485,263,2022
2022-04-13,0.006023230447800509,6.000000000000009,262,2022
2022-04-14,0.00606802200964983,5.999999999999972,261,2022
2022-04-15,0.006015751532964248,5.999999999999979,260,2022
2022-04-18,0.0060554093075701225,5.999999999999983,257,2022
2022-04-19,0.006032709883325567,5.999999999999981,256,2022
2022-04-20,0.00601357204946322,6.000000000000021,255,2022
2022-04-21,0.005981472152465968,5.999999999999962,254,2022
2022-04-22,0.005966363215352432,6.000000000000057,253,2022
2022-04-25,0.005937305579968499,5.999999999999944,250,2022
2022-04-26,0.00595815742193075,6.00000000000001,249,2022
2022-04-27,0.005936187256123274,5.999999999999935,248,2022
2022-04-28,0.0059070114808393945,5.999999999999995,247,2022
2022-04-29,0.0059026546908277034,5.999999999999974,246,2022
2022-05-02,0.005865898397876322,5.999999999999979,243,2022
2022-05-03,0.005858809369468001,5.999999999999985,242,2022
2022-05-04,0.0058443563159327,6.0000000000000515,241,2022
2022-05-05,0.005807241493442743,6.000000000000078,240,2022
2022-05-06,0.005829815160781108,5.999999999999986,239,2022
2022-05-09,0.005800674419110883,6.000000000000002,236,2022
2022-05-10,0.005816432611857438,5.999999999999923,235,2022
2022-05-11,0.005831737254703002,5.999999999999969,234,2022
2022-05-12,0.005879011404935379,6.000000000000034,233,2022
2022-05-13,0.005882625834527799,6.0000000000000036,232,2022
2022-05-16,0.0058895826182160035,6.000000000000105,229,2022
2022-05-17,0.005896239280546288,6.000000000000076,228,2022
2022-05-18,0.005897013567686536,6.000000000000024,227,2022
2022-05-19,0.0058884170182143866,6.00000000000005,226,2022
2022-05-20,0.005866789655242082,6.000000000000063,225,2022
2022-05-23,0.005852487190164422,6.00000000000002,222,2022
2022-05-24,0.005878185644909278,6.000000000000041,221,2022
2022-05-25,0.005862016574979095,5.9999999999999245,220,2022
2022-05-26,0.005841984475670321,6.000000000000011,219,2022
2022-05-27,0.005851585787881771,6.00000000000001,218,2022
2022-05-30,0.005884838486217076,5.999999999999879,215,2022
2022-05-31,0.005873638730798751,5.999999999999907,214,2022
2022-06-01,0.005838992811393784,6.000000000000039,213,2022
2022-06-02,0.005841649290851458,6.0000000000000115,212,2022
2022-06-03,0.005902311306891748,5.999999999999933,211,2022
2022-06-06,0.005877545740912547,6.000000000000119,208,2022
2022-06-07,0.005876520381413383,5.99999999999994,207,2022
2022-06-08,0.005873575212324735,5.99999999999988,206,2022
2022-06-09,0.005860822542209134,6.000000000000074,205,2022
2022-06-10,0.005849473029396734,6.000000000000007,204,2022
2022-06-13,0.005852998721413832,5.999999999999902,201,2022
2022-06-14,0.005864290336084805,5.999999999999993,200,2022
2022-06-15,0.00586861570945988,6.000000000000137,199,2022
2022-06-16,0.005870109837107819,6.0000000000000835,198,2022
2022-06-17,0.005888409535008275,5.999999999999784,197,2022
2022-06-20,0.005890151033920398,5.999999999999863,194,2022
2022-06-21,0.005891157333948243,6.0000000000000355,193,2022
2022-06-22,0.005887441235115919,5.999999999999965,192,2022
2022-06-23,0.005859004073555343,5.999999999999839,191,2022
2022-06-24,0.005890811496365507,6.000000000000054,190,2022
2022-06-27,0.005911654947173177,6.000000000000033,187,2022
2022-06-28,0.005905862337361235,5.999999999999777,186,2022
2022-06-29,0.005913922096457219,6.000000000000082,185,2022
2022-06-30,0.00591765056135859,6.000000000000168,184,2022
2022-07-01,0.005924828301966679,6.000000000000084,183,2022
2022-07-04,0.005928765068502373,6.000000000000039,180,2022
2022-07-05,0.005927591001911375,6.00000000000004,179,2022
2022-07-06,0.0059214258681369505,5.999999999999996,178,2022
2022-07-07,0.0058896853480375835,6.000000000000023,177,2022
2022-07-08,0.005946876001762644,5.999999999999947,176,2022
2022-07-11,0.0059364269424357005,6.000000000000048,173,2022
2022-07-12,0.005952366104361145,6.0,172,2022
2022-07-13,0.005966821509797002,6.000000000000052,171,2022
2022-07-14,0.005969222044089402,6.000000000000023,170,2022
2022-07-15,0.005963429339268194,5.999999999999972,169,2022
2022-07-18,0.005973917291813315,6.000000000000001,166,2022
2022-07-19,0.00597944426345332,5.999999999999996,165,2022
2022-07-20,0.005981169881495354,6.000000000000054,164,2022
2022-07-21,0.005984112754087337,6.000000000000052,163,2022
2022-07-22,0.005959914739973181,6.000000000000112,162,2022
2022-07-25,0.00597441143992147,6.000000000000045,159,2022
2022-07-26,0.00592026388035965,6.000000000000065,158,2022
2022-07-27,0.005903761034984178,6.000000000000021,157,2022
2022-07-28,0.005859998791135105,6.000000000000032,156,2022
2022-07-29,0.005840253689073312,6.000000000000021,155,2022
2022-08-01,-0.0029297195332410168,-2.999999999999971,152,2022
2022-08-02,0.005845321955329115,5.999999999999961,151,2022
2022-08-03,0.005913230822030597,6.00000000000003,150,2022
2022-08-04,0.005900529786747283,5.9999999999999565,149,2022
2022-08-05,0.005915591640247328,5.999999999999986,148,2022
2022-08-08,0.005911551651908676,5.999999999999983,145,2022
2022-08-09,0.0059325012679293685,5.999999999999969,144,2022
2022-08-10,0.0059134315763595575,5.99999999999995,143,2022
2022-08-11,0.005918557752901406,5.999999999999918,142,2022
2022-08-12,0.005906720350411803,5.999999999999988,141,2022
2022-08-15,0.0058915080128737075,5.999999999999953,138,2022
2022-08-16,0.005924008664598403,5.999999999999959,137,2022
2022-08-17,0.0059159202396314985,5.999999999999938,136,2022
2022-08-18,0.0059376004431802186,6.000000000000029,135,2022
2022-08-19,0.0059428696847846196,6.0,134,2022
2022-08-22,0.005947678561594618,5.999999999999961,131,2022
2022-08-23,0.0059371890763974325,5.999999999999954,130,2022
2022-08-24,0.005922702108650396,6.000000000000009,129,2022
2022-08-25,0.005932501491370013,5.9999999999999725,128,2022
2022-08-26,0.005948665260422625,6.000000000000047,127,2022
2022-08-29,0.005959420259784829,5.999999999999991,124,2022
2022-08-30,0.005956375400101994,6.000000000000034,123,2022
2022-08-31,-0.0030744646899439217,-3.1000000000000285,122,2022
2022-09-01,0.005958655740316296,6.000000000000009,121,2022
2022-09-02,0.005943593243920751,5.9999999999999805,120,2022
2022-09-05,0.005935738944365391,6.000000000000036,117,2022
2022-09-06,0.0058860076234448,6.000000000000033,116,2022
2022-09-07,0.0058681164663455165,6.000000000000014,115,2022
2022-09-08,0.005904375579069663,6.000000000000026,114,2022
2022-09-09,0.005874089578506176,5.999999999999975,113,2022
2022-09-12,0.005879456809903648,5.999999999999989,110,2022
2022-09-13,0.005897040335706687,5.999999999999992,109,2022
2022-09-14,0.005915401072410003,6.000000000000027,108,2022
2022-09-15,0.005907286693796143,6.000000000000005,107,2022
2022-09-16,0.005910179520679495,6.000000000000005,106,2022
2022-09-19,0.005880888211334624,6.00000000000004,103,2022
2022-09-20,0.0059238501037081155,6.0000000000000036,102,2022
2022-09-21,0.005913267294748479,5.999999999999974,101,2022
2022-09-22,0.005886407376206596,6.000000000000028,100,2022
2022-09-23,0.005918149699074269,6.00000000000001,99,2022
2022-09-26,0.00593755389092086,5.999999999999989,96,2022
2022-09-27,0.005933877577344096,5.999999999999995,95,2022
2022-09-28,0.005949701238518066,6.000000000000032,94,2022
2022-09-29,0.005947609245409588,5.99999999999995,93,2022
2022-09-30,0.005964853912489121,6.000000000000002,92,2022
2022-10-03,0.005965446269739788,5.999999999999995,89,2022
2022-10-04,0.005973993872747757,6.00000000000001,88,2022
2022-10-05,0.00602188852014728,6.0,87,2022
2022-10-06,0.006010788022896355,5.999999999999989,86,2022
2022-10-07,0.005978394813714762,6.0,85,2022
2022-10-10,0.0059615544580078755,6.000000000000013,82,2022
2022-10-11,0.005952819945349327,6.00000000000001,81,2022
2022-10-12,0.005942808978807419,5.999999999999978,80,2022
2022-10-13,0.005949549882236392,5.999999999999992,79,2022
2022-10-14,0.005926335227242791,5.999999999999992,78,2022
2022-10-17,0.0059072241023018545,6.0000000000000115,75,2022
2022-10-18,0.005922384129711725,5.999999999999997,74,2022
2022-10-19,0.005934571165300246,6.000000000000012,73,2022
2022-10-20,0.005941997903236195,5.999999999999991,72,2022
2022-10-21,0.005939864316928931,6.000000000000001,71,2022
2022-10-24,0.005955982536556757,5.999999999999999,68,2022
2022-10-25,0.005922475439778954,6.000000000000017,67,2022
2022-10-26,0.005952021071412113,6.000000000000014,66,2022
2022-10-27,0.005960223950742274,6.000000000000014,65,2022
2022-10-28,0.005934611646205147,5.9999999999999565,64,2022
2022-10-31,-0.0030435724543029117,-3.100000000000007,61,2022
2022-11-01,0.0058846311620475746,5.999999999999999,60,2022
2022-11-02,0.005904815695331216,6.000000000000029,59,2022
2022-11-03,0.005905305457171748,5.999999999999996,58,2022
2022-11-04,0.005917635611238476,5.999999999999996,57,2022
2022-11-07,0.005903103449705647,6.000000000000009,54,2022
2022-11-08,0.005937649232188944,5.999999999999991,53,2022
2022-11-09,0.005915968578406298,6.000000000000007,52,2022
2022-11-10,0.0059165040069532986,5.999999999999993,51,2022
2022-11-11,0.0058971574171929825,6.000000000000007,50,2022
2022-11-14,0.005892240819993172,5.99999999999999,47,2022
2022-11-15,0.005877354635577112,6.0000000000000036,46,2022
2022-11-16,0.005894453208248356,6.000000000000004,45,2022
2022-11-17,0.005940713784091234,5.999999999999997,44,2022
2022-11-18,0.005905694269601218,5.999999999999992,43,2022
2022-11-21,0.005893793181432539,5.999999999999991,40,2022
2022-11-22,0.0059147798132668065,6.000000000000004,39,2022
2022-11-23,0.005937578730970362,5.999999999999997,38,2022
2022-11-24,0.005902379233409141,6.000000000000002,37,2022
2022-11-25,0.005942996099661101,5.9999999999999805,36,2022
2022-11-28,0.00590032264754861,5.999999999999995,33,2022
2022-11-29,0.005915867242367788,5.99999999999999,32,2022
2022-11-30,0.005919385832575033,5.999999999999995,31,2022
2022-12-01,-0.001528275679046686,-1.5483870967741908,30,2022
2022-12-02,0.00589175825856611,5.999999999999991,29,2022
2022-12-05,0.005869959405229469,6.000000000000001,26,2022
2022-12-06,0.005840875667927958,6.000000000000003,25,2022
2022-12-07,0.00585172619826823,5.999999999999995,24,2022
2022-12-08,0.005863334179395802,5.999999999999999,23,2022
2022-12-09,0.005889238929954067,6.000000000000002,22,2022
2022-12-12,0.005891101344952368,5.999999999999993,19,2022
2022-12-13,0.005876188803042836,6.000000000000001,18,2022
2022-12-14,0.005874826691443022,5.999999999999993,17,2022
2022-12-15,0.005878697576753996,5.999999999999999,16,2022
2022-12-16,0.00587093813584025,5.999999999999997,15,2022
2022-12-19,0.005853466468719985,6.000000000000002,12,2022
2022-12-20,0.005867340865964004,6.000000000000005,11,2022
2022-12-21,0.00583927401570652,6.000000000000002,10,2022
2022-12-22,0.005851249478576693,6.0000000000000036,9,2022
2022-12-23,0.005872863654439581,6.0,8,2022
2022-12-26,,,5,2022
2022-12-27,,,4,2022
2022-12-28,,,3,2022
2022-12-29,,,2,2022
2022-12-30,,,1,2022
2023-01-02,0.0058695117362677525,5.999999999999903,363,2023
2023-01-03,0.005857336087785672,6.00000000000005,362,2023
2023-01-04,0.005877137552434857,6.000000000000026,361,2023
2023-01-05,0.005872699780064102,5.999999999999953,360,2023
2023-01-06,0.005829206310735673,6.000000000000051,359,2023
2023-01-09,0.005850355425405921,6.000000000000034,356,2023
2023-01-10,0.005826939923933386,6.000000000000016,355,2023
2023-01-11,0.005851080979146356,6.000000000000048,354,2023
2023-01-12,0.005864706617017968,6.0000000000000675,353,2023
2023-01-13,0.005839855374852938,5.999999999999999,352,2023
2023-01-16,0.005824116341558284,6.000000000000007,349,2023
2023-01-17,0.005802480902509082,6.000000000000069,348,2023
2023-01-18,0.0058197873964974806,5.999999999999996,347,2023
2023-01-19,0.005799181380250641,5.999999999999934,346,2023
2023-01-20,0.005781129533281616,6.000000000000041,345,2023
2023-01-23,0.005765103514611352,5.999999999999988,342,2023
2023-01-24,0.005762952777188307,5.999999999999999,341,2023
2023-01-25,0.005768474725798818,6.000000000000019,340,2023
2023-01-26,0.005751896698016733,6.000000000000071,339,2023
2023-01-27,0.005786437314634596,6.000000000000048,338,2023
2023-01-30,0.0057460629308070015,6.000000000000034,335,2023
2023-01-31,0.005766238719646165,5.999999999999983,334,2023
2023-02-01,0.005762237723609493,6.000000000000026,333,2023
2023-02-02,0.005765297959039495,6.000000000000057,332,2023
2023-02-03,0.005733196229384551,6.000000000000136,331,2023
2023-02-06,0.005731216427240072,6.000000000000022,328,2023
2023-02-07,0.0057473547459597095,5.999999999999959,327,2023
2023-02-08,0.005699952495628113,6.000000000000001,326,2023
2023-02-09,0.005705056963642473,5.999999999999992,325,2023
2023-02-10,0.005698940990823133,6.000000000000022,324,2023
2023-02-13,0.005706742305718741,6.000000000000045,321,2023
2023-02-14,0.005700293901049237,5.9999999999999725,320,2023
2023-02-15,0.005737599792912386,6.000000000000053,319,2023
2023-02-16,0.005746191332129117,5.9999999999999485,318,2023
2023-02-17,0.005742023102648699,6.000000000000016,317,2023
2023-02-20,0.005747966469806167,6.000000000000039,314,2023
2023-02-21,0.005721670722035239,5.999999999999973,313,2023
2023-02-22,0.0057336752171787495,6.000000000000032,312,2023
2023-02-23,0.005716552844239167,6.000000000000002,311,2023
2023-02-24,0.005739742626621684,5.999999999999966,310,2023
2023-02-27,0.005771619055549286,5.999999999999972,307,2023
2023-02-28,0.0057763274165121056,5.999999999999986,306,2023
2023-03-01,0.005805464923744146,5.999999999999974,305,2023
2023-03-02,0.0057763074222506525,5.999999999999988,304,2023
2023-03-03,0.0057948945189515415,5.999999999999971,303,2023
2023-03-06,0.005769836093859291,5.999999999999996,300,2023
2023-03-07,0.005765997562348881,5.999999999999997,299,2023
2023-03-08,0.005760734389005375,5.99999999999994,298,2023
2023-03-09,0.0057664780530839906,6.000000000000011,297,2023
2023-03-10,0.005743802939235871,5.999999999999969,296,2023
2023-03-13,0.005740847976432874,6.000000000000005,293,2023
2023-03-14,0.005758952352682861,6.000000000000026,292,2023
2023-03-15,0.005715097087227856,6.000000000000022,291,2023
2023-03-16,0.005724590127669417,5.999999999999925,290,2023
2023-03-17,0.005695444449674025,6.000000000000016,289,2023
2023-03-20,0.00568297653689532,6.000000000000026,286,2023
2023-03-21,0.005685701132079471,6.000000000000026,285,2023
2023-03-22,0.005715168326626115,6.0000000000000115,284,2023
2023-03-23,0.005746952792173784,6.0000000000000435,283,2023
2023-03-24,0.005764395387017669,6.000000000000042,282,2023
2023-03-27,0.005794904647497287,5.999999999999965,279,2023
2023-03-28,0.005797977223265145,6.000000000000002,278,2023
2023-03-29,0.005782502861640215,6.000000000000034,277,2023
2023-03-30,0.005784188046439535,5.999999999999979,276,2023
2023-03-31,0.005797416898972163,6.000000000000013,275,2023
2023-04-03,0.005806320161763962,5.999999999999992,272,2023
2023-04-04,0.005798722321840516,6.000000000000019,271,2023
2023-04-05,0.005786887641267986,5.999999999999983,270,2023
2023-04-06,0.005795557079949733,5.999999999999995,269,2023
2023-04-07,0.005768271347493111,6.000000000000024,268,2023
2023-04-10,0.00578955092295523,5.999999999999975,265,2023
2023-04-11,0.00579876763868044,6.0000000000000355,264,2023
2023-04-12,0.005781401579770082,6.0000000000000515,263,2023
2023-04-13,0.0058033391712178275,5.999999999999944,262,2023
2023-04-14,0.005806687722392087,5.9999999999999805,261,2023
2023-04-17,0.005840777003096806,5.999999999999975,258,2023
2023-04-18,0.005822577607647327,5.999999999999947,257,2023
2023-04-19,0.005858862340362481,5.999999999999989,256,2023
2023-04-20,0.00586222715875477,5.999999999999995,255,2023
2023-04-21,0.005868341656480466,6.000000000000007,254,2023
2023-04-24,0.005882038200205627,6.000000000000001,251,2023
2023-04-25,0.00590577143639582,5.999999999999963,250,2023
2023-04-26,0.005887475916249662,6.000000000000032,249,2023
2023-04-27,0.0059014225265812854,5.999999999999995,248,2023
2023-04-28,0.005884091663483441,5.999999999999979,247,2023
2023-05-01,0.0059154469929378305,5.999999999999996,244,2023
2023-05-02,0.005900733893705306,5.999999999999995,243,2023
2023-05-03,0.0058732887792519485,5.999999999999997,242,2023
2023-05-04,0.005871807974749816,5.999999999999988,241,2023
2023-05-05,0.005863181857100575,5.999999999999964,240,2023
2023-05-08,0.005860406195826917,5.999999999999985,237,2023
2023-05-09,0.005841105367334133,5.999999999999999,236,2023
2023-05-10,0.005837788569205491,6.000000000000034,235,2023
2023-05-11,0.005806173051337083,5.999999999999971,234,2023
2023-05-12,0.005784362366254741,6.000000000000019,233,2023
2023-05-15,0.005752329440094509,5.999999999999989,230,2023
2023-05-16,0.005771357491263209,5.999999999999985,229,2023
2023-05-17,0.005753810143155635,6.000000000000009,228,2023
2023-05-18,0.00573887707968505,6.000000000000017,227,2023
2023-05-19,0.005716428915820598,6.0000000000000355,226,2023
2023-05-22,0.005711854741688775,6.000000000000048,223,2023
2023-05-23,0.005735078832999209,5.999999999999985,222,2023
2023-05-24,0.005716379758534087,5.999999999999992,221,2023
2023-05-25,0.005717844613325417,6.000000000000022,220,2023
2023-05-26,0.005719728894113639,6.000000000000054,219,2023
2023-05-29,0.005726669868771761,6.000000000000028,216,2023
2023-05-30,0.0057239386470136705,6.0000000000000036,215,2023
2023-05-31,0.0056936412769361035,6.000000000000039,214,2023
2023-06-01,0.005687567423639136,5.999999999999937,213,2023
2023-06-02,0.005677393391067044,5.999999999999945,212,2023
2023-06-05,0.005674987785236297,5.9999999999999565,209,2023
2023-06-06,0.005709108293529419,5.999999999999985,208,2023
2023-06-07,0.005669841730419146,6.000000000000055,207,2023
2023-06-08,0.0056323101281195165,5.999999999999918,206,2023
2023-06-09,0.005632153337938838,6.000000000000052,205,2023
2023-06-12,0.005624895328560353,6.000000000000071,202,2023
2023-06-13,0.005600291102751314,6.00000000000012,201,2023
2023-06-14,0.005621467845171757,6.000000000000017,200,2023
2023-06-15,0.005626424375645902,6.00000000000001,199,2023
2023-06-16,0.005660020054942301,6.000000000000055,198,2023
2023-06-19,0.005645148092379623,5.99999999999988,195,2023
2023-06-20,0.005632269893600346,6.0000000000000515,194,2023
2023-06-21,0.005671890712580716,6.000000000000007,193,2023
2023-06-22,0.005674054877114618,6.000000000000069,192,2023
2023-06-23,0.005670277688208565,6.000000000000054,191,2023
2023-06-26,0.0056480255851297295,6.000000000000042,188,2023
2023-06-27,0.005622075603432568,5.999999999999954,187,2023
2023-06-28,0.005658328982245841,6.000000000000009,186,2023
2023-06-29,0.005664223763626364,6.000000000000055,185,2023
2023-06-30,0.005673557692517473,6.000000000000045,184,2023
2023-07-03,0.005650163584492465,6.000000000000024,181,2023
2023-07-04,0.005657306452048634,5.99999999999999,180,2023
2023-07-05,0.005674566547342611,6.0000000000000835,179,2023
2023-07-06,0.005641851968475232,6.000000000000076,178,2023
2023-07-07,0.005594379398703265,6.000000000000098,177,2023
2023-07-10,0.005577727268153133,5.999999999999988,174,2023
2023-07-11,0.005593448555488436,6.000000000000026,173,2023
2023-07-12,0.005534766643532338,5.999999999999995,172,2023
2023-07-13,0.00554108499777165,6.000000000000028,171,2023
2023-07-14,0.005534245509502723,5.999999999999985,170,2023
2023-07-17,0.0055549318919265595,6.000000000000009,167,2023
2023-07-18,0.005549112175728209,5.999999999999986,166,2023
2023-07-19,0.0055587204108715005,6.0000000000000675,165,2023
2023-07-20,0.0055534950969786615,5.999999999999985,164,2023
2023-07-21,0.005577056486333626,6.000000000000058,163,2023
2023-07-24,0.005566505002716351,6.0000000000000675,160,2023
2023-07-25,0.005561997617737685,6.000000000000023,159,2023
2023-07-26,0.0055613140980581045,6.000000000000055,158,2023
2023-07-27,0.005559492007741772,6.000000000000007,157,2023
2023-07-28,0.005542546638234105,6.000000000000005,156,2023
2023-07-31,0.005497695885302713,6.000000000000038,153,2023
2023-08-01,-0.002762716175204235,-3.0000000000000258,152,2023
2023-08-02,0.005555928225989809,6.000000000000024,151,2023
2023-08-03,0.005539573527525746,6.000000000000005,150,2023
2023-08-04,0.005569441271968821,5.999999999999999,149,2023
2023-08-07,0.005574676410279967,5.9999999999999805,146,2023
2023-08-08,0.005580229582967376,5.999999999999959,145,2023
2023-08-09,0.005552710876603665,5.999999999999996,144,2023
2023-08-10,0.005535463836384698,6.00000000000005,143,2023
2023-08-11,0.005487353024938769,6.000000000000004,142,2023
2023-08-14,0.005492391815255314,6.000000000000001,139,2023
2023-08-15,0.005468565600134671,6.000000000000022,138,2023
2023-08-16,0.005459792325684423,5.999999999999969,137,2023
2023-08-17,0.005446881869092826,6.000000000000014,136,2023
2023-08-18,0.005459917536447444,6.000000000000007,135,2023
2023-08-21,0.005460680748715822,6.000000000000002,132,2023
2023-08-22,0.005452697128637556,6.000000000000009,131,2023
2023-08-23,0.00541755872138804,5.999999999999985,130,2023
2023-08-24,0.005433939843544415,5.999999999999982,129,2023
2023-08-25,0.005417423534073972,6.000000000000033,128,2023
2023-08-28,0.005404891758016587,6.000000000000002,125,2023
2023-08-29,0.005397378381269559,6.000000000000007,124,2023
2023-08-30,0.005383047255581754,6.000000000000023,123,2023
2023-08-31,-0.0028002345344535326,-3.0999999999999863,122,2023
2023-09-01,0.005438302967283298,5.999999999999975,121,2023
2023-09-04,0.005451590230326112,6.0000000000000195,118,2023
2023-09-05,0.005449416508465415,6.000000000000038,117,2023
2023-09-06,0.005443446869075237,6.000000000000017,116,2023
2023-09-07,0.005420620187264652,5.999999999999995,115,2023
2023-09-08,0.005423403019980169,6.000000000000007,114,2023
2023-09-11,0.005406028861689918,5.999999999999993,111,2023
2023-09-12,0.0054245017947499065,6.0000000000000036,110,2023
2023-09-13,0.005467126868234876,5.999999999999973,109,2023
2023-09-14,0.005481620669435267,5.999999999999965,108,2023
2023-09-15,0.005461794740109011,5.999999999999997,107,2023
2023-09-18,0.005469795060653556,6.000000000000013,104,2023
2023-09-19,0.005446459888879922,6.000000000000026,103,2023
2023-09-20,0.005456081393925453,5.999999999999986,102,2023
2023-09-21,0.0054232650959457574,6.000000000000019,101,2023
2023-09-22,0.00543881890231252,6.000000000000014,100,2023
2023-09-25,0.005462401516399733,5.999999999999975,97,2023
2023-09-26,0.005448624536658797,5.999999999999979,96,2023
2023-09-27,0.005434744631177544,5.999999999999991,95,2023
2023-09-28,0.005427142292522514,6.000000000000023,94,2023
2023-09-29,0.005419082314562834,5.999999999999979,93,2023
2023-10-02,0.005431822146239409,5.999999999999995,90,2023
2023-10-03,0.005468993267843691,6.0000000000000115,89,2023
2023-10-04,0.005465713014316748,5.999999999999997,88,2023
2023-10-05,0.005473237116836179,5.999999999999997,87,2023
2023-10-06,0.005499354280562086,6.000000000000004,86,2023
2023-10-09,0.005511131802694451,6.000000000000017,83,2023
2023-10-10,0.005515498593044099,6.000000000000007,82,2023
2023-10-11,0.005524843855173576,6.000000000000013,81,2023
2023-10-12,0.005497930012511436,6.000000000000016,80,2023
2023-10-13,0.005508318145139176,6.000000000000007,79,2023
2023-10-16,0.005492016326829699,5.999999999999986,76,2023
2023-10-17,0.005492724249358355,6.000000000000007,75,2023
2023-10-18,0.0054869920786849834,6.0000000000000036,74,2023
2023-10-19,0.005557137362682921,6.0000000000000036,73,2023
2023-10-20,0.005584027092521307,5.999999999999985,72,2023
2023-10-23,0.005576345770403494,6.0000000000000036,69,2023
2023-10-24,0.005564807342329555,5.999999999999995,68,2023
2023-10-25,0.005591146048580565,6.00000000000001,67,2023
2023-10-26,0.00560926400366135,6.000000000000012,66,2023
2023-10-27,0.005610943975635426,5.999999999999988,65,2023
2023-10-30,0.005648369809287927,5.999999999999972,62,2023
2023-10-31,-0.0029160976768430476,-3.0999999999999965,61,2023
2023-11-01,0.005632987001257121,6.00000000000001,60,2023
2023-11-02,0.0056309134278607785,5.999999999999999,59,2023
2023-11-03,0.0056595859329867165,5.999999999999996,58,2023
2023-11-06,0.005677441649820993,6.000000000000014,55,2023
2023-11-07,0.005659277517809517,5.999999999999999,54,2023
2023-11-08,0.005671217125963405,6.000000000000007,53,2023
2023-11-09,0.0056741874556398095,6.000000000000013,52,2023
2023-11-10,0.005664058165865662,5.999999999999985,51,2023
2023-11-13,0.005668655379826416,5.999999999999997,48,2023
2023-11-14,0.005663782050630911,5.999999999999997,47,2023
2023-11-15,0.005663322589123035,6.000000000000007,46,2023
2023-11-16,0.00564334975518174,6.000000000000005,45,2023
2023-11-17,0.005682952804674426,6.0000000000000036,44,2023
2023-11-20,0.005699813432581933,6.0000000000000036,41,2023
2023-11-21,0.005663855660998218,6.000000000000001,40,2023
2023-11-22,0.005652578924201628,6.000000000000007,39,2023
2023-11-23,0.005658788394402567,5.999999999999995,38,2023
2023-11-24,0.005653757800768801,5.999999999999996,37,2023
2023-11-27,0.0056669097383302254,6.000000000000005,34,2023
2023-11-28,0.005622700013786244,6.000000000000016,33,2023
2023-11-29,0.005609676034103625,5.999999999999997,32,2023
2023-11-30,0.005650094153234402,5.999999999999992,31,2023
2023-12-01,-0.0014553516524849278,-1.548387096774196,30,2023
2023-12-04,0.005622878131740399,6.0,27,2023
2023-12-05,0.005623894733667475,5.999999999999997,26,2023
2023-12-06,0.005619089553826939,6.000000000000001,25,2023
2023-12-07,0.005636228741388073,6.0,24,2023
2023-12-08,0.005629150828769023,5.999999999999997,23,2023
2023-12-11,0.005625110607306857,6.000000000000001,20,2023
2023-12-12,0.005606388277728091,5.999999999999997,19,2023
2023-12-13,0.00560675990785489,5.999999999999996,18,2023
2023-12-14,0.005609563464102927,5.999999999999997,17,2023
2023-12-15,0.005603468757992126,5.999999999999997,16,2023
2023-12-18,0.005590914815311808,6.000000000000001,13,2023
2023-12-19,0.005575898860681739,6.0,12,2023
2023-12-20,0.005555286817787739,5.999999999999999,11,2023
2023-12-21,0.005549604050046934,6.000000000000002,10,2023
2023-12-22,0.0055499208920704885,6.0,9,2023
2023-12-25,,,6,2023
2023-12-26,,,5,2023
2023-12-27,,,4,2023
2023-12-28,,,3,2023
2023-12-29,,,2,2023
2024-01-01,-9.974659986866641e-18,-1.0662254538487683e-14,365,2024
2024-01-02,0.00559071697117361,6.000000000000032,364,2024
2024-01-03,0.005583651998990305,5.999999999999969,363,2024
2024-01-04,0.005627173508437503,6.000000000000003,362,2024
2024-01-05,0.005688703214410975,6.000000000000005,361,2024
2024-01-08,0.005685377814791246,5.999999999999964,358,2024
2024-01-09,0.005716692382541147,5.999999999999993,357,2024
2024-01-10,0.005709890485416877,6.0000000000000115,356,2024
2024-01-11,0.0056929418981443505,5.999999999999985,355,2024
2024-01-12,0.005671525254521117,6.000000000000026,354,2024
2024-01-15,0.005690579791635524,6.000000000000012,351,2024
2024-01-16,0.005711688515067899,6.000000000000019,350,2024
2024-01-17,0.005655582552843464,6.0000000000000036,349,2024
2024-01-18,0.005638450841405041,5.999999999999965,348,2024
2024-01-19,0.005674034081007602,5.999999999999979,347,2024
2024-01-22,0.005636476428702176,6.000000000000016,344,2024
2024-01-23,0.005656389884817127,6.000000000000013,343,2024
2024-01-24,0.005635997414345952,5.999999999999986,342,2024
2024-01-25,0.005633612104402206,5.999999999999991,341,2024
2024-01-26,0.00561745663624664,6.0,340,2024
2024-01-29,0.005618230679782668,5.999999999999955,337,2024
2024-01-30,0.005658096144140734,6.000000000000009,336,2024
2024-01-31,0.0056546237723451714,5.999999999999988,335,2024
2024-02-01,0.005638755363906212,5.999999999999969,334,2024
2024-02-02,0.005644854594888325,5.999999999999985,333,2024
2024-02-05,0.005653913164797838,5.999999999999986,330,2024
2024-02-06,0.005636051396838648,5.999999999999937,329,2024
2024-02-07,0.0056406300790733995,6.00000000000001,328,2024
2024-02-08,0.005603570769080418,5.999999999999966,327,2024
2024-02-09,0.005574503058845463,5.999999999999992,326,2024
2024-02-12,0.0055673646493757485,6.000000000000017,323,2024
2024-02-13,0.005550696260546214,6.0000000000000115,322,2024
2024-02-14,0.005547790748229997,5.999999999999985,321,2024
2024-02-15,0.0055374114795493715,5.999999999999975,320,2024
2024-02-16,0.005531359175658491,5.999999999999969,319,2024
2024-02-19,0.005525114627519061,6.000000000000005,316,2024
2024-02-20,0.005563028350153647,6.000000000000016,315,2024
2024-02-21,0.0055687183493980785,6.00000000000002,314,2024
2024-02-22,0.005588705964097929,6.0000000000000115,313,2024
2024-02-23,0.005537822387173506,6.000000000000023,312,2024
2024-02-26,0.005527650247756215,6.0000000000000036,309,2024
2024-02-27,0.005500293542767498,5.999999999999989,308,2024
2024-02-28,0.005500979225572638,6.0,307,2024
2024-02-29,0.00551550558025757,6.000000000000005,306,2024
2024-03-01,0.0055054249259089165,6.000000000000003,305,2024
2024-03-04,0.005531345104405278,6.000000000000009,302,2024
2024-03-05,0.0055169587582437575,5.999999999999966,301,2024
2024-03-06,0.005497247117083308,6.000000000000001,300,2024
2024-03-07,0.0055092933966929694,6.000000000000007,299,2024
2024-03-08,0.005495501698539952,5.999999999999992,298,2024
2024-03-11,0.0055125414507012594,5.9999999999999725,295,2024
2024-03-12,0.005501198144690534,6.000000000000048,294,2024
2024-03-13,0.005525006186858023,6.000000000000074,293,2024
2024-03-14,0.005500912583922955,6.0,292,2024
2024-03-15,0.005519794451218163,6.000000000000027,291,2024
2024-03-18,0.005489958059993466,6.00000000000002,288,2024
2024-03-19,0.005498127970386235,6.000000000000045,287,2024
2024-03-20,0.005501811669178148,5.999999999999978,286,2024
2024-03-21,0.0055083336518890165,5.999999999999955,285,2024
2024-03-22,0.005508864849300114,6.000000000000022,284,2024
2024-03-25,0.005496587704895268,5.9999999999999805,281,2024
2024-03-26,0.0054800278332194615,6.000000000000067,280,2024
2024-03-27,0.00546055440120814,6.000000000000028,279,2024
2024-03-28,0.005511280808710426,6.0000000000000355,278,2024
2024-03-29,0.005538128105309503,6.000000000000004,277,2024
2024-04-01,0.005543728652508392,6.000000000000047,274,2024
2024-04-02,-0.002734454001925586,-2.9673913043477906,273,2024
2024-04-03,0.0055214971441095075,5.9999999999999645,272,2024
2024-04-04,0.005494602268268613,6.000000000000045,271,2024
2024-04-05,0.00549713203111298,6.000000000000004,270,2024
2024-04-08,0.005480335448329815,5.999999999999949,267,2024
2024-04-09,0.0054700712238937915,6.000000000000013,266,2024
2024-04-10,0.005452109016944068,5.999999999999996,265,2024
2024-04-11,0.0054468125849823565,5.999999999999986,264,2024
2024-04-12,0.005458780597824448,6.000000000000129,263,2024
2024-04-15,0.005418883965648596,6.00000000000001,260,2024
2024-04-16,0.005409588674596179,6.000000000000075,259,2024
2024-04-17,0.005405288811530061,5.999999999999991,258,2024
2024-04-18,0.005408323336928068,6.000000000000019,257,2024
2024-04-19,0.005416865530854681,6.000000000000057,256,2024
2024-04-22,0.005426201493361192,5.9999999999999325,253,2024
2024-04-23,0.005415346446740121,5.999999999999953,252,2024
2024-04-24,0.00544116622255156,5.999999999999985,251,2024
2024-04-25,0.005423730375868487,5.999999999999963,250,2024
2024-04-26,0.0054114740401698565,6.000000000000074,249,2024
2024-04-29,0.005398807827712382,6.000000000000094,246,2024
2024-04-30,0.005397634909927131,6.000000000000022,245,2024
2024-05-01,0.005432656137669329,6.000000000000091,244,2024
2024-05-02,0.0054092462261582635,5.999999999999995,243,2024
2024-05-03,0.00541116430186374,6.000000000000026,242,2024
2024-05-06,0.005444711184954738,5.99999999999992,239,2024
2024-05-07,0.005424955283003007,5.999999999999962,238,2024
2024-05-08,0.005406347582334399,5.999999999999873,237,2024
2024-05-09,0.005415959907224358,5.999999999999925,236,2024
2024-05-10,0.005420635152617944,6.000000000000011,235,2024
2024-05-13,0.005398601703016004,5.999999999999966,232,2024
2024-05-14,0.0053853778344053835,5.9999999999999805,231,2024
2024-05-15,0.005382853824162806,5.999999999999947,230,2024
2024-05-16,0.005387060143026624,5.999999999999959,229,2024
2024-05-17,0.0053788141864901376,6.000000000000034,228,2024
2024-05-20,0.005340784702608492,6.0000000000000675,225,2024
2024-05-21,0.005363781419885778,5.999999999999947,224,2024
2024-05-22,0.005357259180249194,5.999999999999969,223,2024
2024-05-23,0.005351834507278862,5.9999999999999165,222,2024
2024-05-24,0.005384258028680258,6.0000000000000595,221,2024
2024-05-27,0.005357309730326855,5.999999999999912,218,2024
2024-05-28,0.005360679572844811,6.000000000000071,217,2024
2024-05-29,0.005320792563321332,5.999999999999947,216,2024
2024-05-30,0.005314761582248027,6.0000000000000435,215,2024
2024-05-31,0.00529327040123311,6.00000000000014,214,2024
2024-06-03,0.005262636651159329,5.999999999999925,211,2024
2024-06-04,0.005240735719583319,5.999999999999944,210,2024
2024-06-05,0.005256611433916165,5.9999999999999405,209,2024
2024-06-06,0.005236371832760656,5.9999999999998614,208,2024
2024-06-07,0.005211035969763547,5.999999999999958,207,2024
2024-06-10,0.005227212002650137,5.999999999999944,204,2024
2024-06-11,0.005202101532009485,6.000000000000004,203,2024
2024-06-12,0.005190277160178682,5.999999999999992,202,2024
2024-06-13,0.005219557986562528,5.999999999999932,201,2024
2024-06-14,0.005210146396082674,5.999999999999993,200,2024
2024-06-17,0.005198527966337866,6.000000000000021,197,2024
2024-06-18,0.005189789167514274,5.9999999999999805,196,2024
2024-06-19,0.005170138132973706,6.000000000000021,195,2024
2024-06-20,0.005161512702932491,5.999999999999999,194,2024
2024-06-21,0.005170410257701388,5.999999999999969,193,2024
2024-06-24,0.00516670078407121,5.999999999999916,190,2024
2024-06-25,0.005172217496077689,6.000000000000009,189,2024
2024-06-26,0.005162262321972786,6.000000000000003,188,2024
2024-06-27,0.005180512733876887,6.000000000000099,187,2024
2024-06-28,0.005186264077905921,6.000000000000024,186,2024
2024-07-01,0.005215347704750965,5.999999999999953,183,2024
2024-07-02,-0.0008609249273503535,-0.9890109890109547,182,2024
2024-07-03,0.005244850639143242,5.9999999999999805,181,2024
2024-07-04,0.005205907052170179,6.000000000000026,180,2024
2024-07-05,0.00518519402846929,6.000000000000026,179,2024
2024-07-08,0.005190397001457859,5.999999999999982,176,2024
2024-07-09,0.005176414405105398,5.999999999999937,175,2024
2024-07-10,0.00518793227385982,5.999999999999986,174,2024
2024-07-11,0.005170794263451449,6.0000000000000435,173,2024
2024-07-12,0.005128199227103672,5.999999999999962,172,2024
2024-07-15,0.00511856095416743,6.00000000000007,169,2024
2024-07-16,0.005091897322444931,6.0000000000000355,168,2024
2024-07-17,0.00505424200704538,6.0000000000000835,167,2024
2024-07-18,0.005033050402971375,5.999999999999992,166,2024
2024-07-19,0.005042155845929416,6.0000000000000835,165,2024
2024-07-22,0.00503375588936039,5.9999999999999725,162,2024
2024-07-23,0.0050450785910658765,5.999999999999995,161,2024
2024-07-24,0.005055434605508698,6.0000000000000195,160,2024
2024-07-25,0.0050619558903134635,6.0000000000000595,159,2024
2024-07-26,0.005096632564659492,6.000000000000028,158,2024
2024-07-29,0.005081379986815467,6.00000000000003,155,2024
2024-07-30,0.005083759976532588,6.000000000000055,154,2024
2024-07-31,0.005062888922619632,6.0000000000000355,153,2024
2024-08-01,-0.0025219401330200822,-3.000000000000019,152,2024
2024-08-02,0.005036743301594201,5.999999999999975,151,2024
2024-08-05,0.005037486078381133,5.9999999999999725,148,2024
2024-08-06,0.005003711926191708,6.000000000000011,147,2024
2024-08-07,0.004989434496489438,5.999999999999991,146,2024
2024-08-08,0.004973314545727983,5.999999999999969,145,2024
2024-08-09,0.004986166403880051,6.000000000000043,144,2024
2024-08-12,0.0049571879892356535,6.000000000000027,141,2024
2024-08-13,0.004957336012232739,5.999999999999938,140,2024
2024-08-14,0.004944668192474756,6.0000000000000355,139,2024
2024-08-15,0.004952418832945599,5.999999999999952,138,2024
2024-08-16,0.0049585214619334555,5.999999999999971,137,2024
2024-08-19,0.004991108494859197,6.000000000000058,134,2024
2024-08-20,0.005003468425189487,6.000000000000001,133,2024
2024-08-21,0.005020043546084447,6.0000000000000355,132,2024
2024-08-22,0.0050482003853420405,6.000000000000019,131,2024
2024-08-23,0.005088662347784728,5.999999999999996,130,2024
2024-08-26,0.005111376882161173,6.000000000000048,127,2024
2024-08-27,0.0050986466897256656,5.999999999999943,126,2024
2024-08-28,0.005076119516147327,6.000000000000024,125,2024
2024-08-29,0.005064749603435017,5.999999999999927,124,2024
2024-08-30,0.005100521029781358,5.999999999999964,123,2024
2024-09-02,0.005102559039345069,6.000000000000001,120,2024
2024-09-03,0.005096104721388838,5.999999999999995,119,2024
2024-09-04,0.005091214025460109,5.999999999999988,118,2024
2024-09-05,0.005110303220071257,5.999999999999982,117,2024
2024-09-06,0.005104623709187398,6.000000000000014,116,2024
2024-09-09,0.005078001735365725,6.000000000000022,113,2024
2024-09-10,0.005056066494971163,5.999999999999981,112,2024
2024-09-11,0.005030514217770244,6.000000000000023,111,2024
2024-09-12,0.0050274460936008975,5.999999999999995,110,2024
2024-09-13,0.005008865153500809,5.999999999999999,109,2024
2024-09-16,0.005020511717053538,6.000000000000007,106,2024
2024-09-17,0.005049706024390238,6.000000000000009,105,2024
2024-09-18,0.0050510080522302514,5.999999999999996,104,2024
2024-09-19,0.005043232237879317,6.000000000000001,103,2024
2024-09-20,0.0050545216355824376,5.999999999999985,102,2024
2024-09-23,0.005094349195121394,5.999999999999981,99,2024
2024-09-24,0.0051263012618292,5.999999999999955,98,2024
2024-09-25,0.005176833926862425,6.000000000000004,97,2024
2024-09-26,0.005203001726402323,5.999999999999989,96,2024
2024-09-27,0.005190654329550144,5.999999999999988,95,2024
2024-09-30,0.005172803082936943,5.999999999999997,92,2024
2024-10-01,-0.0025095298126410178,-2.903225806451607,91,2024
2024-10-02,0.0052089235708630355,5.999999999999997,90,2024
2024-10-03,0.005215597448817203,5.999999999999997,89,2024
2024-10-04,0.005204535096414773,6.000000000000012,88,2024
2024-10-07,0.0052013773328335846,5.999999999999993,85,2024
2024-10-08,0.005186249270596482,6.000000000000001,84,2024
2024-10-09,0.005136116945049866,5.999999999999985,83,2024
2024-10-10,0.005103050686210595,6.000000000000019,82,2024
2024-10-11,0.005114843333436259,5.999999999999995,81,2024
2024-10-14,0.005118911887594911,6.0,78,2024
2024-10-15,0.005136607746503199,6.000000000000002,77,2024
2024-10-16,0.00514098779507168,5.999999999999993,76,2024
2024-10-17,0.005134640738053656,6.000000000000001,75,2024
2024-10-18,0.0051275572378471895,5.999999999999997,74,2024
2024-10-21,0.0051150537811309035,5.999999999999999,71,2024
2024-10-22,0.0051426170272741685,6.000000000000007,70,2024
2024-10-23,0.005154181220315152,6.00000000000001,69,2024
2024-10-24,0.005148631418741737,6.000000000000003,68,2024
2024-10-25,0.005149608394485148,6.000000000000003,67,2024
2024-10-28,0.005132783380397407,6.0,64,2024
2024-10-29,0.005116059402536272,5.999999999999997,63,2024
2024-10-30,0.005111824761469472,5.999999999999988,62,2024
2024-10-31,-0.0026399833469333022,-3.100000000000007,61,2024
2024-11-01,0.005110621221680323,6.000000000000016,60,2024
2024-11-04,0.005099167932435467,5.999999999999985,57,2024
2024-11-05,0.00508462104230807,6.000000000000004,56,2024
2024-11-06,0.0050492398501889146,5.999999999999983,55,2024
2024-11-07,0.005045950154696523,6.000000000000011,54,2024
2024-11-08,0.005039641859211428,6.000000000000002,53,2024
2024-11-11,0.005027014810297969,6.000000000000009,50,2024
2024-11-12,0.005056721392237116,6.0000000000000036,49,2024
2024-11-13,0.005036293038153757,6.000000000000002,48,2024
2024-11-14,0.005040647098188676,6.000000000000002,47,2024
2024-11-15,0.005040911187602897,6.000000000000005,46,2024
2024-11-18,0.005041650600386885,6.000000000000007,43,2024
2024-11-19,0.005006788016708546,5.999999999999988,42,2024
2024-11-20,0.005005107126009765,5.999999999999995,41,2024
2024-11-21,0.004995507806066593,5.999999999999996,40,2024
2024-11-22,0.0050029210507538955,5.999999999999993,39,2024
2024-11-25,0.0049785383018517955,6.000000000000007,36,2024
2024-11-26,0.004963451717374618,5.99999999999999,35,2024
2024-11-27,0.00497104736395177,5.999999999999997,34,2024
2024-11-28,0.004981412126163156,6.000000000000003,33,2024
2024-11-29,0.004977299251946864,6.000000000000007,32,2024
2024-12-02,0.004952373642890069,5.999999999999992,29,2024
2024-12-03,0.0049443804594142444,6.000000000000002,28,2024
2024-12-04,0.004948140781216985,6.000000000000002,27,2024
2024-12-05,0.00494478991680683,6.0,26,2024
2024-12-06,0.004938607087932541,6.000000000000001,25,2024
2024-12-09,0.004944835137565716,6.000000000000003,22,2024
2024-12-10,0.004936585296539996,5.999999999999997,21,2024
2024-12-11,0.004953140901751979,5.999999999999999,20,2024
2024-12-12,0.004957996381988527,5.999999999999997,19,2024
2024-12-13,0.0049713679333737056,6.0,18,2024
2024-12-16,0.0049537601824552035,5.999999999999995,15,2024
2024-12-17,-0.002177551632172249,-2.6250000000000027,14,2024
2024-12-18,0.0049845190169376784,6.0,13,2024
2024-12-19,0.004987490897113919,5.999999999999997,12,2024
2024-12-20,0.004998129610506143,5.999999999999999,11,2024
2024-12-23,0.005000365859954749,5.999999999999997,8,2024
2024-12-24,,,7,2024
2024-12-25,,,6,2024
2024-12-26,,,5,2024
2024-12-27,,,4,2024
2024-12-30,,,1,2024
2024-12-31,,,0,2024
2025-01-01,0.0050603533163750495,5.999999999999988,364,2025
2025-01-02,0.005054457457299787,5.999999999999991,363,2025
2025-01-03,0.005085259162048838,6.000000000000039,362,2025
2025-01-06,0.005087447251768621,5.999999999999993,359,2025
2025-01-07,0.005095018283831649,5.999999999999997,358,2025
2025-01-08,0.005091077406297667,6.000000000000034,357,2025
2025-01-09,0.00510826193824673,6.000000000000012,356,2025
2025-01-10,0.005100205192435967,6.000000000000047,355,2025
2025-01-13,0.005128947873323274,6.000000000000023,352,2025
2025-01-14,0.005113818652347741,5.9999999999999245,351,2025
2025-01-15,0.005115367509567472,5.999999999999903,350,2025
2025-01-16,0.005146267353273012,6.00000000000002,349,2025
2025-01-17,0.005144549912895454,5.999999999999995,348,2025
2025-01-20,0.005141587635181012,6.0000000000000675,345,2025
2025-01-21,0.005186558491606215,6.00000000000006,344,2025
2025-01-22,0.005194175472951813,5.9999999999999325,343,2025
2025-01-23,0.005192769665690579,6.0000000000000515,342,2025
2025-01-24,0.00520880673499208,6.000000000000011,341,2025
2025-01-27,0.005207870004450971,5.999999999999985,338,2025
2025-01-28,0.00518575853755515,6.000000000000032,337,2025
2025-01-29,0.0052091982944171885,5.999999999999945,336,2025
2025-01-30,0.00521075479453317,5.999999999999985,335,2025
2025-01-31,0.005202731708611958,6.0000000000000036,334,2025
2025-02-03,0.005230014571571971,6.000000000000067,331,2025
2025-02-04,0.005230437986712145,6.000000000000019,330,2025
2025-02-05,0.005238126124519587,6.000000000000045,329,2025
2025-02-06,0.005241416256320771,6.000000000000096,328,2025
2025-02-07,0.005210288209070726,5.9999999999999645,327,2025
2025-02-10,0.00519495670835945,6.000000000000021,324,2025
2025-02-11,0.005172069018673424,6.000000000000028,323,2025
2025-02-12,0.005189333386041203,6.000000000000039,322,2025
2025-02-13,0.005152191822452342,6.000000000000021,321,2025
2025-02-14,0.00518564953266174,5.999999999999981,320,2025
2025-02-17,0.005165475836792305,6.0000000000000195,317,2025
2025-02-18,0.00521028102220847,5.999999999999982,316,2025
2025-02-19,0.005207850627104,5.999999999999996,315,2025
2025-02-20,0.005177784176603371,6.000000000000033,314,2025
2025-02-21,0.005156601453360066,5.999999999999935,313,2025
2025-02-24,0.005129145102840239,6.000000000000039,310,2025
2025-02-25,0.00511582387605328,6.0000000000000195,309,2025
2025-02-26,0.005101603368965703,6.000000000000021,308,2025
2025-02-27,0.0050836939689087824,5.999999999999965,307,2025
2025-02-28,0.005027579314965117,6.000000000000001,306,2025
2025-03-03,0.005049888157559887,5.9999999999999565,303,2025
2025-03-04,0.005042411366565229,6.000000000000021,302,2025
2025-03-05,0.005031464715165948,6.000000000000033,301,2025
2025-03-06,0.005029333364388795,6.00000000000001,300,2025
2025-03-07,0.005052847218640195,5.999999999999995,299,2025
2025-03-10,0.005058254870362855,6.000000000000005,296,2025
2025-03-11,0.005076132218902528,5.999999999999965,295,2025
2025-03-12,0.0050890006532759375,6.000000000000034,294,2025
2025-03-13,0.005085863968740868,6.00000000000015,293,2025
2025-03-14,0.005090462486494078,5.999999999999999,292,2025
2025-03-17,0.0050706205402715615,6.000000000000084,289,2025
2025-03-18,0.0050763995518525624,5.999999999999992,288,2025
2025-03-19,0.005070635410032026,5.9999999999999645,287,2025
2025-03-20,0.005063932941398381,6.000000000000031,286,2025
2025-03-21,0.005069443774207875,6.000000000000003,285,2025
2025-03-24,0.00506608987601819,6.000000000000004,282,2025
2025-03-25,0.005083306806462259,6.000000000000031,281,2025
2025-03-26,0.005111089953716995,6.0000000000000595,280,2025
2025-03-27,0.005085218445362676,6.000000000000029,279,2025
2025-03-28,0.005096105382317019,6.0000000000000036,278,2025
2025-03-31,0.005083770934982244,6.0000000000000915,275,2025
2025-04-01,0.005099960991590248,6.000000000000005,274,2025
2025-04-02,-0.0025179123724828056,-2.9673913043478617,273,2025
2025-04-03,0.005111177076622996,6.000000000000022,272,2025
2025-04-04,0.005072344160472309,6.000000000000051,271,2025
2025-04-07,0.005045008832589456,6.000000000000022,268,2025
2025-04-08,0.005022778768965035,5.9999999999999805,267,2025
2025-04-09,0.005021732846887477,5.999999999999983,266,2025
2025-04-10,0.005014556317401343,6.000000000000109,265,2025
2025-04-11,0.005029785091087225,6.000000000000028,264,2025
2025-04-14,0.005037269105131903,6.000000000000043,261,2025
2025-04-15,0.0050073600242882665,6.000000000000057,260,2025
2025-04-16,0.004988412706646507,6.000000000000048,259,2025
2025-04-17,0.004949321388062162,5.999999999999985,258,2025
2025-04-18,0.004947971867446308,6.000000000000032,257,2025
2025-04-21,0.004964900545447237,5.99999999999999,254,2025
2025-04-22,0.004972684642669347,6.00000000000007,253,2025
2025-04-23,0.004994356638201112,6.000000000000003,252,2025
2025-04-24,0.005003705049672283,5.999999999999975,251,2025
2025-04-25,0.005027789398213396,5.999999999999992,250,2025
2025-04-28,0.005002928961017483,6.000000000000005,247,2025
2025-04-29,0.005006727697231462,6.000000000000031,246,2025
2025-04-30,0.00501364411659993,6.000000000000024,245,2025
2025-05-01,0.005009914131304794,5.999999999999959,244,2025
2025-05-02,0.00500210279636281,6.000000000000002,243,2025
2025-05-05,0.004980352197954057,6.000000000000016,240,2025
2025-05-06,0.004991951269324782,6.000000000000009,239,2025
2025-05-07,0.005035491730726137,6.000000000000003,238,2025
2025-05-08,0.00502493036796337,6.000000000000017,237,2025
2025-05-09,0.005019607066020507,6.0000000000000036,236,2025
2025-05-12,0.005011276989000008,6.000000000000071,233,2025
2025-05-13,0.005039800961541197,6.000000000000011,232,2025
2025-05-14,0.00505159663758181,5.999999999999955,231,2025
2025-05-15,0.005055405485636151,5.999999999999927,230,2025
2025-05-16,0.005014877749986777,6.0000000000000115,229,2025
2025-05-19,0.004986372276962917,6.000000000000016,226,2025
2025-05-20,0.0049801107099260635,6.000000000000027,225,2025
2025-05-21,0.00495514586412809,6.000000000000053,224,2025
2025-05-22,0.004968445538127586,6.000000000000042,223,2025
2025-05-23,0.004969077956533823,6.00000000000001,222,2025
2025-05-26,0.0049839758139711985,6.000000000000016,219,2025
2025-05-27,0.004989721901955414,6.000000000000017,218,2025
2025-05-28,0.004975390643847933,6.0000000000000115,217,2025
2025-05-29,0.005033800697802834,6.0000000000000115,216,2025
2025-05-30,0.005025307968073531,5.999999999999985,215,2025
2025-06-02,0.005034418225587069,5.999999999999988,212,2025
2025-06-03,0.005059476236673342,6.000000000000005,211,2025
2025-06-04,0.005075007076322861,6.000000000000023,210,2025
2025-06-05,0.005089746398122362,5.9999999999999805,209,2025
2025-06-06,0.005107704185750549,5.999999999999979,208,2025
2025-06-09,0.005103828615619872,6.000000000000041,205,2025
2025-06-10,0.005074425104793358,6.000000000000045,204,2025
2025-06-11,0.005095332625419565,6.000000000000024,203,2025
2025-06-12,0.0051071879058939085,5.999999999999999,202,2025
2025-06-13,0.005081073594862676,5.999999999999976,201,2025
2025-06-16,0.005088934241413744,6.00000000000004,198,2025
2025-06-17,0.0050748354874481545,6.000000000000026,197,2025
2025-06-18,0.005099205341997961,5.999999999999985,196,2025
2025-06-19,0.005098503142684881,5.999999999999992,195,2025
2025-06-20,0.005096287522494028,6.000000000000032,194,2025
2025-06-23,0.005068546449617668,5.999999999999958,191,2025
2025-06-24,0.005045477395173557,5.999999999999995,190,2025
2025-06-25,0.005069485732381274,5.999999999999985,189,2025
2025-06-26,0.005078004727857347,6.000000000000019,188,2025
2025-06-27,0.005086383391456573,6.000000000000041,187,2025
2025-06-30,0.005130703811220831,6.00000000000002,184,2025
2025-07-01,0.005153101675247607,5.999999999999988,183,2025
2025-07-02,-0.0008455390112003809,-0.9890109890109713,182,2025
2025-07-03,0.00513145172882528,6.0,181,2025
2025-07-04,0.0051195253811152155,5.999999999999983,180,2025
2025-07-07,0.005105435265325583,6.00000000000001,177,2025
2025-07-08,0.0050679410788161735,5.999999999999985,176,2025
2025-07-09,0.005077357156995206,6.000000000000009,175,2025
2025-07-10,0.0050869737245597514,6.000000000000009,174,2025
2025-07-11,0.005095174206359002,6.0000000000000355,173,2025
2025-07-14,0.005087338921842532,6.000000000000012,170,2025
2025-07-15,0.00508853187636069,5.999999999999979,169,2025
2025-07-16,0.005042068540608508,5.999999999999975,168,2025
2025-07-17,0.00504754002361519,5.999999999999989,167,2025
2025-07-18,0.005030227854857319,6.000000000000004,166,2025
2025-07-21,0.005051071057249026,5.999999999999985,163,2025
2025-07-22,0.00503588723960494,5.999999999999966,162,2025
2025-07-23,0.0050026064627524645,6.000000000000003,161,2025
2025-07-24,0.0050088049730975925,6.000000000000002,160,2025
2025-07-25,0.005011791897543659,5.999999999999988,159,2025
2025-07-28,0.005011378364200646,6.000000000000005,156,2025
2025-07-29,0.005042801166047221,6.000000000000002,155,2025
2025-07-30,0.005044910531613813,5.999999999999989,154,2025
2025-07-31,0.005045061195371117,6.0,153,2025
2025-08-01,-0.002529518524992897,-3.0000000000000036,152,2025
2025-08-04,0.00504250142432647,6.00000000000003,149,2025
2025-08-05,0.005042839984597892,5.999999999999997,148,2025
2025-08-06,0.005033983015101743,6.000000000000021,147,2025
2025-08-07,0.005065265492948062,5.999999999999973,146,2025
2025-08-08,0.005104948110192476,6.000000000000007,145,2025
2025-08-11,0.005088460529852679,6.000000000000007,142,2025
2025-08-12,0.005091115035635716,6.000000000000002,141,2025
2025-08-13,0.0050909879890346415,6.000000000000021,140,2025
2025-08-14,0.005103092413491635,5.999999999999976,139,2025
2025-08-15,0.005108303675046197,5.999999999999968,138,2025
2025-08-18,0.005108439908572959,6.000000000000023,135,2025
2025-08-19,0.0050976988751389955,6.000000000000031,134,2025
2025-08-20,0.005078351204647909,6.000000000000004,133,2025
2025-08-21,0.005086052967301911,6.000000000000003,132,2025
2025-08-22,0.005097576801051906,5.999999999999985,131,2025
2025-08-25,0.005075414660444701,6.000000000000023,128,2025
2025-08-26,0.00511333564713469,6.000000000000002,127,2025
2025-08-27,0.005109960205134937,6.000000000000028,126,2025
2025-08-28,0.005118120533992736,6.00000000000001,125,2025
2025-08-29,0.005086308744750517,6.000000000000001,124,2025
2025-09-01,0.005087346689019317,5.999999999999978,121,2025
2025-09-02,0.005078920762469243,5.999999999999979,120,2025
2025-09-03,0.005063960221752983,5.9999999999999725,119,2025
2025-09-04,0.0050599583155054376,6.000000000000005,118,2025
2025-09-05,0.005027563682322786,5.999999999999985,117,2025
2025-09-08,0.005003717470954931,5.999999999999993,114,2025
2025-09-09,0.005019222557669624,5.999999999999985,113,2025
2025-09-10,0.005010994035730083,5.999999999999997,112,2025
2025-09-11,0.005039183919782775,5.999999999999964,111,2025
2025-09-12,0.005031640876112138,5.999999999999981,110,2025
2025-09-15,0.005041038958693048,6.00000000000001,107,2025
2025-09-16,0.005067800775554169,5.999999999999976,106,2025
2025-09-17,0.0051114654601799115,5.99999999999999,105,2025
2025-09-18,0.005094023468626793,5.999999999999989,104,2025
2025-09-19,0.005076374786300725,6.000000000000017,103,2025
2025-09-22,0.00510150252968766,6.0,100,2025
2025-09-23,0.005083290409151241,5.999999999999988,99,2025
2025-09-24,0.005074876723480223,5.999999999999995,98,2025
2025-09-25,0.005106704946575605,5.999999999999989,97,2025
2025-09-26,0.005108716444737064,5.999999999999981,96,2025
2025-09-29,0.005069146242424534,5.999999999999978,93,2025
2025-09-30,0.005101657919754524,6.000000000000002,92,2025
2025-10-01,-0.0024663116572916357,-2.903225806451608,91,2025
2025-10-02,0.005082370997508474,5.999999999999993,90,2025
2025-10-03,0.005098226453512416,6.000000000000005,89,2025
2025-10-06,0.005084720641530293,5.999999999999997,86,2025
2025-10-07,0.005051534904589389,5.999999999999996,85,2025
2025-10-08,0.005078752226232309,6.0,84,2025
2025-10-09,0.005069371299348932,6.000000000000004,83,2025
2025-10-10,0.00508357332585232,5.999999999999992,82,2025
2025-10-13,0.005019446776381515,5.999999999999995,79,2025
2025-10-14,0.005017212421875342,5.99999999999999,78,2025
2025-10-15,0.005007218077913194,5.999999999999995,77,2025
2025-10-16,0.005016173124757058,6.0000000000000115,76,2025
2025-10-17,0.005039500413909832,5.999999999999995,75,2025
2025-10-20,0.005043194813029792,5.999999999999988,72,2025
2025-10-21,0.0050695398747926095,6.000000000000003,71,2025
2025-10-22,0.005083803068352592,6.00000000000001,70,2025
2025-10-23,0.005079575086223904,6.000000000000005,69,2025
2025-10-24,0.005085534474629837,6.000000000000002,68,2025
2025-10-27,0.005084666331812748,5.9999999999999805,65,2025
2025-10-28,0.005050198032116338,5.999999999999991,64,2025
2025-10-29,0.0050379700151806355,6.00000000000002,63,2025
2025-10-30,0.0050273175232122816,5.999999999999993,62,2025
2025-10-31,-0.0025882582694829953,-3.100000000000005,61,2025
2025-11-03,0.00502145872394279,6.0000000000000036,58,2025
2025-11-04,0.005044341233609031,6.00000000000001,57,2025
2025-11-05,0.005104127241660603,5.999999999999985,56,2025
2025-11-06,0.005126358426091601,5.999999999999992,55,2025
2025-11-07,0.005111859575688841,5.999999999999993,54,2025
2025-11-10,0.005116767781892348,6.000000000000009,51,2025
2025-11-11,0.005104101591920185,6.000000000000007,50,2025
2025-11-12,0.005073597055938288,5.999999999999997,49,2025
2025-11-13,0.005121055952791522,5.99999999999999,48,2025
2025-11-14,0.005118913075243823,5.999999999999999,47,2025
2025-11-17,0.005152214225189944,5.999999999999989,44,2025
2025-11-18,0.005133455287938936,6.000000000000009,43,2025
2025-11-19,0.005101578002534926,5.999999999999988,42,2025
2025-11-20,0.005148372037916498,5.999999999999993,41,2025
2025-11-21,0.005152826861660884,5.99999999999999,40,2025
2025-11-24,0.005172476248473262,6.000000000000004,37,2025
2025-11-25,0.005170621875990612,6.0000000000000036,36,2025
2025-11-26,0.005184174729489938,5.999999999999986,35,2025
2025-11-27,0.005199813733278043,6.000000000000012,34,2025
2025-11-28,0.005194947593815502,6.0,33,2025
2025-12-01,-0.001335941537616861,-1.5483870967741942,30,2025
2025-12-02,0.005145493859980692,6.000000000000001,29,2025
2025-12-03,0.0051270376658674385,6.0000000000000036,28,2025
2025-12-04,0.005138564011426532,5.999999999999997,27,2025
2025-12-05,0.005145757897431966,5.999999999999997,26,2025
2025-12-08,0.005153265739609329,5.999999999999997,23,2025
2025-12-09,0.0052002353794528364,6.000000000000001,22,2025
2025-12-10,0.005162811239355506,6.000000000000002,21,2025
2025-12-11,0.005170237129855435,5.999999999999995,20,2025
2025-12-12,0.005172712195416344,5.999999999999999,19,2025
2025-12-15,0.005174219581629556,5.999999999999996,16,2025
2025-12-16,0.0051942473951042106,5.999999999999999,15,2025
2025-12-17,-0.0022849773272325797,-2.624999999999998,14,2025
2025-12-18,0.0052214956500741955,6.000000000000002,13,2025
2025-12-19,0.005221743645350576,6.0000000000000036,12,2025
2025-12-22,0.005241345552736997,6.000000000000001,9,2025
2025-12-23,0.005227905500249417,5.999999999999999,8,2025
2025-12-24,,,7,2025
2025-12-25,,,6,2025
2025-12-26,,,5,2025
2025-12-29,,,2,2025
2025-12-30,,,1,2025
2025-12-31,,,0,2025
2026-01-01,0.005205434819108472,6.000000000000055,364,2026
2026-01-02,0.005193315766089872,5.9999999999999485,363,2026
2026-01-05,0.005199216502108658,6.000000000000001,360,2026
2026-01-06,0.00522062984389165,6.000000000000011,359,2026
2026-01-07,0.0052450992372883925,6.000000000000113,358,2026
2026-01-08,0.005280424439410947,6.000000000000022,357,2026
2026-01-09,0.0052411258267943146,6.0000000000001,356,2026
2026-01-12,0.005223204076978565,5.999999999999945,353,2026
2026-01-13,0.005276584465914085,6.000000000000016,352,2026
2026-01-14,0.005296963108642689,5.999999999999982,351,2026
2026-01-15,0.005312374208553322,5.999999999999932,350,2026
2026-01-16,0.005292726269448309,6.000000000000003,349,2026
2026-01-19,0.005298394941915055,5.999999999999954,346,2026
2026-01-20,0.0052910981703541,5.9999999999999085,345,2026
2026-01-21,0.005322618118273821,5.999999999999962,344,2026
2026-01-22,0.005336393113124161,6.000000000000033,343,2026
2026-01-23,0.005312519065517291,5.999999999999906,342,2026
2026-01-26,0.005293534143458966,5.9999999999999165,339,2026
2026-01-27,0.005286131586754972,5.99999999999993,338,2026
2026-01-28,0.005288167618715993,5.999999999999999,337,2026
2026-01-29,0.005266765697912113,5.9999999999999645,336,2026
2026-01-30,0.0052535254332157985,6.000000000000108,335,2026
2026-02-02,0.005311471438457411,5.999999999999981,332,2026
2026-02-03,0.005293176067574333,6.0000000000000675,331,2026
2026-02-04,0.005283399932128662,5.999999999999986,330,2026
2026-02-05,0.005329093011210812,5.9999999999999805,329,2026
2026-02-06,0.005324116153527765,6.000000000000022,328,2026
2026-02-09,0.00532132468620457,6.0000000000000036,325,2026
2026-02-10,0.005337397643029894,6.000000000000034,324,2026
2026-02-11,0.005318325766220631,6.000000000000064,323,2026
2026-02-12,0.005315795124049154,5.999999999999938,322,2026
2026-02-13,0.005298044168653685,5.999999999999988,321,2026
2026-02-16,0.005331731668424317,6.000000000000014,318,2026
2026-02-17,0.005326637681035289,5.999999999999979,317,2026
2026-02-18,0.005303953608021156,5.99999999999991,316,2026
2026-02-19,0.00527489024787422,5.99999999999991,315,2026
2026-02-20,0.005292498288916047,5.999999999999996,314,2026
2026-02-23,0.005303811823057279,5.999999999999988,311,2026
2026-02-24,0.005284631536585976,6.00000000000008,310,2026
2026-02-25,0.005270141769711082,6.000000000000069,309,2026
2026-02-26,0.0052604190653504496,6.000000000000013,308,2026
2026-02-27,0.0052472682322943776,5.999999999999916,307,2026
2026-03-02,0.005265347041247791,5.999999999999966,304,2026
2026-03-03,0.005298843025908099,6.000000000000054,303,2026
2026-03-04,0.00530169687718449,6.000000000000076,302,2026
2026-03-05,0.005281674849786387,6.000000000000091,301,2026
2026-03-06,0.0052685170438832255,6.00000000000002,300,2026
2026-03-09,0.0052824607839774326,6.000000000000034,297,2026
2026-03-10,0.005252504212498611,6.000000000000047,296,2026
2026-03-11,0.005232214501379675,6.000000000000054,295,2026
2026-03-12,0.0052055509424515775,5.999999999999964,294,2026
2026-03-13,0.005211518925328756,6.00000000000001,293,2026
2026-03-16,0.005206411133941461,5.999999999999988,290,2026
2026-03-17,0.0052209548662712595,6.000000000000042,289,2026
2026-03-18,0.005225068407180117,5.999999999999965,288,2026
2026-03-19,0.005242958622603908,6.000000000000092,287,2026
2026-03-20,0.005217930413523445,6.000000000000092,286,2026
2026-03-23,0.005224430730029754,6.0000000000000036,283,2026
2026-03-24,0.005253992542242359,6.000000000000034,282,2026
2026-03-25,0.005265263487890829,6.000000000000022,281,2026
2026-03-26,0.005256409951841824,6.0000000000000675,280,2026
2026-03-27,0.005236511645062164,6.0000000000000115,279,2026
2026-03-30,0.0052439351959075575,5.9999999999999725,276,2026
2026-03-31,0.005278925119232405,6.0000000000000355,275,2026
2026-04-01,0.005312231168857812,6.000000000000036,274,2026
2026-04-02,-0.002629115159731471,-2.9673913043478257,273,2026
2026-04-03,0.005300482964084745,5.9999999999998925,272,2026
2026-04-06,0.005308838831467546,6.0000000000000355,269,2026
2026-04-07,0.005289003022755514,6.000000000000043,268,2026
2026-04-08,0.00528833492674361,6.000000000000007,267,2026
2026-04-09,0.005265378063405802,6.000000000000007,266,2026
2026-04-10,0.005236183622190865,5.999999999999927,265,2026
2026-04-13,0.005241568603365624,6.000000000000003,262,2026
2026-04-14,0.00525559644074949,6.000000000000076,261,2026
2026-04-15,0.005235259678382138,6.000000000000013,260,2026
2026-04-16,0.005204789534420581,5.999999999999955,259,2026
2026-04-17,0.005190053416074803,5.999999999999986,258,2026
2026-04-20,0.005192194039124282,6.000000000000021,255,2026
2026-04-21,0.005206639077095849,5.999999999999979,254,2026
2026-04-22,0.005209946468899547,6.000000000000026,253,2026
2026-04-23,0.00519464958903814,6.000000000000079,252,2026
2026-04-24,0.005177059160004556,6.0000000000000115,251,2026
2026-04-27,0.005177352458906414,6.0,248,2026
2026-04-28,0.005155418743299572,5.999999999999976,247,2026
2026-04-29,0.005145763378740884,5.999999999999942,246,2026
2026-04-30,0.005125144252649903,6.000000000000041,245,2026
2026-05-01,0.005148225256831077,5.999999999999979,244,2026
2026-05-04,0.0051718000876620485,6.000000000000039,241,2026
2026-05-05,0.005181581379018316,6.000000000000016,240,2026
2026-05-06,0.005153728699553061,5.999999999999965,239,2026
2026-05-07,0.005135755388774843,5.999999999999974,238,2026
2026-05-08,0.005123187223427399,6.000000000000036,237,2026
2026-05-11,0.0051228688046044525,5.999999999999951,234,2026
2026-05-12,0.005104993233104735,6.000000000000038,233,2026
2026-05-13,0.005152158886944955,5.999999999999964,232,2026
2026-05-14,0.005198193695066155,6.000000000000034,231,2026
2026-05-15,0.005183712225272869,5.999999999999989,230,2026
2026-05-18,0.005156194821210343,6.000000000000084,227,2026
2026-05-19,0.005177972333177393,6.000000000000039,226,2026
2026-05-20,0.005211506920832523,5.999999999999969,225,2026
2026-05-21,0.005206511706462016,5.999999999999988,224,2026
2026-05-22,0.005188431279103707,6.000000000000005,223,2026
2026-05-25,0.00519761150873142,5.999999999999996,220,2026
2026-05-26,0.005213870246816043,5.999999999999966,219,2026
2026-05-27,0.005209920788838945,6.000000000000099,218,2026
2026-05-28,0.005250547345210157,5.999999999999951,217,2026
2026-05-29,0.0052722094115623345,6.000000000000053,216,2026
2026-06-01,0.005277067014017928,5.999999999999889,213,2026
2026-06-02,0.005256131284768751,5.999999999999972,212,2026
2026-06-03,0.005298245958670014,5.999999999999985,211,2026
2026-06-04,0.005307821708067694,6.000000000000012,210,2026
2026-06-05,0.005313439425482633,6.000000000000047,209,2026
2026-06-08,0.005327041410989313,6.000000000000026,206,2026
2026-06-09,0.005324031623944393,6.000000000000022,205,2026
2026-06-10,0.005334338331857061,5.999999999999988,204,2026
2026-06-11,0.005323693224936134,5.999999999999886,203,2026
2026-06-12,0.005320401210404963,6.000000000000005,202,2026
2026-06-15,0.005328599819530798,6.000000000000019,199,2026
2026-06-16,0.005349395974314025,6.000000000000023,198,2026
2026-06-17,0.00535372530679786,6.0000000000000115,197,2026
2026-06-18,0.005381712335034625,6.000000000000017,196,2026
2026-06-19,0.005364705514584405,6.0000000000000435,195,2026
2026-06-22,0.005372392746118734,5.999999999999934,192,2026
2026-06-23,0.005372646442870216,5.999999999999988,191,2026
2026-06-24,0.00535938031445886,6.000000000000048,190,2026
2026-06-25,0.00536079364391226,6.000000000000009,189,2026
2026-06-26,0.005353445023767637,6.000000000000003,188,2026
2026-06-29,0.0053418588054723265,6.000000000000031,185,2026
2026-06-30,0.005332950929578652,6.000000000000104,184,2026
2026-07-01,0.005314381624466309,6.000000000000023,183,2026
2026-07-02,-0.0008794952665535207,-0.9890109890109972,182,2026
2026-07-03,0.005351170570645843,5.999999999999963,181,2026
2026-07-06,0.0053872044198369695,5.999999999999983,178,2026
2026-07-07,0.0053225485937487774,5.999999999999988,177,2026
2026-07-08,0.005309682149989621,5.99999999999999,176,2026
2026-07-09,0.005346685698171772,6.000000000000027,175,2026
2026-07-10,0.005324523982354813,6.000000000000005,174,2026
2026-07-13,0.005303543552815233,6.000000000000022,171,2026
2026-07-14,0.00528781067809677,6.000000000000001,170,2026
2026-07-15,0.005303922766829589,5.999999999999979,169,2026
2026-07-16,0.005298888722179746,6.000000000000036,168,2026
2026-07-17,0.005337162930367962,5.999999999999964,167,2026
2026-07-20,0.00533799756559796,6.000000000000057,164,2026
2026-07-21,0.005297404559379982,5.999999999999978,163,2026
2026-07-22,0.00530646394746177,5.999999999999995,162,2026
2026-07-23,0.0053077816356217975,6.000000000000064,161,2026
2026-07-24,0.005307055262931666,5.999999999999949,160,2026
2026-07-27,0.005326181869596702,5.999999999999974,157,2026
2026-07-28,0.005348028085161596,5.999999999999988,156,2026
2026-07-29,0.005356195732865985,5.999999999999997,155,2026
2026-07-30,0.005376107308225467,5.999999999999988,154,2026
2026-07-31,0.005389069257843573,6.000000000000043,153,2026
2026-08-03,0.005420333680171947,5.999999999999976,150,2026
2026-08-04,0.005431537992120608,5.999999999999951,149,2026
2026-08-05,0.005439967733396448,6.0000000000000115,148,2026
2026-08-06,0.005439638824412045,6.000000000000002,147,2026
2026-08-07,0.0054423071457588585,6.00000000000003,146,2026
2026-08-10,0.005437206880052024,5.999999999999988,143,2026
2026-08-11,0.005417587316940314,6.0000000000000355,142,2026
2026-08-12,0.005426386184434326,5.999999999999983,141,2026
2026-08-13,0.005419381156170069,6.0000000000000195,140,2026
2026-08-14,0.005414090186906032,6.000000000000026,139,2026
2026-08-17,0.005412712431479713,6.000000000000021,136,2026
2026-08-18,0.005400069508959042,5.999999999999993,135,2026
2026-08-19,0.005397753352016768,6.0000000000000195,134,2026
2026-08-20,0.005417399536901533,6.0000000000000036,133,2026
2026-08-21,0.005416247514620792,5.999999999999989,132,2026
2026-08-24,0.005448074632236377,6.000000000000012,129,2026
2026-08-25,0.00540283324449861,6.0,128,2026
2026-08-26,0.0054063437582730885,5.999999999999988,127,2026
2026-08-27,0.005420193631431253,6.000000000000016,126,2026
2026-08-28,0.005376201007675098,5.999999999999951,125,2026
