obs_date,jump_pts,jump_ann_pct,days_to_turn,year
2016-08-29,0.00548415714244818,6.00000000000001,124,2016
2016-08-30,0.005506542391456502,6.000000000000011,123,2016
2016-08-31,0.005494390142144523,5.999999999999997,122,2016
2016-09-01,0.005496322413843136,5.999999999999979,121,2016
2016-09-02,0.005478362725006024,5.999999999999991,120,2016
2016-09-05,0.005483758168570885,5.999999999999988,117,2016
2016-09-06,0.005474958727549148,5.9999999999999725,116,2016
2016-09-07,0.005539265423040516,5.999999999999985,115,2016
2016-09-08,0.0055586170517497625,5.999999999999979,114,2016
2016-09-09,0.005581057499070061,5.999999999999988,113,2016
2016-09-12,0.00557174735196476,5.99999999999999,110,2016
2016-09-13,0.0056059273329460094,6.000000000000002,109,2016
2016-09-14,0.005600268208211774,5.999999999999976,108,2016
2016-09-15,0.005617006294872982,5.999999999999978,107,2016
2016-09-16,0.005617849294173674,6.000000000000014,106,2016
2016-09-19,0.005644360853625709,6.0000000000000036,103,2016
2016-09-20,0.005648553180649818,6.000000000000029,102,2016
2016-09-21,0.005648334806811367,5.99999999999999,101,2016
2016-09-22,0.005640895877561687,6.000000000000002,100,2016
2016-09-23,0.0056324069345626195,5.999999999999951,99,2016
2016-09-26,0.005671311713614787,5.999999999999995,96,2016
2016-09-27,0.005674862017088386,5.999999999999964,95,2016
2016-09-28,0.0057056172914824056,5.999999999999982,94,2016
2016-09-29,0.005718263199527748,5.999999999999997,93,2016
2016-09-30,0.005730045733502919,5.999999999999947,92,2016
2016-10-03,0.0056972841683009265,6.000000000000014,89,2016
2016-10-04,0.005735207061058729,5.999999999999993,88,2016
2016-10-05,0.005735633135631842,5.999999999999972,87,2016
2016-10-06,0.005690619538421169,5.9999999999999645,86,2016
2016-10-07,0.0057099435554880135,5.999999999999973,85,2016
2016-10-10,0.005691697070033752,5.999999999999985,82,2016
2016-10-11,0.0056476602894691445,5.999999999999979,81,2016
2016-10-12,0.005631519501757637,5.9999999999999565,80,2016
2016-10-13,0.005664061719463693,5.999999999999981,79,2016
2016-10-14,0.005630877880420535,5.999999999999991,78,2016
2016-10-17,0.005621169387150031,5.999999999999963,75,2016
2016-10-18,0.005632900149659316,5.999999999999978,74,2016
2016-10-19,0.005692171224353239,5.999999999999981,73,2016
2016-10-20,0.005647243089456951,5.999999999999972,72,2016
2016-10-21,0.005610918799466346,5.999999999999982,71,2016
2016-10-24,0.005611095015340285,5.999999999999979,68,2016
2016-10-25,0.005597484407974807,5.999999999999979,67,2016
2016-10-26,0.005588085804058826,5.999999999999981,66,2016
2016-10-27,0.005569065146008669,5.999999999999985,65,2016
2016-10-28,0.005535942655470968,5.999999999999988,64,2016
2016-10-31,0.005567212119654964,5.999999999999976,61,2016
2016-11-01,0.005577809987806077,5.999999999999986,60,2016
2016-11-02,0.005567267257644401,5.999999999999983,59,2016
2016-11-03,0.005561947237195302,5.999999999999962,58,2016
2016-11-04,0.005608213751702965,5.999999999999965,57,2016
2016-11-07,0.005608097813799947,5.999999999999975,54,2016
2016-11-08,0.005594056333101545,5.99999999999999,53,2016
2016-11-09,0.005618585566527003,5.999999999999985,52,2016
2016-11-10,0.005614889061848811,5.999999999999973,51,2016
2016-11-11,0.005622675066785419,5.999999999999982,50,2016
2016-11-14,0.00557867978049934,5.999999999999996,47,2016
2016-11-15,0.005570033219926365,5.9999999999999805,46,2016
2016-11-16,0.00558479449477643,5.999999999999969,45,2016
2016-11-17,0.005584040356113658,5.999999999999982,44,2016
2016-11-18,0.005573789951674178,5.999999999999963,43,2016
2016-11-21,0.005569721160223915,6.000000000000001,40,2016
2016-11-22,0.005557467161138256,5.999999999999954,39,2016
2016-11-23,0.0056069637425306745,5.999999999999959,38,2016
2016-11-24,0.005626198960604138,5.999999999999995,37,2016
2016-11-25,0.005645002284823678,6.000000000000016,36,2016
2016-11-28,0.005664154575119452,5.999999999999988,33,2016
2016-11-29,0.0056618997426605465,5.999999999999979,32,2016
2016-11-30,0.005675706641839401,5.999999999999973,31,2016
2016-12-01,0.005654300756430781,5.999999999999969,30,2016
2016-12-02,0.00567312519624672,6.000000000000004,29,2016
2016-12-05,0.005654598335388411,5.999999999999981,26,2016
2016-12-06,0.005644891734702604,5.999999999999954,25,2016
2016-12-07,0.005648428910348897,5.99999999999995,24,2016
2016-12-08,0.0056519976835201925,5.999999999999973,23,2016
2016-12-09,0.005676788040269792,5.999999999999995,22,2016
2016-12-12,0.005660178253452409,5.999999999999972,19,2016
2016-12-13,0.005685475086110186,5.999999999999964,18,2016
2016-12-14,0.005711476679438848,5.9999999999999725,17,2016
2016-12-15,0.0056982683280869815,5.999999999999947,16,2016
2016-12-16,0.0056977548512436894,5.999999999999953,15,2016
2016-12-19,,,12,2016
2016-12-20,,,11,2016
2016-12-21,,,10,2016
2016-12-22,,,9,2016
2016-12-23,,,8,2016
2016-12-26,,,5,2016
2016-12-27,,,4,2016
2016-12-28,,,3,2016
2016-12-29,,,2,2016
2016-12-30,,,1,2016
2017-01-02,,,363,2017
2017-01-03,,,362,2017
2017-01-04,,,361,2017
2017-01-05,,,360,2017
2017-01-06,,,359,2017
2017-01-09,,,356,2017
2017-01-10,,,355,2017
2017-01-11,,,354,2017
2017-01-12,,,353,2017
2017-01-13,,,352,2017
2017-01-16,,,349,2017
2017-01-17,,,348,2017
2017-01-18,,,347,2017
2017-01-19,,,346,2017
2017-01-20,,,345,2017
2017-01-23,,,342,2017
2017-01-24,,,341,2017
2017-01-25,,,340,2017
2017-01-26,,,339,2017
2017-01-27,,,338,2017
2017-01-30,,,335,2017
2017-01-31,,,334,2017
2017-02-01,,,333,2017
2017-02-02,,,332,2017
2017-02-03,,,331,2017
2017-02-06,,,328,2017
2017-02-07,,,327,2017
2017-02-08,,,326,2017
2017-02-09,,,325,2017
2017-02-10,,,324,2017
2017-02-13,,,321,2017
2017-02-14,,,320,2017
2017-02-15,,,319,2017
2017-02-16,,,318,2017
2017-02-17,,,317,2017
2017-02-20,,,314,2017
2017-02-21,,,313,2017
2017-02-22,,,312,2017
2017-02-23,,,311,2017
2017-02-24,,,310,2017
2017-02-27,,,307,2017
2017-02-28,,,306,2017
2017-03-01,,,305,2017
2017-03-02,,,304,2017
2017-03-03,,,303,2017
2017-03-06,,,300,2017
2017-03-07,,,299,2017
2017-03-08,,,298,2017
2017-03-09,,,297,2017
2017-03-10,,,296,2017
2017-03-13,,,293,2017
2017-03-14,,,292,2017
2017-03-15,,,291,2017
2017-03-16,,,290,2017
2017-03-17,,,289,2017
2017-03-20,,,286,2017
2017-03-21,,,285,2017
2017-03-22,,,284,2017
2017-03-23,,,283,2017
2017-03-24,,,282,2017
2017-03-27,,,279,2017
2017-03-28,,,278,2017
2017-03-29,,,277,2017
2017-03-30,,,276,2017
2017-03-31,,,275,2017
2017-04-03,0.00547909436331999,6.000000000000054,272,2017
2017-04-04,0.005474868839754817,6.000000000000024,271,2017
2017-04-05,0.0054701922899643984,5.999999999999991,270,2017
2017-04-06,0.005485788143253082,6.000000000000016,269,2017
2017-04-07,0.005508691889339513,6.000000000000011,268,2017
2017-04-10,0.005475899763535981,5.9999999999999725,265,2017
2017-04-11,0.005434911524479614,6.000000000000067,264,2017
2017-04-12,0.005459495750232411,6.000000000000012,263,2017
2017-04-13,0.005418787196675148,6.0000000000000355,262,2017
2017-04-14,0.005419034361527187,6.0000000000000115,261,2017
2017-04-17,0.005418540741146927,5.999999999999995,258,2017
2017-04-18,0.0054246107024115775,5.999999999999979,257,2017
2017-04-19,0.005430321517852362,6.000000000000011,256,2017
2017-04-20,0.005425674346139453,6.000000000000026,255,2017
2017-04-21,0.0054763868657204,6.000000000000009,254,2017
2017-04-24,0.005534976065886226,6.0000000000000355,251,2017
2017-04-25,0.005561129067000718,6.000000000000032,250,2017
2017-04-26,0.00557579785678401,6.0000000000000036,249,2017
2017-04-27,0.0055699804412942516,6.000000000000001,248,2017
2017-04-28,0.005570609852993176,5.999999999999981,247,2017
2017-05-01,0.005587507945377705,6.00000000000003,244,2017
2017-05-02,0.0056294148005500136,5.999999999999993,243,2017
2017-05-03,0.005628685540247539,6.0000000000000036,242,2017
2017-05-04,0.005609377318485718,6.000000000000023,241,2017
2017-05-05,0.00562684256083692,6.000000000000027,240,2017
2017-05-08,0.0056396900655569,6.000000000000007,237,2017
2017-05-09,0.005641560698376641,6.000000000000007,236,2017
2017-05-10,0.005636552655501248,6.000000000000048,235,2017
2017-05-11,0.00560723600882612,6.000000000000027,234,2017
2017-05-12,0.0056587016909122,6.0000000000000036,233,2017
2017-05-15,0.005667994379129961,6.00000000000004,230,2017
2017-05-16,0.005666436446829768,6.000000000000043,229,2017
2017-05-17,0.005682562302155345,6.000000000000028,228,2017
2017-05-18,0.005707901980802935,6.000000000000031,227,2017
2017-05-19,0.005723332629543212,5.999999999999979,226,2017
2017-05-22,0.005747680653059716,6.000000000000029,223,2017
2017-05-23,0.005733595407857969,5.999999999999997,222,2017
2017-05-24,0.0057379542332391216,6.000000000000054,221,2017
2017-05-25,0.0057268512145069,5.999999999999985,220,2017
2017-05-26,0.00573704252681342,6.000000000000042,219,2017
2017-05-29,0.005702086162168258,6.000000000000016,216,2017
2017-05-30,0.00568893903578593,5.999999999999982,215,2017
2017-05-31,0.00569695538000761,6.0000000000000435,214,2017
2017-06-01,0.005669214045005491,6.000000000000017,213,2017
2017-06-02,0.0056573369469622966,6.000000000000061,212,2017
2017-06-05,0.005687636104057938,5.99999999999999,209,2017
2017-06-06,0.005702474230997558,6.000000000000045,208,2017
2017-06-07,0.005710877300247137,6.000000000000036,207,2017
2017-06-08,0.0057170636127055535,6.000000000000041,206,2017
2017-06-09,0.005739474996110899,6.000000000000052,205,2017
2017-06-12,0.005760222667730192,5.999999999999985,202,2017
2017-06-13,0.005777397831024282,6.000000000000029,201,2017
2017-06-14,0.005822500958250727,6.000000000000011,200,2017
2017-06-15,0.005827659085537456,6.000000000000042,199,2017
2017-06-16,0.005837494095058113,6.000000000000022,198,2017
2017-06-19,0.0058329101982466875,5.999999999999982,195,2017
2017-06-20,0.005820314551564656,6.000000000000042,194,2017
2017-06-21,0.005830276145366715,6.000000000000022,193,2017
2017-06-22,0.005803008746368828,5.999999999999981,192,2017
2017-06-23,0.005802827256265628,6.000000000000074,191,2017
2017-06-26,0.005816942258683872,6.000000000000034,188,2017
2017-06-27,0.00581341043942559,6.000000000000003,187,2017
2017-06-28,0.005844165777472799,6.000000000000005,186,2017
2017-06-29,0.00585140101406495,6.0000000000000355,185,2017
2017-06-30,0.005844145515848495,5.999999999999975,184,2017
2017-07-03,0.0058300055570308556,6.000000000000031,181,2017
2017-07-04,0.0058000730079801836,5.999999999999995,180,2017
2017-07-05,0.005839070012840453,6.000000000000011,179,2017
2017-07-06,0.0058386247947499765,6.000000000000023,178,2017
2017-07-07,0.005853896872706373,6.000000000000013,177,2017
2017-07-10,0.005832630306451732,6.000000000000032,174,2017
2017-07-11,0.005851399960912741,6.00000000000003,173,2017
2017-07-12,0.005797397820478835,5.999999999999969,172,2017
2017-07-13,0.005801709433913334,6.000000000000012,171,2017
2017-07-14,0.005820776063493812,5.999999999999989,170,2017
2017-07-17,0.005807127649536027,6.0000000000000036,167,2017
2017-07-18,0.0058053236822036055,5.999999999999982,166,2017
2017-07-19,0.005835671246498443,5.999999999999992,165,2017
2017-07-20,0.005846830998417112,6.000000000000003,164,2017
2017-07-21,0.005862312855003727,5.999999999999976,163,2017
2017-07-24,0.005853258854115162,5.999999999999969,160,2017
2017-07-25,0.00588018855235827,6.000000000000045,159,2017
2017-07-26,0.005885284519138442,6.000000000000039,158,2017
2017-07-27,0.0059091202931326045,6.0000000000000195,157,2017
2017-07-28,0.0059056641174394554,5.999999999999982,156,2017
2017-07-31,0.005888580210037374,5.99999999999999,153,2017
2017-08-01,0.005879388048687068,6.000000000000001,152,2017
2017-08-02,0.005916437176569403,5.999999999999991,151,2017
2017-08-03,0.005925261216932667,5.999999999999997,150,2017
2017-08-04,0.005920368073423901,5.999999999999969,149,2017
2017-08-07,0.005913423840040965,5.999999999999991,146,2017
2017-08-08,0.005924217061612876,5.999999999999964,145,2017
2017-08-09,0.005903674768642942,5.999999999999969,144,2017
2017-08-10,0.005882778769109749,6.000000000000013,143,2017
2017-08-11,0.005863884054820147,5.999999999999997,142,2017
2017-08-14,0.0058568276898523135,5.999999999999989,139,2017
2017-08-15,0.005860966517693319,5.999999999999989,138,2017
2017-08-16,0.0058466306320910846,6.000000000000019,137,2017
2017-08-17,0.005862484161111158,6.0000000000000355,136,2017
2017-08-18,0.005898706645468408,6.000000000000001,135,2017
2017-08-21,0.005970731118191264,6.000000000000016,132,2017
2017-08-22,0.005998299548180883,6.000000000000024,131,2017
2017-08-23,0.006003120004418319,6.000000000000048,130,2017
2017-08-24,0.006009134134117687,6.000000000000024,129,2017
2017-08-25,0.006007132920505626,6.0000000000000115,128,2017
2017-08-28,0.0060148496592947725,5.999999999999988,125,2017
2017-08-29,0.0060443993962207305,6.000000000000019,124,2017
2017-08-30,0.006074245168497928,6.000000000000009,123,2017
2017-08-31,0.006081482785799194,6.0000000000000115,122,2017
2017-09-01,0.006086498873676894,6.000000000000027,121,2017
2017-09-04,0.006082535826977114,6.000000000000055,118,2017
2017-09-05,0.006099668449760684,5.999999999999997,117,2017
2017-09-06,0.0061117683524040045,6.000000000000016,116,2017
2017-09-07,0.006114277110367083,5.999999999999978,115,2017
2017-09-08,0.006122514930548121,6.0000000000000355,114,2017
2017-09-11,0.006163058897363278,6.000000000000038,111,2017
2017-09-12,0.006147243905331416,5.999999999999985,110,2017
2017-09-13,0.006141597360158829,6.000000000000061,109,2017
2017-09-14,0.006126933624971695,6.000000000000016,108,2017
2017-09-15,0.006129609728708066,6.000000000000016,107,2017
2017-09-18,0.006125937258056079,6.000000000000004,104,2017
2017-09-19,0.006105671725956457,6.000000000000052,103,2017
2017-09-20,0.006108906795772058,6.000000000000016,102,2017
2017-09-21,0.006112104436192451,6.0000000000000036,101,2017
2017-09-22,0.006111348729118138,6.000000000000004,100,2017
2017-09-25,0.006124543198064224,6.000000000000024,97,2017
2017-09-26,0.0061160308916205905,6.0000000000000595,96,2017
2017-09-27,0.006105216821285581,5.999999999999995,95,2017
2017-09-28,0.0060975167610990725,6.000000000000013,94,2017
2017-09-29,0.006136525609232527,6.000000000000076,93,2017
2017-10-02,0.0061149072893278734,5.999999999999982,90,2017
2017-10-03,0.006115777600566589,6.000000000000031,89,2017
2017-10-04,0.006145432154720917,5.999999999999976,88,2017
2017-10-05,0.006182848994842884,6.000000000000028,87,2017
2017-10-06,0.0061438984472231475,6.000000000000007,86,2017
2017-10-09,0.006129167729894695,5.999999999999991,83,2017
2017-10-10,0.006126335543928887,6.000000000000011,82,2017
2017-10-11,0.006092742951046278,6.000000000000016,81,2017
2017-10-12,0.006128947238969528,6.000000000000036,80,2017
2017-10-13,0.006138222759949858,6.000000000000002,79,2017
2017-10-16,0.006101007383808542,6.0000000000000195,76,2017
2017-10-17,0.00611169229520663,5.999999999999999,75,2017
2017-10-18,0.006131873698647007,6.000000000000001,74,2017
2017-10-19,0.006169613130570916,6.0000000000000036,73,2017
2017-10-20,0.0061335332942559165,6.000000000000024,72,2017
2017-10-23,0.006132448615911233,5.999999999999996,69,2017
2017-10-24,0.006178249667574635,5.999999999999965,68,2017
2017-10-25,0.0061892558359162,6.000000000000022,67,2017
2017-10-26,0.006155315637982535,5.999999999999941,66,2017
2017-10-27,0.006111725862168155,6.0,65,2017
2017-10-30,0.0061618183426012715,6.000000000000032,62,2017
2017-10-31,0.006171204030009289,6.000000000000023,61,2017
2017-11-01,0.006170848760432448,5.999999999999993,60,2017
2017-11-02,0.0061922763932333235,5.999999999999971,59,2017
2017-11-03,0.006171050126933771,5.999999999999978,58,2017
2017-11-06,0.006173643984045905,5.999999999999997,55,2017
2017-11-07,0.006110006328772905,5.9999999999999565,54,2017
2017-11-08,0.006126638884447163,6.000000000000022,53,2017
2017-11-09,0.006147711643109121,5.999999999999976,52,2017
2017-11-10,0.006139151818020786,5.999999999999964,51,2017
2017-11-13,0.006103047199655309,5.999999999999995,48,2017
2017-11-14,0.006106719821621314,5.999999999999985,47,2017
2017-11-15,0.006123301032229997,5.999999999999963,46,2017
2017-11-16,0.006128144264366387,5.999999999999969,45,2017
2017-11-17,0.006123052108571447,6.00000000000003,44,2017
2017-11-20,0.0061205344970034796,5.999999999999963,41,2017
2017-11-21,0.00611465018328909,5.999999999999983,40,2017
2017-11-22,0.0060718049864035605,5.999999999999979,39,2017
2017-11-23,0.0060244287674171846,5.999999999999952,38,2017
2017-11-24,0.005974645549074136,5.999999999999961,37,2017
2017-11-27,0.005956877759940539,5.999999999999964,34,2017
2017-11-28,0.005958223261112695,6.000000000000009,33,2017
2017-11-29,0.005941194558395792,5.999999999999982,32,2017
2017-11-30,0.005948683711943219,5.999999999999997,31,2017
2017-12-01,0.005967358171226156,5.999999999999972,30,2017
2017-12-04,0.005962333614566716,5.999999999999979,27,2017
2017-12-05,0.005938560026061628,5.999999999999973,26,2017
2017-12-06,0.005938532607713175,5.999999999999954,25,2017
2017-12-07,0.005912674445246887,5.999999999999966,24,2017
2017-12-08,0.005932732292763175,6.000000000000003,23,2017
2017-12-11,0.00594705980515441,5.999999999999949,20,2017
2017-12-12,0.005952170074848347,5.999999999999999,19,2017
2017-12-13,0.005928392159198819,6.000000000000001,18,2017
2017-12-14,0.005920826862028465,5.999999999999931,17,2017
2017-12-15,0.0059603317418649,5.999999999999981,16,2017
2017-12-18,,,13,2017
2017-12-19,,,12,2017
2017-12-20,,,11,2017
2017-12-21,,,10,2017
2017-12-22,,,9,2017
2017-12-25,,,6,2017
2017-12-26,,,5,2017
2017-12-27,,,4,2017
2017-12-28,,,3,2017
2017-12-29,,,2,2017
2018-01-01,,,364,2018
2018-01-02,,,363,2018
2018-01-03,,,362,2018
2018-01-04,,,361,2018
2018-01-05,,,360,2018
2018-01-08,,,357,2018
2018-01-09,,,356,2018
2018-01-10,,,355,2018
2018-01-11,,,354,2018
2018-01-12,,,353,2018
2018-01-15,,,350,2018
2018-01-16,,,349,2018
2018-01-17,,,348,2018
2018-01-18,,,347,2018
2018-01-19,,,346,2018
2018-01-22,,,343,2018
2018-01-23,,,342,2018
2018-01-24,,,341,2018
2018-01-25,,,340,2018
2018-01-26,,,339,2018
2018-01-29,,,336,2018
2018-01-30,,,335,2018
2018-01-31,,,334,2018
2018-02-01,,,333,2018
2018-02-02,,,332,2018
2018-02-05,,,329,2018
2018-02-06,,,328,2018
2018-02-07,,,327,2018
2018-02-08,,,326,2018
2018-02-09,,,325,2018
2018-02-12,,,322,2018
2018-02-13,,,321,2018
2018-02-14,,,320,2018
2018-02-15,,,319,2018
2018-02-16,,,318,2018
2018-02-19,,,315,2018
2018-02-20,,,314,2018
2018-02-21,,,313,2018
2018-02-22,,,312,2018
2018-02-23,,,311,2018
2018-02-26,,,308,2018
2018-02-27,,,307,2018
2018-02-28,,,306,2018
2018-03-01,,,305,2018
2018-03-02,,,304,2018
2018-03-05,,,301,2018
2018-03-06,,,300,2018
2018-03-07,,,299,2018
2018-03-08,,,298,2018
2018-03-09,,,297,2018
2018-03-12,,,294,2018
2018-03-13,,,293,2018
2018-03-14,,,292,2018
2018-03-15,,,291,2018
2018-03-16,,,290,2018
2018-03-19,,,287,2018
2018-03-20,,,286,2018
2018-03-21,,,285,2018
2018-03-22,,,284,2018
2018-03-23,,,283,2018
2018-03-26,,,280,2018
2018-03-27,,,279,2018
2018-03-28,,,278,2018
2018-03-29,,,277,2018
2018-03-30,,,276,2018
2018-04-02,,,273,2018
2018-04-03,0.005875276203678835,5.999999999999999,272,2018
2018-04-04,0.005875846024900374,5.999999999999965,271,2018
2018-04-05,0.005870436792107327,6.000000000000002,270,2018
2018-04-06,0.005860230427678106,5.999999999999997,269,2018
2018-04-09,0.005906382644619336,6.000000000000023,266,2018
2018-04-10,0.005952287878509797,6.00000000000003,265,2018
2018-04-11,0.006022644757712322,5.999999999999963,264,2018
2018-04-12,0.006021554521155768,6.000000000000048,263,2018
2018-04-13,0.006072207019561018,6.0000000000000115,262,2018
2018-04-16,0.006081296061177762,6.000000000000063,259,2018
2018-04-17,0.006116729145104041,6.00000000000002,258,2018
2018-04-18,0.00612367037902088,6.000000000000026,257,2018
2018-04-19,0.006120877882373766,6.0000000000000036,256,2018
2018-04-20,0.006121986339143579,6.000000000000024,255,2018
2018-04-23,0.006097020194221588,6.000000000000052,252,2018
2018-04-24,0.006098370508460653,5.999999999999988,251,2018
2018-04-25,0.006084850632397372,6.000000000000011,250,2018
2018-04-26,0.006073520409497327,6.000000000000072,249,2018
2018-04-27,0.006057558680863649,6.000000000000002,248,2018
2018-04-30,0.006084351098596518,6.000000000000027,245,2018
2018-05-01,0.006087870014527937,5.999999999999995,244,2018
2018-05-02,0.006021892531566789,6.000000000000019,243,2018
2018-05-03,0.006001794875949527,5.999999999999954,242,2018
2018-05-04,0.005997773068321317,5.999999999999979,241,2018
2018-05-07,0.006018507313578664,6.000000000000033,238,2018
2018-05-08,0.006039109987932493,6.000000000000053,237,2018
2018-05-09,0.006028964214463202,5.999999999999952,236,2018
2018-05-10,0.006036501294819712,6.000000000000032,235,2018
2018-05-11,0.0060646780832449105,6.000000000000023,234,2018
2018-05-14,0.006048195091908369,5.999999999999955,231,2018
2018-05-15,0.006074380691526226,6.000000000000045,230,2018
2018-05-16,0.006076655435580455,6.000000000000034,229,2018
2018-05-17,0.00611034359408857,6.00000000000004,228,2018
2018-05-18,0.0060853217297081805,6.0000000000000515,227,2018
2018-05-21,0.0060906454713006725,5.999999999999975,224,2018
2018-05-22,0.006049481644837538,5.999999999999986,223,2018
2018-05-23,0.006069816388636694,6.000000000000024,222,2018
2018-05-24,0.006053610422877985,5.999999999999976,221,2018
2018-05-25,0.0061426790754986905,5.99999999999995,220,2018
2018-05-28,0.00612361077093963,6.000000000000058,217,2018
2018-05-29,0.006127204856938559,5.9999999999999645,216,2018
2018-05-30,0.006127146000363614,6.000000000000012,215,2018
2018-05-31,0.006154279011278276,5.9999999999999565,214,2018
2018-06-01,0.006151142238205897,5.999999999999993,213,2018
2018-06-04,0.0061186276720637724,6.000000000000009,210,2018
2018-06-05,0.00611272136368852,5.999999999999959,209,2018
2018-06-06,0.0061100229387966954,6.000000000000071,208,2018
2018-06-07,0.00609286972266604,5.99999999999993,207,2018
2018-06-08,0.006157580339273241,5.999999999999968,206,2018
2018-06-11,0.006174390613851978,6.000000000000001,203,2018
2018-06-12,0.00618304201660673,5.999999999999982,202,2018
2018-06-13,0.006157358424542565,5.999999999999942,201,2018
2018-06-14,0.006192939712809615,5.999999999999976,200,2018
2018-06-15,0.0061489204840174125,5.999999999999953,199,2018
2018-06-18,0.006179491808736703,6.000000000000043,196,2018
2018-06-19,0.0061737990600419035,5.999999999999922,195,2018
2018-06-20,0.006180119921036462,6.000000000000032,194,2018
2018-06-21,0.00616371851912229,6.000000000000004,193,2018
2018-06-22,0.006152013477646571,5.999999999999918,192,2018
2018-06-25,0.006193267085494249,5.9999999999999805,189,2018
2018-06-26,0.006187049669269021,6.000000000000032,188,2018
2018-06-27,0.00621621040296713,5.999999999999922,187,2018
2018-06-28,0.006229480136074266,6.000000000000007,186,2018
2018-06-29,0.006188158757298792,5.999999999999995,185,2018
2018-07-02,0.006157373047554269,5.999999999999996,182,2018
2018-07-03,0.0061086845348747075,5.999999999999989,181,2018
2018-07-04,0.006114643164712929,6.000000000000016,180,2018
2018-07-05,0.006061087570615933,6.0,179,2018
2018-07-06,0.0060812157135471286,6.00000000000001,178,2018
2018-07-09,0.006060730592713926,6.000000000000024,175,2018
2018-07-10,0.0061039282030892,5.999999999999966,174,2018
2018-07-11,0.006113979239737803,6.000000000000017,173,2018
2018-07-12,0.006118687288550925,6.000000000000075,172,2018
2018-07-13,0.006093642713688184,5.999999999999993,171,2018
2018-07-16,0.006068371968729065,5.999999999999989,168,2018
2018-07-17,0.0060522240831796794,5.999999999999985,167,2018
2018-07-18,0.006048754416720258,5.999999999999999,166,2018
2018-07-19,0.006039507430320473,6.000000000000002,165,2018
2018-07-20,0.006023351777428468,5.999999999999975,164,2018
2018-07-23,0.006018052282304231,6.000000000000001,161,2018
2018-07-24,0.005969677837920568,5.999999999999988,160,2018
2018-07-25,0.005918842042954058,6.000000000000007,159,2018
2018-07-26,0.005936389789095337,6.00000000000001,158,2018
2018-07-27,0.005932861948097435,5.999999999999988,157,2018
2018-07-30,0.005915972632132532,6.000000000000021,154,2018
2018-07-31,0.005953598874467931,5.999999999999985,153,2018
2018-08-01,0.005918546595226247,6.000000000000005,152,2018
2018-08-02,0.005947815928673738,6.000000000000004,151,2018
2018-08-03,0.00593926232909623,6.000000000000012,150,2018
2018-08-06,0.005964070822282351,6.000000000000005,147,2018
2018-08-07,0.005945902002762424,5.999999999999995,146,2018
2018-08-08,0.0059412437789205024,6.0000000000000036,145,2018
2018-08-09,0.005906021299343705,6.000000000000029,144,2018
2018-08-10,0.00592189710510625,5.999999999999981,143,2018
2018-08-13,0.005916058510384331,6.000000000000038,140,2018
2018-08-14,0.005919335792426977,5.999999999999983,139,2018
2018-08-15,0.005950366911216887,6.000000000000011,138,2018
2018-08-16,0.005984083984156727,6.000000000000032,137,2018
2018-08-17,0.006000205408712047,5.999999999999992,136,2018
2018-08-20,0.0060061437127163775,6.000000000000051,133,2018
2018-08-21,0.006033255799173085,6.000000000000007,132,2018
2018-08-22,0.006015249120269037,5.999999999999979,131,2018
2018-08-23,0.005983618589327256,5.999999999999981,130,2018
2018-08-24,0.006009092734192174,5.999999999999999,129,2018
2018-08-27,0.00604950078371909,5.999999999999989,126,2018
2018-08-28,0.006068067839996193,5.999999999999969,125,2018
2018-08-29,0.0060924396119863946,6.000000000000001,124,2018
2018-08-30,0.006109125973590823,6.000000000000005,123,2018
2018-08-31,0.006103521068727827,5.999999999999997,122,2018
2018-09-03,0.006094995059375407,6.000000000000026,119,2018
2018-09-04,0.00604488167382336,6.0000000000000115,118,2018
2018-09-05,0.006013083309815094,5.999999999999997,117,2018
2018-09-06,0.00604682159994729,5.999999999999999,116,2018
2018-09-07,0.00606508314315119,5.999999999999986,115,2018
2018-09-10,0.006040996188164342,5.999999999999975,112,2018
2018-09-11,0.005996765327246824,5.999999999999995,111,2018
2018-09-12,0.006034492098095976,5.999999999999982,110,2018
2018-09-13,0.00603927030692183,5.99999999999999,109,2018
2018-09-14,0.006029265730799333,5.999999999999992,108,2018
2018-09-17,0.00602195462856538,6.0000000000000036,105,2018
2018-09-18,0.006058636044359892,6.000000000000003,104,2018
2018-09-19,0.006069541558724047,6.000000000000017,103,2018
2018-09-20,0.006090486530732131,5.999999999999997,102,2018
2018-09-21,0.006091733430012365,5.999999999999993,101,2018
2018-09-24,0.0061068565382553265,6.0,98,2018
2018-09-25,0.006179384689217808,6.000000000000002,97,2018
2018-09-26,0.006207379738351041,6.000000000000004,96,2018
2018-09-27,0.006178741003961565,6.000000000000003,95,2018
2018-09-28,0.006188866292190762,5.999999999999995,94,2018
2018-10-01,0.006192432646757452,6.000000000000007,91,2018
2018-10-02,0.006176403492763552,6.000000000000002,90,2018
2018-10-03,0.006170203339526203,5.999999999999986,89,2018
2018-10-04,0.0061392960397740086,5.999999999999997,88,2018
2018-10-05,0.00607691360097207,5.999999999999995,87,2018
2018-10-08,0.006097123896092215,6.0,84,2018
2018-10-09,0.00611107272004766,5.99999999999999,83,2018
2018-10-10,0.006146865335830808,5.999999999999997,82,2018
2018-10-11,0.006110943659533299,6.000000000000003,81,2018
2018-10-12,0.006116599430748827,5.999999999999997,80,2018
2018-10-15,0.006135853319339697,5.999999999999996,77,2018
2018-10-16,0.006120365881742627,6.0000000000000036,76,2018
2018-10-17,0.006121082366908997,5.999999999999999,75,2018
2018-10-18,0.006141712588947104,6.000000000000007,74,2018
2018-10-19,0.006152056148826042,5.999999999999995,73,2018
2018-10-22,0.006160529014829948,5.999999999999997,70,2018
2018-10-23,0.0062124739803479,5.999999999999995,69,2018
2018-10-24,0.006192515443848135,5.999999999999991,68,2018
2018-10-25,0.00623875440792533,5.999999999999993,67,2018
2018-10-26,0.006254380840685228,5.999999999999988,66,2018
2018-10-29,0.006266368489816277,5.999999999999986,63,2018
2018-10-30,0.0062394847084409665,5.999999999999985,62,2018
2018-10-31,0.006218247838068666,5.999999999999991,61,2018
2018-11-01,0.006217462106504684,6.000000000000005,60,2018
2018-11-02,0.006246300251099732,6.000000000000005,59,2018
2018-11-05,0.0062377400333188905,6.0,56,2018
2018-11-06,0.006175337764965812,6.000000000000007,55,2018
2018-11-07,0.006126625785447196,5.999999999999999,54,2018
2018-11-08,0.00613718257781679,5.999999999999997,53,2018
2018-11-09,0.006144575942846741,5.999999999999992,52,2018
2018-11-12,0.006119421758728028,5.999999999999991,49,2018
2018-11-13,0.0061390409824136705,5.999999999999991,48,2018
2018-11-14,0.006140878201543522,5.999999999999995,47,2018
2018-11-15,0.006147294822730162,5.999999999999989,46,2018
2018-11-16,0.0061646929506296005,5.999999999999996,45,2018
2018-11-19,0.0061565075762386985,6.0000000000000115,42,2018
2018-11-20,0.006151215108331538,5.999999999999997,41,2018
2018-11-21,0.006156861010847967,5.999999999999985,40,2018
2018-11-22,0.00616783604363396,5.999999999999961,39,2018
2018-11-23,0.006143486780468919,5.999999999999973,38,2018
2018-11-26,0.006128581689632286,5.999999999999981,35,2018
2018-11-27,0.006063891327557668,5.999999999999988,34,2018
2018-11-28,0.006073610216419576,5.999999999999959,33,2018
2018-11-29,0.00613129877081703,5.999999999999975,32,2018
2018-11-30,0.006128524933367844,5.999999999999986,31,2018
2018-12-03,0.0061496550628083,6.0000000000000036,28,2018
2018-12-04,0.006121721222579167,5.999999999999944,27,2018
2018-12-05,0.006086927453334604,5.999999999999963,26,2018
2018-12-06,0.006059859158391483,5.999999999999972,25,2018
2018-12-07,0.006076790403060459,5.999999999999979,24,2018
2018-12-10,0.006101652270196269,5.999999999999971,21,2018
2018-12-11,0.006074303834566382,5.999999999999945,20,2018
2018-12-12,0.006050271569561581,5.999999999999989,19,2018
2018-12-13,0.006052777760627429,6.000000000000007,18,2018
2018-12-14,0.0060518154984633005,5.999999999999972,17,2018
2018-12-17,0.006070623603583658,5.999999999999975,14,2018
2018-12-18,,,13,2018
2018-12-19,,,12,2018
2018-12-20,,,11,2018
2018-12-21,,,10,2018
2018-12-24,,,7,2018
2018-12-25,,,6,2018
2018-12-26,,,5,2018
2018-12-27,,,4,2018
2018-12-28,,,3,2018
2018-12-31,,,0,2018
2019-01-01,,,364,2019
2019-01-02,,,363,2019
2019-01-03,,,362,2019
2019-01-04,,,361,2019
2019-01-07,,,358,2019
2019-01-08,,,357,2019
2019-01-09,,,356,2019
2019-01-10,,,355,2019
2019-01-11,,,354,2019
2019-01-14,,,351,2019
2019-01-15,,,350,2019
2019-01-16,,,349,2019
2019-01-17,,,348,2019
2019-01-18,,,347,2019
2019-01-21,,,344,2019
2019-01-22,,,343,2019
2019-01-23,,,342,2019
2019-01-24,,,341,2019
2019-01-25,,,340,2019
2019-01-28,,,337,2019
2019-01-29,,,336,2019
2019-01-30,,,335,2019
2019-01-31,,,334,2019
2019-02-01,,,333,2019
2019-02-04,,,330,2019
2019-02-05,,,329,2019
2019-02-06,,,328,2019
2019-02-07,,,327,2019
2019-02-08,,,326,2019
2019-02-11,,,323,2019
2019-02-12,,,322,2019
2019-02-13,,,321,2019
2019-02-14,,,320,2019
2019-02-15,,,319,2019
2019-02-18,,,316,2019
2019-02-19,,,315,2019
2019-02-20,,,314,2019
2019-02-21,,,313,2019
2019-02-22,,,312,2019
2019-02-25,,,309,2019
2019-02-26,,,308,2019
2019-02-27,,,307,2019
2019-02-28,,,306,2019
2019-03-01,,,305,2019
2019-03-04,,,302,2019
2019-03-05,,,301,2019
2019-03-06,,,300,2019
2019-03-07,,,299,2019
2019-03-08,,,298,2019
2019-03-11,,,295,2019
2019-03-12,,,294,2019
2019-03-13,,,293,2019
2019-03-14,,,292,2019
2019-03-15,,,291,2019
2019-03-18,,,288,2019
2019-03-19,,,287,2019
2019-03-20,,,286,2019
2019-03-21,,,285,2019
2019-03-22,,,284,2019
2019-03-25,,,281,2019
2019-03-26,,,280,2019
2019-03-27,,,279,2019
2019-03-28,,,278,2019
2019-03-29,,,277,2019
2019-04-01,,,274,2019
2019-04-02,,,273,2019
2019-04-03,0.005906552138862806,6.000000000000007,272,2019
2019-04-04,0.00594451529140026,6.000000000000043,271,2019
2019-04-05,0.0059643576527155144,6.000000000000031,270,2019
2019-04-08,0.006012678237119318,6.000000000000028,267,2019
2019-04-09,0.006002101152202905,6.00000000000008,266,2019
2019-04-10,0.006034918872031601,5.999999999999999,265,2019
2019-04-11,0.00602195424708984,6.000000000000003,264,2019
2019-04-12,0.006028616357369038,6.000000000000009,263,2019
2019-04-15,0.005993359972411179,6.000000000000016,260,2019
2019-04-16,0.005960007416225379,6.000000000000014,259,2019
2019-04-17,0.005952587266454399,5.999999999999969,258,2019
2019-04-18,0.005970506902871042,5.999999999999997,257,2019
2019-04-19,0.005934914636191888,6.00000000000005,256,2019
2019-04-22,0.005936506879686197,6.000000000000019,253,2019
2019-04-23,0.005951520011000346,5.999999999999982,252,2019
2019-04-24,0.0059333366943936355,6.000000000000007,251,2019
2019-04-25,0.005928810144108771,6.0,250,2019
2019-04-26,0.005953724998295587,5.999999999999981,249,2019
2019-04-29,0.005924742830102028,6.000000000000003,246,2019
2019-04-30,0.005957521510959573,5.999999999999986,245,2019
2019-05-01,0.005950733130999444,5.999999999999949,244,2019
2019-05-02,0.005941350407716695,5.999999999999983,243,2019
2019-05-03,0.005897703003121252,5.999999999999965,242,2019
2019-05-06,0.005892634768713668,5.999999999999992,239,2019
2019-05-07,0.005880216837625692,5.999999999999983,238,2019
2019-05-08,0.005867883655555961,5.999999999999996,237,2019
2019-05-09,0.005840511555958544,6.000000000000005,236,2019
2019-05-10,0.005824823998026402,5.999999999999986,235,2019
2019-05-13,0.005838561734079963,6.000000000000007,232,2019
2019-05-14,0.00583109371017917,5.999999999999997,231,2019
2019-05-15,0.005821839189286118,6.000000000000023,230,2019
2019-05-16,0.005847482643070004,5.999999999999995,229,2019
2019-05-17,0.005891765853047594,6.0000000000000355,228,2019
2019-05-20,0.005938344469904078,6.0000000000000195,225,2019
2019-05-21,0.005921350512502129,6.000000000000004,224,2019
2019-05-22,0.005897687798510816,5.999999999999995,223,2019
2019-05-23,0.0058693655763519545,5.999999999999995,222,2019
2019-05-24,0.005860881888553127,6.000000000000016,221,2019
2019-05-27,0.005844658216137156,5.9999999999999725,218,2019
2019-05-28,0.005829450582871769,6.000000000000013,217,2019
2019-05-29,0.005863593633285341,6.000000000000026,216,2019
2019-05-30,0.0058436497099842895,6.000000000000013,215,2019
2019-05-31,0.005823689831758086,5.999999999999993,214,2019
2019-06-03,0.005802272523739532,6.000000000000014,211,2019
2019-06-04,0.005773420313111045,6.000000000000026,210,2019
2019-06-05,0.005733903843826073,6.0,209,2019
2019-06-06,0.00570531252920181,6.00000000000004,208,2019
2019-06-07,0.005695031805867438,6.00000000000005,207,2019
2019-06-10,0.005707955434621589,6.000000000000024,204,2019
2019-06-11,0.005707788167709206,5.999999999999979,203,2019
2019-06-12,0.005716095915168134,5.999999999999995,202,2019
2019-06-13,0.005777915442387311,6.000000000000005,201,2019
2019-06-14,0.005784991590565476,6.0000000000000036,200,2019
2019-06-17,0.00577305698800608,5.999999999999992,197,2019
2019-06-18,0.0057612577566240955,6.000000000000002,196,2019
2019-06-19,0.0057584178819123965,6.000000000000001,195,2019
2019-06-20,0.005770728631559575,6.000000000000009,194,2019
2019-06-21,0.005781802942705472,6.000000000000001,193,2019
2019-06-24,0.005772278113527459,5.999999999999983,190,2019
2019-06-25,0.00580009053132518,6.000000000000027,189,2019
2019-06-26,0.00575255320069284,5.999999999999988,188,2019
2019-06-27,0.005768097475564625,6.000000000000007,187,2019
2019-06-28,0.0057685976202313674,5.999999999999991,186,2019
2019-07-01,0.005809531785145044,6.000000000000016,183,2019
2019-07-02,0.0058234210381328715,5.999999999999997,182,2019
2019-07-03,0.0058288524748542035,6.000000000000024,181,2019
2019-07-04,0.005836823176495101,6.0000000000000115,180,2019
2019-07-05,0.005854147780866395,6.000000000000002,179,2019
2019-07-08,0.005881426804716556,5.999999999999993,176,2019
2019-07-09,0.0058835559561279714,6.000000000000009,175,2019
2019-07-10,0.005894968661144242,6.000000000000007,174,2019
2019-07-11,0.005894718249416565,6.000000000000007,173,2019
2019-07-12,0.005905661350321842,6.000000000000021,172,2019
2019-07-15,0.0059301170784236785,5.999999999999985,169,2019
2019-07-16,0.005928616163384827,5.999999999999964,168,2019
2019-07-17,0.005936052040477835,6.000000000000019,167,2019
2019-07-18,0.005976882824339218,5.999999999999995,166,2019
2019-07-19,0.005944563233955376,5.999999999999973,165,2019
2019-07-22,0.005946278098126597,6.000000000000007,162,2019
2019-07-23,0.005965088825035226,5.9999999999999725,161,2019
2019-07-24,0.005964844264752371,5.999999999999985,160,2019
2019-07-25,0.005953073720180341,5.99999999999999,159,2019
2019-07-26,0.00594260707286509,6.000000000000007,158,2019
2019-07-29,0.005918566618071805,5.999999999999999,155,2019
2019-07-30,0.005902535859718272,5.999999999999993,154,2019
2019-07-31,0.005905069723822776,6.000000000000013,153,2019
2019-08-01,0.005889025659611641,5.999999999999995,152,2019
2019-08-02,0.005894049539072352,5.999999999999988,151,2019
2019-08-05,0.005906515783207672,6.000000000000002,148,2019
2019-08-06,0.00594711362517605,5.999999999999999,147,2019
2019-08-07,0.005955399977512571,6.000000000000003,146,2019
2019-08-08,0.0059655527082414115,5.999999999999999,145,2019
2019-08-09,0.006012505526836151,6.0000000000000036,144,2019
2019-08-12,0.006019420088204088,5.999999999999988,141,2019
2019-08-13,0.0060414467643489555,6.000000000000007,140,2019
2019-08-14,0.006033000422048572,6.000000000000011,139,2019
2019-08-15,0.006064063319669633,6.000000000000017,138,2019
2019-08-16,0.006087018017739123,6.000000000000019,137,2019
2019-08-19,0.006041606607860206,5.999999999999988,134,2019
2019-08-20,0.006028891482239413,5.999999999999991,133,2019
2019-08-21,0.006029458306911697,5.999999999999985,132,2019
2019-08-22,0.0060100175422456385,5.9999999999999805,131,2019
2019-08-23,0.00597259787548323,6.000000000000017,130,2019
2019-08-26,0.00594362543920705,5.999999999999997,127,2019
2019-08-27,0.005944840779191526,6.000000000000021,126,2019
2019-08-28,0.005939113394915896,5.999999999999985,125,2019
2019-08-29,0.0059340634286409915,6.00000000000002,124,2019
2019-08-30,0.005946786237764732,5.999999999999993,123,2019
2019-09-02,0.0059231382543345435,5.999999999999995,120,2019
2019-09-03,0.005917376968566466,5.999999999999995,119,2019
2019-09-04,0.0059129378166936425,5.999999999999991,118,2019
2019-09-05,0.005903098516491865,5.999999999999999,117,2019
2019-09-06,0.005871388133965374,6.000000000000009,116,2019
2019-09-09,0.005830921693208705,5.999999999999983,113,2019
2019-09-10,0.005822932457572021,6.000000000000005,112,2019
2019-09-11,0.005790773856496509,6.000000000000016,111,2019
2019-09-12,0.005790686883875784,5.999999999999999,110,2019
2019-09-13,0.005793185132277409,5.999999999999978,109,2019
2019-09-16,0.005799087714693296,5.999999999999975,106,2019
2019-09-17,0.005848967774720546,5.999999999999988,105,2019
2019-09-18,0.005862414242770353,6.000000000000007,104,2019
2019-09-19,0.005841760613555527,6.000000000000017,103,2019
2019-09-20,0.005870733294090162,6.0000000000000036,102,2019
2019-09-23,0.005871298607654598,5.999999999999997,99,2019
2019-09-24,0.0058779121151500005,5.999999999999985,98,2019
2019-09-25,0.0058694587245531485,5.999999999999992,97,2019
2019-09-26,0.005838956949350781,6.000000000000007,96,2019
2019-09-27,0.005864027945248566,5.999999999999993,95,2019
2019-09-30,0.00587674039295876,5.999999999999988,92,2019
2019-10-01,0.0058951248386610216,5.999999999999996,91,2019
2019-10-02,0.005907631601556324,5.999999999999988,90,2019
2019-10-03,0.005905373165828802,5.999999999999995,89,2019
2019-10-04,0.005889016794547973,5.999999999999989,88,2019
2019-10-07,0.0058473372739930056,5.999999999999995,85,2019
2019-10-08,0.005819610794067162,5.999999999999997,84,2019
2019-10-09,0.005769937576968296,6.000000000000005,83,2019
2019-10-10,0.005733743790766329,5.999999999999993,82,2019
2019-10-11,0.005739825692366497,5.999999999999992,81,2019
2019-10-14,0.005724515297569143,5.999999999999995,78,2019
2019-10-15,0.005724145643799283,5.999999999999993,77,2019
2019-10-16,0.00576146587369659,5.999999999999989,76,2019
2019-10-17,0.005782408262707712,5.999999999999991,75,2019
2019-10-18,0.005786686546944548,5.999999999999995,74,2019
2019-10-21,0.005778817079909853,5.999999999999985,71,2019
2019-10-22,0.005750315058867108,6.0,70,2019
2019-10-23,0.005727418031711661,5.999999999999996,69,2019
2019-10-24,0.005736073492825992,5.999999999999989,68,2019
2019-10-25,0.00575299730928018,5.999999999999999,67,2019
2019-10-28,0.005744838758873213,5.999999999999991,64,2019
2019-10-29,0.005732589320001947,6.000000000000007,63,2019
2019-10-30,0.0057433378219870134,5.999999999999995,62,2019
2019-10-31,0.0057263746868957905,5.999999999999985,61,2019
2019-11-01,0.005733149752296031,5.999999999999986,60,2019
2019-11-04,0.005752501443919542,5.999999999999999,57,2019
2019-11-05,0.005762674143155882,5.999999999999989,56,2019
2019-11-06,0.005784743526821789,5.999999999999986,55,2019
2019-11-07,0.00583068462012986,5.999999999999993,54,2019
2019-11-08,0.005827328994284149,5.999999999999991,53,2019
2019-11-11,0.005846111920492153,5.99999999999999,50,2019
2019-11-12,0.005867358132262176,5.999999999999989,49,2019
2019-11-13,0.005850041366308721,5.999999999999995,48,2019
2019-11-14,0.005818510934875688,5.999999999999951,47,2019
2019-11-15,0.005818210534725869,5.999999999999972,46,2019
2019-11-18,0.0058158829763066255,5.999999999999993,43,2019
2019-11-19,0.005853060796254964,5.999999999999989,42,2019
2019-11-20,0.005887569234306542,5.999999999999959,41,2019
2019-11-21,0.005880705324957698,5.999999999999986,40,2019
2019-11-22,0.005884890680564773,5.999999999999988,39,2019
2019-11-25,0.00591325905521513,5.999999999999975,36,2019
2019-11-26,0.005937387248767269,5.999999999999985,35,2019
2019-11-27,0.005930217236694077,5.999999999999995,34,2019
2019-11-28,0.005946016719860295,5.999999999999988,33,2019
2019-11-29,0.005996319523467577,5.99999999999999,32,2019
2019-12-02,0.00600765090877923,5.999999999999993,29,2019
2019-12-03,0.006022539873758829,5.999999999999991,28,2019
2019-12-04,0.006002051900188994,5.999999999999955,27,2019
2019-12-05,0.006033270405764214,5.999999999999992,26,2019
2019-12-06,0.005984276072649287,5.999999999999985,25,2019
2019-12-09,0.005994505054343242,5.999999999999991,22,2019
2019-12-10,0.006006179441943853,5.999999999999988,21,2019
2019-12-11,0.006053759537886242,5.999999999999972,20,2019
2019-12-12,0.006043531137902621,5.999999999999991,19,2019
2019-12-13,0.006044955715529392,5.9999999999999725,18,2019
2019-12-16,0.006030107975929912,5.999999999999981,15,2019
2019-12-17,0.0060576872597493175,5.999999999999975,14,2019
2019-12-18,,,13,2019
2019-12-19,,,12,2019
2019-12-20,,,11,2019
2019-12-23,,,8,2019
2019-12-24,,,7,2019
2019-12-25,,,6,2019
2019-12-26,,,5,2019
2019-12-27,,,4,2019
2019-12-30,,,1,2019
2019-12-31,,,0,2019
2020-01-01,,,365,2020
2020-01-02,,,364,2020
2020-01-03,,,363,2020
2020-01-06,,,360,2020
2020-01-07,,,359,2020
2020-01-08,,,358,2020
2020-01-09,,,357,2020
2020-01-10,,,356,2020
2020-01-13,,,353,2020
2020-01-14,,,352,2020
2020-01-15,,,351,2020
2020-01-16,,,350,2020
2020-01-17,,,349,2020
2020-01-20,,,346,2020
2020-01-21,,,345,2020
2020-01-22,,,344,2020
2020-01-23,,,343,2020
2020-01-24,,,342,2020
2020-01-27,,,339,2020
2020-01-28,,,338,2020
2020-01-29,,,337,2020
2020-01-30,,,336,2020
2020-01-31,,,335,2020
2020-02-03,,,332,2020
2020-02-04,,,331,2020
2020-02-05,,,330,2020
2020-02-06,,,329,2020
2020-02-07,,,328,2020
2020-02-10,,,325,2020
2020-02-11,,,324,2020
2020-02-12,,,323,2020
2020-02-13,,,322,2020
2020-02-14,,,321,2020
2020-02-17,,,318,2020
2020-02-18,,,317,2020
2020-02-19,,,316,2020
2020-02-20,,,315,2020
2020-02-21,,,314,2020
2020-02-24,,,311,2020
2020-02-25,,,310,2020
2020-02-26,,,309,2020
2020-02-27,,,308,2020
2020-02-28,,,307,2020
2020-03-02,,,304,2020
2020-03-03,,,303,2020
2020-03-04,,,302,2020
2020-03-05,,,301,2020
2020-03-06,,,300,2020
2020-03-09,,,297,2020
2020-03-10,,,296,2020
2020-03-11,,,295,2020
2020-03-12,,,294,2020
2020-03-13,,,293,2020
2020-03-16,,,290,2020
2020-03-17,,,289,2020
2020-03-18,,,288,2020
2020-03-19,,,287,2020
2020-03-20,,,286,2020
2020-03-23,,,283,2020
2020-03-24,,,282,2020
2020-03-25,,,281,2020
2020-03-26,,,280,2020
2020-03-27,,,279,2020
2020-03-30,,,276,2020
2020-03-31,,,275,2020
2020-04-01,,,274,2020
2020-04-02,,,273,2020
2020-04-03,0.006054687111037737,6.00000000000005,272,2020
2020-04-06,0.006067205625609671,6.000000000000029,269,2020
2020-04-07,0.006079929467185581,5.999999999999906,268,2020
2020-04-08,0.006109237195616748,6.000000000000058,267,2020
2020-04-09,0.006101159797697172,6.000000000000022,266,2020
2020-04-10,0.00609761404727992,5.999999999999985,265,2020
2020-04-13,0.0061147328730224125,5.9999999999999485,262,2020
2020-04-14,0.00608432458150491,5.999999999999969,261,2020
2020-04-15,0.0060836468881379484,5.999999999999952,260,2020
2020-04-16,0.0061154363032082555,5.999999999999958,259,2020
2020-04-17,0.006080707082301589,5.999999999999992,258,2020
2020-04-20,0.006091678230652415,6.0000000000000036,255,2020
2020-04-21,0.006070829629005101,5.999999999999964,254,2020
2020-04-22,0.006072764680019459,6.000000000000026,253,2020
2020-04-23,0.006032645205994371,5.99999999999999,252,2020
2020-04-24,0.006037794138653725,5.999999999999978,251,2020
2020-04-27,0.006037612122864057,6.00000000000009,248,2020
2020-04-28,0.006024735947290876,6.0000000000000675,247,2020
2020-04-29,0.006039258235097202,6.0,246,2020
2020-04-30,0.006013916230117063,6.000000000000036,245,2020
2020-05-01,0.00598152981935564,6.0000000000000355,244,2020
2020-05-04,0.00596920012799325,5.999999999999999,241,2020
2020-05-05,0.005954965178008648,6.000000000000069,240,2020
2020-05-06,0.005967515714284863,6.0000000000000355,239,2020
2020-05-07,0.005966855999994241,6.000000000000048,238,2020
2020-05-08,0.0059561001314838505,6.000000000000045,237,2020
2020-05-11,0.005910688212162774,6.0000000000000435,234,2020
2020-05-12,0.005905428667353231,6.000000000000022,233,2020
2020-05-13,0.005953321857648532,5.99999999999999,232,2020
2020-05-14,0.005960157701433577,5.9999999999999805,231,2020
2020-05-15,0.005931214128955409,5.9999999999999565,230,2020
2020-05-18,0.005871394285214053,6.000000000000043,227,2020
2020-05-19,0.005909944780398721,5.999999999999979,226,2020
2020-05-20,0.005930523280883506,6.000000000000026,225,2020
2020-05-21,0.00593307036478175,5.999999999999995,224,2020
2020-05-22,0.005921671518020011,6.000000000000036,223,2020
2020-05-25,0.005923114475110913,6.000000000000014,220,2020
2020-05-26,0.00590476625276699,6.000000000000051,219,2020
2020-05-27,0.005907557766886202,6.000000000000029,218,2020
2020-05-28,0.005887010334101859,6.00000000000003,217,2020
2020-05-29,0.00590151456910107,6.000000000000021,216,2020
2020-06-01,0.0059152314740381715,5.999999999999983,213,2020
2020-06-02,0.005953504404366193,6.00000000000004,212,2020
2020-06-03,0.005921699649238317,6.000000000000003,211,2020
2020-06-04,0.00590790316888979,6.000000000000071,210,2020
2020-06-05,0.005924927283537407,5.999999999999962,209,2020
2020-06-08,0.005963803171400008,5.999999999999954,206,2020
2020-06-09,0.005948158023567683,6.000000000000045,205,2020
2020-06-10,0.005953859295826841,6.000000000000115,204,2020
2020-06-11,0.005943295820817301,5.999999999999968,203,2020
2020-06-12,0.005942504809656745,6.000000000000052,202,2020
2020-06-15,0.005955219597962498,6.000000000000031,199,2020
2020-06-16,0.005960103122664467,6.000000000000019,198,2020
2020-06-17,0.005948782090040924,6.000000000000002,197,2020
2020-06-18,0.005931353414542,6.000000000000057,196,2020
2020-06-19,0.005935434787707908,6.000000000000012,195,2020
2020-06-22,0.005960240923464159,5.999999999999979,192,2020
2020-06-23,0.0059724683657935585,5.999999999999962,191,2020
2020-06-24,0.005958280642434198,6.000000000000021,190,2020
2020-06-25,0.005990729629737137,5.999999999999988,189,2020
2020-06-26,0.0060013639184760565,6.000000000000047,188,2020
2020-06-29,0.006057977267916859,6.000000000000042,185,2020
2020-06-30,0.006070125533367195,5.999999999999982,184,2020
2020-07-01,0.006060125670551873,5.999999999999974,183,2020
2020-07-02,0.0060797341544095536,6.0000000000000036,182,2020
2020-07-03,0.006085728255419608,5.999999999999996,181,2020
2020-07-06,0.006099196505864896,5.999999999999985,178,2020
2020-07-07,0.006068061895739171,5.999999999999988,177,2020
2020-07-08,0.006060125097899105,6.0,176,2020
2020-07-09,0.006040391468650108,6.000000000000013,175,2020
2020-07-10,0.006048772719213016,6.0000000000000515,174,2020
2020-07-13,0.006088513889836015,6.000000000000002,171,2020
2020-07-14,0.006081782291964782,5.999999999999959,170,2020
2020-07-15,0.00607824721208106,5.999999999999983,169,2020
2020-07-16,0.006075454763201666,6.000000000000032,168,2020
2020-07-17,0.006116337722609288,6.000000000000011,167,2020
2020-07-20,0.006083637813177942,5.9999999999999805,164,2020
2020-07-21,0.006115157603698132,5.999999999999992,163,2020
2020-07-22,0.006136563023075843,5.999999999999985,162,2020
2020-07-23,0.006103494404743434,6.000000000000014,161,2020
2020-07-24,0.006108205839968506,6.000000000000058,160,2020
2020-07-27,0.006130993185304617,6.000000000000005,157,2020
2020-07-28,0.00614390022921138,5.999999999999985,156,2020
2020-07-29,0.00613029716995554,6.000000000000004,155,2020
2020-07-30,0.0061532115752428364,5.999999999999997,154,2020
2020-07-31,0.006164086487001768,5.999999999999991,153,2020
2020-08-03,0.006148090948893093,6.000000000000013,150,2020
2020-08-04,0.0061489139677605095,5.999999999999988,149,2020
2020-08-05,0.006172607419879061,6.000000000000007,148,2020
2020-08-06,0.006137840074876128,5.999999999999993,147,2020
2020-08-07,0.006075300939417288,6.00000000000002,146,2020
2020-08-10,0.006055023286026188,5.999999999999966,143,2020
2020-08-11,0.006057499626971169,6.000000000000007,142,2020
2020-08-12,0.006093030556393479,5.999999999999993,141,2020
2020-08-13,0.006042546165043882,6.000000000000034,140,2020
2020-08-14,0.006025349483214285,6.000000000000052,139,2020
2020-08-17,0.006036386322911324,5.999999999999993,136,2020
2020-08-18,0.006017824180011246,6.0,135,2020
2020-08-19,0.006044309926094473,6.000000000000016,134,2020
2020-08-20,0.006065130333237574,6.0,133,2020
2020-08-21,0.006050769534120849,6.000000000000019,132,2020
2020-08-24,0.006065988627857619,6.000000000000034,129,2020
2020-08-25,0.006034685221527645,6.00000000000001,128,2020
2020-08-26,0.006033888612127717,5.999999999999993,127,2020
2020-08-27,0.006017656606865178,6.000000000000012,126,2020
2020-08-28,0.006008098363879522,5.999999999999997,125,2020
2020-08-31,0.006001844012301918,6.000000000000005,122,2020
2020-09-01,0.0060343086573577155,5.999999999999988,121,2020
2020-09-02,0.0060707760149448795,5.999999999999983,120,2020
2020-09-03,0.006011928241715593,6.000000000000002,119,2020
2020-09-04,0.00603851454091644,5.999999999999972,118,2020
2020-09-07,0.0060478252528113514,5.999999999999991,115,2020
2020-09-08,0.006058981875253846,5.999999999999968,114,2020
2020-09-09,0.0060813444449441985,5.999999999999972,113,2020
2020-09-10,0.00604810697059452,6.000000000000007,112,2020
2020-09-11,0.006065362683841744,5.9999999999999725,111,2020
2020-09-14,0.006050574415677681,5.999999999999974,108,2020
2020-09-15,0.006025557885879406,5.999999999999985,107,2020
2020-09-16,0.005979042616298693,5.999999999999992,106,2020
2020-09-17,0.005962958801051727,6.0,105,2020
2020-09-18,0.005971524145457673,6.000000000000009,104,2020
2020-09-21,0.0059554953826638675,5.999999999999969,101,2020
2020-09-22,0.00597054414156777,6.0,100,2020
2020-09-23,0.0059749306435582655,6.000000000000016,99,2020
2020-09-24,0.005914768875451779,6.000000000000007,98,2020
2020-09-25,0.005886989019530431,5.9999999999999565,97,2020
2020-09-28,0.00590667324870721,5.999999999999985,94,2020
2020-09-29,0.005910091884060982,6.00000000000002,93,2020
2020-09-30,0.005912193745443434,6.000000000000057,92,2020
2020-10-01,0.005905315752355658,6.000000000000014,91,2020
2020-10-02,0.0058715987901317,6.00000000000003,90,2020
2020-10-05,0.005881263493331499,6.0000000000000115,87,2020
2020-10-06,0.005837379832587629,6.000000000000031,86,2020
2020-10-07,0.005781063874630241,6.000000000000004,85,2020
2020-10-08,0.0057765070064659425,6.000000000000007,84,2020
2020-10-09,0.005800581746686233,5.999999999999947,83,2020
2020-10-12,0.0057476605659771305,5.999999999999988,80,2020
2020-10-13,0.005766545472489486,5.999999999999985,79,2020
2020-10-14,0.005746153353937892,6.000000000000002,78,2020
2020-10-15,0.005695814582812959,5.999999999999972,77,2020
2020-10-16,0.005676481184164068,5.999999999999962,76,2020
2020-10-19,0.005676027744141155,5.999999999999986,73,2020
2020-10-20,0.005661878736038318,5.999999999999985,72,2020
2020-10-21,0.005698296019202687,5.999999999999958,71,2020
2020-10-22,0.005696673230399744,5.999999999999985,70,2020
2020-10-23,0.005692031339283017,5.999999999999973,69,2020
2020-10-26,0.005698378726139914,5.999999999999953,66,2020
2020-10-27,0.005673171951462192,5.999999999999975,65,2020
2020-10-28,0.0056686325687278745,5.999999999999969,64,2020
2020-10-29,0.005707833019463501,5.999999999999969,63,2020
2020-10-30,0.00571287284626172,5.9999999999999565,62,2020
2020-11-02,0.005724582061325987,5.999999999999971,59,2020
2020-11-03,0.005737480831728532,5.999999999999979,58,2020
2020-11-04,0.005691266430733953,6.000000000000007,57,2020
2020-11-05,0.005703913374796541,5.999999999999963,56,2020
2020-11-06,0.005692327500715611,5.999999999999995,55,2020
2020-11-09,0.005714449439109248,5.999999999999979,52,2020
2020-11-10,0.005700734566896675,5.999999999999992,51,2020
2020-11-11,0.005684541532975007,6.000000000000026,50,2020
2020-11-12,0.005720828109596379,5.999999999999979,49,2020
2020-11-13,0.005729817473943623,6.0000000000000195,48,2020
2020-11-16,0.005724787306052809,6.000000000000009,45,2020
2020-11-17,0.0057149701011119085,5.999999999999975,44,2020
2020-11-18,0.005706621860509087,6.000000000000048,43,2020
2020-11-19,0.005752381177336683,5.999999999999966,42,2020
2020-11-20,0.005735766469386486,5.999999999999955,41,2020
2020-11-23,0.005743738643094982,5.999999999999968,38,2020
2020-11-24,0.005723918065417436,6.000000000000024,37,2020
2020-11-25,0.005720438542288728,5.999999999999983,36,2020
2020-11-26,0.005739051839680672,5.999999999999988,35,2020
2020-11-27,0.005746711052194737,5.999999999999985,34,2020
2020-11-30,0.00570911932400992,6.000000000000003,31,2020
2020-12-01,0.005731885774234367,5.999999999999992,30,2020
2020-12-02,0.005755149785343964,5.9999999999999485,29,2020
2020-12-03,0.005721867489010893,5.999999999999999,28,2020
2020-12-04,0.005700224414617375,5.9999999999999565,27,2020
2020-12-07,0.0057188661305808165,5.999999999999962,24,2020
2020-12-08,0.0057339880515262535,5.99999999999999,23,2020
2020-12-09,0.005690426366770725,5.999999999999942,22,2020
2020-12-10,0.005670109853627485,5.999999999999922,21,2020
2020-12-11,0.005658661622163082,5.999999999999935,20,2020
2020-12-14,0.005660812001931986,5.999999999999953,17,2020
2020-12-15,0.005667379953121173,5.9999999999999165,16,2020
2020-12-16,0.0056774553374801025,5.999999999999979,15,2020
2020-12-17,0.005639256423565644,5.9999999999999485,14,2020
2020-12-18,,,13,2020
2020-12-21,,,10,2020
2020-12-22,,,9,2020
2020-12-23,,,8,2020
2020-12-24,,,7,2020
2020-12-25,,,6,2020
2020-12-28,,,3,2020
2020-12-29,,,2,2020
2020-12-30,,,1,2020
2020-12-31,,,0,2020
2021-01-01,,,364,2021
2021-01-04,,,361,2021
2021-01-05,,,360,2021
2021-01-06,,,359,2021
2021-01-07,,,358,2021
2021-01-08,,,357,2021
2021-01-11,,,354,2021
2021-01-12,,,353,2021
2021-01-13,,,352,2021
2021-01-14,,,351,2021
2021-01-15,,,350,2021
2021-01-18,,,347,2021
2021-01-19,,,346,2021
2021-01-20,,,345,2021
2021-01-21,,,344,2021
2021-01-22,,,343,2021
2021-01-25,,,340,2021
2021-01-26,,,339,2021
2021-01-27,,,338,2021
2021-01-28,,,337,2021
2021-01-29,,,336,2021
2021-02-01,,,333,2021
2021-02-02,,,332,2021
2021-02-03,,,331,2021
2021-02-04,,,330,2021
2021-02-05,,,329,2021
2021-02-08,,,326,2021
2021-02-09,,,325,2021
2021-02-10,,,324,2021
2021-02-11,,,323,2021
2021-02-12,,,322,2021
2021-02-15,,,319,2021
2021-02-16,,,318,2021
2021-02-17,,,317,2021
2021-02-18,,,316,2021
2021-02-19,,,315,2021
2021-02-22,,,312,2021
2021-02-23,,,311,2021
2021-02-24,,,310,2021
2021-02-25,,,309,2021
2021-02-26,,,308,2021
2021-03-01,,,305,2021
2021-03-02,,,304,2021
2021-03-03,,,303,2021
2021-03-04,,,302,2021
2021-03-05,,,301,2021
2021-03-08,,,298,2021
2021-03-09,,,297,2021
2021-03-10,,,296,2021
2021-03-11,,,295,2021
2021-03-12,,,294,2021
2021-03-15,,,291,2021
2021-03-16,,,290,2021
2021-03-17,,,289,2021
2021-03-18,,,288,2021
2021-03-19,,,287,2021
2021-03-22,,,284,2021
2021-03-23,,,283,2021
2021-03-24,,,282,2021
2021-03-25,,,281,2021
2021-03-26,,,280,2021
2021-03-29,,,277,2021
2021-03-30,,,276,2021
2021-03-31,,,275,2021
2021-04-01,,,274,2021
2021-04-02,,,273,2021
2021-04-05,0.005418192426838523,5.999999999999947,270,2021
2021-04-06,0.005386769520815523,6.000000000000013,269,2021
2021-04-07,0.005383123622729408,6.0000000000000195,268,2021
2021-04-08,0.0053682846009332945,6.000000000000007,267,2021
2021-04-09,0.0053741914851859265,6.00000000000003,266,2021
2021-04-12,0.0053423369961041155,6.0000000000000435,263,2021
2021-04-13,0.005338784834281446,5.999999999999988,262,2021
2021-04-14,0.005309658586131433,6.000000000000026,261,2021
2021-04-15,0.0052659633737725834,6.00000000000005,260,2021
2021-04-16,0.005306340766913935,6.0000000000000595,259,2021
2021-04-19,0.005288753258974421,5.999999999999985,256,2021
2021-04-20,0.0052869504696972216,5.999999999999988,255,2021
2021-04-21,0.005268028555678401,5.999999999999995,254,2021
2021-04-22,0.005301922246120438,6.000000000000023,253,2021
2021-04-23,0.005282919431989755,6.000000000000007,252,2021
2021-04-26,0.005299409605985274,6.000000000000009,249,2021
2021-04-27,0.0053237812896010876,6.000000000000024,248,2021
2021-04-28,0.0053094595793116706,6.000000000000009,247,2021
2021-04-29,0.005300601928693935,6.000000000000026,246,2021
2021-04-30,0.005294625486573562,6.000000000000076,245,2021
2021-05-03,0.0052637051363492345,6.000000000000055,242,2021
2021-05-04,0.0052945086812970134,6.00000000000003,241,2021
2021-05-05,0.005295412813012665,5.999999999999997,240,2021
2021-05-06,0.005277359748358271,6.000000000000048,239,2021
2021-05-07,0.005274294838593722,6.000000000000016,238,2021
2021-05-10,0.005264431577629315,6.000000000000023,235,2021
2021-05-11,0.005269405150157651,6.000000000000064,234,2021
2021-05-12,0.005297322876326308,6.000000000000026,233,2021
2021-05-13,0.005331182870771058,6.000000000000058,232,2021
2021-05-14,0.005331747697468844,6.000000000000029,231,2021
2021-05-17,0.005344406700736265,6.000000000000062,228,2021
2021-05-18,0.00531933445381448,6.0000000000000675,227,2021
2021-05-19,0.0053156955749900404,5.999999999999989,226,2021
2021-05-20,0.005294966031042582,6.0000000000000595,225,2021
2021-05-21,0.005314056678238992,6.000000000000026,224,2021
2021-05-24,0.005292199359118191,6.000000000000003,221,2021
2021-05-25,0.0053079210718088065,6.000000000000052,220,2021
2021-05-26,0.005325604159064129,5.999999999999976,219,2021
2021-05-27,0.0053272713423004265,5.999999999999959,218,2021
2021-05-28,0.005314599367166611,5.999999999999935,217,2021
2021-05-31,0.005332081107255454,5.999999999999927,214,2021
2021-06-01,0.0052967326685292955,5.999999999999953,213,2021
2021-06-02,0.005303969780889578,6.000000000000013,212,2021
2021-06-03,0.005292918580287697,5.999999999999996,211,2021
2021-06-04,0.005354462859169347,5.999999999999988,210,2021
2021-06-07,0.00538929173191308,6.0,207,2021
2021-06-08,0.005394991334255447,6.000000000000026,206,2021
2021-06-09,0.005380166327052173,6.0000000000000835,205,2021
2021-06-10,0.005396450973180871,6.00000000000007,204,2021
2021-06-11,0.005403280868608216,5.999999999999963,203,2021
2021-06-14,0.005375657087729729,6.000000000000048,200,2021
2021-06-15,0.005374937575634873,6.000000000000082,199,2021
2021-06-16,0.005351374055399735,5.999999999999995,198,2021
2021-06-17,0.005368430054097162,5.999999999999923,197,2021
2021-06-18,0.005362477231413018,6.000000000000014,196,2021
2021-06-21,0.00536766068156441,5.9999999999999645,193,2021
2021-06-22,0.0053572000692359255,6.000000000000061,192,2021
2021-06-23,0.005357493774049903,5.999999999999972,191,2021
2021-06-24,0.005369097766552503,5.999999999999982,190,2021
2021-06-25,0.005356741321517134,5.999999999999979,189,2021
2021-06-28,0.0053562929602446385,5.999999999999974,186,2021
2021-06-29,0.005357418012649171,6.0000000000000355,185,2021
2021-06-30,0.005361971147126193,5.999999999999969,184,2021
2021-07-01,0.005335283264378562,5.99999999999992,183,2021
2021-07-02,0.005314460224323475,5.999999999999979,182,2021
2021-07-05,0.0053201085648961,6.000000000000053,179,2021
2021-07-06,0.00533314879347158,6.0,178,2021
2021-07-07,0.005352580152703738,5.999999999999995,177,2021
2021-07-08,0.005337225721946547,5.999999999999991,176,2021
2021-07-09,0.005306055405173771,5.999999999999978,175,2021
2021-07-12,0.005317587189209571,6.000000000000026,172,2021
2021-07-13,0.00531799278392565,6.000000000000026,171,2021
2021-07-14,0.0053039691142547215,6.0,170,2021
2021-07-15,0.0053101767819769795,6.000000000000012,169,2021
2021-07-16,0.005302113047337873,5.999999999999985,168,2021
2021-07-19,0.005326950083342917,6.000000000000028,165,2021
2021-07-20,0.0053224958020808115,6.000000000000026,164,2021
2021-07-21,0.005334929236605287,5.999999999999986,163,2021
2021-07-22,0.005359737423957155,5.9999999999999645,162,2021
2021-07-23,0.00538601402972214,6.000000000000003,161,2021
2021-07-26,0.005392052790997192,5.9999999999999725,158,2021
2021-07-27,0.005389426191704689,6.00000000000002,157,2021
2021-07-28,0.005365744329417587,6.000000000000079,156,2021
2021-07-29,0.005398021745286359,5.999999999999978,155,2021
2021-07-30,0.005413147161288203,6.000000000000017,154,2021
2021-08-02,0.005417521883338398,6.000000000000014,151,2021
2021-08-03,0.005392800525079825,5.999999999999986,150,2021
2021-08-04,0.0054141784230609166,6.000000000000032,149,2021
2021-08-05,0.0054294167743837085,5.999999999999988,148,2021
2021-08-06,0.005425583216928037,5.999999999999981,147,2021
2021-08-09,0.005432475582205777,6.000000000000023,144,2021
2021-08-10,0.005478642229087401,6.000000000000036,143,2021
2021-08-11,0.0054768838763085675,6.000000000000003,142,2021
2021-08-12,0.0054780398591281225,6.00000000000001,141,2021
2021-08-13,0.005494444286383933,6.000000000000028,140,2021
2021-08-16,0.005502443770462191,6.000000000000016,137,2021
2021-08-17,0.00548207089515355,6.000000000000013,136,2021
2021-08-18,0.005494264566711206,6.000000000000001,135,2021
2021-08-19,0.005512332187491621,6.000000000000022,134,2021
2021-08-20,0.005518845659309303,5.999999999999986,133,2021
2021-08-23,0.005552234011551631,6.0000000000000435,130,2021
2021-08-24,0.005549003067903517,5.999999999999975,129,2021
2021-08-25,0.005545530903477847,6.000000000000013,128,2021
2021-08-26,0.005563888050069103,6.000000000000028,127,2021
2021-08-27,0.00553491790447437,6.000000000000004,126,2021
2021-08-30,0.0055456498696333624,6.000000000000051,123,2021
2021-08-31,0.005532470282821475,6.000000000000045,122,2021
2021-09-01,0.005577944009823094,5.999999999999991,121,2021
2021-09-02,0.005556972575338263,6.000000000000019,120,2021
2021-09-03,0.005521078934134626,5.999999999999979,119,2021
2021-09-06,0.005511242370969517,6.000000000000019,116,2021
2021-09-07,0.005502980671728405,6.000000000000034,115,2021
2021-09-08,0.005501204054134761,6.000000000000029,114,2021
2021-09-09,0.005469091585852547,6.000000000000024,113,2021
2021-09-10,0.005504922872968418,5.999999999999992,112,2021
2021-09-13,0.00551369977036065,6.000000000000002,109,2021
2021-09-14,0.005515668373367748,6.000000000000023,108,2021
2021-09-15,0.005548101979575683,6.000000000000007,107,2021
2021-09-16,0.005555864319606754,6.000000000000016,106,2021
2021-09-17,0.0055989970491494,6.000000000000003,105,2021
2021-09-20,0.00555860005097122,5.999999999999995,102,2021
2021-09-21,0.005601783065319476,5.999999999999986,101,2021
2021-09-22,0.005653769249180283,5.999999999999992,100,2021
2021-09-23,0.0056713839025952645,6.000000000000023,99,2021
2021-09-24,0.005678833283515952,5.999999999999972,98,2021
2021-09-27,0.005681723588212743,5.999999999999986,95,2021
2021-09-28,0.0056970119553826,5.999999999999988,94,2021
2021-09-29,0.005725790254629961,6.00000000000001,93,2021
2021-09-30,0.005749354171379318,5.999999999999966,92,2021
2021-10-01,0.005760880284545554,5.999999999999969,91,2021
2021-10-04,0.005763546609086179,5.9999999999999645,88,2021
2021-10-05,0.005762925242745075,5.999999999999991,87,2021
2021-10-06,0.005707561113340519,5.999999999999965,86,2021
2021-10-07,0.005728002339289511,5.999999999999961,85,2021
2021-10-08,0.005751755019722234,5.999999999999965,84,2021
2021-10-11,0.005751690963709043,5.9999999999999805,81,2021
2021-10-12,0.005765475026117882,5.9999999999999645,80,2021
2021-10-13,0.005790551464189238,5.999999999999964,79,2021
2021-10-14,0.0057765931340517775,5.9999999999999645,78,2021
2021-10-15,0.005761646460132817,6.0000000000000036,77,2021
2021-10-18,0.0058055169836634425,5.999999999999959,74,2021
2021-10-19,0.0057799199770365815,5.999999999999974,73,2021
2021-10-20,0.005778036233012958,5.999999999999972,72,2021
2021-10-21,0.0057674012617863635,5.999999999999981,71,2021
2021-10-22,0.005737100376196185,5.999999999999969,70,2021
2021-10-25,0.005704634144330666,5.999999999999973,67,2021
2021-10-26,0.005674687357047447,5.999999999999972,66,2021
2021-10-27,0.005683817828234433,5.999999999999979,65,2021
2021-10-28,0.005631026855728451,5.999999999999974,64,2021
2021-10-29,0.0055958240728824805,5.999999999999988,63,2021
2021-11-01,0.005564269539382891,6.000000000000002,60,2021
2021-11-02,0.005594207743217728,5.9999999999999805,59,2021
2021-11-03,0.005578354616557757,5.999999999999974,58,2021
2021-11-04,0.0055766758783140705,5.999999999999985,57,2021
2021-11-05,0.005599301502515582,5.999999999999991,56,2021
2021-11-08,0.005612080438110077,5.999999999999995,53,2021
2021-11-09,0.005619124419608405,5.999999999999979,52,2021
2021-11-10,0.005588532000152922,5.999999999999988,51,2021
2021-11-11,0.0056118303868982694,5.999999999999985,50,2021
2021-11-12,0.005610770227539904,5.999999999999975,49,2021
2021-11-15,0.0056235328828323885,5.999999999999986,46,2021
2021-11-16,0.005617761173703094,5.999999999999983,45,2021
2021-11-17,0.0056287582571510515,5.999999999999941,44,2021
2021-11-18,0.005642016833181239,5.999999999999959,43,2021
2021-11-19,0.00569799113700285,6.000000000000001,42,2021
2021-11-22,0.005691691372129638,5.99999999999999,39,2021
2021-11-23,0.005666628772599966,5.999999999999996,38,2021
2021-11-24,0.005645769913042835,5.999999999999985,37,2021
2021-11-25,0.005602770397218898,5.999999999999982,36,2021
2021-11-26,0.0056014091662674945,6.000000000000002,35,2021
2021-11-29,0.005596048916720214,5.999999999999982,32,2021
2021-11-30,0.005604134599237061,5.999999999999961,31,2021
2021-12-01,0.005562941301817315,5.999999999999952,30,2021
2021-12-02,0.005598392948110853,5.999999999999953,29,2021
2021-12-03,0.005638873234645053,5.999999999999985,28,2021
2021-12-06,0.005609597554410141,5.999999999999975,25,2021
2021-12-07,0.005602948124021507,5.999999999999942,24,2021
2021-12-08,0.005645137579667193,5.9999999999999805,23,2021
2021-12-09,0.005636423870923544,5.999999999999982,22,2021
2021-12-10,0.0056264623141523765,5.999999999999954,21,2021
2021-12-13,0.0056178391280088755,5.999999999999996,18,2021
2021-12-14,0.0056293090200813896,5.999999999999962,17,2021
2021-12-15,0.005631502604822276,5.999999999999973,16,2021
2021-12-16,0.005651835767935433,5.999999999999988,15,2021
2021-12-17,0.005685547469181597,5.999999999999971,14,2021
2021-12-20,,,11,2021
2021-12-21,,,10,2021
2021-12-22,,,9,2021
2021-12-23,,,8,2021
2021-12-24,,,7,2021
2021-12-27,,,4,2021
2021-12-28,,,3,2021
2021-12-29,,,2,2021
2021-12-30,,,1,2021
2021-12-31,,,0,2021
2022-01-03,,,362,2022
2022-01-04,,,361,2022
2022-01-05,,,360,2022
2022-01-06,,,359,2022
2022-01-07,,,358,2022
2022-01-10,,,355,2022
2022-01-11,,,354,2022
2022-01-12,,,353,2022
2022-01-13,,,352,2022
2022-01-14,,,351,2022
2022-01-17,,,348,2022
2022-01-18,,,347,2022
2022-01-19,,,346,2022
2022-01-20,,,345,2022
2022-01-21,,,344,2022
2022-01-24,,,341,2022
2022-01-25,,,340,2022
2022-01-26,,,339,2022
2022-01-27,,,338,2022
2022-01-28,,,337,2022
2022-01-31,,,334,2022
2022-02-01,,,333,2022
2022-02-02,,,332,2022
2022-02-03,,,331,2022
2022-02-04,,,330,2022
2022-02-07,,,327,2022
2022-02-08,,,326,2022
2022-02-09,,,325,2022
2022-02-10,,,324,2022
2022-02-11,,,323,2022
2022-02-14,,,320,2022
2022-02-15,,,319,2022
2022-02-16,,,318,2022
2022-02-17,,,317,2022
2022-02-18,,,316,2022
2022-02-21,,,313,2022
2022-02-22,,,312,2022
2022-02-23,,,311,2022
2022-02-24,,,310,2022
2022-02-25,,,309,2022
2022-02-28,,,306,2022
2022-03-01,,,305,2022
2022-03-02,,,304,2022
2022-03-03,,,303,2022
2022-03-04,,,302,2022
2022-03-07,,,299,2022
2022-03-08,,,298,2022
2022-03-09,,,297,2022
2022-03-10,,,296,2022
2022-03-11,,,295,2022
2022-03-14,,,292,2022
2022-03-15,,,291,2022
2022-03-16,,,290,2022
2022-03-17,,,289,2022
2022-03-18,,,288,2022
2022-03-21,,,285,2022
2022-03-22,,,284,2022
2022-03-23,,,283,2022
2022-03-24,,,282,2022
2022-03-25,,,281,2022
2022-03-28,,,278,2022
2022-03-29,,,277,2022
2022-03-30,,,276,2022
2022-03-31,,,275,2022
2022-04-01,,,274,2022
2022-04-04,0.00587016436315534,6.000000000000027,271,2022
2022-04-05,0.005893538241150881,5.999999999999951,270,2022
2022-04-06,0.005933621972630159,5.999999999999997,269,2022
2022-04-07,0.005955593453450275,5.999999999999965,268,2022
2022-04-08,0.005958121573893504,5.999999999999985,267,2022
2022-04-11,0.005975561411087459,6.000000000000048,264,2022
2022-04-12,0.006004907805965406,5.999999999999985,263,2022
2022-04-13,0.006023230447800542,6.000000000000042,262,2022
2022-04-14,0.006068022009649804,5.999999999999945,261,2022
2022-04-15,0.006015751532964236,5.999999999999968,260,2022
2022-04-18,0.0060554093075701814,6.000000000000042,257,2022
2022-04-19,0.0060327098833255965,6.000000000000011,256,2022
2022-04-20,0.006013572049463239,6.000000000000041,255,2022
2022-04-21,0.005981472152466048,6.000000000000043,254,2022
2022-04-22,0.0059663632153524136,6.000000000000038,253,2022
2022-04-25,0.005937305579968516,5.999999999999962,250,2022
2022-04-26,0.005958157421930751,6.000000000000011,249,2022
2022-04-27,0.005936187256123329,5.99999999999999,248,2022
2022-04-28,0.005907011480839435,6.0000000000000355,247,2022
2022-04-29,0.00590265469082773,6.000000000000002,246,2022
2022-05-02,0.00586589839787636,6.000000000000019,243,2022
2022-05-03,0.00585880936946803,6.000000000000014,242,2022
2022-05-04,0.005844356315932691,6.000000000000042,241,2022
2022-05-05,0.005807241493442723,6.000000000000058,240,2022
2022-05-06,0.005829815160781085,5.999999999999962,239,2022
2022-05-09,0.005800674419110877,5.999999999999995,236,2022
2022-05-10,0.005816432611857494,5.999999999999981,235,2022
2022-05-11,0.005831737254702992,5.999999999999959,234,2022
2022-05-12,0.005879011404935345,6.0,233,2022
2022-05-13,0.005882625834527771,5.999999999999975,232,2022
2022-05-16,0.005889582618215977,6.000000000000078,229,2022
2022-05-17,0.005896239280546256,6.0000000000000435,228,2022
2022-05-18,0.005897013567686516,6.0000000000000036,227,2022
2022-05-19,0.0058884170182144065,6.000000000000069,226,2022
2022-05-20,0.005866789655242042,6.000000000000023,225,2022
2022-05-23,0.005852487190164453,6.0000000000000515,222,2022
2022-05-24,0.0058781856449092625,6.000000000000024,221,2022
2022-05-25,0.005862016574979101,5.999999999999931,220,2022
2022-05-26,0.005841984475670355,6.000000000000045,219,2022
2022-05-27,0.005851585787881679,5.999999999999914,218,2022
2022-05-30,0.005884838486217144,5.9999999999999485,215,2022
2022-05-31,0.005873638730798821,5.999999999999979,214,2022
2022-06-01,0.005838992811393745,5.999999999999997,213,2022
2022-06-02,0.005841649290851491,6.000000000000045,212,2022
2022-06-03,0.005902311306891756,5.999999999999942,211,2022
2022-06-06,0.00587754574091247,6.000000000000041,208,2022
2022-06-07,0.005876520381413401,5.999999999999958,207,2022
2022-06-08,0.0058735752123248225,5.999999999999969,206,2022
2022-06-09,0.005860822542209092,6.00000000000003,205,2022
2022-06-10,0.005849473029396736,6.000000000000009,204,2022
2022-06-13,0.005852998721413937,6.00000000000001,201,2022
2022-06-14,0.005864290336084803,5.99999999999999,200,2022
2022-06-15,0.005868615709459765,6.0000000000000195,199,2022
2022-06-16,0.005870109837107707,5.999999999999968,198,2022
2022-06-17,0.005888409535008394,5.999999999999906,197,2022
2022-06-20,0.005890151033920475,5.9999999999999405,194,2022
2022-06-21,0.005891157333948204,5.999999999999996,193,2022
2022-06-22,0.005887441235115923,5.999999999999969,192,2022
2022-06-23,0.005859004073555405,5.999999999999902,191,2022
2022-06-24,0.005890811496365463,6.00000000000001,190,2022
2022-06-27,0.005911654947173229,6.000000000000086,187,2022
2022-06-28,0.005905862337361368,5.999999999999912,186,2022
2022-06-29,0.00591392209645718,6.000000000000042,185,2022
2022-06-30,0.0059176505613585065,6.0000000000000835,184,2022
2022-07-01,0.005924828301966589,5.999999999999993,183,2022
2022-07-04,0.0059287650685023565,6.000000000000022,180,2022
2022-07-05,0.005927591001911355,6.0000000000000195,179,2022
2022-07-06,0.005921425868136963,6.000000000000007,178,2022
2022-07-07,0.0058896853480375115,5.99999999999995,177,2022
2022-07-08,0.005946876001762617,5.99999999999992,176,2022
2022-07-11,0.00593642694243567,6.000000000000017,173,2022
2022-07-12,0.005952366104361135,5.999999999999989,172,2022
2022-07-13,0.00596682150979694,5.99999999999999,171,2022
2022-07-14,0.005969222044089382,6.000000000000003,170,2022
2022-07-15,0.005963429339268166,5.999999999999943,169,2022
2022-07-18,0.005973917291813314,6.0,166,2022
2022-07-19,0.005979444263453308,5.999999999999985,165,2022
2022-07-20,0.005981169881495374,6.000000000000074,164,2022
2022-07-21,0.005984112754087313,6.000000000000028,163,2022
2022-07-22,0.005959914739973134,6.000000000000064,162,2022
2022-07-25,0.005974411439921441,6.000000000000016,159,2022
2022-07-26,0.005920263880359613,6.000000000000027,158,2022
2022-07-27,0.005903761034984143,5.999999999999985,157,2022
2022-07-28,0.005859998791135121,6.000000000000048,156,2022
2022-07-29,0.005840253689073286,5.999999999999995,155,2022
2022-08-01,0.005859439066482071,5.9999999999999805,152,2022
2022-08-02,0.005845321955329128,5.999999999999973,151,2022
2022-08-03,0.0059132308220305576,5.999999999999991,150,2022
2022-08-04,0.005900529786747329,6.0000000000000036,149,2022
2022-08-05,0.005915591640247342,6.000000000000001,148,2022
2022-08-08,0.005911551651908738,6.000000000000047,145,2022
2022-08-09,0.005932501267929407,6.000000000000009,144,2022
2022-08-10,0.005913431576359634,6.000000000000028,143,2022
2022-08-11,0.005918557752901482,5.999999999999996,142,2022
2022-08-12,0.005906720350411878,6.000000000000063,141,2022
2022-08-15,0.005891508012873764,6.000000000000011,138,2022
2022-08-16,0.005924008664598455,6.0000000000000115,137,2022
2022-08-17,0.005915920239631574,6.000000000000014,136,2022
2022-08-18,0.005937600443180219,6.00000000000003,135,2022
2022-08-19,0.005942869684784635,6.000000000000016,134,2022
2022-08-22,0.005947678561594638,5.9999999999999805,131,2022
2022-08-23,0.005937189076397508,6.00000000000003,130,2022
2022-08-24,0.005922702108650374,5.999999999999986,129,2022
2022-08-25,0.005932501491370089,6.00000000000005,128,2022
2022-08-26,0.005948665260422618,6.00000000000004,127,2022
2022-08-29,0.005959420259784849,6.0000000000000115,124,2022
2022-08-30,0.005956375400101998,6.000000000000038,123,2022
2022-08-31,0.00595057681924633,6.000000000000084,122,2022
2022-09-01,0.005958655740316272,5.999999999999985,121,2022
2022-09-02,0.005943593243920781,6.00000000000001,120,2022
2022-09-05,0.00593573894436542,6.000000000000067,117,2022
2022-09-06,0.00588600762344478,6.000000000000012,116,2022
2022-09-07,0.005868116466345498,5.999999999999996,115,2022
2022-09-08,0.005904375579069666,6.00000000000003,114,2022
2022-09-09,0.005874089578506167,5.999999999999966,113,2022
2022-09-12,0.005879456809903662,6.000000000000003,110,2022
2022-09-13,0.005897040335706705,6.00000000000001,109,2022
2022-09-14,0.005915401072410008,6.000000000000032,108,2022
2022-09-15,0.005907286693796132,5.999999999999995,107,2022
2022-09-16,0.0059101795206794915,6.000000000000002,106,2022
2022-09-19,0.005880888211334638,6.000000000000054,103,2022
2022-09-20,0.005923850103708127,6.000000000000014,102,2022
2022-09-21,0.005913267294748519,6.000000000000016,101,2022
2022-09-22,0.0058864073762065795,6.000000000000011,100,2022
2022-09-23,0.005918149699074249,5.999999999999989,99,2022
2022-09-26,0.0059375538909209125,6.000000000000042,96,2022
2022-09-27,0.005933877577344086,5.999999999999985,95,2022
2022-09-28,0.005949701238518042,6.000000000000007,94,2022
2022-09-29,0.0059476092454096305,5.999999999999993,93,2022
2022-09-30,0.005964853912489105,5.999999999999986,92,2022
2022-10-03,0.00596544626973979,5.999999999999997,89,2022
2022-10-04,0.005973993872747719,5.999999999999971,88,2022
2022-10-05,0.006021888520147253,5.999999999999973,87,2022
2022-10-06,0.006010788022896334,5.999999999999968,86,2022
2022-10-07,0.005978394813714721,5.999999999999959,85,2022
2022-10-10,0.005961554458007843,5.9999999999999805,82,2022
2022-10-11,0.005952819945349306,5.999999999999988,81,2022
2022-10-12,0.005942808978807406,5.999999999999964,80,2022
2022-10-13,0.005949549882236395,5.999999999999996,79,2022
2022-10-14,0.005926335227242793,5.999999999999995,78,2022
2022-10-17,0.0059072241023018085,5.9999999999999645,75,2022
2022-10-18,0.005922384129711709,5.999999999999982,74,2022
2022-10-19,0.005934571165300236,6.000000000000002,73,2022
2022-10-20,0.005941997903236213,6.00000000000001,72,2022
2022-10-21,0.005939864316928932,6.000000000000003,71,2022
2022-10-24,0.00595598253655674,5.999999999999982,68,2022
2022-10-25,0.005922475439778939,6.000000000000003,67,2022
2022-10-26,0.005952021071412116,6.000000000000017,66,2022
2022-10-27,0.005960223950742223,5.999999999999964,65,2022
2022-10-28,0.005934611646205217,6.000000000000026,64,2022
2022-10-31,0.005890785395424988,6.000000000000011,61,2022
2022-11-01,0.0058846311620475685,5.999999999999992,60,2022
2022-11-02,0.00590481569533118,5.999999999999992,59,2022
2022-11-03,0.005905305457171762,6.00000000000001,58,2022
2022-11-04,0.005917635611238465,5.999999999999985,57,2022
2022-11-07,0.005903103449705663,6.000000000000026,54,2022
2022-11-08,0.00593764923218895,5.999999999999997,53,2022
2022-11-09,0.005915968578406288,5.999999999999996,52,2022
2022-11-10,0.005916504006953334,6.000000000000029,51,2022
2022-11-11,0.005897157417192957,5.9999999999999805,50,2022
2022-11-14,0.005892240819993127,5.999999999999943,47,2022
2022-11-15,0.005877354635577128,6.00000000000002,46,2022
2022-11-16,0.005894453208248344,5.999999999999992,45,2022
2022-11-17,0.005940713784091225,5.999999999999989,44,2022
2022-11-18,0.005905694269601184,5.9999999999999565,43,2022
2022-11-21,0.005893793181432553,6.000000000000005,40,2022
2022-11-22,0.005914779813266816,6.000000000000014,39,2022
2022-11-23,0.005937578730970368,6.000000000000003,38,2022
2022-11-24,0.005902379233409127,5.999999999999988,37,2022
2022-11-25,0.005942996099661101,5.9999999999999805,36,2022
2022-11-28,0.005900322647548626,6.000000000000011,33,2022
2022-11-29,0.005915867242367812,6.000000000000013,32,2022
2022-11-30,0.005919385832575048,6.000000000000009,31,2022
2022-12-01,0.0059220682563059035,5.999999999999985,30,2022
2022-12-02,0.0058917582585661,5.999999999999981,29,2022
2022-12-05,0.005869959405229427,5.999999999999959,26,2022
2022-12-06,0.005840875667927974,6.000000000000019,25,2022
2022-12-07,0.005851726198268195,5.999999999999959,24,2022
2022-12-08,0.005863334179395727,5.999999999999922,23,2022
2022-12-09,0.005889238929954028,5.999999999999963,22,2022
2022-12-12,0.005891101344952322,5.999999999999947,19,2022
2022-12-13,0.005876188803042817,5.999999999999981,18,2022
2022-12-14,0.005874826691443031,6.000000000000002,17,2022
2022-12-15,0.005878697576753983,5.999999999999986,16,2022
2022-12-16,0.005870938135840219,5.999999999999965,15,2022
2022-12-19,,,12,2022
2022-12-20,,,11,2022
2022-12-21,,,10,2022
2022-12-22,,,9,2022
2022-12-23,,,8,2022
2022-12-26,,,5,2022
2022-12-27,,,4,2022
2022-12-28,,,3,2022
2022-12-29,,,2,2022
2022-12-30,,,1,2022
2023-01-02,,,363,2023
2023-01-03,,,362,2023
2023-01-04,,,361,2023
2023-01-05,,,360,2023
2023-01-06,,,359,2023
2023-01-09,,,356,2023
2023-01-10,,,355,2023
2023-01-11,,,354,2023
2023-01-12,,,353,2023
2023-01-13,,,352,2023
2023-01-16,,,349,2023
2023-01-17,,,348,2023
2023-01-18,,,347,2023
2023-01-19,,,346,2023
2023-01-20,,,345,2023
2023-01-23,,,342,2023
2023-01-24,,,341,2023
2023-01-25,,,340,2023
2023-01-26,,,339,2023
2023-01-27,,,338,2023
2023-01-30,,,335,2023
2023-01-31,,,334,2023
2023-02-01,,,333,2023
2023-02-02,,,332,2023
2023-02-03,,,331,2023
2023-02-06,,,328,2023
2023-02-07,,,327,2023
2023-02-08,,,326,2023
2023-02-09,,,325,2023
2023-02-10,,,324,2023
2023-02-13,,,321,2023
2023-02-14,,,320,2023
2023-02-15,,,319,2023
2023-02-16,,,318,2023
2023-02-17,,,317,2023
2023-02-20,,,314,2023
2023-02-21,,,313,2023
2023-02-22,,,312,2023
2023-02-23,,,311,2023
2023-02-24,,,310,2023
2023-02-27,,,307,2023
2023-02-28,,,306,2023
2023-03-01,,,305,2023
2023-03-02,,,304,2023
2023-03-03,,,303,2023
2023-03-06,,,300,2023
2023-03-07,,,299,2023
2023-03-08,,,298,2023
2023-03-09,,,297,2023
2023-03-10,,,296,2023
2023-03-13,,,293,2023
2023-03-14,,,292,2023
2023-03-15,,,291,2023
2023-03-16,,,290,2023
2023-03-17,,,289,2023
2023-03-20,,,286,2023
2023-03-21,,,285,2023
2023-03-22,,,284,2023
2023-03-23,,,283,2023
2023-03-24,,,282,2023
2023-03-27,,,279,2023
2023-03-28,,,278,2023
2023-03-29,,,277,2023
2023-03-30,,,276,2023
2023-03-31,,,275,2023
2023-04-03,0.005806320161763979,6.000000000000011,272,2023
2023-04-04,0.005798722321840508,6.000000000000011,271,2023
2023-04-05,0.005786887641268053,6.000000000000052,270,2023
2023-04-06,0.0057955570799497124,5.9999999999999725,269,2023
2023-04-07,0.0057682713474931325,6.000000000000048,268,2023
2023-04-10,0.005789550922955259,6.000000000000005,265,2023
2023-04-11,0.005798767638680421,6.000000000000016,264,2023
2023-04-12,0.005781401579770056,6.000000000000024,263,2023
2023-04-13,0.005803339171217859,5.999999999999976,262,2023
2023-04-14,0.005806687722392106,6.000000000000001,261,2023
2023-04-17,0.005840777003096851,6.000000000000021,258,2023
2023-04-18,0.005822577607647351,5.999999999999969,257,2023
2023-04-19,0.005858862340362496,6.000000000000005,256,2023
2023-04-20,0.005862227158754775,6.000000000000001,255,2023
2023-04-21,0.005868341656480466,6.000000000000007,254,2023
2023-04-24,0.0058820382002056195,5.999999999999993,251,2023
2023-04-25,0.005905771436395848,5.999999999999991,250,2023
2023-04-26,0.005887475916249634,6.0000000000000036,249,2023
2023-04-27,0.005901422526581288,5.999999999999997,248,2023
2023-04-28,0.005884091663483458,5.999999999999996,247,2023
2023-05-01,0.005915446992937821,5.999999999999986,244,2023
2023-05-02,0.0059007338937052956,5.999999999999985,243,2023
2023-05-03,0.005873288779251931,5.999999999999979,242,2023
2023-05-04,0.005871807974749845,6.000000000000016,241,2023
2023-05-05,0.005863181857100603,5.999999999999992,240,2023
2023-05-08,0.00586040619582694,6.000000000000009,237,2023
2023-05-09,0.005841105367334131,5.999999999999997,236,2023
2023-05-10,0.005837788569205499,6.000000000000042,235,2023
2023-05-11,0.005806173051337116,6.000000000000004,234,2023
2023-05-12,0.005784362366254775,6.000000000000053,233,2023
2023-05-15,0.005752329440094545,6.000000000000026,230,2023
2023-05-16,0.005771357491263252,6.000000000000029,229,2023
2023-05-17,0.005753810143155635,6.000000000000009,228,2023
2023-05-18,0.00573887707968502,5.999999999999985,227,2023
2023-05-19,0.005716428915820579,6.000000000000016,226,2023
2023-05-22,0.005711854741688779,6.0000000000000515,223,2023
2023-05-23,0.005735078832999231,6.000000000000007,222,2023
2023-05-24,0.005716379758534093,5.999999999999997,221,2023
2023-05-25,0.005717844613325412,6.000000000000016,220,2023
2023-05-26,0.005719728894113618,6.000000000000031,219,2023
2023-05-29,0.00572666986877178,6.000000000000048,216,2023
2023-05-30,0.005723938647013722,6.000000000000058,215,2023
2023-05-31,0.005693641276936107,6.000000000000043,214,2023
2023-06-01,0.005687567423639145,5.999999999999945,213,2023
2023-06-02,0.005677393391067098,6.000000000000002,212,2023
2023-06-05,0.005674987785236321,5.999999999999981,209,2023
2023-06-06,0.005709108293529448,6.000000000000016,208,2023
2023-06-07,0.005669841730419174,6.000000000000084,207,2023
2023-06-08,0.005632310128119587,5.999999999999993,206,2023
2023-06-09,0.005632153337938828,6.000000000000042,205,2023
2023-06-12,0.005624895328560352,6.00000000000007,202,2023
2023-06-13,0.005600291102751259,6.000000000000061,201,2023
2023-06-14,0.00562146784517172,5.999999999999978,200,2023
2023-06-15,0.005626424375645969,6.000000000000081,199,2023
2023-06-16,0.005660020054942284,6.000000000000038,198,2023
2023-06-19,0.005645148092379675,5.999999999999935,195,2023
2023-06-20,0.005632269893600277,5.999999999999979,194,2023
2023-06-21,0.005671890712580673,5.999999999999961,193,2023
2023-06-22,0.005674054877114624,6.000000000000075,192,2023
2023-06-23,0.005670277688208495,5.9999999999999805,191,2023
2023-06-26,0.005648025585129728,6.000000000000041,188,2023
2023-06-27,0.005622075603432584,5.999999999999972,187,2023
2023-06-28,0.005658328982245812,5.999999999999979,186,2023
2023-06-29,0.005664223763626319,6.000000000000007,185,2023
2023-06-30,0.005673557692517505,6.00000000000008,184,2023
2023-07-03,0.005650163584492461,6.0000000000000195,181,2023
2023-07-04,0.005657306452048603,5.999999999999958,180,2023
2023-07-05,0.005674566547342571,6.000000000000041,179,2023
2023-07-06,0.005641851968475239,6.0000000000000835,178,2023
2023-07-07,0.005594379398703231,6.000000000000061,177,2023
2023-07-10,0.005577727268153149,6.000000000000005,174,2023
2023-07-11,0.005593448555488416,6.000000000000004,173,2023
2023-07-12,0.00553476664353233,5.999999999999988,172,2023
2023-07-13,0.005541084997771675,6.000000000000054,171,2023
2023-07-14,0.005534245509502705,5.9999999999999645,170,2023
2023-07-17,0.005554931891926511,5.9999999999999565,167,2023
2023-07-18,0.00554911217572825,6.00000000000003,166,2023
2023-07-19,0.005558720410871489,6.000000000000057,165,2023
2023-07-20,0.005553495096978635,5.9999999999999565,164,2023
2023-07-21,0.005577056486333578,6.000000000000005,163,2023
2023-07-24,0.005566505002716314,6.000000000000028,160,2023
2023-07-25,0.005561997617737689,6.000000000000027,159,2023
2023-07-26,0.005561314098058086,6.0000000000000355,158,2023
2023-07-27,0.0055594920077417466,5.9999999999999805,157,2023
2023-07-28,0.005542546638234081,5.999999999999979,156,2023
2023-07-31,0.005497695885302691,6.000000000000013,153,2023
2023-08-01,0.005525432350408419,5.999999999999996,152,2023
2023-08-02,0.0055559282259898465,6.000000000000064,151,2023
2023-08-03,0.005539573527525743,6.000000000000002,150,2023
2023-08-04,0.0055694412719688715,6.000000000000052,149,2023
2023-08-07,0.0055746764102799955,6.000000000000011,146,2023
2023-08-08,0.00558022958296742,6.000000000000007,145,2023
2023-08-09,0.005552710876603683,6.000000000000014,144,2023
2023-08-10,0.005535463836384723,6.000000000000076,143,2023
2023-08-11,0.005487353024938767,6.000000000000002,142,2023
2023-08-14,0.005492391815255331,6.0000000000000195,139,2023
2023-08-15,0.0054685656001346415,5.99999999999999,138,2023
2023-08-16,0.0054597923256844635,6.000000000000014,137,2023
2023-08-17,0.0054468818690928105,5.999999999999997,136,2023
2023-08-18,0.005459917536447408,5.999999999999968,135,2023
2023-08-21,0.005460680748715813,5.999999999999993,132,2023
2023-08-22,0.005452697128637563,6.000000000000016,131,2023
2023-08-23,0.005417558721388043,5.999999999999989,130,2023
2023-08-24,0.005433939843544429,5.999999999999997,129,2023
2023-08-25,0.005417423534073962,6.000000000000022,128,2023
2023-08-28,0.005404891758016563,5.999999999999974,125,2023
2023-08-29,0.005397378381269582,6.000000000000032,124,2023
2023-08-30,0.005383047255581738,6.000000000000005,123,2023
2023-08-31,0.0054198087763617005,6.000000000000001,122,2023
2023-09-01,0.005438302967283299,5.999999999999978,121,2023
2023-09-04,0.0054515902303261,6.000000000000005,118,2023
2023-09-05,0.005449416508465378,5.999999999999997,117,2023
2023-09-06,0.005443446869075265,6.000000000000048,116,2023
2023-09-07,0.005420620187264624,5.999999999999964,115,2023
2023-09-08,0.0054234030199801515,5.999999999999988,114,2023
2023-09-11,0.005406028861689906,5.999999999999979,111,2023
2023-09-12,0.005424501794749894,5.99999999999999,110,2023
2023-09-13,0.00546712686823487,5.999999999999969,109,2023
2023-09-14,0.005481620669435298,6.0,108,2023
2023-09-15,0.005461794740109001,5.999999999999986,107,2023
2023-09-18,0.00546979506065354,5.999999999999995,104,2023
2023-09-19,0.0054464598888799,6.000000000000001,103,2023
2023-09-20,0.005456081393925403,5.999999999999932,102,2023
2023-09-21,0.005423265095945719,5.999999999999976,101,2023
2023-09-22,0.005438818902312514,6.000000000000009,100,2023
2023-09-25,0.005462401516399745,5.999999999999988,97,2023
2023-09-26,0.0054486245366588,5.999999999999982,96,2023
2023-09-27,0.005434744631177517,5.999999999999961,95,2023
2023-09-28,0.0054271422925224935,6.0,94,2023
2023-09-29,0.005419082314562834,5.999999999999979,93,2023
2023-10-02,0.005431822146239406,5.999999999999992,90,2023
2023-10-03,0.005468993267843661,5.999999999999979,89,2023
2023-10-04,0.005465713014316736,5.999999999999985,88,2023
2023-10-05,0.00547323711683617,5.999999999999988,87,2023
2023-10-06,0.005499354280562082,6.0,86,2023
2023-10-09,0.005511131802694418,5.999999999999981,83,2023
2023-10-10,0.0055154985930440615,5.999999999999966,82,2023
2023-10-11,0.005524843855173561,5.999999999999997,81,2023
2023-10-12,0.0054979300125113945,5.999999999999971,80,2023
2023-10-13,0.0055083181451391384,5.999999999999965,79,2023
2023-10-16,0.0054920163268296785,5.999999999999964,76,2023
2023-10-17,0.005492724249358319,5.999999999999968,75,2023
2023-10-18,0.005486992078684968,5.999999999999988,74,2023
2023-10-19,0.005557137362682896,5.999999999999976,73,2023
2023-10-20,0.005584027092521315,5.999999999999995,72,2023
2023-10-23,0.005576345770403464,5.999999999999972,69,2023
2023-10-24,0.005564807342329537,5.999999999999975,68,2023
2023-10-25,0.005591146048580579,6.000000000000024,67,2023
2023-10-26,0.005609264003661356,6.000000000000019,66,2023
2023-10-27,0.005610943975635394,5.999999999999953,65,2023
2023-10-30,0.005648369809287921,5.9999999999999645,62,2023
2023-10-31,0.005644060019696186,5.9999999999999565,61,2023
2023-11-01,0.0056329870012571245,6.000000000000013,60,2023
2023-11-02,0.005630913427860773,5.999999999999995,59,2023
2023-11-03,0.005659585932986696,5.999999999999974,58,2023
2023-11-06,0.005677441649820951,5.999999999999969,55,2023
2023-11-07,0.0056592775178095035,5.999999999999985,54,2023
2023-11-08,0.005671217125963376,5.999999999999978,53,2023
2023-11-09,0.005674187455639761,5.999999999999962,52,2023
2023-11-10,0.005664058165865653,5.999999999999975,51,2023
2023-11-13,0.0056686553798263786,5.999999999999958,48,2023
2023-11-14,0.005663782050630905,5.999999999999992,47,2023
2023-11-15,0.005663322589123014,5.999999999999985,46,2023
2023-11-16,0.005643349755181698,5.999999999999961,45,2023
2023-11-17,0.005682952804674398,5.999999999999974,44,2023
2023-11-20,0.005699813432581912,5.999999999999982,41,2023
2023-11-21,0.005663855660998193,5.999999999999973,40,2023
2023-11-22,0.005652578924201599,5.999999999999976,39,2023
2023-11-23,0.0056587883944025225,5.9999999999999485,38,2023
2023-11-24,0.005653757800768791,5.999999999999986,37,2023
2023-11-27,0.005666909738330201,5.9999999999999805,34,2023
2023-11-28,0.005622700013786199,5.999999999999966,33,2023
2023-11-29,0.005609676034103597,5.999999999999965,32,2023
2023-11-30,0.005650094153234384,5.999999999999973,31,2023
2023-12-01,0.0056394876533790725,5.999999999999985,30,2023
2023-12-04,0.00562287813174036,5.999999999999958,27,2023
2023-12-05,0.005623894733667461,5.999999999999983,26,2023
2023-12-06,0.005619089553826925,5.999999999999985,25,2023
2023-12-07,0.005636228741388043,5.999999999999968,24,2023
2023-12-08,0.005629150828769003,5.999999999999976,23,2023
2023-12-11,0.005625110607306806,5.999999999999947,20,2023
2023-12-12,0.005606388277728068,5.9999999999999725,19,2023
2023-12-13,0.00560675990785486,5.999999999999964,18,2023
2023-12-14,0.005609563464102904,5.999999999999973,17,2023
2023-12-15,0.005603468757992113,5.999999999999985,16,2023
2023-12-18,,,13,2023
2023-12-19,,,12,2023
2023-12-20,,,11,2023
2023-12-21,,,10,2023
2023-12-22,,,9,2023
2023-12-25,,,6,2023
2023-12-26,,,5,2023
2023-12-27,,,4,2023
2023-12-28,,,3,2023
2023-12-29,,,2,2023
2024-01-01,,,365,2024
2024-01-02,,,364,2024
2024-01-03,,,363,2024
2024-01-04,,,362,2024
2024-01-05,,,361,2024
2024-01-08,,,358,2024
2024-01-09,,,357,2024
2024-01-10,,,356,2024
2024-01-11,,,355,2024
2024-01-12,,,354,2024
2024-01-15,,,351,2024
2024-01-16,,,350,2024
2024-01-17,,,349,2024
2024-01-18,,,348,2024
2024-01-19,,,347,2024
2024-01-22,,,344,2024
2024-01-23,,,343,2024
2024-01-24,,,342,2024
2024-01-25,,,341,2024
2024-01-26,,,340,2024
2024-01-29,,,337,2024
2024-01-30,,,336,2024
2024-01-31,,,335,2024
2024-02-01,,,334,2024
2024-02-02,,,333,2024
2024-02-05,,,330,2024
2024-02-06,,,329,2024
2024-02-07,,,328,2024
2024-02-08,,,327,2024
2024-02-09,,,326,2024
2024-02-12,,,323,2024
2024-02-13,,,322,2024
2024-02-14,,,321,2024
2024-02-15,,,320,2024
2024-02-16,,,319,2024
2024-02-19,,,316,2024
2024-02-20,,,315,2024
2024-02-21,,,314,2024
2024-02-22,,,313,2024
2024-02-23,,,312,2024
2024-02-26,,,309,2024
2024-02-27,,,308,2024
2024-02-28,,,307,2024
2024-02-29,,,306,2024
2024-03-01,,,305,2024
2024-03-04,,,302,2024
2024-03-05,,,301,2024
2024-03-06,,,300,2024
2024-03-07,,,299,2024
2024-03-08,,,298,2024
2024-03-11,,,295,2024
2024-03-12,,,294,2024
2024-03-13,,,293,2024
2024-03-14,,,292,2024
2024-03-15,,,291,2024
2024-03-18,,,288,2024
2024-03-19,,,287,2024
2024-03-20,,,286,2024
2024-03-21,,,285,2024
2024-03-22,,,284,2024
2024-03-25,,,281,2024
2024-03-26,,,280,2024
2024-03-27,,,279,2024
2024-03-28,,,278,2024
2024-03-29,,,277,2024
2024-04-01,,,274,2024
2024-04-02,,,273,2024
2024-04-03,0.005521497144109516,5.999999999999974,272,2024
2024-04-04,0.005494602268268599,6.000000000000029,271,2024
2024-04-05,0.005497132031113,6.000000000000026,270,2024
2024-04-08,0.0054803354483298344,5.999999999999971,267,2024
2024-04-09,0.005470071223893802,6.000000000000026,266,2024
2024-04-10,0.005452109016944064,5.999999999999993,265,2024
2024-04-11,0.0054468125849823495,5.999999999999979,264,2024
2024-04-12,0.005458780597824366,6.000000000000039,263,2024
2024-04-15,0.005418883965648597,6.000000000000011,260,2024
2024-04-16,0.005409588674596131,6.000000000000021,259,2024
2024-04-17,0.005405288811530066,5.999999999999996,258,2024
2024-04-18,0.005408323336928051,6.0,257,2024
2024-04-19,0.0054168655308546665,6.00000000000004,256,2024
2024-04-22,0.005426201493361218,5.999999999999962,253,2024
2024-04-23,0.005415346446740171,6.000000000000007,252,2024
2024-04-24,0.005441166222551622,6.0000000000000515,251,2024
2024-04-25,0.005423730375868539,6.00000000000002,250,2024
2024-04-26,0.005411474040169793,6.000000000000003,249,2024
2024-04-29,0.005398807827712361,6.00000000000007,246,2024
2024-04-30,0.005397634909927128,6.000000000000019,245,2024
2024-05-01,0.005432656137669264,6.0000000000000195,244,2024
2024-05-02,0.005409246226158317,6.000000000000053,243,2024
2024-05-03,0.005411164301863776,6.000000000000067,242,2024
2024-05-06,0.005444711184954748,5.999999999999931,239,2024
2024-05-07,0.005424955283002961,5.999999999999911,238,2024
2024-05-08,0.0054063475823344235,5.999999999999899,237,2024
2024-05-09,0.005415959907224397,5.999999999999969,236,2024
2024-05-10,0.005420635152617898,5.999999999999959,235,2024
2024-05-13,0.005398601703015988,5.9999999999999485,232,2024
2024-05-14,0.005385377834405412,6.000000000000012,231,2024
2024-05-15,0.005382853824162786,5.9999999999999245,230,2024
2024-05-16,0.005387060143026626,5.999999999999962,229,2024
2024-05-17,0.005378814186490071,5.999999999999959,228,2024
2024-05-20,0.005340784702608439,6.000000000000009,225,2024
2024-05-21,0.005363781419885774,5.999999999999943,224,2024
2024-05-22,0.005357259180249223,6.000000000000002,223,2024
2024-05-23,0.00535183450727888,5.999999999999937,222,2024
2024-05-24,0.005384258028680244,6.0000000000000435,221,2024
2024-05-27,0.005357309730326952,6.000000000000021,218,2024
2024-05-28,0.0053606795728447535,6.000000000000007,217,2024
2024-05-29,0.005320792563321358,5.999999999999975,216,2024
2024-05-30,0.0053147615822479915,6.0000000000000036,215,2024
2024-05-31,0.005293270401232976,5.999999999999988,214,2024
2024-06-03,0.005262636651159422,6.000000000000031,211,2024
2024-06-04,0.005240735719583346,5.999999999999975,210,2024
2024-06-05,0.005256611433916208,5.99999999999999,209,2024
2024-06-06,0.005236371832760759,5.999999999999979,208,2024
2024-06-07,0.00521103596976359,6.000000000000007,207,2024
2024-06-10,0.005227212002650182,5.999999999999996,204,2024
2024-06-11,0.00520210153200956,6.0000000000000915,203,2024
2024-06-12,0.005190277160178701,6.000000000000014,202,2024
2024-06-13,0.0052195579865625535,5.999999999999961,201,2024
2024-06-14,0.0052101463960826525,5.999999999999968,200,2024
2024-06-17,0.005198527966337865,6.00000000000002,197,2024
2024-06-18,0.00518978916751424,5.9999999999999405,196,2024
2024-06-19,0.005170138132973692,6.000000000000004,195,2024
2024-06-20,0.0051615127029325004,6.00000000000001,194,2024
2024-06-21,0.0051704102577013935,5.999999999999975,193,2024
2024-06-24,0.0051667007840712105,5.9999999999999165,190,2024
2024-06-25,0.0051722174960776605,5.999999999999975,189,2024
2024-06-26,0.005162262321972765,5.999999999999979,188,2024
2024-06-27,0.005180512733876841,6.000000000000047,187,2024
2024-06-28,0.0051862640779059,6.0,186,2024
2024-07-01,0.005215347704750975,5.9999999999999645,183,2024
2024-07-02,0.005222944559258929,5.999999999999927,182,2024
2024-07-03,0.005244850639143253,5.999999999999992,181,2024
2024-07-04,0.005205907052170161,6.0000000000000036,180,2024
2024-07-05,0.005185194028469257,5.999999999999988,179,2024
2024-07-08,0.005190397001457831,5.999999999999949,176,2024
2024-07-09,0.005176414405105399,5.999999999999937,175,2024
2024-07-10,0.005187932273859811,5.999999999999974,174,2024
2024-07-11,0.005170794263451453,6.000000000000048,173,2024
2024-07-12,0.0051281992271036865,5.999999999999979,172,2024
2024-07-15,0.005118560954167406,6.000000000000042,169,2024
2024-07-16,0.005091897322444893,5.99999999999999,168,2024
2024-07-17,0.005054242007045352,6.00000000000005,167,2024
2024-07-18,0.005033050402971387,6.000000000000007,166,2024
2024-07-19,0.005042155845929371,6.00000000000003,165,2024
2024-07-22,0.005033755889360411,5.999999999999997,162,2024
2024-07-23,0.005045078591065894,6.000000000000016,161,2024
2024-07-24,0.005055434605508708,6.000000000000032,160,2024
2024-07-25,0.00506195589031345,6.000000000000043,159,2024
2024-07-26,0.005096632564659486,6.000000000000021,158,2024
2024-07-29,0.005081379986815437,5.999999999999995,155,2024
2024-07-30,0.005083759976532597,6.000000000000067,154,2024
2024-07-31,0.005062888922619635,6.000000000000039,153,2024
2024-08-01,0.0050438802660401506,6.000000000000021,152,2024
2024-08-02,0.005036743301594212,5.999999999999989,151,2024
2024-08-05,0.005037486078381173,6.00000000000002,148,2024
2024-08-06,0.005003711926191739,6.000000000000048,147,2024
2024-08-07,0.004989434496489429,5.999999999999979,146,2024
2024-08-08,0.0049733145457280265,6.000000000000021,145,2024
2024-08-09,0.004986166403880052,6.000000000000045,144,2024
2024-08-12,0.0049571879892356665,6.000000000000043,141,2024
2024-08-13,0.004957336012232753,5.999999999999955,140,2024
2024-08-14,0.004944668192474774,6.000000000000058,139,2024
2024-08-15,0.004952418832945646,6.00000000000001,138,2024
2024-08-16,0.004958521461933488,6.00000000000001,137,2024
2024-08-19,0.004991108494859148,5.999999999999997,134,2024
2024-08-20,0.005003468425189495,6.000000000000011,133,2024
2024-08-21,0.005020043546084423,6.000000000000007,132,2024
2024-08-22,0.005048200385342013,5.999999999999985,131,2024
2024-08-23,0.005088662347784733,6.000000000000002,130,2024
2024-08-26,0.005111376882161108,5.9999999999999725,127,2024
2024-08-27,0.005098646689725728,6.000000000000017,126,2024
2024-08-28,0.00507611951614731,6.000000000000004,125,2024
2024-08-29,0.005064749603435069,5.999999999999989,124,2024
2024-08-30,0.0051005210297814085,6.000000000000022,123,2024
2024-09-02,0.005102559039345071,6.0000000000000036,120,2024
2024-09-03,0.005096104721388832,5.999999999999988,119,2024
2024-09-04,0.005091214025460127,6.000000000000009,118,2024
2024-09-05,0.005110303220071226,5.999999999999947,117,2024
2024-09-06,0.005104623709187384,5.999999999999997,116,2024
2024-09-09,0.00507800173536574,6.00000000000004,113,2024
2024-09-10,0.0050560664949711506,5.999999999999966,112,2024
2024-09-11,0.005030514217770227,6.000000000000003,111,2024
2024-09-12,0.00502744609360091,6.000000000000009,110,2024
2024-09-13,0.005008865153500852,6.000000000000051,109,2024
2024-09-16,0.005020511717053525,5.999999999999992,106,2024
2024-09-17,0.005049706024390223,5.99999999999999,105,2024
2024-09-18,0.005051008052230268,6.000000000000016,104,2024
2024-09-19,0.005043232237879322,6.000000000000007,103,2024
2024-09-20,0.005054521635582437,5.999999999999985,102,2024
2024-09-23,0.005094349195121396,5.999999999999985,99,2024
2024-09-24,0.005126301261829229,5.999999999999989,98,2024
2024-09-25,0.005176833926862427,6.000000000000007,97,2024
2024-09-26,0.005203001726402287,5.999999999999947,96,2024
2024-09-27,0.005190654329550134,5.999999999999975,95,2024
2024-09-30,0.005172803082936928,5.9999999999999805,92,2024
2024-10-01,0.0051863616127914465,5.999999999999999,91,2024
2024-10-02,0.0052089235708630294,5.99999999999999,90,2024
2024-10-03,0.005215597448817177,5.999999999999966,89,2024
2024-10-04,0.005204535096414741,5.999999999999976,88,2024
2024-10-07,0.0052013773328335655,5.999999999999972,85,2024
2024-10-08,0.005186249270596458,5.9999999999999725,84,2024
2024-10-09,0.005136116945049864,5.999999999999983,83,2024
2024-10-10,0.005103050686210569,5.999999999999988,82,2024
2024-10-11,0.005114843333436253,5.999999999999989,81,2024
2024-10-14,0.005118911887594891,5.999999999999978,78,2024
2024-10-15,0.005136607746503162,5.999999999999959,77,2024
2024-10-16,0.005140987795071647,5.999999999999955,76,2024
2024-10-17,0.005134640738053641,5.999999999999983,75,2024
2024-10-18,0.005127557237847171,5.999999999999978,74,2024
2024-10-21,0.005115053781130885,5.999999999999978,71,2024
2024-10-22,0.0051426170272741425,5.999999999999978,70,2024
2024-10-23,0.005154181220315138,5.999999999999995,69,2024
2024-10-24,0.005148631418741708,5.999999999999969,68,2024
2024-10-25,0.00514960839448513,5.999999999999983,67,2024
2024-10-28,0.005132783380397406,5.999999999999999,64,2024
2024-10-29,0.005116059402536248,5.999999999999971,63,2024
2024-10-30,0.005111824761469457,5.999999999999969,62,2024
2024-10-31,0.005109645187612816,5.999999999999982,61,2024
2024-11-01,0.005110621221680297,5.999999999999985,60,2024
2024-11-04,0.005099167932435482,6.000000000000002,57,2024
2024-11-05,0.005084621042308058,5.99999999999999,56,2024
2024-11-06,0.005049239850188917,5.999999999999986,55,2024
2024-11-07,0.005045950154696495,5.999999999999976,54,2024
2024-11-08,0.005039641859211409,5.999999999999979,53,2024
2024-11-11,0.005027014810297946,5.9999999999999805,50,2024
2024-11-12,0.005056721392237091,5.999999999999974,49,2024
2024-11-13,0.00503629303815374,5.999999999999982,48,2024
2024-11-14,0.005040647098188648,5.999999999999969,47,2024
2024-11-15,0.0050409111876028815,5.999999999999988,46,2024
2024-11-18,0.005041650600386857,5.999999999999973,43,2024
2024-11-19,0.0050067880167085355,5.999999999999975,42,2024
2024-11-20,0.005005107126009731,5.999999999999953,41,2024
2024-11-21,0.004995507806066597,6.000000000000001,40,2024
2024-11-22,0.005002921050753891,5.999999999999988,39,2024
2024-11-25,0.004978538301851804,6.000000000000017,36,2024
2024-11-26,0.004963451717374625,5.999999999999997,35,2024
2024-11-27,0.004971047363951766,5.999999999999992,34,2024
2024-11-28,0.004981412126163153,6.0,33,2024
2024-11-29,0.004977299251946833,5.999999999999969,32,2024
2024-12-02,0.004952373642890071,5.999999999999996,29,2024
2024-12-03,0.004944380459414206,5.9999999999999565,28,2024
2024-12-04,0.00494814078121696,5.999999999999971,27,2024
2024-12-05,0.004944789916806799,5.999999999999963,26,2024
2024-12-06,0.004938607087932503,5.999999999999954,25,2024
2024-12-09,0.004944835137565672,5.99999999999995,22,2024
2024-12-10,0.004936585296539954,5.999999999999947,21,2024
2024-12-11,0.004953140901751953,5.999999999999968,20,2024
2024-12-12,0.00495799638198852,5.999999999999989,19,2024
2024-12-13,0.004971367933373661,5.999999999999947,18,2024
2024-12-16,0.004953760182455191,5.9999999999999805,15,2024
2024-12-17,0.004977260873536561,5.999999999999996,14,2024
2024-12-18,,,13,2024
2024-12-19,,,12,2024
2024-12-20,,,11,2024
2024-12-23,,,8,2024
2024-12-24,,,7,2024
2024-12-25,,,6,2024
2024-12-26,,,5,2024
2024-12-27,,,4,2024
2024-12-30,,,1,2024
2024-12-31,,,0,2024
2025-01-01,,,364,2025
2025-01-02,,,363,2025
2025-01-03,,,362,2025
2025-01-06,,,359,2025
2025-01-07,,,358,2025
2025-01-08,,,357,2025
2025-01-09,,,356,2025
2025-01-10,,,355,2025
2025-01-13,,,352,2025
2025-01-14,,,351,2025
2025-01-15,,,350,2025
2025-01-16,,,349,2025
2025-01-17,,,348,2025
2025-01-20,,,345,2025
2025-01-21,,,344,2025
2025-01-22,,,343,2025
2025-01-23,,,342,2025
2025-01-24,,,341,2025
2025-01-27,,,338,2025
2025-01-28,,,337,2025
2025-01-29,,,336,2025
2025-01-30,,,335,2025
2025-01-31,,,334,2025
2025-02-03,,,331,2025
2025-02-04,,,330,2025
2025-02-05,,,329,2025
2025-02-06,,,328,2025
2025-02-07,,,327,2025
2025-02-10,,,324,2025
2025-02-11,,,323,2025
2025-02-12,,,322,2025
2025-02-13,,,321,2025
2025-02-14,,,320,2025
2025-02-17,,,317,2025
2025-02-18,,,316,2025
2025-02-19,,,315,2025
2025-02-20,,,314,2025
2025-02-21,,,313,2025
2025-02-24,,,310,2025
2025-02-25,,,309,2025
2025-02-26,,,308,2025
2025-02-27,,,307,2025
2025-02-28,,,306,2025
2025-03-03,,,303,2025
2025-03-04,,,302,2025
2025-03-05,,,301,2025
2025-03-06,,,300,2025
2025-03-07,,,299,2025
2025-03-10,,,296,2025
2025-03-11,,,295,2025
2025-03-12,,,294,2025
2025-03-13,,,293,2025
2025-03-14,,,292,2025
2025-03-17,,,289,2025
2025-03-18,,,288,2025
2025-03-19,,,287,2025
2025-03-20,,,286,2025
2025-03-21,,,285,2025
2025-03-24,,,282,2025
2025-03-25,,,281,2025
2025-03-26,,,280,2025
2025-03-27,,,279,2025
2025-03-28,,,278,2025
2025-03-31,,,275,2025
2025-04-01,,,274,2025
2025-04-02,,,273,2025
2025-04-03,0.005111177076622995,6.000000000000021,272,2025
2025-04-04,0.005072344160472287,6.000000000000023,271,2025
2025-04-07,0.005045008832589458,6.000000000000024,268,2025
2025-04-08,0.005022778768965029,5.999999999999973,267,2025
2025-04-09,0.0050217328468874925,6.000000000000003,266,2025
2025-04-10,0.005014556317401311,6.00000000000007,265,2025
2025-04-11,0.005029785091087234,6.00000000000004,264,2025
2025-04-14,0.005037269105131894,6.000000000000032,261,2025
2025-04-15,0.005007360024288246,6.000000000000031,260,2025
2025-04-16,0.004988412706646511,6.000000000000052,259,2025
2025-04-17,0.004949321388062163,5.999999999999985,258,2025
2025-04-18,0.0049479718674462995,6.000000000000021,257,2025
2025-04-21,0.004964900545447253,6.000000000000009,254,2025
2025-04-22,0.004972684642669327,6.000000000000045,253,2025
2025-04-23,0.004994356638201134,6.000000000000029,252,2025
2025-04-24,0.0050037050496723225,6.000000000000022,251,2025
2025-04-25,0.005027789398213433,6.0000000000000355,250,2025
2025-04-28,0.0050029289610174785,6.000000000000001,247,2025
2025-04-29,0.0050067276972314565,6.000000000000026,246,2025
2025-04-30,0.005013644116599933,6.000000000000028,245,2025
2025-05-01,0.0050099141313048184,5.999999999999989,244,2025
2025-05-02,0.005002102796362859,6.00000000000006,243,2025
2025-05-05,0.004980352197954045,6.000000000000001,240,2025
2025-05-06,0.004991951269324774,5.999999999999999,239,2025
2025-05-07,0.005035491730726156,6.000000000000026,238,2025
2025-05-08,0.0050249303679633425,5.999999999999985,237,2025
2025-05-09,0.005019607066020526,6.000000000000026,236,2025
2025-05-12,0.005011276988999973,6.00000000000003,233,2025
2025-05-13,0.005039800961541185,5.999999999999996,232,2025
2025-05-14,0.00505159663758181,5.999999999999955,231,2025
2025-05-15,0.005055405485636188,5.999999999999971,230,2025
2025-05-16,0.005014877749986778,6.000000000000012,229,2025
2025-05-19,0.004986372276962924,6.000000000000024,226,2025
2025-05-20,0.004980110709926085,6.000000000000052,225,2025
2025-05-21,0.004955145864128087,6.000000000000051,224,2025
2025-05-22,0.0049684455381275895,6.000000000000045,223,2025
2025-05-23,0.004969077956533833,6.000000000000021,222,2025
2025-05-26,0.004983975813971191,6.000000000000005,219,2025
2025-05-27,0.0049897219019554165,6.00000000000002,218,2025
2025-05-28,0.004975390643847918,5.999999999999995,217,2025
2025-05-29,0.005033800697802809,5.999999999999981,216,2025
2025-05-30,0.005025307968073556,6.000000000000016,215,2025
2025-06-02,0.005034418225587065,5.999999999999983,212,2025
2025-06-03,0.005059476236673336,5.999999999999999,211,2025
2025-06-04,0.0050750070763228555,6.000000000000017,210,2025
2025-06-05,0.005089746398122357,5.999999999999974,209,2025
2025-06-06,0.0051077041857505645,5.999999999999997,208,2025
2025-06-09,0.005103828615619852,6.000000000000017,205,2025
2025-06-10,0.005074425104793336,6.0000000000000195,204,2025
2025-06-11,0.00509533262541955,6.000000000000005,203,2025
2025-06-12,0.005107187905893927,6.00000000000002,202,2025
2025-06-13,0.005081073594862687,5.999999999999989,201,2025
2025-06-16,0.00508893424141375,6.000000000000048,198,2025
2025-06-17,0.0050748354874481615,6.000000000000034,197,2025
2025-06-18,0.0050992053419979515,5.999999999999973,196,2025
2025-06-19,0.005098503142684871,5.9999999999999805,195,2025
2025-06-20,0.005096287522494027,6.000000000000031,194,2025
2025-06-23,0.005068546449617683,5.999999999999975,191,2025
2025-06-24,0.005045477395173579,6.000000000000022,190,2025
2025-06-25,0.005069485732381246,5.999999999999951,189,2025
2025-06-26,0.0050780047278573374,6.000000000000007,188,2025
2025-06-27,0.005086383391456547,6.000000000000011,187,2025
2025-06-30,0.00513070381122081,5.999999999999995,184,2025
2025-07-01,0.005153101675247622,6.000000000000005,183,2025
2025-07-02,0.0051296033346157465,6.000000000000012,182,2025
2025-07-03,0.005131451728825279,5.999999999999997,181,2025
2025-07-04,0.0051195253811152286,5.999999999999997,180,2025
2025-07-07,0.005105435265325579,6.000000000000005,177,2025
2025-07-08,0.005067941078816166,5.999999999999975,176,2025
2025-07-09,0.005077357156995207,6.00000000000001,175,2025
2025-07-10,0.0050869737245597384,5.999999999999993,174,2025
2025-07-11,0.005095174206358994,6.000000000000026,173,2025
2025-07-14,0.005087338921842515,5.999999999999992,170,2025
2025-07-15,0.005088531876360714,6.000000000000007,169,2025
2025-07-16,0.005042068540608503,5.999999999999969,168,2025
2025-07-17,0.0050475400236151815,5.999999999999979,167,2025
2025-07-18,0.005030227854857319,6.000000000000004,166,2025
2025-07-21,0.005051071057249031,5.99999999999999,163,2025
2025-07-22,0.005035887239604944,5.999999999999971,162,2025
2025-07-23,0.005002606462752457,5.999999999999993,161,2025
2025-07-24,0.005008804973097593,6.000000000000003,160,2025
2025-07-25,0.005011791897543656,5.999999999999983,159,2025
2025-07-28,0.0050113783642006535,6.000000000000016,156,2025
2025-07-29,0.005042801166047209,5.999999999999989,155,2025
2025-07-30,0.005044910531613812,5.999999999999986,154,2025
2025-07-31,0.005045061195371118,6.000000000000001,153,2025
2025-08-01,0.00505903704998578,5.999999999999991,152,2025
2025-08-04,0.00504250142432645,6.000000000000007,149,2025
2025-08-05,0.0050428399845978845,5.999999999999989,148,2025
2025-08-06,0.005033983015101743,6.000000000000021,147,2025
2025-08-07,0.005065265492948086,6.000000000000003,146,2025
2025-08-08,0.005104948110192482,6.000000000000014,145,2025
2025-08-11,0.005088460529852666,5.999999999999991,142,2025
2025-08-12,0.005091115035635694,5.999999999999976,141,2025
2025-08-13,0.005090987989034606,5.999999999999979,140,2025
2025-08-14,0.005103092413491636,5.999999999999978,139,2025
2025-08-15,0.005108303675046221,5.999999999999996,138,2025
2025-08-18,0.00510843990857294,6.000000000000001,135,2025
2025-08-19,0.005097698875138974,6.000000000000005,134,2025
2025-08-20,0.005078351204647905,5.999999999999999,133,2025
2025-08-21,0.005086052967301911,6.000000000000003,132,2025
2025-08-22,0.005097576801051889,5.999999999999965,131,2025
2025-08-25,0.00507541466044469,6.000000000000011,128,2025
2025-08-26,0.005113335647134676,5.999999999999985,127,2025
2025-08-27,0.005109960205134904,5.99999999999999,126,2025
2025-08-28,0.005118120533992752,6.000000000000029,125,2025
2025-08-29,0.005086308744750514,5.999999999999997,124,2025
2025-09-01,0.0050873466890193255,5.999999999999988,121,2025
2025-09-02,0.005078920762469223,5.999999999999955,120,2025
2025-09-03,0.0050639602217529885,5.999999999999979,119,2025
2025-09-04,0.0050599583155054,5.999999999999962,118,2025
2025-09-05,0.005027563682322781,5.999999999999979,117,2025
2025-09-08,0.005003717470954934,5.999999999999997,114,2025
2025-09-09,0.0050192225576696425,6.000000000000007,113,2025
2025-09-10,0.005010994035730106,6.000000000000024,112,2025
2025-09-11,0.00503918391978278,5.999999999999971,111,2025
2025-09-12,0.0050316408761121425,5.999999999999986,110,2025
2025-09-15,0.005041038958693043,6.0000000000000036,107,2025
2025-09-16,0.00506780077555416,5.999999999999965,106,2025
2025-09-17,0.005111465460179927,6.000000000000009,105,2025
2025-09-18,0.005094023468626769,5.999999999999961,104,2025
2025-09-19,0.005076374786300703,5.999999999999992,103,2025
2025-09-22,0.0051015025296876635,6.0000000000000036,100,2025
2025-09-23,0.005083290409151251,6.0,99,2025
2025-09-24,0.0050748767234802174,5.999999999999989,98,2025
2025-09-25,0.005106704946575603,5.999999999999986,97,2025
2025-09-26,0.0051087164447370685,5.999999999999988,96,2025
2025-09-29,0.0050691462424245345,5.999999999999979,93,2025
2025-09-30,0.005101657919754522,5.999999999999999,92,2025
2025-10-01,0.005097044091736055,5.999999999999999,91,2025
2025-10-02,0.005082370997508472,5.99999999999999,90,2025
2025-10-03,0.005098226453512404,5.999999999999991,89,2025
2025-10-06,0.0050847206415302925,5.999999999999997,86,2025
2025-10-07,0.00505153490458939,5.999999999999997,85,2025
2025-10-08,0.005078752226232297,5.999999999999988,84,2025
2025-10-09,0.005069371299348923,5.999999999999995,83,2025
2025-10-10,0.005083573325852317,5.999999999999988,82,2025
2025-10-13,0.005019446776381505,5.999999999999983,79,2025
2025-10-14,0.005017212421875335,5.999999999999981,78,2025
2025-10-15,0.005007218077913194,5.999999999999995,77,2025
2025-10-16,0.005016173124757032,5.9999999999999805,76,2025
2025-10-17,0.0050395004139098245,5.999999999999985,75,2025
2025-10-20,0.005043194813029791,5.999999999999988,72,2025
2025-10-21,0.0050695398747925904,5.9999999999999805,71,2025
2025-10-22,0.005083803068352581,5.999999999999996,70,2025
2025-10-23,0.005079575086223879,5.999999999999976,69,2025
2025-10-24,0.00508553447462982,5.999999999999981,68,2025
2025-10-27,0.005084666331812743,5.999999999999974,65,2025
2025-10-28,0.005050198032116327,5.999999999999979,64,2025
2025-10-29,0.005037970015180628,6.0000000000000115,63,2025
2025-10-30,0.005027317523212278,5.999999999999989,62,2025
2025-10-31,0.005009532134483204,5.999999999999993,61,2025
2025-11-03,0.00502145872394277,5.999999999999979,58,2025
2025-11-04,0.005044341233609005,5.999999999999979,57,2025
2025-11-05,0.00510412724166061,5.999999999999992,56,2025
2025-11-06,0.0051263584260916205,6.000000000000014,55,2025
2025-11-07,0.005111859575688834,5.999999999999985,54,2025
2025-11-10,0.00511676778189233,5.999999999999988,51,2025
2025-11-11,0.005104101591920144,5.999999999999959,50,2025
2025-11-12,0.005073597055938308,6.00000000000002,49,2025
2025-11-13,0.005121055952791503,5.999999999999968,48,2025
2025-11-14,0.005118913075243802,5.999999999999974,47,2025
2025-11-17,0.00515221422518993,5.999999999999972,44,2025
2025-11-18,0.005133455287938928,6.0,43,2025
2025-11-19,0.0051015780025349304,5.999999999999992,42,2025
2025-11-20,0.005148372037916461,5.99999999999995,41,2025
2025-11-21,0.005152826861660859,5.999999999999961,40,2025
2025-11-24,0.005172476248473248,5.999999999999988,37,2025
2025-11-25,0.005170621875990571,5.9999999999999565,36,2025
2025-11-26,0.005184174729489989,6.000000000000045,35,2025
2025-11-27,0.0051998137332779975,5.999999999999959,34,2025
2025-11-28,0.0051949475938155056,6.0000000000000036,33,2025
2025-12-01,0.005176773458265367,6.000000000000038,30,2025
2025-12-02,0.005145493859980687,5.999999999999995,29,2025
2025-12-03,0.005127037665867433,5.999999999999997,28,2025
2025-12-04,0.005138564011426496,5.9999999999999565,27,2025
2025-12-05,0.005145757897431957,5.999999999999986,26,2025
2025-12-08,0.005153265739609299,5.999999999999963,23,2025
2025-12-09,0.005200235379452823,5.999999999999986,22,2025
2025-12-10,0.00516281123935547,5.999999999999961,21,2025
2025-12-11,0.005170237129855435,5.999999999999995,20,2025
2025-12-12,0.005172712195416311,5.999999999999961,19,2025
2025-12-15,0.005174219581629523,5.999999999999958,16,2025
2025-12-16,0.005194247395104231,6.000000000000022,15,2025
2025-12-17,0.005222805319388748,5.999999999999989,14,2025
2025-12-18,,,13,2025
2025-12-19,,,12,2025
2025-12-22,,,9,2025
2025-12-23,,,8,2025
2025-12-24,,,7,2025
2025-12-25,,,6,2025
2025-12-26,,,5,2025
2025-12-29,,,2,2025
2025-12-30,,,1,2025
2025-12-31,,,0,2025
2026-01-01,,,364,2026
2026-01-02,,,363,2026
2026-01-05,,,360,2026
2026-01-06,,,359,2026
2026-01-07,,,358,2026
2026-01-08,,,357,2026
2026-01-09,,,356,2026
2026-01-12,,,353,2026
2026-01-13,,,352,2026
2026-01-14,,,351,2026
2026-01-15,,,350,2026
2026-01-16,,,349,2026
2026-01-19,,,346,2026
2026-01-20,,,345,2026
2026-01-21,,,344,2026
2026-01-22,,,343,2026
2026-01-23,,,342,2026
2026-01-26,,,339,2026
2026-01-27,,,338,2026
2026-01-28,,,337,2026
2026-01-29,,,336,2026
2026-01-30,,,335,2026
2026-02-02,,,332,2026
2026-02-03,,,331,2026
2026-02-04,,,330,2026
2026-02-05,,,329,2026
2026-02-06,,,328,2026
2026-02-09,,,325,2026
2026-02-10,,,324,2026
2026-02-11,,,323,2026
2026-02-12,,,322,2026
2026-02-13,,,321,2026
2026-02-16,,,318,2026
2026-02-17,,,317,2026
2026-02-18,,,316,2026
2026-02-19,,,315,2026
2026-02-20,,,314,2026
2026-02-23,,,311,2026
2026-02-24,,,310,2026
2026-02-25,,,309,2026
2026-02-26,,,308,2026
2026-02-27,,,307,2026
2026-03-02,,,304,2026
2026-03-03,,,303,2026
2026-03-04,,,302,2026
2026-03-05,,,301,2026
2026-03-06,,,300,2026
2026-03-09,,,297,2026
2026-03-10,,,296,2026
2026-03-11,,,295,2026
2026-03-12,,,294,2026
2026-03-13,,,293,2026
2026-03-16,,,290,2026
2026-03-17,,,289,2026
2026-03-18,,,288,2026
2026-03-19,,,287,2026
2026-03-20,,,286,2026
2026-03-23,,,283,2026
2026-03-24,,,282,2026
2026-03-25,,,281,2026
2026-03-26,,,280,2026
2026-03-27,,,279,2026
2026-03-30,,,276,2026
2026-03-31,,,275,2026
2026-04-01,,,274,2026
2026-04-02,,,273,2026
2026-04-03,0.005300482964084831,5.99999999999999,272,2026
2026-04-06,0.005308838831467519,6.000000000000004,269,2026
2026-04-07,0.005289003022755525,6.000000000000055,268,2026
2026-04-08,0.005288334926743591,5.999999999999985,267,2026
2026-04-09,0.005265378063405828,6.000000000000036,266,2026
2026-04-10,0.0052361836221909265,5.999999999999997,265,2026
2026-04-13,0.005241568603365666,6.000000000000051,262,2026
2026-04-14,0.005255596440749451,6.000000000000032,261,2026
2026-04-15,0.005235259678382173,6.000000000000054,260,2026
2026-04-16,0.005204789534420607,5.999999999999985,259,2026
2026-04-17,0.005190053416074808,5.999999999999992,258,2026
2026-04-20,0.005192194039124285,6.000000000000026,255,2026
2026-04-21,0.005206639077095858,5.999999999999989,254,2026
2026-04-22,0.005209946468899573,6.000000000000057,253,2026
2026-04-23,0.005194649589038118,6.000000000000052,252,2026
2026-04-24,0.005177059160004563,6.00000000000002,251,2026
2026-04-27,0.005177352458906429,6.000000000000016,248,2026
2026-04-28,0.0051554187432995835,5.999999999999989,247,2026
2026-04-29,0.005145763378740884,5.999999999999942,246,2026
2026-04-30,0.0051251442526499096,6.000000000000048,245,2026
2026-05-01,0.005148225256831119,6.000000000000029,244,2026
2026-05-04,0.005171800087662053,6.0000000000000435,241,2026
2026-05-05,0.005181581379018346,6.000000000000051,240,2026
2026-05-06,0.005153728699553094,6.0000000000000036,239,2026
2026-05-07,0.005135755388774873,6.000000000000011,238,2026
2026-05-08,0.0051231872234273725,6.000000000000005,237,2026
2026-05-11,0.005122868804604494,6.0,234,2026
2026-05-12,0.005104993233104718,6.000000000000019,233,2026
2026-05-13,0.005152158886944964,5.999999999999974,232,2026
2026-05-14,0.00519819369506613,6.000000000000004,231,2026
2026-05-15,0.0051837122252729,6.000000000000026,230,2026
2026-05-18,0.005156194821210328,6.0000000000000675,227,2026
2026-05-19,0.005177972333177368,6.00000000000001,226,2026
2026-05-20,0.005211506920832542,5.999999999999991,225,2026
2026-05-21,0.005206511706462027,6.000000000000001,224,2026
2026-05-22,0.005188431279103709,6.000000000000009,223,2026
2026-05-25,0.005197611508731464,6.000000000000047,220,2026
2026-05-26,0.0052138702468160665,5.999999999999995,219,2026
2026-05-27,0.005209920788838863,6.0000000000000036,218,2026
2026-05-28,0.005250547345210175,5.999999999999972,217,2026
2026-05-29,0.005272209411562292,6.000000000000004,216,2026
2026-06-01,0.005277067014017985,5.999999999999953,213,2026
2026-06-02,0.005256131284768788,6.000000000000014,212,2026
2026-06-03,0.005298245958670029,6.000000000000001,211,2026
2026-06-04,0.0053078217080677025,6.000000000000022,210,2026
2026-06-05,0.005313439425482613,6.000000000000024,209,2026
2026-06-08,0.0053270414109893045,6.000000000000016,206,2026
2026-06-09,0.0053240316239444125,6.000000000000045,205,2026
2026-06-10,0.005334338331857096,6.000000000000026,204,2026
2026-06-11,0.0053236932249362085,5.999999999999969,203,2026
2026-06-12,0.005320401210405005,6.000000000000053,202,2026
2026-06-15,0.005328599819530817,6.00000000000004,199,2026
2026-06-16,0.005349395974313977,5.999999999999969,198,2026
2026-06-17,0.005353725306797851,6.000000000000002,197,2026
2026-06-18,0.005381712335034724,6.000000000000128,196,2026
2026-06-19,0.005364705514584373,6.00000000000001,195,2026
2026-06-22,0.005372392746118803,6.0000000000000115,192,2026
2026-06-23,0.005372646442870236,6.00000000000001,191,2026
2026-06-24,0.005359380314458836,6.00000000000002,190,2026
2026-06-25,0.005360793643912295,6.000000000000048,189,2026
2026-06-26,0.005353445023767666,6.0000000000000355,188,2026
2026-06-29,0.00534185880547233,6.0000000000000355,185,2026
2026-06-30,0.00533295092957861,6.000000000000057,184,2026
2026-07-01,0.005314381624466314,6.000000000000028,183,2026
2026-07-02,0.005335604617091301,5.999999999999983,182,2026
2026-07-03,0.005351170570645859,5.999999999999981,181,2026
2026-07-06,0.005387204419836954,5.999999999999965,178,2026
2026-07-07,0.005322548593748796,6.000000000000009,177,2026
2026-07-08,0.005309682149989627,5.999999999999997,176,2026
2026-07-09,0.00534668569817174,5.999999999999993,175,2026
2026-07-10,0.005324523982354816,6.000000000000009,174,2026
2026-07-13,0.005303543552815222,6.000000000000011,171,2026
2026-07-14,0.005287810678096763,5.999999999999993,170,2026
2026-07-15,0.005303922766829574,5.999999999999962,169,2026
2026-07-16,0.005298888722179727,6.000000000000016,168,2026
2026-07-17,0.0053371629303679835,5.999999999999988,167,2026
2026-07-20,0.005337997565597939,6.000000000000033,164,2026
2026-07-21,0.00529740455938,5.999999999999997,163,2026
2026-07-22,0.0053064639474617705,5.999999999999996,162,2026
2026-07-23,0.005307781635621775,6.000000000000039,161,2026
2026-07-24,0.005307055262931669,5.999999999999953,160,2026
2026-07-27,0.005326181869596723,5.999999999999997,157,2026
2026-07-28,0.005348028085161614,6.000000000000007,156,2026
2026-07-29,0.005356195732865983,5.999999999999996,155,2026
2026-07-30,0.005376107308225463,5.999999999999985,154,2026
2026-07-31,0.005389069257843568,6.000000000000038,153,2026
2026-08-03,0.00542033368017197,6.000000000000003,150,2026
2026-08-04,0.005431537992120659,6.000000000000007,149,2026
2026-08-05,0.005439967733396425,5.999999999999986,148,2026
2026-08-06,0.005439638824412013,5.999999999999966,147,2026
2026-08-07,0.005442307145758842,6.000000000000012,146,2026
2026-08-10,0.0054372068800520226,5.999999999999985,143,2026
2026-08-11,0.005417587316940289,6.000000000000007,142,2026
2026-08-12,0.005426386184434332,5.999999999999989,141,2026
2026-08-13,0.005419381156170043,5.99999999999999,140,2026
2026-08-14,0.005414090186906005,5.999999999999996,139,2026
2026-08-17,0.0054127124314797236,6.000000000000033,136,2026
2026-08-18,0.005400069508959017,5.999999999999965,135,2026
2026-08-19,0.005397753352016757,6.000000000000007,134,2026
2026-08-20,0.005417399536901517,5.999999999999986,133,2026
2026-08-21,0.005416247514620795,5.999999999999992,132,2026
2026-08-24,0.00544807463223636,5.999999999999995,129,2026
2026-08-25,0.005402833244498597,5.999999999999985,128,2026
2026-08-26,0.005406343758273081,5.999999999999979,127,2026
2026-08-27,0.005420193631431225,5.999999999999985,126,2026
2026-08-28,0.005376201007675131,5.999999999999988,125,2026
