obs_date,jump_pts,jump_ann_pct,days_to_turn,year
2016-08-29,0.010481643410773928,5.000000000000104,124,2016
2016-08-30,0.010465695747085921,5.000000000000128,123,2016
2016-08-31,-0.005402217103924594,-2.5833333333332744,122,2016
2016-09-01,0.01044136956722096,5.000000000000133,121,2016
2016-09-02,0.010509541523439707,5.000000000000102,120,2016
2016-09-05,0.010470137016056695,5.000000000000207,117,2016
2016-09-06,0.010447883745103151,4.999999999999981,116,2016
2016-09-07,0.01048722036828313,5.000000000000057,115,2016
2016-09-08,0.01048735595154244,4.999999999999927,114,2016
2016-09-09,0.010509920770438034,4.999999999999978,113,2016
2016-09-12,0.010491673708860316,5.000000000000064,110,2016
2016-09-13,0.010537095319552832,5.000000000000033,109,2016
2016-09-14,0.010587613098633625,5.000000000000157,108,2016
2016-09-15,0.010531855939025144,5.00000000000012,107,2016
2016-09-16,0.010512060611627903,5.000000000000164,106,2016
2016-09-19,0.010482716691734213,4.999999999999989,103,2016
2016-09-20,0.010545376454033558,5.00000000000001,102,2016
2016-09-21,0.010639064345042625,5.00000000000021,101,2016
2016-09-22,0.010650427519850732,5.000000000000032,100,2016
2016-09-23,0.010663939247098264,4.999999999999931,99,2016
2016-09-26,0.010589084588722077,5.000000000000111,96,2016
2016-09-27,0.010675605514718406,5.00000000000007,95,2016
2016-09-28,0.01073268189704556,5.000000000000067,94,2016
2016-09-29,0.010711836760467884,4.99999999999995,93,2016
2016-09-30,0.010633333036502607,5.000000000000039,92,2016
2016-10-03,0.010699600016564979,5.00000000000002,89,2016
2016-10-04,0.010704174453486683,4.9999999999998614,88,2016
2016-10-05,0.010781436953615723,5.000000000000098,87,2016
2016-10-06,0.010826674485073292,4.999999999999992,86,2016
2016-10-07,0.010890223989924747,4.999999999999981,85,2016
2016-10-10,0.010872683331361772,4.99999999999995,82,2016
2016-10-11,0.010875225577383022,4.999999999999982,81,2016
2016-10-12,0.010919255828830046,4.999999999999893,80,2016
2016-10-13,0.01091011316363211,4.999999999999987,79,2016
2016-10-14,0.010947411918442573,4.999999999999946,78,2016
2016-10-17,0.010961932689930037,4.999999999999944,75,2016
2016-10-18,0.011000299854324741,4.99999999999994,74,2016
2016-10-19,0.011044875671806249,4.9999999999999485,73,2016
2016-10-20,0.011085607168985559,5.000000000000016,72,2016
2016-10-21,0.011106023152042972,4.9999999999999165,71,2016
2016-10-24,0.011103437700335974,4.999999999999978,68,2016
2016-10-25,0.011114059898410331,4.999999999999932,67,2016
2016-10-26,0.011131360461775,4.999999999999987,66,2016
2016-10-27,0.01108099407830512,4.999999999999926,65,2016
2016-10-28,0.011046467642325825,4.999999999999833,64,2016
2016-10-31,-0.005710264068703985,-2.583333333333292,61,2016
2016-11-01,0.011053388433843452,4.999999999999975,60,2016
2016-11-02,0.011055514965491352,4.999999999999993,59,2016
2016-11-03,0.011071825484778633,4.999999999999992,58,2016
2016-11-04,0.010959869162628508,5.000000000000005,57,2016
2016-11-07,0.010987411741934787,4.999999999999957,54,2016
2016-11-08,0.011037593213590135,4.999999999999914,53,2016
2016-11-09,0.011076353807247767,4.999999999999919,52,2016
2016-11-10,0.011117723453413554,5.000000000000053,51,2016
2016-11-11,0.011167445122316154,4.999999999999963,50,2016
2016-11-14,0.011168562253273905,5.000000000000035,47,2016
2016-11-15,0.011139895011083673,5.000000000000041,46,2016
2016-11-16,0.01116431066679088,4.9999999999999245,45,2016
2016-11-17,0.011181936268214203,5.00000000000001,44,2016
2016-11-18,0.01132267762056286,5.0000000000000115,43,2016
2016-11-21,0.011266687535806506,4.999999999999893,40,2016
2016-11-22,0.011300762899239097,5.0000000000001075,39,2016
2016-11-23,0.011337006503274526,4.999999999999961,38,2016
2016-11-24,0.011369884228870026,4.999999999999952,37,2016
2016-11-25,0.011267032143280911,4.999999999999993,36,2016
2016-11-28,0.011215460779031607,4.999999999999902,33,2016
2016-11-29,0.011239125747392827,4.999999999999993,32,2016
2016-11-30,0.011153437128098872,4.999999999999917,31,2016
2016-12-01,-0.0028739949220955296,-1.290322580645159,30,2016
2016-12-02,0.011163632648847566,5.00000000000001,29,2016
2016-12-05,0.011214802356089182,5.000000000000039,26,2016
2016-12-06,0.011218562184806657,4.999999999999992,25,2016
2016-12-07,0.011227555155467,5.000000000000032,24,2016
2016-12-08,0.011222621032707797,4.999999999999998,23,2016
2016-12-09,0.011174895275243374,5.000000000000005,22,2016
2016-12-12,0.011163559938709045,5.000000000000022,19,2016
2016-12-13,0.011141968160325089,5.000000000000031,18,2016
2016-12-14,0.011199345570381464,4.999999999999992,17,2016
2016-12-15,0.011159416287838009,4.9999999999999964,16,2016
2016-12-16,0.011162831732977524,4.9999999999999964,15,2016
2016-12-19,0.011139388877792537,4.999999999999996,12,2016
2016-12-20,0.01112469783255254,4.99999999999999,11,2016
2016-12-21,0.011140805808282717,4.999999999999975,10,2016
2016-12-22,0.011160892797687982,5.000000000000002,9,2016
2016-12-23,0.011163924281806063,4.999999999999985,8,2016
2016-12-26,,,5,2016
2016-12-27,,,4,2016
2016-12-28,,,3,2016
2016-12-29,,,2,2016
2016-12-30,,,1,2016
2017-01-02,0.011138089364904041,5.000000000000017,363,2017
2017-01-03,0.011106119278660648,4.999999999999803,362,2017
2017-01-04,0.01112012153855696,5.000000000000275,361,2017
2017-01-05,0.011074918862643078,4.999999999999814,360,2017
2017-01-06,0.011049100736559389,4.999999999999867,359,2017
2017-01-09,0.011096478979379674,4.999999999999883,356,2017
2017-01-10,0.011077657631950816,5.0000000000000915,355,2017
2017-01-11,0.011034550270844483,4.9999999999999485,354,2017
2017-01-12,0.011012564688160323,4.999999999999706,353,2017
2017-01-13,0.011100425953389323,4.999999999999931,352,2017
2017-01-16,0.011078814632361773,5.000000000000099,349,2017
2017-01-17,0.011053747060766748,4.99999999999989,348,2017
2017-01-18,0.011110484577640037,5.000000000000051,347,2017
2017-01-19,0.011148116917696772,4.999999999999952,346,2017
2017-01-20,0.011146840264378621,4.999999999999913,345,2017
2017-01-23,0.011186255745203703,4.999999999999804,342,2017
2017-01-24,0.011226132547393616,4.999999999999489,341,2017
2017-01-25,0.011230523931216138,4.999999999999802,340,2017
2017-01-26,0.011279296377328142,5.000000000000358,339,2017
2017-01-27,0.011332967074224098,4.999999999999635,338,2017
2017-01-30,0.011410429989793192,4.999999999999565,335,2017
2017-01-31,0.011386674773994757,5.000000000000066,334,2017
2017-02-01,0.011308923971389696,5.000000000000049,333,2017
2017-02-02,0.01129091052312646,4.9999999999997495,332,2017
2017-02-03,0.011298957514097187,4.99999999999998,331,2017
2017-02-06,0.011294637249894664,5.0,328,2017
2017-02-07,0.011378935772269325,4.999999999999689,327,2017
2017-02-08,0.011410880446946846,4.9999999999999,326,2017
2017-02-09,0.011437298522081335,5.0000000000000195,325,2017
2017-02-10,0.011524758095848346,5.000000000000147,324,2017
2017-02-13,0.011512070410105504,4.999999999999975,321,2017
2017-02-14,0.011516522646121553,4.999999999999987,320,2017
2017-02-15,0.011522144749247898,4.999999999999737,319,2017
2017-02-16,0.011587033490620374,4.999999999999567,318,2017
2017-02-17,0.011506636660257107,4.999999999999961,317,2017
2017-02-20,0.011490749892963045,5.000000000000152,314,2017
2017-02-21,0.011382890478961127,5.000000000000084,313,2017
2017-02-22,0.01136117684851655,4.999999999999624,312,2017
2017-02-23,0.011307842314233492,4.9999999999998,311,2017
2017-02-24,0.01136492743117632,5.000000000000156,310,2017
2017-02-27,0.011322882293332809,5.0000000000001235,307,2017
2017-02-28,0.011318194784495042,4.999999999999645,306,2017
2017-03-01,0.011349533230265274,5.000000000000036,305,2017
2017-03-02,0.011396966359136507,4.9999999999996,304,2017
2017-03-03,0.011388867150880118,4.999999999999613,303,2017
2017-03-06,0.011407491336711387,4.999999999999588,300,2017
2017-03-07,0.011273439286850859,4.999999999999626,299,2017
2017-03-08,0.011255229324021808,4.9999999999998614,298,2017
2017-03-09,0.011285700432697797,4.999999999999784,297,2017
2017-03-10,0.011289490159835658,4.999999999999952,296,2017
2017-03-13,0.011279208886787385,4.999999999999546,293,2017
2017-03-14,0.011214995234159676,4.9999999999995905,292,2017
2017-03-15,0.01128339992248318,4.999999999999791,291,2017
2017-03-16,0.011285710755159335,4.999999999999679,290,2017
2017-03-17,0.011316620324496054,4.999999999999985,289,2017
2017-03-20,0.011301072365230216,4.9999999999996545,286,2017
2017-03-21,0.011222765547462044,4.999999999999847,285,2017
2017-03-22,0.011273989219314218,4.999999999999679,284,2017
2017-03-23,0.011314396136904166,4.9999999999999005,283,2017
2017-03-24,0.011342625795166768,5.000000000000012,282,2017
2017-03-27,0.011383949031818788,5.000000000000225,279,2017
2017-03-28,0.011402625266655385,4.999999999999598,278,2017
2017-03-29,0.0113620290275415,4.999999999999902,277,2017
2017-03-30,0.011292749818993496,4.9999999999996785,276,2017
2017-03-31,0.0113251010832265,4.999999999999804,275,2017
2017-04-03,0.011357016385364863,4.999999999999948,272,2017
2017-04-04,0.011419977090207221,5.0000000000000755,271,2017
2017-04-05,0.011450979371292011,5.0000000000003455,270,2017
2017-04-06,0.01140860880913149,5.000000000000117,269,2017
2017-04-07,0.011435151239930613,4.999999999999797,268,2017
2017-04-10,0.011356872145809249,4.999999999999882,265,2017
2017-04-11,0.011334858359532697,4.999999999999849,264,2017
2017-04-12,0.011316203455300924,4.9999999999997415,263,2017
2017-04-13,0.011291039138515185,4.9999999999998,262,2017
2017-04-14,0.011314744560360036,4.999999999999898,261,2017
2017-04-17,0.011380142810308455,5.000000000000153,258,2017
2017-04-18,0.01139175591021544,5.0000000000001625,257,2017
2017-04-19,0.011382348970783997,5.000000000000041,256,2017
2017-04-20,0.011379088286037004,5.000000000000363,255,2017
2017-04-21,0.01138716592021331,4.9999999999999645,254,2017
2017-04-24,0.011341320464633079,5.000000000000029,251,2017
2017-04-25,0.011319432852020932,4.999999999999933,250,2017
2017-04-26,0.01131960279697077,4.99999999999987,249,2017
2017-04-27,0.011269389797511471,4.99999999999971,248,2017
2017-04-28,0.011284318919965008,4.999999999999901,247,2017
2017-05-01,0.011307466623784044,4.999999999999679,244,2017
2017-05-02,0.01127469064878066,4.999999999999655,243,2017
2017-05-03,0.011296118440445835,4.999999999999725,242,2017
2017-05-04,0.011318427663220963,4.999999999999372,241,2017
2017-05-05,0.011327644431147471,4.999999999999931,240,2017
2017-05-08,0.01130093994155468,4.999999999999788,237,2017
2017-05-09,0.01125442189065471,5.000000000000297,236,2017
2017-05-10,0.011259130282956172,5.000000000000027,235,2017
2017-05-11,0.011286045837785912,5.000000000000043,234,2017
2017-05-12,0.011376412263975436,5.0000000000001235,233,2017
2017-05-15,0.011403544841349996,4.999999999999698,230,2017
2017-05-16,0.011375081509723441,4.9999999999998135,229,2017
2017-05-17,0.011345177811743542,4.9999999999997815,228,2017
2017-05-18,0.011261985988984632,5.000000000000452,227,2017
2017-05-19,0.011285614964311125,4.999999999999857,226,2017
2017-05-22,0.0112759559310081,4.999999999999718,223,2017
2017-05-23,0.011289319617059684,4.999999999999619,222,2017
2017-05-24,0.011295477650711394,4.999999999999931,221,2017
2017-05-25,0.01134411315592424,4.999999999999736,220,2017
2017-05-26,0.011322436663478107,5.000000000000044,219,2017
2017-05-29,0.011264819846579361,5.0000000000002025,216,2017
2017-05-30,0.011251419272070913,5.000000000000306,215,2017
2017-05-31,0.011148701400012078,4.9999999999999485,214,2017
2017-06-01,0.011097643277933543,4.999999999999933,213,2017
2017-06-02,0.011055961347528441,5.000000000000243,212,2017
2017-06-05,0.01107745197355348,5.000000000000053,209,2017
2017-06-06,0.011049428774976342,4.999999999999821,208,2017
2017-06-07,0.011138521474533205,4.999999999999782,207,2017
2017-06-08,0.011186080668679607,5.000000000000337,206,2017
2017-06-09,0.011170391113372626,4.999999999999961,205,2017
2017-06-12,0.011150500678238667,5.000000000000061,202,2017
2017-06-13,0.011120494774907,5.000000000000152,201,2017
2017-06-14,0.011100203475657724,4.99999999999987,200,2017
2017-06-15,0.011059533707244551,5.000000000000406,199,2017
2017-06-16,0.010986447891509396,4.999999999999908,198,2017
2017-06-19,0.011008887952329176,4.999999999999694,195,2017
2017-06-20,0.010938368650046675,5.000000000000083,194,2017
2017-06-21,0.010884975904840518,5.000000000000085,193,2017
2017-06-22,0.01092584920608321,4.999999999999936,192,2017
2017-06-23,0.010955880722268508,4.999999999999644,191,2017
2017-06-26,0.010891016390895935,4.999999999999936,188,2017
2017-06-27,0.01085565966148384,4.999999999999715,187,2017
2017-06-28,0.010913092913600844,4.999999999999967,186,2017
2017-06-29,0.010909568222822663,4.999999999999674,185,2017
2017-06-30,0.010916919063189943,5.000000000000307,184,2017
2017-07-03,0.010940240372723578,5.00000000000008,181,2017
2017-07-04,0.011009700452894577,5.0000000000001,180,2017
2017-07-05,0.011024166786293317,4.9999999999999645,179,2017
2017-07-06,0.011098564005728763,5.000000000000179,178,2017
2017-07-07,0.011064630577981988,5.0,177,2017
2017-07-10,0.011077174462840733,4.999999999999857,174,2017
2017-07-11,0.01107237040138995,4.9999999999999725,173,2017
2017-07-12,0.011059346211109468,4.999999999999857,172,2017
2017-07-13,0.01106650937109755,4.999999999999989,171,2017
2017-07-14,0.011030955838007613,4.999999999999853,170,2017
2017-07-17,0.01112879112034804,4.999999999999902,167,2017
2017-07-18,0.011106196421425043,4.999999999999977,166,2017
2017-07-19,0.01106461966693591,5.000000000000184,165,2017
2017-07-20,0.011089979074644877,4.999999999999992,164,2017
2017-07-21,0.011129370658946348,4.999999999999996,163,2017
2017-07-24,0.011126825372859087,4.99999999999995,160,2017
2017-07-25,0.011205501325365456,5.0000000000000915,159,2017
2017-07-26,0.011285140029346566,4.999999999999999,158,2017
2017-07-27,0.011312814947993157,5.000000000000136,157,2017
2017-07-28,0.011287890976337239,4.999999999999929,156,2017
2017-07-31,0.011312079807240614,5.000000000000067,153,2017
2017-08-01,-0.0057134342877512845,-2.4999999999999405,152,2017
2017-08-02,0.011408067414779184,4.999999999999917,151,2017
2017-08-03,0.011447996309367388,5.000000000000149,150,2017
2017-08-04,0.011513108912455678,5.000000000000189,149,2017
2017-08-07,0.011506801239848895,4.999999999999965,146,2017
2017-08-08,0.011643455725717025,5.000000000000057,145,2017
2017-08-09,0.011602838370356992,5.000000000000051,144,2017
2017-08-10,0.011582804062371128,5.000000000000069,143,2017
2017-08-11,0.011550966291858557,5.000000000000077,142,2017
2017-08-14,0.011517525574818183,4.99999999999985,139,2017
2017-08-15,0.011464563017426054,5.000000000000201,138,2017
2017-08-16,0.011502251157140993,5.000000000000056,137,2017
2017-08-17,0.011526561706207156,5.000000000000095,136,2017
2017-08-18,0.011527207388344913,5.000000000000032,135,2017
2017-08-21,0.011623363013096542,5.000000000000003,132,2017
2017-08-22,0.011569335898148504,4.999999999999984,131,2017
2017-08-23,0.011572070962066194,5.000000000000019,130,2017
2017-08-24,0.011571416409297177,4.99999999999986,129,2017
2017-08-25,0.0115481313397966,5.00000000000021,128,2017
2017-08-28,0.011563788658735634,5.000000000000064,125,2017
2017-08-29,0.011583205745179653,5.0000000000000595,124,2017
2017-08-30,0.011470897157151699,5.0000000000003375,123,2017
2017-08-31,-0.005914341808832832,-2.583333333333311,122,2017
2017-09-01,0.011532623405432856,4.9999999999999805,121,2017
2017-09-04,0.011498849381058772,4.999999999999969,118,2017
2017-09-05,0.011533137085295632,5.00000000000013,117,2017
2017-09-06,0.011508484727867927,5.00000000000013,116,2017
2017-09-07,0.011534437166580452,5.000000000000222,115,2017
2017-09-08,0.01153814266749748,5.000000000000005,114,2017
2017-09-11,0.011542651552973805,5.00000000000009,111,2017
2017-09-12,0.011595644281837063,5.000000000000041,110,2017
2017-09-13,0.011659309620761655,5.000000000000136,109,2017
2017-09-14,0.0116533661748124,5.0000000000000755,108,2017
2017-09-15,0.01165420392627021,5.000000000000032,107,2017
2017-09-18,0.011616770316962228,5.000000000000089,104,2017
2017-09-19,0.011590462937451971,5.00000000000013,103,2017
2017-09-20,0.011611051671203739,4.999999999999959,102,2017
2017-09-21,0.011731865949860958,4.999999999999965,101,2017
2017-09-22,0.011766039046880254,5.000000000000162,100,2017
2017-09-25,0.011843933734712533,5.000000000000136,97,2017
2017-09-26,0.011876123854899428,4.999999999999999,96,2017
2017-09-27,0.011893895359932308,4.99999999999999,95,2017
2017-09-28,0.01189534077177695,4.999999999999943,94,2017
2017-09-29,0.011955754076957127,4.999999999999972,93,2017
2017-10-02,0.011993512330071773,5.000000000000015,90,2017
2017-10-03,0.011936953788777745,4.99999999999988,89,2017
2017-10-04,0.011889539277525098,4.999999999999984,88,2017
2017-10-05,0.011864222688460126,4.999999999999873,87,2017
2017-10-06,0.011864823127676078,5.000000000000003,86,2017
2017-10-09,0.011919104098299556,5.000000000000056,83,2017
2017-10-10,0.011998717838457573,5.000000000000047,82,2017
2017-10-11,0.011968480504421057,4.999999999999946,81,2017
2017-10-12,0.01203808443583974,4.999999999999933,80,2017
2017-10-13,0.012116234870814587,4.999999999999907,79,2017
2017-10-16,0.012053968770706028,4.999999999999992,76,2017
2017-10-17,0.012045510290108474,4.999999999999917,75,2017
2017-10-18,0.012104688466538817,4.999999999999953,74,2017
2017-10-19,0.012111628178892702,4.999999999999981,73,2017
2017-10-20,0.012093471832316915,4.99999999999991,72,2017
2017-10-23,0.011982795598433939,4.999999999999994,69,2017
2017-10-24,0.011947080241635766,4.999999999999912,68,2017
2017-10-25,0.011927154409789326,5.00000000000019,67,2017
2017-10-26,0.011946350333215758,4.999999999999785,66,2017
2017-10-27,0.01197320925729814,4.999999999999967,65,2017
2017-10-30,0.011961635304881466,4.999999999999914,62,2017
2017-10-31,-0.006222553530741318,-2.5833333333333655,61,2017
2017-11-01,0.012060025876980336,5.000000000000079,60,2017
2017-11-02,0.011978330802963478,4.999999999999952,59,2017
2017-11-03,0.012000818805503511,4.999999999999914,58,2017
2017-11-06,0.01196043632071847,5.000000000000022,55,2017
2017-11-07,0.012026119038614853,5.000000000000059,54,2017
2017-11-08,0.01208898080287284,5.000000000000066,53,2017
2017-11-09,0.012099042616956985,4.999999999999968,52,2017
2017-11-10,0.012080178875871754,4.999999999999933,51,2017
2017-11-13,0.0120847818720575,5.000000000000039,48,2017
2017-11-14,0.012124771149185217,5.000000000000028,47,2017
2017-11-15,0.01214407053728824,4.999999999999999,46,2017
2017-11-16,0.012115009064809097,4.999999999999991,45,2017
2017-11-17,0.012053253548190724,4.999999999999938,44,2017
2017-11-20,0.012032041488896009,5.000000000000044,41,2017
2017-11-21,0.011986854015583203,4.9999999999999725,40,2017
2017-11-22,0.01199797887154899,5.000000000000071,39,2017
2017-11-23,0.011954624968354756,5.000000000000128,38,2017
2017-11-24,0.012015508160179211,5.000000000000029,37,2017
2017-11-27,0.012028202651887518,5.000000000000033,34,2017
2017-11-28,0.012025156985405742,4.999999999999927,33,2017
2017-11-29,0.012022443986662584,4.9999999999999964,32,2017
2017-11-30,0.012067844540131007,4.999999999999985,31,2017
2017-12-01,-0.003114158139181006,-1.2903225806451561,30,2017
2017-12-04,0.012046710196140814,5.000000000000054,27,2017
2017-12-05,0.012029670889073307,4.999999999999999,26,2017
2017-12-06,0.012033249225002901,5.000000000000025,25,2017
2017-12-07,0.011995056133914578,5.0000000000000036,24,2017
2017-12-08,0.012025708218354192,4.9999999999999964,23,2017
2017-12-11,0.011976473522225584,4.999999999999996,20,2017
2017-12-12,0.011911345373069232,5.000000000000011,19,2017
2017-12-13,0.011956231902775227,4.999999999999999,18,2017
2017-12-14,0.012010030134103872,5.000000000000006,17,2017
2017-12-15,0.012070868535585089,4.999999999999975,16,2017
2017-12-18,0.012040151399897775,4.999999999999998,13,2017
2017-12-19,0.01202125856113382,4.9999999999999964,12,2017
2017-12-20,0.012057618378698825,5.000000000000006,11,2017
2017-12-21,0.012096005105234321,4.9999999999999964,10,2017
2017-12-22,0.01201650272860278,4.999999999999996,9,2017
2017-12-25,,,6,2017
2017-12-26,,,5,2017
2017-12-27,,,4,2017
2017-12-28,,,3,2017
2017-12-29,,,2,2017
2018-01-01,0.011921251594063827,5.000000000000204,364,2018
2018-01-02,0.012004437789116522,5.000000000000184,363,2018
2018-01-03,0.012006034249087527,5.000000000000222,362,2018
2018-01-04,0.01203058156251921,4.999999999999626,361,2018
2018-01-05,0.012139442004763752,4.9999999999999725,360,2018
2018-01-08,0.012209639397632532,4.999999999999873,357,2018
2018-01-09,0.012195882851452844,4.999999999999959,356,2018
2018-01-10,0.012221925597158532,5.000000000000147,355,2018
2018-01-11,0.012222436582206696,5.000000000000376,354,2018
2018-01-12,0.012185661149635825,4.999999999999871,353,2018
2018-01-15,0.012171623040029188,5.000000000000061,350,2018
2018-01-16,0.012149407688599581,4.999999999999792,349,2018
2018-01-17,0.012179864189190835,5.000000000000334,348,2018
2018-01-18,0.012127445728286314,5.000000000000053,347,2018
2018-01-19,0.012194306387293782,5.00000000000004,346,2018
2018-01-22,0.012210332670781893,4.999999999999987,343,2018
2018-01-23,0.012251997869836002,4.999999999999778,342,2018
2018-01-24,0.012240839970755465,4.999999999999845,341,2018
2018-01-25,0.01221865218047389,4.999999999999781,340,2018
2018-01-26,0.012141093721086578,4.99999999999998,339,2018
2018-01-29,0.012219880716024603,5.000000000000008,336,2018
2018-01-30,0.012180836078476476,5.000000000000039,335,2018
2018-01-31,0.012197329147548383,4.999999999999891,334,2018
2018-02-01,0.012198267167559083,4.999999999999756,333,2018
2018-02-02,0.01221610529212145,4.999999999999996,332,2018
2018-02-05,0.012270486324402002,4.999999999999924,329,2018
2018-02-06,0.012291086460575258,5.000000000000565,328,2018
2018-02-07,0.012286446682525626,4.999999999999946,327,2018
2018-02-08,0.012255524956077783,5.000000000000022,326,2018
2018-02-09,0.012222242632759873,5.000000000000309,325,2018
2018-02-12,0.012220605786354692,5.000000000000222,322,2018
2018-02-13,0.012202110741077271,5.000000000000193,321,2018
2018-02-14,0.012281754821366425,4.999999999999955,320,2018
2018-02-15,0.012241378272576799,5.000000000000145,319,2018
2018-02-16,0.012228483957152973,5.000000000000242,318,2018
2018-02-19,0.012191878085577493,4.999999999999806,315,2018
2018-02-20,0.012145103924157546,4.999999999999999,314,2018
2018-02-21,0.012117644864226014,4.999999999999885,313,2018
2018-02-22,0.012182771739651266,5.00000000000008,312,2018
2018-02-23,0.012218562413394939,5.000000000000217,311,2018
2018-02-26,0.012150014169338308,5.0000000000002265,308,2018
2018-02-27,0.012182837123711862,5.000000000000398,307,2018
2018-02-28,0.012191495237076834,4.999999999999635,306,2018
2018-03-01,0.012242850276254678,5.000000000000109,305,2018
2018-03-02,0.012322915170961124,5.0000000000003775,304,2018
2018-03-05,0.012370617549251568,5.000000000000084,301,2018
2018-03-06,0.012336407189302553,5.000000000000108,300,2018
2018-03-07,0.01233686284636424,5.000000000000044,299,2018
2018-03-08,0.012340209518699227,4.999999999999917,298,2018
2018-03-09,0.012231318563974414,5.000000000000168,297,2018
2018-03-12,0.012267938749800138,4.99999999999999,294,2018
2018-03-13,0.012312566019243257,5.000000000000012,293,2018
2018-03-14,0.012263435975223808,5.0000000000000755,292,2018
2018-03-15,0.012290765675913057,4.999999999999943,291,2018
2018-03-16,0.012275132961222068,5.0000000000001235,290,2018
2018-03-19,0.012317457393110715,5.000000000000122,287,2018
2018-03-20,0.012284057877627527,5.0000000000000195,286,2018
2018-03-21,0.012258800601814855,4.999999999999812,285,2018
2018-03-22,0.012197180321748179,4.999999999999876,284,2018
2018-03-23,0.012223302058326231,5.000000000000095,283,2018
2018-03-26,0.012308002164475813,4.999999999999982,280,2018
2018-03-27,0.012297476805772527,4.99999999999987,279,2018
2018-03-28,0.012292675997847037,4.999999999999927,278,2018
2018-03-29,0.012294236105981418,5.0000000000002265,277,2018
2018-03-30,0.012260419181570142,5.0000000000004015,276,2018
2018-04-02,-0.0060572350270147336,-2.4728260869566947,273,2018
2018-04-03,0.012257673715785984,5.0000000000002665,272,2018
2018-04-04,0.012312492147848015,5.000000000000208,271,2018
2018-04-05,0.012254594510713616,4.999999999999926,270,2018
2018-04-06,0.012240236252847696,5.000000000000087,269,2018
2018-04-09,0.012311156162465337,4.999999999999924,266,2018
2018-04-10,0.012443993600916843,5.000000000000058,265,2018
2018-04-11,0.012383131066999639,5.000000000000397,264,2018
2018-04-12,0.01234450452305796,5.00000000000016,263,2018
2018-04-13,0.012296476238539186,4.999999999999932,262,2018
2018-04-16,0.012277479508941008,4.999999999999836,259,2018
2018-04-17,0.012211828994455106,5.000000000000204,258,2018
2018-04-18,0.012232098559147577,5.000000000000234,257,2018
2018-04-19,0.012154573723393906,5.000000000000133,256,2018
2018-04-20,0.012135068683626129,4.9999999999998135,255,2018
2018-04-23,0.012079832348381662,5.000000000000087,252,2018
2018-04-24,0.012067062753197069,5.0000000000001315,251,2018
2018-04-25,0.011975746222712504,5.000000000000009,250,2018
2018-04-26,0.01197452167484797,4.999999999999787,249,2018
2018-04-27,0.011891976848218725,4.999999999999873,248,2018
2018-04-30,0.011957453579880182,5.000000000000056,245,2018
2018-05-01,0.012067315626575788,4.999999999999661,244,2018
2018-05-02,0.012059605580864354,5.000000000000435,243,2018
2018-05-03,0.01216297042871514,4.999999999999914,242,2018
2018-05-04,0.012123816254904747,4.9999999999997895,241,2018
2018-05-07,0.012082183524467086,5.000000000000035,238,2018
2018-05-08,0.012051415723848475,4.999999999999568,237,2018
2018-05-09,0.012092362064216482,4.99999999999983,236,2018
2018-05-10,0.012036572560579079,5.00000000000023,235,2018
2018-05-11,0.012088696571078405,4.999999999999852,234,2018
2018-05-14,0.012147667498982832,4.999999999999938,231,2018
2018-05-15,0.012154950835651783,4.9999999999995355,230,2018
2018-05-16,0.012211008699523723,5.000000000000259,229,2018
2018-05-17,0.01223062314392098,5.000000000000133,228,2018
2018-05-18,0.012173052732226504,5.000000000000082,227,2018
2018-05-21,0.012138596319784076,5.0000000000002105,224,2018
2018-05-22,0.012179505046777908,4.999999999999933,223,2018
2018-05-23,0.012189049279417859,5.000000000000009,222,2018
2018-05-24,0.012233341618277854,5.000000000000176,221,2018
2018-05-25,0.012318873054530246,5.0000000000000995,220,2018
2018-05-28,0.012332597557546888,5.000000000000085,217,2018
2018-05-29,0.012333744455848618,4.999999999999744,216,2018
2018-05-30,0.01232698239327734,5.000000000000073,215,2018
2018-05-31,0.012359118085525618,4.99999999999973,214,2018
2018-06-01,0.012380973102463198,4.999999999999933,213,2018
2018-06-04,0.012429403779953703,5.000000000000288,210,2018
2018-06-05,0.012375771266550829,5.000000000000044,209,2018
2018-06-06,0.012379435961410815,5.0000000000002265,208,2018
2018-06-07,0.012361938093429208,4.99999999999986,207,2018
2018-06-08,0.012321024918017015,5.000000000000003,206,2018
2018-06-11,0.012306329486226744,4.999999999999953,203,2018
2018-06-12,0.012323107968822694,5.000000000000117,202,2018
2018-06-13,0.012345772398957872,4.999999999999648,201,2018
2018-06-14,0.012391806335433964,4.9999999999998535,200,2018
2018-06-15,0.012387610618318692,4.999999999999991,199,2018
2018-06-18,0.0123746420993398,4.999999999999942,196,2018
2018-06-19,0.012392661850891124,4.999999999999514,195,2018
2018-06-20,0.01241207554617232,5.0000000000000195,194,2018
2018-06-21,0.012481019203906847,4.9999999999999,193,2018
2018-06-22,0.012567536028290534,4.9999999999998925,192,2018
2018-06-25,0.012549058135245515,4.999999999999929,189,2018
2018-06-26,0.012564627157929465,4.999999999999737,188,2018
2018-06-27,0.012709683995218709,4.999999999999952,187,2018
2018-06-28,0.012646424059466558,4.9999999999996385,186,2018
2018-06-29,0.012630008377623448,4.999999999999984,185,2018
2018-07-02,-0.002090021524677379,-0.824175824175911,182,2018
2018-07-03,0.012740570907559777,5.000000000000018,181,2018
2018-07-04,0.01275666515137613,4.999999999999946,180,2018
2018-07-05,0.012676446377574823,5.000000000000133,179,2018
2018-07-06,0.012696906577752305,5.000000000000017,178,2018
2018-07-09,0.01273468310856658,4.999999999999981,175,2018
2018-07-10,0.012757026486196373,4.999999999999936,174,2018
2018-07-11,0.012766461458009158,5.000000000000228,173,2018
2018-07-12,0.012673867638837225,4.999999999999999,172,2018
2018-07-13,0.012627267466020324,4.999999999999849,171,2018
2018-07-16,0.012599261485874477,4.999999999999928,168,2018
2018-07-17,0.01247489466386656,4.999999999999994,167,2018
2018-07-18,0.01243568946625315,4.99999999999994,166,2018
2018-07-19,0.012499665592323426,5.0000000000001705,165,2018
2018-07-20,0.012469474972807548,5.000000000000077,164,2018
2018-07-23,0.012459325719227435,4.999999999999979,161,2018
2018-07-24,0.01243931629670297,4.999999999999876,160,2018
2018-07-25,0.012417887704387655,5.000000000000047,159,2018
2018-07-26,0.012426857989281184,4.999999999999903,158,2018
2018-07-27,0.012450884121046387,5.000000000000058,157,2018
2018-07-30,0.012341113031946026,4.999999999999763,154,2018
2018-07-31,0.012325459204357118,5.000000000000025,153,2018
2018-08-01,-0.006149141381478311,-2.4999999999998446,152,2018
2018-08-02,0.01236836653773072,5.000000000000018,151,2018
2018-08-03,0.012391444152326531,4.999999999999819,150,2018
2018-08-06,0.012434429913554031,5.000000000000039,147,2018
2018-08-07,0.01245096727368054,5.000000000000037,146,2018
2018-08-08,0.012490838720720671,5.000000000000117,145,2018
2018-08-09,0.012446200633176255,4.9999999999999485,144,2018
2018-08-10,0.012503307769448375,5.000000000000056,143,2018
2018-08-13,0.012519131382123481,4.999999999999933,140,2018
2018-08-14,0.012570933183562224,4.9999999999999964,139,2018
2018-08-15,0.012433040562511068,5.000000000000054,138,2018
2018-08-16,0.01247575591702535,5.0000000000000755,137,2018
2018-08-17,0.01254342200846914,4.99999999999986,136,2018
2018-08-20,0.012532202709091486,5.000000000000149,133,2018
2018-08-21,0.012450940816040555,4.999999999999936,132,2018
2018-08-22,0.012479690286440557,5.000000000000041,131,2018
2018-08-23,0.012492237791777907,5.000000000000053,130,2018
2018-08-24,0.012470165948733816,5.000000000000118,129,2018
2018-08-27,0.012463696421998027,5.000000000000197,126,2018
2018-08-28,0.012536018686274322,5.0000000000002744,125,2018
2018-08-29,0.012478865464713128,5.000000000000059,124,2018
2018-08-30,0.012474055790194886,4.999999999999901,123,2018
2018-08-31,-0.006391072732306564,-2.5833333333334783,122,2018
2018-09-03,0.012267273012429818,5.000000000000136,119,2018
2018-09-04,0.012338515559907795,5.000000000000133,118,2018
2018-09-05,0.01230460081548393,4.999999999999936,117,2018
2018-09-06,0.012299677983458388,4.999999999999978,116,2018
2018-09-07,0.012318120933911892,5.000000000000035,115,2018
2018-09-10,0.01238656008056754,5.000000000000104,112,2018
2018-09-11,0.012460964469928195,5.000000000000068,111,2018
2018-09-12,0.012489390158616234,5.000000000000046,110,2018
2018-09-13,0.012565245819438983,5.000000000000033,109,2018
2018-09-14,0.012545319790119275,5.000000000000125,108,2018
2018-09-17,0.0126069894785543,5.000000000000053,105,2018
2018-09-18,0.01267777991962834,5.000000000000194,104,2018
2018-09-19,0.012764501365430107,4.9999999999999405,103,2018
2018-09-20,0.012742953986926289,5.0000000000000915,102,2018
2018-09-21,0.01274823362099437,4.999999999999972,101,2018
2018-09-24,0.01277305958163092,4.999999999999987,98,2018
2018-09-25,0.012931665802907331,5.000000000000117,97,2018
2018-09-26,0.012899290484606338,5.000000000000046,96,2018
2018-09-27,0.012922444782237934,5.0000000000000755,95,2018
2018-09-28,0.01290187425220765,5.0000000000001545,94,2018
2018-10-01,-0.006226858526641992,-2.4193548387096704,91,2018
2018-10-02,0.012893480943295121,4.99999999999991,90,2018
2018-10-03,0.012899782153697071,5.000000000000008,89,2018
2018-10-04,0.012938168936764919,4.999999999999936,88,2018
2018-10-05,0.012922104341446597,5.000000000000053,87,2018
2018-10-08,0.012968178519126052,4.999999999999969,84,2018
2018-10-09,0.012943225464738441,4.999999999999825,83,2018
2018-10-10,0.012967071415423276,4.99999999999998,82,2018
2018-10-11,0.012941486248712296,4.999999999999943,81,2018
2018-10-12,0.01290322942652005,5.000000000000006,80,2018
2018-10-15,0.01284626258372305,4.999999999999946,77,2018
2018-10-16,0.012852689461518678,4.999999999999961,76,2018
2018-10-17,0.012855341701346282,4.999999999999975,75,2018
2018-10-18,0.012836460980768672,4.9999999999999964,74,2018
2018-10-19,0.012818595621775196,4.999999999999989,73,2018
2018-10-22,0.012862591535327244,5.00000000000008,70,2018
2018-10-23,0.012918192276388917,4.9999999999999645,69,2018
2018-10-24,0.012978433119898072,4.999999999999845,68,2018
2018-10-25,0.0128899514742877,4.999999999999924,67,2018
2018-10-26,0.012928082789623423,4.999999999999982,66,2018
2018-10-29,0.012950988687832187,4.99999999999996,63,2018
2018-10-30,0.012920884766660073,5.000000000000071,62,2018
2018-10-31,-0.006692205504087185,-2.583333333333447,61,2018
2018-11-01,0.012999739094663763,5.000000000000061,60,2018
2018-11-02,0.012972965081084933,5.000000000000057,59,2018
2018-11-05,0.012951082972779136,4.9999999999999405,56,2018
2018-11-06,0.01293572701488429,4.999999999999974,55,2018
2018-11-07,0.01298829976210689,5.000000000000003,54,2018
2018-11-08,0.013047549024269828,4.999999999999908,53,2018
2018-11-09,0.013027763167673045,4.999999999999963,52,2018
2018-11-12,0.013010297026991793,4.999999999999917,49,2018
2018-11-13,0.012959648462047724,4.999999999999985,48,2018
2018-11-14,0.012918935687663596,4.999999999999974,47,2018
2018-11-15,0.012913863831186756,5.0000000000000755,46,2018
2018-11-16,0.013004820591312662,4.9999999999999645,45,2018
2018-11-19,0.012977203180655145,5.0000000000000595,42,2018
2018-11-20,0.013023720982377227,4.999999999999959,41,2018
2018-11-21,0.013044721289326504,4.999999999999992,40,2018
2018-11-22,0.013107748010862513,4.999999999999909,39,2018
2018-11-23,0.013040961414720118,4.999999999999942,38,2018
2018-11-26,0.013015650448070681,4.9999999999998685,35,2018
2018-11-27,0.013006357819297754,5.000000000000041,34,2018
2018-11-28,0.01288829412235146,5.000000000000099,33,2018
2018-11-29,0.012906990939440055,5.00000000000013,32,2018
2018-11-30,0.012903811383648699,5.000000000000011,31,2018
2018-12-03,0.012909863879437433,5.000000000000033,28,2018
2018-12-04,0.012978540768525448,5.000000000000006,27,2018
2018-12-05,0.013073061821049309,4.999999999999993,26,2018
2018-12-06,0.01306055901100131,5.000000000000005,25,2018
2018-12-07,0.012999445613868704,4.999999999999975,24,2018
2018-12-10,0.01294197611888806,5.0,21,2018
2018-12-11,0.01293636476477647,4.999999999999978,20,2018
2018-12-12,0.013012861069947118,5.000000000000068,19,2018
2018-12-13,0.01299591676355788,5.000000000000046,18,2018
2018-12-14,0.012954041844599334,5.000000000000064,17,2018
2018-12-17,-0.005679313926654583,-2.1875000000000124,14,2018
2018-12-18,0.012946998341268372,5.00000000000001,13,2018
2018-12-19,0.01285853308702994,4.99999999999998,12,2018
2018-12-20,0.01289017425210003,4.999999999999987,11,2018
2018-12-21,0.01294924242451403,4.999999999999981,10,2018
2018-12-24,,,7,2018
2018-12-25,,,6,2018
2018-12-26,,,5,2018
2018-12-27,,,4,2018
2018-12-28,,,3,2018
2018-12-31,,,0,2018
2019-01-01,0.013133708722885738,4.999999999999754,364,2019
2019-01-02,0.013183271799391383,4.9999999999996945,363,2019
2019-01-03,0.013207329733477498,4.99999999999978,362,2019
2019-01-04,0.013218263469606452,4.9999999999996225,361,2019
2019-01-07,0.013203756646477507,5.000000000000159,358,2019
2019-01-08,0.013216965505040063,5.000000000000095,357,2019
2019-01-09,0.013225647415753328,4.999999999999456,356,2019
2019-01-10,0.013264446951321632,4.999999999999998,355,2019
2019-01-11,0.01328985830360542,4.999999999999683,354,2019
2019-01-14,0.013204509234963406,5.00000000000009,351,2019
2019-01-15,0.013158296297592277,4.999999999999977,350,2019
2019-01-16,0.0131568048802908,4.999999999999984,349,2019
2019-01-17,0.013190375970081242,5.000000000000136,348,2019
2019-01-18,0.01317382853957922,4.999999999999569,347,2019
2019-01-21,0.013304148244802597,4.999999999999826,344,2019
2019-01-22,0.013339043399211603,4.999999999999792,343,2019
2019-01-23,0.01338881393279149,5.000000000000148,342,2019
2019-01-24,0.013455462075737244,4.999999999999422,341,2019
2019-01-25,0.013530740895481848,4.999999999999832,340,2019
2019-01-28,0.013472213904841768,4.999999999999633,337,2019
2019-01-29,0.013470009067997848,5.000000000000091,336,2019
2019-01-30,0.013395329731051092,4.999999999999758,335,2019
2019-01-31,0.013380776898398686,4.9999999999997495,334,2019
2019-02-01,0.013391031202393308,4.999999999999913,333,2019
2019-02-04,0.013346669202175879,4.9999999999997735,330,2019
2019-02-05,0.013383340502246432,5.0000000000000515,329,2019
2019-02-06,0.013433708656201138,5.000000000000087,328,2019
2019-02-07,0.013517289621606317,4.999999999999593,327,2019
2019-02-08,0.013464960114322327,5.0000000000005915,326,2019
2019-02-11,0.013470588444056915,4.999999999999643,323,2019
2019-02-12,0.013416691922492306,4.999999999999893,322,2019
2019-02-13,0.013417770955691632,4.999999999999587,321,2019
2019-02-14,0.013378031347747975,4.999999999999693,320,2019
2019-02-15,0.013317698117216815,5.000000000000318,319,2019
2019-02-18,0.013445652117943498,4.999999999999933,316,2019
2019-02-19,0.013446663557242909,5.0000000000001155,315,2019
2019-02-20,0.013392418596851571,4.999999999999965,314,2019
2019-02-21,0.013380915431343898,4.999999999999938,313,2019
2019-02-22,0.013363135611359121,4.999999999999841,312,2019
2019-02-25,0.013387502738149058,4.999999999999933,309,2019
2019-02-26,0.013378891093791936,4.999999999999681,308,2019
2019-02-27,0.013377662962788854,4.99999999999986,307,2019
2019-02-28,0.013407634191173724,4.999999999999933,306,2019
2019-03-01,0.01331996791232528,4.999999999999879,305,2019
2019-03-04,0.013285219176665843,4.999999999999563,302,2019
2019-03-05,0.013239330015471236,5.000000000000046,301,2019
2019-03-06,0.013206023880682191,4.999999999999594,300,2019
2019-03-07,0.013187842789101581,4.999999999999673,299,2019
2019-03-08,0.013138803676974425,4.9999999999999645,298,2019
2019-03-11,0.013184291373117621,4.99999999999974,295,2019
2019-03-12,0.013219717761185634,4.999999999999708,294,2019
2019-03-13,0.013303334325240064,4.999999999999771,293,2019
2019-03-14,0.013338669198217204,4.999999999999417,292,2019
2019-03-15,0.01327343071445123,4.999999999999746,291,2019
2019-03-18,0.013319510544819113,4.999999999999297,288,2019
2019-03-19,0.013372602683172592,4.999999999999754,287,2019
2019-03-20,0.01336647214218216,4.999999999999959,286,2019
2019-03-21,0.013260675897163808,4.999999999999822,285,2019
2019-03-22,0.013212505514182793,4.999999999999884,284,2019
2019-03-25,0.013212784369486204,5.000000000000227,281,2019
2019-03-26,0.013220100096036629,5.00000000000013,280,2019
2019-03-27,0.013129851102218912,5.000000000000222,279,2019
2019-03-28,0.01313527071227387,4.999999999999904,278,2019
2019-03-29,0.013170029591041521,4.999999999999723,277,2019
2019-04-01,0.013236348426567499,5.0000000000002505,274,2019
2019-04-02,-0.006546306070104684,-2.4728260869561187,273,2019
2019-04-03,0.013245151890841415,4.999999999999772,272,2019
2019-04-04,0.013218548344406023,4.999999999999811,271,2019
2019-04-05,0.013330218184408079,4.999999999999314,270,2019
2019-04-08,0.013346922966046297,5.000000000000348,267,2019
2019-04-09,0.0134163820796142,4.999999999999744,266,2019
2019-04-10,0.013404112680277481,5.00000000000016,265,2019
2019-04-11,0.013426678789612283,5.000000000000164,264,2019
2019-04-12,0.013415168331856497,5.000000000000067,263,2019
2019-04-15,0.0134058655406647,4.999999999999465,260,2019
2019-04-16,0.013389644426875458,5.000000000000066,259,2019
2019-04-17,0.013310056943100241,5.0000000000004245,258,2019
2019-04-18,0.013259345884403535,5.000000000000198,257,2019
2019-04-19,0.013216330144162194,5.000000000000174,256,2019
2019-04-22,0.013143575605064984,4.99999999999972,253,2019
2019-04-23,0.013212075907862721,5.000000000000352,252,2019
2019-04-24,0.01321638226975198,5.000000000000156,251,2019
2019-04-25,0.013203538603069524,4.999999999999556,250,2019
2019-04-26,0.013181089127695113,4.999999999999723,249,2019
2019-04-29,0.013219819963957161,4.999999999999938,246,2019
2019-04-30,0.013194751008514407,4.999999999999885,245,2019
2019-05-01,0.013203984905545129,4.9999999999997105,244,2019
2019-05-02,0.01320737871136666,4.9999999999996545,243,2019
2019-05-03,0.013208740054053784,4.9999999999999964,242,2019
2019-05-06,0.01320973438473943,4.9999999999999005,239,2019
2019-05-07,0.013205874066212115,5.000000000000599,238,2019
2019-05-08,0.01322582912919779,4.999999999999909,237,2019
2019-05-09,0.013151009942051421,5.000000000000125,236,2019
2019-05-10,0.0132329217802109,5.000000000000368,235,2019
2019-05-13,0.013248407209651265,4.999999999999444,232,2019
2019-05-14,0.013247640299607781,4.999999999999719,231,2019
2019-05-15,0.013238503392108497,4.99999999999976,230,2019
2019-05-16,0.013288744935009096,5.000000000000013,229,2019
2019-05-17,0.013252506434693593,4.999999999999671,228,2019
2019-05-20,0.01326556389039386,5.000000000000111,225,2019
2019-05-21,0.013283139640261224,4.999999999999953,224,2019
2019-05-22,0.013257241355184897,4.999999999999821,223,2019
2019-05-23,0.01322982367740081,5.000000000000247,222,2019
2019-05-24,0.013250990404839513,5.000000000000184,221,2019
2019-05-27,0.013217084741262208,5.000000000000043,218,2019
2019-05-28,0.013233553494681223,4.999999999999716,217,2019
2019-05-29,0.013183876118225893,5.000000000000027,216,2019
2019-05-30,0.013083720482498533,4.9999999999998925,215,2019
2019-05-31,0.013027686945633402,4.99999999999967,214,2019
2019-06-03,0.01292351136664813,5.000000000000042,211,2019
2019-06-04,0.012922012525976245,5.0000000000001865,210,2019
2019-06-05,0.012892588298785758,5.00000000000008,209,2019
2019-06-06,0.012944927355918066,5.000000000000239,208,2019
2019-06-07,0.012946986644999908,4.999999999999871,207,2019
2019-06-10,0.0129527709193665,4.99999999999986,204,2019
2019-06-11,0.012963427854681709,5.000000000000012,203,2019
2019-06-12,0.013063731196625097,4.999999999999874,202,2019
2019-06-13,0.013133400413969144,5.000000000000146,201,2019
2019-06-14,0.013117871635212632,4.9999999999995595,200,2019
2019-06-17,0.013114716020177665,5.0000000000000275,197,2019
2019-06-18,0.013167680486916685,5.000000000000047,196,2019
2019-06-19,0.013138709093502563,4.999999999999857,195,2019
2019-06-20,0.013168665755776033,4.999999999999581,194,2019
2019-06-21,0.01317099047961293,5.00000000000013,193,2019
2019-06-24,0.013185206577674328,5.000000000000277,190,2019
2019-06-25,0.013161053226662878,4.999999999999934,189,2019
2019-06-26,0.013165379131806827,5.0000000000000755,188,2019
2019-06-27,0.013103271709424312,4.9999999999999885,187,2019
2019-06-28,0.013100903358407492,5.000000000000232,186,2019
2019-07-01,0.01308004364146689,4.9999999999999165,183,2019
2019-07-02,-0.0021569256946488494,-0.8241758241759101,182,2019
2019-07-03,0.013225956141679155,5.000000000000054,181,2019
2019-07-04,0.013166891506804865,4.999999999999876,180,2019
2019-07-05,0.013107113876963707,4.999999999999746,179,2019
2019-07-08,0.01309346642560735,5.000000000000044,176,2019
2019-07-09,0.013082809159974552,5.00000000000022,175,2019
2019-07-10,0.012962759793167331,5.000000000000077,174,2019
2019-07-11,0.013024583038481231,4.99999999999986,173,2019
2019-07-12,0.012984614135712717,5.000000000000037,172,2019
2019-07-15,0.01297430407703571,5.000000000000012,169,2019
2019-07-16,0.012938550699417503,5.0000000000001315,168,2019
2019-07-17,0.012955307071764142,5.000000000000063,167,2019
2019-07-18,0.012997936512801102,5.000000000000022,166,2019
2019-07-19,0.012929175233470265,4.999999999999917,165,2019
2019-07-22,0.012925722549678217,5.000000000000094,162,2019
2019-07-23,0.012939569036391572,5.000000000000044,161,2019
2019-07-24,0.012876144396311191,4.99999999999996,160,2019
2019-07-25,0.0127918852384829,5.000000000000029,159,2019
2019-07-26,0.012777552840882549,5.000000000000133,158,2019
2019-07-29,0.012648423738725965,5.000000000000057,155,2019
2019-07-30,0.012627481672573132,4.999999999999897,154,2019
2019-07-31,0.012597348612145894,4.99999999999997,153,2019
2019-08-01,-0.006267275745063649,-2.499999999999984,152,2019
2019-08-02,0.012524950377656094,4.999999999999987,151,2019
2019-08-05,0.012483816880633838,4.999999999999715,148,2019
2019-08-06,0.012399565961866074,5.000000000000205,147,2019
2019-08-07,0.012403056483417975,4.999999999999992,146,2019
2019-08-08,0.012437108411950549,4.99999999999985,145,2019
2019-08-09,0.012365997464646814,5.000000000000181,144,2019
2019-08-12,0.012320727343061253,5.000000000000023,141,2019
2019-08-13,0.012272622682302572,4.999999999999955,140,2019
2019-08-14,0.012280621557120598,4.999999999999872,139,2019
2019-08-15,0.012310107985699821,4.99999999999994,138,2019
2019-08-16,0.012245003130894275,4.999999999999917,137,2019
2019-08-19,0.012265708633676757,5.000000000000001,134,2019
2019-08-20,0.01227208506917335,5.000000000000149,133,2019
2019-08-21,0.012290424677340404,4.999999999999859,132,2019
2019-08-22,0.012300219810829766,4.999999999999984,131,2019
2019-08-23,0.012263410632484921,4.999999999999928,130,2019
2019-08-26,0.012187437814527354,5.0000000000000515,127,2019
2019-08-27,0.012181264388863664,4.999999999999886,126,2019
2019-08-28,0.012150163242271809,5.000000000000035,125,2019
2019-08-29,0.01211806590849773,5.000000000000008,124,2019
2019-08-30,0.0121150379199534,5.00000000000002,123,2019
2019-09-02,0.012079862770035327,4.999999999999871,120,2019
2019-09-03,0.0121228768684472,4.999999999999898,119,2019
2019-09-04,0.012114256184182524,5.000000000000078,118,2019
2019-09-05,0.012106960138102623,4.999999999999951,117,2019
2019-09-06,0.012067265810885124,5.000000000000018,116,2019
2019-09-09,0.012079943269266315,4.999999999999953,113,2019
2019-09-10,0.012037165435943312,5.00000000000005,112,2019
2019-09-11,0.012067912639945626,4.999999999999985,111,2019
2019-09-12,0.012071214312964113,5.000000000000015,110,2019
2019-09-13,0.01204074270293077,4.999999999999806,109,2019
2019-09-16,0.012056522557453455,5.000000000000131,106,2019
2019-09-17,0.012010452493538527,4.999999999999979,105,2019
2019-09-18,0.01205213918607605,4.999999999999979,104,2019
2019-09-19,0.012062380889593171,5.000000000000116,103,2019
2019-09-20,0.012040914131033793,4.999999999999936,102,2019
2019-09-23,0.012000529517489178,5.000000000000025,99,2019
2019-09-24,0.012019230752854724,5.000000000000197,98,2019
2019-09-25,0.012116488618136955,5.000000000000047,97,2019
2019-09-26,0.012138524971021582,5.00000000000008,96,2019
2019-09-27,0.012139457135590122,5.000000000000025,95,2019
2019-09-30,0.012169098845586167,4.999999999999987,92,2019
2019-10-01,-0.005908980680628777,-2.419354838709673,91,2019
2019-10-02,0.012159362357135623,4.999999999999936,90,2019
2019-10-03,0.01220934989153901,4.999999999999991,89,2019
2019-10-04,0.012203596204094606,4.99999999999986,88,2019
2019-10-07,0.01216987863630399,5.00000000000003,85,2019
2019-10-08,0.012316541782028175,4.9999999999999964,84,2019
2019-10-09,0.012276965349133865,4.99999999999992,83,2019
2019-10-10,0.0121915801729988,4.999999999999981,82,2019
2019-10-11,0.012211587804097038,4.999999999999985,81,2019
2019-10-14,0.0122186897013697,4.999999999999795,78,2019
2019-10-15,0.012190319053727288,4.9999999999999964,77,2019
2019-10-16,0.012194903979673589,5.00000000000003,76,2019
2019-10-17,0.012237798342725134,4.999999999999948,75,2019
2019-10-18,0.012205714396132782,4.9999999999999885,74,2019
2019-10-21,0.01217119984544936,4.999999999999969,71,2019
2019-10-22,0.012123997731225584,4.9999999999999005,70,2019
2019-10-23,0.012165073901688507,4.999999999999956,69,2019
2019-10-24,0.012153328192817774,5.000000000000019,68,2019
2019-10-25,0.012137311713854727,4.999999999999923,67,2019
2019-10-28,0.012163316072315664,4.999999999999974,64,2019
2019-10-29,0.012264938580713279,5.00000000000002,63,2019
2019-10-30,0.012227427696846621,4.9999999999999,62,2019
2019-10-31,-0.006339800503894122,-2.583333333333361,61,2019
2019-11-01,0.012322113538047135,5.000000000000015,60,2019
2019-11-04,0.012373481054024712,4.999999999999992,57,2019
2019-11-05,0.01238893931803681,5.000000000000001,56,2019
2019-11-06,0.012394587497233739,5.000000000000031,55,2019
2019-11-07,0.01243153815835429,5.000000000000025,54,2019
2019-11-08,0.012398408188297549,5.000000000000029,53,2019
2019-11-11,0.01241728363393021,5.000000000000031,50,2019
2019-11-12,0.012389973234979411,4.9999999999999725,49,2019
2019-11-13,0.012435611811216933,4.9999999999999485,48,2019
2019-11-14,0.012533647508725314,5.0000000000001,47,2019
2019-11-15,0.012627295995929896,4.999999999999978,46,2019
2019-11-18,0.012597189270673206,5.000000000000016,43,2019
2019-11-19,0.012581814828500628,5.000000000000022,42,2019
2019-11-20,0.0125483282943038,4.999999999999989,41,2019
2019-11-21,0.012493208897143027,5.000000000000083,40,2019
2019-11-22,0.01254246829686111,5.0000000000000115,39,2019
2019-11-25,0.012540997075080464,4.999999999999991,36,2019
2019-11-26,0.012507872364858317,4.999999999999994,35,2019
2019-11-27,0.012470313951399479,5.000000000000036,34,2019
2019-11-28,0.01253910214631509,5.00000000000003,33,2019
2019-11-29,0.012569423433061964,5.0000000000000515,32,2019
2019-12-02,0.012543050254819915,5.000000000000005,29,2019
2019-12-03,0.012568444791072608,5.00000000000002,28,2019
2019-12-04,0.012588851339055962,4.999999999999999,27,2019
2019-12-05,0.012640756760819993,5.000000000000018,26,2019
2019-12-06,0.012731013634396937,4.999999999999996,25,2019
2019-12-09,0.012740181447376542,5.0000000000000195,22,2019
2019-12-10,0.012793808181991995,5.000000000000054,21,2019
2019-12-11,0.012719217711803371,5.000000000000018,20,2019
2019-12-12,0.012678441038109473,5.000000000000032,19,2019
2019-12-13,0.01266183107230709,5.0,18,2019
2019-12-16,0.012658269228315755,5.000000000000006,15,2019
2019-12-17,-0.005554131107839803,-2.1874999999999982,14,2019
2019-12-18,0.012632491393111045,4.999999999999984,13,2019
2019-12-19,0.01266686590794285,4.9999999999999885,12,2019
2019-12-20,0.012715764780770498,4.9999999999999964,11,2019
2019-12-23,0.012814276073896735,4.999999999999994,8,2019
2019-12-24,,,7,2019
2019-12-25,,,6,2019
2019-12-26,,,5,2019
2019-12-27,,,4,2019
2019-12-30,,,1,2019
2019-12-31,,,0,2019
2020-01-01,-7.979727989493313e-16,-3.127517576270552e-13,365,2020
2020-01-02,0.012786960340975574,4.999999999999719,364,2020
2020-01-03,0.012834253286608942,4.999999999999747,363,2020
2020-01-06,0.01283639420812488,4.999999999999869,360,2020
2020-01-07,0.012761613117341676,4.999999999999999,359,2020
2020-01-08,0.012783673125212565,5.000000000000176,358,2020
2020-01-09,0.012846432748827179,4.999999999999853,357,2020
2020-01-10,0.01288444295438422,4.999999999999757,356,2020
2020-01-13,0.012819087332063495,4.999999999999806,353,2020
2020-01-14,0.012850988412049062,5.0000000000000195,352,2020
2020-01-15,0.012897691300956464,4.999999999999662,351,2020
2020-01-16,0.012995756955748006,5.000000000000095,350,2020
2020-01-17,0.012953920409057677,4.999999999999852,349,2020
2020-01-20,0.012931878389105742,5.00000000000005,346,2020
2020-01-21,0.012963506636869349,4.999999999999928,345,2020
2020-01-22,0.01292809882865635,5.000000000000133,344,2020
2020-01-23,0.012989418241217868,4.9999999999997815,343,2020
2020-01-24,0.012979111970779535,4.999999999999832,342,2020
2020-01-27,0.01300161137382412,5.000000000000102,339,2020
2020-01-28,0.012939935381760602,5.0000000000000036,338,2020
2020-01-29,0.012944214887176647,5.0000000000000115,337,2020
2020-01-30,0.013014688344207402,4.999999999999647,336,2020
2020-01-31,0.013106458081824264,5.0000000000000755,335,2020
2020-02-03,0.013133505181287669,4.999999999999432,332,2020
2020-02-04,0.013153468726184496,4.9999999999998925,331,2020
2020-02-05,0.013147867665520264,5.000000000000371,330,2020
2020-02-06,0.013097686415774377,5.000000000000263,329,2020
2020-02-07,0.01316356074217833,4.999999999999296,328,2020
2020-02-10,0.013127517258236451,5.000000000000091,325,2020
2020-02-11,0.0130775629366758,4.999999999999716,324,2020
2020-02-12,0.01309313846397011,4.999999999999434,323,2020
2020-02-13,0.013065001366766443,4.9999999999994875,322,2020
2020-02-14,0.013101750064443037,4.999999999999328,321,2020
2020-02-17,0.013120923815264009,4.9999999999997335,318,2020
2020-02-18,0.01303229942207855,5.000000000000015,317,2020
2020-02-19,0.013069122064950062,4.9999999999999485,316,2020
2020-02-20,0.013101121961007607,5.0000000000000115,315,2020
2020-02-21,0.013068932384967168,5.000000000000098,314,2020
2020-02-24,0.013116824271199007,5.000000000000074,311,2020
2020-02-25,0.013198640786468471,4.999999999999716,310,2020
2020-02-26,0.013180191045277193,4.999999999999619,309,2020
2020-02-27,0.01317040078857818,5.000000000000042,308,2020
2020-02-28,0.013261699176985497,4.999999999999689,307,2020
2020-03-02,0.01319867863669006,4.999999999999824,304,2020
2020-03-03,0.013156955793595826,5.000000000000027,303,2020
2020-03-04,0.013049970312729711,4.999999999999876,302,2020
2020-03-05,0.013001610546910763,5.000000000000031,301,2020
2020-03-06,0.013017567768469518,4.99999999999992,300,2020
2020-03-09,0.013044028325133003,4.999999999999478,297,2020
2020-03-10,0.012980303324694,4.999999999999307,296,2020
2020-03-11,0.012978489911850008,4.999999999999963,295,2020
2020-03-12,0.012945890372114043,5.000000000000464,294,2020
2020-03-13,0.013019403059145576,4.999999999999962,293,2020
2020-03-16,0.013022351583785771,4.999999999999735,290,2020
2020-03-17,0.01290163202384255,4.9999999999996625,289,2020
2020-03-18,0.01287205480043567,4.999999999999746,288,2020
2020-03-19,0.012896997005676723,4.99999999999973,287,2020
2020-03-20,0.01287860718217941,4.999999999999915,286,2020
2020-03-23,0.012837019451895033,5.000000000000077,283,2020
2020-03-24,0.012807883173437382,5.0000000000000675,282,2020
2020-03-25,0.012823163769618291,4.999999999999902,281,2020
2020-03-26,0.012741199337557102,4.999999999999893,280,2020
2020-03-27,0.012785144257084734,5.00000000000012,279,2020
2020-03-30,0.01277863330894402,5.000000000000049,276,2020
2020-03-31,0.012844228395404118,5.000000000000306,275,2020
2020-04-01,0.012956942162022436,5.000000000000521,274,2020
2020-04-02,-0.006374422839071683,-2.4728260869566574,273,2020
2020-04-03,0.012825198206101611,5.000000000000044,272,2020
2020-04-06,0.012801007350239415,4.999999999999926,269,2020
2020-04-07,0.012792580458173665,5.000000000000196,268,2020
2020-04-08,0.01277674903302195,5.000000000000087,267,2020
2020-04-09,0.012709936836598766,5.000000000000003,266,2020
2020-04-10,0.01269252406874433,4.999999999999873,265,2020
2020-04-13,0.0126994934351271,5.0000000000003855,262,2020
2020-04-14,0.012693229517594311,4.999999999999812,261,2020
2020-04-15,0.012704574288975591,5.000000000000042,260,2020
2020-04-16,0.012749269388150786,5.000000000000147,259,2020
2020-04-17,0.012670763267523175,4.999999999999978,258,2020
2020-04-20,0.0126416448290056,5.000000000000082,255,2020
2020-04-21,0.01271931619617703,5.000000000000215,254,2020
2020-04-22,0.012806047532923713,4.999999999999793,253,2020
2020-04-23,0.012877508122367648,5.000000000000012,252,2020
2020-04-24,0.012932749477260027,4.999999999999811,251,2020
2020-04-27,0.012850576653284635,5.000000000000125,248,2020
2020-04-28,0.012884261872864448,5.000000000000501,247,2020
2020-04-29,0.012882475922225585,5.000000000000212,246,2020
2020-04-30,0.012895812945928408,4.999999999999819,245,2020
2020-05-01,0.012921618928716069,5.000000000000152,244,2020
2020-05-04,0.012868625401937067,4.999999999999852,241,2020
2020-05-05,0.012909333572163575,4.999999999999691,240,2020
2020-05-06,0.013010208875802289,4.999999999999752,239,2020
2020-05-07,0.013022365517148748,5.000000000000119,238,2020
2020-05-08,0.012969364626576196,4.999999999999833,237,2020
2020-05-11,0.012974551426567105,5.000000000000133,234,2020
2020-05-12,0.013011436735221423,4.999999999999831,233,2020
2020-05-13,0.01300802862174458,5.0000000000001545,232,2020
2020-05-14,0.013028390163423007,4.999999999999645,231,2020
2020-05-15,0.01298477066246817,5.000000000000236,230,2020
2020-05-18,0.012980602772312918,4.999999999999821,227,2020
2020-05-19,0.013004829941812377,4.999999999999989,226,2020
2020-05-20,0.01294933834270664,5.000000000000317,225,2020
2020-05-21,0.01299867344166984,5.00000000000009,224,2020
2020-05-22,0.012946692984317304,5.000000000000346,223,2020
2020-05-25,0.012850957446344215,5.0000000000005365,220,2020
2020-05-26,0.0128938683343103,5.000000000000248,219,2020
2020-05-27,0.01290009461618321,4.999999999999956,218,2020
2020-05-28,0.012907941070034354,4.999999999999444,217,2020
2020-05-29,0.012861513644322203,5.00000000000018,216,2020
2020-06-01,0.012843445390506502,4.999999999999742,213,2020
2020-06-02,0.012795012032490938,4.999999999999819,212,2020
2020-06-03,0.012823579825826046,4.999999999999962,211,2020
2020-06-04,0.01285666524919108,4.999999999999716,210,2020
2020-06-05,0.012777736293139639,4.9999999999995905,209,2020
2020-06-08,0.01273897683859368,5.000000000000155,206,2020
2020-06-09,0.01272958598309668,5.000000000000183,205,2020
2020-06-10,0.012746309810722896,5.000000000000178,204,2020
2020-06-11,0.01276965418377005,5.000000000000246,203,2020
2020-06-12,0.012700561741760891,5.000000000000469,202,2020
2020-06-15,0.012720823076768143,5.000000000000246,199,2020
2020-06-16,0.012691979709304229,4.999999999999492,198,2020
2020-06-17,0.012733791039660504,5.000000000000063,197,2020
2020-06-18,0.012728547147980794,5.000000000000101,196,2020
2020-06-19,0.012704540729594822,5.000000000000057,195,2020
2020-06-22,0.012647282157159403,5.000000000000074,192,2020
2020-06-23,0.012568264839675344,4.999999999999847,191,2020
2020-06-24,0.012620812774385733,5.000000000000149,190,2020
2020-06-25,0.012605580329458674,4.999999999999975,189,2020
2020-06-26,0.012582192894917426,5.000000000000242,188,2020
2020-06-29,0.012483917000786998,4.999999999999644,185,2020
2020-06-30,0.012461031765758327,5.00000000000005,184,2020
2020-07-01,0.012450588199298665,4.999999999999936,183,2020
2020-07-02,-0.002065875078370149,-0.8241758241760171,182,2020
2020-07-03,0.012548803072849318,5.000000000000177,181,2020
2020-07-06,0.012541899193178503,4.999999999999987,178,2020
2020-07-07,0.012493155636550592,5.000000000000006,177,2020
2020-07-08,0.01250183978187172,5.000000000000057,176,2020
2020-07-09,0.012499411179294605,4.99999999999993,175,2020
2020-07-10,0.012560233967004505,4.999999999999876,174,2020
2020-07-13,0.012470272234051498,4.999999999999971,171,2020
2020-07-14,0.01248440903472944,4.999999999999996,170,2020
2020-07-15,0.012464875251864873,5.000000000000129,169,2020
2020-07-16,0.012565554613694456,5.000000000000003,168,2020
2020-07-17,0.012524643385772513,5.0000000000000675,167,2020
2020-07-20,0.012563004177055491,4.999999999999902,164,2020
2020-07-21,0.012627129969805181,4.999999999999962,163,2020
2020-07-22,0.012618409063566358,4.999999999999805,162,2020
2020-07-23,0.012651620312368831,4.999999999999754,161,2020
2020-07-24,0.012674020922651043,4.999999999999911,160,2020
2020-07-27,0.012705865847061869,5.000000000000016,157,2020
2020-07-28,0.012766691509618223,5.000000000000028,156,2020
2020-07-29,0.012766825172136568,4.999999999999872,155,2020
2020-07-30,0.012765956069672197,4.999999999999967,154,2020
2020-07-31,0.012818058080543253,4.999999999999967,153,2020
2020-08-03,0.012852492717101514,4.999999999999946,150,2020
2020-08-04,0.01280876819967889,4.9999999999998614,149,2020
2020-08-05,0.012762273215987108,5.0000000000002025,148,2020
2020-08-06,0.012788053611747056,5.000000000000074,147,2020
2020-08-07,0.012761092498814637,5.0000000000002345,146,2020
2020-08-10,0.012796006254251376,4.999999999999911,143,2020
2020-08-11,0.012813102927572966,4.999999999999994,142,2020
2020-08-12,0.01277541860671784,4.999999999999859,141,2020
2020-08-13,0.01272932672527826,4.999999999999741,140,2020
2020-08-14,0.012729016160017825,5.000000000000167,139,2020
2020-08-17,0.012738165883135009,5.000000000000006,136,2020
2020-08-18,0.01272959248147177,4.999999999999803,135,2020
2020-08-19,0.01278463587865885,5.000000000000098,134,2020
2020-08-20,0.012755099347723821,5.00000000000011,133,2020
2020-08-21,0.012792890694791944,4.999999999999975,132,2020
2020-08-24,0.012812409156790633,4.999999999999977,129,2020
2020-08-25,0.012784034180074247,5.000000000000047,128,2020
2020-08-26,0.01280581701509546,4.999999999999895,127,2020
2020-08-27,0.012717428353114946,4.99999999999993,126,2020
2020-08-28,0.012739411150735607,5.000000000000063,125,2020
2020-08-31,-0.0065592103122213,-2.5833333333332433,122,2020
2020-09-01,0.012787022992037541,4.999999999999841,121,2020
2020-09-02,0.012813193097082322,5.0000000000001,120,2020
2020-09-03,0.012805716559093733,4.999999999999951,119,2020
2020-09-04,0.012752313117517223,5.000000000000044,118,2020
2020-09-07,0.012747342648546276,4.999999999999847,115,2020
2020-09-08,0.0128008152446533,5.000000000000244,114,2020
2020-09-09,0.012785859546986054,4.999999999999987,113,2020
2020-09-10,0.012731416024681358,4.999999999999992,112,2020
2020-09-11,0.012762677138227615,4.999999999999971,111,2020
2020-09-14,0.012824867155195142,4.99999999999999,108,2020
2020-09-15,0.01281116122223142,4.999999999999989,107,2020
2020-09-16,0.01280017537713351,5.000000000000118,106,2020
2020-09-17,0.01275661691554568,5.000000000000089,105,2020
2020-09-18,0.012664075895868054,5.000000000000198,104,2020
2020-09-21,0.01261684482751131,5.000000000000105,101,2020
2020-09-22,0.012663895041585079,5.000000000000133,100,2020
2020-09-23,0.012627255469657187,4.999999999999969,99,2020
2020-09-24,0.012661502226950554,5.000000000000053,98,2020
2020-09-25,0.012619915375795591,4.999999999999946,97,2020
2020-09-28,0.012628334703711625,5.000000000000236,94,2020
2020-09-29,0.012593706567080299,5.000000000000068,93,2020
2020-09-30,0.012643339232856033,5.000000000000069,92,2020
2020-10-01,-0.006127704339716853,-2.41935483870976,91,2020
2020-10-02,0.01260925440141062,4.999999999999978,90,2020
2020-10-05,0.012650590375138278,4.999999999999953,87,2020
2020-10-06,0.012705291731512653,4.999999999999977,86,2020
2020-10-07,0.012692444943547352,4.999999999999944,85,2020
2020-10-08,0.012730959833658715,4.999999999999933,84,2020
2020-10-09,0.01272707343840461,4.999999999999905,83,2020
2020-10-12,0.012790575119547686,4.999999999999996,80,2020
2020-10-13,0.01285076687056786,4.999999999999965,79,2020
2020-10-14,0.01288596439953573,4.999999999999953,78,2020
2020-10-15,0.01292279925210374,4.99999999999999,77,2020
2020-10-16,0.012916829282759341,4.999999999999849,76,2020
2020-10-19,0.012984393819375564,4.999999999999911,73,2020
2020-10-20,0.01293469613566271,4.999999999999965,72,2020
2020-10-21,0.012912162685514098,4.999999999999939,71,2020
2020-10-22,0.01290824726124195,4.999999999999956,70,2020
2020-10-23,0.01290585607372349,5.000000000000097,69,2020
2020-10-26,0.012883310332161835,5.000000000000074,66,2020
2020-10-27,0.01288714289109658,5.000000000000035,65,2020
2020-10-28,0.01290427272398597,4.999999999999853,64,2020
2020-10-29,0.01293615164515564,4.999999999999893,63,2020
2020-10-30,0.01293564431135338,5.000000000000016,62,2020
2020-11-02,0.012862118636019207,5.0000000000000275,59,2020
2020-11-03,0.012858904651872453,4.999999999999993,58,2020
2020-11-04,0.012818928346067713,5.000000000000033,57,2020
2020-11-05,0.012904659274465734,5.000000000000071,56,2020
2020-11-06,0.012958806787732929,4.99999999999994,55,2020
2020-11-09,0.012815326152226816,4.9999999999999485,52,2020
2020-11-10,0.012806227482784878,4.9999999999999805,51,2020
2020-11-11,0.012907578720596419,5.000000000000025,50,2020
2020-11-12,0.01288329436669284,5.000000000000033,49,2020
2020-11-13,0.012903537197968913,5.000000000000015,48,2020
2020-11-16,0.012819751471929331,5.000000000000009,45,2020
2020-11-17,0.012901168500827584,4.999999999999998,44,2020
2020-11-18,0.013002612652572108,4.999999999999972,43,2020
2020-11-19,0.013064937464629625,5.000000000000033,42,2020
2020-11-20,0.013028357424538064,5.000000000000029,41,2020
2020-11-23,0.012996322340069337,5.000000000000056,38,2020
2020-11-24,0.013064539120124076,4.999999999999957,37,2020
2020-11-25,0.013081723021034474,5.000000000000005,36,2020
2020-11-26,0.013032879575757822,5.000000000000012,35,2020
2020-11-27,0.013070501666422906,5.000000000000037,34,2020
2020-11-30,0.013084299283932717,5.000000000000074,31,2020
2020-12-01,-0.0033969219896368974,-1.290322580645157,30,2020
2020-12-02,0.013144116682137552,4.9999999999999805,29,2020
2020-12-03,0.013163512997377447,4.999999999999992,28,2020
2020-12-04,0.013133131345348548,5.000000000000008,27,2020
2020-12-07,0.013083612815031148,4.999999999999984,24,2020
2020-12-08,0.013134268749054823,4.999999999999992,23,2020
2020-12-09,0.013137708433686612,4.999999999999987,22,2020
2020-12-10,0.013163898742284852,4.999999999999981,21,2020
2020-12-11,0.013196060667003018,4.999999999999977,20,2020
2020-12-14,0.01322146014207462,4.999999999999979,17,2020
2020-12-15,0.013261591752268986,4.999999999999994,16,2020
2020-12-16,0.013287931610199172,5.000000000000019,15,2020
2020-12-17,-0.00582137786480629,-2.1875,14,2020
2020-12-18,0.01330931897682096,5.0,13,2020
2020-12-21,0.013314239783129596,5.000000000000002,10,2020
2020-12-22,0.013332940739975227,5.0000000000000115,9,2020
2020-12-23,0.013354977229695125,5.000000000000022,8,2020
2020-12-24,,,7,2020
2020-12-25,,,6,2020
2020-12-28,,,3,2020
2020-12-29,,,2,2020
2020-12-30,,,1,2020
2020-12-31,,,0,2020
2021-01-01,0.013105576421019012,4.999999999999991,364,2021
2021-01-04,0.013206976644033697,5.000000000000167,361,2021
2021-01-05,0.013211006227531796,4.9999999999999645,360,2021
2021-01-06,0.01320964021299563,4.999999999999942,359,2021
2021-01-07,0.013203747531064257,4.999999999999598,358,2021
2021-01-08,0.013265637373652328,4.999999999999795,357,2021
2021-01-11,0.01325781489083893,5.000000000000276,354,2021
2021-01-12,0.01328727841204537,4.999999999999999,353,2021
2021-01-13,0.013318751026975544,5.0000000000000675,352,2021
2021-01-14,0.013232134827182655,5.0000000000001545,351,2021
2021-01-15,0.013170851672300005,5.00000000000022,350,2021
2021-01-18,0.013117469013692408,4.999999999999908,347,2021
2021-01-19,0.013173348307816059,5.000000000000001,346,2021
2021-01-20,0.013168023325142192,4.999999999999972,345,2021
2021-01-21,0.013141792572072583,5.000000000000105,344,2021
2021-01-22,0.013195927469241281,4.999999999999732,343,2021
2021-01-25,0.013133442065362454,5.00000000000004,340,2021
2021-01-26,0.013137875812492546,4.9999999999998535,339,2021
2021-01-27,0.013178591647039793,4.999999999999647,338,2021
2021-01-28,0.013236513280218888,4.999999999999603,337,2021
2021-01-29,0.01324015253193387,4.999999999999951,336,2021
2021-02-01,0.013201174369630891,4.999999999999788,333,2021
2021-02-02,0.013248922770944263,4.999999999999821,332,2021
2021-02-03,0.013167025919641175,4.999999999999956,331,2021
2021-02-04,0.013132570658850318,5.0000000000002345,330,2021
2021-02-05,0.013060126554816129,5.000000000000018,329,2021
2021-02-08,0.013015506391643485,4.999999999999881,326,2021
2021-02-09,0.013033727429756295,4.999999999999771,325,2021
2021-02-10,0.01306837565406363,5.000000000000374,324,2021
2021-02-11,0.013060077720706276,5.000000000000104,323,2021
2021-02-12,0.012994154042778129,4.999999999999981,322,2021
2021-02-15,0.01295124526536448,5.000000000000028,319,2021
2021-02-16,0.013080546943608523,4.999999999999835,318,2021
2021-02-17,0.013094451569076244,4.999999999999831,317,2021
2021-02-18,0.013093007931981197,4.999999999999823,316,2021
2021-02-19,0.013047520264425856,5.000000000000083,315,2021
2021-02-22,0.013039105178038204,4.999999999999909,312,2021
2021-02-23,0.013051484778317628,4.999999999999362,311,2021
2021-02-24,0.013069533922848361,4.9999999999996945,310,2021
2021-02-25,0.01307737313218904,5.00000000000019,309,2021
2021-02-26,0.013137868379931791,4.999999999999657,308,2021
2021-03-01,0.013261866701148935,4.999999999999905,305,2021
2021-03-02,0.013202785721643018,4.99999999999996,304,2021
2021-03-03,0.013193882742182812,4.999999999999851,303,2021
2021-03-04,0.013220371490468487,4.999999999999726,302,2021
2021-03-05,0.013227732738675849,4.999999999999522,301,2021
2021-03-08,0.013288157612812997,5.000000000000126,298,2021
2021-03-09,0.013294664835781282,5.000000000000388,297,2021
2021-03-10,0.013374293817010753,4.999999999999657,296,2021
2021-03-11,0.013406524206738678,5.0000000000001075,295,2021
2021-03-12,0.013477858330519038,5.000000000000231,294,2021
2021-03-15,0.013505883536540843,4.999999999999523,291,2021
2021-03-16,0.013400204823491399,4.999999999999629,290,2021
2021-03-17,0.013451319624189356,5.000000000000231,289,2021
2021-03-18,0.01347194772293022,4.999999999999767,288,2021
2021-03-19,0.013441353403802841,5.000000000000228,287,2021
2021-03-22,0.013399394707361678,4.999999999999897,284,2021
2021-03-23,0.013385463873406216,4.9999999999996225,283,2021
2021-03-24,0.013311717886590822,5.000000000000125,282,2021
2021-03-25,0.013260796176866187,5.000000000000073,281,2021
2021-03-26,0.013370065143311204,4.999999999999554,280,2021
2021-03-29,0.0133852535952739,4.999999999999968,277,2021
2021-03-30,0.013414236679172152,4.999999999999518,276,2021
2021-03-31,0.013314885914862358,4.999999999999178,275,2021
2021-04-01,0.013310171544197419,4.99999999999991,274,2021
2021-04-02,-0.006575884709584109,-2.47282608695659,273,2021
2021-04-05,0.013313527973150349,4.99999999999986,270,2021
2021-04-06,0.013272703116479947,5.000000000000284,269,2021
2021-04-07,0.013249226331350034,5.0000000000001465,268,2021
2021-04-08,0.013162404072255442,4.999999999999963,267,2021
2021-04-09,0.01321341980114534,5.000000000000125,266,2021
2021-04-12,0.013129068745351994,4.999999999999818,263,2021
2021-04-13,0.01316443689252263,5.000000000000152,262,2021
2021-04-14,0.01321436741707968,5.000000000000236,261,2021
2021-04-15,0.013283718949600407,4.999999999999823,260,2021
2021-04-16,0.013312095315810601,5.000000000000102,259,2021
2021-04-19,0.013324577843617222,4.999999999999914,256,2021
2021-04-20,0.013383966215414995,5.0000000000004325,255,2021
2021-04-21,0.013344700754646856,4.999999999999955,254,2021
2021-04-22,0.013271752377246598,4.999999999999616,253,2021
2021-04-23,0.01319428800597805,5.000000000000087,252,2021
2021-04-26,0.013188451229251602,4.999999999999946,249,2021
2021-04-27,0.013197602068740988,4.999999999999917,248,2021
2021-04-28,0.013214786095942413,4.999999999999867,247,2021
2021-04-29,0.013265297636397402,5.00000000000037,246,2021
2021-04-30,0.013296043976782981,5.00000000000019,245,2021
2021-05-03,0.013410454348561071,4.999999999999874,242,2021
2021-05-04,0.013529301906490014,4.999999999999787,241,2021
2021-05-05,0.013597533426780679,5.000000000000349,240,2021
2021-05-06,0.013581574992051103,4.999999999999974,239,2021
2021-05-07,0.013583643513715282,5.00000000000015,238,2021
2021-05-10,0.013593596376185346,4.9999999999998295,235,2021
2021-05-11,0.013542027381086716,4.999999999999987,234,2021
2021-05-12,0.013510795457401744,5.000000000000419,233,2021
2021-05-13,0.013481373837439784,5.000000000000002,232,2021
2021-05-14,0.013509678075838763,5.000000000000058,231,2021
2021-05-17,0.013512748720428099,4.999999999999923,228,2021
2021-05-18,0.013574608188372493,5.0000000000004015,227,2021
2021-05-19,0.013571882702628525,5.000000000000513,226,2021
2021-05-20,0.013622040531267032,4.9999999999996305,225,2021
2021-05-21,0.013624072749451595,5.000000000000291,224,2021
2021-05-24,0.013714045846314075,5.000000000000183,221,2021
2021-05-25,0.013826630681576272,4.999999999999719,220,2021
2021-05-26,0.01381052267520351,5.000000000000323,219,2021
2021-05-27,0.013855550648547774,4.999999999999977,218,2021
2021-05-28,0.013831383988207298,5.000000000000257,217,2021
2021-05-31,0.013838566423975244,5.00000000000032,214,2021
2021-06-01,0.013854683254110937,4.9999999999998925,213,2021
2021-06-02,0.013858241669207053,4.999999999999402,212,2021
2021-06-03,0.013869679560744076,5.000000000000129,211,2021
2021-06-04,0.013897796054508785,5.000000000000105,210,2021
2021-06-07,0.013884872399897925,5.000000000000047,207,2021
2021-06-08,0.013994884017352072,5.000000000000206,206,2021
2021-06-09,0.014043814797137504,4.999999999999828,205,2021
2021-06-10,0.014060661324422335,4.999999999999718,204,2021
2021-06-11,0.014152006994265293,5.000000000000167,203,2021
2021-06-14,0.014161117643760527,4.999999999999806,200,2021
2021-06-15,0.014245705988852954,5.00000000000033,199,2021
2021-06-16,0.014306743346262368,4.999999999999991,198,2021
2021-06-17,0.014228097903056597,5.000000000000049,197,2021
2021-06-18,0.014131930419743274,4.999999999999744,196,2021
2021-06-21,0.014183195505718766,4.9999999999998455,193,2021
2021-06-22,0.014123418654086638,5.00000000000017,192,2021
2021-06-23,0.014089375686698326,5.0000000000001625,191,2021
2021-06-24,0.014156843715808646,4.999999999999824,190,2021
2021-06-25,0.01409636543946091,4.99999999999986,189,2021
2021-06-28,0.01403182935327186,4.99999999999967,186,2021
2021-06-29,0.013953251134650232,5.0000000000002105,185,2021
2021-06-30,0.013969919478529944,4.999999999999729,184,2021
2021-07-01,0.013944792794108601,4.999999999999895,183,2021
2021-07-02,-0.002297667602332888,-0.8241758241757305,182,2021
2021-07-05,0.013903939946958155,5.000000000000008,179,2021
2021-07-06,0.013798000742943385,4.999999999999972,178,2021
2021-07-07,0.013842792999460129,5.000000000000011,177,2021
2021-07-08,0.013806245540741724,5.000000000000041,176,2021
2021-07-09,0.013815479484045826,5.000000000000022,175,2021
2021-07-12,0.01375800856599536,4.999999999999936,172,2021
2021-07-13,0.013822137460960567,4.999999999999959,171,2021
2021-07-14,0.013851886164400785,4.999999999999819,170,2021
2021-07-15,0.013819708345653593,5.000000000000073,169,2021
2021-07-16,0.013793743360294517,5.000000000000073,168,2021
2021-07-19,0.013781336059654186,5.000000000000063,165,2021
2021-07-20,0.01381639606869052,5.000000000000009,164,2021
2021-07-21,0.01383042364282992,4.999999999999852,163,2021
2021-07-22,0.013819533515085601,4.999999999999763,162,2021
2021-07-23,0.013770189539165905,5.000000000000031,161,2021
2021-07-26,0.01383648912364763,4.999999999999785,158,2021
2021-07-27,0.013722688132281839,5.000000000000012,157,2021
2021-07-28,0.013730024149980306,5.000000000000022,156,2021
2021-07-29,0.013624029364427623,5.0000000000000036,155,2021
2021-07-30,0.013637559626095402,5.000000000000009,154,2021
2021-08-02,0.013640044842627656,4.999999999999974,151,2021
2021-08-03,0.013578680398202547,4.999999999999726,150,2021
2021-08-04,0.013551584807388328,5.000000000000084,149,2021
2021-08-05,0.013572284793507017,5.000000000000099,148,2021
2021-08-06,0.013588078290407875,4.999999999999987,147,2021
2021-08-09,0.013582386044417166,4.9999999999999005,144,2021
2021-08-10,0.013484349840615188,5.000000000000094,143,2021
2021-08-11,0.013543378255625443,5.000000000000006,142,2021
2021-08-12,0.013519162885833325,5.000000000000019,141,2021
2021-08-13,0.013475960558815316,4.999999999999893,140,2021
2021-08-16,0.01355836371222996,4.999999999999926,137,2021
2021-08-17,0.013476542580700118,5.000000000000142,136,2021
2021-08-18,0.013493207638150592,4.999999999999857,135,2021
2021-08-19,0.013485761698257548,5.0000000000000115,134,2021
2021-08-20,0.013406536813306107,5.000000000000013,133,2021
2021-08-23,0.013391976613274462,4.999999999999944,130,2021
2021-08-24,0.013395310447601762,5.000000000000108,129,2021
2021-08-25,0.013462391608747293,5.000000000000109,128,2021
2021-08-26,0.013427795503263874,5.000000000000147,127,2021
2021-08-27,0.013499347025495972,5.000000000000189,126,2021
2021-08-30,0.0134355703066673,5.000000000000006,123,2021
2021-08-31,-0.006953190346111563,-2.5833333333334316,122,2021
2021-09-01,0.013488781964560461,4.999999999999987,121,2021
2021-09-02,0.013555368425914002,4.999999999999967,120,2021
2021-09-03,0.013542059273963895,4.999999999999981,119,2021
2021-09-06,0.013512423793608747,4.999999999999873,116,2021
2021-09-07,0.01347804574941234,4.9999999999999485,115,2021
2021-09-08,0.013503514759756741,4.999999999999982,114,2021
2021-09-09,0.013548155982826791,4.999999999999984,113,2021
2021-09-10,0.01349184191474441,5.000000000000058,112,2021
2021-09-13,0.013434970899978416,5.000000000000002,109,2021
2021-09-14,0.013508746445221088,5.000000000000111,108,2021
2021-09-15,0.013509550039849771,5.000000000000194,107,2021
2021-09-16,0.01345813560633617,4.999999999999944,106,2021
2021-09-17,0.013463445607196747,5.000000000000047,105,2021
2021-09-20,0.013430365113564803,5.000000000000044,102,2021
2021-09-21,0.013397060373268726,4.999999999999825,101,2021
2021-09-22,0.013390218200707526,5.000000000000018,100,2021
2021-09-23,0.01338412401724639,5.000000000000046,99,2021
2021-09-24,0.013382519952894972,4.9999999999999405,98,2021
2021-09-27,0.013345846905082778,4.999999999999981,95,2021
2021-09-28,0.013300056074396016,5.0000000000000755,94,2021
2021-09-29,0.013243456575532428,5.000000000000089,93,2021
2021-09-30,0.013072809359400191,5.000000000000091,92,2021
2021-10-01,-0.006342639686330431,-2.41935483870961,91,2021
2021-10-04,0.013157059999033272,5.000000000000002,88,2021
2021-10-05,0.013160670944583602,5.000000000000035,87,2021
2021-10-06,0.013119410369233434,4.999999999999955,86,2021
2021-10-07,0.013113849807117155,4.999999999999934,85,2021
2021-10-08,0.013043559919110586,4.9999999999999725,84,2021
2021-10-11,0.013027315794857785,4.999999999999998,81,2021
2021-10-12,0.012999233462151413,4.999999999999946,80,2021
2021-10-13,0.013018522733622973,4.999999999999991,79,2021
2021-10-14,0.01302042511872159,5.000000000000025,78,2021
2021-10-15,0.01308036357101628,4.999999999999946,77,2021
2021-10-18,0.013074056342091255,5.000000000000016,74,2021
2021-10-19,0.0130120277525652,4.999999999999989,73,2021
2021-10-20,0.013021373133656582,4.999999999999898,72,2021
2021-10-21,0.01307141263852972,5.000000000000102,71,2021
2021-10-22,0.013113868614006846,4.99999999999992,70,2021
2021-10-25,0.013119409381216734,5.000000000000006,67,2021
2021-10-26,0.013137053305652957,4.999999999999941,66,2021
2021-10-27,0.013134383240595415,5.000000000000092,65,2021
2021-10-28,0.013042409080362225,5.000000000000126,64,2021
2021-10-29,0.013034398241724473,4.9999999999999165,63,2021
2021-11-01,0.013099309372125752,5.000000000000005,60,2021
2021-11-02,0.013006050054699106,4.9999999999999645,59,2021
2021-11-03,0.012955943277417831,4.999999999999904,58,2021
2021-11-04,0.013038848454850687,4.99999999999995,57,2021
2021-11-05,0.013072529125547258,5.000000000000019,56,2021
2021-11-08,0.013046894281480165,5.000000000000037,53,2021
2021-11-09,0.01309317596176323,4.9999999999999964,52,2021
2021-11-10,0.013037331721474893,4.999999999999987,51,2021
2021-11-11,0.013052260487448513,5.000000000000012,50,2021
2021-11-12,0.013102844093627488,4.999999999999927,49,2021
2021-11-15,0.013127151083197695,4.999999999999943,46,2021
2021-11-16,0.013115489882386715,4.999999999999991,45,2021
2021-11-17,0.01305153824726036,4.999999999999952,44,2021
2021-11-18,0.013092539660743937,5.000000000000037,43,2021
2021-11-19,0.013078754626265215,4.999999999999936,42,2021
2021-11-22,0.012985350193862906,5.000000000000022,39,2021
2021-11-23,0.012944533000805865,4.999999999999992,38,2021
2021-11-24,0.012920239360012478,5.000000000000073,37,2021
2021-11-25,0.012848880312995213,4.999999999999941,36,2021
2021-11-26,0.012801927666040097,5.0000000000000515,35,2021
2021-11-29,0.012820107066574158,4.999999999999987,32,2021
2021-11-30,0.012797550942045871,5.0000000000000036,31,2021
2021-12-01,-0.0032809448828740317,-1.2903225806451524,30,2021
2021-12-02,0.01263690927945968,4.999999999999969,29,2021
2021-12-03,0.012683963323625841,4.9999999999999805,28,2021
2021-12-06,0.012646674539907199,4.99999999999998,25,2021
2021-12-07,0.01262832157057664,5.000000000000022,24,2021
2021-12-08,0.012700689040955199,5.000000000000006,23,2021
2021-12-09,0.012786078394853212,4.999999999999987,22,2021
2021-12-10,0.012864206109405252,5.0,21,2021
2021-12-13,0.012914313858900905,5.000000000000015,18,2021
2021-12-14,0.012916071005453389,4.999999999999993,17,2021
2021-12-15,0.012855431238202764,5.0,16,2021
2021-12-16,0.012919113382324043,5.0000000000000036,15,2021
2021-12-17,-0.005665133170298802,-2.187500000000001,14,2021
2021-12-20,0.0129039726931468,4.999999999999993,11,2021
2021-12-21,0.012913848176102078,4.999999999999984,10,2021
2021-12-22,0.012905050538735075,4.999999999999981,9,2021
2021-12-23,0.012921127548333028,4.999999999999994,8,2021
2021-12-24,,,7,2021
2021-12-27,,,4,2021
2021-12-28,,,3,2021
2021-12-29,,,2,2021
2021-12-30,,,1,2021
2021-12-31,,,0,2021
2022-01-03,0.01307808671531447,5.000000000000105,362,2022
2022-01-04,0.013016241480658997,4.9999999999995595,361,2022
2022-01-05,0.01305136327679026,5.00000000000008,360,2022
2022-01-06,0.013044748251457045,5.000000000000119,359,2022
2022-01-07,0.013063690773722249,5.000000000000051,358,2022
2022-01-10,0.013034157051066614,5.000000000000384,355,2022
2022-01-11,0.013079233945357809,4.999999999999888,354,2022
2022-01-12,0.013183989170727814,4.999999999999804,353,2022
2022-01-13,0.013237920498464992,5.000000000000073,352,2022
2022-01-14,0.013306988900775578,5.000000000000121,351,2022
2022-01-17,0.0133432099369733,5.0000000000001705,348,2022
2022-01-18,0.013317301190120368,4.999999999999885,347,2022
2022-01-19,0.0133253372951899,5.0000000000002025,346,2022
2022-01-20,0.013318265698945217,4.99999999999999,345,2022
2022-01-21,0.01329584365382061,4.999999999999692,344,2022
2022-01-24,0.01331140840708999,5.000000000000005,341,2022
2022-01-25,0.013308842370103803,4.999999999999974,340,2022
2022-01-26,0.01329165342685796,4.9999999999999645,339,2022
2022-01-27,0.013322138761064618,5.00000000000017,338,2022
2022-01-28,0.0132866513279538,5.000000000000178,337,2022
2022-01-31,0.013340917509297646,5.000000000000392,334,2022
2022-02-01,0.01337706157914511,5.000000000000565,333,2022
2022-02-02,0.01341683516913418,4.999999999999733,332,2022
2022-02-03,0.013402653982625815,5.000000000000035,331,2022
2022-02-04,0.013324656448701129,4.999999999999895,330,2022
2022-02-07,0.01335150745412815,5.000000000000087,327,2022
2022-02-08,0.013354774646337532,5.000000000000089,326,2022
2022-02-09,0.013380213449783802,4.999999999999819,325,2022
2022-02-10,0.013313945536504654,5.000000000000037,324,2022
2022-02-11,0.013256541545809873,5.000000000000275,323,2022
2022-02-14,0.013303638034537824,4.99999999999987,320,2022
2022-02-15,0.013311069080295501,5.000000000000128,319,2022
2022-02-16,0.013201317545914387,4.999999999999642,318,2022
2022-02-17,0.013254536844539061,4.999999999999838,317,2022
2022-02-18,0.013240866559583134,4.999999999999867,316,2022
2022-02-21,0.01312384521853973,5.000000000000104,313,2022
2022-02-22,0.013105058363803178,5.000000000000025,312,2022
2022-02-23,0.012992248784023053,5.000000000000028,311,2022
2022-02-24,0.012951985565711324,4.999999999999969,310,2022
2022-02-25,0.012996160204898542,5.000000000000245,309,2022
2022-02-28,0.012985477678234998,4.99999999999987,306,2022
2022-03-01,0.013031338019354202,4.999999999999651,305,2022
2022-03-02,0.013064995932823682,4.999999999999791,304,2022
2022-03-03,0.013017630978142493,4.999999999999923,303,2022
2022-03-04,0.013085545904088058,4.999999999999617,302,2022
2022-03-07,0.013143037292068505,5.000000000000063,299,2022
2022-03-08,0.013164774352839213,5.000000000000245,298,2022
2022-03-09,0.013191406796579062,4.9999999999998765,297,2022
2022-03-10,0.013186535084898941,5.000000000000388,296,2022
2022-03-11,0.013154692628725088,5.00000000000008,295,2022
2022-03-14,0.013113550673969028,5.0000000000000275,292,2022
2022-03-15,0.01301826220087051,5.000000000000354,291,2022
2022-03-16,0.013017395365381969,5.000000000000184,290,2022
2022-03-17,0.013098118098069211,5.000000000000149,289,2022
2022-03-18,0.013059262578299743,4.999999999999667,288,2022
2022-03-21,0.013110519307828354,4.99999999999992,285,2022
2022-03-22,0.013055701828454766,4.999999999999968,284,2022
2022-03-23,0.013015408926163131,5.0000000000002,283,2022
2022-03-24,0.013083497058090143,4.999999999999845,282,2022
2022-03-25,0.012970026172887963,4.999999999999895,281,2022
2022-03-28,0.012909281074139599,4.999999999999909,278,2022
2022-03-29,0.012922428143764368,5.000000000000027,277,2022
2022-03-30,0.012895402071498335,4.999999999999815,276,2022
2022-03-31,0.012811923302226455,5.000000000000039,275,2022
2022-04-01,0.012830750048085253,5.000000000000146,274,2022
2022-04-04,0.012817416325441477,4.999999999999849,271,2022
2022-04-05,0.012909341701260034,5.000000000000037,270,2022
2022-04-06,0.012925051677455779,4.999999999999911,269,2022
2022-04-07,0.012969848902636706,5.000000000000041,268,2022
2022-04-08,0.01293664418420756,5.000000000000105,267,2022
2022-04-11,0.012988035395372648,4.999999999999625,264,2022
2022-04-12,0.012993547928252145,4.999999999999757,263,2022
2022-04-13,0.012989403023661958,4.9999999999999,262,2022
2022-04-14,0.013047963423975786,4.99999999999971,261,2022
2022-04-15,0.013036596905993155,5.000000000000043,260,2022
2022-04-18,0.013075389061513454,4.99999999999995,257,2022
2022-04-19,0.013086658616219264,5.0000000000003135,256,2022
2022-04-20,0.013086320132099158,5.000000000000225,255,2022
2022-04-21,0.013102381137996678,4.9999999999997495,254,2022
2022-04-22,0.013042749702108072,4.999999999999699,253,2022
2022-04-25,0.013025830238200737,5.000000000000311,250,2022
2022-04-26,0.013112523136372001,4.999999999999583,249,2022
2022-04-27,0.013082494616368132,5.000000000000029,248,2022
2022-04-28,0.01307078763365107,4.999999999999927,247,2022
2022-04-29,0.013109453214494516,5.000000000000249,246,2022
2022-05-02,0.013100748898763287,4.999999999999648,243,2022
2022-05-03,0.0131444802711868,5.000000000000245,242,2022
2022-05-04,0.013050618936022506,4.999999999999826,241,2022
2022-05-05,0.013064299618210352,4.999999999999841,240,2022
2022-05-06,0.013087010850617961,5.000000000000028,239,2022
2022-05-09,0.013057565659446097,4.999999999999562,236,2022
2022-05-10,0.013071550063877871,5.000000000000218,235,2022
2022-05-11,0.013081590242754909,4.999999999999739,234,2022
2022-05-12,0.013102302547871819,4.999999999999907,233,2022
2022-05-13,0.013048011347540052,4.999999999999609,232,2022
2022-05-16,0.013093167869872151,5.000000000000081,229,2022
2022-05-17,0.013111752951651711,4.999999999999857,228,2022
2022-05-18,0.013052098409919895,5.000000000000209,227,2022
2022-05-19,0.012948862244222923,5.000000000000396,226,2022
2022-05-20,0.012984802481415671,4.999999999999974,225,2022
2022-05-23,0.012969233285410461,5.000000000000058,222,2022
2022-05-24,0.013002398753875996,5.0000000000004,221,2022
2022-05-25,0.013121757584515564,5.000000000000189,220,2022
2022-05-26,0.013167043984534794,4.999999999999912,219,2022
2022-05-27,0.013196174907811432,4.99999999999976,218,2022
2022-05-30,0.013202561556428941,5.00000000000003,215,2022
2022-05-31,0.013165921401063669,4.999999999999825,214,2022
2022-06-01,0.013204288543685598,5.000000000000138,213,2022
2022-06-02,0.013144571497684204,5.0000000000000275,212,2022
2022-06-03,0.01302916661704486,5.000000000000162,211,2022
2022-06-06,0.013029400245952727,4.9999999999997895,208,2022
2022-06-07,0.013045323771122249,5.000000000000022,207,2022
2022-06-08,0.013060346882537764,4.999999999999933,206,2022
2022-06-09,0.013047611960777956,4.999999999999784,205,2022
2022-06-10,0.013076096637796564,5.000000000000036,204,2022
2022-06-13,0.0131307994080548,5.0000000000000995,201,2022
2022-06-14,0.01316062206948192,4.999999999999642,200,2022
2022-06-15,0.013122603569776134,4.999999999999845,199,2022
2022-06-16,0.013069321986341085,4.9999999999997735,198,2022
2022-06-17,0.013037858098408477,4.999999999999694,197,2022
2022-06-20,0.013072677783335504,5.000000000000157,194,2022
2022-06-21,0.013020476786651868,4.999999999999797,193,2022
2022-06-22,0.013004933410150023,5.000000000000104,192,2022
2022-06-23,0.012918878428243482,4.999999999999895,191,2022
2022-06-24,0.012980612557924986,4.9999999999999964,190,2022
2022-06-27,0.012933431407817563,5.000000000000116,187,2022
2022-06-28,0.013008279157809046,5.000000000000222,186,2022
2022-06-29,0.013019877188923733,5.000000000000411,185,2022
2022-06-30,0.01316366348493245,4.999999999999845,184,2022
2022-07-01,0.013184500576969722,4.999999999999926,183,2022
2022-07-04,0.013090213501091453,5.000000000000067,180,2022
2022-07-05,0.013057155622078816,5.000000000000071,179,2022
2022-07-06,0.013042674219313384,4.9999999999999245,178,2022
2022-07-07,0.012985572969134336,4.999999999999953,177,2022
2022-07-08,0.013109178206512622,4.99999999999996,176,2022
2022-07-11,0.01309288964980471,5.000000000000047,173,2022
2022-07-12,0.012947081204885344,5.000000000000095,172,2022
2022-07-13,0.012995021267621053,5.000000000000049,171,2022
2022-07-14,0.013042065321116573,5.000000000000006,170,2022
2022-07-15,0.013042974217834097,4.999999999999987,169,2022
2022-07-18,0.01310836587608756,4.9999999999999725,166,2022
2022-07-19,0.013093333031711785,4.99999999999991,165,2022
2022-07-20,0.013019293782090286,5.000000000000069,164,2022
2022-07-21,0.01299817770489849,4.99999999999995,163,2022
2022-07-22,0.013073872464666562,5.000000000000047,162,2022
2022-07-25,0.013135591091660934,5.000000000000011,159,2022
2022-07-26,0.01313656041498884,4.999999999999901,158,2022
2022-07-27,0.013086429793826189,5.000000000000035,157,2022
2022-07-28,0.013059060847835716,4.9999999999998765,156,2022
2022-07-29,0.013128460667307211,5.00000000000007,155,2022
2022-08-01,-0.006528211808928628,-2.4999999999999716,152,2022
2022-08-02,0.013132196146808193,4.999999999999933,151,2022
2022-08-03,0.013120769010343362,5.000000000000225,150,2022
2022-08-04,0.013080230669980063,4.9999999999998375,149,2022
2022-08-05,0.01311022893087847,5.0000000000000755,148,2022
2022-08-08,0.013071751413538338,5.000000000000143,145,2022
2022-08-09,0.013015501417969685,5.000000000000046,144,2022
2022-08-10,0.012981648287141555,5.000000000000126,143,2022
2022-08-11,0.012980915173583362,4.999999999999853,142,2022
2022-08-12,0.01297319448572547,5.000000000000064,141,2022
2022-08-15,0.013051693118885915,5.000000000000047,138,2022
2022-08-16,0.012998061760718296,5.00000000000005,137,2022
2022-08-17,0.013095858507222325,5.000000000000011,136,2022
2022-08-18,0.013117797777249373,5.000000000000044,135,2022
2022-08-19,0.013163594547664532,4.999999999999974,134,2022
2022-08-22,0.01303884432418136,4.999999999999932,131,2022
2022-08-23,0.013026992361605,4.999999999999917,130,2022
2022-08-24,0.013076197450331752,4.999999999999797,129,2022
2022-08-25,0.013089136813037791,5.000000000000047,128,2022
2022-08-26,0.013150293590798983,4.999999999999897,127,2022
2022-08-29,0.013242279078930167,4.999999999999914,124,2022
2022-08-30,0.013314026972457947,4.999999999999838,123,2022
2022-08-31,-0.0068413926482991,-2.5833333333334396,122,2022
2022-09-01,0.013339732868471395,5.000000000000054,121,2022
2022-09-02,0.013290569854181375,4.9999999999999645,120,2022
2022-09-05,0.013249855756637277,4.99999999999989,117,2022
2022-09-06,0.01322020113452836,4.999999999999959,116,2022
2022-09-07,0.013171790487549281,4.999999999999936,115,2022
2022-09-08,0.013146487444470467,5.000000000000002,114,2022
2022-09-09,0.013180955302168637,5.000000000000013,113,2022
2022-09-12,0.013289274078169065,5.000000000000111,110,2022
2022-09-13,0.01335273086182036,5.000000000000074,109,2022
2022-09-14,0.013276009518611907,5.000000000000064,108,2022
2022-09-15,0.013299219004721351,4.999999999999999,107,2022
2022-09-16,0.01327759518073186,5.000000000000125,106,2022
2022-09-19,0.013278387515295885,4.9999999999999805,103,2022
2022-09-20,0.013333312933436182,4.9999999999999,102,2022
2022-09-21,0.01335498286000548,5.0000000000000995,101,2022
2022-09-22,0.013361523350924472,4.999999999999919,100,2022
2022-09-23,0.013322014499656393,4.999999999999971,99,2022
2022-09-26,0.013293469280465642,5.000000000000095,96,2022
2022-09-27,0.013283178523011453,4.99999999999998,95,2022
2022-09-28,0.013258099833592989,4.999999999999936,94,2022
2022-09-29,0.013236363672720288,5.000000000000022,93,2022
2022-09-30,0.013282258077742455,4.999999999999944,92,2022
2022-10-03,0.013272872768714302,4.999999999999962,89,2022
2022-10-04,0.013279333018497604,4.9999999999999645,88,2022
2022-10-05,0.013227421648553967,4.9999999999999,87,2022
2022-10-06,0.013189682444286546,4.99999999999989,86,2022
2022-10-07,0.0132028049329894,5.000000000000019,85,2022
2022-10-10,0.013250450486552122,4.999999999999943,82,2022
2022-10-11,0.013367063054569202,4.999999999999999,81,2022
2022-10-12,0.013377129753087153,4.999999999999968,80,2022
2022-10-13,0.013479615984643752,4.999999999999977,79,2022
2022-10-14,0.013464062808130235,4.999999999999823,78,2022
2022-10-17,0.013441658626114177,4.99999999999991,75,2022
2022-10-18,0.013457035004793665,4.999999999999777,74,2022
2022-10-19,0.013379500244086896,4.999999999999987,73,2022
2022-10-20,0.013342891365652823,4.999999999999967,72,2022
2022-10-21,0.013251728289751675,5.00000000000006,71,2022
2022-10-24,0.01324132298150045,4.999999999999944,68,2022
2022-10-25,0.013313414963566673,4.999999999999992,67,2022
2022-10-26,0.013310271147665732,4.999999999999881,66,2022
2022-10-27,0.013398808145922737,4.999999999999845,65,2022
2022-10-28,0.013375995092097664,4.99999999999986,64,2022
2022-10-31,-0.006858632842556644,-2.583333333333308,61,2022
2022-11-01,0.013124391500818773,5.000000000000064,60,2022
2022-11-02,0.013130656905125729,4.999999999999927,59,2022
2022-11-03,0.01316434653834103,4.999999999999987,58,2022
2022-11-04,0.013160508163335402,4.999999999999993,57,2022
2022-11-07,0.013156407100266047,4.999999999999974,54,2022
2022-11-08,0.01318410632942595,5.000000000000051,53,2022
2022-11-09,0.01322427645021343,5.000000000000022,52,2022
2022-11-10,0.013157699359325472,4.999999999999967,51,2022
2022-11-11,0.01310375248802585,4.999999999999932,50,2022
2022-11-14,0.013123937083247555,5.000000000000018,47,2022
2022-11-15,0.013202931134395125,5.000000000000057,46,2022
2022-11-16,0.013161240453256513,4.9999999999999645,45,2022
2022-11-17,0.013104692307790254,4.999999999999993,44,2022
2022-11-18,0.01317514448371714,4.999999999999946,43,2022
2022-11-21,0.013153663404457623,4.999999999999975,40,2022
2022-11-22,0.013233622685010918,5.000000000000022,39,2022
2022-11-23,0.01323488629804669,5.000000000000001,38,2022
2022-11-24,0.01318663116034966,5.000000000000023,37,2022
2022-11-25,0.013267121806036687,5.000000000000028,36,2022
2022-11-28,0.013312103113081737,4.999999999999979,33,2022
2022-11-29,0.013323171493955305,4.9999999999999885,32,2022
2022-11-30,0.013287864211369552,4.999999999999927,31,2022
2022-12-01,-0.003416886604899305,-1.2903225806451701,30,2022
2022-12-02,0.013199801844577475,5.00000000000003,29,2022
2022-12-05,0.013226554632243398,4.999999999999961,26,2022
2022-12-06,0.01327805396549031,5.000000000000005,25,2022
2022-12-07,0.013211571562047553,5.000000000000025,24,2022
2022-12-08,0.01319599734248278,5.000000000000028,23,2022
2022-12-09,0.013102050466461374,5.000000000000006,22,2022
2022-12-12,0.013032744148249897,5.00000000000003,19,2022
2022-12-13,0.0129444803757513,5.000000000000008,18,2022
2022-12-14,0.012942382345777548,4.999999999999987,17,2022
2022-12-15,0.012881611651327507,5.000000000000027,16,2022
2022-12-16,0.012874905892643146,5.000000000000023,15,2022
2022-12-19,0.01286240424463758,5.00000000000001,12,2022
2022-12-20,0.012871798725131663,4.999999999999987,11,2022
2022-12-21,0.012920259700884385,4.999999999999999,10,2022
2022-12-22,0.01289943900908418,5.000000000000015,9,2022
2022-12-23,0.012895758231757301,5.000000000000002,8,2022
2022-12-26,,,5,2022
2022-12-27,,,4,2022
2022-12-28,,,3,2022
2022-12-29,,,2,2022
2022-12-30,,,1,2022
2023-01-02,0.012919367898096126,5.000000000000015,363,2023
2023-01-03,0.012887614083230935,5.000000000000027,362,2023
2023-01-04,0.012952613378217681,4.9999999999996385,361,2023
2023-01-05,0.01290263614023017,4.9999999999998614,360,2023
2023-01-06,0.012865726457354301,5.0000000000000515,359,2023
2023-01-09,0.012853476882026128,5.000000000000028,356,2023
2023-01-10,0.012938681764316104,4.999999999999553,355,2023
2023-01-11,0.013031499638926851,4.999999999999667,354,2023
2023-01-12,0.013004532456118316,4.999999999999872,353,2023
2023-01-13,0.012922836035664444,4.999999999999685,352,2023
2023-01-16,0.012945385733206458,4.999999999999681,349,2023
2023-01-17,0.012912781457677484,4.999999999999985,348,2023
2023-01-18,0.012926097133507869,5.000000000000393,347,2023
2023-01-19,0.012916145602673526,5.00000000000017,346,2023
2023-01-20,0.01279162713181782,4.999999999999775,345,2023
2023-01-23,0.012790309076560681,5.000000000000033,342,2023
2023-01-24,0.012798911463071674,4.99999999999974,341,2023
2023-01-25,0.012741376829042528,4.99999999999992,340,2023
2023-01-26,0.01270495145594587,4.999999999999991,339,2023
2023-01-27,0.012759643819614648,5.000000000000121,338,2023
2023-01-30,0.012716045100831297,4.999999999999957,335,2023
2023-01-31,0.012684825539854963,4.999999999999915,334,2023
2023-02-01,0.012706782282393747,5.000000000000019,333,2023
2023-02-02,0.012779373737334218,5.000000000000243,332,2023
2023-02-03,0.012822634899116947,5.000000000000205,331,2023
2023-02-06,0.01279106756105533,5.000000000000041,328,2023
2023-02-07,0.0127229852510745,5.000000000000282,327,2023
2023-02-08,0.012677754344033669,5.00000000000021,326,2023
2023-02-09,0.01273980980403077,4.999999999999872,325,2023
2023-02-10,0.012766013103499292,5.000000000000204,324,2023
2023-02-13,0.012887793984722049,5.000000000000183,321,2023
2023-02-14,0.012840274862899924,4.99999999999993,320,2023
2023-02-15,0.012774242848111898,5.000000000000162,319,2023
2023-02-16,0.012833731425629775,5.000000000000039,318,2023
2023-02-17,0.012781970986944245,5.000000000000108,317,2023
2023-02-20,0.012788222983740917,5.000000000000092,314,2023
2023-02-21,0.012817318025061072,4.999999999999994,313,2023
2023-02-22,0.01285839896378016,5.000000000000205,312,2023
2023-02-23,0.012816002065799345,5.000000000000031,311,2023
2023-02-24,0.012758476757062744,5.000000000000116,310,2023
2023-02-27,0.012727719015457606,5.000000000000009,307,2023
2023-02-28,0.012821471915220907,4.999999999999791,306,2023
2023-03-01,0.01286378839137884,5.000000000000325,305,2023
2023-03-02,0.012823949384279852,5.000000000000118,304,2023
2023-03-03,0.012842618138343774,4.99999999999998,303,2023
2023-03-06,0.012769815670580942,5.000000000000244,300,2023
2023-03-07,0.012765225655457561,5.000000000000053,299,2023
2023-03-08,0.012756956065199977,4.999999999999938,298,2023
2023-03-09,0.012758432941193797,4.999999999999522,297,2023
2023-03-10,0.012718482307867367,4.999999999999792,296,2023
2023-03-13,0.012721868908800435,4.999999999999942,293,2023
2023-03-14,0.012721651096551122,4.999999999999756,292,2023
2023-03-15,0.012705571860811365,5.0,291,2023
2023-03-16,0.012759711926212405,4.999999999999681,290,2023
2023-03-17,0.012723209981140723,4.99999999999992,289,2023
2023-03-20,0.012641953103037055,5.000000000000143,286,2023
2023-03-21,0.012650578115221071,4.999999999999885,285,2023
2023-03-22,0.0126261907982793,4.999999999999758,284,2023
2023-03-23,0.012662670341734197,4.999999999999958,283,2023
2023-03-24,0.012669122605006466,5.000000000000166,282,2023
2023-03-27,0.012627732256680027,5.00000000000027,279,2023
2023-03-28,0.012667004285177447,4.999999999999919,278,2023
2023-03-29,0.012614204397625894,4.999999999999847,277,2023
2023-03-30,0.012699074133103831,5.00000000000001,276,2023
2023-03-31,0.012658328952047035,4.999999999999979,275,2023
2023-04-03,0.012708549439510473,5.000000000000067,272,2023
2023-04-04,0.012662191744961296,4.999999999999696,271,2023
2023-04-05,0.012703910454299949,4.99999999999972,270,2023
2023-04-06,0.01272334080524161,5.000000000000104,269,2023
2023-04-07,0.012783795772653771,5.000000000000184,268,2023
2023-04-10,0.012728387774183406,5.0000000000001625,265,2023
2023-04-11,0.012742673947282068,4.99999999999973,264,2023
2023-04-12,0.012722028529205032,4.999999999999765,263,2023
2023-04-13,0.012649140663543819,4.999999999999985,262,2023
2023-04-14,0.012604680141579203,5.000000000000158,261,2023
2023-04-17,0.012484807212528627,5.0000000000003295,258,2023
2023-04-18,0.012401317744335137,5.000000000000006,257,2023
2023-04-19,0.012328736938970962,5.000000000000025,256,2023
2023-04-20,0.012389739992157228,4.999999999999533,255,2023
2023-04-21,0.012464807059683511,5.000000000000296,254,2023
2023-04-24,0.012530907555821869,5.000000000000228,251,2023
2023-04-25,0.012555387187909446,5.000000000000621,250,2023
2023-04-26,0.012490435089050943,5.000000000000023,249,2023
2023-04-27,0.012467955779724283,4.999999999999859,248,2023
2023-04-28,0.012457097589084665,5.000000000000241,247,2023
2023-05-01,0.012491526127915546,4.999999999999689,244,2023
2023-05-02,0.012483852647875812,5.000000000000227,243,2023
2023-05-03,0.012493233086039618,5.0000000000004015,242,2023
2023-05-04,0.012527729354398215,5.0000000000000275,241,2023
2023-05-05,0.012504686303242883,5.000000000000348,240,2023
2023-05-08,0.012433832691451067,4.999999999999788,237,2023
2023-05-09,0.012512312402817437,5.000000000000496,236,2023
2023-05-10,0.012621699614061298,5.000000000000257,235,2023
2023-05-11,0.012602846597788235,4.999999999999974,234,2023
2023-05-12,0.01259156278019269,5.000000000000336,233,2023
2023-05-15,0.01259494841300984,5.000000000000371,230,2023
2023-05-16,0.012598064309239218,4.999999999999895,229,2023
2023-05-17,0.012508063484479607,5.0000000000000995,228,2023
2023-05-18,0.012528208641172942,5.000000000000037,227,2023
2023-05-19,0.012556031912112454,5.0000000000001465,226,2023
2023-05-22,0.012645930712676456,5.000000000000174,223,2023
2023-05-23,0.012733325976123014,5.000000000000333,222,2023
2023-05-24,0.012569877583939897,5.000000000000195,221,2023
2023-05-25,0.012599849568703943,4.999999999999864,220,2023
2023-05-26,0.012625269811006881,5.000000000000412,219,2023
2023-05-29,0.012683576964940508,4.999999999999909,216,2023
2023-05-30,0.012617034708328638,4.999999999999831,215,2023
2023-05-31,0.012600362473332774,5.0000000000001235,214,2023
2023-06-01,0.0126202317533624,4.999999999999732,213,2023
2023-06-02,0.012606618633714189,5.000000000000204,212,2023
2023-06-05,0.012699515177043014,5.000000000000336,209,2023
2023-06-06,0.012771868904276198,5.000000000000061,208,2023
2023-06-07,0.012757866057537382,4.999999999999835,207,2023
2023-06-08,0.012783862582967924,5.0000000000000755,206,2023
2023-06-09,0.012891318658601852,5.000000000000139,205,2023
2023-06-12,0.01294067294021294,4.9999999999996545,202,2023
2023-06-13,0.012878581920880107,5.0000000000004405,201,2023
2023-06-14,0.01288049791586836,4.999999999999883,200,2023
2023-06-15,0.012804162325760822,4.99999999999978,199,2023
2023-06-16,0.012875262109438276,5.000000000000016,198,2023
2023-06-19,0.012832816164707857,4.999999999999436,195,2023
2023-06-20,0.012827915141997564,4.999999999999893,194,2023
2023-06-21,0.012759416929488536,5.000000000000066,193,2023
2023-06-22,0.012748614281095435,4.999999999999977,192,2023
2023-06-23,0.012754212967204803,5.000000000000056,191,2023
2023-06-26,0.012727087999345257,5.00000000000014,188,2023
2023-06-27,0.012738523757003892,4.99999999999977,187,2023
2023-06-28,0.012675461608014157,4.999999999999987,186,2023
2023-06-29,0.012650413417773307,4.9999999999998375,185,2023
2023-06-30,0.012700761952984084,4.999999999999641,184,2023
2023-07-03,0.012684966955053972,5.00000000000001,181,2023
2023-07-04,0.012681588908565345,4.999999999999975,180,2023
2023-07-05,0.012687837458998878,4.999999999999892,179,2023
2023-07-06,0.012708919076290428,4.9999999999999805,178,2023
2023-07-07,0.012857357242770304,5.000000000000084,177,2023
2023-07-10,0.012757041115306171,5.000000000000116,174,2023
2023-07-11,0.012736786727638276,5.00000000000021,173,2023
2023-07-12,0.012772904630875912,4.9999999999999964,172,2023
2023-07-13,0.012699832885165567,5.000000000000129,171,2023
2023-07-14,0.012697144755844658,4.999999999999991,170,2023
2023-07-17,0.012711878820602252,4.999999999999792,167,2023
2023-07-18,0.012786061073264826,5.000000000000067,166,2023
2023-07-19,0.012814678383859229,5.000000000000006,165,2023
2023-07-20,0.012913373978616534,5.0000000000001235,164,2023
2023-07-21,0.01288663447958572,4.999999999999908,163,2023
2023-07-24,0.012852034414631112,4.99999999999986,160,2023
2023-07-25,0.012817833541631518,5.000000000000006,159,2023
2023-07-26,0.012818641318151879,4.999999999999941,158,2023
2023-07-27,0.012833818671137889,4.999999999999912,157,2023
2023-07-28,0.012892704610227602,5.000000000000136,156,2023
2023-07-31,0.01281692917919939,4.999999999999956,153,2023
2023-08-01,-0.006387325017563235,-2.499999999999873,152,2023
2023-08-02,0.012818633384143688,5.000000000000253,151,2023
2023-08-03,0.012782487539417294,4.999999999999943,150,2023
2023-08-04,0.012854974839096641,5.000000000000069,149,2023
2023-08-07,0.012849173930825509,5.00000000000012,146,2023
2023-08-08,0.01293848983000976,5.000000000000059,145,2023
2023-08-09,0.012923118265523899,4.999999999999951,144,2023
2023-08-10,0.012946382756607588,5.000000000000015,143,2023
2023-08-11,0.013022499501856959,4.999999999999729,142,2023
2023-08-14,0.013011838782532505,5.000000000000105,139,2023
2023-08-15,0.012956421910771398,5.000000000000105,138,2023
2023-08-16,0.01304081156125814,4.999999999999987,137,2023
2023-08-17,0.013099991296539031,4.999999999999959,136,2023
2023-08-18,0.013104686065656245,5.000000000000025,135,2023
2023-08-21,0.013100552495406408,4.999999999999965,132,2023
2023-08-22,0.013155773854178748,5.000000000000095,131,2023
2023-08-23,0.013145680522851661,5.000000000000015,130,2023
2023-08-24,0.013295205721563265,5.000000000000037,129,2023
2023-08-25,0.01325409451978234,4.999999999999952,128,2023
2023-08-28,0.013303428434561209,5.000000000000011,125,2023
2023-08-29,0.013426562144656078,5.000000000000074,124,2023
2023-08-30,0.013486377496039325,4.999999999999882,123,2023
2023-08-31,-0.006969762195073661,-2.583333333333397,122,2023
2023-09-01,0.01342696637345928,4.999999999999911,121,2023
2023-09-04,0.013371805765782275,5.000000000000036,118,2023
2023-09-05,0.013346868328862015,4.999999999999908,117,2023
2023-09-06,0.013298568551192536,4.99999999999989,116,2023
2023-09-07,0.013330982868249174,5.000000000000035,115,2023
2023-09-08,0.013367583236884391,4.999999999999908,114,2023
2023-09-11,0.013336197152582904,4.999999999999961,111,2023
2023-09-12,0.013389296846400717,5.0000000000000755,110,2023
2023-09-13,0.013436914825848531,4.999999999999971,109,2023
2023-09-14,0.013412577179869382,5.000000000000042,108,2023
2023-09-15,0.013414579056817734,5.0000000000000036,107,2023
2023-09-18,0.013407450597195635,5.000000000000037,104,2023
2023-09-19,0.013350853684721277,5.000000000000049,103,2023
2023-09-20,0.013338224421966917,5.000000000000112,102,2023
2023-09-21,0.013243080766719631,5.000000000000095,101,2023
2023-09-22,0.013351406397145174,5.000000000000043,100,2023
2023-09-25,0.013416543271929057,4.999999999999987,97,2023
2023-09-26,0.013352353562685127,4.999999999999963,96,2023
2023-09-27,0.013368363718178134,5.000000000000196,95,2023
2023-09-28,0.013389407859400931,5.000000000000051,94,2023
2023-09-29,0.013311495067296293,5.0000000000000995,93,2023
2023-10-02,0.013312570071905873,5.000000000000013,90,2023
2023-10-03,0.013317013311615264,4.999999999999895,89,2023
2023-10-04,0.01336822833190622,4.99999999999996,88,2023
2023-10-05,0.013382157922568246,5.000000000000053,87,2023
2023-10-06,0.013453325247657754,5.000000000000043,86,2023
2023-10-09,0.013418863242988695,4.99999999999991,83,2023
2023-10-10,0.013306814663351079,4.9999999999999005,82,2023
2023-10-11,0.013301001472333929,4.999999999999974,81,2023
2023-10-12,0.013319467221269126,4.9999999999999405,80,2023
2023-10-13,0.013330138441907929,4.999999999999981,79,2023
2023-10-16,0.013299697610121355,5.000000000000022,76,2023
2023-10-17,0.013332517399261123,4.999999999999991,75,2023
2023-10-18,0.013352576783826602,4.999999999999987,74,2023
2023-10-19,0.013349419288208614,5.000000000000008,73,2023
2023-10-20,0.013335145125070828,5.000000000000044,72,2023
2023-10-23,0.013410352353939083,4.999999999999879,69,2023
2023-10-24,0.013395354181165043,5.000000000000002,68,2023
2023-10-25,0.013418430791429861,4.999999999999881,67,2023
2023-10-26,0.01343012610709765,4.999999999999991,66,2023
2023-10-27,0.013365705115955303,4.999999999999974,65,2023
2023-10-30,0.013342006931753112,5.000000000000047,62,2023
2023-10-31,-0.0069559977783479,-2.5833333333333446,61,2023
2023-11-01,0.013380572672335889,4.9999999999999964,60,2023
2023-11-02,0.013458187400573349,5.000000000000031,59,2023
2023-11-03,0.013470236618955031,4.999999999999989,58,2023
2023-11-06,0.013428231886645492,5.00000000000001,55,2023
2023-11-07,0.013493740777593567,5.000000000000053,54,2023
2023-11-08,0.013639253846075205,4.999999999999955,53,2023
2023-11-09,0.013624802367675914,5.000000000000013,52,2023
2023-11-10,0.013596884667413869,5.000000000000029,51,2023
2023-11-13,0.013582836192821092,4.99999999999999,48,2023
2023-11-14,0.013563387023087839,5.000000000000009,47,2023
2023-11-15,0.013606131074223536,4.999999999999971,46,2023
2023-11-16,0.013677779911448133,5.000000000000035,45,2023
2023-11-17,0.013687628781690601,5.00000000000006,44,2023
2023-11-20,0.013690148089755284,5.000000000000126,41,2023
2023-11-21,0.013722830722852911,4.999999999999939,40,2023
2023-11-22,0.013717134001669753,4.99999999999996,39,2023
2023-11-23,0.013669654849125282,5.000000000000019,38,2023
2023-11-24,0.013599646794518735,4.9999999999999885,37,2023
2023-11-27,0.013555231154189672,4.9999999999999964,34,2023
2023-11-28,0.013690408441252262,4.999999999999982,33,2023
2023-11-29,0.013653757478945445,5.000000000000059,32,2023
2023-11-30,0.01369308945213074,4.999999999999982,31,2023
2023-12-01,-0.0035331102813517534,-1.2903225806451533,30,2023
2023-12-04,0.013610814496856832,4.999999999999978,27,2023
2023-12-05,0.013633504681449554,5.000000000000017,26,2023
2023-12-06,0.013744001238379433,5.00000000000003,25,2023
2023-12-07,0.013632770308233483,4.999999999999991,24,2023
2023-12-08,0.013686929688484173,5.000000000000015,23,2023
2023-12-11,0.013681798542259538,5.000000000000035,20,2023
2023-12-12,0.013588293298304882,5.000000000000003,19,2023
2023-12-13,0.013602512364229047,5.000000000000002,18,2023
2023-12-14,0.013549781601528199,4.9999999999999964,17,2023
2023-12-15,0.013504263362688618,5.000000000000025,16,2023
2023-12-18,0.013442856479788975,4.999999999999992,13,2023
2023-12-19,0.01342051333210672,4.999999999999974,12,2023
2023-12-20,0.013475978559321837,4.999999999999977,11,2023
2023-12-21,0.013490648148712581,4.999999999999977,10,2023
2023-12-22,0.01351001879657041,5.00000000000001,9,2023
2023-12-25,,,6,2023
2023-12-26,,,5,2023
2023-12-27,,,4,2023
2023-12-28,,,3,2023
2023-12-29,,,2,2023
2024-01-01,-1.5959455978986625e-16,-5.892996960778876e-14,365,2024
2024-01-02,0.013477861603651206,5.000000000000258,364,2024
2024-01-03,0.013536219505907415,4.999999999999956,363,2024
2024-01-04,0.01357235657662071,4.999999999999956,362,2024
2024-01-05,0.013358752666504319,4.999999999999787,361,2024
2024-01-08,0.013308180777952407,4.999999999999969,358,2024
2024-01-09,0.013272822535621759,5.00000000000009,357,2024
2024-01-10,0.01326039806591453,4.999999999999948,356,2024
2024-01-11,0.013206004981929316,4.999999999999323,355,2024
2024-01-12,0.013204691625958088,4.999999999999797,354,2024
2024-01-15,0.013146739954908046,5.000000000000094,351,2024
2024-01-16,0.013171080384087708,4.999999999999857,350,2024
2024-01-17,0.01324976314521814,4.999999999999699,349,2024
2024-01-18,0.01327141528077759,4.999999999999934,348,2024
2024-01-19,0.013260743463518979,4.999999999999744,347,2024
2024-01-22,0.013198734415528456,5.00000000000001,344,2024
2024-01-23,0.013235719495146396,4.999999999999878,343,2024
2024-01-24,0.013248969491304767,4.99999999999975,342,2024
2024-01-25,0.013253289678163617,4.999999999999886,341,2024
2024-01-26,0.013197107033985411,5.0000000000002744,340,2024
2024-01-29,0.013307675955378295,4.999999999999413,337,2024
2024-01-30,0.013377863005407387,5.0000000000002025,336,2024
2024-01-31,0.013344486994873554,4.99999999999991,335,2024
2024-02-01,0.013421980492354213,4.999999999999883,334,2024
2024-02-02,0.013320481555020094,4.999999999999914,333,2024
2024-02-05,0.013457209610358747,5.000000000000078,330,2024
2024-02-06,0.01340336667550518,4.999999999999775,329,2024
2024-02-07,0.013470170809846423,4.999999999999514,328,2024
2024-02-08,0.013355012120529842,4.999999999999791,327,2024
2024-02-09,0.013424810733673305,4.999999999999885,326,2024
2024-02-12,0.013396636264813404,4.999999999999876,323,2024
2024-02-13,0.013368005492901715,4.9999999999998375,322,2024
2024-02-14,0.013325126779798566,5.000000000000244,321,2024
2024-02-15,0.013395834438477729,4.9999999999999964,320,2024
2024-02-16,0.013400966128555764,5.00000000000013,319,2024
2024-02-19,0.013406193924897718,4.999999999999718,316,2024
2024-02-20,0.013333740813361257,5.000000000000031,315,2024
2024-02-21,0.013277112130836488,4.999999999999921,314,2024
2024-02-22,0.013237281803473402,5.000000000000328,313,2024
2024-02-23,0.013243917241500779,5.000000000000128,312,2024
2024-02-26,0.013301921992237446,5.000000000000018,309,2024
2024-02-27,0.013232842820187364,5.000000000000035,308,2024
2024-02-28,0.013233130267875627,4.999999999999882,307,2024
2024-02-29,0.01334328246409363,5.000000000000029,306,2024
2024-03-01,0.013312941737695524,4.999999999999892,305,2024
2024-03-04,0.013292072183230308,4.9999999999999485,302,2024
2024-03-05,0.013267944563423062,5.000000000000225,301,2024
2024-03-06,0.013236987353038708,5.000000000000267,300,2024
2024-03-07,0.013208222056132014,5.000000000000033,299,2024
2024-03-08,0.013094828743142058,4.999999999999872,298,2024
2024-03-11,0.013097899081276287,5.000000000000157,295,2024
2024-03-12,0.01310137827222417,5.000000000000085,294,2024
2024-03-13,0.013109065347239192,4.999999999999913,293,2024
2024-03-14,0.013182117621764196,4.99999999999972,292,2024
2024-03-15,0.013209450036507357,4.99999999999996,291,2024
2024-03-18,0.013261155871383802,4.999999999999965,288,2024
2024-03-19,0.013228360182328376,5.0000000000001,287,2024
2024-03-20,0.013201519821055094,5.000000000000295,286,2024
2024-03-21,0.013155694520261926,5.000000000000204,285,2024
2024-03-22,0.013176665408756165,5.000000000000057,284,2024
2024-03-25,0.013168320544848282,5.000000000000277,281,2024
2024-03-26,0.01312919266488314,4.999999999999893,280,2024
2024-03-27,0.013145057147509395,5.000000000000176,279,2024
2024-03-28,0.013092057129400314,5.000000000000036,278,2024
2024-03-29,0.013112222715711455,5.000000000000241,277,2024
2024-04-01,0.013221748814541148,5.000000000000015,274,2024
2024-04-02,-0.006531585794711607,-2.472826086956597,273,2024
2024-04-03,0.013163247876377862,4.999999999999784,272,2024
2024-04-04,0.013215274142824354,5.000000000000157,271,2024
2024-04-05,0.013206695798947937,4.999999999999794,270,2024
2024-04-08,0.013245938167803995,4.999999999999647,267,2024
2024-04-09,0.013277462355091814,4.999999999999819,266,2024
2024-04-10,0.013347198483803356,4.999999999999824,265,2024
2024-04-11,0.013258829446750962,5.000000000000147,264,2024
2024-04-12,0.01325670454468836,5.000000000000114,263,2024
2024-04-15,0.013231248089643483,5.000000000000188,260,2024
2024-04-16,0.013292047587499523,5.000000000000184,259,2024
2024-04-17,0.013254649947780672,5.000000000000029,258,2024
2024-04-18,0.013217117919651262,4.999999999999944,257,2024
2024-04-19,0.013251483121457096,4.999999999999862,256,2024
2024-04-22,0.01320024827258167,5.000000000000017,253,2024
2024-04-23,0.013222448214795677,4.999999999999932,252,2024
2024-04-24,0.013193630920609023,5.000000000000128,251,2024
2024-04-25,0.013127575972119212,4.9999999999998375,250,2024
2024-04-26,0.013094296009268994,5.0000000000000675,249,2024
2024-04-29,0.013133397851994138,4.999999999999881,246,2024
2024-04-30,0.013058865431857624,4.999999999999436,245,2024
2024-05-01,0.01305484241029344,4.999999999999927,244,2024
2024-05-02,0.013043397088480197,4.999999999999891,243,2024
2024-05-03,0.013069847659350065,4.999999999999864,242,2024
2024-05-06,0.013143305822704806,5.00000000000017,239,2024
2024-05-07,0.013138590628623015,5.000000000000017,238,2024
2024-05-08,0.013160168674338297,5.0000000000001315,237,2024
2024-05-09,0.013200864151667232,4.999999999999943,236,2024
2024-05-10,0.013232362592130986,4.999999999999747,235,2024
2024-05-13,0.013233897199835613,4.999999999999901,232,2024
2024-05-14,0.013193365900693201,4.999999999999705,231,2024
2024-05-15,0.013121558338692725,5.000000000000126,230,2024
2024-05-16,0.013181724192705102,4.999999999999993,229,2024
2024-05-17,0.013152878992042535,4.999999999999876,228,2024
2024-05-20,0.013215849682060053,4.999999999999797,225,2024
2024-05-21,0.013180243356395555,5.0000000000003135,224,2024
2024-05-22,0.013174871878755573,4.999999999999833,223,2024
2024-05-23,0.013196481718451402,5.000000000000018,222,2024
2024-05-24,0.013110860426947287,5.00000000000008,221,2024
2024-05-27,0.013113721444408782,4.99999999999986,218,2024
2024-05-28,0.013090613908857492,4.999999999999654,217,2024
2024-05-29,0.013058265857636397,5.000000000000054,216,2024
2024-05-30,0.012983631459262955,5.0,215,2024
2024-05-31,0.012936164051988117,4.999999999999771,214,2024
2024-06-03,0.012948700644801851,4.9999999999999645,211,2024
2024-06-04,0.012938942805756979,5.000000000000008,210,2024
2024-06-05,0.012917160307520615,5.000000000000184,209,2024
2024-06-06,0.012887713927065421,5.000000000000179,208,2024
2024-06-07,0.012981219755990165,4.99999999999979,207,2024
2024-06-10,0.013044587464358874,5.000000000000187,204,2024
2024-06-11,0.013158093143078734,4.999999999999989,203,2024
2024-06-12,0.013152655517262,5.000000000000011,202,2024
2024-06-13,0.013121251420215859,4.999999999999758,201,2024
2024-06-14,0.013057182165143144,4.999999999999977,200,2024
2024-06-17,0.01297895317424726,4.999999999999885,197,2024
2024-06-18,0.012982359505056856,5.000000000000005,196,2024
2024-06-19,0.012985595915731707,4.9999999999998614,195,2024
2024-06-20,0.012966373573392509,5.000000000000082,194,2024
2024-06-21,0.01294994750660257,4.999999999999806,193,2024
2024-06-24,0.012945504325417712,5.000000000000035,190,2024
2024-06-25,0.012968234151603137,5.00000000000014,189,2024
2024-06-26,0.012976282493344524,4.999999999999931,188,2024
2024-06-27,0.013028234786220397,5.000000000000094,187,2024
2024-06-28,0.012977801756855846,4.999999999999764,186,2024
2024-07-01,0.013037243350196527,4.999999999999688,183,2024
2024-07-02,-0.0021363967669744445,-0.8241758241760375,182,2024
2024-07-03,0.012989830640675135,4.999999999999895,181,2024
2024-07-04,0.012937579980023782,5.00000000000011,180,2024
2024-07-05,0.012836172380551875,4.999999999999871,179,2024
2024-07-08,0.01286804743949408,5.000000000000035,176,2024
2024-07-09,0.01286077026071435,4.999999999999965,175,2024
2024-07-10,0.012878021435847077,4.99999999999994,174,2024
2024-07-11,0.012953312855548908,4.999999999999898,173,2024
2024-07-12,0.012995459129973366,5.000000000000008,172,2024
2024-07-15,0.012868118420729813,4.999999999999912,169,2024
2024-07-16,0.012863436643754805,5.000000000000031,168,2024
2024-07-17,0.012891982003448241,5.000000000000063,167,2024
2024-07-18,0.012998951937865863,5.0000000000000036,166,2024
2024-07-19,0.01308744626535038,4.999999999999839,165,2024
2024-07-22,0.01310888330386532,5.00000000000002,162,2024
2024-07-23,0.01305289203960315,5.000000000000146,161,2024
2024-07-24,0.01304784437566939,5.00000000000005,160,2024
2024-07-25,0.013013055742893739,4.999999999999931,159,2024
2024-07-26,0.012909668611542167,5.000000000000001,158,2024
2024-07-29,0.012869318868283207,4.999999999999869,155,2024
2024-07-30,0.012929635759751854,4.999999999999901,154,2024
2024-07-31,0.012893996491216298,5.000000000000265,153,2024
2024-08-01,-0.006489364264787006,-2.4999999999999143,152,2024
2024-08-02,0.013009750307115212,5.000000000000032,151,2024
2024-08-05,0.013013629539015449,4.999999999999959,148,2024
2024-08-06,0.01305455389625284,4.999999999999959,147,2024
2024-08-07,0.012995026660244484,4.999999999999895,146,2024
2024-08-08,0.01301798137864723,4.999999999999975,145,2024
2024-08-09,0.01303835465759736,5.00000000000002,144,2024
2024-08-12,0.01305464457815618,5.000000000000063,141,2024
2024-08-13,0.01304294971256852,5.000000000000181,140,2024
2024-08-14,0.012976689964254023,5.000000000000013,139,2024
2024-08-15,0.012910943763944794,5.00000000000012,138,2024
2024-08-16,0.012878558679584751,5.000000000000114,137,2024
2024-08-19,0.01294169128074776,4.999999999999886,134,2024
2024-08-20,0.012890836785655613,4.999999999999996,133,2024
2024-08-21,0.012935219010512793,5.000000000000053,132,2024
2024-08-22,0.013011949556431101,4.999999999999888,131,2024
2024-08-23,0.012944121857947268,5.00000000000004,130,2024
2024-08-26,0.012864874877026866,4.999999999999994,127,2024
2024-08-27,0.012839229552851252,5.000000000000057,126,2024
2024-08-28,0.012807825423459766,4.999999999999975,125,2024
2024-08-29,0.012709670707369888,4.999999999999974,124,2024
2024-08-30,0.012714718373306837,5.000000000000107,123,2024
2024-09-02,0.012742737238331902,4.999999999999863,120,2024
2024-09-03,0.01278775295469216,5.000000000000009,119,2024
2024-09-04,0.012738256995321329,4.999999999999905,118,2024
2024-09-05,0.01270248335466559,4.999999999999974,117,2024
2024-09-06,0.012678133363797165,4.999999999999895,116,2024
2024-09-09,0.012678242494362077,5.000000000000167,113,2024
2024-09-10,0.012706237296474703,4.999999999999953,112,2024
2024-09-11,0.012673285827972757,5.000000000000095,111,2024
2024-09-12,0.012671223309872866,4.999999999999996,110,2024
2024-09-13,0.012669154102713602,4.999999999999957,109,2024
2024-09-16,0.012748626536894622,5.000000000000008,106,2024
2024-09-17,0.012745966181607222,4.999999999999804,105,2024
2024-09-18,0.012826148297942796,5.000000000000054,104,2024
2024-09-19,0.012787301467885436,4.999999999999943,103,2024
2024-09-20,0.012813524562799902,5.00000000000003,102,2024
2024-09-23,0.012782896524060696,4.9999999999999964,99,2024
2024-09-24,0.0127289815732839,4.9999999999999645,98,2024
2024-09-25,0.012765118251305038,4.999999999999944,97,2024
2024-09-26,0.01269559789213818,5.000000000000101,96,2024
2024-09-27,0.01276815590697636,5.000000000000083,95,2024
2024-09-30,0.01280328186084252,4.9999999999998765,92,2024
2024-10-01,-0.006243315384670649,-2.419354838709674,91,2024
2024-10-02,0.012898528991018392,4.999999999999914,90,2024
2024-10-03,0.012842996171524412,5.000000000000025,89,2024
2024-10-04,0.012793143774663118,4.9999999999999964,88,2024
2024-10-07,0.012771209811288844,5.000000000000001,85,2024
2024-10-08,0.012804114214572844,4.999999999999978,84,2024
2024-10-09,0.012692077585723088,5.000000000000003,83,2024
2024-10-10,0.012714706039182386,5.000000000000027,82,2024
2024-10-11,0.01263574597941736,4.99999999999997,81,2024
2024-10-14,0.012658955854226057,4.999999999999944,78,2024
2024-10-15,0.01266527140585767,4.999999999999938,77,2024
2024-10-16,0.012724398513452601,4.999999999999957,76,2024
2024-10-17,0.012728980874449087,5.000000000000039,75,2024
2024-10-18,0.012756245130149165,5.0000000000000036,74,2024
2024-10-21,0.01277055812732934,4.9999999999999485,71,2024
2024-10-22,0.012831186881649935,4.999999999999939,70,2024
2024-10-23,0.01278306611302309,4.999999999999955,69,2024
2024-10-24,0.01276051936751451,4.999999999999962,68,2024
2024-10-25,0.012731816854968884,4.999999999999936,67,2024
2024-10-28,0.012788703886870544,4.99999999999994,64,2024
2024-10-29,0.012719481515681471,4.999999999999961,63,2024
2024-10-30,0.01275928523612576,4.9999999999999645,62,2024
2024-10-31,-0.0066361115177764034,-2.583333333333372,61,2024
2024-11-01,0.012872444079225847,5.000000000000013,60,2024
2024-11-04,0.012756469896565472,4.99999999999999,57,2024
2024-11-05,0.012759172327303307,4.99999999999992,56,2024
2024-11-06,0.012682841187647821,5.000000000000018,55,2024
2024-11-07,0.012650497000380661,5.000000000000011,54,2024
2024-11-08,0.012645014775217307,5.000000000000058,53,2024
2024-11-11,0.012592702384333713,4.999999999999907,50,2024
2024-11-12,0.012654773456641245,5.000000000000002,49,2024
2024-11-13,0.012696423552643792,5.000000000000054,48,2024
2024-11-14,0.012638813264219591,4.9999999999999964,47,2024
2024-11-15,0.01262203133430123,4.999999999999981,46,2024
2024-11-18,0.012727757318739897,4.9999999999999645,43,2024
2024-11-19,0.012699747558843545,5.000000000000028,42,2024
2024-11-20,0.012645474093975484,4.9999999999999964,41,2024
2024-11-21,0.012664857075644511,5.000000000000011,40,2024
2024-11-22,0.012657411845329725,5.000000000000089,39,2024
2024-11-25,0.012683336755433827,4.999999999999981,36,2024
2024-11-26,0.012611092278637548,5.000000000000016,35,2024
2024-11-27,0.012614135033146626,5.000000000000018,34,2024
2024-11-28,0.012609924292602057,5.000000000000022,33,2024
2024-11-29,0.012563648742230966,4.999999999999961,32,2024
2024-12-02,0.012573484581719502,5.000000000000013,29,2024
2024-12-03,0.012522306113785353,4.999999999999991,28,2024
2024-12-04,0.012495440547570014,4.999999999999984,27,2024
2024-12-05,0.012521196972843707,5.000000000000008,26,2024
2024-12-06,0.012511232898379382,4.999999999999993,25,2024
2024-12-09,0.01253037481716493,4.999999999999984,22,2024
2024-12-10,0.012494468531853126,5.000000000000001,21,2024
2024-12-11,0.012477511636584698,5.000000000000015,20,2024
2024-12-12,0.01250827458633133,5.000000000000036,19,2024
2024-12-13,0.012477343787442918,5.000000000000018,18,2024
2024-12-16,0.012426633763776423,4.999999999999955,15,2024
2024-12-17,-0.005413644443374426,-2.187500000000003,14,2024
2024-12-18,0.012357906238654912,4.999999999999994,13,2024
2024-12-19,0.012279190167333984,5.000000000000015,12,2024
2024-12-20,0.012252577355425237,5.000000000000018,11,2024
2024-12-23,0.012278096079582013,5.000000000000008,8,2024
2024-12-24,,,7,2024
2024-12-25,,,6,2024
2024-12-26,,,5,2024
2024-12-27,,,4,2024
2024-12-30,,,1,2024
2024-12-31,,,0,2024
2025-01-01,0.012299338636125201,5.000000000000041,364,2025
2025-01-02,0.012292239692852848,5.000000000000085,363,2025
2025-01-03,0.012224956817597832,5.00000000000019,362,2025
2025-01-06,0.012227339423159844,4.9999999999997975,359,2025
2025-01-07,0.012236565211427235,5.000000000000108,358,2025
2025-01-08,0.012124105951807226,5.000000000000251,357,2025
2025-01-09,0.012179766799995884,4.999999999999893,356,2025
2025-01-10,0.012223256620661517,5.00000000000011,355,2025
2025-01-13,0.012257620854227227,5.000000000000594,352,2025
2025-01-14,0.01233513119078572,5.0000000000000275,351,2025
2025-01-15,0.012286489193446992,5.000000000000078,350,2025
2025-01-16,0.012273960878478374,5.000000000000294,349,2025
2025-01-17,0.012168193091830794,4.999999999999635,348,2025
2025-01-20,0.01216334943564349,4.999999999999803,345,2025
2025-01-21,0.012135079067859177,4.9999999999997256,344,2025
2025-01-22,0.012131805701237591,5.000000000000139,343,2025
2025-01-23,0.01211580825940159,4.9999999999999245,342,2025
2025-01-24,0.012097555173964963,5.000000000000008,341,2025
2025-01-27,0.01200782966646869,5.000000000000156,338,2025
2025-01-28,0.012009509868047268,5.000000000000188,337,2025
2025-01-29,0.012036548842136209,4.999999999999661,336,2025
2025-01-30,0.012060006006215353,5.00000000000008,335,2025
2025-01-31,0.012024135354784818,4.9999999999999245,334,2025
2025-02-03,0.011978368148663453,4.999999999999883,331,2025
2025-02-04,0.011950019808823972,4.999999999999994,330,2025
2025-02-05,0.011921842981551634,5.000000000000082,329,2025
2025-02-06,0.011919638182554766,4.99999999999984,328,2025
2025-02-07,0.01194614199883648,5.000000000000181,327,2025
2025-02-10,0.012004087295575908,5.000000000000225,324,2025
2025-02-11,0.012015885529838989,4.999999999999835,323,2025
2025-02-12,0.011954395108392038,4.999999999999826,322,2025
2025-02-13,0.011965068718743727,5.000000000000001,321,2025
2025-02-14,0.011990342257533142,4.999999999999867,320,2025
2025-02-17,0.01198323175784348,5.000000000000122,317,2025
2025-02-18,0.011961421968848293,4.999999999999939,316,2025
2025-02-19,0.011949202381334394,5.000000000000184,315,2025
2025-02-20,0.011947925197932807,4.999999999999984,314,2025
2025-02-21,0.011929560187454898,5.0000000000002,313,2025
2025-02-24,0.01194992086668123,4.999999999999982,310,2025
2025-02-25,0.011984844568480618,4.999999999999941,309,2025
2025-02-26,0.011918378538944813,5.000000000000227,308,2025
2025-02-27,0.011883062147289167,5.000000000000357,307,2025
2025-02-28,0.011858215622110611,5.000000000000022,306,2025
2025-03-03,0.011764367567211269,5.000000000000323,303,2025
2025-03-04,0.01181734793583658,4.999999999999794,302,2025
2025-03-05,0.01176463719049925,5.000000000000136,301,2025
2025-03-06,0.01171499850218398,5.000000000000138,300,2025
2025-03-07,0.011674210142892764,4.999999999999908,299,2025
2025-03-10,0.011636284399660198,5.0000000000002185,296,2025
2025-03-11,0.011638626318070548,5.0000000000001315,295,2025
2025-03-12,0.011637783128843886,4.999999999999857,294,2025
2025-03-13,0.011557919167935027,4.999999999999924,293,2025
2025-03-14,0.011652926366740389,5.000000000000193,292,2025
2025-03-17,0.011674890960623074,4.999999999999927,289,2025
2025-03-18,0.011726230399302151,4.999999999999387,288,2025
2025-03-19,0.011719502067563482,5.000000000000268,287,2025
2025-03-20,0.011827250447348392,4.9999999999996385,286,2025
2025-03-21,0.011777126786931859,5.000000000000374,285,2025
2025-03-24,0.011697244990988773,4.999999999999876,282,2025
2025-03-25,0.011634054175932981,4.999999999999998,281,2025
2025-03-26,0.011692337287133849,5.000000000000323,280,2025
2025-03-27,0.011706628277845278,4.99999999999995,279,2025
2025-03-28,0.01170924067909964,4.999999999999924,278,2025
2025-03-31,0.011751035307296535,4.999999999999919,275,2025
2025-04-01,0.011745194262262386,4.99999999999993,274,2025
2025-04-02,-0.005788366657946893,-2.4728260869564114,273,2025
2025-04-03,0.011695752261569796,4.999999999999922,272,2025
2025-04-04,0.01171765750746332,5.000000000000253,271,2025
2025-04-07,0.01176145593086699,5.000000000000006,268,2025
2025-04-08,0.011778062878231216,5.000000000000083,267,2025
2025-04-09,0.011830956253185075,5.000000000000105,266,2025
2025-04-10,0.011820128361983427,4.999999999999891,265,2025
2025-04-11,0.011761326352191015,4.999999999999559,264,2025
2025-04-14,0.011672165950754007,5.000000000000039,261,2025
2025-04-15,0.01166049903559485,4.9999999999999485,260,2025
2025-04-16,0.011633122346035333,4.999999999999944,259,2025
2025-04-17,0.011627520986416671,5.000000000000037,258,2025
2025-04-18,0.01157067963033101,4.999999999999942,257,2025
2025-04-21,0.011592120637746058,5.0,254,2025
2025-04-22,0.011512101990975432,4.999999999999881,253,2025
2025-04-23,0.011512032022294023,4.999999999999933,252,2025
2025-04-24,0.011574846226081069,4.999999999999836,251,2025
2025-04-25,0.011548493836720004,5.00000000000004,250,2025
2025-04-28,0.01148571881689837,4.9999999999999645,247,2025
2025-04-29,0.0115090712499963,4.999999999999936,246,2025
2025-04-30,0.011473165230013254,5.000000000000071,245,2025
2025-05-01,0.01154525698202774,4.999999999999857,244,2025
2025-05-02,0.011532594275669572,5.0000000000002816,243,2025
2025-05-05,0.011509735440557473,4.999999999999571,240,2025
2025-05-06,0.011422881211510133,4.999999999999501,239,2025
2025-05-07,0.01139007505574007,4.9999999999998295,238,2025
2025-05-08,0.011410997268888032,4.999999999999597,237,2025
2025-05-09,0.011401380287043406,4.99999999999972,236,2025
2025-05-12,0.011398394483681322,4.99999999999974,233,2025
2025-05-13,0.011445348795207845,4.9999999999997495,232,2025
2025-05-14,0.011419543112369817,5.000000000000102,231,2025
2025-05-15,0.01146202365291939,5.000000000000063,230,2025
2025-05-16,0.011493679576806309,5.000000000000136,229,2025
2025-05-19,0.011545371776348954,5.000000000000056,226,2025
2025-05-20,0.011515528767423688,4.999999999999498,225,2025
2025-05-21,0.011584746483067287,4.999999999999767,224,2025
2025-05-22,0.011521049357961279,5.000000000000594,223,2025
2025-05-23,0.011509031649802489,4.999999999999977,222,2025
2025-05-26,0.011510614154943212,5.000000000000109,219,2025
2025-05-27,0.01143409859809193,5.000000000000243,218,2025
2025-05-28,0.011469675095798432,4.999999999999941,217,2025
2025-05-29,0.011411275600042826,5.000000000000044,216,2025
2025-05-30,0.011404492707681292,4.99999999999997,215,2025
2025-06-02,0.011402828772782144,5.000000000000033,212,2025
2025-06-03,0.011379142343917851,5.000000000000304,211,2025
2025-06-04,0.011406448277602942,5.000000000000181,210,2025
2025-06-05,0.011459525995229985,5.000000000000011,209,2025
2025-06-06,0.011450918703192483,5.000000000000094,208,2025
2025-06-09,0.01146712715247698,4.999999999999946,205,2025
2025-06-10,0.011472696487419203,4.999999999999778,204,2025
2025-06-11,0.011375039844424142,4.999999999999876,203,2025
2025-06-12,0.011289289306119889,5.000000000000158,202,2025
2025-06-13,0.01121959510909833,4.999999999999956,201,2025
2025-06-16,0.01119831857057122,5.000000000000273,198,2025
2025-06-17,0.011289808559061832,5.000000000000596,197,2025
2025-06-18,0.01138246810889123,4.999999999999778,196,2025
2025-06-19,0.011416578622768464,4.999999999999984,195,2025
2025-06-20,0.01138783785386086,4.999999999999768,194,2025
2025-06-23,0.011415933317105798,4.999999999999863,191,2025
2025-06-24,0.011348241258741266,5.000000000000152,190,2025
2025-06-25,0.011389642700267353,5.000000000000241,189,2025
2025-06-26,0.011448894599200515,4.999999999999801,188,2025
2025-06-27,0.011434560070244897,5.000000000000102,187,2025
2025-06-30,0.011427203859288344,4.9999999999999885,184,2025
2025-07-01,0.011448155709458252,4.999999999999756,183,2025
2025-07-02,-0.001886739589611261,-0.8241758241756656,182,2025
2025-07-03,0.011424003600301533,5.000000000000069,181,2025
2025-07-04,0.011335233557144275,5.000000000000054,180,2025
2025-07-07,0.011274687899163176,4.999999999999967,177,2025
2025-07-08,0.011312145878093413,5.0000000000000995,176,2025
2025-07-09,0.011355438682687166,4.999999999999967,175,2025
2025-07-10,0.011346534986721706,5.0,174,2025
2025-07-11,0.011357555245415894,4.999999999999951,173,2025
2025-07-14,0.011361606488676235,4.999999999999958,170,2025
2025-07-15,0.011353239530347246,4.999999999999961,169,2025
2025-07-16,0.011314765038590545,4.999999999999812,168,2025
2025-07-17,0.011318901471954294,4.999999999999957,167,2025
2025-07-18,0.011333079059021919,4.9999999999999964,166,2025
2025-07-21,0.011339989616536428,4.999999999999867,163,2025
2025-07-22,0.011262503093178618,4.9999999999999805,162,2025
2025-07-23,0.011332257695500555,4.999999999999991,161,2025
2025-07-24,0.011366434097059546,4.9999999999999645,160,2025
2025-07-25,0.011375710644705214,5.000000000000041,159,2025
2025-07-28,0.011361348274138566,5.000000000000022,156,2025
2025-07-29,0.011316516263755582,5.000000000000063,155,2025
2025-07-30,0.011293305025810406,4.9999999999999885,154,2025
2025-07-31,0.011255991826548684,4.9999999999999005,153,2025
2025-08-01,-0.00563068874687659,-2.4999999999998903,152,2025
2025-08-04,0.011248276980671702,5.000000000000016,149,2025
2025-08-05,0.011233579918098705,4.9999999999999885,148,2025
2025-08-06,0.011220469195768416,5.000000000000018,147,2025
2025-08-07,0.011206738369434824,4.999999999999928,146,2025
2025-08-08,0.011243790338932684,5.000000000000053,145,2025
2025-08-11,0.011256251768412707,5.000000000000039,142,2025
2025-08-12,0.011286179726553124,5.000000000000095,141,2025
2025-08-13,0.01128764907201936,5.00000000000008,140,2025
2025-08-14,0.01122268939795645,4.999999999999898,139,2025
2025-08-15,0.011156440692074807,4.999999999999974,138,2025
2025-08-18,0.011207008550623912,5.0000000000000675,135,2025
2025-08-19,0.011230976013676935,5.000000000000043,134,2025
2025-08-20,0.011231486024981582,4.999999999999993,133,2025
2025-08-21,0.011301370570958105,4.999999999999824,132,2025
2025-08-22,0.011271535577242545,5.0000000000000195,131,2025
2025-08-25,0.011202727691305737,4.999999999999967,128,2025
2025-08-26,0.011173897856475053,5.000000000000037,127,2025
2025-08-27,0.011142770746601308,5.000000000000164,126,2025
2025-08-28,0.011157337798128626,5.00000000000007,125,2025
2025-08-29,0.011139209121852484,5.0000000000000195,124,2025
2025-09-01,0.011179549836785886,5.000000000000156,121,2025
2025-09-02,0.0112266255720712,5.000000000000258,120,2025
2025-09-03,0.011260271040934935,5.000000000000097,119,2025
2025-09-04,0.011246332002071356,5.000000000000121,118,2025
2025-09-05,0.011234483788266537,4.999999999999927,117,2025
2025-09-08,0.01128032489828861,5.000000000000035,114,2025
2025-09-09,0.011262237574405976,5.000000000000051,113,2025
2025-09-10,0.011313935675186189,5.000000000000044,112,2025
2025-09-11,0.011296946567177116,5.000000000000068,111,2025
2025-09-12,0.011250149153608712,5.000000000000031,110,2025
2025-09-15,0.011248657841526193,4.9999999999999645,107,2025
2025-09-16,0.011277007639616435,5.000000000000145,106,2025
2025-09-17,0.011232209149886761,5.000000000000224,105,2025
2025-09-18,0.011177069562227176,5.000000000000179,104,2025
2025-09-19,0.01113715009398176,4.9999999999999485,103,2025
2025-09-22,0.011121226872943833,5.000000000000041,100,2025
2025-09-23,0.011089200163005549,4.9999999999999165,99,2025
2025-09-24,0.011094998584716484,4.999999999999952,98,2025
2025-09-25,0.011071046675230225,5.0000000000000755,97,2025
2025-09-26,0.011086234312204039,5.000000000000156,96,2025
2025-09-29,0.011130941832236172,5.0000000000000115,93,2025
2025-09-30,0.011134341911670464,5.000000000000099,92,2025
2025-10-01,-0.005385308024220738,-2.4193548387096624,91,2025
2025-10-02,0.011074103970613019,5.000000000000001,90,2025
2025-10-03,0.011125730019714963,4.999999999999981,89,2025
2025-10-06,0.011090665521066197,5.000000000000114,86,2025
2025-10-07,0.011119604893846061,4.9999999999999485,85,2025
2025-10-08,0.011103785231627427,4.999999999999967,84,2025
2025-10-09,0.01106315050349303,4.999999999999961,83,2025
2025-10-10,0.01106647733645048,4.999999999999985,82,2025
2025-10-13,0.011144364851879765,5.000000000000121,79,2025
2025-10-14,0.011216947657520116,4.999999999999999,78,2025
2025-10-15,0.011260798974943292,4.999999999999984,77,2025
2025-10-16,0.011262054137352248,4.999999999999889,76,2025
2025-10-17,0.011243716186346737,4.999999999999987,75,2025
2025-10-20,0.011290030109609474,4.999999999999912,72,2025
2025-10-21,0.011314318156123992,4.999999999999979,71,2025
2025-10-22,0.011395212119040075,5.000000000000035,70,2025
2025-10-23,0.011326489766796417,4.9999999999999245,69,2025
2025-10-24,0.011325172821662274,5.000000000000056,68,2025
2025-10-27,0.0112903354384381,4.99999999999997,65,2025
2025-10-28,0.011323485573136796,4.99999999999993,64,2025
2025-10-29,0.011351384702004037,4.999999999999862,63,2025
2025-10-30,0.011272561059486146,5.000000000000059,62,2025
2025-10-31,-0.005783642802767639,-2.583333333333362,61,2025
2025-11-03,0.011188444837363885,5.000000000000018,58,2025
2025-11-04,0.011173310918358817,5.000000000000019,57,2025
2025-11-05,0.011188415940796876,4.999999999999953,56,2025
2025-11-06,0.011219886067933619,5.000000000000056,55,2025
2025-11-07,0.011219766293365676,5.000000000000009,54,2025
2025-11-10,0.011176504668728887,5.000000000000013,51,2025
2025-11-11,0.01126050539895637,5.0000000000000195,50,2025
2025-11-12,0.01126299139096223,4.999999999999994,49,2025
2025-11-13,0.011248325271595227,5.000000000000002,48,2025
2025-11-14,0.011240757043509478,4.999999999999892,47,2025
2025-11-17,0.011281116561045933,4.999999999999989,44,2025
2025-11-18,0.01126407539720597,5.000000000000027,43,2025
2025-11-19,0.011283581495799843,4.99999999999996,42,2025
2025-11-20,0.01129313240206076,5.000000000000022,41,2025
2025-11-21,0.011308630842836216,5.000000000000006,40,2025
2025-11-24,0.011262915711832007,5.000000000000142,37,2025
2025-11-25,0.011227294720892416,5.000000000000041,36,2025
2025-11-26,0.011168302430300694,5.000000000000011,35,2025
2025-11-27,0.011218108024945701,4.99999999999996,34,2025
2025-11-28,0.011217846779073594,5.000000000000023,33,2025
2025-12-01,-0.002916057309898995,-1.290322580645149,30,2025
2025-12-02,0.011330645293254338,4.9999999999999645,29,2025
2025-12-03,0.011373221295919778,5.000000000000003,28,2025
2025-12-04,0.011326712857233329,4.99999999999999,27,2025
2025-12-05,0.011292430825215971,4.999999999999989,26,2025
2025-12-08,0.011349392432289773,5.000000000000036,23,2025
2025-12-09,0.011343221411759141,5.0,22,2025
2025-12-10,0.011421901263046513,4.99999999999999,21,2025
2025-12-11,0.011383389010944045,4.999999999999989,20,2025
2025-12-12,0.011427302505586101,5.000000000000023,19,2025
2025-12-15,0.011489471202466378,4.999999999999975,16,2025
2025-12-16,0.011473220577531362,4.9999999999999885,15,2025
2025-12-17,-0.0050319864138276115,-2.1875000000000075,14,2025
2025-12-18,0.01156124833075158,5.000000000000003,13,2025
2025-12-19,0.011585690730872466,5.000000000000016,12,2025
2025-12-22,0.011588252225700054,5.000000000000003,9,2025
2025-12-23,0.011595071083018325,4.999999999999998,8,2025
2025-12-24,,,7,2025
2025-12-25,,,6,2025
2025-12-26,,,5,2025
2025-12-29,,,2,2025
2025-12-30,,,1,2025
2025-12-31,,,0,2025
2026-01-01,0.011644304237165122,4.9999999999997895,364,2026
2026-01-02,0.011603037256214775,4.999999999999657,363,2026
2026-01-05,0.01161215870176597,5.000000000000171,360,2026
2026-01-06,0.011637146654945585,5.000000000000371,359,2026
2026-01-07,0.011595803267418908,5.000000000000259,358,2026
2026-01-08,0.011629072164600934,5.000000000000067,357,2026
2026-01-09,0.011645651850495944,4.999999999999889,356,2026
2026-01-12,0.011667833642064883,5.000000000000084,353,2026
2026-01-13,0.011696871529471936,4.999999999999998,352,2026
2026-01-14,0.011691543180252333,5.0000000000004485,351,2026
2026-01-15,0.011694231495732052,5.000000000000303,350,2026
2026-01-16,0.011620054706394337,4.999999999999853,349,2026
2026-01-19,0.011609752934565322,5.000000000000174,346,2026
2026-01-20,0.011644340649459517,4.999999999999415,345,2026
2026-01-21,0.011622229382864599,4.999999999999726,344,2026
2026-01-22,0.011589862880328053,4.9999999999999005,343,2026
2026-01-23,0.011567275793987114,4.999999999999389,342,2026
2026-01-26,0.011523025586095484,4.999999999999977,339,2026
2026-01-27,0.011524826709748533,4.999999999999897,338,2026
2026-01-28,0.011534438007914503,4.999999999999727,337,2026
2026-01-29,0.011481102216007642,4.999999999999598,336,2026
2026-01-30,0.011524392571631285,4.999999999999699,335,2026
2026-02-02,0.011543253872752873,5.000000000000073,332,2026
2026-02-03,0.011539814929126174,5.000000000000118,331,2026
2026-02-04,0.011574638224506245,4.999999999999734,330,2026
2026-02-05,0.011525003163328454,4.999999999999771,329,2026
2026-02-06,0.011579070790594302,4.999999999999919,328,2026
2026-02-09,0.011652667888729873,4.999999999999832,325,2026
2026-02-10,0.011676635015785052,4.99999999999993,324,2026
2026-02-11,0.011710296770805387,5.000000000000189,323,2026
2026-02-12,0.011724676131908127,5.000000000000219,322,2026
2026-02-13,0.011726409207745286,4.999999999999961,321,2026
2026-02-16,0.011784708210551463,5.000000000000054,318,2026
2026-02-17,0.011811264890185705,4.999999999999956,317,2026
2026-02-18,0.01185213926755007,5.000000000000352,316,2026
2026-02-19,0.01183336106717213,5.000000000000195,315,2026
2026-02-20,0.011955832202834853,4.999999999999909,314,2026
2026-02-23,0.011905791235589061,5.000000000000191,311,2026
2026-02-24,0.011970059529757042,5.000000000000138,310,2026
2026-02-25,0.011947205265736803,4.9999999999999005,309,2026
2026-02-26,0.01192509173859331,5.000000000000422,308,2026
2026-02-27,0.011944311395085574,4.999999999999901,307,2026
2026-03-02,0.011967993462991433,4.999999999999885,304,2026
2026-03-03,0.011939816370219979,4.999999999999956,303,2026
2026-03-04,0.011935456564997317,4.999999999999857,302,2026
2026-03-05,0.011948713598168667,5.000000000000306,301,2026
2026-03-06,0.011947107838045729,5.000000000000174,300,2026
2026-03-09,0.011903957897311294,5.000000000000236,297,2026
2026-03-10,0.0118199406759298,4.999999999999984,296,2026
2026-03-11,0.011862368115165466,4.999999999999912,295,2026
2026-03-12,0.011912368494337494,5.000000000000001,294,2026
2026-03-13,0.011910375625537255,5.000000000000016,293,2026
2026-03-16,0.011823531109537475,4.99999999999996,290,2026
2026-03-17,0.011743175843428044,5.000000000000232,289,2026
2026-03-18,0.011786582772561102,4.999999999999716,288,2026
2026-03-19,0.01184991080274514,5.0000000000002265,287,2026
2026-03-20,0.011882580130875321,4.999999999999749,286,2026
2026-03-23,0.011849749854158771,4.9999999999994955,283,2026
2026-03-24,0.01190529896084308,4.999999999999908,282,2026
2026-03-25,0.01182996250151519,5.0000000000001386,281,2026
2026-03-26,0.01184694221795373,4.9999999999999005,280,2026
2026-03-27,0.01181362587951651,4.999999999999592,279,2026
2026-03-30,0.011777801829404577,4.999999999999866,276,2026
2026-03-31,0.011740742508539181,4.999999999999961,275,2026
2026-04-01,0.011744402477284137,5.000000000000241,274,2026
2026-04-02,-0.005786575412924015,-2.4728260869561995,273,2026
2026-04-03,0.011757833767781107,5.000000000000025,272,2026
2026-04-06,0.01171295966418978,5.000000000000315,269,2026
2026-04-07,0.011656066377462549,4.999999999999946,268,2026
2026-04-08,0.01163350044851134,5.0000000000002265,267,2026
2026-04-09,0.01166081838011276,5.000000000000013,266,2026
2026-04-10,0.011622776637979329,4.999999999999828,265,2026
2026-04-13,0.011616951889606165,5.000000000000153,262,2026
2026-04-14,0.011608942491827673,4.999999999999607,261,2026
2026-04-15,0.011663244522855718,5.00000000000015,260,2026
2026-04-16,0.011636889531251972,5.000000000000089,259,2026
2026-04-17,0.011570366868172992,4.999999999999939,258,2026
2026-04-20,0.01151407881490376,5.0000000000000036,255,2026
2026-04-21,0.011519225992358955,4.9999999999997495,254,2026
2026-04-22,0.011580659575904866,4.99999999999984,253,2026
2026-04-23,0.011572265128427928,4.999999999999912,252,2026
2026-04-24,0.011584776771285527,5.000000000000005,251,2026
2026-04-27,0.011522562422743682,4.999999999999655,248,2026
2026-04-28,0.011493463965610354,5.000000000000304,247,2026
2026-04-29,0.011463361528640458,5.000000000000053,246,2026
2026-04-30,0.011499188928275906,4.999999999999933,245,2026
2026-05-01,0.011430845842215452,4.999999999999802,244,2026
2026-05-04,0.011401051602671085,5.0000000000001315,241,2026
2026-05-05,0.01135192183439487,5.000000000000025,240,2026
2026-05-06,0.01140315162020051,4.999999999999882,239,2026
2026-05-07,0.011421444879549212,4.999999999999871,238,2026
2026-05-08,0.011384273609338967,4.99999999999961,237,2026
2026-05-11,0.01141569385232942,4.9999999999995275,234,2026
2026-05-12,0.011300568652537315,4.999999999999758,233,2026
2026-05-13,0.01123193700120605,5.000000000000267,232,2026
2026-05-14,0.011181500018469374,4.999999999999999,231,2026
2026-05-15,0.011178387271566146,5.000000000000194,230,2026
2026-05-18,0.011177212291995357,4.999999999999893,227,2026
2026-05-19,0.011098121442298155,4.999999999999695,226,2026
2026-05-20,0.011078665333051916,4.999999999999722,225,2026
2026-05-21,0.011032710864596961,4.9999999999999964,224,2026
2026-05-22,0.011041154968534257,5.0000000000002025,223,2026
2026-05-25,0.01104807844706238,4.999999999999874,220,2026
2026-05-26,0.011049551824007822,4.999999999999768,219,2026
2026-05-27,0.011104613355283077,4.999999999999857,218,2026
2026-05-28,0.011078193838549062,4.999999999999636,217,2026
2026-05-29,0.011116247877860187,5.000000000000095,216,2026
2026-06-01,0.011056438549669314,5.00000000000012,213,2026
2026-06-02,0.011127099759560567,5.00000000000011,212,2026
2026-06-03,0.011150025628537343,5.00000000000005,211,2026
2026-06-04,0.011166399290744545,5.000000000000053,210,2026
2026-06-05,0.011189730483418215,5.000000000000109,209,2026
2026-06-08,0.011175028075465063,4.999999999999985,206,2026
2026-06-09,0.011162404798430536,5.000000000000114,205,2026
2026-06-10,0.011240224876803121,4.999999999999934,204,2026
2026-06-11,0.011283071480960374,5.000000000000332,203,2026
2026-06-12,0.011253633094461306,5.000000000000039,202,2026
2026-06-15,0.011329232578804926,5.000000000000044,199,2026
2026-06-16,0.011356146024392989,4.999999999999862,198,2026
2026-06-17,0.011312951180992294,4.999999999999833,197,2026
2026-06-18,0.01133124286800304,5.000000000000275,196,2026
2026-06-19,0.011367250750120262,5.000000000000197,195,2026
2026-06-22,0.011468415011294746,4.999999999999691,192,2026
2026-06-23,0.011436861420554237,4.99999999999954,191,2026
2026-06-24,0.011382874664933408,4.999999999999994,190,2026
2026-06-25,0.011385862471074286,5.000000000000064,189,2026
2026-06-26,0.011299648658241651,5.000000000000181,188,2026
2026-06-29,0.01126014510058545,4.999999999999637,185,2026
2026-06-30,0.011317558264128853,5.000000000000013,184,2026
2026-07-01,0.011359975030891204,4.999999999999852,183,2026
2026-07-02,-0.0018639437193599707,-0.8241758241757451,182,2026
2026-07-03,0.011308485114688814,5.00000000000018,181,2026
2026-07-06,0.011335490472388146,4.9999999999999964,178,2026
2026-07-07,0.011357006300228671,4.999999999999984,177,2026
2026-07-08,0.011369369903340542,4.999999999999931,176,2026
2026-07-09,0.011280632251574624,4.999999999999985,175,2026
2026-07-10,0.011249309488368386,4.999999999999936,174,2026
2026-07-13,0.011205996783429824,4.999999999999826,171,2026
2026-07-14,0.011335523135852319,5.000000000000058,170,2026
2026-07-15,0.01137901014588296,4.9999999999999645,169,2026
2026-07-16,0.011396200606920998,5.000000000000114,168,2026
2026-07-17,0.011464388052890954,4.999999999999994,167,2026
2026-07-20,0.01145363416269184,5.0000000000001155,164,2026
2026-07-21,0.011453691369519917,5.000000000000031,163,2026
2026-07-22,0.011488386558380411,4.99999999999983,162,2026
2026-07-23,0.01146325861229985,5.000000000000097,161,2026
2026-07-24,0.011462938374121635,5.000000000000148,160,2026
2026-07-27,0.011514509287225885,4.999999999999938,157,2026
2026-07-28,0.01150630516333918,4.999999999999927,156,2026
2026-07-29,0.01143373533880351,5.0000000000000275,155,2026
2026-07-30,0.011406446765008862,4.999999999999968,154,2026
2026-07-31,0.011464579410553899,4.9999999999999725,153,2026
2026-08-03,0.011406490276688226,4.999999999999881,150,2026
2026-08-04,0.011370838875022805,5.000000000000125,149,2026
2026-08-05,0.011378952467480594,5.0000000000000755,148,2026
2026-08-06,0.01143114224286184,4.999999999999933,147,2026
2026-08-07,0.011482330634959917,5.000000000000169,146,2026
2026-08-10,0.011509384709769335,4.999999999999987,143,2026
2026-08-11,0.011563054376669962,5.000000000000022,142,2026
2026-08-12,0.011532400400170572,5.000000000000189,141,2026
2026-08-13,0.01155460265057296,5.000000000000092,140,2026
2026-08-14,0.011543060826565543,5.000000000000081,139,2026
2026-08-17,0.011460429774248753,5.000000000000031,136,2026
2026-08-18,0.011447574192582112,4.999999999999989,135,2026
2026-08-19,0.011465057715767876,4.999999999999957,134,2026
2026-08-20,0.011390830624906471,5.000000000000152,133,2026
2026-08-21,0.011374890316421006,5.000000000000036,132,2026
2026-08-24,0.011374439937857916,5.000000000000155,129,2026
2026-08-25,0.011365170333935814,5.00000000000001,128,2026
2026-08-26,0.011378177081735347,4.999999999999939,127,2026
2026-08-27,0.011353975312397482,4.999999999999958,126,2026
2026-08-28,0.011351407998866653,4.999999999999972,125,2026
