obs_date,jump_pts,jump_ann_pct,days_to_turn,year
2016-08-29,3.247189163737765,7.99999999999997,124,2016
2016-08-30,3.250029578313858,7.999999999999931,123,2016
2016-08-31,3.2541556126545554,8.000000000000055,122,2016
2016-09-01,3.2729699008715207,8.000000000000256,121,2016
2016-09-02,3.278286422314282,8.000000000000052,120,2016
2016-09-05,3.266608415361541,8.0,117,2016
2016-09-06,3.257068499614412,8.000000000000137,116,2016
2016-09-07,3.25646636117826,8.000000000000009,115,2016
2016-09-08,3.2682223740079217,7.99999999999995,114,2016
2016-09-09,3.2701570457666533,8.000000000000025,113,2016
2016-09-12,3.2733291381536667,7.999999999999911,110,2016
2016-09-13,3.2637783295958918,8.000000000000096,109,2016
2016-09-14,3.2649698858395086,8.000000000000098,108,2016
2016-09-15,3.2647981966985773,7.99999999999996,107,2016
2016-09-16,3.2546409350252854,8.000000000000014,106,2016
2016-09-19,3.260278294661321,8.000000000000064,103,2016
2016-09-20,3.288958017024075,7.999999999999963,102,2016
2016-09-21,3.290285731132294,8.000000000000043,101,2016
2016-09-22,3.283512868084819,7.999999999999892,100,2016
2016-09-23,3.2848676464014175,8.000000000000181,99,2016
2016-09-26,3.288594606099591,8.000000000000098,96,2016
2016-09-27,3.2955308900068108,8.000000000000066,95,2016
2016-09-28,3.2973216729988906,8.00000000000001,94,2016
2016-09-29,3.2987053641567288,7.9999999999998685,93,2016
2016-09-30,3.2760744657400784,7.999999999999908,92,2016
2016-10-03,3.283981320565652,8.000000000000092,89,2016
2016-10-04,3.280876183814182,7.999999999999987,88,2016
2016-10-05,3.3150367951292727,8.000000000000023,87,2016
2016-10-06,3.330601220091318,7.999999999999924,86,2016
2016-10-07,3.339261620232203,8.000000000000039,85,2016
2016-10-10,3.3204856257606696,7.999999999999977,82,2016
2016-10-11,3.2988870894006483,8.00000000000001,81,2016
2016-10-12,3.2678329268871478,7.999999999999933,80,2016
2016-10-13,3.2490622444156236,7.999999999999945,79,2016
2016-10-14,3.2596118216749765,8.000000000000144,78,2016
2016-10-17,3.264295468018899,7.999999999999925,75,2016
2016-10-18,3.2713645870707064,8.000000000000036,74,2016
2016-10-19,3.2717126060212953,8.000000000000194,73,2016
2016-10-20,3.286512764143843,8.000000000000137,72,2016
2016-10-21,3.2764623396312307,8.000000000000137,71,2016
2016-10-24,3.2555459370600164,8.000000000000016,68,2016
2016-10-25,3.2808076581454038,7.9999999999998535,67,2016
2016-10-26,3.283468245002394,7.999999999999956,66,2016
2016-10-27,3.2947682199504347,8.000000000000052,65,2016
2016-10-28,3.2906504402940664,7.999999999999967,64,2016
2016-10-31,3.286015934702023,8.000000000000087,61,2016
2016-11-01,3.2861536750443214,7.999999999999923,60,2016
2016-11-02,3.2992285199994624,8.000000000000028,59,2016
2016-11-03,3.291372747605245,8.000000000000238,58,2016
2016-11-04,3.3033108282307397,7.999999999999973,57,2016
2016-11-07,3.2966015289889636,8.000000000000094,54,2016
2016-11-08,3.312839748471112,7.999999999999982,53,2016
2016-11-09,3.3029391892704423,8.000000000000039,52,2016
2016-11-10,3.318368623984584,8.000000000000016,51,2016
2016-11-11,3.3090364069855465,7.999999999999948,50,2016
2016-11-14,3.315167885411052,7.999999999999914,47,2016
2016-11-15,3.293964496145554,8.000000000000167,46,2016
2016-11-16,3.310449995819397,8.000000000000046,45,2016
2016-11-17,3.3436862127427993,7.999999999999872,44,2016
2016-11-18,3.3370090147644564,8.000000000000096,43,2016
2016-11-21,3.3437633888666993,8.00000000000012,40,2016
2016-11-22,3.355999966109574,8.000000000000075,39,2016
2016-11-23,3.350384116335431,8.000000000000055,38,2016
2016-11-24,3.3388507339429974,8.000000000000004,37,2016
2016-11-25,3.3314262565045905,8.000000000000028,36,2016
2016-11-28,3.324771055501943,8.00000000000012,33,2016
2016-11-29,3.321803692939924,8.000000000000025,32,2016
2016-11-30,3.331305122084837,8.000000000000048,31,2016
2016-12-01,3.3183905284594317,7.999999999999978,30,2016
2016-12-02,3.3234778866993193,8.000000000000158,29,2016
2016-12-05,3.3285017569475226,8.000000000000325,26,2016
2016-12-06,3.3313925367659025,7.9999999999999485,25,2016
2016-12-07,3.295498031416559,8.00000000000012,24,2016
2016-12-08,3.300172343549147,8.000000000000206,23,2016
2016-12-09,3.2867476930207147,8.000000000000206,22,2016
2016-12-12,3.28491384400844,8.000000000000107,19,2016
2016-12-13,3.2732463603181983,8.000000000000236,18,2016
2016-12-14,3.253278957916075,8.000000000000174,17,2016
2016-12-15,3.2483331736935757,8.000000000000119,16,2016
2016-12-16,3.253486892675247,8.00000000000012,15,2016
2016-12-19,,,12,2016
2016-12-20,,,11,2016
2016-12-21,,,10,2016
2016-12-22,,,9,2016
2016-12-23,,,8,2016
2016-12-26,,,5,2016
2016-12-27,,,4,2016
2016-12-28,,,3,2016
2016-12-29,,,2,2016
2016-12-30,,,1,2016
2017-01-02,,,363,2017
2017-01-03,,,362,2017
2017-01-04,,,361,2017
2017-01-05,,,360,2017
2017-01-06,,,359,2017
2017-01-09,,,356,2017
2017-01-10,,,355,2017
2017-01-11,,,354,2017
2017-01-12,,,353,2017
2017-01-13,,,352,2017
2017-01-16,,,349,2017
2017-01-17,,,348,2017
2017-01-18,,,347,2017
2017-01-19,,,346,2017
2017-01-20,,,345,2017
2017-01-23,,,342,2017
2017-01-24,,,341,2017
2017-01-25,,,340,2017
2017-01-26,,,339,2017
2017-01-27,,,338,2017
2017-01-30,,,335,2017
2017-01-31,,,334,2017
2017-02-01,,,333,2017
2017-02-02,,,332,2017
2017-02-03,,,331,2017
2017-02-06,,,328,2017
2017-02-07,,,327,2017
2017-02-08,,,326,2017
2017-02-09,,,325,2017
2017-02-10,,,324,2017
2017-02-13,,,321,2017
2017-02-14,,,320,2017
2017-02-15,,,319,2017
2017-02-16,,,318,2017
2017-02-17,,,317,2017
2017-02-20,,,314,2017
2017-02-21,,,313,2017
2017-02-22,,,312,2017
2017-02-23,,,311,2017
2017-02-24,,,310,2017
2017-02-27,,,307,2017
2017-02-28,,,306,2017
2017-03-01,,,305,2017
2017-03-02,,,304,2017
2017-03-03,,,303,2017
2017-03-06,,,300,2017
2017-03-07,,,299,2017
2017-03-08,,,298,2017
2017-03-09,,,297,2017
2017-03-10,,,296,2017
2017-03-13,,,293,2017
2017-03-14,,,292,2017
2017-03-15,,,291,2017
2017-03-16,,,290,2017
2017-03-17,,,289,2017
2017-03-20,,,286,2017
2017-03-21,,,285,2017
2017-03-22,,,284,2017
2017-03-23,,,283,2017
2017-03-24,,,282,2017
2017-03-27,,,279,2017
2017-03-28,,,278,2017
2017-03-29,,,277,2017
2017-03-30,,,276,2017
2017-03-31,,,275,2017
2017-04-03,3.271593373845857,7.999999999999756,272,2017
2017-04-04,3.262219917645178,7.99999999999982,271,2017
2017-04-05,3.2913730781046397,8.000000000000203,270,2017
2017-04-06,3.3116832457182492,7.999999999999863,269,2017
2017-04-07,3.324959889694646,8.000000000000004,268,2017
2017-04-10,3.3266409474076535,7.99999999999995,265,2017
2017-04-11,3.297556713837296,7.999999999999745,264,2017
2017-04-12,3.30572503700699,7.999999999999763,263,2017
2017-04-13,3.3084094132321695,8.0,262,2017
2017-04-14,3.3248354072256014,7.99999999999997,261,2017
2017-04-17,3.339447361770398,8.000000000000158,258,2017
2017-04-18,3.3285512938607207,7.999999999999803,257,2017
2017-04-19,3.326044312225965,7.999999999999899,256,2017
2017-04-20,3.3178939194312216,7.999999999999761,255,2017
2017-04-21,3.326899842822587,8.00000000000012,254,2017
2017-04-24,3.3230318577903093,7.999999999999889,251,2017
2017-04-25,3.3238685339731076,8.000000000000052,250,2017
2017-04-26,3.3290031410921213,8.000000000000195,249,2017
2017-04-27,3.325911239354871,8.000000000000055,248,2017
2017-04-28,3.3303830624717845,7.999999999999878,247,2017
2017-05-01,3.3225199331829307,8.000000000000181,244,2017
2017-05-02,3.3171130344487434,7.999999999999914,243,2017
2017-05-03,3.322745775935556,8.00000000000001,242,2017
2017-05-04,3.3272935763812037,8.00000000000008,241,2017
2017-05-05,3.331316425687922,8.00000000000017,240,2017
2017-05-08,3.338353612507899,7.999999999999926,237,2017
2017-05-09,3.33874254567635,8.000000000000403,236,2017
2017-05-10,3.3409970726727343,8.000000000000005,235,2017
2017-05-11,3.33026694688589,7.999999999999968,234,2017
2017-05-12,3.341384233000467,7.999999999999743,233,2017
2017-05-15,3.3478145017779624,8.000000000000064,230,2017
2017-05-16,3.3497418140034743,8.000000000000028,229,2017
2017-05-17,3.3259713094329877,7.999999999999792,228,2017
2017-05-18,3.3210918032375263,8.000000000000059,227,2017
2017-05-19,3.3226265364252074,8.000000000000012,226,2017
2017-05-22,3.3234345145469315,7.999999999999993,223,2017
2017-05-23,3.3238308866732673,7.999999999999946,222,2017
2017-05-24,3.3282673018513167,7.999999999999541,221,2017
2017-05-25,3.330036448873554,7.999999999999736,220,2017
2017-05-26,3.3452168590178295,8.000000000000156,219,2017
2017-05-29,3.337817652127525,7.9999999999998685,216,2017
2017-05-30,3.3358477976708993,8.000000000000085,215,2017
2017-05-31,3.3544652966407993,7.999999999999988,214,2017
2017-06-01,3.3539129203714664,7.9999999999998215,213,2017
2017-06-02,3.3468591588251617,7.999999999999857,212,2017
2017-06-05,3.3479161373097015,8.000000000000032,209,2017
2017-06-06,3.3477609533901025,7.999999999999859,208,2017
2017-06-07,3.3496627324740595,7.999999999999989,207,2017
2017-06-08,3.354756078473804,8.000000000000176,206,2017
2017-06-09,3.3593079906580137,8.000000000000108,205,2017
2017-06-12,3.371648523938547,7.999999999999973,202,2017
2017-06-13,3.383948317483668,7.999999999999898,201,2017
2017-06-14,3.3796379814322712,7.9999999999999964,200,2017
2017-06-15,3.3884054765629075,7.999999999999828,199,2017
2017-06-16,3.376436810258409,7.999999999999667,198,2017
2017-06-19,3.3585562070942845,7.999999999999921,195,2017
2017-06-20,3.3702783839228125,8.000000000000016,194,2017
2017-06-21,3.3664864159367767,8.00000000000013,193,2017
2017-06-22,3.366805197566458,8.000000000000176,192,2017
2017-06-23,3.3637399198910383,7.9999999999999405,191,2017
2017-06-26,3.3573150612076255,7.999999999999999,188,2017
2017-06-27,3.3701240191766857,7.999999999999793,187,2017
2017-06-28,3.366553862544472,7.999999999999812,186,2017
2017-06-29,3.3616038085876747,7.999999999999628,185,2017
2017-06-30,3.377063606664749,8.000000000000094,184,2017
2017-07-03,3.4007487222748543,7.999999999999918,181,2017
2017-07-04,3.3991977337640793,7.999999999999894,180,2017
2017-07-05,3.406165250196817,8.000000000000082,179,2017
2017-07-06,3.3932520839724236,7.999999999999955,178,2017
2017-07-07,3.4056437658112007,7.999999999999943,177,2017
2017-07-10,3.3942415381377584,7.9999999999998055,174,2017
2017-07-11,3.409298910377063,8.000000000000055,173,2017
2017-07-12,3.4197486300607576,7.9999999999999405,172,2017
2017-07-13,3.4338478390589944,8.000000000000027,171,2017
2017-07-14,3.459731687969965,8.000000000000048,170,2017
2017-07-17,3.470258272882084,7.9999999999998685,167,2017
2017-07-18,3.4826232173566463,8.000000000000167,166,2017
2017-07-19,3.48928888392534,7.999999999999682,165,2017
2017-07-20,3.4962405122501976,8.000000000000004,164,2017
2017-07-21,3.477956986834398,7.999999999999933,163,2017
2017-07-24,3.472247281285701,7.999999999999975,160,2017
2017-07-25,3.453454642329429,7.999999999999987,159,2017
2017-07-26,3.444208617904768,8.000000000000124,158,2017
2017-07-27,3.429490231937599,7.999999999999879,157,2017
2017-07-28,3.4462686799715705,8.000000000000075,156,2017
2017-07-31,3.461216106589035,7.999999999999908,153,2017
2017-08-01,3.4752355249151594,8.000000000000066,152,2017
2017-08-02,3.4812213201917133,7.9999999999998765,151,2017
2017-08-03,3.468279013173688,7.999999999999982,150,2017
2017-08-04,3.480633949910001,8.00000000000001,149,2017
2017-08-07,3.4557856694132494,7.999999999999983,146,2017
2017-08-08,3.4352481909800976,7.999999999999893,145,2017
2017-08-09,3.4585748909345075,8.00000000000016,144,2017
2017-08-10,3.451288858212684,7.9999999999998375,143,2017
2017-08-11,3.433351806358986,8.000000000000027,142,2017
2017-08-14,3.41628991960224,7.999999999999968,139,2017
2017-08-15,3.4079256233599904,7.999999999999906,138,2017
2017-08-16,3.4183949620634433,7.999999999999916,137,2017
2017-08-17,3.413788749617945,8.00000000000015,136,2017
2017-08-18,3.445118956166478,8.000000000000025,135,2017
2017-08-21,3.436731726938808,8.000000000000055,132,2017
2017-08-22,3.456136469014746,7.999999999999756,131,2017
2017-08-23,3.4628976255609696,7.999999999999802,130,2017
2017-08-24,3.4619877510630075,8.000000000000053,129,2017
2017-08-25,3.459933568896616,7.999999999999751,128,2017
2017-08-28,3.466885543807361,8.000000000000073,125,2017
2017-08-29,3.463269553368482,7.99999999999995,124,2017
2017-08-30,3.4618444647172386,8.000000000000252,123,2017
2017-08-31,3.466670005991251,7.9999999999999485,122,2017
2017-09-01,3.469259449041815,7.999999999999881,121,2017
2017-09-04,3.4588574349968733,7.9999999999999964,118,2017
2017-09-05,3.4461066176600674,8.000000000000082,117,2017
2017-09-06,3.4447087352460377,7.999999999999921,116,2017
2017-09-07,3.442871981776534,8.000000000000163,115,2017
2017-09-08,3.4320034463755213,8.000000000000087,114,2017
2017-09-11,3.4332722303394143,7.999999999999864,111,2017
2017-09-12,3.4308242135464315,7.9999999999999405,110,2017
2017-09-13,3.4342921751857722,8.000000000000014,109,2017
2017-09-14,3.4221601020476524,7.999999999999857,108,2017
2017-09-15,3.4346616464647886,8.000000000000005,107,2017
2017-09-18,3.4234122175071056,7.999999999999874,104,2017
2017-09-19,3.4128252560012413,8.000000000000068,103,2017
2017-09-20,3.3930801951409735,8.000000000000087,102,2017
2017-09-21,3.3840689341261236,8.000000000000036,101,2017
2017-09-22,3.373273040427951,7.999999999999923,100,2017
2017-09-25,3.362028817266877,8.00000000000022,97,2017
2017-09-26,3.3743086441678094,7.999999999999985,96,2017
2017-09-27,3.3599712137198585,7.999999999999943,95,2017
2017-09-28,3.3787105302793727,8.000000000000055,94,2017
2017-09-29,3.3728866253395173,8.00000000000024,93,2017
2017-10-02,3.371521774093772,7.999999999999943,90,2017
2017-10-03,3.358061589149957,8.000000000000156,89,2017
2017-10-04,3.369995799115165,7.999999999999983,88,2017
2017-10-05,3.3581913942353556,8.000000000000018,87,2017
2017-10-06,3.3489443937111303,7.999999999999894,86,2017
2017-10-09,3.3559323465690225,8.000000000000089,83,2017
2017-10-10,3.3480535534771603,8.000000000000016,82,2017
2017-10-11,3.3644333815360548,8.000000000000004,81,2017
2017-10-12,3.366840105799298,8.000000000000258,80,2017
2017-10-13,3.370848649413107,8.000000000000057,79,2017
2017-10-16,3.3901374385490954,7.9999999999999964,76,2017
2017-10-17,3.4004691303956625,8.000000000000139,75,2017
2017-10-18,3.3777936795835033,8.000000000000028,74,2017
2017-10-19,3.3749956686888924,8.000000000000021,73,2017
2017-10-20,3.3755192666631397,8.000000000000107,72,2017
2017-10-23,3.398826405367395,8.000000000000105,69,2017
2017-10-24,3.406616271050666,8.000000000000007,68,2017
2017-10-25,3.4175560399898908,8.00000000000027,67,2017
2017-10-26,3.402030583926684,8.000000000000076,66,2017
2017-10-27,3.4071343805983303,7.999999999999983,65,2017
2017-10-30,3.4039546740797517,8.000000000000144,62,2017
2017-10-31,3.4025655139059405,8.00000000000008,61,2017
2017-11-01,3.4246449240169445,8.000000000000076,60,2017
2017-11-02,3.4262223707280723,8.000000000000036,59,2017
2017-11-03,3.4477136978649803,8.00000000000017,58,2017
2017-11-06,3.462338568064664,8.0000000000001,55,2017
2017-11-07,3.481467633046229,8.00000000000027,54,2017
2017-11-08,3.4858613752846903,8.000000000000117,53,2017
2017-11-09,3.490079078516298,8.000000000000103,52,2017
2017-11-10,3.536864331220227,7.999999999999982,51,2017
2017-11-13,3.5342416695192593,7.999999999999977,48,2017
2017-11-14,3.5365946156542427,7.999999999999924,47,2017
2017-11-15,3.5153490491512303,8.00000000000001,46,2017
2017-11-16,3.511612440925067,8.000000000000107,45,2017
2017-11-17,3.5253970928948717,7.9999999999999405,44,2017
2017-11-20,3.5170055445099777,7.999999999999978,41,2017
2017-11-21,3.5492448420593545,8.000000000000078,40,2017
2017-11-22,3.540956197073022,8.000000000000071,39,2017
2017-11-23,3.559302319535791,8.000000000000206,38,2017
2017-11-24,3.561874068220577,8.000000000000016,37,2017
2017-11-27,3.552688606818645,7.999999999999982,34,2017
2017-11-28,3.5475638276337,8.000000000000291,33,2017
2017-11-29,3.5588752005709914,8.000000000000085,32,2017
2017-11-30,3.5581494319222173,8.0000000000001,31,2017
2017-12-01,3.5706461777914917,8.000000000000112,30,2017
2017-12-04,3.551801984001665,8.000000000000044,27,2017
2017-12-05,3.5472892067353317,8.00000000000009,26,2017
2017-12-06,3.545776444158065,8.000000000000112,25,2017
2017-12-07,3.5556761679844615,8.000000000000144,24,2017
2017-12-08,3.5249454544763004,8.000000000000263,23,2017
2017-12-11,3.52553105247872,8.000000000000103,20,2017
2017-12-12,3.5361069559594145,8.00000000000027,19,2017
2017-12-13,3.552481613039494,8.00000000000009,18,2017
2017-12-14,3.5564779287837935,8.000000000000172,17,2017
2017-12-15,3.5628351404463654,8.000000000000052,16,2017
2017-12-18,,,13,2017
2017-12-19,,,12,2017
2017-12-20,,,11,2017
2017-12-21,,,10,2017
2017-12-22,,,9,2017
2017-12-25,,,6,2017
2017-12-26,,,5,2017
2017-12-27,,,4,2017
2017-12-28,,,3,2017
2017-12-29,,,2,2017
2018-01-01,,,364,2018
2018-01-02,,,363,2018
2018-01-03,,,362,2018
2018-01-04,,,361,2018
2018-01-05,,,360,2018
2018-01-08,,,357,2018
2018-01-09,,,356,2018
2018-01-10,,,355,2018
2018-01-11,,,354,2018
2018-01-12,,,353,2018
2018-01-15,,,350,2018
2018-01-16,,,349,2018
2018-01-17,,,348,2018
2018-01-18,,,347,2018
2018-01-19,,,346,2018
2018-01-22,,,343,2018
2018-01-23,,,342,2018
2018-01-24,,,341,2018
2018-01-25,,,340,2018
2018-01-26,,,339,2018
2018-01-29,,,336,2018
2018-01-30,,,335,2018
2018-01-31,,,334,2018
2018-02-01,,,333,2018
2018-02-02,,,332,2018
2018-02-05,,,329,2018
2018-02-06,,,328,2018
2018-02-07,,,327,2018
2018-02-08,,,326,2018
2018-02-09,,,325,2018
2018-02-12,,,322,2018
2018-02-13,,,321,2018
2018-02-14,,,320,2018
2018-02-15,,,319,2018
2018-02-16,,,318,2018
2018-02-19,,,315,2018
2018-02-20,,,314,2018
2018-02-21,,,313,2018
2018-02-22,,,312,2018
2018-02-23,,,311,2018
2018-02-26,,,308,2018
2018-02-27,,,307,2018
2018-02-28,,,306,2018
2018-03-01,,,305,2018
2018-03-02,,,304,2018
2018-03-05,,,301,2018
2018-03-06,,,300,2018
2018-03-07,,,299,2018
2018-03-08,,,298,2018
2018-03-09,,,297,2018
2018-03-12,,,294,2018
2018-03-13,,,293,2018
2018-03-14,,,292,2018
2018-03-15,,,291,2018
2018-03-16,,,290,2018
2018-03-19,,,287,2018
2018-03-20,,,286,2018
2018-03-21,,,285,2018
2018-03-22,,,284,2018
2018-03-23,,,283,2018
2018-03-26,,,280,2018
2018-03-27,,,279,2018
2018-03-28,,,278,2018
2018-03-29,,,277,2018
2018-03-30,,,276,2018
2018-04-02,,,273,2018
2018-04-03,3.671559055304932,8.000000000000044,272,2018
2018-04-04,3.6649255577217397,8.0000000000001,271,2018
2018-04-05,3.636456674930124,7.999999999999957,270,2018
2018-04-06,3.6480621963487136,7.999999999999888,269,2018
2018-04-09,3.6237368661853484,8.000000000000046,266,2018
2018-04-10,3.6291904223650353,8.0000000000002,265,2018
2018-04-11,3.6353287145010946,7.999999999999319,264,2018
2018-04-12,3.6626280138417706,8.00000000000021,263,2018
2018-04-13,3.670712752061388,8.00000000000022,262,2018
2018-04-16,3.684670758839102,7.999999999999953,259,2018
2018-04-17,3.678912230687226,8.000000000000137,258,2018
2018-04-18,3.675803908685549,8.000000000000163,257,2018
2018-04-19,3.6687093877670716,7.999999999999763,256,2018
2018-04-20,3.6756424219952453,8.000000000000203,255,2018
2018-04-23,3.678478130798622,8.000000000000101,252,2018
2018-04-24,3.694003220904562,7.99999999999995,251,2018
2018-04-25,3.691653486830819,8.00000000000021,250,2018
2018-04-26,3.695574286794773,8.000000000000144,249,2018
2018-04-27,3.678267471358817,7.999999999999888,248,2018
2018-04-30,3.6802479909482715,7.999999999999748,245,2018
2018-05-01,3.672245280223488,7.999999999999913,244,2018
2018-05-02,3.6711144774810625,7.999999999999796,243,2018
2018-05-03,3.6419512666037517,7.999999999999758,242,2018
2018-05-04,3.6599233229747443,7.99999999999996,241,2018
2018-05-07,3.6326208159882767,7.999999999999671,238,2018
2018-05-08,3.609159308201385,8.00000000000014,237,2018
2018-05-09,3.582401831726468,8.000000000000007,236,2018
2018-05-10,3.5926352815327562,8.00000000000019,235,2018
2018-05-11,3.6027537759892225,7.9999999999998055,234,2018
2018-05-14,3.618228903236248,8.000000000000096,231,2018
2018-05-15,3.624736960989332,7.999999999999884,230,2018
2018-05-16,3.6162482964694465,7.99999999999972,229,2018
2018-05-17,3.603294147419767,7.99999999999981,228,2018
2018-05-18,3.6014146637176885,7.999999999999758,227,2018
2018-05-21,3.615430143879282,8.000000000000275,224,2018
2018-05-22,3.6220178016184095,8.000000000000304,223,2018
2018-05-23,3.6164644325757753,7.999999999999926,222,2018
2018-05-24,3.656963255893063,7.999999999999921,221,2018
2018-05-25,3.666924539736523,7.999999999999703,220,2018
2018-05-28,3.644242667491437,7.999999999999698,217,2018
2018-05-29,3.644973950222014,7.999999999999825,216,2018
2018-05-30,3.6339904768303546,8.000000000000085,215,2018
2018-05-31,3.63357518083418,8.00000000000015,214,2018
2018-06-01,3.6300201276913793,7.999999999999874,213,2018
2018-06-04,3.641659890586989,7.999999999999898,210,2018
2018-06-05,3.6567608239917635,8.000000000000384,209,2018
2018-06-06,3.656972072967292,7.9999999999998,208,2018
2018-06-07,3.655467382906124,7.999999999999819,207,2018
2018-06-08,3.648466825091331,8.000000000000009,206,2018
2018-06-11,3.642078548037874,7.999999999999618,203,2018
2018-06-12,3.6347244305858912,8.000000000000153,202,2018
2018-06-13,3.615423845197235,8.000000000000307,201,2018
2018-06-14,3.612093732389893,7.9999999999996785,200,2018
2018-06-15,3.647066885989627,7.999999999999906,199,2018
2018-06-18,3.619819262900275,8.000000000000016,196,2018
2018-06-19,3.634818369572213,7.999999999999735,195,2018
2018-06-20,3.644165374702234,8.000000000000087,194,2018
2018-06-21,3.622961575340992,7.99999999999992,193,2018
2018-06-22,3.63344026540682,7.999999999999863,192,2018
2018-06-25,3.6294240969984077,8.000000000000021,189,2018
2018-06-26,3.6581055893581342,8.00000000000008,188,2018
2018-06-27,3.635430799899883,7.999999999999967,187,2018
2018-06-28,3.6501093063208723,7.999999999999765,186,2018
2018-06-29,3.624764515546014,7.999999999999874,185,2018
2018-07-02,3.6432883975695662,7.999999999999696,182,2018
2018-07-03,3.64062202085354,8.000000000000034,181,2018
2018-07-04,3.6192146246640866,7.999999999999926,180,2018
2018-07-05,3.6362129342047353,7.999999999999793,179,2018
2018-07-06,3.611183864008197,7.9999999999998614,178,2018
2018-07-09,3.6080322769787685,8.00000000000024,175,2018
2018-07-10,3.6169469372497205,8.000000000000208,174,2018
2018-07-11,3.6256887981610593,7.999999999999923,173,2018
2018-07-12,3.65307558892981,8.000000000000023,172,2018
2018-07-13,3.6341977205447393,7.999999999999854,171,2018
2018-07-16,3.6383343370749963,8.000000000000075,168,2018
2018-07-17,3.6290999887032678,7.9999999999999645,167,2018
2018-07-18,3.6320552851111128,7.999999999999939,166,2018
2018-07-19,3.6035224620826014,8.00000000000019,165,2018
2018-07-20,3.5988250139576086,8.000000000000039,164,2018
2018-07-23,3.607101672975217,7.99999999999995,161,2018
2018-07-24,3.6422045050286047,7.999999999999882,160,2018
2018-07-25,3.6332282028826617,8.000000000000101,159,2018
2018-07-26,3.614232817412789,7.999999999999894,158,2018
2018-07-27,3.6092067239818157,7.999999999999997,157,2018
2018-07-30,3.6043843888346228,8.000000000000052,154,2018
2018-07-31,3.5989039210530733,8.000000000000059,153,2018
2018-08-01,3.6036326564051055,8.000000000000187,152,2018
2018-08-02,3.6133869852080442,8.000000000000068,151,2018
2018-08-03,3.5949025710978164,8.000000000000032,150,2018
2018-08-06,3.599516046537356,7.999999999999867,147,2018
2018-08-07,3.601108920498564,7.999999999999822,146,2018
2018-08-08,3.605695911881853,7.999999999999987,145,2018
2018-08-09,3.6083395544320767,8.000000000000183,144,2018
2018-08-10,3.5902072604962236,7.999999999999878,143,2018
2018-08-13,3.5817821570022006,8.000000000000075,140,2018
2018-08-14,3.5774728814958814,7.999999999999706,139,2018
2018-08-15,3.60149286966129,7.999999999999854,138,2018
2018-08-16,3.6223421758629484,7.999999999999987,137,2018
2018-08-17,3.634435946358977,7.9999999999999405,136,2018
2018-08-20,3.646921240459143,7.999999999999884,133,2018
2018-08-21,3.621240656893032,7.999999999999967,132,2018
2018-08-22,3.626236408838961,8.000000000000046,131,2018
2018-08-23,3.631289816324256,7.999999999999931,130,2018
2018-08-24,3.644886756108414,7.999999999999886,129,2018
2018-08-27,3.625705236360453,7.999999999999888,126,2018
2018-08-28,3.632839279165833,7.999999999999792,125,2018
2018-08-29,3.6489997668610643,8.000000000000028,124,2018
2018-08-30,3.606146512253208,7.999999999999846,123,2018
2018-08-31,3.588631497869736,8.000000000000068,122,2018
2018-09-03,3.5925036399481187,8.000000000000124,119,2018
2018-09-04,3.5977884894501435,8.000000000000087,118,2018
2018-09-05,3.6077169701011993,7.9999999999999645,117,2018
2018-09-06,3.619830354557334,7.999999999999904,116,2018
2018-09-07,3.618162888355508,8.000000000000147,115,2018
2018-09-10,3.6172666642212445,8.00000000000004,112,2018
2018-09-11,3.615229856446862,7.999999999999874,111,2018
2018-09-12,3.625778245355643,8.000000000000131,110,2018
2018-09-13,3.6248987908252444,8.000000000000025,109,2018
2018-09-14,3.61244150440038,8.000000000000028,108,2018
2018-09-17,3.619932331414407,8.000000000000025,105,2018
2018-09-18,3.63538186968028,7.999999999999983,104,2018
2018-09-19,3.611438321363772,7.99999999999984,103,2018
2018-09-20,3.6030321575374304,8.000000000000078,102,2018
2018-09-21,3.6097039931886616,7.9999999999999405,101,2018
2018-09-24,3.6031384485622855,8.000000000000076,98,2018
2018-09-25,3.5957238062408217,8.000000000000016,97,2018
2018-09-26,3.5896855319347307,7.999999999999982,96,2018
2018-09-27,3.567049959619492,7.999999999999892,95,2018
2018-09-28,3.578449294121264,7.999999999999993,94,2018
2018-10-01,3.568613260476925,8.00000000000023,91,2018
2018-10-02,3.5709286388982746,8.000000000000012,90,2018
2018-10-03,3.585030849476215,8.000000000000005,89,2018
2018-10-04,3.584599284363758,8.000000000000068,88,2018
2018-10-05,3.623191052165398,7.99999999999991,87,2018
2018-10-08,3.6323193619209904,8.000000000000014,84,2018
2018-10-09,3.6323860037189903,7.999999999999904,83,2018
2018-10-10,3.6346043651487716,7.99999999999997,82,2018
2018-10-11,3.642061173944019,8.000000000000103,81,2018
2018-10-12,3.620416777598697,8.000000000000098,80,2018
2018-10-15,3.632385225782072,7.99999999999991,77,2018
2018-10-16,3.6589435238672636,8.000000000000053,76,2018
2018-10-17,3.665826361421047,7.999999999999942,75,2018
2018-10-18,3.661426128275871,7.9999999999999005,74,2018
2018-10-19,3.6665853154918038,7.999999999999931,73,2018
2018-10-22,3.6671676595047686,7.999999999999985,70,2018
2018-10-23,3.6523151831713356,8.000000000000023,69,2018
2018-10-24,3.640522290602563,8.000000000000085,68,2018
2018-10-25,3.64789414534492,7.999999999999961,67,2018
2018-10-26,3.642779034091556,7.99999999999998,66,2018
2018-10-29,3.63710319264453,8.000000000000087,63,2018
2018-10-30,3.643071884567668,7.999999999999999,62,2018
2018-10-31,3.6307546649201217,8.00000000000006,61,2018
2018-11-01,3.6394907790783866,8.000000000000194,60,2018
2018-11-02,3.62451394972586,8.000000000000068,59,2018
2018-11-05,3.6087319463469445,8.000000000000247,56,2018
2018-11-06,3.6097907807097775,8.000000000000004,55,2018
2018-11-07,3.624372966881168,8.000000000000249,54,2018
2018-11-08,3.6362868989614903,8.000000000000048,53,2018
2018-11-09,3.612933595454841,8.00000000000015,52,2018
2018-11-12,3.6127815163954025,8.0000000000001,49,2018
2018-11-13,3.611573577729128,8.00000000000018,48,2018
2018-11-14,3.6042213164897676,8.000000000000039,47,2018
2018-11-15,3.6055697653873504,8.000000000000083,46,2018
2018-11-16,3.615736844181126,8.000000000000194,45,2018
2018-11-19,3.61779336660551,8.000000000000098,42,2018
2018-11-20,3.6237988922653446,8.000000000000107,41,2018
2018-11-21,3.62817314827205,8.000000000000066,40,2018
2018-11-22,3.627344709043288,8.000000000000039,39,2018
2018-11-23,3.6230586464988006,8.000000000000068,38,2018
2018-11-26,3.6178515832275115,8.000000000000119,35,2018
2018-11-27,3.6252715854273374,8.000000000000242,34,2018
2018-11-28,3.6210309849710307,7.999999999999867,33,2018
2018-11-29,3.5770547735657026,8.000000000000107,32,2018
2018-11-30,3.566354809233334,8.000000000000156,31,2018
2018-12-03,3.5758432138127687,8.000000000000398,28,2018
2018-12-04,3.5752766402952645,8.00000000000015,27,2018
2018-12-05,3.576573580578383,8.00000000000017,26,2018
2018-12-06,3.5872589394784513,8.000000000000043,25,2018
2018-12-07,3.5848580256254565,8.000000000000156,24,2018
2018-12-10,3.585852698122183,8.000000000000112,21,2018
2018-12-11,3.5734659993430564,8.000000000000071,20,2018
2018-12-12,3.601534497712745,8.000000000000156,19,2018
2018-12-13,3.593182487914972,8.000000000000341,18,2018
2018-12-14,3.583744070507828,8.000000000000195,17,2018
2018-12-17,3.5552664299904264,8.000000000000092,14,2018
2018-12-18,,,13,2018
2018-12-19,,,12,2018
2018-12-20,,,11,2018
2018-12-21,,,10,2018
2018-12-24,,,7,2018
2018-12-25,,,6,2018
2018-12-26,,,5,2018
2018-12-27,,,4,2018
2018-12-28,,,3,2018
2018-12-31,,,0,2018
2019-01-01,,,364,2019
2019-01-02,,,363,2019
2019-01-03,,,362,2019
2019-01-04,,,361,2019
2019-01-07,,,358,2019
2019-01-08,,,357,2019
2019-01-09,,,356,2019
2019-01-10,,,355,2019
2019-01-11,,,354,2019
2019-01-14,,,351,2019
2019-01-15,,,350,2019
2019-01-16,,,349,2019
2019-01-17,,,348,2019
2019-01-18,,,347,2019
2019-01-21,,,344,2019
2019-01-22,,,343,2019
2019-01-23,,,342,2019
2019-01-24,,,341,2019
2019-01-25,,,340,2019
2019-01-28,,,337,2019
2019-01-29,,,336,2019
2019-01-30,,,335,2019
2019-01-31,,,334,2019
2019-02-01,,,333,2019
2019-02-04,,,330,2019
2019-02-05,,,329,2019
2019-02-06,,,328,2019
2019-02-07,,,327,2019
2019-02-08,,,326,2019
2019-02-11,,,323,2019
2019-02-12,,,322,2019
2019-02-13,,,321,2019
2019-02-14,,,320,2019
2019-02-15,,,319,2019
2019-02-18,,,316,2019
2019-02-19,,,315,2019
2019-02-20,,,314,2019
2019-02-21,,,313,2019
2019-02-22,,,312,2019
2019-02-25,,,309,2019
2019-02-26,,,308,2019
2019-02-27,,,307,2019
2019-02-28,,,306,2019
2019-03-01,,,305,2019
2019-03-04,,,302,2019
2019-03-05,,,301,2019
2019-03-06,,,300,2019
2019-03-07,,,299,2019
2019-03-08,,,298,2019
2019-03-11,,,295,2019
2019-03-12,,,294,2019
2019-03-13,,,293,2019
2019-03-14,,,292,2019
2019-03-15,,,291,2019
2019-03-18,,,288,2019
2019-03-19,,,287,2019
2019-03-20,,,286,2019
2019-03-21,,,285,2019
2019-03-22,,,284,2019
2019-03-25,,,281,2019
2019-03-26,,,280,2019
2019-03-27,,,279,2019
2019-03-28,,,278,2019
2019-03-29,,,277,2019
2019-04-01,,,274,2019
2019-04-02,,,273,2019
2019-04-03,3.537794278315023,7.999999999999825,272,2019
2019-04-04,3.535732020632563,7.9999999999997655,271,2019
2019-04-05,3.523580629520262,7.999999999999926,270,2019
2019-04-08,3.52608765561513,7.999999999999977,267,2019
2019-04-09,3.508684925459722,8.000000000000098,266,2019
2019-04-10,3.5306629742050335,7.999999999999965,265,2019
2019-04-11,3.537046051058107,7.99999999999998,264,2019
2019-04-12,3.539905933986593,8.000000000000172,263,2019
2019-04-15,3.5333739630031884,8.000000000000167,260,2019
2019-04-16,3.5135089865545996,7.999999999999957,259,2019
2019-04-17,3.5009729358421047,7.999999999999977,258,2019
2019-04-18,3.5018602612323457,8.000000000000043,257,2019
2019-04-19,3.4838026827915347,7.999999999999607,256,2019
2019-04-22,3.501596454117743,8.000000000000075,253,2019
2019-04-23,3.5054693622519233,8.000000000000203,252,2019
2019-04-24,3.497038713836327,8.000000000000048,251,2019
2019-04-25,3.475534386924898,8.000000000000137,250,2019
2019-04-26,3.4771562462387178,7.999999999999906,249,2019
2019-04-29,3.4908559446382093,8.000000000000105,246,2019
2019-04-30,3.491543993394793,7.9999999999999005,245,2019
2019-05-01,3.505292922817806,7.999999999999671,244,2019
2019-05-02,3.5094662573144824,8.000000000000105,243,2019
2019-05-03,3.50328770526275,8.000000000000087,242,2019
2019-05-06,3.4821526501229023,7.999999999999694,239,2019
2019-05-07,3.5017138479541114,7.999999999999872,238,2019
2019-05-08,3.485391470686513,7.999999999999864,237,2019
2019-05-09,3.4848233972098037,7.999999999999989,236,2019
2019-05-10,3.4803550951284423,8.000000000000066,235,2019
2019-05-13,3.499747655350526,7.999999999999815,232,2019
2019-05-14,3.499164737482368,7.999999999999967,231,2019
2019-05-15,3.489533106611739,7.999999999999739,230,2019
2019-05-16,3.4909372198879933,8.000000000000126,229,2019
2019-05-17,3.4952684350884753,7.999999999999891,228,2019
2019-05-20,3.508431612839395,7.999999999999904,225,2019
2019-05-21,3.514004600540123,7.999999999999872,224,2019
2019-05-22,3.5020647101479354,8.000000000000224,223,2019
2019-05-23,3.5092029252930215,8.00000000000007,222,2019
2019-05-24,3.48807747381182,8.000000000000147,221,2019
2019-05-27,3.4866157922850203,8.0000000000001,218,2019
2019-05-28,3.4652923046222117,7.999999999999967,217,2019
2019-05-29,3.46014685992067,8.000000000000028,216,2019
2019-05-30,3.450438407196292,8.000000000000162,215,2019
2019-05-31,3.4762556369215534,7.999999999999657,214,2019
2019-06-03,3.4884479830030592,7.999999999999999,211,2019
2019-06-04,3.5028856644789705,8.000000000000092,210,2019
2019-06-05,3.509303588625639,7.999999999999785,209,2019
2019-06-06,3.5293417997595276,8.000000000000057,208,2019
2019-06-07,3.5348773727688654,7.999999999999869,207,2019
2019-06-10,3.5472279583079467,7.999999999999795,204,2019
2019-06-11,3.5635555742873732,7.999999999999889,203,2019
2019-06-12,3.559040161668347,7.999999999999898,202,2019
2019-06-13,3.5739026389018718,7.9999999999998685,201,2019
2019-06-14,3.598058255288158,7.999999999999691,200,2019
2019-06-17,3.5965195520442097,8.000000000000128,197,2019
2019-06-18,3.5936463004944406,7.999999999999879,196,2019
2019-06-19,3.5744167119607,8.000000000000204,195,2019
2019-06-20,3.5673711936482886,8.000000000000153,194,2019
2019-06-21,3.559674137744828,7.999999999999813,193,2019
2019-06-24,3.5553859524882756,8.000000000000517,190,2019
2019-06-25,3.552945765427125,8.00000000000011,189,2019
2019-06-26,3.5525171507227213,7.999999999999911,188,2019
2019-06-27,3.583840568030827,7.999999999999864,187,2019
2019-06-28,3.6047879751110057,7.999999999999553,186,2019
2019-07-01,3.604682605894686,7.999999999999884,183,2019
2019-07-02,3.5943511615882624,8.000000000000004,182,2019
2019-07-03,3.584364745693201,8.000000000000073,181,2019
2019-07-04,3.5790685812465894,7.999999999999965,180,2019
2019-07-05,3.577778775887096,7.999999999999849,179,2019
2019-07-08,3.5863472574420574,7.999999999999723,176,2019
2019-07-09,3.579981839473699,8.000000000000181,175,2019
2019-07-10,3.6153455468862328,7.999999999999936,174,2019
2019-07-11,3.600566054943983,8.000000000000036,173,2019
2019-07-12,3.599590607833437,7.9999999999999964,172,2019
2019-07-15,3.573357675665711,7.999999999999928,169,2019
2019-07-16,3.588588811518604,7.999999999999904,168,2019
2019-07-17,3.5930345444500356,7.999999999999898,167,2019
2019-07-18,3.5874091653379407,7.999999999999785,166,2019
2019-07-19,3.6030538555785294,7.999999999999815,165,2019
2019-07-22,3.584061362928293,7.999999999999967,162,2019
2019-07-23,3.57795950190251,7.999999999999975,161,2019
2019-07-24,3.5750279427000096,8.00000000000014,160,2019
2019-07-25,3.5669042331219716,7.999999999999881,159,2019
2019-07-26,3.6065292263258657,7.999999999999913,158,2019
2019-07-29,3.6048457505504894,8.000000000000023,155,2019
2019-07-30,3.6162078121796357,8.000000000000117,154,2019
2019-07-31,3.6189527321567576,7.999999999999749,153,2019
2019-08-01,3.622379112462156,7.99999999999997,152,2019
2019-08-02,3.6518867963725423,7.999999999999921,151,2019
2019-08-05,3.643763467342605,7.9999999999997975,148,2019
2019-08-06,3.6341790089281925,7.999999999999953,147,2019
2019-08-07,3.6229024131457233,7.9999999999998614,146,2019
2019-08-08,3.6307791881407248,7.999999999999953,145,2019
2019-08-09,3.6314090177328797,7.999999999999961,144,2019
2019-08-12,3.59912359663197,8.000000000000021,141,2019
2019-08-13,3.6023094620313816,7.999999999999999,140,2019
2019-08-14,3.6210481073532823,7.9999999999999165,139,2019
2019-08-15,3.6086873449453547,7.999999999999946,138,2019
2019-08-16,3.610533652074494,8.00000000000006,137,2019
2019-08-19,3.600127122381139,7.999999999999857,134,2019
2019-08-20,3.6182487289775227,7.999999999999739,133,2019
2019-08-21,3.6157608550809686,7.999999999999945,132,2019
2019-08-22,3.602512088148212,8.000000000000027,131,2019
2019-08-23,3.6277719940145,7.999999999999824,130,2019
2019-08-26,3.6231138109284773,7.999999999999898,127,2019
2019-08-27,3.648207556437535,8.00000000000008,126,2019
2019-08-28,3.6534965714405523,8.000000000000066,125,2019
2019-08-29,3.668716399210742,8.000000000000105,124,2019
2019-08-30,3.665272149251601,8.000000000000087,123,2019
2019-09-02,3.6819301500110497,8.000000000000055,120,2019
2019-09-03,3.6559544623682125,8.000000000000036,119,2019
2019-09-04,3.690081641277197,7.999999999999952,118,2019
2019-09-05,3.7139963154224835,7.999999999999982,117,2019
2019-09-06,3.7370189958766566,7.999999999999914,116,2019
2019-09-09,3.742574080707842,7.999999999999946,113,2019
2019-09-10,3.7281944363561386,7.999999999999987,112,2019
2019-09-11,3.712396920004822,8.000000000000144,111,2019
2019-09-12,3.7252493512046487,8.00000000000009,110,2019
2019-09-13,3.7105515432977234,8.000000000000023,109,2019
2019-09-16,3.698916388038279,8.000000000000071,106,2019
2019-09-17,3.6915164803141,7.999999999999926,105,2019
2019-09-18,3.680055230576573,7.999999999999997,104,2019
2019-09-19,3.678821593414299,7.999999999999987,103,2019
2019-09-20,3.6874225067774877,8.000000000000023,102,2019
2019-09-23,3.6924914986660027,8.00000000000005,99,2019
2019-09-24,3.677501250481328,7.999999999999899,98,2019
2019-09-25,3.678935067944061,8.000000000000105,97,2019
2019-09-26,3.6647743249858986,8.000000000000071,96,2019
2019-09-27,3.675054379683377,8.00000000000001,95,2019
2019-09-30,3.6722918280303727,7.99999999999997,92,2019
2019-10-01,3.707991393280134,7.9999999999999805,91,2019
2019-10-02,3.694062709809,8.000000000000144,90,2019
2019-10-03,3.6914870960448165,8.000000000000039,89,2019
2019-10-04,3.6822217476257975,8.000000000000036,88,2019
2019-10-07,3.6917323202049594,8.000000000000059,85,2019
2019-10-08,3.723055269926875,8.000000000000039,84,2019
2019-10-09,3.7356061284578246,8.00000000000004,83,2019
2019-10-10,3.727120426861293,8.000000000000089,82,2019
2019-10-11,3.724986250069439,8.000000000000071,81,2019
2019-10-14,3.7401328138192858,7.999999999999928,78,2019
2019-10-15,3.758973484613895,8.0000000000001,77,2019
2019-10-16,3.740142649114229,8.00000000000007,76,2019
2019-10-17,3.729010764269372,8.000000000000181,75,2019
2019-10-18,3.726620335094947,8.000000000000048,74,2019
2019-10-21,3.7174758364287688,8.000000000000043,71,2019
2019-10-22,3.7027868091930105,8.000000000000048,70,2019
2019-10-23,3.7115807172845847,8.000000000000062,69,2019
2019-10-24,3.730889486342658,7.999999999999985,68,2019
2019-10-25,3.7362358738128187,8.000000000000048,67,2019
2019-10-28,3.7048617832642146,7.999999999999901,64,2019
2019-10-29,3.7085518543665983,8.000000000000144,63,2019
2019-10-30,3.7081708520565697,8.00000000000006,62,2019
2019-10-31,3.713182031289988,8.000000000000144,61,2019
2019-11-01,3.685814241078627,8.00000000000002,60,2019
2019-11-04,3.6708514759458706,8.000000000000007,57,2019
2019-11-05,3.6617641674759662,8.000000000000115,56,2019
2019-11-06,3.6562865757817273,8.00000000000013,55,2019
2019-11-07,3.6658456082242337,8.00000000000012,54,2019
2019-11-08,3.688362874139342,8.000000000000112,53,2019
2019-11-11,3.689534065595169,8.000000000000203,50,2019
2019-11-12,3.6950746213760954,8.000000000000025,49,2019
2019-11-13,3.6787362907461607,8.000000000000139,48,2019
2019-11-14,3.691342425559552,8.000000000000142,47,2019
2019-11-15,3.6844611540973697,8.000000000000087,46,2019
2019-11-18,3.701356523060178,8.000000000000108,43,2019
2019-11-19,3.70699934603353,8.00000000000013,42,2019
2019-11-20,3.7021150670983354,8.000000000000068,41,2019
2019-11-21,3.6939695892517124,8.000000000000117,40,2019
2019-11-22,3.6967701322710442,7.999999999999973,39,2019
2019-11-25,3.722647259969352,8.000000000000092,36,2019
2019-11-26,3.7039021660260567,8.000000000000163,35,2019
2019-11-27,3.701599887409247,8.000000000000028,34,2019
2019-11-28,3.674276216955458,8.00000000000012,33,2019
2019-11-29,3.7027217066279228,8.000000000000016,32,2019
2019-12-02,3.6758669364058947,8.00000000000005,29,2019
2019-12-03,3.6738172923097343,8.000000000000115,28,2019
2019-12-04,3.67500228236706,8.000000000000156,27,2019
2019-12-05,3.66392846137393,8.000000000000156,26,2019
2019-12-06,3.6863184050751663,8.000000000000226,25,2019
2019-12-09,3.676080710180864,8.000000000000194,22,2019
2019-12-10,3.652075662151633,8.000000000000066,21,2019
2019-12-11,3.6403790175851998,7.99999999999995,20,2019
2019-12-12,3.606655786823275,8.000000000000025,19,2019
2019-12-13,3.6042294442869265,8.00000000000021,18,2019
2019-12-16,3.6007084206947146,8.000000000000142,15,2019
2019-12-17,3.5953412933518627,8.000000000000021,14,2019
2019-12-18,,,13,2019
2019-12-19,,,12,2019
2019-12-20,,,11,2019
2019-12-23,,,8,2019
2019-12-24,,,7,2019
2019-12-25,,,6,2019
2019-12-26,,,5,2019
2019-12-27,,,4,2019
2019-12-30,,,1,2019
2019-12-31,,,0,2019
2020-01-01,,,365,2020
2020-01-02,,,364,2020
2020-01-03,,,363,2020
2020-01-06,,,360,2020
2020-01-07,,,359,2020
2020-01-08,,,358,2020
2020-01-09,,,357,2020
2020-01-10,,,356,2020
2020-01-13,,,353,2020
2020-01-14,,,352,2020
2020-01-15,,,351,2020
2020-01-16,,,350,2020
2020-01-17,,,349,2020
2020-01-20,,,346,2020
2020-01-21,,,345,2020
2020-01-22,,,344,2020
2020-01-23,,,343,2020
2020-01-24,,,342,2020
2020-01-27,,,339,2020
2020-01-28,,,338,2020
2020-01-29,,,337,2020
2020-01-30,,,336,2020
2020-01-31,,,335,2020
2020-02-03,,,332,2020
2020-02-04,,,331,2020
2020-02-05,,,330,2020
2020-02-06,,,329,2020
2020-02-07,,,328,2020
2020-02-10,,,325,2020
2020-02-11,,,324,2020
2020-02-12,,,323,2020
2020-02-13,,,322,2020
2020-02-14,,,321,2020
2020-02-17,,,318,2020
2020-02-18,,,317,2020
2020-02-19,,,316,2020
2020-02-20,,,315,2020
2020-02-21,,,314,2020
2020-02-24,,,311,2020
2020-02-25,,,310,2020
2020-02-26,,,309,2020
2020-02-27,,,308,2020
2020-02-28,,,307,2020
2020-03-02,,,304,2020
2020-03-03,,,303,2020
2020-03-04,,,302,2020
2020-03-05,,,301,2020
2020-03-06,,,300,2020
2020-03-09,,,297,2020
2020-03-10,,,296,2020
2020-03-11,,,295,2020
2020-03-12,,,294,2020
2020-03-13,,,293,2020
2020-03-16,,,290,2020
2020-03-17,,,289,2020
2020-03-18,,,288,2020
2020-03-19,,,287,2020
2020-03-20,,,286,2020
2020-03-23,,,283,2020
2020-03-24,,,282,2020
2020-03-25,,,281,2020
2020-03-26,,,280,2020
2020-03-27,,,279,2020
2020-03-30,,,276,2020
2020-03-31,,,275,2020
2020-04-01,,,274,2020
2020-04-02,,,273,2020
2020-04-03,3.551296519003168,7.999999999999839,272,2020
2020-04-06,3.5615326589809193,8.000000000000169,269,2020
2020-04-07,3.5497471237280314,8.000000000000048,268,2020
2020-04-08,3.5352870869639412,7.99999999999977,267,2020
2020-04-09,3.5388427968624967,7.999999999999911,266,2020
2020-04-10,3.5580274705700323,7.999999999999958,265,2020
2020-04-13,3.558846448731921,7.999999999999936,262,2020
2020-04-14,3.5596248222655364,7.999999999999943,261,2020
2020-04-15,3.55259329602976,7.99999999999992,260,2020
2020-04-16,3.545484351441069,7.99999999999965,259,2020
2020-04-17,3.5265765968884484,7.999999999999921,258,2020
2020-04-20,3.523837841244593,7.99999999999998,255,2020
2020-04-21,3.526968963595303,8.000000000000185,254,2020
2020-04-22,3.5382736909377495,7.999999999999598,253,2020
2020-04-23,3.5426377199802763,8.000000000000131,252,2020
2020-04-24,3.5493482802303604,7.999999999999975,251,2020
2020-04-27,3.5373336197270757,8.00000000000001,248,2020
2020-04-28,3.517646814614965,7.999999999999802,247,2020
2020-04-29,3.5386499881399898,8.00000000000001,246,2020
2020-04-30,3.55960548121109,7.999999999999896,245,2020
2020-05-01,3.5456514100850307,8.000000000000076,244,2020
2020-05-04,3.5572055261488225,7.999999999999717,241,2020
2020-05-05,3.579572009818312,7.999999999999832,240,2020
2020-05-06,3.572203444851229,8.000000000000068,239,2020
2020-05-07,3.551731807691982,8.000000000000117,238,2020
2020-05-08,3.558261480143823,7.999999999999713,237,2020
2020-05-11,3.54424892646947,7.999999999999993,234,2020
2020-05-12,3.5423169692788266,7.999999999999782,233,2020
2020-05-13,3.549001109623629,7.999999999999957,232,2020
2020-05-14,3.5415734712748517,7.999999999999999,231,2020
2020-05-15,3.561000582604011,7.999999999999565,230,2020
2020-05-18,3.553462940009936,7.999999999999983,227,2020
2020-05-19,3.5636382422408617,8.000000000000036,226,2020
2020-05-20,3.551547208423291,7.999999999999781,225,2020
2020-05-21,3.5445834682771733,7.999999999999884,224,2020
2020-05-22,3.5480872382134256,8.000000000000094,223,2020
2020-05-25,3.557424085839151,8.000000000000082,220,2020
2020-05-26,3.5398467787645327,7.999999999999856,219,2020
2020-05-27,3.5401777875073517,7.999999999999758,218,2020
2020-05-28,3.535525402827323,7.999999999999756,217,2020
2020-05-29,3.544998743149507,7.99999999999977,216,2020
2020-06-01,3.5389670938694344,7.99999999999978,213,2020
2020-06-02,3.530342376341531,7.99999999999966,212,2020
2020-06-03,3.5378830829976966,7.999999999999938,211,2020
2020-06-04,3.541296513624668,8.000000000000053,210,2020
2020-06-05,3.5440988536100244,7.999999999999812,209,2020
2020-06-08,3.5357389773328585,7.9999999999997655,206,2020
2020-06-09,3.5177065198126667,7.9999999999997975,205,2020
2020-06-10,3.523418036790609,8.000000000000059,204,2020
2020-06-11,3.522745618096691,7.999999999999758,203,2020
2020-06-12,3.522458009370806,7.999999999999977,202,2020
2020-06-15,3.532583335192142,8.000000000000027,199,2020
2020-06-16,3.5260687059995726,7.999999999999894,198,2020
2020-06-17,3.518483154527874,8.000000000000076,197,2020
2020-06-18,3.5202594661187647,7.999999999999871,196,2020
2020-06-19,3.502872995140408,8.000000000000101,195,2020
2020-06-22,3.510234923207278,7.999999999999864,192,2020
2020-06-23,3.512035347299023,8.000000000000009,191,2020
2020-06-24,3.4974886757260673,8.000000000000066,190,2020
2020-06-25,3.477491391136802,7.99999999999982,189,2020
2020-06-26,3.498049118610402,7.999999999999867,188,2020
2020-06-29,3.499637405822525,8.000000000000016,185,2020
2020-06-30,3.513285780866392,7.999999999999938,184,2020
2020-07-01,3.49199757666297,7.999999999999802,183,2020
2020-07-02,3.5172128245528134,8.000000000000052,182,2020
2020-07-03,3.526220434443412,8.00000000000022,181,2020
2020-07-06,3.5292167403166705,7.999999999999738,178,2020
2020-07-07,3.4915544678001744,7.9999999999999325,177,2020
2020-07-08,3.5183899610145546,8.000000000000005,176,2020
2020-07-09,3.5211264351155567,7.999999999999717,175,2020
2020-07-10,3.5270244186190065,7.999999999999856,174,2020
2020-07-13,3.54702545182093,7.999999999999761,171,2020
2020-07-14,3.555572971231124,8.000000000000021,170,2020
2020-07-15,3.5625719858341687,7.999999999999854,169,2020
2020-07-16,3.5914499444466843,7.999999999999756,168,2020
2020-07-17,3.610099875462439,7.999999999999881,167,2020
2020-07-20,3.6175860026595097,7.9999999999999405,164,2020
2020-07-21,3.6354174547425333,7.999999999999726,163,2020
2020-07-22,3.634610879643097,7.99999999999997,162,2020
2020-07-23,3.6215597004957054,8.000000000000108,161,2020
2020-07-24,3.5851729422665497,7.999999999999968,160,2020
2020-07-27,3.5669561873956956,7.9999999999998765,157,2020
2020-07-28,3.5646070994226595,7.999999999999778,156,2020
2020-07-29,3.555832072110548,8.000000000000053,155,2020
2020-07-30,3.545748726038694,7.9999999999998375,154,2020
2020-07-31,3.528925876454476,7.999999999999785,153,2020
2020-08-03,3.5474791491007935,8.000000000000012,150,2020
2020-08-04,3.5441930817969522,7.999999999999975,149,2020
2020-08-05,3.5431902556714623,7.999999999999916,148,2020
2020-08-06,3.5301286527581026,7.999999999999911,147,2020
2020-08-07,3.509514326133603,7.999999999999957,146,2020
2020-08-10,3.5035353364344672,7.9999999999999725,143,2020
2020-08-11,3.527809329338799,7.999999999999978,142,2020
2020-08-12,3.4927965455791568,7.999999999999867,141,2020
2020-08-13,3.4982081431378527,8.000000000000048,140,2020
2020-08-14,3.5032562111602705,8.000000000000105,139,2020
2020-08-17,3.5167470188612224,8.000000000000046,136,2020
2020-08-18,3.4955921257114295,8.00000000000017,135,2020
2020-08-19,3.4879864836903534,7.999999999999952,134,2020
2020-08-20,3.509891021431918,7.999999999999911,133,2020
2020-08-21,3.5146837705059406,7.99999999999998,132,2020
2020-08-24,3.4930814656864957,7.9999999999999085,129,2020
2020-08-25,3.4870111969905433,8.00000000000007,128,2020
2020-08-26,3.4765419004434635,7.999999999999965,127,2020
2020-08-27,3.4748905297607826,8.000000000000124,126,2020
2020-08-28,3.4679251987058017,7.999999999999812,125,2020
2020-08-31,3.4680450366597757,7.999999999999721,122,2020
2020-09-01,3.478799042400777,8.000000000000075,121,2020
2020-09-02,3.486053262867921,7.999999999999931,120,2020
2020-09-03,3.483964058213194,8.000000000000032,119,2020
2020-09-04,3.4767222975050815,7.999999999999891,118,2020
2020-09-07,3.455064414084299,8.000000000000043,115,2020
2020-09-08,3.471169356898889,8.00000000000013,114,2020
2020-09-09,3.491613517369783,7.9999999999999405,113,2020
2020-09-10,3.4833056206281436,7.999999999999874,112,2020
2020-09-11,3.475910770529458,8.000000000000039,111,2020
2020-09-14,3.4714185331457856,8.00000000000002,108,2020
2020-09-15,3.4853373267945345,8.000000000000114,107,2020
2020-09-16,3.4604495470940972,8.000000000000098,106,2020
2020-09-17,3.471366798850293,8.000000000000199,105,2020
2020-09-18,3.457197827978158,8.00000000000015,104,2020
2020-09-21,3.4701631479324044,8.000000000000131,101,2020
2020-09-22,3.4615646360773917,8.000000000000156,100,2020
2020-09-23,3.4710905893583877,7.99999999999995,99,2020
2020-09-24,3.480822466516612,8.000000000000112,98,2020
2020-09-25,3.477374072998601,8.000000000000043,97,2020
2020-09-28,3.4712804159055812,8.000000000000137,94,2020
2020-09-29,3.484868563153602,8.000000000000112,93,2020
2020-09-30,3.527373534101656,8.00000000000005,92,2020
2020-10-01,3.5182299658590264,8.000000000000012,91,2020
2020-10-02,3.525280097757029,7.999999999999792,90,2020
2020-10-05,3.5353499977324274,8.000000000000028,87,2020
2020-10-06,3.5423876348442973,8.000000000000178,86,2020
2020-10-07,3.5621798110039666,8.000000000000076,85,2020
2020-10-08,3.5586538315438703,7.999999999999822,84,2020
2020-10-09,3.5695579072030887,7.999999999999832,83,2020
2020-10-12,3.5628440780193156,7.999999999999938,80,2020
2020-10-13,3.583951827145834,7.999999999999946,79,2020
2020-10-14,3.5920006376759464,8.000000000000055,78,2020
2020-10-15,3.6018302413800463,8.000000000000075,77,2020
2020-10-16,3.594929781384875,8.00000000000005,76,2020
2020-10-19,3.5923445049478167,8.00000000000016,73,2020
2020-10-20,3.5904648845124925,7.9999999999999325,72,2020
2020-10-21,3.5943410222654806,8.00000000000019,71,2020
2020-10-22,3.6032086706518776,7.999999999999866,70,2020
2020-10-23,3.618308867882406,7.99999999999999,69,2020
2020-10-26,3.6028824327791114,8.000000000000151,66,2020
2020-10-27,3.6175850410186814,7.999999999999967,65,2020
2020-10-28,3.615139912496993,8.000000000000153,64,2020
2020-10-29,3.593645108159815,7.9999999999999405,63,2020
2020-10-30,3.5962638654084653,8.000000000000059,62,2020
2020-11-02,3.596600829768825,8.000000000000092,59,2020
2020-11-03,3.5895719934204657,8.000000000000112,58,2020
2020-11-04,3.5974542238718845,7.999999999999956,57,2020
2020-11-05,3.614172247659878,8.000000000000046,56,2020
2020-11-06,3.600244104297495,8.000000000000075,55,2020
2020-11-09,3.6154898761699874,8.000000000000004,52,2020
2020-11-10,3.616120847259734,8.000000000000206,51,2020
2020-11-11,3.6113475670738273,8.000000000000005,50,2020
2020-11-12,3.6227373655457957,8.000000000000183,49,2020
2020-11-13,3.60914949011184,8.000000000000059,48,2020
2020-11-16,3.6047332321924888,8.000000000000126,45,2020
2020-11-17,3.6093300868923603,8.000000000000057,44,2020
2020-11-18,3.62266710192241,8.000000000000144,43,2020
2020-11-19,3.610307650712618,8.000000000000119,42,2020
2020-11-20,3.6243309457588855,8.0000000000001,41,2020
2020-11-23,3.644177046161828,7.999999999999933,38,2020
2020-11-24,3.6712452715749766,8.000000000000155,37,2020
2020-11-25,3.6990510373418783,8.000000000000286,36,2020
2020-11-26,3.690498073693313,8.000000000000098,35,2020
2020-11-27,3.6976639064396313,7.9999999999999805,34,2020
2020-11-30,3.727451408075387,8.000000000000172,31,2020
2020-12-01,3.74663010167158,8.00000000000015,30,2020
2020-12-02,3.735309075795148,7.999999999999961,29,2020
2020-12-03,3.716667541700669,8.00000000000017,28,2020
2020-12-04,3.7230849221105995,8.000000000000082,27,2020
2020-12-07,3.736010198135032,8.000000000000151,24,2020
2020-12-08,3.745154875842477,8.000000000000194,23,2020
2020-12-09,3.74557798493081,8.000000000000258,22,2020
2020-12-10,3.763706111225458,8.000000000000087,21,2020
2020-12-11,3.7582304812454406,7.999999999999982,20,2020
2020-12-14,3.7650011552773526,8.000000000000258,17,2020
2020-12-15,3.7485832497832994,8.000000000000073,16,2020
2020-12-16,3.7698178697342755,8.000000000000238,15,2020
2020-12-17,3.778214985681274,8.000000000000266,14,2020
2020-12-18,,,13,2020
2020-12-21,,,10,2020
2020-12-22,,,9,2020
2020-12-23,,,8,2020
2020-12-24,,,7,2020
2020-12-25,,,6,2020
2020-12-28,,,3,2020
2020-12-29,,,2,2020
2020-12-30,,,1,2020
2020-12-31,,,0,2020
2021-01-01,,,364,2021
2021-01-04,,,361,2021
2021-01-05,,,360,2021
2021-01-06,,,359,2021
2021-01-07,,,358,2021
2021-01-08,,,357,2021
2021-01-11,,,354,2021
2021-01-12,,,353,2021
2021-01-13,,,352,2021
2021-01-14,,,351,2021
2021-01-15,,,350,2021
2021-01-18,,,347,2021
2021-01-19,,,346,2021
2021-01-20,,,345,2021
2021-01-21,,,344,2021
2021-01-22,,,343,2021
2021-01-25,,,340,2021
2021-01-26,,,339,2021
2021-01-27,,,338,2021
2021-01-28,,,337,2021
2021-01-29,,,336,2021
2021-02-01,,,333,2021
2021-02-02,,,332,2021
2021-02-03,,,331,2021
2021-02-04,,,330,2021
2021-02-05,,,329,2021
2021-02-08,,,326,2021
2021-02-09,,,325,2021
2021-02-10,,,324,2021
2021-02-11,,,323,2021
2021-02-12,,,322,2021
2021-02-15,,,319,2021
2021-02-16,,,318,2021
2021-02-17,,,317,2021
2021-02-18,,,316,2021
2021-02-19,,,315,2021
2021-02-22,,,312,2021
2021-02-23,,,311,2021
2021-02-24,,,310,2021
2021-02-25,,,309,2021
2021-02-26,,,308,2021
2021-03-01,,,305,2021
2021-03-02,,,304,2021
2021-03-03,,,303,2021
2021-03-04,,,302,2021
2021-03-05,,,301,2021
2021-03-08,,,298,2021
2021-03-09,,,297,2021
2021-03-10,,,296,2021
2021-03-11,,,295,2021
2021-03-12,,,294,2021
2021-03-15,,,291,2021
2021-03-16,,,290,2021
2021-03-17,,,289,2021
2021-03-18,,,288,2021
2021-03-19,,,287,2021
2021-03-22,,,284,2021
2021-03-23,,,283,2021
2021-03-24,,,282,2021
2021-03-25,,,281,2021
2021-03-26,,,280,2021
2021-03-29,,,277,2021
2021-03-30,,,276,2021
2021-03-31,,,275,2021
2021-04-01,,,274,2021
2021-04-02,,,273,2021
2021-04-05,3.634451514136252,7.999999999999694,270,2021
2021-04-06,3.629896217851826,8.000000000000096,269,2021
2021-04-07,3.634368295963043,7.999999999999866,268,2021
2021-04-08,3.6219532626431143,7.999999999999872,267,2021
2021-04-09,3.622729516491565,7.999999999999908,266,2021
2021-04-12,3.6255466708288573,8.000000000000112,263,2021
2021-04-13,3.6331689462861436,8.000000000000004,262,2021
2021-04-14,3.6294105200257327,8.000000000000146,261,2021
2021-04-15,3.6431146951931472,7.999999999999864,260,2021
2021-04-16,3.6349295321798065,8.000000000000023,259,2021
2021-04-19,3.6180278263003647,8.000000000000055,256,2021
2021-04-20,3.6173297016057964,7.999999999999803,255,2021
2021-04-21,3.6147883280353863,7.999999999999746,254,2021
2021-04-22,3.6132883650918552,8.000000000000048,253,2021
2021-04-23,3.6114158194694195,7.999999999999854,252,2021
2021-04-26,3.6117960893179655,7.999999999999936,249,2021
2021-04-27,3.6309027242840917,7.999999999999864,248,2021
2021-04-28,3.6251075747142965,7.999999999999993,247,2021
2021-04-29,3.6532878904884853,8.000000000000014,246,2021
2021-04-30,3.6304899259253025,7.999999999999672,245,2021
2021-05-03,3.6289861770481,7.999999999999681,242,2021
2021-05-04,3.6122186216454786,8.000000000000009,241,2021
2021-05-05,3.6065590696462055,7.99999999999995,240,2021
2021-05-06,3.6125054278297815,8.000000000000398,239,2021
2021-05-07,3.6041715015144056,7.999999999999634,238,2021
2021-05-10,3.5797600592262295,7.999999999999262,235,2021
2021-05-11,3.562275132796154,7.999999999999548,234,2021
2021-05-12,3.5546740821879506,8.00000000000023,233,2021
2021-05-13,3.533682194407384,7.999999999999914,232,2021
2021-05-14,3.5077286843954565,7.999999999999916,231,2021
2021-05-17,3.5110803598105256,8.000000000000382,228,2021
2021-05-18,3.5223916857724387,8.000000000000345,227,2021
2021-05-19,3.519940646237193,7.999999999999839,226,2021
2021-05-20,3.537866426183211,7.9999999999999005,225,2021
2021-05-21,3.5431696754312747,7.999999999999814,224,2021
2021-05-24,3.554892924358191,7.999999999999598,221,2021
2021-05-25,3.534281214743177,8.000000000000213,220,2021
2021-05-26,3.5251844485298474,7.999999999999778,219,2021
2021-05-27,3.5013892234583626,8.00000000000015,218,2021
2021-05-28,3.4974301153609195,7.999999999999896,217,2021
2021-05-31,3.48936210573342,7.9999999999997895,214,2021
2021-06-01,3.4990842261252433,7.9999999999999085,213,2021
2021-06-02,3.4859859066429033,8.000000000000124,212,2021
2021-06-03,3.4716100332521562,7.999999999999963,211,2021
2021-06-04,3.465119420049264,8.000000000000055,210,2021
2021-06-07,3.47789663825738,7.99999999999992,207,2021
2021-06-08,3.4612345085684963,7.999999999999796,206,2021
2021-06-09,3.4661508732453252,7.999999999999967,205,2021
2021-06-10,3.473425263951079,7.999999999999742,204,2021
2021-06-11,3.491576189937242,7.999999999999785,203,2021
2021-06-14,3.5021882947206335,7.999999999999662,200,2021
2021-06-15,3.483266549580972,7.999999999999975,199,2021
2021-06-16,3.473849600273668,8.000000000000192,198,2021
2021-06-17,3.4918426110738467,7.9999999999999645,197,2021
2021-06-18,3.487358653310888,7.999999999999796,196,2021
2021-06-21,3.4740674764857142,7.999999999999985,193,2021
2021-06-22,3.4845925400147033,7.99999999999973,192,2021
2021-06-23,3.474286394455704,7.999999999999671,191,2021
2021-06-24,3.4698023606258603,7.999999999999914,190,2021
2021-06-25,3.469212107766151,8.00000000000003,189,2021
2021-06-28,3.4622241809406358,7.999999999999741,186,2021
2021-06-29,3.4787282581963037,7.99999999999999,185,2021
2021-06-30,3.436805929060163,8.000000000000052,184,2021
2021-07-01,3.452488103322666,7.999999999999923,183,2021
2021-07-02,3.4696493254690632,7.999999999999916,182,2021
2021-07-05,3.5047755745282365,7.999999999999846,179,2021
2021-07-06,3.508921747034781,7.999999999999914,178,2021
2021-07-07,3.502108453169334,7.9999999999999405,177,2021
2021-07-08,3.490377864503618,7.9999999999998055,176,2021
2021-07-09,3.524720059263632,7.999999999999842,175,2021
2021-07-12,3.542057559160478,7.999999999999968,172,2021
2021-07-13,3.528433626353425,8.00000000000007,171,2021
2021-07-14,3.5197870065505317,7.999999999999982,170,2021
2021-07-15,3.5244708336920008,8.000000000000016,169,2021
2021-07-16,3.5497678276008604,8.000000000000059,168,2021
2021-07-19,3.579116656437708,8.000000000000137,165,2021
2021-07-20,3.5858453301911966,8.000000000000036,164,2021
2021-07-21,3.5808797632193397,8.000000000000073,163,2021
2021-07-22,3.577366245747994,8.000000000000131,162,2021
2021-07-23,3.580199711814422,7.999999999999906,161,2021
2021-07-26,3.5764085590030037,7.999999999999891,158,2021
2021-07-27,3.579273369521905,7.9999999999998765,157,2021
2021-07-28,3.5893191941884495,7.999999999999698,156,2021
2021-07-29,3.60229213740375,8.000000000000126,155,2021
2021-07-30,3.601689948829362,8.000000000000025,154,2021
2021-08-02,3.630977319596234,7.999999999999961,151,2021
2021-08-03,3.618946366453272,7.999999999999913,150,2021
2021-08-04,3.6379953027610754,7.999999999999749,149,2021
2021-08-05,3.660720645046037,7.99999999999982,148,2021
2021-08-06,3.6544036568627747,7.999999999999993,147,2021
2021-08-09,3.661145640464593,7.9999999999999964,144,2021
2021-08-10,3.6539906595511957,8.000000000000135,143,2021
2021-08-11,3.643050740776433,7.999999999999953,142,2021
2021-08-12,3.6508753175336373,7.9999999999999405,141,2021
2021-08-13,3.6581412980495127,7.999999999999987,140,2021
2021-08-16,3.652147278785476,8.00000000000016,137,2021
2021-08-17,3.6887702176022925,7.999999999999985,136,2021
2021-08-18,3.7082620669996524,7.999999999999884,135,2021
2021-08-19,3.694839418946463,7.999999999999928,134,2021
2021-08-20,3.6920731079966127,7.999999999999935,133,2021
2021-08-23,3.7165995712562414,8.000000000000131,130,2021
2021-08-24,3.7151629439059404,7.999999999999842,129,2021
2021-08-25,3.7236072120815678,8.000000000000004,128,2021
2021-08-26,3.7178566756606264,7.9999999999999805,127,2021
2021-08-27,3.709417206737076,7.999999999999884,126,2021
2021-08-30,3.691941558188115,8.000000000000036,123,2021
2021-08-31,3.697960633908749,8.000000000000028,122,2021
2021-09-01,3.6824292804879146,8.000000000000004,121,2021
2021-09-02,3.692909235019924,8.000000000000048,120,2021
2021-09-03,3.711160423600766,8.000000000000242,119,2021
2021-09-06,3.7184987561397427,7.999999999999946,116,2021
2021-09-07,3.7248767085549557,7.999999999999935,115,2021
2021-09-08,3.700707785806075,7.999999999999997,114,2021
2021-09-09,3.7066760234726903,7.999999999999968,113,2021
2021-09-10,3.6836829178066113,8.000000000000036,112,2021
2021-09-13,3.6746503585642034,8.000000000000021,109,2021
2021-09-14,3.6652110745614648,7.999999999999977,108,2021
2021-09-15,3.6943080774613475,8.000000000000039,107,2021
2021-09-16,3.6950800336028036,8.000000000000146,106,2021
2021-09-17,3.6702392980154865,7.999999999999864,105,2021
2021-09-20,3.6907930987812447,8.000000000000066,102,2021
2021-09-21,3.6463543365045954,8.000000000000055,101,2021
2021-09-22,3.6465622776309066,8.000000000000101,100,2021
2021-09-23,3.627327022512832,8.000000000000043,99,2021
2021-09-24,3.6158988383800956,7.999999999999906,98,2021
2021-09-27,3.6137131260833977,8.000000000000052,95,2021
2021-09-28,3.6070452295824307,7.999999999999906,94,2021
2021-09-29,3.6245381998412265,8.0000000000002,93,2021
2021-09-30,3.617672050411159,7.999999999999828,92,2021
2021-10-01,3.634843517147901,7.9999999999999325,91,2021
2021-10-04,3.635566910340904,8.000000000000059,88,2021
2021-10-05,3.6322165734627205,8.000000000000075,87,2021
2021-10-06,3.620349712625349,7.999999999999891,86,2021
2021-10-07,3.6379841550034238,8.000000000000187,85,2021
2021-10-08,3.661691284935563,8.000000000000055,84,2021
2021-10-11,3.6658420704378263,8.000000000000092,81,2021
2021-10-12,3.6599932894060334,7.999999999999955,80,2021
2021-10-13,3.652074677102786,8.000000000000004,79,2021
2021-10-14,3.638144148961243,8.000000000000028,78,2021
2021-10-15,3.630288356703885,8.00000000000006,77,2021
2021-10-18,3.6491070251207747,8.000000000000023,74,2021
2021-10-19,3.6432524519488863,8.000000000000032,73,2021
2021-10-20,3.6534269414357667,7.999999999999817,72,2021
2021-10-21,3.65955173402464,7.999999999999989,71,2021
2021-10-22,3.6448526871711686,7.999999999999914,70,2021
2021-10-25,3.6664277383114885,7.999999999999956,67,2021
2021-10-26,3.656393798840369,8.00000000000016,66,2021
2021-10-27,3.624508055458839,7.999999999999978,65,2021
2021-10-28,3.613001799896271,7.9999999999999725,64,2021
2021-10-29,3.6119242962341147,8.000000000000057,63,2021
2021-11-01,3.6118493797756193,7.999999999999988,60,2021
2021-11-02,3.6020072597010695,7.999999999999952,59,2021
2021-11-03,3.5807724770783187,8.000000000000036,58,2021
2021-11-04,3.5983681743482707,8.000000000000163,57,2021
2021-11-05,3.5826679774240233,8.000000000000089,56,2021
2021-11-08,3.580901071506983,8.000000000000028,53,2021
2021-11-09,3.5940739811719267,8.00000000000015,52,2021
2021-11-10,3.5816660436022136,8.000000000000144,51,2021
2021-11-11,3.5654493565723637,8.00000000000002,50,2021
2021-11-12,3.5451383026988235,8.000000000000016,49,2021
2021-11-15,3.5350991501803777,8.00000000000007,46,2021
2021-11-16,3.507324696102323,7.9999999999999485,45,2021
2021-11-17,3.4924739530012787,8.000000000000087,44,2021
2021-11-18,3.48106395042954,8.000000000000144,43,2021
2021-11-19,3.4893407346313166,7.999999999999997,42,2021
2021-11-22,3.4714785628386613,7.999999999999952,39,2021
2021-11-23,3.458437571111416,8.000000000000163,38,2021
2021-11-24,3.4328803682600357,7.999999999999957,37,2021
2021-11-25,3.4505141921712483,8.000000000000028,36,2021
2021-11-26,3.4745539944477635,8.00000000000005,35,2021
2021-11-29,3.4980238063711444,8.000000000000247,32,2021
2021-11-30,3.521127336162577,8.000000000000098,31,2021
2021-12-01,3.5274127704262863,8.000000000000203,30,2021
2021-12-02,3.5286634010418485,8.000000000000089,29,2021
2021-12-03,3.5382358535832856,8.000000000000123,28,2021
2021-12-06,3.5398740259226305,7.9999999999999964,25,2021
2021-12-07,3.5465114263422683,8.000000000000124,24,2021
2021-12-08,3.5496884764465517,8.000000000000169,23,2021
2021-12-09,3.5403910372146665,7.999999999999993,22,2021
2021-12-10,3.545501024557355,8.000000000000211,21,2021
2021-12-13,3.541015292883123,8.000000000000183,18,2021
2021-12-14,3.530906013880364,8.000000000000124,17,2021
2021-12-15,3.5149459812563797,8.000000000000167,16,2021
2021-12-16,3.5088298328814056,7.999999999999993,15,2021
2021-12-17,3.531936692602924,8.000000000000036,14,2021
2021-12-20,,,11,2021
2021-12-21,,,10,2021
2021-12-22,,,9,2021
2021-12-23,,,8,2021
2021-12-24,,,7,2021
2021-12-27,,,4,2021
2021-12-28,,,3,2021
2021-12-29,,,2,2021
2021-12-30,,,1,2021
2021-12-31,,,0,2021
2022-01-03,,,362,2022
2022-01-04,,,361,2022
2022-01-05,,,360,2022
2022-01-06,,,359,2022
2022-01-07,,,358,2022
2022-01-10,,,355,2022
2022-01-11,,,354,2022
2022-01-12,,,353,2022
2022-01-13,,,352,2022
2022-01-14,,,351,2022
2022-01-17,,,348,2022
2022-01-18,,,347,2022
2022-01-19,,,346,2022
2022-01-20,,,345,2022
2022-01-21,,,344,2022
2022-01-24,,,341,2022
2022-01-25,,,340,2022
2022-01-26,,,339,2022
2022-01-27,,,338,2022
2022-01-28,,,337,2022
2022-01-31,,,334,2022
2022-02-01,,,333,2022
2022-02-02,,,332,2022
2022-02-03,,,331,2022
2022-02-04,,,330,2022
2022-02-07,,,327,2022
2022-02-08,,,326,2022
2022-02-09,,,325,2022
2022-02-10,,,324,2022
2022-02-11,,,323,2022
2022-02-14,,,320,2022
2022-02-15,,,319,2022
2022-02-16,,,318,2022
2022-02-17,,,317,2022
2022-02-18,,,316,2022
2022-02-21,,,313,2022
2022-02-22,,,312,2022
2022-02-23,,,311,2022
2022-02-24,,,310,2022
2022-02-25,,,309,2022
2022-02-28,,,306,2022
2022-03-01,,,305,2022
2022-03-02,,,304,2022
2022-03-03,,,303,2022
2022-03-04,,,302,2022
2022-03-07,,,299,2022
2022-03-08,,,298,2022
2022-03-09,,,297,2022
2022-03-10,,,296,2022
2022-03-11,,,295,2022
2022-03-14,,,292,2022
2022-03-15,,,291,2022
2022-03-16,,,290,2022
2022-03-17,,,289,2022
2022-03-18,,,288,2022
2022-03-21,,,285,2022
2022-03-22,,,284,2022
2022-03-23,,,283,2022
2022-03-24,,,282,2022
2022-03-25,,,281,2022
2022-03-28,,,278,2022
2022-03-29,,,277,2022
2022-03-30,,,276,2022
2022-03-31,,,275,2022
2022-04-01,,,274,2022
2022-04-04,3.5940468706545743,7.999999999999774,271,2022
2022-04-05,3.598162737597873,7.999999999999691,270,2022
2022-04-06,3.6023690550784,8.000000000000004,269,2022
2022-04-07,3.6120279549141046,7.999999999999955,268,2022
2022-04-08,3.606805658685268,8.000000000000112,267,2022
2022-04-11,3.597891742069321,8.000000000000368,264,2022
2022-04-12,3.5795872834380407,7.999999999999869,263,2022
2022-04-13,3.583361707693914,8.000000000000174,262,2022
2022-04-14,3.5665910920296007,7.99999999999998,261,2022
2022-04-15,3.564037781874416,8.000000000000055,260,2022
2022-04-18,3.568560548330565,8.000000000000114,257,2022
2022-04-19,3.554496920307967,7.9999999999998765,256,2022
2022-04-20,3.565520594577519,7.999999999999852,255,2022
2022-04-21,3.5582736321734703,7.99999999999997,254,2022
2022-04-22,3.523989137939839,7.999999999999717,253,2022
2022-04-25,3.490750763138511,7.999999999999605,250,2022
2022-04-26,3.4772911688025827,7.999999999999896,249,2022
2022-04-27,3.5053450309672294,7.999999999999739,248,2022
2022-04-28,3.498615883789128,7.999999999999955,247,2022
2022-04-29,3.4915286920549917,7.9999999999999725,246,2022
2022-05-02,3.484333586919363,8.000000000000009,243,2022
2022-05-03,3.493729198657364,7.99999999999972,242,2022
2022-05-04,3.4810882531855483,7.999999999999987,241,2022
2022-05-05,3.4520322684273794,7.999999999999952,240,2022
2022-05-06,3.4522344845134882,7.999999999999763,239,2022
2022-05-09,3.4681576455314524,7.9999999999999645,236,2022
2022-05-10,3.455105387478039,8.000000000000101,235,2022
2022-05-11,3.4513265401172353,7.999999999999965,234,2022
2022-05-12,3.4461256024144284,8.000000000000096,233,2022
2022-05-13,3.4191267936474774,7.999999999999607,232,2022
2022-05-16,3.4004175283542932,7.999999999999676,229,2022
2022-05-17,3.4121941240185687,7.999999999999888,228,2022
2022-05-18,3.4233605431140512,7.999999999999799,227,2022
2022-05-19,3.403090772451847,8.000000000000176,226,2022
2022-05-20,3.402997520867409,7.999999999999792,225,2022
2022-05-23,3.397023552486579,8.00000000000031,222,2022
2022-05-24,3.3777819561259594,7.9999999999997184,221,2022
2022-05-25,3.3679538840916976,7.999999999999815,220,2022
2022-05-26,3.3871490283915695,7.9999999999998845,219,2022
2022-05-27,3.3858909169026674,7.999999999999796,218,2022
2022-05-30,3.39245540123033,8.000000000000163,215,2022
2022-05-31,3.362030322909891,8.000000000000073,214,2022
2022-06-01,3.3457430088092632,7.999999999999894,213,2022
2022-06-02,3.343008982158789,7.999999999999813,212,2022
2022-06-03,3.349713162278809,8.000000000000142,211,2022
2022-06-06,3.3495421707091473,8.000000000000002,208,2022
2022-06-07,3.370130949959063,8.000000000000277,207,2022
2022-06-08,3.3682747040196763,7.999999999999867,206,2022
2022-06-09,3.3672137076612234,7.999999999999842,205,2022
2022-06-10,3.3519558223955372,7.999999999999679,204,2022
2022-06-13,3.3682020940277497,7.99999999999985,201,2022
2022-06-14,3.3701385816221796,7.999999999999733,200,2022
2022-06-15,3.3524981412730552,7.999999999999908,199,2022
2022-06-16,3.3431240794778025,8.000000000000021,198,2022
2022-06-17,3.351012811760306,8.000000000000108,197,2022
2022-06-20,3.3649839016796026,8.000000000000004,194,2022
2022-06-21,3.3618247924239246,8.000000000000004,193,2022
2022-06-22,3.3537143116479395,8.000000000000075,192,2022
2022-06-23,3.3506318045157455,7.999999999999961,191,2022
2022-06-24,3.3467257000598605,7.999999999999526,190,2022
2022-06-27,3.363629583142506,7.9999999999998055,187,2022
2022-06-28,3.3651871145778722,8.000000000000055,186,2022
2022-06-29,3.3698795971646507,7.999999999999852,185,2022
2022-06-30,3.380613719459805,7.999999999999968,184,2022
2022-07-01,3.3991919282637126,7.999999999999869,183,2022
2022-07-04,3.391300383243938,7.999999999999834,180,2022
2022-07-05,3.379543280055301,8.000000000000131,179,2022
2022-07-06,3.3578047990489157,7.999999999999957,178,2022
2022-07-07,3.3793980933166337,8.000000000000007,177,2022
2022-07-08,3.3720300221298647,8.000000000000082,176,2022
2022-07-11,3.3844401952359404,7.999999999999983,173,2022
2022-07-12,3.3816949008441197,7.999999999999925,172,2022
2022-07-13,3.4063969576928104,8.000000000000075,171,2022
2022-07-14,3.3905133863961665,7.999999999999688,170,2022
2022-07-15,3.391792159938258,7.999999999999856,169,2022
2022-07-18,3.3994391698648894,7.999999999999834,166,2022
2022-07-19,3.397106027872571,7.999999999999938,165,2022
2022-07-20,3.388512667322429,7.99999999999991,164,2022
2022-07-21,3.3979362373115847,7.9999999999999725,163,2022
2022-07-22,3.413115541343454,8.00000000000007,162,2022
2022-07-25,3.3892611689470846,8.000000000000044,159,2022
2022-07-26,3.4096203320800194,8.000000000000043,158,2022
2022-07-27,3.4290191411875264,8.000000000000206,157,2022
2022-07-28,3.4183491292337016,7.999999999999803,156,2022
2022-07-29,3.4100752664750855,8.000000000000327,155,2022
2022-08-01,3.388244597318412,7.999999999999891,152,2022
2022-08-02,3.3920493338313813,7.999999999999775,151,2022
2022-08-03,3.38606604977701,7.999999999999967,150,2022
2022-08-04,3.3821346833523775,7.9999999999998215,149,2022
2022-08-05,3.3864564937352966,7.999999999999933,148,2022
2022-08-08,3.380391892008663,7.999999999999948,145,2022
2022-08-09,3.376543901369267,7.999999999999918,144,2022
2022-08-10,3.3741260882348865,7.999999999999893,143,2022
2022-08-11,3.376743922295482,7.999999999999857,142,2022
2022-08-12,3.358242445936497,8.00000000000001,141,2022
2022-08-15,3.366795178810184,8.000000000000057,138,2022
2022-08-16,3.364033369251597,7.999999999999967,137,2022
2022-08-17,3.3688718119084724,8.000000000000263,136,2022
2022-08-18,3.3596949324845875,7.999999999999918,135,2022
2022-08-19,3.3553040924674002,8.000000000000112,134,2022
2022-08-22,3.37105360305131,8.000000000000101,131,2022
2022-08-23,3.366794125669284,7.99999999999979,130,2022
2022-08-24,3.3876932646587274,7.999999999999793,129,2022
2022-08-25,3.386494540494465,7.999999999999995,128,2022
2022-08-26,3.353872890919805,8.000000000000046,127,2022
2022-08-29,3.379330975057935,8.000000000000004,124,2022
2022-08-30,3.3752110729993867,8.000000000000101,123,2022
2022-08-31,3.368604055837916,7.9999999999997335,122,2022
2022-09-01,3.375390537044319,8.000000000000037,121,2022
2022-09-02,3.3578060550633513,8.000000000000044,120,2022
2022-09-05,3.324949573791535,7.999999999999809,117,2022
2022-09-06,3.3113142236395934,8.000000000000057,116,2022
2022-09-07,3.3074810050786305,8.000000000000032,115,2022
2022-09-08,3.305923811546105,7.999999999999736,114,2022
2022-09-09,3.294682999358874,8.000000000000023,113,2022
2022-09-12,3.2941119656872035,7.9999999999999325,110,2022
2022-09-13,3.2987453383866336,7.999999999999831,109,2022
2022-09-14,3.296389788932059,7.999999999999929,108,2022
2022-09-15,3.2965463729375055,8.000000000000126,107,2022
2022-09-16,3.306704530231879,8.000000000000105,106,2022
2022-09-19,3.2917845643005137,7.999999999999928,103,2022
2022-09-20,3.2826399716820838,8.000000000000016,102,2022
2022-09-21,3.308602302151821,7.99999999999997,101,2022
2022-09-22,3.2976802853990983,7.99999999999996,100,2022
2022-09-23,3.276782924881794,8.000000000000092,99,2022
2022-09-26,3.266528724752912,7.999999999999839,96,2022
2022-09-27,3.2776404775517682,7.999999999999945,95,2022
2022-09-28,3.279511703810162,8.000000000000057,94,2022
2022-09-29,3.2693964819463184,8.000000000000156,93,2022
2022-09-30,3.2799881076487862,8.000000000000096,92,2022
2022-10-03,3.2879842524531364,8.000000000000133,89,2022
2022-10-04,3.2969047996943397,8.000000000000039,88,2022
2022-10-05,3.2951570151443215,8.000000000000128,87,2022
2022-10-06,3.292554839069123,8.000000000000071,86,2022
2022-10-07,3.2734053982665645,7.999999999999674,85,2022
2022-10-10,3.280903668511796,8.000000000000105,82,2022
2022-10-11,3.2801948828166574,7.999999999999973,81,2022
2022-10-12,3.267491593074246,8.000000000000092,80,2022
2022-10-13,3.263540769484625,8.000000000000016,79,2022
2022-10-14,3.2618216461635137,7.999999999999847,78,2022
2022-10-17,3.2877189232746025,8.000000000000027,75,2022
2022-10-18,3.278463290757035,7.999999999999831,74,2022
2022-10-19,3.2796891504736068,8.000000000000105,73,2022
2022-10-20,3.2837522106748507,8.000000000000027,72,2022
2022-10-21,3.286209116834697,8.000000000000169,71,2022
2022-10-24,3.2742263310388724,7.999999999999988,68,2022
2022-10-25,3.269692885308583,8.000000000000055,67,2022
2022-10-26,3.2675468327608708,8.000000000000163,66,2022
2022-10-27,3.2760858072301953,8.000000000000004,65,2022
2022-10-28,3.2843466807683277,7.9999999999998685,64,2022
2022-10-31,3.271290785297215,7.999999999999992,61,2022
2022-11-01,3.2722291973930937,8.000000000000277,60,2022
2022-11-02,3.2802976376532524,7.999999999999891,59,2022
2022-11-03,3.2793514104237977,8.000000000000046,58,2022
2022-11-04,3.2668030840873663,7.999999999999845,57,2022
2022-11-07,3.259535797886225,8.000000000000108,54,2022
2022-11-08,3.2719555344505755,8.000000000000233,53,2022
2022-11-09,3.2581884598917963,8.000000000000137,52,2022
2022-11-10,3.2280482434492708,7.999999999999925,51,2022
2022-11-11,3.2292544959959324,8.000000000000048,50,2022
2022-11-14,3.260298640653624,8.00000000000017,47,2022
2022-11-15,3.2675098613000517,8.000000000000057,46,2022
2022-11-16,3.2478538968586377,8.000000000000094,45,2022
2022-11-17,3.247228904753039,8.000000000000124,44,2022
2022-11-18,3.2332023830381362,7.999999999999957,43,2022
2022-11-21,3.231566815153499,8.000000000000128,40,2022
2022-11-22,3.2093759232184995,7.999999999999908,39,2022
2022-11-23,3.210841374333451,8.000000000000096,38,2022
2022-11-24,3.238506059313921,8.000000000000256,37,2022
2022-11-25,3.21119207446372,8.000000000000078,36,2022
2022-11-28,3.199059686036948,7.9999999999999005,33,2022
2022-11-29,3.184920887097687,8.000000000000064,32,2022
2022-11-30,3.1774848452642455,8.00000000000001,31,2022
2022-12-01,3.204945897913147,8.000000000000071,30,2022
2022-12-02,3.216099579232315,8.000000000000112,29,2022
2022-12-05,3.1964047665809003,8.00000000000011,26,2022
2022-12-06,3.1877786821774996,7.999999999999992,25,2022
2022-12-07,3.188809803813897,8.000000000000156,24,2022
2022-12-08,3.1739829238727117,8.00000000000019,23,2022
2022-12-09,3.156248936107565,7.999999999999968,22,2022
2022-12-12,3.149075853064202,8.000000000000124,19,2022
2022-12-13,3.1380211644230407,7.999999999999965,18,2022
2022-12-14,3.1239421997584014,8.000000000000117,17,2022
2022-12-15,3.1311481959597733,8.000000000000226,16,2022
2022-12-16,3.118709361180118,8.000000000000028,15,2022
2022-12-19,,,12,2022
2022-12-20,,,11,2022
2022-12-21,,,10,2022
2022-12-22,,,9,2022
2022-12-23,,,8,2022
2022-12-26,,,5,2022
2022-12-27,,,4,2022
2022-12-28,,,3,2022
2022-12-29,,,2,2022
2022-12-30,,,1,2022
2023-01-02,,,363,2023
2023-01-03,,,362,2023
2023-01-04,,,361,2023
2023-01-05,,,360,2023
2023-01-06,,,359,2023
2023-01-09,,,356,2023
2023-01-10,,,355,2023
2023-01-11,,,354,2023
2023-01-12,,,353,2023
2023-01-13,,,352,2023
2023-01-16,,,349,2023
2023-01-17,,,348,2023
2023-01-18,,,347,2023
2023-01-19,,,346,2023
2023-01-20,,,345,2023
2023-01-23,,,342,2023
2023-01-24,,,341,2023
2023-01-25,,,340,2023
2023-01-26,,,339,2023
2023-01-27,,,338,2023
2023-01-30,,,335,2023
2023-01-31,,,334,2023
2023-02-01,,,333,2023
2023-02-02,,,332,2023
2023-02-03,,,331,2023
2023-02-06,,,328,2023
2023-02-07,,,327,2023
2023-02-08,,,326,2023
2023-02-09,,,325,2023
2023-02-10,,,324,2023
2023-02-13,,,321,2023
2023-02-14,,,320,2023
2023-02-15,,,319,2023
2023-02-16,,,318,2023
2023-02-17,,,317,2023
2023-02-20,,,314,2023
2023-02-21,,,313,2023
2023-02-22,,,312,2023
2023-02-23,,,311,2023
2023-02-24,,,310,2023
2023-02-27,,,307,2023
2023-02-28,,,306,2023
2023-03-01,,,305,2023
2023-03-02,,,304,2023
2023-03-03,,,303,2023
2023-03-06,,,300,2023
2023-03-07,,,299,2023
2023-03-08,,,298,2023
2023-03-09,,,297,2023
2023-03-10,,,296,2023
2023-03-13,,,293,2023
2023-03-14,,,292,2023
2023-03-15,,,291,2023
2023-03-16,,,290,2023
2023-03-17,,,289,2023
2023-03-20,,,286,2023
2023-03-21,,,285,2023
2023-03-22,,,284,2023
2023-03-23,,,283,2023
2023-03-24,,,282,2023
2023-03-27,,,279,2023
2023-03-28,,,278,2023
2023-03-29,,,277,2023
2023-03-30,,,276,2023
2023-03-31,,,275,2023
2023-04-03,3.0671965328326767,7.999999999999408,272,2023
2023-04-04,3.052037665503244,7.9999999999998055,271,2023
2023-04-05,3.051430040713877,8.000000000000188,270,2023
2023-04-06,3.065980331676743,7.9999999999999805,269,2023
2023-04-07,3.065637213647677,7.999999999999787,268,2023
2023-04-10,3.0551137582382277,7.9999999999996625,265,2023
2023-04-11,3.026503011435938,7.999999999999857,264,2023
2023-04-12,3.011852372148313,7.999999999999888,263,2023
2023-04-13,3.014839865820265,7.9999999999996625,262,2023
2023-04-14,3.0122636252573654,8.000000000000488,261,2023
2023-04-17,3.0227856126927493,8.000000000000027,258,2023
2023-04-18,3.0220894361210213,7.999999999999876,257,2023
2023-04-19,3.0277435374313337,7.9999999999998,256,2023
2023-04-20,3.0259967496791376,7.999999999999995,255,2023
2023-04-21,2.9999822675777694,7.999999999999635,254,2023
2023-04-24,3.0108422435899693,7.999999999999795,251,2023
2023-04-25,3.0268581314953096,8.000000000000261,250,2023
2023-04-26,3.0395857614852435,7.99999999999984,249,2023
2023-04-27,3.0269147709761293,7.99999999999977,248,2023
2023-04-28,3.0283284266244905,8.00000000000012,247,2023
2023-05-01,3.033644869267444,8.000000000000044,244,2023
2023-05-02,2.995520259817002,7.999999999999617,243,2023
2023-05-03,2.9851537781494337,7.999999999999647,242,2023
2023-05-04,2.9750837479999603,7.999999999999832,241,2023
2023-05-05,2.9775520437651095,7.999999999999703,240,2023
2023-05-08,2.9669845270605824,7.999999999999607,237,2023
2023-05-09,2.9837702925685474,7.999999999999529,236,2023
2023-05-10,2.9787025425140667,7.999999999999743,235,2023
2023-05-11,2.9782064741714023,7.999999999999751,234,2023
2023-05-12,2.9911908724637386,7.999999999999796,233,2023
2023-05-15,2.9851281079258265,7.999999999999696,230,2023
2023-05-16,2.9667661282902675,8.000000000000153,229,2023
2023-05-17,2.9981562738083114,7.999999999999664,228,2023
2023-05-18,3.007590670839858,7.99999999999992,227,2023
2023-05-19,2.988431981660439,7.999999999999948,226,2023
2023-05-22,2.982048174492336,7.999999999999889,223,2023
2023-05-23,2.9880310744031107,8.000000000000265,222,2023
2023-05-24,2.999419371803753,7.999999999999908,221,2023
2023-05-25,3.0064999035930584,8.000000000000073,220,2023
2023-05-26,2.999470866525307,7.9999999999998375,219,2023
2023-05-29,2.9813769018108136,7.999999999999657,216,2023
2023-05-30,2.9790582198756748,7.99999999999975,215,2023
2023-05-31,2.952937602725286,7.999999999999774,214,2023
2023-06-01,2.946127657239577,7.999999999999854,213,2023
2023-06-02,2.939486495433734,7.999999999999857,212,2023
2023-06-05,2.9343609219720035,8.000000000000208,209,2023
2023-06-06,2.9257792636318656,8.000000000000092,208,2023
2023-06-07,2.9181573391985083,7.999999999999592,207,2023
2023-06-08,2.8990304746129483,7.999999999999664,206,2023
2023-06-09,2.913699961754422,7.999999999999664,205,2023
2023-06-12,2.9157638516570112,7.999999999999723,202,2023
2023-06-13,2.8986352608892942,7.999999999999723,201,2023
2023-06-14,2.898893631218752,7.999999999999721,200,2023
2023-06-15,2.904944000754141,7.999999999999888,199,2023
2023-06-16,2.902553180670324,7.999999999999876,198,2023
2023-06-19,2.9046610238681416,7.999999999999775,195,2023
2023-06-20,2.9098728315285936,7.999999999999739,194,2023
2023-06-21,2.8937486786045863,7.999999999999933,193,2023
2023-06-22,2.9110635351231595,8.000000000000064,192,2023
2023-06-23,2.9227250708132435,7.999999999999723,191,2023
2023-06-26,2.925038674423467,8.000000000000092,188,2023
2023-06-27,2.922217032037016,7.999999999999891,187,2023
2023-06-28,2.9103031981274494,8.000000000000075,186,2023
2023-06-29,2.9007849000846395,7.999999999999928,185,2023
2023-06-30,2.911784832481117,7.999999999999701,184,2023
2023-07-03,2.9017887707883325,7.999999999999913,181,2023
2023-07-04,2.902524903822933,8.00000000000004,180,2023
2023-07-05,2.906863201184751,7.999999999999783,179,2023
2023-07-06,2.8957650676504634,7.999999999999726,178,2023
2023-07-07,2.8955986529629745,8.000000000000043,177,2023
2023-07-10,2.905965461593253,7.9999999999999405,174,2023
2023-07-11,2.9017491273980465,7.999999999999761,173,2023
2023-07-12,2.9285920161564207,8.000000000000098,172,2023
2023-07-13,2.937116176233121,7.999999999999845,171,2023
2023-07-14,2.939403103759671,7.9999999999999725,170,2023
2023-07-17,2.938004445474007,7.99999999999986,167,2023
2023-07-18,2.9213947243567517,8.00000000000013,166,2023
2023-07-19,2.9420892146911917,8.000000000000226,165,2023
2023-07-20,2.9329522753537094,7.99999999999973,164,2023
2023-07-21,2.9353615753993187,8.000000000000105,163,2023
2023-07-24,2.9436288619619484,7.999999999999992,160,2023
2023-07-25,2.948972075970061,7.999999999999942,159,2023
2023-07-26,2.9548049689698384,8.00000000000017,158,2023
2023-07-27,2.970019454718352,8.00000000000005,157,2023
2023-07-28,2.94777914200285,7.999999999999884,156,2023
2023-07-31,2.9797958167568472,8.000000000000252,153,2023
2023-08-01,2.9596673701695315,7.999999999999827,152,2023
2023-08-02,2.964406975918425,7.999999999999921,151,2023
2023-08-03,2.9693604405381886,7.999999999999876,150,2023
2023-08-04,2.9610293177309197,8.000000000000016,149,2023
2023-08-07,2.966691828253974,7.999999999999997,146,2023
2023-08-08,2.9756922658174374,7.999999999999975,145,2023
2023-08-09,2.995168310566499,7.99999999999972,144,2023
2023-08-10,3.0213328003047213,7.99999999999975,143,2023
2023-08-11,3.0264129170165184,7.999999999999936,142,2023
2023-08-14,3.0313511321942945,8.000000000000025,139,2023
2023-08-15,3.022796203264476,8.000000000000112,138,2023
2023-08-16,3.0066909723869926,8.0000000000001,137,2023
2023-08-17,2.9992648020342108,7.999999999999736,136,2023
2023-08-18,2.994210990720833,7.999999999999825,135,2023
2023-08-21,3.0021468053478197,8.000000000000068,132,2023
2023-08-22,3.030287325464379,8.000000000000053,131,2023
2023-08-23,3.036997613871514,7.99999999999997,130,2023
2023-08-24,3.045023444479814,8.000000000000188,129,2023
2023-08-25,3.054358777776124,7.999999999999945,128,2023
2023-08-28,3.089264968286535,8.000000000000087,125,2023
2023-08-29,3.0849774820373477,7.9999999999999725,124,2023
2023-08-30,3.0935913641231156,7.999999999999837,123,2023
2023-08-31,3.114120470480636,7.9999999999999325,122,2023
2023-09-01,3.112163233262218,8.000000000000137,121,2023
2023-09-04,3.0987211027453325,8.000000000000023,118,2023
2023-09-05,3.102923733397528,7.999999999999975,117,2023
2023-09-06,3.0925587110191244,8.000000000000028,116,2023
2023-09-07,3.1009137384175656,7.999999999999938,115,2023
2023-09-08,3.0856601249231552,8.000000000000092,114,2023
2023-09-11,3.0762054049360197,7.999999999999967,111,2023
2023-09-12,3.0456213776470955,8.000000000000187,110,2023
2023-09-13,3.0609944516213563,7.999999999999884,109,2023
2023-09-14,3.056620391260722,8.000000000000153,108,2023
2023-09-15,3.0679178362563424,7.9999999999999085,107,2023
2023-09-18,3.0698649711488586,7.99999999999984,104,2023
2023-09-19,3.074806976067656,8.000000000000105,103,2023
2023-09-20,3.0796960315964257,8.00000000000019,102,2023
2023-09-21,3.0784216601511036,8.000000000000124,101,2023
2023-09-22,3.1101675461422484,8.000000000000064,100,2023
2023-09-25,3.131959689362852,8.000000000000329,97,2023
2023-09-26,3.1232235714891465,8.000000000000183,96,2023
2023-09-27,3.120745432407001,8.000000000000018,95,2023
2023-09-28,3.13854405545249,8.000000000000009,94,2023
2023-09-29,3.152745301584184,8.000000000000258,93,2023
2023-10-02,3.1411780896875077,8.0,90,2023
2023-10-03,3.1377055998254533,8.000000000000226,89,2023
2023-10-04,3.1504450542857527,8.000000000000039,88,2023
2023-10-05,3.153225419991466,7.999999999999928,87,2023
2023-10-06,3.157835380475023,8.000000000000071,86,2023
2023-10-09,3.1624456323024144,7.99999999999998,83,2023
2023-10-10,3.1673139011181335,8.000000000000039,82,2023
2023-10-11,3.1549554620690445,8.000000000000243,81,2023
2023-10-12,3.146101787298392,7.99999999999978,80,2023
2023-10-13,3.148605194496532,8.00000000000006,79,2023
2023-10-16,3.1524796466570453,8.000000000000075,76,2023
2023-10-17,3.14581047989812,7.99999999999992,75,2023
2023-10-18,3.1313970597961736,8.00000000000016,74,2023
2023-10-19,3.1176696423392496,8.000000000000247,73,2023
2023-10-20,3.1186911868317058,8.00000000000018,72,2023
2023-10-23,3.1137635531929746,8.000000000000068,69,2023
2023-10-24,3.0993895151969393,8.00000000000008,68,2023
2023-10-25,3.1024722126637383,8.000000000000005,67,2023
2023-10-26,3.1093010832015833,7.9999999999999405,66,2023
2023-10-27,3.1206720302755553,8.000000000000021,65,2023
2023-10-30,3.123047080847977,8.000000000000048,62,2023
2023-10-31,3.1027144491050325,7.9999999999999405,61,2023
2023-11-01,3.1270279925208206,7.99999999999991,60,2023
2023-11-02,3.131912333201218,8.000000000000092,59,2023
2023-11-03,3.1354405709568436,8.000000000000187,58,2023
2023-11-06,3.150891072182417,8.000000000000071,55,2023
2023-11-07,3.129108016984263,8.000000000000092,54,2023
2023-11-08,3.143579744089483,8.000000000000227,53,2023
2023-11-09,3.161177808809209,8.000000000000016,52,2023
2023-11-10,3.164791285225479,8.000000000000117,51,2023
2023-11-13,3.158941501387273,8.000000000000128,48,2023
2023-11-14,3.1604721787681194,8.000000000000075,47,2023
2023-11-15,3.1934308079580216,8.000000000000142,46,2023
2023-11-16,3.1612122010480914,8.000000000000298,45,2023
2023-11-17,3.176031877108397,8.000000000000098,44,2023
2023-11-20,3.1684694066964014,7.999999999999999,41,2023
2023-11-21,3.162131764455828,8.000000000000043,40,2023
2023-11-22,3.1440721073820486,8.000000000000238,39,2023
2023-11-23,3.1634255478151503,8.00000000000009,38,2023
2023-11-24,3.147066126272631,7.999999999999756,37,2023
2023-11-27,3.153184143433237,7.999999999999993,34,2023
2023-11-28,3.1362645094471673,8.00000000000018,33,2023
2023-11-29,3.1367306436812883,8.000000000000105,32,2023
2023-11-30,3.14783563884927,8.000000000000075,31,2023
2023-12-01,3.133789633747776,8.000000000000156,30,2023
2023-12-04,3.1589761438242787,8.000000000000183,27,2023
2023-12-05,3.1383652165009877,8.000000000000377,26,2023
2023-12-06,3.148589648682929,8.00000000000029,25,2023
2023-12-07,3.1421505452887892,8.000000000000306,24,2023
2023-12-08,3.1505272858711026,8.000000000000089,23,2023
2023-12-11,3.149189186669307,8.000000000000165,20,2023
2023-12-12,3.14502065481919,8.000000000000048,19,2023
2023-12-13,3.125037409010701,8.000000000000261,18,2023
2023-12-14,3.1458662372121644,8.00000000000027,17,2023
2023-12-15,3.1672519317517467,8.000000000000256,16,2023
2023-12-18,,,13,2023
2023-12-19,,,12,2023
2023-12-20,,,11,2023
2023-12-21,,,10,2023
2023-12-22,,,9,2023
2023-12-25,,,6,2023
2023-12-26,,,5,2023
2023-12-27,,,4,2023
2023-12-28,,,3,2023
2023-12-29,,,2,2023
2024-01-01,,,365,2024
2024-01-02,,,364,2024
2024-01-03,,,363,2024
2024-01-04,,,362,2024
2024-01-05,,,361,2024
2024-01-08,,,358,2024
2024-01-09,,,357,2024
2024-01-10,,,356,2024
2024-01-11,,,355,2024
2024-01-12,,,354,2024
2024-01-15,,,351,2024
2024-01-16,,,350,2024
2024-01-17,,,349,2024
2024-01-18,,,348,2024
2024-01-19,,,347,2024
2024-01-22,,,344,2024
2024-01-23,,,343,2024
2024-01-24,,,342,2024
2024-01-25,,,341,2024
2024-01-26,,,340,2024
2024-01-29,,,337,2024
2024-01-30,,,336,2024
2024-01-31,,,335,2024
2024-02-01,,,334,2024
2024-02-02,,,333,2024
2024-02-05,,,330,2024
2024-02-06,,,329,2024
2024-02-07,,,328,2024
2024-02-08,,,327,2024
2024-02-09,,,326,2024
2024-02-12,,,323,2024
2024-02-13,,,322,2024
2024-02-14,,,321,2024
2024-02-15,,,320,2024
2024-02-16,,,319,2024
2024-02-19,,,316,2024
2024-02-20,,,315,2024
2024-02-21,,,314,2024
2024-02-22,,,313,2024
2024-02-23,,,312,2024
2024-02-26,,,309,2024
2024-02-27,,,308,2024
2024-02-28,,,307,2024
2024-02-29,,,306,2024
2024-03-01,,,305,2024
2024-03-04,,,302,2024
2024-03-05,,,301,2024
2024-03-06,,,300,2024
2024-03-07,,,299,2024
2024-03-08,,,298,2024
2024-03-11,,,295,2024
2024-03-12,,,294,2024
2024-03-13,,,293,2024
2024-03-14,,,292,2024
2024-03-15,,,291,2024
2024-03-18,,,288,2024
2024-03-19,,,287,2024
2024-03-20,,,286,2024
2024-03-21,,,285,2024
2024-03-22,,,284,2024
2024-03-25,,,281,2024
2024-03-26,,,280,2024
2024-03-27,,,279,2024
2024-03-28,,,278,2024
2024-03-29,,,277,2024
2024-04-01,,,274,2024
2024-04-02,,,273,2024
2024-04-03,3.1738445509155158,7.999999999999904,272,2024
2024-04-04,3.1763686823631176,7.999999999999911,271,2024
2024-04-05,3.1807850675078133,7.9999999999996865,270,2024
2024-04-08,3.1820975309891844,7.999999999999782,267,2024
2024-04-09,3.179341058420357,8.000000000000096,266,2024
2024-04-10,3.1838377449258344,8.0,265,2024
2024-04-11,3.192616439149963,7.999999999999724,264,2024
2024-04-12,3.194165301534846,8.000000000000163,263,2024
2024-04-15,3.209955159862337,7.999999999999898,260,2024
2024-04-16,3.2104139566827112,8.000000000000277,259,2024
2024-04-17,3.215407719254166,7.999999999999901,258,2024
2024-04-18,3.2042895255452732,7.999999999999967,257,2024
2024-04-19,3.1920363344525304,8.000000000000112,256,2024
2024-04-22,3.208736578830711,7.999999999999923,253,2024
2024-04-23,3.227824467953456,7.999999999999924,252,2024
2024-04-24,3.2421459661203436,7.999999999999963,251,2024
2024-04-25,3.2333826816278157,8.000000000000053,250,2024
2024-04-26,3.2185589588455494,8.00000000000029,249,2024
2024-04-29,3.201281839398156,8.000000000000005,246,2024
2024-04-30,3.2072404672975963,8.000000000000291,245,2024
2024-05-01,3.1936359976262683,7.99999999999997,244,2024
2024-05-02,3.2108339284413114,8.000000000000009,243,2024
2024-05-03,3.2001116003506103,7.999999999999773,242,2024
2024-05-06,3.205402764257222,8.000000000000144,239,2024
2024-05-07,3.183895914261114,8.000000000000327,238,2024
2024-05-08,3.203237973182519,7.999999999999647,237,2024
2024-05-09,3.2043146271538685,7.999999999999743,236,2024
2024-05-10,3.214382006211241,7.999999999999928,235,2024
2024-05-13,3.2044723041088465,7.99999999999992,232,2024
2024-05-14,3.2071543569514556,8.000000000000131,231,2024
2024-05-15,3.217861443259922,8.00000000000015,230,2024
2024-05-16,3.2241498401307003,7.999999999999552,229,2024
2024-05-17,3.235329054424253,7.999999999999724,228,2024
2024-05-20,3.2306207790928685,7.999999999999768,225,2024
2024-05-21,3.2239026691574995,7.999999999999878,224,2024
2024-05-22,3.2340916814164653,7.999999999999971,223,2024
2024-05-23,3.2509017037831303,7.99999999999977,222,2024
2024-05-24,3.259430794257087,7.99999999999998,221,2024
2024-05-27,3.2605500789436146,7.999999999999788,218,2024
2024-05-28,3.2606803172405017,8.000000000000085,217,2024
2024-05-29,3.2739639036523034,7.999999999999701,216,2024
2024-05-30,3.292846805692531,7.999999999999864,215,2024
2024-05-31,3.3173052103116687,7.99999999999972,214,2024
2024-06-03,3.298742208963523,8.000000000000245,211,2024
2024-06-04,3.296848479832652,8.000000000000075,210,2024
2024-06-05,3.3126248548639166,8.000000000000048,209,2024
2024-06-06,3.3048581150693406,8.000000000000218,208,2024
2024-06-07,3.285979364160477,7.999999999999993,207,2024
2024-06-10,3.290736946570523,7.999999999999849,204,2024
2024-06-11,3.301761192913438,7.999999999999908,203,2024
2024-06-12,3.2940482489623513,7.999999999999796,202,2024
2024-06-13,3.3069951962146162,8.000000000000037,201,2024
2024-06-14,3.318590995770183,8.000000000000167,200,2024
2024-06-17,3.3164464873324153,7.999999999999866,197,2024
2024-06-18,3.330410347422486,7.9999999999998685,196,2024
2024-06-19,3.352293640066041,7.9999999999997655,195,2024
2024-06-20,3.3543375739784125,7.9999999999998215,194,2024
2024-06-21,3.3235805352487784,7.999999999999906,193,2024
2024-06-24,3.3184417835819238,8.000000000000252,190,2024
2024-06-25,3.3186090324405146,7.99999999999991,189,2024
2024-06-26,3.3280444982846342,7.999999999999777,188,2024
2024-06-27,3.323823231454865,7.999999999999819,187,2024
2024-06-28,3.328281294626075,8.000000000000288,186,2024
2024-07-01,3.345814230531543,7.999999999999775,183,2024
2024-07-02,3.3784711687594444,7.99999999999992,182,2024
2024-07-03,3.377695367215326,8.000000000000156,181,2024
2024-07-04,3.3660035425857613,8.000000000000043,180,2024
2024-07-05,3.367073951949089,7.999999999999872,179,2024
2024-07-08,3.3674482855085817,7.999999999999903,176,2024
2024-07-09,3.3699769985204275,7.999999999999999,175,2024
2024-07-10,3.3641129976329847,7.999999999999842,174,2024
2024-07-11,3.3758043918870033,7.9999999999998055,173,2024
2024-07-12,3.373114995457684,8.000000000000016,172,2024
2024-07-15,3.3811784268590235,7.999999999999929,169,2024
2024-07-16,3.3561083302436554,7.999999999999921,168,2024
2024-07-17,3.3474534992200478,7.9999999999998295,167,2024
2024-07-18,3.3275999559717366,7.999999999999846,166,2024
2024-07-19,3.3205812998154465,7.999999999999878,165,2024
2024-07-22,3.3167826632365762,8.00000000000011,162,2024
2024-07-23,3.337481425888692,8.000000000000183,161,2024
2024-07-24,3.327376338682309,8.000000000000112,160,2024
2024-07-25,3.3031239695150676,7.9999999999997655,159,2024
2024-07-26,3.294104126593308,8.000000000000124,158,2024
2024-07-29,3.3143585743398525,7.999999999999813,155,2024
2024-07-30,3.3134183395021473,8.00000000000014,154,2024
2024-07-31,3.311615281816464,8.000000000000124,153,2024
2024-08-01,3.296169248059016,7.999999999999903,152,2024
2024-08-02,3.317200182770777,7.999999999999805,151,2024
2024-08-05,3.322159582825595,7.99999999999997,148,2024
2024-08-06,3.3308543649017635,8.000000000000213,147,2024
2024-08-07,3.323537781483272,7.999999999999886,146,2024
2024-08-08,3.3061093762202685,7.99999999999982,145,2024
2024-08-09,3.321951636509594,8.000000000000016,144,2024
2024-08-12,3.3281588024118802,8.000000000000002,141,2024
2024-08-13,3.3120284957650985,8.000000000000039,140,2024
2024-08-14,3.301867430532268,8.000000000000105,139,2024
2024-08-15,3.2989243283843708,7.9999999999999165,138,2024
2024-08-16,3.3052910607684978,7.999999999999908,137,2024
2024-08-19,3.3029875390041474,7.999999999999993,134,2024
2024-08-20,3.2981393787409274,7.99999999999995,133,2024
2024-08-21,3.2973854048630735,7.999999999999832,132,2024
2024-08-22,3.3022997276839816,7.999999999999953,131,2024
2024-08-23,3.296591247887062,8.000000000000032,130,2024
2024-08-26,3.3027077739762136,7.99999999999995,127,2024
2024-08-27,3.302476244595794,8.000000000000009,126,2024
2024-08-28,3.2909232216526196,7.999999999999888,125,2024
2024-08-29,3.3079755744222483,7.999999999999914,124,2024
2024-08-30,3.3076217587930747,8.000000000000128,123,2024
2024-09-02,3.3204300066564056,8.000000000000169,120,2024
2024-09-03,3.3297525467710023,8.000000000000004,119,2024
2024-09-04,3.3079472703965034,7.999999999999924,118,2024
2024-09-05,3.2987011376002053,8.00000000000006,117,2024
2024-09-06,3.305000464512162,8.000000000000048,116,2024
2024-09-09,3.2883055064604876,8.000000000000128,113,2024
2024-09-10,3.280860458467285,7.999999999999957,112,2024
2024-09-11,3.287957729851455,7.999999999999963,111,2024
2024-09-12,3.2736754643780945,8.000000000000005,110,2024
2024-09-13,3.2753592106063745,8.000000000000167,109,2024
2024-09-16,3.279509632316891,7.999999999999955,106,2024
2024-09-17,3.2666216415889564,7.999999999999872,105,2024
2024-09-18,3.2972567994067337,8.000000000000188,104,2024
2024-09-19,3.272480519851216,8.000000000000005,103,2024
2024-09-20,3.280409443291573,8.000000000000052,102,2024
2024-09-23,3.299673576175906,8.000000000000117,99,2024
2024-09-24,3.294312594057419,8.000000000000012,98,2024
2024-09-25,3.301570355342054,8.000000000000066,97,2024
2024-09-26,3.3140658045754443,8.000000000000158,96,2024
2024-09-27,3.299895059791589,7.999999999999946,95,2024
2024-09-30,3.319535374744441,8.000000000000043,92,2024
2024-10-01,3.309029971563428,8.000000000000123,91,2024
2024-10-02,3.2978712068005107,8.000000000000066,90,2024
2024-10-03,3.2962021296599833,8.000000000000128,89,2024
2024-10-04,3.275611686429453,7.999999999999973,88,2024
2024-10-07,3.280742324642619,8.000000000000043,85,2024
2024-10-08,3.3004217304442456,8.000000000000133,84,2024
2024-10-09,3.3086115065783366,8.00000000000019,83,2024
2024-10-10,3.2980941513800497,8.00000000000011,82,2024
2024-10-11,3.2555156697767145,8.000000000000028,81,2024
2024-10-14,3.2531990525197454,8.000000000000059,78,2024
2024-10-15,3.2659048420487813,8.000000000000117,77,2024
2024-10-16,3.2561741538236153,8.000000000000046,76,2024
2024-10-17,3.2627792474017654,7.9999999999999005,75,2024
2024-10-18,3.2455843623890823,8.000000000000277,74,2024
2024-10-21,3.2879426678045176,8.000000000000073,71,2024
2024-10-22,3.2750547905268355,8.000000000000068,70,2024
2024-10-23,3.274555325750921,7.999999999999995,69,2024
2024-10-24,3.24619896647999,8.000000000000092,68,2024
2024-10-25,3.246561321188417,7.99999999999998,67,2024
2024-10-28,3.269148293221258,8.000000000000107,64,2024
2024-10-29,3.276670390704339,8.000000000000068,63,2024
2024-10-30,3.287011235959038,8.000000000000044,62,2024
2024-10-31,3.275746073471328,8.000000000000096,61,2024
2024-11-01,3.2964295843504945,7.9999999999999725,60,2024
2024-11-04,3.2951324635096975,8.000000000000087,57,2024
2024-11-05,3.291780741766277,8.000000000000194,56,2024
2024-11-06,3.2959314306963097,8.000000000000133,55,2024
2024-11-07,3.2935861974806637,8.000000000000021,54,2024
2024-11-08,3.289571537071666,8.000000000000156,53,2024
2024-11-11,3.2998276917506466,8.000000000000064,50,2024
2024-11-12,3.3139120785677942,8.000000000000025,49,2024
2024-11-13,3.3067864782960386,8.00000000000008,48,2024
2024-11-14,3.3110926515252523,7.999999999999933,47,2024
2024-11-15,3.306766000987088,8.000000000000147,46,2024
2024-11-18,3.2916391924556696,8.000000000000025,43,2024
2024-11-19,3.301731807620026,7.999999999999982,42,2024
2024-11-20,3.31585136305868,8.000000000000071,41,2024
2024-11-21,3.3011621644666604,8.000000000000092,40,2024
2024-11-22,3.29450436996124,8.000000000000107,39,2024
2024-11-25,3.31174610426224,8.00000000000013,36,2024
2024-11-26,3.3163471265264586,8.0000000000002,35,2024
2024-11-27,3.3172205533281347,8.000000000000107,34,2024
2024-11-28,3.344765234383686,8.00000000000026,33,2024
2024-11-29,3.329712806248007,8.000000000000124,32,2024
2024-12-02,3.296275360102119,8.000000000000114,29,2024
2024-12-03,3.2731964724796487,8.000000000000046,28,2024
2024-12-04,3.282695390156377,7.9999999999999405,27,2024
2024-12-05,3.288746045659251,8.000000000000217,26,2024
2024-12-06,3.2927604570810938,8.000000000000227,25,2024
2024-12-09,3.27102783002507,8.00000000000018,22,2024
2024-12-10,3.2588695431488643,7.999999999999993,21,2024
2024-12-11,3.2691913086946207,8.000000000000066,20,2024
2024-12-12,3.2527023718872172,8.000000000000123,19,2024
2024-12-13,3.2722492645887087,8.000000000000169,18,2024
2024-12-16,3.269701351421142,8.000000000000112,15,2024
2024-12-17,3.2841818390490842,8.000000000000144,14,2024
2024-12-18,,,13,2024
2024-12-19,,,12,2024
2024-12-20,,,11,2024
2024-12-23,,,8,2024
2024-12-24,,,7,2024
2024-12-25,,,6,2024
2024-12-26,,,5,2024
2024-12-27,,,4,2024
2024-12-30,,,1,2024
2024-12-31,,,0,2024
2025-01-01,,,364,2025
2025-01-02,,,363,2025
2025-01-03,,,362,2025
2025-01-06,,,359,2025
2025-01-07,,,358,2025
2025-01-08,,,357,2025
2025-01-09,,,356,2025
2025-01-10,,,355,2025
2025-01-13,,,352,2025
2025-01-14,,,351,2025
2025-01-15,,,350,2025
2025-01-16,,,349,2025
2025-01-17,,,348,2025
2025-01-20,,,345,2025
2025-01-21,,,344,2025
2025-01-22,,,343,2025
2025-01-23,,,342,2025
2025-01-24,,,341,2025
2025-01-27,,,338,2025
2025-01-28,,,337,2025
2025-01-29,,,336,2025
2025-01-30,,,335,2025
2025-01-31,,,334,2025
2025-02-03,,,331,2025
2025-02-04,,,330,2025
2025-02-05,,,329,2025
2025-02-06,,,328,2025
2025-02-07,,,327,2025
2025-02-10,,,324,2025
2025-02-11,,,323,2025
2025-02-12,,,322,2025
2025-02-13,,,321,2025
2025-02-14,,,320,2025
2025-02-17,,,317,2025
2025-02-18,,,316,2025
2025-02-19,,,315,2025
2025-02-20,,,314,2025
2025-02-21,,,313,2025
2025-02-24,,,310,2025
2025-02-25,,,309,2025
2025-02-26,,,308,2025
2025-02-27,,,307,2025
2025-02-28,,,306,2025
2025-03-03,,,303,2025
2025-03-04,,,302,2025
2025-03-05,,,301,2025
2025-03-06,,,300,2025
2025-03-07,,,299,2025
2025-03-10,,,296,2025
2025-03-11,,,295,2025
2025-03-12,,,294,2025
2025-03-13,,,293,2025
2025-03-14,,,292,2025
2025-03-17,,,289,2025
2025-03-18,,,288,2025
2025-03-19,,,287,2025
2025-03-20,,,286,2025
2025-03-21,,,285,2025
2025-03-24,,,282,2025
2025-03-25,,,281,2025
2025-03-26,,,280,2025
2025-03-27,,,279,2025
2025-03-28,,,278,2025
2025-03-31,,,275,2025
2025-04-01,,,274,2025
2025-04-02,,,273,2025
2025-04-03,3.4450169513409064,7.999999999999953,272,2025
2025-04-04,3.4381817041376297,7.999999999999839,271,2025
2025-04-07,3.455274796347483,8.00000000000012,268,2025
2025-04-08,3.459258568262885,7.999999999999842,267,2025
2025-04-09,3.4489295511685287,8.000000000000107,266,2025
2025-04-10,3.443990395758071,8.000000000000025,265,2025
2025-04-11,3.4697835181833088,7.999999999999876,264,2025
2025-04-14,3.4477101698902315,8.000000000000055,261,2025
2025-04-15,3.4499507662062463,8.000000000000135,260,2025
2025-04-16,3.434097295286115,7.999999999999649,259,2025
2025-04-17,3.4216852053853057,8.00000000000021,258,2025
2025-04-18,3.424595820884772,8.000000000000036,257,2025
2025-04-21,3.4202145711929672,7.999999999999945,254,2025
2025-04-22,3.424368256898832,7.999999999999677,253,2025
2025-04-23,3.4259171684819174,8.000000000000075,252,2025
2025-04-24,3.406767241838469,7.999999999999914,251,2025
2025-04-25,3.38686138016531,7.999999999999847,250,2025
2025-04-28,3.3591947217668925,7.999999999999993,247,2025
2025-04-29,3.34561456651623,7.999999999999842,246,2025
2025-04-30,3.350251319504406,8.000000000000055,245,2025
2025-05-01,3.351792422796498,7.99999999999996,244,2025
2025-05-02,3.3428912200997396,7.999999999999931,243,2025
2025-05-05,3.3609079175721708,8.000000000000252,240,2025
2025-05-06,3.359911364422709,7.999999999999694,239,2025
2025-05-07,3.363559199278649,8.000000000000027,238,2025
2025-05-08,3.352970192080802,7.999999999999782,237,2025
2025-05-09,3.345948887182775,8.000000000000144,236,2025
2025-05-12,3.3272927419971445,7.999999999999828,233,2025
2025-05-13,3.3400732127965984,7.9999999999998614,232,2025
2025-05-14,3.3603286493814633,7.999999999999882,231,2025
2025-05-15,3.357882378642972,8.000000000000094,230,2025
2025-05-16,3.3641757089702184,7.9999999999999964,229,2025
2025-05-19,3.347794903616038,7.999999999999856,226,2025
2025-05-20,3.3530786887905566,7.99999999999998,225,2025
2025-05-21,3.3663070251290357,7.9999999999999325,224,2025
2025-05-22,3.3713015295255615,7.999999999999913,223,2025
2025-05-23,3.357351686562278,8.000000000000245,222,2025
2025-05-26,3.352582962996564,7.99999999999978,219,2025
2025-05-27,3.3617770439507546,7.999999999999792,218,2025
2025-05-28,3.362466578820655,7.999999999999694,217,2025
2025-05-29,3.3706024878634278,7.999999999999929,216,2025
2025-05-30,3.3602136002029996,8.000000000000021,215,2025
2025-06-02,3.3450662582887603,8.000000000000146,212,2025
2025-06-03,3.365233390815478,7.99999999999978,211,2025
2025-06-04,3.361294548336993,8.00000000000011,210,2025
2025-06-05,3.3460022780292205,7.999999999999933,209,2025
2025-06-06,3.348413786864041,8.000000000000032,208,2025
2025-06-09,3.351817558390929,8.000000000000233,205,2025
2025-06-10,3.373025390419521,7.999999999999681,204,2025
2025-06-11,3.391949137953933,8.000000000000025,203,2025
2025-06-12,3.3868858475608437,7.999999999999799,202,2025
2025-06-13,3.4050569168943596,8.000000000000087,201,2025
2025-06-16,3.3973585395946833,7.9999999999999964,198,2025
2025-06-17,3.426209982232033,7.999999999999961,197,2025
2025-06-18,3.4404247903703085,7.999999999999828,196,2025
2025-06-19,3.421623283656055,8.000000000000282,195,2025
2025-06-20,3.401446317936967,7.999999999999857,194,2025
2025-06-23,3.403292518435769,7.999999999999802,191,2025
2025-06-24,3.3873772107068816,7.999999999999479,190,2025
2025-06-25,3.375407413416934,7.999999999999832,189,2025
2025-06-26,3.3717497952589373,8.000000000000064,188,2025
2025-06-27,3.3687116038163984,8.00000000000004,187,2025
2025-06-30,3.3576020207613624,8.000000000000082,184,2025
2025-07-01,3.342869979211028,8.000000000000009,183,2025
2025-07-02,3.3513072556449117,7.999999999999792,182,2025
2025-07-03,3.333270242167952,7.999999999999938,181,2025
2025-07-04,3.347021546672605,7.999999999999845,180,2025
2025-07-07,3.3312255719224075,7.9999999999998765,177,2025
2025-07-08,3.3321898353137387,7.999999999999819,176,2025
2025-07-09,3.320793884868697,7.999999999999892,175,2025
2025-07-10,3.330016192176345,8.000000000000062,174,2025
2025-07-11,3.3405691416097953,7.99999999999998,173,2025
2025-07-14,3.3265112027624424,8.000000000000181,170,2025
2025-07-15,3.345273482752726,8.00000000000007,169,2025
2025-07-16,3.3287505907405768,7.999999999999793,168,2025
2025-07-17,3.3338232341890195,8.000000000000068,167,2025
2025-07-18,3.3341812001973654,8.000000000000023,166,2025
2025-07-21,3.3394720268036284,8.000000000000158,163,2025
2025-07-22,3.3409480603691906,7.999999999999874,162,2025
2025-07-23,3.3526338149623616,8.000000000000156,161,2025
2025-07-24,3.3518893060987285,7.999999999999963,160,2025
2025-07-25,3.365432408336571,8.000000000000112,159,2025
2025-07-28,3.35524371440601,8.000000000000007,156,2025
2025-07-29,3.3564152001937404,7.99999999999996,155,2025
2025-07-30,3.3431047973307715,7.9999999999998215,154,2025
2025-07-31,3.339413781053097,8.000000000000096,153,2025
2025-08-01,3.3205715500152975,8.000000000000052,152,2025
2025-08-04,3.3272237517275802,7.99999999999997,149,2025
2025-08-05,3.333151504187994,8.000000000000126,148,2025
2025-08-06,3.3005835866407995,7.999999999999953,147,2025
2025-08-07,3.306766896817835,7.999999999999933,146,2025
2025-08-08,3.3204769380523667,7.999999999999884,145,2025
2025-08-11,3.3397768093393414,7.999999999999854,142,2025
2025-08-12,3.359649317932651,7.999999999999832,141,2025
2025-08-13,3.3750175400280185,7.999999999999835,140,2025
2025-08-14,3.381889877241946,7.999999999999867,139,2025
2025-08-15,3.3434801383245265,8.000000000000046,138,2025
2025-08-18,3.336485263239657,7.999999999999989,135,2025
2025-08-19,3.3445491907262084,7.9999999999999964,134,2025
2025-08-20,3.318590957869949,7.999999999999963,133,2025
2025-08-21,3.3376188104546345,7.999999999999926,132,2025
2025-08-22,3.3026307155709445,7.999999999999997,131,2025
2025-08-25,3.302749783686322,7.999999999999775,128,2025
2025-08-26,3.3117453435650996,7.999999999999819,127,2025
2025-08-27,3.2960140532586117,7.9999999999998535,126,2025
2025-08-28,3.287935839085009,7.999999999999904,125,2025
2025-08-29,3.2925483104100346,7.99999999999996,124,2025
2025-09-01,3.3085773234194953,8.000000000000043,121,2025
2025-09-02,3.313009257294675,8.000000000000162,120,2025
2025-09-03,3.3237648369348616,8.000000000000044,119,2025
2025-09-04,3.3323042633287923,7.9999999999999405,118,2025
2025-09-05,3.3404139210492074,8.000000000000004,117,2025
2025-09-08,3.335307317000931,8.000000000000131,114,2025
2025-09-09,3.3439492453773654,8.000000000000071,113,2025
2025-09-10,3.3374551334431706,7.999999999999935,112,2025
2025-09-11,3.3267621544647294,8.000000000000181,111,2025
2025-09-12,3.3046725676728834,7.9999999999999725,110,2025
2025-09-15,3.3053017807773077,8.000000000000174,107,2025
2025-09-16,3.3079994492183533,7.999999999999904,106,2025
2025-09-17,3.2956698431748914,8.000000000000178,105,2025
2025-09-18,3.31238747652693,7.999999999999925,104,2025
2025-09-19,3.3030302900940227,8.000000000000131,103,2025
2025-09-22,3.3072924604628464,8.000000000000133,100,2025
2025-09-23,3.3086988562423763,7.999999999999985,99,2025
2025-09-24,3.302933917304254,8.000000000000068,98,2025
2025-09-25,3.2807340186715575,8.000000000000025,97,2025
2025-09-26,3.27825989224638,8.000000000000025,96,2025
2025-09-29,3.2734192010069565,7.999999999999983,93,2025
2025-09-30,3.2664901852414587,7.999999999999945,92,2025
2025-10-01,3.275213210887811,8.000000000000197,91,2025
2025-10-02,3.27987777356789,7.999999999999977,90,2025
2025-10-03,3.267680667484948,8.000000000000028,89,2025
2025-10-06,3.284368392514862,7.9999999999999964,86,2025
2025-10-07,3.277365763562252,8.000000000000071,85,2025
2025-10-08,3.304823610865957,8.000000000000073,84,2025
2025-10-09,3.3096359932935155,8.000000000000016,83,2025
2025-10-10,3.3095058575974807,8.000000000000123,82,2025
2025-10-13,3.3145850576928955,8.000000000000034,79,2025
2025-10-14,3.325866111281296,8.000000000000087,78,2025
2025-10-15,3.315860678084523,8.000000000000007,77,2025
2025-10-16,3.3264110090713435,8.00000000000002,76,2025
2025-10-17,3.3069305743780624,7.99999999999997,75,2025
2025-10-20,3.3006802457530697,8.00000000000001,72,2025
2025-10-21,3.2745146833081895,7.999999999999961,71,2025
2025-10-22,3.2932610394075765,8.000000000000204,70,2025
2025-10-23,3.3214116125716604,7.9999999999998375,69,2025
2025-10-24,3.318764002424832,8.000000000000028,68,2025
2025-10-27,3.31966838156582,7.999999999999955,65,2025
2025-10-28,3.3216243740045344,7.99999999999998,64,2025
2025-10-29,3.3484518241235377,8.000000000000096,63,2025
2025-10-30,3.3404186404669636,8.000000000000114,62,2025
2025-10-31,3.355381239638596,8.000000000000009,61,2025
2025-11-03,3.3376566433260786,8.000000000000185,58,2025
2025-11-04,3.3343359473696155,8.00000000000014,57,2025
2025-11-05,3.3149792073424873,8.000000000000114,56,2025
2025-11-06,3.344900138637454,8.000000000000016,55,2025
2025-11-07,3.344453337058396,8.000000000000068,54,2025
2025-11-10,3.338228639520664,8.000000000000055,51,2025
2025-11-11,3.3599893533886815,8.000000000000233,50,2025
2025-11-12,3.381766050975973,8.000000000000128,49,2025
2025-11-13,3.358360886723483,7.9999999999999725,48,2025
2025-11-14,3.3758985239860904,8.000000000000203,47,2025
2025-11-17,3.359777279033366,8.00000000000022,44,2025
2025-11-18,3.369117333582779,8.000000000000131,43,2025
2025-11-19,3.364243093315358,8.00000000000005,42,2025
2025-11-20,3.3485954074017856,8.000000000000181,41,2025
2025-11-21,3.3337045443872406,8.000000000000009,40,2025
2025-11-24,3.3124282703828007,8.000000000000258,37,2025
2025-11-25,3.3289082257149136,8.00000000000006,36,2025
2025-11-26,3.3611093845270488,8.000000000000085,35,2025
2025-11-27,3.345248389171856,8.000000000000076,34,2025
2025-11-28,3.3282201750396085,8.000000000000064,33,2025
2025-12-01,3.312933814452433,8.00000000000009,30,2025
2025-12-02,3.3096928305793853,8.000000000000194,29,2025
2025-12-03,3.307023258748802,7.999999999999989,28,2025
2025-12-04,3.305953485618098,8.000000000000064,27,2025
2025-12-05,3.31218066897263,8.000000000000364,26,2025
2025-12-08,3.2907838742940876,8.00000000000028,23,2025
2025-12-09,3.271261673169042,8.000000000000103,22,2025
2025-12-10,3.2724275482849055,8.00000000000021,21,2025
2025-12-11,3.2509647664569985,8.000000000000135,20,2025
2025-12-12,3.2493648419153986,8.000000000000016,19,2025
2025-12-15,3.248793022983759,8.000000000000032,16,2025
2025-12-16,3.2607152941570816,8.000000000000284,15,2025
2025-12-17,3.2606208600627262,8.000000000000353,14,2025
2025-12-18,,,13,2025
2025-12-19,,,12,2025
2025-12-22,,,9,2025
2025-12-23,,,8,2025
2025-12-24,,,7,2025
2025-12-25,,,6,2025
2025-12-26,,,5,2025
2025-12-29,,,2,2025
2025-12-30,,,1,2025
2025-12-31,,,0,2025
2026-01-01,,,364,2026
2026-01-02,,,363,2026
2026-01-05,,,360,2026
2026-01-06,,,359,2026
2026-01-07,,,358,2026
2026-01-08,,,357,2026
2026-01-09,,,356,2026
2026-01-12,,,353,2026
2026-01-13,,,352,2026
2026-01-14,,,351,2026
2026-01-15,,,350,2026
2026-01-16,,,349,2026
2026-01-19,,,346,2026
2026-01-20,,,345,2026
2026-01-21,,,344,2026
2026-01-22,,,343,2026
2026-01-23,,,342,2026
2026-01-26,,,339,2026
2026-01-27,,,338,2026
2026-01-28,,,337,2026
2026-01-29,,,336,2026
2026-01-30,,,335,2026
2026-02-02,,,332,2026
2026-02-03,,,331,2026
2026-02-04,,,330,2026
2026-02-05,,,329,2026
2026-02-06,,,328,2026
2026-02-09,,,325,2026
2026-02-10,,,324,2026
2026-02-11,,,323,2026
2026-02-12,,,322,2026
2026-02-13,,,321,2026
2026-02-16,,,318,2026
2026-02-17,,,317,2026
2026-02-18,,,316,2026
2026-02-19,,,315,2026
2026-02-20,,,314,2026
2026-02-23,,,311,2026
2026-02-24,,,310,2026
2026-02-25,,,309,2026
2026-02-26,,,308,2026
2026-02-27,,,307,2026
2026-03-02,,,304,2026
2026-03-03,,,303,2026
2026-03-04,,,302,2026
2026-03-05,,,301,2026
2026-03-06,,,300,2026
2026-03-09,,,297,2026
2026-03-10,,,296,2026
2026-03-11,,,295,2026
2026-03-12,,,294,2026
2026-03-13,,,293,2026
2026-03-16,,,290,2026
2026-03-17,,,289,2026
2026-03-18,,,288,2026
2026-03-19,,,287,2026
2026-03-20,,,286,2026
2026-03-23,,,283,2026
2026-03-24,,,282,2026
2026-03-25,,,281,2026
2026-03-26,,,280,2026
2026-03-27,,,279,2026
2026-03-30,,,276,2026
2026-03-31,,,275,2026
2026-04-01,,,274,2026
2026-04-02,,,273,2026
2026-04-03,3.141187661177173,7.99999999999966,272,2026
2026-04-06,3.121572776900378,8.000000000000114,269,2026
2026-04-07,3.1278304053102324,8.000000000000075,268,2026
2026-04-08,3.12767109293511,7.99999999999965,267,2026
2026-04-09,3.1176260130627433,7.999999999999696,266,2026
2026-04-10,3.0965435575686886,8.000000000000043,265,2026
2026-04-13,3.087912476669832,7.999999999999871,262,2026
2026-04-14,3.083589536002564,7.999999999999987,261,2026
2026-04-15,3.1029606490730104,7.9999999999997335,260,2026
2026-04-16,3.106868783995872,7.999999999999376,259,2026
2026-04-17,3.1071273917462827,8.000000000000043,258,2026
2026-04-20,3.1131220025965076,8.000000000000039,255,2026
2026-04-21,3.1186817960926394,7.999999999999773,254,2026
2026-04-22,3.132512395091144,7.999999999999857,253,2026
2026-04-23,3.1356055033869294,8.000000000000028,252,2026
2026-04-24,3.1235176540263687,7.999999999999748,251,2026
2026-04-27,3.1104761222023307,7.99999999999998,248,2026
2026-04-28,3.1143613299968345,7.999999999999957,247,2026
2026-04-29,3.09989088058565,8.000000000000238,246,2026
2026-04-30,3.109124805081996,8.000000000000044,245,2026
2026-05-01,3.1145681914201773,8.000000000000252,244,2026
2026-05-04,3.099352645493857,7.999999999999924,241,2026
2026-05-05,3.100124512471868,7.999999999999908,240,2026
2026-05-06,3.123779344430738,7.999999999999894,239,2026
2026-05-07,3.138989150631341,8.000000000000004,238,2026
2026-05-08,3.1249512729031164,7.999999999999936,237,2026
2026-05-11,3.117247015898807,7.999999999999921,234,2026
2026-05-12,3.1372913082938547,8.00000000000002,233,2026
2026-05-13,3.1351635917745253,7.99999999999996,232,2026
2026-05-14,3.1324801812926224,8.0000000000002,231,2026
2026-05-15,3.121770325348674,7.999999999999914,230,2026
2026-05-18,3.12368179833011,7.9999999999996145,227,2026
2026-05-19,3.116843293577095,7.999999999999898,226,2026
2026-05-20,3.1125220459426073,8.000000000000055,225,2026
2026-05-21,3.1207353518784404,8.00000000000009,224,2026
2026-05-22,3.1236795534277606,7.999999999999845,223,2026
2026-05-25,3.0932536941990074,7.999999999999908,220,2026
2026-05-26,3.0838988015687154,8.000000000000174,219,2026
2026-05-27,3.072837500546073,7.999999999999782,218,2026
2026-05-28,3.0780835732426532,8.00000000000015,217,2026
2026-05-29,3.089560167940033,8.00000000000002,216,2026
2026-06-01,3.0930106217564863,7.9999999999997895,213,2026
2026-06-02,3.1048877856951567,7.999999999999888,212,2026
2026-06-03,3.1023991493075997,7.9999999999998055,211,2026
2026-06-04,3.1081896235244755,7.999999999999602,210,2026
2026-06-05,3.1200135365030635,8.0000000000001,209,2026
2026-06-08,3.1165197451744606,7.999999999999854,206,2026
2026-06-09,3.109760081841998,7.999999999999871,205,2026
2026-06-10,3.107649612559029,8.000000000000039,204,2026
2026-06-11,3.101010062324426,8.00000000000002,203,2026
2026-06-12,3.1084017438523297,8.000000000000071,202,2026
2026-06-15,3.092264984959049,7.9999999999998215,199,2026
2026-06-16,3.08966996871978,7.999999999999707,198,2026
2026-06-17,3.113226708963023,7.999999999999742,197,2026
2026-06-18,3.0979087348695886,8.000000000000012,196,2026
2026-06-19,3.1065244108408314,7.999999999999946,195,2026
2026-06-22,3.1243870280125106,7.999999999999706,192,2026
2026-06-23,3.140136281989511,7.999999999999963,191,2026
2026-06-24,3.146964378305215,8.00000000000006,190,2026
2026-06-25,3.1499604057094897,7.999999999999664,189,2026
2026-06-26,3.1561725795123445,7.999999999999676,188,2026
2026-06-29,3.147755576017888,7.999999999999856,185,2026
2026-06-30,3.1396096122142154,8.000000000000023,184,2026
2026-07-01,3.1478980829178282,8.00000000000001,183,2026
2026-07-02,3.1589532027460643,8.00000000000001,182,2026
2026-07-03,3.175077217679533,8.00000000000005,181,2026
2026-07-06,3.1570557695935713,7.999999999999958,178,2026
2026-07-07,3.1725035156668953,8.000000000000036,177,2026
2026-07-08,3.1553981666896496,7.999999999999863,176,2026
2026-07-09,3.169839622538196,7.999999999999957,175,2026
2026-07-10,3.1554099049120508,7.999999999999792,174,2026
2026-07-13,3.1740315384142526,8.000000000000215,171,2026
2026-07-14,3.1615319372208504,8.000000000000046,170,2026
2026-07-15,3.1594597155419466,8.000000000000068,169,2026
2026-07-16,3.1572012116053547,7.99999999999999,168,2026
2026-07-17,3.1648380708631922,7.999999999999901,167,2026
2026-07-20,3.1600934337319955,7.999999999999809,164,2026
2026-07-21,3.1633292989358335,8.000000000000007,163,2026
2026-07-22,3.16730234886182,7.999999999999893,162,2026
2026-07-23,3.167440030539298,8.00000000000006,161,2026
2026-07-24,3.1434558639850554,7.99999999999985,160,2026
2026-07-27,3.1388078745654098,8.000000000000107,157,2026
2026-07-28,3.1298588351316696,7.999999999999863,156,2026
2026-07-29,3.140571314133316,7.99999999999998,155,2026
2026-07-30,3.1489682708281435,8.000000000000052,154,2026
2026-07-31,3.152888240846468,8.000000000000114,153,2026
2026-08-03,3.160616126066933,8.000000000000155,150,2026
2026-08-04,3.157231158637085,7.999999999999901,149,2026
2026-08-05,3.172684521241281,8.000000000000128,148,2026
2026-08-06,3.1680555581766465,7.999999999999871,147,2026
2026-08-07,3.1671645467633636,8.00000000000005,146,2026
2026-08-10,3.1814320302413197,7.999999999999857,143,2026
2026-08-11,3.191307264268351,7.999999999999733,142,2026
2026-08-12,3.1770253495239325,7.9999999999999485,141,2026
2026-08-13,3.1749689462003086,7.999999999999723,140,2026
2026-08-14,3.167228138189613,7.999999999999943,139,2026
2026-08-17,3.173189231229702,8.000000000000034,136,2026
2026-08-18,3.1574772581004984,8.00000000000001,135,2026
2026-08-19,3.144210671740149,7.999999999999988,134,2026
2026-08-20,3.124835335872309,8.000000000000078,133,2026
2026-08-21,3.1209994912679173,7.99999999999997,132,2026
2026-08-24,3.140563397973322,8.000000000000036,129,2026
2026-08-25,3.135632056844395,7.999999999999914,128,2026
2026-08-26,3.1549264432748707,7.999999999999965,127,2026
2026-08-27,3.1539103898877605,7.999999999999871,126,2026
2026-08-28,3.1301306275781187,7.999999999999967,125,2026
