obs_date,jump_pts,jump_ann_pct,days_to_turn,year
2016-08-29,0.01266468034182665,14.999999999999943,124,2016
2016-08-30,0.01265986348094107,14.999999999999925,123,2016
2016-08-31,-0.006531169679281761,-7.749999999999982,122,2016
2016-09-01,0.012606039250843233,14.999999999999991,121,2016
2016-09-02,0.012654817186538386,14.999999999999995,120,2016
2016-09-05,0.01274863781492289,15.00000000000005,117,2016
2016-09-06,0.012683128936154897,14.999999999999975,116,2016
2016-09-07,0.012634110350702882,14.999999999999995,115,2016
2016-09-08,0.012597145818294268,14.999999999999995,114,2016
2016-09-09,0.012635187604984744,15.000000000000036,113,2016
2016-09-12,0.012579691351577322,14.999999999999995,110,2016
2016-09-13,0.01243697761315632,15.000000000000021,109,2016
2016-09-14,0.012457111716554102,14.999999999999982,108,2016
2016-09-15,0.01244499799109155,15.000000000000046,107,2016
2016-09-16,0.012340494026210569,15.000000000000016,106,2016
2016-09-19,0.012396154474857292,14.999999999999957,103,2016
2016-09-20,0.012394347300621833,15.00000000000001,102,2016
2016-09-21,0.01237242567494814,14.999999999999968,101,2016
2016-09-22,0.012321242137275026,15.000000000000016,100,2016
2016-09-23,0.012322963810163987,15.000000000000064,99,2016
2016-09-26,0.012310151789888445,15.000000000000005,96,2016
2016-09-27,0.012301760303533096,15.00000000000002,95,2016
2016-09-28,0.01227775777760973,15.00000000000004,94,2016
2016-09-29,0.012241396833954902,15.000000000000036,93,2016
2016-09-30,0.012191018140194566,14.999999999999947,92,2016
2016-10-03,0.012284522772615727,15.000000000000007,89,2016
2016-10-04,0.012309780115488085,15.000000000000007,88,2016
2016-10-05,0.012378919977572298,15.000000000000005,87,2016
2016-10-06,0.012356707631137134,15.000000000000021,86,2016
2016-10-07,0.012350842891905448,15.00000000000003,85,2016
2016-10-10,0.012310406266329187,15.000000000000025,82,2016
2016-10-11,0.012294832168433592,15.00000000000002,81,2016
2016-10-12,0.012310127373536038,15.000000000000027,80,2016
2016-10-13,0.012293725034341688,15.000000000000002,79,2016
2016-10-14,0.012270969683178415,15.000000000000016,78,2016
2016-10-17,0.012240399341635552,15.000000000000039,75,2016
2016-10-18,0.01221471355410563,15.000000000000002,74,2016
2016-10-19,0.012163240766256453,14.999999999999988,73,2016
2016-10-20,0.012128626185348693,15.000000000000014,72,2016
2016-10-21,0.01210102930902526,15.000000000000002,71,2016
2016-10-24,0.012091651020050023,14.999999999999968,68,2016
2016-10-25,0.012065316428608423,15.000000000000002,67,2016
2016-10-26,0.01210385255084447,15.000000000000044,66,2016
2016-10-27,0.012117102585005797,14.999999999999996,65,2016
2016-10-28,0.012131906336046574,15.0,64,2016
2016-10-31,-0.006238813939883809,-7.74999999999999,61,2016
2016-11-01,0.012042912071303155,15.000000000000002,60,2016
2016-11-02,0.011925332225495189,14.999999999999988,59,2016
2016-11-03,0.0119285989919296,15.000000000000014,58,2016
2016-11-04,0.011896673809847802,15.000000000000014,57,2016
2016-11-07,0.011843633125800399,15.000000000000021,54,2016
2016-11-08,0.01186472819222602,15.00000000000001,53,2016
2016-11-09,0.01180749100795416,14.999999999999988,52,2016
2016-11-10,0.011830363714507857,14.999999999999982,51,2016
2016-11-11,0.011771121384662742,15.000000000000002,50,2016
2016-11-14,0.011812704939102277,15.000000000000021,47,2016
2016-11-15,0.01176094161886502,14.999999999999996,46,2016
2016-11-16,0.011746454552679546,15.000000000000016,45,2016
2016-11-17,0.011764296959508983,15.00000000000004,44,2016
2016-11-18,0.011728113152436912,14.999999999999996,43,2016
2016-11-21,0.0116970740846307,14.999999999999988,40,2016
2016-11-22,0.011681430860261481,14.999999999999988,39,2016
2016-11-23,0.011687040009034238,14.999999999999995,38,2016
2016-11-24,0.011761438757746632,15.0,37,2016
2016-11-25,0.01176254046530886,15.00000000000001,36,2016
2016-11-28,0.01173697341829292,15.000000000000016,33,2016
2016-11-29,0.011819639524962877,15.000000000000025,32,2016
2016-11-30,0.01184868957802255,14.999999999999982,31,2016
2016-12-01,-0.003042808710215658,-3.8709677419354946,30,2016
2016-12-02,0.011722467378536498,15.0,29,2016
2016-12-05,0.011780005454097561,15.000000000000007,26,2016
2016-12-06,0.01178402305521202,14.999999999999996,25,2016
2016-12-07,0.01180828114039206,15.000000000000005,24,2016
2016-12-08,0.011837245359492588,15.000000000000002,23,2016
2016-12-09,0.011856658302156448,15.000000000000005,22,2016
2016-12-12,0.011844500842813042,15.000000000000005,19,2016
2016-12-13,0.011767425793960125,15.000000000000002,18,2016
2016-12-14,0.011797264533411025,15.000000000000014,17,2016
2016-12-15,0.011758029566200718,15.000000000000002,16,2016
2016-12-16,0.011820040815368287,15.000000000000002,15,2016
2016-12-19,0.011868523970768496,14.999999999999996,12,2016
2016-12-20,0.011870530327006648,14.999999999999996,11,2016
2016-12-21,0.011899136299920893,14.999999999999996,10,2016
2016-12-22,0.011973929806398123,14.999999999999996,9,2016
2016-12-23,0.011851500217914236,14.999999999999996,8,2016
2016-12-26,,,5,2016
2016-12-27,,,4,2016
2016-12-28,,,3,2016
2016-12-29,,,2,2016
2016-12-30,,,1,2016
2017-01-02,0.011892500205041744,14.99999999999995,363,2017
2017-01-03,0.011934784013446524,15.00000000000008,362,2017
2017-01-04,0.011956628877401562,14.999999999999803,361,2017
2017-01-05,0.012063955588814998,14.999999999999972,360,2017
2017-01-06,0.012115034302229051,15.0000000000001,359,2017
2017-01-09,0.012189684210145917,15.000000000000046,356,2017
2017-01-10,0.01221398330934293,14.999999999999956,355,2017
2017-01-11,0.012286290014766917,15.000000000000124,354,2017
2017-01-12,0.01227335054564015,14.999999999999874,353,2017
2017-01-13,0.012245879576872266,14.999999999999872,352,2017
2017-01-16,0.012178366046115077,14.999999999999968,349,2017
2017-01-17,0.012192833569807054,14.999999999999918,348,2017
2017-01-18,0.0121596356739294,14.999999999999828,347,2017
2017-01-19,0.0121305473993552,14.999999999999972,346,2017
2017-01-20,0.012070785912949928,14.999999999999943,345,2017
2017-01-23,0.012041713730917152,14.999999999999913,342,2017
2017-01-24,0.012059579765526811,14.999999999999988,341,2017
2017-01-25,0.012107385092344804,14.999999999999995,340,2017
2017-01-26,0.012107021288365383,15.000000000000002,339,2017
2017-01-27,0.012076287810170935,14.999999999999872,338,2017
2017-01-30,0.01196352675281179,14.999999999999936,335,2017
2017-01-31,0.011977768015118389,15.00000000000003,334,2017
2017-02-01,0.011980941248022674,14.999999999999886,333,2017
2017-02-02,0.01199537770881786,14.999999999999991,332,2017
2017-02-03,0.012008186680857688,14.999999999999883,331,2017
2017-02-06,0.012043262194529987,15.00000000000012,328,2017
2017-02-07,0.012158135563633165,15.00000000000015,327,2017
2017-02-08,0.012077183501733667,14.999999999999936,326,2017
2017-02-09,0.012090299090828815,15.000000000000066,325,2017
2017-02-10,0.012084949328203658,14.999999999999966,324,2017
2017-02-13,0.01210506958292008,14.999999999999956,321,2017
2017-02-14,0.012168524999774999,14.999999999999995,320,2017
2017-02-15,0.012130328357843813,14.999999999999872,319,2017
2017-02-16,0.012137668738324617,15.000000000000085,318,2017
2017-02-17,0.012096225036856787,14.999999999999918,317,2017
2017-02-20,0.012219172181514835,15.000000000000044,314,2017
2017-02-21,0.012226510403000185,15.0,313,2017
2017-02-22,0.01229213232603366,15.000000000000007,312,2017
2017-02-23,0.01230007992888545,14.999999999999877,311,2017
2017-02-24,0.012319773236490306,14.999999999999925,310,2017
2017-02-27,0.012274519365028908,14.999999999999982,307,2017
2017-02-28,0.012307095751509612,14.999999999999995,306,2017
2017-03-01,0.012297572164753473,14.999999999999986,305,2017
2017-03-02,0.01230726682098094,15.000000000000014,304,2017
2017-03-03,0.012270700889437504,14.999999999999918,303,2017
2017-03-06,0.012299936201685553,14.999999999999975,300,2017
2017-03-07,0.012279080947242903,14.999999999999995,299,2017
2017-03-08,0.012274947878512283,14.999999999999902,298,2017
2017-03-09,0.012310057262033883,14.999999999999952,297,2017
2017-03-10,0.012333934624006249,15.000000000000027,296,2017
2017-03-13,0.012299888150266423,14.999999999999908,293,2017
2017-03-14,0.012317082159292243,14.999999999999991,292,2017
2017-03-15,0.012277040839902316,14.999999999999995,291,2017
2017-03-16,0.012324706802631683,15.00000000000001,290,2017
2017-03-17,0.012281575674199945,14.999999999999847,289,2017
2017-03-20,0.012329071587032357,15.000000000000094,286,2017
2017-03-21,0.01227038859294385,15.000000000000005,285,2017
2017-03-22,0.012321191653752145,14.999999999999927,284,2017
2017-03-23,0.012317914738131992,14.999999999999908,283,2017
2017-03-24,0.0123196369395376,15.000000000000027,282,2017
2017-03-27,0.01221735263673917,15.000000000000044,279,2017
2017-03-28,0.012195966326326886,14.999999999999986,278,2017
2017-03-29,0.012253863546327647,14.999999999999991,277,2017
2017-03-30,0.012271397429276937,14.999999999999996,276,2017
2017-03-31,0.01225292074584546,15.000000000000036,275,2017
2017-04-03,0.012293723297314449,14.99999999999995,272,2017
2017-04-04,0.01226632492406994,15.0,271,2017
2017-04-05,0.01227245454457194,14.999999999999902,270,2017
2017-04-06,0.012236197795821076,14.999999999999991,269,2017
2017-04-07,0.012193145129567484,15.000000000000055,268,2017
2017-04-10,0.012182745727918064,14.999999999999988,265,2017
2017-04-11,0.012255409044265347,15.000000000000005,264,2017
2017-04-12,0.01220369315698769,15.000000000000128,263,2017
2017-04-13,0.01225940957415634,15.000000000000021,262,2017
2017-04-14,0.012284716505776219,15.000000000000071,261,2017
2017-04-17,0.012262507738920406,15.000000000000108,258,2017
2017-04-18,0.012252986982848355,15.000000000000075,257,2017
2017-04-19,0.012219273433945691,15.000000000000027,256,2017
2017-04-20,0.012231174767601993,15.000000000000085,255,2017
2017-04-21,0.012246578479363744,15.000000000000007,254,2017
2017-04-24,0.012236482805330606,14.999999999999952,251,2017
2017-04-25,0.012279472659979683,15.000000000000169,250,2017
2017-04-26,0.012175801143928591,15.000000000000039,249,2017
2017-04-27,0.012169408644459699,15.000000000000027,248,2017
2017-04-28,0.012178977258981745,15.000000000000128,247,2017
2017-05-01,0.012274476135484063,14.999999999999961,244,2017
2017-05-02,0.012245657297799781,15.000000000000007,243,2017
2017-05-03,0.012182760401794697,14.999999999999968,242,2017
2017-05-04,0.012199162539180937,15.00000000000005,241,2017
2017-05-05,0.012126801398590958,15.000000000000046,240,2017
2017-05-08,0.012065602625651376,15.000000000000021,237,2017
2017-05-09,0.012088871542545584,14.999999999999996,236,2017
2017-05-10,0.01203509961309069,15.00000000000006,235,2017
2017-05-11,0.012023470945155997,14.999999999999982,234,2017
2017-05-12,0.012095980346404066,14.999999999999968,233,2017
2017-05-15,0.011994379208631629,15.00000000000004,230,2017
2017-05-16,0.012045009364012621,15.000000000000021,229,2017
2017-05-17,0.012044758181058319,15.00000000000008,228,2017
2017-05-18,0.012057415320850503,15.000000000000133,227,2017
2017-05-19,0.0120600748508179,15.000000000000039,226,2017
2017-05-22,0.012017591382337477,15.00000000000005,223,2017
2017-05-23,0.012006309791226131,14.999999999999982,222,2017
2017-05-24,0.011943766504839842,15.00000000000006,221,2017
2017-05-25,0.011962710493955411,15.000000000000021,220,2017
2017-05-26,0.011952929110525973,14.999999999999947,219,2017
2017-05-29,0.011937715171629225,15.000000000000103,216,2017
2017-05-30,0.011851632171066835,14.999999999999995,215,2017
2017-05-31,0.011851150393761554,15.000000000000064,214,2017
2017-06-01,0.011932139559725746,15.000000000000085,213,2017
2017-06-02,0.011929952702901082,15.000000000000183,212,2017
2017-06-05,0.01197084318911604,14.999999999999988,209,2017
2017-06-06,0.011831081851595737,15.00000000000003,208,2017
2017-06-07,0.011775895287045075,14.999999999999961,207,2017
2017-06-08,0.011803939605903702,15.000000000000016,206,2017
2017-06-09,0.011814020818114428,14.999999999999888,205,2017
2017-06-12,0.011791780940409407,14.999999999999961,202,2017
2017-06-13,0.011798925030541616,15.000000000000071,201,2017
2017-06-14,0.011818277236543166,15.000000000000007,200,2017
2017-06-15,0.011797963556343905,15.000000000000016,199,2017
2017-06-16,0.011788073967940635,14.999999999999893,198,2017
2017-06-19,0.01182993393033629,15.000000000000027,195,2017
2017-06-20,0.011719465387041049,15.000000000000055,194,2017
2017-06-21,0.011741467387266932,15.000000000000046,193,2017
2017-06-22,0.011768977834755102,15.000000000000071,192,2017
2017-06-23,0.011687611890208107,14.999999999999968,191,2017
2017-06-26,0.011656416657945676,15.000000000000036,188,2017
2017-06-27,0.011655187046415109,15.000000000000044,187,2017
2017-06-28,0.011626432086622368,15.000000000000046,186,2017
2017-06-29,0.011547063065967027,14.999999999999982,185,2017
2017-06-30,0.01156293982155624,15.00000000000016,184,2017
2017-07-03,0.011585458943379059,14.999999999999941,181,2017
2017-07-04,0.01157544025714577,14.999999999999938,180,2017
2017-07-05,0.01156830783289239,14.999999999999956,179,2017
2017-07-06,0.011580719670669854,14.999999999999972,178,2017
2017-07-07,0.011609430649867539,14.999999999999956,177,2017
2017-07-10,0.011612654656669589,14.999999999999996,174,2017
2017-07-11,0.01164953685631822,14.999999999999988,173,2017
2017-07-12,0.011767500523231018,15.0,172,2017
2017-07-13,0.01176412147563272,15.00000000000005,171,2017
2017-07-14,0.01178286083927705,15.0,170,2017
2017-07-17,0.011749162171605487,14.999999999999988,167,2017
2017-07-18,0.011751925590613424,15.00000000000003,166,2017
2017-07-19,0.011722590891154969,14.999999999999947,165,2017
2017-07-20,0.01179936033039613,14.999999999999995,164,2017
2017-07-21,0.011686168005120387,15.000000000000021,163,2017
2017-07-24,0.011721205100214373,14.999999999999995,160,2017
2017-07-25,0.01173832986267529,14.999999999999988,159,2017
2017-07-26,0.011769620964243747,14.999999999999986,158,2017
2017-07-27,0.011708308947842265,15.000000000000021,157,2017
2017-07-28,0.011729278581761897,14.999999999999995,156,2017
2017-07-31,0.011798984685313232,15.000000000000002,153,2017
2017-08-01,-0.005874113763470365,-7.500000000000001,152,2017
2017-08-02,0.0116376461568963,15.000000000000021,151,2017
2017-08-03,0.011664125529937433,14.999999999999988,150,2017
2017-08-04,0.011630577571636016,14.999999999999968,149,2017
2017-08-07,0.011683115644159624,14.99999999999998,146,2017
2017-08-08,0.011746571715647216,14.999999999999972,145,2017
2017-08-09,0.01173794393872701,15.000000000000005,144,2017
2017-08-10,0.011727520304474473,14.999999999999975,143,2017
2017-08-11,0.011748854228799552,15.000000000000021,142,2017
2017-08-14,0.011703168496332218,15.000000000000002,139,2017
2017-08-15,0.011699365004007173,15.000000000000014,138,2017
2017-08-16,0.011728917955690754,15.000000000000002,137,2017
2017-08-17,0.011713568053519252,15.000000000000014,136,2017
2017-08-18,0.011743830518395313,15.00000000000002,135,2017
2017-08-21,0.011808102449962988,15.00000000000002,132,2017
2017-08-22,0.011850183110556979,15.000000000000016,131,2017
2017-08-23,0.011831151183459102,14.999999999999995,130,2017
2017-08-24,0.011935293280917638,15.00000000000001,129,2017
2017-08-25,0.011894851464152398,14.999999999999991,128,2017
2017-08-28,0.011892701685682773,15.000000000000007,125,2017
2017-08-29,0.011902977271707617,14.999999999999988,124,2017
2017-08-30,0.011936623988500327,15.0,123,2017
2017-08-31,-0.00616851590251916,-7.749999999999988,122,2017
2017-09-01,0.011905309723931116,15.000000000000014,121,2017
2017-09-04,0.011908694656624726,14.999999999999986,118,2017
2017-09-05,0.011892924334020682,14.999999999999982,117,2017
2017-09-06,0.01187242085369192,15.000000000000005,116,2017
2017-09-07,0.011852546072224692,15.0,115,2017
2017-09-08,0.011854166437674958,15.000000000000007,114,2017
2017-09-11,0.011846776134305551,15.000000000000014,111,2017
2017-09-12,0.011946369088823346,15.0,110,2017
2017-09-13,0.011953405034034418,14.999999999999995,109,2017
2017-09-14,0.01201796611815476,15.000000000000002,108,2017
2017-09-15,0.01202293684639068,14.999999999999982,107,2017
2017-09-18,0.01200447712080836,15.00000000000004,104,2017
2017-09-19,0.011961333178317622,15.00000000000001,103,2017
2017-09-20,0.011863134798952846,15.000000000000002,102,2017
2017-09-21,0.01183566673982708,14.999999999999995,101,2017
2017-09-22,0.011795504192166746,14.999999999999988,100,2017
2017-09-25,0.011799289433912877,14.999999999999996,97,2017
2017-09-26,0.011824830482721538,14.999999999999988,96,2017
2017-09-27,0.01183720551448314,15.000000000000036,95,2017
2017-09-28,0.011803873854721217,15.000000000000021,94,2017
2017-09-29,0.011858840430450051,14.999999999999975,93,2017
2017-10-02,0.011819191701376835,14.999999999999996,90,2017
2017-10-03,0.01180606331088007,14.999999999999975,89,2017
2017-10-04,0.011795851050371113,14.999999999999996,88,2017
2017-10-05,0.01181659072333852,14.999999999999995,87,2017
2017-10-06,0.01181968974196149,14.999999999999977,86,2017
2017-10-09,0.011843351271459208,14.999999999999982,83,2017
2017-10-10,0.01185943598813404,14.999999999999977,82,2017
2017-10-11,0.01183768582991008,14.999999999999995,81,2017
2017-10-12,0.011797811840315304,15.0,80,2017
2017-10-13,0.011817283077748847,15.00000000000001,79,2017
2017-10-16,0.011860183026235963,15.000000000000007,76,2017
2017-10-17,0.011870979919610513,15.000000000000002,75,2017
2017-10-18,0.011839672018170152,14.999999999999988,74,2017
2017-10-19,0.011831211452367001,14.999999999999956,73,2017
2017-10-20,0.011886711993541358,15.00000000000001,72,2017
2017-10-23,0.011841924003064849,14.999999999999995,69,2017
2017-10-24,0.01192796602139482,15.000000000000016,68,2017
2017-10-25,0.011959786024502138,14.999999999999982,67,2017
2017-10-26,0.012040508080101792,14.99999999999998,66,2017
2017-10-27,0.011982681613560192,15.000000000000002,65,2017
2017-10-30,0.011914678235853468,15.000000000000025,62,2017
2017-10-31,-0.006108870535916992,-7.750000000000005,61,2017
2017-11-01,0.011761737273101341,15.000000000000007,60,2017
2017-11-02,0.011840145483189084,15.0,59,2017
2017-11-03,0.011860022122445947,14.999999999999995,58,2017
2017-11-06,0.011833302981679056,14.999999999999982,55,2017
2017-11-07,0.011830092563099531,15.000000000000002,54,2017
2017-11-08,0.011851120794023949,14.999999999999996,53,2017
2017-11-09,0.011850396592060535,15.000000000000014,52,2017
2017-11-10,0.011864056554961389,15.0,51,2017
2017-11-13,0.011882774179356199,14.999999999999988,48,2017
2017-11-14,0.011823522621582358,14.999999999999982,47,2017
2017-11-15,0.011827989309105941,15.000000000000002,46,2017
2017-11-16,0.011937597293926197,14.999999999999975,45,2017
2017-11-17,0.011984717614447247,14.999999999999991,44,2017
2017-11-20,0.011964374213313417,15.000000000000005,41,2017
2017-11-21,0.011977999087848716,15.000000000000007,40,2017
2017-11-22,0.012054510053389181,15.000000000000007,39,2017
2017-11-23,0.011990261590053784,14.999999999999975,38,2017
2017-11-24,0.011939959986339774,15.000000000000007,37,2017
2017-11-27,0.011910188374415537,14.999999999999996,34,2017
2017-11-28,0.011851071012026305,15.000000000000007,33,2017
2017-11-29,0.011890294027450406,15.000000000000005,32,2017
2017-11-30,0.011954933716681302,15.00000000000003,31,2017
2017-12-01,-0.00307022426007977,-3.8709677419354946,30,2017
2017-12-04,0.011905273530481687,15.0,27,2017
2017-12-05,0.011827505035840364,15.000000000000002,26,2017
2017-12-06,0.011806206486143844,15.000000000000005,25,2017
2017-12-07,0.011864359941754783,15.0,24,2017
2017-12-08,0.011844562430072564,14.999999999999991,23,2017
2017-12-11,0.011902557336424452,15.000000000000007,20,2017
2017-12-12,0.011870560419394417,14.999999999999988,19,2017
2017-12-13,0.011804792456036144,14.999999999999988,18,2017
2017-12-14,0.011815295699912978,14.999999999999996,17,2017
2017-12-15,0.011853082602662712,15.000000000000002,16,2017
2017-12-18,0.011830689452625645,15.000000000000002,13,2017
2017-12-19,0.011803949402851366,15.000000000000002,12,2017
2017-12-20,0.011776985732956621,14.999999999999996,11,2017
2017-12-21,0.011767802370623701,14.999999999999996,10,2017
2017-12-22,0.011663322662560174,15.0,9,2017
2017-12-25,,,6,2017
2017-12-26,,,5,2017
2017-12-27,,,4,2017
2017-12-28,,,3,2017
2017-12-29,,,2,2017
2018-01-01,0.011678009093825877,15.000000000000052,364,2018
2018-01-02,0.011628883914227506,14.999999999999957,363,2018
2018-01-03,0.01164315683856954,14.999999999999824,362,2018
2018-01-04,0.01162868082633317,14.999999999999893,361,2018
2018-01-05,0.011668929361520038,14.999999999999837,360,2018
2018-01-08,0.011721799630199243,14.999999999999863,357,2018
2018-01-09,0.011736595592134868,15.000000000000158,356,2018
2018-01-10,0.01169480586033314,14.999999999999982,355,2018
2018-01-11,0.011718581355283211,14.999999999999886,354,2018
2018-01-12,0.011690699695247976,15.000000000000066,353,2018
2018-01-15,0.01178593570951239,14.999999999999833,350,2018
2018-01-16,0.011721108183491999,15.000000000000027,349,2018
2018-01-17,0.01173385977587224,15.000000000000027,348,2018
2018-01-18,0.011724109939385373,15.000000000000002,347,2018
2018-01-19,0.011727955749994787,14.99999999999988,346,2018
2018-01-22,0.01178322017592351,14.99999999999995,343,2018
2018-01-23,0.011831986723048232,15.000000000000007,342,2018
2018-01-24,0.011767828969446507,14.999999999999902,341,2018
2018-01-25,0.011755839450171092,15.00000000000003,340,2018
2018-01-26,0.011758566005797777,14.999999999999963,339,2018
2018-01-29,0.011753155392969816,14.999999999999877,336,2018
2018-01-30,0.011707136946303535,15.00000000000006,335,2018
2018-01-31,0.011751145193251093,14.999999999999966,334,2018
2018-02-01,0.011724650318022603,14.999999999999918,333,2018
2018-02-02,0.01178737912615203,14.999999999999824,332,2018
2018-02-05,0.011730147766286435,14.999999999999991,329,2018
2018-02-06,0.011781240578767073,15.000000000000076,328,2018
2018-02-07,0.011742621108276022,14.999999999999975,327,2018
2018-02-08,0.011746579196147963,15.000000000000114,326,2018
2018-02-09,0.011762742882175273,14.999999999999842,325,2018
2018-02-12,0.011798637192200537,14.999999999999966,322,2018
2018-02-13,0.011806535830069319,15.000000000000002,321,2018
2018-02-14,0.011744183385750727,14.999999999999911,320,2018
2018-02-15,0.011783612799561652,14.999999999999867,319,2018
2018-02-16,0.011776515271175287,14.999999999999833,318,2018
2018-02-19,0.011828602149169275,15.000000000000016,315,2018
2018-02-20,0.011855890208755878,15.000000000000036,314,2018
2018-02-21,0.011918244095673394,14.999999999999917,313,2018
2018-02-22,0.011915777518401002,15.000000000000036,312,2018
2018-02-23,0.011910725437401576,14.999999999999906,311,2018
2018-02-26,0.011879324156933388,14.999999999999995,308,2018
2018-02-27,0.011886891761844575,15.000000000000005,307,2018
2018-02-28,0.011837542707914058,14.999999999999911,306,2018
2018-03-01,0.011839584981420686,14.999999999999899,305,2018
2018-03-02,0.011899265352538393,15.000000000000075,304,2018
2018-03-05,0.011948759041002309,15.000000000000025,301,2018
2018-03-06,0.011983672439615112,15.000000000000036,300,2018
2018-03-07,0.01201468687980517,14.999999999999892,299,2018
2018-03-08,0.012016973626711488,14.999999999999938,298,2018
2018-03-09,0.01201628040876857,14.999999999999982,297,2018
2018-03-12,0.012078568711350397,14.999999999999932,294,2018
2018-03-13,0.012024908049387936,14.999999999999849,293,2018
2018-03-14,0.012106751180900883,14.999999999999906,292,2018
2018-03-15,0.012107827391431326,14.999999999999902,291,2018
2018-03-16,0.01207138629947557,14.999999999999972,290,2018
2018-03-19,0.012149870094405655,14.999999999999977,287,2018
2018-03-20,0.01222762099877096,14.99999999999995,286,2018
2018-03-21,0.012255524403039703,15.000000000000007,285,2018
2018-03-22,0.01223772297600268,14.999999999999869,284,2018
2018-03-23,0.01235786325918587,15.000000000000153,283,2018
2018-03-26,0.012369303216204901,15.000000000000119,280,2018
2018-03-27,0.012332036488240225,14.999999999999837,279,2018
2018-03-28,0.012316036716555762,14.999999999999963,278,2018
2018-03-29,0.012317556556592738,14.999999999999858,277,2018
2018-03-30,0.012374862078371771,15.000000000000014,276,2018
2018-04-02,-0.006117323012285574,-7.418478260869525,273,2018
2018-04-03,0.012394927850808925,15.000000000000169,272,2018
2018-04-04,0.012525319024790604,15.00000000000014,271,2018
2018-04-05,0.012550631021819927,14.999999999999902,270,2018
2018-04-06,0.012646302461206006,15.000000000000066,269,2018
2018-04-09,0.012659261021854908,14.999999999999877,266,2018
2018-04-10,0.012697537843682643,14.999999999999952,265,2018
2018-04-11,0.012717641727045316,14.99999999999995,264,2018
2018-04-12,0.01274589373225182,14.999999999999961,263,2018
2018-04-13,0.01279588715492526,14.999999999999943,262,2018
2018-04-16,0.012735785240673937,14.999999999999982,259,2018
2018-04-17,0.012682504605044815,14.999999999999991,258,2018
2018-04-18,0.01266286324399546,14.999999999999893,257,2018
2018-04-19,0.012754828323330582,15.000000000000014,256,2018
2018-04-20,0.012726433692156739,15.000000000000021,255,2018
2018-04-23,0.012735385977815355,14.999999999999996,252,2018
2018-04-24,0.012709469525011886,15.000000000000032,251,2018
2018-04-25,0.012752980418757168,15.0000000000001,250,2018
2018-04-26,0.012707518400780327,15.000000000000146,249,2018
2018-04-27,0.012757839160272781,15.000000000000085,248,2018
2018-04-30,0.01270815698825347,14.999999999999966,245,2018
2018-05-01,0.012708240159018176,15.0,244,2018
2018-05-02,0.012679745748405432,14.999999999999883,243,2018
2018-05-03,0.012643707451294789,14.999999999999982,242,2018
2018-05-04,0.012660638276331527,15.00000000000008,241,2018
2018-05-07,0.012699043396949833,14.999999999999957,238,2018
2018-05-08,0.012715042039569517,14.999999999999918,237,2018
2018-05-09,0.012709995725558287,14.999999999999883,236,2018
2018-05-10,0.01268108604307491,14.999999999999897,235,2018
2018-05-11,0.012592344198444475,15.000000000000044,234,2018
2018-05-14,0.01262467390912599,15.000000000000144,231,2018
2018-05-15,0.012578098767553444,15.00000000000003,230,2018
2018-05-16,0.012636890744071455,14.999999999999917,229,2018
2018-05-17,0.0126846450286982,15.000000000000025,228,2018
2018-05-18,0.012734375725190625,15.000000000000076,227,2018
2018-05-21,0.012769207917262503,15.000000000000133,224,2018
2018-05-22,0.012766552924729583,14.999999999999906,223,2018
2018-05-23,0.012791636898388869,14.999999999999961,222,2018
2018-05-24,0.01277724627881287,15.000000000000025,221,2018
2018-05-25,0.012790843277563548,15.000000000000066,220,2018
2018-05-28,0.012759036360945997,14.999999999999956,217,2018
2018-05-29,0.012763569146090972,14.999999999999968,216,2018
2018-05-30,0.012770291885654919,14.999999999999936,215,2018
2018-05-31,0.012737462292614238,15.000000000000055,214,2018
2018-06-01,0.01274388761867398,14.999999999999986,213,2018
2018-06-04,0.012876209423697308,15.000000000000135,210,2018
2018-06-05,0.012812548969202961,14.999999999999877,209,2018
2018-06-06,0.012779746959004542,15.000000000000066,208,2018
2018-06-07,0.012723503895523337,15.000000000000032,207,2018
2018-06-08,0.012775089040985309,14.999999999999982,206,2018
2018-06-11,0.012789262196348869,14.999999999999975,203,2018
2018-06-12,0.012832991632970754,15.000000000000025,202,2018
2018-06-13,0.012847198724180622,14.999999999999968,201,2018
2018-06-14,0.012830567696902549,15.000000000000075,200,2018
2018-06-15,0.012866989160300522,15.00000000000008,199,2018
2018-06-18,0.012964232339204865,15.000000000000046,196,2018
2018-06-19,0.012849510862722754,15.000000000000135,195,2018
2018-06-20,0.012898003542753979,14.999999999999922,194,2018
2018-06-21,0.01296230882930379,15.0000000000001,193,2018
2018-06-22,0.0128806166935637,14.999999999999975,192,2018
2018-06-25,0.01296481042000137,15.000000000000007,189,2018
2018-06-26,0.01292094676435031,14.999999999999918,188,2018
2018-06-27,0.012943035847546018,15.000000000000036,187,2018
2018-06-28,0.012951862973436446,14.999999999999922,186,2018
2018-06-29,0.012932528070447926,15.000000000000071,185,2018
2018-07-02,-0.002128708671626006,-2.4725274725274913,182,2018
2018-07-03,0.012914688029862184,15.000000000000007,181,2018
2018-07-04,0.013031274647045706,14.999999999999936,180,2018
2018-07-05,0.013087186581782803,14.999999999999996,179,2018
2018-07-06,0.013202037549978328,15.000000000000057,178,2018
2018-07-09,0.013269598333014354,14.999999999999947,175,2018
2018-07-10,0.013309718929457953,15.00000000000003,174,2018
2018-07-11,0.013230858907525754,15.000000000000027,173,2018
2018-07-12,0.013239734158287927,15.0,172,2018
2018-07-13,0.013225407734250851,14.999999999999968,171,2018
2018-07-16,0.013197937070088286,14.999999999999936,168,2018
2018-07-17,0.013231638599095779,15.000000000000027,167,2018
2018-07-18,0.013222440543520448,14.999999999999972,166,2018
2018-07-19,0.01327164476993642,15.000000000000021,165,2018
2018-07-20,0.013339202458727058,14.999999999999968,164,2018
2018-07-23,0.013364415691939632,14.999999999999982,161,2018
2018-07-24,0.01336335025421359,15.000000000000055,160,2018
2018-07-25,0.013429364417320473,14.999999999999922,159,2018
2018-07-26,0.013373813121660309,14.999999999999968,158,2018
2018-07-27,0.01337132144898328,14.999999999999936,157,2018
2018-07-30,0.013372060306745967,15.00000000000002,154,2018
2018-07-31,0.013362133819442018,14.999999999999968,153,2018
2018-08-01,-0.006740256536347799,-7.499999999999991,152,2018
2018-08-02,0.013446642018157645,14.999999999999963,151,2018
2018-08-03,0.013530063221569197,14.99999999999998,150,2018
2018-08-06,0.013500026637238698,15.000000000000014,147,2018
2018-08-07,0.013511001234812083,15.00000000000009,146,2018
2018-08-08,0.013540901114873305,14.999999999999972,145,2018
2018-08-09,0.01356408084615534,14.999999999999995,144,2018
2018-08-10,0.013636873287917373,15.000000000000044,143,2018
2018-08-13,0.013797297879277403,14.999999999999986,140,2018
2018-08-14,0.013803654473802518,14.999999999999911,139,2018
2018-08-15,0.01375613723451811,15.000000000000007,138,2018
2018-08-16,0.013796504678678722,14.999999999999995,137,2018
2018-08-17,0.013735156645756216,15.00000000000002,136,2018
2018-08-20,0.013750377497405495,15.000000000000014,133,2018
2018-08-21,0.013918738346928602,14.999999999999966,132,2018
2018-08-22,0.013916250992022547,14.999999999999988,131,2018
2018-08-23,0.013870943078707095,14.999999999999941,130,2018
2018-08-24,0.013846757253247292,15.00000000000008,129,2018
2018-08-27,0.01379720230217919,14.999999999999977,126,2018
2018-08-28,0.013783882415815643,15.0,125,2018
2018-08-29,0.013790921688921865,14.999999999999961,124,2018
2018-08-30,0.01380942726998246,14.999999999999982,123,2018
2018-08-31,-0.007086138273290866,-7.749999999999976,122,2018
2018-09-03,0.01371156831460285,15.000000000000007,119,2018
2018-09-04,0.013602397178362282,15.000000000000005,118,2018
2018-09-05,0.01356277317270966,15.000000000000002,117,2018
2018-09-06,0.013478457901776004,15.000000000000032,116,2018
2018-09-07,0.013392947467137917,14.999999999999988,115,2018
2018-09-10,0.013391238192042552,15.000000000000021,112,2018
2018-09-11,0.013346113707609778,15.00000000000002,111,2018
2018-09-12,0.013298404749198998,15.000000000000021,110,2018
2018-09-13,0.013194056502816643,15.000000000000002,109,2018
2018-09-14,0.013211489611034907,15.000000000000021,108,2018
2018-09-17,0.01319162708879479,15.000000000000032,105,2018
2018-09-18,0.01324743165452854,15.0,104,2018
2018-09-19,0.013290191205994954,15.000000000000016,103,2018
2018-09-20,0.01326599933516204,15.000000000000027,102,2018
2018-09-21,0.013254675594068758,15.000000000000014,101,2018
2018-09-24,0.013244728169943893,15.000000000000021,98,2018
2018-09-25,0.013183458179299331,15.000000000000007,97,2018
2018-09-26,0.013209811836781223,14.999999999999995,96,2018
2018-09-27,0.013228225573473931,14.999999999999986,95,2018
2018-09-28,0.013184534002542733,15.000000000000007,94,2018
2018-10-01,-0.006342734324242763,-7.258064516129037,91,2018
2018-10-02,0.013146964584641773,15.000000000000007,90,2018
2018-10-03,0.013134731378220896,15.0,89,2018
2018-10-04,0.013051428270483929,14.999999999999988,88,2018
2018-10-05,0.013093712258545418,14.999999999999988,87,2018
2018-10-08,0.013101044345580065,15.000000000000014,84,2018
2018-10-09,0.01315695326460215,15.000000000000002,83,2018
2018-10-10,0.01313762962084782,15.0,82,2018
2018-10-11,0.013175114354868475,14.999999999999982,81,2018
2018-10-12,0.013197379334920465,14.999999999999982,80,2018
2018-10-15,0.013235338583811363,15.0,77,2018
2018-10-16,0.013312976921565663,15.000000000000007,76,2018
2018-10-17,0.013349276513214112,14.999999999999988,75,2018
2018-10-18,0.013271570433744148,14.999999999999996,74,2018
2018-10-19,0.013243804740782439,15.000000000000005,73,2018
2018-10-22,0.013123806895785869,14.999999999999986,70,2018
2018-10-23,0.01319049340064889,14.999999999999991,69,2018
2018-10-24,0.013204340925800058,14.999999999999988,68,2018
2018-10-25,0.013217769461695908,14.999999999999982,67,2018
2018-10-26,0.013284750068594442,14.999999999999991,66,2018
2018-10-29,0.01321662618574941,14.999999999999995,63,2018
2018-10-30,0.013239429358459448,15.000000000000002,62,2018
2018-10-31,-0.006839937133247457,-7.749999999999997,61,2018
2018-11-01,0.013210035989034577,15.000000000000007,60,2018
2018-11-02,0.013262639679334306,15.000000000000007,59,2018
2018-11-05,0.013218388482891,14.999999999999995,56,2018
2018-11-06,0.013224975449913605,15.000000000000007,55,2018
2018-11-07,0.013221721757921787,15.000000000000027,54,2018
2018-11-08,0.013176326741079178,15.000000000000007,53,2018
2018-11-09,0.013204399813358183,15.000000000000014,52,2018
2018-11-12,0.013224552849479194,15.000000000000005,49,2018
2018-11-13,0.013236843968083029,15.000000000000021,48,2018
2018-11-14,0.01322850272577014,14.999999999999991,47,2018
2018-11-15,0.013272374773769847,14.999999999999995,46,2018
2018-11-16,0.013329535457909117,15.000000000000005,45,2018
2018-11-19,0.013332889650412435,14.999999999999991,42,2018
2018-11-20,0.013236415870411184,14.999999999999995,41,2018
2018-11-21,0.013240244926108497,15.000000000000002,40,2018
2018-11-22,0.013172265980073403,14.999999999999988,39,2018
2018-11-23,0.013148941922408995,14.999999999999995,38,2018
2018-11-26,0.013223237558120918,14.999999999999991,35,2018
2018-11-27,0.013218038793697982,14.999999999999988,34,2018
2018-11-28,0.013176862868997108,15.000000000000014,33,2018
2018-11-29,0.013218535403994496,14.999999999999988,32,2018
2018-11-30,0.013277300628789722,15.000000000000005,31,2018
2018-12-03,0.013250865682388587,14.999999999999995,28,2018
2018-12-04,0.01334733653123359,14.999999999999991,27,2018
2018-12-05,0.013307023239923037,14.999999999999995,26,2018
2018-12-06,0.013286189961472874,15.000000000000002,25,2018
2018-12-07,0.01326937485093586,14.999999999999996,24,2018
2018-12-10,0.013253660167503355,15.000000000000002,21,2018
2018-12-11,0.0133248704165569,14.999999999999995,20,2018
2018-12-12,0.01329751463725578,15.000000000000005,19,2018
2018-12-13,0.0132822264158335,15.000000000000007,18,2018
2018-12-14,0.013341303660624793,15.0,17,2018
2018-12-17,-0.0058482808802418264,-6.562499999999999,14,2018
2018-12-18,0.013430542560502832,15.000000000000005,13,2018
2018-12-19,0.01337284725526901,15.000000000000002,12,2018
2018-12-20,0.013363319411349012,15.0,11,2018
2018-12-21,0.013331025994891178,15.0,10,2018
2018-12-24,,,7,2018
2018-12-25,,,6,2018
2018-12-26,,,5,2018
2018-12-27,,,4,2018
2018-12-28,,,3,2018
2018-12-31,,,0,2018
2019-01-01,0.013340168353185322,15.000000000000002,364,2019
2019-01-02,0.013296182326650736,15.0000000000001,363,2019
2019-01-03,0.013259278247371015,14.999999999999991,362,2019
2019-01-04,0.01326163563744483,14.999999999999943,361,2019
2019-01-07,0.013299707867893602,15.000000000000036,358,2019
2019-01-08,0.013298861690794635,15.00000000000004,357,2019
2019-01-09,0.01330430007883487,14.999999999999902,356,2019
2019-01-10,0.013347516204401411,14.999999999999956,355,2019
2019-01-11,0.013275925339749858,14.999999999999902,354,2019
2019-01-14,0.013223318254873034,15.000000000000085,351,2019
2019-01-15,0.013156347363785995,14.999999999999899,350,2019
2019-01-16,0.013125732470403053,15.000000000000005,349,2019
2019-01-17,0.013135220542764735,15.00000000000002,348,2019
2019-01-18,0.013157272018145892,15.000000000000014,347,2019
2019-01-21,0.013122282923323795,15.000000000000153,344,2019
2019-01-22,0.013093222798914925,15.000000000000169,343,2019
2019-01-23,0.01310655091185637,14.999999999999947,342,2019
2019-01-24,0.01313574929296853,15.000000000000027,341,2019
2019-01-25,0.013134790541654714,15.000000000000178,340,2019
2019-01-28,0.013077835760951968,15.000000000000103,337,2019
2019-01-29,0.01308593736653306,14.999999999999956,336,2019
2019-01-30,0.013080056774642138,14.999999999999943,335,2019
2019-01-31,0.012997869505976143,15.000000000000114,334,2019
2019-02-01,0.012968833738401785,14.999999999999991,333,2019
2019-02-04,0.012967769928574634,15.000000000000027,330,2019
2019-02-05,0.013051418930810708,14.999999999999936,329,2019
2019-02-06,0.01321188745182123,15.000000000000007,328,2019
2019-02-07,0.013260351454455071,14.99999999999995,327,2019
2019-02-08,0.013200651673925635,14.999999999999897,326,2019
2019-02-11,0.013093799239454817,15.000000000000036,323,2019
2019-02-12,0.013129869480031763,14.999999999999869,322,2019
2019-02-13,0.01316666439753372,15.00000000000004,321,2019
2019-02-14,0.013199364093881982,14.999999999999899,320,2019
2019-02-15,0.013170898640674982,14.999999999999986,319,2019
2019-02-18,0.013113141534010848,14.999999999999996,316,2019
2019-02-19,0.013073692191330935,14.999999999999869,315,2019
2019-02-20,0.013031398056481496,15.000000000000027,314,2019
2019-02-21,0.01298900865709502,14.999999999999753,313,2019
2019-02-22,0.012990387162709626,15.000000000000055,312,2019
2019-02-25,0.01299029801782467,15.000000000000085,309,2019
2019-02-26,0.01299105582396773,14.99999999999995,308,2019
2019-02-27,0.013006349865547766,14.999999999999947,307,2019
2019-02-28,0.01302620793728448,14.999999999999877,306,2019
2019-03-01,0.013073291951410354,15.000000000000075,305,2019
2019-03-04,0.01308387523344189,14.999999999999837,302,2019
2019-03-05,0.013190070669450686,15.00000000000031,301,2019
2019-03-06,0.013185308811542581,14.999999999999902,300,2019
2019-03-07,0.013174178680693094,15.000000000000103,299,2019
2019-03-08,0.013155490579834339,14.999999999999925,298,2019
2019-03-11,0.013172190541196227,15.000000000000036,295,2019
2019-03-12,0.013161602050699658,14.999999999999911,294,2019
2019-03-13,0.013105898687597815,14.999999999999957,293,2019
2019-03-14,0.013005282444163834,15.00000000000002,292,2019
2019-03-15,0.012993369007766722,14.999999999999995,291,2019
2019-03-18,0.013067370526359458,14.999999999999869,288,2019
2019-03-19,0.013014624096703453,14.999999999999849,287,2019
2019-03-20,0.013027202658943374,14.999999999999936,286,2019
2019-03-21,0.013073795822109945,15.00000000000006,285,2019
2019-03-22,0.013091093378345096,15.000000000000046,284,2019
2019-03-25,0.013071299381597675,15.00000000000014,281,2019
2019-03-26,0.013007814952609446,15.000000000000046,280,2019
2019-03-27,0.013025451317738704,14.999999999999956,279,2019
2019-03-28,0.013039081399665824,15.000000000000089,278,2019
2019-03-29,0.013038911746134316,15.000000000000014,277,2019
2019-04-01,0.013053618668625418,14.999999999999837,274,2019
2019-04-02,-0.006465523573662292,-7.418478260869521,273,2019
2019-04-03,0.013036089803803844,15.000000000000016,272,2019
2019-04-04,0.013013846759076672,15.000000000000064,271,2019
2019-04-05,0.013017222526808796,15.000000000000272,270,2019
2019-04-08,0.013025380565982016,14.999999999999705,267,2019
2019-04-09,0.012952296983670458,15.00000000000004,266,2019
2019-04-10,0.012898911552287083,14.999999999999922,265,2019
2019-04-11,0.012901452233753153,14.999999999999886,264,2019
2019-04-12,0.012894006737401048,15.00000000000013,263,2019
2019-04-15,0.012892603186529655,15.000000000000108,260,2019
2019-04-16,0.01292627241337823,15.000000000000014,259,2019
2019-04-17,0.012949555819803848,15.000000000000114,258,2019
2019-04-18,0.012917780133259137,14.999999999999728,257,2019
2019-04-19,0.012919494727531466,14.999999999999837,256,2019
2019-04-22,0.012902995186020484,15.000000000000039,253,2019
2019-04-23,0.012907925262472152,15.000000000000203,252,2019
2019-04-24,0.012912261698524552,14.999999999999922,251,2019
2019-04-25,0.012902140620926915,15.000000000000036,250,2019
2019-04-26,0.012913019016361932,15.000000000000139,249,2019
2019-04-29,0.012896798734058117,15.000000000000055,246,2019
2019-04-30,0.012901056774163795,15.000000000000258,245,2019
2019-05-01,0.01286244654601138,14.999999999999863,244,2019
2019-05-02,0.01294326711482389,15.000000000000139,243,2019
2019-05-03,0.013019843855230279,15.000000000000172,242,2019
2019-05-06,0.013059392651406553,14.999999999999883,239,2019
2019-05-07,0.013044532368439042,14.999999999999932,238,2019
2019-05-08,0.013087127108093278,14.99999999999981,237,2019
2019-05-09,0.013028300068178336,14.999999999999785,236,2019
2019-05-10,0.012994952495725076,14.999999999999952,235,2019
2019-05-13,0.013076449838983617,14.999999999999819,232,2019
2019-05-14,0.013047980169645205,14.999999999999936,231,2019
2019-05-15,0.013024033715825284,14.999999999999886,230,2019
2019-05-16,0.013047716058005056,14.999999999999803,229,2019
2019-05-17,0.013062332231097241,14.999999999999902,228,2019
2019-05-20,0.013068791780578626,14.999999999999961,225,2019
2019-05-21,0.013086655811918617,14.999999999999956,224,2019
2019-05-22,0.013013929199145825,14.999999999999824,223,2019
2019-05-23,0.013016839203255843,14.999999999999863,222,2019
2019-05-24,0.012950789831724048,14.999999999999819,221,2019
2019-05-27,0.013025155761288026,14.999999999999785,218,2019
2019-05-28,0.013138491767638868,14.999999999999797,217,2019
2019-05-29,0.013120202056985995,15.000000000000057,216,2019
2019-05-30,0.01309290752197121,14.99999999999972,215,2019
2019-05-31,0.013084720198460058,15.000000000000007,214,2019
2019-06-03,0.013118854790090444,14.999999999999936,211,2019
2019-06-04,0.013112268502913766,14.999999999999837,210,2019
2019-06-05,0.013061016539694279,14.99999999999973,209,2019
2019-06-06,0.013004531901717926,14.999999999999861,208,2019
2019-06-07,0.012955289878344406,14.999999999999538,207,2019
2019-06-10,0.012972175734007552,14.999999999999888,204,2019
2019-06-11,0.012953644954468229,14.99999999999958,203,2019
2019-06-12,0.013000720991323258,15.000000000000039,202,2019
2019-06-13,0.013009382983272874,15.00000000000005,201,2019
2019-06-14,0.013100453265892343,15.000000000000036,200,2019
2019-06-17,0.013120595088644323,14.999999999999883,197,2019
2019-06-18,0.013047997098256651,14.999999999999911,196,2019
2019-06-19,0.01305948859803864,14.99999999999983,195,2019
2019-06-20,0.012998145806432392,15.000000000000103,194,2019
2019-06-21,0.013006262926516032,15.0,193,2019
2019-06-24,0.013065404853190807,14.99999999999988,190,2019
2019-06-25,0.013094089252183852,14.999999999999897,189,2019
2019-06-26,0.01308744035280188,15.000000000000119,188,2019
2019-06-27,0.013111777436635764,14.999999999999966,187,2019
2019-06-28,0.013116326869765169,14.999999999999982,186,2019
2019-07-01,0.013215815288118096,14.999999999999838,183,2019
2019-07-02,-0.0021761651093974853,-2.4725274725275104,182,2019
2019-07-03,0.013213673190114177,14.999999999999996,181,2019
2019-07-04,0.013204782764563829,15.000000000000046,180,2019
2019-07-05,0.013116949662596212,14.999999999999961,179,2019
2019-07-08,0.013075515028858073,15.00000000000001,176,2019
2019-07-09,0.013062453863997694,14.999999999999941,175,2019
2019-07-10,0.013130967129682746,15.000000000000025,174,2019
2019-07-11,0.013162478490516714,15.00000000000004,173,2019
2019-07-12,0.013055275947697939,14.999999999999995,172,2019
2019-07-15,0.013021870188479195,14.999999999999922,169,2019
2019-07-16,0.012905210773238425,14.999999999999972,168,2019
2019-07-17,0.012885138117094037,15.000000000000089,167,2019
2019-07-18,0.01290547435664058,14.999999999999938,166,2019
2019-07-19,0.012972064476802846,15.000000000000016,165,2019
2019-07-22,0.012985994826482727,14.999999999999893,162,2019
2019-07-23,0.012955054559312276,14.99999999999995,161,2019
2019-07-24,0.012942400723782157,14.999999999999995,160,2019
2019-07-25,0.012884162514801564,15.000000000000002,159,2019
2019-07-26,0.01289213567323692,15.000000000000066,158,2019
2019-07-29,0.012942002076989803,14.999999999999982,155,2019
2019-07-30,0.012960927955566758,14.999999999999936,154,2019
2019-07-31,0.013008829775346622,14.999999999999956,153,2019
2019-08-01,-0.006511512542371688,-7.499999999999984,152,2019
2019-08-02,0.01305821092374159,15.000000000000002,151,2019
2019-08-05,0.013084567878187353,14.999999999999941,148,2019
2019-08-06,0.013092086389826958,14.999999999999968,147,2019
2019-08-07,0.013027323203337039,15.000000000000021,146,2019
2019-08-08,0.013025869517660797,14.999999999999968,145,2019
2019-08-09,0.012960448311642506,14.999999999999956,144,2019
2019-08-12,0.012981856361289382,15.00000000000005,141,2019
2019-08-13,0.012986605538154103,14.999999999999975,140,2019
2019-08-14,0.01294751287456675,15.00000000000001,139,2019
2019-08-15,0.012905939911990957,14.999999999999972,138,2019
2019-08-16,0.012919786286439524,15.000000000000021,137,2019
2019-08-19,0.01289281565736245,15.000000000000014,134,2019
2019-08-20,0.012859415319917238,14.999999999999991,133,2019
2019-08-21,0.012760898343164349,14.999999999999936,132,2019
2019-08-22,0.012738940836901825,14.999999999999963,131,2019
2019-08-23,0.012806285340877313,14.999999999999977,130,2019
2019-08-26,0.012820357108620815,15.000000000000005,127,2019
2019-08-27,0.012861565343503764,15.000000000000005,126,2019
2019-08-28,0.01289714328258413,14.999999999999996,125,2019
2019-08-29,0.0128977535994932,15.000000000000002,124,2019
2019-08-30,0.012867725326027488,14.99999999999993,123,2019
2019-09-02,0.012891077290555171,15.000000000000025,120,2019
2019-09-03,0.012922992944147713,15.000000000000039,119,2019
2019-09-04,0.012863899690037357,15.000000000000025,118,2019
2019-09-05,0.01289421762481545,15.000000000000014,117,2019
2019-09-06,0.012851491644571795,14.999999999999988,116,2019
2019-09-09,0.012843821789824945,15.000000000000007,113,2019
2019-09-10,0.01292489539701873,14.999999999999995,112,2019
2019-09-11,0.012956240346796849,15.000000000000007,111,2019
2019-09-12,0.012882661407123349,15.00000000000001,110,2019
2019-09-13,0.012873446810093175,15.000000000000052,109,2019
2019-09-16,0.012885698063857061,14.999999999999982,106,2019
2019-09-17,0.012865181731815624,14.99999999999995,105,2019
2019-09-18,0.012882475957036562,15.000000000000032,104,2019
2019-09-19,0.012955682375799929,14.999999999999961,103,2019
2019-09-20,0.01285670857719642,15.00000000000004,102,2019
2019-09-23,0.012934036232371812,15.00000000000006,99,2019
2019-09-24,0.012862574802203722,15.000000000000005,98,2019
2019-09-25,0.012845749929952336,15.000000000000014,97,2019
2019-09-26,0.012847899713004889,15.000000000000052,96,2019
2019-09-27,0.012867236027979215,15.000000000000046,95,2019
2019-09-30,0.012875431525319144,15.000000000000044,92,2019
2019-10-01,-0.006233526581810166,-7.2580645161290205,91,2019
2019-10-02,0.012850866016356585,15.00000000000001,90,2019
2019-10-03,0.01282980722169887,15.000000000000002,89,2019
2019-10-04,0.01273142389074439,15.00000000000002,88,2019
2019-10-07,0.01268999718653474,15.000000000000007,85,2019
2019-10-08,0.01280719528977878,14.999999999999988,84,2019
2019-10-09,0.012821632911944048,15.000000000000027,83,2019
2019-10-10,0.01278860140391544,15.000000000000014,82,2019
2019-10-11,0.01282715096951319,14.999999999999986,81,2019
2019-10-14,0.012896579558051754,15.000000000000014,78,2019
2019-10-15,0.012942836613477391,15.000000000000002,77,2019
2019-10-16,0.012853437789688619,15.00000000000002,76,2019
2019-10-17,0.012844001202572298,14.99999999999998,75,2019
2019-10-18,0.012843414810054998,14.999999999999996,74,2019
2019-10-21,0.01276826521932324,14.999999999999972,71,2019
2019-10-22,0.012641384625494387,15.00000000000001,70,2019
2019-10-23,0.012699172338999814,15.0,69,2019
2019-10-24,0.012618755682342168,14.999999999999982,68,2019
2019-10-25,0.012665597445564784,15.00000000000003,67,2019
2019-10-28,0.012657049370861335,15.000000000000007,64,2019
2019-10-29,0.012626983373498147,14.999999999999975,63,2019
2019-10-30,0.012590336581211016,15.000000000000021,62,2019
2019-10-31,-0.006508510089025588,-7.749999999999998,61,2019
2019-11-01,0.012545126422604825,14.999999999999988,60,2019
2019-11-04,0.012583162029423849,15.00000000000001,57,2019
2019-11-05,0.012653424862786361,15.000000000000002,56,2019
2019-11-06,0.01262820400109189,14.999999999999988,55,2019
2019-11-07,0.012617007416716142,15.000000000000021,54,2019
2019-11-08,0.012680723355904151,15.000000000000002,53,2019
2019-11-11,0.012620570829192806,15.000000000000032,50,2019
2019-11-12,0.012595393357499984,15.000000000000007,49,2019
2019-11-13,0.012584794588071779,14.999999999999988,48,2019
2019-11-14,0.012582429551285539,15.000000000000007,47,2019
2019-11-15,0.012581621616062133,15.00000000000002,46,2019
2019-11-18,0.012540088597681935,15.000000000000005,43,2019
2019-11-19,0.012542226569363938,15.000000000000025,42,2019
2019-11-20,0.012611909105787245,15.00000000000002,41,2019
2019-11-21,0.012581907796885396,14.999999999999995,40,2019
2019-11-22,0.012540832595484516,15.00000000000002,39,2019
2019-11-25,0.012420031227452373,14.999999999999995,36,2019
2019-11-26,0.012358435038073,15.000000000000002,35,2019
2019-11-27,0.012310254555377282,15.00000000000001,34,2019
2019-11-28,0.012235673921092323,14.999999999999996,33,2019
2019-11-29,0.012222649516720955,14.999999999999991,32,2019
2019-12-02,0.012254548953766455,15.000000000000002,29,2019
2019-12-03,0.012303403535998902,15.0,28,2019
2019-12-04,0.012301588045218501,14.999999999999995,27,2019
2019-12-05,0.012313170606613126,15.000000000000002,26,2019
2019-12-06,0.012253984027566363,14.999999999999996,25,2019
2019-12-09,0.012287363192489771,14.999999999999995,22,2019
2019-12-10,0.01225113356856368,15.000000000000005,21,2019
2019-12-11,0.012225530691453297,14.999999999999996,20,2019
2019-12-12,0.01225945971432572,15.000000000000002,19,2019
2019-12-13,0.012189429859472837,15.000000000000002,18,2019
2019-12-16,0.012243671193188865,14.999999999999991,15,2019
2019-12-17,-0.005365824023997417,-6.5624999999999964,14,2019
2019-12-18,0.01233821478411843,15.0,13,2019
2019-12-19,0.012218143727958337,15.0,12,2019
2019-12-20,0.012196722526056608,14.999999999999996,11,2019
2019-12-23,0.012188700956600778,15.0,8,2019
2019-12-24,,,7,2019
2019-12-25,,,6,2019
2019-12-26,,,5,2019
2019-12-27,,,4,2019
2019-12-30,,,1,2019
2019-12-31,,,0,2019
2020-01-01,0.0,0.0,365,2020
2020-01-02,0.011928021029939732,14.999999999999957,364,2020
2020-01-03,0.011896771202574943,14.999999999999927,363,2020
2020-01-06,0.011928283157370738,15.00000000000003,360,2020
2020-01-07,0.012040290256072311,14.999999999999925,359,2020
2020-01-08,0.01207553465686008,15.000000000000025,358,2020
2020-01-09,0.012082822458290165,14.999999999999995,357,2020
2020-01-10,0.012050108043358711,15.000000000000096,356,2020
2020-01-13,0.012040606265745591,15.000000000000002,353,2020
2020-01-14,0.011947185283711255,14.999999999999972,352,2020
2020-01-15,0.012025139908471935,14.999999999999847,351,2020
2020-01-16,0.012049340086808979,15.00000000000006,350,2020
2020-01-17,0.012125514252519651,14.999999999999968,349,2020
2020-01-20,0.012003832203168304,15.000000000000002,346,2020
2020-01-21,0.012043442154010632,15.0,345,2020
2020-01-22,0.012059227006732266,14.999999999999941,344,2020
2020-01-23,0.012070445308362742,14.999999999999808,343,2020
2020-01-24,0.012089595788610082,14.999999999999918,342,2020
2020-01-27,0.012044100413571101,14.999999999999917,339,2020
2020-01-28,0.012076147113967569,15.00000000000003,338,2020
2020-01-29,0.011995609929285816,14.999999999999938,337,2020
2020-01-30,0.012017057113619289,15.000000000000094,336,2020
2020-01-31,0.012038530307589114,14.99999999999983,335,2020
2020-02-03,0.012025649281338079,14.999999999999968,332,2020
2020-02-04,0.011947179299893878,14.999999999999897,331,2020
2020-02-05,0.011899903133420322,14.999999999999902,330,2020
2020-02-06,0.011850770944644455,14.9999999999998,329,2020
2020-02-07,0.011728768936316693,14.999999999999961,328,2020
2020-02-10,0.011741032961671317,15.0000000000001,325,2020
2020-02-11,0.011729305623922881,14.999999999999943,324,2020
2020-02-12,0.011689365470528085,14.999999999999952,323,2020
2020-02-13,0.011703231490185824,14.999999999999858,322,2020
2020-02-14,0.01164153579135955,14.999999999999888,321,2020
2020-02-17,0.011612364377910024,15.00000000000007,318,2020
2020-02-18,0.01159211309149167,15.000000000000105,317,2020
2020-02-19,0.011569870390834461,15.000000000000096,316,2020
2020-02-20,0.011540267445626105,15.000000000000036,315,2020
2020-02-21,0.011572885468044468,14.999999999999941,314,2020
2020-02-24,0.011507471118264856,14.999999999999941,311,2020
2020-02-25,0.011513605271785996,14.999999999999988,310,2020
2020-02-26,0.011530780639635155,14.999999999999844,309,2020
2020-02-27,0.01152959664486691,14.999999999999936,308,2020
2020-02-28,0.01154234583087103,14.99999999999995,307,2020
2020-03-02,0.011482778719550911,14.999999999999968,304,2020
2020-03-03,0.011416443290470164,14.999999999999886,303,2020
2020-03-04,0.011493216307462532,14.999999999999927,302,2020
2020-03-05,0.011556581941497748,15.00000000000006,301,2020
2020-03-06,0.011585794149810182,14.999999999999847,300,2020
2020-03-09,0.011667156043175204,14.999999999999849,297,2020
2020-03-10,0.011654885962034994,14.999999999999941,296,2020
2020-03-11,0.011651786027203959,14.999999999999867,295,2020
2020-03-12,0.011635009257082402,14.999999999999941,294,2020
2020-03-13,0.01166480724981592,15.00000000000002,293,2020
2020-03-16,0.01171732264305558,14.999999999999922,290,2020
2020-03-17,0.011677513469706646,15.000000000000036,289,2020
2020-03-18,0.011630266543975613,14.999999999999917,288,2020
2020-03-19,0.0116695608736642,14.999999999999917,287,2020
2020-03-20,0.011666404435217105,15.00000000000007,286,2020
2020-03-23,0.011659473225059093,14.999999999999927,283,2020
2020-03-24,0.011667935763951542,14.999999999999975,282,2020
2020-03-25,0.011718844788794421,14.999999999999947,281,2020
2020-03-26,0.011707653346689606,15.000000000000007,280,2020
2020-03-27,0.011701588955578383,14.999999999999941,279,2020
2020-03-30,0.011678413625887018,14.999999999999886,276,2020
2020-03-31,0.011619004612088982,14.999999999999908,275,2020
2020-04-01,0.01173385057332841,15.000000000000021,274,2020
2020-04-02,-0.0057869113036267215,-7.418478260869479,273,2020
2020-04-03,0.011706845722361707,15.000000000000039,272,2020
2020-04-06,0.01161715875375248,14.99999999999998,269,2020
2020-04-07,0.011558897261684891,15.000000000000014,268,2020
2020-04-08,0.011567782947148325,15.000000000000085,267,2020
2020-04-09,0.011506236912509979,14.999999999999982,266,2020
2020-04-10,0.01156658123975559,15.000000000000027,265,2020
2020-04-13,0.011594587834516817,14.999999999999995,262,2020
2020-04-14,0.011515298501240272,14.999999999999947,261,2020
2020-04-15,0.011527228646545446,15.000000000000014,260,2020
2020-04-16,0.011535357153330797,14.999999999999963,259,2020
2020-04-17,0.01148785331067415,15.000000000000089,258,2020
2020-04-20,0.011473924114490818,15.000000000000005,255,2020
2020-04-21,0.011452141652951114,15.000000000000052,254,2020
2020-04-22,0.011519379665970058,14.999999999999925,253,2020
2020-04-23,0.011535513231725221,15.000000000000089,252,2020
2020-04-24,0.011462139102151714,14.999999999999961,251,2020
2020-04-27,0.011401256772267809,15.000000000000025,248,2020
2020-04-28,0.011341558300632297,14.99999999999995,247,2020
2020-04-29,0.011402921430840264,15.000000000000144,246,2020
2020-04-30,0.01137494867989735,14.999999999999961,245,2020
2020-05-01,0.011346977945137207,14.999999999999941,244,2020
2020-05-04,0.011388796785479154,15.000000000000057,241,2020
2020-05-05,0.011421468076551545,15.000000000000158,240,2020
2020-05-06,0.011433489513381079,15.000000000000139,239,2020
2020-05-07,0.0114137600900108,15.000000000000036,238,2020
2020-05-08,0.0114135771129639,14.999999999999844,237,2020
2020-05-11,0.011439097165063111,15.00000000000003,234,2020
2020-05-12,0.01141704175970716,15.000000000000016,233,2020
2020-05-13,0.011386011642037518,15.000000000000105,232,2020
2020-05-14,0.011284481082067562,15.000000000000066,231,2020
2020-05-15,0.011270657571190428,14.999999999999906,230,2020
2020-05-18,0.011224943557199534,15.000000000000114,227,2020
2020-05-19,0.011237559127877089,14.999999999999995,226,2020
2020-05-20,0.011224458429165994,14.999999999999927,225,2020
2020-05-21,0.011183436550746807,15.000000000000066,224,2020
2020-05-22,0.011246265819354062,14.999999999999975,223,2020
2020-05-25,0.011200364531844982,15.000000000000124,220,2020
2020-05-26,0.011206886352451314,15.000000000000128,219,2020
2020-05-27,0.01103028644809504,15.000000000000046,218,2020
2020-05-28,0.01102927799889724,14.99999999999983,217,2020
2020-05-29,0.010953220405910775,15.000000000000178,216,2020
2020-06-01,0.010912777275054339,15.00000000000006,213,2020
2020-06-02,0.010883669659639808,14.999999999999995,212,2020
2020-06-03,0.010869103190833358,15.000000000000128,211,2020
2020-06-04,0.010913202970893906,15.000000000000066,210,2020
2020-06-05,0.010934938355840591,14.999999999999938,209,2020
2020-06-08,0.010861454073180708,15.000000000000036,206,2020
2020-06-09,0.010939810927437918,14.999999999999837,205,2020
2020-06-10,0.010982615968608974,15.00000000000001,204,2020
2020-06-11,0.011042926407184728,14.999999999999982,203,2020
2020-06-12,0.010998776528335686,14.999999999999922,202,2020
2020-06-15,0.010945407938042103,14.999999999999927,199,2020
2020-06-16,0.010898413533382013,15.00000000000004,198,2020
2020-06-17,0.0109256900044033,15.000000000000075,197,2020
2020-06-18,0.010929210457745909,15.000000000000085,196,2020
2020-06-19,0.010957252738918306,15.000000000000007,195,2020
2020-06-22,0.01101549669989218,15.000000000000133,192,2020
2020-06-23,0.010990892294002352,15.00000000000018,191,2020
2020-06-24,0.011079008071879393,14.999999999999995,190,2020
2020-06-25,0.011060193128670952,14.999999999999966,189,2020
2020-06-26,0.011068375148160193,15.000000000000139,188,2020
2020-06-29,0.011073635299478303,14.999999999999977,185,2020
2020-06-30,0.011054694000958381,14.999999999999982,184,2020
2020-07-01,0.010985869394948795,14.999999999999961,183,2020
2020-07-02,-0.0018157127933140604,-2.4725274725274478,182,2020
2020-07-03,0.010984410862993314,14.999999999999982,181,2020
2020-07-06,0.010934257214788733,14.999999999999996,178,2020
2020-07-07,0.010886905163386905,15.00000000000001,177,2020
2020-07-08,0.010890585629275716,14.99999999999993,176,2020
2020-07-09,0.010890888507583671,15.000000000000025,175,2020
2020-07-10,0.01088754573593177,15.000000000000014,174,2020
2020-07-13,0.010869049585960041,14.999999999999956,171,2020
2020-07-14,0.01086427051190465,15.00000000000002,170,2020
2020-07-15,0.010881992468202702,15.000000000000002,169,2020
2020-07-16,0.010888466680219491,14.999999999999966,168,2020
2020-07-17,0.010884007992881368,14.999999999999932,167,2020
2020-07-20,0.010888601363637129,14.999999999999996,164,2020
2020-07-21,0.010855312764100034,14.999999999999991,163,2020
2020-07-22,0.01087766336252562,15.000000000000007,162,2020
2020-07-23,0.010939719126655239,14.999999999999913,161,2020
2020-07-24,0.01092205325756447,15.00000000000001,160,2020
2020-07-27,0.010966594183547363,14.99999999999995,157,2020
2020-07-28,0.01096697927775209,15.000000000000014,156,2020
2020-07-29,0.010914428591511755,14.999999999999975,155,2020
2020-07-30,0.01091934296653882,14.999999999999982,154,2020
2020-07-31,0.01089765855952087,14.999999999999899,153,2020
2020-08-03,0.010892190196408257,15.000000000000039,150,2020
2020-08-04,0.010801627208898396,15.000000000000027,149,2020
2020-08-05,0.010755086807341855,14.999999999999975,148,2020
2020-08-06,0.010812594850572592,14.999999999999988,147,2020
2020-08-07,0.01081681888193177,14.999999999999947,146,2020
2020-08-10,0.010816644921543219,15.00000000000001,143,2020
2020-08-11,0.01073650398887507,14.999999999999995,142,2020
2020-08-12,0.01070117243205004,15.000000000000002,141,2020
2020-08-13,0.010691386336587415,14.999999999999936,140,2020
2020-08-14,0.010650121743599451,15.000000000000021,139,2020
2020-08-17,0.010646540241543545,14.999999999999991,136,2020
2020-08-18,0.010596836784676957,14.999999999999961,135,2020
2020-08-19,0.01055412570892737,14.999999999999902,134,2020
2020-08-20,0.010508297949850778,15.000000000000046,133,2020
2020-08-21,0.010462202628851214,15.000000000000027,132,2020
2020-08-24,0.010440967573178002,15.00000000000002,129,2020
2020-08-25,0.010442943043471188,14.999999999999961,128,2020
2020-08-26,0.010449867395037962,14.999999999999975,127,2020
2020-08-27,0.010468790799152002,14.99999999999998,126,2020
2020-08-28,0.010491870852799077,14.999999999999977,125,2020
2020-08-31,-0.0054664430261883515,-7.750000000000011,122,2020
2020-09-01,0.010604294471110906,14.999999999999961,121,2020
2020-09-02,0.010580401053376992,15.00000000000003,120,2020
2020-09-03,0.010633330260374146,15.000000000000027,119,2020
2020-09-04,0.010593566714956322,15.000000000000002,118,2020
2020-09-07,0.010577586679068399,14.99999999999995,115,2020
2020-09-08,0.01063366826332396,15.000000000000016,114,2020
2020-09-09,0.010640494572300983,14.999999999999977,113,2020
2020-09-10,0.010625887505314643,15.000000000000027,112,2020
2020-09-11,0.010597637205758495,14.999999999999996,111,2020
2020-09-14,0.0106577876305437,14.999999999999968,108,2020
2020-09-15,0.010628551619020783,14.999999999999988,107,2020
2020-09-16,0.01056661355514325,14.999999999999975,106,2020
2020-09-17,0.010533813959813815,15.000000000000036,105,2020
2020-09-18,0.010504163638401608,14.999999999999995,104,2020
2020-09-21,0.010509209175577848,15.00000000000001,101,2020
2020-09-22,0.01053329059499737,15.000000000000016,100,2020
2020-09-23,0.0105495905422325,14.999999999999982,99,2020
2020-09-24,0.010566056388475723,15.000000000000014,98,2020
2020-09-25,0.010636204999951972,15.000000000000005,97,2020
2020-09-28,0.010663515115140392,14.999999999999975,94,2020
2020-09-29,0.010702758864966534,15.00000000000004,93,2020
2020-09-30,0.010736728014004628,15.000000000000021,92,2020
2020-10-01,-0.005192690209230906,-7.25806451612903,91,2020
2020-10-02,0.010739120863372524,15.000000000000021,90,2020
2020-10-05,0.010750998745204993,14.999999999999982,87,2020
2020-10-06,0.010782344668250024,15.000000000000027,86,2020
2020-10-07,0.010721840020242528,14.999999999999988,85,2020
2020-10-08,0.010710246885536782,15.000000000000002,84,2020
2020-10-09,0.010720311634599253,15.000000000000005,83,2020
2020-10-12,0.010756478032648132,15.0,80,2020
2020-10-13,0.010732549769552005,14.999999999999996,79,2020
2020-10-14,0.010782287085999988,14.999999999999995,78,2020
2020-10-15,0.010837894845672142,15.000000000000005,77,2020
2020-10-16,0.010858977511867048,14.99999999999998,76,2020
2020-10-19,0.010837745585553296,14.999999999999995,73,2020
2020-10-20,0.010859014887721364,14.999999999999995,72,2020
2020-10-21,0.010802015519134256,14.999999999999975,71,2020
2020-10-22,0.01076974429084262,14.999999999999996,70,2020
2020-10-23,0.01074089439757713,14.999999999999986,69,2020
2020-10-26,0.010744679956074496,15.000000000000002,66,2020
2020-10-27,0.010648002475519253,14.999999999999988,65,2020
2020-10-28,0.010693000583118943,14.999999999999982,64,2020
2020-10-29,0.010689190592588608,15.000000000000016,63,2020
2020-10-30,0.01067051280832265,14.999999999999995,62,2020
2020-11-02,0.010765466228052986,15.000000000000007,59,2020
2020-11-03,0.010723931898670049,15.000000000000016,58,2020
2020-11-04,0.010720258395357982,15.000000000000005,57,2020
2020-11-05,0.010688386507595033,15.000000000000007,56,2020
2020-11-06,0.010672897746057598,14.999999999999996,55,2020
2020-11-09,0.010605137564768274,15.00000000000001,52,2020
2020-11-10,0.010548285165654743,15.000000000000016,51,2020
2020-11-11,0.010524724708057796,15.000000000000007,50,2020
2020-11-12,0.010521780290723584,15.0,49,2020
2020-11-13,0.01051508991821796,14.999999999999995,48,2020
2020-11-16,0.01049238740723195,15.000000000000007,45,2020
2020-11-17,0.010445552788357473,14.999999999999986,44,2020
2020-11-18,0.01047901927388772,15.000000000000005,43,2020
2020-11-19,0.01043132417345339,15.000000000000016,42,2020
2020-11-20,0.010439286247700113,14.999999999999995,41,2020
2020-11-23,0.010458818965440956,14.999999999999986,38,2020
2020-11-24,0.010458880993027454,15.000000000000021,37,2020
2020-11-25,0.010556153658682722,15.00000000000002,36,2020
2020-11-26,0.010510536886622355,14.999999999999988,35,2020
2020-11-27,0.010455177667443187,15.000000000000014,34,2020
2020-11-30,0.010448745883897569,14.999999999999991,31,2020
2020-12-01,-0.0026840218542191763,-3.8709677419354818,30,2020
2020-12-02,0.010428229168247496,14.999999999999995,29,2020
2020-12-03,0.010459126652213768,15.000000000000007,28,2020
2020-12-04,0.010512445324122741,14.999999999999995,27,2020
2020-12-07,0.01054080891901422,15.000000000000007,24,2020
2020-12-08,0.010532645624113967,15.000000000000002,23,2020
2020-12-09,0.010453526796380291,14.999999999999996,22,2020
2020-12-10,0.010436938934529537,14.999999999999995,21,2020
2020-12-11,0.010427104713883625,14.999999999999996,20,2020
2020-12-14,0.010435373893367478,15.000000000000002,17,2020
2020-12-15,0.01045466042781591,15.0,16,2020
2020-12-16,0.010446392481816072,15.000000000000002,15,2020
2020-12-17,-0.004583661819178857,-6.562499999999999,14,2020
2020-12-18,0.0104570496809799,15.0,13,2020
2020-12-21,0.010502525275772985,15.000000000000002,10,2020
2020-12-22,0.010469522687689201,15.000000000000002,9,2020
2020-12-23,0.010514906654819786,15.0,8,2020
2020-12-24,,,7,2020
2020-12-25,,,6,2020
2020-12-28,,,3,2020
2020-12-29,,,2,2020
2020-12-30,,,1,2020
2020-12-31,,,0,2020
2021-01-01,0.010587134128773977,15.000000000000002,364,2021
2021-01-04,0.010665546136714317,14.999999999999943,361,2021
2021-01-05,0.01068886528921054,14.999999999999941,360,2021
2021-01-06,0.010727649227286359,15.000000000000115,359,2021
2021-01-07,0.01065220193430124,15.00000000000008,358,2021
2021-01-08,0.010689281357698125,14.999999999999991,357,2021
2021-01-11,0.010626213116225747,14.999999999999913,354,2021
2021-01-12,0.010597602245980324,14.999999999999991,353,2021
2021-01-13,0.010571552944586629,14.999999999999988,352,2021
2021-01-14,0.010579987958113782,15.000000000000044,351,2021
2021-01-15,0.010554237054845516,15.000000000000002,350,2021
2021-01-18,0.010562987255983387,14.999999999999927,347,2021
2021-01-19,0.010609923184515847,14.999999999999988,346,2021
2021-01-20,0.010644840626845915,14.999999999999936,345,2021
2021-01-21,0.010627903239485311,15.000000000000066,344,2021
2021-01-22,0.010636912579222533,14.999999999999988,343,2021
2021-01-25,0.010622310925946883,15.000000000000071,340,2021
2021-01-26,0.010627989993364602,15.000000000000064,339,2021
2021-01-27,0.010598235479804135,14.999999999999975,338,2021
2021-01-28,0.010660620045171817,14.999999999999936,337,2021
2021-01-29,0.01065322588104683,15.000000000000115,336,2021
2021-02-01,0.010683342424333596,15.000000000000021,333,2021
2021-02-02,0.010698106900555828,14.999999999999897,332,2021
2021-02-03,0.010734161739698225,14.999999999999963,331,2021
2021-02-04,0.010733931857437578,15.000000000000032,330,2021
2021-02-05,0.010698802963965075,15.00000000000001,329,2021
2021-02-08,0.010719377785426606,14.999999999999925,326,2021
2021-02-09,0.010743741575353948,14.999999999999869,325,2021
2021-02-10,0.010761936700677852,15.000000000000085,324,2021
2021-02-11,0.01076900052650724,14.999999999999991,323,2021
2021-02-12,0.010785336382867479,14.999999999999995,322,2021
2021-02-15,0.010806192681787187,15.000000000000039,319,2021
2021-02-16,0.010820771221671794,15.000000000000021,318,2021
2021-02-17,0.010793149963770565,14.999999999999917,317,2021
2021-02-18,0.01073188888580013,14.999999999999991,316,2021
2021-02-19,0.010659101098408175,15.000000000000146,315,2021
2021-02-22,0.010709926750820331,14.99999999999995,312,2021
2021-02-23,0.010719797429176187,15.00000000000008,311,2021
2021-02-24,0.010668863320069452,14.99999999999998,310,2021
2021-02-25,0.010695444984521435,14.999999999999957,309,2021
2021-02-26,0.010610732431358847,14.999999999999938,308,2021
2021-03-01,0.01064683662938962,14.999999999999932,305,2021
2021-03-02,0.010673349336781162,14.999999999999897,304,2021
2021-03-03,0.010757066706436114,15.000000000000052,303,2021
2021-03-04,0.010705364006938542,14.999999999999956,302,2021
2021-03-05,0.010590112877250028,15.000000000000094,301,2021
2021-03-08,0.010751676706144556,15.00000000000007,298,2021
2021-03-09,0.01074981902263437,15.00000000000002,297,2021
2021-03-10,0.010707117144912959,15.00000000000008,296,2021
2021-03-11,0.010764430746005551,15.000000000000064,295,2021
2021-03-12,0.010766715896189348,14.99999999999995,294,2021
2021-03-15,0.010747770429521707,14.99999999999995,291,2021
2021-03-16,0.010796038961147518,14.999999999999925,290,2021
2021-03-17,0.010825259573449132,15.000000000000007,289,2021
2021-03-18,0.010819598240215842,14.999999999999968,288,2021
2021-03-19,0.010855189188312854,14.999999999999977,287,2021
2021-03-22,0.010877320480456362,14.999999999999883,284,2021
2021-03-23,0.010825899943990908,15.000000000000005,283,2021
2021-03-24,0.010845936078140751,15.000000000000076,282,2021
2021-03-25,0.010855407224303438,14.999999999999872,281,2021
2021-03-26,0.010873864403097452,14.999999999999828,280,2021
2021-03-29,0.010837217856110255,14.999999999999982,277,2021
2021-03-30,0.010902124975829496,15.000000000000032,276,2021
2021-03-31,0.010871093250860263,14.999999999999877,275,2021
2021-04-01,0.01085563769178375,14.999999999999897,274,2021
2021-04-02,-0.005373988333075598,-7.418478260869571,273,2021
2021-04-05,0.010868117942548404,14.999999999999986,270,2021
2021-04-06,0.010769336491653504,15.000000000000014,269,2021
2021-04-07,0.010843661324881319,15.000000000000135,268,2021
2021-04-08,0.010887958748824061,15.00000000000004,267,2021
2021-04-09,0.010909910306651912,15.000000000000096,266,2021
2021-04-12,0.010855865773288604,15.000000000000055,263,2021
2021-04-13,0.01079686955749449,14.999999999999982,262,2021
2021-04-14,0.010826976366357795,15.000000000000036,261,2021
2021-04-15,0.010840852777304536,14.999999999999986,260,2021
2021-04-16,0.010841697586125933,14.999999999999842,259,2021
2021-04-19,0.010875143093031373,15.000000000000119,256,2021
2021-04-20,0.010938474737351335,14.999999999999858,255,2021
2021-04-21,0.010908153785013152,15.00000000000011,254,2021
2021-04-22,0.010941882026713699,14.999999999999936,253,2021
2021-04-23,0.010978692851270707,15.000000000000075,252,2021
2021-04-26,0.010950165795866383,15.000000000000039,249,2021
2021-04-27,0.01088964448404604,15.00000000000005,248,2021
2021-04-28,0.010949175494436518,15.000000000000046,247,2021
2021-04-29,0.01096960307102238,15.000000000000089,246,2021
2021-04-30,0.010946787970539466,14.999999999999977,245,2021
2021-05-03,0.01088830493934026,15.00000000000018,242,2021
2021-05-04,0.010912099902890124,14.999999999999996,241,2021
2021-05-05,0.010838730954869069,15.000000000000153,240,2021
2021-05-06,0.010802040545629577,15.0000000000001,239,2021
2021-05-07,0.010752088519460221,15.000000000000076,238,2021
2021-05-10,0.010717077876241328,15.000000000000007,235,2021
2021-05-11,0.010700801947389047,14.999999999999947,234,2021
2021-05-12,0.010728434620413344,14.999999999999932,233,2021
2021-05-13,0.010791624747297961,14.999999999999988,232,2021
2021-05-14,0.010774337512684633,15.000000000000039,231,2021
2021-05-17,0.010828540150584277,15.000000000000044,228,2021
2021-05-18,0.010809495383770585,14.999999999999936,227,2021
2021-05-19,0.010788983641816137,15.00000000000004,226,2021
2021-05-20,0.010634552836519267,15.00000000000004,225,2021
2021-05-21,0.010623264295372558,15.00000000000004,224,2021
2021-05-24,0.01057450590334883,15.00000000000005,221,2021
2021-05-25,0.010587079641196281,15.00000000000006,220,2021
2021-05-26,0.010584497691844007,15.000000000000094,219,2021
2021-05-27,0.01056637906393432,14.999999999999975,218,2021
2021-05-28,0.010550738772599948,14.999999999999902,217,2021
2021-05-31,0.01058973786291613,15.000000000000114,214,2021
2021-06-01,0.010623950911217822,15.000000000000032,213,2021
2021-06-02,0.010647614568898916,14.999999999999947,212,2021
2021-06-03,0.010724733074344114,15.000000000000114,211,2021
2021-06-04,0.010666688196874975,15.00000000000003,210,2021
2021-06-07,0.010681093597008074,14.999999999999975,207,2021
2021-06-08,0.010679052901706544,15.000000000000108,206,2021
2021-06-09,0.010680651566518044,14.999999999999986,205,2021
2021-06-10,0.010602365161871125,15.000000000000014,204,2021
2021-06-11,0.010624933259444587,15.000000000000083,203,2021
2021-06-14,0.010641162364899674,14.999999999999927,200,2021
2021-06-15,0.0107036375145668,15.000000000000172,199,2021
2021-06-16,0.010608476101151152,14.999999999999975,198,2021
2021-06-17,0.010580588055544021,14.999999999999918,197,2021
2021-06-18,0.01059190766827417,14.999999999999977,196,2021
2021-06-21,0.010607317030649795,14.999999999999977,193,2021
2021-06-22,0.01064395850964867,14.999999999999932,192,2021
2021-06-23,0.010596405793570067,15.000000000000025,191,2021
2021-06-24,0.010675588536247362,15.000000000000014,190,2021
2021-06-25,0.010673770953462471,15.000000000000115,189,2021
2021-06-28,0.01062913178620789,15.00000000000002,186,2021
2021-06-29,0.010649358533300039,14.999999999999991,185,2021
2021-06-30,0.010675975002230803,15.00000000000001,184,2021
2021-07-01,0.01068139362535852,15.00000000000002,183,2021
2021-07-02,-0.0017464497526451168,-2.4725274725275104,182,2021
2021-07-05,0.010603574059262037,15.000000000000007,179,2021
2021-07-06,0.01054334498496327,15.00000000000003,178,2021
2021-07-07,0.010609346787654178,15.00000000000002,177,2021
2021-07-08,0.010572662094352307,15.000000000000027,176,2021
2021-07-09,0.010564261557245443,15.000000000000014,175,2021
2021-07-12,0.010575374616285908,14.999999999999995,172,2021
2021-07-13,0.010525307453489136,15.0,171,2021
2021-07-14,0.010513747680019595,15.000000000000014,170,2021
2021-07-15,0.010505406682957777,15.000000000000005,169,2021
2021-07-16,0.010597678381173944,15.000000000000005,168,2021
2021-07-19,0.01063029571838622,14.999999999999982,165,2021
2021-07-20,0.010623953724203371,14.999999999999966,164,2021
2021-07-21,0.010722190866264537,15.0,163,2021
2021-07-22,0.01073037993007466,14.999999999999975,162,2021
2021-07-23,0.010756147100829219,14.999999999999941,161,2021
2021-07-26,0.01073347956361241,14.999999999999952,158,2021
2021-07-27,0.01071586976012039,14.999999999999995,157,2021
2021-07-28,0.010685421107292398,14.99999999999993,156,2021
2021-07-29,0.010594207048380152,14.999999999999968,155,2021
2021-07-30,0.01054652807648396,14.999999999999988,154,2021
2021-08-02,0.010540024060548691,15.00000000000001,151,2021
2021-08-03,0.010530704634012433,14.999999999999961,150,2021
2021-08-04,0.010563707287038614,15.00000000000003,149,2021
2021-08-05,0.010565685286253944,14.999999999999932,148,2021
2021-08-06,0.010637163149140861,14.999999999999888,147,2021
2021-08-09,0.01056028042011239,14.999999999999952,144,2021
2021-08-10,0.010579962063906056,15.000000000000027,143,2021
2021-08-11,0.010544347039283777,14.999999999999982,142,2021
2021-08-12,0.010555882618005996,14.999999999999995,141,2021
2021-08-13,0.010612121150766787,14.999999999999988,140,2021
2021-08-16,0.010623735518534896,14.999999999999977,137,2021
2021-08-17,0.010656123817924317,15.000000000000016,136,2021
2021-08-18,0.010658170762840364,15.000000000000036,135,2021
2021-08-19,0.010621074980607634,14.999999999999963,134,2021
2021-08-20,0.010670367695830147,14.999999999999975,133,2021
2021-08-23,0.01063891108737734,15.000000000000046,130,2021
2021-08-24,0.010596264709260176,14.999999999999908,129,2021
2021-08-25,0.010587441236139269,15.000000000000021,128,2021
2021-08-26,0.01061288463890324,15.000000000000032,127,2021
2021-08-27,0.010581104193272866,15.000000000000052,126,2021
2021-08-30,0.010630424191276909,15.000000000000016,123,2021
2021-08-31,-0.005514352444423949,-7.749999999999985,122,2021
2021-09-01,0.010638191836075492,15.000000000000016,121,2021
2021-09-02,0.010749206524091897,15.000000000000025,120,2021
2021-09-03,0.010743928885578345,15.000000000000025,119,2021
2021-09-06,0.01083606806615255,15.000000000000046,116,2021
2021-09-07,0.010866513494107109,14.999999999999977,115,2021
2021-09-08,0.01085675605346054,15.000000000000007,114,2021
2021-09-09,0.010972387552220306,15.000000000000002,113,2021
2021-09-10,0.011038441530128968,15.00000000000006,112,2021
2021-09-13,0.011053010431916921,15.00000000000004,109,2021
2021-09-14,0.011094819631627461,14.999999999999995,108,2021
2021-09-15,0.011134491869650247,14.999999999999986,107,2021
2021-09-16,0.011078321199577938,15.000000000000007,106,2021
2021-09-17,0.011045024707075964,15.000000000000036,105,2021
2021-09-20,0.011007309026114895,15.000000000000007,102,2021
2021-09-21,0.011018453456388577,14.999999999999938,101,2021
2021-09-22,0.010997251622920326,15.000000000000027,100,2021
2021-09-23,0.010947783859088716,14.999999999999988,99,2021
2021-09-24,0.010852478939199786,15.00000000000001,98,2021
2021-09-27,0.01077142247891803,15.00000000000004,95,2021
2021-09-28,0.010796902675145824,14.999999999999986,94,2021
2021-09-29,0.01077375318161401,15.000000000000046,93,2021
2021-09-30,0.010783369585408955,14.999999999999995,92,2021
2021-10-01,-0.005259111131675102,-7.258064516129031,91,2021
2021-10-04,0.010799451904801152,14.999999999999995,88,2021
2021-10-05,0.010757542250364786,15.00000000000001,87,2021
2021-10-06,0.010752565029965147,14.999999999999977,86,2021
2021-10-07,0.01075397858148687,15.00000000000003,85,2021
2021-10-08,0.010827001491806956,15.00000000000003,84,2021
2021-10-11,0.010834479881141711,15.000000000000021,81,2021
2021-10-12,0.010870850048451829,14.99999999999998,80,2021
2021-10-13,0.010862210094205791,15.000000000000002,79,2021
2021-10-14,0.010836495737953025,15.00000000000003,78,2021
2021-10-15,0.010766819441680585,15.000000000000007,77,2021
2021-10-18,0.010710593702466032,14.999999999999982,74,2021
2021-10-19,0.01074296636464725,14.999999999999991,73,2021
2021-10-20,0.010752738441992829,15.00000000000001,72,2021
2021-10-21,0.010857172488829477,15.000000000000014,71,2021
2021-10-22,0.010873658177631447,14.999999999999982,70,2021
2021-10-25,0.010793338082525762,15.000000000000002,67,2021
2021-10-26,0.01083318026847472,15.000000000000007,66,2021
2021-10-27,0.010801188975711418,14.999999999999968,65,2021
2021-10-28,0.010793612621561284,14.999999999999988,64,2021
2021-10-29,0.010815966089006902,14.999999999999991,63,2021
2021-11-01,0.010804656034366937,15.000000000000007,60,2021
2021-11-02,0.010809065718782719,15.000000000000014,59,2021
2021-11-03,0.010780117098450934,15.000000000000014,58,2021
2021-11-04,0.010784198582557109,15.000000000000005,57,2021
2021-11-05,0.010795898116992492,15.000000000000014,56,2021
2021-11-08,0.01078617685420857,15.000000000000007,53,2021
2021-11-09,0.010770060766943803,15.000000000000007,52,2021
2021-11-10,0.010825910578074482,15.000000000000005,51,2021
2021-11-11,0.010849762345018889,15.000000000000005,50,2021
2021-11-12,0.010867270587371155,15.00000000000001,49,2021
2021-11-15,0.010905254510303034,15.000000000000007,46,2021
2021-11-16,0.010869079319155102,15.00000000000002,45,2021
2021-11-17,0.010853727477836647,14.999999999999991,44,2021
2021-11-18,0.010776011994689846,14.999999999999982,43,2021
2021-11-19,0.010782918032269552,15.00000000000001,42,2021
2021-11-22,0.010797643915872854,14.999999999999991,39,2021
2021-11-23,0.010852578593920435,15.000000000000021,38,2021
2021-11-24,0.010884569983281064,15.000000000000014,37,2021
2021-11-25,0.01086335863372601,15.000000000000005,36,2021
2021-11-26,0.010762788686639609,14.999999999999995,35,2021
2021-11-29,0.010739670722140571,15.000000000000027,32,2021
2021-11-30,0.010775580670375689,15.000000000000036,31,2021
2021-12-01,-0.002769791320355,-3.8709677419354716,30,2021
2021-12-02,0.010702222641563446,15.000000000000002,29,2021
2021-12-03,0.010617900499296378,14.999999999999995,28,2021
2021-12-06,0.010592347787645623,15.000000000000002,25,2021
2021-12-07,0.010637595239508083,15.000000000000002,24,2021
2021-12-08,0.010749773760736277,14.999999999999995,23,2021
2021-12-09,0.0107034833747877,14.999999999999996,22,2021
2021-12-10,0.010754698193402567,15.000000000000005,21,2021
2021-12-13,0.010738283490290379,14.999999999999996,18,2021
2021-12-14,0.010756836598834337,14.999999999999996,17,2021
2021-12-15,0.010740325923873832,15.000000000000002,16,2021
2021-12-16,0.010724056037401184,14.999999999999995,15,2021
2021-12-17,-0.004694130531054269,-6.562500000000006,14,2021
2021-12-20,0.010746611368270454,15.0,11,2021
2021-12-21,0.010805240758368596,15.000000000000002,10,2021
2021-12-22,0.010812811170163625,15.0,9,2021
2021-12-23,0.010772126751069918,14.999999999999996,8,2021
2021-12-24,,,7,2021
2021-12-27,,,4,2021
2021-12-28,,,3,2021
2021-12-29,,,2,2021
2021-12-30,,,1,2021
2021-12-31,,,0,2021
2022-01-03,0.010871611161335254,14.999999999999892,362,2022
2022-01-04,0.010922751683920092,14.999999999999869,361,2022
2022-01-05,0.01094316010965208,14.999999999999972,360,2022
2022-01-06,0.010959491591847923,15.000000000000071,359,2022
2022-01-07,0.010951648613710781,14.999999999999995,358,2022
2022-01-10,0.010974662968251253,14.99999999999993,355,2022
2022-01-11,0.0108899175367432,15.000000000000103,354,2022
2022-01-12,0.010893760729890775,15.000000000000085,353,2022
2022-01-13,0.01079637881342481,14.999999999999995,352,2022
2022-01-14,0.010813404246222829,14.999999999999988,351,2022
2022-01-17,0.01072704064201065,15.000000000000002,348,2022
2022-01-18,0.010681787610028477,14.999999999999982,347,2022
2022-01-19,0.010708847888792106,14.999999999999943,346,2022
2022-01-20,0.010710871461479789,14.999999999999956,345,2022
2022-01-21,0.010711632447082755,14.999999999999897,344,2022
2022-01-24,0.010649073763219892,14.999999999999956,341,2022
2022-01-25,0.010676689664658946,14.999999999999917,340,2022
2022-01-26,0.010696130939845004,14.999999999999917,339,2022
2022-01-27,0.010655212204512342,14.999999999999943,338,2022
2022-01-28,0.01068046317293192,15.000000000000014,337,2022
2022-01-31,0.010716296119794062,15.0,334,2022
2022-02-01,0.010687320917563815,15.000000000000052,333,2022
2022-02-02,0.010668955603087733,14.999999999999947,332,2022
2022-02-03,0.010645521490146137,14.999999999999968,331,2022
2022-02-04,0.010751712712644945,15.000000000000055,330,2022
2022-02-07,0.010794316961309839,15.000000000000036,327,2022
2022-02-08,0.010863430185452175,14.999999999999936,326,2022
2022-02-09,0.010896248435599578,14.999999999999977,325,2022
2022-02-10,0.010910139074071477,15.000000000000066,324,2022
2022-02-11,0.010902356148890895,14.999999999999982,323,2022
2022-02-14,0.0108433324941387,14.999999999999918,320,2022
2022-02-15,0.01085004599156118,14.999999999999922,319,2022
2022-02-16,0.010862641124362225,14.999999999999906,318,2022
2022-02-17,0.010923357238938485,15.000000000000064,317,2022
2022-02-18,0.010917382613692177,15.000000000000032,316,2022
2022-02-21,0.010948292292392147,15.00000000000007,313,2022
2022-02-22,0.01100737118835379,14.999999999999936,312,2022
2022-02-23,0.011001703051070134,14.999999999999854,311,2022
2022-02-24,0.011036803928941706,14.999999999999947,310,2022
2022-02-25,0.011067412326767265,14.999999999999988,309,2022
2022-02-28,0.011057918830151565,15.0000000000001,306,2022
2022-03-01,0.01111476024718795,14.999999999999988,305,2022
2022-03-02,0.011088074584424812,14.999999999999863,304,2022
2022-03-03,0.011099731312429242,15.0,303,2022
2022-03-04,0.011142757726201522,15.000000000000105,302,2022
2022-03-07,0.011142452041193913,14.999999999999883,299,2022
2022-03-08,0.011146701771764092,15.00000000000012,298,2022
2022-03-09,0.01113352900681494,15.000000000000002,297,2022
2022-03-10,0.011082015479621399,14.999999999999956,296,2022
2022-03-11,0.01102355399479112,15.000000000000133,295,2022
2022-03-14,0.010997074658553412,14.99999999999995,292,2022
2022-03-15,0.011006148789105726,14.999999999999899,291,2022
2022-03-16,0.011099320034854206,14.999999999999961,290,2022
2022-03-17,0.01109151431738797,14.99999999999993,289,2022
2022-03-18,0.011070404086826684,15.000000000000153,288,2022
2022-03-21,0.01111200770289891,14.999999999999956,285,2022
2022-03-22,0.011110557256229468,15.00000000000007,284,2022
2022-03-23,0.011206676803769659,15.00000000000005,283,2022
2022-03-24,0.011233727619605687,14.999999999999943,282,2022
2022-03-25,0.011296629989622843,14.999999999999956,281,2022
2022-03-28,0.01129747234631014,15.0,278,2022
2022-03-29,0.011307928788846133,14.999999999999982,277,2022
2022-03-30,0.011184492014129955,15.000000000000021,276,2022
2022-03-31,0.011150107235645954,14.999999999999861,275,2022
2022-04-01,0.011168333572575403,14.999999999999995,274,2022
2022-04-04,0.011175425447750192,14.999999999999922,271,2022
2022-04-05,0.01121359234549331,15.000000000000119,270,2022
2022-04-06,0.011220313843972046,15.000000000000027,269,2022
2022-04-07,0.011213754598072903,15.000000000000158,268,2022
2022-04-08,0.01120640932939842,15.00000000000004,267,2022
2022-04-11,0.011252729896885512,15.000000000000007,264,2022
2022-04-12,0.011338878200521043,15.0,263,2022
2022-04-13,0.011376140105873343,15.000000000000064,262,2022
2022-04-14,0.011414299099856326,14.999999999999991,261,2022
2022-04-15,0.011474651691277005,15.000000000000039,260,2022
2022-04-18,0.011469346314152674,15.000000000000133,257,2022
2022-04-19,0.011431080904908488,14.999999999999892,256,2022
2022-04-20,0.011347735717452909,14.99999999999993,255,2022
2022-04-21,0.011353639870128359,15.000000000000014,254,2022
2022-04-22,0.011377155846312046,14.999999999999943,253,2022
2022-04-25,0.011333556824166877,14.999999999999961,250,2022
2022-04-26,0.011394688556376568,14.999999999999995,249,2022
2022-04-27,0.011392050637104422,14.999999999999961,248,2022
2022-04-28,0.011430324699250495,15.00000000000005,247,2022
2022-04-29,0.01145724434358123,15.000000000000014,246,2022
2022-05-02,0.01147059291348446,15.000000000000075,243,2022
2022-05-03,0.011424885255576627,15.000000000000114,242,2022
2022-05-04,0.011447966340291939,15.000000000000158,241,2022
2022-05-05,0.011431856794508335,14.999999999999996,240,2022
2022-05-06,0.011452269855033859,15.000000000000103,239,2022
2022-05-09,0.011493616822238812,15.000000000000027,236,2022
2022-05-10,0.0114874406337076,15.000000000000025,235,2022
2022-05-11,0.011548416775251825,15.000000000000188,234,2022
2022-05-12,0.011489189230115224,14.999999999999991,233,2022
2022-05-13,0.011442875003095865,15.000000000000025,232,2022
2022-05-16,0.011531530067017313,14.999999999999995,229,2022
2022-05-17,0.011492205699201046,15.000000000000046,228,2022
2022-05-18,0.011559256390549269,15.000000000000085,227,2022
2022-05-19,0.011503214690361693,15.00000000000003,226,2022
2022-05-20,0.011554586677315414,15.000000000000076,225,2022
2022-05-23,0.011535488504589311,15.000000000000066,222,2022
2022-05-24,0.011475485443960784,14.999999999999995,221,2022
2022-05-25,0.011516100225387842,15.000000000000055,220,2022
2022-05-26,0.011567878825923137,14.999999999999897,219,2022
2022-05-27,0.01150869062343967,14.999999999999899,218,2022
2022-05-30,0.011532960229552995,15.000000000000169,215,2022
2022-05-31,0.011531505953674316,15.000000000000057,214,2022
2022-06-01,0.011604281404318822,15.000000000000174,213,2022
2022-06-02,0.011617952810590762,15.000000000000014,212,2022
2022-06-03,0.01164533860068966,14.999999999999977,211,2022
2022-06-06,0.011683059021112692,15.000000000000066,208,2022
2022-06-07,0.011650074537270396,15.000000000000007,207,2022
2022-06-08,0.01167269630154131,14.999999999999957,206,2022
2022-06-09,0.011615121393371449,15.000000000000046,205,2022
2022-06-10,0.011666221125970825,15.000000000000115,204,2022
2022-06-13,0.011624276699400094,14.999999999999847,201,2022
2022-06-14,0.011681070700380797,15.000000000000016,200,2022
2022-06-15,0.01167149418623848,15.000000000000119,199,2022
2022-06-16,0.011628764063941555,15.000000000000103,198,2022
2022-06-17,0.011674145607566366,14.999999999999932,197,2022
2022-06-20,0.011622670931332136,15.000000000000114,194,2022
2022-06-21,0.01163781765819235,14.999999999999922,193,2022
2022-06-22,0.011678654653944014,15.000000000000007,192,2022
2022-06-23,0.011667947454642134,15.000000000000007,191,2022
2022-06-24,0.011665587165953978,14.999999999999892,190,2022
2022-06-27,0.011702863962537318,14.999999999999961,187,2022
2022-06-28,0.011721410802946775,15.00000000000007,186,2022
2022-06-29,0.011771206643467334,14.999999999999995,185,2022
2022-06-30,0.011778671753289928,14.999999999999982,184,2022
2022-07-01,0.011735220721050531,14.999999999999956,183,2022
2022-07-04,0.011640419284007735,15.000000000000052,180,2022
2022-07-05,0.011616709947449441,15.000000000000005,179,2022
2022-07-06,0.011567564646253683,15.0,178,2022
2022-07-07,0.011590191709513534,14.999999999999961,177,2022
2022-07-08,0.011598226732664915,14.999999999999995,176,2022
2022-07-11,0.011581180499481942,14.999999999999956,173,2022
2022-07-12,0.011602221092471348,15.00000000000005,172,2022
2022-07-13,0.011606813563847736,15.00000000000004,171,2022
2022-07-14,0.011601471174068395,15.000000000000039,170,2022
2022-07-15,0.01161770320872308,14.999999999999982,169,2022
2022-07-18,0.011582328785871718,15.000000000000007,166,2022
2022-07-19,0.011530133055239615,15.00000000000002,165,2022
2022-07-20,0.011469211524526148,15.000000000000014,164,2022
2022-07-21,0.01147809427471912,15.000000000000005,163,2022
2022-07-22,0.011501914168815337,15.000000000000039,162,2022
2022-07-25,0.011520802797051758,15.000000000000036,159,2022
2022-07-26,0.011570456845325351,14.999999999999975,158,2022
2022-07-27,0.011575182563547169,14.999999999999911,157,2022
2022-07-28,0.011505383977916096,14.999999999999968,156,2022
2022-07-29,0.01151187070580714,14.999999999999988,155,2022
2022-08-01,-0.005756969946100112,-7.500000000000003,152,2022
2022-08-02,0.011523024627720115,14.999999999999869,151,2022
2022-08-03,0.011581326934340674,14.999999999999961,150,2022
2022-08-04,0.011522651000939781,14.999999999999982,149,2022
2022-08-05,0.011474600645413611,14.999999999999963,148,2022
2022-08-08,0.011409175558473266,15.000000000000032,145,2022
2022-08-09,0.01147049143305884,14.999999999999963,144,2022
2022-08-10,0.01145281231021792,15.000000000000044,143,2022
2022-08-11,0.011451646794285527,14.999999999999995,142,2022
2022-08-12,0.011394484516915729,14.999999999999972,141,2022
2022-08-15,0.011424670140811005,15.000000000000025,138,2022
2022-08-16,0.011409304825454214,14.999999999999975,137,2022
2022-08-17,0.011351025716564827,14.999999999999988,136,2022
2022-08-18,0.011445766982836846,15.000000000000032,135,2022
2022-08-19,0.011442909807374597,14.999999999999991,134,2022
2022-08-22,0.011512532444168751,15.0,131,2022
2022-08-23,0.011512939351087615,15.000000000000002,130,2022
2022-08-24,0.011514182072974517,15.000000000000007,129,2022
2022-08-25,0.011545641394044322,14.999999999999995,128,2022
2022-08-26,0.01151014170315789,15.000000000000007,127,2022
2022-08-29,0.011581096002179913,15.000000000000021,124,2022
2022-08-30,0.01164479052488453,14.999999999999996,123,2022
2022-08-31,-0.006005154116712495,-7.749999999999992,122,2022
2022-09-01,0.011599167597110754,15.000000000000027,121,2022
2022-09-02,0.011617096593289855,15.000000000000007,120,2022
2022-09-05,0.011628470014131335,15.00000000000001,117,2022
2022-09-06,0.01156523489734734,15.000000000000016,116,2022
2022-09-07,0.011576183120638983,14.999999999999961,115,2022
2022-09-08,0.011559776124095292,14.999999999999972,114,2022
2022-09-09,0.01154055878388841,14.999999999999975,113,2022
2022-09-12,0.011519902619065792,15.000000000000005,110,2022
2022-09-13,0.011529057482233897,15.00000000000002,109,2022
2022-09-14,0.011605920371567232,15.0,108,2022
2022-09-15,0.01163273802695476,15.00000000000002,107,2022
2022-09-16,0.011608990932776897,15.000000000000021,106,2022
2022-09-19,0.011597210331854733,14.999999999999982,103,2022
2022-09-20,0.011586649716179056,15.000000000000014,102,2022
2022-09-21,0.011559319701575243,15.000000000000002,101,2022
2022-09-22,0.011614836922662701,15.000000000000005,100,2022
2022-09-23,0.01156024512949381,14.999999999999988,99,2022
2022-09-26,0.011562877417159398,15.000000000000027,96,2022
2022-09-27,0.01157683218476991,15.000000000000014,95,2022
2022-09-28,0.01155025214865565,14.999999999999995,94,2022
2022-09-29,0.011504918882295177,15.00000000000001,93,2022
2022-09-30,0.011537908162677394,14.999999999999995,92,2022
2022-10-03,0.01145871757294689,15.000000000000002,89,2022
2022-10-04,0.011385998048605468,15.000000000000005,88,2022
2022-10-05,0.011404124718373057,14.999999999999975,87,2022
2022-10-06,0.011356957853993363,14.999999999999982,86,2022
2022-10-07,0.01131640973778029,14.999999999999988,85,2022
2022-10-10,0.011297286617537037,15.000000000000014,82,2022
2022-10-11,0.011367455735848792,15.000000000000021,81,2022
2022-10-12,0.011320188319704392,14.99999999999998,80,2022
2022-10-13,0.011315134016039518,14.999999999999982,79,2022
2022-10-14,0.011264667132983224,15.000000000000016,78,2022
2022-10-17,0.011237625954038028,15.00000000000002,75,2022
2022-10-18,0.011167727423427759,15.000000000000002,74,2022
2022-10-19,0.011145950327876896,15.000000000000021,73,2022
2022-10-20,0.011143564405495902,15.00000000000001,72,2022
2022-10-21,0.011147464472305338,15.000000000000036,71,2022
2022-10-24,0.011146757014491682,15.00000000000003,68,2022
2022-10-25,0.011134980720893268,15.000000000000002,67,2022
2022-10-26,0.011126619747571096,15.00000000000001,66,2022
2022-10-27,0.011151494584262492,15.000000000000055,65,2022
2022-10-28,0.011073290486093689,15.0,64,2022
2022-10-31,-0.005716346397512649,-7.75000000000001,61,2022
2022-11-01,0.010998898968838313,15.000000000000005,60,2022
2022-11-02,0.011022543557366593,15.000000000000007,59,2022
2022-11-03,0.010999663760357485,15.000000000000002,58,2022
2022-11-04,0.011020151854212451,14.999999999999995,57,2022
2022-11-07,0.011018152395715155,14.999999999999988,54,2022
2022-11-08,0.01103541573093726,14.999999999999986,53,2022
2022-11-09,0.01111773781503981,15.000000000000021,52,2022
2022-11-10,0.011144422135194622,14.999999999999995,51,2022
2022-11-11,0.01118611083021175,15.00000000000002,50,2022
2022-11-14,0.011145186920186357,14.999999999999995,47,2022
2022-11-15,0.011170202345166639,14.999999999999996,46,2022
2022-11-16,0.011196344827570068,15.000000000000027,45,2022
2022-11-17,0.011206648325984237,15.000000000000025,44,2022
2022-11-18,0.011228654709744436,14.999999999999988,43,2022
2022-11-21,0.011255628699474359,15.000000000000005,40,2022
2022-11-22,0.011239815293986165,15.000000000000021,39,2022
2022-11-23,0.011245302856713183,15.000000000000007,38,2022
2022-11-24,0.011259581199954903,14.999999999999995,37,2022
2022-11-25,0.01124758150161283,14.999999999999991,36,2022
2022-11-28,0.011207043731965924,14.99999999999998,33,2022
2022-11-29,0.011167926031549723,15.000000000000027,32,2022
2022-11-30,0.011144104768667597,15.000000000000005,31,2022
2022-12-01,-0.002881895552717147,-3.870967741935491,30,2022
2022-12-02,0.01123756180410517,14.999999999999995,29,2022
2022-12-05,0.01125042134022183,15.0,26,2022
2022-12-06,0.011229455420781612,15.000000000000002,25,2022
2022-12-07,0.011221119575193764,14.999999999999996,24,2022
2022-12-08,0.011218821654955559,15.000000000000002,23,2022
2022-12-09,0.011308463421226978,14.999999999999995,22,2022
2022-12-12,0.011331792822929598,14.999999999999995,19,2022
2022-12-13,0.011287641228318492,14.999999999999995,18,2022
2022-12-14,0.011216671481203078,15.000000000000002,17,2022
2022-12-15,0.011233734077785593,15.000000000000007,16,2022
2022-12-16,0.011339538703523569,14.999999999999995,15,2022
2022-12-19,0.011398474654798079,15.0,12,2022
2022-12-20,0.011403460116186669,14.999999999999995,11,2022
2022-12-21,0.011468483013935013,14.999999999999995,10,2022
2022-12-22,0.011439119470056085,15.0,9,2022
2022-12-23,0.011482814937883763,14.999999999999996,8,2022
2022-12-26,,,5,2022
2022-12-27,,,4,2022
2022-12-28,,,3,2022
2022-12-29,,,2,2022
2022-12-30,,,1,2022
2023-01-02,0.011450925513968393,14.999999999999968,363,2023
2023-01-03,0.011413353786529273,15.000000000000192,362,2023
2023-01-04,0.01130806740960089,14.999999999999932,361,2023
2023-01-05,0.011320140663838879,14.999999999999869,360,2023
2023-01-06,0.011387651108689507,15.000000000000005,359,2023
2023-01-09,0.011426157882235468,14.999999999999941,356,2023
2023-01-10,0.011384007327071387,15.000000000000057,355,2023
2023-01-11,0.011383778997370517,14.999999999999833,354,2023
2023-01-12,0.011336049508245408,14.999999999999822,353,2023
2023-01-13,0.011335161208690252,14.999999999999957,352,2023
2023-01-16,0.011309883792528865,14.999999999999963,349,2023
2023-01-17,0.011335963733570039,14.999999999999913,348,2023
2023-01-18,0.011376490368669084,15.000000000000133,347,2023
2023-01-19,0.01134631900422215,14.999999999999925,346,2023
2023-01-20,0.011310187644873921,14.999999999999897,345,2023
2023-01-23,0.011359557649552425,14.999999999999961,342,2023
2023-01-24,0.01143320027679261,14.999999999999805,341,2023
2023-01-25,0.011507874138221047,14.999999999999844,340,2023
2023-01-26,0.01146465278597441,14.99999999999988,339,2023
2023-01-27,0.011531300584680205,14.999999999999936,338,2023
2023-01-30,0.011564472394982706,15.00000000000008,335,2023
2023-01-31,0.011529825931216424,15.00000000000008,334,2023
2023-02-01,0.011525267430979263,14.999999999999963,333,2023
2023-02-02,0.011525841976511108,15.00000000000009,332,2023
2023-02-03,0.011522231949390133,14.999999999999932,331,2023
2023-02-06,0.011447517818170877,15.000000000000083,328,2023
2023-02-07,0.011442883168039163,14.999999999999863,327,2023
2023-02-08,0.011441156708651139,14.999999999999833,326,2023
2023-02-09,0.011383767515414821,15.000000000000224,325,2023
2023-02-10,0.011356959056272788,14.999999999999938,324,2023
2023-02-13,0.011342331620372206,14.999999999999877,321,2023
2023-02-14,0.011308091591654284,14.999999999999877,320,2023
2023-02-15,0.011304585349276822,15.000000000000158,319,2023
2023-02-16,0.011336988700164946,15.000000000000025,318,2023
2023-02-17,0.011401947591838575,14.99999999999983,317,2023
2023-02-20,0.011378696114064963,15.000000000000021,314,2023
2023-02-21,0.011445828296912416,15.000000000000044,313,2023
2023-02-22,0.011480014519644054,14.999999999999797,312,2023
2023-02-23,0.011440322486362679,14.999999999999897,311,2023
2023-02-24,0.011384074243330627,15.000000000000027,310,2023
2023-02-27,0.01142150756632357,15.000000000000188,307,2023
2023-02-28,0.011433411236539508,15.000000000000094,306,2023
2023-03-01,0.011461110708388698,15.00000000000009,305,2023
2023-03-02,0.011493656850865612,15.000000000000085,304,2023
2023-03-03,0.011526758167830662,14.999999999999805,303,2023
2023-03-06,0.011567207178704799,14.999999999999986,300,2023
2023-03-07,0.011512136924689595,14.999999999999956,299,2023
2023-03-08,0.011532896194729941,14.999999999999995,298,2023
2023-03-09,0.011521134351870108,15.000000000000021,297,2023
2023-03-10,0.011484669831063332,14.99999999999974,296,2023
2023-03-13,0.011517894946807142,14.999999999999956,293,2023
2023-03-14,0.011503646140744514,14.999999999999938,292,2023
2023-03-15,0.011453199494399702,14.999999999999863,291,2023
2023-03-16,0.01143331275817269,15.000000000000055,290,2023
2023-03-17,0.011472113857167924,15.000000000000007,289,2023
2023-03-20,0.011503427081652409,14.999999999999982,286,2023
2023-03-21,0.011522821979331146,14.999999999999899,285,2023
2023-03-22,0.011468413532716631,15.000000000000039,284,2023
2023-03-23,0.01149284927087275,14.999999999999917,283,2023
2023-03-24,0.011451660534042188,15.00000000000008,282,2023
2023-03-27,0.01144218158383507,14.999999999999988,279,2023
2023-03-28,0.01155378274601859,15.00000000000005,278,2023
2023-03-29,0.01153111775449877,15.000000000000016,277,2023
2023-03-30,0.011468312111648785,14.999999999999913,276,2023
2023-03-31,0.011491373020952073,14.999999999999972,275,2023
2023-04-03,0.011445594373743507,14.999999999999922,272,2023
2023-04-04,0.011456017321527477,15.000000000000032,271,2023
2023-04-05,0.01148484267463909,14.999999999999947,270,2023
2023-04-06,0.011511029722765442,14.99999999999995,269,2023
2023-04-07,0.011410086851049231,15.000000000000044,268,2023
2023-04-10,0.011463866400869044,14.999999999999988,265,2023
2023-04-11,0.011476386969457714,15.000000000000007,264,2023
2023-04-12,0.011505138563603929,15.000000000000005,263,2023
2023-04-13,0.011599879886262918,15.000000000000027,262,2023
2023-04-14,0.011579024809914544,14.999999999999908,261,2023
2023-04-17,0.011610279532870322,15.000000000000153,258,2023
2023-04-18,0.011473942102498857,15.000000000000114,257,2023
2023-04-19,0.011543352783812333,14.999999999999888,256,2023
2023-04-20,0.011561847934099236,14.999999999999957,255,2023
2023-04-21,0.011569439221696391,15.000000000000071,254,2023
2023-04-24,0.011584718054878547,14.999999999999956,251,2023
2023-04-25,0.011591913263281574,15.000000000000085,250,2023
2023-04-26,0.011567111988367183,14.999999999999995,249,2023
2023-04-27,0.011648349143546165,15.0000000000001,248,2023
2023-04-28,0.011592190004685445,15.000000000000021,247,2023
2023-05-01,0.01163677395893436,15.000000000000233,244,2023
2023-05-02,0.011703298212556248,14.999999999999991,243,2023
2023-05-03,0.011655455283565748,15.00000000000001,242,2023
2023-05-04,0.011565949345389024,15.000000000000055,241,2023
2023-05-05,0.011581446062636806,14.999999999999869,240,2023
2023-05-08,0.01153093098567912,14.999999999999927,237,2023
2023-05-09,0.011480711786225695,15.000000000000021,236,2023
2023-05-10,0.011539018087015327,15.000000000000044,235,2023
2023-05-11,0.011596100560997344,14.99999999999976,234,2023
2023-05-12,0.011631256848535177,15.000000000000128,233,2023
2023-05-15,0.011678335428305965,14.999999999999925,230,2023
2023-05-16,0.01161577166854317,15.000000000000025,229,2023
2023-05-17,0.011671563941253377,14.999999999999972,228,2023
2023-05-18,0.011673036608604281,15.000000000000055,227,2023
2023-05-19,0.011659964866298148,15.00000000000003,226,2023
2023-05-22,0.011657771137436547,14.999999999999975,223,2023
2023-05-23,0.011671729801820251,15.000000000000133,222,2023
2023-05-24,0.011594464260467013,15.000000000000027,221,2023
2023-05-25,0.011567372973277375,14.999999999999822,220,2023
2023-05-26,0.011571446527858941,14.999999999999988,219,2023
2023-05-29,0.011509505899837819,14.99999999999993,216,2023
2023-05-30,0.011566752334337444,15.00000000000007,215,2023
2023-05-31,0.011577897547459363,14.999999999999966,214,2023
2023-06-01,0.01157578779343953,14.999999999999982,213,2023
2023-06-02,0.011632920519758614,14.999999999999986,212,2023
2023-06-05,0.011623327409519952,15.000000000000185,209,2023
2023-06-06,0.011637732268907613,15.000000000000055,208,2023
2023-06-07,0.01160592011626224,15.00000000000004,207,2023
2023-06-08,0.01161682695905336,15.000000000000075,206,2023
2023-06-09,0.01157093729151918,15.0,205,2023
2023-06-12,0.011600085279047403,15.00000000000009,202,2023
2023-06-13,0.01158550707752301,15.000000000000071,201,2023
2023-06-14,0.01150283305389529,14.99999999999995,200,2023
2023-06-15,0.011479545452129931,14.999999999999986,199,2023
2023-06-16,0.011487474282564566,14.999999999999975,198,2023
2023-06-19,0.011531997051449874,14.999999999999808,195,2023
2023-06-20,0.011561135749666183,14.99999999999995,194,2023
2023-06-21,0.011489255233523978,15.000000000000128,193,2023
2023-06-22,0.011501969588517813,15.000000000000085,192,2023
2023-06-23,0.011526438935432965,14.999999999999957,191,2023
2023-06-26,0.011534184651099892,14.99999999999998,188,2023
2023-06-27,0.011595293382754198,15.000000000000055,187,2023
2023-06-28,0.011616823134444544,15.000000000000115,186,2023
2023-06-29,0.011605501510102268,15.000000000000163,185,2023
2023-06-30,0.011590336808111185,15.000000000000055,184,2023
2023-07-03,0.011623955932644335,14.999999999999975,181,2023
2023-07-04,0.011586392838311962,14.999999999999986,180,2023
2023-07-05,0.01153728447800887,15.000000000000014,179,2023
2023-07-06,0.011540674235978642,14.999999999999995,178,2023
2023-07-07,0.011501752315137425,14.999999999999972,177,2023
2023-07-10,0.011526800751364842,14.999999999999908,174,2023
2023-07-11,0.011569224198074745,14.999999999999927,173,2023
2023-07-12,0.011621163530890224,14.99999999999998,172,2023
2023-07-13,0.011630654494523423,15.00000000000001,171,2023
2023-07-14,0.011689759177630387,15.000000000000057,170,2023
2023-07-17,0.011652514223647556,14.999999999999975,167,2023
2023-07-18,0.011737990902543585,14.999999999999947,166,2023
2023-07-19,0.011758061978784132,14.999999999999956,165,2023
2023-07-20,0.011718219896236892,15.000000000000027,164,2023
2023-07-21,0.011655491505035242,15.000000000000005,163,2023
2023-07-24,0.011639535587632362,15.000000000000014,160,2023
2023-07-25,0.011661693364820489,15.00000000000001,159,2023
2023-07-26,0.011649238538172176,14.999999999999988,158,2023
2023-07-27,0.011637243391643954,14.999999999999956,157,2023
2023-07-28,0.01165770423050655,14.99999999999998,156,2023
2023-07-31,0.011665856976389914,14.999999999999902,153,2023
2023-08-01,-0.005819595237483929,-7.500000000000033,152,2023
2023-08-02,0.011615314271468445,15.000000000000044,151,2023
2023-08-03,0.011681639294736345,15.000000000000014,150,2023
2023-08-04,0.01158136856510934,14.999999999999943,149,2023
2023-08-07,0.01158359415560214,15.000000000000064,146,2023
2023-08-08,0.01164342627347593,14.999999999999977,145,2023
2023-08-09,0.011571211871728543,15.00000000000002,144,2023
2023-08-10,0.01158991028205186,14.999999999999925,143,2023
2023-08-11,0.0116462023957324,14.999999999999963,142,2023
2023-08-14,0.011624837990697065,14.999999999999961,139,2023
2023-08-15,0.011734835255360837,14.999999999999961,138,2023
2023-08-16,0.011778586449729091,15.000000000000014,137,2023
2023-08-17,0.011724078549216362,15.000000000000021,136,2023
2023-08-18,0.011656660410804763,14.999999999999877,135,2023
2023-08-21,0.011624115069510733,14.999999999999918,132,2023
2023-08-22,0.01159036401291636,14.999999999999988,131,2023
2023-08-23,0.011562065420799928,15.000000000000027,130,2023
2023-08-24,0.011580408627790624,15.000000000000016,129,2023
2023-08-25,0.011579046666484584,14.999999999999996,128,2023
2023-08-28,0.011516928744343855,15.000000000000055,125,2023
2023-08-29,0.011531472659166266,14.999999999999947,124,2023
2023-08-30,0.011472135994102463,14.999999999999961,123,2023
2023-08-31,-0.005904726746570582,-7.749999999999941,122,2023
2023-09-01,0.011392626657671387,15.000000000000005,121,2023
2023-09-04,0.01136073700690397,14.999999999999988,118,2023
2023-09-05,0.011358670192136053,15.0,117,2023
2023-09-06,0.011309758852290457,14.999999999999982,116,2023
2023-09-07,0.011299006926026693,14.99999999999995,115,2023
2023-09-08,0.011354217047795783,15.000000000000007,114,2023
2023-09-11,0.011431646158252455,15.000000000000014,111,2023
2023-09-12,0.011390121986960388,14.999999999999968,110,2023
2023-09-13,0.011456068353763057,15.000000000000016,109,2023
2023-09-14,0.011543170735495115,15.000000000000005,108,2023
2023-09-15,0.011578423017299753,14.999999999999995,107,2023
2023-09-18,0.011624263865909172,15.000000000000007,104,2023
2023-09-19,0.01162804929660074,14.999999999999941,103,2023
2023-09-20,0.011601859666236062,15.000000000000007,102,2023
2023-09-21,0.011626004331775715,15.000000000000027,101,2023
2023-09-22,0.011630879229506511,15.000000000000027,100,2023
2023-09-25,0.011578042926456948,15.000000000000027,97,2023
2023-09-26,0.011558586602067352,14.999999999999988,96,2023
2023-09-27,0.011573000449326638,15.00000000000001,95,2023
2023-09-28,0.011628306265092732,15.000000000000002,94,2023
2023-09-29,0.01166359041903345,14.999999999999988,93,2023
2023-10-02,0.011739911970881407,15.000000000000016,90,2023
2023-10-03,0.01169314244271836,15.00000000000004,89,2023
2023-10-04,0.011705602673716304,15.000000000000007,88,2023
2023-10-05,0.011670468415664405,15.000000000000002,87,2023
2023-10-06,0.011672908054035909,15.000000000000027,86,2023
2023-10-09,0.011610404924806578,15.00000000000002,83,2023
2023-10-10,0.011651084248478837,15.000000000000002,82,2023
2023-10-11,0.011598515143856679,15.00000000000001,81,2023
2023-10-12,0.011684601595884952,14.999999999999996,80,2023
2023-10-13,0.011691043392931845,15.000000000000027,79,2023
2023-10-16,0.01175848989497348,15.000000000000021,76,2023
2023-10-17,0.011761451634233979,15.000000000000007,75,2023
2023-10-18,0.011812785229009928,15.000000000000002,74,2023
2023-10-19,0.011744695171915741,14.999999999999986,73,2023
2023-10-20,0.011799047682260954,14.999999999999988,72,2023
2023-10-23,0.01175702183099464,14.999999999999995,69,2023
2023-10-24,0.011678469399761384,14.999999999999982,68,2023
2023-10-25,0.01167892887878372,15.0,67,2023
2023-10-26,0.011673957642856662,15.00000000000001,66,2023
2023-10-27,0.011766840415798941,15.000000000000021,65,2023
2023-10-30,0.011862126683101527,14.999999999999977,62,2023
2023-10-31,-0.006140493767674629,-7.7499999999999885,61,2023
2023-11-01,0.011898775828181713,14.999999999999995,60,2023
2023-11-02,0.011888805255776397,15.000000000000016,59,2023
2023-11-03,0.011942178039412684,14.999999999999988,58,2023
2023-11-06,0.011986723709632326,15.000000000000005,55,2023
2023-11-07,0.011983635059215755,15.000000000000005,54,2023
2023-11-08,0.0119542132204652,15.000000000000027,53,2023
2023-11-09,0.011839679184230486,14.999999999999986,52,2023
2023-11-10,0.011822426903589983,15.00000000000001,51,2023
2023-11-13,0.011857602647787254,15.000000000000014,48,2023
2023-11-14,0.011834529433380715,15.000000000000014,47,2023
2023-11-15,0.011809533798049525,14.999999999999986,46,2023
2023-11-16,0.011826071907466623,14.999999999999977,45,2023
2023-11-17,0.01189278175176,15.0,44,2023
2023-11-20,0.011924931904063466,14.999999999999972,41,2023
2023-11-21,0.011993649378667334,14.999999999999988,40,2023
2023-11-22,0.011983892179699557,14.999999999999988,39,2023
2023-11-23,0.011975122817141547,15.000000000000014,38,2023
2023-11-24,0.01199763805629898,15.00000000000001,37,2023
2023-11-27,0.012039527151744878,15.0,34,2023
2023-11-28,0.012125659832024032,14.999999999999988,33,2023
2023-11-29,0.012101156303112063,14.999999999999975,32,2023
2023-11-30,0.012060562297770775,14.999999999999991,31,2023
2023-12-01,-0.003121194283031238,-3.8709677419354764,30,2023
2023-12-04,0.012095922408701595,15.000000000000007,27,2023
2023-12-05,0.012161129432489134,15.000000000000014,26,2023
2023-12-06,0.012202107131947366,15.0,25,2023
2023-12-07,0.01230542387315816,15.000000000000007,24,2023
2023-12-08,0.01242371931883942,15.0,23,2023
2023-12-11,0.012376177695644884,15.0,20,2023
2023-12-12,0.012380014517449526,15.000000000000007,19,2023
2023-12-13,0.01230574143545735,14.999999999999996,18,2023
2023-12-14,0.012349777518104295,14.999999999999991,17,2023
2023-12-15,0.012333551475054366,14.999999999999991,16,2023
2023-12-18,0.012404110209805488,14.999999999999996,13,2023
2023-12-19,0.01237092870904723,14.999999999999995,12,2023
2023-12-20,0.012366934042933264,15.0,11,2023
2023-12-21,0.012362323834750645,14.999999999999995,10,2023
2023-12-22,0.012333805189868196,14.999999999999995,9,2023
2023-12-25,,,6,2023
2023-12-26,,,5,2023
2023-12-27,,,4,2023
2023-12-28,,,3,2023
2023-12-29,,,2,2023
2024-01-01,-1.9949319973733282e-17,-2.4061361024805875e-14,365,2024
2024-01-02,0.012470339468240329,14.999999999999874,364,2024
2024-01-03,0.01244132286377745,15.000000000000021,363,2024
2024-01-04,0.012512467759003668,15.000000000000032,362,2024
2024-01-05,0.012510089498715184,15.00000000000005,361,2024
2024-01-08,0.012522617949795051,15.00000000000003,358,2024
2024-01-09,0.012538175890746807,15.000000000000007,357,2024
2024-01-10,0.012620038837425957,15.0000000000001,356,2024
2024-01-11,0.012588030268387508,14.999999999999917,355,2024
2024-01-12,0.01256565730143078,15.000000000000025,354,2024
2024-01-15,0.012500614992570587,15.000000000000002,351,2024
2024-01-16,0.012490882328744167,14.999999999999908,350,2024
2024-01-17,0.012442703413103252,14.999999999999938,349,2024
2024-01-18,0.012417121230070485,14.999999999999956,348,2024
2024-01-19,0.01251647329690635,14.999999999999918,347,2024
2024-01-22,0.01250930776536057,15.000000000000036,344,2024
2024-01-23,0.012579197335885313,14.999999999999996,343,2024
2024-01-24,0.012669033545050553,15.000000000000021,342,2024
2024-01-25,0.0126365668453697,14.999999999999941,341,2024
2024-01-26,0.01261671576643067,14.999999999999938,340,2024
2024-01-29,0.012525419318856475,15.000000000000016,337,2024
2024-01-30,0.012474368159710291,14.999999999999861,336,2024
2024-01-31,0.012533308677777934,15.000000000000036,335,2024
2024-02-01,0.012558349192025045,15.000000000000094,334,2024
2024-02-02,0.012489411953624784,14.999999999999982,333,2024
2024-02-05,0.01238980587614149,14.999999999999957,330,2024
2024-02-06,0.012355445870508804,14.999999999999956,329,2024
2024-02-07,0.012346553001994987,14.999999999999869,328,2024
2024-02-08,0.012252511417568942,15.000000000000021,327,2024
2024-02-09,0.012221170562910364,15.00000000000007,326,2024
2024-02-12,0.01223758060067287,14.999999999999986,323,2024
2024-02-13,0.01221101542010902,14.999999999999956,322,2024
2024-02-14,0.012228500327240608,14.999999999999902,321,2024
2024-02-15,0.012296403933687246,14.999999999999936,320,2024
2024-02-16,0.012339701462811112,15.0,319,2024
2024-02-19,0.012338749862242588,15.00000000000007,316,2024
2024-02-20,0.012277988800611749,15.000000000000002,315,2024
2024-02-21,0.012252061733013709,14.999999999999975,314,2024
2024-02-22,0.012204105504694505,15.000000000000005,313,2024
2024-02-23,0.012210426969113255,14.999999999999922,312,2024
2024-02-26,0.012267553401098965,14.999999999999943,309,2024
2024-02-27,0.01234635054065509,15.000000000000005,308,2024
2024-02-28,0.012295258732251416,14.999999999999995,307,2024
2024-02-29,0.01224304110013124,14.99999999999995,306,2024
2024-03-01,0.012231479229891068,14.999999999999883,305,2024
2024-03-04,0.012274516054176536,15.000000000000014,302,2024
2024-03-05,0.012303528227290438,14.999999999999817,301,2024
2024-03-06,0.012329762725307456,14.999999999999961,300,2024
2024-03-07,0.012366276141283607,14.99999999999988,299,2024
2024-03-08,0.012304492682758655,15.000000000000055,298,2024
2024-03-11,0.012269095615808797,15.000000000000036,295,2024
2024-03-12,0.012327245078782485,14.999999999999977,294,2024
2024-03-13,0.012278688654627362,15.00000000000005,293,2024
2024-03-14,0.012433408098065965,14.999999999999908,292,2024
2024-03-15,0.012491871589127797,14.999999999999957,291,2024
2024-03-18,0.012433921968047552,14.999999999999961,288,2024
2024-03-19,0.012338020375826833,14.999999999999849,287,2024
2024-03-20,0.012312336214418906,15.000000000000021,286,2024
2024-03-21,0.012264096207177284,14.999999999999913,285,2024
2024-03-22,0.012198935746786311,14.999999999999869,284,2024
2024-03-25,0.012203679933633076,14.999999999999963,281,2024
2024-03-26,0.012217958248348516,15.000000000000052,280,2024
2024-03-27,0.012155523027908215,15.00000000000011,279,2024
2024-03-28,0.01220522687448615,15.000000000000146,278,2024
2024-03-29,0.012211410522534851,14.999999999999844,277,2024
2024-04-01,0.012279451064868812,14.999999999999957,274,2024
2024-04-02,-0.006079844932451757,-7.418478260869678,273,2024
2024-04-03,0.012278232804090778,15.000000000000044,272,2024
2024-04-04,0.012305285727222576,15.00000000000008,271,2024
2024-04-05,0.012323081882250854,14.999999999999975,270,2024
2024-04-08,0.012332059655181419,15.000000000000046,267,2024
2024-04-09,0.01239595765791949,15.00000000000004,266,2024
2024-04-10,0.012429063138695311,15.000000000000027,265,2024
2024-04-11,0.012439264011731548,14.999999999999975,264,2024
2024-04-12,0.012375389254236336,15.000000000000032,263,2024
2024-04-15,0.012373214478081993,14.999999999999943,260,2024
2024-04-16,0.012403640764800092,14.999999999999977,259,2024
2024-04-17,0.012406215106868887,15.000000000000066,258,2024
2024-04-18,0.012398500882652852,14.99999999999998,257,2024
2024-04-19,0.012378340812732326,14.999999999999957,256,2024
2024-04-22,0.012496819313873055,15.000000000000046,253,2024
2024-04-23,0.012447346926820129,14.999999999999982,252,2024
2024-04-24,0.012421101632550106,15.000000000000089,251,2024
2024-04-25,0.012437452261230912,14.999999999999975,250,2024
2024-04-26,0.012577361279075428,14.999999999999991,249,2024
2024-04-29,0.012521914795305717,15.000000000000115,246,2024
2024-04-30,0.012462386465960396,15.00000000000001,245,2024
2024-05-01,0.012403659070330938,14.999999999999968,244,2024
2024-05-02,0.012310223602952943,15.00000000000008,243,2024
2024-05-03,0.0123372260349817,15.000000000000025,242,2024
2024-05-06,0.01233827002213394,15.000000000000044,239,2024
2024-05-07,0.012375367959386858,14.999999999999941,238,2024
2024-05-08,0.012359254930976699,14.999999999999961,237,2024
2024-05-09,0.012303156881155054,14.99999999999993,236,2024
2024-05-10,0.012348839641311681,14.999999999999837,235,2024
2024-05-13,0.012295130501824689,15.000000000000076,232,2024
2024-05-14,0.012296328582862873,15.0000000000001,231,2024
2024-05-15,0.012328637298118832,14.999999999999899,230,2024
2024-05-16,0.012377298774089746,15.000000000000194,229,2024
2024-05-17,0.012389823390570666,15.000000000000128,228,2024
2024-05-20,0.012376927729275865,15.00000000000012,225,2024
2024-05-21,0.012326514229479004,15.000000000000036,224,2024
2024-05-22,0.012361980765489786,14.99999999999993,223,2024
2024-05-23,0.012414435333690967,15.000000000000108,222,2024
2024-05-24,0.012386085572050209,15.0,221,2024
2024-05-27,0.012384169041495842,15.00000000000004,218,2024
2024-05-28,0.01244564006724151,15.000000000000135,217,2024
2024-05-29,0.012500848937060056,15.000000000000025,216,2024
2024-05-30,0.012576671602703478,14.999999999999975,215,2024
2024-05-31,0.012482903009482984,14.999999999999943,214,2024
2024-06-03,0.012435732847132097,14.99999999999995,211,2024
2024-06-04,0.012491887461070054,15.000000000000094,210,2024
2024-06-05,0.012467197993127772,14.999999999999991,209,2024
2024-06-06,0.012473343611476439,14.999999999999943,208,2024
2024-06-07,0.012504171769524003,14.999999999999995,207,2024
2024-06-10,0.012440862889027854,15.000000000000002,204,2024
2024-06-11,0.012424521376472483,15.000000000000036,203,2024
2024-06-12,0.012464769063350747,14.999999999999897,202,2024
2024-06-13,0.012499428800857323,15.000000000000249,201,2024
2024-06-14,0.012383119116812724,15.000000000000064,200,2024
2024-06-17,0.012305381066265414,14.999999999999968,197,2024
2024-06-18,0.012321849935888626,14.999999999999888,196,2024
2024-06-19,0.012332574768932075,14.999999999999961,195,2024
2024-06-20,0.012401387324777111,15.000000000000124,194,2024
2024-06-21,0.012409682640220715,15.000000000000066,193,2024
2024-06-24,0.012416314931925625,15.00000000000006,190,2024
2024-06-25,0.012399931487857457,15.000000000000066,189,2024
2024-06-26,0.012418505990216452,15.000000000000144,188,2024
2024-06-27,0.01239951311083015,14.999999999999922,187,2024
2024-06-28,0.012471923680363331,15.000000000000115,186,2024
2024-07-01,0.012527905380356226,14.999999999999941,183,2024
2024-07-02,-0.0020692497271938923,-2.4725274725274864,182,2024
2024-07-03,0.012629192307571348,15.000000000000016,181,2024
2024-07-04,0.012723962240442976,15.0,180,2024
2024-07-05,0.012663483520708547,14.999999999999961,179,2024
2024-07-08,0.012651607633183687,15.000000000000002,176,2024
2024-07-09,0.01265181530082669,15.000000000000014,175,2024
2024-07-10,0.012645515005161352,15.000000000000025,174,2024
2024-07-11,0.0126317013840235,15.0,173,2024
2024-07-12,0.01270781355221191,15.00000000000002,172,2024
2024-07-15,0.012732729287777722,14.999999999999995,169,2024
2024-07-16,0.012682870046594769,15.000000000000021,168,2024
2024-07-17,0.012696654595149673,15.00000000000006,167,2024
2024-07-18,0.012839219584520629,15.000000000000036,166,2024
2024-07-19,0.012836494540071013,14.999999999999986,165,2024
2024-07-22,0.012833833440671481,15.000000000000032,162,2024
2024-07-23,0.012829904195864265,14.999999999999977,161,2024
2024-07-24,0.012932944472937623,15.0,160,2024
2024-07-25,0.012886718995004374,14.999999999999982,159,2024
2024-07-26,0.012910135007942785,15.000000000000014,158,2024
2024-07-29,0.012869374288165503,15.000000000000005,155,2024
2024-07-30,0.012783849467546656,15.000000000000007,154,2024
2024-07-31,0.012829673399881052,15.000000000000021,153,2024
2024-08-01,-0.006443854483232146,-7.500000000000033,152,2024
2024-08-02,0.012842048378440237,15.000000000000007,151,2024
2024-08-05,0.012924798704530694,14.999999999999995,148,2024
2024-08-06,0.012993366766021043,15.000000000000002,147,2024
2024-08-07,0.013033042637195494,14.999999999999988,146,2024
2024-08-08,0.013119317566391486,15.000000000000016,145,2024
2024-08-09,0.013192652582959655,15.000000000000002,144,2024
2024-08-12,0.013174591497002099,14.999999999999975,141,2024
2024-08-13,0.013138448721604194,14.999999999999991,140,2024
2024-08-14,0.01313934438252455,15.00000000000002,139,2024
2024-08-15,0.013175248251387179,14.999999999999991,138,2024
2024-08-16,0.013122278186405524,15.00000000000006,137,2024
2024-08-19,0.013119554076470787,15.000000000000002,134,2024
2024-08-20,0.013069625069233058,15.00000000000001,133,2024
2024-08-21,0.013139975027843066,15.000000000000005,132,2024
2024-08-22,0.013144598633096732,15.000000000000021,131,2024
2024-08-23,0.013154582742210416,14.999999999999995,130,2024
2024-08-26,0.013098737785104071,14.999999999999975,127,2024
2024-08-27,0.013111240817029931,15.00000000000001,126,2024
2024-08-28,0.013106079931337894,14.999999999999991,125,2024
2024-08-29,0.013099990342151693,14.999999999999975,124,2024
2024-08-30,0.01315014320366919,15.00000000000002,123,2024
2024-09-02,0.013112870427134899,15.000000000000044,120,2024
2024-09-03,0.013150052598026263,14.999999999999936,119,2024
2024-09-04,0.013216981424773771,15.000000000000014,118,2024
2024-09-05,0.013133069603769303,14.999999999999982,117,2024
2024-09-06,0.01314521804902447,15.000000000000007,116,2024
2024-09-09,0.012993037707945581,14.999999999999966,113,2024
2024-09-10,0.013032978108418821,15.00000000000003,112,2024
2024-09-11,0.013059250375674871,14.999999999999988,111,2024
2024-09-12,0.013066301225171004,15.000000000000027,110,2024
2024-09-13,0.013049019468546951,15.000000000000014,109,2024
2024-09-16,0.013064640005811022,14.999999999999963,106,2024
2024-09-17,0.013065913437617765,15.000000000000021,105,2024
2024-09-18,0.013009346218241524,15.000000000000021,104,2024
2024-09-19,0.013048456676482766,14.999999999999977,103,2024
2024-09-20,0.01305204119336735,15.000000000000002,102,2024
2024-09-23,0.01306260885707939,15.000000000000007,99,2024
2024-09-24,0.01303025477085742,14.999999999999996,98,2024
2024-09-25,0.013033754690993746,15.00000000000001,97,2024
2024-09-26,0.01298190668500885,15.000000000000005,96,2024
2024-09-27,0.01292425972231133,15.000000000000014,95,2024
2024-09-30,0.012931090078095578,15.00000000000004,92,2024
2024-10-01,-0.006192501864757406,-7.258064516129044,91,2024
2024-10-02,0.012796434837043718,14.999999999999956,90,2024
2024-10-03,0.012729750012011846,15.000000000000016,89,2024
2024-10-04,0.01274567414354512,14.999999999999996,88,2024
2024-10-07,0.012738366683616349,14.999999999999991,85,2024
2024-10-08,0.012758394597932658,14.999999999999968,84,2024
2024-10-09,0.01278462524070673,14.999999999999988,83,2024
2024-10-10,0.012808539497833369,15.000000000000007,82,2024
2024-10-11,0.012818347697286334,15.00000000000001,81,2024
2024-10-14,0.012832523266707911,14.999999999999988,78,2024
2024-10-15,0.012869273996654577,15.000000000000002,77,2024
2024-10-16,0.012920141724420476,15.000000000000021,76,2024
2024-10-17,0.0128221743784286,15.00000000000001,75,2024
2024-10-18,0.012962702370302379,14.999999999999972,74,2024
2024-10-21,0.01293318345186987,15.000000000000021,71,2024
2024-10-22,0.013048319161450175,15.000000000000027,70,2024
2024-10-23,0.013007442665963832,14.999999999999996,69,2024
2024-10-24,0.012888873273522214,15.000000000000005,68,2024
2024-10-25,0.01284546842785739,15.00000000000004,67,2024
2024-10-28,0.012837563064161775,14.999999999999995,64,2024
2024-10-29,0.012833575979665075,15.000000000000036,63,2024
2024-10-30,0.012749334468104102,15.000000000000016,62,2024
2024-10-31,-0.006591916373555299,-7.749999999999995,61,2024
2024-11-01,0.012795793929317019,15.000000000000002,60,2024
2024-11-04,0.012908081609794925,15.0,57,2024
2024-11-05,0.012869193586279226,15.000000000000005,56,2024
2024-11-06,0.01285161836766538,14.999999999999982,55,2024
2024-11-07,0.012915944897336806,15.000000000000027,54,2024
2024-11-08,0.013046258659908678,14.999999999999977,53,2024
2024-11-11,0.01288132884632501,15.0,50,2024
2024-11-12,0.012873571752993546,15.0,49,2024
2024-11-13,0.012821145808153996,15.0,48,2024
2024-11-14,0.012698128015527466,14.999999999999988,47,2024
2024-11-15,0.0127332639923476,14.999999999999988,46,2024
2024-11-18,0.012715216558256245,15.000000000000021,43,2024
2024-11-19,0.012717933489389892,14.999999999999996,42,2024
2024-11-20,0.01274048178103882,14.999999999999977,41,2024
2024-11-21,0.012732375260916829,15.000000000000014,40,2024
2024-11-22,0.01267757058547288,15.0,39,2024
2024-11-25,0.012737672363939447,15.000000000000025,36,2024
2024-11-26,0.012715565331314694,14.999999999999988,35,2024
2024-11-27,0.012807786177317605,14.999999999999995,34,2024
2024-11-28,0.012770388574746157,14.999999999999988,33,2024
2024-11-29,0.012694805869129173,15.000000000000014,32,2024
2024-12-02,0.0126977472746609,15.000000000000002,29,2024
2024-12-03,0.012725558145270655,15.000000000000007,28,2024
2024-12-04,0.01275959651050326,15.0,27,2024
2024-12-05,0.012774088645603452,15.000000000000005,26,2024
2024-12-06,0.012766277594432926,14.999999999999996,25,2024
2024-12-09,0.012684359938926807,14.999999999999995,22,2024
2024-12-10,0.012797324264545874,15.00000000000001,21,2024
2024-12-11,0.012872693471658536,15.000000000000002,20,2024
2024-12-12,0.0127963780614445,15.0,19,2024
2024-12-13,0.012719764357564074,14.999999999999995,18,2024
2024-12-16,0.012669412524806311,15.000000000000007,15,2024
2024-12-17,-0.005568509623607398,-6.562500000000002,14,2024
2024-12-18,0.012783062858653464,15.000000000000002,13,2024
2024-12-19,0.012791460534970288,15.000000000000002,12,2024
2024-12-20,0.012820379634488193,15.000000000000002,11,2024
2024-12-23,0.012878614798064101,15.0,8,2024
2024-12-24,,,7,2024
2024-12-25,,,6,2024
2024-12-26,,,5,2024
2024-12-27,,,4,2024
2024-12-30,,,1,2024
2024-12-31,,,0,2024
2025-01-01,0.012791975399856288,14.999999999999941,364,2025
2025-01-02,0.012746486772818692,14.999999999999991,363,2025
2025-01-03,0.012794766237703887,14.999999999999842,362,2025
2025-01-06,0.012801608816982453,14.999999999999888,359,2025
2025-01-07,0.012706521228554028,14.999999999999853,358,2025
2025-01-08,0.012717107395442222,15.00000000000008,357,2025
2025-01-09,0.012664200521831525,14.999999999999995,356,2025
2025-01-10,0.012712390772713593,15.00000000000007,355,2025
2025-01-13,0.012673060768576926,14.999999999999968,352,2025
2025-01-14,0.01273695596059084,15.000000000000021,351,2025
2025-01-15,0.012653848497108641,14.999999999999936,350,2025
2025-01-16,0.012617782141826671,14.999999999999932,349,2025
2025-01-17,0.012566769745827844,14.99999999999993,348,2025
2025-01-20,0.012476042129531049,15.000000000000002,345,2025
2025-01-21,0.012419789625814673,15.000000000000075,344,2025
2025-01-22,0.012403523545586013,14.999999999999794,343,2025
2025-01-23,0.012382534819306328,14.999999999999975,342,2025
2025-01-24,0.012365591800159184,14.99999999999998,341,2025
2025-01-27,0.012351117755225939,14.999999999999888,338,2025
2025-01-28,0.012293959438057365,14.999999999999906,337,2025
2025-01-29,0.012221605882620586,15.00000000000013,336,2025
2025-01-30,0.012148257635022138,14.999999999999938,335,2025
2025-01-31,0.012134123501908043,14.999999999999977,334,2025
2025-02-03,0.012131017003470631,14.999999999999941,331,2025
2025-02-04,0.012197150962054065,15.000000000000039,330,2025
2025-02-05,0.012141640257550585,14.999999999999808,329,2025
2025-02-06,0.01205473091021289,14.999999999999947,328,2025
2025-02-07,0.012081548266253777,14.999999999999986,327,2025
2025-02-10,0.012050559907845641,14.999999999999943,324,2025
2025-02-11,0.011968097053850935,14.999999999999833,323,2025
2025-02-12,0.011968852572758617,14.999999999999963,322,2025
2025-02-13,0.012035277068885845,15.00000000000018,321,2025
2025-02-14,0.012028097829735275,15.000000000000025,320,2025
2025-02-17,0.011985991971182709,15.000000000000085,317,2025
2025-02-18,0.011997305056865271,15.00000000000008,316,2025
2025-02-19,0.011904095083632693,15.00000000000001,315,2025
2025-02-20,0.011996767224983256,14.999999999999927,314,2025
2025-02-21,0.01195368140385824,14.999999999999941,313,2025
2025-02-24,0.01199862689371352,14.999999999999803,310,2025
2025-02-25,0.011972364186309922,14.999999999999982,309,2025
2025-02-26,0.01203101565873756,14.99999999999988,308,2025
2025-02-27,0.0120208973439654,14.999999999999975,307,2025
2025-02-28,0.011957759453150536,15.00000000000004,306,2025
2025-03-03,0.011898050494897547,14.999999999999968,303,2025
2025-03-04,0.011922038994954262,15.000000000000066,302,2025
2025-03-05,0.01191726114015857,15.000000000000014,301,2025
2025-03-06,0.011920649473293068,14.999999999999975,300,2025
2025-03-07,0.01201152385702433,15.000000000000005,299,2025
2025-03-10,0.012008110915104626,15.000000000000036,296,2025
2025-03-11,0.011993278378462365,14.999999999999847,295,2025
2025-03-12,0.01193526081804028,14.999999999999927,294,2025
2025-03-13,0.011932563568912426,14.999999999999982,293,2025
2025-03-14,0.011919850594388087,14.999999999999963,292,2025
2025-03-17,0.011945449948351974,14.999999999999847,289,2025
2025-03-18,0.011903550579180772,15.000000000000128,288,2025
2025-03-19,0.011948492440233244,15.000000000000108,287,2025
2025-03-20,0.01207750006616726,14.999999999999913,286,2025
2025-03-21,0.012078530647140363,15.000000000000155,285,2025
2025-03-24,0.012077904878655614,14.999999999999988,282,2025
2025-03-25,0.012007627773094588,15.00000000000003,281,2025
2025-03-26,0.01194459545209098,14.999999999999975,280,2025
2025-03-27,0.011973426031962657,15.000000000000025,279,2025
2025-03-28,0.011984728283006247,15.000000000000146,278,2025
2025-03-31,0.011989806706443822,15.000000000000139,275,2025
2025-04-01,0.011987587389404732,14.999999999999941,274,2025
2025-04-02,-0.005950269639444477,-7.418478260869418,273,2025
2025-04-03,0.01207030446506208,14.999999999999785,272,2025
2025-04-04,0.012056528574763819,14.999999999999988,271,2025
2025-04-07,0.012057423134260696,14.999999999999991,268,2025
2025-04-08,0.012073466039700912,15.000000000000139,267,2025
2025-04-09,0.01212534528239481,15.00000000000006,266,2025
2025-04-10,0.01210158638559657,15.000000000000128,265,2025
2025-04-11,0.012224962463027593,15.000000000000016,264,2025
2025-04-14,0.012262547236351558,15.000000000000158,261,2025
2025-04-15,0.012257783250257233,15.000000000000044,260,2025
2025-04-16,0.012304388974856629,15.000000000000046,259,2025
2025-04-17,0.01239527620933116,15.000000000000025,258,2025
2025-04-18,0.01242315960305196,14.999999999999877,257,2025
2025-04-21,0.012422112199054602,15.000000000000052,254,2025
2025-04-22,0.01233664438729888,15.000000000000071,253,2025
2025-04-23,0.012371234602955843,14.999999999999872,252,2025
2025-04-24,0.012427982947386616,14.999999999999986,251,2025
2025-04-25,0.012475759213074849,15.000000000000178,250,2025
2025-04-28,0.012543561480163948,14.999999999999982,247,2025
2025-04-29,0.012469045372419909,15.00000000000007,246,2025
2025-04-30,0.012409188579063332,14.999999999999968,245,2025
2025-05-01,0.012402139218123642,15.000000000000133,244,2025
2025-05-02,0.012433026592064557,14.999999999999918,243,2025
2025-05-05,0.0124202618953403,15.000000000000021,240,2025
2025-05-06,0.01239887738136671,14.999999999999936,239,2025
2025-05-07,0.012356081392393053,15.000000000000089,238,2025
2025-05-08,0.012295693776485624,14.999999999999863,237,2025
2025-05-09,0.01223526991870575,14.999999999999849,236,2025
2025-05-12,0.01231452880086793,15.000000000000153,233,2025
2025-05-13,0.012362819444298177,15.00000000000004,232,2025
2025-05-14,0.012373654667171465,14.999999999999988,231,2025
2025-05-15,0.012362908005828713,14.999999999999744,230,2025
2025-05-16,0.01237201510534821,14.999999999999966,229,2025
2025-05-19,0.012375097237355862,14.99999999999983,226,2025
2025-05-20,0.01234094245107198,14.999999999999734,225,2025
2025-05-21,0.01229828574472143,14.999999999999908,224,2025
2025-05-22,0.012240257243323952,15.000000000000094,223,2025
2025-05-23,0.012249942875073052,14.999999999999922,222,2025
2025-05-26,0.012211769373164367,14.999999999999932,219,2025
2025-05-27,0.012203069946861702,14.999999999999908,218,2025
2025-05-28,0.01222306761719508,14.999999999999877,217,2025
2025-05-29,0.012221879821675469,14.999999999999947,216,2025
2025-05-30,0.012222256215920647,14.999999999999968,215,2025
2025-06-02,0.012132520447690198,15.0,212,2025
2025-06-03,0.012182536080647654,14.999999999999902,211,2025
2025-06-04,0.012194079950298862,14.999999999999785,210,2025
2025-06-05,0.012200813853371864,14.999999999999943,209,2025
2025-06-06,0.012214961267344737,14.999999999999988,208,2025
2025-06-09,0.01219220695877888,14.99999999999969,205,2025
2025-06-10,0.012229890976183514,14.999999999999897,204,2025
2025-06-11,0.012162382010366202,14.999999999999739,203,2025
2025-06-12,0.012246724890180376,14.999999999999922,202,2025
2025-06-13,0.012229166843568545,14.999999999999869,201,2025
2025-06-16,0.012186777819970837,14.999999999999863,198,2025
2025-06-17,0.012206512701016886,14.999999999999847,197,2025
2025-06-18,0.01217763017343057,14.999999999999938,196,2025
2025-06-19,0.012159236715043296,14.999999999999947,195,2025
2025-06-20,0.012238899945860448,14.999999999999734,194,2025
2025-06-23,0.01226558436157637,14.999999999999785,191,2025
2025-06-24,0.012265185878434287,14.999999999999988,190,2025
2025-06-25,0.012256618249262845,14.999999999999872,189,2025
2025-06-26,0.012260426502569173,14.999999999999734,188,2025
2025-06-27,0.012282709338306054,14.999999999999766,187,2025
2025-06-30,0.012314536555452227,14.999999999999824,184,2025
2025-07-01,0.012329938858971051,14.9999999999997,183,2025
2025-07-02,-0.0020267494650828225,-2.472527472527422,182,2025
2025-07-03,0.012331563859834915,15.000000000000146,181,2025
2025-07-04,0.012352304065011532,15.000000000000133,180,2025
2025-07-07,0.012352340243113947,15.000000000000066,177,2025
2025-07-08,0.012345730674054327,14.999999999999975,176,2025
2025-07-09,0.012385321910427724,15.000000000000044,175,2025
2025-07-10,0.012334667274486875,15.000000000000089,174,2025
2025-07-11,0.012362608482315709,15.000000000000066,173,2025
2025-07-14,0.012303791754230312,15.0000000000001,170,2025
2025-07-15,0.012286005157834737,15.000000000000085,169,2025
2025-07-16,0.012327593107235716,14.999999999999995,168,2025
2025-07-17,0.012291526050706226,14.999999999999847,167,2025
2025-07-18,0.012295141728045026,15.000000000000007,166,2025
2025-07-21,0.012345925335651676,15.000000000000046,163,2025
2025-07-22,0.012361460860123035,15.000000000000075,162,2025
2025-07-23,0.012388804644192446,14.999999999999961,161,2025
2025-07-24,0.012472384000764941,15.000000000000188,160,2025
2025-07-25,0.01249982851944293,14.999999999999961,159,2025
2025-07-28,0.012547967095994865,15.000000000000075,156,2025
2025-07-29,0.012582848815015018,15.000000000000085,155,2025
2025-07-30,0.012572953741261746,15.000000000000103,154,2025
2025-07-31,0.01257832295011384,14.999999999999918,153,2025
2025-08-01,-0.006321783014728286,-7.50000000000003,152,2025
2025-08-04,0.01264716084302677,15.000000000000114,149,2025
2025-08-05,0.012647698717285391,15.000000000000064,148,2025
2025-08-06,0.012586135710008146,15.000000000000027,147,2025
2025-08-07,0.012617134237307615,15.000000000000039,146,2025
2025-08-08,0.012641682415293367,15.000000000000005,145,2025
2025-08-11,0.012669970530066625,15.000000000000039,142,2025
2025-08-12,0.012735209267986604,14.999999999999902,141,2025
2025-08-13,0.012727426683373108,15.000000000000005,140,2025
2025-08-14,0.012692100319730355,15.000000000000039,139,2025
2025-08-15,0.01264438074845078,14.999999999999918,138,2025
2025-08-18,0.012621114320946699,14.999999999999957,135,2025
2025-08-19,0.012679654027456749,14.999999999999991,134,2025
2025-08-20,0.012635362024291372,14.999999999999975,133,2025
2025-08-21,0.012602032264999547,15.000000000000007,132,2025
2025-08-22,0.01264213669608445,15.0,131,2025
2025-08-25,0.012654945027963408,15.00000000000006,128,2025
2025-08-26,0.012600718034919921,14.999999999999963,127,2025
2025-08-27,0.012539389073511226,14.999999999999966,126,2025
2025-08-28,0.012544956223687558,15.000000000000066,125,2025
2025-08-29,0.012568626054246357,14.99999999999998,124,2025
2025-09-01,0.012716424258534685,15.000000000000021,121,2025
2025-09-02,0.012685080915041868,15.000000000000057,120,2025
2025-09-03,0.012617034104817527,14.999999999999995,119,2025
2025-09-04,0.012618752337899776,14.999999999999972,118,2025
2025-09-05,0.012543666652648158,14.999999999999995,117,2025
2025-09-08,0.012457280457122182,14.999999999999988,114,2025
2025-09-09,0.012437125960990883,14.999999999999961,113,2025
2025-09-10,0.01242898119922176,15.000000000000039,112,2025
2025-09-11,0.012491450131369528,15.000000000000002,111,2025
2025-09-12,0.01253728583961951,14.999999999999968,110,2025
2025-09-15,0.012579701864272812,14.999999999999968,107,2025
2025-09-16,0.01259670405344819,15.000000000000036,106,2025
2025-09-17,0.012506562901021097,15.000000000000007,105,2025
2025-09-18,0.012505182431219238,15.000000000000007,104,2025
2025-09-19,0.012434835597471994,15.000000000000027,103,2025
2025-09-22,0.012434540659403956,14.999999999999902,100,2025
2025-09-23,0.01242482528681738,14.999999999999995,99,2025
2025-09-24,0.012349320384677462,15.000000000000014,98,2025
2025-09-25,0.01240934038388178,15.00000000000004,97,2025
2025-09-26,0.012317433668475437,15.000000000000052,96,2025
2025-09-29,0.012321467433654656,14.999999999999963,93,2025
2025-09-30,0.012355663004780817,15.000000000000044,92,2025
2025-10-01,-0.005968308523619814,-7.258064516129062,91,2025
2025-10-02,0.012308301452842254,15.000000000000027,90,2025
2025-10-03,0.012396965726500411,15.000000000000016,89,2025
2025-10-06,0.012312329546418328,15.000000000000005,86,2025
2025-10-07,0.012293370837112953,15.000000000000027,85,2025
2025-10-08,0.012350891023123013,15.00000000000004,84,2025
2025-10-09,0.012376133626942998,15.000000000000002,83,2025
2025-10-10,0.012391112078038958,15.000000000000066,82,2025
2025-10-13,0.012350572991653501,15.000000000000075,79,2025
2025-10-14,0.012241248602100031,14.999999999999966,78,2025
2025-10-15,0.012202906940908106,15.000000000000025,77,2025
2025-10-16,0.012144280876228312,14.999999999999988,76,2025
2025-10-17,0.012131856999097718,15.000000000000036,75,2025
2025-10-20,0.012142774193970184,15.000000000000016,72,2025
2025-10-21,0.012131906120270647,15.000000000000016,71,2025
2025-10-22,0.012164016487096549,14.999999999999995,70,2025
2025-10-23,0.012117235594753849,14.999999999999996,69,2025
2025-10-24,0.012131346753576236,15.00000000000005,68,2025
2025-10-27,0.012126879407289742,15.000000000000032,65,2025
2025-10-28,0.01209470415595807,14.999999999999986,64,2025
2025-10-29,0.012064501831606844,14.999999999999996,63,2025
2025-10-30,0.012031970214051306,15.000000000000016,62,2025
2025-10-31,-0.0061705468210030544,-7.749999999999995,61,2025
2025-11-03,0.011932192271353335,14.999999999999966,58,2025
2025-11-04,0.011946702801931422,14.999999999999995,57,2025
2025-11-05,0.0119085838783616,14.99999999999998,56,2025
2025-11-06,0.011822438434646584,15.000000000000005,55,2025
2025-11-07,0.011778124054065872,14.999999999999982,54,2025
2025-11-10,0.011775618041296718,14.999999999999977,51,2025
2025-11-11,0.01178123469762112,14.99999999999998,50,2025
2025-11-12,0.011775582307733342,15.000000000000002,49,2025
2025-11-13,0.011737464856067739,14.999999999999995,48,2025
2025-11-14,0.011802202080603605,14.999999999999996,47,2025
2025-11-17,0.011780124724829689,15.000000000000014,44,2025
2025-11-18,0.011828998357990735,15.000000000000007,43,2025
2025-11-19,0.011770447452120015,15.000000000000005,42,2025
2025-11-20,0.011760710668679212,15.0,41,2025
2025-11-21,0.01176671530674849,15.000000000000005,40,2025
2025-11-24,0.01171295733911777,15.000000000000002,37,2025
2025-11-25,0.011767846261350318,14.999999999999996,36,2025
2025-11-26,0.011739738077131738,14.999999999999982,35,2025
2025-11-27,0.0118041004462501,14.999999999999977,34,2025
2025-11-28,0.011787093565569416,14.999999999999995,33,2025
2025-12-01,-0.003051544737005668,-3.870967741935484,30,2025
2025-12-02,0.011773951407830385,15.000000000000005,29,2025
2025-12-03,0.011802738911140219,14.999999999999996,28,2025
2025-12-04,0.011766604445934626,15.0,27,2025
2025-12-05,0.011836091067569523,14.999999999999995,26,2025
2025-12-08,0.011746018557122935,15.000000000000005,23,2025
2025-12-09,0.011729575183065308,14.999999999999982,22,2025
2025-12-10,0.011785138489500493,15.000000000000005,21,2025
2025-12-11,0.011723271919197038,14.999999999999995,20,2025
2025-12-12,0.011609171334824517,15.000000000000005,19,2025
2025-12-15,0.011613125989905777,14.999999999999996,16,2025
2025-12-16,0.01163310709168254,15.000000000000007,15,2025
2025-12-17,-0.0050827198777447635,-6.562499999999999,14,2025
2025-12-18,0.011615620654753536,15.000000000000002,13,2025
2025-12-19,0.011587150308677286,15.0,12,2025
2025-12-22,0.011626329993644586,14.999999999999996,9,2025
2025-12-23,0.011681218973269387,14.999999999999996,8,2025
2025-12-24,,,7,2025
2025-12-25,,,6,2025
2025-12-26,,,5,2025
2025-12-29,,,2,2025
2025-12-30,,,1,2025
2025-12-31,,,0,2025
2026-01-01,0.011813304300582427,14.999999999999918,364,2026
2026-01-02,0.011820536475115339,15.000000000000014,363,2026
2026-01-05,0.011849205901541938,14.99999999999993,360,2026
2026-01-06,0.011766887222280517,14.999999999999902,359,2026
2026-01-07,0.01188636400174652,15.000000000000146,358,2026
2026-01-08,0.011863076041675929,14.999999999999927,357,2026
2026-01-09,0.011888811730013505,14.999999999999947,356,2026
2026-01-12,0.011863453501483014,14.999999999999927,353,2026
2026-01-13,0.01182011610723765,14.999999999999972,352,2026
2026-01-14,0.011807885312175671,15.000000000000016,351,2026
2026-01-15,0.011850545675993434,15.000000000000032,350,2026
2026-01-16,0.011863951911868568,14.999999999999975,349,2026
2026-01-19,0.011745880722534324,14.999999999999897,346,2026
2026-01-20,0.011792272124370175,14.999999999999938,345,2026
2026-01-21,0.01175883975790407,14.999999999999956,344,2026
2026-01-22,0.011857468058268483,15.000000000000032,343,2026
2026-01-23,0.011861804711040747,14.999999999999941,342,2026
2026-01-26,0.011868881847961223,14.999999999999858,339,2026
2026-01-27,0.011805440959397331,15.000000000000002,338,2026
2026-01-28,0.01178537712187485,15.000000000000002,337,2026
2026-01-29,0.011749140376420525,15.000000000000094,336,2026
2026-01-30,0.011649121257800385,15.000000000000089,335,2026
2026-02-02,0.011600702678527317,15.00000000000001,332,2026
2026-02-03,0.0115858324700452,14.999999999999927,331,2026
2026-02-04,0.011593719118192404,14.999999999999995,330,2026
2026-02-05,0.011605027364784441,15.000000000000014,329,2026
2026-02-06,0.01160901844221051,14.999999999999957,328,2026
2026-02-09,0.011521439854613388,14.999999999999975,325,2026
2026-02-10,0.011490308806437383,14.999999999999927,324,2026
2026-02-11,0.011499709041813862,14.999999999999968,323,2026
2026-02-12,0.011450761684899466,14.999999999999897,322,2026
2026-02-13,0.011441805965180478,15.00000000000006,321,2026
2026-02-16,0.011450103106630036,14.99999999999995,318,2026
2026-02-17,0.01145114686864459,15.000000000000094,317,2026
2026-02-18,0.011404931803275828,15.00000000000009,316,2026
2026-02-19,0.011400222429534769,14.999999999999819,315,2026
2026-02-20,0.0113833113583983,14.999999999999975,314,2026
2026-02-23,0.011397863531401285,15.00000000000006,311,2026
2026-02-24,0.011411275858567368,14.999999999999995,310,2026
2026-02-25,0.011366213585572814,14.999999999999925,309,2026
2026-02-26,0.011367147900373523,14.999999999999972,308,2026
2026-02-27,0.01133942084562117,14.99999999999998,307,2026
2026-03-02,0.011348194835959174,15.000000000000044,304,2026
2026-03-03,0.01133124064800522,14.999999999999844,303,2026
2026-03-04,0.011305619370657527,14.999999999999941,302,2026
2026-03-05,0.011294726531097494,14.999999999999986,301,2026
2026-03-06,0.011297175048895314,14.99999999999995,300,2026
2026-03-09,0.011234537192653035,14.999999999999975,297,2026
2026-03-10,0.011321514820991137,14.999999999999932,296,2026
2026-03-11,0.011294365062321024,14.999999999999936,295,2026
2026-03-12,0.011233943372191878,15.000000000000027,294,2026
2026-03-13,0.011193319857497535,15.000000000000014,293,2026
2026-03-16,0.011212615034955818,14.999999999999902,290,2026
2026-03-17,0.011167045886023956,14.999999999999972,289,2026
2026-03-18,0.011209449587694454,14.999999999999968,288,2026
2026-03-19,0.011171885789389473,14.999999999999996,287,2026
2026-03-20,0.011225594719740637,15.000000000000027,286,2026
2026-03-23,0.011318840099954479,15.00000000000006,283,2026
2026-03-24,0.011292344801085718,14.999999999999972,282,2026
2026-03-25,0.011249902898349012,15.00000000000005,281,2026
2026-03-26,0.011244927168956023,15.00000000000009,280,2026
2026-03-27,0.011248183652413993,15.000000000000036,279,2026
2026-03-30,0.011292104114622536,14.999999999999966,276,2026
2026-03-31,0.011241826638419453,15.000000000000016,275,2026
2026-04-01,0.011271286708508216,14.99999999999983,274,2026
2026-04-02,-0.0056019376709575755,-7.418478260869437,273,2026
2026-04-03,0.011373894610809518,14.999999999999888,272,2026
2026-04-06,0.011377818963683534,14.999999999999952,269,2026
2026-04-07,0.01146309665397672,14.999999999999988,268,2026
2026-04-08,0.011447973194887395,15.000000000000014,267,2026
2026-04-09,0.011411285881475336,15.000000000000155,266,2026
2026-04-10,0.011450916133258352,15.00000000000016,265,2026
2026-04-13,0.011485729725337256,14.999999999999975,262,2026
2026-04-14,0.011531261726856293,14.999999999999988,261,2026
2026-04-15,0.011561989515368945,14.999999999999853,260,2026
2026-04-16,0.011558221900680631,15.00000000000012,259,2026
2026-04-17,0.011562099102352051,15.0000000000001,258,2026
2026-04-20,0.011590007242870078,14.999999999999892,255,2026
2026-04-21,0.011558536764607193,14.99999999999988,254,2026
2026-04-22,0.011600502430870128,15.000000000000025,253,2026
2026-04-23,0.011626800438480913,15.000000000000108,252,2026
2026-04-24,0.011639509036528854,15.000000000000153,251,2026
2026-04-27,0.011723873560183368,15.000000000000002,248,2026
2026-04-28,0.011748716336521964,15.000000000000096,247,2026
2026-04-29,0.01190311827804712,15.000000000000025,246,2026
2026-04-30,0.011861885716347293,14.999999999999988,245,2026
2026-05-01,0.011776805645880949,15.00000000000008,244,2026
2026-05-04,0.011840479709030854,15.00000000000004,241,2026
2026-05-05,0.011881832709278357,15.000000000000066,240,2026
2026-05-06,0.011886403047895972,14.999999999999972,239,2026
2026-05-07,0.011834239873615933,14.999999999999988,238,2026
2026-05-08,0.011816353757947196,15.000000000000046,237,2026
2026-05-11,0.011880221047279264,15.000000000000119,234,2026
2026-05-12,0.011879265037531037,15.000000000000025,233,2026
2026-05-13,0.011904076308595093,15.000000000000103,232,2026
2026-05-14,0.011937770019105131,15.000000000000153,231,2026
2026-05-15,0.011932625729660933,14.999999999999972,230,2026
2026-05-18,0.011923856985120811,14.999999999999972,227,2026
2026-05-19,0.01193387146945775,15.00000000000006,226,2026
2026-05-20,0.011884269388130232,15.000000000000089,225,2026
2026-05-21,0.011860647130529055,15.000000000000002,224,2026
2026-05-22,0.011880563820493656,14.999999999999858,223,2026
2026-05-25,0.011914538722542632,15.000000000000064,220,2026
2026-05-26,0.012000619790506666,14.999999999999941,219,2026
2026-05-27,0.011912476207833315,15.000000000000103,218,2026
2026-05-28,0.01189740724614056,14.999999999999936,217,2026
2026-05-29,0.011898191747292073,15.000000000000036,216,2026
2026-06-01,0.011914895701398582,15.000000000000002,213,2026
2026-06-02,0.011872321528064868,15.00000000000006,212,2026
2026-06-03,0.011895280712496131,15.000000000000085,211,2026
2026-06-04,0.011879114115751247,14.999999999999966,210,2026
2026-06-05,0.011825381471063174,14.999999999999938,209,2026
2026-06-08,0.011731845520786967,15.00000000000012,206,2026
2026-06-09,0.011715053611045315,15.00000000000001,205,2026
2026-06-10,0.011757609556402778,14.999999999999911,204,2026
2026-06-11,0.011759829724586977,15.000000000000071,203,2026
2026-06-12,0.011735156755329615,15.0000000000001,202,2026
2026-06-15,0.011698284083145832,15.000000000000233,199,2026
2026-06-16,0.011684382894185785,15.000000000000114,198,2026
2026-06-17,0.011693192390174198,15.000000000000105,197,2026
2026-06-18,0.011605505511593742,14.999999999999972,196,2026
2026-06-19,0.01162613303852656,14.999999999999861,195,2026
2026-06-22,0.011720746019884824,14.999999999999947,192,2026
2026-06-23,0.011717721595292994,15.00000000000012,191,2026
2026-06-24,0.011782237512511728,15.000000000000055,190,2026
2026-06-25,0.011846704879099472,14.999999999999982,189,2026
2026-06-26,0.011799835240531244,15.000000000000096,188,2026
2026-06-29,0.011726110817398923,15.0,185,2026
2026-06-30,0.011664200145886436,15.000000000000066,184,2026
2026-07-01,0.011707530298687593,14.999999999999977,183,2026
2026-07-02,-0.0019452334896467665,-2.4725274725274695,182,2026
2026-07-03,0.011833002895702946,15.000000000000021,181,2026
2026-07-06,0.011890607914233875,15.000000000000021,178,2026
2026-07-07,0.011821256590626553,14.999999999999968,177,2026
2026-07-08,0.011758197770290732,14.999999999999902,176,2026
2026-07-09,0.011679757756052117,14.999999999999977,175,2026
2026-07-10,0.011720275467191857,14.999999999999972,174,2026
2026-07-13,0.01169241627347016,15.000000000000021,171,2026
2026-07-14,0.01161363833844769,15.0,170,2026
2026-07-15,0.011548371906013197,15.0,169,2026
2026-07-16,0.011582464689164566,14.999999999999968,168,2026
2026-07-17,0.011548807852481736,14.999999999999952,167,2026
2026-07-20,0.01149156906124181,14.999999999999975,164,2026
2026-07-21,0.011571040471109078,14.999999999999952,163,2026
2026-07-22,0.011644704418866928,14.999999999999995,162,2026
2026-07-23,0.01162772443106169,14.999999999999961,161,2026
2026-07-24,0.011582178445532807,14.999999999999956,160,2026
2026-07-27,0.011504650823429483,15.000000000000007,157,2026
2026-07-28,0.011539319016035351,15.000000000000002,156,2026
2026-07-29,0.011456234480676406,15.0,155,2026
2026-07-30,0.011492655984576286,14.999999999999922,154,2026
2026-07-31,0.01142920265698663,15.000000000000002,153,2026
2026-08-03,0.011395843876277309,14.999999999999977,150,2026
2026-08-04,0.01135147233782588,15.000000000000007,149,2026
2026-08-05,0.011331908584303774,15.000000000000021,148,2026
2026-08-06,0.01132477211059784,15.00000000000004,147,2026
2026-08-07,0.011303497776163154,15.0,146,2026
2026-08-10,0.011329819607485822,15.000000000000007,143,2026
2026-08-11,0.011218582384482461,14.999999999999996,142,2026
2026-08-12,0.011231755401940022,14.999999999999982,141,2026
2026-08-13,0.011285992010593309,14.999999999999995,140,2026
2026-08-14,0.011230957695853732,14.999999999999908,139,2026
2026-08-17,0.011202129901936671,14.999999999999956,136,2026
2026-08-18,0.01115539428514419,14.99999999999993,135,2026
2026-08-19,0.01116400236914755,14.999999999999961,134,2026
2026-08-20,0.011182913270132423,15.00000000000001,133,2026
2026-08-21,0.011184225343997913,15.00000000000006,132,2026
2026-08-24,0.01113285968557073,15.000000000000002,129,2026
2026-08-25,0.011078635856584931,15.000000000000066,128,2026
2026-08-26,0.011050306313981535,14.999999999999986,127,2026
2026-08-27,0.011145400354176138,14.999999999999996,126,2026
2026-08-28,0.011086094611650426,15.000000000000044,125,2026
