obs_date,jump_pts,jump_ann_pct,days_to_turn,year
2016-08-29,0.31198246333609836,9.000000000000012,124,2016
2016-08-30,0.31129432643986066,9.000000000000012,123,2016
2016-08-31,-0.1597500410489252,-4.6499999999999995,122,2016
2016-09-01,0.30828618863403884,8.999999999999988,121,2016
2016-09-02,0.3079407170438716,9.000000000000004,120,2016
2016-09-05,0.3091993658080921,9.000000000000009,117,2016
2016-09-06,0.31079536070374214,8.99999999999999,116,2016
2016-09-07,0.30872575292234694,8.999999999999982,115,2016
2016-09-08,0.30984375568382216,9.000000000000009,114,2016
2016-09-09,0.3103245667818576,9.000000000000002,113,2016
2016-09-12,0.31162784017412765,9.000000000000002,110,2016
2016-09-13,0.30840757007033315,9.000000000000002,109,2016
2016-09-14,0.3078214932365299,9.000000000000002,108,2016
2016-09-15,0.3090443509718878,8.999999999999993,107,2016
2016-09-16,0.3115045525882789,9.0,106,2016
2016-09-19,0.3110898674514508,9.000000000000007,103,2016
2016-09-20,0.31318908350873137,9.000000000000004,102,2016
2016-09-21,0.31364462947049504,9.000000000000002,101,2016
2016-09-22,0.31365693047056364,9.000000000000004,100,2016
2016-09-23,0.31384048650225116,9.0,99,2016
2016-09-26,0.3121043244100248,9.0,96,2016
2016-09-27,0.3111961315960572,8.999999999999998,95,2016
2016-09-28,0.311881857798968,8.999999999999998,94,2016
2016-09-29,0.3126203851407716,8.999999999999998,93,2016
2016-09-30,0.3113469947563742,8.999999999999998,92,2016
2016-10-03,0.31296732457840376,9.000000000000007,89,2016
2016-10-04,0.31450174401674036,8.999999999999993,88,2016
2016-10-05,0.31739933996122255,8.999999999999995,87,2016
2016-10-06,0.31653279504174325,8.999999999999996,86,2016
2016-10-07,0.3185275205306759,8.999999999999993,85,2016
2016-10-10,0.31686307573482386,8.999999999999998,82,2016
2016-10-11,0.316191994969311,9.0,81,2016
2016-10-12,0.31533499853383323,8.999999999999996,80,2016
2016-10-13,0.31354374913151095,9.0,79,2016
2016-10-14,0.31380874619789584,8.999999999999998,78,2016
2016-10-17,0.31381385550982477,8.999999999999998,75,2016
2016-10-18,0.31423585066591386,8.999999999999998,74,2016
2016-10-19,0.31573400675160396,8.999999999999998,73,2016
2016-10-20,0.31505788356393605,9.000000000000002,72,2016
2016-10-21,0.31373761269603323,9.0,71,2016
2016-10-24,0.3153082073666751,9.0,68,2016
2016-10-25,0.3167709019244889,8.999999999999998,67,2016
2016-10-26,0.31726352562966237,9.0,66,2016
2016-10-27,0.3179929450477737,8.999999999999998,65,2016
2016-10-28,0.32007555352270256,9.0,64,2016
2016-10-31,-0.16584589507563874,-4.649999999999998,61,2016
2016-11-01,0.3207377965768379,9.000000000000002,60,2016
2016-11-02,0.32025145394308097,9.000000000000002,59,2016
2016-11-03,0.3190329127766878,8.999999999999996,58,2016
2016-11-04,0.3187054892572226,9.0,57,2016
2016-11-07,0.3185810683222579,9.000000000000002,54,2016
2016-11-08,0.31852691299565616,9.0,53,2016
2016-11-09,0.31813898070078295,9.0,52,2016
2016-11-10,0.316927208130579,9.0,51,2016
2016-11-11,0.3173476014485632,9.0,50,2016
2016-11-14,0.31734689768747926,9.000000000000002,47,2016
2016-11-15,0.31803909235627975,8.999999999999996,46,2016
2016-11-16,0.3174483001713089,9.000000000000007,45,2016
2016-11-17,0.3165497134202813,9.0,44,2016
2016-11-18,0.31698114614409134,8.999999999999998,43,2016
2016-11-21,0.3157044429349665,8.999999999999995,40,2016
2016-11-22,0.31292283705880886,9.000000000000004,39,2016
2016-11-23,0.3132398834962909,8.999999999999998,38,2016
2016-11-24,0.3115268309153282,9.000000000000007,37,2016
2016-11-25,0.31401120609760114,9.000000000000004,36,2016
2016-11-28,0.31292956982314274,9.000000000000009,33,2016
2016-11-29,0.311324383182521,8.999999999999988,32,2016
2016-11-30,0.31227901996823565,9.000000000000002,31,2016
2016-12-01,-0.08061688117826421,-2.3225806451612896,30,2016
2016-12-02,0.3115061137438766,9.0,29,2016
2016-12-05,0.3120884595545916,8.999999999999995,26,2016
2016-12-06,0.3098282120463758,9.000000000000007,25,2016
2016-12-07,0.30849533180682587,9.000000000000007,24,2016
2016-12-08,0.309766876897088,9.000000000000007,23,2016
2016-12-09,0.30967212359813895,8.999999999999995,22,2016
2016-12-12,0.3109409573639944,8.999999999999995,19,2016
2016-12-13,0.31160626799430524,8.999999999999998,18,2016
2016-12-14,0.3129775517010275,9.0,17,2016
2016-12-15,0.3138984518217147,9.000000000000002,16,2016
2016-12-16,0.3137630576846628,9.000000000000007,15,2016
2016-12-19,0.31291180076541836,9.000000000000004,12,2016
2016-12-20,0.30910222086637673,8.999999999999998,11,2016
2016-12-21,0.3083281279605453,9.000000000000007,10,2016
2016-12-22,0.30901392512916276,8.999999999999998,9,2016
2016-12-23,0.3086264576270158,8.999999999999996,8,2016
2016-12-26,,,5,2016
2016-12-27,,,4,2016
2016-12-28,,,3,2016
2016-12-29,,,2,2016
2016-12-30,,,1,2016
2017-01-02,0.3046879201148196,8.999999999999936,363,2017
2017-01-03,0.3023964583982632,9.000000000000014,362,2017
2017-01-04,0.3033848001520293,9.000000000000002,361,2017
2017-01-05,0.3062157730316912,9.000000000000027,360,2017
2017-01-06,0.3070711952524207,9.000000000000066,359,2017
2017-01-09,0.30488085167285695,9.000000000000083,356,2017
2017-01-10,0.30223989798088424,9.000000000000018,355,2017
2017-01-11,0.302434247935671,8.999999999999877,354,2017
2017-01-12,0.3044964679964792,8.999999999999922,353,2017
2017-01-13,0.3045510745888947,8.99999999999999,352,2017
2017-01-16,0.302228105285551,8.99999999999995,349,2017
2017-01-17,0.30284371084612693,8.99999999999997,348,2017
2017-01-18,0.3028230569764321,9.000000000000043,347,2017
2017-01-19,0.30334619203826485,8.999999999999904,346,2017
2017-01-20,0.30162709176067065,9.00000000000006,345,2017
2017-01-23,0.302895024632496,8.999999999999996,342,2017
2017-01-24,0.3030475854209179,9.00000000000004,341,2017
2017-01-25,0.30311144196057405,8.999999999999941,340,2017
2017-01-26,0.30132310906856474,8.99999999999997,339,2017
2017-01-27,0.3011748500501384,8.999999999999925,338,2017
2017-01-30,0.301667355069115,9.000000000000023,335,2017
2017-01-31,0.3033553500182882,8.999999999999927,334,2017
2017-02-01,0.30125814889441394,9.000000000000071,333,2017
2017-02-02,0.3013801480985183,8.999999999999956,332,2017
2017-02-03,0.3026376646551421,8.999999999999954,331,2017
2017-02-06,0.3034557200382746,9.000000000000078,328,2017
2017-02-07,0.3028694939102541,9.000000000000076,327,2017
2017-02-08,0.30324813291849756,9.00000000000004,326,2017
2017-02-09,0.3051497867602285,8.999999999999936,325,2017
2017-02-10,0.3065882101907532,8.999999999999922,324,2017
2017-02-13,0.3057989975810939,9.000000000000096,321,2017
2017-02-14,0.306681730357165,8.999999999999956,320,2017
2017-02-15,0.30592104176746826,8.999999999999995,319,2017
2017-02-16,0.3041732770810486,9.000000000000027,318,2017
2017-02-17,0.304346102632566,8.999999999999979,317,2017
2017-02-20,0.30406588854440164,8.999999999999904,314,2017
2017-02-21,0.30466465338721865,8.999999999999977,313,2017
2017-02-22,0.30507820355835746,9.000000000000028,312,2017
2017-02-23,0.30481443803874014,9.00000000000007,311,2017
2017-02-24,0.30505259715020466,8.999999999999945,310,2017
2017-02-27,0.30486308502285575,9.000000000000059,307,2017
2017-02-28,0.30432737082811,9.000000000000012,306,2017
2017-03-01,0.3048002872078879,9.000000000000066,305,2017
2017-03-02,0.3046814698878584,9.000000000000076,304,2017
2017-03-03,0.30588208907544956,9.000000000000016,303,2017
2017-03-06,0.30452314388461155,9.000000000000062,300,2017
2017-03-07,0.3050687871874652,8.999999999999897,299,2017
2017-03-08,0.30574047609126387,8.999999999999957,298,2017
2017-03-09,0.30590403274733147,8.999999999999966,297,2017
2017-03-10,0.30530711489842643,9.00000000000002,296,2017
2017-03-13,0.3052141609575865,9.00000000000007,293,2017
2017-03-14,0.3058802811793204,8.999999999999941,292,2017
2017-03-15,0.3063718468204563,8.999999999999956,291,2017
2017-03-16,0.3055452885899332,8.999999999999861,290,2017
2017-03-17,0.30351874060209605,9.000000000000066,289,2017
2017-03-20,0.30204834389836,9.000000000000012,286,2017
2017-03-21,0.30114072706376344,8.99999999999996,285,2017
2017-03-22,0.3002799796131364,9.000000000000034,284,2017
2017-03-23,0.29995781334862237,8.999999999999979,283,2017
2017-03-24,0.30095494851725113,8.999999999999956,282,2017
2017-03-27,0.30103546960228666,9.000000000000085,279,2017
2017-03-28,0.3014600737903404,8.999999999999872,278,2017
2017-03-29,0.29953791717073486,9.000000000000131,277,2017
2017-03-30,0.29974634801350863,8.999999999999925,276,2017
2017-03-31,0.29953740915423105,8.99999999999999,275,2017
2017-04-03,0.2979996600118542,9.000000000000071,272,2017
2017-04-04,0.29952810402231134,9.000000000000153,271,2017
2017-04-05,0.29818504087413733,9.000000000000027,270,2017
2017-04-06,0.29934177489579955,9.000000000000012,269,2017
2017-04-07,0.30123458596896313,9.000000000000144,268,2017
2017-04-10,0.30178954424979704,8.999999999999945,265,2017
2017-04-11,0.30120102543212646,9.000000000000076,264,2017
2017-04-12,0.2990015073712039,9.000000000000012,263,2017
2017-04-13,0.30179868259893644,9.00000000000008,262,2017
2017-04-14,0.30091561503967207,8.999999999999927,261,2017
2017-04-17,0.30435265070666295,8.99999999999995,258,2017
2017-04-18,0.30335244268636796,9.000000000000046,257,2017
2017-04-19,0.30259569071389764,8.99999999999999,256,2017
2017-04-20,0.3002552443960115,9.000000000000112,255,2017
2017-04-21,0.2994037206013682,8.999999999999995,254,2017
2017-04-24,0.30101861306695626,8.999999999999998,251,2017
2017-04-25,0.3017100692719063,8.999999999999966,250,2017
2017-04-26,0.30275413941275503,9.000000000000066,249,2017
2017-04-27,0.3020882768209845,9.000000000000142,248,2017
2017-04-28,0.3030024649117294,9.00000000000011,247,2017
2017-05-01,0.30084096007813,8.99999999999997,244,2017
2017-05-02,0.30045971664776033,9.000000000000023,243,2017
2017-05-03,0.3011177684431096,8.999999999999984,242,2017
2017-05-04,0.297820359122619,8.999999999999998,241,2017
2017-05-05,0.29744011344488414,8.999999999999975,240,2017
2017-05-08,0.29592181042107685,9.0,237,2017
2017-05-09,0.2959684690020792,8.999999999999975,236,2017
2017-05-10,0.29617152499074156,8.99999999999999,235,2017
2017-05-11,0.29662955310655104,9.00000000000002,234,2017
2017-05-12,0.2967697390468273,8.999999999999934,233,2017
2017-05-15,0.2949170432322256,8.999999999999954,230,2017
2017-05-16,0.2942086604971261,9.00000000000004,229,2017
2017-05-17,0.2933516696871276,9.000000000000007,228,2017
2017-05-18,0.29340405624289584,9.000000000000021,227,2017
2017-05-19,0.29218304943737655,8.99999999999995,226,2017
2017-05-22,0.2909678106791541,9.000000000000046,223,2017
2017-05-23,0.2891874596377203,9.000000000000062,222,2017
2017-05-24,0.2879757075552995,8.999999999999861,221,2017
2017-05-25,0.28834624413157206,8.999999999999934,220,2017
2017-05-26,0.287403588063678,9.000000000000066,219,2017
2017-05-29,0.2885567943812036,8.999999999999918,216,2017
2017-05-30,0.2895959211114164,9.0,215,2017
2017-05-31,0.28851783522375335,9.000000000000043,214,2017
2017-06-01,0.28803619264103864,8.999999999999982,213,2017
2017-06-02,0.28848359195687356,8.999999999999913,212,2017
2017-06-05,0.2868103736028013,9.000000000000071,209,2017
2017-06-06,0.28811830502772673,9.000000000000034,208,2017
2017-06-07,0.29056915699041097,9.000000000000007,207,2017
2017-06-08,0.2919159731108038,8.999999999999966,206,2017
2017-06-09,0.2926144448794215,9.000000000000027,205,2017
2017-06-12,0.29256216103082255,9.000000000000027,202,2017
2017-06-13,0.29208439330125835,8.999999999999998,201,2017
2017-06-14,0.29144417422328,8.999999999999977,200,2017
2017-06-15,0.2923068921062317,8.999999999999973,199,2017
2017-06-16,0.2940563085122697,8.999999999999977,198,2017
2017-06-19,0.2929430021800738,8.999999999999979,195,2017
2017-06-20,0.2932534940843548,9.000000000000021,194,2017
2017-06-21,0.29340369998939536,8.99999999999996,193,2017
2017-06-22,0.29429145035743715,8.999999999999979,192,2017
2017-06-23,0.2939061304594897,9.000000000000027,191,2017
2017-06-26,0.2930152209500051,8.999999999999998,188,2017
2017-06-27,0.29222016698056835,9.000000000000002,187,2017
2017-06-28,0.29177748275586785,9.00000000000006,186,2017
2017-06-29,0.2919855180714907,9.000000000000055,185,2017
2017-06-30,0.2950704691584944,8.999999999999973,184,2017
2017-07-03,0.2953853517093925,9.000000000000012,181,2017
2017-07-04,0.2969608777021747,8.999999999999982,180,2017
2017-07-05,0.2962628554116107,9.000000000000027,179,2017
2017-07-06,0.297398672458897,9.0,178,2017
2017-07-07,0.2971892586586145,9.000000000000021,177,2017
2017-07-10,0.29662087614888266,9.000000000000027,174,2017
2017-07-11,0.2965610551591177,9.000000000000027,173,2017
2017-07-12,0.29448871962387146,9.000000000000016,172,2017
2017-07-13,0.294333525244649,9.000000000000028,171,2017
2017-07-14,0.2947951656875013,9.000000000000039,170,2017
2017-07-17,0.29346601743863215,9.000000000000032,167,2017
2017-07-18,0.29436824655620397,9.00000000000004,166,2017
2017-07-19,0.29401027086877185,9.00000000000005,165,2017
2017-07-20,0.2928359821253276,9.000000000000027,164,2017
2017-07-21,0.2924816082602062,9.000000000000009,163,2017
2017-07-24,0.291648037108708,9.000000000000027,160,2017
2017-07-25,0.29153051883707204,9.000000000000028,159,2017
2017-07-26,0.2908933234511316,9.00000000000006,158,2017
2017-07-27,0.2913259960463205,8.99999999999999,157,2017
2017-07-28,0.2932361862179484,9.000000000000082,156,2017
2017-07-31,0.29506660596692175,9.000000000000028,153,2017
2017-08-01,-0.14796411052951403,-4.500000000000028,152,2017
2017-08-02,0.29499488505770005,9.000000000000028,151,2017
2017-08-03,0.29433048908092974,9.00000000000002,150,2017
2017-08-04,0.2933894268075169,8.999999999999984,149,2017
2017-08-07,0.2932991027887598,9.000000000000046,146,2017
2017-08-08,0.2933501692047225,9.000000000000009,145,2017
2017-08-09,0.29312326384310883,8.99999999999992,144,2017
2017-08-10,0.291891277758501,8.999999999999993,143,2017
2017-08-11,0.2913711134597812,8.999999999999993,142,2017
2017-08-14,0.2916350134100646,9.000000000000004,139,2017
2017-08-15,0.29255984202537694,8.999999999999947,138,2017
2017-08-16,0.29128063284665007,8.999999999999913,137,2017
2017-08-17,0.2913551314933777,8.99999999999993,136,2017
2017-08-18,0.29377938139328463,8.999999999999993,135,2017
2017-08-21,0.29334885257560406,8.999999999999964,132,2017
2017-08-22,0.2884561095826712,8.999999999999993,131,2017
2017-08-23,0.2889784272717679,9.000000000000023,130,2017
2017-08-24,0.28954677311746996,9.000000000000027,129,2017
2017-08-25,0.2900834516698317,9.000000000000014,128,2017
2017-08-28,0.2898761253815664,8.999999999999988,125,2017
2017-08-29,0.29107354573219163,9.000000000000037,124,2017
2017-08-30,0.29274415580362556,9.00000000000002,123,2017
2017-08-31,-0.15154568260427578,-4.6499999999999835,122,2017
2017-09-01,0.29120681874626964,9.000000000000009,121,2017
2017-09-04,0.28986205416468025,9.000000000000004,118,2017
2017-09-05,0.28713649702026434,8.99999999999999,117,2017
2017-09-06,0.2872613358178054,8.999999999999995,116,2017
2017-09-07,0.28514290201423764,9.000000000000007,115,2017
2017-09-08,0.2837187125863287,8.999999999999995,114,2017
2017-09-11,0.28525175111184625,9.000000000000007,111,2017
2017-09-12,0.2853515185491938,9.000000000000014,110,2017
2017-09-13,0.2865251272774013,9.000000000000007,109,2017
2017-09-14,0.28656247572950444,9.000000000000002,108,2017
2017-09-15,0.28664175313094703,8.99999999999999,107,2017
2017-09-18,0.28613295577284864,9.000000000000004,104,2017
2017-09-19,0.2847971620194396,8.999999999999993,103,2017
2017-09-20,0.2842014913776079,9.000000000000007,102,2017
2017-09-21,0.2825194106151524,8.999999999999975,101,2017
2017-09-22,0.2837187089135979,9.000000000000007,100,2017
2017-09-25,0.2850218677396425,8.999999999999998,97,2017
2017-09-26,0.2838568484899291,8.999999999999998,96,2017
2017-09-27,0.2853260316180506,8.999999999999995,95,2017
2017-09-28,0.28500188495376155,9.000000000000002,94,2017
2017-09-29,0.2843078613753259,8.999999999999988,93,2017
2017-10-02,0.2835600246299668,9.0,90,2017
2017-10-03,0.28276307618332414,8.999999999999996,89,2017
2017-10-04,0.28243424371244,9.0,88,2017
2017-10-05,0.2821114688908423,9.000000000000007,87,2017
2017-10-06,0.2818903850083713,9.000000000000007,86,2017
2017-10-09,0.28232673409251063,9.000000000000021,83,2017
2017-10-10,0.28153691933750447,8.99999999999999,82,2017
2017-10-11,0.2817420143261557,9.000000000000016,81,2017
2017-10-12,0.28071010781506367,9.000000000000007,80,2017
2017-10-13,0.27993228959868843,8.999999999999995,79,2017
2017-10-16,0.279065896490541,9.0,76,2017
2017-10-17,0.2798433519738207,9.000000000000002,75,2017
2017-10-18,0.2819128622186048,9.000000000000009,74,2017
2017-10-19,0.28153661090192283,8.999999999999977,73,2017
2017-10-20,0.28228714604212113,9.000000000000009,72,2017
2017-10-23,0.2803843082813644,9.000000000000002,69,2017
2017-10-24,0.2796848833905023,8.999999999999998,68,2017
2017-10-25,0.27902065506124646,9.000000000000007,67,2017
2017-10-26,0.27764768982182425,8.999999999999995,66,2017
2017-10-27,0.27656635235593985,8.999999999999993,65,2017
2017-10-30,0.27780624492302486,8.999999999999993,62,2017
2017-10-31,-0.14312431238957138,-4.649999999999995,61,2017
2017-11-01,0.2766251150122222,9.000000000000009,60,2017
2017-11-02,0.2776517535615631,9.000000000000007,59,2017
2017-11-03,0.2779813474242687,8.999999999999995,58,2017
2017-11-06,0.27950211824940735,8.999999999999996,55,2017
2017-11-07,0.27883105287649956,8.999999999999996,54,2017
2017-11-08,0.27883649292543267,9.0,53,2017
2017-11-09,0.2774824716216611,8.999999999999996,52,2017
2017-11-10,0.2780073654337809,9.0,51,2017
2017-11-13,0.2773619603225586,9.0,48,2017
2017-11-14,0.27601438771762826,9.000000000000012,47,2017
2017-11-15,0.27676086807765354,9.000000000000009,46,2017
2017-11-16,0.27602234913260226,8.999999999999998,45,2017
2017-11-17,0.27457836322210843,8.999999999999998,44,2017
2017-11-20,0.27719958124794747,8.999999999999993,41,2017
2017-11-21,0.27642555326202883,9.000000000000002,40,2017
2017-11-22,0.2770117647136153,8.999999999999998,39,2017
2017-11-23,0.27546965228896375,8.999999999999993,38,2017
2017-11-24,0.27683983595743517,8.999999999999995,37,2017
2017-11-27,0.27492240007596014,8.999999999999996,34,2017
2017-11-28,0.27469050346841256,8.999999999999998,33,2017
2017-11-29,0.2773108453998863,9.000000000000012,32,2017
2017-11-30,0.2789347124405695,9.000000000000014,31,2017
2017-12-01,-0.07174411159376853,-2.3225806451612905,30,2017
2017-12-04,0.2780143479013227,9.000000000000002,27,2017
2017-12-05,0.2782492607382623,8.999999999999998,26,2017
2017-12-06,0.27768789462779764,9.000000000000007,25,2017
2017-12-07,0.2797578660111279,9.000000000000002,24,2017
2017-12-08,0.2817502320343535,8.999999999999996,23,2017
2017-12-11,0.2814885420367721,8.999999999999998,20,2017
2017-12-12,0.28037519069408384,8.999999999999996,19,2017
2017-12-13,0.2798773087965909,9.000000000000007,18,2017
2017-12-14,0.2798435868745117,9.000000000000012,17,2017
2017-12-15,0.2790510424179937,8.999999999999996,16,2017
2017-12-18,0.2777072522169888,9.000000000000007,13,2017
2017-12-19,0.27988962677833884,9.000000000000002,12,2017
2017-12-20,0.27993404892073215,9.0,11,2017
2017-12-21,0.2801508266928594,9.0,10,2017
2017-12-22,0.28054742475808647,9.0,9,2017
2017-12-25,,,6,2017
2017-12-26,,,5,2017
2017-12-27,,,4,2017
2017-12-28,,,3,2017
2017-12-29,,,2,2017
2018-01-01,0.2801679511825096,8.99999999999998,364,2018
2018-01-02,0.2794549782134886,8.99999999999996,363,2018
2018-01-03,0.27987141750241873,8.99999999999995,362,2018
2018-01-04,0.28027803807079843,9.000000000000046,361,2018
2018-01-05,0.2799448246121913,9.000000000000027,360,2018
2018-01-08,0.2799404023335074,9.000000000000036,357,2018
2018-01-09,0.2820079631957516,8.999999999999982,356,2018
2018-01-10,0.2815664360768985,9.000000000000053,355,2018
2018-01-11,0.28451217458035616,9.000000000000103,354,2018
2018-01-12,0.2840670351348845,8.999999999999975,353,2018
2018-01-15,0.2854723471550876,8.99999999999999,350,2018
2018-01-16,0.28497509447417424,9.00000000000002,349,2018
2018-01-17,0.2852532294899207,9.000000000000034,348,2018
2018-01-18,0.28441921497409434,9.000000000000014,347,2018
2018-01-19,0.2827627710134909,8.999999999999966,346,2018
2018-01-22,0.28190806522703227,9.000000000000053,343,2018
2018-01-23,0.28259439275479814,8.99999999999994,342,2018
2018-01-24,0.282768477862238,8.99999999999996,341,2018
2018-01-25,0.28397285874950307,8.999999999999961,340,2018
2018-01-26,0.28429934498178644,8.99999999999994,339,2018
2018-01-29,0.2841523305526854,8.999999999999947,336,2018
2018-01-30,0.2832007579832307,8.99999999999999,335,2018
2018-01-31,0.2829718750620079,8.999999999999947,334,2018
2018-02-01,0.2837801122703376,8.999999999999934,333,2018
2018-02-02,0.2858913221012449,8.999999999999979,332,2018
2018-02-05,0.2857737521922708,8.999999999999996,329,2018
2018-02-06,0.2863705113018759,9.000000000000071,328,2018
2018-02-07,0.2857862936188543,9.000000000000023,327,2018
2018-02-08,0.28623580027039847,9.00000000000002,326,2018
2018-02-09,0.28741528809041705,8.99999999999997,325,2018
2018-02-12,0.28861778624818923,8.999999999999956,322,2018
2018-02-13,0.2872612922084907,9.000000000000046,321,2018
2018-02-14,0.2878551393409855,9.000000000000052,320,2018
2018-02-15,0.2868142127629696,9.000000000000002,319,2018
2018-02-16,0.2872345960500765,9.000000000000082,318,2018
2018-02-19,0.28711083498930046,8.999999999999938,315,2018
2018-02-20,0.28746789245748217,9.000000000000034,314,2018
2018-02-21,0.28661801252891017,8.999999999999941,313,2018
2018-02-22,0.2851872572088041,9.000000000000016,312,2018
2018-02-23,0.28731351974347885,8.999999999999998,311,2018
2018-02-26,0.2886643920531903,9.000000000000034,308,2018
2018-02-27,0.2905004388862747,9.000000000000009,307,2018
2018-02-28,0.2911546770733864,9.000000000000007,306,2018
2018-03-01,0.2908098615635778,9.000000000000027,305,2018
2018-03-02,0.29189789440012587,8.999999999999993,304,2018
2018-03-05,0.292803561706594,8.99999999999995,301,2018
2018-03-06,0.29254097888560454,9.000000000000014,300,2018
2018-03-07,0.2926142513739385,8.99999999999999,299,2018
2018-03-08,0.29305359806379316,9.000000000000028,298,2018
2018-03-09,0.2909010886447098,8.999999999999979,297,2018
2018-03-12,0.29216617084275676,9.000000000000018,294,2018
2018-03-13,0.2910339885190012,8.999999999999995,293,2018
2018-03-14,0.2904384299907752,9.000000000000036,292,2018
2018-03-15,0.2900875081952375,8.99999999999999,291,2018
2018-03-16,0.2902318745450273,9.000000000000018,290,2018
2018-03-19,0.2897948264115047,9.000000000000004,287,2018
2018-03-20,0.28934519906229905,9.00000000000004,286,2018
2018-03-21,0.2898282268015805,8.99999999999999,285,2018
2018-03-22,0.28867248116179134,9.000000000000016,284,2018
2018-03-23,0.28746866727805426,9.000000000000007,283,2018
2018-03-26,0.2884857270740017,8.99999999999999,280,2018
2018-03-27,0.2895765260411118,9.000000000000027,279,2018
2018-03-28,0.28955953726797135,8.99999999999997,278,2018
2018-03-29,0.2895930603065295,8.999999999999988,277,2018
2018-03-30,0.28994363678575913,9.000000000000032,276,2018
2018-04-02,-0.14323585111423995,-4.4510869565217215,273,2018
2018-04-03,0.288803706078018,9.000000000000007,272,2018
2018-04-04,0.2887167117533197,8.999999999999945,271,2018
2018-04-05,0.2864669016498239,8.999999999999982,270,2018
2018-04-06,0.28589765758576313,8.999999999999973,269,2018
2018-04-09,0.2848104177787847,8.99999999999999,266,2018
2018-04-10,0.2833826856047438,8.999999999999995,265,2018
2018-04-11,0.28415926317000684,9.000000000000004,264,2018
2018-04-12,0.28210884696304955,9.000000000000012,263,2018
2018-04-13,0.28469584800165304,9.000000000000034,262,2018
2018-04-16,0.28425168872041856,9.000000000000071,259,2018
2018-04-17,0.28289173082924546,9.00000000000002,258,2018
2018-04-18,0.2824317804347059,9.000000000000023,257,2018
2018-04-19,0.2812353519047284,9.000000000000007,256,2018
2018-04-20,0.27995134776862735,9.000000000000012,255,2018
2018-04-23,0.27852067585941603,9.000000000000046,252,2018
2018-04-24,0.2788986928977818,8.999999999999988,251,2018
2018-04-25,0.28068607424292996,8.999999999999979,250,2018
2018-04-26,0.2795103369545245,9.00000000000005,249,2018
2018-04-27,0.2813747096101254,9.000000000000014,248,2018
2018-04-30,0.2813276706062008,9.000000000000059,245,2018
2018-05-01,0.2803311585542248,8.999999999999957,244,2018
2018-05-02,0.28010887089146436,8.99999999999996,243,2018
2018-05-03,0.2785970524592458,9.000000000000023,242,2018
2018-05-04,0.27913145500051834,8.99999999999999,241,2018
2018-05-07,0.27878257735030904,9.000000000000007,238,2018
2018-05-08,0.2781185123680535,9.000000000000046,237,2018
2018-05-09,0.27876012024671415,9.000000000000071,236,2018
2018-05-10,0.2791319600862311,9.000000000000018,235,2018
2018-05-11,0.28091332135503244,8.999999999999925,234,2018
2018-05-14,0.2792238045675485,9.000000000000004,231,2018
2018-05-15,0.28102068139526376,9.000000000000007,230,2018
2018-05-16,0.27866139949310204,8.999999999999995,229,2018
2018-05-17,0.2806109710570073,9.000000000000027,228,2018
2018-05-18,0.2820109577555834,9.000000000000009,227,2018
2018-05-21,0.2814704676761071,9.00000000000005,224,2018
2018-05-22,0.28308576743877895,9.000000000000023,223,2018
2018-05-23,0.2869955253335861,9.000000000000034,222,2018
2018-05-24,0.28575139207077427,8.999999999999973,221,2018
2018-05-25,0.2846788910498739,8.999999999999947,220,2018
2018-05-28,0.28476219680744935,8.999999999999945,217,2018
2018-05-29,0.2861252960318098,8.999999999999998,216,2018
2018-05-30,0.28507730042279195,9.000000000000018,215,2018
2018-05-31,0.28352948489597435,9.000000000000002,214,2018
2018-06-01,0.28345291640392023,9.00000000000006,213,2018
2018-06-04,0.2842314319428993,8.999999999999988,210,2018
2018-06-05,0.2829873450600338,8.999999999999961,209,2018
2018-06-06,0.2816391069976463,8.99999999999995,208,2018
2018-06-07,0.27943762517108345,9.000000000000112,207,2018
2018-06-08,0.2812892522428028,9.000000000000007,206,2018
2018-06-11,0.28062118863334523,9.000000000000007,203,2018
2018-06-12,0.2794891276735438,8.999999999999988,202,2018
2018-06-13,0.2798267570027385,9.00000000000007,201,2018
2018-06-14,0.2791190361910908,8.999999999999995,200,2018
2018-06-15,0.27894881595317905,9.000000000000096,199,2018
2018-06-18,0.278748907428462,9.000000000000076,196,2018
2018-06-19,0.2811892746169378,9.000000000000034,195,2018
2018-06-20,0.2799374484660605,9.000000000000071,194,2018
2018-06-21,0.2796488031171883,9.000000000000128,193,2018
2018-06-22,0.2802156960576863,8.999999999999982,192,2018
2018-06-25,0.28137229726144314,9.00000000000006,189,2018
2018-06-26,0.2825760400206163,9.000000000000071,188,2018
2018-06-27,0.28173424745001097,8.999999999999908,187,2018
2018-06-28,0.28296837409324743,9.00000000000005,186,2018
2018-06-29,0.28277412728443957,8.999999999999945,185,2018
2018-07-02,-0.04662603083087927,-1.4835164835165042,182,2018
2018-07-03,0.2827862186853851,9.00000000000002,181,2018
2018-07-04,0.28432559496966314,9.000000000000034,180,2018
2018-07-05,0.2851992193528178,9.000000000000027,179,2018
2018-07-06,0.284337998302552,9.000000000000027,178,2018
2018-07-09,0.2837358648846341,8.999999999999977,175,2018
2018-07-10,0.2854333315138446,9.000000000000039,174,2018
2018-07-11,0.284275080873697,9.000000000000043,173,2018
2018-07-12,0.28272877084158266,8.999999999999984,172,2018
2018-07-13,0.28270448912235857,8.999999999999973,171,2018
2018-07-16,0.28325271700604016,9.000000000000016,168,2018
2018-07-17,0.28471577374641127,8.999999999999995,167,2018
2018-07-18,0.28441680578196116,8.999999999999973,166,2018
2018-07-19,0.28595241343273536,9.00000000000005,165,2018
2018-07-20,0.2860624499422564,9.000000000000036,164,2018
2018-07-23,0.2880196392380164,8.999999999999979,161,2018
2018-07-24,0.28668674665076166,8.999999999999925,160,2018
2018-07-25,0.2848653508608796,9.000000000000021,159,2018
2018-07-26,0.285341425106173,9.00000000000004,158,2018
2018-07-27,0.28458694454923505,8.999999999999995,157,2018
2018-07-30,0.2830355807193174,8.999999999999945,154,2018
2018-07-31,0.2815321662610585,8.999999999999996,153,2018
2018-08-01,-0.14064946996526628,-4.500000000000014,152,2018
2018-08-02,0.28048288707729624,8.999999999999945,151,2018
2018-08-03,0.27996179211007266,8.99999999999999,150,2018
2018-08-06,0.28036335655197964,9.000000000000043,147,2018
2018-08-07,0.27873821516929487,9.000000000000071,146,2018
2018-08-08,0.27828229848167396,8.999999999999964,145,2018
2018-08-09,0.2791674415908254,9.000000000000021,144,2018
2018-08-10,0.27825525706824733,9.000000000000027,143,2018
2018-08-13,0.2792480850044833,8.999999999999938,140,2018
2018-08-14,0.2803465757592619,8.999999999999938,139,2018
2018-08-15,0.2785356739142817,9.000000000000014,138,2018
2018-08-16,0.2771657480138043,8.999999999999975,137,2018
2018-08-17,0.27613069298951065,8.999999999999945,136,2018
2018-08-20,0.2775332091323945,9.000000000000009,133,2018
2018-08-21,0.2766731117725213,8.99999999999997,132,2018
2018-08-22,0.2762786226500557,8.999999999999984,131,2018
2018-08-23,0.2755523388260963,8.99999999999997,130,2018
2018-08-24,0.274883714750451,8.999999999999973,129,2018
2018-08-27,0.2739485290156547,8.999999999999947,126,2018
2018-08-28,0.27572806475355766,8.99999999999999,125,2018
2018-08-29,0.2730119506204504,9.000000000000016,124,2018
2018-08-30,0.2726465317347832,8.999999999999977,123,2018
2018-08-31,-0.14135447968140732,-4.649999999999966,122,2018
2018-09-03,0.27287728994038646,9.000000000000043,119,2018
2018-09-04,0.27169399132777644,9.000000000000027,118,2018
2018-09-05,0.27125483254350535,8.999999999999998,117,2018
2018-09-06,0.2715760510646785,9.000000000000004,116,2018
2018-09-07,0.2707466291218197,9.000000000000014,115,2018
2018-09-10,0.2700715341549701,9.0,112,2018
2018-09-11,0.2683480427440026,8.999999999999995,111,2018
2018-09-12,0.2687203557737059,9.000000000000028,110,2018
2018-09-13,0.26767417526375215,9.000000000000036,109,2018
2018-09-14,0.2681240957041887,9.000000000000007,108,2018
2018-09-17,0.26580369683354477,8.999999999999995,105,2018
2018-09-18,0.2661410752812332,8.999999999999998,104,2018
2018-09-19,0.2688121918916565,8.99999999999993,103,2018
2018-09-20,0.2700342843123997,9.000000000000007,102,2018
2018-09-21,0.26863526191482323,8.99999999999999,101,2018
2018-09-24,0.2693048803390958,9.0,98,2018
2018-09-25,0.2698086709220585,9.000000000000028,97,2018
2018-09-26,0.2689696585124658,9.000000000000002,96,2018
2018-09-27,0.2697822519745523,9.000000000000007,95,2018
2018-09-28,0.2701773337958777,8.999999999999993,94,2018
2018-10-01,-0.1307436951046401,-4.35483870967743,91,2018
2018-10-02,0.27082653922004435,9.000000000000007,90,2018
2018-10-03,0.26929929641556577,9.0,89,2018
2018-10-04,0.26967305917383955,9.000000000000007,88,2018
2018-10-05,0.2704316666433742,8.99999999999999,87,2018
2018-10-08,0.2706626092412675,8.999999999999998,84,2018
2018-10-09,0.2718762481526165,8.99999999999999,83,2018
2018-10-10,0.2703024621226651,9.000000000000002,82,2018
2018-10-11,0.26968796592404887,9.000000000000002,81,2018
2018-10-12,0.27071001252920057,8.999999999999993,80,2018
2018-10-15,0.26990698611828157,9.000000000000027,77,2018
2018-10-16,0.2689180501095439,9.000000000000007,76,2018
2018-10-17,0.268589898193529,8.99999999999999,75,2018
2018-10-18,0.27070782470765986,8.999999999999996,74,2018
2018-10-19,0.2728569401528468,9.000000000000007,73,2018
2018-10-22,0.2741084852385951,9.000000000000012,70,2018
2018-10-23,0.2735612774621655,9.000000000000007,69,2018
2018-10-24,0.2724619649797198,9.0,68,2018
2018-10-25,0.2745562298099002,8.999999999999998,67,2018
2018-10-26,0.2724933102645704,8.999999999999998,66,2018
2018-10-29,0.27049919774832387,8.999999999999995,63,2018
2018-10-30,0.27248816985354957,9.000000000000002,62,2018
2018-10-31,-0.14164040791674717,-4.6499999999999995,61,2018
2018-11-01,0.2729290325708716,9.000000000000002,60,2018
2018-11-02,0.2731859641374993,9.000000000000004,59,2018
2018-11-05,0.27368656290455795,9.0,56,2018
2018-11-06,0.2729676506444522,8.999999999999995,55,2018
2018-11-07,0.27462485746864684,9.000000000000007,54,2018
2018-11-08,0.2754577808113722,9.000000000000002,53,2018
2018-11-09,0.2750351959840635,8.999999999999996,52,2018
2018-11-12,0.27279967105938924,8.999999999999993,49,2018
2018-11-13,0.2736675536406005,9.0,48,2018
2018-11-14,0.2722815381173413,8.999999999999995,47,2018
2018-11-15,0.2717967605339903,9.000000000000007,46,2018
2018-11-16,0.2713924794360556,8.999999999999995,45,2018
2018-11-19,0.27100968457493546,9.000000000000004,42,2018
2018-11-20,0.270630150574695,9.0,41,2018
2018-11-21,0.2721835414102165,8.999999999999998,40,2018
2018-11-22,0.2730239859454451,8.999999999999996,39,2018
2018-11-23,0.2717929473260536,9.0,38,2018
2018-11-26,0.27095448803485195,8.999999999999998,35,2018
2018-11-27,0.2702977666698446,9.000000000000002,34,2018
2018-11-28,0.27210868437943025,9.0,33,2018
2018-11-29,0.2726452125183964,9.0,32,2018
2018-11-30,0.2715355060547943,8.999999999999998,31,2018
2018-12-03,0.27325968475285317,8.999999999999998,28,2018
2018-12-04,0.27224519691781124,9.0,27,2018
2018-12-05,0.2710586967864176,9.000000000000004,26,2018
2018-12-06,0.2712836686184945,8.999999999999998,25,2018
2018-12-07,0.2730244357271003,8.999999999999998,24,2018
2018-12-10,0.2737683604731771,9.000000000000004,21,2018
2018-12-11,0.27278744512672615,9.000000000000002,20,2018
2018-12-12,0.27396184717020083,8.999999999999993,19,2018
2018-12-13,0.27586728125200416,9.0,18,2018
2018-12-14,0.274224248568704,9.0,17,2018
2018-12-17,-0.12020017514525934,-3.937500000000001,14,2018
2018-12-18,0.2743026874402263,9.000000000000002,13,2018
2018-12-19,0.2732269772523811,9.000000000000002,12,2018
2018-12-20,0.27367144283696093,9.0,11,2018
2018-12-21,0.27422919375287236,8.999999999999998,10,2018
2018-12-24,,,7,2018
2018-12-25,,,6,2018
2018-12-26,,,5,2018
2018-12-27,,,4,2018
2018-12-28,,,3,2018
2018-12-31,,,0,2018
2019-01-01,0.2713658234336064,8.999999999999973,364,2019
2019-01-02,0.2706861868879611,9.000000000000018,363,2019
2019-01-03,0.2703525448458451,9.000000000000034,362,2019
2019-01-04,0.2705151277412978,9.000000000000007,361,2019
2019-01-07,0.2710240963660465,9.000000000000014,358,2019
2019-01-08,0.2707763917402546,9.000000000000002,357,2019
2019-01-09,0.27095783533093887,8.999999999999984,356,2019
2019-01-10,0.2703874925041561,9.000000000000002,355,2019
2019-01-11,0.2702383797208146,9.000000000000028,354,2019
2019-01-14,0.27010922200821946,8.999999999999996,351,2019
2019-01-15,0.27180101152886316,8.999999999999993,350,2019
2019-01-16,0.2739294020952868,8.99999999999997,349,2019
2019-01-17,0.2763141906517575,9.00000000000004,348,2019
2019-01-18,0.2755501438976853,8.999999999999984,347,2019
2019-01-21,0.27487933620426,8.99999999999999,344,2019
2019-01-22,0.2751114670816064,9.000000000000007,343,2019
2019-01-23,0.27322234132703904,8.999999999999998,342,2019
2019-01-24,0.2739050424354863,9.000000000000007,341,2019
2019-01-25,0.275212572115443,8.999999999999995,340,2019
2019-01-28,0.2740148933854446,9.000000000000004,337,2019
2019-01-29,0.2741182307800732,9.000000000000037,336,2019
2019-01-30,0.2722373766184425,9.000000000000055,335,2019
2019-01-31,0.27108545562343234,9.000000000000066,334,2019
2019-02-01,0.27325287071539783,9.000000000000028,333,2019
2019-02-04,0.272241453197847,8.999999999999956,330,2019
2019-02-05,0.27277448512036506,9.000000000000055,329,2019
2019-02-06,0.2727978156971247,8.999999999999956,328,2019
2019-02-07,0.2748030273957992,9.000000000000021,327,2019
2019-02-08,0.27378310395436206,9.000000000000057,326,2019
2019-02-11,0.27474168256382314,8.999999999999911,323,2019
2019-02-12,0.2742353339616057,9.000000000000007,322,2019
2019-02-13,0.27392437605869185,8.999999999999995,321,2019
2019-02-14,0.2736155191172473,8.99999999999999,320,2019
2019-02-15,0.27553056140466564,8.999999999999982,319,2019
2019-02-18,0.2735592875992376,8.999999999999979,316,2019
2019-02-19,0.2735987843517076,8.999999999999998,315,2019
2019-02-20,0.2730424765859131,8.999999999999945,314,2019
2019-02-21,0.27338140972437786,8.99999999999994,313,2019
2019-02-22,0.27222275392288403,9.000000000000004,312,2019
2019-02-25,0.27101769600566916,8.999999999999975,309,2019
2019-02-26,0.27130260329989353,8.999999999999977,308,2019
2019-02-27,0.27037306515962417,8.999999999999973,307,2019
2019-02-28,0.27039473249844515,8.999999999999995,306,2019
2019-03-01,0.26959386192930745,8.999999999999979,305,2019
2019-03-04,0.26884877707420707,9.0,302,2019
2019-03-05,0.2671307898694121,9.000000000000002,301,2019
2019-03-06,0.2678233161360108,9.000000000000027,300,2019
2019-03-07,0.26987846577828056,9.000000000000007,299,2019
2019-03-08,0.27209003899004214,8.999999999999984,298,2019
2019-03-11,0.2729254984087618,9.000000000000032,295,2019
2019-03-12,0.2725025866812465,9.000000000000018,294,2019
2019-03-13,0.2712606421945365,8.999999999999975,293,2019
2019-03-14,0.26960580458988287,9.000000000000034,292,2019
2019-03-15,0.2702735846167449,8.999999999999964,291,2019
2019-03-18,0.270677409617833,8.99999999999997,288,2019
2019-03-19,0.2701650357176021,8.999999999999995,287,2019
2019-03-20,0.2686550182622582,9.000000000000007,286,2019
2019-03-21,0.2683271214641171,9.000000000000133,285,2019
2019-03-22,0.26909607176546024,8.999999999999998,284,2019
2019-03-25,0.267825631006978,9.000000000000108,281,2019
2019-03-26,0.2682238175541574,8.999999999999936,280,2019
2019-03-27,0.2680443642548327,9.000000000000043,279,2019
2019-03-28,0.2676268755039347,8.999999999999966,278,2019
2019-03-29,0.2670802293254757,9.000000000000012,277,2019
2019-04-01,0.2672995161411367,8.999999999999988,274,2019
2019-04-02,-0.13210909658264589,-4.4510869565217615,273,2019
2019-04-03,0.26654103465171797,9.000000000000036,272,2019
2019-04-04,0.2654672357933771,9.000000000000002,271,2019
2019-04-05,0.2652718755102727,8.999999999999995,270,2019
2019-04-08,0.2640219732917634,9.000000000000007,267,2019
2019-04-09,0.2649068900442022,8.999999999999998,266,2019
2019-04-10,0.26307815346110563,8.999999999999995,265,2019
2019-04-11,0.2624349176207953,8.999999999999988,264,2019
2019-04-12,0.2609346956616516,8.999999999999979,263,2019
2019-04-15,0.26049793600976806,8.999999999999977,260,2019
2019-04-16,0.26077710244956764,8.999999999999993,259,2019
2019-04-17,0.26117037419834416,8.999999999999977,258,2019
2019-04-18,0.26123936205245946,9.000000000000007,257,2019
2019-04-19,0.2631035546478291,9.000000000000004,256,2019
2019-04-22,0.2638386435031399,8.999999999999979,253,2019
2019-04-23,0.2632237265478839,9.000000000000009,252,2019
2019-04-24,0.2632117284061539,8.999999999999998,251,2019
2019-04-25,0.26405946461374946,8.999999999999977,250,2019
2019-04-26,0.26443444538986055,8.999999999999996,249,2019
2019-04-29,0.26473670583409625,9.0,246,2019
2019-04-30,0.2656279263689947,8.999999999999998,245,2019
2019-05-01,0.26547806206367486,9.000000000000002,244,2019
2019-05-02,0.2651591104762934,8.999999999999998,243,2019
2019-05-03,0.2657582828648496,9.000000000000004,242,2019
2019-05-06,0.2672155925951737,9.000000000000012,239,2019
2019-05-07,0.2678983391495383,9.000000000000037,238,2019
2019-05-08,0.2665666738616812,8.999999999999996,237,2019
2019-05-09,0.2670469824487335,8.999999999999988,236,2019
2019-05-10,0.2682799894639148,9.000000000000002,235,2019
2019-05-13,0.26953342835925614,8.99999999999999,232,2019
2019-05-14,0.27050208140629406,9.000000000000007,231,2019
2019-05-15,0.27059054570300545,9.0,230,2019
2019-05-16,0.27073348785021595,8.99999999999995,229,2019
2019-05-17,0.26965114405847995,8.999999999999973,228,2019
2019-05-20,0.2692512448122091,9.000000000000012,225,2019
2019-05-21,0.2700085239057363,8.999999999999984,224,2019
2019-05-22,0.26915670903305594,8.999999999999984,223,2019
2019-05-23,0.2696857735221061,9.000000000000007,222,2019
2019-05-24,0.2699197028681925,9.000000000000002,221,2019
2019-05-27,0.2681248724988365,9.0,218,2019
2019-05-28,0.2682914291367511,9.000000000000004,217,2019
2019-05-29,0.26755866155319386,8.999999999999993,216,2019
2019-05-30,0.2683999964466259,8.999999999999993,215,2019
2019-05-31,0.2698655942457158,9.0,214,2019
2019-06-03,0.26947302427784575,8.999999999999982,211,2019
2019-06-04,0.26903688709317064,9.000000000000007,210,2019
2019-06-05,0.26918202493211035,8.999999999999995,209,2019
2019-06-06,0.26776797292617793,9.0,208,2019
2019-06-07,0.2675100543648751,9.000000000000002,207,2019
2019-06-10,0.26825258219285697,8.999999999999996,204,2019
2019-06-11,0.26943889339788746,9.000000000000007,203,2019
2019-06-12,0.26895606961776064,8.999999999999998,202,2019
2019-06-13,0.26798925347310015,9.0,201,2019
2019-06-14,0.2675149912424871,8.99999999999999,200,2019
2019-06-17,0.26696693832915125,9.0,197,2019
2019-06-18,0.26721619531510316,8.999999999999998,196,2019
2019-06-19,0.26676003939884135,9.0,195,2019
2019-06-20,0.2653063631297391,8.999999999999984,194,2019
2019-06-21,0.26589318923262956,9.000000000000007,193,2019
2019-06-24,0.26535887087213994,9.000000000000007,190,2019
2019-06-25,0.26439272745242315,8.999999999999993,189,2019
2019-06-26,0.2632064983728204,8.999999999999998,188,2019
2019-06-27,0.26252348932997815,9.0,187,2019
2019-06-28,0.2619354646060939,8.999999999999996,186,2019
2019-07-01,0.2616466730415713,9.00000000000002,183,2019
2019-07-02,-0.043215832104543786,-1.4835164835164856,182,2019
2019-07-03,0.26239680262334636,9.000000000000007,181,2019
2019-07-04,0.26179421803641695,8.999999999999998,180,2019
2019-07-05,0.2626715114991627,8.999999999999979,179,2019
2019-07-08,0.26239958896581433,8.99999999999998,176,2019
2019-07-09,0.2624947333656397,9.000000000000012,175,2019
2019-07-10,0.2631883789675874,9.000000000000007,174,2019
2019-07-11,0.2640302254919037,9.000000000000002,173,2019
2019-07-12,0.2649445403609175,8.999999999999982,172,2019
2019-07-15,0.26494100918420643,8.99999999999999,169,2019
2019-07-16,0.2641747709597757,8.999999999999988,168,2019
2019-07-17,0.2646868871584453,9.000000000000007,167,2019
2019-07-18,0.2633913097388145,9.000000000000018,166,2019
2019-07-19,0.26482241293230885,9.000000000000007,165,2019
2019-07-22,0.26526992158670815,9.000000000000036,162,2019
2019-07-23,0.2634231227547862,9.000000000000016,161,2019
2019-07-24,0.2639521556727448,9.000000000000023,160,2019
2019-07-25,0.26456629722024866,8.99999999999999,159,2019
2019-07-26,0.2644813899711062,9.000000000000007,158,2019
2019-07-29,0.2646488873966984,9.0,155,2019
2019-07-30,0.26392007984960036,8.999999999999993,154,2019
2019-07-31,0.26373972902899107,8.999999999999995,153,2019
2019-08-01,-0.13284098751347448,-4.500000000000002,152,2019
2019-08-02,0.2651444989717454,9.000000000000012,151,2019
2019-08-05,0.2664622896501495,9.000000000000004,148,2019
2019-08-06,0.2661082724441423,8.999999999999996,147,2019
2019-08-07,0.26837485110164677,9.000000000000009,146,2019
2019-08-08,0.2691170337986606,9.000000000000007,145,2019
2019-08-09,0.2696834888956378,8.999999999999993,144,2019
2019-08-12,0.2703942349273256,9.000000000000009,141,2019
2019-08-13,0.2697169954558408,8.999999999999984,140,2019
2019-08-14,0.2717807226232044,9.0,139,2019
2019-08-15,0.2731897487064196,9.000000000000002,138,2019
2019-08-16,0.2728280794107246,8.999999999999996,137,2019
2019-08-19,0.2747479755047446,8.999999999999993,134,2019
2019-08-20,0.2748845989728728,9.000000000000007,133,2019
2019-08-21,0.27524064509316953,9.0,132,2019
2019-08-22,0.27401988113470765,9.0,131,2019
2019-08-23,0.27277805102612024,9.0,130,2019
2019-08-26,0.2714833431083756,8.999999999999998,127,2019
2019-08-27,0.27062776228958735,8.999999999999996,126,2019
2019-08-28,0.2710500915831106,8.999999999999996,125,2019
2019-08-29,0.27116243345158453,8.999999999999993,124,2019
2019-08-30,0.26981445285721356,9.000000000000002,123,2019
2019-09-02,0.2704240544333889,9.0,120,2019
2019-09-03,0.2693791185697333,9.000000000000004,119,2019
2019-09-04,0.2690683369128837,9.0,118,2019
2019-09-05,0.26802167098229757,9.0,117,2019
2019-09-06,0.2689144260097177,8.99999999999999,116,2019
2019-09-09,0.2696564968665861,8.999999999999993,113,2019
2019-09-10,0.2674722978207042,8.999999999999998,112,2019
2019-09-11,0.2672819838518574,9.0,111,2019
2019-09-12,0.2681827512859013,9.000000000000007,110,2019
2019-09-13,0.2678859372801058,8.999999999999984,109,2019
2019-09-16,0.2681171305902982,8.999999999999993,106,2019
2019-09-17,0.2669495582925397,8.999999999999988,105,2019
2019-09-18,0.2655417331672979,8.999999999999988,104,2019
2019-09-19,0.26455319642461367,8.99999999999999,103,2019
2019-09-20,0.26287304992735927,9.000000000000002,102,2019
2019-09-23,0.264459350294674,8.99999999999999,99,2019
2019-09-24,0.2632817747639997,8.999999999999995,98,2019
2019-09-25,0.2629007604283095,8.999999999999995,97,2019
2019-09-26,0.26326237126800234,9.000000000000002,96,2019
2019-09-27,0.2611023261275099,8.999999999999993,95,2019
2019-09-30,0.2603244786165553,9.000000000000012,92,2019
2019-10-01,-0.12574607457740267,-4.354838709677415,91,2019
2019-10-02,0.2588093259287783,8.999999999999995,90,2019
2019-10-03,0.2605634773042771,9.000000000000014,89,2019
2019-10-04,0.2597527332527074,9.000000000000002,88,2019
2019-10-07,0.26106783972629244,9.000000000000002,85,2019
2019-10-08,0.2605825826485593,9.0,84,2019
2019-10-09,0.2598834562409062,8.999999999999996,83,2019
2019-10-10,0.25948923393752976,8.999999999999995,82,2019
2019-10-11,0.25961193493657975,8.999999999999984,81,2019
2019-10-14,0.2597785110008518,8.999999999999996,78,2019
2019-10-15,0.2603617874204444,8.999999999999998,77,2019
2019-10-16,0.26245594792284405,8.999999999999995,76,2019
2019-10-17,0.2618316260187612,8.999999999999998,75,2019
2019-10-18,0.2645991352788491,8.99999999999999,74,2019
2019-10-21,0.2646716628132764,9.000000000000004,71,2019
2019-10-22,0.26422554984460367,8.999999999999998,70,2019
2019-10-23,0.2652316035690737,8.999999999999998,69,2019
2019-10-24,0.2645655555366805,9.0,68,2019
2019-10-25,0.2639387192087068,9.0,67,2019
2019-10-28,0.2632717202050811,9.000000000000002,64,2019
2019-10-29,0.262655624375066,8.999999999999993,63,2019
2019-10-30,0.2626826405130164,9.000000000000007,62,2019
2019-10-31,-0.13602391330760535,-4.6499999999999915,61,2019
2019-11-01,0.26379745220993783,9.000000000000002,60,2019
2019-11-04,0.2633889464719863,9.0,57,2019
2019-11-05,0.26320939051851505,8.999999999999998,56,2019
2019-11-06,0.2634361911605621,8.999999999999995,55,2019
2019-11-07,0.26417063063417806,8.999999999999998,54,2019
2019-11-08,0.2632916817330111,9.0,53,2019
2019-11-11,0.2644736125938636,8.999999999999993,50,2019
2019-11-12,0.26518127689190774,9.0,49,2019
2019-11-13,0.26651997201704314,9.000000000000021,48,2019
2019-11-14,0.26623530160304226,9.000000000000016,47,2019
2019-11-15,0.26685492773212405,9.000000000000004,46,2019
2019-11-18,0.26783012076707396,8.999999999999998,43,2019
2019-11-19,0.2686370425592162,9.000000000000007,42,2019
2019-11-20,0.26727869707553015,8.999999999999996,41,2019
2019-11-21,0.26716172760920415,8.999999999999998,40,2019
2019-11-22,0.2662849939205638,8.99999999999999,39,2019
2019-11-25,0.26643129203350624,9.000000000000004,36,2019
2019-11-26,0.2673111107792488,8.999999999999998,35,2019
2019-11-27,0.27025761835825246,9.000000000000007,34,2019
2019-11-28,0.26998137324917654,8.999999999999996,33,2019
2019-11-29,0.2691576756871702,9.0,32,2019
2019-12-02,0.2689296050540721,8.999999999999996,29,2019
2019-12-03,0.2696746110734092,8.999999999999998,28,2019
2019-12-04,0.26921632178044086,9.000000000000004,27,2019
2019-12-05,0.26889800157184174,8.999999999999996,26,2019
2019-12-06,0.27057355844383335,8.999999999999995,25,2019
2019-12-09,0.2715546037037948,9.000000000000004,22,2019
2019-12-10,0.273040185803597,8.999999999999996,21,2019
2019-12-11,0.2728790453590894,8.999999999999998,20,2019
2019-12-12,0.27086900848165785,9.0,19,2019
2019-12-13,0.2709035912221719,9.000000000000002,18,2019
2019-12-16,0.26911430948447557,8.999999999999996,15,2019
2019-12-17,-0.11851057195618592,-3.937499999999998,14,2019
2019-12-18,0.27026450189476725,8.999999999999998,13,2019
2019-12-19,0.2696336810833651,8.999999999999998,12,2019
2019-12-20,0.2689981929368166,9.000000000000007,11,2019
2019-12-23,0.26735595238714016,8.999999999999998,8,2019
2019-12-24,,,7,2019
2019-12-25,,,6,2019
2019-12-26,,,5,2019
2019-12-27,,,4,2019
2019-12-30,,,1,2019
2019-12-31,,,0,2019
2020-01-01,-6.38378239159465e-16,-2.1447770903018633e-14,365,2020
2020-01-02,0.26736285113351554,9.000000000000085,364,2020
2020-01-03,0.26802970026527995,9.000000000000046,363,2020
2020-01-06,0.2678215202289533,8.99999999999996,360,2020
2020-01-07,0.2680347095294364,9.000000000000016,359,2020
2020-01-08,0.2678262872026567,9.000000000000014,358,2020
2020-01-09,0.26931871308133076,9.000000000000032,357,2020
2020-01-10,0.2712796140919528,9.000000000000053,356,2020
2020-01-13,0.2735959531544447,9.000000000000009,353,2020
2020-01-14,0.273289021521904,9.000000000000018,352,2020
2020-01-15,0.27409711220002814,9.000000000000082,351,2020
2020-01-16,0.27336646912949775,8.999999999999961,350,2020
2020-01-17,0.27334043674140607,8.99999999999999,349,2020
2020-01-20,0.27474406685396313,9.000000000000009,346,2020
2020-01-21,0.2747201884098619,8.999999999999932,345,2020
2020-01-22,0.27648717232290176,8.99999999999997,344,2020
2020-01-23,0.2769201860681828,8.999999999999938,343,2020
2020-01-24,0.27760166403079195,8.99999999999997,342,2020
2020-01-27,0.2780443428945747,8.999999999999938,339,2020
2020-01-28,0.27674381129308345,9.000000000000055,338,2020
2020-01-29,0.27814029081659675,9.000000000000004,337,2020
2020-01-30,0.27669602712099856,9.000000000000034,336,2020
2020-01-31,0.2768330609423698,9.000000000000027,335,2020
2020-02-03,0.27581927948088636,9.000000000000039,332,2020
2020-02-04,0.2750697785278518,9.000000000000053,331,2020
2020-02-05,0.2735818410749207,9.000000000000004,330,2020
2020-02-06,0.27442697335192495,9.000000000000004,329,2020
2020-02-07,0.275696379429564,9.000000000000018,328,2020
2020-02-10,0.2752193527628195,8.99999999999997,325,2020
2020-02-11,0.2749006561607264,8.999999999999984,324,2020
2020-02-12,0.2747225020100266,9.000000000000014,323,2020
2020-02-13,0.27487511550921345,8.999999999999993,322,2020
2020-02-14,0.27548499931329873,9.000000000000023,321,2020
2020-02-17,0.2779392998662259,8.999999999999996,318,2020
2020-02-18,0.279816499321967,9.00000000000002,317,2020
2020-02-19,0.28080364090997917,8.999999999999966,316,2020
2020-02-20,0.2816411966610279,9.000000000000016,315,2020
2020-02-21,0.2813485741202564,8.999999999999956,314,2020
2020-02-24,0.2804522813889763,8.999999999999979,311,2020
2020-02-25,0.2797287358210743,9.000000000000007,310,2020
2020-02-26,0.2793397600184438,8.999999999999961,309,2020
2020-02-27,0.2802166517685101,8.999999999999979,308,2020
2020-02-28,0.2807146255560272,9.000000000000014,307,2020
2020-03-02,0.2793694104364898,8.999999999999977,304,2020
2020-03-03,0.28005671016882905,9.000000000000014,303,2020
2020-03-04,0.2799822939114667,8.999999999999982,302,2020
2020-03-05,0.28066700836241687,9.00000000000004,301,2020
2020-03-06,0.2818625303884739,9.000000000000009,300,2020
2020-03-09,0.28312956737611916,9.0,297,2020
2020-03-10,0.283654753430079,9.000000000000037,296,2020
2020-03-11,0.28640508449215857,8.999999999999996,295,2020
2020-03-12,0.28562776775683485,8.999999999999984,294,2020
2020-03-13,0.2856427510458463,8.999999999999975,293,2020
2020-03-16,0.2878963057459457,8.99999999999996,290,2020
2020-03-17,0.2876193991670999,9.000000000000046,289,2020
2020-03-18,0.28812374274418107,9.000000000000037,288,2020
2020-03-19,0.2860659115898039,8.99999999999999,287,2020
2020-03-20,0.2862873344154431,8.999999999999996,286,2020
2020-03-23,0.2884767544275809,8.999999999999984,283,2020
2020-03-24,0.2888450344109799,9.000000000000037,282,2020
2020-03-25,0.2872319550439758,8.999999999999966,281,2020
2020-03-26,0.2866620590213263,9.000000000000071,280,2020
2020-03-27,0.28653729709765924,8.999999999999979,279,2020
2020-03-30,0.2859224642616389,8.99999999999996,276,2020
2020-03-31,0.28459624683285945,9.000000000000037,275,2020
2020-04-01,0.28357434487890903,9.000000000000016,274,2020
2020-04-02,-0.1397275021023373,-4.451086956521691,273,2020
2020-04-03,0.2828958685290933,9.00000000000004,272,2020
2020-04-06,0.2851507564896096,9.000000000000032,269,2020
2020-04-07,0.2833006602356233,8.999999999999927,268,2020
2020-04-08,0.2838147228707214,8.999999999999984,267,2020
2020-04-09,0.282886473239607,9.000000000000043,266,2020
2020-04-10,0.28282681661206666,9.000000000000043,265,2020
2020-04-13,0.2839857886091955,9.000000000000037,262,2020
2020-04-14,0.28670725103834266,9.0000000000001,261,2020
2020-04-15,0.2874686761736298,8.999999999999917,260,2020
2020-04-16,0.2873082224371805,8.999999999999966,259,2020
2020-04-17,0.2875480871158838,8.999999999999888,258,2020
2020-04-20,0.2887919896424037,8.999999999999996,255,2020
2020-04-21,0.2880203439703194,9.00000000000002,254,2020
2020-04-22,0.2878334190466396,8.999999999999934,253,2020
2020-04-23,0.28694083194110764,9.000000000000014,252,2020
2020-04-24,0.28853228892781807,9.000000000000012,251,2020
2020-04-27,0.28881136616974395,9.000000000000028,248,2020
2020-04-28,0.2881343238076177,8.999999999999945,247,2020
2020-04-29,0.28888815379072547,9.000000000000071,246,2020
2020-04-30,0.2897981473122534,8.999999999999977,245,2020
2020-05-01,0.2888702474636789,8.99999999999998,244,2020
2020-05-04,0.2905675069150758,8.99999999999995,241,2020
2020-05-05,0.29243752505574155,8.999999999999938,240,2020
2020-05-06,0.29375416944797805,9.000000000000023,239,2020
2020-05-07,0.29492408339999615,8.999999999999988,238,2020
2020-05-08,0.29455314706798025,9.000000000000016,237,2020
2020-05-11,0.29572256668324914,9.000000000000039,234,2020
2020-05-12,0.29837912172052766,9.000000000000014,233,2020
2020-05-13,0.2979115174756512,8.999999999999966,232,2020
2020-05-14,0.3005648322002085,8.999999999999966,231,2020
2020-05-15,0.30114431267770564,9.000000000000034,230,2020
2020-05-18,0.30174156942284736,8.999999999999988,227,2020
2020-05-19,0.3029111738555543,8.99999999999997,226,2020
2020-05-20,0.30286606002916805,8.999999999999979,225,2020
2020-05-21,0.3025711929745474,9.000000000000037,224,2020
2020-05-22,0.30144309435089606,9.000000000000023,223,2020
2020-05-25,0.30128244487447486,9.000000000000016,220,2020
2020-05-26,0.30250232145222344,9.000000000000014,219,2020
2020-05-27,0.3040009278926233,9.000000000000027,218,2020
2020-05-28,0.30355890669843294,8.99999999999997,217,2020
2020-05-29,0.30098464221150034,9.000000000000012,216,2020
2020-06-01,0.30034503995350903,9.000000000000012,213,2020
2020-06-02,0.30089965216596526,8.999999999999975,212,2020
2020-06-03,0.30081251158725236,8.999999999999996,211,2020
2020-06-04,0.3014763869548988,9.000000000000004,210,2020
2020-06-05,0.30109013635423115,9.000000000000004,209,2020
2020-06-08,0.29785227975025014,9.000000000000034,206,2020
2020-06-09,0.2993112763711599,8.99999999999998,205,2020
2020-06-10,0.2989451579378563,8.999999999999998,204,2020
2020-06-11,0.29898119071281803,9.000000000000037,203,2020
2020-06-12,0.2981834482069059,8.999999999999996,202,2020
2020-06-15,0.2961240323104978,9.000000000000027,199,2020
2020-06-16,0.296744390512262,8.99999999999999,198,2020
2020-06-17,0.2971666672649817,9.000000000000004,197,2020
2020-06-18,0.29830407180871144,9.000000000000009,196,2020
2020-06-19,0.2987690325708557,9.000000000000036,195,2020
2020-06-22,0.29838725953687417,9.000000000000028,192,2020
2020-06-23,0.29945197869145973,8.99999999999994,191,2020
2020-06-24,0.29940492731514795,9.000000000000034,190,2020
2020-06-25,0.29984165695082377,9.000000000000021,189,2020
2020-06-26,0.2989043147304158,8.999999999999966,188,2020
2020-06-29,0.2981080710160063,8.999999999999918,185,2020
2020-06-30,0.29758026434023566,9.000000000000028,184,2020
2020-07-01,0.29595537481132456,9.000000000000027,183,2020
2020-07-02,-0.048638958831831364,-1.4835164835164991,182,2020
2020-07-03,0.29576117864981205,9.000000000000021,181,2020
2020-07-06,0.29578206237218213,9.000000000000016,178,2020
2020-07-07,0.29571627033171294,8.999999999999995,177,2020
2020-07-08,0.29283722485923347,9.000000000000004,176,2020
2020-07-09,0.29329256941809856,9.000000000000021,175,2020
2020-07-10,0.2930437770168094,8.999999999999993,174,2020
2020-07-13,0.2936927113951372,9.000000000000014,171,2020
2020-07-14,0.29340946640707916,8.999999999999977,170,2020
2020-07-15,0.29243217916917963,9.000000000000009,169,2020
2020-07-16,0.29103832410354924,8.999999999999998,168,2020
2020-07-17,0.29148205987737796,9.0,167,2020
2020-07-20,0.2920921929382928,8.999999999999998,164,2020
2020-07-21,0.29078075637087863,8.999999999999998,163,2020
2020-07-22,0.29155966987318466,8.999999999999998,162,2020
2020-07-23,0.29189689235426375,9.0,161,2020
2020-07-24,0.29238203725574086,8.999999999999996,160,2020
2020-07-27,0.2927325691391064,8.999999999999996,157,2020
2020-07-28,0.29269397936044617,9.000000000000007,156,2020
2020-07-29,0.2923180625652171,9.000000000000002,155,2020
2020-07-30,0.29161674016788913,9.000000000000002,154,2020
2020-07-31,0.2904331621782182,9.0,153,2020
2020-08-03,0.2908901108298358,8.999999999999998,150,2020
2020-08-04,0.29137780493004817,9.000000000000002,149,2020
2020-08-05,0.29190996284296306,8.999999999999993,148,2020
2020-08-06,0.2932740531293657,9.000000000000016,147,2020
2020-08-07,0.29090406661276597,9.000000000000021,146,2020
2020-08-10,0.2904020609433274,9.000000000000016,143,2020
2020-08-11,0.2897344664003566,9.000000000000007,142,2020
2020-08-12,0.2911060423026058,9.000000000000016,141,2020
2020-08-13,0.29022383297351884,8.999999999999996,140,2020
2020-08-14,0.2914311991948047,8.999999999999984,139,2020
2020-08-17,0.2910268388102743,9.000000000000002,136,2020
2020-08-18,0.2929694154876537,9.00000000000002,135,2020
2020-08-19,0.2922735848943742,9.000000000000007,134,2020
2020-08-20,0.2939710969163754,9.000000000000002,133,2020
2020-08-21,0.2946072866545028,8.999999999999993,132,2020
2020-08-24,0.2922103112073648,8.999999999999998,129,2020
2020-08-25,0.2927120751374063,9.0,128,2020
2020-08-26,0.2918426823532841,8.999999999999998,127,2020
2020-08-27,0.294206226742811,9.0,126,2020
2020-08-28,0.2930195732061729,9.000000000000004,125,2020
2020-08-31,-0.15068892855672078,-4.65,122,2020
2020-09-01,0.2925328612102499,9.0,121,2020
2020-09-02,0.2907794225943688,8.999999999999996,120,2020
2020-09-03,0.29037215254989274,9.000000000000004,119,2020
2020-09-04,0.292557862213634,9.0,118,2020
2020-09-07,0.2922752327291807,8.999999999999998,115,2020
2020-09-08,0.2906487298939695,9.000000000000002,114,2020
2020-09-09,0.2904434876814624,9.000000000000002,113,2020
2020-09-10,0.2917955664480303,9.000000000000002,112,2020
2020-09-11,0.29173743302221194,9.0,111,2020
2020-09-14,0.29376448041558806,9.000000000000002,108,2020
2020-09-15,0.2933998471887758,8.999999999999996,107,2020
2020-09-16,0.29200928798888665,9.000000000000004,106,2020
2020-09-17,0.29198569017291404,8.999999999999998,105,2020
2020-09-18,0.2912257258643624,9.0,104,2020
2020-09-21,0.2929209400636914,8.999999999999998,101,2020
2020-09-22,0.2943832929667439,9.0,100,2020
2020-09-23,0.29537788573249857,8.999999999999998,99,2020
2020-09-24,0.29462095122099125,8.999999999999998,98,2020
2020-09-25,0.2953515160573739,8.999999999999998,97,2020
2020-09-28,0.29615210076300175,9.0,94,2020
2020-09-29,0.2985155614675652,9.0,93,2020
2020-09-30,0.2991027703861721,9.000000000000002,92,2020
2020-10-01,-0.1449081838934621,-4.354838709677422,91,2020
2020-10-02,0.2989882310777136,8.999999999999998,90,2020
2020-10-05,0.2986168052149701,8.999999999999998,87,2020
2020-10-06,0.2984628037595441,9.0,86,2020
2020-10-07,0.29680421020051784,9.000000000000002,85,2020
2020-10-08,0.29499186290730317,9.0,84,2020
2020-10-09,0.2938828288429956,8.999999999999998,83,2020
2020-10-12,0.2943797424642591,8.999999999999998,80,2020
2020-10-13,0.29219040211508335,8.999999999999996,79,2020
2020-10-14,0.2911760055141804,8.999999999999998,78,2020
2020-10-15,0.2899628039576655,8.999999999999998,77,2020
2020-10-16,0.2896472572529187,8.999999999999998,76,2020
2020-10-19,0.28809321799166615,9.000000000000002,73,2020
2020-10-20,0.286796697652164,9.0,72,2020
2020-10-21,0.28701011554626876,8.999999999999998,71,2020
2020-10-22,0.2866065033076454,8.999999999999998,70,2020
2020-10-23,0.28625731001371174,8.999999999999998,69,2020
2020-10-26,0.28478539008648046,9.000000000000002,66,2020
2020-10-27,0.28414231558141667,9.000000000000004,65,2020
2020-10-28,0.284289575917431,8.999999999999993,64,2020
2020-10-29,0.2833660556566481,8.999999999999996,63,2020
2020-10-30,0.282782107999947,9.0,62,2020
2020-11-02,0.2834435612858708,8.999999999999995,59,2020
2020-11-03,0.28437622554768205,8.999999999999998,58,2020
2020-11-04,0.2856079122150436,9.0,57,2020
2020-11-05,0.28331821792871265,9.0,56,2020
2020-11-06,0.28367587297846175,8.999999999999998,55,2020
2020-11-09,0.28208315378597126,9.0,52,2020
2020-11-10,0.2820186869709063,9.0,51,2020
2020-11-11,0.28368558367294844,9.0,50,2020
2020-11-12,0.28310811667679125,9.0,49,2020
2020-11-13,0.2842548644341588,9.0,48,2020
2020-11-16,0.28625152438118007,8.999999999999998,45,2020
2020-11-17,0.2861848764778108,8.999999999999998,44,2020
2020-11-18,0.2850175313909153,9.0,43,2020
2020-11-19,0.2855321315082942,9.0,42,2020
2020-11-20,0.286787029232965,9.0,41,2020
2020-11-23,0.28847328760497765,9.0,38,2020
2020-11-24,0.28984547837717356,9.0,37,2020
2020-11-25,0.289536214859105,9.000000000000002,36,2020
2020-11-26,0.2883309581106454,8.999999999999998,35,2020
2020-11-27,0.2889742743737748,9.000000000000009,34,2020
2020-11-30,0.290806692524447,9.0,31,2020
2020-12-01,-0.0751301544479068,-2.3225806451612865,30,2020
2020-12-02,0.29198204520899856,9.000000000000007,29,2020
2020-12-03,0.29005294633976153,9.0,28,2020
2020-12-04,0.28963487465771603,8.999999999999996,27,2020
2020-12-07,0.2919084697430296,9.000000000000007,24,2020
2020-12-08,0.29250061418100476,9.0,23,2020
2020-12-09,0.2935160941013245,8.999999999999995,22,2020
2020-12-10,0.29335824523709897,9.0,21,2020
2020-12-11,0.2937728172333165,8.999999999999998,20,2020
2020-12-14,0.29350113107409753,8.999999999999998,17,2020
2020-12-15,0.29467531373001254,8.999999999999995,16,2020
2020-12-16,0.29525829605783516,8.999999999999996,15,2020
2020-12-17,-0.1297187938164679,-3.937499999999999,14,2020
2020-12-18,0.297198937570271,9.000000000000004,13,2020
2020-12-21,0.2971403330748458,9.000000000000004,10,2020
2020-12-22,0.29582035445380106,8.999999999999998,9,2020
2020-12-23,0.2962356552601904,9.000000000000007,8,2020
2020-12-24,,,7,2020
2020-12-25,,,6,2020
2020-12-28,,,3,2020
2020-12-29,,,2,2020
2020-12-30,,,1,2020
2020-12-31,,,0,2020
2021-01-01,0.2964929048635522,8.999999999999993,364,2021
2021-01-04,0.2949283607730083,9.000000000000012,361,2021
2021-01-05,0.29539579690044887,8.999999999999996,360,2021
2021-01-06,0.29665281686651596,8.999999999999982,359,2021
2021-01-07,0.295528215082767,9.000000000000012,358,2021
2021-01-08,0.29417261297798686,8.999999999999975,357,2021
2021-01-11,0.29388713873940225,8.999999999999979,354,2021
2021-01-12,0.2947756515680953,9.000000000000036,353,2021
2021-01-13,0.2946906172629494,9.000000000000028,352,2021
2021-01-14,0.29490324957744696,8.999999999999996,351,2021
2021-01-15,0.2949176236126459,9.000000000000027,350,2021
2021-01-18,0.29631820101964207,8.99999999999999,347,2021
2021-01-19,0.29667783548715126,9.000000000000037,346,2021
2021-01-20,0.2969751298673804,9.000000000000004,345,2021
2021-01-21,0.2974501871081524,9.000000000000002,344,2021
2021-01-22,0.29746088950422755,9.0,343,2021
2021-01-25,0.2969913041669951,8.999999999999998,340,2021
2021-01-26,0.29614876737774176,8.999999999999998,339,2021
2021-01-27,0.29738907666384784,9.000000000000004,338,2021
2021-01-28,0.2976663497883306,9.0,337,2021
2021-01-29,0.29707104319265853,8.99999999999999,336,2021
2021-02-01,0.2976532333354164,9.000000000000007,333,2021
2021-02-02,0.29897919863349537,9.000000000000007,332,2021
2021-02-03,0.29816445807118297,9.000000000000032,331,2021
2021-02-04,0.2993343004500852,9.000000000000007,330,2021
2021-02-05,0.2981703241451389,8.999999999999998,329,2021
2021-02-08,0.29618125212619967,9.000000000000016,326,2021
2021-02-09,0.2981446987676997,8.999999999999995,325,2021
2021-02-10,0.29788959522928404,8.999999999999998,324,2021
2021-02-11,0.29931947752091304,8.99999999999999,323,2021
2021-02-12,0.2999009511167921,9.000000000000016,322,2021
2021-02-15,0.29944902870697204,9.000000000000007,319,2021
2021-02-16,0.29950205702033345,9.00000000000002,318,2021
2021-02-17,0.2993536494976131,9.000000000000018,317,2021
2021-02-18,0.29825399011237624,9.000000000000039,316,2021
2021-02-19,0.2997638821576748,9.000000000000002,315,2021
2021-02-22,0.2993767272074617,9.000000000000018,312,2021
2021-02-23,0.29945018779271754,8.999999999999998,311,2021
2021-02-24,0.2998782663010595,9.000000000000007,310,2021
2021-02-25,0.2988382030001548,8.999999999999996,309,2021
2021-02-26,0.2959826680896841,8.999999999999998,308,2021
2021-03-01,0.2971140326652288,8.999999999999996,305,2021
2021-03-02,0.296128525390268,9.000000000000002,304,2021
2021-03-03,0.29428856976087575,9.0,303,2021
2021-03-04,0.29510393895989095,9.000000000000002,302,2021
2021-03-05,0.29728829214514385,9.000000000000018,301,2021
2021-03-08,0.2966403230483722,9.000000000000023,298,2021
2021-03-09,0.2977043619965223,8.999999999999993,297,2021
2021-03-10,0.2971418614093983,9.0,296,2021
2021-03-11,0.29521776301820685,9.000000000000002,295,2021
2021-03-12,0.29762739669338195,9.0,294,2021
2021-03-15,0.29828581295413664,9.000000000000007,291,2021
2021-03-16,0.2973032599901729,8.999999999999996,290,2021
2021-03-17,0.2991022392328373,9.000000000000007,289,2021
2021-03-18,0.2998665134649353,8.99999999999999,288,2021
2021-03-19,0.29801860511211825,9.000000000000018,287,2021
2021-03-22,0.29855045742319786,9.000000000000021,284,2021
2021-03-23,0.2985397226356875,8.999999999999996,283,2021
2021-03-24,0.29934182071681614,9.000000000000007,282,2021
2021-03-25,0.29868752853215724,9.000000000000027,281,2021
2021-03-26,0.29836747371378824,9.000000000000014,280,2021
2021-03-29,0.30024358126403206,9.000000000000007,277,2021
2021-03-30,0.29903154524287345,8.999999999999998,276,2021
2021-03-31,0.2986363536857496,8.999999999999998,275,2021
2021-04-01,0.29934555360069276,8.999999999999998,274,2021
2021-04-02,-0.14760556877591538,-4.451086956521726,273,2021
2021-04-05,0.2978217912143835,9.000000000000007,270,2021
2021-04-06,0.2964966559975424,9.0,269,2021
2021-04-07,0.2973877731925841,9.0,268,2021
2021-04-08,0.2977277651230028,8.999999999999993,267,2021
2021-04-09,0.29794816378861566,9.000000000000002,266,2021
2021-04-12,0.2993290467544147,9.000000000000004,263,2021
2021-04-13,0.298522909226002,8.99999999999999,262,2021
2021-04-14,0.300398664776041,8.99999999999999,261,2021
2021-04-15,0.3005760681440812,9.000000000000009,260,2021
2021-04-16,0.30100768821281765,8.999999999999996,259,2021
2021-04-19,0.29909752539626394,9.000000000000012,256,2021
2021-04-20,0.30003906763296473,9.0,255,2021
2021-04-21,0.2989716227150473,9.000000000000004,254,2021
2021-04-22,0.30046255817204326,9.000000000000016,253,2021
2021-04-23,0.2993927578966523,8.999999999999995,252,2021
2021-04-26,0.30047936068361125,8.999999999999996,249,2021
2021-04-27,0.3014654425950445,8.999999999999996,248,2021
2021-04-28,0.3012143214048674,8.999999999999998,247,2021
2021-04-29,0.30019361978029685,9.0,246,2021
2021-04-30,0.2984236568693697,9.000000000000007,245,2021
2021-05-03,0.29879690771513867,9.000000000000002,242,2021
2021-05-04,0.301929631056346,8.999999999999996,241,2021
2021-05-05,0.3007013586685906,9.000000000000002,240,2021
2021-05-06,0.3013003904758499,9.000000000000004,239,2021
2021-05-07,0.30043330041478244,9.000000000000007,238,2021
2021-05-10,0.2995793186195931,9.0,235,2021
2021-05-11,0.29734669720516316,9.000000000000014,234,2021
2021-05-12,0.29907942370612756,9.000000000000062,233,2021
2021-05-13,0.3005999935951976,9.000000000000027,232,2021
2021-05-14,0.3010037418220272,8.999999999999977,231,2021
2021-05-17,0.3021916951123774,9.000000000000043,228,2021
2021-05-18,0.30316505535594274,8.99999999999997,227,2021
2021-05-19,0.30117359156085194,9.000000000000018,226,2021
2021-05-20,0.3016090937570264,9.000000000000016,225,2021
2021-05-21,0.30113615591792436,9.0,224,2021
2021-05-24,0.30183372566016126,8.999999999999956,221,2021
2021-05-25,0.3011995025846936,9.00000000000004,220,2021
2021-05-26,0.30217259683100806,9.000000000000002,219,2021
2021-05-27,0.30270171819362196,8.999999999999993,218,2021
2021-05-28,0.30304082523885073,8.999999999999932,217,2021
2021-05-31,0.3017238100027512,9.000000000000032,214,2021
2021-06-01,0.3010792546491212,8.99999999999996,213,2021
2021-06-02,0.3014674003606523,9.000000000000046,212,2021
2021-06-03,0.3015662769969714,9.000000000000002,211,2021
2021-06-04,0.3013717003459419,9.000000000000004,210,2021
2021-06-07,0.3024132471864942,8.999999999999998,207,2021
2021-06-08,0.30053354194640397,8.999999999999979,206,2021
2021-06-09,0.29788503239469794,8.999999999999993,205,2021
2021-06-10,0.2984869301493187,9.000000000000034,204,2021
2021-06-11,0.2976322749809312,9.000000000000004,203,2021
2021-06-14,0.2974741012862929,8.999999999999998,200,2021
2021-06-15,0.29803529271883017,9.0,199,2021
2021-06-16,0.29749382230928895,9.000000000000016,198,2021
2021-06-17,0.2961195458825875,8.999999999999998,197,2021
2021-06-18,0.2956367942240227,8.999999999999996,196,2021
2021-06-21,0.2949782731075101,8.999999999999975,193,2021
2021-06-22,0.2954809345403363,8.99999999999999,192,2021
2021-06-23,0.2948602106014239,8.999999999999966,191,2021
2021-06-24,0.2933349500708023,9.000000000000123,190,2021
2021-06-25,0.29305890913892735,9.000000000000012,189,2021
2021-06-28,0.2920664574759921,8.999999999999982,186,2021
2021-06-29,0.290138906065799,9.000000000000053,185,2021
2021-06-30,0.28949380423380316,8.99999999999998,184,2021
2021-07-01,0.2894840263803002,9.000000000000014,183,2021
2021-07-02,-0.04808891362878452,-1.4835164835164747,182,2021
2021-07-05,0.2893586179850398,8.999999999999998,179,2021
2021-07-06,0.28837628528033,9.000000000000023,178,2021
2021-07-07,0.2881273502452991,8.999999999999996,177,2021
2021-07-08,0.2882187119077451,8.999999999999998,176,2021
2021-07-09,0.2870072142248573,9.000000000000014,175,2021
2021-07-12,0.28797223125268345,9.000000000000007,172,2021
2021-07-13,0.28730643524272476,9.000000000000007,171,2021
2021-07-14,0.2869114250450704,9.000000000000002,170,2021
2021-07-15,0.28758227632376865,9.000000000000018,169,2021
2021-07-16,0.28735838553436743,9.000000000000021,168,2021
2021-07-19,0.28501854745822336,9.000000000000039,165,2021
2021-07-20,0.28391607301204247,8.999999999999998,164,2021
2021-07-21,0.2851173938207996,9.000000000000028,163,2021
2021-07-22,0.2870027436334543,9.000000000000052,162,2021
2021-07-23,0.2878123106530268,9.000000000000016,161,2021
2021-07-26,0.28874578589819366,8.999999999999993,158,2021
2021-07-27,0.29014178231510196,9.000000000000014,157,2021
2021-07-28,0.290841958897975,9.000000000000043,156,2021
2021-07-29,0.2921694149914076,8.999999999999979,155,2021
2021-07-30,0.2932949173625675,8.999999999999982,154,2021
2021-08-02,0.29304820266315873,8.999999999999996,151,2021
2021-08-03,0.2931480625200697,8.999999999999998,150,2021
2021-08-04,0.29512792876048805,9.0,149,2021
2021-08-05,0.29579928289251056,8.999999999999996,148,2021
2021-08-06,0.29488671960840784,8.999999999999996,147,2021
2021-08-09,0.29610670016639273,9.0,144,2021
2021-08-10,0.29756573165464606,8.99999999999998,143,2021
2021-08-11,0.2993417372027878,9.00000000000002,142,2021
2021-08-12,0.29983080966970993,9.000000000000007,141,2021
2021-08-13,0.29977341743376096,9.000000000000016,140,2021
2021-08-16,0.3004009576033836,9.000000000000007,137,2021
2021-08-17,0.3002828377987179,8.999999999999996,136,2021
2021-08-18,0.30073052924794286,9.000000000000002,135,2021
2021-08-19,0.30028282034499054,8.999999999999998,134,2021
2021-08-20,0.2998003899996338,9.0,133,2021
2021-08-23,0.2982044200370224,9.000000000000009,130,2021
2021-08-24,0.29761264625384803,8.999999999999996,129,2021
2021-08-25,0.2985651359792912,9.000000000000016,128,2021
2021-08-26,0.30071477336067937,8.99999999999999,127,2021
2021-08-27,0.3006603015270615,8.999999999999977,126,2021
2021-08-30,0.2995085741844157,9.000000000000027,123,2021
2021-08-31,-0.15362408725509047,-4.650000000000002,122,2021
2021-09-01,0.2980601679844369,8.999999999999975,121,2021
2021-09-02,0.2969610369642963,9.000000000000012,120,2021
2021-09-03,0.29763110095784945,9.000000000000004,119,2021
2021-09-06,0.2990556484357175,8.99999999999999,116,2021
2021-09-07,0.2982832497039573,8.999999999999979,115,2021
2021-09-08,0.2980619729371353,9.000000000000014,114,2021
2021-09-09,0.29824019483658015,8.999999999999966,113,2021
2021-09-10,0.2994492047653457,8.999999999999975,112,2021
2021-09-13,0.2991604100044409,8.999999999999988,109,2021
2021-09-14,0.2996276854071629,8.999999999999993,108,2021
2021-09-15,0.29911920661697644,9.000000000000014,107,2021
2021-09-16,0.29846156897424353,8.999999999999995,106,2021
2021-09-17,0.2997035998598526,9.000000000000012,105,2021
2021-09-20,0.29983220218287415,8.999999999999982,102,2021
2021-09-21,0.2991549641511442,8.99999999999997,101,2021
2021-09-22,0.3007632100799941,9.0,100,2021
2021-09-23,0.300448021411218,9.0,99,2021
2021-09-24,0.30099213252159696,8.999999999999988,98,2021
2021-09-27,0.30321822628245176,9.000000000000004,95,2021
2021-09-28,0.3037377042026685,8.999999999999996,94,2021
2021-09-29,0.30492431273588905,9.000000000000007,93,2021
2021-09-30,0.30523029773624244,9.000000000000002,92,2021
2021-10-01,-0.14757709429353658,-4.354838709677424,91,2021
2021-10-04,0.30479286920715365,8.999999999999977,88,2021
2021-10-05,0.3053867251604583,9.000000000000036,87,2021
2021-10-06,0.30532850346993146,9.000000000000016,86,2021
2021-10-07,0.3047324612717292,9.0,85,2021
2021-10-08,0.3058594522809424,9.000000000000027,84,2021
2021-10-11,0.3059684137454073,9.000000000000002,81,2021
2021-10-12,0.30719643743361036,9.00000000000002,80,2021
2021-10-13,0.3080073956440759,9.000000000000014,79,2021
2021-10-14,0.3080796928107488,9.000000000000009,78,2021
2021-10-15,0.30807983567769875,9.000000000000034,77,2021
2021-10-18,0.3085913872834831,9.000000000000036,74,2021
2021-10-19,0.3085724773016748,9.000000000000023,73,2021
2021-10-20,0.30834006987007584,9.000000000000009,72,2021
2021-10-21,0.3094017464270763,9.000000000000007,71,2021
2021-10-22,0.30826924954841545,8.99999999999998,70,2021
2021-10-25,0.30873850327069907,9.000000000000021,67,2021
2021-10-26,0.3083585261435406,9.000000000000043,66,2021
2021-10-27,0.31141075642234906,9.000000000000021,65,2021
2021-10-28,0.31254511033075244,9.000000000000009,64,2021
2021-10-29,0.312721134878055,9.000000000000034,63,2021
2021-11-01,0.3142951776683481,8.999999999999996,60,2021
2021-11-02,0.3139369560792381,8.999999999999993,59,2021
2021-11-03,0.3148842447717303,8.99999999999998,58,2021
2021-11-04,0.3158513955492626,8.999999999999975,57,2021
2021-11-05,0.3180171652274077,8.999999999999973,56,2021
2021-11-08,0.31859026691531606,8.99999999999999,53,2021
2021-11-09,0.3183040042343208,8.99999999999998,52,2021
2021-11-10,0.3213672701041176,8.999999999999979,51,2021
2021-11-11,0.321967709637,9.000000000000007,50,2021
2021-11-12,0.32353370461802705,9.000000000000009,49,2021
2021-11-15,0.32348523356135017,8.999999999999979,46,2021
2021-11-16,0.3233560563208074,8.999999999999995,45,2021
2021-11-17,0.32315069943116237,8.999999999999998,44,2021
2021-11-18,0.32145143640250967,8.999999999999988,43,2021
2021-11-19,0.32020635718700674,8.99999999999999,42,2021
2021-11-22,0.32125988087671664,8.99999999999999,39,2021
2021-11-23,0.31941631908837803,8.999999999999977,38,2021
2021-11-24,0.31982626690484034,9.000000000000012,37,2021
2021-11-25,0.3187098227082002,8.999999999999982,36,2021
2021-11-26,0.31876395097021304,9.000000000000021,35,2021
2021-11-29,0.3182130707438197,9.000000000000007,32,2021
2021-11-30,0.3185227773740862,9.000000000000007,31,2021
2021-12-01,-0.08179180599354868,-2.3225806451612883,30,2021
2021-12-02,0.31536432811018045,9.000000000000007,29,2021
2021-12-03,0.3155566616952068,9.0,28,2021
2021-12-06,0.31452068180050397,9.000000000000014,25,2021
2021-12-07,0.3149283323504942,9.000000000000002,24,2021
2021-12-08,0.31560745018388436,9.000000000000007,23,2021
2021-12-09,0.31324256032778464,9.0,22,2021
2021-12-10,0.3154667134450321,8.999999999999988,21,2021
2021-12-13,0.31563823155805204,9.000000000000014,18,2021
2021-12-14,0.31512309322446275,9.000000000000004,17,2021
2021-12-15,0.31595564299017764,9.000000000000004,16,2021
2021-12-16,0.3159222926824269,8.999999999999996,15,2021
2021-12-17,-0.13788520862725648,-3.9375000000000027,14,2021
2021-12-20,0.3136878316063578,8.999999999999998,11,2021
2021-12-21,0.31404526172304503,9.000000000000004,10,2021
2021-12-22,0.3119946605697491,8.999999999999996,9,2021
2021-12-23,0.31088315558910506,9.0,8,2021
2021-12-24,,,7,2021
2021-12-27,,,4,2021
2021-12-28,,,3,2021
2021-12-29,,,2,2021
2021-12-30,,,1,2021
2021-12-31,,,0,2021
2022-01-03,0.31138308665662495,8.999999999999964,362,2022
2022-01-04,0.3091067076733539,9.000000000000053,361,2022
2022-01-05,0.3077241721898415,9.00000000000009,360,2022
2022-01-06,0.3059084126740415,8.999999999999995,359,2022
2022-01-07,0.3053137630936483,9.000000000000023,358,2022
2022-01-10,0.3064286744331959,8.999999999999956,355,2022
2022-01-11,0.30794527711532815,8.999999999999977,354,2022
2022-01-12,0.30722132339262814,8.999999999999961,353,2022
2022-01-13,0.30624891058196446,9.000000000000036,352,2022
2022-01-14,0.3059439952128105,9.000000000000007,351,2022
2022-01-17,0.30525577358366995,8.999999999999993,348,2022
2022-01-18,0.3051496318214184,8.999999999999998,347,2022
2022-01-19,0.3041198399549986,9.00000000000002,346,2022
2022-01-20,0.30387745586079545,8.999999999999979,345,2022
2022-01-21,0.3034597398148029,9.000000000000027,344,2022
2022-01-24,0.30319537355371273,8.999999999999973,341,2022
2022-01-25,0.3044660543415648,9.000000000000027,340,2022
2022-01-26,0.30504600829851825,9.000000000000021,339,2022
2022-01-27,0.3035811952117291,8.99999999999997,338,2022
2022-01-28,0.3017201194524022,8.999999999999995,337,2022
2022-01-31,0.30117087404591264,9.000000000000027,334,2022
2022-02-01,0.3014858148439013,9.000000000000007,333,2022
2022-02-02,0.30272382607109827,8.999999999999941,332,2022
2022-02-03,0.3035582703641718,8.999999999999957,331,2022
2022-02-04,0.30025068543107836,9.000000000000014,330,2022
2022-02-07,0.2975240140197827,9.000000000000007,327,2022
2022-02-08,0.2971120223898326,9.000000000000027,326,2022
2022-02-09,0.29834928504533986,9.000000000000016,325,2022
2022-02-10,0.297486491228048,9.000000000000027,324,2022
2022-02-11,0.29619196804982173,9.000000000000043,323,2022
2022-02-14,0.29898857723312144,8.99999999999997,320,2022
2022-02-15,0.2997412879648771,9.000000000000023,319,2022
2022-02-16,0.2991880829560836,9.000000000000027,318,2022
2022-02-17,0.2986174529353627,9.000000000000036,317,2022
2022-02-18,0.29647110779722363,9.000000000000004,316,2022
2022-02-21,0.2953648951234911,9.000000000000027,313,2022
2022-02-22,0.2932865962326637,8.999999999999996,312,2022
2022-02-23,0.29237666230345066,9.0,311,2022
2022-02-24,0.2916546258389463,9.000000000000014,310,2022
2022-02-25,0.29143807223679496,8.999999999999996,309,2022
2022-02-28,0.29085140873029114,8.99999999999999,306,2022
2022-03-01,0.28895343614835706,9.0,305,2022
2022-03-02,0.2895181077734026,8.999999999999995,304,2022
2022-03-03,0.2875845931990377,9.000000000000004,303,2022
2022-03-04,0.28709108367606245,9.000000000000018,302,2022
2022-03-07,0.2876736811947896,8.999999999999993,299,2022
2022-03-08,0.28871579669635394,9.000000000000002,298,2022
2022-03-09,0.2882674545562872,9.000000000000016,297,2022
2022-03-10,0.28818670465101326,8.999999999999964,296,2022
2022-03-11,0.28744077755401887,8.999999999999993,295,2022
2022-03-14,0.2868274125876197,8.999999999999993,292,2022
2022-03-15,0.2869306799810709,8.999999999999996,291,2022
2022-03-16,0.2873705555721832,8.999999999999996,290,2022
2022-03-17,0.28797648150576033,9.000000000000007,289,2022
2022-03-18,0.2860753933287986,9.000000000000002,288,2022
2022-03-21,0.28672472905834434,8.999999999999996,285,2022
2022-03-22,0.2877813037244229,9.000000000000004,284,2022
2022-03-23,0.2876933681601401,9.0,283,2022
2022-03-24,0.2865919024865822,9.000000000000002,282,2022
2022-03-25,0.28616711818010415,8.999999999999998,281,2022
2022-03-28,0.28737587285663524,8.999999999999998,278,2022
2022-03-29,0.28724870651584783,9.000000000000002,277,2022
2022-03-30,0.2871461616076228,9.000000000000012,276,2022
2022-03-31,0.28843280170265106,9.000000000000002,275,2022
2022-04-01,0.28814885208049335,8.999999999999998,274,2022
2022-04-04,0.2866739503507857,8.99999999999999,271,2022
2022-04-05,0.2867758221597188,8.99999999999999,270,2022
2022-04-06,0.28566771150784237,9.000000000000009,269,2022
2022-04-07,0.2864016043047857,9.000000000000027,268,2022
2022-04-08,0.2871700151749398,9.000000000000007,267,2022
2022-04-11,0.28860634794298085,9.000000000000039,264,2022
2022-04-12,0.2897248048608693,8.99999999999995,263,2022
2022-04-13,0.2899253139946123,8.999999999999975,262,2022
2022-04-14,0.290324474503562,8.99999999999997,261,2022
2022-04-15,0.28891939829971325,8.999999999999988,260,2022
2022-04-18,0.2885027210279024,9.000000000000004,257,2022
2022-04-19,0.28878848563679027,9.000000000000028,256,2022
2022-04-20,0.2882427260722082,8.999999999999984,255,2022
2022-04-21,0.28877941278606517,8.99999999999997,254,2022
2022-04-22,0.29046967363557874,8.999999999999993,253,2022
2022-04-25,0.2898391077592067,9.00000000000002,250,2022
2022-04-26,0.2887569714024467,9.000000000000007,249,2022
2022-04-27,0.289089183476127,9.00000000000006,248,2022
2022-04-28,0.28853901860585596,9.000000000000023,247,2022
2022-04-29,0.28934642292255275,9.000000000000027,246,2022
2022-05-02,0.28910179473097664,9.000000000000181,243,2022
2022-05-03,0.28802497452055714,9.000000000000009,242,2022
2022-05-04,0.29014253170857945,9.000000000000021,241,2022
2022-05-05,0.29097097187393683,9.000000000000124,240,2022
2022-05-06,0.2915345076478497,9.000000000000066,239,2022
2022-05-09,0.2910936757068383,9.000000000000023,236,2022
2022-05-10,0.2906163615735182,9.00000000000009,235,2022
2022-05-11,0.2891142492024759,9.000000000000224,234,2022
2022-05-12,0.28832100399853205,9.00000000000004,233,2022
2022-05-13,0.2900273072128213,9.000000000000037,232,2022
2022-05-16,0.2901425402436163,8.99999999999994,229,2022
2022-05-17,0.29074342450848484,9.000000000000028,228,2022
2022-05-18,0.29037785166828994,8.999999999999888,227,2022
2022-05-19,0.2915199611900535,9.000000000000085,226,2022
2022-05-20,0.2898227625054035,9.000000000000014,225,2022
2022-05-23,0.29074126470060313,9.00000000000006,222,2022
2022-05-24,0.2890235552202515,8.999999999999941,221,2022
2022-05-25,0.28978027808686624,8.999999999999899,220,2022
2022-05-26,0.28896851900891923,9.000000000000057,219,2022
2022-05-27,0.2894955036161906,9.000000000000078,218,2022
2022-05-30,0.2882639453847155,9.000000000000007,215,2022
2022-05-31,0.2887108663326848,8.999999999999957,214,2022
2022-06-01,0.28858781293892527,8.999999999999956,213,2022
2022-06-02,0.2884393029928657,8.999999999999908,212,2022
2022-06-03,0.2896303513798157,8.99999999999999,211,2022
2022-06-06,0.2879100262210551,9.00000000000005,208,2022
2022-06-07,0.28556224968060984,8.999999999999904,207,2022
2022-06-08,0.28652971243129066,9.000000000000055,206,2022
2022-06-09,0.28564889519458997,8.99999999999997,205,2022
2022-06-10,0.28605444877456543,8.999999999999957,204,2022
2022-06-13,0.2844826647351731,9.000000000000004,201,2022
2022-06-14,0.28482463788926,9.00000000000016,200,2022
2022-06-15,0.28577329485285063,8.99999999999996,199,2022
2022-06-16,0.2853249228425304,9.000000000000016,198,2022
2022-06-17,0.2853380523147766,8.999999999999964,197,2022
2022-06-20,0.2841130993080359,9.000000000000014,194,2022
2022-06-21,0.28357271216052166,8.999999999999975,193,2022
2022-06-22,0.28101940959372884,8.999999999999902,192,2022
2022-06-23,0.2799026763869922,9.000000000000037,191,2022
2022-06-24,0.27740215430798876,9.000000000000002,190,2022
2022-06-27,0.27801937298865037,9.000000000000036,187,2022
2022-06-28,0.27867215423315866,8.999999999999957,186,2022
2022-06-29,0.2779909698178349,8.999999999999979,185,2022
2022-06-30,0.279833960283773,9.000000000000046,184,2022
2022-07-01,0.2792874462053509,9.000000000000119,183,2022
2022-07-04,0.2793638552423595,8.99999999999994,180,2022
2022-07-05,0.28072346443327556,9.000000000000023,179,2022
2022-07-06,0.28082475515522176,8.999999999999995,178,2022
2022-07-07,0.28038662475149884,9.000000000000037,177,2022
2022-07-08,0.27889701915706466,8.999999999999988,176,2022
2022-07-11,0.27710863823275506,9.000000000000014,173,2022
2022-07-12,0.2773059052329039,9.0,172,2022
2022-07-13,0.2755969298786409,9.000000000000004,171,2022
2022-07-14,0.2749750827173268,8.999999999999977,170,2022
2022-07-15,0.2738668576444323,8.99999999999997,169,2022
2022-07-18,0.27432789542837116,9.000000000000012,166,2022
2022-07-19,0.2734341015421354,9.000000000000007,165,2022
2022-07-20,0.2735017266891099,9.000000000000043,164,2022
2022-07-21,0.27269308129562114,8.999999999999998,163,2022
2022-07-22,0.27332477201432265,9.000000000000018,162,2022
2022-07-25,0.2734835135032319,9.000000000000002,159,2022
2022-07-26,0.2719675156222482,9.000000000000018,158,2022
2022-07-27,0.2708866563109329,8.999999999999993,157,2022
2022-07-28,0.26979247197654777,9.0,156,2022
2022-07-29,0.2713536040051891,9.000000000000018,155,2022
2022-08-01,-0.13524443347945111,-4.499999999999991,152,2022
2022-08-02,0.2691321409466974,8.999999999999979,151,2022
2022-08-03,0.26995188718621305,8.999999999999998,150,2022
2022-08-04,0.2685251888963778,9.000000000000002,149,2022
2022-08-05,0.2678727942590501,9.000000000000046,148,2022
2022-08-08,0.26696128378884065,8.999999999999993,145,2022
2022-08-09,0.26644294849327604,8.999999999999993,144,2022
2022-08-10,0.2659385640843438,8.99999999999997,143,2022
2022-08-11,0.2670637727737332,8.999999999999957,142,2022
2022-08-12,0.26824098860712353,8.999999999999975,141,2022
2022-08-15,0.2704268877375179,8.99999999999997,138,2022
2022-08-16,0.2683690514750297,8.999999999999945,137,2022
2022-08-17,0.2681420207580555,8.999999999999993,136,2022
2022-08-18,0.26755161546592426,9.000000000000023,135,2022
2022-08-19,0.2679663486758349,9.000000000000012,134,2022
2022-08-22,0.26912124196272336,8.999999999999998,131,2022
2022-08-23,0.27122664390469337,8.999999999999956,130,2022
2022-08-24,0.2713895599630905,9.00000000000004,129,2022
2022-08-25,0.27197564401946783,8.99999999999999,128,2022
2022-08-26,0.27204450854092016,8.999999999999936,127,2022
2022-08-29,0.2722320701059857,8.99999999999999,124,2022
2022-08-30,0.273038762664511,9.000000000000007,123,2022
2022-08-31,-0.1397514327334421,-4.6499999999999995,122,2022
2022-09-01,0.269167854380126,8.99999999999998,121,2022
2022-09-02,0.26760949003315837,8.999999999999998,120,2022
2022-09-05,0.26783477575121994,8.999999999999998,117,2022
2022-09-06,0.2686857770952045,9.00000000000002,116,2022
2022-09-07,0.2682769628273713,9.000000000000007,115,2022
2022-09-08,0.26709557430954606,8.999999999999998,114,2022
2022-09-09,0.2678308749992284,9.000000000000004,113,2022
2022-09-12,0.2687131215539924,8.999999999999979,110,2022
2022-09-13,0.267611824103758,8.99999999999998,109,2022
2022-09-14,0.266480244338009,8.999999999999975,108,2022
2022-09-15,0.2669293122120307,8.99999999999999,107,2022
2022-09-16,0.2656694008815554,9.000000000000004,106,2022
2022-09-19,0.264503844937493,8.999999999999982,103,2022
2022-09-20,0.2641192445947393,9.000000000000014,102,2022
2022-09-21,0.26601534229266893,8.99999999999999,101,2022
2022-09-22,0.26709948192632454,8.999999999999993,100,2022
2022-09-23,0.267598953810677,8.999999999999982,99,2022
2022-09-26,0.268166661254982,9.000000000000007,96,2022
2022-09-27,0.26941391098945083,9.0,95,2022
2022-09-28,0.26931012161544843,8.999999999999979,94,2022
2022-09-29,0.26952235684930254,8.99999999999998,93,2022
2022-09-30,0.27002801521106057,8.999999999999977,92,2022
2022-10-03,0.2690552784587429,9.000000000000004,89,2022
2022-10-04,0.27017085399774216,9.000000000000002,88,2022
2022-10-05,0.27012918812287656,8.999999999999996,87,2022
2022-10-06,0.2705351427681029,9.0,86,2022
2022-10-07,0.26945243324833623,9.0,85,2022
2022-10-10,0.26951307530258817,8.999999999999993,82,2022
2022-10-11,0.27052014711127126,8.99999999999999,81,2022
2022-10-12,0.2694875850714802,8.999999999999993,80,2022
2022-10-13,0.2692126884934229,9.0,79,2022
2022-10-14,0.2696806775428132,8.999999999999996,78,2022
2022-10-17,0.26982813863229876,9.0,75,2022
2022-10-18,0.2717520438852845,9.000000000000007,74,2022
2022-10-19,0.27090689668523743,8.999999999999993,73,2022
2022-10-20,0.27164438046119455,8.999999999999995,72,2022
2022-10-21,0.27025518987016184,8.999999999999993,71,2022
2022-10-24,0.26835281992578924,8.999999999999996,68,2022
2022-10-25,0.26697729536091874,8.999999999999979,67,2022
2022-10-26,0.26696110721182903,8.999999999999995,66,2022
2022-10-27,0.2660101423138782,8.999999999999988,65,2022
2022-10-28,0.2648358543754261,8.99999999999999,64,2022
2022-10-31,-0.13683597089613556,-4.650000000000004,61,2022
2022-11-01,0.264005629796876,8.999999999999995,60,2022
2022-11-02,0.26397282039292014,8.999999999999995,59,2022
2022-11-03,0.2650359864007875,9.0,58,2022
2022-11-04,0.26526111601857233,8.99999999999999,57,2022
2022-11-07,0.2653070081673031,8.999999999999996,54,2022
2022-11-08,0.2652939490604344,9.0,53,2022
2022-11-09,0.2678408484811986,8.99999999999999,52,2022
2022-11-10,0.26752523909468995,8.999999999999998,51,2022
2022-11-11,0.2668588174814512,9.000000000000012,50,2022
2022-11-14,0.264153728198825,9.000000000000002,47,2022
2022-11-15,0.2645504389252378,8.99999999999999,46,2022
2022-11-16,0.26530976433877507,8.999999999999988,45,2022
2022-11-17,0.2657364249629349,8.999999999999996,44,2022
2022-11-18,0.2649421891731364,9.0,43,2022
2022-11-21,0.2665091427205025,8.999999999999984,40,2022
2022-11-22,0.26658227202431733,8.999999999999982,39,2022
2022-11-23,0.26630981552977223,9.000000000000009,38,2022
2022-11-24,0.26483944182015307,9.000000000000004,37,2022
2022-11-25,0.26511974140046046,9.0,36,2022
2022-11-28,0.26513530121159085,8.999999999999993,33,2022
2022-11-29,0.2649134557016443,8.99999999999999,32,2022
2022-11-30,0.26604305652570565,8.999999999999993,31,2022
2022-12-01,-0.06852870028967972,-2.322580645161293,30,2022
2022-12-02,0.2652314690932844,8.999999999999995,29,2022
2022-12-05,0.2644944421255649,9.000000000000007,26,2022
2022-12-06,0.2669601032213448,9.000000000000002,25,2022
2022-12-07,0.26655972738304745,9.000000000000002,24,2022
2022-12-08,0.2666822691194104,9.000000000000004,23,2022
2022-12-09,0.26735409292301715,9.0,22,2022
2022-12-12,0.2691811270881326,8.999999999999995,19,2022
2022-12-13,0.2716337724279265,9.000000000000002,18,2022
2022-12-14,0.27196662401199945,9.0,17,2022
2022-12-15,0.27136379039135533,9.000000000000007,16,2022
2022-12-16,0.2715241328008614,8.999999999999996,15,2022
2022-12-19,0.27111549354396375,9.000000000000004,12,2022
2022-12-20,0.27124392342944237,8.999999999999996,11,2022
2022-12-21,0.27032868565564155,9.000000000000002,10,2022
2022-12-22,0.2719076214017821,9.000000000000002,9,2022
2022-12-23,0.27134961601048574,9.000000000000002,8,2022
2022-12-26,,,5,2022
2022-12-27,,,4,2022
2022-12-28,,,3,2022
2022-12-29,,,2,2022
2022-12-30,,,1,2022
2023-01-02,0.27331290934071995,8.999999999999996,363,2023
2023-01-03,0.2745939509514289,9.000000000000027,362,2023
2023-01-04,0.2750939882556387,9.000000000000002,361,2023
2023-01-05,0.27563110138035685,9.000000000000018,360,2023
2023-01-06,0.27507456129633023,8.99999999999995,359,2023
2023-01-09,0.27641794293204763,9.000000000000037,356,2023
2023-01-10,0.27287874629929587,8.999999999999964,355,2023
2023-01-11,0.2730572764906077,9.000000000000012,354,2023
2023-01-12,0.2736380129603502,9.000000000000062,353,2023
2023-01-13,0.27301022779586,8.99999999999998,352,2023
2023-01-16,0.27179338334364106,9.000000000000039,349,2023
2023-01-17,0.2708202250683277,8.99999999999995,348,2023
2023-01-18,0.2700790795862322,9.000000000000009,347,2023
2023-01-19,0.2691214076925073,8.999999999999982,346,2023
2023-01-20,0.27031744922511647,9.0,345,2023
2023-01-23,0.2712108558544567,9.000000000000002,342,2023
2023-01-24,0.27118549550863286,8.999999999999996,341,2023
2023-01-25,0.27151873473409366,8.99999999999999,340,2023
2023-01-26,0.27114516168351455,8.999999999999973,339,2023
2023-01-27,0.2704226196188136,8.999999999999979,338,2023
2023-01-30,0.2709802666823825,9.000000000000034,335,2023
2023-01-31,0.2708671323207982,9.000000000000023,334,2023
2023-02-01,0.27123559803994635,9.000000000000016,333,2023
2023-02-02,0.27081408125896445,9.000000000000012,332,2023
2023-02-03,0.26893415070836796,9.000000000000004,331,2023
2023-02-06,0.26819591338504956,9.000000000000012,328,2023
2023-02-07,0.2684179695799394,8.999999999999988,327,2023
2023-02-08,0.26916700279736505,9.000000000000043,326,2023
2023-02-09,0.2695380497408225,9.000000000000046,325,2023
2023-02-10,0.27007911463761874,9.000000000000016,324,2023
2023-02-13,0.2702323461995668,9.000000000000004,321,2023
2023-02-14,0.26973178186032865,9.000000000000014,320,2023
2023-02-15,0.27090775067378015,8.999999999999979,319,2023
2023-02-16,0.27017000630522064,8.999999999999998,318,2023
2023-02-17,0.26901468390877675,9.000000000000012,317,2023
2023-02-20,0.2693679809321285,9.000000000000007,314,2023
2023-02-21,0.2692325181291393,8.999999999999998,313,2023
2023-02-22,0.26774074216243665,8.999999999999998,312,2023
2023-02-23,0.2668012934679716,9.00000000000002,311,2023
2023-02-24,0.2675904302225615,9.000000000000037,310,2023
2023-02-27,0.2676672538389669,8.999999999999979,307,2023
2023-02-28,0.2679901197262819,8.999999999999996,306,2023
2023-03-01,0.2680011763402621,9.000000000000037,305,2023
2023-03-02,0.2689979288954949,8.999999999999964,304,2023
2023-03-03,0.2679088452587527,9.000000000000007,303,2023
2023-03-06,0.26738706052502587,8.999999999999995,300,2023
2023-03-07,0.2697627175953342,9.000000000000036,299,2023
2023-03-08,0.2696477578875891,9.000000000000027,298,2023
2023-03-09,0.2700493480106174,9.00000000000006,297,2023
2023-03-10,0.26939416396673455,9.0000000000001,296,2023
2023-03-13,0.26898942820638483,9.000000000000043,293,2023
2023-03-14,0.2680271706393575,9.00000000000002,292,2023
2023-03-15,0.2677951817679416,8.999999999999853,291,2023
2023-03-16,0.2661908434768699,9.000000000000016,290,2023
2023-03-17,0.2650613926765788,8.999999999999922,289,2023
2023-03-20,0.2647918362542019,9.00000000000005,286,2023
2023-03-21,0.26440475647177225,9.000000000000027,285,2023
2023-03-22,0.26339572534832245,8.999999999999964,284,2023
2023-03-23,0.26423479621103707,8.999999999999881,283,2023
2023-03-24,0.26401735784550523,9.000000000000046,282,2023
2023-03-27,0.2650135873449175,9.000000000000027,279,2023
2023-03-28,0.2643826842851831,8.99999999999993,278,2023
2023-03-29,0.2642201857076964,9.000000000000021,277,2023
2023-03-30,0.26378590217033404,8.999999999999945,276,2023
2023-03-31,0.2637276099832103,9.000000000000062,275,2023
2023-04-03,0.2633833590987803,8.999999999999925,272,2023
2023-04-04,0.26409288157339533,8.99999999999999,271,2023
2023-04-05,0.2629394214997433,8.999999999999961,270,2023
2023-04-06,0.26361723795996533,9.000000000000007,269,2023
2023-04-07,0.2633096114074746,9.000000000000012,268,2023
2023-04-10,0.2617555750615593,9.000000000000037,265,2023
2023-04-11,0.26128172348845313,8.999999999999966,264,2023
2023-04-12,0.2613198171768351,8.999999999999966,263,2023
2023-04-13,0.2621499914917647,8.99999999999997,262,2023
2023-04-14,0.26257926388621133,8.99999999999999,261,2023
2023-04-17,0.26306731072857775,9.000000000000057,258,2023
2023-04-18,0.2620370302184309,8.999999999999947,257,2023
2023-04-19,0.2609738487498871,8.999999999999988,256,2023
2023-04-20,0.2594524971236847,9.000000000000039,255,2023
2023-04-21,0.2592092868241236,8.999999999999938,254,2023
2023-04-24,0.26195753805123306,9.000000000000027,251,2023
2023-04-25,0.2621613616754943,8.99999999999997,250,2023
2023-04-26,0.26202983645869915,8.999999999999934,249,2023
2023-04-27,0.262918878226448,9.00000000000004,248,2023
2023-04-28,0.2622513395562764,9.000000000000123,247,2023
2023-05-01,0.26383684570853555,9.000000000000066,244,2023
2023-05-02,0.263821458805255,9.000000000000098,243,2023
2023-05-03,0.26369670548850976,8.999999999999993,242,2023
2023-05-04,0.2632497927999964,9.000000000000046,241,2023
2023-05-05,0.26338672876728664,9.00000000000002,240,2023
2023-05-08,0.26277387098113525,9.000000000000094,237,2023
2023-05-09,0.2634509240980684,9.000000000000034,236,2023
2023-05-10,0.2624366272164559,9.000000000000032,235,2023
2023-05-11,0.26437150606979803,9.000000000000115,234,2023
2023-05-12,0.2651767455688965,8.99999999999995,233,2023
2023-05-15,0.2660703925090119,8.99999999999999,230,2023
2023-05-16,0.26514300993336615,9.000000000000018,229,2023
2023-05-17,0.26741312214797575,8.999999999999913,228,2023
2023-05-18,0.2676242270141537,8.99999999999999,227,2023
2023-05-19,0.2694523156860679,9.000000000000046,226,2023
2023-05-22,0.2713678494356905,8.99999999999998,223,2023
2023-05-23,0.2707322248286589,8.999999999999982,222,2023
2023-05-24,0.27087621824605734,9.000000000000062,221,2023
2023-05-25,0.27099578517585016,8.999999999999945,220,2023
2023-05-26,0.27093945439198946,9.00000000000002,219,2023
2023-05-29,0.2698939710410095,9.000000000000039,216,2023
2023-05-30,0.27133888444109405,9.000000000000066,215,2023
2023-05-31,0.27086934270196816,8.999999999999964,214,2023
2023-06-01,0.2693293976280308,9.000000000000021,213,2023
2023-06-02,0.26990258186967847,9.000000000000036,212,2023
2023-06-05,0.2700166761115954,9.00000000000002,209,2023
2023-06-06,0.2711508371691235,9.000000000000037,208,2023
2023-06-07,0.2706317289719281,9.000000000000004,207,2023
2023-06-08,0.27162541639885174,9.000000000000037,206,2023
2023-06-09,0.2711549463293962,8.999999999999957,205,2023
2023-06-12,0.27120405261491026,8.999999999999996,202,2023
2023-06-13,0.27155519894433267,9.000000000000004,201,2023
2023-06-14,0.2707655980209764,8.999999999999998,200,2023
2023-06-15,0.27113720489952525,8.999999999999998,199,2023
2023-06-16,0.2691645245225204,9.000000000000004,198,2023
2023-06-19,0.2713945947513065,9.000000000000002,195,2023
2023-06-20,0.26984119294037495,9.000000000000002,194,2023
2023-06-21,0.2685707100859722,8.99999999999999,193,2023
2023-06-22,0.2693286140613297,9.000000000000012,192,2023
2023-06-23,0.2673736161738079,9.000000000000014,191,2023
2023-06-26,0.2683789302904915,9.000000000000018,188,2023
2023-06-27,0.26899759906139153,8.99999999999998,187,2023
2023-06-28,0.2683467408837652,9.000000000000007,186,2023
2023-06-29,0.26910909139328204,9.000000000000027,185,2023
2023-06-30,0.27197481622576614,9.000000000000009,184,2023
2023-07-03,0.2726738857311441,8.999999999999998,181,2023
2023-07-04,0.27119372696763333,9.0,180,2023
2023-07-05,0.2715925117159338,8.999999999999993,179,2023
2023-07-06,0.27208973524240226,8.999999999999993,178,2023
2023-07-07,0.2704553814684785,8.99999999999999,177,2023
2023-07-10,0.2701208334345068,8.999999999999998,174,2023
2023-07-11,0.27186239845164095,8.999999999999988,173,2023
2023-07-12,0.27401772608297326,9.000000000000007,172,2023
2023-07-13,0.27404470290780036,8.999999999999998,171,2023
2023-07-14,0.27428283285792554,9.000000000000004,170,2023
2023-07-17,0.2765024876615905,8.999999999999996,167,2023
2023-07-18,0.27731826713863067,8.999999999999996,166,2023
2023-07-19,0.2783660961226231,9.000000000000004,165,2023
2023-07-20,0.2791486593099451,8.99999999999998,164,2023
2023-07-21,0.27892176659119067,9.0,163,2023
2023-07-24,0.27891805309050705,8.999999999999993,160,2023
2023-07-25,0.27908128460701576,8.999999999999988,159,2023
2023-07-26,0.2764976274749967,8.999999999999993,158,2023
2023-07-27,0.27796079959784026,9.0,157,2023
2023-07-28,0.27959530732166554,8.99999999999999,156,2023
2023-07-31,0.28198919055565674,8.999999999999988,153,2023
2023-08-01,-0.140190771576974,-4.5000000000000036,152,2023
2023-08-02,0.28041473036773945,8.999999999999996,151,2023
2023-08-03,0.2801045714884169,9.0,150,2023
2023-08-04,0.281433392326474,9.000000000000002,149,2023
2023-08-07,0.28195974996634554,9.0,146,2023
2023-08-08,0.2820444113722744,9.0,145,2023
2023-08-09,0.2845277832981039,8.999999999999996,144,2023
2023-08-10,0.28351892230698433,8.999999999999998,143,2023
2023-08-11,0.2834268268900271,9.000000000000009,142,2023
2023-08-14,0.2846925177697362,9.000000000000007,139,2023
2023-08-15,0.2856440602246514,9.000000000000007,138,2023
2023-08-16,0.2834482965545519,8.999999999999995,137,2023
2023-08-17,0.28284874600492566,8.999999999999995,136,2023
2023-08-18,0.2830467953133283,9.0,135,2023
2023-08-21,0.283337346507029,8.999999999999998,132,2023
2023-08-22,0.28411935764098795,9.000000000000002,131,2023
2023-08-23,0.28517336688570444,9.0,130,2023
2023-08-24,0.2842315749786912,8.999999999999996,129,2023
2023-08-25,0.28449991401470975,8.99999999999999,128,2023
2023-08-28,0.2841930881313477,8.999999999999996,125,2023
2023-08-29,0.2824010395694527,9.000000000000004,124,2023
2023-08-30,0.2852282391726743,8.999999999999996,123,2023
2023-08-31,-0.14772581580126723,-4.650000000000001,122,2023
2023-09-01,0.28658652120921724,9.0,121,2023
2023-09-04,0.2845201907094408,9.0,118,2023
2023-09-05,0.28659703995084035,9.0,117,2023
2023-09-06,0.28806251130537064,9.0,116,2023
2023-09-07,0.2886824862707974,8.999999999999993,115,2023
2023-09-08,0.2892839345952186,9.0,114,2023
2023-09-11,0.28645652484087636,9.0,111,2023
2023-09-12,0.2868412204444922,9.0,110,2023
2023-09-13,0.2860748656709718,9.000000000000002,109,2023
2023-09-14,0.28555305692564337,8.999999999999998,108,2023
2023-09-15,0.28641027979400446,9.0,107,2023
2023-09-18,0.2883887857472293,9.0,104,2023
2023-09-19,0.28644617928429567,9.0,103,2023
2023-09-20,0.286587659379971,9.0,102,2023
2023-09-21,0.286501532892924,8.999999999999998,101,2023
2023-09-22,0.2870242344512285,8.999999999999998,100,2023
2023-09-25,0.28613787111822264,8.999999999999996,97,2023
2023-09-26,0.2868021001596603,9.0,96,2023
2023-09-27,0.28786477470094674,8.999999999999998,95,2023
2023-09-28,0.2874021419562769,9.000000000000004,94,2023
2023-09-29,0.2875706269311982,9.000000000000004,93,2023
2023-10-02,0.2866006872507453,9.0,90,2023
2023-10-03,0.2871338270710361,9.000000000000002,89,2023
2023-10-04,0.28786728663906996,9.000000000000002,88,2023
2023-10-05,0.28785853313514453,9.0,87,2023
2023-10-06,0.28819150051454057,9.0,86,2023
2023-10-09,0.2876338534514973,8.999999999999998,83,2023
2023-10-10,0.287139196226654,9.000000000000007,82,2023
2023-10-11,0.2892302590300674,8.999999999999998,81,2023
2023-10-12,0.2879751193857131,9.0,80,2023
2023-10-13,0.28931202002150147,8.999999999999996,79,2023
2023-10-16,0.288499654428905,9.000000000000007,76,2023
2023-10-17,0.2875519658236706,9.000000000000014,75,2023
2023-10-18,0.288107413071295,8.99999999999999,74,2023
2023-10-19,0.2896769030891072,8.99999999999999,73,2023
2023-10-20,0.28905621567250356,9.000000000000002,72,2023
2023-10-23,0.28855168189739583,8.99999999999999,69,2023
2023-10-24,0.287449940646418,8.999999999999993,68,2023
2023-10-25,0.28518752877208525,8.999999999999984,67,2023
2023-10-26,0.2859751861399489,9.000000000000002,66,2023
2023-10-27,0.28746754361256577,8.99999999999999,65,2023
2023-10-30,0.2891072482455984,9.000000000000002,62,2023
2023-10-31,-0.1501999744366878,-4.649999999999998,61,2023
2023-11-01,0.28987248388821124,9.000000000000004,60,2023
2023-11-02,0.29038748484753574,8.999999999999996,59,2023
2023-11-03,0.29186179474947704,9.000000000000007,58,2023
2023-11-06,0.29306786957638586,9.0,55,2023
2023-11-07,0.2947591693515124,9.000000000000002,54,2023
2023-11-08,0.2946116356982385,9.000000000000002,53,2023
2023-11-09,0.29664492899121847,9.000000000000002,52,2023
2023-11-10,0.29540488809079357,9.000000000000004,51,2023
2023-11-13,0.2956589495790322,9.0,48,2023
2023-11-14,0.2970999416971776,8.999999999999995,47,2023
2023-11-15,0.29732410036066526,9.0,46,2023
2023-11-16,0.2989837728077775,8.999999999999998,45,2023
2023-11-17,0.2983458778525589,9.0,44,2023
2023-11-20,0.29972441049723997,8.999999999999998,41,2023
2023-11-21,0.30009408464275794,8.999999999999998,40,2023
2023-11-22,0.2988012912667573,8.999999999999996,39,2023
2023-11-23,0.29896452984876354,9.000000000000002,38,2023
2023-11-24,0.2993139826650918,9.000000000000002,37,2023
2023-11-27,0.2986357751816247,8.999999999999998,34,2023
2023-11-28,0.2995194756074418,9.000000000000007,33,2023
2023-11-29,0.3004386821701274,8.999999999999995,32,2023
2023-11-30,0.3010096837865636,8.999999999999996,31,2023
2023-12-01,-0.07756259569914484,-2.322580645161291,30,2023
2023-12-04,0.3003589104848444,8.999999999999998,27,2023
2023-12-05,0.30052309126856536,9.0,26,2023
2023-12-06,0.29822764752448927,9.0,25,2023
2023-12-07,0.29696754670010944,9.000000000000004,24,2023
2023-12-08,0.29650819059949546,9.0,23,2023
2023-12-11,0.2984032183380778,9.000000000000002,20,2023
2023-12-12,0.2962667077443566,9.0,19,2023
2023-12-13,0.29733363135709967,9.0,18,2023
2023-12-14,0.29741149275800427,9.0,17,2023
2023-12-15,0.29728049062058454,8.999999999999998,16,2023
2023-12-18,0.2956257867219989,9.000000000000004,13,2023
2023-12-19,0.295516174362553,9.0,12,2023
2023-12-20,0.2967226161875089,9.0,11,2023
2023-12-21,0.29766178964169976,9.000000000000004,10,2023
2023-12-22,0.29704634670410135,9.0,9,2023
2023-12-25,,,6,2023
2023-12-26,,,5,2023
2023-12-27,,,4,2023
2023-12-28,,,3,2023
2023-12-29,,,2,2023
2024-01-01,0.0,0.0,365,2024
2024-01-02,0.29819878618181905,8.999999999999995,364,2024
2024-01-03,0.29720956371059004,8.999999999999995,363,2024
2024-01-04,0.2958391650074014,8.999999999999998,362,2024
2024-01-05,0.29772519838186184,8.999999999999995,361,2024
2024-01-08,0.29690849082318327,9.000000000000009,358,2024
2024-01-09,0.2958385553257341,8.999999999999993,357,2024
2024-01-10,0.29475143338624515,9.000000000000027,356,2024
2024-01-11,0.29401011978816627,9.000000000000036,355,2024
2024-01-12,0.29418789968405445,9.000000000000007,354,2024
2024-01-15,0.2939943988226646,8.999999999999979,351,2024
2024-01-16,0.2932554709740793,9.000000000000021,350,2024
2024-01-17,0.2936150102370383,8.99999999999999,349,2024
2024-01-18,0.2944931729694842,9.000000000000027,348,2024
2024-01-19,0.29458516781598443,8.999999999999984,347,2024
2024-01-22,0.29432441259572684,9.000000000000034,344,2024
2024-01-23,0.2954558072486992,8.999999999999982,343,2024
2024-01-24,0.294752350845125,8.999999999999979,342,2024
2024-01-25,0.29466052463993325,9.000000000000004,341,2024
2024-01-26,0.2940842929224236,9.000000000000007,340,2024
2024-01-29,0.2939238091040813,9.000000000000021,337,2024
2024-01-30,0.2931929600233432,8.99999999999999,336,2024
2024-01-31,0.2912263384883126,9.000000000000007,335,2024
2024-02-01,0.2905940295860057,9.000000000000021,334,2024
2024-02-02,0.2915251513745572,8.999999999999975,333,2024
2024-02-05,0.2921489114635712,9.000000000000009,330,2024
2024-02-06,0.29303421529323703,9.000000000000023,329,2024
2024-02-07,0.2924620824467461,9.0,328,2024
2024-02-08,0.29154976312627795,9.000000000000021,327,2024
2024-02-09,0.29334266403214126,9.000000000000012,326,2024
2024-02-12,0.2914861625837674,8.999999999999995,323,2024
2024-02-13,0.2899717224362753,8.999999999999995,322,2024
2024-02-14,0.29051219693885066,9.000000000000018,321,2024
2024-02-15,0.2888087663407373,8.99999999999996,320,2024
2024-02-16,0.28854216741043476,8.999999999999973,319,2024
2024-02-19,0.29043821457092556,8.99999999999999,316,2024
2024-02-20,0.29095766081027247,8.999999999999979,315,2024
2024-02-21,0.2907965546924051,9.000000000000034,314,2024
2024-02-22,0.29161600153560113,9.000000000000023,313,2024
2024-02-23,0.2927138668430343,9.000000000000027,312,2024
2024-02-26,0.29268145443951404,8.999999999999995,309,2024
2024-02-27,0.2916547262207431,8.999999999999998,308,2024
2024-02-28,0.29037998130419584,9.000000000000004,307,2024
2024-02-29,0.29109056004848194,9.0,306,2024
2024-03-01,0.29212269918238737,8.999999999999996,305,2024
2024-03-04,0.29272201041480167,9.000000000000007,302,2024
2024-03-05,0.29333108753164194,9.000000000000007,301,2024
2024-03-06,0.2935904644079073,8.99999999999998,300,2024
2024-03-07,0.2930789824955917,9.0,299,2024
2024-03-08,0.2931083216652905,9.000000000000014,298,2024
2024-03-11,0.2950553216384733,9.000000000000004,295,2024
2024-03-12,0.29349739006207143,9.000000000000012,294,2024
2024-03-13,0.29100423897615285,9.000000000000002,293,2024
2024-03-14,0.29278321255931256,9.000000000000002,292,2024
2024-03-15,0.29375548328604906,8.999999999999995,291,2024
2024-03-18,0.2942808083687677,8.999999999999998,288,2024
2024-03-19,0.2937989512059102,9.0,287,2024
2024-03-20,0.29304364557896434,9.0,286,2024
2024-03-21,0.2932838685360328,9.0,285,2024
2024-03-22,0.2939923882066223,8.999999999999995,284,2024
2024-03-25,0.29441768487509756,8.999999999999998,281,2024
2024-03-26,0.29395962682013205,9.0,280,2024
2024-03-27,0.29472942998366697,8.999999999999998,279,2024
2024-03-28,0.2943653048922978,8.999999999999998,278,2024
2024-03-29,0.2955487082534373,8.999999999999998,277,2024
2024-04-01,0.29582697847073214,9.000000000000016,274,2024
2024-04-02,-0.14685264681172222,-4.451086956521746,273,2024
2024-04-03,0.2970508233629514,8.999999999999964,272,2024
2024-04-04,0.29576824888046815,8.999999999999982,271,2024
2024-04-05,0.2950826614525941,8.999999999999996,270,2024
2024-04-08,0.29425103861360385,9.000000000000034,267,2024
2024-04-09,0.2948272887369344,9.000000000000021,266,2024
2024-04-10,0.2943195532738824,8.99999999999998,265,2024
2024-04-11,0.2926201192831557,8.999999999999998,264,2024
2024-04-12,0.29273018695931,9.000000000000002,263,2024
2024-04-15,0.2951016926445052,9.000000000000002,260,2024
2024-04-16,0.2940458475783776,8.999999999999998,259,2024
2024-04-17,0.2945310607893208,9.000000000000002,258,2024
2024-04-18,0.2954902809934555,9.000000000000009,257,2024
2024-04-19,0.29399940060609,8.999999999999993,256,2024
2024-04-22,0.29233632141133303,9.000000000000012,253,2024
2024-04-23,0.29341167787126665,9.000000000000007,252,2024
2024-04-24,0.2925131796851625,9.000000000000004,251,2024
2024-04-25,0.2942921683539003,8.999999999999979,250,2024
2024-04-26,0.2946035786632409,9.000000000000004,249,2024
2024-04-29,0.29542893822669997,8.999999999999988,246,2024
2024-04-30,0.2953797781260071,8.999999999999988,245,2024
2024-05-01,0.2962520195624413,9.000000000000007,244,2024
2024-05-02,0.29498522984386366,8.999999999999993,243,2024
2024-05-03,0.2949140095558062,8.999999999999998,242,2024
2024-05-06,0.29154572422259295,9.000000000000009,239,2024
2024-05-07,0.2938824342500612,8.99999999999999,238,2024
2024-05-08,0.29452124048386963,8.999999999999998,237,2024
2024-05-09,0.2950471998054623,8.999999999999996,236,2024
2024-05-10,0.29459855247476324,9.000000000000016,235,2024
2024-05-13,0.29560237943460466,8.999999999999977,232,2024
2024-05-14,0.29511869005628877,8.999999999999995,231,2024
2024-05-15,0.2944491482510027,8.99999999999998,230,2024
2024-05-16,0.2950629668813939,9.000000000000007,229,2024
2024-05-17,0.2947485997900387,8.999999999999998,228,2024
2024-05-20,0.29488194973610704,8.999999999999998,225,2024
2024-05-21,0.293742552085661,9.000000000000002,224,2024
2024-05-22,0.2904528027538996,9.000000000000007,223,2024
2024-05-23,0.29035019950944074,9.000000000000007,222,2024
2024-05-24,0.28894293450371594,9.0,221,2024
2024-05-27,0.28843294154462595,8.999999999999998,218,2024
2024-05-28,0.2885279932193197,9.0,217,2024
2024-05-29,0.2881034340806846,9.000000000000002,216,2024
2024-05-30,0.2886548904520283,9.000000000000004,215,2024
2024-05-31,0.28722207469440564,9.000000000000002,214,2024
2024-06-03,0.2885915332961255,9.000000000000004,211,2024
2024-06-04,0.28761764974706916,9.000000000000009,210,2024
2024-06-05,0.2869007132968908,9.0,209,2024
2024-06-06,0.28752293116615524,9.0,208,2024
2024-06-07,0.2867934070734482,8.999999999999996,207,2024
2024-06-10,0.2857994740615316,8.999999999999988,204,2024
2024-06-11,0.28538529880822455,8.99999999999999,203,2024
2024-06-12,0.28786146140855867,9.000000000000002,202,2024
2024-06-13,0.2864954167359975,9.000000000000012,201,2024
2024-06-14,0.28599503275261884,8.999999999999979,200,2024
2024-06-17,0.2844138435933114,9.000000000000004,197,2024
2024-06-18,0.2823423171426519,9.000000000000009,196,2024
2024-06-19,0.2833592742140077,8.999999999999941,195,2024
2024-06-20,0.28373428393665684,8.999999999999988,194,2024
2024-06-21,0.2834731893125822,8.999999999999995,193,2024
2024-06-24,0.28237978645908757,9.000000000000043,190,2024
2024-06-25,0.28387847203429667,9.0,189,2024
2024-06-26,0.28447780861729965,8.999999999999954,188,2024
2024-06-27,0.28246595734010493,8.999999999999945,187,2024
2024-06-28,0.28275709148317596,9.000000000000037,186,2024
2024-07-01,0.281592525053451,9.000000000000039,183,2024
2024-07-02,-0.04655772224641044,-1.4835164835164831,182,2024
2024-07-03,0.28142030670167234,9.000000000000012,181,2024
2024-07-04,0.28005622027865995,8.999999999999998,180,2024
2024-07-05,0.2793626898082855,8.999999999999993,179,2024
2024-07-08,0.2812518784698824,8.999999999999995,176,2024
2024-07-09,0.27978212019436816,8.99999999999999,175,2024
2024-07-10,0.27790079641816456,8.999999999999995,174,2024
2024-07-11,0.2775451144884875,9.0,173,2024
2024-07-12,0.2782167154288244,9.000000000000002,172,2024
2024-07-15,0.27926811097337967,8.999999999999995,169,2024
2024-07-16,0.2793400595732905,8.999999999999996,168,2024
2024-07-17,0.27888238492463374,9.0,167,2024
2024-07-18,0.27786990828524694,8.999999999999998,166,2024
2024-07-19,0.2752203962588357,9.000000000000004,165,2024
2024-07-22,0.2765722393121791,8.999999999999995,162,2024
2024-07-23,0.2757662530334392,9.000000000000002,161,2024
2024-07-24,0.2758053953704449,8.999999999999996,160,2024
2024-07-25,0.2762220832669761,8.999999999999988,159,2024
2024-07-26,0.2773767950899744,8.999999999999998,158,2024
2024-07-29,0.27841592020296363,9.00000000000002,155,2024
2024-07-30,0.27922217765671614,8.999999999999993,154,2024
2024-07-31,0.2801841766690629,9.000000000000007,153,2024
2024-08-01,-0.1400931728358819,-4.500000000000001,152,2024
2024-08-02,0.2823062970911222,8.999999999999998,151,2024
2024-08-05,0.283930082052581,9.000000000000007,148,2024
2024-08-06,0.2847602868927395,8.999999999999993,147,2024
2024-08-07,0.2830266165111958,8.999999999999995,146,2024
2024-08-08,0.28040691016577385,9.0,145,2024
2024-08-09,0.2794016317406874,9.0,144,2024
2024-08-12,0.28094640851889213,8.999999999999996,141,2024
2024-08-13,0.2814051459336536,8.999999999999998,140,2024
2024-08-14,0.2815410861162903,8.999999999999998,139,2024
2024-08-15,0.2814822379056911,8.999999999999996,138,2024
2024-08-16,0.28115632297721027,8.999999999999998,137,2024
2024-08-19,0.2812293539620667,9.000000000000002,134,2024
2024-08-20,0.2822596343146055,9.000000000000021,133,2024
2024-08-21,0.2817181496336498,9.0,132,2024
2024-08-22,0.28236039683073133,8.999999999999996,131,2024
2024-08-23,0.27973444256093,9.000000000000007,130,2024
2024-08-26,0.276761833318013,8.99999999999999,127,2024
2024-08-27,0.27617854561670296,9.000000000000004,126,2024
2024-08-28,0.27691239412736035,8.99999999999999,125,2024
2024-08-29,0.2752238906054787,9.000000000000028,124,2024
2024-08-30,0.2749731857463945,9.000000000000009,123,2024
2024-09-02,0.2740740960993786,8.999999999999995,120,2024
2024-09-03,0.2723950117684067,9.000000000000012,119,2024
2024-09-04,0.27345748737606407,9.0,118,2024
2024-09-05,0.2740297762507986,9.000000000000007,117,2024
2024-09-06,0.2742238501693594,8.999999999999998,116,2024
2024-09-09,0.27171539267756434,9.000000000000007,113,2024
2024-09-10,0.27252545639168096,9.000000000000002,112,2024
2024-09-11,0.2721800018666494,8.999999999999995,111,2024
2024-09-12,0.27364986219645276,9.000000000000023,110,2024
2024-09-13,0.271535241227995,9.000000000000002,109,2024
2024-09-16,0.27009248933358626,8.999999999999995,106,2024
2024-09-17,0.2697273792252833,8.999999999999996,105,2024
2024-09-18,0.2692842586497119,8.99999999999999,104,2024
2024-09-19,0.2711076731210085,8.999999999999979,103,2024
2024-09-20,0.2712017539212538,9.000000000000002,102,2024
2024-09-23,0.2702562141544944,8.999999999999975,99,2024
2024-09-24,0.27013298328875773,9.000000000000012,98,2024
2024-09-25,0.27163636490640297,8.999999999999988,97,2024
2024-09-26,0.2723111272302097,8.999999999999975,96,2024
2024-09-27,0.27310503326391095,9.000000000000004,95,2024
2024-09-30,0.2732737212280678,9.000000000000012,92,2024
2024-10-01,-0.13192812160138995,-4.354838709677429,91,2024
2024-10-02,0.2719186307326792,9.000000000000002,90,2024
2024-10-03,0.27054411914605336,9.000000000000007,89,2024
2024-10-04,0.27059903363866405,9.000000000000007,88,2024
2024-10-07,0.2704963920960475,8.999999999999995,85,2024
2024-10-08,0.27321805984304215,8.999999999999984,84,2024
2024-10-09,0.2726331543911734,8.999999999999993,83,2024
2024-10-10,0.2714990497296535,9.000000000000018,82,2024
2024-10-11,0.27178177491311784,8.999999999999995,81,2024
2024-10-14,0.2712638403155146,8.999999999999979,78,2024
2024-10-15,0.2709210628792857,8.99999999999999,77,2024
2024-10-16,0.27117891282649825,9.000000000000002,76,2024
2024-10-17,0.2709392925252575,8.999999999999982,75,2024
2024-10-18,0.27067629927926873,9.00000000000002,74,2024
2024-10-21,0.269554198545096,8.999999999999988,71,2024
2024-10-22,0.26964141130894925,8.999999999999984,70,2024
2024-10-23,0.2692919539626048,8.999999999999996,69,2024
2024-10-24,0.26677422103502135,9.000000000000004,68,2024
2024-10-25,0.2670576451859533,8.99999999999999,67,2024
2024-10-28,0.26589766708107654,9.0,64,2024
2024-10-29,0.2651490765568345,9.000000000000009,63,2024
2024-10-30,0.2653424661481914,8.999999999999973,62,2024
2024-10-31,-0.1370658324117432,-4.649999999999997,61,2024
2024-11-01,0.2637691190723874,8.999999999999995,60,2024
2024-11-04,0.2638908917217813,9.000000000000016,57,2024
2024-11-05,0.26298436381279894,9.000000000000002,56,2024
2024-11-06,0.26502207309195736,8.999999999999988,55,2024
2024-11-07,0.2627380752704687,9.0,54,2024
2024-11-08,0.263513779131851,8.999999999999982,53,2024
2024-11-11,0.2641463028838783,9.000000000000007,50,2024
2024-11-12,0.2639807358269774,8.999999999999996,49,2024
2024-11-13,0.26413742777512483,9.000000000000002,48,2024
2024-11-14,0.2640687020354194,8.999999999999993,47,2024
2024-11-15,0.2650712477031201,8.999999999999993,46,2024
2024-11-18,0.26612003743618334,8.999999999999975,43,2024
2024-11-19,0.2672286083044184,8.999999999999995,42,2024
2024-11-20,0.2706707066775033,8.999999999999993,41,2024
2024-11-21,0.2691355933913663,9.000000000000002,40,2024
2024-11-22,0.27056364298751423,9.000000000000014,39,2024
2024-11-25,0.2702954636109446,9.000000000000002,36,2024
2024-11-26,0.2713452863589676,8.999999999999977,35,2024
2024-11-27,0.27149771942905176,8.99999999999999,34,2024
2024-11-28,0.27217766323341,8.99999999999998,33,2024
2024-11-29,0.2730007385313672,8.999999999999996,32,2024
2024-12-02,0.2745756394681189,8.999999999999998,29,2024
2024-12-03,0.2747697298720877,9.000000000000014,28,2024
2024-12-04,0.2757467753546412,9.000000000000004,27,2024
2024-12-05,0.27505650867095743,8.999999999999998,26,2024
2024-12-06,0.2765432447059393,9.000000000000004,25,2024
2024-12-09,0.27681777255523965,9.0,22,2024
2024-12-10,0.27561465621629333,8.999999999999998,21,2024
2024-12-11,0.2755329727607,9.000000000000004,20,2024
2024-12-12,0.27448254314955545,8.999999999999996,19,2024
2024-12-13,0.2752419756918273,9.000000000000004,18,2024
2024-12-16,0.2742612066116372,8.999999999999996,15,2024
2024-12-17,-0.11983232112958125,-3.937499999999999,14,2024
2024-12-18,0.27625504685134583,8.999999999999996,13,2024
2024-12-19,0.27509439330303,8.999999999999996,12,2024
2024-12-20,0.27456421768639894,9.000000000000007,11,2024
2024-12-23,0.27353872040488647,9.0,8,2024
2024-12-24,,,7,2024
2024-12-25,,,6,2024
2024-12-26,,,5,2024
2024-12-27,,,4,2024
2024-12-30,,,1,2024
2024-12-31,,,0,2024
2025-01-01,0.2760907115371452,8.999999999999998,364,2025
2025-01-02,0.2776809798168745,8.99999999999998,363,2025
2025-01-03,0.27799158739929786,9.000000000000012,362,2025
2025-01-06,0.27786586078886855,8.999999999999973,359,2025
2025-01-07,0.28186919408240607,9.0,358,2025
2025-01-08,0.2827545018899874,8.999999999999975,357,2025
2025-01-09,0.2837145337411704,9.000000000000066,356,2025
2025-01-10,0.28393369183225853,8.99999999999999,355,2025
2025-01-13,0.28440605103374605,8.999999999999932,352,2025
2025-01-14,0.2854199590743491,8.99999999999995,351,2025
2025-01-15,0.28446944901900934,8.999999999999977,350,2025
2025-01-16,0.2842912839093014,8.99999999999997,349,2025
2025-01-17,0.2841513539475812,9.000000000000009,348,2025
2025-01-20,0.2847433295671486,8.999999999999982,345,2025
2025-01-21,0.28440338870735066,9.000000000000012,344,2025
2025-01-22,0.285140534953417,8.999999999999995,343,2025
2025-01-23,0.2846756298890151,9.000000000000046,342,2025
2025-01-24,0.28302945499006377,8.99999999999999,341,2025
2025-01-27,0.2831621083383003,9.0,338,2025
2025-01-28,0.283235001576858,8.999999999999984,337,2025
2025-01-29,0.28449357857251883,9.000000000000076,336,2025
2025-01-30,0.28459862944388054,9.000000000000002,335,2025
2025-01-31,0.284631230812878,8.999999999999865,334,2025
2025-02-03,0.28439212934620123,9.000000000000039,331,2025
2025-02-04,0.2845715990505492,9.000000000000018,330,2025
2025-02-05,0.28321332608556227,9.000000000000053,329,2025
2025-02-06,0.28378850151776486,8.999999999999964,328,2025
2025-02-07,0.28141510044126217,9.000000000000032,327,2025
2025-02-10,0.2824453665272015,8.99999999999997,324,2025
2025-02-11,0.281947437895433,9.000000000000105,323,2025
2025-02-12,0.2826974342212577,9.000000000000023,322,2025
2025-02-13,0.28213542543363246,9.000000000000046,321,2025
2025-02-14,0.27942206698849936,9.000000000000007,320,2025
2025-02-17,0.2797152150838106,9.000000000000016,317,2025
2025-02-18,0.28224085977256264,9.00000000000004,316,2025
2025-02-19,0.28343823743355956,8.999999999999995,315,2025
2025-02-20,0.2837172254514855,8.99999999999998,314,2025
2025-02-21,0.28478982262881963,8.99999999999996,313,2025
2025-02-24,0.28454288409902345,9.000000000000039,310,2025
2025-02-25,0.285763264189741,9.000000000000066,309,2025
2025-02-26,0.28639011026771183,8.999999999999988,308,2025
2025-02-27,0.28511296888903875,9.000000000000037,307,2025
2025-02-28,0.28461329169752075,8.999999999999984,306,2025
2025-03-03,0.2867712648121432,9.000000000000039,303,2025
2025-03-04,0.28859026439125507,9.000000000000027,302,2025
2025-03-05,0.2875428013247628,8.999999999999977,301,2025
2025-03-06,0.28816526978457724,9.000000000000014,300,2025
2025-03-07,0.29061969871802595,9.000000000000007,299,2025
2025-03-10,0.291468182024098,8.99999999999999,296,2025
2025-03-11,0.29149556514497205,8.999999999999982,295,2025
2025-03-12,0.29219352804809756,8.999999999999975,294,2025
2025-03-13,0.2907162629618057,8.999999999999973,293,2025
2025-03-14,0.2922721308053242,8.999999999999973,292,2025
2025-03-17,0.29038417954046314,8.999999999999979,289,2025
2025-03-18,0.29112198594661753,8.999999999999996,288,2025
2025-03-19,0.29244573023665105,9.000000000000018,287,2025
2025-03-20,0.29143791458329754,8.999999999999995,286,2025
2025-03-21,0.2921082822527497,9.000000000000016,285,2025
2025-03-24,0.29200713692292535,8.999999999999945,282,2025
2025-03-25,0.29144731584997996,9.000000000000034,281,2025
2025-03-26,0.29305654418596466,8.999999999999964,280,2025
2025-03-27,0.2916261922583774,9.000000000000028,279,2025
2025-03-28,0.28999932647012927,8.999999999999957,278,2025
2025-03-31,0.2897020976553733,9.000000000000066,275,2025
2025-04-01,0.288131382691602,9.000000000000018,274,2025
2025-04-02,-0.14174952385523312,-4.45108695652173,273,2025
2025-04-03,0.28516872286009937,8.999999999999964,272,2025
2025-04-04,0.28580670446098805,8.999999999999995,271,2025
2025-04-07,0.28523475271659077,8.99999999999994,268,2025
2025-04-08,0.28475180740229444,8.999999999999979,267,2025
2025-04-09,0.28388954184400966,8.999999999999973,266,2025
2025-04-10,0.2838793605828812,9.00000000000002,265,2025
2025-04-11,0.2852932571943265,9.000000000000007,264,2025
2025-04-14,0.2858358723125949,9.000000000000012,261,2025
2025-04-15,0.2854302151670971,9.000000000000018,260,2025
2025-04-16,0.28643400377061085,9.000000000000027,259,2025
2025-04-17,0.2860143577895481,8.999999999999964,258,2025
2025-04-18,0.2862747195166825,8.99999999999995,257,2025
2025-04-21,0.28489339630707,8.999999999999979,254,2025
2025-04-22,0.285326539640876,9.000000000000043,253,2025
2025-04-23,0.28498946688123966,8.99999999999996,252,2025
2025-04-24,0.28516039410879673,8.999999999999995,251,2025
2025-04-25,0.285077254801292,9.000000000000007,250,2025
2025-04-28,0.2846698937233458,9.000000000000066,247,2025
2025-04-29,0.2857796945667156,9.00000000000004,246,2025
2025-04-30,0.2850219957263354,9.000000000000007,245,2025
2025-05-01,0.28621864829341737,9.000000000000085,244,2025
2025-05-02,0.2848413247576911,9.00000000000005,243,2025
2025-05-05,0.28539289610645147,8.999999999999995,240,2025
2025-05-06,0.28379120952590153,8.99999999999997,239,2025
2025-05-07,0.2823470421061198,9.000000000000007,238,2025
2025-05-08,0.2812825312171949,9.00000000000002,237,2025
2025-05-09,0.28070194586469976,8.99999999999997,236,2025
2025-05-12,0.27967195154908686,8.99999999999999,233,2025
2025-05-13,0.28016349464041307,8.99999999999998,232,2025
2025-05-14,0.2793710106427536,8.99999999999996,231,2025
2025-05-15,0.2773297835789773,8.999999999999957,230,2025
2025-05-16,0.2768158853900492,9.000000000000023,229,2025
2025-05-19,0.2770661107499605,8.999999999999954,226,2025
2025-05-20,0.2774944125096883,8.999999999999979,225,2025
2025-05-21,0.27850591440793476,9.000000000000009,224,2025
2025-05-22,0.27924800509702513,9.0,223,2025
2025-05-23,0.27984839410784856,9.000000000000004,222,2025
2025-05-26,0.2798920885425439,8.999999999999956,219,2025
2025-05-27,0.2809155389382689,9.000000000000036,218,2025
2025-05-28,0.280816249186928,9.000000000000007,217,2025
2025-05-29,0.2803576630306474,8.999999999999988,216,2025
2025-05-30,0.2800435844674894,9.000000000000021,215,2025
2025-06-02,0.28062753980492533,8.999999999999961,212,2025
2025-06-03,0.28222625962263387,8.99999999999995,211,2025
2025-06-04,0.2841483885582813,8.999999999999984,210,2025
2025-06-05,0.2854308019322801,8.999999999999964,209,2025
2025-06-06,0.2865343393249197,8.99999999999999,208,2025
2025-06-09,0.2848071037680934,8.99999999999997,205,2025
2025-06-10,0.28683872859598086,8.999999999999975,204,2025
2025-06-11,0.28509593957468854,8.999999999999918,203,2025
2025-06-12,0.28510609614689153,8.99999999999998,202,2025
2025-06-13,0.28442719343182254,8.999999999999982,201,2025
2025-06-16,0.2841444385445036,9.00000000000004,198,2025
2025-06-17,0.28275739716274295,9.000000000000027,197,2025
2025-06-18,0.2828535938672508,8.999999999999966,196,2025
2025-06-19,0.2830685956264989,8.99999999999997,195,2025
2025-06-20,0.28336049604629804,9.000000000000059,194,2025
2025-06-23,0.2837487651804016,9.000000000000016,191,2025
2025-06-24,0.28377560634116744,8.999999999999977,190,2025
2025-06-25,0.28382491148721173,9.0,189,2025
2025-06-26,0.2851201541600892,8.999999999999892,188,2025
2025-06-27,0.28604713121509334,9.000000000000002,187,2025
2025-06-30,0.2839068594656438,8.999999999999993,184,2025
2025-07-01,0.28353427384913926,8.999999999999885,183,2025
2025-07-02,-0.04665559018045315,-1.4835164835164856,182,2025
2025-07-03,0.28351091410557616,9.000000000000016,181,2025
2025-07-04,0.2828788513083721,8.99999999999995,180,2025
2025-07-07,0.28342457458686127,9.000000000000012,177,2025
2025-07-08,0.2815145474597608,9.000000000000002,176,2025
2025-07-09,0.2824311599552045,8.999999999999975,175,2025
2025-07-10,0.28425635267457433,8.999999999999979,174,2025
2025-07-11,0.2831148923856915,8.999999999999988,173,2025
2025-07-14,0.2845971773380198,9.000000000000016,170,2025
2025-07-15,0.2853393765134649,9.000000000000009,169,2025
2025-07-16,0.28602895877265105,9.000000000000007,168,2025
2025-07-17,0.2877783175779871,8.999999999999996,167,2025
2025-07-18,0.2880968538472177,8.999999999999993,166,2025
2025-07-21,0.28791796031068506,9.000000000000007,163,2025
2025-07-22,0.28878106455309616,8.999999999999993,162,2025
2025-07-23,0.29026066203642664,8.999999999999998,161,2025
2025-07-24,0.2897954371509117,9.000000000000027,160,2025
2025-07-25,0.2900791921682223,9.000000000000002,159,2025
2025-07-28,0.289525615542613,9.000000000000007,156,2025
2025-07-29,0.2898210851642946,8.999999999999995,155,2025
2025-07-30,0.2915687253771356,8.999999999999984,154,2025
2025-07-31,0.29435596911800027,9.000000000000007,153,2025
2025-08-01,-0.14660322449043942,-4.500000000000016,152,2025
2025-08-04,0.29235628859106655,8.999999999999984,149,2025
2025-08-05,0.29359396961329287,8.999999999999998,148,2025
2025-08-06,0.2937458766748561,9.000000000000007,147,2025
2025-08-07,0.2935131350830308,8.999999999999995,146,2025
2025-08-08,0.2944197173123538,9.000000000000007,145,2025
2025-08-11,0.29539542060564744,8.999999999999995,142,2025
2025-08-12,0.2941589871103478,8.999999999999996,141,2025
2025-08-13,0.2942203412112777,9.0,140,2025
2025-08-14,0.29538182033823945,8.999999999999996,139,2025
2025-08-15,0.296340721407903,8.999999999999979,138,2025
2025-08-18,0.29544671939089834,8.999999999999995,135,2025
2025-08-19,0.29622896239055224,8.999999999999993,134,2025
2025-08-20,0.2974630663183194,8.99999999999999,133,2025
2025-08-21,0.2972413499456901,8.999999999999996,132,2025
2025-08-22,0.2980036982262211,8.99999999999997,131,2025
2025-08-25,0.29681336098546196,9.000000000000032,128,2025
2025-08-26,0.2976197642083703,9.000000000000021,127,2025
2025-08-27,0.2968046970404417,9.000000000000007,126,2025
2025-08-28,0.2967354338109952,9.000000000000034,125,2025
2025-08-29,0.29454078929508776,8.999999999999996,124,2025
2025-09-01,0.29287628749808464,9.000000000000004,121,2025
2025-09-02,0.2920453182567889,9.000000000000004,120,2025
2025-09-03,0.2923637484276455,9.000000000000002,119,2025
2025-09-04,0.2907621696557414,8.999999999999993,118,2025
2025-09-05,0.29092082596630114,9.000000000000004,117,2025
2025-09-08,0.2890911299182423,9.0,114,2025
2025-09-09,0.2869384565548291,9.0,113,2025
2025-09-10,0.2872034490155704,9.0,112,2025
2025-09-11,0.28829164823317804,8.999999999999996,111,2025
2025-09-12,0.2889628411715314,9.000000000000004,110,2025
2025-09-15,0.2869408194185157,8.999999999999998,107,2025
2025-09-16,0.28566371396140805,9.000000000000002,106,2025
2025-09-17,0.28579720811190823,8.999999999999996,105,2025
2025-09-18,0.2855781659255981,9.000000000000004,104,2025
2025-09-19,0.28256156732167914,8.99999999999998,103,2025
2025-09-22,0.2811800365629923,8.999999999999998,100,2025
2025-09-23,0.2808837333147623,9.0,99,2025
2025-09-24,0.2807277987802625,9.000000000000004,98,2025
2025-09-25,0.2786579472286572,9.000000000000004,97,2025
2025-09-26,0.28121595372803343,9.0,96,2025
2025-09-29,0.28040611517411135,9.0,93,2025
2025-09-30,0.28101863033221525,9.000000000000002,92,2025
2025-10-01,-0.13477776533643623,-4.354838709677419,91,2025
2025-10-02,0.2784927774138149,8.999999999999998,90,2025
2025-10-03,0.2799282196188609,9.000000000000004,89,2025
2025-10-06,0.27991321788491796,8.999999999999993,86,2025
2025-10-07,0.2805523058981482,8.999999999999995,85,2025
2025-10-08,0.2793559083187253,8.999999999999996,84,2025
2025-10-09,0.27924299583937173,8.999999999999998,83,2025
2025-10-10,0.28027023366174486,9.000000000000004,82,2025
2025-10-13,0.279605975022189,9.0,79,2025
2025-10-14,0.28048405349322186,9.000000000000007,78,2025
2025-10-15,0.28072892897682167,9.000000000000002,77,2025
2025-10-16,0.28174730885519955,9.000000000000007,76,2025
2025-10-17,0.28323512003618007,9.0,75,2025
2025-10-20,0.28357826152986854,9.000000000000007,72,2025
2025-10-21,0.2836077288104862,8.999999999999993,71,2025
2025-10-22,0.28292775675604387,8.999999999999998,70,2025
2025-10-23,0.2828811435719567,8.999999999999988,69,2025
2025-10-24,0.2819182125537724,9.000000000000002,68,2025
2025-10-27,0.2814650339041538,8.999999999999998,65,2025
2025-10-28,0.2814803164643747,8.999999999999998,64,2025
2025-10-29,0.28003084750785345,8.999999999999996,63,2025
2025-10-30,0.28066663398416014,8.999999999999996,62,2025
2025-10-31,-0.1450025293162505,-4.6499999999999995,61,2025
2025-11-03,0.28193969837990535,9.0,58,2025
2025-11-04,0.28208073961730573,8.999999999999998,57,2025
2025-11-05,0.2818629428934636,9.000000000000002,56,2025
2025-11-06,0.2807501969023354,9.0,55,2025
2025-11-07,0.28023028234600517,9.000000000000004,54,2025
2025-11-10,0.28053041307401344,9.000000000000004,51,2025
2025-11-11,0.28027421918612105,8.999999999999998,50,2025
2025-11-12,0.2799772035944175,9.0,49,2025
2025-11-13,0.2807902978765587,9.0,48,2025
2025-11-14,0.28175749817523715,9.000000000000009,47,2025
2025-11-17,0.2829536254920899,9.0,44,2025
2025-11-18,0.2826637600263135,9.000000000000007,43,2025
2025-11-19,0.2826670712398822,9.000000000000007,42,2025
2025-11-20,0.28340962856939855,9.000000000000007,41,2025
2025-11-21,0.28179355901179814,8.999999999999998,40,2025
2025-11-24,0.2801071605276121,9.000000000000004,37,2025
2025-11-25,0.28124836735264014,8.999999999999998,36,2025
2025-11-26,0.2821828745083228,9.000000000000004,35,2025
2025-11-27,0.28322925743150706,9.000000000000007,34,2025
2025-11-28,0.2830016413228286,9.000000000000002,33,2025
2025-12-01,-0.07315948755903781,-2.3225806451612905,30,2025
2025-12-02,0.2835167930137602,9.000000000000002,29,2025
2025-12-03,0.2830862101597222,9.000000000000002,28,2025
2025-12-04,0.2842513221109133,8.999999999999995,27,2025
2025-12-05,0.2842313945865038,8.999999999999995,26,2025
2025-12-08,0.2834055472310983,9.000000000000007,23,2025
2025-12-09,0.283934237985007,8.999999999999996,22,2025
2025-12-10,0.28251436778258676,9.0,21,2025
2025-12-11,0.28210165712193547,8.999999999999998,20,2025
2025-12-12,0.2839301342224353,8.999999999999998,19,2025
2025-12-15,0.28475063107754517,9.000000000000007,16,2025
2025-12-16,0.2830343706748798,9.0,15,2025
2025-12-17,-0.12361469705736333,-3.9374999999999973,14,2025
2025-12-18,0.2826293342688626,8.999999999999998,13,2025
2025-12-19,0.28410507052999157,9.0,12,2025
2025-12-22,0.28622819644984265,9.000000000000002,9,2025
2025-12-23,0.2876452243886614,9.0,8,2025
2025-12-24,,,7,2025
2025-12-25,,,6,2025
2025-12-26,,,5,2025
2025-12-29,,,2,2025
2025-12-30,,,1,2025
2025-12-31,,,0,2025
2026-01-01,0.2878208880554622,8.999999999999982,364,2026
2026-01-02,0.28942543464216297,8.999999999999982,363,2026
2026-01-05,0.28727741920496525,9.000000000000004,360,2026
2026-01-06,0.28557705739890427,9.000000000000027,359,2026
2026-01-07,0.2869120456700819,8.999999999999973,358,2026
2026-01-08,0.2881328896771709,9.00000000000006,357,2026
2026-01-09,0.2895441691841267,9.00000000000005,356,2026
2026-01-12,0.28985349124029064,9.000000000000028,353,2026
2026-01-13,0.2900827338541887,8.999999999999995,352,2026
2026-01-14,0.28975524207646264,8.99999999999999,351,2026
2026-01-15,0.2896960880463404,9.000000000000076,350,2026
2026-01-16,0.2913680628930516,9.000000000000039,349,2026
2026-01-19,0.29059211326557394,8.999999999999945,346,2026
2026-01-20,0.29377391270795483,9.000000000000046,345,2026
2026-01-21,0.29560726253388453,9.0,344,2026
2026-01-22,0.29427141693771625,9.00000000000005,343,2026
2026-01-23,0.2945662091798336,9.000000000000043,342,2026
2026-01-26,0.29460173002757073,8.999999999999995,339,2026
2026-01-27,0.2937473326975355,9.000000000000023,338,2026
2026-01-28,0.29375123524796387,8.99999999999999,337,2026
2026-01-29,0.29427080191576743,9.000000000000032,336,2026
2026-01-30,0.29477456100208477,8.999999999999982,335,2026
2026-02-02,0.2951802650240405,9.000000000000007,332,2026
2026-02-03,0.29435324543718056,9.000000000000012,331,2026
2026-02-04,0.2942295580124608,9.000000000000032,330,2026
2026-02-05,0.2947723016229268,8.999999999999995,329,2026
2026-02-06,0.29446198731095896,9.000000000000009,328,2026
2026-02-09,0.2932102545189026,9.000000000000012,325,2026
2026-02-10,0.29300561102192796,9.00000000000002,324,2026
2026-02-11,0.2923846002933982,9.000000000000012,323,2026
2026-02-12,0.292547073548356,8.999999999999925,322,2026
2026-02-13,0.2913839747676927,9.0,321,2026
2026-02-16,0.2930668608186821,9.000000000000043,318,2026
2026-02-17,0.2937466096219097,9.000000000000027,317,2026
2026-02-18,0.29302225644787805,9.00000000000002,316,2026
2026-02-19,0.2915173078074357,9.00000000000005,315,2026
2026-02-20,0.292496430819961,8.999999999999993,314,2026
2026-02-23,0.293367004100966,9.00000000000009,311,2026
2026-02-24,0.29086061434439325,9.000000000000043,310,2026
2026-02-25,0.289663739083058,8.99999999999999,309,2026
2026-02-26,0.2892175473817672,9.000000000000034,308,2026
2026-02-27,0.28842195618946354,8.999999999999861,307,2026
2026-03-02,0.28915146401226893,9.000000000000004,304,2026
2026-03-03,0.28904824674044177,8.99999999999994,303,2026
2026-03-04,0.28774273823852303,8.99999999999993,302,2026
2026-03-05,0.2866464067185407,8.999999999999979,301,2026
2026-03-06,0.28703341645050784,9.000000000000108,300,2026
2026-03-09,0.28728300391074857,9.000000000000062,297,2026
2026-03-10,0.2864254557217612,8.999999999999993,296,2026
2026-03-11,0.2867795367701725,9.000000000000004,295,2026
2026-03-12,0.28620275631106457,9.00000000000011,294,2026
2026-03-13,0.2851929214702399,8.999999999999993,293,2026
2026-03-16,0.28474298600186365,9.000000000000028,290,2026
2026-03-17,0.2845477640057904,8.999999999999837,289,2026
2026-03-18,0.2846610429480445,8.999999999999922,288,2026
2026-03-19,0.2848489355469709,9.000000000000142,287,2026
2026-03-20,0.28584326629823725,9.000000000000002,286,2026
2026-03-23,0.2868435292025675,9.000000000000012,283,2026
2026-03-24,0.2885559495671381,8.999999999999877,282,2026
2026-03-25,0.2882477923708319,9.000000000000052,281,2026
2026-03-26,0.289157253627081,8.999999999999906,280,2026
2026-03-27,0.28959767614107507,8.99999999999984,279,2026
2026-03-30,0.2906335251049421,8.999999999999966,276,2026
2026-03-31,0.289961967647975,9.000000000000082,275,2026
2026-04-01,0.28962872620010804,8.999999999999956,274,2026
2026-04-02,-0.1430189708233729,-4.451086956521733,273,2026
2026-04-03,0.28810220835673417,9.000000000000027,272,2026
2026-04-06,0.2895098610218993,9.00000000000008,269,2026
2026-04-07,0.28943917516528894,8.999999999999945,268,2026
2026-04-08,0.28885816353677074,9.000000000000062,267,2026
2026-04-09,0.2866735085558459,9.000000000000089,266,2026
2026-04-10,0.28661375701927266,9.000000000000094,265,2026
2026-04-13,0.2866144706879892,9.000000000000009,262,2026
2026-04-14,0.2868228211304205,9.000000000000032,261,2026
2026-04-15,0.28461995594409195,9.000000000000036,260,2026
2026-04-16,0.2859752975296264,8.999999999999934,259,2026
2026-04-17,0.2839732734577769,8.999999999999982,258,2026
2026-04-20,0.28473711053124034,9.000000000000004,255,2026
2026-04-21,0.28514536135448787,8.999999999999964,254,2026
2026-04-22,0.28514994221699935,9.000000000000027,253,2026
2026-04-23,0.2852122593790447,9.000000000000004,252,2026
2026-04-24,0.2847660588018961,8.999999999999936,251,2026
2026-04-27,0.28362313861128813,9.000000000000103,248,2026
2026-04-28,0.2840030249633628,8.999999999999961,247,2026
2026-04-29,0.283562226624136,9.000000000000046,246,2026
2026-04-30,0.2832860182792126,8.999999999999956,245,2026
2026-05-01,0.2861616653097221,8.999999999999956,244,2026
2026-05-04,0.2855643371854027,8.999999999999961,241,2026
2026-05-05,0.2866974278715655,8.999999999999945,240,2026
2026-05-06,0.28950788286113005,8.99999999999995,239,2026
2026-05-07,0.29171214077504404,9.000000000000032,238,2026
2026-05-08,0.2932236990322142,9.000000000000018,237,2026
2026-05-11,0.2935193284829953,8.99999999999999,234,2026
2026-05-12,0.2943564648339331,8.99999999999994,233,2026
2026-05-13,0.2950939768741761,9.000000000000046,232,2026
2026-05-14,0.29568366419424497,8.999999999999973,231,2026
2026-05-15,0.2954453864646207,9.0,230,2026
2026-05-18,0.29436788056836244,9.000000000000043,227,2026
2026-05-19,0.29294528509939005,9.00000000000004,226,2026
2026-05-20,0.292194941042884,9.000000000000023,225,2026
2026-05-21,0.29260723795839244,8.999999999999984,224,2026
2026-05-22,0.2928098497708189,9.000000000000016,223,2026
2026-05-25,0.29315865445438377,9.000000000000043,220,2026
2026-05-26,0.2934136600518844,8.999999999999993,219,2026
2026-05-27,0.2916298299886211,9.000000000000046,218,2026
2026-05-28,0.29048063106574595,8.999999999999984,217,2026
2026-05-29,0.2913647399661976,8.999999999999995,216,2026
2026-06-01,0.2931590144067271,8.99999999999997,213,2026
2026-06-02,0.2918471693847381,8.999999999999988,212,2026
2026-06-03,0.29407713248103,8.999999999999984,211,2026
2026-06-04,0.29292442428700105,9.000000000000002,210,2026
2026-06-05,0.2932806545098871,8.999999999999998,209,2026
2026-06-08,0.29417467505903705,8.99999999999999,206,2026
2026-06-09,0.2948354452138659,8.999999999999988,205,2026
2026-06-10,0.2940656421182016,9.000000000000004,204,2026
2026-06-11,0.29410962251291745,8.999999999999993,203,2026
2026-06-12,0.294594043283578,8.999999999999988,202,2026
2026-06-15,0.29173521519582735,9.000000000000007,199,2026
2026-06-16,0.29100856433067523,8.99999999999999,198,2026
2026-06-17,0.28967284376689695,8.999999999999993,197,2026
2026-06-18,0.28834078794469475,9.0,196,2026
2026-06-19,0.2894040829217407,9.000000000000004,195,2026
2026-06-22,0.2884018106798492,8.999999999999977,192,2026
2026-06-23,0.2889173436090228,9.000000000000002,191,2026
2026-06-24,0.2895762923647924,9.000000000000002,190,2026
2026-06-25,0.2908929116806271,9.000000000000002,189,2026
2026-06-26,0.29337679638144687,9.000000000000007,188,2026
2026-06-29,0.2924794833345642,8.999999999999998,185,2026
2026-06-30,0.2928271528453388,8.999999999999995,184,2026
2026-07-01,0.2924738759834882,8.999999999999995,183,2026
2026-07-02,-0.04817618272427066,-1.4835164835164838,182,2026
2026-07-03,0.2907661026083363,8.999999999999998,181,2026
2026-07-06,0.2925839266380432,9.000000000000002,178,2026
2026-07-07,0.29472214694533533,8.999999999999995,177,2026
2026-07-08,0.2948138726926963,8.999999999999998,176,2026
2026-07-09,0.29396910429802564,9.000000000000004,175,2026
2026-07-10,0.2919541781906061,9.000000000000002,174,2026
2026-07-13,0.2915910569791048,9.000000000000007,171,2026
2026-07-14,0.2915760277656957,8.999999999999998,170,2026
2026-07-15,0.291711581939029,8.999999999999996,169,2026
2026-07-16,0.2921371401687442,8.999999999999998,168,2026
2026-07-17,0.2939458164076196,8.999999999999988,167,2026
2026-07-20,0.2925772468084509,9.000000000000004,164,2026
2026-07-21,0.29254694875845666,9.0,163,2026
2026-07-22,0.2941441219149512,9.0,162,2026
2026-07-23,0.29579404830570744,9.000000000000002,161,2026
2026-07-24,0.29731160196495854,8.999999999999996,160,2026
2026-07-27,0.29553846422831603,9.0,157,2026
2026-07-28,0.2947370189979742,9.000000000000004,156,2026
2026-07-29,0.29402086410805905,9.000000000000002,155,2026
2026-07-30,0.29444115475906185,9.000000000000002,154,2026
2026-07-31,0.2956347967534937,8.999999999999995,153,2026
2026-08-03,0.2958956357652434,8.999999999999993,150,2026
2026-08-04,0.2957933156712344,8.999999999999995,149,2026
2026-08-05,0.29568196629731636,9.000000000000004,148,2026
2026-08-06,0.2960440000454673,9.000000000000023,147,2026
2026-08-07,0.29528194447723083,9.000000000000014,146,2026
2026-08-10,0.295131788405715,9.000000000000004,143,2026
2026-08-11,0.2948207344101137,9.000000000000007,142,2026
2026-08-12,0.29431418667916304,9.000000000000014,141,2026
2026-08-13,0.29496432732545197,8.999999999999996,140,2026
2026-08-14,0.2938739555309155,8.999999999999988,139,2026
2026-08-17,0.29220140376291415,9.000000000000004,136,2026
2026-08-18,0.29183000621406796,9.000000000000007,135,2026
2026-08-19,0.2921407214129221,9.000000000000012,134,2026
2026-08-20,0.29174686598902666,9.000000000000002,133,2026
2026-08-21,0.29072901067080076,9.000000000000009,132,2026
2026-08-24,0.2917175054907002,9.0,129,2026
2026-08-25,0.29216145432577806,8.999999999999993,128,2026
2026-08-26,0.29351274287974977,9.000000000000007,127,2026
2026-08-27,0.29172560704396516,9.000000000000014,126,2026
2026-08-28,0.29241779534172485,8.999999999999982,125,2026
