obs_date,jump_pts,jump_ann_pct,days_to_turn,year
2016-08-29,3.247189163737796,8.000000000000046,124,2016
2016-08-30,3.2500295783139332,8.000000000000115,123,2016
2016-08-31,-1.6813137332048302,-4.133333333333304,122,2016
2016-09-01,3.2729699008714785,8.000000000000153,121,2016
2016-09-02,3.278286422314234,7.999999999999935,120,2016
2016-09-05,3.2666084153615333,7.999999999999982,117,2016
2016-09-06,3.257068499614396,8.000000000000098,116,2016
2016-09-07,3.2564663611782416,7.9999999999999645,115,2016
2016-09-08,3.2682223740079808,8.000000000000094,114,2016
2016-09-09,3.2701570457666786,8.000000000000087,113,2016
2016-09-12,3.273329138153665,7.999999999999908,110,2016
2016-09-13,3.263778329595842,7.999999999999973,109,2016
2016-09-14,3.26496988583948,8.000000000000025,108,2016
2016-09-15,3.2647981966986244,8.000000000000075,107,2016
2016-09-16,3.254640935025362,8.0000000000002,106,2016
2016-09-19,3.260278294661366,8.000000000000174,103,2016
2016-09-20,3.288958017024071,7.999999999999953,102,2016
2016-09-21,3.290285731132334,8.000000000000139,101,2016
2016-09-22,3.283512868084866,8.000000000000005,100,2016
2016-09-23,3.2848676464013997,8.000000000000137,99,2016
2016-09-26,3.2885946060995805,8.000000000000073,96,2016
2016-09-27,3.295530890006799,8.000000000000036,95,2016
2016-09-28,3.2973216729988715,7.9999999999999645,94,2016
2016-09-29,3.2987053641567754,7.999999999999982,93,2016
2016-09-30,3.2760744657401397,8.000000000000055,92,2016
2016-10-03,3.283981320565672,8.00000000000014,89,2016
2016-10-04,3.2808761838141876,8.0,88,2016
2016-10-05,3.3150367951292647,8.000000000000004,87,2016
2016-10-06,3.3306012200913115,7.9999999999999085,86,2016
2016-10-07,3.33926162023217,7.99999999999996,85,2016
2016-10-10,3.320485625760712,8.000000000000078,82,2016
2016-10-11,3.298887089400633,7.9999999999999725,81,2016
2016-10-12,3.2678329268871553,7.999999999999953,80,2016
2016-10-13,3.2490622444155903,7.999999999999863,79,2016
2016-10-14,3.259611821674917,7.999999999999997,78,2016
2016-10-17,3.264295468018925,7.999999999999989,75,2016
2016-10-18,3.2713645870707597,8.000000000000165,74,2016
2016-10-19,3.2717126060212376,8.000000000000053,73,2016
2016-10-20,3.2865127641437963,8.000000000000025,72,2016
2016-10-21,3.2764623396311787,8.00000000000001,71,2016
2016-10-24,3.255545937059967,7.999999999999894,68,2016
2016-10-25,3.2808076581454215,7.999999999999896,67,2016
2016-10-26,3.2834682450024233,8.000000000000027,66,2016
2016-10-27,3.29476821995045,8.00000000000009,65,2016
2016-10-28,3.290650440294056,7.999999999999943,64,2016
2016-10-31,-1.6977748995960174,-4.133333333333311,61,2016
2016-11-01,3.2861536750443863,8.00000000000008,60,2016
2016-11-02,3.2992285199994313,7.999999999999955,59,2016
2016-11-03,3.29137274760516,8.000000000000034,58,2016
2016-11-04,3.3033108282307957,8.00000000000011,57,2016
2016-11-07,3.2966015289889286,8.000000000000009,54,2016
2016-11-08,3.3128397484711622,8.000000000000105,53,2016
2016-11-09,3.3029391892704743,8.000000000000115,52,2016
2016-11-10,3.3183686239845818,8.00000000000001,51,2016
2016-11-11,3.309036406985575,8.000000000000016,50,2016
2016-11-14,3.31516788541108,7.999999999999982,47,2016
2016-11-15,3.293964496145454,7.999999999999924,46,2016
2016-11-16,3.310449995819406,8.000000000000068,45,2016
2016-11-17,3.343686212742856,8.000000000000009,44,2016
2016-11-18,3.3370090147644245,8.00000000000002,43,2016
2016-11-21,3.343763388866658,8.000000000000023,40,2016
2016-11-22,3.3559999661095286,7.999999999999967,39,2016
2016-11-23,3.35038411633537,7.9999999999999085,38,2016
2016-11-24,3.338850733943043,8.000000000000112,37,2016
2016-11-25,3.3314262565045842,8.000000000000012,36,2016
2016-11-28,3.3247710555019285,8.000000000000085,33,2016
2016-11-29,3.3218036929399277,8.000000000000034,32,2016
2016-11-30,3.3313051220848156,7.999999999999999,31,2016
2016-12-01,-0.8563588460540537,-2.0645161290322687,30,2016
2016-12-02,3.3234778866992514,7.999999999999995,29,2016
2016-12-05,3.3285017569473894,8.000000000000005,26,2016
2016-12-06,3.3313925367659287,8.00000000000001,25,2016
2016-12-07,3.2954980314165034,7.999999999999987,24,2016
2016-12-08,3.300172343549068,8.000000000000016,23,2016
2016-12-09,3.286747693020615,7.999999999999963,22,2016
2016-12-12,3.2849138440083827,7.999999999999968,19,2016
2016-12-13,3.2732463603181117,8.000000000000023,18,2016
2016-12-14,3.2532789579160095,8.000000000000012,17,2016
2016-12-15,3.248333173693524,7.999999999999993,16,2016
2016-12-16,3.253486892675191,7.999999999999983,15,2016
2016-12-19,3.250827033237092,7.99999999999999,12,2016
2016-12-20,3.255997057280055,8.000000000000005,11,2016
2016-12-21,3.2254688559675797,8.000000000000004,10,2016
2016-12-22,3.2345377758597804,7.9999999999999964,9,2016
2016-12-23,3.220981094187847,7.999999999999985,8,2016
2016-12-26,,,5,2016
2016-12-27,,,4,2016
2016-12-28,,,3,2016
2016-12-29,,,2,2016
2016-12-30,,,1,2016
2017-01-02,3.2205501315172373,7.9999999999995035,363,2017
2017-01-03,3.2102017646885637,8.000000000000341,362,2017
2017-01-04,3.2291231863777856,8.000000000000123,361,2017
2017-01-05,3.212967303992044,7.999999999999896,360,2017
2017-01-06,3.229059017869468,8.000000000000762,359,2017
2017-01-09,3.2114516042304997,8.000000000000291,356,2017
2017-01-10,3.2075921536103165,7.999999999999581,355,2017
2017-01-11,3.2005925791598093,7.999999999999716,354,2017
2017-01-12,3.2013265220984524,7.999999999999987,353,2017
2017-01-13,3.1931974323192467,8.000000000000291,352,2017
2017-01-16,3.2200528763788183,7.999999999999825,349,2017
2017-01-17,3.2292099326457837,7.999999999999874,348,2017
2017-01-18,3.2081645641850995,7.999999999999671,347,2017
2017-01-19,3.2121255959659125,8.000000000000137,346,2017
2017-01-20,3.2185447730129404,7.999999999999881,345,2017
2017-01-23,3.2198775943612477,8.000000000000286,342,2017
2017-01-24,3.2243222253075396,8.00000000000012,341,2017
2017-01-25,3.224658107932459,7.999999999999467,340,2017
2017-01-26,3.225182834263305,8.000000000000014,339,2017
2017-01-27,3.257083981205663,8.000000000000009,338,2017
2017-01-30,3.2800997697578875,7.999999999999733,335,2017
2017-01-31,3.2676055812626856,7.999999999999995,334,2017
2017-02-01,3.297275221345382,7.999999999999842,333,2017
2017-02-02,3.3185110834982385,8.000000000000426,332,2017
2017-02-03,3.33834712210378,7.9999999999997335,331,2017
2017-02-06,3.315836629085428,7.999999999999714,328,2017
2017-02-07,3.2976352462550524,8.000000000000282,327,2017
2017-02-08,3.318180504573088,7.999999999999824,326,2017
2017-02-09,3.3019370683855636,7.999999999999847,325,2017
2017-02-10,3.3039109093250962,7.999999999999709,324,2017
2017-02-13,3.2999356543114633,7.999999999999945,321,2017
2017-02-14,3.2866983542061323,7.999999999999802,320,2017
2017-02-15,3.3008971452895137,7.999999999999901,319,2017
2017-02-16,3.300205221755971,7.999999999999662,318,2017
2017-02-17,3.3006369226896837,8.000000000000094,317,2017
2017-02-20,3.3043717697176644,7.999999999999487,314,2017
2017-02-21,3.282835233731916,8.000000000000258,313,2017
2017-02-22,3.267450149810222,8.000000000000327,312,2017
2017-02-23,3.2660401762975964,7.999999999999953,311,2017
2017-02-24,3.2633926823797896,7.999999999999825,310,2017
2017-02-27,3.260776949545411,8.000000000000325,307,2017
2017-02-28,3.284679633887194,8.000000000000114,306,2017
2017-03-01,3.286048191488989,7.9999999999994,305,2017
2017-03-02,3.2743347435506447,8.000000000000252,304,2017
2017-03-03,3.295008938337885,7.999999999999988,303,2017
2017-03-06,3.2936027330797923,7.999999999999888,300,2017
2017-03-07,3.2975068026381376,7.999999999999398,299,2017
2017-03-08,3.298434631737509,8.000000000000487,298,2017
2017-03-09,3.2771973861274493,7.99999999999985,297,2017
2017-03-10,3.280334129408301,7.99999999999972,296,2017
2017-03-13,3.2858091136531584,8.000000000000016,293,2017
2017-03-14,3.285954131093936,8.000000000000123,292,2017
2017-03-15,3.2882784081780994,8.00000000000031,291,2017
2017-03-16,3.2852926260528967,7.999999999999694,290,2017
2017-03-17,3.283862288964973,8.000000000000027,289,2017
2017-03-20,3.292887442511832,7.999999999999839,286,2017
2017-03-21,3.2743373958886792,7.999999999999457,285,2017
2017-03-22,3.2711360501241202,7.999999999999908,284,2017
2017-03-23,3.234990642049995,8.000000000000163,283,2017
2017-03-24,3.2617972218478046,7.999999999999936,282,2017
2017-03-27,3.2775594662561076,7.99999999999998,279,2017
2017-03-28,3.296131691786856,7.9999999999999805,278,2017
2017-03-29,3.2813381309384644,7.999999999999641,277,2017
2017-03-30,3.26969425820311,7.9999999999996865,276,2017
2017-03-31,3.273249744329835,8.000000000000224,275,2017
2017-04-03,3.2715933738459566,7.999999999999999,272,2017
2017-04-04,3.2622199176452176,7.9999999999999165,271,2017
2017-04-05,3.291373078104648,8.000000000000224,270,2017
2017-04-06,3.311683245718189,7.999999999999717,269,2017
2017-04-07,3.3249598896945423,7.999999999999751,268,2017
2017-04-10,3.3266409474076566,7.999999999999957,265,2017
2017-04-11,3.297556713837413,8.000000000000028,264,2017
2017-04-12,3.3057250370069817,7.999999999999743,263,2017
2017-04-13,3.308409413232273,8.00000000000025,262,2017
2017-04-14,3.324835407225592,7.999999999999948,261,2017
2017-04-17,3.3394473617703118,7.999999999999953,258,2017
2017-04-18,3.3285512938606647,7.999999999999669,257,2017
2017-04-19,3.3260443122260277,8.000000000000048,256,2017
2017-04-20,3.317893919431263,7.9999999999998614,255,2017
2017-04-21,3.3268998428225705,8.000000000000082,254,2017
2017-04-24,3.3230318577904137,8.00000000000014,251,2017
2017-04-25,3.3238685339731093,8.000000000000057,250,2017
2017-04-26,3.3290031410920182,7.9999999999999485,249,2017
2017-04-27,3.325911239354912,8.000000000000155,248,2017
2017-04-28,3.330383062472031,8.000000000000469,247,2017
2017-05-01,3.3225199331830426,8.00000000000045,244,2017
2017-05-02,3.3171130344486794,7.999999999999758,243,2017
2017-05-03,3.3227457759354957,7.999999999999866,242,2017
2017-05-04,3.327293576381367,8.000000000000473,241,2017
2017-05-05,3.331316425687763,7.9999999999997895,240,2017
2017-05-08,3.3383536125078246,7.999999999999749,237,2017
2017-05-09,3.3387425456763578,8.000000000000421,236,2017
2017-05-10,3.340997072672795,8.00000000000015,235,2017
2017-05-11,3.330266946885902,7.9999999999999964,234,2017
2017-05-12,3.3413842330006647,8.000000000000217,233,2017
2017-05-15,3.3478145017781937,8.000000000000618,230,2017
2017-05-16,3.349741814003481,8.000000000000044,229,2017
2017-05-17,3.325971309433289,8.000000000000515,228,2017
2017-05-18,3.3210918032375063,8.00000000000001,227,2017
2017-05-19,3.3226265364253114,8.000000000000263,226,2017
2017-05-22,3.323434514546987,8.000000000000128,223,2017
2017-05-23,3.323830886673269,7.999999999999952,222,2017
2017-05-24,3.3282673018513296,7.999999999999571,221,2017
2017-05-25,3.3300364488734875,7.999999999999577,220,2017
2017-05-26,3.345216859017845,8.000000000000194,219,2017
2017-05-29,3.3378176521275877,8.00000000000002,216,2017
2017-05-30,3.335847797671037,8.000000000000416,215,2017
2017-05-31,3.354465296640899,8.000000000000226,214,2017
2017-06-01,3.3539129203715277,7.999999999999967,213,2017
2017-06-02,3.34685915882533,8.00000000000026,212,2017
2017-06-05,3.3479161373096433,7.999999999999892,209,2017
2017-06-06,3.3477609533901793,8.000000000000043,208,2017
2017-06-07,3.3496627324741306,8.000000000000158,207,2017
2017-06-08,3.354756078473808,8.000000000000187,206,2017
2017-06-09,3.3593079906580305,8.00000000000015,205,2017
2017-06-12,3.3716485239386493,8.000000000000217,202,2017
2017-06-13,3.383948317483727,8.000000000000036,201,2017
2017-06-14,3.3796379814323876,8.000000000000272,200,2017
2017-06-15,3.3884054765630887,8.000000000000258,199,2017
2017-06-16,3.37643681025851,7.999999999999908,198,2017
2017-06-19,3.3585562070945056,8.000000000000448,195,2017
2017-06-20,3.3702783839228956,8.000000000000213,194,2017
2017-06-21,3.366486415936642,7.999999999999809,193,2017
2017-06-22,3.3668051975661513,7.9999999999994476,192,2017
2017-06-23,3.363739919891023,7.999999999999904,191,2017
2017-06-26,3.357315061207607,7.999999999999955,188,2017
2017-06-27,3.370124019176625,7.999999999999649,187,2017
2017-06-28,3.3665538625443703,7.99999999999957,186,2017
2017-06-29,3.361603808587497,7.999999999999203,185,2017
2017-06-30,3.3770636066646507,7.9999999999998614,184,2017
2017-07-03,3.4007487222748845,7.999999999999989,181,2017
2017-07-04,3.3991977337640877,7.999999999999914,180,2017
2017-07-05,3.4061652501968043,8.000000000000052,179,2017
2017-07-06,3.393252083972409,7.999999999999921,178,2017
2017-07-07,3.4056437658111705,7.999999999999872,177,2017
2017-07-10,3.3942415381377833,7.999999999999864,174,2017
2017-07-11,3.4092989103770677,8.000000000000066,173,2017
2017-07-12,3.4197486300608126,8.00000000000007,172,2017
2017-07-13,3.4338478390589344,7.999999999999888,171,2017
2017-07-14,3.4597316879699314,7.99999999999997,170,2017
2017-07-17,3.470258272882112,7.999999999999933,167,2017
2017-07-18,3.482623217356564,7.999999999999977,166,2017
2017-07-19,3.4892888839252967,7.999999999999583,165,2017
2017-07-20,3.4962405122501705,7.9999999999999405,164,2017
2017-07-21,3.4779569868344407,8.00000000000003,163,2017
2017-07-24,3.472247281285692,7.999999999999955,160,2017
2017-07-25,3.4534546423293966,7.99999999999991,159,2017
2017-07-26,3.4442086179046916,7.999999999999946,158,2017
2017-07-27,3.429490231937553,7.999999999999773,157,2017
2017-07-28,3.446268679971478,7.999999999999859,156,2017
2017-07-31,3.4612161065890623,7.99999999999997,153,2017
2017-08-01,-1.737617762457564,-3.9999999999999964,152,2017
2017-08-02,3.4812213201916498,7.999999999999731,151,2017
2017-08-03,3.4682790131736896,7.999999999999987,150,2017
2017-08-04,3.480633949910037,8.000000000000092,149,2017
2017-08-07,3.4557856694132205,7.9999999999999165,146,2017
2017-08-08,3.435248190980036,7.999999999999749,145,2017
2017-08-09,3.4585748909345426,8.00000000000024,144,2017
2017-08-10,3.451288858212762,8.00000000000002,143,2017
2017-08-11,3.433351806358993,8.000000000000043,142,2017
2017-08-14,3.4162899196022423,7.9999999999999725,139,2017
2017-08-15,3.407925623360004,7.999999999999938,138,2017
2017-08-16,3.418394962063398,7.99999999999981,137,2017
2017-08-17,3.41378874961785,7.999999999999926,136,2017
2017-08-18,3.4451189561664775,8.000000000000023,135,2017
2017-08-21,3.4367317269387687,7.999999999999965,132,2017
2017-08-22,3.456136469014681,7.999999999999605,131,2017
2017-08-23,3.462897625561099,8.0000000000001,130,2017
2017-08-24,3.4619877510629804,7.99999999999999,129,2017
2017-08-25,3.4599335688966404,7.999999999999809,128,2017
2017-08-28,3.466885543807261,7.999999999999842,125,2017
2017-08-29,3.463269553368531,8.000000000000064,124,2017
2017-08-30,3.461844464717192,8.000000000000144,123,2017
2017-08-31,-1.7911128364288689,-4.133333333333435,122,2017
2017-09-01,3.4692594490418682,8.000000000000004,121,2017
2017-09-04,3.45885743499693,8.000000000000128,118,2017
2017-09-05,3.446106617660051,8.000000000000043,117,2017
2017-09-06,3.4447087352459715,7.999999999999767,116,2017
2017-09-07,3.442871981776497,8.000000000000078,115,2017
2017-09-08,3.432003446375365,7.999999999999724,114,2017
2017-09-11,3.4332722303393957,7.9999999999998215,111,2017
2017-09-12,3.43082421354644,7.99999999999996,110,2017
2017-09-13,3.434292175185815,8.000000000000112,109,2017
2017-09-14,3.4221601020476604,7.999999999999876,108,2017
2017-09-15,3.434661646464762,7.999999999999945,107,2017
2017-09-18,3.423412217507163,8.000000000000009,104,2017
2017-09-19,3.412825256001219,8.000000000000016,103,2017
2017-09-20,3.3930801951409393,8.000000000000005,102,2017
2017-09-21,3.384068934126063,7.999999999999891,101,2017
2017-09-22,3.373273040427957,7.999999999999936,100,2017
2017-09-25,3.3620288172667436,7.999999999999904,97,2017
2017-09-26,3.3743086441678116,7.99999999999999,96,2017
2017-09-27,3.359971213719857,7.9999999999999405,95,2017
2017-09-28,3.3787105302794176,8.000000000000162,94,2017
2017-09-29,3.3728866253395275,8.000000000000265,93,2017
2017-10-02,3.3715217740937664,7.999999999999929,90,2017
2017-10-03,3.3580615891498633,7.9999999999999325,89,2017
2017-10-04,3.369995799115175,8.000000000000009,88,2017
2017-10-05,3.3581913942353836,8.000000000000085,87,2017
2017-10-06,3.348944393711184,8.000000000000023,86,2017
2017-10-09,3.3559323465689594,7.999999999999939,83,2017
2017-10-10,3.3480535534771505,7.999999999999992,82,2017
2017-10-11,3.3644333815360605,8.000000000000016,81,2017
2017-10-12,3.3668401057992092,8.000000000000048,80,2017
2017-10-13,3.3708486494130785,7.999999999999989,79,2017
2017-10-16,3.390137438549088,7.999999999999978,76,2017
2017-10-17,3.4004691303955425,7.999999999999857,75,2017
2017-10-18,3.3777936795834895,7.999999999999997,74,2017
2017-10-19,3.3749956686889115,8.000000000000066,73,2017
2017-10-20,3.3755192666630895,7.999999999999989,72,2017
2017-10-23,3.3988264053673767,8.00000000000006,69,2017
2017-10-24,3.406616271050642,7.99999999999995,68,2017
2017-10-25,3.4175560399897753,7.999999999999999,67,2017
2017-10-26,3.4020305839266163,7.999999999999918,66,2017
2017-10-27,3.4071343805983467,8.000000000000023,65,2017
2017-10-30,3.4039546740797144,8.000000000000057,62,2017
2017-10-31,-1.757992182184716,-4.1333333333333275,61,2017
2017-11-01,3.424644924016907,7.999999999999988,60,2017
2017-11-02,3.4262223707280826,8.00000000000006,59,2017
2017-11-03,3.4477136978648786,7.999999999999935,58,2017
2017-11-06,3.4623385680646717,8.000000000000117,55,2017
2017-11-07,3.481467633046116,8.00000000000001,54,2017
2017-11-08,3.4858613752846606,8.00000000000005,53,2017
2017-11-09,3.490079078516265,8.000000000000028,52,2017
2017-11-10,3.5368643312202512,8.000000000000039,51,2017
2017-11-13,3.5342416695192846,8.000000000000032,48,2017
2017-11-14,3.536594615654239,7.999999999999916,47,2017
2017-11-15,3.515349049151275,8.000000000000112,46,2017
2017-11-16,3.511612440924987,7.999999999999924,45,2017
2017-11-17,3.525397092894929,8.000000000000071,44,2017
2017-11-20,3.517005544509964,7.999999999999946,41,2017
2017-11-21,3.5492448420593545,8.000000000000078,40,2017
2017-11-22,3.540956197072986,7.999999999999989,39,2017
2017-11-23,3.559302319535735,8.00000000000008,38,2017
2017-11-24,3.561874068220592,8.00000000000005,37,2017
2017-11-27,3.552688606818702,8.000000000000112,34,2017
2017-11-28,3.5475638276335832,8.000000000000028,33,2017
2017-11-29,3.5588752005709456,7.999999999999982,32,2017
2017-11-30,3.558149431922217,8.000000000000098,31,2017
2017-12-01,-0.92145707813971,-2.06451612903222,30,2017
2017-12-04,3.551801984001642,7.999999999999993,27,2017
2017-12-05,3.5472892067353,8.00000000000002,26,2017
2017-12-06,3.5457764441580153,7.999999999999999,25,2017
2017-12-07,3.5556761679843945,7.999999999999993,24,2017
2017-12-08,3.524945454476196,8.000000000000025,23,2017
2017-12-11,3.5255310524786765,8.000000000000004,20,2017
2017-12-12,3.5361069559592977,8.000000000000005,19,2017
2017-12-13,3.5524816130394328,7.999999999999952,18,2017
2017-12-14,3.5564779287837283,8.000000000000025,17,2017
2017-12-15,3.5628351404463316,7.999999999999977,16,2017
2017-12-18,3.5444929256291964,8.00000000000003,13,2017
2017-12-19,3.5502115781627404,8.000000000000004,12,2017
2017-12-20,3.5634420307671566,7.999999999999987,11,2017
2017-12-21,3.5775695264010894,7.999999999999968,10,2017
2017-12-22,3.568913099385028,7.999999999999971,9,2017
2017-12-25,,,6,2017
2017-12-26,,,5,2017
2017-12-27,,,4,2017
2017-12-28,,,3,2017
2017-12-29,,,2,2017
2018-01-01,3.609642852390685,7.99999999999999,364,2018
2018-01-02,3.6175983796982205,8.000000000000117,363,2018
2018-01-03,3.627064837065433,7.999999999999691,362,2018
2018-01-04,3.6390419040581357,8.000000000000307,361,2018
2018-01-05,3.6735389144065156,7.999999999999936,360,2018
2018-01-08,3.6664260851728283,8.000000000000163,357,2018
2018-01-09,3.676018659404999,8.000000000000206,356,2018
2018-01-10,3.680208620047054,7.99999999999998,355,2018
2018-01-11,3.6802500252031827,8.000000000000043,354,2018
2018-01-12,3.6767585856996163,7.999999999999987,353,2018
2018-01-15,3.7007518794415226,7.999999999999607,350,2018
2018-01-16,3.7044991461528127,8.00000000000015,349,2018
2018-01-17,3.724983985221032,8.00000000000014,348,2018
2018-01-18,3.730168821310132,8.000000000000163,347,2018
2018-01-19,3.748815954342801,7.999999999999771,346,2018
2018-01-22,3.7542953567363657,7.999999999999787,343,2018
2018-01-23,3.7417722299737495,8.000000000000345,342,2018
2018-01-24,3.7576773824332097,8.000000000000028,341,2018
2018-01-25,3.7536158768340186,7.999999999999289,340,2018
2018-01-26,3.7489335313821055,7.999999999999863,339,2018
2018-01-29,3.740196573967605,7.999999999999736,336,2018
2018-01-30,3.760992160048442,7.999999999999906,335,2018
2018-01-31,3.747136479211738,7.99999999999973,334,2018
2018-02-01,3.727347980883012,7.999999999999987,333,2018
2018-02-02,3.7286862357406765,8.000000000000203,332,2018
2018-02-05,3.708574960446388,8.000000000000552,329,2018
2018-02-06,3.693006085125411,8.00000000000067,328,2018
2018-02-07,3.6905737178061297,7.999999999999726,327,2018
2018-02-08,3.695679717542218,7.9999999999999485,326,2018
2018-02-09,3.6932266084966177,7.999999999999785,325,2018
2018-02-12,3.6901243115456985,7.999999999999282,322,2018
2018-02-13,3.679997973370167,7.9999999999998685,321,2018
2018-02-14,3.6953100980055,7.999999999999825,320,2018
2018-02-15,3.6869659837858144,7.9999999999999405,319,2018
2018-02-16,3.69925653816016,7.999999999999676,318,2018
2018-02-19,3.7081889107726553,7.99999999999975,315,2018
2018-02-20,3.7047663088583,8.000000000000002,314,2018
2018-02-21,3.6850976487813707,7.999999999999891,313,2018
2018-02-22,3.6864638206257556,7.999999999999874,312,2018
2018-02-23,3.684397311723174,7.999999999999814,311,2018
2018-02-26,3.703725386772703,8.000000000000076,308,2018
2018-02-27,3.6967176909068815,7.999999999999975,307,2018
2018-02-28,3.6904192220732703,8.000000000000302,306,2018
2018-03-01,3.7108119324867914,8.00000000000022,305,2018
2018-03-02,3.7211739711379987,8.00000000000006,304,2018
2018-03-05,3.6824762564824827,7.999999999999965,301,2018
2018-03-06,3.6633402843035796,7.99999999999959,300,2018
2018-03-07,3.6652557909565218,8.000000000000055,299,2018
2018-03-08,3.688383864137199,8.000000000000265,298,2018
2018-03-09,3.6879377816533534,8.000000000000037,297,2018
2018-03-12,3.6785507847151457,8.000000000000309,294,2018
2018-03-13,3.6892183822094022,7.999999999999894,293,2018
2018-03-14,3.6772276096684084,7.9999999999997335,292,2018
2018-03-15,3.6612043605116575,7.999999999999353,291,2018
2018-03-16,3.6372913618960556,7.999999999999958,290,2018
2018-03-19,3.6466955023191456,8.000000000000696,287,2018
2018-03-20,3.694175189613455,8.000000000000307,286,2018
2018-03-21,3.7093217415939144,8.00000000000062,285,2018
2018-03-22,3.6870073192145334,8.000000000000343,284,2018
2018-03-23,3.701793391494716,7.999999999999939,283,2018
2018-03-26,3.681489722014012,7.999999999999657,280,2018
2018-03-27,3.6747528051806455,7.999999999999901,279,2018
2018-03-28,3.6681903510820657,7.999999999999536,278,2018
2018-03-29,3.639680210077902,7.999999999999735,277,2018
2018-03-30,3.6503497859041154,8.000000000000206,276,2018
2018-04-02,-1.8109265879890937,-3.9565217391301886,273,2018
2018-04-03,3.671559055304972,8.000000000000131,272,2018
2018-04-04,3.6649255577217175,8.000000000000052,271,2018
2018-04-05,3.6364566749300713,7.99999999999984,270,2018
2018-04-06,3.6480621963487136,7.999999999999888,269,2018
2018-04-09,3.6237368661853093,7.999999999999958,266,2018
2018-04-10,3.6291904223651335,8.000000000000417,265,2018
2018-04-11,3.6353287145011945,7.999999999999539,264,2018
2018-04-12,3.6626280138418084,8.000000000000291,263,2018
2018-04-13,3.670712752061466,8.00000000000039,262,2018
2018-04-16,3.6846707588392547,8.000000000000284,259,2018
2018-04-17,3.6789122306871653,8.000000000000005,258,2018
2018-04-18,3.675803908685464,7.99999999999998,257,2018
2018-04-19,3.668709387767073,7.9999999999997655,256,2018
2018-04-20,3.6756424219951938,8.00000000000009,255,2018
2018-04-23,3.6784781307984953,7.999999999999827,252,2018
2018-04-24,3.6940032209045923,8.000000000000016,251,2018
2018-04-25,3.6916534868307345,8.000000000000025,250,2018
2018-04-26,3.695574286794846,8.0000000000003,249,2018
2018-04-27,3.678267471358826,7.9999999999999085,248,2018
2018-04-30,3.680247990948286,7.99999999999978,245,2018
2018-05-01,3.6722452802235948,8.000000000000144,244,2018
2018-05-02,3.6711144774812143,8.000000000000126,243,2018
2018-05-03,3.641951266603705,7.999999999999657,242,2018
2018-05-04,3.659923322974755,7.999999999999983,241,2018
2018-05-07,3.6326208159883815,7.9999999999999005,238,2018
2018-05-08,3.60915930820141,8.000000000000195,237,2018
2018-05-09,3.58240183172646,7.999999999999989,236,2018
2018-05-10,3.59263528153271,8.000000000000087,235,2018
2018-05-11,3.602753775989187,7.999999999999726,234,2018
2018-05-14,3.6182289032362385,8.000000000000075,231,2018
2018-05-15,3.624736960989324,7.999999999999866,230,2018
2018-05-16,3.6162482964695553,7.999999999999961,229,2018
2018-05-17,3.603294147419683,7.999999999999624,228,2018
2018-05-18,3.601414663717693,7.99999999999977,227,2018
2018-05-21,3.615430143879389,8.000000000000512,224,2018
2018-05-22,3.6220178016183042,8.000000000000071,223,2018
2018-05-23,3.616464432575957,8.000000000000327,222,2018
2018-05-24,3.656963255892943,7.999999999999657,221,2018
2018-05-25,3.666924539736693,8.000000000000075,220,2018
2018-05-28,3.6442426674913713,7.999999999999555,217,2018
2018-05-29,3.6449739502220995,8.000000000000012,216,2018
2018-05-30,3.633990476830296,7.999999999999957,215,2018
2018-05-31,3.633575180834223,8.000000000000245,214,2018
2018-06-01,3.6300201276916053,8.000000000000373,213,2018
2018-06-04,3.6416598905870594,8.000000000000052,210,2018
2018-06-05,3.656760823991798,8.00000000000046,209,2018
2018-06-06,3.656972072967447,8.00000000000014,208,2018
2018-06-07,3.655467382906164,7.999999999999906,207,2018
2018-06-08,3.648466825091211,7.999999999999746,206,2018
2018-06-11,3.642078548037979,7.999999999999849,203,2018
2018-06-12,3.6347244305858255,8.000000000000009,202,2018
2018-06-13,3.615423845197158,8.000000000000137,201,2018
2018-06-14,3.612093732389888,7.999999999999667,200,2018
2018-06-15,3.647066885989634,7.999999999999921,199,2018
2018-06-18,3.6198192629003616,8.000000000000208,196,2018
2018-06-19,3.6348183695722813,7.9999999999998845,195,2018
2018-06-20,3.6441653747023475,8.000000000000336,194,2018
2018-06-21,3.622961575340939,7.999999999999803,193,2018
2018-06-22,3.6334402654070947,8.000000000000467,192,2018
2018-06-25,3.6294240969983185,7.999999999999825,189,2018
2018-06-26,3.658105589358219,8.000000000000266,188,2018
2018-06-27,3.6354307998998174,7.999999999999822,187,2018
2018-06-28,3.65010930632106,8.000000000000176,186,2018
2018-06-29,3.624764515545979,7.9999999999997975,185,2018
2018-07-02,-0.6005420435554809,-1.3186813186813962,182,2018
2018-07-03,3.6406220208535167,7.999999999999982,181,2018
2018-07-04,3.619214624664102,7.999999999999961,180,2018
2018-07-05,3.636212934204748,7.9999999999998215,179,2018
2018-07-06,3.611183864008267,8.000000000000016,178,2018
2018-07-09,3.608032276978692,8.000000000000071,175,2018
2018-07-10,3.6169469372496943,8.00000000000015,174,2018
2018-07-11,3.625688798161182,8.000000000000194,173,2018
2018-07-12,3.653075588929733,7.999999999999854,172,2018
2018-07-13,3.634197720544736,7.999999999999847,171,2018
2018-07-16,3.6383343370750243,8.000000000000135,168,2018
2018-07-17,3.629099988703217,7.999999999999852,167,2018
2018-07-18,3.6320552851111154,7.999999999999945,166,2018
2018-07-19,3.6035224620825934,8.000000000000172,165,2018
2018-07-20,3.5988250139576206,8.000000000000066,164,2018
2018-07-23,3.6071016729752214,7.99999999999996,161,2018
2018-07-24,3.6422045050287233,8.000000000000144,160,2018
2018-07-25,3.633228202882557,7.999999999999871,159,2018
2018-07-26,3.6142328174127636,7.999999999999839,158,2018
2018-07-27,3.609206723981848,8.000000000000068,157,2018
2018-07-30,3.604384388834485,7.999999999999746,154,2018
2018-07-31,3.598903921053105,8.00000000000013,153,2018
2018-08-01,-1.80181632820255,-4.000000000000087,152,2018
2018-08-02,3.6133869852080736,8.000000000000133,151,2018
2018-08-03,3.594902571097891,8.000000000000199,150,2018
2018-08-06,3.5995160465373255,7.999999999999799,147,2018
2018-08-07,3.60110892049863,7.99999999999997,146,2018
2018-08-08,3.6056959118818233,7.99999999999992,145,2018
2018-08-09,3.6083395544320673,8.000000000000163,144,2018
2018-08-10,3.59020726049613,7.999999999999669,143,2018
2018-08-13,3.581782157002178,8.000000000000023,140,2018
2018-08-14,3.5774728814960532,8.00000000000009,139,2018
2018-08-15,3.6014928696612936,7.9999999999998614,138,2018
2018-08-16,3.622342175862978,8.000000000000052,137,2018
2018-08-17,3.634435946358945,7.999999999999869,136,2018
2018-08-20,3.6469212404590223,7.999999999999618,133,2018
2018-08-21,3.6212406568929145,7.999999999999707,132,2018
2018-08-22,3.6262364088388788,7.999999999999864,131,2018
2018-08-23,3.6312898163242924,8.00000000000001,130,2018
2018-08-24,3.644886756108421,7.9999999999999005,129,2018
2018-08-27,3.6257052363604902,7.99999999999997,126,2018
2018-08-28,3.632839279165885,7.999999999999906,125,2018
2018-08-29,3.6489997668610696,8.00000000000004,124,2018
2018-08-30,3.6061465122531855,7.999999999999796,123,2018
2018-08-31,-1.8541262738993214,-4.133333333333275,122,2018
2018-09-03,3.592503639948076,8.00000000000003,119,2018
2018-09-04,3.5977884894501604,8.000000000000124,118,2018
2018-09-05,3.607716970101213,7.999999999999995,117,2018
2018-09-06,3.6198303545574326,8.000000000000123,116,2018
2018-09-07,3.61816288835545,8.00000000000002,115,2018
2018-09-10,3.6172666642212445,8.00000000000004,112,2018
2018-09-11,3.6152298564469385,8.000000000000043,111,2018
2018-09-12,3.6257782453556366,8.000000000000117,110,2018
2018-09-13,3.6248987908252857,8.000000000000115,109,2018
2018-09-14,3.612441504400352,7.999999999999967,108,2018
2018-09-17,3.619932331414384,7.999999999999975,105,2018
2018-09-18,3.635381869680218,7.999999999999847,104,2018
2018-09-19,3.611438321363747,7.999999999999785,103,2018
2018-09-20,3.6030321575374757,8.000000000000178,102,2018
2018-09-21,3.6097039931886177,7.999999999999844,101,2018
2018-09-24,3.6031384485622215,7.999999999999933,98,2018
2018-09-25,3.5957238062408345,8.000000000000046,97,2018
2018-09-26,3.5896855319347134,7.999999999999943,96,2018
2018-09-27,3.5670499596194967,7.999999999999903,95,2018
2018-09-28,3.578449294121279,8.000000000000027,94,2018
2018-10-01,-1.7267483518436633,-3.8709677419355724,91,2018
2018-10-02,3.570928638898212,7.999999999999872,90,2018
2018-10-03,3.5850308494761984,7.99999999999997,89,2018
2018-10-04,3.5845992843637653,8.000000000000083,88,2018
2018-10-05,3.6231910521653354,7.999999999999771,87,2018
2018-10-08,3.632319361920935,7.999999999999892,84,2018
2018-10-09,3.6323860037190014,7.999999999999929,83,2018
2018-10-10,3.634604365148726,7.999999999999869,82,2018
2018-10-11,3.6420611739439623,7.999999999999978,81,2018
2018-10-12,3.6204167775986873,8.000000000000076,80,2018
2018-10-15,3.632385225782113,8.000000000000004,77,2018
2018-10-16,3.658943523867273,8.000000000000075,76,2018
2018-10-17,3.6658263614210673,7.999999999999987,75,2018
2018-10-18,3.6614261282757754,7.999999999999692,74,2018
2018-10-19,3.666585315491777,7.999999999999874,73,2018
2018-10-22,3.667167659504722,7.999999999999884,70,2018
2018-10-23,3.652315183171213,7.999999999999755,69,2018
2018-10-24,3.640522290602526,8.000000000000004,68,2018
2018-10-25,3.64789414534485,7.999999999999807,67,2018
2018-10-26,3.642779034091528,7.9999999999999165,66,2018
2018-10-29,3.6371031926444353,7.999999999999879,63,2018
2018-10-30,3.64307188456769,8.000000000000048,62,2018
2018-10-31,-1.8758899102086986,-4.133333333333296,61,2018
2018-11-01,3.6394907790783284,8.000000000000066,60,2018
2018-11-02,3.624513949725876,8.000000000000105,59,2018
2018-11-05,3.6087319463468757,8.000000000000094,56,2018
2018-11-06,3.6097907807097975,8.000000000000046,55,2018
2018-11-07,3.6243729668810842,8.000000000000064,54,2018
2018-11-08,3.6362868989614276,7.99999999999991,53,2018
2018-11-09,3.6129335954548227,8.000000000000108,52,2018
2018-11-12,3.6127815163953643,8.000000000000016,49,2018
2018-11-13,3.6115735777290725,8.000000000000055,48,2018
2018-11-14,3.604221316489729,7.999999999999953,47,2018
2018-11-15,3.605569765387326,8.000000000000028,46,2018
2018-11-16,3.6157368441810216,7.9999999999999645,45,2018
2018-11-19,3.6177933666054893,8.000000000000052,42,2018
2018-11-20,3.623798892265298,8.000000000000004,41,2018
2018-11-21,3.6281731482720057,7.999999999999968,40,2018
2018-11-22,3.6273447090432627,7.999999999999982,39,2018
2018-11-23,3.6230586464987944,8.000000000000053,38,2018
2018-11-26,3.61785158322749,8.000000000000071,35,2018
2018-11-27,3.625271585427211,7.999999999999963,34,2018
2018-11-28,3.6210309849711098,8.000000000000043,33,2018
2018-11-29,3.5770547735656946,8.000000000000089,32,2018
2018-11-30,3.566354809233288,8.000000000000055,31,2018
2018-12-03,3.575843213812611,8.000000000000046,28,2018
2018-12-04,3.5752766402952005,8.000000000000007,27,2018
2018-12-05,3.5765735805783123,8.000000000000012,26,2018
2018-12-06,3.5872589394784242,7.999999999999982,25,2018
2018-12-07,3.584858025625387,8.000000000000002,24,2018
2018-12-10,3.585852698122146,8.000000000000027,21,2018
2018-12-11,3.5734659993430142,7.999999999999978,20,2018
2018-12-12,3.6015344977126773,8.000000000000005,19,2018
2018-12-13,3.5931824879148238,8.00000000000001,18,2018
2018-12-14,3.583744070507734,7.999999999999988,17,2018
2018-12-17,-1.5554290631207923,-3.4999999999999973,14,2018
2018-12-18,3.55440207791183,7.999999999999987,13,2018
2018-12-19,3.5570072528431202,7.999999999999989,12,2018
2018-12-20,3.533065441724874,8.000000000000005,11,2018
2018-12-21,3.529681343860374,7.999999999999999,10,2018
2018-12-24,,,7,2018
2018-12-25,,,6,2018
2018-12-26,,,5,2018
2018-12-27,,,4,2018
2018-12-28,,,3,2018
2018-12-31,,,0,2018
2019-01-01,3.500941746714876,8.000000000000014,364,2019
2019-01-02,3.5054928867072555,8.000000000000137,363,2019
2019-01-03,3.5054307347662785,7.999999999999606,362,2019
2019-01-04,3.498582919600862,8.000000000000176,361,2019
2019-01-07,3.5101876070585796,7.999999999999882,358,2019
2019-01-08,3.52519240117757,7.99999999999975,357,2019
2019-01-09,3.5155410925894337,8.000000000000538,356,2019
2019-01-10,3.5082391671080835,8.000000000000394,355,2019
2019-01-11,3.5194539499702024,8.000000000000119,354,2019
2019-01-14,3.519810077248092,7.999999999999957,351,2019
2019-01-15,3.523049532896467,8.000000000000147,350,2019
2019-01-16,3.5413302721829485,7.9999999999997105,349,2019
2019-01-17,3.5345281937423447,8.00000000000006,348,2019
2019-01-18,3.5120596254946364,8.000000000000206,347,2019
2019-01-21,3.529532557990553,8.000000000000131,344,2019
2019-01-22,3.527890020966158,7.9999999999998375,343,2019
2019-01-23,3.5094690422403776,8.000000000000233,342,2019
2019-01-24,3.4917306654729927,8.00000000000017,341,2019
2019-01-25,3.5212381530922077,8.000000000000007,340,2019
2019-01-28,3.5095250059983414,7.999999999999888,337,2019
2019-01-29,3.531613730191493,7.9999999999996865,336,2019
2019-01-30,3.5249503937111957,8.000000000000373,335,2019
2019-01-31,3.5387354629565095,7.999999999999368,334,2019
2019-02-01,3.5293637996774248,7.999999999999756,333,2019
2019-02-04,3.5497644855298507,8.000000000000659,330,2019
2019-02-05,3.5572582097187215,7.999999999999943,329,2019
2019-02-06,3.5386992944626723,8.000000000000258,328,2019
2019-02-07,3.5307348996325896,8.000000000000023,327,2019
2019-02-08,3.5315892131242546,7.999999999999704,326,2019
2019-02-11,3.543694638830731,7.9999999999999165,323,2019
2019-02-12,3.515752931820158,7.9999999999995035,322,2019
2019-02-13,3.50080637438616,8.00000000000039,321,2019
2019-02-14,3.5024135348709073,8.00000000000004,320,2019
2019-02-15,3.485439452143213,8.000000000000176,319,2019
2019-02-18,3.4965635592270683,7.9999999999999645,316,2019
2019-02-19,3.486373851777392,7.999999999999472,315,2019
2019-02-20,3.4805986455679268,8.0000000000004,314,2019
2019-02-21,3.4817359814293223,8.00000000000019,313,2019
2019-02-22,3.4780953676848494,7.999999999999638,312,2019
2019-02-25,3.47865574999601,8.000000000000314,309,2019
2019-02-26,3.5241470401760555,8.000000000000707,308,2019
2019-02-27,3.5212374429877915,8.000000000000094,307,2019
2019-02-28,3.5263522709284967,8.0,306,2019
2019-03-01,3.531217941960607,7.999999999999287,305,2019
2019-03-04,3.5464908928509686,7.9999999999994325,302,2019
2019-03-05,3.546725101276257,7.999999999999943,301,2019
2019-03-06,3.523425287385626,8.000000000000338,300,2019
2019-03-07,3.5303172931179176,8.000000000000295,299,2019
2019-03-08,3.5224204758345152,7.9999999999997975,298,2019
2019-03-11,3.542051307720147,7.999999999999645,295,2019
2019-03-12,3.540248708839945,8.000000000000426,294,2019
2019-03-13,3.5343969888189264,8.000000000000309,293,2019
2019-03-14,3.5543035256209254,7.999999999999615,292,2019
2019-03-15,3.562288699387894,7.999999999999735,291,2019
2019-03-18,3.567358336077584,7.999999999999466,288,2019
2019-03-19,3.559808757797512,7.999999999999792,287,2019
2019-03-20,3.5730146920894725,7.999999999999749,286,2019
2019-03-21,3.551986853514336,7.999999999999721,285,2019
2019-03-22,3.5596963744085546,8.000000000000043,284,2019
2019-03-25,3.5508287665365987,7.999999999999585,281,2019
2019-03-26,3.5431053797982734,7.999999999999581,280,2019
2019-03-27,3.5460064208094124,7.9999999999994635,279,2019
2019-03-28,3.5475739611879735,7.999999999999745,278,2019
2019-03-29,3.540178849855929,8.000000000000243,277,2019
2019-04-01,3.5433136393862874,8.00000000000015,274,2019
2019-04-02,-1.744103704543583,-3.956521739130209,273,2019
2019-04-03,3.537794278315157,8.00000000000013,272,2019
2019-04-04,3.5357320206325773,7.9999999999997975,271,2019
2019-04-05,3.5235806295202683,7.9999999999999405,270,2019
2019-04-08,3.5260876556151253,7.999999999999965,267,2019
2019-04-09,3.5086849254599164,8.00000000000054,266,2019
2019-04-10,3.53066297420504,7.9999999999999805,265,2019
2019-04-11,3.5370460510580326,7.999999999999812,264,2019
2019-04-12,3.5399059339864603,7.999999999999871,263,2019
2019-04-15,3.5333739630032253,8.00000000000025,260,2019
2019-04-16,3.513508986554665,8.000000000000105,259,2019
2019-04-17,3.5009729358420563,7.999999999999864,258,2019
2019-04-18,3.5018602612323,7.999999999999936,257,2019
2019-04-19,3.483802682791758,8.00000000000012,256,2019
2019-04-22,3.501596454117803,8.000000000000213,253,2019
2019-04-23,3.505469362252024,8.000000000000433,252,2019
2019-04-24,3.4970387138362393,7.999999999999849,251,2019
2019-04-25,3.475534386925011,8.000000000000398,250,2019
2019-04-26,3.4771562462386685,7.999999999999792,249,2019
2019-04-29,3.4908559446383167,8.00000000000035,246,2019
2019-04-30,3.4915439933946653,7.999999999999607,245,2019
2019-05-01,3.505292922817784,7.99999999999962,244,2019
2019-05-02,3.5094662573145694,8.000000000000302,243,2019
2019-05-03,3.503287705262734,8.000000000000048,242,2019
2019-05-06,3.4821526501226665,7.999999999999153,239,2019
2019-05-07,3.50171384795416,7.999999999999982,238,2019
2019-05-08,3.485391470686378,7.999999999999553,237,2019
2019-05-09,3.484823397209766,7.999999999999903,236,2019
2019-05-10,3.4803550951283815,7.999999999999925,235,2019
2019-05-13,3.4997476553505003,7.999999999999756,232,2019
2019-05-14,3.499164737482263,7.999999999999726,231,2019
2019-05-15,3.489533106611847,7.999999999999987,230,2019
2019-05-16,3.490937219888033,8.000000000000217,229,2019
2019-05-17,3.4952684350884953,7.999999999999935,228,2019
2019-05-20,3.5084316128393525,7.999999999999807,225,2019
2019-05-21,3.5140046005401446,7.999999999999921,224,2019
2019-05-22,3.5020647101480864,8.000000000000568,223,2019
2019-05-23,3.5092029252931365,8.000000000000332,222,2019
2019-05-24,3.4880774738118285,8.000000000000167,221,2019
2019-05-27,3.4866157922850554,8.000000000000181,218,2019
2019-05-28,3.4652923046223427,8.00000000000027,217,2019
2019-05-29,3.460146859920661,8.000000000000007,216,2019
2019-05-30,3.4504384071963425,8.000000000000279,215,2019
2019-05-31,3.4762556369215383,7.9999999999996225,214,2019
2019-06-03,3.4884479830029758,7.999999999999807,211,2019
2019-06-04,3.5028856644789594,8.000000000000068,210,2019
2019-06-05,3.5093035886256945,7.999999999999913,209,2019
2019-06-06,3.5293417997595364,8.000000000000078,208,2019
2019-06-07,3.5348773727688414,7.999999999999815,207,2019
2019-06-10,3.5472279583079875,7.999999999999888,204,2019
2019-06-11,3.563555574287363,7.999999999999866,203,2019
2019-06-12,3.559040161668356,7.9999999999999165,202,2019
2019-06-13,3.5739026389018185,7.999999999999749,201,2019
2019-06-14,3.598058255288054,7.999999999999459,200,2019
2019-06-17,3.5965195520443185,8.000000000000371,197,2019
2019-06-18,3.593646300494318,7.999999999999607,196,2019
2019-06-19,3.574416711960891,8.000000000000632,195,2019
2019-06-20,3.5673711936481727,7.999999999999893,194,2019
2019-06-21,3.5596741377448224,7.999999999999799,193,2019
2019-06-24,3.5553859524883213,8.00000000000062,190,2019
2019-06-25,3.552945765427143,8.00000000000015,189,2019
2019-06-26,3.552517150722645,7.999999999999739,188,2019
2019-06-27,3.5838405680308143,7.999999999999837,187,2019
2019-06-28,3.6047879751110163,7.999999999999577,186,2019
2019-07-01,3.6046826058949235,8.00000000000041,183,2019
2019-07-02,-0.5924754661959364,-1.3186813186814725,182,2019
2019-07-03,3.584364745693107,7.999999999999864,181,2019
2019-07-04,3.579068581246587,7.99999999999996,180,2019
2019-07-05,3.577778775887124,7.999999999999911,179,2019
2019-07-08,3.5863472574420596,7.999999999999726,176,2019
2019-07-09,3.579981839473736,8.000000000000263,175,2019
2019-07-10,3.615345546886206,7.9999999999998765,174,2019
2019-07-11,3.600566054944001,8.000000000000076,173,2019
2019-07-12,3.5995906078334095,7.999999999999935,172,2019
2019-07-15,3.5733576756657115,7.999999999999929,169,2019
2019-07-16,3.5885888115186138,7.999999999999926,168,2019
2019-07-17,3.593034544450071,7.999999999999977,167,2019
2019-07-18,3.587409165337969,7.999999999999847,166,2019
2019-07-19,3.603053855578553,7.9999999999998685,165,2019
2019-07-22,3.5840613629282903,7.99999999999996,162,2019
2019-07-23,3.5779595019025434,8.00000000000005,161,2019
2019-07-24,3.57502794269994,7.999999999999983,160,2019
2019-07-25,3.566904233121986,7.999999999999913,159,2019
2019-07-26,3.6065292263258986,7.999999999999987,158,2019
2019-07-29,3.6048457505504894,8.000000000000023,155,2019
2019-07-30,3.6162078121795727,7.999999999999977,154,2019
2019-07-31,3.6189527321567416,7.999999999999714,153,2019
2019-08-01,-1.811189556231052,-3.999999999999927,152,2019
2019-08-02,3.651886796372552,7.999999999999943,151,2019
2019-08-05,3.643763467342591,7.999999999999767,148,2019
2019-08-06,3.6341790089281334,7.999999999999822,147,2019
2019-08-07,3.622902413145783,7.999999999999993,146,2019
2019-08-08,3.6307791881406626,7.999999999999817,145,2019
2019-08-09,3.631409017732863,7.999999999999924,144,2019
2019-08-12,3.5991235966319457,7.999999999999967,141,2019
2019-08-13,3.6023094620313367,7.999999999999899,140,2019
2019-08-14,3.6210481073532685,7.999999999999886,139,2019
2019-08-15,3.6086873449453893,8.000000000000023,138,2019
2019-08-16,3.610533652074439,7.999999999999939,137,2019
2019-08-19,3.600127122381198,7.999999999999988,134,2019
2019-08-20,3.618248728977589,7.9999999999998845,133,2019
2019-08-21,3.6157608550809606,7.999999999999926,132,2019
2019-08-22,3.6025120881480888,7.999999999999753,131,2019
2019-08-23,3.627771994014468,7.999999999999753,130,2019
2019-08-26,3.623113810928542,8.000000000000043,127,2019
2019-08-27,3.648207556437515,8.000000000000037,126,2019
2019-08-28,3.6534965714405976,8.000000000000165,125,2019
2019-08-29,3.6687163992107497,8.00000000000012,124,2019
2019-08-30,3.665272149251524,7.999999999999918,123,2019
2019-09-02,3.6819301500110204,7.999999999999993,120,2019
2019-09-03,3.655954462368163,7.999999999999926,119,2019
2019-09-04,3.690081641277237,8.000000000000039,118,2019
2019-09-05,3.7139963154225137,8.000000000000046,117,2019
2019-09-06,3.737018995876765,8.000000000000147,116,2019
2019-09-09,3.7425740807078607,7.999999999999987,113,2019
2019-09-10,3.7281944363562545,8.000000000000236,112,2019
2019-09-11,3.7123969200048013,8.0000000000001,111,2019
2019-09-12,3.72524935120464,8.000000000000071,110,2019
2019-09-13,3.7105515432977496,8.000000000000078,109,2019
2019-09-16,3.6989163880383247,8.00000000000017,106,2019
2019-09-17,3.691516480314122,7.999999999999973,105,2019
2019-09-18,3.680055230576543,7.9999999999999325,104,2019
2019-09-19,3.6788215934142254,7.999999999999825,103,2019
2019-09-20,3.6874225067774695,7.999999999999982,102,2019
2019-09-23,3.6924914986659347,7.999999999999903,99,2019
2019-09-24,3.67750125048132,7.999999999999881,98,2019
2019-09-25,3.6789350679439856,7.9999999999999405,97,2019
2019-09-26,3.6647743249858475,7.99999999999996,96,2019
2019-09-27,3.6750543796834165,8.000000000000098,95,2019
2019-09-30,3.6722918280303656,7.999999999999955,92,2019
2019-10-01,-1.7941893838452416,-3.8709677419355084,91,2019
2019-10-02,3.694062709808945,8.000000000000025,90,2019
2019-10-03,3.6914870960447854,7.9999999999999725,89,2019
2019-10-04,3.6822217476257757,7.999999999999989,88,2019
2019-10-07,3.691732320204917,7.999999999999967,85,2019
2019-10-08,3.723055269926825,7.999999999999931,84,2019
2019-10-09,3.73560612845778,7.999999999999945,83,2019
2019-10-10,3.7271204268612523,8.000000000000002,82,2019
2019-10-11,3.724986250069442,8.000000000000078,81,2019
2019-10-14,3.740132813819317,7.999999999999995,78,2019
2019-10-15,3.7589734846138656,8.000000000000036,77,2019
2019-10-16,3.7401426491142686,8.000000000000155,76,2019
2019-10-17,3.729010764269265,7.999999999999952,75,2019
2019-10-18,3.726620335094928,8.000000000000009,74,2019
2019-10-21,3.717475836428743,7.999999999999987,71,2019
2019-10-22,3.7027868091929506,7.999999999999918,70,2019
2019-10-23,3.7115807172845705,8.000000000000032,69,2019
2019-10-24,3.7308894863426767,8.000000000000025,68,2019
2019-10-25,3.7362358738127965,8.000000000000002,67,2019
2019-10-28,3.7048617832642483,7.999999999999975,64,2019
2019-10-29,3.708551854366555,8.00000000000005,63,2019
2019-10-30,3.708170852056567,8.000000000000055,62,2019
2019-10-31,-1.9184773828331247,-4.133333333333331,61,2019
2019-11-01,3.6858142410786194,8.000000000000004,60,2019
2019-11-04,3.6708514759458795,8.000000000000027,57,2019
2019-11-05,3.6617641674758983,7.999999999999967,56,2019
2019-11-06,3.656286575781654,7.99999999999997,55,2019
2019-11-07,3.66584560822416,7.99999999999996,54,2019
2019-11-08,3.6883628741392744,7.9999999999999645,53,2019
2019-11-11,3.6895340655950744,7.999999999999997,50,2019
2019-11-12,3.695074621376088,8.000000000000009,49,2019
2019-11-13,3.6787362907460794,7.999999999999963,48,2019
2019-11-14,3.691342425559491,8.000000000000009,47,2019
2019-11-15,3.684461154097329,7.999999999999999,46,2019
2019-11-18,3.701356523060157,8.000000000000064,43,2019
2019-11-19,3.7069993460334794,8.00000000000002,42,2019
2019-11-20,3.702115067098304,7.999999999999999,41,2019
2019-11-21,3.693969589251669,8.000000000000023,40,2019
2019-11-22,3.696770132271053,7.999999999999993,39,2019
2019-11-25,3.7226472599693006,7.999999999999982,36,2019
2019-11-26,3.703902166025972,7.9999999999999805,35,2019
2019-11-27,3.7015998874092233,7.99999999999998,34,2019
2019-11-28,3.674276216955411,8.000000000000018,33,2019
2019-11-29,3.7027217066278766,7.9999999999999165,32,2019
2019-12-02,3.6758669364058605,7.999999999999977,29,2019
2019-12-03,3.673817292309675,7.999999999999987,28,2019
2019-12-04,3.6750022823669752,7.999999999999971,27,2019
2019-12-05,3.663928461373839,7.999999999999958,26,2019
2019-12-06,3.686318405075056,7.999999999999987,25,2019
2019-12-09,3.676080710180763,7.9999999999999725,22,2019
2019-12-10,3.6520756621515957,7.999999999999983,21,2019
2019-12-11,3.640379017585225,8.000000000000005,20,2019
2019-12-12,3.6066557868232607,7.999999999999993,19,2019
2019-12-13,3.604229444286837,8.00000000000001,18,2019
2019-12-16,3.600708420694655,8.000000000000009,15,2019
2019-12-17,-1.5729618158414285,-3.4999999999999836,14,2019
2019-12-18,3.5912803098883153,7.999999999999999,13,2019
2019-12-19,3.6056545435725096,7.999999999999987,12,2019
2019-12-20,3.631933807945875,7.999999999999987,11,2019
2019-12-23,3.6493058380400165,8.000000000000004,8,2019
2019-12-24,,,7,2019
2019-12-25,,,6,2019
2019-12-26,,,5,2019
2019-12-27,,,4,2019
2019-12-30,,,1,2019
2019-12-31,,,0,2019
2020-01-01,2.042810365310288e-13,4.438282319156873e-13,365,2020
2020-01-02,3.686435636407367,8.00000000000002,364,2020
2020-01-03,3.6721625389116,8.000000000000085,363,2020
2020-01-06,3.6679033407073796,7.999999999999713,360,2020
2020-01-07,3.674992496962009,8.000000000000124,359,2020
2020-01-08,3.6765252532594808,7.999999999999612,358,2020
2020-01-09,3.64669185059007,8.000000000000176,357,2020
2020-01-10,3.6671696903764808,7.999999999999778,356,2020
2020-01-13,3.650848592828619,8.000000000000053,353,2020
2020-01-14,3.659477387710634,8.000000000000105,352,2020
2020-01-15,3.669528256794921,8.000000000000323,351,2020
2020-01-16,3.686619907270769,8.000000000000211,350,2020
2020-01-17,3.680391676217069,7.9999999999996145,349,2020
2020-01-20,3.689371606147259,7.999999999999926,346,2020
2020-01-21,3.7319899186880825,7.9999999999995905,345,2020
2020-01-22,3.7339118555093886,7.999999999999892,344,2020
2020-01-23,3.725269577797075,7.999999999999983,343,2020
2020-01-24,3.7433463378054164,7.999999999999943,342,2020
2020-01-27,3.727111426098036,7.999999999999997,339,2020
2020-01-28,3.7232078540869917,7.999999999999495,338,2020
2020-01-29,3.718450295024766,7.999999999999788,337,2020
2020-01-30,3.706485525433745,7.999999999999501,336,2020
2020-01-31,3.7218151320918853,8.000000000000048,335,2020
2020-02-03,3.7336547289021045,8.000000000000032,332,2020
2020-02-04,3.7523013302922728,8.000000000000032,331,2020
2020-02-05,3.7329425535348886,8.000000000000188,330,2020
2020-02-06,3.754703797544037,7.999999999999571,329,2020
2020-02-07,3.752058826007472,8.000000000000119,328,2020
2020-02-10,3.75456352579328,8.000000000000428,325,2020
2020-02-11,3.7566009009170322,8.000000000000169,324,2020
2020-02-12,3.7689166938335603,8.000000000000114,323,2020
2020-02-13,3.791608221934501,7.999999999999534,322,2020
2020-02-14,3.799349566820922,7.999999999999864,321,2020
2020-02-17,3.771444916312504,8.000000000000284,318,2020
2020-02-18,3.7578852787288497,8.00000000000013,317,2020
2020-02-19,3.781434481150045,8.000000000000027,316,2020
2020-02-20,3.7965428381600823,7.9999999999999725,315,2020
2020-02-21,3.7745646216573387,7.999999999999495,314,2020
2020-02-24,3.776999715789678,7.999999999999438,311,2020
2020-02-25,3.766248407595457,7.9999999999995675,310,2020
2020-02-26,3.737887314229763,8.00000000000017,309,2020
2020-02-27,3.724598847715159,7.9999999999998055,308,2020
2020-02-28,3.6857393380995784,8.000000000000366,307,2020
2020-03-02,3.681643563602549,7.9999999999997105,304,2020
2020-03-03,3.6549828348949163,7.999999999999906,303,2020
2020-03-04,3.64536131879831,8.000000000000208,302,2020
2020-03-05,3.655788370362181,8.000000000000137,301,2020
2020-03-06,3.6427377496386963,7.99999999999976,300,2020
2020-03-09,3.6321218900674594,7.99999999999997,297,2020
2020-03-10,3.609717283250813,8.00000000000022,296,2020
2020-03-11,3.6296698110367522,8.000000000000002,295,2020
2020-03-12,3.637476040202438,7.999999999999884,294,2020
2020-03-13,3.6276901630728364,7.999999999999871,293,2020
2020-03-16,3.609628304463474,8.00000000000008,290,2020
2020-03-17,3.597741074337213,7.999999999999856,289,2020
2020-03-18,3.5950342559739905,7.999999999999866,288,2020
2020-03-19,3.5667492285027897,8.000000000000638,287,2020
2020-03-20,3.5688106755504894,7.999999999999667,286,2020
2020-03-23,3.560431641464641,8.000000000000156,283,2020
2020-03-24,3.5833345708444835,7.9999999999997256,282,2020
2020-03-25,3.5760450167886635,7.999999999999878,281,2020
2020-03-26,3.5523020133051126,8.000000000000309,280,2020
2020-03-27,3.5343696294481415,8.0000000000001,279,2020
2020-03-30,3.550346826423338,7.999999999999888,276,2020
2020-03-31,3.5473174807660186,7.999999999999499,275,2020
2020-04-01,3.537634581358102,7.999999999999694,274,2020
2020-04-02,-1.7584041451128067,-3.956521739130691,273,2020
2020-04-03,3.551296519003148,7.999999999999795,272,2020
2020-04-06,3.5615326589808545,8.000000000000023,269,2020
2020-04-07,3.5497471237281166,8.00000000000024,268,2020
2020-04-08,3.5352870869638338,7.999999999999526,267,2020
2020-04-09,3.538842796862534,7.9999999999999964,266,2020
2020-04-10,3.5580274705700723,8.000000000000048,265,2020
2020-04-13,3.558846448731963,8.000000000000032,262,2020
2020-04-14,3.559624822265561,7.999999999999999,261,2020
2020-04-15,3.552593296029721,7.999999999999832,260,2020
2020-04-16,3.5454843514410523,7.999999999999612,259,2020
2020-04-17,3.5265765968883183,7.999999999999624,258,2020
2020-04-20,3.5238378412444997,7.999999999999768,255,2020
2020-04-21,3.5269689635950763,7.999999999999671,254,2020
2020-04-22,3.538273690937796,7.999999999999703,253,2020
2020-04-23,3.542637719980397,8.000000000000403,252,2020
2020-04-24,3.5493482802304355,8.000000000000144,251,2020
2020-04-27,3.5373336197268666,7.999999999999538,248,2020
2020-04-28,3.5176468146149866,7.999999999999852,247,2020
2020-04-29,3.5386499881400497,8.000000000000146,246,2020
2020-04-30,3.559605481211089,7.999999999999894,245,2020
2020-05-01,3.545651410085081,8.00000000000019,244,2020
2020-05-04,3.5572055261490547,8.000000000000238,241,2020
2020-05-05,3.5795720098184747,8.000000000000195,240,2020
2020-05-06,3.5722034448510347,7.999999999999632,239,2020
2020-05-07,3.551731807691863,7.99999999999985,238,2020
2020-05-08,3.558261480143903,7.999999999999893,237,2020
2020-05-11,3.5442489264693435,7.999999999999707,234,2020
2020-05-12,3.542316969278718,7.999999999999539,233,2020
2020-05-13,3.5490011096237475,8.000000000000226,232,2020
2020-05-14,3.541573471274729,7.999999999999723,231,2020
2020-05-15,3.561000582604196,7.99999999999998,230,2020
2020-05-18,3.5534629400099953,8.000000000000117,227,2020
2020-05-19,3.563638242240932,8.000000000000192,226,2020
2020-05-20,3.5515472084235205,8.000000000000298,225,2020
2020-05-21,3.544583468277205,7.999999999999956,224,2020
2020-05-22,3.5480872382133066,7.999999999999825,223,2020
2020-05-25,3.557424085839364,8.000000000000561,220,2020
2020-05-26,3.5398467787646446,8.000000000000108,219,2020
2020-05-27,3.540177787507276,7.999999999999588,218,2020
2020-05-28,3.535525402827388,7.999999999999904,217,2020
2020-05-29,3.5449987431493786,7.9999999999994795,216,2020
2020-06-01,3.5389670938696054,8.000000000000167,213,2020
2020-06-02,3.5303423763415474,7.999999999999696,212,2020
2020-06-03,3.537883082997737,8.000000000000028,211,2020
2020-06-04,3.541296513624675,8.000000000000068,210,2020
2020-06-05,3.544098853609998,7.999999999999753,209,2020
2020-06-08,3.535738977332921,7.9999999999999085,206,2020
2020-06-09,3.5177065198127533,7.999999999999995,205,2020
2020-06-10,3.523418036790738,8.000000000000352,204,2020
2020-06-11,3.5227456180967134,7.999999999999809,203,2020
2020-06-12,3.5224580093709434,8.000000000000288,202,2020
2020-06-15,3.532583335192247,8.000000000000265,199,2020
2020-06-16,3.526068705999542,7.999999999999824,198,2020
2020-06-17,3.518483154527882,8.000000000000094,197,2020
2020-06-18,3.5202594661189632,8.000000000000322,196,2020
2020-06-19,3.502872995140272,7.99999999999979,195,2020
2020-06-22,3.5102349232073715,8.000000000000078,192,2020
2020-06-23,3.5120353472990793,8.000000000000137,191,2020
2020-06-24,3.497488675726099,8.000000000000137,190,2020
2020-06-25,3.4774913911368754,7.999999999999989,189,2020
2020-06-26,3.498049118610415,7.999999999999896,188,2020
2020-06-29,3.499637405822472,7.999999999999894,185,2020
2020-06-30,3.5132857808664877,8.000000000000156,184,2020
2020-07-01,3.4919975766630835,8.00000000000006,183,2020
2020-07-02,-0.5797603556954822,-1.3186813186812443,182,2020
2020-07-03,3.52622043444339,8.00000000000017,181,2020
2020-07-06,3.5292167403166985,7.999999999999802,178,2020
2020-07-07,3.4915544678002153,8.000000000000025,177,2020
2020-07-08,3.518389961014612,8.000000000000137,176,2020
2020-07-09,3.5211264351155958,7.9999999999998055,175,2020
2020-07-10,3.5270244186189648,7.999999999999761,174,2020
2020-07-13,3.54702545182092,7.999999999999739,171,2020
2020-07-14,3.5555729712311224,8.000000000000016,170,2020
2020-07-15,3.562571985834204,7.999999999999935,169,2020
2020-07-16,3.591449944446712,7.999999999999817,168,2020
2020-07-17,3.6100998754624625,7.999999999999933,167,2020
2020-07-20,3.6175860026594853,7.999999999999886,164,2020
2020-07-21,3.6354174547426,7.999999999999874,163,2020
2020-07-22,3.63461087964309,7.999999999999955,162,2020
2020-07-23,3.621559700495678,8.000000000000048,161,2020
2020-07-24,3.5851729422665124,7.9999999999998845,160,2020
2020-07-27,3.5669561873957822,8.000000000000071,157,2020
2020-07-28,3.5646070994226142,7.999999999999677,156,2020
2020-07-29,3.555832072110514,7.999999999999978,155,2020
2020-07-30,3.545748726038771,8.00000000000001,154,2020
2020-07-31,3.528925876454476,7.999999999999785,153,2020
2020-08-03,3.5474791491007984,8.000000000000023,150,2020
2020-08-04,3.544193081797027,8.000000000000144,149,2020
2020-08-05,3.5431902556715267,8.00000000000006,148,2020
2020-08-06,3.530128652758091,7.9999999999998845,147,2020
2020-08-07,3.5095143261335826,7.99999999999991,146,2020
2020-08-10,3.503535336434489,8.000000000000023,143,2020
2020-08-11,3.527809329338798,7.999999999999977,142,2020
2020-08-12,3.492796545579151,7.9999999999998535,141,2020
2020-08-13,3.4982081431378464,8.000000000000034,140,2020
2020-08-14,3.5032562111601284,7.99999999999978,139,2020
2020-08-17,3.516747018861255,8.000000000000119,136,2020
2020-08-18,3.495592125711431,8.000000000000174,135,2020
2020-08-19,3.4879864836903907,8.000000000000036,134,2020
2020-08-20,3.509891021431897,7.999999999999863,133,2020
2020-08-21,3.5146837705057887,7.999999999999634,132,2020
2020-08-24,3.493081465686465,7.9999999999998375,129,2020
2020-08-25,3.4870111969905038,7.99999999999998,128,2020
2020-08-26,3.476541900443455,7.999999999999946,127,2020
2020-08-27,3.474890529760777,8.000000000000112,126,2020
2020-08-28,3.4679251987058057,7.9999999999998215,125,2020
2020-08-31,-1.7918232689409548,-4.133333333333352,122,2020
2020-09-01,3.478799042400832,8.000000000000203,121,2020
2020-09-02,3.4860532628678675,7.999999999999809,120,2020
2020-09-03,3.4839640582132367,8.000000000000131,119,2020
2020-09-04,3.476722297505108,7.999999999999953,118,2020
2020-09-07,3.455064414084249,7.999999999999926,115,2020
2020-09-08,3.4711693568989315,8.000000000000227,114,2020
2020-09-09,3.4916135173698213,8.000000000000028,113,2020
2020-09-10,3.483305620628143,7.999999999999872,112,2020
2020-09-11,3.4759107705293926,7.999999999999889,111,2020
2020-09-14,3.4714185331457283,7.999999999999888,108,2020
2020-09-15,3.4853373267944456,7.99999999999991,107,2020
2020-09-16,3.4604495470941083,8.000000000000123,106,2020
2020-09-17,3.471366798850287,8.000000000000185,105,2020
2020-09-18,3.457197827978099,8.000000000000012,104,2020
2020-09-21,3.470163147932348,8.000000000000002,101,2020
2020-09-22,3.461564636077387,8.000000000000146,100,2020
2020-09-23,3.4710905893584174,8.000000000000018,99,2020
2020-09-24,3.480822466516621,8.000000000000131,98,2020
2020-09-25,3.4773740729985816,7.999999999999999,97,2020
2020-09-28,3.4712804159055177,7.999999999999992,94,2020
2020-09-29,3.484868563153619,8.000000000000151,93,2020
2020-09-30,3.527373534101653,8.000000000000043,92,2020
2020-10-01,-1.702369338318901,-3.8709677419355284,91,2020
2020-10-02,3.5252800977570997,7.999999999999952,90,2020
2020-10-05,3.535349997732413,7.9999999999999964,87,2020
2020-10-06,3.5423876348442196,8.000000000000004,86,2020
2020-10-07,3.5621798110039604,8.000000000000062,85,2020
2020-10-08,3.5586538315438876,7.9999999999998614,84,2020
2020-10-09,3.569557907203129,7.999999999999924,83,2020
2020-10-12,3.562844078019234,7.999999999999755,80,2020
2020-10-13,3.583951827145806,7.999999999999884,79,2020
2020-10-14,3.592000637675943,8.000000000000046,78,2020
2020-10-15,3.6018302413800685,8.000000000000123,77,2020
2020-10-16,3.5949297813848613,8.00000000000002,76,2020
2020-10-19,3.592344504947773,8.000000000000064,73,2020
2020-10-20,3.590464884512503,7.999999999999956,72,2020
2020-10-21,3.594341022265377,7.99999999999996,71,2020
2020-10-22,3.6032086706518873,7.999999999999888,70,2020
2020-10-23,3.618308867882365,7.9999999999999005,69,2020
2020-10-26,3.6028824327790376,7.999999999999988,66,2020
2020-10-27,3.6175850410186383,7.999999999999871,65,2020
2020-10-28,3.615139912496903,7.999999999999953,64,2020
2020-10-29,3.5936451081598086,7.999999999999926,63,2020
2020-10-30,3.5962638654084733,8.000000000000076,62,2020
2020-11-02,3.5966008297687986,8.000000000000034,59,2020
2020-11-03,3.589571993420373,7.999999999999904,58,2020
2020-11-04,3.5974542238719196,8.000000000000034,57,2020
2020-11-05,3.6141722476598668,8.00000000000002,56,2020
2020-11-06,3.6002441042974747,8.000000000000028,55,2020
2020-11-09,3.6154898761699434,7.999999999999908,52,2020
2020-11-10,3.61612084725968,8.000000000000087,51,2020
2020-11-11,3.6113475670738273,8.000000000000005,50,2020
2020-11-12,3.6227373655457655,8.000000000000117,49,2020
2020-11-13,3.6091494901117662,7.999999999999894,48,2020
2020-11-16,3.6047332321924284,7.999999999999992,45,2020
2020-11-17,3.6093300868923763,8.000000000000092,44,2020
2020-11-18,3.6226671019223757,8.000000000000068,43,2020
2020-11-19,3.6103076507125853,8.000000000000046,42,2020
2020-11-20,3.62433094575886,8.000000000000044,41,2020
2020-11-23,3.6441770461618694,8.000000000000025,38,2020
2020-11-24,3.6712452715749015,7.999999999999989,37,2020
2020-11-25,3.6990510373417704,8.000000000000053,36,2020
2020-11-26,3.6904980736932607,7.999999999999985,35,2020
2020-11-27,3.6976639064396477,8.000000000000016,34,2020
2020-11-30,3.7274514080753502,8.000000000000092,31,2020
2020-12-01,-0.9668722843023261,-2.06451612903226,30,2020
2020-12-02,3.735309075795172,8.000000000000012,29,2020
2020-12-03,3.7166675417005948,8.00000000000001,28,2020
2020-12-04,3.7230849221105586,7.999999999999993,27,2020
2020-12-07,3.7360101981349487,7.9999999999999725,24,2020
2020-12-08,3.7451548758423954,8.00000000000002,23,2020
2020-12-09,3.7455779849306836,7.999999999999988,22,2020
2020-12-10,3.7637061112254173,7.999999999999999,21,2020
2020-12-11,3.758230481245441,7.999999999999982,20,2020
2020-12-14,3.7650011552772398,8.00000000000002,17,2020
2020-12-15,3.7485832497832376,7.9999999999999405,16,2020
2020-12-16,3.7698178697341547,7.9999999999999805,15,2020
2020-12-17,-1.6529690562355013,-3.4999999999999973,14,2020
2020-12-18,3.778207504467197,7.999999999999988,13,2020
2020-12-21,3.766649235556337,7.9999999999999964,10,2020
2020-12-22,3.754660871185189,7.999999999999965,9,2020
2020-12-23,3.7440104577695856,7.999999999999975,8,2020
2020-12-24,,,7,2020
2020-12-25,,,6,2020
2020-12-28,,,3,2020
2020-12-29,,,2,2020
2020-12-30,,,1,2020
2020-12-31,,,0,2020
2021-01-01,3.734491519140267,8.000000000000082,364,2021
2021-01-04,3.7361984142654334,8.000000000000183,361,2021
2021-01-05,3.756628582510796,7.999999999999689,360,2021
2021-01-06,3.734743538521034,7.999999999999707,359,2021
2021-01-07,3.727382998930257,7.999999999999852,358,2021
2021-01-08,3.7475503369961594,8.000000000000092,357,2021
2021-01-11,3.7307993757631124,7.999999999999756,354,2021
2021-01-12,3.7270610470499586,8.00000000000002,353,2021
2021-01-13,3.747465093336671,7.999999999999995,352,2021
2021-01-14,3.7466776907576618,8.000000000000183,351,2021
2021-01-15,3.7513607808980556,7.999999999999971,350,2021
2021-01-18,3.7425709592496252,7.999999999999992,347,2021
2021-01-19,3.727755772845186,7.999999999999946,346,2021
2021-01-20,3.7228163899347235,7.9999999999999405,345,2021
2021-01-21,3.721281594656727,7.999999999999956,344,2021
2021-01-22,3.724429556542832,8.000000000000005,343,2021
2021-01-25,3.7137067021174817,8.000000000000105,340,2021
2021-01-26,3.702707674190938,7.9999999999997975,339,2021
2021-01-27,3.6841464306102747,7.999999999999881,338,2021
2021-01-28,3.7137944157318534,8.000000000000524,337,2021
2021-01-29,3.7162334891969486,8.000000000000039,336,2021
2021-02-01,3.7253534149486764,8.000000000000473,333,2021
2021-02-02,3.7275970841483463,8.000000000000032,332,2021
2021-02-03,3.6945027742441665,8.00000000000043,331,2021
2021-02-04,3.7015401235042518,8.000000000000092,330,2021
2021-02-05,3.6851729408463667,8.000000000000224,329,2021
2021-02-08,3.6979849785149277,7.999999999999956,326,2021
2021-02-09,3.6862598437543728,7.999999999999428,325,2021
2021-02-10,3.6727654371314493,7.9999999999998055,324,2021
2021-02-11,3.6748752847987873,7.999999999999724,323,2021
2021-02-12,3.6854027972673906,7.999999999999375,322,2021
2021-02-15,3.693720931066462,7.999999999999541,319,2021
2021-02-16,3.6771508557330357,7.999999999999666,318,2021
2021-02-17,3.6839595614655636,7.999999999999777,317,2021
2021-02-18,3.6933132653868004,8.000000000000394,316,2021
2021-02-19,3.711922302236742,7.999999999999799,315,2021
2021-02-22,3.7061688231978387,7.99999999999942,312,2021
2021-02-23,3.7049467893508865,7.999999999999938,311,2021
2021-02-24,3.7104558449955753,7.999999999999494,310,2021
2021-02-25,3.6983433258502796,8.000000000000293,309,2021
2021-02-26,3.711982743915227,7.999999999999748,308,2021
2021-03-01,3.707526784851968,7.999999999999767,305,2021
2021-03-02,3.7046429337594446,7.99999999999947,304,2021
2021-03-03,3.696134430260498,7.999999999999638,303,2021
2021-03-04,3.710839954216734,7.999999999999992,302,2021
2021-03-05,3.693052950962869,7.99999999999952,301,2021
2021-03-08,3.6948105975452226,7.999999999999716,298,2021
2021-03-09,3.6962087899506244,8.000000000000366,297,2021
2021-03-10,3.689354825893446,8.00000000000014,296,2021
2021-03-11,3.6742885200983757,7.999999999999842,295,2021
2021-03-12,3.6812955013925226,8.000000000000053,294,2021
2021-03-15,3.6586691560039917,8.000000000000275,291,2021
2021-03-16,3.6571973402316154,8.000000000000448,290,2021
2021-03-17,3.6665237191392777,8.00000000000034,289,2021
2021-03-18,3.6772641869167106,7.999999999999955,288,2021
2021-03-19,3.6889709927331857,7.99999999999979,287,2021
2021-03-22,3.687578610461202,8.000000000000021,284,2021
2021-03-23,3.644054514771126,7.999999999999926,283,2021
2021-03-24,3.6317393695974065,7.999999999999863,282,2021
2021-03-25,3.622913819653297,7.9999999999999964,281,2021
2021-03-26,3.609593296381936,7.999999999999457,280,2021
2021-03-29,3.6206949916029654,7.999999999999892,277,2021
2021-03-30,3.6370652077543486,8.000000000000034,276,2021
2021-03-31,3.6590139812116043,7.99999999999972,275,2021
2021-04-01,3.657989658994497,7.999999999999914,274,2021
2021-04-02,-1.8042317824860996,-3.9565217391301046,273,2021
2021-04-05,3.6344515141362654,7.999999999999723,270,2021
2021-04-06,3.629896217852023,8.000000000000531,269,2021
2021-04-07,3.6343682959629797,7.999999999999726,268,2021
2021-04-08,3.621953262643156,7.999999999999965,267,2021
2021-04-09,3.6227295164916105,8.000000000000009,266,2021
2021-04-12,3.6255466708289386,8.000000000000291,263,2021
2021-04-13,3.633168946286066,7.999999999999832,262,2021
2021-04-14,3.6294105200256044,7.999999999999863,261,2021
2021-04-15,3.643114695193132,7.999999999999832,260,2021
2021-04-16,3.6349295321797883,7.999999999999983,259,2021
2021-04-19,3.618027826300312,7.999999999999936,256,2021
2021-04-20,3.6173297016057937,7.9999999999997975,255,2021
2021-04-21,3.6147883280354427,7.999999999999871,254,2021
2021-04-22,3.6132883650917167,7.999999999999743,253,2021
2021-04-23,3.6114158194695,8.000000000000032,252,2021
2021-04-26,3.6117960893179792,7.999999999999967,249,2021
2021-04-27,3.630902724284037,7.999999999999743,248,2021
2021-04-28,3.6251075747143355,8.00000000000008,247,2021
2021-04-29,3.653287890488585,8.000000000000233,246,2021
2021-04-30,3.630489925925381,7.999999999999846,245,2021
2021-05-03,3.628986177048225,7.999999999999956,242,2021
2021-05-04,3.6122186216454812,8.000000000000016,241,2021
2021-05-05,3.606559069646247,8.000000000000043,240,2021
2021-05-06,3.612505427829746,8.000000000000318,239,2021
2021-05-07,3.6041715015144917,7.999999999999825,238,2021
2021-05-10,3.5797600592262593,7.9999999999993285,235,2021
2021-05-11,3.5622751327960045,7.99999999999921,234,2021
2021-05-12,3.554674082187867,8.000000000000043,233,2021
2021-05-13,3.5336821944075205,8.000000000000222,232,2021
2021-05-14,3.5077286843954547,7.999999999999911,231,2021
2021-05-17,3.511080359810479,8.000000000000277,228,2021
2021-05-18,3.5223916857723925,8.000000000000238,227,2021
2021-05-19,3.5199406462371616,7.999999999999767,226,2021
2021-05-20,3.537866426183294,8.000000000000087,225,2021
2021-05-21,3.543169675431228,7.999999999999709,224,2021
2021-05-24,3.554892924358195,7.999999999999607,221,2021
2021-05-25,3.5342812147431535,8.000000000000158,220,2021
2021-05-26,3.525184448529937,7.999999999999982,219,2021
2021-05-27,3.501389223458438,8.000000000000322,218,2021
2021-05-28,3.497430115361084,8.000000000000272,217,2021
2021-05-31,3.48936210573351,7.9999999999999964,214,2021
2021-06-01,3.499084226125256,7.999999999999938,213,2021
2021-06-02,3.485985906643005,8.000000000000357,212,2021
2021-06-03,3.4716100332521695,7.999999999999993,211,2021
2021-06-04,3.4651194200492847,8.000000000000105,210,2021
2021-06-07,3.4778966382574406,8.000000000000059,207,2021
2021-06-08,3.461234508568487,7.999999999999775,206,2021
2021-06-09,3.466150873245327,7.99999999999997,205,2021
2021-06-10,3.4734252639511016,7.999999999999795,204,2021
2021-06-11,3.4915761899373354,7.999999999999999,203,2021
2021-06-14,3.5021882947207743,7.999999999999983,200,2021
2021-06-15,3.483266549580975,7.999999999999982,199,2021
2021-06-16,3.4738496002737573,8.000000000000398,198,2021
2021-06-17,3.4918426110737855,7.999999999999824,197,2021
2021-06-18,3.4873586533108343,7.999999999999674,196,2021
2021-06-21,3.4740674764855926,7.999999999999704,193,2021
2021-06-22,3.4845925400147086,7.999999999999742,192,2021
2021-06-23,3.4742863944557385,7.999999999999751,191,2021
2021-06-24,3.4698023606258257,7.999999999999835,190,2021
2021-06-25,3.469212107766176,8.000000000000089,189,2021
2021-06-28,3.4622241809406495,7.999999999999773,186,2021
2021-06-29,3.4787282581963885,8.000000000000187,185,2021
2021-06-30,3.4368059290601094,7.999999999999926,184,2021
2021-07-01,3.4524881033226875,7.9999999999999725,183,2021
2021-07-02,-0.5719202184839434,-1.3186813186813782,182,2021
2021-07-05,3.504775574528267,7.9999999999999165,179,2021
2021-07-06,3.508921747034839,8.000000000000046,178,2021
2021-07-07,3.5021084531693125,7.999999999999892,177,2021
2021-07-08,3.490377864503582,7.999999999999723,176,2021
2021-07-09,3.5247200592636796,7.99999999999995,175,2021
2021-07-12,3.542057559160501,8.00000000000002,172,2021
2021-07-13,3.528433626353329,7.999999999999852,171,2021
2021-07-14,3.5197870065505077,7.999999999999926,170,2021
2021-07-15,3.524470833692006,8.000000000000028,169,2021
2021-07-16,3.5497678276008093,7.999999999999943,168,2021
2021-07-19,3.5791166564377486,8.000000000000226,165,2021
2021-07-20,3.5858453301912574,8.00000000000017,164,2021
2021-07-21,3.58087976321928,7.9999999999999405,163,2021
2021-07-22,3.5773662457480215,8.000000000000192,162,2021
2021-07-23,3.5801997118143847,7.999999999999822,161,2021
2021-07-26,3.576408559003008,7.9999999999999005,158,2021
2021-07-27,3.5792733695219647,8.00000000000001,157,2021
2021-07-28,3.5893191941884783,7.999999999999763,156,2021
2021-07-29,3.6022921374037242,8.000000000000068,155,2021
2021-07-30,3.601689948829452,8.000000000000224,154,2021
2021-08-02,3.630977319596105,7.999999999999677,151,2021
2021-08-03,3.618946366453324,8.000000000000027,150,2021
2021-08-04,3.637995302761161,7.999999999999938,149,2021
2021-08-05,3.6607206450460605,7.999999999999871,148,2021
2021-08-06,3.654403656862666,7.999999999999755,147,2021
2021-08-09,3.661145640464565,7.999999999999936,144,2021
2021-08-10,3.653990659551156,8.000000000000048,143,2021
2021-08-11,3.6430507407765456,8.000000000000199,142,2021
2021-08-12,3.6508753175337327,8.00000000000015,141,2021
2021-08-13,3.658141298049591,8.000000000000156,140,2021
2021-08-16,3.6521472787854314,8.00000000000006,137,2021
2021-08-17,3.688770217602264,7.999999999999924,136,2021
2021-08-18,3.7082620669997857,8.00000000000017,135,2021
2021-08-19,3.694839418946425,7.999999999999846,134,2021
2021-08-20,3.6920731079965563,7.999999999999813,133,2021
2021-08-23,3.7165995712562805,8.000000000000215,130,2021
2021-08-24,3.7151629439059386,7.9999999999998375,129,2021
2021-08-25,3.723607212081519,7.999999999999899,128,2021
2021-08-26,3.717856675660647,8.000000000000025,127,2021
2021-08-27,3.709417206737029,7.999999999999782,126,2021
2021-08-30,3.69194155818803,7.99999999999985,123,2021
2021-08-31,-1.910612994186168,-4.133333333333308,122,2021
2021-09-01,3.682429280488005,8.0000000000002,121,2021
2021-09-02,3.6929092350199797,8.000000000000169,120,2021
2021-09-03,3.7111604236006333,7.999999999999956,119,2021
2021-09-06,3.7184987561397396,7.999999999999939,116,2021
2021-09-07,3.724876708554979,7.999999999999987,115,2021
2021-09-08,3.7007077858061326,8.000000000000123,114,2021
2021-09-09,3.706676023472664,7.999999999999911,113,2021
2021-09-10,3.683682917806619,8.00000000000005,112,2021
2021-09-13,3.6746503585642216,8.00000000000006,109,2021
2021-09-14,3.665211074561505,8.000000000000066,108,2021
2021-09-15,3.6943080774612893,7.999999999999913,107,2021
2021-09-16,3.695080033602782,8.0000000000001,106,2021
2021-09-17,3.6702392980155754,8.000000000000057,105,2021
2021-09-20,3.6907930987812243,8.00000000000002,102,2021
2021-09-21,3.646354336504611,8.000000000000087,101,2021
2021-09-22,3.646562277630883,8.000000000000048,100,2021
2021-09-23,3.627327022512823,8.000000000000023,99,2021
2021-09-24,3.6158988383801667,8.000000000000062,98,2021
2021-09-27,3.6137131260833826,8.00000000000002,95,2021
2021-09-28,3.6070452295824396,7.999999999999925,94,2021
2021-09-29,3.624538199841222,8.000000000000192,93,2021
2021-09-30,3.6176720504112554,8.000000000000043,92,2021
2021-10-01,-1.7587952502328519,-3.870967741935443,91,2021
2021-10-04,3.635566910340877,8.0,88,2021
2021-10-05,3.63221657346261,7.999999999999831,87,2021
2021-10-06,3.620349712625379,7.999999999999957,86,2021
2021-10-07,3.6379841550033243,7.999999999999968,85,2021
2021-10-08,3.6616912849355043,7.999999999999928,84,2021
2021-10-11,3.6658420704377614,7.999999999999952,81,2021
2021-10-12,3.6599932894060427,7.999999999999975,80,2021
2021-10-13,3.6520746771027723,7.9999999999999725,79,2021
2021-10-14,3.6381441489612265,7.999999999999993,78,2021
2021-10-15,3.6302883567038746,8.000000000000037,77,2021
2021-10-18,3.6491070251208035,8.000000000000085,74,2021
2021-10-19,3.643252451948864,7.999999999999982,73,2021
2021-10-20,3.653426941435769,7.9999999999998215,72,2021
2021-10-21,3.659551734024624,7.999999999999955,71,2021
2021-10-22,3.644852687171256,8.000000000000107,70,2021
2021-10-25,3.666427738311513,8.000000000000009,67,2021
2021-10-26,3.6563937988402473,7.999999999999893,66,2021
2021-10-27,3.624508055458897,8.000000000000105,65,2021
2021-10-28,3.6130017998963138,8.000000000000068,64,2021
2021-10-29,3.611924296234079,7.99999999999998,63,2021
2021-11-01,3.611849379775634,8.00000000000002,60,2021
2021-11-02,3.6020072597010895,7.9999999999999964,59,2021
2021-11-03,3.580772477078329,8.000000000000059,58,2021
2021-11-04,3.598368174348185,7.9999999999999725,57,2021
2021-11-05,3.582667977424001,8.000000000000039,56,2021
2021-11-08,3.5809010715069793,8.00000000000002,53,2021
2021-11-09,3.5940739811719022,8.000000000000094,52,2021
2021-11-10,3.5816660436021936,8.0000000000001,51,2021
2021-11-11,3.565449356572338,7.999999999999961,50,2021
2021-11-12,3.545138302698838,8.000000000000048,49,2021
2021-11-15,3.535099150180322,7.999999999999943,46,2021
2021-11-16,3.507324696102307,7.999999999999911,45,2021
2021-11-17,3.492473953001297,8.000000000000128,44,2021
2021-11-18,3.4810639504294656,7.9999999999999725,43,2021
2021-11-19,3.4893407346313277,8.000000000000023,42,2021
2021-11-22,3.4714785628387137,8.000000000000071,39,2021
2021-11-23,3.4584375711113395,7.999999999999987,38,2021
2021-11-24,3.4328803682600846,8.000000000000071,37,2021
2021-11-25,3.4505141921712514,8.000000000000036,36,2021
2021-11-26,3.474553994447726,7.9999999999999645,35,2021
2021-11-29,3.4980238063710667,8.000000000000068,32,2021
2021-11-30,3.521127336162551,8.000000000000039,31,2021
2021-12-01,-0.9103000697874002,-2.0645161290322456,30,2021
2021-12-02,3.5286634010418254,8.000000000000036,29,2021
2021-12-03,3.538235853583217,7.999999999999967,28,2021
2021-12-06,3.5398740259226145,7.99999999999996,25,2021
2021-12-07,3.5465114263422137,8.000000000000004,24,2021
2021-12-08,3.5496884764464873,8.000000000000023,23,2021
2021-12-09,3.5403910372146754,8.000000000000012,22,2021
2021-12-10,3.545501024557268,8.000000000000016,21,2021
2021-12-13,3.541015292883042,8.000000000000002,18,2021
2021-12-14,3.530906013880312,8.000000000000007,17,2021
2021-12-15,3.514945981256311,8.00000000000001,16,2021
2021-12-16,3.508829832881407,7.9999999999999964,15,2021
2021-12-17,-1.5452223030137693,-3.499999999999993,14,2021
2021-12-20,3.509629831660975,7.999999999999987,11,2021
2021-12-21,3.490949183514277,7.999999999999989,10,2021
2021-12-22,3.490216798362871,7.99999999999999,9,2021
2021-12-23,3.4872252579476744,7.999999999999995,8,2021
2021-12-24,,,7,2021
2021-12-27,,,4,2021
2021-12-28,,,3,2021
2021-12-29,,,2,2021
2021-12-30,,,1,2021
2021-12-31,,,0,2021
2022-01-03,3.4818120856750268,8.000000000000208,362,2022
2022-01-04,3.473952931600879,7.999999999999893,361,2022
2022-01-05,3.4813430473236853,8.0000000000002,360,2022
2022-01-06,3.4804388315373345,7.999999999999805,359,2022
2022-01-07,3.4592124101192665,7.999999999999948,358,2022
2022-01-10,3.457583762612515,8.000000000000044,355,2022
2022-01-11,3.401414101794316,8.000000000000059,354,2022
2022-01-12,3.3899746002434883,8.000000000000254,353,2022
2022-01-13,3.397383814957915,7.999999999999989,352,2022
2022-01-14,3.4150087428177525,7.999999999999914,351,2022
2022-01-17,3.3984677150891205,8.00000000000011,348,2022
2022-01-18,3.414392399825652,8.000000000000284,347,2022
2022-01-19,3.4424425159264835,7.999999999999815,346,2022
2022-01-20,3.413666365467182,7.999999999999828,345,2022
2022-01-21,3.4301897006460367,7.99999999999996,344,2022
2022-01-24,3.4111935673986906,7.9999999999999725,341,2022
2022-01-25,3.4089798276415584,7.999999999999914,340,2022
2022-01-26,3.4026608293672744,7.999999999999713,339,2022
2022-01-27,3.4254340546761473,8.000000000000066,338,2022
2022-01-28,3.428651479645003,8.000000000000176,337,2022
2022-01-31,3.4420044270457835,8.000000000000423,334,2022
2022-02-01,3.450241030709803,7.9999999999998685,333,2022
2022-02-02,3.4184703126710234,7.99999999999977,332,2022
2022-02-03,3.4147168160827155,7.999999999999688,331,2022
2022-02-04,3.4210576820234992,8.000000000000325,330,2022
2022-02-07,3.4417616973907483,8.000000000000128,327,2022
2022-02-08,3.4269114407156795,7.99999999999982,326,2022
2022-02-09,3.420146444814544,7.999999999999876,325,2022
2022-02-10,3.4307213114472734,7.9999999999998295,324,2022
2022-02-11,3.4384843393311586,7.999999999999713,323,2022
2022-02-14,3.4839827110196433,8.000000000000467,320,2022
2022-02-15,3.509403999490446,7.999999999999703,319,2022
2022-02-16,3.5021907472958196,8.000000000000167,318,2022
2022-02-17,3.5231468901182277,8.000000000000005,317,2022
2022-02-18,3.4798105078566834,7.999999999999882,316,2022
2022-02-21,3.480430708158532,7.9999999999997105,313,2022
2022-02-22,3.481618761183844,7.999999999999763,312,2022
2022-02-23,3.4763297182367987,7.999999999999457,311,2022
2022-02-24,3.475557666758162,8.000000000000052,310,2022
2022-02-25,3.505640523168525,7.999999999999968,309,2022
2022-02-28,3.52574811909815,8.000000000000341,306,2022
2022-03-01,3.4940742505645366,7.999999999999713,305,2022
2022-03-02,3.4830661943205303,7.999999999999989,304,2022
2022-03-03,3.4751369881149525,7.999999999999694,303,2022
2022-03-04,3.499675372780996,7.999999999999827,302,2022
2022-03-07,3.511739566834909,7.999999999999892,299,2022
2022-03-08,3.531595291069274,7.9999999999998375,298,2022
2022-03-09,3.546949909348726,7.999999999999415,297,2022
2022-03-10,3.5375937196912215,7.999999999999664,296,2022
2022-03-11,3.5369494009945335,7.999999999999768,295,2022
2022-03-14,3.5549675108670575,7.999999999999963,292,2022
2022-03-15,3.5549846398272518,8.000000000000123,291,2022
2022-03-16,3.556247073042149,8.000000000000266,290,2022
2022-03-17,3.556797946941378,8.000000000000194,289,2022
2022-03-18,3.5640935528164093,8.000000000000306,288,2022
2022-03-21,3.585986648723525,8.000000000000314,285,2022
2022-03-22,3.576815873996379,8.000000000000163,284,2022
2022-03-23,3.580948927192619,8.000000000000318,283,2022
2022-03-24,3.587682535216132,8.000000000000565,282,2022
2022-03-25,3.5618641881084905,7.999999999999952,281,2022
2022-03-28,3.5848452193939835,7.9999999999995755,278,2022
2022-03-29,3.565592882376791,8.000000000000055,277,2022
2022-03-30,3.5710140030306903,8.000000000000078,276,2022
2022-03-31,3.577333099255382,7.999999999999802,275,2022
2022-04-01,3.5912920668926542,8.000000000000208,274,2022
2022-04-04,3.594046870654523,7.99999999999966,271,2022
2022-04-05,3.5981627375977583,7.999999999999437,270,2022
2022-04-06,3.6023690550783294,7.999999999999847,269,2022
2022-04-07,3.612027954914094,7.999999999999931,268,2022
2022-04-08,3.6068056586853263,8.00000000000024,267,2022
2022-04-11,3.5978917420693293,8.000000000000385,264,2022
2022-04-12,3.5795872834380367,7.9999999999998614,263,2022
2022-04-13,3.5833617076938404,8.000000000000009,262,2022
2022-04-14,3.5665910920297867,8.000000000000398,261,2022
2022-04-15,3.564037781874486,8.00000000000021,260,2022
2022-04-18,3.5685605483305105,7.999999999999992,257,2022
2022-04-19,3.5544969203080305,8.00000000000002,256,2022
2022-04-20,3.565520594577687,8.00000000000023,255,2022
2022-04-21,3.5582736321733712,7.999999999999746,254,2022
2022-04-22,3.523989137939782,7.999999999999588,253,2022
2022-04-25,3.4907507631385126,7.999999999999609,250,2022
2022-04-26,3.4772911688025165,7.999999999999743,249,2022
2022-04-27,3.5053450309671517,7.999999999999561,248,2022
2022-04-28,3.4986158837891765,8.000000000000066,247,2022
2022-04-29,3.491528692054956,7.999999999999891,246,2022
2022-05-02,3.4843335869192957,7.999999999999854,243,2022
2022-05-03,3.493729198657518,8.000000000000073,242,2022
2022-05-04,3.4810882531856726,8.000000000000272,241,2022
2022-05-05,3.4520322684274194,8.000000000000043,240,2022
2022-05-06,3.452234484513467,7.999999999999713,239,2022
2022-05-09,3.468157645531384,7.9999999999998055,236,2022
2022-05-10,3.4551053874781066,8.000000000000258,235,2022
2022-05-11,3.4513265401172704,8.000000000000046,234,2022
2022-05-12,3.446125602414273,7.999999999999735,233,2022
2022-05-13,3.419126793647523,7.999999999999714,232,2022
2022-05-16,3.400417528354352,7.999999999999814,229,2022
2022-05-17,3.412194124018481,7.999999999999684,228,2022
2022-05-18,3.423360543114128,7.999999999999978,227,2022
2022-05-19,3.4030907724519146,8.000000000000334,226,2022
2022-05-20,3.402997520867485,7.9999999999999725,225,2022
2022-05-23,3.3970235524865124,8.000000000000155,222,2022
2022-05-24,3.3777819561257543,7.999999999999233,221,2022
2022-05-25,3.36795388409178,8.000000000000012,220,2022
2022-05-26,3.387149028391585,7.999999999999923,219,2022
2022-05-27,3.3858909169026834,7.999999999999835,218,2022
2022-05-30,3.3924554012302353,7.9999999999999405,215,2022
2022-05-31,3.3620303229099218,8.000000000000146,214,2022
2022-06-01,3.345743008809234,7.999999999999825,213,2022
2022-06-02,3.3430089821587208,7.999999999999649,212,2022
2022-06-03,3.349713162278854,8.000000000000249,211,2022
2022-06-06,3.3495421707092055,8.00000000000014,208,2022
2022-06-07,3.3701309499589396,7.999999999999983,207,2022
2022-06-08,3.368274704019842,8.000000000000261,206,2022
2022-06-09,3.3672137076611515,7.999999999999671,205,2022
2022-06-10,3.3519558223955475,7.999999999999703,204,2022
2022-06-13,3.3682020940276374,7.999999999999583,201,2022
2022-06-14,3.3701385816222977,8.000000000000012,200,2022
2022-06-15,3.352498141272921,7.999999999999587,199,2022
2022-06-16,3.3431240794778816,8.00000000000021,198,2022
2022-06-17,3.3510128117603495,8.000000000000213,197,2022
2022-06-20,3.3649839016796794,8.000000000000185,194,2022
2022-06-21,3.361824792423968,8.000000000000105,193,2022
2022-06-22,3.3537143116480053,8.000000000000233,192,2022
2022-06-23,3.3506318045156895,7.999999999999828,191,2022
2022-06-24,3.3467257000598885,7.999999999999592,190,2022
2022-06-27,3.363629583142389,7.999999999999528,187,2022
2022-06-28,3.3651871145779424,8.00000000000022,186,2022
2022-06-29,3.369879597164879,8.000000000000393,185,2022
2022-06-30,3.380613719459656,7.999999999999615,184,2022
2022-07-01,3.399191928263964,8.00000000000046,183,2022
2022-07-04,3.391300383243978,7.999999999999928,180,2022
2022-07-05,3.3795432800552305,7.999999999999963,179,2022
2022-07-06,3.35780479904888,7.999999999999872,178,2022
2022-07-07,3.3793980933166523,8.000000000000052,177,2022
2022-07-08,3.3720300221298705,8.000000000000096,176,2022
2022-07-11,3.384440195235956,8.000000000000021,173,2022
2022-07-12,3.3816949008440877,7.99999999999985,172,2022
2022-07-13,3.4063969576927944,8.000000000000036,171,2022
2022-07-14,3.390513386396208,7.999999999999785,170,2022
2022-07-15,3.3917921599382916,7.999999999999936,169,2022
2022-07-18,3.3994391698648663,7.99999999999978,166,2022
2022-07-19,3.3971060278725207,7.99999999999982,165,2022
2022-07-20,3.388512667322421,7.999999999999892,164,2022
2022-07-21,3.3979362373115363,7.999999999999859,163,2022
2022-07-22,3.41311554134343,8.000000000000012,162,2022
2022-07-25,3.3892611689470487,7.99999999999996,159,2022
2022-07-26,3.409620332079988,7.999999999999968,158,2022
2022-07-27,3.4290191411875304,8.000000000000215,157,2022
2022-07-28,3.41834912923372,7.999999999999845,156,2022
2022-07-29,3.4100752664750633,8.000000000000275,155,2022
2022-08-01,-1.6941222986591997,-3.9999999999999307,152,2022
2022-08-02,3.392049333831486,8.000000000000023,151,2022
2022-08-03,3.386066049777048,8.000000000000055,150,2022
2022-08-04,3.382134683352378,7.9999999999998215,149,2022
2022-08-05,3.386456493735319,7.999999999999987,148,2022
2022-08-08,3.380391892008605,7.999999999999812,145,2022
2022-08-09,3.376543901369251,7.999999999999881,144,2022
2022-08-10,3.374126088234868,7.999999999999849,143,2022
2022-08-11,3.3767439222954865,7.9999999999998685,142,2022
2022-08-12,3.35824244593657,8.000000000000185,141,2022
2022-08-15,3.3667951788100936,7.999999999999842,138,2022
2022-08-16,3.3640333692515245,7.999999999999795,137,2022
2022-08-17,3.368871811908374,8.000000000000028,136,2022
2022-08-18,3.359694932484607,7.999999999999965,135,2022
2022-08-19,3.355304092467364,8.000000000000025,134,2022
2022-08-22,3.3710536030512195,7.999999999999888,131,2022
2022-08-23,3.3667941256693856,8.000000000000032,130,2022
2022-08-24,3.387693264658753,7.999999999999854,129,2022
2022-08-25,3.3864945404944624,7.999999999999989,128,2022
2022-08-26,3.353872890919729,7.999999999999864,127,2022
2022-08-29,3.3793309750579814,8.000000000000112,124,2022
2022-08-30,3.37521107299926,7.999999999999802,123,2022
2022-08-31,-1.740445428849629,-4.1333333333332885,122,2022
2022-09-01,3.3753905370443693,8.000000000000156,121,2022
2022-09-02,3.3578060550632625,7.999999999999832,120,2022
2022-09-05,3.324949573791619,8.00000000000001,117,2022
2022-09-06,3.3113142236396675,8.000000000000236,116,2022
2022-09-07,3.307481005078576,7.9999999999999005,115,2022
2022-09-08,3.3059238115461977,7.99999999999996,114,2022
2022-09-09,3.2946829993588658,8.000000000000004,113,2022
2022-09-12,3.2941119656872986,8.000000000000163,110,2022
2022-09-13,3.29874533838673,8.000000000000064,109,2022
2022-09-14,3.29638978893201,7.99999999999981,108,2022
2022-09-15,3.2965463729373647,7.999999999999783,107,2022
2022-09-16,3.3067045302318143,7.9999999999999485,106,2022
2022-09-19,3.2917845643004924,7.9999999999998765,103,2022
2022-09-20,3.2826399716821038,8.000000000000066,102,2022
2022-09-21,3.3086023021517876,7.999999999999889,101,2022
2022-09-22,3.2976802853992293,8.000000000000277,100,2022
2022-09-23,3.276782924881863,8.000000000000261,99,2022
2022-09-26,3.2665287247529906,8.000000000000032,96,2022
2022-09-27,3.2776404775517776,7.999999999999967,95,2022
2022-09-28,3.279511703810187,8.000000000000117,94,2022
2022-09-29,3.2693964819463073,8.00000000000013,93,2022
2022-09-30,3.2799881076487454,7.9999999999999964,92,2022
2022-10-03,3.287984252453051,7.999999999999926,89,2022
2022-10-04,3.2969047996942846,7.999999999999906,88,2022
2022-10-05,3.29515701514425,7.999999999999955,87,2022
2022-10-06,3.292554839068993,7.999999999999755,86,2022
2022-10-07,3.273405398266629,7.999999999999832,85,2022
2022-10-10,3.280903668511712,7.999999999999899,82,2022
2022-10-11,3.280194882816656,7.99999999999997,81,2022
2022-10-12,3.267491593074161,7.999999999999884,80,2022
2022-10-13,3.2635407694845986,7.999999999999953,79,2022
2022-10-14,3.2618216461635807,8.000000000000012,78,2022
2022-10-17,3.2877189232745163,7.999999999999817,75,2022
2022-10-18,3.27846329075705,7.9999999999998685,74,2022
2022-10-19,3.2796891504735592,7.999999999999989,73,2022
2022-10-20,3.2837522106748596,8.000000000000048,72,2022
2022-10-21,3.2862091168346064,7.999999999999948,71,2022
2022-10-24,3.2742263310388564,7.9999999999999485,68,2022
2022-10-25,3.2696928853084684,7.999999999999775,67,2022
2022-10-26,3.267546832760786,7.999999999999957,66,2022
2022-10-27,3.276085807230247,8.000000000000131,65,2022
2022-10-28,3.284346680768344,7.999999999999908,64,2022
2022-10-31,-1.690166905736911,-4.13333333333337,61,2022
2022-11-01,3.2722291973930413,8.000000000000147,60,2022
2022-11-02,3.2802976376532866,7.999999999999975,59,2022
2022-11-03,3.2793514104238217,8.000000000000103,58,2022
2022-11-04,3.2668030840874343,8.00000000000001,57,2022
2022-11-07,3.2595357978861954,8.000000000000036,54,2022
2022-11-08,3.2719555344505684,8.000000000000217,53,2022
2022-11-09,3.258188459891766,8.000000000000064,52,2022
2022-11-10,3.228048243449349,8.000000000000119,51,2022
2022-11-11,3.2292544959959164,8.000000000000009,50,2022
2022-11-14,3.260298640653542,7.999999999999968,47,2022
2022-11-15,3.2675098612999953,7.99999999999992,46,2022
2022-11-16,3.2478538968585564,7.999999999999894,45,2022
2022-11-17,3.2472289047530123,8.00000000000006,44,2022
2022-11-18,3.233202383038155,8.000000000000004,43,2022
2022-11-21,3.231566815153447,7.999999999999999,40,2022
2022-11-22,3.2093759232185475,8.000000000000025,39,2022
2022-11-23,3.210841374333453,8.0000000000001,38,2022
2022-11-24,3.2385060593138317,8.000000000000036,37,2022
2022-11-25,3.2111920744636917,8.000000000000007,36,2022
2022-11-28,3.1990596860370086,8.000000000000052,33,2022
2022-11-29,3.1849208870976655,8.00000000000001,32,2022
2022-11-30,3.177484845264262,8.000000000000052,31,2022
2022-12-01,-0.8270828123646794,-2.0645161290322673,30,2022
2022-12-02,3.2160995792322673,7.999999999999993,29,2022
2022-12-05,3.196404766580848,7.99999999999998,26,2022
2022-12-06,3.1877786821774947,7.99999999999998,25,2022
2022-12-07,3.188809803813843,8.000000000000021,24,2022
2022-12-08,3.173982923872636,7.999999999999999,23,2022
2022-12-09,3.156248936107591,8.000000000000036,22,2022
2022-12-12,3.1490758530641507,7.9999999999999964,19,2022
2022-12-13,3.1380211644230407,7.999999999999965,18,2022
2022-12-14,3.12394219975835,7.999999999999987,17,2022
2022-12-15,3.1311481959596748,7.9999999999999725,16,2022
2022-12-16,3.1187093611801124,8.000000000000016,15,2022
2022-12-19,3.117061587057612,7.999999999999977,12,2022
2022-12-20,3.1090194352929776,8.000000000000016,11,2022
2022-12-21,3.123706761474846,7.999999999999992,10,2022
2022-12-22,3.113500636783624,7.999999999999992,9,2022
2022-12-23,3.0985051359792113,7.999999999999985,8,2022
2022-12-26,,,5,2022
2022-12-27,,,4,2022
2022-12-28,,,3,2022
2022-12-29,,,2,2022
2022-12-30,,,1,2022
2023-01-02,3.070816064186247,7.999999999999832,363,2023
2023-01-03,3.0701126763699245,7.999999999999771,362,2023
2023-01-04,3.0588757020376,8.000000000000112,361,2023
2023-01-05,3.0693143836072627,7.99999999999982,360,2023
2023-01-06,3.076781774669173,7.9999999999999085,359,2023
2023-01-09,3.0469304575636,7.999999999999721,356,2023
2023-01-10,3.0433546142973897,7.999999999999953,355,2023
2023-01-11,3.0571269275996933,7.99999999999998,354,2023
2023-01-12,3.056708223133385,8.000000000000153,353,2023
2023-01-13,3.056497822113392,7.9999999999997184,352,2023
2023-01-16,3.060120433025233,7.9999999999999165,349,2023
2023-01-17,3.0707403403125886,7.999999999999788,348,2023
2023-01-18,3.078103388568075,7.999999999999613,347,2023
2023-01-19,3.0926052985020327,8.000000000000059,346,2023
2023-01-20,3.087832974045443,7.999999999999869,345,2023
2023-01-23,3.099512430605884,7.999999999999854,342,2023
2023-01-24,3.1073933724473974,7.999999999999845,341,2023
2023-01-25,3.1031057299597693,8.000000000000062,340,2023
2023-01-26,3.1171262329909464,8.00000000000036,339,2023
2023-01-27,3.1218201873736096,7.9999999999998215,338,2023
2023-01-30,3.1103610923862357,8.000000000000195,335,2023
2023-01-31,3.0921283806851623,7.999999999999558,334,2023
2023-02-01,3.0924911045370322,7.999999999999669,333,2023
2023-02-02,3.1061212223438854,7.999999999999856,332,2023
2023-02-03,3.0962919612081414,7.999999999999671,331,2023
2023-02-06,3.1073850527550704,8.000000000000341,328,2023
2023-02-07,3.109791413619652,7.999999999999864,327,2023
2023-02-08,3.0994831639822795,8.000000000000194,326,2023
2023-02-09,3.0847364657092022,7.999999999999828,325,2023
2023-02-10,3.080106302156869,7.999999999999904,324,2023
2023-02-13,3.076157711016455,8.000000000000068,321,2023
2023-02-14,3.0907893490534324,8.000000000000105,320,2023
2023-02-15,3.0684556313322586,8.00000000000041,319,2023
2023-02-16,3.0691051390070596,7.999999999999677,318,2023
2023-02-17,3.05861696660104,8.000000000000385,317,2023
2023-02-20,3.0447201831777573,7.999999999999881,314,2023
2023-02-21,3.0523768172770236,8.00000000000001,313,2023
2023-02-22,3.064799414375525,7.999999999999516,312,2023
2023-02-23,3.0538323593975836,8.000000000000066,311,2023
2023-02-24,3.0521832370510484,8.000000000000053,310,2023
2023-02-27,3.046666020160492,8.000000000000519,307,2023
2023-02-28,3.0487340503861162,8.00000000000029,306,2023
2023-03-01,3.0661154610968993,7.9999999999999005,305,2023
2023-03-02,3.065376021525916,7.999999999999936,304,2023
2023-03-03,3.0492063930580517,7.999999999999652,303,2023
2023-03-06,3.042363128353516,8.000000000000053,300,2023
2023-03-07,3.0441354350175374,8.000000000000101,299,2023
2023-03-08,3.0488434553023644,7.999999999999857,298,2023
2023-03-09,3.047415091274578,7.999999999999911,297,2023
2023-03-10,3.0680216404643854,8.00000000000002,296,2023
2023-03-13,3.050559004194099,8.000000000000332,293,2023
2023-03-14,3.050953671593076,8.000000000000785,292,2023
2023-03-15,3.041205363228192,8.000000000000357,291,2023
2023-03-16,3.0535271434382114,7.999999999999406,290,2023
2023-03-17,3.0594321503566917,8.000000000000123,289,2023
2023-03-20,3.055778773685473,8.000000000000103,286,2023
2023-03-21,3.061902257593431,8.000000000000156,285,2023
2023-03-22,3.0788869398030165,7.99999999999981,284,2023
2023-03-23,3.06313463517545,7.999999999999758,283,2023
2023-03-24,3.0719113488234218,8.000000000000076,282,2023
2023-03-27,3.0742993305537887,7.999999999999561,279,2023
2023-03-28,3.063340835077156,7.999999999999568,278,2023
2023-03-29,3.0842200888767373,8.000000000000153,277,2023
2023-03-30,3.0839399719307785,7.999999999999761,276,2023
2023-03-31,3.067626033209992,7.999999999999755,275,2023
2023-04-03,3.067196532832844,7.999999999999844,272,2023
2023-04-04,3.052037665503295,7.999999999999939,271,2023
2023-04-05,3.051430040713718,7.999999999999773,270,2023
2023-04-06,3.0659803316766983,7.999999999999864,269,2023
2023-04-07,3.0656372136479706,8.000000000000552,268,2023
2023-04-10,3.0551137582382295,7.999999999999667,265,2023
2023-04-11,3.026503011435885,7.999999999999717,264,2023
2023-04-12,3.0118523721484833,8.000000000000341,263,2023
2023-04-13,3.0148398658203215,7.999999999999812,262,2023
2023-04-14,3.0122636252573813,8.000000000000531,261,2023
2023-04-17,3.0227856126927497,8.000000000000028,258,2023
2023-04-18,3.022089436120982,7.999999999999771,257,2023
2023-04-19,3.0277435374314843,8.000000000000197,256,2023
2023-04-20,3.0259967496791083,7.9999999999999165,255,2023
2023-04-21,2.999982267577823,7.99999999999978,254,2023
2023-04-24,3.010842243590024,7.9999999999999405,251,2023
2023-04-25,3.026858131495331,8.000000000000316,250,2023
2023-04-26,3.039585761485224,7.9999999999997895,249,2023
2023-04-27,3.0269147709762123,7.999999999999989,248,2023
2023-04-28,3.0283284266246846,8.000000000000632,247,2023
2023-05-01,3.033644869267551,8.000000000000327,244,2023
2023-05-02,2.9955202598170105,7.999999999999639,243,2023
2023-05-03,2.985153778149458,7.999999999999713,242,2023
2023-05-04,2.9750837479998857,7.999999999999631,241,2023
2023-05-05,2.97755204376511,7.999999999999704,240,2023
2023-05-08,2.9669845270603896,7.999999999999087,237,2023
2023-05-09,2.9837702925685576,7.999999999999558,236,2023
2023-05-10,2.978702542514002,7.999999999999568,235,2023
2023-05-11,2.9782064741713405,7.999999999999585,234,2023
2023-05-12,2.9911908724638026,7.999999999999967,233,2023
2023-05-15,2.9851281079259335,7.999999999999983,230,2023
2023-05-16,2.9667661282902857,8.0000000000002,229,2023
2023-05-17,2.9981562738082443,7.999999999999487,228,2023
2023-05-18,3.007590670839853,7.999999999999908,227,2023
2023-05-19,2.9884319816604608,8.000000000000005,226,2023
2023-05-22,2.9820481744924203,8.000000000000115,223,2023
2023-05-23,2.9880310744031986,8.000000000000501,222,2023
2023-05-24,2.9994193718037216,7.9999999999998215,221,2023
2023-05-25,3.0064999035930966,8.000000000000174,220,2023
2023-05-26,2.9994708665253444,7.999999999999936,219,2023
2023-05-29,2.9813769018108176,7.999999999999669,216,2023
2023-05-30,2.9790582198756512,7.9999999999996865,215,2023
2023-05-31,2.952937602725358,7.99999999999997,214,2023
2023-06-01,2.9461276572395647,7.9999999999998215,213,2023
2023-06-02,2.939486495433818,8.000000000000087,212,2023
2023-06-05,2.9343609219720372,8.0000000000003,209,2023
2023-06-06,2.9257792636318465,8.000000000000039,208,2023
2023-06-07,2.918157339198438,7.9999999999994,207,2023
2023-06-08,2.899030474612825,7.999999999999324,206,2023
2023-06-09,2.9136999617546007,8.000000000000155,205,2023
2023-06-12,2.9157638516572115,8.000000000000272,202,2023
2023-06-13,2.8986352608891783,7.999999999999405,201,2023
2023-06-14,2.898893631218753,7.999999999999724,200,2023
2023-06-15,2.9049440007543046,8.000000000000338,199,2023
2023-06-16,2.9025531806704388,8.000000000000192,198,2023
2023-06-19,2.9046610238682193,7.999999999999989,195,2023
2023-06-20,2.9098728315286424,7.999999999999874,194,2023
2023-06-21,2.893748678604643,8.00000000000009,193,2023
2023-06-22,2.911063535123049,7.99999999999976,192,2023
2023-06-23,2.922725070813301,7.999999999999881,191,2023
2023-06-26,2.9250386744234778,8.00000000000012,188,2023
2023-06-27,2.9222170320369845,7.9999999999998055,187,2023
2023-06-28,2.910303198127455,8.00000000000009,186,2023
2023-06-29,2.90078490008476,8.000000000000261,185,2023
2023-06-30,2.911784832481043,7.999999999999498,184,2023
2023-07-03,2.9017887707882917,7.9999999999998,181,2023
2023-07-04,2.9025249038229073,7.99999999999997,180,2023
2023-07-05,2.9068632011848172,7.999999999999967,179,2023
2023-07-06,2.89576506765048,7.999999999999771,178,2023
2023-07-07,2.8955986529629696,8.000000000000028,177,2023
2023-07-10,2.9059654615932518,7.999999999999936,174,2023
2023-07-11,2.901749127398041,7.999999999999746,173,2023
2023-07-12,2.9285920161563883,8.000000000000009,172,2023
2023-07-13,2.93711617623321,8.000000000000087,171,2023
2023-07-14,2.939403103759628,7.999999999999856,170,2023
2023-07-17,2.9380044454739718,7.999999999999765,167,2023
2023-07-18,2.9213947243567917,8.000000000000238,166,2023
2023-07-19,2.9420892146911237,8.00000000000004,165,2023
2023-07-20,2.9329522753536885,7.999999999999671,164,2023
2023-07-21,2.9353615753993045,8.000000000000066,163,2023
2023-07-24,2.9436288619618867,7.999999999999824,160,2023
2023-07-25,2.94897207597012,8.000000000000101,159,2023
2023-07-26,2.9548049689698086,8.000000000000089,158,2023
2023-07-27,2.970019454718349,8.000000000000043,157,2023
2023-07-28,2.9477791420028643,7.999999999999923,156,2023
2023-07-31,2.979795816756885,8.000000000000353,153,2023
2023-08-01,-1.479833685084777,-3.999999999999944,152,2023
2023-08-02,2.964406975918439,7.999999999999958,151,2023
2023-08-03,2.9693604405381424,7.99999999999975,150,2023
2023-08-04,2.96102931773093,8.000000000000043,149,2023
2023-08-07,2.9666918282539245,7.999999999999864,146,2023
2023-08-08,2.975692265817429,7.999999999999952,145,2023
2023-08-09,2.9951683105666005,7.99999999999999,144,2023
2023-08-10,3.0213328003047546,7.9999999999998375,143,2023
2023-08-11,3.026412917016519,7.999999999999938,142,2023
2023-08-14,3.03135113219426,7.999999999999933,139,2023
2023-08-15,3.0227962032643463,7.99999999999977,138,2023
2023-08-16,3.006690972386923,7.999999999999914,137,2023
2023-08-17,2.9992648020342694,7.999999999999892,136,2023
2023-08-18,2.994210990720858,7.999999999999892,135,2023
2023-08-21,3.0021468053477074,7.99999999999977,132,2023
2023-08-22,3.0302873254643536,7.999999999999987,131,2023
2023-08-23,3.0369976138715904,8.00000000000017,130,2023
2023-08-24,3.0450234444797153,7.999999999999928,129,2023
2023-08-25,3.0543587777760584,7.999999999999773,128,2023
2023-08-28,3.089264968286538,8.000000000000094,125,2023
2023-08-29,3.084977482037279,7.999999999999795,124,2023
2023-08-30,3.0935913641231227,7.999999999999854,123,2023
2023-08-31,-1.608962243081613,-4.133333333333173,122,2023
2023-09-01,3.112163233262206,8.000000000000105,121,2023
2023-09-04,3.098721102745296,7.999999999999928,118,2023
2023-09-05,3.102923733397584,8.000000000000119,117,2023
2023-09-06,3.092558711019173,8.000000000000155,116,2023
2023-09-07,3.1009137384176104,8.000000000000055,115,2023
2023-09-08,3.085660124923117,7.999999999999993,114,2023
2023-09-11,3.076205404936071,8.0000000000001,111,2023
2023-09-12,3.0456213776470475,8.00000000000006,110,2023
2023-09-13,3.060994451621304,7.999999999999746,109,2023
2023-09-14,3.056620391260661,7.999999999999992,108,2023
2023-09-15,3.0679178362563624,7.999999999999961,107,2023
2023-09-18,3.0698649711488692,7.9999999999998685,104,2023
2023-09-19,3.074806976067602,7.9999999999999645,103,2023
2023-09-20,3.0796960315964115,8.000000000000153,102,2023
2023-09-21,3.078421660151114,8.000000000000151,101,2023
2023-09-22,3.1101675461422507,8.00000000000007,100,2023
2023-09-25,3.1319596893628123,8.00000000000023,97,2023
2023-09-26,3.1232235714890573,7.999999999999955,96,2023
2023-09-27,3.120745432407039,8.000000000000114,95,2023
2023-09-28,3.138544055452519,8.000000000000082,94,2023
2023-09-29,3.1527453015840887,8.000000000000016,93,2023
2023-10-02,3.141178089687484,7.9999999999999405,90,2023
2023-10-03,3.137705599825389,8.000000000000062,89,2023
2023-10-04,3.1504450542857443,8.000000000000018,88,2023
2023-10-05,3.153225419991519,8.00000000000006,87,2023
2023-10-06,3.1578353804750137,8.000000000000048,86,2023
2023-10-09,3.1624456323024375,8.000000000000039,83,2023
2023-10-10,3.167313901118103,7.999999999999961,82,2023
2023-10-11,3.1549554620689957,8.000000000000119,81,2023
2023-10-12,3.14610178729847,7.999999999999977,80,2023
2023-10-13,3.1486051944965032,7.999999999999989,79,2023
2023-10-16,3.1524796466570315,8.000000000000039,76,2023
2023-10-17,3.145810479898141,7.9999999999999725,75,2023
2023-10-18,3.1313970597960505,7.999999999999846,74,2023
2023-10-19,3.117669642339136,7.999999999999956,73,2023
2023-10-20,3.118691186831599,7.999999999999906,72,2023
2023-10-23,3.1137635531929364,7.999999999999971,69,2023
2023-10-24,3.099389515196922,8.000000000000036,68,2023
2023-10-25,3.102472212663696,7.999999999999898,67,2023
2023-10-26,3.1093010832015677,7.9999999999999005,66,2023
2023-10-27,3.120672030275511,7.999999999999908,65,2023
2023-10-30,3.1230470808479227,7.99999999999991,62,2023
2023-10-31,-1.603069132037598,-4.1333333333332964,61,2023
2023-11-01,3.127027992520865,8.000000000000023,60,2023
2023-11-02,3.131912333201175,7.9999999999999805,59,2023
2023-11-03,3.135440570956779,8.000000000000023,58,2023
2023-11-06,3.1508910721824193,8.000000000000076,55,2023
2023-11-07,3.1291080169842433,8.000000000000043,54,2023
2023-11-08,3.1435797440893722,7.999999999999946,53,2023
2023-11-09,3.161177808809201,7.9999999999999964,52,2023
2023-11-10,3.1647912852254696,8.000000000000092,51,2023
2023-11-13,3.1589415013872224,8.0,48,2023
2023-11-14,3.1604721787680896,7.999999999999999,47,2023
2023-11-15,3.1934308079579834,8.000000000000046,46,2023
2023-11-16,3.161212201047992,8.000000000000046,45,2023
2023-11-17,3.176031877108402,8.000000000000112,44,2023
2023-11-20,3.168469406696412,8.000000000000027,41,2023
2023-11-21,3.1621317644558546,8.00000000000011,40,2023
2023-11-22,3.1440721073819473,7.9999999999999805,39,2023
2023-11-23,3.163425547815143,8.000000000000071,38,2023
2023-11-24,3.147066126272761,8.000000000000087,37,2023
2023-11-27,3.1531841434332772,8.000000000000094,34,2023
2023-11-28,3.1362645094471486,8.000000000000131,33,2023
2023-11-29,3.1367306436812354,7.999999999999971,32,2023
2023-11-30,3.1478356388492386,7.999999999999993,31,2023
2023-12-01,-0.8087199054832865,-2.0645161290322718,30,2023
2023-12-04,3.158976143824205,7.9999999999999964,27,2023
2023-12-05,3.13836521650083,7.999999999999973,26,2023
2023-12-06,3.1485896486828224,8.00000000000002,25,2023
2023-12-07,3.142150545288665,7.999999999999989,24,2023
2023-12-08,3.1505272858710605,7.999999999999982,23,2023
2023-12-11,3.1491891866692328,7.999999999999977,20,2023
2023-12-12,3.145020654819163,7.999999999999978,19,2023
2023-12-13,3.125037409010595,7.999999999999989,18,2023
2023-12-14,3.1458662372120756,8.000000000000044,17,2023
2023-12-15,3.167251931751643,7.999999999999995,16,2023
2023-12-18,3.1468953246630287,7.999999999999983,13,2023
2023-12-19,3.1541955953622867,7.999999999999989,12,2023
2023-12-20,3.1675717570647297,7.999999999999988,11,2023
2023-12-21,3.1471960124373846,7.999999999999999,10,2023
2023-12-22,3.156017328161818,7.999999999999987,9,2023
2023-12-25,,,6,2023
2023-12-26,,,5,2023
2023-12-27,,,4,2023
2023-12-28,,,3,2023
2023-12-29,,,2,2023
2024-01-01,-1.4299672557172016e-13,-3.616831796149258e-13,365,2024
2024-01-02,3.1624220185039498,8.000000000000131,364,2024
2024-01-03,3.1436227592753454,7.999999999999884,363,2024
2024-01-04,3.140714534667259,8.000000000000233,362,2024
2024-01-05,3.1574194325955673,7.999999999999502,361,2024
2024-01-08,3.1449620660305486,8.000000000000252,358,2024
2024-01-09,3.137642216523308,7.999999999999822,357,2024
2024-01-10,3.1522973771161853,7.999999999999671,356,2024
2024-01-11,3.156088703434926,8.000000000000222,355,2024
2024-01-12,3.148943573449394,8.000000000000004,354,2024
2024-01-15,3.1509345172619625,8.000000000000266,351,2024
2024-01-16,3.13743106688461,7.9999999999999964,350,2024
2024-01-17,3.1529275227249602,7.999999999999845,349,2024
2024-01-18,3.1640098598885498,7.9999999999998845,348,2024
2024-01-19,3.1589567732690256,8.000000000000332,347,2024
2024-01-22,3.1601521162220365,7.999999999999324,344,2024
2024-01-23,3.1781151051491037,7.999999999999802,343,2024
2024-01-24,3.161416767635888,7.999999999999694,342,2024
2024-01-25,3.1725190626180737,7.999999999999943,341,2024
2024-01-26,3.1836737498621996,8.000000000000085,340,2024
2024-01-29,3.196362997611706,7.999999999999952,337,2024
2024-01-30,3.188530687231937,7.999999999999699,336,2024
2024-01-31,3.1956113679340596,7.999999999999775,335,2024
2024-02-01,3.205933672925892,8.000000000000345,334,2024
2024-02-02,3.2187304502633154,8.00000000000018,333,2024
2024-02-05,3.204558717093418,8.00000000000027,330,2024
2024-02-06,3.203989501855337,7.999999999999561,329,2024
2024-02-07,3.205413614382085,8.000000000000334,328,2024
2024-02-08,3.212708363017465,8.000000000000078,327,2024
2024-02-09,3.2017429289890185,8.000000000000123,326,2024
2024-02-12,3.215635787107855,7.9999999999999165,323,2024
2024-02-13,3.2083878029999804,7.9999999999996865,322,2024
2024-02-14,3.207052960807995,8.000000000000108,321,2024
2024-02-15,3.220189789617124,7.999999999999942,320,2024
2024-02-16,3.203450640126899,7.999999999999977,319,2024
2024-02-19,3.1988911642758,7.99999999999945,316,2024
2024-02-20,3.174259778807529,7.999999999999748,315,2024
2024-02-21,3.1864887165905476,7.999999999999237,314,2024
2024-02-22,3.2017378993957095,7.999999999999674,313,2024
2024-02-23,3.1939647809113385,8.00000000000016,312,2024
2024-02-26,3.1888618200098806,7.999999999999495,309,2024
2024-02-27,3.152606123378943,7.999999999999613,308,2024
2024-02-28,3.1488442542278836,8.000000000000183,307,2024
2024-02-29,3.1558542539803627,8.000000000000238,306,2024
2024-03-01,3.1491174021399475,8.000000000000213,305,2024
2024-03-04,3.164174229196786,7.999999999999844,302,2024
2024-03-05,3.162054844902996,7.999999999999395,301,2024
2024-03-06,3.1684883238299193,8.000000000000572,300,2024
2024-03-07,3.1681981737133906,8.000000000000396,299,2024
2024-03-08,3.1758949385693835,7.999999999999472,298,2024
2024-03-11,3.1784527448627333,8.000000000000151,295,2024
2024-03-12,3.1766861579710284,7.999999999999348,294,2024
2024-03-13,3.1756141762406953,7.999999999999686,293,2024
2024-03-14,3.161578505925676,7.99999999999947,292,2024
2024-03-15,3.1611999301805564,7.999999999999674,291,2024
2024-03-18,3.1857383868947853,8.000000000000231,288,2024
2024-03-19,3.1855761524758357,7.999999999999946,287,2024
2024-03-20,3.1863689166382585,8.000000000000156,286,2024
2024-03-21,3.200167193215889,8.000000000000323,285,2024
2024-03-22,3.175715333031148,8.00000000000008,284,2024
2024-03-25,3.1732850763096865,7.999999999999782,281,2024
2024-03-26,3.1935161382390813,8.0000000000001,280,2024
2024-03-27,3.1898552864506,7.9999999999994404,279,2024
2024-03-28,3.1783516062286568,7.99999999999944,278,2024
2024-03-29,3.171861185006268,8.000000000000226,277,2024
2024-04-01,3.183806421137369,7.999999999999713,274,2024
2024-04-02,-1.5704363715229759,-3.956521739130488,273,2024
2024-04-03,3.173844550915589,8.000000000000089,272,2024
2024-04-04,3.176368682363231,8.000000000000197,271,2024
2024-04-05,3.180785067507832,7.999999999999733,270,2024
2024-04-08,3.182097530989092,7.999999999999551,267,2024
2024-04-09,3.179341058420569,8.000000000000629,266,2024
2024-04-10,3.183837744925879,8.000000000000112,265,2024
2024-04-11,3.1926164391498753,7.9999999999995035,264,2024
2024-04-12,3.194165301534714,7.999999999999834,263,2024
2024-04-15,3.2099551598624068,8.000000000000071,260,2024
2024-04-16,3.2104139566828445,8.00000000000061,259,2024
2024-04-17,3.2154077192542627,8.000000000000142,258,2024
2024-04-18,3.20428952554532,8.000000000000085,257,2024
2024-04-19,3.1920363344526503,8.00000000000041,256,2024
2024-04-22,3.208736578830605,7.999999999999657,253,2024
2024-04-23,3.2278244679533654,7.999999999999699,252,2024
2024-04-24,3.242145966120492,8.000000000000327,251,2024
2024-04-25,3.2333826816277487,7.999999999999888,250,2024
2024-04-26,3.2185589588457706,8.00000000000084,249,2024
2024-04-29,3.201281839398078,7.999999999999812,246,2024
2024-04-30,3.207240467297518,8.000000000000098,245,2024
2024-05-01,3.1936359976263256,8.000000000000112,244,2024
2024-05-02,3.210833928441401,8.000000000000233,243,2024
2024-05-03,3.200111600350589,7.99999999999972,242,2024
2024-05-06,3.2054027642572334,8.000000000000174,239,2024
2024-05-07,3.1838959142611376,8.000000000000387,238,2024
2024-05-08,3.203237973182525,7.999999999999662,237,2024
2024-05-09,3.204314627154137,8.000000000000414,236,2024
2024-05-10,3.2143820062112156,7.999999999999864,235,2024
2024-05-13,3.2044723041088456,7.9999999999999165,232,2024
2024-05-14,3.2071543569516314,8.00000000000057,231,2024
2024-05-15,3.217861443260114,8.000000000000627,230,2024
2024-05-16,3.2241498401308615,7.999999999999953,229,2024
2024-05-17,3.235329054424373,8.000000000000023,228,2024
2024-05-20,3.2306207790930195,8.000000000000142,225,2024
2024-05-21,3.2239026691576855,8.000000000000341,224,2024
2024-05-22,3.2340916814164973,8.00000000000005,223,2024
2024-05-23,3.2509017037831365,7.999999999999785,222,2024
2024-05-24,3.2594307942570198,7.999999999999815,221,2024
2024-05-27,3.260550078943481,7.99999999999946,218,2024
2024-05-28,3.2606803172402157,7.999999999999383,217,2024
2024-05-29,3.2739639036524455,8.000000000000048,216,2024
2024-05-30,3.2928468056925766,7.999999999999977,215,2024
2024-05-31,3.3173052103117366,7.999999999999884,214,2024
2024-06-03,3.298742208963584,8.000000000000393,211,2024
2024-06-04,3.2968484798326,7.999999999999948,210,2024
2024-06-05,3.312624854864081,8.000000000000446,209,2024
2024-06-06,3.3048581150693024,8.000000000000124,208,2024
2024-06-07,3.285979364160366,7.999999999999723,207,2024
2024-06-10,3.290736946570595,8.000000000000023,204,2024
2024-06-11,3.3017611929135082,8.000000000000078,203,2024
2024-06-12,3.294048248962388,7.9999999999998845,202,2024
2024-06-13,3.3069951962145216,7.999999999999809,201,2024
2024-06-14,3.3185909957703137,8.00000000000048,200,2024
2024-06-17,3.316446487332546,8.000000000000181,197,2024
2024-06-18,3.3304103474225135,7.999999999999933,196,2024
2024-06-19,3.352293640066056,7.999999999999802,195,2024
2024-06-20,3.354337573978431,7.999999999999864,194,2024
2024-06-21,3.3235805352489813,8.000000000000394,193,2024
2024-06-24,3.3184417835817897,7.999999999999928,190,2024
2024-06-25,3.318609032440566,8.000000000000036,189,2024
2024-06-26,3.3280444982848225,8.00000000000023,188,2024
2024-06-27,3.3238232314548997,7.999999999999901,187,2024
2024-06-28,3.3282812946259632,8.00000000000002,186,2024
2024-07-01,3.3458142305316643,8.000000000000066,183,2024
2024-07-02,-0.5568908519934124,-1.3186813186815358,182,2024
2024-07-03,3.3776953672152166,7.999999999999898,181,2024
2024-07-04,3.366003542585694,7.999999999999881,180,2024
2024-07-05,3.3670739519491,7.9999999999999005,179,2024
2024-07-08,3.3674482855085697,7.999999999999874,176,2024
2024-07-09,3.3699769985204076,7.999999999999953,175,2024
2024-07-10,3.364112997633013,7.9999999999999085,174,2024
2024-07-11,3.3758043918870007,7.9999999999998,173,2024
2024-07-12,3.373114995457731,8.000000000000128,172,2024
2024-07-15,3.3811784268590683,8.000000000000036,169,2024
2024-07-16,3.3561083302437056,8.00000000000004,168,2024
2024-07-17,3.347453499220101,7.999999999999957,167,2024
2024-07-18,3.327599955971756,7.999999999999893,166,2024
2024-07-19,3.3205812998153905,7.999999999999743,165,2024
2024-07-22,3.3167826632365616,8.000000000000075,162,2024
2024-07-23,3.33748142588866,8.000000000000107,161,2024
2024-07-24,3.327376338682324,8.00000000000015,160,2024
2024-07-25,3.3031239695150227,7.999999999999657,159,2024
2024-07-26,3.2941041265933113,8.000000000000133,158,2024
2024-07-29,3.314358574339842,7.999999999999788,155,2024
2024-07-30,3.3134183395021277,8.000000000000092,154,2024
2024-07-31,3.311615281816418,8.000000000000014,153,2024
2024-08-01,-1.6480846240295355,-4.000000000000018,152,2024
2024-08-02,3.3172001827707875,7.999999999999831,151,2024
2024-08-05,3.322159582825681,8.000000000000176,148,2024
2024-08-06,3.330854364901732,8.000000000000137,147,2024
2024-08-07,3.3235377814832456,7.999999999999822,146,2024
2024-08-08,3.306109376220323,7.999999999999952,145,2024
2024-08-09,3.3219516365095747,7.99999999999997,144,2024
2024-08-12,3.328158802411827,7.999999999999874,141,2024
2024-08-13,3.312028495765096,8.000000000000032,140,2024
2024-08-14,3.3018674305322926,8.000000000000163,139,2024
2024-08-15,3.2989243283844227,8.000000000000043,138,2024
2024-08-16,3.305291060768536,7.999999999999999,137,2024
2024-08-19,3.302987539004134,7.99999999999996,134,2024
2024-08-20,3.298139378740912,7.999999999999911,133,2024
2024-08-21,3.29738540486306,7.999999999999799,132,2024
2024-08-22,3.3022997276840083,8.000000000000016,131,2024
2024-08-23,3.2965912478870596,8.000000000000028,130,2024
2024-08-26,3.30270777397619,7.999999999999893,127,2024
2024-08-27,3.3024762445958156,8.00000000000006,126,2024
2024-08-28,3.2909232216526374,7.999999999999931,125,2024
2024-08-29,3.3079755744223216,8.000000000000092,124,2024
2024-08-30,3.3076217587930934,8.000000000000174,123,2024
2024-09-02,3.32043000665631,7.999999999999938,120,2024
2024-09-03,3.3297525467709153,7.999999999999795,119,2024
2024-09-04,3.307947270396555,8.000000000000048,118,2024
2024-09-05,3.298701137600167,7.999999999999967,117,2024
2024-09-06,3.305000464512064,7.999999999999812,116,2024
2024-09-09,3.2883055064604587,8.000000000000059,113,2024
2024-09-10,3.2808604584673633,8.00000000000015,112,2024
2024-09-11,3.2879577298514318,7.999999999999906,111,2024
2024-09-12,3.2736754643781354,8.000000000000105,110,2024
2024-09-13,3.275359210606286,7.99999999999995,109,2024
2024-09-16,3.2795096323168798,7.999999999999926,106,2024
2024-09-17,3.266621641589013,8.00000000000001,105,2024
2024-09-18,3.2972567994066324,7.999999999999943,104,2024
2024-09-19,3.2724805198511913,7.999999999999945,103,2024
2024-09-20,3.280409443291479,7.999999999999822,102,2024
2024-09-23,3.299673576175862,8.000000000000012,99,2024
2024-09-24,3.2943125940573923,7.999999999999946,98,2024
2024-09-25,3.3015703553420224,7.999999999999989,97,2024
2024-09-26,3.314065804575405,8.000000000000062,96,2024
2024-09-27,3.2998950597915897,7.9999999999999485,95,2024
2024-09-30,3.3195353747444276,8.00000000000001,92,2024
2024-10-01,-1.6011435346274538,-3.870967741935515,91,2024
2024-10-02,3.297871206800458,7.999999999999936,90,2024
2024-10-03,3.2962021296599,7.999999999999924,89,2024
2024-10-04,3.2756116864294937,8.000000000000075,88,2024
2024-10-07,3.2807423246425538,7.999999999999884,85,2024
2024-10-08,3.300421730444123,7.999999999999837,84,2024
2024-10-09,3.3086115065782296,7.9999999999999325,83,2024
2024-10-10,3.2980941513800754,8.000000000000172,82,2024
2024-10-11,3.2555156697767207,8.000000000000044,81,2024
2024-10-14,3.253199052519775,8.000000000000131,78,2024
2024-10-15,3.2659048420487413,8.00000000000002,77,2024
2024-10-16,3.2561741538236233,8.000000000000066,76,2024
2024-10-17,3.262779247401799,7.999999999999983,75,2024
2024-10-18,3.2455843623890135,8.000000000000107,74,2024
2024-10-21,3.2879426678045065,8.000000000000046,71,2024
2024-10-22,3.275054790526808,8.000000000000004,70,2024
2024-10-23,3.2745553257509097,7.999999999999968,69,2024
2024-10-24,3.2461989664799806,8.00000000000007,68,2024
2024-10-25,3.246561321188406,7.999999999999953,67,2024
2024-10-28,3.2691482932212157,8.000000000000004,64,2024
2024-10-29,3.276670390704315,8.000000000000009,63,2024
2024-10-30,3.287011235958981,7.999999999999904,62,2024
2024-10-31,-1.692468804626853,-4.133333333333384,61,2024
2024-11-01,3.2964295843505,7.999999999999987,60,2024
2024-11-04,3.295132463509638,7.999999999999943,57,2024
2024-11-05,3.2917807417662166,8.000000000000046,56,2024
2024-11-06,3.295931430696275,8.00000000000005,55,2024
2024-11-07,3.293586197480642,7.999999999999968,54,2024
2024-11-08,3.289571537071608,8.000000000000016,53,2024
2024-11-11,3.299827691750629,8.000000000000021,50,2024
2024-11-12,3.313912078567784,8.000000000000002,49,2024
2024-11-13,3.3067864782960346,8.000000000000071,48,2024
2024-11-14,3.3110926515252856,8.000000000000014,47,2024
2024-11-15,3.3067660009870394,8.00000000000003,46,2024
2024-11-18,3.291639192455685,8.000000000000062,43,2024
2024-11-19,3.301731807620036,8.000000000000005,42,2024
2024-11-20,3.3158513630586564,8.000000000000016,41,2024
2024-11-21,3.3011621644666413,8.000000000000044,40,2024
2024-11-22,3.2945043699612317,8.000000000000087,39,2024
2024-11-25,3.3117461042621894,8.000000000000005,36,2024
2024-11-26,3.3163471265264004,8.00000000000006,35,2024
2024-11-27,3.317220553328097,8.000000000000016,34,2024
2024-11-28,3.344765234383579,8.000000000000004,33,2024
2024-11-29,3.3297128062479606,8.000000000000012,32,2024
2024-12-02,3.296275360102083,8.000000000000027,29,2024
2024-12-03,3.27319647247964,8.000000000000023,28,2024
2024-12-04,3.282695390156398,7.999999999999993,27,2024
2024-12-05,3.288746045659167,8.000000000000012,26,2024
2024-12-06,3.292760457081009,8.000000000000023,25,2024
2024-12-09,3.271027830025009,8.000000000000028,22,2024
2024-12-10,3.258869543148876,8.000000000000023,21,2024
2024-12-11,3.2691913086945874,7.999999999999983,20,2024
2024-12-12,3.2527023718871604,7.999999999999982,19,2024
2024-12-13,3.2722492645886305,7.999999999999978,18,2024
2024-12-16,3.269701351421105,8.000000000000021,15,2024
2024-12-17,-1.436829554583949,-3.500000000000001,14,2024
2024-12-18,3.2777088003793864,7.9999999999999964,13,2024
2024-12-19,3.280139646576051,7.999999999999992,12,2024
2024-12-20,3.284813721098784,7.999999999999992,11,2024
2024-12-23,3.286303198192025,8.000000000000009,8,2024
2024-12-24,,,7,2024
2024-12-25,,,6,2024
2024-12-26,,,5,2024
2024-12-27,,,4,2024
2024-12-30,,,1,2024
2024-12-31,,,0,2024
2025-01-01,3.3327270577614945,7.9999999999999165,364,2025
2025-01-02,3.3174678246178413,8.000000000000167,363,2025
2025-01-03,3.3228783399247774,8.000000000000043,362,2025
2025-01-06,3.3299856443764835,7.999999999999837,359,2025
2025-01-07,3.351021702975883,7.999999999999968,358,2025
2025-01-08,3.322095403219878,8.000000000000325,357,2025
2025-01-09,3.3211017086824057,7.999999999999706,356,2025
2025-01-10,3.314269641836076,7.999999999999717,355,2025
2025-01-13,3.3124294928873246,7.999999999999822,352,2025
2025-01-14,3.3367883331238435,7.999999999999398,351,2025
2025-01-15,3.31913165125197,8.000000000000092,350,2025
2025-01-16,3.3257448664616094,8.000000000000071,349,2025
2025-01-17,3.32164929127838,7.999999999999896,348,2025
2025-01-20,3.325558547099943,7.999999999999495,345,2025
2025-01-21,3.3354566498268046,8.000000000000506,344,2025
2025-01-22,3.349466869313158,8.000000000000105,343,2025
2025-01-23,3.356052273358495,8.000000000000341,342,2025
2025-01-24,3.351595430712953,7.999999999999437,341,2025
2025-01-27,3.366222500957152,7.999999999999694,338,2025
2025-01-28,3.361208754236112,7.999999999999736,337,2025
2025-01-29,3.3777145231575894,7.999999999999952,336,2025
2025-01-30,3.402107959537931,7.9999999999998215,335,2025
2025-01-31,3.3924960914082343,7.999999999999924,334,2025
2025-02-03,3.3846601442958653,7.999999999999745,331,2025
2025-02-04,3.3938213354003786,7.999999999999867,330,2025
2025-02-05,3.394672556512085,8.000000000000055,329,2025
2025-02-06,3.4003219485854608,8.000000000000071,328,2025
2025-02-07,3.4058440783404453,8.000000000000048,327,2025
2025-02-10,3.403644673505605,7.999999999999741,324,2025
2025-02-11,3.4322916167987945,7.9999999999996625,323,2025
2025-02-12,3.434419090711433,8.000000000000217,322,2025
2025-02-13,3.4398170376467174,7.9999999999998614,321,2025
2025-02-14,3.4504941035012795,8.000000000000014,320,2025
2025-02-17,3.4756328769809635,7.9999999999999085,317,2025
2025-02-18,3.468087015597211,8.00000000000018,316,2025
2025-02-19,3.4571460677841532,7.99999999999957,315,2025
2025-02-20,3.4755899330859554,8.000000000000256,314,2025
2025-02-21,3.497280124709178,8.000000000000126,313,2025
2025-02-24,3.512572643536174,8.000000000000032,310,2025
2025-02-25,3.528242719551173,8.000000000000133,309,2025
2025-02-26,3.514602207935395,8.00000000000006,308,2025
2025-02-27,3.5110604458919106,8.000000000000034,307,2025
2025-02-28,3.4956555305772117,7.999999999999796,306,2025
2025-03-03,3.500134509195256,7.9999999999999725,303,2025
2025-03-04,3.502648342409005,7.9999999999998375,302,2025
2025-03-05,3.4999415047870652,7.999999999999384,301,2025
2025-03-06,3.495608715855874,8.000000000000227,300,2025
2025-03-07,3.5088731718460355,8.000000000000123,299,2025
2025-03-10,3.505021610079872,7.9999999999996625,296,2025
2025-03-11,3.498235404963621,8.000000000000108,295,2025
2025-03-12,3.4958589025007223,8.000000000000048,294,2025
2025-03-13,3.4960058757847703,7.999999999999914,293,2025
2025-03-14,3.494704593764798,7.999999999999743,292,2025
2025-03-17,3.504904849756315,7.999999999999559,289,2025
2025-03-18,3.504303301664768,7.999999999999467,288,2025
2025-03-19,3.5025048399915084,7.9999999999996145,287,2025
2025-03-20,3.4861639932112487,7.999999999999728,286,2025
2025-03-21,3.4918366372252674,8.000000000000036,285,2025
2025-03-24,3.480400793706239,7.999999999999641,282,2025
2025-03-25,3.480041959648908,7.99999999999956,281,2025
2025-03-26,3.4741993060928333,7.999999999999489,280,2025
2025-03-27,3.460461498094804,7.999999999999721,279,2025
2025-03-28,3.4442746004823164,8.000000000000052,278,2025
2025-03-31,3.454318301829055,7.999999999999928,275,2025
2025-04-01,3.4558439463095434,8.000000000000332,274,2025
2025-04-02,-1.7042476270726572,-3.956521739130657,273,2025
2025-04-03,3.4450169513408855,7.999999999999904,272,2025
2025-04-04,3.4381817041376097,7.999999999999793,271,2025
2025-04-07,3.4552747963475214,8.00000000000021,268,2025
2025-04-08,3.459258568262893,7.99999999999986,267,2025
2025-04-09,3.4489295511685154,8.000000000000076,266,2025
2025-04-10,3.4439903957580755,8.000000000000036,265,2025
2025-04-11,3.469783518183361,7.9999999999999964,264,2025
2025-04-14,3.4477101698902732,8.00000000000015,261,2025
2025-04-15,3.4499507662062454,8.000000000000131,260,2025
2025-04-16,3.434097295286209,7.9999999999998685,259,2025
2025-04-17,3.421685205385371,8.000000000000362,258,2025
2025-04-18,3.4245958208847576,8.000000000000002,257,2025
2025-04-21,3.4202145711930525,8.000000000000144,254,2025
2025-04-22,3.4243682568989664,7.99999999999999,253,2025
2025-04-23,3.42591716848176,7.999999999999707,252,2025
2025-04-24,3.4067672418385766,8.000000000000167,251,2025
2025-04-25,3.3868613801653944,8.000000000000048,250,2025
2025-04-28,3.359194721766907,8.000000000000028,247,2025
2025-04-29,3.345614566516116,7.999999999999571,246,2025
2025-04-30,3.350251319504425,8.0000000000001,245,2025
2025-05-01,3.351792422796535,8.000000000000048,244,2025
2025-05-02,3.342891220099773,8.00000000000001,243,2025
2025-05-05,3.360907917572221,8.000000000000371,240,2025
2025-05-06,3.3599113644227487,7.999999999999788,239,2025
2025-05-07,3.3635591992786447,8.000000000000016,238,2025
2025-05-08,3.352970192080847,7.999999999999889,237,2025
2025-05-09,3.345948887182785,8.000000000000167,236,2025
2025-05-12,3.327292741997315,8.000000000000238,233,2025
2025-05-13,3.340073212796578,7.999999999999812,232,2025
2025-05-14,3.3603286493814517,7.999999999999854,231,2025
2025-05-15,3.357882378642856,7.999999999999819,230,2025
2025-05-16,3.3641757089703033,8.000000000000197,229,2025
2025-05-19,3.3477949036160477,7.999999999999879,226,2025
2025-05-20,3.3530786887905975,8.000000000000078,225,2025
2025-05-21,3.3663070251289575,7.999999999999746,224,2025
2025-05-22,3.371301529525624,8.00000000000006,223,2025
2025-05-23,3.3573516865623696,8.000000000000465,222,2025
2025-05-26,3.3525829629965873,7.999999999999834,219,2025
2025-05-27,3.361777043950914,8.00000000000017,218,2025
2025-05-28,3.3624665788206345,7.999999999999645,217,2025
2025-05-29,3.3706024878635166,8.00000000000014,216,2025
2025-05-30,3.3602136002029646,7.999999999999936,215,2025
2025-06-02,3.345066258288604,7.999999999999773,212,2025
2025-06-03,3.365233390815469,7.999999999999758,211,2025
2025-06-04,3.361294548337028,8.000000000000192,210,2025
2025-06-05,3.3460022780291885,7.999999999999857,209,2025
2025-06-06,3.3484137868639783,7.999999999999882,208,2025
2025-06-09,3.351817558391015,8.000000000000435,205,2025
2025-06-10,3.373025390419555,7.999999999999763,204,2025
2025-06-11,3.3919491379539624,8.000000000000094,203,2025
2025-06-12,3.386885847561019,8.000000000000213,202,2025
2025-06-13,3.4050569168942504,7.9999999999998295,201,2025
2025-06-16,3.3973585395947152,8.000000000000071,198,2025
2025-06-17,3.4262099822321477,8.00000000000023,197,2025
2025-06-18,3.4404247903704057,8.000000000000053,196,2025
2025-06-19,3.4216232836559115,7.999999999999946,195,2025
2025-06-20,3.4014463179370535,8.00000000000006,194,2025
2025-06-23,3.4032925184357747,7.999999999999815,191,2025
2025-06-24,3.38737721070699,7.9999999999997335,190,2025
2025-06-25,3.375407413417155,8.000000000000355,189,2025
2025-06-26,3.3717497952588955,7.999999999999965,188,2025
2025-06-27,3.368711603816287,7.999999999999775,187,2025
2025-06-30,3.357602020761214,7.999999999999728,184,2025
2025-07-01,3.342869979211072,8.000000000000114,183,2025
2025-07-02,-0.5524132838974705,-1.3186813186811828,182,2025
2025-07-03,3.333270242167916,7.999999999999852,181,2025
2025-07-04,3.3470215466727304,8.000000000000144,180,2025
2025-07-07,3.3312255719224404,7.999999999999956,177,2025
2025-07-08,3.3321898353137747,7.999999999999904,176,2025
2025-07-09,3.320793884868678,7.999999999999845,175,2025
2025-07-10,3.3300161921763194,8.0,174,2025
2025-07-11,3.3405691416097727,7.999999999999926,173,2025
2025-07-14,3.3265112027624277,8.000000000000147,170,2025
2025-07-15,3.3452734827527153,8.000000000000044,169,2025
2025-07-16,3.328750590740621,7.9999999999999005,168,2025
2025-07-17,3.3338232341889973,8.000000000000014,167,2025
2025-07-18,3.3341812001972992,7.999999999999864,166,2025
2025-07-21,3.3394720268036227,8.000000000000144,163,2025
2025-07-22,3.3409480603692088,7.9999999999999165,162,2025
2025-07-23,3.3526338149622847,7.9999999999999725,161,2025
2025-07-24,3.351889306098732,7.9999999999999725,160,2025
2025-07-25,3.365432408336546,8.000000000000052,159,2025
2025-07-28,3.3552437144059666,7.999999999999904,156,2025
2025-07-29,3.3564152001937697,8.000000000000028,155,2025
2025-07-30,3.343104797330785,7.9999999999998535,154,2025
2025-07-31,3.33941378105308,8.000000000000055,153,2025
2025-08-01,-1.6602857750076816,-4.000000000000105,152,2025
2025-08-04,3.3272237517275927,7.999999999999999,149,2025
2025-08-05,3.3331515041880344,8.000000000000224,148,2025
2025-08-06,3.300583586640742,7.999999999999812,147,2025
2025-08-07,3.306766896817799,7.999999999999845,146,2025
2025-08-08,3.3204769380523858,7.999999999999929,145,2025
2025-08-11,3.3397768093393854,7.99999999999996,142,2025
2025-08-12,3.359649317932638,7.999999999999802,141,2025
2025-08-13,3.375017540028038,7.999999999999881,140,2025
2025-08-14,3.381889877241988,7.999999999999967,139,2025
2025-08-15,3.343480138324484,7.999999999999943,138,2025
2025-08-18,3.3364852632395703,7.999999999999782,135,2025
2025-08-19,3.3445491907261538,7.999999999999866,134,2025
2025-08-20,3.3185909578699735,8.000000000000023,133,2025
2025-08-21,3.3376188104545768,7.9999999999997895,132,2025
2025-08-22,3.3026307155709334,7.999999999999971,131,2025
2025-08-25,3.302749783686474,8.000000000000144,128,2025
2025-08-26,3.3117453435650757,7.999999999999761,127,2025
2025-08-27,3.2960140532585935,7.999999999999809,126,2025
2025-08-28,3.2879358390850766,8.000000000000068,125,2025
2025-08-29,3.292548310409933,7.999999999999711,124,2025
2025-09-01,3.3085773234195086,8.000000000000075,121,2025
2025-09-02,3.3130092572945973,7.9999999999999725,120,2025
2025-09-03,3.3237648369348847,8.0000000000001,119,2025
2025-09-04,3.332304263328813,7.99999999999999,118,2025
2025-09-05,3.3404139210492323,8.00000000000006,117,2025
2025-09-08,3.3353073170008916,8.000000000000036,114,2025
2025-09-09,3.343949245377346,8.000000000000023,113,2025
2025-09-10,3.3374551334432203,8.000000000000055,112,2025
2025-09-11,3.326762154464728,8.000000000000176,111,2025
2025-09-12,3.3046725676728927,7.999999999999995,110,2025
2025-09-15,3.3053017807772775,8.0000000000001,107,2025
2025-09-16,3.3079994492184452,8.000000000000128,106,2025
2025-09-17,3.295669843174848,8.000000000000071,105,2025
2025-09-18,3.312387476526959,7.999999999999995,104,2025
2025-09-19,3.303030290094049,8.000000000000194,103,2025
2025-09-22,3.3072924604628056,8.000000000000034,100,2025
2025-09-23,3.3086988562423674,7.999999999999963,99,2025
2025-09-24,3.302933917304289,8.000000000000155,98,2025
2025-09-25,3.280734018671562,8.000000000000036,97,2025
2025-09-26,3.278259892246361,7.99999999999998,96,2025
2025-09-29,3.2734192010069405,7.999999999999945,93,2025
2025-09-30,3.2664901852414605,7.9999999999999485,92,2025
2025-10-01,-1.5847805859134723,-3.8709677419356168,91,2025
2025-10-02,3.2798777735678697,7.999999999999926,90,2025
2025-10-03,3.2676806674849357,7.999999999999999,89,2025
2025-10-06,3.284368392514798,7.999999999999839,86,2025
2025-10-07,3.27736576356221,7.999999999999968,85,2025
2025-10-08,3.30482361086593,8.000000000000007,84,2025
2025-10-09,3.3096359932934716,7.99999999999991,83,2025
2025-10-10,3.3095058575973724,7.99999999999986,82,2025
2025-10-13,3.3145850576929137,8.000000000000078,79,2025
2025-10-14,3.325866111281215,7.999999999999891,78,2025
2025-10-15,3.3158606780844835,7.999999999999911,77,2025
2025-10-16,3.326411009071284,7.9999999999998765,76,2025
2025-10-17,3.306930574378084,8.000000000000023,75,2025
2025-10-20,3.3006802457529894,7.999999999999815,72,2025
2025-10-21,3.274514683308225,8.000000000000048,71,2025
2025-10-22,3.293261039407467,7.999999999999938,70,2025
2025-10-23,3.321411612571721,7.999999999999983,69,2025
2025-10-24,3.318764002424799,7.999999999999946,68,2025
2025-10-27,3.3196683815658146,7.999999999999942,65,2025
2025-10-28,3.3216243740044793,7.999999999999846,64,2025
2025-10-29,3.348451824123486,7.9999999999999725,63,2025
2025-10-30,3.340418640466931,8.000000000000036,62,2025
2025-10-31,-1.7336136404799443,-4.133333333333345,61,2025
2025-11-03,3.3376566433260306,8.00000000000007,58,2025
2025-11-04,3.3343359473695693,8.000000000000028,57,2025
2025-11-05,3.314979207342467,8.000000000000064,56,2025
2025-11-06,3.3449001386374375,7.999999999999978,55,2025
2025-11-07,3.3444533370583693,8.000000000000004,54,2025
2025-11-10,3.338228639520633,7.9999999999999805,51,2025
2025-11-11,3.3599893533886216,8.000000000000089,50,2025
2025-11-12,3.3817660509759415,8.000000000000053,49,2025
2025-11-13,3.358360886723497,8.000000000000005,48,2025
2025-11-14,3.375898523986076,8.000000000000169,47,2025
2025-11-17,3.3597772790332674,7.999999999999987,44,2025
2025-11-18,3.369117333582764,8.000000000000098,43,2025
2025-11-19,3.364243093315374,8.000000000000087,42,2025
2025-11-20,3.3485954074017457,8.000000000000087,41,2025
2025-11-21,3.333704544387282,8.000000000000108,40,2025
2025-11-24,3.312428270382698,8.00000000000001,37,2025
2025-11-25,3.3289082257148714,7.99999999999996,36,2025
2025-11-26,3.361109384527017,8.000000000000009,35,2025
2025-11-27,3.3452483891718545,8.000000000000075,34,2025
2025-11-28,3.328220175039629,8.000000000000112,33,2025
2025-12-01,-0.8549506617941702,-2.0645161290322664,30,2025
2025-12-02,3.309692830579305,8.0,29,2025
2025-12-03,3.3070232587488064,8.0,28,2025
2025-12-04,3.305953485618062,7.999999999999977,27,2025
2025-12-05,3.3121806689724806,8.000000000000004,26,2025
2025-12-08,3.2907838742939646,7.9999999999999805,23,2025
2025-12-09,3.271261673168997,7.999999999999993,22,2025
2025-12-10,3.272427548284803,7.999999999999958,21,2025
2025-12-11,3.25096476645696,8.00000000000004,20,2025
2025-12-12,3.249364841915387,7.999999999999989,19,2025
2025-12-15,3.2487930229837545,8.00000000000002,16,2025
2025-12-16,3.2607152941569524,7.999999999999968,15,2025
2025-12-17,-1.426521626277382,-3.5000000000000067,14,2025
2025-12-18,3.250868929745145,8.000000000000004,13,2025
2025-12-19,3.2428678193205327,7.99999999999999,12,2025
2025-12-22,3.247586529027613,7.999999999999999,9,2025
2025-12-23,3.2372311468232677,7.999999999999995,8,2025
2025-12-24,,,7,2025
2025-12-25,,,6,2025
2025-12-26,,,5,2025
2025-12-29,,,2,2025
2025-12-30,,,1,2025
2025-12-31,,,0,2025
2026-01-01,3.2652644970892286,7.999999999999717,364,2026
2026-01-02,3.256537984072544,7.999999999999812,363,2026
2026-01-05,3.244379347635914,7.999999999999641,360,2026
2026-01-06,3.2443422889362266,7.999999999999921,359,2026
2026-01-07,3.2378834771972036,7.9999999999998765,358,2026
2026-01-08,3.210582746322765,8.000000000000108,357,2026
2026-01-09,3.2172407848804427,7.999999999999813,356,2026
2026-01-12,3.2187907409427536,7.999999999999778,353,2026
2026-01-13,3.200722914100526,8.00000000000009,352,2026
2026-01-14,3.175615390424973,7.999999999999459,351,2026
2026-01-15,3.185582399904435,7.999999999999963,350,2026
2026-01-16,3.151619246254569,7.99999999999966,349,2026
2026-01-19,3.169209714671858,7.999999999999849,346,2026
2026-01-20,3.157538058906807,8.000000000000163,345,2026
2026-01-21,3.134568022179482,7.999999999999528,344,2026
2026-01-22,3.1491294186076066,7.9999999999998375,343,2026
2026-01-23,3.145775014756164,7.999999999999467,342,2026
2026-01-26,3.157712908812215,8.000000000000066,339,2026
2026-01-27,3.151149603438623,7.999999999999785,338,2026
2026-01-28,3.157931537747153,8.000000000000211,337,2026
2026-01-29,3.1310293410662897,7.999999999999894,336,2026
2026-01-30,3.122684245554904,7.999999999999796,335,2026
2026-02-02,3.1527362467294067,8.000000000000307,332,2026
2026-02-03,3.1566489472850945,8.00000000000006,331,2026
2026-02-04,3.150541655006889,8.00000000000024,330,2026
2026-02-05,3.147321305803267,8.000000000000227,329,2026
2026-02-06,3.151446846084859,7.999999999999641,328,2026
2026-02-09,3.1434557225241058,7.999999999999707,325,2026
2026-02-10,3.147258729641279,7.999999999999842,324,2026
2026-02-11,3.1400903844144983,8.000000000000256,323,2026
2026-02-12,3.1395947699118514,8.000000000000105,322,2026
2026-02-13,3.13114769409279,7.999999999999605,321,2026
2026-02-16,3.1462185055609,8.000000000000098,318,2026
2026-02-17,3.1318449845064062,7.9999999999997184,317,2026
2026-02-18,3.117804222212018,8.000000000000028,316,2026
2026-02-19,3.1108406278692557,8.000000000000293,315,2026
2026-02-20,3.1371789647296575,8.000000000000426,314,2026
2026-02-23,3.147969084570131,8.000000000000348,311,2026
2026-02-24,3.153675292598934,7.999999999999624,310,2026
2026-02-25,3.1672637123626624,8.000000000000107,309,2026
2026-02-26,3.169059450772104,7.999999999999961,308,2026
2026-02-27,3.1668686653505844,7.999999999999767,307,2026
2026-03-02,3.1556281946876075,7.999999999999763,304,2026
2026-03-03,3.1806040212951636,7.999999999999513,303,2026
2026-03-04,3.179630454254527,8.00000000000003,302,2026
2026-03-05,3.1699132541906696,7.99999999999972,301,2026
2026-03-06,3.1758982524371335,7.999999999999914,300,2026
2026-03-09,3.1687159361658024,8.000000000000169,297,2026
2026-03-10,3.192203075706649,7.999999999999509,296,2026
2026-03-11,3.1931411018044455,7.999999999999933,295,2026
2026-03-12,3.1861665956877108,8.000000000000085,294,2026
2026-03-13,3.1793001284360933,7.999999999999874,293,2026
2026-03-16,3.1826161851868813,8.000000000000197,290,2026
2026-03-17,3.1725530736930816,8.000000000000128,289,2026
2026-03-18,3.1973975333140867,7.999999999999916,288,2026
2026-03-19,3.1587779874119626,8.000000000000286,287,2026
2026-03-20,3.1627979432491165,7.999999999999872,286,2026
2026-03-23,3.1586692349858714,7.999999999999901,283,2026
2026-03-24,3.169140564789381,7.999999999999953,282,2026
2026-03-25,3.1642166899393604,8.000000000000217,281,2026
2026-03-26,3.168179975602163,7.9999999999998845,280,2026
2026-03-27,3.1781535772102867,8.000000000000082,279,2026
2026-03-30,3.164472489531148,7.999999999999628,276,2026
2026-03-31,3.151242115663938,8.000000000000076,275,2026
2026-04-01,3.137100305986137,7.999999999999638,274,2026
2026-04-02,-1.5562046863100465,-3.9565217391309146,273,2026
2026-04-03,3.141187661177234,7.999999999999815,272,2026
2026-04-06,3.1215727769002926,7.999999999999894,269,2026
2026-04-07,3.127830405310182,7.999999999999946,268,2026
2026-04-08,3.127671092935066,7.999999999999538,267,2026
2026-04-09,3.11762601306281,7.9999999999998685,266,2026
2026-04-10,3.096543557568615,7.999999999999852,265,2026
2026-04-13,3.087912476669941,8.000000000000155,262,2026
2026-04-14,3.083589536002568,7.999999999999997,261,2026
2026-04-15,3.1029606490729593,7.999999999999602,260,2026
2026-04-16,3.1068687839959086,7.99999999999947,259,2026
2026-04-17,3.107127391746273,8.000000000000018,258,2026
2026-04-20,3.1131220025964943,8.000000000000005,255,2026
2026-04-21,3.1186817960925968,7.9999999999996625,254,2026
2026-04-22,3.1325123950911395,7.999999999999846,253,2026
2026-04-23,3.1356055033869317,8.000000000000034,252,2026
2026-04-24,3.123517654026342,7.999999999999679,251,2026
2026-04-27,3.110476122202408,8.000000000000178,248,2026
2026-04-28,3.114361329996899,8.000000000000124,247,2026
2026-04-29,3.0998908805857903,8.0000000000006,246,2026
2026-04-30,3.1091248050820193,8.000000000000105,245,2026
2026-05-01,3.1145681914202177,8.000000000000353,244,2026
2026-05-04,3.0993526454938474,7.999999999999898,241,2026
2026-05-05,3.1001245124718855,7.999999999999953,240,2026
2026-05-06,3.123779344430694,7.999999999999782,239,2026
2026-05-07,3.138989150631528,8.00000000000048,238,2026
2026-05-08,3.124951272902941,7.999999999999488,237,2026
2026-05-11,3.1172470158989003,8.00000000000016,234,2026
2026-05-12,3.1372913082939595,8.000000000000284,233,2026
2026-05-13,3.135163591774589,8.000000000000123,232,2026
2026-05-14,3.132480181292697,8.000000000000393,231,2026
2026-05-15,3.1217703253487126,8.000000000000012,230,2026
2026-05-18,3.123681798330147,7.9999999999997105,227,2026
2026-05-19,3.1168432935771566,8.000000000000055,226,2026
2026-05-20,3.1125220459426166,8.000000000000078,225,2026
2026-05-21,3.1207353518783814,7.999999999999939,224,2026
2026-05-22,3.123679553427732,7.999999999999773,223,2026
2026-05-25,3.0932536941989444,7.999999999999745,220,2026
2026-05-26,3.0838988015686652,8.000000000000044,219,2026
2026-05-27,3.072837500546205,8.000000000000126,218,2026
2026-05-28,3.078083573242533,7.999999999999835,217,2026
2026-05-29,3.089560167940016,7.999999999999975,216,2026
2026-06-01,3.0930106217565303,7.999999999999903,213,2026
2026-06-02,3.1048877856951265,7.999999999999809,212,2026
2026-06-03,3.1023991493076335,7.999999999999893,211,2026
2026-06-04,3.1081896235244075,7.999999999999427,210,2026
2026-06-05,3.1200135365030865,8.000000000000158,209,2026
2026-06-08,3.1165197451744877,7.999999999999924,206,2026
2026-06-09,3.109760081842026,7.999999999999943,205,2026
2026-06-10,3.1076496125590127,7.999999999999997,204,2026
2026-06-11,3.101010062324523,8.00000000000027,203,2026
2026-06-12,3.108401743852407,8.00000000000027,202,2026
2026-06-15,3.0922649849590935,7.999999999999936,199,2026
2026-06-16,3.0896699687198828,7.9999999999999725,198,2026
2026-06-17,3.1132267089631456,8.000000000000057,197,2026
2026-06-18,3.0979087348696592,8.000000000000194,196,2026
2026-06-19,3.1065244108408683,8.000000000000043,195,2026
2026-06-22,3.124387028012568,7.999999999999852,192,2026
2026-06-23,3.140136281989518,7.99999999999998,191,2026
2026-06-24,3.1469643783053725,8.00000000000046,190,2026
2026-06-25,3.1499604057095643,7.9999999999998535,189,2026
2026-06-26,3.1561725795123996,7.999999999999815,188,2026
2026-06-29,3.147755576017982,8.000000000000094,185,2026
2026-06-30,3.139609612214193,7.999999999999965,184,2026
2026-07-01,3.147898082917849,8.000000000000064,183,2026
2026-07-02,-0.5207065718812198,-1.3186813186813213,182,2026
2026-07-03,3.175077217679527,8.000000000000036,181,2026
2026-07-06,3.1570557695936285,8.000000000000105,178,2026
2026-07-07,3.1725035156668913,8.000000000000025,177,2026
2026-07-08,3.1553981666896713,7.999999999999918,176,2026
2026-07-09,3.1698396225381997,7.999999999999965,175,2026
2026-07-10,3.1554099049120055,7.999999999999677,174,2026
2026-07-13,3.174031538414197,8.000000000000075,171,2026
2026-07-14,3.161531937220823,7.999999999999977,170,2026
2026-07-15,3.1594597155419257,8.000000000000016,169,2026
2026-07-16,3.1572012116053494,7.999999999999977,168,2026
2026-07-17,3.164838070863152,7.9999999999998,167,2026
2026-07-20,3.160093433731983,7.999999999999778,164,2026
2026-07-21,3.163329298935871,8.000000000000101,163,2026
2026-07-22,3.1673023488618246,7.999999999999904,162,2026
2026-07-23,3.167440030539377,8.000000000000261,161,2026
2026-07-24,3.143455863985114,7.999999999999999,160,2026
2026-07-27,3.138807874565366,7.999999999999995,157,2026
2026-07-28,3.129858835131647,7.999999999999805,156,2026
2026-07-29,3.140571314133289,7.99999999999991,155,2026
2026-07-30,3.1489682708281097,7.999999999999967,154,2026
2026-07-31,3.1528882408464476,8.000000000000062,153,2026
2026-08-03,3.1606161260668975,8.000000000000064,150,2026
2026-08-04,3.157231158637097,7.9999999999999325,149,2026
2026-08-05,3.172684521241227,7.99999999999999,148,2026
2026-08-06,3.16805555817665,7.999999999999879,147,2026
2026-08-07,3.1671645467633858,8.000000000000105,146,2026
2026-08-10,3.1814320302413246,7.999999999999871,143,2026
2026-08-11,3.1913072642684304,7.9999999999999325,142,2026
2026-08-12,3.17702534952393,7.999999999999942,141,2026
2026-08-13,3.1749689462003317,7.999999999999782,140,2026
2026-08-14,3.1672281381896705,8.000000000000087,139,2026
2026-08-17,3.1731892312296495,7.999999999999901,136,2026
2026-08-18,3.157477258100385,7.999999999999723,135,2026
2026-08-19,3.1442106717401197,7.999999999999913,134,2026
2026-08-20,3.1248353358723024,8.00000000000006,133,2026
2026-08-21,3.1209994912678796,7.999999999999872,132,2026
2026-08-24,3.140563397973355,8.000000000000117,129,2026
2026-08-25,3.135632056844444,8.000000000000039,128,2026
2026-08-26,3.154926443274828,7.999999999999857,127,2026
2026-08-27,3.153910389887795,7.999999999999958,126,2026
2026-08-28,3.1301306275781227,7.999999999999977,125,2026
