obs_date,jump_pts,jump_ann_pct,days_to_turn,year
2016-08-29,0.010481643410773706,4.999999999999998,124,2016
2016-08-30,0.010465695747085819,5.000000000000079,123,2016
2016-08-31,0.010455904072112278,4.999999999999963,122,2016
2016-09-01,0.010441369567220901,5.000000000000105,121,2016
2016-09-02,0.010509541523439898,5.000000000000194,120,2016
2016-09-05,0.010470137016056686,5.0000000000002025,117,2016
2016-09-06,0.010447883745103418,5.000000000000109,116,2016
2016-09-07,0.01048722036828312,5.0000000000000515,115,2016
2016-09-08,0.01048735595154288,5.000000000000136,114,2016
2016-09-09,0.010509920770438443,5.000000000000172,113,2016
2016-09-12,0.010491673708860493,5.000000000000149,110,2016
2016-09-13,0.01053709531955269,4.999999999999965,109,2016
2016-09-14,0.010587613098633406,5.000000000000053,108,2016
2016-09-15,0.010531855939024911,5.00000000000001,107,2016
2016-09-16,0.0105120606116278,5.000000000000116,106,2016
2016-09-19,0.010482716691734477,5.0000000000001155,103,2016
2016-09-20,0.010545376454033749,5.0000000000001,102,2016
2016-09-21,0.010639064345042812,5.0000000000002975,101,2016
2016-09-22,0.010650427519850693,5.000000000000012,100,2016
2016-09-23,0.010663939247098533,5.000000000000057,99,2016
2016-09-26,0.010589084588721907,5.000000000000031,96,2016
2016-09-27,0.010675605514718084,4.999999999999919,95,2016
2016-09-28,0.01073268189704546,5.0000000000000195,94,2016
2016-09-29,0.010711836760468335,5.000000000000162,93,2016
2016-09-30,0.010633333036502855,5.000000000000156,92,2016
2016-10-03,0.010699600016565024,5.000000000000042,89,2016
2016-10-04,0.01070417445348704,5.000000000000029,88,2016
2016-10-05,0.010781436953615801,5.000000000000133,87,2016
2016-10-06,0.010826674485073531,5.000000000000102,86,2016
2016-10-07,0.010890223989924988,5.000000000000092,85,2016
2016-10-10,0.010872683331362052,5.000000000000078,82,2016
2016-10-11,0.010875225577383673,5.000000000000282,81,2016
2016-10-12,0.010919255828830594,5.000000000000145,80,2016
2016-10-13,0.010910113163632247,5.000000000000049,79,2016
2016-10-14,0.010947411918442866,5.00000000000008,78,2016
2016-10-17,0.010961932689930004,4.999999999999929,75,2016
2016-10-18,0.011000299854324906,5.000000000000015,74,2016
2016-10-19,0.011044875671806422,5.000000000000027,73,2016
2016-10-20,0.011085607168985477,4.999999999999979,72,2016
2016-10-21,0.011106023152043005,4.999999999999931,71,2016
2016-10-24,0.011103437700336305,5.000000000000126,68,2016
2016-10-25,0.011114059898410581,5.000000000000044,67,2016
2016-10-26,0.011131360461774977,4.999999999999975,66,2016
2016-10-27,0.011080994078305772,5.00000000000022,65,2016
2016-10-28,0.011046467642326247,5.000000000000023,64,2016
2016-10-31,0.011052124003943549,5.00000000000008,61,2016
2016-11-01,0.01105338843384379,5.000000000000129,60,2016
2016-11-02,0.011055514965491288,4.9999999999999645,59,2016
2016-11-03,0.011071825484779163,5.000000000000231,58,2016
2016-11-04,0.01095986916262891,5.000000000000187,57,2016
2016-11-07,0.010987411741935257,5.0000000000001705,54,2016
2016-11-08,0.011037593213590578,5.0000000000001155,53,2016
2016-11-09,0.011076353807247787,4.999999999999928,52,2016
2016-11-10,0.011117723453413806,5.000000000000166,51,2016
2016-11-11,0.011167445122316275,5.000000000000018,50,2016
2016-11-14,0.011168562253274143,5.000000000000142,47,2016
2016-11-15,0.011139895011084061,5.000000000000215,46,2016
2016-11-16,0.011164310666791294,5.00000000000011,45,2016
2016-11-17,0.011181936268214511,5.000000000000148,44,2016
2016-11-18,0.011322677620563356,5.00000000000023,43,2016
2016-11-21,0.011266687535807245,5.000000000000222,40,2016
2016-11-22,0.011300762899238979,5.000000000000056,39,2016
2016-11-23,0.011337006503274882,5.000000000000118,38,2016
2016-11-24,0.011369884228870154,5.000000000000009,37,2016
2016-11-25,0.011267032143281367,5.000000000000195,36,2016
2016-11-28,0.011215460779032151,5.000000000000146,33,2016
2016-11-29,0.011239125747393533,5.000000000000307,32,2016
2016-11-30,0.011153437128099328,5.000000000000121,31,2016
2016-12-01,0.011136730323120422,5.000000000000101,30,2016
2016-12-02,0.011163632648847628,5.000000000000037,29,2016
2016-12-05,0.011214802356089544,5.000000000000201,26,2016
2016-12-06,0.011218562184807183,5.0000000000002265,25,2016
2016-12-07,0.011227555155467363,5.000000000000194,24,2016
2016-12-08,0.011222621032707967,5.000000000000073,23,2016
2016-12-09,0.01117489527524378,5.0000000000001865,22,2016
2016-12-12,0.01116355993870928,5.000000000000126,19,2016
2016-12-13,0.011141968160325696,5.000000000000304,18,2016
2016-12-14,0.011199345570382142,5.000000000000295,17,2016
2016-12-15,0.011159416287838094,5.000000000000035,16,2016
2016-12-16,0.011162831732977567,5.000000000000017,15,2016
2016-12-19,,,12,2016
2016-12-20,,,11,2016
2016-12-21,,,10,2016
2016-12-22,,,9,2016
2016-12-23,,,8,2016
2016-12-26,,,5,2016
2016-12-27,,,4,2016
2016-12-28,,,3,2016
2016-12-29,,,2,2016
2016-12-30,,,1,2016
2017-01-02,,,363,2017
2017-01-03,,,362,2017
2017-01-04,,,361,2017
2017-01-05,,,360,2017
2017-01-06,,,359,2017
2017-01-09,,,356,2017
2017-01-10,,,355,2017
2017-01-11,,,354,2017
2017-01-12,,,353,2017
2017-01-13,,,352,2017
2017-01-16,,,349,2017
2017-01-17,,,348,2017
2017-01-18,,,347,2017
2017-01-19,,,346,2017
2017-01-20,,,345,2017
2017-01-23,,,342,2017
2017-01-24,,,341,2017
2017-01-25,,,340,2017
2017-01-26,,,339,2017
2017-01-27,,,338,2017
2017-01-30,,,335,2017
2017-01-31,,,334,2017
2017-02-01,,,333,2017
2017-02-02,,,332,2017
2017-02-03,,,331,2017
2017-02-06,,,328,2017
2017-02-07,,,327,2017
2017-02-08,,,326,2017
2017-02-09,,,325,2017
2017-02-10,,,324,2017
2017-02-13,,,321,2017
2017-02-14,,,320,2017
2017-02-15,,,319,2017
2017-02-16,,,318,2017
2017-02-17,,,317,2017
2017-02-20,,,314,2017
2017-02-21,,,313,2017
2017-02-22,,,312,2017
2017-02-23,,,311,2017
2017-02-24,,,310,2017
2017-02-27,,,307,2017
2017-02-28,,,306,2017
2017-03-01,,,305,2017
2017-03-02,,,304,2017
2017-03-03,,,303,2017
2017-03-06,,,300,2017
2017-03-07,,,299,2017
2017-03-08,,,298,2017
2017-03-09,,,297,2017
2017-03-10,,,296,2017
2017-03-13,,,293,2017
2017-03-14,,,292,2017
2017-03-15,,,291,2017
2017-03-16,,,290,2017
2017-03-17,,,289,2017
2017-03-20,,,286,2017
2017-03-21,,,285,2017
2017-03-22,,,284,2017
2017-03-23,,,283,2017
2017-03-24,,,282,2017
2017-03-27,,,279,2017
2017-03-28,,,278,2017
2017-03-29,,,277,2017
2017-03-30,,,276,2017
2017-03-31,,,275,2017
2017-04-03,0.0113570163853646,4.999999999999832,272,2017
2017-04-04,0.011419977090206698,4.9999999999998455,271,2017
2017-04-05,0.011450979371291681,5.0000000000002025,270,2017
2017-04-06,0.011408608809131152,4.999999999999969,269,2017
2017-04-07,0.011435151239930748,4.999999999999857,268,2017
2017-04-10,0.011356872145809285,4.999999999999898,265,2017
2017-04-11,0.011334858359532381,4.99999999999971,264,2017
2017-04-12,0.01131620345530103,4.999999999999788,263,2017
2017-04-13,0.011291039138514957,4.999999999999699,262,2017
2017-04-14,0.01131474456036014,4.999999999999943,261,2017
2017-04-17,0.011380142810308089,4.999999999999993,258,2017
2017-04-18,0.0113917559102148,4.999999999999882,257,2017
2017-04-19,0.011382348970783697,4.999999999999908,256,2017
2017-04-20,0.011379088286036131,4.99999999999998,255,2017
2017-04-21,0.011387165920213648,5.000000000000114,254,2017
2017-04-24,0.01134132046463283,4.99999999999992,251,2017
2017-04-25,0.011319432852021184,5.000000000000044,250,2017
2017-04-26,0.011319602796970744,4.999999999999859,249,2017
2017-04-27,0.011269389797511855,4.99999999999988,248,2017
2017-04-28,0.011284318919965097,4.9999999999999405,247,2017
2017-05-01,0.011307466623784377,4.999999999999826,244,2017
2017-05-02,0.011274690648781118,4.999999999999859,243,2017
2017-05-03,0.011296118440446206,4.999999999999889,242,2017
2017-05-04,0.01131842766322156,4.999999999999636,241,2017
2017-05-05,0.01132764443114729,4.99999999999985,240,2017
2017-05-08,0.0113009399415551,4.999999999999974,237,2017
2017-05-09,0.011254421890654056,5.000000000000006,236,2017
2017-05-10,0.011259130282956623,5.0000000000002265,235,2017
2017-05-11,0.011286045837786089,5.000000000000121,234,2017
2017-05-12,0.011376412263975485,5.000000000000146,233,2017
2017-05-15,0.011403544841350463,4.999999999999902,230,2017
2017-05-16,0.011375081509723287,4.999999999999746,229,2017
2017-05-17,0.011345177811743308,4.9999999999996785,228,2017
2017-05-18,0.011261985988984227,5.000000000000272,227,2017
2017-05-19,0.011285614964310964,4.999999999999784,226,2017
2017-05-22,0.011275955931008285,4.999999999999799,223,2017
2017-05-23,0.011289319617060053,4.999999999999783,222,2017
2017-05-24,0.011295477650711424,4.999999999999943,221,2017
2017-05-25,0.011344113155924401,4.999999999999808,220,2017
2017-05-26,0.01132243666347797,4.999999999999984,219,2017
2017-05-29,0.011264819846578527,4.999999999999832,216,2017
2017-05-30,0.011251419272070356,5.000000000000059,215,2017
2017-05-31,0.011148701400011896,4.999999999999867,214,2017
2017-06-01,0.011097643277934,5.0000000000001386,213,2017
2017-06-02,0.011055961347528422,5.0000000000002345,212,2017
2017-06-05,0.01107745197355361,5.000000000000114,209,2017
2017-06-06,0.011049428774976285,4.999999999999794,208,2017
2017-06-07,0.01113852147453344,4.999999999999888,207,2017
2017-06-08,0.011186080668678777,4.9999999999999645,206,2017
2017-06-09,0.011170391113372598,4.9999999999999485,205,2017
2017-06-12,0.011150500678238532,5.0,202,2017
2017-06-13,0.011120494774906668,5.000000000000002,201,2017
2017-06-14,0.011100203475657593,4.999999999999811,200,2017
2017-06-15,0.011059533707243977,5.0000000000001465,199,2017
2017-06-16,0.010986447891509684,5.00000000000004,198,2017
2017-06-19,0.011008887952329287,4.999999999999744,195,2017
2017-06-20,0.010938368650045988,4.999999999999768,194,2017
2017-06-21,0.010884975904840333,5.000000000000001,193,2017
2017-06-22,0.010925849206082939,4.999999999999813,192,2017
2017-06-23,0.010955880722268767,4.999999999999761,191,2017
2017-06-26,0.010891016390895309,4.999999999999648,188,2017
2017-06-27,0.010855659661484414,4.99999999999998,187,2017
2017-06-28,0.010913092913600885,4.999999999999987,186,2017
2017-06-29,0.010909568222822973,4.999999999999816,185,2017
2017-06-30,0.010916919063189291,5.000000000000008,184,2017
2017-07-03,0.010940240372723545,5.000000000000066,181,2017
2017-07-04,0.011009700452894495,5.000000000000064,180,2017
2017-07-05,0.011024166786293197,4.99999999999991,179,2017
2017-07-06,0.011098564005728579,5.000000000000097,178,2017
2017-07-07,0.011064630577982088,5.000000000000046,177,2017
2017-07-10,0.011077174462840848,4.999999999999909,174,2017
2017-07-11,0.011072370401389748,4.999999999999881,173,2017
2017-07-12,0.011059346211109752,4.999999999999985,172,2017
2017-07-13,0.0110665093710977,5.000000000000057,171,2017
2017-07-14,0.011030955838007688,4.999999999999885,170,2017
2017-07-17,0.011128791120348033,4.999999999999898,167,2017
2017-07-18,0.01110619642142479,4.999999999999862,166,2017
2017-07-19,0.011064619666936032,5.000000000000241,165,2017
2017-07-20,0.01108997907464466,4.999999999999895,164,2017
2017-07-21,0.011129370658946078,4.999999999999873,163,2017
2017-07-24,0.011126825372859209,5.000000000000005,160,2017
2017-07-25,0.011205501325365425,5.000000000000078,159,2017
2017-07-26,0.011285140029346573,5.000000000000002,158,2017
2017-07-27,0.011312814947993051,5.000000000000089,157,2017
2017-07-28,0.011287890976337324,4.999999999999967,156,2017
2017-07-31,0.011312079807240522,5.000000000000025,153,2017
2017-08-01,0.011426868575502866,5.000000000000011,152,2017
2017-08-02,0.011408067414779465,5.000000000000041,151,2017
2017-08-03,0.011447996309367096,5.000000000000022,150,2017
2017-08-04,0.011513108912455333,5.000000000000039,149,2017
2017-08-07,0.01150680123984886,4.999999999999951,146,2017
2017-08-08,0.011643455725716678,4.999999999999908,145,2017
2017-08-09,0.011602838370356881,5.000000000000003,144,2017
2017-08-10,0.011582804062371563,5.000000000000258,143,2017
2017-08-11,0.011550966291858252,4.999999999999944,142,2017
2017-08-14,0.011517525574818418,4.999999999999951,139,2017
2017-08-15,0.011464563017425641,5.00000000000002,138,2017
2017-08-16,0.011502251157140887,5.00000000000001,137,2017
2017-08-17,0.011526561706207153,5.000000000000092,136,2017
2017-08-18,0.011527207388344651,4.999999999999919,135,2017
2017-08-21,0.011623363013096012,4.999999999999774,132,2017
2017-08-22,0.011569335898148592,5.000000000000022,131,2017
2017-08-23,0.011572070962065811,4.9999999999998535,130,2017
2017-08-24,0.011571416409297396,4.999999999999955,129,2017
2017-08-25,0.011548131339796153,5.000000000000016,128,2017
2017-08-28,0.0115637886587357,5.000000000000094,125,2017
2017-08-29,0.011583205745179577,5.000000000000027,124,2017
2017-08-30,0.011470897157151327,5.000000000000176,123,2017
2017-08-31,0.011447113178386072,4.999999999999932,122,2017
2017-09-01,0.011532623405432697,4.999999999999911,121,2017
2017-09-04,0.011498849381058985,5.000000000000061,118,2017
2017-09-05,0.011533137085295709,5.0000000000001625,117,2017
2017-09-06,0.0115084847278675,4.999999999999944,116,2017
2017-09-07,0.011534437166580043,5.000000000000044,115,2017
2017-09-08,0.01153814266749779,5.000000000000139,114,2017
2017-09-11,0.011542651552973895,5.000000000000129,111,2017
2017-09-12,0.011595644281837247,5.00000000000012,110,2017
2017-09-13,0.011659309620761492,5.000000000000067,109,2017
2017-09-14,0.011653366174812219,4.9999999999999964,108,2017
2017-09-15,0.011654203926269953,4.999999999999923,107,2017
2017-09-18,0.011616770316962413,5.000000000000169,104,2017
2017-09-19,0.01159046293745209,5.00000000000018,103,2017
2017-09-20,0.011611051671204142,5.0000000000001315,102,2017
2017-09-21,0.01173186594986072,4.999999999999864,101,2017
2017-09-22,0.011766039046880415,5.000000000000229,100,2017
2017-09-25,0.011843933734712505,5.0000000000001235,97,2017
2017-09-26,0.011876123854899409,4.999999999999991,96,2017
2017-09-27,0.01189389535993225,4.999999999999965,95,2017
2017-09-28,0.011895340771776996,4.999999999999963,94,2017
2017-09-29,0.011955754076957021,4.999999999999927,93,2017
2017-10-02,0.011993512330071733,4.999999999999998,90,2017
2017-10-03,0.01193695378877812,5.000000000000037,89,2017
2017-10-04,0.011889539277525289,5.000000000000064,88,2017
2017-10-05,0.011864222688460121,4.99999999999987,87,2017
2017-10-06,0.01186482312767608,5.000000000000003,86,2017
2017-10-09,0.011919104098299613,5.00000000000008,83,2017
2017-10-10,0.011998717838457471,5.000000000000006,82,2017
2017-10-11,0.011968480504421116,4.999999999999972,81,2017
2017-10-12,0.012038084435839936,5.000000000000016,80,2017
2017-10-13,0.012116234870814695,4.999999999999951,79,2017
2017-10-16,0.012053968770706485,5.000000000000181,76,2017
2017-10-17,0.012045510290108672,4.999999999999999,75,2017
2017-10-18,0.012104688466538874,4.999999999999977,74,2017
2017-10-19,0.012111628178892619,4.999999999999948,73,2017
2017-10-20,0.01209347183231705,4.999999999999967,72,2017
2017-10-23,0.011982795598434095,5.0000000000000595,69,2017
2017-10-24,0.01194708024163586,4.999999999999951,68,2017
2017-10-25,0.011927154409788903,5.000000000000013,67,2017
2017-10-26,0.011946350333216355,5.000000000000035,66,2017
2017-10-27,0.01197320925729808,4.999999999999942,65,2017
2017-10-30,0.011961635304881866,5.000000000000082,62,2017
2017-10-31,0.012043651994982897,4.999999999999939,61,2017
2017-11-01,0.012060025876980116,4.9999999999999885,60,2017
2017-11-02,0.011978330802963897,5.000000000000126,59,2017
2017-11-03,0.012000818805504047,5.000000000000138,58,2017
2017-11-06,0.011960436320718533,5.000000000000047,55,2017
2017-11-07,0.01202611903861468,4.999999999999987,54,2017
2017-11-08,0.012088980802872679,4.999999999999999,53,2017
2017-11-09,0.012099042616957534,5.000000000000194,52,2017
2017-11-10,0.01208017887587187,4.999999999999981,51,2017
2017-11-13,0.01208478187205771,5.000000000000126,48,2017
2017-11-14,0.012124771149185413,5.000000000000108,47,2017
2017-11-15,0.012144070537288349,5.000000000000044,46,2017
2017-11-16,0.012115009064809583,5.000000000000193,45,2017
2017-11-17,0.012053253548190897,5.000000000000009,44,2017
2017-11-20,0.012032041488896337,5.00000000000018,41,2017
2017-11-21,0.011986854015583524,5.000000000000107,40,2017
2017-11-22,0.011997978871549136,5.0000000000001315,39,2017
2017-11-23,0.011954624968354895,5.0000000000001865,38,2017
2017-11-24,0.012015508160179524,5.00000000000016,37,2017
2017-11-27,0.012028202651887466,5.0000000000000115,34,2017
2017-11-28,0.012025156985406241,5.000000000000135,33,2017
2017-11-29,0.012022443986662953,5.000000000000149,32,2017
2017-11-30,0.012067844540131257,5.000000000000089,31,2017
2017-12-01,0.012067362789326809,5.00000000000015,30,2017
2017-12-04,0.012046710196141312,5.000000000000261,27,2017
2017-12-05,0.012029670889073755,5.000000000000186,26,2017
2017-12-06,0.012033249225003623,5.000000000000325,25,2017
2017-12-07,0.011995056133914588,5.000000000000009,24,2017
2017-12-08,0.012025708218354669,5.000000000000194,23,2017
2017-12-11,0.011976473522225983,5.000000000000162,20,2017
2017-12-12,0.011911345373069347,5.000000000000059,19,2017
2017-12-13,0.011956231902775403,5.000000000000073,18,2017
2017-12-14,0.012010030134104156,5.000000000000125,17,2017
2017-12-15,0.012070868535585625,5.000000000000198,16,2017
2017-12-18,,,13,2017
2017-12-19,,,12,2017
2017-12-20,,,11,2017
2017-12-21,,,10,2017
2017-12-22,,,9,2017
2017-12-25,,,6,2017
2017-12-26,,,5,2017
2017-12-27,,,4,2017
2017-12-28,,,3,2017
2017-12-29,,,2,2017
2018-01-01,,,364,2018
2018-01-02,,,363,2018
2018-01-03,,,362,2018
2018-01-04,,,361,2018
2018-01-05,,,360,2018
2018-01-08,,,357,2018
2018-01-09,,,356,2018
2018-01-10,,,355,2018
2018-01-11,,,354,2018
2018-01-12,,,353,2018
2018-01-15,,,350,2018
2018-01-16,,,349,2018
2018-01-17,,,348,2018
2018-01-18,,,347,2018
2018-01-19,,,346,2018
2018-01-22,,,343,2018
2018-01-23,,,342,2018
2018-01-24,,,341,2018
2018-01-25,,,340,2018
2018-01-26,,,339,2018
2018-01-29,,,336,2018
2018-01-30,,,335,2018
2018-01-31,,,334,2018
2018-02-01,,,333,2018
2018-02-02,,,332,2018
2018-02-05,,,329,2018
2018-02-06,,,328,2018
2018-02-07,,,327,2018
2018-02-08,,,326,2018
2018-02-09,,,325,2018
2018-02-12,,,322,2018
2018-02-13,,,321,2018
2018-02-14,,,320,2018
2018-02-15,,,319,2018
2018-02-16,,,318,2018
2018-02-19,,,315,2018
2018-02-20,,,314,2018
2018-02-21,,,313,2018
2018-02-22,,,312,2018
2018-02-23,,,311,2018
2018-02-26,,,308,2018
2018-02-27,,,307,2018
2018-02-28,,,306,2018
2018-03-01,,,305,2018
2018-03-02,,,304,2018
2018-03-05,,,301,2018
2018-03-06,,,300,2018
2018-03-07,,,299,2018
2018-03-08,,,298,2018
2018-03-09,,,297,2018
2018-03-12,,,294,2018
2018-03-13,,,293,2018
2018-03-14,,,292,2018
2018-03-15,,,291,2018
2018-03-16,,,290,2018
2018-03-19,,,287,2018
2018-03-20,,,286,2018
2018-03-21,,,285,2018
2018-03-22,,,284,2018
2018-03-23,,,283,2018
2018-03-26,,,280,2018
2018-03-27,,,279,2018
2018-03-28,,,278,2018
2018-03-29,,,277,2018
2018-03-30,,,276,2018
2018-04-02,,,273,2018
2018-04-03,0.012257673715785343,5.0000000000000036,272,2018
2018-04-04,0.012312492147847581,5.000000000000032,271,2018
2018-04-05,0.012254594510713744,4.999999999999978,270,2018
2018-04-06,0.012240236252847573,5.000000000000036,269,2018
2018-04-09,0.012311156162465102,4.9999999999998295,266,2018
2018-04-10,0.012443993600916728,5.000000000000011,265,2018
2018-04-11,0.012383131066998917,5.000000000000105,264,2018
2018-04-12,0.012344504523057232,4.999999999999864,263,2018
2018-04-13,0.012296476238539312,4.999999999999984,262,2018
2018-04-16,0.012277479508940732,4.999999999999724,259,2018
2018-04-17,0.012211828994454575,4.999999999999987,258,2018
2018-04-18,0.012232098559147567,5.000000000000228,257,2018
2018-04-19,0.012154573723393399,4.9999999999999245,256,2018
2018-04-20,0.012135068683626541,4.999999999999984,255,2018
2018-04-23,0.01207983234838161,5.000000000000066,252,2018
2018-04-24,0.012067062753196743,4.9999999999999964,251,2018
2018-04-25,0.011975746222712675,5.00000000000008,250,2018
2018-04-26,0.0119745216748485,5.000000000000009,249,2018
2018-04-27,0.011891976848218798,4.999999999999904,248,2018
2018-04-30,0.011957453579879955,4.99999999999996,245,2018
2018-05-01,0.012067315626575674,4.999999999999614,244,2018
2018-05-02,0.01205960558086357,5.00000000000011,243,2018
2018-05-03,0.01216297042871478,4.9999999999997655,242,2018
2018-05-04,0.012123816254904524,4.999999999999696,241,2018
2018-05-07,0.012082183524466756,4.999999999999898,238,2018
2018-05-08,0.012051415723849398,4.99999999999995,237,2018
2018-05-09,0.012092362064216461,4.9999999999998215,236,2018
2018-05-10,0.01203657256057829,4.999999999999902,235,2018
2018-05-11,0.012088696571077964,4.99999999999967,234,2018
2018-05-14,0.012147667498983033,5.00000000000002,231,2018
2018-05-15,0.012154950835652593,4.999999999999869,230,2018
2018-05-16,0.012211008699522916,4.999999999999929,229,2018
2018-05-17,0.012230623143920863,5.000000000000085,228,2018
2018-05-18,0.01217305273222599,4.999999999999871,227,2018
2018-05-21,0.012138596319783366,4.999999999999917,224,2018
2018-05-22,0.012179505046777986,4.9999999999999645,223,2018
2018-05-23,0.012189049279417583,4.999999999999895,222,2018
2018-05-24,0.012233341618277402,4.999999999999991,221,2018
2018-05-25,0.01231887305453033,5.000000000000133,220,2018
2018-05-28,0.012332597557546478,4.99999999999992,217,2018
2018-05-29,0.012333744455848505,4.999999999999698,216,2018
2018-05-30,0.01232698239327692,4.999999999999902,215,2018
2018-05-31,0.012359118085525896,4.999999999999843,214,2018
2018-06-01,0.01238097310246269,4.999999999999727,213,2018
2018-06-04,0.012429403779952674,4.999999999999874,210,2018
2018-06-05,0.012375771266550312,4.999999999999836,209,2018
2018-06-06,0.012379435961410086,4.999999999999932,208,2018
2018-06-07,0.012361938093429288,4.9999999999998925,207,2018
2018-06-08,0.012321024918017284,5.000000000000112,206,2018
2018-06-11,0.012306329486226559,4.999999999999878,203,2018
2018-06-12,0.012323107968822012,4.999999999999841,202,2018
2018-06-13,0.012345772398958692,4.999999999999981,201,2018
2018-06-14,0.012391806335433618,4.999999999999714,200,2018
2018-06-15,0.01238761061831874,5.000000000000011,199,2018
2018-06-18,0.012374642099340031,5.000000000000036,196,2018
2018-06-19,0.012392661850891712,4.999999999999751,195,2018
2018-06-20,0.012412075546172078,4.999999999999922,194,2018
2018-06-21,0.012481019203906835,4.999999999999895,193,2018
2018-06-22,0.012567536028290763,4.999999999999984,192,2018
2018-06-25,0.012549058135245454,4.999999999999905,189,2018
2018-06-26,0.012564627157929742,4.999999999999847,188,2018
2018-06-27,0.012709683995218851,5.000000000000008,187,2018
2018-06-28,0.01264642405946722,4.9999999999999005,186,2018
2018-06-29,0.01263000837762367,5.000000000000071,185,2018
2018-07-02,0.012679463916374839,5.000000000000029,182,2018
2018-07-03,0.012740570907559654,4.99999999999997,181,2018
2018-07-04,0.012756665151375695,4.999999999999775,180,2018
2018-07-05,0.012676446377574348,4.999999999999946,179,2018
2018-07-06,0.012696906577752378,5.000000000000044,178,2018
2018-07-09,0.01273468310856672,5.000000000000037,175,2018
2018-07-10,0.012757026486196515,4.999999999999992,174,2018
2018-07-11,0.012766461458008665,5.000000000000035,173,2018
2018-07-12,0.012673867638837134,4.999999999999963,172,2018
2018-07-13,0.012627267466020482,4.999999999999911,171,2018
2018-07-16,0.012599261485874723,5.000000000000025,168,2018
2018-07-17,0.012474894663866523,4.99999999999998,167,2018
2018-07-18,0.012435689466253112,4.9999999999999245,166,2018
2018-07-19,0.012499665592323623,5.000000000000249,165,2018
2018-07-20,0.012469474972807471,5.000000000000046,164,2018
2018-07-23,0.012459325719227367,4.999999999999951,161,2018
2018-07-24,0.012439316296703378,5.00000000000004,160,2018
2018-07-25,0.01241788770438769,5.000000000000061,159,2018
2018-07-26,0.012426857989281503,5.000000000000032,158,2018
2018-07-27,0.0124508841210463,5.000000000000022,157,2018
2018-07-30,0.012341113031946281,4.999999999999867,154,2018
2018-07-31,0.012325459204357151,5.000000000000039,153,2018
2018-08-01,0.012298282762957448,5.000000000000025,152,2018
2018-08-02,0.012368366537730923,5.0000000000000995,151,2018
2018-08-03,0.012391444152326972,4.9999999999999964,150,2018
2018-08-06,0.012434429913553976,5.000000000000017,147,2018
2018-08-07,0.012450967273680533,5.000000000000035,146,2018
2018-08-08,0.012490838720720302,4.999999999999969,145,2018
2018-08-09,0.012446200633176295,4.9999999999999645,144,2018
2018-08-10,0.012503307769448158,4.999999999999969,143,2018
2018-08-13,0.012519131382123724,5.000000000000029,140,2018
2018-08-14,0.01257093318356238,5.0000000000000595,139,2018
2018-08-15,0.012433040562511296,5.0000000000001465,138,2018
2018-08-16,0.012475755917025124,4.999999999999985,137,2018
2018-08-17,0.012543422008469444,4.999999999999981,136,2018
2018-08-20,0.012532202709091281,5.0000000000000675,133,2018
2018-08-21,0.01245094081604061,4.999999999999958,132,2018
2018-08-22,0.012479690286440817,5.000000000000146,131,2018
2018-08-23,0.012492237791777864,5.000000000000036,130,2018
2018-08-24,0.01247016594873385,5.0000000000001315,129,2018
2018-08-27,0.012463696421997668,5.000000000000053,126,2018
2018-08-28,0.012536018686273805,5.000000000000068,125,2018
2018-08-29,0.012478865464712854,4.9999999999999485,124,2018
2018-08-30,0.012474055790195338,5.000000000000083,123,2018
2018-08-31,0.012369818191560699,5.000000000000122,122,2018
2018-09-03,0.012267273012429518,5.000000000000013,119,2018
2018-09-04,0.012338515559907552,5.000000000000035,118,2018
2018-09-05,0.012304600815484417,5.000000000000133,117,2018
2018-09-06,0.01229967798345852,5.000000000000031,116,2018
2018-09-07,0.012318120933911814,5.000000000000003,115,2018
2018-09-10,0.012386560080568003,5.000000000000291,112,2018
2018-09-11,0.012460964469928294,5.000000000000108,111,2018
2018-09-12,0.012489390158616357,5.000000000000095,110,2018
2018-09-13,0.01256524581943911,5.000000000000083,109,2018
2018-09-14,0.012545319790118943,4.999999999999992,108,2018
2018-09-17,0.012606989478554287,5.000000000000049,105,2018
2018-09-18,0.012677779919628016,5.000000000000067,104,2018
2018-09-19,0.012764501365430447,5.000000000000074,103,2018
2018-09-20,0.012742953986926384,5.000000000000129,102,2018
2018-09-21,0.01274823362099475,5.000000000000121,101,2018
2018-09-24,0.01277305958163108,5.000000000000049,98,2018
2018-09-25,0.012931665802907527,5.000000000000194,97,2018
2018-09-26,0.012899290484606727,5.000000000000197,96,2018
2018-09-27,0.012922444782237917,5.000000000000069,95,2018
2018-09-28,0.01290187425220759,5.0000000000001315,94,2018
2018-10-01,0.012868840955060211,5.000000000000022,91,2018
2018-10-02,0.01289348094329561,5.0000000000001,90,2018
2018-10-03,0.012899782153697545,5.000000000000191,89,2018
2018-10-04,0.012938168936765533,5.000000000000174,88,2018
2018-10-05,0.01292210434144726,5.000000000000309,87,2018
2018-10-08,0.012968178519126789,5.000000000000253,84,2018
2018-10-09,0.012943225464739186,5.000000000000112,83,2018
2018-10-10,0.012967071415423779,5.000000000000174,82,2018
2018-10-11,0.012941486248712787,5.000000000000133,81,2018
2018-10-12,0.012903229426520139,5.000000000000041,80,2018
2018-10-15,0.012846262583723848,5.000000000000257,77,2018
2018-10-16,0.012852689461519488,5.000000000000276,76,2018
2018-10-17,0.01285534170134667,5.000000000000126,75,2018
2018-10-18,0.012836460980768915,5.000000000000091,74,2018
2018-10-19,0.01281859562177565,5.000000000000167,73,2018
2018-10-22,0.012862591535327466,5.000000000000167,70,2018
2018-10-23,0.012918192276389299,5.000000000000112,69,2018
2018-10-24,0.012978433119899026,5.0000000000002105,68,2018
2018-10-25,0.012889951474287854,4.999999999999984,67,2018
2018-10-26,0.01292808278962373,5.000000000000101,66,2018
2018-10-29,0.012950988687832761,5.000000000000181,63,2018
2018-10-30,0.012920884766660404,5.000000000000199,62,2018
2018-10-31,0.0129526558143621,5.0000000000001465,61,2018
2018-11-01,0.012999739094664153,5.0000000000002105,60,2018
2018-11-02,0.012972965081085015,5.000000000000088,59,2018
2018-11-05,0.012951082972779759,5.00000000000018,56,2018
2018-11-06,0.012935727014884565,5.000000000000081,55,2018
2018-11-07,0.012988299762107235,5.000000000000136,54,2018
2018-11-08,0.0130475490242711,5.000000000000396,53,2018
2018-11-09,0.013027763167673906,5.000000000000294,52,2018
2018-11-12,0.013010297026992185,5.000000000000069,49,2018
2018-11-13,0.012959648462048133,5.000000000000143,48,2018
2018-11-14,0.01291893568766389,5.000000000000089,47,2018
2018-11-15,0.012913863831186876,5.0000000000001235,46,2018
2018-11-16,0.013004820591312945,5.000000000000074,45,2018
2018-11-19,0.012977203180655416,5.000000000000164,42,2018
2018-11-20,0.013023720982377893,5.000000000000215,41,2018
2018-11-21,0.013044721289326789,5.0000000000001,40,2018
2018-11-22,0.01310774801086306,5.000000000000118,39,2018
2018-11-23,0.013040961414720739,5.00000000000018,38,2018
2018-11-26,0.013015650448071838,5.0000000000003135,35,2018
2018-11-27,0.013006357819297532,4.999999999999956,34,2018
2018-11-28,0.012888294122351821,5.000000000000238,33,2018
2018-11-29,0.01290699093943991,5.000000000000073,32,2018
2018-11-30,0.012903811383648989,5.0000000000001235,31,2018
2018-12-03,0.012909863879437641,5.000000000000114,28,2018
2018-12-04,0.01297854076852603,5.00000000000023,27,2018
2018-12-05,0.013073061821049455,5.00000000000005,26,2018
2018-12-06,0.013060559011002332,5.000000000000395,25,2018
2018-12-07,0.012999445613869114,5.000000000000133,24,2018
2018-12-10,0.012941976118888865,5.000000000000311,21,2018
2018-12-11,0.012936364764777428,5.000000000000348,20,2018
2018-12-12,0.01301286106994739,5.000000000000172,19,2018
2018-12-13,0.012995916763558418,5.000000000000253,18,2018
2018-12-14,0.012954041844600096,5.000000000000358,17,2018
2018-12-17,0.012981288975210744,5.0000000000001315,14,2018
2018-12-18,,,13,2018
2018-12-19,,,12,2018
2018-12-20,,,11,2018
2018-12-21,,,10,2018
2018-12-24,,,7,2018
2018-12-25,,,6,2018
2018-12-26,,,5,2018
2018-12-27,,,4,2018
2018-12-28,,,3,2018
2018-12-31,,,0,2018
2019-01-01,,,364,2019
2019-01-02,,,363,2019
2019-01-03,,,362,2019
2019-01-04,,,361,2019
2019-01-07,,,358,2019
2019-01-08,,,357,2019
2019-01-09,,,356,2019
2019-01-10,,,355,2019
2019-01-11,,,354,2019
2019-01-14,,,351,2019
2019-01-15,,,350,2019
2019-01-16,,,349,2019
2019-01-17,,,348,2019
2019-01-18,,,347,2019
2019-01-21,,,344,2019
2019-01-22,,,343,2019
2019-01-23,,,342,2019
2019-01-24,,,341,2019
2019-01-25,,,340,2019
2019-01-28,,,337,2019
2019-01-29,,,336,2019
2019-01-30,,,335,2019
2019-01-31,,,334,2019
2019-02-01,,,333,2019
2019-02-04,,,330,2019
2019-02-05,,,329,2019
2019-02-06,,,328,2019
2019-02-07,,,327,2019
2019-02-08,,,326,2019
2019-02-11,,,323,2019
2019-02-12,,,322,2019
2019-02-13,,,321,2019
2019-02-14,,,320,2019
2019-02-15,,,319,2019
2019-02-18,,,316,2019
2019-02-19,,,315,2019
2019-02-20,,,314,2019
2019-02-21,,,313,2019
2019-02-22,,,312,2019
2019-02-25,,,309,2019
2019-02-26,,,308,2019
2019-02-27,,,307,2019
2019-02-28,,,306,2019
2019-03-01,,,305,2019
2019-03-04,,,302,2019
2019-03-05,,,301,2019
2019-03-06,,,300,2019
2019-03-07,,,299,2019
2019-03-08,,,298,2019
2019-03-11,,,295,2019
2019-03-12,,,294,2019
2019-03-13,,,293,2019
2019-03-14,,,292,2019
2019-03-15,,,291,2019
2019-03-18,,,288,2019
2019-03-19,,,287,2019
2019-03-20,,,286,2019
2019-03-21,,,285,2019
2019-03-22,,,284,2019
2019-03-25,,,281,2019
2019-03-26,,,280,2019
2019-03-27,,,279,2019
2019-03-28,,,278,2019
2019-03-29,,,277,2019
2019-04-01,,,274,2019
2019-04-02,,,273,2019
2019-04-03,0.01324515189084172,4.999999999999886,272,2019
2019-04-04,0.013218548344406073,4.9999999999998295,271,2019
2019-04-05,0.013330218184409387,4.999999999999805,270,2019
2019-04-08,0.013346922966045048,4.999999999999881,267,2019
2019-04-09,0.013416382079614325,4.999999999999791,266,2019
2019-04-10,0.013404112680276675,4.999999999999859,265,2019
2019-04-11,0.013426678789611849,5.000000000000003,264,2019
2019-04-12,0.013415168331855118,4.999999999999552,263,2019
2019-04-15,0.013405865540665566,4.999999999999787,260,2019
2019-04-16,0.013389644426875966,5.000000000000256,259,2019
2019-04-17,0.013310056943099429,5.00000000000012,258,2019
2019-04-18,0.013259345884403022,5.0000000000000036,257,2019
2019-04-19,0.013216330144161329,4.9999999999998455,256,2019
2019-04-22,0.013143575605065341,4.999999999999857,253,2019
2019-04-23,0.013212075907861916,5.000000000000047,252,2019
2019-04-24,0.013216382269751753,5.00000000000007,251,2019
2019-04-25,0.013203538603069812,4.999999999999665,250,2019
2019-04-26,0.013181089127695422,4.99999999999984,249,2019
2019-04-29,0.013219819963956797,4.9999999999998,246,2019
2019-04-30,0.013194751008514841,5.00000000000005,245,2019
2019-05-01,0.01320398490554539,4.999999999999809,244,2019
2019-05-02,0.013207378711366395,4.999999999999555,243,2019
2019-05-03,0.013208740054053906,5.000000000000043,242,2019
2019-05-06,0.013209734384739474,4.9999999999999165,239,2019
2019-05-07,0.013205874066210639,5.000000000000039,238,2019
2019-05-08,0.013225829129197482,4.999999999999793,237,2019
2019-05-09,0.013151009942050455,4.999999999999758,236,2019
2019-05-10,0.01323292178021009,5.000000000000063,235,2019
2019-05-13,0.013248407209652379,4.999999999999864,232,2019
2019-05-14,0.013247640299608477,4.999999999999981,231,2019
2019-05-15,0.013238503392108606,4.999999999999802,230,2019
2019-05-16,0.013288744935008803,4.999999999999903,229,2019
2019-05-17,0.013252506434693731,4.999999999999724,228,2019
2019-05-20,0.01326556389039359,5.00000000000001,225,2019
2019-05-21,0.013283139640260897,4.99999999999983,224,2019
2019-05-22,0.013257241355185075,4.999999999999888,223,2019
2019-05-23,0.01322982367740051,5.000000000000133,222,2019
2019-05-24,0.013250990404838334,4.99999999999974,221,2019
2019-05-27,0.01321708474126157,4.999999999999801,218,2019
2019-05-28,0.013233553494681603,4.99999999999986,217,2019
2019-05-29,0.01318387611822581,4.999999999999996,216,2019
2019-05-30,0.013083720482498342,4.999999999999819,215,2019
2019-05-31,0.01302768694563375,4.999999999999803,214,2019
2019-06-03,0.012923511366647935,4.999999999999965,211,2019
2019-06-04,0.012922012525975865,5.000000000000039,210,2019
2019-06-05,0.012892588298785687,5.000000000000053,209,2019
2019-06-06,0.012944927355917664,5.000000000000084,208,2019
2019-06-07,0.012946986645000031,4.999999999999919,207,2019
2019-06-10,0.01295277091936647,4.999999999999847,204,2019
2019-06-11,0.012963427854681202,4.999999999999818,203,2019
2019-06-12,0.01306373119662501,4.999999999999841,202,2019
2019-06-13,0.013133400413968698,4.999999999999975,201,2019
2019-06-14,0.013117871635213297,4.9999999999998135,200,2019
2019-06-17,0.013114716020176916,4.9999999999997415,197,2019
2019-06-18,0.013167680486916706,5.000000000000056,196,2019
2019-06-19,0.013138709093502331,4.99999999999977,195,2019
2019-06-20,0.013168665755775976,4.999999999999559,194,2019
2019-06-21,0.013170990479612803,5.000000000000082,193,2019
2019-06-24,0.013185206577673018,4.999999999999781,190,2019
2019-06-25,0.013161053226663107,5.000000000000022,189,2019
2019-06-26,0.013165379131806949,5.000000000000121,188,2019
2019-06-27,0.013103271709423945,4.999999999999847,187,2019
2019-06-28,0.013100903358406853,4.9999999999999885,186,2019
2019-07-01,0.013080043641466858,4.999999999999903,183,2019
2019-07-02,0.013085349214201849,5.000000000000073,182,2019
2019-07-03,0.01322595614167907,5.000000000000022,181,2019
2019-07-04,0.013166891506805351,5.0000000000000595,180,2019
2019-07-05,0.013107113876964048,4.999999999999876,179,2019
2019-07-08,0.013093466425607434,5.000000000000077,176,2019
2019-07-09,0.013082809159974205,5.000000000000088,175,2019
2019-07-10,0.012962759793167017,4.999999999999956,174,2019
2019-07-11,0.013024583038481202,4.999999999999849,173,2019
2019-07-12,0.01298461413571266,5.000000000000017,172,2019
2019-07-15,0.012974304077035722,5.000000000000018,169,2019
2019-07-16,0.012938550699417838,5.00000000000026,168,2019
2019-07-17,0.01295530707176423,5.000000000000097,167,2019
2019-07-18,0.012997936512800987,4.999999999999977,166,2019
2019-07-19,0.012929175233470525,5.000000000000018,165,2019
2019-07-22,0.012925722549678073,5.000000000000037,162,2019
2019-07-23,0.01293956903639167,5.000000000000083,161,2019
2019-07-24,0.012876144396311195,4.999999999999962,160,2019
2019-07-25,0.012791885238483099,5.0000000000001075,159,2019
2019-07-26,0.012777552840882596,5.00000000000015,158,2019
2019-07-29,0.012648423738726062,5.000000000000095,155,2019
2019-07-30,0.012627481672572898,4.999999999999804,154,2019
2019-07-31,0.012597348612145858,4.999999999999956,153,2019
2019-08-01,0.012534551490127385,5.000000000000003,152,2019
2019-08-02,0.012524950377656375,5.0000000000000995,151,2019
2019-08-05,0.01248381688063445,4.99999999999996,148,2019
2019-08-06,0.012399565961865727,5.000000000000064,147,2019
2019-08-07,0.012403056483418115,5.000000000000049,146,2019
2019-08-08,0.012437108411950486,4.999999999999825,145,2019
2019-08-09,0.012365997464646773,5.000000000000164,144,2019
2019-08-12,0.01232072734306141,5.000000000000087,141,2019
2019-08-13,0.012272622682303024,5.0000000000001386,140,2019
2019-08-14,0.01228062155712075,4.999999999999934,139,2019
2019-08-15,0.012310107985699916,4.999999999999979,138,2019
2019-08-16,0.012245003130894553,5.000000000000031,137,2019
2019-08-19,0.01226570863367642,4.999999999999864,134,2019
2019-08-20,0.012272085069173249,5.000000000000108,133,2019
2019-08-21,0.012290424677340522,4.999999999999907,132,2019
2019-08-22,0.012300219810829939,5.000000000000054,131,2019
2019-08-23,0.012263410632485117,5.000000000000006,130,2019
2019-08-26,0.012187437814527205,4.99999999999999,127,2019
2019-08-27,0.012181264388863876,4.999999999999974,126,2019
2019-08-28,0.012150163242271687,4.999999999999984,125,2019
2019-08-29,0.012118065908497792,5.000000000000033,124,2019
2019-08-30,0.012115037919953588,5.000000000000098,123,2019
2019-09-02,0.01207986277003587,5.000000000000097,120,2019
2019-09-03,0.01212287686844726,4.999999999999923,119,2019
2019-09-04,0.012114256184182593,5.000000000000107,118,2019
2019-09-05,0.01210696013810262,4.99999999999995,117,2019
2019-09-06,0.012067265810885379,5.0000000000001235,116,2019
2019-09-09,0.012079943269266386,4.999999999999984,113,2019
2019-09-10,0.012037165435943577,5.00000000000016,112,2019
2019-09-11,0.01206791263994578,5.00000000000005,111,2019
2019-09-12,0.01207121431296402,4.999999999999975,110,2019
2019-09-13,0.012040742702930717,4.999999999999784,109,2019
2019-09-16,0.01205652255745312,4.999999999999992,106,2019
2019-09-17,0.012010452493538597,5.000000000000008,105,2019
2019-09-18,0.012052139186075833,4.999999999999889,104,2019
2019-09-19,0.012062380889592713,4.999999999999926,103,2019
2019-09-20,0.012040914131033986,5.000000000000017,102,2019
2019-09-23,0.012000529517489299,5.0000000000000755,99,2019
2019-09-24,0.012019230752854281,5.000000000000012,98,2019
2019-09-25,0.012116488618136998,5.000000000000064,97,2019
2019-09-26,0.012138524971021495,5.000000000000044,96,2019
2019-09-27,0.012139457135590365,5.000000000000125,95,2019
2019-09-30,0.012169098845586252,5.00000000000002,92,2019
2019-10-01,0.01221189340663267,4.999999999999936,91,2019
2019-10-02,0.012159362357135934,5.000000000000063,90,2019
2019-10-03,0.012209349891539165,5.000000000000054,89,2019
2019-10-04,0.012203596204095007,5.000000000000025,88,2019
2019-10-07,0.012169878636304083,5.000000000000068,85,2019
2019-10-08,0.012316541782028333,5.0000000000000595,84,2019
2019-10-09,0.012276965349134054,4.9999999999999964,83,2019
2019-10-10,0.012191580172998857,5.000000000000005,82,2019
2019-10-11,0.01221158780409698,4.999999999999961,81,2019
2019-10-14,0.012218689701369799,4.999999999999836,78,2019
2019-10-15,0.012190319053727403,5.000000000000044,77,2019
2019-10-16,0.012194903979673506,4.9999999999999964,76,2019
2019-10-17,0.012237798342725521,5.000000000000105,75,2019
2019-10-18,0.01220571439613312,5.000000000000126,74,2019
2019-10-21,0.012171199845449543,5.000000000000044,71,2019
2019-10-22,0.012123997731225803,4.99999999999999,70,2019
2019-10-23,0.012165073901688838,5.000000000000092,69,2019
2019-10-24,0.012153328192818023,5.000000000000122,68,2019
2019-10-25,0.012137311713854987,5.000000000000029,67,2019
2019-10-28,0.012163316072315572,4.999999999999936,64,2019
2019-10-29,0.012264938580713359,5.000000000000053,63,2019
2019-10-30,0.012227427696846996,5.000000000000053,62,2019
2019-10-31,0.01227058162044029,5.0000000000000755,61,2019
2019-11-01,0.012322113538047404,5.0000000000001235,60,2019
2019-11-04,0.01237348105402513,5.000000000000162,57,2019
2019-11-05,0.012388939318037133,5.000000000000131,56,2019
2019-11-06,0.012394587497233735,5.00000000000003,55,2019
2019-11-07,0.012431538158354901,5.000000000000272,54,2019
2019-11-08,0.012398408188297983,5.000000000000204,53,2019
2019-11-11,0.012417283633930382,5.0000000000001,50,2019
2019-11-12,0.012389973234979985,5.000000000000204,49,2019
2019-11-13,0.012435611811217382,5.000000000000129,48,2019
2019-11-14,0.012533647508726004,5.000000000000376,47,2019
2019-11-15,0.012627295995929955,5.000000000000001,46,2019
2019-11-18,0.01259718927067376,5.0000000000002345,43,2019
2019-11-19,0.012581814828501259,5.000000000000273,42,2019
2019-11-20,0.012548328294304136,5.0000000000001235,41,2019
2019-11-21,0.012493208897143218,5.000000000000159,40,2019
2019-11-22,0.01254246829686133,5.0000000000000995,39,2019
2019-11-25,0.012540997075080785,5.000000000000119,36,2019
2019-11-26,0.012507872364858471,5.000000000000056,35,2019
2019-11-27,0.01247031395139973,5.000000000000136,34,2019
2019-11-28,0.012539102146315605,5.0000000000002345,33,2019
2019-11-29,0.012569423433062225,5.000000000000155,32,2019
2019-12-02,0.012543050254820212,5.0000000000001235,29,2019
2019-12-03,0.01256844479107281,5.0000000000001,28,2019
2019-12-04,0.012588851339056397,5.000000000000171,27,2019
2019-12-05,0.012640756760820304,5.000000000000139,26,2019
2019-12-06,0.012731013634397338,5.000000000000152,25,2019
2019-12-09,0.012740181447377092,5.0000000000002345,22,2019
2019-12-10,0.012793808181991734,4.999999999999952,21,2019
2019-12-11,0.01271921771180377,5.000000000000174,20,2019
2019-12-12,0.012678441038109807,5.000000000000164,19,2019
2019-12-13,0.012661831072307833,5.000000000000294,18,2019
2019-12-16,0.012658269228315979,5.000000000000095,15,2019
2019-12-17,0.012695156817919924,5.000000000000142,14,2019
2019-12-18,,,13,2019
2019-12-19,,,12,2019
2019-12-20,,,11,2019
2019-12-23,,,8,2019
2019-12-24,,,7,2019
2019-12-25,,,6,2019
2019-12-26,,,5,2019
2019-12-27,,,4,2019
2019-12-30,,,1,2019
2019-12-31,,,0,2019
2020-01-01,,,365,2020
2020-01-02,,,364,2020
2020-01-03,,,363,2020
2020-01-06,,,360,2020
2020-01-07,,,359,2020
2020-01-08,,,358,2020
2020-01-09,,,357,2020
2020-01-10,,,356,2020
2020-01-13,,,353,2020
2020-01-14,,,352,2020
2020-01-15,,,351,2020
2020-01-16,,,350,2020
2020-01-17,,,349,2020
2020-01-20,,,346,2020
2020-01-21,,,345,2020
2020-01-22,,,344,2020
2020-01-23,,,343,2020
2020-01-24,,,342,2020
2020-01-27,,,339,2020
2020-01-28,,,338,2020
2020-01-29,,,337,2020
2020-01-30,,,336,2020
2020-01-31,,,335,2020
2020-02-03,,,332,2020
2020-02-04,,,331,2020
2020-02-05,,,330,2020
2020-02-06,,,329,2020
2020-02-07,,,328,2020
2020-02-10,,,325,2020
2020-02-11,,,324,2020
2020-02-12,,,323,2020
2020-02-13,,,322,2020
2020-02-14,,,321,2020
2020-02-17,,,318,2020
2020-02-18,,,317,2020
2020-02-19,,,316,2020
2020-02-20,,,315,2020
2020-02-21,,,314,2020
2020-02-24,,,311,2020
2020-02-25,,,310,2020
2020-02-26,,,309,2020
2020-02-27,,,308,2020
2020-02-28,,,307,2020
2020-03-02,,,304,2020
2020-03-03,,,303,2020
2020-03-04,,,302,2020
2020-03-05,,,301,2020
2020-03-06,,,300,2020
2020-03-09,,,297,2020
2020-03-10,,,296,2020
2020-03-11,,,295,2020
2020-03-12,,,294,2020
2020-03-13,,,293,2020
2020-03-16,,,290,2020
2020-03-17,,,289,2020
2020-03-18,,,288,2020
2020-03-19,,,287,2020
2020-03-20,,,286,2020
2020-03-23,,,283,2020
2020-03-24,,,282,2020
2020-03-25,,,281,2020
2020-03-26,,,280,2020
2020-03-27,,,279,2020
2020-03-30,,,276,2020
2020-03-31,,,275,2020
2020-04-01,,,274,2020
2020-04-02,,,273,2020
2020-04-03,0.012825198206101266,4.999999999999909,272,2020
2020-04-06,0.012801007350239499,4.999999999999959,269,2020
2020-04-07,0.01279258045817322,5.000000000000022,268,2020
2020-04-08,0.012776749033020948,4.9999999999996945,267,2020
2020-04-09,0.012709936836598327,4.99999999999983,266,2020
2020-04-10,0.012692524068744849,5.000000000000077,265,2020
2020-04-13,0.012699493435126077,4.999999999999982,262,2020
2020-04-14,0.012693229517595042,5.000000000000099,261,2020
2020-04-15,0.012704574288975673,5.000000000000073,260,2020
2020-04-16,0.012749269388150141,4.999999999999895,259,2020
2020-04-17,0.01267076326752297,4.999999999999897,258,2020
2020-04-20,0.012641644829004919,4.999999999999812,255,2020
2020-04-21,0.01271931619617644,4.999999999999984,254,2020
2020-04-22,0.012806047532924568,5.000000000000126,253,2020
2020-04-23,0.012877508122367263,4.999999999999863,252,2020
2020-04-24,0.012932749477259954,4.999999999999782,251,2020
2020-04-27,0.01285057665328403,4.999999999999889,248,2020
2020-04-28,0.01288426187286376,5.0000000000002345,247,2020
2020-04-29,0.01288247592222518,5.000000000000056,246,2020
2020-04-30,0.012895812945927917,4.999999999999629,245,2020
2020-05-01,0.012921618928715992,5.000000000000122,244,2020
2020-05-04,0.012868625401937108,4.9999999999998685,241,2020
2020-05-05,0.012909333572164025,4.999999999999866,240,2020
2020-05-06,0.013010208875802355,4.999999999999777,239,2020
2020-05-07,0.013022365517148044,4.999999999999849,238,2020
2020-05-08,0.012969364626576236,4.999999999999849,237,2020
2020-05-11,0.01297455142656585,4.99999999999965,234,2020
2020-05-12,0.013011436735221161,4.99999999999973,233,2020
2020-05-13,0.01300802862174391,4.999999999999895,232,2020
2020-05-14,0.013028390163423423,4.999999999999805,231,2020
2020-05-15,0.012984770662467551,4.9999999999999964,230,2020
2020-05-18,0.012980602772313072,4.99999999999988,227,2020
2020-05-19,0.013004829941811909,4.999999999999809,226,2020
2020-05-20,0.012949338342705563,4.999999999999901,225,2020
2020-05-21,0.012998673441669824,5.000000000000084,224,2020
2020-05-22,0.012946692984316506,5.000000000000037,223,2020
2020-05-25,0.012850957446343299,5.00000000000018,220,2020
2020-05-26,0.012893868334310178,5.0000000000002,219,2020
2020-05-27,0.012900094616182665,4.999999999999746,218,2020
2020-05-28,0.01290794107003526,4.999999999999794,217,2020
2020-05-29,0.012861513644321946,5.00000000000008,216,2020
2020-06-01,0.012843445390506834,4.999999999999871,213,2020
2020-06-02,0.012795012032491409,5.0000000000000036,212,2020
2020-06-03,0.01282357982582557,4.999999999999777,211,2020
2020-06-04,0.0128566652491914,4.999999999999841,210,2020
2020-06-05,0.01277773629314038,4.99999999999988,209,2020
2020-06-08,0.012738976838593135,4.999999999999941,206,2020
2020-06-09,0.012729585983096193,4.999999999999991,205,2020
2020-06-10,0.0127463098107222,4.999999999999904,204,2020
2020-06-11,0.012769654183769878,5.0000000000001785,203,2020
2020-06-12,0.012700561741759906,5.000000000000081,202,2020
2020-06-15,0.012720823076767617,5.00000000000004,199,2020
2020-06-16,0.012691979709304437,4.999999999999575,198,2020
2020-06-17,0.012733791039660672,5.000000000000129,197,2020
2020-06-18,0.012728547147980478,4.999999999999978,196,2020
2020-06-19,0.01270454072959453,4.999999999999941,195,2020
2020-06-22,0.012647282157158938,4.99999999999989,192,2020
2020-06-23,0.012568264839675523,4.999999999999917,191,2020
2020-06-24,0.012620812774384855,4.999999999999802,190,2020
2020-06-25,0.012605580329458308,4.99999999999983,189,2020
2020-06-26,0.012582192894916532,4.999999999999886,188,2020
2020-06-29,0.012483917000787279,4.999999999999756,185,2020
2020-06-30,0.01246103176575788,4.99999999999987,184,2020
2020-07-01,0.01245058819929865,4.999999999999931,183,2020
2020-07-02,0.012532975475443077,5.000000000000174,182,2020
2020-07-03,0.012548803072848884,5.0000000000000036,181,2020
2020-07-06,0.01254189919317859,5.00000000000002,178,2020
2020-07-07,0.01249315563655054,4.999999999999987,177,2020
2020-07-08,0.012501839781871558,4.999999999999991,176,2020
2020-07-09,0.012499411179294647,4.999999999999946,175,2020
2020-07-10,0.012560233967004363,4.999999999999819,174,2020
2020-07-13,0.012470272234051828,5.000000000000102,171,2020
2020-07-14,0.012484409034729225,4.999999999999908,170,2020
2020-07-15,0.012464875251865008,5.000000000000183,169,2020
2020-07-16,0.012565554613694581,5.000000000000053,168,2020
2020-07-17,0.012524643385772426,5.000000000000033,167,2020
2020-07-20,0.012563004177055411,4.999999999999871,164,2020
2020-07-21,0.012627129969805612,5.000000000000133,163,2020
2020-07-22,0.012618409063566505,4.999999999999862,162,2020
2020-07-23,0.012651620312369246,4.999999999999917,161,2020
2020-07-24,0.01267402092265121,4.999999999999977,160,2020
2020-07-27,0.012705865847061834,5.000000000000002,157,2020
2020-07-28,0.01276669150961825,5.00000000000004,156,2020
2020-07-29,0.012766825172136563,4.99999999999987,155,2020
2020-07-30,0.012765956069672521,5.000000000000095,154,2020
2020-07-31,0.012818058080543765,5.000000000000167,153,2020
2020-08-03,0.012852492717101592,4.999999999999977,150,2020
2020-08-04,0.012808768199679233,4.999999999999996,149,2020
2020-08-05,0.012762273215986632,5.000000000000016,148,2020
2020-08-06,0.012788053611747218,5.000000000000138,147,2020
2020-08-07,0.012761092498814347,5.000000000000122,146,2020
2020-08-10,0.012796006254251273,4.999999999999871,143,2020
2020-08-11,0.012813102927572853,4.99999999999995,142,2020
2020-08-12,0.012775418606717897,4.999999999999881,141,2020
2020-08-13,0.012729326725278612,4.999999999999879,140,2020
2020-08-14,0.01272901616001743,5.0000000000000115,139,2020
2020-08-17,0.012738165883134901,4.9999999999999645,136,2020
2020-08-18,0.012729592481472004,4.999999999999895,135,2020
2020-08-19,0.012784635878658551,4.9999999999999805,134,2020
2020-08-20,0.012755099347723496,4.999999999999984,133,2020
2020-08-21,0.012792890694791427,4.9999999999997735,132,2020
2020-08-24,0.012812409156790858,5.000000000000064,129,2020
2020-08-25,0.012784034180073829,4.999999999999885,128,2020
2020-08-26,0.012805817015095504,4.999999999999912,127,2020
2020-08-27,0.0127174283531151,4.99999999999999,126,2020
2020-08-28,0.012739411150735508,5.000000000000023,125,2020
2020-08-31,0.012695245765589818,4.999999999999907,122,2020
2020-09-01,0.012787022992038018,5.000000000000028,121,2020
2020-09-02,0.012813193097082457,5.000000000000153,120,2020
2020-09-03,0.012805716559093879,5.000000000000008,119,2020
2020-09-04,0.012752313117517348,5.000000000000094,118,2020
2020-09-07,0.012747342648546366,4.999999999999882,115,2020
2020-09-08,0.012800815244653251,5.000000000000225,114,2020
2020-09-09,0.0127858595469864,5.000000000000122,113,2020
2020-09-10,0.012731416024681733,5.000000000000139,112,2020
2020-09-11,0.01276267713822753,4.999999999999938,111,2020
2020-09-14,0.01282486715519503,4.999999999999948,108,2020
2020-09-15,0.012811161222231348,4.999999999999961,107,2020
2020-09-16,0.012800175377133573,5.000000000000142,106,2020
2020-09-17,0.01275661691554568,5.000000000000089,105,2020
2020-09-18,0.012664075895867953,5.000000000000159,104,2020
2020-09-21,0.012616844827511344,5.000000000000118,101,2020
2020-09-22,0.01266389504158487,5.00000000000005,100,2020
2020-09-23,0.012627255469657601,5.000000000000133,99,2020
2020-09-24,0.012661502226950882,5.000000000000184,98,2020
2020-09-25,0.012619915375796114,5.000000000000152,97,2020
2020-09-28,0.012628334703711462,5.000000000000171,94,2020
2020-09-29,0.012593706567080622,5.000000000000196,93,2020
2020-09-30,0.012643339232856245,5.000000000000152,92,2020
2020-10-01,0.012663922302081321,5.0000000000001,91,2020
2020-10-02,0.012609254401411057,5.00000000000015,90,2020
2020-10-05,0.012650590375138599,5.00000000000008,87,2020
2020-10-06,0.012705291731513085,5.0000000000001465,86,2020
2020-10-07,0.012692444943547595,5.00000000000004,85,2020
2020-10-08,0.012730959833658857,4.99999999999999,84,2020
2020-10-09,0.012727073438405198,5.000000000000136,83,2020
2020-10-12,0.012790575119547946,5.000000000000097,80,2020
2020-10-13,0.012850766870568046,5.000000000000037,79,2020
2020-10-14,0.012885964399535854,5.000000000000001,78,2020
2020-10-15,0.012922799252103833,5.000000000000027,77,2020
2020-10-16,0.01291682928276005,5.0000000000001235,76,2020
2020-10-19,0.012984393819376093,5.0000000000001155,73,2020
2020-10-20,0.012934696135662992,5.0000000000000755,72,2020
2020-10-21,0.012912162685514435,5.000000000000068,71,2020
2020-10-22,0.01290824726124224,5.000000000000068,70,2020
2020-10-23,0.012905856073723222,4.999999999999993,69,2020
2020-10-26,0.012883310332161687,5.000000000000018,66,2020
2020-10-27,0.012887142891096852,5.000000000000139,65,2020
2020-10-28,0.012904272723986218,4.9999999999999485,64,2020
2020-10-29,0.012936151645155899,4.999999999999994,63,2020
2020-10-30,0.012935644311353226,4.999999999999956,62,2020
2020-11-02,0.012862118636019229,5.000000000000036,59,2020
2020-11-03,0.01285890465187262,5.000000000000059,58,2020
2020-11-04,0.012818928346067722,5.000000000000036,57,2020
2020-11-05,0.012904659274465867,5.0000000000001235,56,2020
2020-11-06,0.012958806787733042,4.999999999999984,55,2020
2020-11-09,0.012815326152227515,5.000000000000222,52,2020
2020-11-10,0.01280622748278529,5.000000000000142,51,2020
2020-11-11,0.012907578720596481,5.000000000000049,50,2020
2020-11-12,0.012883294366692825,5.000000000000028,49,2020
2020-11-13,0.012903537197969111,5.000000000000091,48,2020
2020-11-16,0.012819751471929503,5.0000000000000755,45,2020
2020-11-17,0.012901168500828106,5.0000000000002,44,2020
2020-11-18,0.013002612652572526,5.0000000000001315,43,2020
2020-11-19,0.013064937464629712,5.000000000000067,42,2020
2020-11-20,0.013028357424538152,5.000000000000063,41,2020
2020-11-23,0.012996322340069505,5.000000000000121,38,2020
2020-11-24,0.01306453912012471,5.0000000000002,37,2020
2020-11-25,0.013081723021034629,5.000000000000064,36,2020
2020-11-26,0.013032879575757791,5.0,35,2020
2020-11-27,0.01307050166642274,4.999999999999974,34,2020
2020-11-30,0.013084299283932949,5.0000000000001625,31,2020
2020-12-01,0.013163072709843286,5.0000000000001,30,2020
2020-12-02,0.013144116682137934,5.000000000000126,29,2020
2020-12-03,0.013163512997377417,4.999999999999981,28,2020
2020-12-04,0.013133131345349065,5.000000000000205,27,2020
2020-12-07,0.01308361281503115,4.999999999999984,24,2020
2020-12-08,0.01313426874905509,5.000000000000094,23,2020
2020-12-09,0.013137708433687058,5.000000000000157,22,2020
2020-12-10,0.013163898742284888,4.999999999999996,21,2020
2020-12-11,0.013196060667003308,5.000000000000085,20,2020
2020-12-14,0.013221460142074926,5.000000000000095,17,2020
2020-12-15,0.013261591752269642,5.000000000000241,16,2020
2020-12-16,0.013287931610199777,5.000000000000246,15,2020
2020-12-17,0.013306006548128971,5.000000000000116,14,2020
2020-12-18,,,13,2020
2020-12-21,,,10,2020
2020-12-22,,,9,2020
2020-12-23,,,8,2020
2020-12-24,,,7,2020
2020-12-25,,,6,2020
2020-12-28,,,3,2020
2020-12-29,,,2,2020
2020-12-30,,,1,2020
2020-12-31,,,0,2020
2021-01-01,,,364,2021
2021-01-04,,,361,2021
2021-01-05,,,360,2021
2021-01-06,,,359,2021
2021-01-07,,,358,2021
2021-01-08,,,357,2021
2021-01-11,,,354,2021
2021-01-12,,,353,2021
2021-01-13,,,352,2021
2021-01-14,,,351,2021
2021-01-15,,,350,2021
2021-01-18,,,347,2021
2021-01-19,,,346,2021
2021-01-20,,,345,2021
2021-01-21,,,344,2021
2021-01-22,,,343,2021
2021-01-25,,,340,2021
2021-01-26,,,339,2021
2021-01-27,,,338,2021
2021-01-28,,,337,2021
2021-01-29,,,336,2021
2021-02-01,,,333,2021
2021-02-02,,,332,2021
2021-02-03,,,331,2021
2021-02-04,,,330,2021
2021-02-05,,,329,2021
2021-02-08,,,326,2021
2021-02-09,,,325,2021
2021-02-10,,,324,2021
2021-02-11,,,323,2021
2021-02-12,,,322,2021
2021-02-15,,,319,2021
2021-02-16,,,318,2021
2021-02-17,,,317,2021
2021-02-18,,,316,2021
2021-02-19,,,315,2021
2021-02-22,,,312,2021
2021-02-23,,,311,2021
2021-02-24,,,310,2021
2021-02-25,,,309,2021
2021-02-26,,,308,2021
2021-03-01,,,305,2021
2021-03-02,,,304,2021
2021-03-03,,,303,2021
2021-03-04,,,302,2021
2021-03-05,,,301,2021
2021-03-08,,,298,2021
2021-03-09,,,297,2021
2021-03-10,,,296,2021
2021-03-11,,,295,2021
2021-03-12,,,294,2021
2021-03-15,,,291,2021
2021-03-16,,,290,2021
2021-03-17,,,289,2021
2021-03-18,,,288,2021
2021-03-19,,,287,2021
2021-03-22,,,284,2021
2021-03-23,,,283,2021
2021-03-24,,,282,2021
2021-03-25,,,281,2021
2021-03-26,,,280,2021
2021-03-29,,,277,2021
2021-03-30,,,276,2021
2021-03-31,,,275,2021
2021-04-01,,,274,2021
2021-04-02,,,273,2021
2021-04-05,0.013313527973150397,4.999999999999878,270,2021
2021-04-06,0.013272703116479326,5.00000000000005,269,2021
2021-04-07,0.013249226331349478,4.999999999999936,268,2021
2021-04-08,0.013162404072254903,4.999999999999758,267,2021
2021-04-09,0.013213419801144653,4.999999999999866,266,2021
2021-04-12,0.013129068745351816,4.99999999999975,263,2021
2021-04-13,0.013164436892522577,5.0000000000001315,262,2021
2021-04-14,0.013214367417079303,5.000000000000094,261,2021
2021-04-15,0.013283718949601162,5.0000000000001075,260,2021
2021-04-16,0.013312095315809926,4.999999999999849,259,2021
2021-04-19,0.013324577843617383,4.999999999999974,256,2021
2021-04-20,0.013383966215414277,5.000000000000164,255,2021
2021-04-21,0.013344700754646891,4.999999999999967,254,2021
2021-04-22,0.013271752377246974,4.999999999999758,253,2021
2021-04-23,0.01319428800597728,4.999999999999795,252,2021
2021-04-26,0.013188451229251299,4.999999999999831,249,2021
2021-04-27,0.01319760206874093,4.999999999999895,248,2021
2021-04-28,0.013214786095942883,5.000000000000044,247,2021
2021-04-29,0.013265297636395886,4.9999999999997975,246,2021
2021-04-30,0.013296043976782395,4.99999999999997,245,2021
2021-05-03,0.013410454348561052,4.999999999999867,242,2021
2021-05-04,0.013529301906490066,4.999999999999806,241,2021
2021-05-05,0.01359753342678012,5.000000000000145,240,2021
2021-05-06,0.013581574992050819,4.999999999999869,239,2021
2021-05-07,0.013583643513715401,5.000000000000194,238,2021
2021-05-10,0.01359359637618531,4.999999999999815,235,2021
2021-05-11,0.01354202738108612,4.999999999999767,234,2021
2021-05-12,0.013510795457400823,5.000000000000078,233,2021
2021-05-13,0.013481373837439367,4.999999999999847,232,2021
2021-05-14,0.013509678075839412,5.0000000000002975,231,2021
2021-05-17,0.013512748720427837,4.999999999999826,228,2021
2021-05-18,0.013574608188371305,4.9999999999999645,227,2021
2021-05-19,0.013571882702626983,4.999999999999944,226,2021
2021-05-20,0.013622040531267657,4.99999999999986,225,2021
2021-05-21,0.013624072749450367,4.999999999999841,224,2021
2021-05-24,0.013714045846313205,4.999999999999866,221,2021
2021-05-25,0.013826630681576137,4.99999999999967,220,2021
2021-05-26,0.013810522675202582,4.999999999999987,219,2021
2021-05-27,0.013855550648547273,4.999999999999795,218,2021
2021-05-28,0.013831383988207019,5.000000000000156,217,2021
2021-05-31,0.013838566423974154,4.999999999999926,214,2021
2021-06-01,0.013854683254111442,5.0000000000000755,213,2021
2021-06-02,0.013858241669207759,4.999999999999657,212,2021
2021-06-03,0.01386967956074331,4.999999999999853,211,2021
2021-06-04,0.013897796054508789,5.0000000000001075,210,2021
2021-06-07,0.013884872399897233,4.999999999999797,207,2021
2021-06-08,0.01399488401735107,4.999999999999847,206,2021
2021-06-09,0.0140438147971379,4.999999999999969,205,2021
2021-06-10,0.014060661324422649,4.99999999999983,204,2021
2021-06-11,0.01415200699426538,5.000000000000197,203,2021
2021-06-14,0.014161117643760927,4.999999999999948,200,2021
2021-06-15,0.014245705988852561,5.000000000000194,199,2021
2021-06-16,0.014306743346261624,4.999999999999732,198,2021
2021-06-17,0.014228097903055658,4.999999999999719,197,2021
2021-06-18,0.014131930419743812,4.999999999999934,196,2021
2021-06-21,0.014183195505718825,4.999999999999867,193,2021
2021-06-22,0.014123418654085592,4.9999999999998,192,2021
2021-06-23,0.014089375686698066,5.00000000000007,191,2021
2021-06-24,0.014156843715809045,4.999999999999965,190,2021
2021-06-25,0.014096365439460736,4.999999999999799,189,2021
2021-06-28,0.014031829353272221,4.9999999999997975,186,2021
2021-06-29,0.013953251134649442,4.999999999999928,185,2021
2021-06-30,0.013969919478530553,4.999999999999946,184,2021
2021-07-01,0.013944792794108509,4.9999999999998614,183,2021
2021-07-02,0.013939183454154389,4.999999999999981,182,2021
2021-07-05,0.013903939946957974,4.999999999999943,179,2021
2021-07-06,0.013798000742943373,4.999999999999967,178,2021
2021-07-07,0.013842792999459988,4.99999999999996,177,2021
2021-07-08,0.013806245540741679,5.000000000000025,176,2021
2021-07-09,0.013815479484045736,4.99999999999999,175,2021
2021-07-12,0.013758008565995457,4.999999999999971,172,2021
2021-07-13,0.013822137460960397,4.999999999999898,171,2021
2021-07-14,0.01385188616440099,4.999999999999893,170,2021
2021-07-15,0.013819708345653554,5.000000000000059,169,2021
2021-07-16,0.013793743360294378,5.000000000000022,168,2021
2021-07-19,0.013781336059654335,5.000000000000117,165,2021
2021-07-20,0.01381639606869061,5.000000000000042,164,2021
2021-07-21,0.01383042364282986,4.99999999999983,163,2021
2021-07-22,0.013819533515085951,4.99999999999989,162,2021
2021-07-23,0.013770189539165846,5.00000000000001,161,2021
2021-07-26,0.013836489123647547,4.999999999999756,158,2021
2021-07-27,0.013722688132281629,4.999999999999936,157,2021
2021-07-28,0.013730024149980419,5.000000000000063,156,2021
2021-07-29,0.013624029364427383,4.9999999999999165,155,2021
2021-07-30,0.01363755962609546,5.00000000000003,154,2021
2021-08-02,0.013640044842627604,4.999999999999955,151,2021
2021-08-03,0.01357868039820288,4.99999999999985,150,2021
2021-08-04,0.013551584807388056,4.999999999999984,149,2021
2021-08-05,0.013572284793507035,5.000000000000105,148,2021
2021-08-06,0.01358807829040782,4.999999999999967,147,2021
2021-08-09,0.01358238604441759,5.000000000000056,144,2021
2021-08-10,0.013484349840615105,5.000000000000063,143,2021
2021-08-11,0.013543378255625309,4.999999999999956,142,2021
2021-08-12,0.013519162885833316,5.000000000000016,141,2021
2021-08-13,0.01347596055881541,4.999999999999928,140,2021
2021-08-16,0.013558363712230456,5.000000000000109,137,2021
2021-08-17,0.013476542580699889,5.000000000000058,136,2021
2021-08-18,0.013493207638150394,4.999999999999783,135,2021
2021-08-19,0.013485761698257239,4.999999999999898,134,2021
2021-08-20,0.0134065368133059,4.999999999999936,133,2021
2021-08-23,0.013391976613274785,5.000000000000064,130,2021
2021-08-24,0.013395310447601701,5.000000000000085,129,2021
2021-08-25,0.013462391608747008,5.0000000000000036,128,2021
2021-08-26,0.013427795503263248,4.999999999999914,127,2021
2021-08-27,0.013499347025495576,5.000000000000043,126,2021
2021-08-30,0.013435570306667362,5.00000000000003,123,2021
2021-08-31,0.01345778776666752,5.000000000000184,122,2021
2021-09-01,0.013488781964560484,4.999999999999996,121,2021
2021-09-02,0.013555368425913848,4.99999999999991,120,2021
2021-09-03,0.013542059273964064,5.000000000000044,119,2021
2021-09-06,0.013512423793609276,5.000000000000068,116,2021
2021-09-07,0.013478045749412262,4.99999999999992,115,2021
2021-09-08,0.013503514759757375,5.000000000000217,114,2021
2021-09-09,0.01354815598282695,5.000000000000042,113,2021
2021-09-10,0.013491841914744123,4.999999999999951,112,2021
2021-09-13,0.013434970899978166,4.999999999999909,109,2021
2021-09-14,0.013508746445220965,5.000000000000066,108,2021
2021-09-15,0.01350955003984974,5.000000000000183,107,2021
2021-09-16,0.013458135606336274,4.999999999999982,106,2021
2021-09-17,0.013463445607196345,4.999999999999898,105,2021
2021-09-20,0.013430365113564473,4.999999999999921,102,2021
2021-09-21,0.013397060373269293,5.000000000000037,101,2021
2021-09-22,0.013390218200707607,5.000000000000049,100,2021
2021-09-23,0.013384124017246393,5.000000000000047,99,2021
2021-09-24,0.013382519952895104,4.99999999999999,98,2021
2021-09-27,0.01334584690508296,5.00000000000005,95,2021
2021-09-28,0.01330005607439604,5.000000000000085,94,2021
2021-09-29,0.0132434565755326,5.0000000000001545,93,2021
2021-09-30,0.013072809359400368,5.000000000000158,92,2021
2021-10-01,0.013108122018416794,5.000000000000079,91,2021
2021-10-04,0.013157059999033752,5.000000000000184,88,2021
2021-10-05,0.013160670944583753,5.0000000000000915,87,2021
2021-10-06,0.013119410369233716,5.000000000000063,86,2021
2021-10-07,0.013113849807117606,5.000000000000107,85,2021
2021-10-08,0.01304355991911084,5.000000000000069,84,2021
2021-10-11,0.013027315794858312,5.000000000000201,81,2021
2021-10-12,0.012999233462151726,5.000000000000066,80,2021
2021-10-13,0.013018522733623078,5.000000000000032,79,2021
2021-10-14,0.013020425118721524,5.0,78,2021
2021-10-15,0.013080363571016437,5.000000000000006,77,2021
2021-10-18,0.013074056342091047,4.999999999999936,74,2021
2021-10-19,0.013012027752565216,4.999999999999996,73,2021
2021-10-20,0.013021373133656892,5.000000000000017,72,2021
2021-10-21,0.013071412638529352,4.999999999999961,71,2021
2021-10-22,0.013113868614007106,5.000000000000019,70,2021
2021-10-25,0.01311940938121703,5.000000000000119,67,2021
2021-10-26,0.01313705330565328,5.000000000000063,66,2021
2021-10-27,0.0131343832405951,4.999999999999974,65,2021
2021-10-28,0.013042409080361911,5.000000000000006,64,2021
2021-10-29,0.013034398241724686,4.999999999999998,63,2021
2021-11-01,0.013099309372125705,4.999999999999987,60,2021
2021-11-02,0.013006050054699276,5.000000000000029,59,2021
2021-11-03,0.012955943277418365,5.00000000000011,58,2021
2021-11-04,0.013038848454850831,5.000000000000006,57,2021
2021-11-05,0.013072529125547192,4.999999999999993,56,2021
2021-11-08,0.013046894281480226,5.000000000000061,53,2021
2021-11-09,0.013093175961763667,5.000000000000164,52,2021
2021-11-10,0.013037331721474931,5.000000000000001,51,2021
2021-11-11,0.013052260487449013,5.000000000000204,50,2021
2021-11-12,0.013102844093628318,5.000000000000243,49,2021
2021-11-15,0.0131271510831984,5.000000000000212,46,2021
2021-11-16,0.013115489882386772,5.000000000000012,45,2021
2021-11-17,0.013051538247260767,5.000000000000108,44,2021
2021-11-18,0.013092539660744335,5.000000000000188,43,2021
2021-11-19,0.013078754626265355,4.999999999999989,42,2021
2021-11-22,0.01298535019386283,4.999999999999993,39,2021
2021-11-23,0.012944533000806016,5.000000000000051,38,2021
2021-11-24,0.012920239360012633,5.0000000000001315,37,2021
2021-11-25,0.012848880312995392,5.0000000000000115,36,2021
2021-11-26,0.012801927666040143,5.000000000000069,35,2021
2021-11-29,0.012820107066574302,5.000000000000042,32,2021
2021-11-30,0.012797550942046352,5.000000000000191,31,2021
2021-12-01,0.01271366142113717,5.000000000000081,30,2021
2021-12-02,0.012636909279460014,5.0000000000001,29,2021
2021-12-03,0.012683963323626197,5.000000000000121,28,2021
2021-12-06,0.012646674539907267,5.000000000000006,25,2021
2021-12-07,0.01262832157057654,4.999999999999982,24,2021
2021-12-08,0.012700689040955313,5.0000000000000515,23,2021
2021-12-09,0.012786078394853408,5.000000000000063,22,2021
2021-12-10,0.012864206109405743,5.000000000000191,21,2021
2021-12-13,0.012914313858901188,5.0000000000001235,18,2021
2021-12-14,0.01291607100545378,5.000000000000145,17,2021
2021-12-15,0.012855431238202927,5.000000000000063,16,2021
2021-12-16,0.012919113382324168,5.0000000000000515,15,2021
2021-12-17,0.012948875817826134,5.000000000000118,14,2021
2021-12-20,,,11,2021
2021-12-21,,,10,2021
2021-12-22,,,9,2021
2021-12-23,,,8,2021
2021-12-24,,,7,2021
2021-12-27,,,4,2021
2021-12-28,,,3,2021
2021-12-29,,,2,2021
2021-12-30,,,1,2021
2021-12-31,,,0,2021
2022-01-03,,,362,2022
2022-01-04,,,361,2022
2022-01-05,,,360,2022
2022-01-06,,,359,2022
2022-01-07,,,358,2022
2022-01-10,,,355,2022
2022-01-11,,,354,2022
2022-01-12,,,353,2022
2022-01-13,,,352,2022
2022-01-14,,,351,2022
2022-01-17,,,348,2022
2022-01-18,,,347,2022
2022-01-19,,,346,2022
2022-01-20,,,345,2022
2022-01-21,,,344,2022
2022-01-24,,,341,2022
2022-01-25,,,340,2022
2022-01-26,,,339,2022
2022-01-27,,,338,2022
2022-01-28,,,337,2022
2022-01-31,,,334,2022
2022-02-01,,,333,2022
2022-02-02,,,332,2022
2022-02-03,,,331,2022
2022-02-04,,,330,2022
2022-02-07,,,327,2022
2022-02-08,,,326,2022
2022-02-09,,,325,2022
2022-02-10,,,324,2022
2022-02-11,,,323,2022
2022-02-14,,,320,2022
2022-02-15,,,319,2022
2022-02-16,,,318,2022
2022-02-17,,,317,2022
2022-02-18,,,316,2022
2022-02-21,,,313,2022
2022-02-22,,,312,2022
2022-02-23,,,311,2022
2022-02-24,,,310,2022
2022-02-25,,,309,2022
2022-02-28,,,306,2022
2022-03-01,,,305,2022
2022-03-02,,,304,2022
2022-03-03,,,303,2022
2022-03-04,,,302,2022
2022-03-07,,,299,2022
2022-03-08,,,298,2022
2022-03-09,,,297,2022
2022-03-10,,,296,2022
2022-03-11,,,295,2022
2022-03-14,,,292,2022
2022-03-15,,,291,2022
2022-03-16,,,290,2022
2022-03-17,,,289,2022
2022-03-18,,,288,2022
2022-03-21,,,285,2022
2022-03-22,,,284,2022
2022-03-23,,,283,2022
2022-03-24,,,282,2022
2022-03-25,,,281,2022
2022-03-28,,,278,2022
2022-03-29,,,277,2022
2022-03-30,,,276,2022
2022-03-31,,,275,2022
2022-04-01,,,274,2022
2022-04-04,0.012817416325441693,4.999999999999933,271,2022
2022-04-05,0.012909341701260225,5.000000000000111,270,2022
2022-04-06,0.01292505167745594,4.999999999999974,269,2022
2022-04-07,0.012969848902636496,4.99999999999996,268,2022
2022-04-08,0.012936644184207606,5.0000000000001235,267,2022
2022-04-11,0.01298803539537323,4.999999999999849,264,2022
2022-04-12,0.012993547928252832,5.000000000000022,263,2022
2022-04-13,0.012989403023661916,4.999999999999883,262,2022
2022-04-14,0.013047963423976254,4.999999999999889,261,2022
2022-04-15,0.013036596905992749,4.999999999999888,260,2022
2022-04-18,0.013075389061513606,5.000000000000009,257,2022
2022-04-19,0.013086658616218412,4.9999999999999885,256,2022
2022-04-20,0.013086320132099125,5.000000000000212,255,2022
2022-04-21,0.013102381137997032,4.999999999999884,254,2022
2022-04-22,0.013042749702108,4.999999999999671,253,2022
2022-04-25,0.013025830238200324,5.000000000000152,250,2022
2022-04-26,0.013112523136372437,4.999999999999749,249,2022
2022-04-27,0.013082494616368304,5.000000000000095,248,2022
2022-04-28,0.013070787633651292,5.0000000000000115,247,2022
2022-04-29,0.013109453214493973,5.000000000000041,246,2022
2022-05-02,0.013100748898763058,4.999999999999562,243,2022
2022-05-03,0.01314448027118668,5.0000000000002,242,2022
2022-05-04,0.01305061893602274,4.9999999999999165,241,2022
2022-05-05,0.013064299618210758,4.9999999999999964,240,2022
2022-05-06,0.013087010850617798,4.999999999999965,239,2022
2022-05-09,0.013057565659446466,4.999999999999703,236,2022
2022-05-10,0.013071550063877562,5.0000000000000995,235,2022
2022-05-11,0.013081590242755396,4.9999999999999245,234,2022
2022-05-12,0.013102302547872289,5.000000000000085,233,2022
2022-05-13,0.013048011347540179,4.999999999999658,232,2022
2022-05-16,0.013093167869871846,4.9999999999999645,229,2022
2022-05-17,0.013111752951651788,4.999999999999886,228,2022
2022-05-18,0.013052098409919605,5.000000000000099,227,2022
2022-05-19,0.012948862244222216,5.000000000000122,226,2022
2022-05-20,0.012984802481415425,4.999999999999879,225,2022
2022-05-23,0.012969233285410138,4.999999999999933,222,2022
2022-05-24,0.013002398753875467,5.000000000000195,221,2022
2022-05-25,0.013121757584515108,5.000000000000016,220,2022
2022-05-26,0.013167043984534929,4.9999999999999645,219,2022
2022-05-27,0.01319617490781144,4.999999999999764,218,2022
2022-05-30,0.013202561556428438,4.99999999999984,215,2022
2022-05-31,0.013165921401064054,4.999999999999972,214,2022
2022-06-01,0.013204288543685303,5.000000000000025,213,2022
2022-06-02,0.01314457149768413,5.0,212,2022
2022-06-03,0.013029166617044584,5.000000000000057,211,2022
2022-06-06,0.013029400245953176,4.999999999999962,208,2022
2022-06-07,0.01304532377112233,5.000000000000053,207,2022
2022-06-08,0.013060346882537783,4.999999999999941,206,2022
2022-06-09,0.013047611960778345,4.999999999999933,205,2022
2022-06-10,0.013076096637796448,4.999999999999991,204,2022
2022-06-13,0.013130799408054051,4.9999999999998135,201,2022
2022-06-14,0.013160622069482271,4.999999999999774,200,2022
2022-06-15,0.013122603569776391,4.999999999999941,199,2022
2022-06-16,0.013069321986341711,5.000000000000013,198,2022
2022-06-17,0.013037858098408645,4.999999999999758,197,2022
2022-06-20,0.013072677783335014,4.99999999999997,194,2022
2022-06-21,0.013020476786652297,4.999999999999961,193,2022
2022-06-22,0.013004933410149733,4.999999999999992,192,2022
2022-06-23,0.012918878428243696,4.999999999999977,191,2022
2022-06-24,0.012980612557924646,4.999999999999866,190,2022
2022-06-27,0.01293343140781754,5.0000000000001075,187,2022
2022-06-28,0.013008279157808287,4.999999999999931,186,2022
2022-06-29,0.01301987718892237,4.999999999999886,185,2022
2022-06-30,0.013163663484932628,4.999999999999913,184,2022
2022-07-01,0.01318450057696962,4.999999999999886,183,2022
2022-07-04,0.0130902135010913,5.000000000000009,180,2022
2022-07-05,0.013057155622078657,5.00000000000001,179,2022
2022-07-06,0.013042674219313386,4.999999999999926,178,2022
2022-07-07,0.012985572969134282,4.999999999999933,177,2022
2022-07-08,0.013109178206512615,4.999999999999957,176,2022
2022-07-11,0.013092889649804644,5.000000000000022,173,2022
2022-07-12,0.0129470812048851,5.000000000000001,172,2022
2022-07-13,0.012995021267621048,5.000000000000047,171,2022
2022-07-14,0.013042065321116156,4.999999999999847,170,2022
2022-07-15,0.013042974217834274,5.000000000000056,169,2022
2022-07-18,0.013108365876087848,5.000000000000083,166,2022
2022-07-19,0.0130933330317119,4.999999999999955,165,2022
2022-07-20,0.01301929378209009,4.999999999999994,164,2022
2022-07-21,0.012998177704898776,5.0000000000000595,163,2022
2022-07-22,0.013073872464666467,5.0000000000000115,162,2022
2022-07-25,0.013135591091660705,4.999999999999924,159,2022
2022-07-26,0.01313656041498915,5.000000000000019,158,2022
2022-07-27,0.013086429793826257,5.00000000000006,157,2022
2022-07-28,0.013059060847835919,4.999999999999955,156,2022
2022-07-29,0.01312846066730706,5.000000000000013,155,2022
2022-08-01,0.01305642361785698,4.999999999999838,152,2022
2022-08-02,0.013132196146808299,4.999999999999974,151,2022
2022-08-03,0.013120769010342972,5.0000000000000755,150,2022
2022-08-04,0.013080230669980101,4.999999999999852,149,2022
2022-08-05,0.013110228930878277,5.000000000000001,148,2022
2022-08-08,0.013071751413537655,4.999999999999882,145,2022
2022-08-09,0.013015501417969453,4.999999999999956,144,2022
2022-08-10,0.012981648287141254,5.000000000000009,143,2022
2022-08-11,0.012980915173583454,4.999999999999888,142,2022
2022-08-12,0.012973194485724947,4.999999999999862,141,2022
2022-08-15,0.013051693118885571,4.9999999999999165,138,2022
2022-08-16,0.012998061760717978,4.999999999999927,137,2022
2022-08-17,0.013095858507222474,5.0000000000000675,136,2022
2022-08-18,0.013117797777249394,5.0000000000000515,135,2022
2022-08-19,0.013163594547664489,4.999999999999958,134,2022
2022-08-22,0.01303884432418139,4.999999999999943,131,2022
2022-08-23,0.013026992361605323,5.000000000000041,130,2022
2022-08-24,0.013076197450332307,5.000000000000009,129,2022
2022-08-25,0.013089136813037852,5.000000000000071,128,2022
2022-08-26,0.013150293590798983,4.999999999999897,127,2022
2022-08-29,0.013242279078930299,4.9999999999999645,124,2022
2022-08-30,0.013314026972458613,5.000000000000089,123,2022
2022-08-31,0.01324140512573988,5.000000000000087,122,2022
2022-09-01,0.013339732868471477,5.000000000000085,121,2022
2022-09-02,0.013290569854181231,4.99999999999991,120,2022
2022-09-05,0.013249855756637894,5.0000000000001235,117,2022
2022-09-06,0.013220201134528792,5.0000000000001235,116,2022
2022-09-07,0.013171790487549634,5.00000000000007,115,2022
2022-09-08,0.013146487444470516,5.00000000000002,114,2022
2022-09-09,0.013180955302168559,4.999999999999984,113,2022
2022-09-12,0.013289274078169067,5.000000000000112,110,2022
2022-09-13,0.01335273086182031,5.000000000000056,109,2022
2022-09-14,0.013276009518611825,5.000000000000035,108,2022
2022-09-15,0.01329921900472128,4.9999999999999725,107,2022
2022-09-16,0.013277595180731685,5.000000000000059,106,2022
2022-09-19,0.013278387515296104,5.000000000000063,103,2022
2022-09-20,0.013333312933436512,5.000000000000023,102,2022
2022-09-21,0.01335498286000547,5.000000000000095,101,2022
2022-09-22,0.013361523350924831,5.000000000000053,100,2022
2022-09-23,0.013322014499656452,4.999999999999993,99,2022
2022-09-26,0.013293469280465807,5.000000000000157,96,2022
2022-09-27,0.013283178523011582,5.000000000000028,95,2022
2022-09-28,0.01325809983359323,5.000000000000027,94,2022
2022-09-29,0.013236363672720117,4.999999999999956,93,2022
2022-09-30,0.013282258077742637,5.000000000000012,92,2022
2022-10-03,0.01327287276871429,4.999999999999958,89,2022
2022-10-04,0.013279333018497355,4.99999999999987,88,2022
2022-10-05,0.013227421648554172,4.999999999999978,87,2022
2022-10-06,0.01318968244428713,5.000000000000111,86,2022
2022-10-07,0.013202804932989656,5.000000000000116,85,2022
2022-10-10,0.01325045048655257,5.000000000000112,82,2022
2022-10-11,0.013367063054569394,5.000000000000071,81,2022
2022-10-12,0.013377129753087249,5.0000000000000036,80,2022
2022-10-13,0.013479615984643855,5.000000000000015,79,2022
2022-10-14,0.013464062808131057,5.000000000000129,78,2022
2022-10-17,0.013441658626114726,5.0000000000001155,75,2022
2022-10-18,0.01345703500479449,5.000000000000084,74,2022
2022-10-19,0.013379500244086972,5.000000000000017,73,2022
2022-10-20,0.013342891365652991,5.00000000000003,72,2022
2022-10-21,0.013251728289752004,5.000000000000184,71,2022
2022-10-24,0.013241322981500893,5.000000000000111,68,2022
2022-10-25,0.013313414963567251,5.000000000000209,67,2022
2022-10-26,0.013310271147666412,5.000000000000136,66,2022
2022-10-27,0.01339880814592342,5.0000000000000995,65,2022
2022-10-28,0.013375995092098397,5.000000000000133,64,2022
2022-10-31,0.01327477324365858,5.000000000000162,61,2022
2022-11-01,0.013124391500819144,5.000000000000206,60,2022
2022-11-02,0.013130656905126133,5.00000000000008,59,2022
2022-11-03,0.013164346538341294,5.000000000000088,58,2022
2022-11-04,0.013160508163335163,4.999999999999902,57,2022
2022-11-07,0.01315640710026665,5.0000000000002025,54,2022
2022-11-08,0.013184106329426612,5.000000000000301,53,2022
2022-11-09,0.013224276450213448,5.000000000000028,52,2022
2022-11-10,0.01315769935932554,4.999999999999993,51,2022
2022-11-11,0.0131037524880264,5.000000000000142,50,2022
2022-11-14,0.013123937083247926,5.000000000000159,47,2022
2022-11-15,0.013202931134395371,5.00000000000015,46,2022
2022-11-16,0.013161240453256605,5.0,45,2022
2022-11-17,0.013104692307790428,5.0000000000000595,44,2022
2022-11-18,0.013175144483717708,5.000000000000162,43,2022
2022-11-21,0.01315366340445806,5.000000000000142,40,2022
2022-11-22,0.01323362268501108,5.000000000000083,39,2022
2022-11-23,0.013234886298046753,5.000000000000025,38,2022
2022-11-24,0.01318663116034981,5.00000000000008,37,2022
2022-11-25,0.013267121806037232,5.000000000000234,36,2022
2022-11-28,0.013312103113082249,5.0000000000001705,33,2022
2022-11-29,0.013323171493955697,5.000000000000136,32,2022
2022-11-30,0.013287864211370048,5.000000000000114,31,2022
2022-12-01,0.013240435593984494,4.9999999999999165,30,2022
2022-12-02,0.013199801844577547,5.000000000000059,29,2022
2022-12-05,0.013226554632243986,5.000000000000184,26,2022
2022-12-06,0.013278053965490758,5.000000000000174,25,2022
2022-12-07,0.01321157156204818,5.000000000000263,24,2022
2022-12-08,0.013195997342483112,5.0000000000001545,23,2022
2022-12-09,0.013102050466462047,5.000000000000263,22,2022
2022-12-12,0.0130327441482504,5.000000000000224,19,2022
2022-12-13,0.012944480375751776,5.000000000000193,18,2022
2022-12-14,0.012942382345777818,5.000000000000091,17,2022
2022-12-15,0.012881611651327758,5.000000000000125,16,2022
2022-12-16,0.012874905892643215,5.000000000000051,15,2022
2022-12-19,,,12,2022
2022-12-20,,,11,2022
2022-12-21,,,10,2022
2022-12-22,,,9,2022
2022-12-23,,,8,2022
2022-12-26,,,5,2022
2022-12-27,,,4,2022
2022-12-28,,,3,2022
2022-12-29,,,2,2022
2022-12-30,,,1,2022
2023-01-02,,,363,2023
2023-01-03,,,362,2023
2023-01-04,,,361,2023
2023-01-05,,,360,2023
2023-01-06,,,359,2023
2023-01-09,,,356,2023
2023-01-10,,,355,2023
2023-01-11,,,354,2023
2023-01-12,,,353,2023
2023-01-13,,,352,2023
2023-01-16,,,349,2023
2023-01-17,,,348,2023
2023-01-18,,,347,2023
2023-01-19,,,346,2023
2023-01-20,,,345,2023
2023-01-23,,,342,2023
2023-01-24,,,341,2023
2023-01-25,,,340,2023
2023-01-26,,,339,2023
2023-01-27,,,338,2023
2023-01-30,,,335,2023
2023-01-31,,,334,2023
2023-02-01,,,333,2023
2023-02-02,,,332,2023
2023-02-03,,,331,2023
2023-02-06,,,328,2023
2023-02-07,,,327,2023
2023-02-08,,,326,2023
2023-02-09,,,325,2023
2023-02-10,,,324,2023
2023-02-13,,,321,2023
2023-02-14,,,320,2023
2023-02-15,,,319,2023
2023-02-16,,,318,2023
2023-02-17,,,317,2023
2023-02-20,,,314,2023
2023-02-21,,,313,2023
2023-02-22,,,312,2023
2023-02-23,,,311,2023
2023-02-24,,,310,2023
2023-02-27,,,307,2023
2023-02-28,,,306,2023
2023-03-01,,,305,2023
2023-03-02,,,304,2023
2023-03-03,,,303,2023
2023-03-06,,,300,2023
2023-03-07,,,299,2023
2023-03-08,,,298,2023
2023-03-09,,,297,2023
2023-03-10,,,296,2023
2023-03-13,,,293,2023
2023-03-14,,,292,2023
2023-03-15,,,291,2023
2023-03-16,,,290,2023
2023-03-17,,,289,2023
2023-03-20,,,286,2023
2023-03-21,,,285,2023
2023-03-22,,,284,2023
2023-03-23,,,283,2023
2023-03-24,,,282,2023
2023-03-27,,,279,2023
2023-03-28,,,278,2023
2023-03-29,,,277,2023
2023-03-30,,,276,2023
2023-03-31,,,275,2023
2023-04-03,0.012708549439510325,5.000000000000008,272,2023
2023-04-04,0.012662191744961675,4.999999999999847,271,2023
2023-04-05,0.012703910454300587,4.999999999999972,270,2023
2023-04-06,0.012723340805241021,4.999999999999873,269,2023
2023-04-07,0.012783795772653542,5.000000000000095,268,2023
2023-04-10,0.012728387774182741,4.999999999999902,265,2023
2023-04-11,0.01274267394728246,4.999999999999883,264,2023
2023-04-12,0.012722028529205344,4.999999999999888,263,2023
2023-04-13,0.012649140663544178,5.000000000000128,262,2023
2023-04-14,0.01260468014157883,5.00000000000001,261,2023
2023-04-17,0.01248480721252802,5.000000000000085,258,2023
2023-04-18,0.012401317744334903,4.999999999999913,257,2023
2023-04-19,0.012328736938970866,4.999999999999985,256,2023
2023-04-20,0.012389739992157943,4.9999999999998215,255,2023
2023-04-21,0.012464807059682547,4.999999999999908,254,2023
2023-04-24,0.012530907555821083,4.999999999999915,251,2023
2023-04-25,0.01255538718790791,5.000000000000009,250,2023
2023-04-26,0.012490435089050563,4.999999999999871,249,2023
2023-04-27,0.012467955779724404,4.999999999999908,248,2023
2023-04-28,0.012457097589083468,4.999999999999761,247,2023
2023-05-01,0.012491526127916208,4.999999999999953,244,2023
2023-05-02,0.01248385264787537,5.000000000000051,243,2023
2023-05-03,0.012493233086039031,5.000000000000167,242,2023
2023-05-04,0.012527729354398278,5.0000000000000515,241,2023
2023-05-05,0.01250468630324218,5.0000000000000675,240,2023
2023-05-08,0.012433832691451025,4.999999999999772,237,2023
2023-05-09,0.01251231240281619,4.9999999999999964,236,2023
2023-05-10,0.012621699614060712,5.000000000000025,235,2023
2023-05-11,0.01260284659778882,5.000000000000206,234,2023
2023-05-12,0.012591562780192165,5.000000000000128,233,2023
2023-05-15,0.01259494841300886,4.999999999999982,230,2023
2023-05-16,0.012598064309239026,4.999999999999819,229,2023
2023-05-17,0.012508063484478667,4.999999999999724,228,2023
2023-05-18,0.012528208641172307,4.999999999999784,227,2023
2023-05-19,0.01255603191211207,4.999999999999993,226,2023
2023-05-22,0.01264593071267598,4.999999999999987,223,2023
2023-05-23,0.012733325976122459,5.000000000000114,222,2023
2023-05-24,0.012569877583939328,4.999999999999969,221,2023
2023-05-25,0.012599849568704056,4.999999999999909,220,2023
2023-05-26,0.012625269811006189,5.000000000000138,219,2023
2023-05-29,0.012683576964940936,5.000000000000078,216,2023
2023-05-30,0.012617034708328702,4.999999999999857,215,2023
2023-05-31,0.012600362473333305,5.000000000000334,214,2023
2023-06-01,0.012620231753362902,4.999999999999931,213,2023
2023-06-02,0.012606618633714256,5.000000000000231,212,2023
2023-06-05,0.012699515177042434,5.0000000000001075,209,2023
2023-06-06,0.012771868904275868,4.999999999999933,208,2023
2023-06-07,0.012757866057537603,4.99999999999992,207,2023
2023-06-08,0.01278386258296787,5.000000000000054,206,2023
2023-06-09,0.012891318658601379,4.999999999999956,205,2023
2023-06-12,0.012940672940213541,4.999999999999886,202,2023
2023-06-13,0.012878581920879088,5.000000000000046,201,2023
2023-06-14,0.01288049791586863,4.9999999999999885,200,2023
2023-06-15,0.012804162325761051,4.9999999999998685,199,2023
2023-06-16,0.012875262109438065,4.999999999999933,198,2023
2023-06-19,0.012832816164708353,4.999999999999629,195,2023
2023-06-20,0.012827915141997348,4.999999999999809,194,2023
2023-06-21,0.01275941692948834,4.999999999999989,193,2023
2023-06-22,0.01274861428109484,4.999999999999743,192,2023
2023-06-23,0.012754212967204472,4.999999999999926,191,2023
2023-06-26,0.012727087999344912,5.000000000000005,188,2023
2023-06-27,0.01273852375700414,4.999999999999867,187,2023
2023-06-28,0.012675461608013621,4.999999999999775,186,2023
2023-06-29,0.012650413417773216,4.999999999999801,185,2023
2023-06-30,0.012700761952984736,4.999999999999898,184,2023
2023-07-03,0.012684966955053745,4.99999999999992,181,2023
2023-07-04,0.01268158890856525,4.999999999999939,180,2023
2023-07-05,0.012687837458999025,4.9999999999999485,179,2023
2023-07-06,0.012708919076290353,4.999999999999951,178,2023
2023-07-07,0.012857357242770017,4.9999999999999725,177,2023
2023-07-10,0.012757041115306072,5.000000000000077,174,2023
2023-07-11,0.012736786727637655,4.999999999999965,173,2023
2023-07-12,0.012772904630875825,4.999999999999963,172,2023
2023-07-13,0.012699832885165387,5.000000000000058,171,2023
2023-07-14,0.012697144755844884,5.00000000000008,170,2023
2023-07-17,0.012711878820602256,4.999999999999793,167,2023
2023-07-18,0.012786061073264797,5.000000000000054,166,2023
2023-07-19,0.01281467838385923,5.000000000000006,165,2023
2023-07-20,0.012913373978616359,5.000000000000056,164,2023
2023-07-21,0.012886634479585388,4.999999999999778,163,2023
2023-07-24,0.012852034414631099,4.999999999999854,160,2023
2023-07-25,0.012817833541631237,4.999999999999895,159,2023
2023-07-26,0.012818641318152026,4.999999999999999,158,2023
2023-07-27,0.01283381867113817,5.000000000000022,157,2023
2023-07-28,0.01289270461022757,5.0000000000001235,156,2023
2023-07-31,0.012816929179199766,5.000000000000101,153,2023
2023-08-01,0.012774650035126829,4.999999999999886,152,2023
2023-08-02,0.012818633384142986,4.999999999999979,151,2023
2023-08-03,0.01278248753941745,5.000000000000005,150,2023
2023-08-04,0.01285497483909635,4.999999999999956,149,2023
2023-08-07,0.012849173930825126,4.999999999999971,146,2023
2023-08-08,0.012938489830009612,5.000000000000002,145,2023
2023-08-09,0.012923118265523939,4.999999999999967,144,2023
2023-08-10,0.012946382756607694,5.000000000000056,143,2023
2023-08-11,0.013022499501857536,4.99999999999995,142,2023
2023-08-14,0.013011838782532169,4.999999999999975,139,2023
2023-08-15,0.012956421910771192,5.000000000000025,138,2023
2023-08-16,0.013040811561258019,4.9999999999999405,137,2023
2023-08-17,0.013099991296539177,5.000000000000015,136,2023
2023-08-18,0.013104686065656294,5.000000000000044,135,2023
2023-08-21,0.013100552495406481,4.999999999999994,132,2023
2023-08-22,0.013155773854178593,5.000000000000036,131,2023
2023-08-23,0.013145680522851616,4.9999999999999964,130,2023
2023-08-24,0.013295205721563287,5.000000000000046,129,2023
2023-08-25,0.013254094519782432,4.999999999999987,128,2023
2023-08-28,0.013303428434561513,5.000000000000125,125,2023
2023-08-29,0.01342656214465592,5.000000000000016,124,2023
2023-08-30,0.01348637749603949,4.999999999999943,123,2023
2023-08-31,0.013489862313045643,5.000000000000067,122,2023
2023-09-01,0.013426966373459472,4.999999999999984,121,2023
2023-09-04,0.013371805765781885,4.99999999999989,118,2023
2023-09-05,0.013346868328862256,4.999999999999998,117,2023
2023-09-06,0.013298568551192644,4.999999999999931,116,2023
2023-09-07,0.013330982868248818,4.999999999999901,115,2023
2023-09-08,0.013367583236884625,4.999999999999996,114,2023
2023-09-11,0.013336197152582932,4.999999999999972,111,2023
2023-09-12,0.013389296846400504,4.999999999999996,110,2023
2023-09-13,0.013436914825849114,5.000000000000188,109,2023
2023-09-14,0.013412577179869656,5.000000000000143,108,2023
2023-09-15,0.013414579056817756,5.0000000000000115,107,2023
2023-09-18,0.013407450597195805,5.0000000000001,104,2023
2023-09-19,0.013350853684721524,5.000000000000142,103,2023
2023-09-20,0.013338224421966997,5.000000000000142,102,2023
2023-09-21,0.013243080766719807,5.000000000000162,101,2023
2023-09-22,0.013351406397145464,5.000000000000152,100,2023
2023-09-25,0.013416543271929269,5.000000000000066,97,2023
2023-09-26,0.01335235356268535,5.000000000000047,96,2023
2023-09-27,0.013368363718177989,5.000000000000142,95,2023
2023-09-28,0.013389407859401127,5.0000000000001235,94,2023
2023-09-29,0.013311495067296418,5.0000000000001465,93,2023
2023-10-02,0.013312570071905967,5.000000000000049,90,2023
2023-10-03,0.013317013311615692,5.000000000000057,89,2023
2023-10-04,0.013368228331906231,4.9999999999999645,88,2023
2023-10-05,0.013382157922568368,5.000000000000098,87,2023
2023-10-06,0.013453325247657924,5.000000000000105,86,2023
2023-10-09,0.013418863242988903,4.999999999999987,83,2023
2023-10-10,0.013306814663351334,4.9999999999999964,82,2023
2023-10-11,0.013301001472333962,4.999999999999987,81,2023
2023-10-12,0.013319467221269308,5.000000000000009,80,2023
2023-10-13,0.013330138441908154,5.000000000000067,79,2023
2023-10-16,0.013299697610121435,5.000000000000051,76,2023
2023-10-17,0.013332517399261255,5.00000000000004,75,2023
2023-10-18,0.013352576783826923,5.000000000000107,74,2023
2023-10-19,0.013349419288208776,5.000000000000068,73,2023
2023-10-20,0.013335145125070941,5.000000000000087,72,2023
2023-10-23,0.013410352353939257,4.999999999999943,69,2023
2023-10-24,0.013395354181165208,5.000000000000063,68,2023
2023-10-25,0.01341843079143054,5.000000000000133,67,2023
2023-10-26,0.01343012610709763,4.999999999999984,66,2023
2023-10-27,0.013365705115955426,5.0000000000000195,65,2023
2023-10-30,0.013342006931752947,4.999999999999987,62,2023
2023-10-31,0.013463221506480095,5.000000000000128,61,2023
2023-11-01,0.013380572672335871,4.999999999999989,60,2023
2023-11-02,0.013458187400573578,5.000000000000116,59,2023
2023-11-03,0.013470236618955427,5.000000000000136,58,2023
2023-11-06,0.013428231886645462,4.999999999999998,55,2023
2023-11-07,0.013493740777593756,5.0000000000001235,54,2023
2023-11-08,0.0136392538460757,5.000000000000136,53,2023
2023-11-09,0.013624802367676122,5.00000000000009,52,2023
2023-11-10,0.013596884667414185,5.000000000000146,51,2023
2023-11-13,0.013582836192821007,4.999999999999958,48,2023
2023-11-14,0.01356338702308827,5.000000000000168,47,2023
2023-11-15,0.013606131074223735,5.000000000000044,46,2023
2023-11-16,0.013677779911448473,5.000000000000159,45,2023
2023-11-17,0.013687628781690777,5.0000000000001235,44,2023
2023-11-20,0.013690148089755463,5.000000000000193,41,2023
2023-11-21,0.013722830722853187,5.000000000000039,40,2023
2023-11-22,0.013717134001670333,5.000000000000171,39,2023
2023-11-23,0.01366965484912534,5.00000000000004,38,2023
2023-11-24,0.013599646794519391,5.000000000000229,37,2023
2023-11-27,0.013555231154189825,5.0000000000000515,34,2023
2023-11-28,0.01369040844125255,5.000000000000088,33,2023
2023-11-29,0.013653757478945767,5.000000000000178,32,2023
2023-11-30,0.013693089452131336,5.0000000000002,31,2023
2023-12-01,0.013690802340238398,5.000000000000099,30,2023
2023-12-04,0.013610814496857597,5.0000000000002585,27,2023
2023-12-05,0.013633504681450076,5.000000000000208,26,2023
2023-12-06,0.013744001238379865,5.000000000000187,25,2023
2023-12-07,0.013632770308233932,5.000000000000156,24,2023
2023-12-08,0.013686929688484652,5.00000000000019,23,2023
2023-12-11,0.013681798542259682,5.000000000000088,20,2023
2023-12-12,0.01358829329830511,5.000000000000087,19,2023
2023-12-13,0.013602512364229458,5.000000000000153,18,2023
2023-12-14,0.013549781601528773,5.000000000000208,17,2023
2023-12-15,0.01350426336268848,4.999999999999974,16,2023
2023-12-18,,,13,2023
2023-12-19,,,12,2023
2023-12-20,,,11,2023
2023-12-21,,,10,2023
2023-12-22,,,9,2023
2023-12-25,,,6,2023
2023-12-26,,,5,2023
2023-12-27,,,4,2023
2023-12-28,,,3,2023
2023-12-29,,,2,2023
2024-01-01,,,365,2024
2024-01-02,,,364,2024
2024-01-03,,,363,2024
2024-01-04,,,362,2024
2024-01-05,,,361,2024
2024-01-08,,,358,2024
2024-01-09,,,357,2024
2024-01-10,,,356,2024
2024-01-11,,,355,2024
2024-01-12,,,354,2024
2024-01-15,,,351,2024
2024-01-16,,,350,2024
2024-01-17,,,349,2024
2024-01-18,,,348,2024
2024-01-19,,,347,2024
2024-01-22,,,344,2024
2024-01-23,,,343,2024
2024-01-24,,,342,2024
2024-01-25,,,341,2024
2024-01-26,,,340,2024
2024-01-29,,,337,2024
2024-01-30,,,336,2024
2024-01-31,,,335,2024
2024-02-01,,,334,2024
2024-02-02,,,333,2024
2024-02-05,,,330,2024
2024-02-06,,,329,2024
2024-02-07,,,328,2024
2024-02-08,,,327,2024
2024-02-09,,,326,2024
2024-02-12,,,323,2024
2024-02-13,,,322,2024
2024-02-14,,,321,2024
2024-02-15,,,320,2024
2024-02-16,,,319,2024
2024-02-19,,,316,2024
2024-02-20,,,315,2024
2024-02-21,,,314,2024
2024-02-22,,,313,2024
2024-02-23,,,312,2024
2024-02-26,,,309,2024
2024-02-27,,,308,2024
2024-02-28,,,307,2024
2024-02-29,,,306,2024
2024-03-01,,,305,2024
2024-03-04,,,302,2024
2024-03-05,,,301,2024
2024-03-06,,,300,2024
2024-03-07,,,299,2024
2024-03-08,,,298,2024
2024-03-11,,,295,2024
2024-03-12,,,294,2024
2024-03-13,,,293,2024
2024-03-14,,,292,2024
2024-03-15,,,291,2024
2024-03-18,,,288,2024
2024-03-19,,,287,2024
2024-03-20,,,286,2024
2024-03-21,,,285,2024
2024-03-22,,,284,2024
2024-03-25,,,281,2024
2024-03-26,,,280,2024
2024-03-27,,,279,2024
2024-03-28,,,278,2024
2024-03-29,,,277,2024
2024-04-01,,,274,2024
2024-04-02,,,273,2024
2024-04-03,0.013163247876377937,4.999999999999813,272,2024
2024-04-04,0.013215274142824184,5.000000000000092,271,2024
2024-04-05,0.01320669579894835,4.99999999999995,270,2024
2024-04-08,0.013245938167804146,4.999999999999705,267,2024
2024-04-09,0.013277462355091736,4.9999999999997895,266,2024
2024-04-10,0.013347198483803845,5.000000000000008,265,2024
2024-04-11,0.01325882944675075,5.0000000000000675,264,2024
2024-04-12,0.013256704544688106,5.000000000000018,263,2024
2024-04-15,0.013231248089642513,4.999999999999822,260,2024
2024-04-16,0.013292047587499392,5.000000000000135,259,2024
2024-04-17,0.013254649947780894,5.000000000000114,258,2024
2024-04-18,0.013217117919651314,4.9999999999999645,257,2024
2024-04-19,0.01325148312145715,4.999999999999883,256,2024
2024-04-22,0.013200248272581063,4.999999999999787,253,2024
2024-04-23,0.013222448214795427,4.9999999999998375,252,2024
2024-04-24,0.013193630920608908,5.000000000000085,251,2024
2024-04-25,0.01312757597211933,4.999999999999882,250,2024
2024-04-26,0.013094296009268726,4.999999999999965,249,2024
2024-04-29,0.013133397851994593,5.000000000000053,246,2024
2024-04-30,0.013058865431857782,4.999999999999496,245,2024
2024-05-01,0.013054842410293019,4.999999999999765,244,2024
2024-05-02,0.013043397088480388,4.9999999999999645,243,2024
2024-05-03,0.013069847659350138,4.9999999999998925,242,2024
2024-05-06,0.013143305822704602,5.0000000000000915,239,2024
2024-05-07,0.013138590628622465,4.999999999999808,238,2024
2024-05-08,0.013160168674337756,4.999999999999927,237,2024
2024-05-09,0.013200864151667527,5.000000000000054,236,2024
2024-05-10,0.01323236259213136,4.999999999999889,235,2024
2024-05-13,0.013233897199835972,5.000000000000037,232,2024
2024-05-14,0.013193365900693641,4.999999999999872,231,2024
2024-05-15,0.013121558338692295,4.999999999999962,230,2024
2024-05-16,0.013181724192704854,4.9999999999999,229,2024
2024-05-17,0.013152878992042434,4.9999999999998375,228,2024
2024-05-20,0.013215849682060146,4.999999999999831,225,2024
2024-05-21,0.01318024335639534,5.000000000000231,224,2024
2024-05-22,0.013174871878756248,5.00000000000009,223,2024
2024-05-23,0.013196481718451255,4.999999999999962,222,2024
2024-05-24,0.013110860426947172,5.000000000000036,221,2024
2024-05-27,0.01311372144440875,4.999999999999847,218,2024
2024-05-28,0.013090613908858134,4.999999999999898,217,2024
2024-05-29,0.0130582658576364,5.000000000000057,216,2024
2024-05-30,0.012983631459263062,5.000000000000041,215,2024
2024-05-31,0.012936164051988509,4.999999999999923,214,2024
2024-06-03,0.012948700644801855,4.9999999999999645,211,2024
2024-06-04,0.012938942805757003,5.000000000000017,210,2024
2024-06-05,0.012917160307520183,5.000000000000017,209,2024
2024-06-06,0.012887713927065066,5.000000000000042,208,2024
2024-06-07,0.012981219755989927,4.999999999999698,207,2024
2024-06-10,0.013044587464358642,5.000000000000099,204,2024
2024-06-11,0.013158093143078566,4.9999999999999245,203,2024
2024-06-12,0.01315265551726173,4.999999999999908,202,2024
2024-06-13,0.013121251420216345,4.999999999999944,201,2024
2024-06-14,0.013057182165142595,4.9999999999997655,200,2024
2024-06-17,0.012978953174247826,5.000000000000102,197,2024
2024-06-18,0.012982359505056697,4.999999999999943,196,2024
2024-06-19,0.01298559591573201,4.999999999999979,195,2024
2024-06-20,0.012966373573392474,5.000000000000069,194,2024
2024-06-21,0.012949947506602905,4.999999999999936,193,2024
2024-06-24,0.012945504325417702,5.00000000000003,190,2024
2024-06-25,0.012968234151603081,5.000000000000119,189,2024
2024-06-26,0.012976282493344232,4.999999999999818,188,2024
2024-06-27,0.013028234786220245,5.000000000000035,187,2024
2024-06-28,0.012977801756856241,4.9999999999999165,186,2024
2024-07-01,0.013037243350197694,5.000000000000136,183,2024
2024-07-02,0.012960807052974676,4.999999999999898,182,2024
2024-07-03,0.012989830640675482,5.000000000000028,181,2024
2024-07-04,0.012937579980023694,5.0000000000000755,180,2024
2024-07-05,0.012836172380551843,4.99999999999986,179,2024
2024-07-08,0.012868047439494037,5.000000000000017,176,2024
2024-07-09,0.012860770260714261,4.999999999999931,175,2024
2024-07-10,0.012878021435847377,5.000000000000056,174,2024
2024-07-11,0.012953312855548795,4.9999999999998535,173,2024
2024-07-12,0.01299545912997366,5.000000000000121,172,2024
2024-07-15,0.012868118420729956,4.999999999999968,169,2024
2024-07-16,0.012863436643754717,4.9999999999999964,168,2024
2024-07-17,0.012891982003448333,5.000000000000098,167,2024
2024-07-18,0.012998951937866144,5.000000000000112,166,2024
2024-07-19,0.013087446265350439,4.9999999999998614,165,2024
2024-07-22,0.013108883303865523,5.000000000000098,162,2024
2024-07-23,0.013052892039603073,5.0000000000001155,161,2024
2024-07-24,0.013047844375669313,5.00000000000002,160,2024
2024-07-25,0.013013055742894023,5.00000000000004,159,2024
2024-07-26,0.012909668611542276,5.000000000000043,158,2024
2024-07-29,0.012869318868283368,4.999999999999932,155,2024
2024-07-30,0.012929635759751661,4.999999999999828,154,2024
2024-07-31,0.012893996491216309,5.000000000000268,153,2024
2024-08-01,0.012978728529574449,4.9999999999999964,152,2024
2024-08-02,0.013009750307114902,4.999999999999913,151,2024
2024-08-05,0.013013629539015527,4.999999999999989,148,2024
2024-08-06,0.013054553896252857,4.999999999999965,147,2024
2024-08-07,0.012995026660244598,4.999999999999939,146,2024
2024-08-08,0.0130179813786471,4.999999999999926,145,2024
2024-08-09,0.013038354657597302,4.999999999999998,144,2024
2024-08-12,0.013054644578156374,5.000000000000138,141,2024
2024-08-13,0.013042949712568206,5.00000000000006,140,2024
2024-08-14,0.012976689964253914,4.999999999999971,139,2024
2024-08-15,0.012910943763944513,5.0000000000000115,138,2024
2024-08-16,0.012878558679584392,4.999999999999974,137,2024
2024-08-19,0.01294169128074799,4.999999999999977,134,2024
2024-08-20,0.012890836785655215,4.999999999999841,133,2024
2024-08-21,0.012935219010512639,4.999999999999993,132,2024
2024-08-22,0.01301194955643125,4.999999999999946,131,2024
2024-08-23,0.01294412185794735,5.000000000000073,130,2024
2024-08-26,0.012864874877026745,4.999999999999946,127,2024
2024-08-27,0.01283922955285092,4.999999999999928,126,2024
2024-08-28,0.012807825423459639,4.999999999999927,125,2024
2024-08-29,0.012709670707369785,4.999999999999934,124,2024
2024-08-30,0.01271471837330654,4.99999999999999,123,2024
2024-09-02,0.012742737238332283,5.000000000000013,120,2024
2024-09-03,0.012787752954692286,5.000000000000059,119,2024
2024-09-04,0.012738256995321648,5.000000000000031,118,2024
2024-09-05,0.01270248335466558,4.99999999999997,117,2024
2024-09-06,0.012678133363797648,5.000000000000085,116,2024
2024-09-09,0.012678242494361587,4.999999999999974,113,2024
2024-09-10,0.012706237296474585,4.999999999999908,112,2024
2024-09-11,0.012673285827972615,5.000000000000039,111,2024
2024-09-12,0.012671223309873046,5.000000000000067,110,2024
2024-09-13,0.01266915410271368,4.9999999999999885,109,2024
2024-09-16,0.012748626536894667,5.000000000000025,106,2024
2024-09-17,0.0127459661816075,4.999999999999914,105,2024
2024-09-18,0.012826148297942961,5.000000000000119,104,2024
2024-09-19,0.012787301467885715,5.000000000000053,103,2024
2024-09-20,0.01281352456280005,5.000000000000088,102,2024
2024-09-23,0.012782896524060705,5.0,99,2024
2024-09-24,0.012728981573284013,5.000000000000009,98,2024
2024-09-25,0.012765118251305106,4.999999999999971,97,2024
2024-09-26,0.012695597892137808,4.999999999999955,96,2024
2024-09-27,0.012768155906976438,5.000000000000114,95,2024
2024-09-30,0.012803281860842673,4.999999999999938,92,2024
2024-10-01,0.012902851794986282,5.0000000000000995,91,2024
2024-10-02,0.01289852899101839,4.999999999999913,90,2024
2024-10-03,0.012842996171524146,4.999999999999922,89,2024
2024-10-04,0.01279314377466315,5.000000000000009,88,2024
2024-10-07,0.012771209811288972,5.0000000000000515,85,2024
2024-10-08,0.012804114214572851,4.99999999999998,84,2024
2024-10-09,0.012692077585723284,5.00000000000008,83,2024
2024-10-10,0.012714706039182568,5.000000000000098,82,2024
2024-10-11,0.01263574597941742,4.999999999999993,81,2024
2024-10-14,0.012658955854225908,4.999999999999885,78,2024
2024-10-15,0.012665271405857896,5.0000000000000275,77,2024
2024-10-16,0.012724398513452818,5.000000000000042,76,2024
2024-10-17,0.01272898087444887,4.999999999999955,75,2024
2024-10-18,0.012756245130149314,5.000000000000061,74,2024
2024-10-21,0.012770558127329586,5.000000000000046,71,2024
2024-10-22,0.012831186881650093,5.0,70,2024
2024-10-23,0.012783066113023421,5.000000000000084,69,2024
2024-10-24,0.012760519367514433,4.999999999999932,68,2024
2024-10-25,0.012731816854968981,4.999999999999974,67,2024
2024-10-28,0.012788703886870867,5.000000000000066,64,2024
2024-10-29,0.012719481515681606,5.000000000000015,63,2024
2024-10-30,0.012759285236125774,4.99999999999997,62,2024
2024-10-31,0.012844086808599454,5.000000000000061,61,2024
2024-11-01,0.012872444079226024,5.000000000000082,60,2024
2024-11-04,0.012756469896565517,5.000000000000008,57,2024
2024-11-05,0.012759172327303742,5.000000000000091,56,2024
2024-11-06,0.01268284118764812,5.000000000000135,55,2024
2024-11-07,0.012650497000380711,5.00000000000003,54,2024
2024-11-08,0.01264501477521735,5.000000000000074,53,2024
2024-11-11,0.012592702384333994,5.000000000000018,50,2024
2024-11-12,0.012654773456641498,5.000000000000102,49,2024
2024-11-13,0.01269642355264393,5.000000000000109,48,2024
2024-11-14,0.012638813264219817,5.000000000000085,47,2024
2024-11-15,0.01262203133430118,4.999999999999961,46,2024
2024-11-18,0.0127277573187402,5.000000000000083,43,2024
2024-11-19,0.012699747558843589,5.000000000000044,42,2024
2024-11-20,0.01264547409397551,5.000000000000006,41,2024
2024-11-21,0.012664857075644836,5.0000000000001386,40,2024
2024-11-22,0.012657411845329885,5.000000000000152,39,2024
2024-11-25,0.012683336755434175,5.000000000000119,36,2024
2024-11-26,0.012611092278637982,5.000000000000187,35,2024
2024-11-27,0.012614135033146595,5.000000000000006,34,2024
2024-11-28,0.012609924292602437,5.000000000000172,33,2024
2024-11-29,0.012563648742231419,5.000000000000142,32,2024
2024-12-02,0.012573484581719854,5.000000000000153,29,2024
2024-12-03,0.012522306113785952,5.00000000000023,28,2024
2024-12-04,0.012495440547570204,5.0000000000000595,27,2024
2024-12-05,0.012521196972843741,5.000000000000022,26,2024
2024-12-06,0.012511232898379805,5.000000000000162,25,2024
2024-12-09,0.012530374817165181,5.000000000000085,22,2024
2024-12-10,0.012494468531853233,5.000000000000044,21,2024
2024-12-11,0.012477511636585017,5.000000000000142,20,2024
2024-12-12,0.012508274586331414,5.000000000000069,19,2024
2024-12-13,0.012477343787442707,4.999999999999933,18,2024
2024-12-16,0.012426633763776783,5.000000000000099,15,2024
2024-12-17,0.01237404444199861,4.999999999999975,14,2024
2024-12-18,,,13,2024
2024-12-19,,,12,2024
2024-12-20,,,11,2024
2024-12-23,,,8,2024
2024-12-24,,,7,2024
2024-12-25,,,6,2024
2024-12-26,,,5,2024
2024-12-27,,,4,2024
2024-12-30,,,1,2024
2024-12-31,,,0,2024
2025-01-01,,,364,2025
2025-01-02,,,363,2025
2025-01-03,,,362,2025
2025-01-06,,,359,2025
2025-01-07,,,358,2025
2025-01-08,,,357,2025
2025-01-09,,,356,2025
2025-01-10,,,355,2025
2025-01-13,,,352,2025
2025-01-14,,,351,2025
2025-01-15,,,350,2025
2025-01-16,,,349,2025
2025-01-17,,,348,2025
2025-01-20,,,345,2025
2025-01-21,,,344,2025
2025-01-22,,,343,2025
2025-01-23,,,342,2025
2025-01-24,,,341,2025
2025-01-27,,,338,2025
2025-01-28,,,337,2025
2025-01-29,,,336,2025
2025-01-30,,,335,2025
2025-01-31,,,334,2025
2025-02-03,,,331,2025
2025-02-04,,,330,2025
2025-02-05,,,329,2025
2025-02-06,,,328,2025
2025-02-07,,,327,2025
2025-02-10,,,324,2025
2025-02-11,,,323,2025
2025-02-12,,,322,2025
2025-02-13,,,321,2025
2025-02-14,,,320,2025
2025-02-17,,,317,2025
2025-02-18,,,316,2025
2025-02-19,,,315,2025
2025-02-20,,,314,2025
2025-02-21,,,313,2025
2025-02-24,,,310,2025
2025-02-25,,,309,2025
2025-02-26,,,308,2025
2025-02-27,,,307,2025
2025-02-28,,,306,2025
2025-03-03,,,303,2025
2025-03-04,,,302,2025
2025-03-05,,,301,2025
2025-03-06,,,300,2025
2025-03-07,,,299,2025
2025-03-10,,,296,2025
2025-03-11,,,295,2025
2025-03-12,,,294,2025
2025-03-13,,,293,2025
2025-03-14,,,292,2025
2025-03-17,,,289,2025
2025-03-18,,,288,2025
2025-03-19,,,287,2025
2025-03-20,,,286,2025
2025-03-21,,,285,2025
2025-03-24,,,282,2025
2025-03-25,,,281,2025
2025-03-26,,,280,2025
2025-03-27,,,279,2025
2025-03-28,,,278,2025
2025-03-31,,,275,2025
2025-04-01,,,274,2025
2025-04-02,,,273,2025
2025-04-03,0.011695752261569834,4.999999999999939,272,2025
2025-04-04,0.011717657507462953,5.000000000000095,271,2025
2025-04-07,0.011761455930867117,5.0000000000000595,268,2025
2025-04-08,0.011778062878230971,4.99999999999998,267,2025
2025-04-09,0.011830956253185311,5.000000000000205,266,2025
2025-04-10,0.011820128361983984,5.000000000000126,265,2025
2025-04-11,0.011761326352191862,4.999999999999917,264,2025
2025-04-14,0.011672165950753986,5.00000000000003,261,2025
2025-04-15,0.01166049903559515,5.000000000000077,260,2025
2025-04-16,0.011633122346035744,5.000000000000121,259,2025
2025-04-17,0.01162752098641657,4.999999999999993,258,2025
2025-04-18,0.01157067963033052,4.999999999999732,257,2025
2025-04-21,0.01159212063774579,4.999999999999884,254,2025
2025-04-22,0.011512101990975701,4.999999999999998,253,2025
2025-04-23,0.011512032022294035,4.99999999999994,252,2025
2025-04-24,0.01157484622608141,4.999999999999984,251,2025
2025-04-25,0.01154849383672006,5.000000000000063,250,2025
2025-04-28,0.011485718816898114,4.999999999999853,247,2025
2025-04-29,0.011509071249996618,5.000000000000073,246,2025
2025-04-30,0.011473165230012735,4.999999999999845,245,2025
2025-05-01,0.01154525698202752,4.999999999999761,244,2025
2025-05-02,0.011532594275669326,5.000000000000174,243,2025
2025-05-05,0.011509735440558078,4.999999999999833,240,2025
2025-05-06,0.01142288121151069,4.999999999999744,239,2025
2025-05-07,0.011390075055740393,4.999999999999971,238,2025
2025-05-08,0.011410997268888876,4.999999999999965,237,2025
2025-05-09,0.01140138028704385,4.9999999999999165,236,2025
2025-05-12,0.011398394483681474,4.999999999999806,233,2025
2025-05-13,0.011445348795208279,4.999999999999939,232,2025
2025-05-14,0.011419543112369241,4.999999999999851,231,2025
2025-05-15,0.011462023652919071,4.999999999999924,230,2025
2025-05-16,0.011493679576805839,4.999999999999931,229,2025
2025-05-19,0.011545371776348816,4.9999999999999964,226,2025
2025-05-20,0.011515528767424578,4.999999999999885,225,2025
2025-05-21,0.011584746483067601,4.999999999999902,224,2025
2025-05-22,0.011521049357960058,5.000000000000064,223,2025
2025-05-23,0.011509031649801828,4.999999999999689,222,2025
2025-05-26,0.01151061415494296,5.000000000000001,219,2025
2025-05-27,0.011434098598091165,4.999999999999909,218,2025
2025-05-28,0.011469675095798486,4.9999999999999645,217,2025
2025-05-29,0.011411275600042322,4.999999999999823,216,2025
2025-05-30,0.011404492707681133,4.9999999999999005,215,2025
2025-06-02,0.01140282877278227,5.000000000000089,212,2025
2025-06-03,0.01137914234391739,5.000000000000101,211,2025
2025-06-04,0.01140644827760233,4.999999999999913,210,2025
2025-06-05,0.011459525995230193,5.000000000000101,209,2025
2025-06-06,0.011450918703192094,4.999999999999924,208,2025
2025-06-09,0.011467127152477167,5.0000000000000275,205,2025
2025-06-10,0.011472696487419132,4.999999999999746,204,2025
2025-06-11,0.011375039844424202,4.999999999999902,203,2025
2025-06-12,0.011289289306119684,5.0000000000000675,202,2025
2025-06-13,0.011219595109098203,4.999999999999898,201,2025
2025-06-16,0.011198318570570293,4.999999999999859,198,2025
2025-06-17,0.011289808559061351,5.000000000000384,197,2025
2025-06-18,0.011382468108891946,5.000000000000092,196,2025
2025-06-19,0.011416578622768457,4.9999999999999805,195,2025
2025-06-20,0.011387837853861311,4.999999999999967,194,2025
2025-06-23,0.011415933317106138,5.000000000000012,191,2025
2025-06-24,0.011348241258740848,4.999999999999968,190,2025
2025-06-25,0.011389642700266725,4.9999999999999645,189,2025
2025-06-26,0.011448894599200394,4.999999999999749,188,2025
2025-06-27,0.011434560070244319,4.99999999999985,187,2025
2025-06-30,0.011427203859288398,5.000000000000012,184,2025
2025-07-01,0.011448155709459042,5.0000000000001,183,2025
2025-07-02,0.011446220176976683,4.9999999999997815,182,2025
2025-07-03,0.011424003600301609,5.000000000000104,181,2025
2025-07-04,0.01133523355714439,5.000000000000105,180,2025
2025-07-07,0.011274687899163279,5.000000000000012,177,2025
2025-07-08,0.011312145878093201,5.000000000000006,176,2025
2025-07-09,0.011355438682687177,4.999999999999972,175,2025
2025-07-10,0.011346534986721812,5.000000000000047,174,2025
2025-07-11,0.011357555245415917,4.999999999999961,173,2025
2025-07-14,0.011361606488676165,4.999999999999927,170,2025
2025-07-15,0.011353239530347463,5.000000000000057,169,2025
2025-07-16,0.011314765038590665,4.999999999999864,168,2025
2025-07-17,0.01131890147195375,4.999999999999718,167,2025
2025-07-18,0.011333079059021587,4.999999999999852,166,2025
2025-07-21,0.011339989616536391,4.999999999999851,163,2025
2025-07-22,0.011262503093178751,5.00000000000004,162,2025
2025-07-23,0.011332257695500468,4.999999999999953,161,2025
2025-07-24,0.011366434097059492,4.9999999999999405,160,2025
2025-07-25,0.011375710644705526,5.0000000000001785,159,2025
2025-07-28,0.011361348274138457,4.999999999999974,156,2025
2025-07-29,0.011316516263755422,4.999999999999993,155,2025
2025-07-30,0.011293305025810274,4.999999999999931,154,2025
2025-07-31,0.01125599182654867,4.999999999999895,153,2025
2025-08-01,0.011261377493753317,4.999999999999842,152,2025
2025-08-04,0.011248276980671847,5.00000000000008,149,2025
2025-08-05,0.011233579918098565,4.999999999999926,148,2025
2025-08-06,0.01122046919576848,5.000000000000046,147,2025
2025-08-07,0.011206738369434838,4.999999999999933,146,2025
2025-08-08,0.011243790338932733,5.000000000000074,145,2025
2025-08-11,0.011256251768412854,5.000000000000105,142,2025
2025-08-12,0.011286179726552657,4.999999999999889,141,2025
2025-08-13,0.011287649072018851,4.999999999999854,140,2025
2025-08-14,0.011222689397956453,4.999999999999898,139,2025
2025-08-15,0.011156440692074976,5.00000000000005,138,2025
2025-08-18,0.01120700855062383,5.00000000000003,135,2025
2025-08-19,0.011230976013676789,4.999999999999978,134,2025
2025-08-20,0.011231486024981828,5.000000000000102,133,2025
2025-08-21,0.01130137057095834,4.999999999999929,132,2025
2025-08-22,0.01127153557724266,5.000000000000071,131,2025
2025-08-25,0.011202727691305899,5.000000000000039,128,2025
2025-08-26,0.011173897856475152,5.000000000000081,127,2025
2025-08-27,0.011142770746600968,5.0000000000000115,126,2025
2025-08-28,0.011157337798128726,5.0000000000001155,125,2025
2025-08-29,0.011139209121852478,5.000000000000018,124,2025
2025-09-01,0.011179549836785922,5.000000000000171,121,2025
2025-09-02,0.011226625572070636,5.000000000000006,120,2025
2025-09-03,0.011260271040934815,5.000000000000043,119,2025
2025-09-04,0.01124633200207116,5.000000000000033,118,2025
2025-09-05,0.01123448378826682,5.000000000000053,117,2025
2025-09-08,0.011280324898288535,5.000000000000002,114,2025
2025-09-09,0.011262237574405922,5.000000000000027,113,2025
2025-09-10,0.0113139356751862,5.00000000000005,112,2025
2025-09-11,0.011296946567177071,5.000000000000049,111,2025
2025-09-12,0.01125014915360892,5.0000000000001235,110,2025
2025-09-15,0.011248657841526614,5.000000000000152,107,2025
2025-09-16,0.011277007639615887,4.999999999999901,106,2025
2025-09-17,0.011232209149886416,5.000000000000069,105,2025
2025-09-18,0.011177069562226829,5.000000000000025,104,2025
2025-09-19,0.011137150093982001,5.000000000000056,103,2025
2025-09-22,0.011121226872944166,5.00000000000019,100,2025
2025-09-23,0.011089200163005629,4.999999999999952,99,2025
2025-09-24,0.011094998584716602,5.000000000000006,98,2025
2025-09-25,0.011071046675230057,5.0,97,2025
2025-09-26,0.011086234312203713,5.000000000000009,96,2025
2025-09-29,0.01113094183223632,5.000000000000078,93,2025
2025-09-30,0.01113434191167041,5.000000000000074,92,2025
2025-10-01,0.011129636583389465,4.999999999999941,91,2025
2025-10-02,0.011074103970613213,5.000000000000089,90,2025
2025-10-03,0.01112573001971514,5.00000000000006,89,2025
2025-10-06,0.011090665521065995,5.000000000000022,86,2025
2025-10-07,0.011119604893846181,5.000000000000002,85,2025
2025-10-08,0.011103785231627541,5.000000000000019,84,2025
2025-10-09,0.011063150503493024,4.999999999999958,83,2025
2025-10-10,0.011066477336450524,5.000000000000005,82,2025
2025-10-13,0.011144364851879507,5.000000000000005,79,2025
2025-10-14,0.011216947657520304,5.000000000000082,78,2025
2025-10-15,0.011260798974943403,5.000000000000033,77,2025
2025-10-16,0.0112620541373523,4.999999999999912,76,2025
2025-10-17,0.01124371618634681,5.00000000000002,75,2025
2025-10-20,0.011290030109609876,5.000000000000091,72,2025
2025-10-21,0.01131431815612386,4.999999999999921,71,2025
2025-10-22,0.011395212119039988,4.9999999999999964,70,2025
2025-10-23,0.011326489766796611,5.000000000000011,69,2025
2025-10-24,0.011325172821662144,4.999999999999999,68,2025
2025-10-27,0.011290335438438154,4.999999999999993,65,2025
2025-10-28,0.011323485573137048,5.000000000000041,64,2025
2025-10-29,0.01135138470200432,4.999999999999987,63,2025
2025-10-30,0.01127256105948599,4.999999999999989,62,2025
2025-10-31,0.011194147360195094,4.999999999999905,61,2025
2025-11-03,0.01118844483736377,4.999999999999967,58,2025
2025-11-04,0.01117331091835861,4.999999999999927,57,2025
2025-11-05,0.01118841594079734,5.00000000000016,56,2025
2025-11-06,0.011219886067933848,5.000000000000158,55,2025
2025-11-07,0.01121976629336556,4.999999999999956,54,2025
2025-11-10,0.011176504668728918,5.0000000000000275,51,2025
2025-11-11,0.011260505398956316,4.9999999999999964,50,2025
2025-11-12,0.011262991390962294,5.000000000000023,49,2025
2025-11-13,0.011248325271595111,4.99999999999995,48,2025
2025-11-14,0.011240757043509828,5.000000000000047,47,2025
2025-11-17,0.01128111656104606,5.000000000000044,44,2025
2025-11-18,0.011264075397205895,4.999999999999993,43,2025
2025-11-19,0.011283581495800353,5.0000000000001865,42,2025
2025-11-20,0.011293132402061106,5.000000000000176,41,2025
2025-11-21,0.011308630842836238,5.000000000000016,40,2025
2025-11-24,0.011262915711831786,5.000000000000043,37,2025
2025-11-25,0.011227294720892709,5.000000000000171,36,2025
2025-11-26,0.011168302430300796,5.000000000000057,35,2025
2025-11-27,0.011218108024945828,5.000000000000017,34,2025
2025-11-28,0.011217846779073367,4.999999999999923,33,2025
2025-12-01,0.011299722075858602,4.999999999999951,30,2025
2025-12-02,0.01133064529325436,4.999999999999974,29,2025
2025-12-03,0.01137322129592012,5.000000000000153,28,2025
2025-12-04,0.01132671285723392,5.000000000000251,27,2025
2025-12-05,0.011292430825216406,5.000000000000183,26,2025
2025-12-08,0.011349392432289992,5.000000000000133,23,2025
2025-12-09,0.011343221411759577,5.000000000000191,22,2025
2025-12-10,0.01142190126304639,4.999999999999936,21,2025
2025-12-11,0.011383389010944326,5.000000000000112,20,2025
2025-12-12,0.011427302505586061,5.000000000000006,19,2025
2025-12-15,0.011489471202466772,5.000000000000147,16,2025
2025-12-16,0.011473220577531664,5.000000000000119,15,2025
2025-12-17,0.011501683231606205,5.00000000000012,14,2025
2025-12-18,,,13,2025
2025-12-19,,,12,2025
2025-12-22,,,9,2025
2025-12-23,,,8,2025
2025-12-24,,,7,2025
2025-12-25,,,6,2025
2025-12-26,,,5,2025
2025-12-29,,,2,2025
2025-12-30,,,1,2025
2025-12-31,,,0,2025
2026-01-01,,,364,2026
2026-01-02,,,363,2026
2026-01-05,,,360,2026
2026-01-06,,,359,2026
2026-01-07,,,358,2026
2026-01-08,,,357,2026
2026-01-09,,,356,2026
2026-01-12,,,353,2026
2026-01-13,,,352,2026
2026-01-14,,,351,2026
2026-01-15,,,350,2026
2026-01-16,,,349,2026
2026-01-19,,,346,2026
2026-01-20,,,345,2026
2026-01-21,,,344,2026
2026-01-22,,,343,2026
2026-01-23,,,342,2026
2026-01-26,,,339,2026
2026-01-27,,,338,2026
2026-01-28,,,337,2026
2026-01-29,,,336,2026
2026-01-30,,,335,2026
2026-02-02,,,332,2026
2026-02-03,,,331,2026
2026-02-04,,,330,2026
2026-02-05,,,329,2026
2026-02-06,,,328,2026
2026-02-09,,,325,2026
2026-02-10,,,324,2026
2026-02-11,,,323,2026
2026-02-12,,,322,2026
2026-02-13,,,321,2026
2026-02-16,,,318,2026
2026-02-17,,,317,2026
2026-02-18,,,316,2026
2026-02-19,,,315,2026
2026-02-20,,,314,2026
2026-02-23,,,311,2026
2026-02-24,,,310,2026
2026-02-25,,,309,2026
2026-02-26,,,308,2026
2026-02-27,,,307,2026
2026-03-02,,,304,2026
2026-03-03,,,303,2026
2026-03-04,,,302,2026
2026-03-05,,,301,2026
2026-03-06,,,300,2026
2026-03-09,,,297,2026
2026-03-10,,,296,2026
2026-03-11,,,295,2026
2026-03-12,,,294,2026
2026-03-13,,,293,2026
2026-03-16,,,290,2026
2026-03-17,,,289,2026
2026-03-18,,,288,2026
2026-03-19,,,287,2026
2026-03-20,,,286,2026
2026-03-23,,,283,2026
2026-03-24,,,282,2026
2026-03-25,,,281,2026
2026-03-26,,,280,2026
2026-03-27,,,279,2026
2026-03-30,,,276,2026
2026-03-31,,,275,2026
2026-04-01,,,274,2026
2026-04-02,,,273,2026
2026-04-03,0.011757833767781604,5.000000000000237,272,2026
2026-04-06,0.011712959664189258,5.000000000000092,269,2026
2026-04-07,0.01165606637746273,5.000000000000025,268,2026
2026-04-08,0.011633500448510843,5.0000000000000115,267,2026
2026-04-09,0.01166081838011297,5.000000000000104,266,2026
2026-04-10,0.011622776637979124,4.99999999999974,265,2026
2026-04-13,0.011616951889605577,4.9999999999999005,262,2026
2026-04-14,0.011608942491828058,4.9999999999997735,261,2026
2026-04-15,0.011663244522855406,5.000000000000016,260,2026
2026-04-16,0.01163688953125186,5.000000000000041,259,2026
2026-04-17,0.011570366868172916,4.999999999999905,258,2026
2026-04-20,0.011514078814903286,4.999999999999799,255,2026
2026-04-21,0.011519225992359147,4.999999999999832,254,2026
2026-04-22,0.011580659575905303,5.000000000000029,253,2026
2026-04-23,0.011572265128427729,4.999999999999825,252,2026
2026-04-24,0.011584776771285783,5.000000000000116,251,2026
2026-04-27,0.011522562422743852,4.99999999999973,248,2026
2026-04-28,0.011493463965609657,5.000000000000001,247,2026
2026-04-29,0.01146336152863992,4.999999999999819,246,2026
2026-04-30,0.011499188928275455,4.999999999999736,245,2026
2026-05-01,0.011430845842215613,4.999999999999872,244,2026
2026-05-04,0.011401051602671247,5.0000000000002025,241,2026
2026-05-05,0.011351921834395257,5.000000000000196,240,2026
2026-05-06,0.011403151620200641,4.99999999999994,239,2026
2026-05-07,0.011421444879549322,4.999999999999919,238,2026
2026-05-08,0.011384273609339203,4.999999999999714,237,2026
2026-05-11,0.011415693852330171,4.999999999999857,234,2026
2026-05-12,0.011300568652537292,4.999999999999749,233,2026
2026-05-13,0.01123193700120524,4.999999999999907,232,2026
2026-05-14,0.01118150001846948,5.000000000000047,231,2026
2026-05-15,0.011178387271566273,5.0000000000002505,230,2026
2026-05-18,0.011177212291995467,4.999999999999942,227,2026
2026-05-19,0.011098121442298747,4.999999999999962,226,2026
2026-05-20,0.011078665333052275,4.999999999999884,225,2026
2026-05-21,0.011032710864597171,5.0000000000000915,224,2026
2026-05-22,0.011041154968533824,5.000000000000006,223,2026
2026-05-25,0.011048078447062385,4.999999999999876,220,2026
2026-05-26,0.011049551824008137,4.999999999999911,219,2026
2026-05-27,0.011104613355282683,4.999999999999679,218,2026
2026-05-28,0.011078193838549806,4.999999999999972,217,2026
2026-05-29,0.011116247877859581,4.999999999999822,216,2026
2026-06-01,0.011056438549669615,5.000000000000257,213,2026
2026-06-02,0.011127099759560026,4.999999999999867,212,2026
2026-06-03,0.011150025628537648,5.0000000000001865,211,2026
2026-06-04,0.011166399290744606,5.000000000000081,210,2026
2026-06-05,0.01118973048341805,5.000000000000035,209,2026
2026-06-08,0.01117502807546489,4.999999999999908,206,2026
2026-06-09,0.01116240479843055,5.00000000000012,205,2026
2026-06-10,0.011240224876803725,5.0000000000002025,204,2026
2026-06-11,0.011283071480959993,5.000000000000162,203,2026
2026-06-12,0.011253633094461145,4.999999999999968,202,2026
2026-06-15,0.01132923257880464,4.999999999999919,199,2026
2026-06-16,0.011356146024393415,5.00000000000005,198,2026
2026-06-17,0.011312951180992879,5.0000000000000915,197,2026
2026-06-18,0.011331242868002541,5.000000000000056,196,2026
2026-06-19,0.011367250750119963,5.000000000000066,195,2026
2026-06-22,0.011468415011294898,4.999999999999757,192,2026
2026-06-23,0.011436861420554808,4.9999999999997895,191,2026
2026-06-24,0.01138287466493317,4.99999999999989,190,2026
2026-06-25,0.01138586247107417,5.000000000000012,189,2026
2026-06-26,0.011299648658241077,4.999999999999928,188,2026
2026-06-29,0.011260145100586243,4.999999999999989,185,2026
2026-06-30,0.01131755826412877,4.999999999999978,184,2026
2026-07-01,0.011359975030890595,4.999999999999584,183,2026
2026-07-02,0.01130792523078475,4.999999999999931,182,2026
2026-07-03,0.011308485114688611,5.000000000000091,181,2026
2026-07-06,0.011335490472388266,5.000000000000049,178,2026
2026-07-07,0.01135700630022863,4.999999999999965,177,2026
2026-07-08,0.011369369903340422,4.999999999999878,176,2026
2026-07-09,0.011280632251574569,4.999999999999961,175,2026
2026-07-10,0.011249309488369016,5.000000000000215,174,2026
2026-07-13,0.01120599678343033,5.0000000000000515,171,2026
2026-07-14,0.011335523135852224,5.000000000000016,170,2026
2026-07-15,0.011379010145882813,4.9999999999999,169,2026
2026-07-16,0.011396200606921212,5.000000000000208,168,2026
2026-07-17,0.011464388052891097,5.000000000000056,167,2026
2026-07-20,0.011453634162691758,5.000000000000079,164,2026
2026-07-21,0.011453691369519917,5.000000000000031,163,2026
2026-07-22,0.011488386558380593,4.999999999999909,162,2026
2026-07-23,0.011463258612299748,5.0000000000000515,161,2026
2026-07-24,0.011462938374121703,5.000000000000178,160,2026
2026-07-27,0.011514509287225843,4.99999999999992,157,2026
2026-07-28,0.01150630516333941,5.000000000000027,156,2026
2026-07-29,0.011433735338803307,4.999999999999939,155,2026
2026-07-30,0.011406446765009263,5.000000000000143,154,2026
2026-07-31,0.011464579410554232,5.000000000000118,153,2026
2026-08-03,0.01140649027668849,4.9999999999999964,150,2026
2026-08-04,0.011370838875022727,5.000000000000091,149,2026
2026-08-05,0.011378952467480767,5.000000000000152,148,2026
2026-08-06,0.011431142242861911,4.9999999999999645,147,2026
2026-08-07,0.011482330634959695,5.000000000000073,146,2026
2026-08-10,0.011509384709769399,5.000000000000015,143,2026
2026-08-11,0.011563054376670214,5.000000000000131,142,2026
2026-08-12,0.011532400400170405,5.000000000000117,141,2026
2026-08-13,0.011554602650573254,5.000000000000219,140,2026
2026-08-14,0.011543060826565732,5.0000000000001625,139,2026
2026-08-17,0.011460429774248698,5.000000000000006,136,2026
2026-08-18,0.011447574192582279,5.000000000000063,135,2026
2026-08-19,0.011465057715768124,5.000000000000066,134,2026
2026-08-20,0.011390830624905863,4.999999999999885,133,2026
2026-08-21,0.011374890316421294,5.0000000000001625,132,2026
2026-08-24,0.011374439937857608,5.0000000000000195,129,2026
2026-08-25,0.011365170333935944,5.000000000000067,128,2026
2026-08-26,0.01137817708173579,5.000000000000133,127,2026
2026-08-27,0.011353975312397667,5.00000000000004,126,2026
2026-08-28,0.011351407998866725,5.000000000000003,125,2026
