obs_date,jump_pts,jump_ann_pct,days_to_turn,year
2016-08-29,0.3119824633360984,9.000000000000014,124,2016
2016-08-30,0.311294326439861,9.000000000000021,123,2016
2016-08-31,0.3091936278366295,9.0,122,2016
2016-09-01,0.3082861886340394,9.000000000000002,121,2016
2016-09-02,0.30794071704387216,9.00000000000002,120,2016
2016-09-05,0.30919936580809243,9.00000000000002,117,2016
2016-09-06,0.31079536070374264,9.000000000000007,116,2016
2016-09-07,0.3087257529223476,9.000000000000002,115,2016
2016-09-08,0.3098437556838222,9.000000000000012,114,2016
2016-09-09,0.31032456678185777,9.000000000000007,113,2016
2016-09-12,0.3116278401741276,9.0,110,2016
2016-09-13,0.30840757007033315,9.000000000000002,109,2016
2016-09-14,0.3078214932365301,9.000000000000007,108,2016
2016-09-15,0.30904435097188815,9.000000000000002,107,2016
2016-09-16,0.3115045525882788,8.999999999999998,106,2016
2016-09-19,0.3110898674514506,9.000000000000002,103,2016
2016-09-20,0.3131890835087315,9.000000000000007,102,2016
2016-09-21,0.3136446294704951,9.000000000000004,101,2016
2016-09-22,0.3136569304705637,9.000000000000007,100,2016
2016-09-23,0.31384048650225144,9.000000000000007,99,2016
2016-09-26,0.31210432441002484,9.000000000000002,96,2016
2016-09-27,0.3111961315960575,9.000000000000007,95,2016
2016-09-28,0.3118818577989681,9.000000000000002,94,2016
2016-09-29,0.3126203851407716,8.999999999999998,93,2016
2016-09-30,0.31134699475637423,9.0,92,2016
2016-10-03,0.3129673245784031,8.99999999999999,89,2016
2016-10-04,0.3145017440167402,8.999999999999988,88,2016
2016-10-05,0.3173993399612224,8.99999999999999,87,2016
2016-10-06,0.31653279504174253,8.999999999999975,86,2016
2016-10-07,0.3185275205306761,8.999999999999998,85,2016
2016-10-10,0.3168630757348236,8.99999999999999,82,2016
2016-10-11,0.3161919949693107,8.999999999999993,81,2016
2016-10-12,0.315334998533833,8.99999999999999,80,2016
2016-10-13,0.31354374913151073,8.999999999999995,79,2016
2016-10-14,0.31380874619789567,8.999999999999993,78,2016
2016-10-17,0.31381385550982466,8.999999999999995,75,2016
2016-10-18,0.3142358506659136,8.99999999999999,74,2016
2016-10-19,0.31573400675160385,8.999999999999996,73,2016
2016-10-20,0.3150578835639356,8.99999999999999,72,2016
2016-10-21,0.3137376126960329,8.99999999999999,71,2016
2016-10-24,0.3153082073666746,8.999999999999984,68,2016
2016-10-25,0.31677090192448853,8.999999999999988,67,2016
2016-10-26,0.3172635256296622,8.999999999999996,66,2016
2016-10-27,0.31799294504777353,8.999999999999993,65,2016
2016-10-28,0.32007555352270234,8.999999999999995,64,2016
2016-10-31,0.320992054985107,8.99999999999999,61,2016
2016-11-01,0.3207377965768375,8.99999999999999,60,2016
2016-11-02,0.3202514539430808,8.999999999999998,59,2016
2016-11-03,0.31903291277668805,9.000000000000002,58,2016
2016-11-04,0.3187054892572225,8.999999999999998,57,2016
2016-11-07,0.3185810683222575,8.999999999999993,54,2016
2016-11-08,0.31852691299565616,9.0,53,2016
2016-11-09,0.3181389807007831,9.000000000000004,52,2016
2016-11-10,0.31692720813057923,9.000000000000007,51,2016
2016-11-11,0.31734760144856344,9.000000000000007,50,2016
2016-11-14,0.3173468976874794,9.000000000000007,47,2016
2016-11-15,0.31803909235628025,9.000000000000009,46,2016
2016-11-16,0.31744830017130893,9.000000000000007,45,2016
2016-11-17,0.31654971342028154,9.000000000000007,44,2016
2016-11-18,0.3169811461440916,9.000000000000007,43,2016
2016-11-21,0.3157044429349672,9.000000000000014,40,2016
2016-11-22,0.31292283705880924,9.000000000000014,39,2016
2016-11-23,0.3132398834962913,9.000000000000007,38,2016
2016-11-24,0.3115268309153284,9.000000000000014,37,2016
2016-11-25,0.3140112060976012,9.000000000000007,36,2016
2016-11-28,0.3129295698231427,9.000000000000007,33,2016
2016-11-29,0.31132438318252165,9.000000000000007,32,2016
2016-11-30,0.31227901996823565,9.000000000000002,31,2016
2016-12-01,0.3123904145657748,9.000000000000027,30,2016
2016-12-02,0.3115061137438775,9.000000000000027,29,2016
2016-12-05,0.3120884595545926,9.000000000000023,26,2016
2016-12-06,0.309828212046376,9.000000000000016,25,2016
2016-12-07,0.3084953318068258,9.000000000000007,24,2016
2016-12-08,0.3097668768970881,9.000000000000009,23,2016
2016-12-09,0.3096721235981393,9.000000000000004,22,2016
2016-12-12,0.3109409573639949,9.000000000000009,19,2016
2016-12-13,0.311606267994306,9.00000000000002,18,2016
2016-12-14,0.31297755170102803,9.000000000000016,17,2016
2016-12-15,0.31389845182171555,9.000000000000027,16,2016
2016-12-16,0.3137630576846624,8.999999999999996,15,2016
2016-12-19,,,12,2016
2016-12-20,,,11,2016
2016-12-21,,,10,2016
2016-12-22,,,9,2016
2016-12-23,,,8,2016
2016-12-26,,,5,2016
2016-12-27,,,4,2016
2016-12-28,,,3,2016
2016-12-29,,,2,2016
2016-12-30,,,1,2016
2017-01-02,,,363,2017
2017-01-03,,,362,2017
2017-01-04,,,361,2017
2017-01-05,,,360,2017
2017-01-06,,,359,2017
2017-01-09,,,356,2017
2017-01-10,,,355,2017
2017-01-11,,,354,2017
2017-01-12,,,353,2017
2017-01-13,,,352,2017
2017-01-16,,,349,2017
2017-01-17,,,348,2017
2017-01-18,,,347,2017
2017-01-19,,,346,2017
2017-01-20,,,345,2017
2017-01-23,,,342,2017
2017-01-24,,,341,2017
2017-01-25,,,340,2017
2017-01-26,,,339,2017
2017-01-27,,,338,2017
2017-01-30,,,335,2017
2017-01-31,,,334,2017
2017-02-01,,,333,2017
2017-02-02,,,332,2017
2017-02-03,,,331,2017
2017-02-06,,,328,2017
2017-02-07,,,327,2017
2017-02-08,,,326,2017
2017-02-09,,,325,2017
2017-02-10,,,324,2017
2017-02-13,,,321,2017
2017-02-14,,,320,2017
2017-02-15,,,319,2017
2017-02-16,,,318,2017
2017-02-17,,,317,2017
2017-02-20,,,314,2017
2017-02-21,,,313,2017
2017-02-22,,,312,2017
2017-02-23,,,311,2017
2017-02-24,,,310,2017
2017-02-27,,,307,2017
2017-02-28,,,306,2017
2017-03-01,,,305,2017
2017-03-02,,,304,2017
2017-03-03,,,303,2017
2017-03-06,,,300,2017
2017-03-07,,,299,2017
2017-03-08,,,298,2017
2017-03-09,,,297,2017
2017-03-10,,,296,2017
2017-03-13,,,293,2017
2017-03-14,,,292,2017
2017-03-15,,,291,2017
2017-03-16,,,290,2017
2017-03-17,,,289,2017
2017-03-20,,,286,2017
2017-03-21,,,285,2017
2017-03-22,,,284,2017
2017-03-23,,,283,2017
2017-03-24,,,282,2017
2017-03-27,,,279,2017
2017-03-28,,,278,2017
2017-03-29,,,277,2017
2017-03-30,,,276,2017
2017-03-31,,,275,2017
2017-04-03,0.2979996600118522,9.000000000000012,272,2017
2017-04-04,0.2995281040223057,8.999999999999982,271,2017
2017-04-05,0.2981850408741366,9.000000000000004,270,2017
2017-04-06,0.29934177489579966,9.000000000000014,269,2017
2017-04-07,0.3012345859689624,9.000000000000123,268,2017
2017-04-10,0.30178954424979715,8.999999999999947,265,2017
2017-04-11,0.30120102543212496,9.000000000000032,264,2017
2017-04-12,0.29900150737120346,8.999999999999998,263,2017
2017-04-13,0.30179868259893533,9.000000000000046,262,2017
2017-04-14,0.30091561503967407,8.999999999999988,261,2017
2017-04-17,0.30435265070666323,8.999999999999961,258,2017
2017-04-18,0.30335244268636535,8.99999999999997,257,2017
2017-04-19,0.30259569071389725,8.999999999999979,256,2017
2017-04-20,0.3002552443960095,9.000000000000052,255,2017
2017-04-21,0.2994037206013687,9.000000000000007,254,2017
2017-04-24,0.3010186130669554,8.99999999999997,251,2017
2017-04-25,0.3017100692719068,8.999999999999982,250,2017
2017-04-26,0.30275413941275225,8.999999999999982,249,2017
2017-04-27,0.30208827682098316,9.000000000000103,248,2017
2017-04-28,0.30300246491172667,9.000000000000027,247,2017
2017-05-01,0.300840960078131,9.0,244,2017
2017-05-02,0.3004597166477595,8.999999999999998,243,2017
2017-05-03,0.30111776844311033,9.000000000000007,242,2017
2017-05-04,0.29782035912261917,9.000000000000004,241,2017
2017-05-05,0.29744011344488663,9.000000000000052,240,2017
2017-05-08,0.2959218104210751,8.999999999999947,237,2017
2017-05-09,0.29596846900207924,8.999999999999977,236,2017
2017-05-10,0.2961715249907411,8.999999999999975,235,2017
2017-05-11,0.2966295531065489,8.999999999999956,234,2017
2017-05-12,0.29676973904682696,8.999999999999922,233,2017
2017-05-15,0.2949170432322281,9.000000000000028,230,2017
2017-05-16,0.29420866049712396,8.999999999999977,229,2017
2017-05-17,0.2933516696871278,9.000000000000014,228,2017
2017-05-18,0.29340405624289584,9.000000000000021,227,2017
2017-05-19,0.2921830494373764,8.999999999999945,226,2017
2017-05-22,0.2909678106791526,8.999999999999998,223,2017
2017-05-23,0.2891874596377193,9.000000000000032,222,2017
2017-05-24,0.28797570755530116,8.999999999999913,221,2017
2017-05-25,0.2883462441315727,8.999999999999956,220,2017
2017-05-26,0.287403588063676,9.000000000000002,219,2017
2017-05-29,0.28855679438120374,8.999999999999925,216,2017
2017-05-30,0.28959592111141536,8.999999999999966,215,2017
2017-05-31,0.28851783522375285,9.000000000000027,214,2017
2017-06-01,0.28803619264103886,8.99999999999999,213,2017
2017-06-02,0.2884835919568746,8.999999999999945,212,2017
2017-06-05,0.286810373602799,8.999999999999998,209,2017
2017-06-06,0.2881183050277254,8.99999999999999,208,2017
2017-06-07,0.2905691569904101,8.999999999999979,207,2017
2017-06-08,0.2919159731108044,8.999999999999988,206,2017
2017-06-09,0.2926144448794211,9.000000000000016,205,2017
2017-06-12,0.2925621610308218,9.000000000000004,202,2017
2017-06-13,0.29208439330125846,9.000000000000002,201,2017
2017-06-14,0.29144417422328056,8.999999999999995,200,2017
2017-06-15,0.2923068921062334,9.000000000000027,199,2017
2017-06-16,0.29405630851227016,8.99999999999999,198,2017
2017-06-19,0.2929430021800747,9.000000000000007,195,2017
2017-06-20,0.29325349408435464,9.000000000000018,194,2017
2017-06-21,0.29340369998939586,8.999999999999975,193,2017
2017-06-22,0.29429145035743703,8.999999999999975,192,2017
2017-06-23,0.2939061304594896,9.000000000000027,191,2017
2017-06-26,0.2930152209500055,9.000000000000009,188,2017
2017-06-27,0.292220166980568,8.99999999999999,187,2017
2017-06-28,0.29177748275586635,9.000000000000014,186,2017
2017-06-29,0.29198551807148876,8.999999999999995,185,2017
2017-06-30,0.2950704691584942,8.99999999999997,184,2017
2017-07-03,0.29538535170939223,9.000000000000004,181,2017
2017-07-04,0.2969608777021751,8.999999999999995,180,2017
2017-07-05,0.29626285541161035,9.000000000000016,179,2017
2017-07-06,0.2973986724588979,9.000000000000027,178,2017
2017-07-07,0.2971892586586145,9.000000000000021,177,2017
2017-07-10,0.2966208761488832,9.000000000000046,174,2017
2017-07-11,0.2965610551591177,9.000000000000027,173,2017
2017-07-12,0.29448871962387174,9.000000000000023,172,2017
2017-07-13,0.29433352524464845,9.000000000000012,171,2017
2017-07-14,0.29479516568750047,9.000000000000014,170,2017
2017-07-17,0.29346601743863227,9.000000000000036,167,2017
2017-07-18,0.2943682465562026,8.999999999999998,166,2017
2017-07-19,0.29401027086877146,9.000000000000037,165,2017
2017-07-20,0.2928359821253263,8.999999999999988,164,2017
2017-07-21,0.2924816082602063,9.000000000000014,163,2017
2017-07-24,0.2916480371087081,9.000000000000028,160,2017
2017-07-25,0.29153051883707143,9.000000000000009,159,2017
2017-07-26,0.29089332345113156,9.000000000000059,158,2017
2017-07-27,0.29132599604632103,9.000000000000004,157,2017
2017-07-28,0.29323618621794695,9.000000000000037,156,2017
2017-07-31,0.2950666059669204,8.99999999999999,153,2017
2017-08-01,0.2959282210590269,9.000000000000021,152,2017
2017-08-02,0.29499488505769955,9.000000000000014,151,2017
2017-08-03,0.29433048908092985,9.000000000000021,150,2017
2017-08-04,0.2933894268075172,8.999999999999993,149,2017
2017-08-07,0.29329910278875937,9.000000000000032,146,2017
2017-08-08,0.29335016920472246,9.000000000000007,145,2017
2017-08-09,0.29312326384311077,8.99999999999998,144,2017
2017-08-10,0.2918912777585011,8.999999999999996,143,2017
2017-08-11,0.29137111345978184,9.000000000000012,142,2017
2017-08-14,0.29163501341006426,8.999999999999995,139,2017
2017-08-15,0.29255984202537794,8.999999999999979,138,2017
2017-08-16,0.2912806328466522,8.999999999999979,137,2017
2017-08-17,0.29135513149338027,9.000000000000007,136,2017
2017-08-18,0.2937793813932847,8.999999999999995,135,2017
2017-08-21,0.2933488525756044,8.999999999999977,132,2017
2017-08-22,0.288456109582672,9.000000000000016,131,2017
2017-08-23,0.2889784272717674,9.000000000000007,130,2017
2017-08-24,0.28954677311746985,9.000000000000023,129,2017
2017-08-25,0.29008345166983174,9.000000000000016,128,2017
2017-08-28,0.28987612538156754,9.000000000000023,125,2017
2017-08-29,0.29107354573219185,9.000000000000043,124,2017
2017-08-30,0.29274415580362545,9.000000000000016,123,2017
2017-08-31,0.2933142243953739,9.000000000000012,122,2017
2017-09-01,0.29120681874626936,9.0,121,2017
2017-09-04,0.2898620541646812,9.000000000000034,118,2017
2017-09-05,0.2871364970202642,8.999999999999984,117,2017
2017-09-06,0.28726133581780583,9.000000000000007,116,2017
2017-09-07,0.28514290201423886,9.000000000000046,115,2017
2017-09-08,0.2837187125863293,9.000000000000014,114,2017
2017-09-11,0.28525175111184625,9.000000000000007,111,2017
2017-09-12,0.2853515185491931,8.999999999999993,110,2017
2017-09-13,0.28652512727740126,9.000000000000004,109,2017
2017-09-14,0.28656247572950483,9.000000000000016,108,2017
2017-09-15,0.2866417531309484,9.000000000000032,107,2017
2017-09-18,0.28613295577284886,9.000000000000012,104,2017
2017-09-19,0.28479716201944005,9.000000000000007,103,2017
2017-09-20,0.2842014913776084,9.000000000000021,102,2017
2017-09-21,0.28251941061515307,8.999999999999996,101,2017
2017-09-22,0.28371870891359774,9.0,100,2017
2017-09-25,0.2850218677396428,9.000000000000007,97,2017
2017-09-26,0.283856848489929,8.999999999999996,96,2017
2017-09-27,0.28532603161805103,9.000000000000007,95,2017
2017-09-28,0.28500188495376155,9.000000000000002,94,2017
2017-09-29,0.28430786137532654,9.000000000000007,93,2017
2017-10-02,0.28356002462996704,9.000000000000007,90,2017
2017-10-03,0.2827630761833246,9.000000000000009,89,2017
2017-10-04,0.2824342437124402,9.000000000000004,88,2017
2017-10-05,0.2821114688908422,9.000000000000004,87,2017
2017-10-06,0.2818903850083711,9.0,86,2017
2017-10-09,0.2823267340925101,9.000000000000004,83,2017
2017-10-10,0.2815369193375053,9.000000000000018,82,2017
2017-10-11,0.2817420143261551,8.999999999999996,81,2017
2017-10-12,0.280710107815063,8.999999999999988,80,2017
2017-10-13,0.27993228959868816,8.999999999999984,79,2017
2017-10-16,0.27906589649054087,8.999999999999996,76,2017
2017-10-17,0.27984335197382126,9.00000000000002,75,2017
2017-10-18,0.28191286221860345,8.999999999999966,74,2017
2017-10-19,0.28153661090192394,9.000000000000012,73,2017
2017-10-20,0.2822871460421211,9.000000000000007,72,2017
2017-10-23,0.28038430828136435,9.0,69,2017
2017-10-24,0.27968488339050257,9.000000000000007,68,2017
2017-10-25,0.2790206550612462,9.0,67,2017
2017-10-26,0.2776476898218242,8.999999999999993,66,2017
2017-10-27,0.2765663523559398,8.99999999999999,65,2017
2017-10-30,0.2778062449230252,9.000000000000004,62,2017
2017-10-31,0.2770147981733639,8.99999999999999,61,2017
2017-11-01,0.2766251150122227,9.000000000000027,60,2017
2017-11-02,0.27765175356156285,9.0,59,2017
2017-11-03,0.2779813474242693,9.000000000000012,58,2017
2017-11-06,0.2795021182494079,9.000000000000014,55,2017
2017-11-07,0.27883105287650006,9.000000000000014,54,2017
2017-11-08,0.2788364929254327,9.000000000000002,53,2017
2017-11-09,0.2774824716216616,9.000000000000012,52,2017
2017-11-10,0.2780073654337813,9.000000000000014,51,2017
2017-11-13,0.2773619603225593,9.000000000000021,48,2017
2017-11-14,0.2760143877176284,9.000000000000014,47,2017
2017-11-15,0.2767608680776545,9.00000000000004,46,2017
2017-11-16,0.27602234913260276,9.000000000000016,45,2017
2017-11-17,0.27457836322210927,9.000000000000027,44,2017
2017-11-20,0.2771995812479477,8.999999999999998,41,2017
2017-11-21,0.27642555326202883,9.000000000000002,40,2017
2017-11-22,0.2770117647136158,9.000000000000014,39,2017
2017-11-23,0.27546965228896414,9.000000000000007,38,2017
2017-11-24,0.2768398359574366,9.00000000000004,37,2017
2017-11-27,0.2749224000759608,9.000000000000018,34,2017
2017-11-28,0.27469050346841345,9.000000000000027,33,2017
2017-11-29,0.2773108453998867,9.000000000000023,32,2017
2017-11-30,0.27893471244056967,9.00000000000002,31,2017
2017-12-01,0.27800843242585355,9.000000000000016,30,2017
2017-12-04,0.2780143479013226,9.0,27,2017
2017-12-05,0.278249260738263,9.000000000000021,26,2017
2017-12-06,0.27768789462779747,9.000000000000002,25,2017
2017-12-07,0.2797578660111288,9.000000000000032,24,2017
2017-12-08,0.2817502320343552,9.00000000000005,23,2017
2017-12-11,0.28148854203677265,9.000000000000016,20,2017
2017-12-12,0.28037519069408395,8.999999999999998,19,2017
2017-12-13,0.2798773087965923,9.000000000000052,18,2017
2017-12-14,0.27984358687451183,9.000000000000016,17,2017
2017-12-15,0.2790510424179942,9.000000000000014,16,2017
2017-12-18,,,13,2017
2017-12-19,,,12,2017
2017-12-20,,,11,2017
2017-12-21,,,10,2017
2017-12-22,,,9,2017
2017-12-25,,,6,2017
2017-12-26,,,5,2017
2017-12-27,,,4,2017
2017-12-28,,,3,2017
2017-12-29,,,2,2017
2018-01-01,,,364,2018
2018-01-02,,,363,2018
2018-01-03,,,362,2018
2018-01-04,,,361,2018
2018-01-05,,,360,2018
2018-01-08,,,357,2018
2018-01-09,,,356,2018
2018-01-10,,,355,2018
2018-01-11,,,354,2018
2018-01-12,,,353,2018
2018-01-15,,,350,2018
2018-01-16,,,349,2018
2018-01-17,,,348,2018
2018-01-18,,,347,2018
2018-01-19,,,346,2018
2018-01-22,,,343,2018
2018-01-23,,,342,2018
2018-01-24,,,341,2018
2018-01-25,,,340,2018
2018-01-26,,,339,2018
2018-01-29,,,336,2018
2018-01-30,,,335,2018
2018-01-31,,,334,2018
2018-02-01,,,333,2018
2018-02-02,,,332,2018
2018-02-05,,,329,2018
2018-02-06,,,328,2018
2018-02-07,,,327,2018
2018-02-08,,,326,2018
2018-02-09,,,325,2018
2018-02-12,,,322,2018
2018-02-13,,,321,2018
2018-02-14,,,320,2018
2018-02-15,,,319,2018
2018-02-16,,,318,2018
2018-02-19,,,315,2018
2018-02-20,,,314,2018
2018-02-21,,,313,2018
2018-02-22,,,312,2018
2018-02-23,,,311,2018
2018-02-26,,,308,2018
2018-02-27,,,307,2018
2018-02-28,,,306,2018
2018-03-01,,,305,2018
2018-03-02,,,304,2018
2018-03-05,,,301,2018
2018-03-06,,,300,2018
2018-03-07,,,299,2018
2018-03-08,,,298,2018
2018-03-09,,,297,2018
2018-03-12,,,294,2018
2018-03-13,,,293,2018
2018-03-14,,,292,2018
2018-03-15,,,291,2018
2018-03-16,,,290,2018
2018-03-19,,,287,2018
2018-03-20,,,286,2018
2018-03-21,,,285,2018
2018-03-22,,,284,2018
2018-03-23,,,283,2018
2018-03-26,,,280,2018
2018-03-27,,,279,2018
2018-03-28,,,278,2018
2018-03-29,,,277,2018
2018-03-30,,,276,2018
2018-04-02,,,273,2018
2018-04-03,0.28880370607801814,9.000000000000012,272,2018
2018-04-04,0.2887167117533209,8.999999999999984,271,2018
2018-04-05,0.2864669016498245,9.000000000000002,270,2018
2018-04-06,0.285897657585763,8.99999999999997,269,2018
2018-04-09,0.28481041777878463,8.999999999999988,266,2018
2018-04-10,0.2833826856047449,9.000000000000028,265,2018
2018-04-11,0.2841592631700052,8.999999999999954,264,2018
2018-04-12,0.2821088469630481,8.999999999999964,263,2018
2018-04-13,0.28469584800165065,8.999999999999957,262,2018
2018-04-16,0.28425168872041734,9.000000000000032,259,2018
2018-04-17,0.2828917308292444,8.999999999999984,258,2018
2018-04-18,0.282431780434705,8.999999999999996,257,2018
2018-04-19,0.2812353519047287,9.000000000000016,256,2018
2018-04-20,0.27995134776862707,9.000000000000002,255,2018
2018-04-23,0.27852067585941415,8.999999999999984,252,2018
2018-04-24,0.2788986928977816,8.999999999999979,251,2018
2018-04-25,0.28068607424292913,8.999999999999954,250,2018
2018-04-26,0.2795103369545229,8.999999999999996,249,2018
2018-04-27,0.28137470961012534,9.000000000000012,248,2018
2018-04-30,0.2813276706061992,9.000000000000007,245,2018
2018-05-01,0.2803311585542254,8.999999999999977,244,2018
2018-05-02,0.280108870891465,8.99999999999998,243,2018
2018-05-03,0.27859705245924576,9.000000000000021,242,2018
2018-05-04,0.2791314550005189,9.000000000000007,241,2018
2018-05-07,0.2787825773503093,9.000000000000018,238,2018
2018-05-08,0.27811851236805285,9.000000000000023,237,2018
2018-05-09,0.27876012024671276,9.000000000000027,236,2018
2018-05-10,0.27913196008623,8.99999999999998,235,2018
2018-05-11,0.2809133213550347,9.0,234,2018
2018-05-14,0.2792238045675483,8.999999999999998,231,2018
2018-05-15,0.2810206813952629,8.999999999999979,230,2018
2018-05-16,0.27866139949310187,8.99999999999999,229,2018
2018-05-17,0.2806109710570068,9.000000000000009,228,2018
2018-05-18,0.2820109577555837,9.00000000000002,227,2018
2018-05-21,0.2814704676761064,9.000000000000027,224,2018
2018-05-22,0.28308576743877717,8.999999999999966,223,2018
2018-05-23,0.28699552533358413,8.999999999999973,222,2018
2018-05-24,0.28575139207077316,8.999999999999938,221,2018
2018-05-25,0.2846788910498739,8.999999999999947,220,2018
2018-05-28,0.2847621968074517,9.000000000000018,217,2018
2018-05-29,0.28612529603180803,8.999999999999945,216,2018
2018-05-30,0.28507730042279195,9.000000000000018,215,2018
2018-05-31,0.28352948489597357,8.999999999999977,214,2018
2018-06-01,0.2834529164039202,9.000000000000059,213,2018
2018-06-04,0.284231431942898,8.999999999999945,210,2018
2018-06-05,0.2829873450600347,8.99999999999999,209,2018
2018-06-06,0.2816391069976474,8.999999999999982,208,2018
2018-06-07,0.2794376251710823,9.000000000000071,207,2018
2018-06-08,0.2812892522428022,8.99999999999999,206,2018
2018-06-11,0.2806211886333452,9.000000000000004,203,2018
2018-06-12,0.27948912767354317,8.999999999999966,202,2018
2018-06-13,0.2798267570027382,9.000000000000059,201,2018
2018-06-14,0.279119036191091,9.000000000000002,200,2018
2018-06-15,0.2789488159531764,9.000000000000009,199,2018
2018-06-18,0.27874890742846,9.000000000000012,196,2018
2018-06-19,0.2811892746169357,8.999999999999966,195,2018
2018-06-20,0.2799374484660592,9.000000000000028,194,2018
2018-06-21,0.2796488031171849,9.000000000000018,193,2018
2018-06-22,0.28021569605768604,8.999999999999975,192,2018
2018-06-25,0.2813722972614417,9.000000000000014,189,2018
2018-06-26,0.28257604002061576,9.000000000000053,188,2018
2018-06-27,0.2817342474500128,8.999999999999966,187,2018
2018-06-28,0.28296837409324505,8.999999999999973,186,2018
2018-06-29,0.2827741272844398,8.99999999999995,185,2018
2018-07-02,0.28286458704066497,9.000000000000043,182,2018
2018-07-03,0.2827862186853855,9.000000000000034,181,2018
2018-07-04,0.28432559496966314,9.000000000000034,180,2018
2018-07-05,0.2851992193528171,9.000000000000004,179,2018
2018-07-06,0.2843379983025511,8.999999999999995,178,2018
2018-07-09,0.28373586488463515,9.000000000000009,175,2018
2018-07-10,0.2854333315138459,9.00000000000008,174,2018
2018-07-11,0.2842750808736985,9.00000000000009,173,2018
2018-07-12,0.28272877084158304,8.999999999999998,172,2018
2018-07-13,0.2827044891223608,9.000000000000046,171,2018
2018-07-16,0.2832527170060405,9.000000000000027,168,2018
2018-07-17,0.28471577374641166,9.000000000000007,167,2018
2018-07-18,0.28441680578196266,9.00000000000002,166,2018
2018-07-19,0.28595241343273514,9.00000000000004,165,2018
2018-07-20,0.28606244994225755,9.000000000000071,164,2018
2018-07-23,0.2880196392380166,8.999999999999984,161,2018
2018-07-24,0.28668674665076255,8.999999999999954,160,2018
2018-07-25,0.28486535086088094,9.000000000000066,159,2018
2018-07-26,0.28534142510617294,9.000000000000039,158,2018
2018-07-27,0.2845869445492356,9.000000000000012,157,2018
2018-07-30,0.2830355807193182,8.99999999999997,154,2018
2018-07-31,0.2815321662610599,9.000000000000043,153,2018
2018-08-01,0.28129893993053323,9.000000000000052,152,2018
2018-08-02,0.28048288707729685,8.999999999999964,151,2018
2018-08-03,0.27996179211007244,8.999999999999982,150,2018
2018-08-06,0.28036335655197897,9.000000000000021,147,2018
2018-08-07,0.278738215169295,9.000000000000076,146,2018
2018-08-08,0.2782822984816757,9.00000000000002,145,2018
2018-08-09,0.27916744159082535,9.00000000000002,144,2018
2018-08-10,0.2782552570682457,8.999999999999975,143,2018
2018-08-13,0.27924808500448467,8.999999999999982,140,2018
2018-08-14,0.2803465757592631,8.999999999999975,139,2018
2018-08-15,0.27853567391428213,9.000000000000028,138,2018
2018-08-16,0.27716574801380595,9.000000000000028,137,2018
2018-08-17,0.27613069298951265,9.000000000000009,136,2018
2018-08-20,0.27753320913239443,9.000000000000007,133,2018
2018-08-21,0.2766731117725226,9.000000000000012,132,2018
2018-08-22,0.2762786226500568,9.00000000000002,131,2018
2018-08-23,0.2755523388260964,8.999999999999973,130,2018
2018-08-24,0.2748837147504519,9.000000000000004,129,2018
2018-08-27,0.273948529015656,8.99999999999999,126,2018
2018-08-28,0.27572806475355754,8.999999999999984,125,2018
2018-08-29,0.27301195062045086,9.000000000000028,124,2018
2018-08-30,0.272646531734783,8.99999999999997,123,2018
2018-08-31,0.27358931551240345,9.000000000000007,122,2018
2018-09-03,0.2728772899403853,9.000000000000004,119,2018
2018-09-04,0.2716939913277751,8.999999999999982,118,2018
2018-09-05,0.2712548325435051,8.99999999999999,117,2018
2018-09-06,0.2715760510646781,8.99999999999999,116,2018
2018-09-07,0.2707466291218193,9.000000000000002,115,2018
2018-09-10,0.27007153415497004,8.999999999999998,112,2018
2018-09-11,0.268348042744003,9.000000000000007,111,2018
2018-09-12,0.2687203557737065,9.00000000000005,110,2018
2018-09-13,0.2676741752637513,9.000000000000007,109,2018
2018-09-14,0.26812409570418827,8.999999999999993,108,2018
2018-09-17,0.26580369683354516,9.000000000000007,105,2018
2018-09-18,0.2661410752812325,8.999999999999973,104,2018
2018-09-19,0.2688121918916584,8.999999999999995,103,2018
2018-09-20,0.27003428431239973,9.000000000000007,102,2018
2018-09-21,0.2686352619148244,9.000000000000028,101,2018
2018-09-24,0.269304880339096,9.000000000000007,98,2018
2018-09-25,0.26980867092205857,9.000000000000032,97,2018
2018-09-26,0.26896965851246535,8.999999999999988,96,2018
2018-09-27,0.2697822519745522,9.000000000000004,95,2018
2018-09-28,0.2701773337958782,9.000000000000009,94,2018
2018-10-01,0.2702036365495896,9.000000000000027,91,2018
2018-10-02,0.2708265392200439,8.999999999999993,90,2018
2018-10-03,0.2692992964155661,9.000000000000009,89,2018
2018-10-04,0.2696730591738395,9.000000000000004,88,2018
2018-10-05,0.2704316666433742,8.99999999999999,87,2018
2018-10-08,0.2706626092412676,9.000000000000002,84,2018
2018-10-09,0.2718762481526166,8.99999999999999,83,2018
2018-10-10,0.27030246212266545,9.000000000000012,82,2018
2018-10-11,0.2696879659240489,9.000000000000004,81,2018
2018-10-12,0.2707100125292006,8.999999999999995,80,2018
2018-10-15,0.2699069861182809,9.000000000000002,77,2018
2018-10-16,0.2689180501095434,8.99999999999999,76,2018
2018-10-17,0.26858989819352885,8.999999999999984,75,2018
2018-10-18,0.27070782470765975,8.999999999999993,74,2018
2018-10-19,0.27285694015284645,8.999999999999996,73,2018
2018-10-22,0.2741084852385946,8.999999999999995,70,2018
2018-10-23,0.273561277462165,8.99999999999999,69,2018
2018-10-24,0.2724619649797197,8.999999999999996,68,2018
2018-10-25,0.2745562298099002,8.999999999999998,67,2018
2018-10-26,0.2724933102645703,8.999999999999995,66,2018
2018-10-29,0.27049919774832365,8.999999999999988,63,2018
2018-10-30,0.27248816985354946,8.999999999999998,62,2018
2018-10-31,0.2741427250001556,8.99999999999999,61,2018
2018-11-01,0.27292903257087164,9.000000000000004,60,2018
2018-11-02,0.27318596413749935,9.000000000000007,59,2018
2018-11-05,0.2736865629045582,9.000000000000007,56,2018
2018-11-06,0.27296765064445283,9.000000000000016,55,2018
2018-11-07,0.2746248574686469,9.000000000000007,54,2018
2018-11-08,0.2754577808113723,9.000000000000007,53,2018
2018-11-09,0.27503519598406384,9.000000000000007,52,2018
2018-11-12,0.27279967105938974,9.000000000000007,49,2018
2018-11-13,0.2736675536406008,9.000000000000007,48,2018
2018-11-14,0.27228153811734146,8.999999999999998,47,2018
2018-11-15,0.27179676053399043,9.000000000000012,46,2018
2018-11-16,0.271392479436056,9.000000000000007,45,2018
2018-11-19,0.27100968457493557,9.000000000000007,42,2018
2018-11-20,0.2706301505746952,9.000000000000007,41,2018
2018-11-21,0.2721835414102167,9.000000000000007,40,2018
2018-11-22,0.27302398594544536,9.000000000000007,39,2018
2018-11-23,0.27179294732605364,9.000000000000002,38,2018
2018-11-26,0.270954488034852,9.0,35,2018
2018-11-27,0.27029776666984473,9.000000000000007,34,2018
2018-11-28,0.2721086843794304,9.000000000000007,33,2018
2018-11-29,0.2726452125183967,9.000000000000007,32,2018
2018-11-30,0.2715355060547945,9.000000000000004,31,2018
2018-12-03,0.2732596847528533,9.000000000000002,28,2018
2018-12-04,0.27224519691781135,9.000000000000002,27,2018
2018-12-05,0.27105869678641753,9.000000000000002,26,2018
2018-12-06,0.2712836686184948,9.000000000000007,25,2018
2018-12-07,0.27302443572710045,9.000000000000002,24,2018
2018-12-10,0.2737683604731773,9.000000000000012,21,2018
2018-12-11,0.27278744512672637,9.000000000000009,20,2018
2018-12-12,0.2739618471702013,9.000000000000007,19,2018
2018-12-13,0.2758672812520043,9.000000000000007,18,2018
2018-12-14,0.2742242485687044,9.000000000000016,17,2018
2018-12-17,0.2747432574748788,9.000000000000014,14,2018
2018-12-18,,,13,2018
2018-12-19,,,12,2018
2018-12-20,,,11,2018
2018-12-21,,,10,2018
2018-12-24,,,7,2018
2018-12-25,,,6,2018
2018-12-26,,,5,2018
2018-12-27,,,4,2018
2018-12-28,,,3,2018
2018-12-31,,,0,2018
2019-01-01,,,364,2019
2019-01-02,,,363,2019
2019-01-03,,,362,2019
2019-01-04,,,361,2019
2019-01-07,,,358,2019
2019-01-08,,,357,2019
2019-01-09,,,356,2019
2019-01-10,,,355,2019
2019-01-11,,,354,2019
2019-01-14,,,351,2019
2019-01-15,,,350,2019
2019-01-16,,,349,2019
2019-01-17,,,348,2019
2019-01-18,,,347,2019
2019-01-21,,,344,2019
2019-01-22,,,343,2019
2019-01-23,,,342,2019
2019-01-24,,,341,2019
2019-01-25,,,340,2019
2019-01-28,,,337,2019
2019-01-29,,,336,2019
2019-01-30,,,335,2019
2019-01-31,,,334,2019
2019-02-01,,,333,2019
2019-02-04,,,330,2019
2019-02-05,,,329,2019
2019-02-06,,,328,2019
2019-02-07,,,327,2019
2019-02-08,,,326,2019
2019-02-11,,,323,2019
2019-02-12,,,322,2019
2019-02-13,,,321,2019
2019-02-14,,,320,2019
2019-02-15,,,319,2019
2019-02-18,,,316,2019
2019-02-19,,,315,2019
2019-02-20,,,314,2019
2019-02-21,,,313,2019
2019-02-22,,,312,2019
2019-02-25,,,309,2019
2019-02-26,,,308,2019
2019-02-27,,,307,2019
2019-02-28,,,306,2019
2019-03-01,,,305,2019
2019-03-04,,,302,2019
2019-03-05,,,301,2019
2019-03-06,,,300,2019
2019-03-07,,,299,2019
2019-03-08,,,298,2019
2019-03-11,,,295,2019
2019-03-12,,,294,2019
2019-03-13,,,293,2019
2019-03-14,,,292,2019
2019-03-15,,,291,2019
2019-03-18,,,288,2019
2019-03-19,,,287,2019
2019-03-20,,,286,2019
2019-03-21,,,285,2019
2019-03-22,,,284,2019
2019-03-25,,,281,2019
2019-03-26,,,280,2019
2019-03-27,,,279,2019
2019-03-28,,,278,2019
2019-03-29,,,277,2019
2019-04-01,,,274,2019
2019-04-02,,,273,2019
2019-04-03,0.26654103465171686,8.999999999999998,272,2019
2019-04-04,0.2654672357933772,9.000000000000007,271,2019
2019-04-05,0.26527187551027276,8.999999999999996,270,2019
2019-04-08,0.26402197329176325,9.0,267,2019
2019-04-09,0.2649068900442023,9.000000000000002,266,2019
2019-04-10,0.263078153461105,8.999999999999975,265,2019
2019-04-11,0.26243491762079535,8.99999999999999,264,2019
2019-04-12,0.2609346956616522,8.999999999999998,263,2019
2019-04-15,0.26049793600976817,8.99999999999998,260,2019
2019-04-16,0.2607771024495675,8.999999999999988,259,2019
2019-04-17,0.26117037419834405,8.999999999999973,258,2019
2019-04-18,0.26123936205245923,9.0,257,2019
2019-04-19,0.26310355464782875,8.999999999999993,256,2019
2019-04-22,0.26383864350314,8.999999999999982,253,2019
2019-04-23,0.26322372654788323,8.99999999999999,252,2019
2019-04-24,0.26321172840615403,9.000000000000002,251,2019
2019-04-25,0.2640594646137497,8.999999999999984,250,2019
2019-04-26,0.2644344453898604,8.99999999999999,249,2019
2019-04-29,0.2647367058340962,8.999999999999998,246,2019
2019-04-30,0.2656279263689945,8.999999999999993,245,2019
2019-05-01,0.26547806206367475,9.0,244,2019
2019-05-02,0.2651591104762933,8.999999999999996,243,2019
2019-05-03,0.2657582828648494,8.999999999999998,242,2019
2019-05-06,0.26721559259517375,9.000000000000014,239,2019
2019-05-07,0.267898339149538,9.000000000000027,238,2019
2019-05-08,0.2665666738616813,9.0,237,2019
2019-05-09,0.2670469824487337,8.999999999999995,236,2019
2019-05-10,0.2682799894639147,8.999999999999998,235,2019
2019-05-13,0.2695334283592563,8.999999999999995,232,2019
2019-05-14,0.27050208140629406,9.000000000000007,231,2019
2019-05-15,0.2705905457030053,8.999999999999995,230,2019
2019-05-16,0.2707334878502167,8.999999999999977,229,2019
2019-05-17,0.26965114405848056,8.999999999999993,228,2019
2019-05-20,0.2692512448122089,9.000000000000007,225,2019
2019-05-21,0.2700085239057365,8.99999999999999,224,2019
2019-05-22,0.2691567090330555,8.99999999999997,223,2019
2019-05-23,0.26968577352210565,8.999999999999993,222,2019
2019-05-24,0.2699197028681923,8.999999999999996,221,2019
2019-05-27,0.2681248724988364,8.999999999999998,218,2019
2019-05-28,0.26829142913675097,9.0,217,2019
2019-05-29,0.2675586615531941,9.0,216,2019
2019-05-30,0.2683999964466261,9.0,215,2019
2019-05-31,0.26986559424571577,8.999999999999998,214,2019
2019-06-03,0.269473024277846,8.99999999999999,211,2019
2019-06-04,0.2690368870931705,9.000000000000002,210,2019
2019-06-05,0.2691820249321104,8.999999999999996,209,2019
2019-06-06,0.26776797292617793,9.0,208,2019
2019-06-07,0.26751005436487507,9.0,207,2019
2019-06-10,0.2682525821928569,8.999999999999995,204,2019
2019-06-11,0.26943889339788746,9.000000000000007,203,2019
2019-06-12,0.2689560696177605,8.999999999999993,202,2019
2019-06-13,0.2679892534731001,9.0,201,2019
2019-06-14,0.26751499124248723,8.999999999999993,200,2019
2019-06-17,0.2669669383291512,8.999999999999998,197,2019
2019-06-18,0.2672161953151032,9.0,196,2019
2019-06-19,0.26676003939884113,8.999999999999993,195,2019
2019-06-20,0.26530636312973943,8.999999999999996,194,2019
2019-06-21,0.26589318923262917,8.999999999999995,193,2019
2019-06-24,0.26535887087213955,8.999999999999993,190,2019
2019-06-25,0.2643927274524232,8.999999999999995,189,2019
2019-06-26,0.2632064983728203,8.999999999999995,188,2019
2019-06-27,0.262523489329978,8.999999999999995,187,2019
2019-06-28,0.261935464606094,9.0,186,2019
2019-07-01,0.26164667304157085,9.000000000000004,183,2019
2019-07-02,0.2621760481008984,8.999999999999993,182,2019
2019-07-03,0.2623968026233459,8.999999999999993,181,2019
2019-07-04,0.26179421803641656,8.999999999999984,180,2019
2019-07-05,0.26267151149916257,8.999999999999977,179,2019
2019-07-08,0.2623995889658144,8.999999999999982,176,2019
2019-07-09,0.2624947333656394,9.0,175,2019
2019-07-10,0.2631883789675876,9.000000000000014,174,2019
2019-07-11,0.2640302254919033,8.99999999999999,173,2019
2019-07-12,0.26494454036091747,8.99999999999998,172,2019
2019-07-15,0.2649410091842066,8.999999999999996,169,2019
2019-07-16,0.26417477095977604,8.999999999999998,168,2019
2019-07-17,0.26468688715844524,9.000000000000004,167,2019
2019-07-18,0.263391309738814,8.999999999999998,166,2019
2019-07-19,0.2648224129323093,9.000000000000023,165,2019
2019-07-22,0.2652699215867074,9.000000000000012,162,2019
2019-07-23,0.2634231227547856,8.999999999999996,161,2019
2019-07-24,0.26395215567274444,9.000000000000009,160,2019
2019-07-25,0.2645662972202491,9.000000000000004,159,2019
2019-07-26,0.2644813899711062,9.000000000000007,158,2019
2019-07-29,0.2646488873966981,8.99999999999999,155,2019
2019-07-30,0.2639200798496005,8.999999999999996,154,2019
2019-07-31,0.26373972902899134,9.000000000000004,153,2019
2019-08-01,0.2656819750269484,8.999999999999984,152,2019
2019-08-02,0.2651444989717454,9.000000000000012,151,2019
2019-08-05,0.2664622896501496,9.000000000000007,148,2019
2019-08-06,0.26610827244414254,9.000000000000004,147,2019
2019-08-07,0.2683748511016467,9.000000000000007,146,2019
2019-08-08,0.26911703379866087,9.000000000000016,145,2019
2019-08-09,0.26968348889563787,8.999999999999995,144,2019
2019-08-12,0.2703942349273254,9.000000000000002,141,2019
2019-08-13,0.269716995455841,8.99999999999999,140,2019
2019-08-14,0.27178072262320424,8.999999999999995,139,2019
2019-08-15,0.2731897487064197,9.000000000000007,138,2019
2019-08-16,0.2728280794107246,8.999999999999996,137,2019
2019-08-19,0.2747479755047447,8.999999999999996,134,2019
2019-08-20,0.27488459897287265,9.0,133,2019
2019-08-21,0.2752406450931696,9.000000000000002,132,2019
2019-08-22,0.27401988113470765,9.0,131,2019
2019-08-23,0.2727780510261204,9.000000000000007,130,2019
2019-08-26,0.2714833431083757,9.000000000000002,127,2019
2019-08-27,0.2706277622895874,8.999999999999998,126,2019
2019-08-28,0.2710500915831108,9.000000000000002,125,2019
2019-08-29,0.2711624334515846,8.999999999999995,124,2019
2019-08-30,0.2698144528572135,9.0,123,2019
2019-09-02,0.27042405443338907,9.000000000000007,120,2019
2019-09-03,0.26937911856973334,9.000000000000007,119,2019
2019-09-04,0.26906833691288395,9.000000000000007,118,2019
2019-09-05,0.26802167098229773,9.000000000000007,117,2019
2019-09-06,0.268914426009718,9.0,116,2019
2019-09-09,0.26965649686658627,8.999999999999998,113,2019
2019-09-10,0.2674722978207046,9.000000000000012,112,2019
2019-09-11,0.26728198385185786,9.000000000000014,111,2019
2019-09-12,0.2681827512859016,9.000000000000016,110,2019
2019-09-13,0.26788593728010623,9.0,109,2019
2019-09-16,0.26811713059029874,9.000000000000009,106,2019
2019-09-17,0.2669495582925402,9.000000000000004,105,2019
2019-09-18,0.26554173316729857,9.000000000000009,104,2019
2019-09-19,0.2645531964246141,9.000000000000007,103,2019
2019-09-20,0.2628730499273592,9.0,102,2019
2019-09-23,0.2644593502946742,8.999999999999998,99,2019
2019-09-24,0.2632817747639998,8.999999999999996,98,2019
2019-09-25,0.2629007604283098,9.000000000000004,97,2019
2019-09-26,0.2632623712680024,9.000000000000004,96,2019
2019-09-27,0.2611023261275103,9.000000000000007,95,2019
2019-09-30,0.2603244786165554,9.000000000000016,92,2019
2019-10-01,0.25987522079329933,9.000000000000007,91,2019
2019-10-02,0.2588093259287783,8.999999999999995,90,2019
2019-10-03,0.26056347730427704,9.000000000000012,89,2019
2019-10-04,0.2597527332527078,9.000000000000016,88,2019
2019-10-07,0.26106783972629233,8.999999999999998,85,2019
2019-10-08,0.26058258264855944,9.000000000000004,84,2019
2019-10-09,0.2598834562409062,8.999999999999996,83,2019
2019-10-10,0.2594892339375298,8.999999999999996,82,2019
2019-10-11,0.2596119349365801,8.999999999999996,81,2019
2019-10-14,0.25977851100085203,9.000000000000004,78,2019
2019-10-15,0.2603617874204444,8.999999999999998,77,2019
2019-10-16,0.26245594792284394,8.99999999999999,76,2019
2019-10-17,0.261831626018761,8.99999999999999,75,2019
2019-10-18,0.2645991352788493,8.999999999999996,74,2019
2019-10-21,0.2646716628132762,8.999999999999996,71,2019
2019-10-22,0.2642255498446032,8.999999999999982,70,2019
2019-10-23,0.2652316035690735,8.999999999999993,69,2019
2019-10-24,0.26456555553668043,8.999999999999998,68,2019
2019-10-25,0.26393871920870665,8.999999999999995,67,2019
2019-10-28,0.263271720205081,8.999999999999998,64,2019
2019-10-29,0.26265562437506623,9.0,63,2019
2019-10-30,0.2626826405130163,9.000000000000004,62,2019
2019-10-31,0.2632720902727847,8.99999999999999,61,2019
2019-11-01,0.26379745220993855,9.000000000000027,60,2019
2019-11-04,0.2633889464719868,9.000000000000018,57,2019
2019-11-05,0.2632093905185157,9.000000000000021,56,2019
2019-11-06,0.2634361911605626,9.000000000000012,55,2019
2019-11-07,0.26417063063417867,9.00000000000002,54,2019
2019-11-08,0.2632916817330114,9.000000000000009,53,2019
2019-11-11,0.2644736125938642,9.000000000000012,50,2019
2019-11-12,0.2651812768919085,9.000000000000027,49,2019
2019-11-13,0.26651997201704336,9.000000000000028,48,2019
2019-11-14,0.2662353016030424,9.00000000000002,47,2019
2019-11-15,0.26685492773212394,9.0,46,2019
2019-11-18,0.26783012076707385,8.999999999999996,43,2019
2019-11-19,0.2686370425592168,9.000000000000027,42,2019
2019-11-20,0.26727869707553087,9.00000000000002,41,2019
2019-11-21,0.2671617276092042,9.0,40,2019
2019-11-22,0.2662849939205645,9.000000000000014,39,2019
2019-11-25,0.2664312920335064,9.000000000000009,36,2019
2019-11-26,0.2673111107792489,9.000000000000002,35,2019
2019-11-27,0.27025761835825296,9.000000000000023,34,2019
2019-11-28,0.2699813732491771,9.000000000000014,33,2019
2019-11-29,0.26915767568717086,9.000000000000023,32,2019
2019-12-02,0.26892960505407226,9.000000000000002,29,2019
2019-12-03,0.26967461107340945,9.000000000000007,28,2019
2019-12-04,0.26921632178044075,9.0,27,2019
2019-12-05,0.26889800157184224,9.000000000000012,26,2019
2019-12-06,0.2705735584438334,8.999999999999996,25,2019
2019-12-09,0.27155460370379514,9.000000000000016,22,2019
2019-12-10,0.27304018580359773,9.00000000000002,21,2019
2019-12-11,0.27287904535908925,8.999999999999995,20,2019
2019-12-12,0.27086900848165785,9.0,19,2019
2019-12-13,0.27090359122217184,9.0,18,2019
2019-12-16,0.26911430948447623,9.00000000000002,15,2019
2019-12-17,0.27088130732842575,9.000000000000021,14,2019
2019-12-18,,,13,2019
2019-12-19,,,12,2019
2019-12-20,,,11,2019
2019-12-23,,,8,2019
2019-12-24,,,7,2019
2019-12-25,,,6,2019
2019-12-26,,,5,2019
2019-12-27,,,4,2019
2019-12-30,,,1,2019
2019-12-31,,,0,2019
2020-01-01,,,365,2020
2020-01-02,,,364,2020
2020-01-03,,,363,2020
2020-01-06,,,360,2020
2020-01-07,,,359,2020
2020-01-08,,,358,2020
2020-01-09,,,357,2020
2020-01-10,,,356,2020
2020-01-13,,,353,2020
2020-01-14,,,352,2020
2020-01-15,,,351,2020
2020-01-16,,,350,2020
2020-01-17,,,349,2020
2020-01-20,,,346,2020
2020-01-21,,,345,2020
2020-01-22,,,344,2020
2020-01-23,,,343,2020
2020-01-24,,,342,2020
2020-01-27,,,339,2020
2020-01-28,,,338,2020
2020-01-29,,,337,2020
2020-01-30,,,336,2020
2020-01-31,,,335,2020
2020-02-03,,,332,2020
2020-02-04,,,331,2020
2020-02-05,,,330,2020
2020-02-06,,,329,2020
2020-02-07,,,328,2020
2020-02-10,,,325,2020
2020-02-11,,,324,2020
2020-02-12,,,323,2020
2020-02-13,,,322,2020
2020-02-14,,,321,2020
2020-02-17,,,318,2020
2020-02-18,,,317,2020
2020-02-19,,,316,2020
2020-02-20,,,315,2020
2020-02-21,,,314,2020
2020-02-24,,,311,2020
2020-02-25,,,310,2020
2020-02-26,,,309,2020
2020-02-27,,,308,2020
2020-02-28,,,307,2020
2020-03-02,,,304,2020
2020-03-03,,,303,2020
2020-03-04,,,302,2020
2020-03-05,,,301,2020
2020-03-06,,,300,2020
2020-03-09,,,297,2020
2020-03-10,,,296,2020
2020-03-11,,,295,2020
2020-03-12,,,294,2020
2020-03-13,,,293,2020
2020-03-16,,,290,2020
2020-03-17,,,289,2020
2020-03-18,,,288,2020
2020-03-19,,,287,2020
2020-03-20,,,286,2020
2020-03-23,,,283,2020
2020-03-24,,,282,2020
2020-03-25,,,281,2020
2020-03-26,,,280,2020
2020-03-27,,,279,2020
2020-03-30,,,276,2020
2020-03-31,,,275,2020
2020-04-01,,,274,2020
2020-04-02,,,273,2020
2020-04-03,0.28289586852909254,9.000000000000018,272,2020
2020-04-06,0.285150756489609,9.000000000000014,269,2020
2020-04-07,0.2833006602356248,8.999999999999975,268,2020
2020-04-08,0.2838147228707215,8.99999999999999,267,2020
2020-04-09,0.2828864732396054,8.999999999999995,266,2020
2020-04-10,0.2828268166120655,9.000000000000007,265,2020
2020-04-13,0.28398578860919454,9.000000000000007,262,2020
2020-04-14,0.28670725103834105,9.00000000000005,261,2020
2020-04-15,0.28746867617363114,8.999999999999957,260,2020
2020-04-16,0.287308222437183,9.000000000000046,259,2020
2020-04-17,0.28754808711588636,8.99999999999997,258,2020
2020-04-20,0.28879198964240405,9.000000000000007,255,2020
2020-04-21,0.28802034397031917,9.000000000000012,254,2020
2020-04-22,0.2878334190466407,8.99999999999997,253,2020
2020-04-23,0.2869408319411079,9.000000000000021,252,2020
2020-04-24,0.28853228892781674,8.99999999999997,251,2020
2020-04-27,0.2888113661697421,8.999999999999973,248,2020
2020-04-28,0.2881343238076181,8.999999999999956,247,2020
2020-04-29,0.28888815379072397,9.000000000000027,246,2020
2020-04-30,0.28979814731225473,9.000000000000018,245,2020
2020-05-01,0.2888702474636787,8.999999999999975,244,2020
2020-05-04,0.2905675069150767,8.999999999999977,241,2020
2020-05-05,0.29243752505574266,8.99999999999997,240,2020
2020-05-06,0.2937541694479781,9.000000000000027,239,2020
2020-05-07,0.2949240833999961,8.999999999999988,238,2020
2020-05-08,0.29455314706798047,9.000000000000021,237,2020
2020-05-11,0.29572256668324853,9.00000000000002,234,2020
2020-05-12,0.298379121720527,8.999999999999993,233,2020
2020-05-13,0.29791151747565126,8.99999999999997,232,2020
2020-05-14,0.30056483220020885,8.999999999999979,231,2020
2020-05-15,0.30114431267770414,8.99999999999999,230,2020
2020-05-18,0.30174156942284786,9.0,227,2020
2020-05-19,0.3029111738555547,8.99999999999998,226,2020
2020-05-20,0.30286606002916805,8.999999999999979,225,2020
2020-05-21,0.3025711929745468,9.00000000000002,224,2020
2020-05-22,0.3014430943508962,9.000000000000028,223,2020
2020-05-25,0.301282444874474,8.99999999999999,220,2020
2020-05-26,0.302502321452223,9.0,219,2020
2020-05-27,0.30400092789262173,8.999999999999979,218,2020
2020-05-28,0.3035589066984336,8.99999999999999,217,2020
2020-05-29,0.3009846422115001,9.000000000000007,216,2020
2020-06-01,0.3003450399535091,9.000000000000012,213,2020
2020-06-02,0.3008996521659653,8.999999999999975,212,2020
2020-06-03,0.3008125115872527,9.000000000000007,211,2020
2020-06-04,0.3014763869548975,8.999999999999964,210,2020
2020-06-05,0.30109013635423054,8.999999999999988,209,2020
2020-06-08,0.2978522797502485,8.999999999999984,206,2020
2020-06-09,0.2993112763711602,8.99999999999999,205,2020
2020-06-10,0.29894515793785614,8.999999999999993,204,2020
2020-06-11,0.2989811907128161,8.999999999999979,203,2020
2020-06-12,0.2981834482069052,8.999999999999975,202,2020
2020-06-15,0.29612403231049694,9.0,199,2020
2020-06-16,0.2967443905122615,8.999999999999977,198,2020
2020-06-17,0.2971666672649806,8.99999999999997,197,2020
2020-06-18,0.29830407180871105,8.999999999999998,196,2020
2020-06-19,0.29876903257085335,8.999999999999964,195,2020
2020-06-22,0.2983872595368732,8.999999999999998,192,2020
2020-06-23,0.29945197869146106,8.999999999999979,191,2020
2020-06-24,0.2994049273151462,8.99999999999998,190,2020
2020-06-25,0.29984165695082304,9.0,189,2020
2020-06-26,0.2989043147304158,8.999999999999966,188,2020
2020-06-29,0.29810807101600817,8.999999999999975,185,2020
2020-06-30,0.2975802643402339,8.999999999999975,184,2020
2020-07-01,0.29595537481132334,8.99999999999999,183,2020
2020-07-02,0.2950763502464405,9.000000000000002,182,2020
2020-07-03,0.29576117864981216,9.000000000000023,181,2020
2020-07-06,0.29578206237218196,9.000000000000012,178,2020
2020-07-07,0.295716270331713,8.999999999999996,177,2020
2020-07-08,0.29283722485923336,9.0,176,2020
2020-07-09,0.293292569418098,9.000000000000004,175,2020
2020-07-10,0.29304377701680984,9.000000000000007,174,2020
2020-07-13,0.2936927113951376,9.000000000000027,171,2020
2020-07-14,0.2934094664070795,8.99999999999999,170,2020
2020-07-15,0.29243217916917935,9.0,169,2020
2020-07-16,0.29103832410354924,8.999999999999998,168,2020
2020-07-17,0.29148205987737785,8.999999999999998,167,2020
2020-07-20,0.29209219293829275,8.999999999999996,164,2020
2020-07-21,0.2907807563708787,9.0,163,2020
2020-07-22,0.2915596698731846,8.999999999999996,162,2020
2020-07-23,0.29189689235426375,9.0,161,2020
2020-07-24,0.2923820372557407,8.999999999999993,160,2020
2020-07-27,0.2927325691391065,9.0,157,2020
2020-07-28,0.2926939793604459,8.999999999999998,156,2020
2020-07-29,0.292318062565217,8.999999999999998,155,2020
2020-07-30,0.2916167401678891,9.0,154,2020
2020-07-31,0.29043316217821824,9.000000000000002,153,2020
2020-08-03,0.29089011082983585,9.0,150,2020
2020-08-04,0.2913778049300481,9.0,149,2020
2020-08-05,0.2919099628429632,8.999999999999998,148,2020
2020-08-06,0.2932740531293656,9.000000000000012,147,2020
2020-08-07,0.29090406661276585,9.00000000000002,146,2020
2020-08-10,0.2904020609433268,8.999999999999998,143,2020
2020-08-11,0.2897344664003567,9.000000000000009,142,2020
2020-08-12,0.2911060423026051,8.999999999999996,141,2020
2020-08-13,0.29022383297351917,9.000000000000007,140,2020
2020-08-14,0.29143119919480487,8.99999999999999,139,2020
2020-08-17,0.29102683881027425,9.0,136,2020
2020-08-18,0.2929694154876537,9.00000000000002,135,2020
2020-08-19,0.29227358489437405,9.0,134,2020
2020-08-20,0.2939710969163751,8.99999999999999,133,2020
2020-08-21,0.29460728665450275,8.99999999999999,132,2020
2020-08-24,0.29221031120736457,8.999999999999993,129,2020
2020-08-25,0.2927120751374065,9.000000000000007,128,2020
2020-08-26,0.29184268235328414,9.0,127,2020
2020-08-27,0.29420622674281105,9.000000000000002,126,2020
2020-08-28,0.293019573206173,9.000000000000007,125,2020
2020-08-31,0.2916559907549434,8.999999999999998,122,2020
2020-09-01,0.2925328612102501,9.000000000000007,121,2020
2020-09-02,0.290779422594369,9.000000000000004,120,2020
2020-09-03,0.29037215254989257,8.999999999999998,119,2020
2020-09-04,0.29255786221363433,9.000000000000009,118,2020
2020-09-07,0.292275232729181,9.000000000000007,115,2020
2020-09-08,0.29064872989396967,9.000000000000007,114,2020
2020-09-09,0.2904434876814624,9.000000000000002,113,2020
2020-09-10,0.2917955664480305,9.000000000000007,112,2020
2020-09-11,0.2917374330222121,9.000000000000007,111,2020
2020-09-14,0.293764480415588,9.0,108,2020
2020-09-15,0.29339984718877604,9.000000000000004,107,2020
2020-09-16,0.29200928798888653,9.0,106,2020
2020-09-17,0.29198569017291415,9.000000000000002,105,2020
2020-09-18,0.29122572586436246,9.000000000000002,104,2020
2020-09-21,0.29292094006369146,9.0,101,2020
2020-09-22,0.29438329296674415,9.000000000000007,100,2020
2020-09-23,0.29537788573249874,9.000000000000004,99,2020
2020-09-24,0.2946209512209914,9.000000000000004,98,2020
2020-09-25,0.2953515160573741,9.000000000000002,97,2020
2020-09-28,0.29615210076300186,9.000000000000004,94,2020
2020-09-29,0.2985155614675653,9.000000000000004,93,2020
2020-09-30,0.299102770386172,8.999999999999998,92,2020
2020-10-01,0.2994769133798216,9.0,91,2020
2020-10-02,0.2989882310777135,8.999999999999996,90,2020
2020-10-05,0.29861680521497,8.999999999999996,87,2020
2020-10-06,0.2984628037595439,8.999999999999995,86,2020
2020-10-07,0.2968042102005176,8.999999999999995,85,2020
2020-10-08,0.29499186290730295,8.999999999999993,84,2020
2020-10-09,0.2938828288429956,8.999999999999998,83,2020
2020-10-12,0.2943797424642588,8.99999999999999,80,2020
2020-10-13,0.2921904021150832,8.99999999999999,79,2020
2020-10-14,0.29117600551418027,8.999999999999996,78,2020
2020-10-15,0.2899628039576652,8.99999999999999,77,2020
2020-10-16,0.28964725725291857,8.999999999999995,76,2020
2020-10-19,0.28809321799166576,8.99999999999999,73,2020
2020-10-20,0.28679669765216376,8.999999999999993,72,2020
2020-10-21,0.2870101155462687,8.999999999999996,71,2020
2020-10-22,0.28660650330764526,8.999999999999993,70,2020
2020-10-23,0.2862573100137115,8.999999999999993,69,2020
2020-10-26,0.28478539008648,8.99999999999999,66,2020
2020-10-27,0.28414231558141617,8.99999999999999,65,2020
2020-10-28,0.2842895759174312,9.0,64,2020
2020-10-29,0.283366055656648,8.999999999999995,63,2020
2020-10-30,0.28278210799994674,8.99999999999999,62,2020
2020-11-02,0.28344356128587084,8.999999999999996,59,2020
2020-11-03,0.28437622554768216,9.000000000000002,58,2020
2020-11-04,0.28560791221504356,8.999999999999998,57,2020
2020-11-05,0.2833182179287126,8.999999999999998,56,2020
2020-11-06,0.2836758729784619,9.000000000000002,55,2020
2020-11-09,0.28208315378597115,8.999999999999996,52,2020
2020-11-10,0.2820186869709063,9.0,51,2020
2020-11-11,0.2836855836729486,9.000000000000007,50,2020
2020-11-12,0.28310811667679114,8.999999999999996,49,2020
2020-11-13,0.28425486443415876,8.999999999999998,48,2020
2020-11-16,0.28625152438117984,8.999999999999993,45,2020
2020-11-17,0.2861848764778109,9.0,44,2020
2020-11-18,0.2850175313909152,8.999999999999996,43,2020
2020-11-19,0.2855321315082943,9.000000000000004,42,2020
2020-11-20,0.28678702923296506,9.000000000000002,41,2020
2020-11-23,0.2884732876049777,9.000000000000002,38,2020
2020-11-24,0.2898454783771736,9.000000000000002,37,2020
2020-11-25,0.2895362148591051,9.000000000000004,36,2020
2020-11-26,0.2883309581106456,9.000000000000004,35,2020
2020-11-27,0.28897427437377415,8.99999999999999,34,2020
2020-11-30,0.2908066925244475,9.000000000000016,31,2020
2020-12-01,0.2911293484856399,9.000000000000018,30,2020
2020-12-02,0.291982045208999,9.000000000000021,29,2020
2020-12-03,0.2900529463397621,9.000000000000016,28,2020
2020-12-04,0.2896348746577166,9.000000000000012,27,2020
2020-12-07,0.2919084697430305,9.000000000000034,24,2020
2020-12-08,0.29250061418100554,9.000000000000023,23,2020
2020-12-09,0.29351609410132523,9.000000000000016,22,2020
2020-12-10,0.29335824523710047,9.000000000000046,21,2020
2020-12-11,0.29377281723331666,9.000000000000002,20,2020
2020-12-14,0.2935011310740987,9.000000000000034,17,2020
2020-12-15,0.29467531373001393,9.000000000000036,16,2020
2020-12-16,0.295258296057835,8.999999999999993,15,2020
2020-12-17,0.2965001001519272,9.000000000000016,14,2020
2020-12-18,,,13,2020
2020-12-21,,,10,2020
2020-12-22,,,9,2020
2020-12-23,,,8,2020
2020-12-24,,,7,2020
2020-12-25,,,6,2020
2020-12-28,,,3,2020
2020-12-29,,,2,2020
2020-12-30,,,1,2020
2020-12-31,,,0,2020
2021-01-01,,,364,2021
2021-01-04,,,361,2021
2021-01-05,,,360,2021
2021-01-06,,,359,2021
2021-01-07,,,358,2021
2021-01-08,,,357,2021
2021-01-11,,,354,2021
2021-01-12,,,353,2021
2021-01-13,,,352,2021
2021-01-14,,,351,2021
2021-01-15,,,350,2021
2021-01-18,,,347,2021
2021-01-19,,,346,2021
2021-01-20,,,345,2021
2021-01-21,,,344,2021
2021-01-22,,,343,2021
2021-01-25,,,340,2021
2021-01-26,,,339,2021
2021-01-27,,,338,2021
2021-01-28,,,337,2021
2021-01-29,,,336,2021
2021-02-01,,,333,2021
2021-02-02,,,332,2021
2021-02-03,,,331,2021
2021-02-04,,,330,2021
2021-02-05,,,329,2021
2021-02-08,,,326,2021
2021-02-09,,,325,2021
2021-02-10,,,324,2021
2021-02-11,,,323,2021
2021-02-12,,,322,2021
2021-02-15,,,319,2021
2021-02-16,,,318,2021
2021-02-17,,,317,2021
2021-02-18,,,316,2021
2021-02-19,,,315,2021
2021-02-22,,,312,2021
2021-02-23,,,311,2021
2021-02-24,,,310,2021
2021-02-25,,,309,2021
2021-02-26,,,308,2021
2021-03-01,,,305,2021
2021-03-02,,,304,2021
2021-03-03,,,303,2021
2021-03-04,,,302,2021
2021-03-05,,,301,2021
2021-03-08,,,298,2021
2021-03-09,,,297,2021
2021-03-10,,,296,2021
2021-03-11,,,295,2021
2021-03-12,,,294,2021
2021-03-15,,,291,2021
2021-03-16,,,290,2021
2021-03-17,,,289,2021
2021-03-18,,,288,2021
2021-03-19,,,287,2021
2021-03-22,,,284,2021
2021-03-23,,,283,2021
2021-03-24,,,282,2021
2021-03-25,,,281,2021
2021-03-26,,,280,2021
2021-03-29,,,277,2021
2021-03-30,,,276,2021
2021-03-31,,,275,2021
2021-04-01,,,274,2021
2021-04-02,,,273,2021
2021-04-05,0.29782179121438324,8.999999999999998,270,2021
2021-04-06,0.2964966559975422,8.999999999999995,269,2021
2021-04-07,0.2973877731925838,8.999999999999993,268,2021
2021-04-08,0.2977277651230027,8.99999999999999,267,2021
2021-04-09,0.29794816378861566,9.000000000000002,266,2021
2021-04-12,0.2993290467544146,9.0,263,2021
2021-04-13,0.2985229092260024,9.0,262,2021
2021-04-14,0.300398664776041,8.99999999999999,261,2021
2021-04-15,0.3005760681440804,8.999999999999984,260,2021
2021-04-16,0.3010076882128179,9.000000000000007,259,2021
2021-04-19,0.29909752539626383,9.000000000000007,256,2021
2021-04-20,0.30003906763296495,9.000000000000007,255,2021
2021-04-21,0.298971622715047,8.999999999999996,254,2021
2021-04-22,0.30046255817204276,9.0,253,2021
2021-04-23,0.2993927578966523,8.999999999999995,252,2021
2021-04-26,0.30047936068361125,8.999999999999996,249,2021
2021-04-27,0.3014654425950445,8.999999999999996,248,2021
2021-04-28,0.30121432140486737,8.999999999999996,247,2021
2021-04-29,0.3001936197802967,8.999999999999995,246,2021
2021-04-30,0.2984236568693692,8.999999999999995,245,2021
2021-05-03,0.2987969077151387,9.000000000000004,242,2021
2021-05-04,0.30192963105634607,8.999999999999998,241,2021
2021-05-05,0.3007013586685902,8.99999999999999,240,2021
2021-05-06,0.3013003904758496,8.999999999999996,239,2021
2021-05-07,0.3004333004147821,8.999999999999998,238,2021
2021-05-10,0.2995793186195927,8.99999999999999,235,2021
2021-05-11,0.2973466972051619,8.999999999999975,234,2021
2021-05-12,0.2990794237061264,9.000000000000027,233,2021
2021-05-13,0.30059999359519707,9.000000000000007,232,2021
2021-05-14,0.3010037418220278,8.999999999999996,231,2021
2021-05-17,0.302191695112376,9.0,228,2021
2021-05-18,0.30316505535594346,8.999999999999993,227,2021
2021-05-19,0.30117359156085155,9.000000000000007,226,2021
2021-05-20,0.30160909375702627,9.000000000000012,225,2021
2021-05-21,0.30113615591792436,9.0,224,2021
2021-05-24,0.3018337256601625,8.99999999999999,221,2021
2021-05-25,0.30119950258469236,9.000000000000004,220,2021
2021-05-26,0.30217259683100794,8.999999999999998,219,2021
2021-05-27,0.302701718193621,8.999999999999964,218,2021
2021-05-28,0.3030408252388524,8.99999999999998,217,2021
2021-05-31,0.3017238100027504,9.000000000000007,214,2021
2021-06-01,0.30107925464912233,8.999999999999993,213,2021
2021-06-02,0.3014674003606517,9.000000000000027,212,2021
2021-06-03,0.3015662769969713,8.999999999999998,211,2021
2021-06-04,0.3013717003459417,8.999999999999998,210,2021
2021-06-07,0.30241324718649437,9.000000000000002,207,2021
2021-06-08,0.30053354194640397,8.999999999999979,206,2021
2021-06-09,0.2978850323946979,8.99999999999999,205,2021
2021-06-10,0.2984869301493179,9.000000000000007,204,2021
2021-06-11,0.29763227498093076,8.99999999999999,203,2021
2021-06-14,0.2974741012862931,9.000000000000004,200,2021
2021-06-15,0.2980352927188304,9.000000000000007,199,2021
2021-06-16,0.29749382230928834,8.999999999999998,198,2021
2021-06-17,0.29611954588258776,9.000000000000007,197,2021
2021-06-18,0.2956367942240228,8.999999999999996,196,2021
2021-06-21,0.294978273107511,9.000000000000002,193,2021
2021-06-22,0.2954809345403367,9.000000000000002,192,2021
2021-06-23,0.2948602106014244,8.99999999999998,191,2021
2021-06-24,0.2933349500707993,9.000000000000032,190,2021
2021-06-25,0.29305890913892685,8.999999999999996,189,2021
2021-06-28,0.29206645747599175,8.999999999999973,186,2021
2021-06-29,0.2901389060657973,9.0,185,2021
2021-06-30,0.2894938042338033,8.999999999999984,184,2021
2021-07-01,0.28948402638029996,9.000000000000007,183,2021
2021-07-02,0.2917394093479609,8.999999999999993,182,2021
2021-07-05,0.2893586179850396,8.99999999999999,179,2021
2021-07-06,0.2883762852803295,9.000000000000007,178,2021
2021-07-07,0.2881273502452991,8.999999999999996,177,2021
2021-07-08,0.28821871190774545,9.000000000000009,176,2021
2021-07-09,0.2870072142248571,9.000000000000007,175,2021
2021-07-12,0.28797223125268356,9.000000000000007,172,2021
2021-07-13,0.28730643524272476,9.000000000000007,171,2021
2021-07-14,0.28691142504506983,8.999999999999984,170,2021
2021-07-15,0.28758227632376776,8.99999999999999,169,2021
2021-07-16,0.2873583855343672,9.000000000000016,168,2021
2021-07-19,0.2850185474582231,9.000000000000032,165,2021
2021-07-20,0.283916073012042,8.999999999999982,164,2021
2021-07-21,0.28511739382080004,9.000000000000043,163,2021
2021-07-22,0.2870027436334537,9.000000000000032,162,2021
2021-07-23,0.28781231065302687,9.000000000000018,161,2021
2021-07-26,0.28874578589819394,9.000000000000002,158,2021
2021-07-27,0.29014178231510224,9.000000000000021,157,2021
2021-07-28,0.2908419588979743,9.000000000000021,156,2021
2021-07-29,0.2921694149914076,8.999999999999979,155,2021
2021-07-30,0.29329491736256785,8.999999999999993,154,2021
2021-08-02,0.2930482026631587,8.999999999999995,151,2021
2021-08-03,0.29314806252006975,9.0,150,2021
2021-08-04,0.29512792876048766,8.99999999999999,149,2021
2021-08-05,0.29579928289251106,9.000000000000012,148,2021
2021-08-06,0.2948867196084079,8.999999999999998,147,2021
2021-08-09,0.2961067001663924,8.99999999999999,144,2021
2021-08-10,0.29756573165464645,8.999999999999993,143,2021
2021-08-11,0.2993417372027874,9.000000000000007,142,2021
2021-08-12,0.2998308096697102,9.000000000000016,141,2021
2021-08-13,0.2997734174337607,9.000000000000007,140,2021
2021-08-16,0.3004009576033833,9.0,137,2021
2021-08-17,0.30028283779871856,9.000000000000016,136,2021
2021-08-18,0.30073052924794313,9.000000000000009,135,2021
2021-08-19,0.30028282034499043,8.999999999999996,134,2021
2021-08-20,0.2998003899996339,9.000000000000002,133,2021
2021-08-23,0.298204420037022,8.999999999999998,130,2021
2021-08-24,0.29761264625384803,8.999999999999996,129,2021
2021-08-25,0.29856513597929096,9.000000000000009,128,2021
2021-08-26,0.30071477336067914,8.999999999999984,127,2021
2021-08-27,0.3006603015270624,9.000000000000004,126,2021
2021-08-30,0.2995085741844152,9.000000000000012,123,2021
2021-08-31,0.29733694307436875,9.000000000000007,122,2021
2021-09-01,0.2980601679844383,9.000000000000018,121,2021
2021-09-02,0.2969610369642964,9.000000000000014,120,2021
2021-09-03,0.29763110095784967,9.000000000000012,119,2021
2021-09-06,0.29905564843571747,8.999999999999988,116,2021
2021-09-07,0.2982832497039583,9.000000000000009,115,2021
2021-09-08,0.29806197293713566,9.000000000000027,114,2021
2021-09-09,0.29824019483658126,9.0,113,2021
2021-09-10,0.2994492047653469,9.000000000000012,112,2021
2021-09-13,0.29916041000444166,9.000000000000007,109,2021
2021-09-14,0.29962768540716295,8.999999999999995,108,2021
2021-09-15,0.29911920661697694,9.000000000000028,107,2021
2021-09-16,0.2984615689742441,9.000000000000009,106,2021
2021-09-17,0.29970359985985273,9.000000000000016,105,2021
2021-09-20,0.29983220218287526,9.000000000000016,102,2021
2021-09-21,0.29915496415114523,9.000000000000004,101,2021
2021-09-22,0.3007632100799946,9.000000000000016,100,2021
2021-09-23,0.3004480214112185,9.000000000000016,99,2021
2021-09-24,0.30099213252159807,9.00000000000002,98,2021
2021-09-27,0.3032182262824519,9.000000000000007,95,2021
2021-09-28,0.30373770420266893,9.000000000000009,94,2021
2021-09-29,0.30492431273588877,8.999999999999998,93,2021
2021-09-30,0.30523029773624216,8.999999999999995,92,2021
2021-10-01,0.3049926615399758,9.000000000000016,91,2021
2021-10-04,0.30479286920715476,9.000000000000009,88,2021
2021-10-05,0.3053867251604572,9.000000000000002,87,2021
2021-10-06,0.3053285034699318,9.000000000000027,86,2021
2021-10-07,0.3047324612717301,9.000000000000027,85,2021
2021-10-08,0.3058594522809408,8.999999999999979,84,2021
2021-10-11,0.3059684137454078,9.000000000000018,81,2021
2021-10-12,0.30719643743360925,8.99999999999999,80,2021
2021-10-13,0.3080073956440759,9.000000000000014,79,2021
2021-10-14,0.3080796928107482,8.999999999999993,78,2021
2021-10-15,0.3080798356776972,8.999999999999988,77,2021
2021-10-18,0.3085913872834832,9.000000000000037,74,2021
2021-10-19,0.30857247730167453,9.000000000000016,73,2021
2021-10-20,0.308340069870076,9.000000000000014,72,2021
2021-10-21,0.3094017464270771,9.000000000000028,71,2021
2021-10-22,0.3082692495484165,9.000000000000012,70,2021
2021-10-25,0.3087385032706987,9.000000000000009,67,2021
2021-10-26,0.3083585261435394,9.000000000000009,66,2021
2021-10-27,0.31141075642234883,9.000000000000016,65,2021
2021-10-28,0.31254511033075266,9.000000000000016,64,2021
2021-10-29,0.3127211348780524,8.99999999999996,63,2021
2021-11-01,0.3142951776683492,9.000000000000027,60,2021
2021-11-02,0.31393695607923794,8.99999999999999,59,2021
2021-11-03,0.31488424477173177,9.000000000000021,58,2021
2021-11-04,0.315851395549264,9.000000000000014,57,2021
2021-11-05,0.3180171652274082,8.999999999999988,56,2021
2021-11-08,0.3185902669153179,9.000000000000039,53,2021
2021-11-09,0.3183040042343235,9.000000000000057,52,2021
2021-11-10,0.3213672701041178,8.999999999999984,51,2021
2021-11-11,0.32196770963700133,9.000000000000043,50,2021
2021-11-12,0.3235337046180268,9.000000000000002,49,2021
2021-11-15,0.3234852335613517,9.000000000000021,46,2021
2021-11-16,0.32335605632080905,9.00000000000004,45,2021
2021-11-17,0.32315069943116376,9.000000000000037,44,2021
2021-11-18,0.32145143640251067,9.000000000000016,43,2021
2021-11-19,0.32020635718700746,9.000000000000009,42,2021
2021-11-22,0.3212598808767176,9.000000000000016,39,2021
2021-11-23,0.3194163190883789,9.000000000000002,38,2021
2021-11-24,0.3198262669048415,9.000000000000046,37,2021
2021-11-25,0.31870982270820186,9.000000000000028,36,2021
2021-11-26,0.3187639509702128,9.000000000000014,35,2021
2021-11-29,0.31821307074382116,9.00000000000005,32,2021
2021-11-30,0.3185227773740861,9.000000000000002,31,2021
2021-12-01,0.3169432482250017,9.000000000000007,30,2021
2021-12-02,0.31536432811018245,9.000000000000062,29,2021
2021-12-03,0.3155566616952085,9.00000000000005,28,2021
2021-12-06,0.31452068180050524,9.000000000000052,25,2021
2021-12-07,0.3149283323504957,9.000000000000046,24,2021
2021-12-08,0.3156074501838853,9.000000000000034,23,2021
2021-12-09,0.3132425603277853,9.00000000000002,22,2021
2021-12-10,0.3154667134450344,9.000000000000053,21,2021
2021-12-13,0.31563823155805326,9.000000000000046,18,2021
2021-12-14,0.3151230932244628,9.000000000000007,17,2021
2021-12-15,0.3159556429901788,9.000000000000037,16,2021
2021-12-16,0.3159222926824279,9.000000000000027,15,2021
2021-12-17,0.31516619114801536,9.000000000000023,14,2021
2021-12-20,,,11,2021
2021-12-21,,,10,2021
2021-12-22,,,9,2021
2021-12-23,,,8,2021
2021-12-24,,,7,2021
2021-12-27,,,4,2021
2021-12-28,,,3,2021
2021-12-29,,,2,2021
2021-12-30,,,1,2021
2021-12-31,,,0,2021
2022-01-03,,,362,2022
2022-01-04,,,361,2022
2022-01-05,,,360,2022
2022-01-06,,,359,2022
2022-01-07,,,358,2022
2022-01-10,,,355,2022
2022-01-11,,,354,2022
2022-01-12,,,353,2022
2022-01-13,,,352,2022
2022-01-14,,,351,2022
2022-01-17,,,348,2022
2022-01-18,,,347,2022
2022-01-19,,,346,2022
2022-01-20,,,345,2022
2022-01-21,,,344,2022
2022-01-24,,,341,2022
2022-01-25,,,340,2022
2022-01-26,,,339,2022
2022-01-27,,,338,2022
2022-01-28,,,337,2022
2022-01-31,,,334,2022
2022-02-01,,,333,2022
2022-02-02,,,332,2022
2022-02-03,,,331,2022
2022-02-04,,,330,2022
2022-02-07,,,327,2022
2022-02-08,,,326,2022
2022-02-09,,,325,2022
2022-02-10,,,324,2022
2022-02-11,,,323,2022
2022-02-14,,,320,2022
2022-02-15,,,319,2022
2022-02-16,,,318,2022
2022-02-17,,,317,2022
2022-02-18,,,316,2022
2022-02-21,,,313,2022
2022-02-22,,,312,2022
2022-02-23,,,311,2022
2022-02-24,,,310,2022
2022-02-25,,,309,2022
2022-02-28,,,306,2022
2022-03-01,,,305,2022
2022-03-02,,,304,2022
2022-03-03,,,303,2022
2022-03-04,,,302,2022
2022-03-07,,,299,2022
2022-03-08,,,298,2022
2022-03-09,,,297,2022
2022-03-10,,,296,2022
2022-03-11,,,295,2022
2022-03-14,,,292,2022
2022-03-15,,,291,2022
2022-03-16,,,290,2022
2022-03-17,,,289,2022
2022-03-18,,,288,2022
2022-03-21,,,285,2022
2022-03-22,,,284,2022
2022-03-23,,,283,2022
2022-03-24,,,282,2022
2022-03-25,,,281,2022
2022-03-28,,,278,2022
2022-03-29,,,277,2022
2022-03-30,,,276,2022
2022-03-31,,,275,2022
2022-04-01,,,274,2022
2022-04-04,0.2866739503507857,8.99999999999999,271,2022
2022-04-05,0.2867758221597192,9.000000000000002,270,2022
2022-04-06,0.2856677115078428,9.000000000000023,269,2022
2022-04-07,0.28640160430478484,9.0,268,2022
2022-04-08,0.28717001517494056,9.000000000000034,267,2022
2022-04-11,0.28860634794297974,9.000000000000004,264,2022
2022-04-12,0.2897248048608699,8.99999999999997,263,2022
2022-04-13,0.2899253139946132,9.000000000000002,262,2022
2022-04-14,0.2903244745035635,9.000000000000016,261,2022
2022-04-15,0.2889193982997121,8.99999999999995,260,2022
2022-04-18,0.2885027210279026,9.000000000000009,257,2022
2022-04-19,0.2887884856367896,9.000000000000007,256,2022
2022-04-20,0.28824272607220863,8.999999999999998,255,2022
2022-04-21,0.2887794127860658,8.999999999999988,254,2022
2022-04-22,0.2904696736355782,8.999999999999975,253,2022
2022-04-25,0.2898391077592061,9.000000000000002,250,2022
2022-04-26,0.28875697140244705,9.000000000000016,249,2022
2022-04-27,0.2890891834761279,9.000000000000089,248,2022
2022-04-28,0.288539018605856,9.000000000000027,247,2022
2022-04-29,0.2893464229225518,8.999999999999996,246,2022
2022-05-02,0.2891017947309733,9.000000000000076,243,2022
2022-05-03,0.2880249745205564,8.999999999999988,242,2022
2022-05-04,0.2901425317085789,9.000000000000004,241,2022
2022-05-05,0.29097097187393356,9.000000000000023,240,2022
2022-05-06,0.2915345076478512,9.000000000000114,239,2022
2022-05-09,0.2910936757068384,9.000000000000027,236,2022
2022-05-10,0.29061636157351656,9.000000000000037,235,2022
2022-05-11,0.28911424920247275,9.000000000000124,234,2022
2022-05-12,0.2883210039985288,8.99999999999994,233,2022
2022-05-13,0.2900273072128191,8.99999999999997,232,2022
2022-05-16,0.2901425402436161,8.999999999999932,229,2022
2022-05-17,0.29074342450848595,9.000000000000066,228,2022
2022-05-18,0.29037785166829094,8.999999999999918,227,2022
2022-05-19,0.29151996119005175,9.000000000000032,226,2022
2022-05-20,0.28982276250540134,8.999999999999945,225,2022
2022-05-23,0.2907412647006017,9.000000000000016,222,2022
2022-05-24,0.28902355522025164,8.999999999999945,221,2022
2022-05-25,0.2897802780868685,8.99999999999997,220,2022
2022-05-26,0.28896851900891973,9.000000000000071,219,2022
2022-05-27,0.28949550361618825,9.000000000000007,218,2022
2022-05-30,0.2882639453847152,8.999999999999998,215,2022
2022-05-31,0.2887108663326859,8.99999999999999,214,2022
2022-06-01,0.2885878129389262,8.999999999999984,213,2022
2022-06-02,0.2884393029928674,8.999999999999964,212,2022
2022-06-03,0.28963035137981546,8.999999999999984,211,2022
2022-06-06,0.2879100262210558,9.000000000000071,208,2022
2022-06-07,0.28556224968061256,8.99999999999999,207,2022
2022-06-08,0.2865297124312902,9.00000000000004,206,2022
2022-06-09,0.2856488951945904,8.999999999999982,205,2022
2022-06-10,0.2860544487745645,8.999999999999927,204,2022
2022-06-13,0.2844826647351734,9.000000000000016,201,2022
2022-06-14,0.28482463788925566,9.000000000000023,200,2022
2022-06-15,0.28577329485284986,8.999999999999936,199,2022
2022-06-16,0.2853249228425306,9.00000000000002,198,2022
2022-06-17,0.2853380523147778,9.000000000000002,197,2022
2022-06-20,0.2841130993080363,9.000000000000027,194,2022
2022-06-21,0.2835727121605228,9.000000000000012,193,2022
2022-06-22,0.28101940959373045,8.999999999999954,192,2022
2022-06-23,0.2799026763869907,8.99999999999999,191,2022
2022-06-24,0.2774021543079895,9.000000000000027,190,2022
2022-06-27,0.2780193729886489,8.99999999999999,187,2022
2022-06-28,0.27867215423316,9.0,186,2022
2022-06-29,0.27799096981783483,8.999999999999977,185,2022
2022-06-30,0.27983396028377217,9.00000000000002,184,2022
2022-07-01,0.27928744620534834,9.000000000000037,183,2022
2022-07-04,0.27936385524235935,8.999999999999934,180,2022
2022-07-05,0.28072346443327506,9.000000000000007,179,2022
2022-07-06,0.2808247551552216,8.99999999999999,178,2022
2022-07-07,0.2803866247514989,9.000000000000039,177,2022
2022-07-08,0.2788970191570661,9.000000000000034,176,2022
2022-07-11,0.2771086382327553,9.000000000000021,173,2022
2022-07-12,0.2773059052329038,8.999999999999998,172,2022
2022-07-13,0.2755969298786407,8.999999999999998,171,2022
2022-07-14,0.27497508271732785,9.000000000000012,170,2022
2022-07-15,0.27386685764443264,8.99999999999998,169,2022
2022-07-18,0.27432789542837155,9.000000000000023,166,2022
2022-07-19,0.27343410154213454,8.99999999999998,165,2022
2022-07-20,0.2735017266891092,9.000000000000021,164,2022
2022-07-21,0.2726930812956214,9.000000000000007,163,2022
2022-07-22,0.2733247720143226,9.000000000000016,162,2022
2022-07-25,0.2734835135032324,9.000000000000018,159,2022
2022-07-26,0.27196751562224813,9.000000000000016,158,2022
2022-07-27,0.27088665631093345,9.000000000000012,157,2022
2022-07-28,0.2697924719765475,8.999999999999993,156,2022
2022-07-29,0.2713536040051894,9.000000000000027,155,2022
2022-08-01,0.27048886695890273,9.0,152,2022
2022-08-02,0.2691321409466981,9.000000000000002,151,2022
2022-08-03,0.2699518871862136,9.000000000000018,150,2022
2022-08-04,0.2685251888963783,9.00000000000002,149,2022
2022-08-05,0.2678727942590499,9.000000000000039,148,2022
2022-08-08,0.26696128378884143,9.000000000000018,145,2022
2022-08-09,0.26644294849327654,9.000000000000009,144,2022
2022-08-10,0.26593856408434396,8.999999999999975,143,2022
2022-08-11,0.26706377277373383,8.999999999999977,142,2022
2022-08-12,0.26824098860712386,8.999999999999988,141,2022
2022-08-15,0.270426887737519,9.000000000000007,138,2022
2022-08-16,0.2683690514750307,8.999999999999979,137,2022
2022-08-17,0.26814202075805615,9.000000000000016,136,2022
2022-08-18,0.2675516154659236,9.0,135,2022
2022-08-19,0.26796634867583446,8.999999999999996,134,2022
2022-08-22,0.26912124196272363,9.000000000000007,131,2022
2022-08-23,0.2712266439046945,8.999999999999993,130,2022
2022-08-24,0.2713895599630904,9.000000000000037,129,2022
2022-08-25,0.2719756440194685,9.000000000000009,128,2022
2022-08-26,0.2720445085409216,8.999999999999984,127,2022
2022-08-29,0.27223207010598577,8.99999999999999,124,2022
2022-08-30,0.27303876266451194,9.000000000000039,123,2022
2022-08-31,0.2704866440002109,9.000000000000009,122,2022
2022-09-01,0.26916785438012747,9.000000000000028,121,2022
2022-09-02,0.26760949003315854,9.000000000000004,120,2022
2022-09-05,0.2678347757512201,9.000000000000004,117,2022
2022-09-06,0.2686857770952039,8.999999999999998,116,2022
2022-09-07,0.2682769628273716,9.000000000000018,115,2022
2022-09-08,0.26709557430954706,9.000000000000032,114,2022
2022-09-09,0.26783087499922875,9.000000000000016,113,2022
2022-09-12,0.26871312155399313,9.000000000000002,110,2022
2022-09-13,0.2676118241037591,9.000000000000018,109,2022
2022-09-14,0.2664802443380101,9.000000000000012,108,2022
2022-09-15,0.2669293122120311,9.000000000000004,107,2022
2022-09-16,0.26566940088155566,9.000000000000014,106,2022
2022-09-19,0.2645038449374935,9.0,103,2022
2022-09-20,0.26411924459473957,9.000000000000023,102,2022
2022-09-21,0.2660153422926692,9.0,101,2022
2022-09-22,0.2670994819263246,8.999999999999995,100,2022
2022-09-23,0.2675989538106775,8.999999999999998,99,2022
2022-09-26,0.2681666612549823,9.000000000000016,96,2022
2022-09-27,0.2694139109894512,9.000000000000014,95,2022
2022-09-28,0.26931012161544926,9.000000000000007,94,2022
2022-09-29,0.26952235684930287,8.999999999999993,93,2022
2022-09-30,0.2700280152110616,9.000000000000012,92,2022
2022-10-03,0.26905527845874255,8.999999999999995,89,2022
2022-10-04,0.2701708539977423,9.000000000000007,88,2022
2022-10-05,0.2701291881228767,9.0,87,2022
2022-10-06,0.27053514276810303,9.000000000000004,86,2022
2022-10-07,0.26945243324833573,8.999999999999984,85,2022
2022-10-10,0.26951307530258833,8.999999999999998,82,2022
2022-10-11,0.2705201471112715,8.999999999999996,81,2022
2022-10-12,0.26948758507148,8.999999999999988,80,2022
2022-10-13,0.2692126884934229,9.0,79,2022
2022-10-14,0.26968067754281333,9.0,78,2022
2022-10-17,0.2698281386322985,8.99999999999999,75,2022
2022-10-18,0.2717520438852843,9.0,74,2022
2022-10-19,0.2709068966852377,9.000000000000002,73,2022
2022-10-20,0.2716443804611946,8.999999999999996,72,2022
2022-10-21,0.270255189870162,8.999999999999998,71,2022
2022-10-24,0.268352819925789,8.99999999999999,68,2022
2022-10-25,0.26697729536091913,8.999999999999993,67,2022
2022-10-26,0.2669611072118289,8.99999999999999,66,2022
2022-10-27,0.2660101423138782,8.999999999999988,65,2022
2022-10-28,0.2648358543754263,8.999999999999995,64,2022
2022-10-31,0.26484381463768103,8.999999999999984,61,2022
2022-11-01,0.2640056297968762,9.000000000000002,60,2022
2022-11-02,0.26397282039292086,9.000000000000018,59,2022
2022-11-03,0.26503598640078746,8.999999999999998,58,2022
2022-11-04,0.2652611160185728,9.000000000000004,57,2022
2022-11-07,0.2653070081673033,9.000000000000002,54,2022
2022-11-08,0.26529394906043535,9.000000000000034,53,2022
2022-11-09,0.26784084848120004,9.000000000000037,52,2022
2022-11-10,0.2675252390946901,9.000000000000004,51,2022
2022-11-11,0.26685881748145135,9.000000000000018,50,2022
2022-11-14,0.26415372819882466,8.99999999999999,47,2022
2022-11-15,0.26455043892523844,9.000000000000014,46,2022
2022-11-16,0.2653097643387755,9.000000000000002,45,2022
2022-11-17,0.2657364249629355,9.000000000000016,44,2022
2022-11-18,0.2649421891731364,9.0,43,2022
2022-11-21,0.26650914272050336,9.000000000000012,40,2022
2022-11-22,0.2665822720243178,8.999999999999998,39,2022
2022-11-23,0.2663098155297722,9.000000000000007,38,2022
2022-11-24,0.2648394418201535,9.00000000000002,37,2022
2022-11-25,0.265119741400461,9.00000000000002,36,2022
2022-11-28,0.26513530121159146,9.000000000000014,33,2022
2022-11-29,0.264913455701645,9.000000000000014,32,2022
2022-11-30,0.26604305652570615,9.000000000000009,31,2022
2022-12-01,0.26554871362250887,9.000000000000009,30,2022
2022-12-02,0.26523146909328527,9.000000000000023,29,2022
2022-12-05,0.26449444212556505,9.000000000000014,26,2022
2022-12-06,0.26696010322134556,9.000000000000028,25,2022
2022-12-07,0.2665597273830482,9.000000000000027,24,2022
2022-12-08,0.26668226911941073,9.000000000000016,23,2022
2022-12-09,0.2673540929230176,9.000000000000014,22,2022
2022-12-12,0.26918112708813385,9.000000000000036,19,2022
2022-12-13,0.27163377242792663,9.000000000000004,18,2022
2022-12-14,0.2719666240120005,9.000000000000036,17,2022
2022-12-15,0.271363790391356,9.000000000000028,16,2022
2022-12-16,0.27152413280086224,9.000000000000023,15,2022
2022-12-19,,,12,2022
2022-12-20,,,11,2022
2022-12-21,,,10,2022
2022-12-22,,,9,2022
2022-12-23,,,8,2022
2022-12-26,,,5,2022
2022-12-27,,,4,2022
2022-12-28,,,3,2022
2022-12-29,,,2,2022
2022-12-30,,,1,2022
2023-01-02,,,363,2023
2023-01-03,,,362,2023
2023-01-04,,,361,2023
2023-01-05,,,360,2023
2023-01-06,,,359,2023
2023-01-09,,,356,2023
2023-01-10,,,355,2023
2023-01-11,,,354,2023
2023-01-12,,,353,2023
2023-01-13,,,352,2023
2023-01-16,,,349,2023
2023-01-17,,,348,2023
2023-01-18,,,347,2023
2023-01-19,,,346,2023
2023-01-20,,,345,2023
2023-01-23,,,342,2023
2023-01-24,,,341,2023
2023-01-25,,,340,2023
2023-01-26,,,339,2023
2023-01-27,,,338,2023
2023-01-30,,,335,2023
2023-01-31,,,334,2023
2023-02-01,,,333,2023
2023-02-02,,,332,2023
2023-02-03,,,331,2023
2023-02-06,,,328,2023
2023-02-07,,,327,2023
2023-02-08,,,326,2023
2023-02-09,,,325,2023
2023-02-10,,,324,2023
2023-02-13,,,321,2023
2023-02-14,,,320,2023
2023-02-15,,,319,2023
2023-02-16,,,318,2023
2023-02-17,,,317,2023
2023-02-20,,,314,2023
2023-02-21,,,313,2023
2023-02-22,,,312,2023
2023-02-23,,,311,2023
2023-02-24,,,310,2023
2023-02-27,,,307,2023
2023-02-28,,,306,2023
2023-03-01,,,305,2023
2023-03-02,,,304,2023
2023-03-03,,,303,2023
2023-03-06,,,300,2023
2023-03-07,,,299,2023
2023-03-08,,,298,2023
2023-03-09,,,297,2023
2023-03-10,,,296,2023
2023-03-13,,,293,2023
2023-03-14,,,292,2023
2023-03-15,,,291,2023
2023-03-16,,,290,2023
2023-03-17,,,289,2023
2023-03-20,,,286,2023
2023-03-21,,,285,2023
2023-03-22,,,284,2023
2023-03-23,,,283,2023
2023-03-24,,,282,2023
2023-03-27,,,279,2023
2023-03-28,,,278,2023
2023-03-29,,,277,2023
2023-03-30,,,276,2023
2023-03-31,,,275,2023
2023-04-03,0.263383359098781,8.999999999999947,272,2023
2023-04-04,0.26409288157339494,8.999999999999975,271,2023
2023-04-05,0.26293942149974375,8.999999999999975,270,2023
2023-04-06,0.26361723795996533,9.000000000000007,269,2023
2023-04-07,0.2633096114074744,9.000000000000004,268,2023
2023-04-10,0.26175557506155883,9.000000000000021,265,2023
2023-04-11,0.26128172348845297,8.999999999999961,264,2023
2023-04-12,0.26131981717683617,9.000000000000004,263,2023
2023-04-13,0.2621499914917654,8.999999999999993,262,2023
2023-04-14,0.26257926388621133,8.99999999999999,261,2023
2023-04-17,0.2630673107285771,9.000000000000034,258,2023
2023-04-18,0.26203703021843094,8.99999999999995,257,2023
2023-04-19,0.26097384874988755,9.000000000000002,256,2023
2023-04-20,0.2594524971236837,9.000000000000004,255,2023
2023-04-21,0.25920928682412403,8.999999999999954,254,2023
2023-04-24,0.2619575380512324,9.000000000000004,251,2023
2023-04-25,0.2621613616754947,8.999999999999982,250,2023
2023-04-26,0.26202983645869826,8.999999999999902,249,2023
2023-04-27,0.2629188782264472,9.000000000000014,248,2023
2023-04-28,0.2622513395562714,8.99999999999995,247,2023
2023-05-01,0.263836845708533,8.999999999999979,244,2023
2023-05-02,0.26382145880525293,9.000000000000027,243,2023
2023-05-03,0.2636967054885091,8.99999999999997,242,2023
2023-05-04,0.26324979279999583,9.000000000000027,241,2023
2023-05-05,0.2633867287672855,8.999999999999982,240,2023
2023-05-08,0.26277387098113253,9.0,237,2023
2023-05-09,0.26345092409806997,9.000000000000085,236,2023
2023-05-10,0.26243662721645616,9.00000000000004,235,2023
2023-05-11,0.2643715060697946,8.999999999999998,234,2023
2023-05-12,0.26517674556889875,9.000000000000028,233,2023
2023-05-15,0.26607039250900993,8.999999999999922,230,2023
2023-05-16,0.2651430099333638,8.999999999999938,229,2023
2023-05-17,0.26741312214797747,8.999999999999973,228,2023
2023-05-18,0.2676242270141531,8.99999999999997,227,2023
2023-05-19,0.2694523156860676,9.000000000000034,226,2023
2023-05-22,0.27136784943569126,9.000000000000007,223,2023
2023-05-23,0.27073222482865744,8.999999999999934,222,2023
2023-05-24,0.2708762182460576,9.000000000000071,221,2023
2023-05-25,0.27099578517585127,8.99999999999998,220,2023
2023-05-26,0.2709394543919888,8.999999999999998,219,2023
2023-05-29,0.26989397104100943,9.000000000000037,216,2023
2023-05-30,0.27133888444109233,9.000000000000009,215,2023
2023-05-31,0.27086934270197,9.000000000000027,214,2023
2023-06-01,0.2693293976280297,8.999999999999984,213,2023
2023-06-02,0.26990258186967775,9.000000000000012,212,2023
2023-06-05,0.27001667611159513,9.000000000000012,209,2023
2023-06-06,0.27115083716912225,8.999999999999996,208,2023
2023-06-07,0.27063172897192783,8.999999999999995,207,2023
2023-06-08,0.27162541639885124,9.00000000000002,206,2023
2023-06-09,0.2711549463293969,8.99999999999998,205,2023
2023-06-12,0.2712040526149103,8.999999999999998,202,2023
2023-06-13,0.2715551989443325,9.0,201,2023
2023-06-14,0.27076559802097633,8.999999999999996,200,2023
2023-06-15,0.27113720489952486,8.999999999999984,199,2023
2023-06-16,0.2691645245225201,8.999999999999995,198,2023
2023-06-19,0.27139459475130645,9.0,195,2023
2023-06-20,0.2698411929403746,8.999999999999993,194,2023
2023-06-21,0.2685707100859718,8.999999999999973,193,2023
2023-06-22,0.26932861406132963,9.000000000000009,192,2023
2023-06-23,0.26737361617380734,8.999999999999996,191,2023
2023-06-26,0.2683789302904909,9.0,188,2023
2023-06-27,0.26899759906139165,8.999999999999984,187,2023
2023-06-28,0.2683467408837646,8.999999999999988,186,2023
2023-06-29,0.2691090913932814,9.000000000000004,185,2023
2023-06-30,0.2719748162257658,8.999999999999998,184,2023
2023-07-03,0.27267388573114393,8.999999999999993,181,2023
2023-07-04,0.2711937269676335,9.000000000000007,180,2023
2023-07-05,0.27159251171593385,8.999999999999995,179,2023
2023-07-06,0.27208973524240215,8.99999999999999,178,2023
2023-07-07,0.27045538146847853,8.999999999999993,177,2023
2023-07-10,0.2701208334345069,9.0,174,2023
2023-07-11,0.2718623984516408,8.99999999999998,173,2023
2023-07-12,0.2740177260829733,9.000000000000009,172,2023
2023-07-13,0.27404470290780053,9.000000000000004,171,2023
2023-07-14,0.2742828328579253,8.999999999999996,170,2023
2023-07-17,0.2765024876615903,8.99999999999999,167,2023
2023-07-18,0.27731826713863045,8.99999999999999,166,2023
2023-07-19,0.2783660961226225,8.999999999999984,165,2023
2023-07-20,0.27914865930994487,8.999999999999973,164,2023
2023-07-21,0.2789217665911905,8.999999999999995,163,2023
2023-07-24,0.27891805309050705,8.999999999999993,160,2023
2023-07-25,0.2790812846070158,8.99999999999999,159,2023
2023-07-26,0.27649762747499673,8.999999999999995,158,2023
2023-07-27,0.2779607995978401,8.999999999999995,157,2023
2023-07-28,0.2795953073216656,8.99999999999999,156,2023
2023-07-31,0.281989190555657,8.999999999999996,153,2023
2023-08-01,0.2803815431539477,8.999999999999996,152,2023
2023-08-02,0.2804147303677397,9.000000000000004,151,2023
2023-08-03,0.28010457148841683,8.999999999999998,150,2023
2023-08-04,0.28143339232647413,9.000000000000007,149,2023
2023-08-07,0.28195974996634554,9.0,146,2023
2023-08-08,0.28204441137227426,8.999999999999998,145,2023
2023-08-09,0.2845277832981039,8.999999999999996,144,2023
2023-08-10,0.283518922306985,9.00000000000002,143,2023
2023-08-11,0.2834268268900268,9.000000000000002,142,2023
2023-08-14,0.2846925177697359,8.999999999999996,139,2023
2023-08-15,0.28564406022465105,8.999999999999996,138,2023
2023-08-16,0.28344829655455217,9.000000000000002,137,2023
2023-08-17,0.2828487460049259,9.000000000000002,136,2023
2023-08-18,0.2830467953133283,9.0,135,2023
2023-08-21,0.2833373465070291,9.0,132,2023
2023-08-22,0.284119357640988,9.000000000000004,131,2023
2023-08-23,0.28517336688570444,9.0,130,2023
2023-08-24,0.2842315749786914,9.000000000000002,129,2023
2023-08-25,0.28449991401471,8.999999999999998,128,2023
2023-08-28,0.2841930881313478,9.0,125,2023
2023-08-29,0.28240103956945256,8.999999999999998,124,2023
2023-08-30,0.2852282391726743,8.999999999999996,123,2023
2023-08-31,0.2859209338089042,8.999999999999998,122,2023
2023-09-01,0.28658652120921724,9.0,121,2023
2023-09-04,0.28452019070944096,9.000000000000007,118,2023
2023-09-05,0.2865970399508404,9.000000000000002,117,2023
2023-09-06,0.28806251130537075,9.000000000000004,116,2023
2023-09-07,0.2886824862707977,9.0,115,2023
2023-09-08,0.2892839345952188,9.000000000000004,114,2023
2023-09-11,0.28645652484087636,9.0,111,2023
2023-09-12,0.2868412204444922,9.0,110,2023
2023-09-13,0.2860748656709716,8.999999999999996,109,2023
2023-09-14,0.2855530569256435,9.000000000000002,108,2023
2023-09-15,0.2864102797940046,9.000000000000004,107,2023
2023-09-18,0.28838878574722937,9.000000000000002,104,2023
2023-09-19,0.2864461792842958,9.000000000000002,103,2023
2023-09-20,0.2865876593799711,9.000000000000004,102,2023
2023-09-21,0.28650153289292424,9.000000000000007,101,2023
2023-09-22,0.2870242344512287,9.000000000000004,100,2023
2023-09-25,0.2861378711182227,8.999999999999998,97,2023
2023-09-26,0.28680210015966034,9.000000000000002,96,2023
2023-09-27,0.2878647747009468,9.0,95,2023
2023-09-28,0.28740214195627684,9.000000000000002,94,2023
2023-09-29,0.2875706269311982,9.000000000000004,93,2023
2023-10-02,0.2866006872507451,8.999999999999995,90,2023
2023-10-03,0.2871338270710359,8.999999999999996,89,2023
2023-10-04,0.2878672866390696,8.99999999999999,88,2023
2023-10-05,0.2878585331351442,8.99999999999999,87,2023
2023-10-06,0.2881915005145404,8.999999999999995,86,2023
2023-10-09,0.287633853451497,8.99999999999999,83,2023
2023-10-10,0.2871391962266541,9.000000000000009,82,2023
2023-10-11,0.2892302590300675,9.000000000000002,81,2023
2023-10-12,0.2879751193857127,8.99999999999999,80,2023
2023-10-13,0.2893120200215015,8.999999999999998,79,2023
2023-10-16,0.28849965442890485,9.0,76,2023
2023-10-17,0.28755196582367004,8.999999999999996,75,2023
2023-10-18,0.28810741307129517,8.999999999999996,74,2023
2023-10-19,0.2896769030891075,9.0,73,2023
2023-10-20,0.28905621567250295,8.999999999999984,72,2023
2023-10-23,0.2885516818973962,9.000000000000002,69,2023
2023-10-24,0.2874499406464179,8.99999999999999,68,2023
2023-10-25,0.2851875287720855,8.999999999999993,67,2023
2023-10-26,0.2859751861399487,8.999999999999998,66,2023
2023-10-27,0.2874675436125659,8.999999999999995,65,2023
2023-10-30,0.28910724824559814,8.999999999999995,62,2023
2023-10-31,0.29070962794197625,8.999999999999993,61,2023
2023-11-01,0.2898724838882113,9.000000000000007,60,2023
2023-11-02,0.2903874848475359,9.000000000000002,59,2023
2023-11-03,0.29186179474947727,9.000000000000012,58,2023
2023-11-06,0.29306786957638625,9.000000000000012,55,2023
2023-11-07,0.29475916935151275,9.000000000000012,54,2023
2023-11-08,0.29461163569823856,9.000000000000004,53,2023
2023-11-09,0.2966449289912184,9.0,52,2023
2023-11-10,0.2954048880907936,9.000000000000004,51,2023
2023-11-13,0.29565894957903244,9.000000000000007,48,2023
2023-11-14,0.2970999416971778,8.999999999999998,47,2023
2023-11-15,0.29732410036066537,9.000000000000004,46,2023
2023-11-16,0.2989837728077777,9.000000000000007,45,2023
2023-11-17,0.298345877852559,9.000000000000004,44,2023
2023-11-20,0.29972441049724025,9.000000000000007,41,2023
2023-11-21,0.3000940846427582,9.000000000000007,40,2023
2023-11-22,0.29880129126675753,9.000000000000004,39,2023
2023-11-23,0.2989645298487637,9.000000000000007,38,2023
2023-11-24,0.29931398266509207,9.000000000000009,37,2023
2023-11-27,0.2986357751816248,9.000000000000002,34,2023
2023-11-28,0.2995194756074418,9.000000000000007,33,2023
2023-11-29,0.300438682170128,9.000000000000012,32,2023
2023-11-30,0.3010096837865639,9.000000000000004,31,2023
2023-12-01,0.3005550583341862,9.0,30,2023
2023-12-04,0.30035891048484453,9.0,27,2023
2023-12-05,0.30052309126856536,9.0,26,2023
2023-12-06,0.29822764752448927,9.0,25,2023
2023-12-07,0.29696754670010933,9.0,24,2023
2023-12-08,0.2965081905994954,8.999999999999998,23,2023
2023-12-11,0.29840321833807776,9.0,20,2023
2023-12-12,0.2962667077443564,8.999999999999993,19,2023
2023-12-13,0.2973336313570994,8.999999999999993,18,2023
2023-12-14,0.297411492758004,8.999999999999993,17,2023
2023-12-15,0.2972804906205845,8.999999999999996,16,2023
2023-12-18,,,13,2023
2023-12-19,,,12,2023
2023-12-20,,,11,2023
2023-12-21,,,10,2023
2023-12-22,,,9,2023
2023-12-25,,,6,2023
2023-12-26,,,5,2023
2023-12-27,,,4,2023
2023-12-28,,,3,2023
2023-12-29,,,2,2023
2024-01-01,,,365,2024
2024-01-02,,,364,2024
2024-01-03,,,363,2024
2024-01-04,,,362,2024
2024-01-05,,,361,2024
2024-01-08,,,358,2024
2024-01-09,,,357,2024
2024-01-10,,,356,2024
2024-01-11,,,355,2024
2024-01-12,,,354,2024
2024-01-15,,,351,2024
2024-01-16,,,350,2024
2024-01-17,,,349,2024
2024-01-18,,,348,2024
2024-01-19,,,347,2024
2024-01-22,,,344,2024
2024-01-23,,,343,2024
2024-01-24,,,342,2024
2024-01-25,,,341,2024
2024-01-26,,,340,2024
2024-01-29,,,337,2024
2024-01-30,,,336,2024
2024-01-31,,,335,2024
2024-02-01,,,334,2024
2024-02-02,,,333,2024
2024-02-05,,,330,2024
2024-02-06,,,329,2024
2024-02-07,,,328,2024
2024-02-08,,,327,2024
2024-02-09,,,326,2024
2024-02-12,,,323,2024
2024-02-13,,,322,2024
2024-02-14,,,321,2024
2024-02-15,,,320,2024
2024-02-16,,,319,2024
2024-02-19,,,316,2024
2024-02-20,,,315,2024
2024-02-21,,,314,2024
2024-02-22,,,313,2024
2024-02-23,,,312,2024
2024-02-26,,,309,2024
2024-02-27,,,308,2024
2024-02-28,,,307,2024
2024-02-29,,,306,2024
2024-03-01,,,305,2024
2024-03-04,,,302,2024
2024-03-05,,,301,2024
2024-03-06,,,300,2024
2024-03-07,,,299,2024
2024-03-08,,,298,2024
2024-03-11,,,295,2024
2024-03-12,,,294,2024
2024-03-13,,,293,2024
2024-03-14,,,292,2024
2024-03-15,,,291,2024
2024-03-18,,,288,2024
2024-03-19,,,287,2024
2024-03-20,,,286,2024
2024-03-21,,,285,2024
2024-03-22,,,284,2024
2024-03-25,,,281,2024
2024-03-26,,,280,2024
2024-03-27,,,279,2024
2024-03-28,,,278,2024
2024-03-29,,,277,2024
2024-04-01,,,274,2024
2024-04-02,,,273,2024
2024-04-03,0.29705082336295213,8.999999999999984,272,2024
2024-04-04,0.295768248880468,8.999999999999979,271,2024
2024-04-05,0.2950826614525945,9.000000000000007,270,2024
2024-04-08,0.2942510386136032,9.000000000000014,267,2024
2024-04-09,0.29482728873693453,9.000000000000027,266,2024
2024-04-10,0.2943195532738829,8.999999999999996,265,2024
2024-04-11,0.2926201192831557,8.999999999999998,264,2024
2024-04-12,0.29273018695930986,8.999999999999996,263,2024
2024-04-15,0.29510169264450514,9.0,260,2024
2024-04-16,0.2940458475783776,8.999999999999998,259,2024
2024-04-17,0.2945310607893207,8.999999999999998,258,2024
2024-04-18,0.295490280993455,8.999999999999995,257,2024
2024-04-19,0.29399940060609037,9.000000000000004,256,2024
2024-04-22,0.29233632141133287,9.000000000000007,253,2024
2024-04-23,0.2934116778712666,9.000000000000007,252,2024
2024-04-24,0.29251317968516244,9.000000000000002,251,2024
2024-04-25,0.294292168353901,9.0,250,2024
2024-04-26,0.2946035786632404,8.99999999999999,249,2024
2024-04-29,0.2954289382267004,9.0,246,2024
2024-04-30,0.29537977812600746,8.999999999999998,245,2024
2024-05-01,0.2962520195624417,9.00000000000002,244,2024
2024-05-02,0.2949852298438638,8.999999999999996,243,2024
2024-05-03,0.29491400955580654,9.000000000000007,242,2024
2024-05-06,0.2915457242225926,9.0,239,2024
2024-05-07,0.29388243425006166,9.000000000000002,238,2024
2024-05-08,0.29452124048386963,8.999999999999998,237,2024
2024-05-09,0.29504719980546235,8.999999999999998,236,2024
2024-05-10,0.29459855247476285,9.000000000000002,235,2024
2024-05-13,0.29560237943460516,8.99999999999999,232,2024
2024-05-14,0.2951186900562891,9.000000000000004,231,2024
2024-05-15,0.29444914825100305,8.99999999999999,230,2024
2024-05-16,0.29506296688139383,9.000000000000007,229,2024
2024-05-17,0.2947485997900386,8.999999999999995,228,2024
2024-05-20,0.294881949736107,8.999999999999996,225,2024
2024-05-21,0.29374255208566097,9.0,224,2024
2024-05-22,0.29045280275389934,8.999999999999996,223,2024
2024-05-23,0.2903501995094406,9.000000000000004,222,2024
2024-05-24,0.2889429345037159,8.999999999999998,221,2024
2024-05-27,0.28843294154462595,8.999999999999998,218,2024
2024-05-28,0.2885279932193196,8.999999999999998,217,2024
2024-05-29,0.2881034340806845,8.999999999999998,216,2024
2024-05-30,0.2886548904520281,8.999999999999998,215,2024
2024-05-31,0.2872220746944055,8.999999999999998,214,2024
2024-06-03,0.28859153329612536,8.999999999999998,211,2024
2024-06-04,0.2876176497470689,9.0,210,2024
2024-06-05,0.28690071329689076,8.999999999999998,209,2024
2024-06-06,0.28752293116615507,8.999999999999996,208,2024
2024-06-07,0.28679340707344836,9.000000000000002,207,2024
2024-06-10,0.28579947406153183,8.999999999999995,204,2024
2024-06-11,0.2853852988082244,8.999999999999984,203,2024
2024-06-12,0.2878614614085585,8.999999999999996,202,2024
2024-06-13,0.2864954167359971,8.999999999999998,201,2024
2024-06-14,0.28599503275261906,8.999999999999984,200,2024
2024-06-17,0.2844138435933114,9.000000000000004,197,2024
2024-06-18,0.2823423171426517,9.000000000000002,196,2024
2024-06-19,0.2833592742140085,8.99999999999997,195,2024
2024-06-20,0.2837342839366575,9.000000000000007,194,2024
2024-06-21,0.2834731893125819,8.999999999999988,193,2024
2024-06-24,0.28237978645908635,9.000000000000004,190,2024
2024-06-25,0.28387847203429645,8.999999999999995,189,2024
2024-06-26,0.284477808617301,8.999999999999995,188,2024
2024-06-27,0.2824659573401055,8.999999999999961,187,2024
2024-06-28,0.2827570914831758,9.000000000000032,186,2024
2024-07-01,0.2815925250534498,9.0,183,2024
2024-07-02,0.2824501816282251,9.000000000000053,182,2024
2024-07-03,0.2814203067016724,9.000000000000014,181,2024
2024-07-04,0.2800562202786603,9.000000000000007,180,2024
2024-07-05,0.27936268980828566,8.999999999999998,179,2024
2024-07-08,0.28125187846988225,8.99999999999999,176,2024
2024-07-09,0.27978212019436877,9.000000000000009,175,2024
2024-07-10,0.27790079641816473,8.999999999999998,174,2024
2024-07-11,0.2775451144884874,8.999999999999996,173,2024
2024-07-12,0.2782167154288243,8.999999999999998,172,2024
2024-07-15,0.27926811097337967,8.999999999999995,169,2024
2024-07-16,0.27934005957329056,8.999999999999998,168,2024
2024-07-17,0.2788823849246337,8.999999999999998,167,2024
2024-07-18,0.277869908285247,9.0,166,2024
2024-07-19,0.27522039625883554,8.999999999999998,165,2024
2024-07-22,0.27657223931217917,8.999999999999996,162,2024
2024-07-23,0.27576625303343916,9.0,161,2024
2024-07-24,0.27580539537044485,8.999999999999995,160,2024
2024-07-25,0.27622208326697606,8.999999999999984,159,2024
2024-07-26,0.2773767950899743,8.999999999999996,158,2024
2024-07-29,0.27841592020296363,9.00000000000002,155,2024
2024-07-30,0.2792221776567161,8.99999999999999,154,2024
2024-07-31,0.28018417666906265,8.999999999999998,153,2024
2024-08-01,0.280186345671764,9.000000000000007,152,2024
2024-08-02,0.28230629709112226,9.0,151,2024
2024-08-05,0.2839300820525811,9.000000000000007,148,2024
2024-08-06,0.28476028689273947,8.99999999999999,147,2024
2024-08-07,0.2830266165111958,8.999999999999995,146,2024
2024-08-08,0.28040691016577385,9.0,145,2024
2024-08-09,0.2794016317406874,9.0,144,2024
2024-08-12,0.28094640851889213,8.999999999999996,141,2024
2024-08-13,0.2814051459336537,9.0,140,2024
2024-08-14,0.28154108611629053,9.000000000000004,139,2024
2024-08-15,0.2814822379056912,9.0,138,2024
2024-08-16,0.2811563229772102,8.999999999999996,137,2024
2024-08-19,0.28122935396206655,8.999999999999998,134,2024
2024-08-20,0.2822596343146051,9.000000000000009,133,2024
2024-08-21,0.2817181496336496,8.999999999999995,132,2024
2024-08-22,0.2823603968307311,8.99999999999999,131,2024
2024-08-23,0.2797344425609297,9.0,130,2024
2024-08-26,0.2767618333180133,8.999999999999998,127,2024
2024-08-27,0.2761785456167027,8.999999999999996,126,2024
2024-08-28,0.2769123941273612,9.000000000000016,125,2024
2024-08-29,0.2752238906054787,9.000000000000028,124,2024
2024-08-30,0.2749731857463939,8.99999999999999,123,2024
2024-09-02,0.27407409609937894,9.000000000000007,120,2024
2024-09-03,0.2723950117684071,9.000000000000027,119,2024
2024-09-04,0.27345748737606423,9.000000000000007,118,2024
2024-09-05,0.2740297762507984,9.0,117,2024
2024-09-06,0.27422385016935935,8.999999999999996,116,2024
2024-09-09,0.27171539267756495,9.000000000000027,113,2024
2024-09-10,0.2725254563916812,9.000000000000009,112,2024
2024-09-11,0.2721800018666497,9.000000000000004,111,2024
2024-09-12,0.27364986219645215,9.000000000000004,110,2024
2024-09-13,0.27153524122799494,9.0,109,2024
2024-09-16,0.27009248933358654,9.000000000000002,106,2024
2024-09-17,0.2697273792252829,8.999999999999982,105,2024
2024-09-18,0.2692842586497125,9.000000000000009,104,2024
2024-09-19,0.2711076731210093,9.000000000000007,103,2024
2024-09-20,0.2712017539212535,8.999999999999993,102,2024
2024-09-23,0.27025621415449524,9.000000000000002,99,2024
2024-09-24,0.27013298328875823,9.000000000000028,98,2024
2024-09-25,0.2716363649064029,8.999999999999984,97,2024
2024-09-26,0.27231112723021034,8.999999999999995,96,2024
2024-09-27,0.2731050332639111,9.000000000000009,95,2024
2024-09-30,0.2732737212280675,9.0,92,2024
2024-10-01,0.2726514513095387,9.000000000000002,91,2024
2024-10-02,0.27191863073267947,9.000000000000012,90,2024
2024-10-03,0.2705441191460539,9.000000000000027,89,2024
2024-10-04,0.27059903363866417,9.000000000000012,88,2024
2024-10-07,0.2704963920960478,9.000000000000007,85,2024
2024-10-08,0.2732180598430419,8.999999999999977,84,2024
2024-10-09,0.27263315439117336,8.99999999999999,83,2024
2024-10-10,0.27149904972965294,9.0,82,2024
2024-10-11,0.2717817749131192,9.00000000000004,81,2024
2024-10-14,0.2712638403155149,8.99999999999999,78,2024
2024-10-15,0.2709210628792857,8.99999999999999,77,2024
2024-10-16,0.2711789128264979,8.999999999999993,76,2024
2024-10-17,0.2709392925252576,8.999999999999988,75,2024
2024-10-18,0.27067629927926934,9.000000000000039,74,2024
2024-10-21,0.2695541985450964,9.0,71,2024
2024-10-22,0.2696414113089496,8.999999999999995,70,2024
2024-10-23,0.2692919539626044,8.999999999999982,69,2024
2024-10-24,0.2667742210350212,8.999999999999998,68,2024
2024-10-25,0.26705764518595393,9.000000000000009,67,2024
2024-10-28,0.26589766708107604,8.999999999999984,64,2024
2024-10-29,0.26514907655683423,9.000000000000002,63,2024
2024-10-30,0.2653424661481919,8.99999999999999,62,2024
2024-10-31,0.265288707893697,9.000000000000012,61,2024
2024-11-01,0.26376911907238815,9.00000000000002,60,2024
2024-11-04,0.2638908917217819,9.000000000000036,57,2024
2024-11-05,0.26298436381279966,9.000000000000027,56,2024
2024-11-06,0.26502207309195863,9.000000000000028,55,2024
2024-11-07,0.2627380752704698,9.000000000000037,54,2024
2024-11-08,0.2635137791318523,9.000000000000027,53,2024
2024-11-11,0.26414630288387914,9.000000000000034,50,2024
2024-11-12,0.26398073582697784,9.000000000000012,49,2024
2024-11-13,0.26413742777512506,9.000000000000009,48,2024
2024-11-14,0.2640687020354199,9.000000000000007,47,2024
2024-11-15,0.2650712477031221,9.000000000000059,46,2024
2024-11-18,0.266120037436186,9.000000000000066,43,2024
2024-11-19,0.26722860830441886,9.000000000000009,42,2024
2024-11-20,0.27067070667750337,8.999999999999995,41,2024
2024-11-21,0.26913559339136695,9.000000000000023,40,2024
2024-11-22,0.2705636429875152,9.000000000000046,39,2024
2024-11-25,0.2702954636109453,9.000000000000027,36,2024
2024-11-26,0.2713452863589708,9.000000000000083,35,2024
2024-11-27,0.27149771942905226,9.000000000000007,34,2024
2024-11-28,0.27217766323341225,9.000000000000055,33,2024
2024-11-29,0.27300073853136664,8.999999999999979,32,2024
2024-12-02,0.27457563946812064,9.000000000000053,29,2024
2024-12-03,0.2747697298720865,8.999999999999973,28,2024
2024-12-04,0.2757467753546441,9.000000000000098,27,2024
2024-12-05,0.27505650867096043,9.000000000000096,26,2024
2024-12-06,0.2765432447059401,9.000000000000028,25,2024
2024-12-09,0.27681777255524215,9.000000000000082,22,2024
2024-12-10,0.2756146562162947,9.000000000000043,21,2024
2024-12-11,0.2755329727606996,8.999999999999993,20,2024
2024-12-12,0.2744825431495574,9.00000000000006,19,2024
2024-12-13,0.27524197569182707,8.999999999999996,18,2024
2024-12-16,0.27426120661163766,9.000000000000012,15,2024
2024-12-17,0.27390244829618576,9.0,14,2024
2024-12-18,,,13,2024
2024-12-19,,,12,2024
2024-12-20,,,11,2024
2024-12-23,,,8,2024
2024-12-24,,,7,2024
2024-12-25,,,6,2024
2024-12-26,,,5,2024
2024-12-27,,,4,2024
2024-12-30,,,1,2024
2024-12-31,,,0,2024
2025-01-01,,,364,2025
2025-01-02,,,363,2025
2025-01-03,,,362,2025
2025-01-06,,,359,2025
2025-01-07,,,358,2025
2025-01-08,,,357,2025
2025-01-09,,,356,2025
2025-01-10,,,355,2025
2025-01-13,,,352,2025
2025-01-14,,,351,2025
2025-01-15,,,350,2025
2025-01-16,,,349,2025
2025-01-17,,,348,2025
2025-01-20,,,345,2025
2025-01-21,,,344,2025
2025-01-22,,,343,2025
2025-01-23,,,342,2025
2025-01-24,,,341,2025
2025-01-27,,,338,2025
2025-01-28,,,337,2025
2025-01-29,,,336,2025
2025-01-30,,,335,2025
2025-01-31,,,334,2025
2025-02-03,,,331,2025
2025-02-04,,,330,2025
2025-02-05,,,329,2025
2025-02-06,,,328,2025
2025-02-07,,,327,2025
2025-02-10,,,324,2025
2025-02-11,,,323,2025
2025-02-12,,,322,2025
2025-02-13,,,321,2025
2025-02-14,,,320,2025
2025-02-17,,,317,2025
2025-02-18,,,316,2025
2025-02-19,,,315,2025
2025-02-20,,,314,2025
2025-02-21,,,313,2025
2025-02-24,,,310,2025
2025-02-25,,,309,2025
2025-02-26,,,308,2025
2025-02-27,,,307,2025
2025-02-28,,,306,2025
2025-03-03,,,303,2025
2025-03-04,,,302,2025
2025-03-05,,,301,2025
2025-03-06,,,300,2025
2025-03-07,,,299,2025
2025-03-10,,,296,2025
2025-03-11,,,295,2025
2025-03-12,,,294,2025
2025-03-13,,,293,2025
2025-03-14,,,292,2025
2025-03-17,,,289,2025
2025-03-18,,,288,2025
2025-03-19,,,287,2025
2025-03-20,,,286,2025
2025-03-21,,,285,2025
2025-03-24,,,282,2025
2025-03-25,,,281,2025
2025-03-26,,,280,2025
2025-03-27,,,279,2025
2025-03-28,,,278,2025
2025-03-31,,,275,2025
2025-04-01,,,274,2025
2025-04-02,,,273,2025
2025-04-03,0.28516872286010053,9.0,272,2025
2025-04-04,0.28580670446098744,8.999999999999975,271,2025
2025-04-07,0.2852347527165919,8.999999999999975,268,2025
2025-04-08,0.28475180740229494,8.999999999999995,267,2025
2025-04-09,0.28388954184401005,8.999999999999984,266,2025
2025-04-10,0.2838793605828809,9.000000000000009,265,2025
2025-04-11,0.28529325719432674,9.000000000000014,264,2025
2025-04-14,0.28583587231259516,9.00000000000002,261,2025
2025-04-15,0.28543021516709655,9.0,260,2025
2025-04-16,0.28643400377060935,8.999999999999979,259,2025
2025-04-17,0.28601435778954815,8.999999999999964,258,2025
2025-04-18,0.28627471951668293,8.999999999999966,257,2025
2025-04-21,0.2848933963070696,8.999999999999966,254,2025
2025-04-22,0.2853265396408755,9.000000000000027,253,2025
2025-04-23,0.28498946688124094,9.0,252,2025
2025-04-24,0.2851603941087977,9.000000000000023,251,2025
2025-04-25,0.28507725480129165,8.999999999999995,250,2025
2025-04-28,0.28466989372334367,9.0,247,2025
2025-04-29,0.28577969456671587,9.00000000000005,246,2025
2025-04-30,0.2850219957263359,9.000000000000023,245,2025
2025-05-01,0.28621864829341576,9.000000000000036,244,2025
2025-05-02,0.28484132475768936,8.999999999999995,243,2025
2025-05-05,0.2853928961064519,9.000000000000007,240,2025
2025-05-06,0.2837912095259009,8.99999999999995,239,2025
2025-05-07,0.28234704210612005,9.000000000000012,238,2025
2025-05-08,0.28128253121719426,9.0,237,2025
2025-05-09,0.2807019458647,8.999999999999977,236,2025
2025-05-12,0.2796719515490871,8.999999999999996,233,2025
2025-05-13,0.280163494640413,8.999999999999979,232,2025
2025-05-14,0.27937101064275427,8.99999999999998,231,2025
2025-05-15,0.2773297835789783,8.99999999999999,230,2025
2025-05-16,0.2768158853900473,8.999999999999961,229,2025
2025-05-19,0.27706611074996057,8.999999999999954,226,2025
2025-05-20,0.27749441250968915,9.000000000000007,225,2025
2025-05-21,0.2785059144079343,8.999999999999995,224,2025
2025-05-22,0.2792480050970245,8.99999999999998,223,2025
2025-05-23,0.2798483941078485,9.000000000000002,222,2025
2025-05-26,0.27989208854254416,8.999999999999964,219,2025
2025-05-27,0.2809155389382681,9.000000000000007,218,2025
2025-05-28,0.2808162491869269,8.99999999999997,217,2025
2025-05-29,0.28035766303064696,8.999999999999973,216,2025
2025-05-30,0.2800435844674879,8.999999999999975,215,2025
2025-06-02,0.2806275398049249,8.999999999999947,212,2025
2025-06-03,0.2822262596226343,8.999999999999964,211,2025
2025-06-04,0.2841483885582815,8.99999999999999,210,2025
2025-06-05,0.2854308019322807,8.999999999999982,209,2025
2025-06-06,0.28653433932491934,8.99999999999998,208,2025
2025-06-09,0.2848071037680936,8.999999999999979,205,2025
2025-06-10,0.28683872859598086,8.999999999999975,204,2025
2025-06-11,0.2850959395746911,8.999999999999998,203,2025
2025-06-12,0.28510609614689186,8.999999999999993,202,2025
2025-06-13,0.284427193431822,8.999999999999964,201,2025
2025-06-16,0.2841444385445024,9.000000000000002,198,2025
2025-06-17,0.28275739716274223,9.000000000000002,197,2025
2025-06-18,0.28285359386725,8.999999999999941,196,2025
2025-06-19,0.2830685956264989,8.99999999999997,195,2025
2025-06-20,0.2833604960462968,9.00000000000002,194,2025
2025-06-23,0.283748765180401,8.999999999999996,191,2025
2025-06-24,0.2837756063411675,8.999999999999979,190,2025
2025-06-25,0.2838249114872119,9.000000000000007,189,2025
2025-06-26,0.2851201541600917,8.99999999999997,188,2025
2025-06-27,0.2860471312150928,8.999999999999984,187,2025
2025-06-30,0.2839068594656436,8.999999999999984,184,2025
2025-07-01,0.2835342738491414,8.999999999999954,183,2025
2025-07-02,0.28304391376141397,8.999999999999954,182,2025
2025-07-03,0.28351091410557605,9.000000000000014,181,2025
2025-07-04,0.2828788513083732,8.999999999999984,180,2025
2025-07-07,0.2834245745868606,8.99999999999999,177,2025
2025-07-08,0.2815145474597618,9.000000000000036,176,2025
2025-07-09,0.28243115995520446,8.999999999999973,175,2025
2025-07-10,0.2842563526745752,9.000000000000007,174,2025
2025-07-11,0.28311489238569154,8.99999999999999,173,2025
2025-07-14,0.2845971773380192,8.999999999999996,170,2025
2025-07-15,0.2853393765134648,9.000000000000007,169,2025
2025-07-16,0.286028958772651,9.000000000000007,168,2025
2025-07-17,0.28777831757798744,9.000000000000007,167,2025
2025-07-18,0.28809685384721745,8.999999999999984,166,2025
2025-07-21,0.287917960310685,9.000000000000004,163,2025
2025-07-22,0.28878106455309616,8.999999999999993,162,2025
2025-07-23,0.2902606620364263,8.99999999999999,161,2025
2025-07-24,0.28979543715091133,9.000000000000016,160,2025
2025-07-25,0.29007919216822176,8.999999999999988,159,2025
2025-07-28,0.28952561554261297,9.000000000000007,156,2025
2025-07-29,0.2898210851642949,9.000000000000002,155,2025
2025-07-30,0.2915687253771357,8.99999999999999,154,2025
2025-07-31,0.29435596911799977,8.99999999999999,153,2025
2025-08-01,0.2932064489808776,8.999999999999995,152,2025
2025-08-04,0.2923562885910672,9.000000000000007,149,2025
2025-08-05,0.2935939696132931,9.000000000000007,148,2025
2025-08-06,0.2937458766748562,9.000000000000012,147,2025
2025-08-07,0.2935131350830301,8.999999999999973,146,2025
2025-08-08,0.2944197173123543,9.00000000000002,145,2025
2025-08-11,0.2953954206056474,8.999999999999993,142,2025
2025-08-12,0.29415898711034794,9.0,141,2025
2025-08-13,0.2942203412112775,8.999999999999995,140,2025
2025-08-14,0.2953818203382395,8.999999999999998,139,2025
2025-08-15,0.2963407214079039,9.000000000000004,138,2025
2025-08-18,0.2954467193908991,9.000000000000018,135,2025
2025-08-19,0.29622896239055263,9.000000000000004,134,2025
2025-08-20,0.29746306631832004,9.000000000000007,133,2025
2025-08-21,0.2972413499456902,8.999999999999998,132,2025
2025-08-22,0.2980036982262215,8.999999999999984,131,2025
2025-08-25,0.2968133609854615,9.000000000000018,128,2025
2025-08-26,0.2976197642083699,9.000000000000009,127,2025
2025-08-27,0.2968046970404417,9.000000000000007,126,2025
2025-08-28,0.2967354338109947,9.000000000000018,125,2025
2025-08-29,0.29454078929508776,8.999999999999996,124,2025
2025-09-01,0.2928762874980845,9.0,121,2025
2025-09-02,0.2920453182567888,9.0,120,2025
2025-09-03,0.2923637484276457,9.000000000000007,119,2025
2025-09-04,0.29076216965574136,8.99999999999999,118,2025
2025-09-05,0.29092082596630103,9.0,117,2025
2025-09-08,0.2890911299182423,9.0,114,2025
2025-09-09,0.28693845655482936,9.000000000000007,113,2025
2025-09-10,0.28720344901557054,9.000000000000007,112,2025
2025-09-11,0.28829164823317827,9.000000000000004,111,2025
2025-09-12,0.2889628411715313,9.0,110,2025
2025-09-15,0.28694081941851585,9.000000000000004,107,2025
2025-09-16,0.28566371396140816,9.000000000000004,106,2025
2025-09-17,0.28579720811190845,9.000000000000004,105,2025
2025-09-18,0.28557816592559826,9.000000000000009,104,2025
2025-09-19,0.28256156732167975,9.0,103,2025
2025-09-22,0.28118003656299273,9.000000000000012,100,2025
2025-09-23,0.28088373331476235,9.000000000000002,99,2025
2025-09-24,0.28072779878026266,9.000000000000007,98,2025
2025-09-25,0.2786579472286572,9.000000000000004,97,2025
2025-09-26,0.28121595372803343,9.0,96,2025
2025-09-29,0.28040611517411157,9.000000000000007,93,2025
2025-09-30,0.2810186303322152,9.0,92,2025
2025-10-01,0.2785407150286351,9.000000000000007,91,2025
2025-10-02,0.2784927774138148,8.999999999999995,90,2025
2025-10-03,0.2799282196188606,8.999999999999996,89,2025
2025-10-06,0.27991321788491785,8.99999999999999,86,2025
2025-10-07,0.28055230589814867,9.000000000000007,85,2025
2025-10-08,0.2793559083187255,9.000000000000002,84,2025
2025-10-09,0.2792429958393723,9.000000000000016,83,2025
2025-10-10,0.28027023366174464,8.999999999999996,82,2025
2025-10-13,0.2796059750221889,8.999999999999998,79,2025
2025-10-14,0.280484053493222,9.000000000000012,78,2025
2025-10-15,0.2807289289768214,8.999999999999995,77,2025
2025-10-16,0.28174730885519966,9.000000000000009,76,2025
2025-10-17,0.28323512003617984,8.999999999999995,75,2025
2025-10-20,0.283578261529868,8.99999999999999,72,2025
2025-10-21,0.2836077288104865,9.000000000000002,71,2025
2025-10-22,0.2829277567560438,8.999999999999996,70,2025
2025-10-23,0.2828811435719571,8.999999999999998,69,2025
2025-10-24,0.2819182125537722,8.999999999999996,68,2025
2025-10-27,0.2814650339041538,8.999999999999998,65,2025
2025-10-28,0.2814803164643745,8.99999999999999,64,2025
2025-10-29,0.28003084750785345,8.999999999999996,63,2025
2025-10-30,0.2806666339841601,8.999999999999996,62,2025
2025-10-31,0.28065005674112986,8.999999999999995,61,2025
2025-11-03,0.2819396983799055,9.000000000000007,58,2025
2025-11-04,0.28208073961730584,9.000000000000002,57,2025
2025-11-05,0.2818629428934637,9.000000000000007,56,2025
2025-11-06,0.28075019690233566,9.000000000000007,55,2025
2025-11-07,0.2802302823460051,9.000000000000002,54,2025
2025-11-10,0.2805304130740135,9.000000000000007,51,2025
2025-11-11,0.28027421918612117,9.000000000000002,50,2025
2025-11-12,0.2799772035944177,9.000000000000007,49,2025
2025-11-13,0.2807902978765592,9.000000000000016,48,2025
2025-11-14,0.28175749817523765,9.000000000000027,47,2025
2025-11-17,0.28295362549209013,9.000000000000007,44,2025
2025-11-18,0.28266376002631355,9.000000000000007,43,2025
2025-11-19,0.28266707123988283,9.000000000000027,42,2025
2025-11-20,0.28340962856939866,9.000000000000012,41,2025
2025-11-21,0.28179355901179926,9.000000000000034,40,2025
2025-11-24,0.28010716052761275,9.000000000000027,37,2025
2025-11-25,0.2812483673526401,8.999999999999996,36,2025
2025-11-26,0.2821828745083231,9.000000000000012,35,2025
2025-11-27,0.2832292574315073,9.000000000000014,34,2025
2025-11-28,0.28300164132282857,9.0,33,2025
2025-12-01,0.283493014291272,9.000000000000016,30,2025
2025-12-02,0.28351679301376076,9.00000000000002,29,2025
2025-12-03,0.2830862101597222,9.000000000000002,28,2025
2025-12-04,0.2842513221109137,9.000000000000007,27,2025
2025-12-05,0.2842313945865042,9.000000000000007,26,2025
2025-12-08,0.2834055472310986,9.000000000000018,23,2025
2025-12-09,0.28393423798500733,9.000000000000007,22,2025
2025-12-10,0.282514367782587,9.000000000000007,21,2025
2025-12-11,0.28210165712193547,8.999999999999998,20,2025
2025-12-12,0.28393013422243585,9.000000000000016,19,2025
2025-12-15,0.2847506310775459,9.000000000000027,16,2025
2025-12-16,0.2830343706748804,9.00000000000002,15,2025
2025-12-17,0.28254787898825917,8.999999999999998,14,2025
2025-12-18,,,13,2025
2025-12-19,,,12,2025
2025-12-22,,,9,2025
2025-12-23,,,8,2025
2025-12-24,,,7,2025
2025-12-25,,,6,2025
2025-12-26,,,5,2025
2025-12-29,,,2,2025
2025-12-30,,,1,2025
2025-12-31,,,0,2025
2026-01-01,,,364,2026
2026-01-02,,,363,2026
2026-01-05,,,360,2026
2026-01-06,,,359,2026
2026-01-07,,,358,2026
2026-01-08,,,357,2026
2026-01-09,,,356,2026
2026-01-12,,,353,2026
2026-01-13,,,352,2026
2026-01-14,,,351,2026
2026-01-15,,,350,2026
2026-01-16,,,349,2026
2026-01-19,,,346,2026
2026-01-20,,,345,2026
2026-01-21,,,344,2026
2026-01-22,,,343,2026
2026-01-23,,,342,2026
2026-01-26,,,339,2026
2026-01-27,,,338,2026
2026-01-28,,,337,2026
2026-01-29,,,336,2026
2026-01-30,,,335,2026
2026-02-02,,,332,2026
2026-02-03,,,331,2026
2026-02-04,,,330,2026
2026-02-05,,,329,2026
2026-02-06,,,328,2026
2026-02-09,,,325,2026
2026-02-10,,,324,2026
2026-02-11,,,323,2026
2026-02-12,,,322,2026
2026-02-13,,,321,2026
2026-02-16,,,318,2026
2026-02-17,,,317,2026
2026-02-18,,,316,2026
2026-02-19,,,315,2026
2026-02-20,,,314,2026
2026-02-23,,,311,2026
2026-02-24,,,310,2026
2026-02-25,,,309,2026
2026-02-26,,,308,2026
2026-02-27,,,307,2026
2026-03-02,,,304,2026
2026-03-03,,,303,2026
2026-03-04,,,302,2026
2026-03-05,,,301,2026
2026-03-06,,,300,2026
2026-03-09,,,297,2026
2026-03-10,,,296,2026
2026-03-11,,,295,2026
2026-03-12,,,294,2026
2026-03-13,,,293,2026
2026-03-16,,,290,2026
2026-03-17,,,289,2026
2026-03-18,,,288,2026
2026-03-19,,,287,2026
2026-03-20,,,286,2026
2026-03-23,,,283,2026
2026-03-24,,,282,2026
2026-03-25,,,281,2026
2026-03-26,,,280,2026
2026-03-27,,,279,2026
2026-03-30,,,276,2026
2026-03-31,,,275,2026
2026-04-01,,,274,2026
2026-04-02,,,273,2026
2026-04-03,0.2881022083567331,8.999999999999995,272,2026
2026-04-06,0.289509861021897,9.000000000000009,269,2026
2026-04-07,0.2894391751652889,8.999999999999945,268,2026
2026-04-08,0.28885816353676974,9.000000000000034,267,2026
2026-04-09,0.2866735085558446,9.000000000000046,266,2026
2026-04-10,0.28661375701926894,8.999999999999977,265,2026
2026-04-13,0.28661447068798895,9.000000000000004,262,2026
2026-04-14,0.2868228211304204,9.000000000000027,261,2026
2026-04-15,0.28461995594409145,9.00000000000002,260,2026
2026-04-16,0.2859752975296279,8.99999999999998,259,2026
2026-04-17,0.2839732734577765,8.99999999999997,258,2026
2026-04-20,0.2847371105312391,8.999999999999964,255,2026
2026-04-21,0.2851453613544884,8.999999999999982,254,2026
2026-04-22,0.2851499422169987,9.000000000000004,253,2026
2026-04-23,0.2852122593790456,9.000000000000034,252,2026
2026-04-24,0.284766058801897,8.999999999999964,251,2026
2026-04-27,0.2836231386112852,9.000000000000009,248,2026
2026-04-28,0.28400302496336444,9.000000000000012,247,2026
2026-04-29,0.28356222662413433,8.999999999999993,246,2026
2026-04-30,0.28328601827921457,9.000000000000018,245,2026
2026-05-01,0.2861616653097229,8.999999999999982,244,2026
2026-05-04,0.2855643371854038,8.999999999999996,241,2026
2026-05-05,0.2866974278715675,9.000000000000007,240,2026
2026-05-06,0.28950788286113105,8.999999999999982,239,2026
2026-05-07,0.2917121407750438,9.000000000000027,238,2026
2026-05-08,0.29322369903221385,9.000000000000007,237,2026
2026-05-11,0.29351932848299545,8.999999999999995,234,2026
2026-05-12,0.2943564648339335,8.999999999999954,233,2026
2026-05-13,0.2950939768741746,8.999999999999998,232,2026
2026-05-14,0.29568366419424613,9.000000000000007,231,2026
2026-05-15,0.29544538646462004,8.99999999999998,230,2026
2026-05-18,0.29436788056836105,9.0,227,2026
2026-05-19,0.29294528509938883,9.000000000000002,226,2026
2026-05-20,0.29219494104288324,8.999999999999998,225,2026
2026-05-21,0.2926072379583926,8.99999999999999,224,2026
2026-05-22,0.2928098497708176,8.999999999999975,223,2026
2026-05-25,0.29315865445438405,9.000000000000052,220,2026
2026-05-26,0.29341366005188396,8.999999999999979,219,2026
2026-05-27,0.29162982998862014,9.000000000000016,218,2026
2026-05-28,0.2904806310657461,8.99999999999999,217,2026
2026-05-29,0.2913647399661976,8.999999999999995,216,2026
2026-06-01,0.29315901440672776,8.99999999999999,213,2026
2026-06-02,0.2918471693847383,8.999999999999993,212,2026
2026-06-03,0.2940771324810303,8.999999999999995,211,2026
2026-06-04,0.29292442428700094,8.999999999999998,210,2026
2026-06-05,0.293280654509887,8.999999999999996,209,2026
2026-06-08,0.2941746750590371,8.999999999999993,206,2026
2026-06-09,0.29483544521386623,8.999999999999996,205,2026
2026-06-10,0.2940656421182014,9.0,204,2026
2026-06-11,0.2941096225129176,8.999999999999998,203,2026
2026-06-12,0.2945940432835782,8.999999999999993,202,2026
2026-06-15,0.29173521519582735,9.000000000000007,199,2026
2026-06-16,0.29100856433067535,8.999999999999995,198,2026
2026-06-17,0.28967284376689717,9.0,197,2026
2026-06-18,0.2883407879446947,8.999999999999998,196,2026
2026-06-19,0.2894040829217404,8.999999999999996,195,2026
2026-06-22,0.2884018106798495,8.999999999999984,192,2026
2026-06-23,0.2889173436090225,8.999999999999993,191,2026
2026-06-24,0.2895762923647923,9.0,190,2026
2026-06-25,0.29089291168062703,9.0,189,2026
2026-06-26,0.2933767963814466,8.999999999999996,188,2026
2026-06-29,0.2924794833345642,8.999999999999998,185,2026
2026-06-30,0.2928271528453388,8.999999999999995,184,2026
2026-07-01,0.29247387598348834,8.999999999999998,183,2026
2026-07-02,0.2922688418605753,8.999999999999998,182,2026
2026-07-03,0.2907661026083364,9.000000000000002,181,2026
2026-07-06,0.2925839266380431,8.999999999999998,178,2026
2026-07-07,0.2947221469453354,8.999999999999996,177,2026
2026-07-08,0.2948138726926964,8.999999999999998,176,2026
2026-07-09,0.2939691042980255,8.999999999999998,175,2026
2026-07-10,0.29195417819060604,9.000000000000002,174,2026
2026-07-13,0.29159105697910476,9.000000000000004,171,2026
2026-07-14,0.29157602776569563,8.999999999999996,170,2026
2026-07-15,0.2917115819390289,8.999999999999993,169,2026
2026-07-16,0.29213714016874415,8.999999999999996,168,2026
2026-07-17,0.2939458164076198,8.999999999999993,167,2026
2026-07-20,0.2925772468084508,9.000000000000002,164,2026
2026-07-21,0.2925469487584562,8.999999999999988,163,2026
2026-07-22,0.29414412191495126,9.000000000000002,162,2026
2026-07-23,0.29579404830570727,8.999999999999998,161,2026
2026-07-24,0.29731160196495854,8.999999999999996,160,2026
2026-07-27,0.2955384642283159,8.999999999999998,157,2026
2026-07-28,0.294737018997974,8.999999999999998,156,2026
2026-07-29,0.294020864108059,9.000000000000002,155,2026
2026-07-30,0.29444115475906185,9.000000000000002,154,2026
2026-07-31,0.29563479675349363,8.999999999999993,153,2026
2026-08-03,0.2958956357652434,8.999999999999993,150,2026
2026-08-04,0.2957933156712349,9.000000000000007,149,2026
2026-08-05,0.29568196629731586,8.99999999999999,148,2026
2026-08-06,0.2960440000454668,9.000000000000007,147,2026
2026-08-07,0.29528194447723044,9.000000000000002,146,2026
2026-08-10,0.2951317884057148,8.999999999999998,143,2026
2026-08-11,0.2948207344101134,9.0,142,2026
2026-08-12,0.2943141866791627,9.000000000000004,141,2026
2026-08-13,0.2949643273254515,8.999999999999982,140,2026
2026-08-14,0.2938739555309154,8.999999999999982,139,2026
2026-08-17,0.29220140376291387,8.999999999999995,136,2026
2026-08-18,0.29183000621406724,8.999999999999984,135,2026
2026-08-19,0.2921407214129221,9.000000000000012,134,2026
2026-08-20,0.29174686598902694,9.000000000000012,133,2026
2026-08-21,0.29072901067080087,9.000000000000014,132,2026
2026-08-24,0.2917175054907,8.999999999999995,129,2026
2026-08-25,0.2921614543257783,8.999999999999998,128,2026
2026-08-26,0.29351274287974966,9.000000000000002,127,2026
2026-08-27,0.29172560704396516,9.000000000000014,126,2026
2026-08-28,0.29241779534172513,8.99999999999999,125,2026
