obs_date,ccy,near_date,far_date,near_pts,far_pts,spot,imm_spread_pts,leg_days,days_to_near,ann_pct,pair,quarter_pair
2016-08-29,TWD,2016-09-21,2016-12-21,-0.029251023897382163,-0.14498333583919853,30.522807545094427,-0.11573231194181638,91,23,-1.501438878925667,Sep16-Dec16,Sep-Dec
2016-08-30,TWD,2016-09-21,2016-12-21,-0.026356946243360123,-0.13537886024998608,30.52701965632743,-0.10902191400662595,91,22,-1.414052829218218,Sep16-Dec16,Sep-Dec
2016-08-31,TWD,2016-09-21,2016-12-21,-0.02530612576595742,-0.13496600408510623,30.48007417193159,-0.1096598783191488,91,21,-1.4244708683624638,Sep16-Dec16,Sep-Dec
2016-09-01,TWD,2016-09-21,2016-12-21,-0.022631515094415012,-0.1173960996857501,30.536769808301926,-0.09476458459133509,91,20,-1.2285874125536655,Sep16-Dec16,Sep-Dec
2016-09-02,TWD,2016-09-21,2016-12-21,-0.020319492538989167,-0.10982203222795113,30.610255350846575,-0.08950253968896196,91,19,-1.157491741163414,Sep16-Dec16,Sep-Dec
2016-09-05,TWD,2016-09-21,2016-12-21,-0.015589566121759057,-0.09771792191193407,30.398452102082732,-0.08212835579017501,91,16,-1.069363971742273,Sep16-Dec16,Sep-Dec
2016-09-06,TWD,2016-09-21,2016-12-21,-0.014071566492572718,-0.09331799378157579,30.36053745238629,-0.07924642728900308,91,15,-1.033076968150235,Sep16-Dec16,Sep-Dec
2016-09-07,TWD,2016-09-21,2016-12-21,-0.012100261143009662,-0.0850319165665619,30.397937517656242,-0.07293165542355223,91,14,-0.9495240569050297,Sep16-Dec16,Sep-Dec
2016-09-08,TWD,2016-09-21,2016-12-21,-0.01042756735610681,-0.0781138722482343,30.37046116047232,-0.06768630489212749,91,13,-0.8819818876490384,Sep16-Dec16,Sep-Dec
2016-09-09,TWD,2016-09-21,2016-12-21,-0.010645865064131904,-0.08647997819110846,30.361587711346896,-0.07583411312697656,91,12,-0.9884473648868921,Sep16-Dec16,Sep-Dec
2016-09-12,TWD,2016-09-21,2016-12-21,-0.008316316783194942,-0.08873073226872805,30.361710368272394,-0.0804144154855331,91,9,-1.0480638897275267,Sep16-Dec16,Sep-Dec
2016-09-13,TWD,2016-09-21,2016-12-21,-0.007253273067851265,-0.08649020693543466,30.402139696790066,-0.07923693386758339,91,8,-1.0313076645605308,Sep16-Dec16,Sep-Dec
2016-09-14,TWD,2016-09-21,2016-12-21,-0.007422310259364891,-0.10102951881516187,30.64030947234676,-0.09360720855579698,91,7,-1.208877993412294,Sep16-Dec16,Sep-Dec
2016-09-15,TWD,2016-09-21,2016-12-21,-0.007803917532529266,-0.10567684998068588,30.543061400380783,-0.09787293244815662,91,6,-1.2680083771663335,Sep16-Dec16,Sep-Dec
2016-09-16,TWD,2016-09-21,2016-12-21,-0.0075471293055338175,-0.10144550394610279,30.62279704898306,-0.09389837464056897,91,5,-1.2133368123851922,Sep16-Dec16,Sep-Dec
2016-09-19,TWD,2016-09-21,2016-12-21,-0.008181886593967567,-0.10787915296011505,30.61763281089097,-0.09969726636614748,91,2,-1.2885130446062145,Sep16-Dec16,Sep-Dec
2016-09-20,TWD,2016-09-21,2016-12-21,-0.008052411371672296,-0.10542067733543015,30.57951436150044,-0.09736826596375785,91,1,-1.2599761853220315,Sep16-Dec16,Sep-Dec
2016-09-21,TWD,2016-12-21,2017-03-15,-0.10735291743805683,-0.19370354669654077,30.586491488564405,-0.08635062925848394,84,91,-1.2141882702160054,Dec16-Mar17,Dec-Mar
2016-09-22,TWD,2016-12-21,2017-03-15,-0.09955625714861391,-0.17971440968670066,30.626449921487072,-0.08015815253808675,84,90,-1.125351774164507,Dec16-Mar17,Dec-Mar
2016-09-23,TWD,2016-12-21,2017-03-15,-0.10217572944474226,-0.18586558274178594,30.5895999079946,-0.08368985329704368,84,89,-1.1764549138159845,Dec16-Mar17,Dec-Mar
2016-09-26,TWD,2016-12-21,2017-03-15,-0.09438085133810889,-0.17380700557858805,30.62350458753322,-0.07942615424047916,84,86,-1.1149936920206953,Dec16-Mar17,Dec-Mar
2016-09-27,TWD,2016-12-21,2017-03-15,-0.09430148636402105,-0.17470491862028964,30.692699655386562,-0.08040343225626859,84,85,-1.1261574424180474,Dec16-Mar17,Dec-Mar
2016-09-28,TWD,2016-12-21,2017-03-15,-0.08967028155093647,-0.16652183769323636,30.76494098072788,-0.0768515561422999,84,84,-1.0737111834102167,Dec16-Mar17,Dec-Mar
2016-09-29,TWD,2016-12-21,2017-03-15,-0.08271058132264295,-0.15351361602765046,30.969743149485783,-0.07080303470500751,84,83,-0.9824238590661218,Dec16-Mar17,Dec-Mar
2016-09-30,TWD,2016-12-21,2017-03-15,-0.0837991360574086,-0.15681241819011152,30.79136470070283,-0.07301328213270292,84,82,-1.0190129387634654,Dec16-Mar17,Dec-Mar
2016-10-03,TWD,2016-12-21,2017-03-15,-0.06705463850541474,-0.14139937022727062,30.72053254107818,-0.07434473172185588,84,79,-1.0394261943804186,Dec16-Mar17,Dec-Mar
2016-10-04,TWD,2016-12-21,2017-03-15,-0.06050811582330937,-0.12791300230492336,30.41728981007061,-0.067404886481614,84,78,-0.9516097188126167,Dec16-Mar17,Dec-Mar
2016-10-05,TWD,2016-12-21,2017-03-15,-0.06259211433790192,-0.13234590465464743,30.668819550399242,-0.06975379031674551,84,77,-0.9767450636237582,Dec16-Mar17,Dec-Mar
2016-10-06,TWD,2016-12-21,2017-03-15,-0.06386163017106683,-0.1351181853561255,30.672755816907305,-0.07125655518505866,84,76,-0.9977009775143137,Dec16-Mar17,Dec-Mar
2016-10-07,TWD,2016-12-21,2017-03-15,-0.06373579671872097,-0.13498362799562305,30.658735814708404,-0.07124783127690208,84,75,-0.9980318619056763,Dec16-Mar17,Dec-Mar
2016-10-10,TWD,2016-12-21,2017-03-15,-0.06624268320979922,-0.14090986824669224,30.542929778405995,-0.07466718503689303,84,72,-1.0499901796646252,Dec16-Mar17,Dec-Mar
2016-10-11,TWD,2016-12-21,2017-03-15,-0.06554719267419562,-0.1396215804060198,30.622674497327758,-0.07407438773182418,84,71,-1.0389119976584553,Dec16-Mar17,Dec-Mar
2016-10-12,TWD,2016-12-21,2017-03-15,-0.0645072770905697,-0.13756955145076827,30.680881048129642,-0.07306227436019856,84,70,-1.0227338982530412,Dec16-Mar17,Dec-Mar
2016-10-13,TWD,2016-12-21,2017-03-15,-0.07060195812796298,-0.15131534149645967,30.752428112563532,-0.08071338336849669,84,69,-1.127424744568839,Dec16-Mar17,Dec-Mar
2016-10-14,TWD,2016-12-21,2017-03-15,-0.07046749874647118,-0.1513819829530923,30.76856326131217,-0.08091448420662112,84,68,-1.1296347616075928,Dec16-Mar17,Dec-Mar
2016-10-17,TWD,2016-12-21,2017-03-15,-0.06916409036002186,-0.1496151944751731,30.86650756167229,-0.08045110411515125,84,65,-1.119546062565321,Dec16-Mar17,Dec-Mar
2016-10-18,TWD,2016-12-21,2017-03-15,-0.06778940045724005,-0.14690063961902575,30.789772295311312,-0.0791112391617857,84,64,-1.1036011868004023,Dec16-Mar17,Dec-Mar
2016-10-19,TWD,2016-12-21,2017-03-15,-0.06727326227576672,-0.1461134855503287,30.858043527834607,-0.07884022327456197,84,63,-1.097363489976244,Dec16-Mar17,Dec-Mar
2016-10-20,TWD,2016-12-21,2017-03-15,-0.06791507964021151,-0.14806313004368643,30.90402839141607,-0.08014805040347492,84,62,-1.1139265221701595,Dec16-Mar17,Dec-Mar
2016-10-21,TWD,2016-12-21,2017-03-15,-0.06527761048645488,-0.14224731718452577,31.00985595855293,-0.07696970669807089,84,61,-1.0660031229146685,Dec16-Mar17,Dec-Mar
2016-10-24,TWD,2016-12-21,2017-03-15,-0.06443827675862575,-0.14488932704797722,30.89604128036606,-0.08045105028935147,84,58,-1.1183012945692619,Dec16-Mar17,Dec-Mar
2016-10-25,TWD,2016-12-21,2017-03-15,-0.0626140801999651,-0.14205340896779406,30.80172619077135,-0.07943932876782896,84,57,-1.107560507678938,Dec16-Mar17,Dec-Mar
2016-10-26,TWD,2016-12-21,2017-03-15,-0.060801842904878035,-0.13923645305326093,30.643570101442016,-0.0784346101483829,84,56,-1.0991429106928756,Dec16-Mar17,Dec-Mar
2016-10-27,TWD,2016-12-21,2017-03-15,-0.06263265376322472,-0.14547859368396548,30.74688962051495,-0.08284593992074077,84,55,-1.1571211537449841,Dec16-Mar17,Dec-Mar
2016-10-28,TWD,2016-12-21,2017-03-15,-0.06585408278495598,-0.15549705879213957,30.712099979928404,-0.08964297600718359,84,54,-1.2536092811411548,Dec16-Mar17,Dec-Mar
2016-10-31,TWD,2016-12-21,2017-03-15,-0.061553630744254254,-0.15014369578118417,30.7017254415968,-0.08859006503692991,84,51,-1.239130477612609,Dec16-Mar17,Dec-Mar
2016-11-01,TWD,2016-12-21,2017-03-15,-0.05189247484741391,-0.14835165716052906,30.54951097202679,-0.09645918231311515,84,50,-1.3555041868789404,Dec16-Mar17,Dec-Mar
2016-11-02,TWD,2016-12-21,2017-03-15,-0.05105349665414015,-0.14702025652495412,30.54810227710816,-0.09596675987081398,84,49,-1.3486095546256793,Dec16-Mar17,Dec-Mar
2016-11-03,TWD,2016-12-21,2017-03-15,-0.04810531462126222,-0.1398896918359595,30.564632491088418,-0.09178437721469729,84,48,-1.2890117357054873,Dec16-Mar17,Dec-Mar
2016-11-04,TWD,2016-12-21,2017-03-15,-0.04917546910753315,-0.14377101101398984,30.460622342933206,-0.09459554190645669,84,47,-1.3330818063191443,Dec16-Mar17,Dec-Mar
2016-11-07,TWD,2016-12-21,2017-03-15,-0.04805190109965049,-0.143784835346356,30.57516924682128,-0.09573293424670551,84,44,-1.3439985153788239,Dec16-Mar17,Dec-Mar
2016-11-08,TWD,2016-12-21,2017-03-15,-0.04455781795800948,-0.13463908117850307,30.56427102083986,-0.09008126322049359,84,43,-1.2649612861460284,Dec16-Mar17,Dec-Mar
2016-11-09,TWD,2016-12-21,2017-03-15,-0.04496512808789059,-0.13696006328617152,30.722423854796318,-0.09199493519828093,84,42,-1.2851912262516394,Dec16-Mar17,Dec-Mar
2016-11-10,TWD,2016-12-21,2017-03-15,-0.04558776248169652,-0.1400314627210743,30.632526967186426,-0.09444370023937779,84,41,-1.3233057175245604,Dec16-Mar17,Dec-Mar
2016-11-11,TWD,2016-12-21,2017-03-15,-0.04331879259058854,-0.13428825703082448,30.733507358561422,-0.09096946444023593,84,40,-1.2703380185404844,Dec16-Mar17,Dec-Mar
2016-11-14,TWD,2016-12-21,2017-03-15,-0.041278824638869345,-0.1316727624725122,30.46570131541946,-0.09039393783364286,84,37,-1.2733276723099842,Dec16-Mar17,Dec-Mar
2016-11-15,TWD,2016-12-21,2017-03-15,-0.043281243960876306,-0.13975673183381604,30.53160489649184,-0.09647548787293973,84,36,-1.3561466393183785,Dec16-Mar17,Dec-Mar
2016-11-16,TWD,2016-12-21,2017-03-15,-0.0420660664473566,-0.1372735145182713,30.563049168852906,-0.09520744807091469,84,35,-1.3368898339049766,Dec16-Mar17,Dec-Mar
2016-11-17,TWD,2016-12-21,2017-03-15,-0.043766882650944645,-0.1448759102835655,30.51565896196904,-0.10110902763262086,84,34,-1.4220462681210198,Dec16-Mar17,Dec-Mar
2016-11-18,TWD,2016-12-21,2017-03-15,-0.044912570630029486,-0.15090843641866292,30.42344006723126,-0.10599586578863343,84,33,-1.4953588395218511,Dec16-Mar17,Dec-Mar
2016-11-21,TWD,2016-12-21,2017-03-15,-0.04244206159449683,-0.14858072454670646,30.477862829715693,-0.10613866295220963,84,30,-1.4945743236030993,Dec16-Mar17,Dec-Mar
2016-11-22,TWD,2016-12-21,2017-03-15,-0.0383580458742127,-0.13677536533478793,30.452986682249822,-0.09841731946057522,84,29,-1.3867948776117618,Dec16-Mar17,Dec-Mar
2016-11-23,TWD,2016-12-21,2017-03-15,-0.0366514789210331,-0.13382023464928514,30.68563448363343,-0.09716875572825204,84,28,-1.3587319503737578,Dec16-Mar17,Dec-Mar
2016-11-24,TWD,2016-12-21,2017-03-15,-0.038481090241639634,-0.14539622881591413,30.729141225983838,-0.1069151385742745,84,27,-1.492987556215091,Dec16-Mar17,Dec-Mar
2016-11-25,TWD,2016-12-21,2017-03-15,-0.038692109997401546,-0.1508351548195888,30.86936071429477,-0.11214304482218726,84,26,-1.5588797486245642,Dec16-Mar17,Dec-Mar
2016-11-28,TWD,2016-12-21,2017-03-15,-0.03329625464608562,-0.1420767630882212,30.775690028042455,-0.10878050844213558,84,23,-1.5164797591043737,Dec16-Mar17,Dec-Mar
2016-11-29,TWD,2016-12-21,2017-03-15,-0.03174120890832608,-0.14014470971766377,30.696494235704886,-0.1084035008093377,84,22,-1.5150502977605562,Dec16-Mar17,Dec-Mar
2016-11-30,TWD,2016-12-21,2017-03-15,-0.03213556137299345,-0.14792057350725885,30.617360058500143,-0.1157850121342654,84,21,-1.6224222275106652,Dec16-Mar17,Dec-Mar
2016-12-01,TWD,2016-12-21,2017-03-15,-0.03109615697387237,-0.14897439290935116,30.541496051484447,-0.11787823593547879,84,20,-1.6558040585183318,Dec16-Mar17,Dec-Mar
2016-12-02,TWD,2016-12-21,2017-03-15,-0.025926971806211348,-0.1494029175356932,30.606681261206756,-0.12347594572948187,84,19,-1.730443335527346,Dec16-Mar17,Dec-Mar
2016-12-05,TWD,2016-12-21,2017-03-15,-0.023806269367972088,-0.14600050055989955,30.595836232330534,-0.12219423119192746,84,16,-1.7129695440098538,Dec16-Mar17,Dec-Mar
2016-12-06,TWD,2016-12-21,2017-03-15,-0.02228185897242933,-0.13958502698539763,30.53715975885308,-0.11730316801296829,84,15,-1.6474844322240667,Dec16-Mar17,Dec-Mar
2016-12-07,TWD,2016-12-21,2017-03-15,-0.02072602451854811,-0.13238498511180585,30.4732476432742,-0.11165896059325775,84,14,-1.5714245556853745,Dec16-Mar17,Dec-Mar
2016-12-08,TWD,2016-12-21,2017-03-15,-0.019120982798334275,-0.12998268644278815,30.454229110556064,-0.11086170364445389,84,13,-1.5610970891026017,Dec16-Mar17,Dec-Mar
2016-12-09,TWD,2016-12-21,2017-03-15,-0.018034264194412543,-0.13155123075148092,30.534918729166577,-0.11351696655706839,84,12,-1.5942036475020842,Dec16-Mar17,Dec-Mar
2016-12-12,TWD,2016-12-21,2017-03-15,-0.013324630544008361,-0.12503189018227884,30.3743010539381,-0.11170725963827048,84,9,-1.5768445381118625,Dec16-Mar17,Dec-Mar
2016-12-13,TWD,2016-12-21,2017-03-15,-0.011491232500261078,-0.11959791983587852,30.12300940109735,-0.10810668733561744,84,8,-1.5386616234404706,Dec16-Mar17,Dec-Mar
2016-12-14,TWD,2016-12-21,2017-03-15,-0.010064405198445049,-0.11832955855002046,30.01850167143636,-0.10826515335157541,84,7,-1.546210188312358,Dec16-Mar17,Dec-Mar
2016-12-15,TWD,2016-12-21,2017-03-15,-0.009445173458290894,-0.10893655598617549,30.003332346155005,-0.0994913825278846,84,6,-1.4215951302015695,Dec16-Mar17,Dec-Mar
2016-12-16,TWD,2016-12-21,2017-03-15,-0.009536526263093629,-0.10871552832909326,30.08301912400461,-0.09917900206599962,84,5,-1.4133809232624543,Dec16-Mar17,Dec-Mar
2016-12-19,TWD,2016-12-21,2017-03-15,-0.008564164347298146,-0.09262804019641495,30.213206568938002,-0.0840638758491168,84,2,-1.1927760932018814,Dec16-Mar17,Dec-Mar
2016-12-20,TWD,2016-12-21,2017-03-15,-0.008306436724888617,-0.08827521191248011,30.2127902496588,-0.07996877518759149,84,1,-1.1346769716547023,Dec16-Mar17,Dec-Mar
2016-12-21,TWD,2017-03-15,2017-06-21,-0.08155633445784444,-0.19140765135614643,30.24464920625163,-0.10985131689830199,98,84,-1.3378450663057067,Mar17-Jun17,Mar-Jun
2016-12-22,TWD,2017-03-15,2017-06-21,-0.07493901674502892,-0.17822389450342146,30.088682765724332,-0.10328487775839254,98,83,-1.2641336576893831,Mar17-Jun17,Mar-Jun
2016-12-23,TWD,2017-03-15,2017-06-21,-0.07151242271598142,-0.17197189328062817,30.109203921669906,-0.10045947056464676,98,82,-1.2285724082430518,Mar17-Jun17,Mar-Jun
2016-12-26,TWD,2017-03-15,2017-06-21,-0.06999782815842687,-0.17236119499071428,30.046991515711127,-0.10236336683228742,98,79,-1.254390945287116,Mar17-Jun17,Mar-Jun
2016-12-27,TWD,2017-03-15,2017-06-21,-0.072826143042448,-0.18003967174498878,30.016976831957777,-0.10721352870254078,98,78,-1.3152672778519827,Mar17-Jun17,Mar-Jun
2016-12-28,TWD,2017-03-15,2017-06-21,-0.06785403545943637,-0.17010051258669065,29.957957480175054,-0.10224647712725428,98,77,-1.256600882721839,Mar17-Jun17,Mar-Jun
2016-12-29,TWD,2017-03-15,2017-06-21,-0.0744986703493383,-0.1866209499601497,29.887923824975836,-0.11212227961081139,98,76,-1.3815177548351047,Mar17-Jun17,Mar-Jun
2016-12-30,TWD,2017-03-15,2017-06-21,-0.06710957896924497,-0.1710959663957099,29.932415950992553,-0.10398638742646493,98,75,-1.2790453451105581,Mar17-Jun17,Mar-Jun
2017-01-02,TWD,2017-03-15,2017-06-21,-0.07668180082133327,-0.18105425193925914,29.911787248423792,-0.10437245111792587,98,72,-1.28509351099839,Mar17-Jun17,Mar-Jun
2017-01-03,TWD,2017-03-15,2017-06-21,-0.08069705517366378,-0.19208172287815745,29.878479728472932,-0.11138466770449366,98,71,-1.373149712392416,Mar17-Jun17,Mar-Jun
2017-01-04,TWD,2017-03-15,2017-06-21,-0.07711788936769548,-0.18508293448246915,29.622681489751024,-0.10796504511477367,98,70,-1.3423547898459418,Mar17-Jun17,Mar-Jun
2017-01-05,TWD,2017-03-15,2017-06-21,-0.07880032436309176,-0.19071962563241046,29.616368224884972,-0.1119193012693187,98,69,-1.3918956648577925,Mar17-Jun17,Mar-Jun
2017-01-06,TWD,2017-03-15,2017-06-21,-0.07371581392298349,-0.17995331045904794,29.711445537763822,-0.10623749653606446,98,68,-1.3167681701444325,Mar17-Jun17,Mar-Jun
2017-01-09,TWD,2017-03-15,2017-06-21,-0.07720666506841639,-0.1936105600946442,29.75727274698888,-0.1164038950262278,98,65,-1.4407183050538581,Mar17-Jun17,Mar-Jun
2017-01-10,TWD,2017-03-15,2017-06-21,-0.07713439125294326,-0.19524642785901264,29.895880692088507,-0.11811203660606938,98,64,-1.4550610090057543,Mar17-Jun17,Mar-Jun
2017-01-11,TWD,2017-03-15,2017-06-21,-0.07279838744471676,-0.18604032346983174,30.277744692337002,-0.11324193602511498,98,63,-1.3772273626952583,Mar17-Jun17,Mar-Jun
2017-01-12,TWD,2017-03-15,2017-06-21,-0.07218197160077003,-0.18627605574392264,30.296004547851975,-0.11409408414315261,98,62,-1.3867244104097902,Mar17-Jun17,Mar-Jun
2017-01-13,TWD,2017-03-15,2017-06-21,-0.0733371654660142,-0.1911575296573157,30.288133656277388,-0.1178203641913015,98,61,-1.4324422183102246,Mar17-Jun17,Mar-Jun
2017-01-16,TWD,2017-03-15,2017-06-21,-0.07123591334041895,-0.19160004277767856,30.28229374350112,-0.1203641294372596,98,58,-1.4635500264745624,Mar17-Jun17,Mar-Jun
2017-01-17,TWD,2017-03-15,2017-06-21,-0.07176727059879567,-0.1951566130318128,30.198802235883388,-0.12338934243301714,98,57,-1.5045190232799868,Mar17-Jun17,Mar-Jun
2017-01-18,TWD,2017-03-15,2017-06-21,-0.07460605893718478,-0.20516666207725817,30.216894933105806,-0.1305606031400734,98,56,-1.5911544769677957,Mar17-Jun17,Mar-Jun
2017-01-19,TWD,2017-03-15,2017-06-21,-0.07742745550289822,-0.2153891034898805,30.186336052888578,-0.1379616479869823,98,55,-1.6832157463469974,Mar17-Jun17,Mar-Jun
2017-01-20,TWD,2017-03-15,2017-06-21,-0.07568292138950947,-0.21303340835565623,30.415573075522342,-0.13735048696614677,98,54,-1.6630014370525557,Mar17-Jun17,Mar-Jun
2017-01-23,TWD,2017-03-15,2017-06-21,-0.07147735105961645,-0.20882598642907552,30.455626746128313,-0.13734863536945907,98,51,-1.6605566307593893,Mar17-Jun17,Mar-Jun
2017-01-24,TWD,2017-03-15,2017-06-21,-0.07038047302127279,-0.20832620014296746,30.435235726639345,-0.13794572712169467,98,50,-1.6688352423243544,Mar17-Jun17,Mar-Jun
2017-01-25,TWD,2017-03-15,2017-06-21,-0.06532811280175353,-0.1959843384052606,30.46156723241447,-0.1306562256035071,98,49,-1.5790165460450662,Mar17-Jun17,Mar-Jun
2017-01-26,TWD,2017-03-15,2017-06-21,-0.06634610505250754,-0.20180273620137712,30.424931499297728,-0.13545663114886958,98,48,-1.6390611796692358,Mar17-Jun17,Mar-Jun
2017-01-27,TWD,2017-03-15,2017-06-21,-0.06827288252455128,-0.21062910566084972,30.41942488911623,-0.14235622313629842,98,47,-1.7229699476779639,Mar17-Jun17,Mar-Jun
2017-01-30,TWD,2017-03-15,2017-06-21,-0.07021377813804175,-0.2265990112636802,30.572914692574717,-0.15638523312563846,98,44,-1.8833622904262006,Mar17-Jun17,Mar-Jun
2017-01-31,TWD,2017-03-15,2017-06-21,-0.06511848254783023,-0.21352804742428053,30.492240729385358,-0.1484095648764503,98,43,-1.7917501004563723,Mar17-Jun17,Mar-Jun
2017-02-01,TWD,2017-03-15,2017-06-21,-0.06319297246097252,-0.21064324153657504,30.60220793386138,-0.14745026907560252,98,42,-1.7736461059733193,Mar17-Jun17,Mar-Jun
2017-02-02,TWD,2017-03-15,2017-06-21,-0.06290423360539708,-0.21326069441829745,30.56552217502808,-0.15035646081290038,98,41,-1.8107621355914019,Mar17-Jun17,Mar-Jun
2017-02-03,TWD,2017-03-15,2017-06-21,-0.060619382354210785,-0.20913686912202722,30.534593305925764,-0.14851748676781645,98,40,-1.790296344533832,Mar17-Jun17,Mar-Jun
2017-02-06,TWD,2017-03-15,2017-06-21,-0.05669760888360765,-0.20686965403478466,30.63769693098421,-0.15017204515117702,98,37,-1.8039057682485444,Mar17-Jun17,Mar-Jun
2017-02-07,TWD,2017-03-15,2017-06-21,-0.0558660289479557,-0.20794577441739062,30.656998907882375,-0.15207974546943492,98,36,-1.8256196320892772,Mar17-Jun17,Mar-Jun
2017-02-08,TWD,2017-03-15,2017-06-21,-0.054202300597920805,-0.20596874227209905,30.660522281475487,-0.15176644167417824,98,35,-1.8215498561307948,Mar17-Jun17,Mar-Jun
2017-02-09,TWD,2017-03-15,2017-06-21,-0.055004458546262895,-0.213546721414903,30.739906761499928,-0.1585422628686401,98,34,-1.898002292995128,Mar17-Jun17,Mar-Jun
2017-02-10,TWD,2017-03-15,2017-06-21,-0.05331846696763153,-0.21165815675029487,30.723669186773126,-0.15833968978266333,98,33,-1.896476530695971,Mar17-Jun17,Mar-Jun
2017-02-13,TWD,2017-03-15,2017-06-21,-0.04763741550359352,-0.2032529728153324,30.763641746371746,-0.15561555731173887,98,30,-1.8610786086803623,Mar17-Jun17,Mar-Jun
2017-02-14,TWD,2017-03-15,2017-06-21,-0.047961313932151015,-0.21003747825459235,30.78581210483888,-0.16207616432244132,98,29,-1.9369663551733343,Mar17-Jun17,Mar-Jun
2017-02-15,TWD,2017-03-15,2017-06-21,-0.04527702966050593,-0.2037466334722767,30.69488844049858,-0.15846960381177078,98,28,-1.8993168647037588,Mar17-Jun17,Mar-Jun
2017-02-16,TWD,2017-03-15,2017-06-21,-0.04660862921450379,-0.21578069080788792,30.604882224531803,-0.16917206159338413,98,27,-2.0336501916192944,Mar17-Jun17,Mar-Jun
2017-02-17,TWD,2017-03-15,2017-06-21,-0.04701663438988019,-0.22423317939789014,30.70808288014733,-0.17721654500800996,98,26,-2.1232123758276518,Mar17-Jun17,Mar-Jun
2017-02-20,TWD,2017-03-15,2017-06-21,-0.042610949770286594,-0.22417064879150775,30.7073977338718,-0.18155969902122115,98,23,-2.1749833158803376,Mar17-Jun17,Mar-Jun
2017-02-21,TWD,2017-03-15,2017-06-21,-0.040408330629639944,-0.22040907616167246,30.572210136489403,-0.18000074553203252,98,22,-2.1656999894389335,Mar17-Jun17,Mar-Jun
2017-02-22,TWD,2017-03-15,2017-06-21,-0.037811462962551376,-0.21426495678779112,30.86299768244565,-0.17645349382523973,98,21,-2.1028145728435383,Mar17-Jun17,Mar-Jun
2017-02-23,TWD,2017-03-15,2017-06-21,-0.0355627895326618,-0.20982045824270468,30.579857599874,-0.1742576687100429,98,20,-2.0957439533721933,Mar17-Jun17,Mar-Jun
2017-02-24,TWD,2017-03-15,2017-06-21,-0.034608400148229614,-0.21311488512330864,30.548662144078662,-0.17850648497507904,98,19,-2.1489708105470884,Mar17-Jun17,Mar-Jun
2017-02-27,TWD,2017-03-15,2017-06-21,-0.029499778755787465,-0.21018592363498567,30.67759665361419,-0.1806861448791982,98,16,-2.165697350525234,Mar17-Jun17,Mar-Jun
2017-02-28,TWD,2017-03-15,2017-06-21,-0.02831438487873332,-0.21330169941979105,30.650434446243537,-0.1849873145410577,98,15,-2.219131907679263,Mar17-Jun17,Mar-Jun
2017-03-01,TWD,2017-03-15,2017-06-21,-0.026624481625477068,-0.21299585300381654,30.470588526413486,-0.18637137137833948,98,14,-2.248818604913198,Mar17-Jun17,Mar-Jun
2017-03-02,TWD,2017-03-15,2017-06-21,-0.024470717778638244,-0.20894228257144962,30.59249410692539,-0.18447156479281138,98,13,-2.2168611871001036,Mar17-Jun17,Mar-Jun
2017-03-03,TWD,2017-03-15,2017-06-21,-0.02363872238280135,-0.2166882885090124,30.698206425027333,-0.19304956612621105,98,12,-2.3118880707906126,Mar17-Jun17,Mar-Jun
2017-03-06,TWD,2017-03-15,2017-06-21,-0.01805603610100098,-0.21466620697856717,30.611742326822224,-0.1966101708775662,98,9,-2.3607532520822225,Mar17-Jun17,Mar-Jun
2017-03-07,TWD,2017-03-15,2017-06-21,-0.0162468059964414,-0.21527017945284857,30.456987439906595,-0.19902337345640717,98,8,-2.4017361424689527,Mar17-Jun17,Mar-Jun
2017-03-08,TWD,2017-03-15,2017-06-21,-0.014885056285163583,-0.22327584427745376,30.655575497561504,-0.20839078799229016,98,7,-2.4983679197666144,Mar17-Jun17,Mar-Jun
2017-03-09,TWD,2017-03-15,2017-06-21,-0.014877458679761278,-0.22103652895645326,30.697037133997586,-0.20615907027669197,98,6,-2.468271600446347,Mar17-Jun17,Mar-Jun
2017-03-10,TWD,2017-03-15,2017-06-21,-0.014403419339539949,-0.21193602742465922,30.93270489785738,-0.19753260808511927,98,5,-2.346927076147052,Mar17-Jun17,Mar-Jun
2017-03-13,TWD,2017-03-15,2017-06-21,-0.014401505633754839,-0.20573579476792625,31.00812864458521,-0.19133428913417141,98,2,-2.2677513124226163,Mar17-Jun17,Mar-Jun
2017-03-14,TWD,2017-03-15,2017-06-21,-0.014318010646001845,-0.2024975791363118,30.96434844974852,-0.18817956849030995,98,1,-2.2335095456861547,Mar17-Jun17,Mar-Jun
2017-03-15,TWD,2017-06-21,2017-09-20,-0.18925997110448606,-0.36500137284436596,31.017693487849645,-0.1757414017398799,91,98,-2.255193115154894,Jun17-Sep17,Jun-Sep
2017-03-16,TWD,2017-06-21,2017-09-20,-0.17605203859154306,-0.3412142603629907,31.10498333407082,-0.16516222177144763,91,97,-2.1125495833127674,Jun17-Sep17,Jun-Sep
2017-03-17,TWD,2017-06-21,2017-09-20,-0.16877998653812096,-0.32876934877738145,31.279846796176177,-0.1599893622392605,91,96,-2.03440452039363,Jun17-Sep17,Jun-Sep
2017-03-20,TWD,2017-06-21,2017-09-20,-0.1700843207026759,-0.3365109140784125,31.31069573298925,-0.1664265933757366,91,93,-2.1142517407005985,Jun17-Sep17,Jun-Sep
2017-03-21,TWD,2017-06-21,2017-09-20,-0.16654211369636476,-0.33127398702646466,31.40159777736335,-0.1647318733300999,91,92,-2.086394655007371,Jun17-Sep17,Jun-Sep
2017-03-22,TWD,2017-06-21,2017-09-20,-0.16451551980938992,-0.32903103961877983,31.4751399892361,-0.16451551980938992,91,91,-2.0786255108162224,Jun17-Sep17,Jun-Sep
2017-03-23,TWD,2017-06-21,2017-09-20,-0.16530762181693637,-0.33245199498739425,31.440547880623896,-0.16714437317045788,91,90,-2.1142299205249104,Jun17-Sep17,Jun-Sep
2017-03-24,TWD,2017-06-21,2017-09-20,-0.1595710683917835,-0.3227280034890003,31.347739784745226,-0.16315693509721682,91,89,-2.0695540441896876,Jun17-Sep17,Jun-Sep
2017-03-27,TWD,2017-06-21,2017-09-20,-0.1576953182655678,-0.324558968988436,31.52781682020368,-0.1668636507228682,91,86,-2.104295123258782,Jun17-Sep17,Jun-Sep
2017-03-28,TWD,2017-06-21,2017-09-20,-0.16240496463946447,-0.33627380913583227,31.843669537590408,-0.1738688444963678,91,85,-2.1711027027673246,Jun17-Sep17,Jun-Sep
2017-03-29,TWD,2017-06-21,2017-09-20,-0.16474731530933556,-0.34322357356111577,32.01243916468972,-0.1784762582517802,91,84,-2.2169893067714814,Jun17-Sep17,Jun-Sep
2017-03-30,TWD,2017-06-21,2017-09-20,-0.16769881561453698,-0.3515613724931257,31.82359682021488,-0.1838625568785887,91,83,-2.297734080317786,Jun17-Sep17,Jun-Sep
2017-03-31,TWD,2017-06-21,2017-09-20,-0.1654654240530815,-0.3490916873315012,31.784113096901574,-0.1836262632784197,91,82,-2.297484625306501,Jun17-Sep17,Jun-Sep
2017-04-03,TWD,2017-06-21,2017-09-20,-0.15802171881755475,-0.3400467366960039,31.865945487019882,-0.18202501787844913,91,79,-2.2710379181274702,Jun17-Sep17,Jun-Sep
2017-04-04,TWD,2017-06-21,2017-09-20,-0.15735882845955967,-0.34094412832904597,31.920822190043975,-0.1835852998694863,91,78,-2.2864997676719576,Jun17-Sep17,Jun-Sep
2017-04-05,TWD,2017-06-21,2017-09-20,-0.1534391580793646,-0.33477634490043184,31.750814982998335,-0.18133718682106725,91,77,-2.2703717103106458,Jun17-Sep17,Jun-Sep
2017-04-06,TWD,2017-06-21,2017-09-20,-0.14806386812385214,-0.325350868114254,31.761391384120213,-0.17728699999040187,91,76,-2.218542684069877,Jun17-Sep17,Jun-Sep
2017-04-07,TWD,2017-06-21,2017-09-20,-0.14514640612494298,-0.3212573788898738,31.79794115675548,-0.17611097276493085,91,75,-2.2010781508822492,Jun17-Sep17,Jun-Sep
2017-04-10,TWD,2017-06-21,2017-09-20,-0.1342877997812676,-0.3040126578381475,31.712011309242392,-0.16972485805687992,91,72,-2.126305902656845,Jun17-Sep17,Jun-Sep
2017-04-11,TWD,2017-06-21,2017-09-20,-0.1257926062394898,-0.28701974944784997,31.631102880978375,-0.16122714320836018,91,71,-2.024489395208653,Jun17-Sep17,Jun-Sep
2017-04-12,TWD,2017-06-21,2017-09-20,-0.1256279961917645,-0.28894439124105836,31.583369973851525,-0.16331639504929385,91,70,-2.05382458161329,Jun17-Sep17,Jun-Sep
2017-04-13,TWD,2017-06-21,2017-09-20,-0.12914957145779188,-0.2994772671485029,31.728168283035497,-0.17032769569071105,91,69,-2.1324201780900536,Jun17-Sep17,Jun-Sep
2017-04-14,TWD,2017-06-21,2017-09-20,-0.12672235822659383,-0.29630669055924147,31.8621501890729,-0.16958433233264764,91,68,-2.1139878010790114,Jun17-Sep17,Jun-Sep
2017-04-17,TWD,2017-06-21,2017-09-20,-0.12030822315511856,-0.28873973557228455,31.70310117195126,-0.16843151241716597,91,65,-2.1097642244166233,Jun17-Sep17,Jun-Sep
2017-04-18,TWD,2017-06-21,2017-09-20,-0.1167647162042445,-0.28278954705715464,31.75068863306863,-0.16602483085291014,91,64,-2.0762569018468664,Jun17-Sep17,Jun-Sep
2017-04-19,TWD,2017-06-21,2017-09-20,-0.12009180949599331,-0.29355775654576144,31.791025277297095,-0.17346594704976814,91,63,-2.166778292478697,Jun17-Sep17,Jun-Sep
2017-04-20,TWD,2017-06-21,2017-09-20,-0.12470400490322495,-0.30773730242247455,31.921857220259298,-0.1830332975192496,91,62,-2.277209426585152,Jun17-Sep17,Jun-Sep
2017-04-21,TWD,2017-06-21,2017-09-20,-0.11684094794645679,-0.29114465717805627,31.712692998388697,-0.1743037092315995,91,61,-2.182416648618458,Jun17-Sep17,Jun-Sep
2017-04-24,TWD,2017-06-21,2017-09-20,-0.10953982384799624,-0.28140403023019717,31.673487348367384,-0.17186420638220093,91,58,-2.1540472857218917,Jun17-Sep17,Jun-Sep
2017-04-25,TWD,2017-06-21,2017-09-20,-0.1047302374326487,-0.2719311428075791,31.57093283843947,-0.16720090537493038,91,57,-2.102109808230901,Jun17-Sep17,Jun-Sep
2017-04-26,TWD,2017-06-21,2017-09-20,-0.10066322994660176,-0.2642409786098296,31.604480794162175,-0.16357774866322783,91,56,-2.0541026896927566,Jun17-Sep17,Jun-Sep
2017-04-27,TWD,2017-06-21,2017-09-20,-0.09698961477363281,-0.25746334103546165,31.548387777224345,-0.16047372626182882,91,55,-2.018482967284697,Jun17-Sep17,Jun-Sep
2017-04-28,TWD,2017-06-21,2017-09-20,-0.09434808050549023,-0.25334206802400155,31.644587511953127,-0.15899398751851132,91,54,-1.9936051665680385,Jun17-Sep17,Jun-Sep
2017-05-01,TWD,2017-06-21,2017-09-20,-0.08871547478292383,-0.24701171410147418,31.846320759301236,-0.15829623931855036,91,51,-1.9718957875136909,Jun17-Sep17,Jun-Sep
2017-05-02,TWD,2017-06-21,2017-09-20,-0.08571893403033115,-0.24172739396553383,31.876602011971816,-0.15600845993520268,91,50,-1.9413626337628083,Jun17-Sep17,Jun-Sep
2017-05-03,TWD,2017-06-21,2017-09-20,-0.08539775122830595,-0.243993574938017,31.780867826850805,-0.15859582370971104,91,49,-1.9795006931390149,Jun17-Sep17,Jun-Sep
2017-05-04,TWD,2017-06-21,2017-09-20,-0.0832018899900478,-0.24093880642951343,31.818321904917017,-0.15773691643946564,91,48,-1.9663205137773407,Jun17-Sep17,Jun-Sep
2017-05-05,TWD,2017-06-21,2017-09-20,-0.08063131111999997,-0.2367472539268084,31.947200444240924,-0.15611594280680843,91,47,-1.9380860531391935,Jun17-Sep17,Jun-Sep
2017-05-08,TWD,2017-06-21,2017-09-20,-0.07338803319247279,-0.2251678291132688,31.927204646461995,-0.151779795920796,91,44,-1.885009735542687,Jun17-Sep17,Jun-Sep
2017-05-09,TWD,2017-06-21,2017-09-20,-0.0696213360579041,-0.21695951236649186,31.867906140984065,-0.14733817630858775,91,43,-1.8330432142988868,Jun17-Sep17,Jun-Sep
2017-05-10,TWD,2017-06-21,2017-09-20,-0.06903001293091426,-0.21859504094789514,31.910011965406717,-0.14956502801698088,91,42,-1.8582524433613683,Jun17-Sep17,Jun-Sep
2017-05-11,TWD,2017-06-21,2017-09-20,-0.06650606330368032,-0.21411708185575132,31.768858059126817,-0.14761101855207098,91,41,-1.8419948080361368,Jun17-Sep17,Jun-Sep
2017-05-12,TWD,2017-06-21,2017-09-20,-0.06156196103326843,-0.20161542238395408,31.64280089286992,-0.14005346135068564,91,40,-1.7543885801797443,Jun17-Sep17,Jun-Sep
2017-05-15,TWD,2017-06-21,2017-09-20,-0.05437881260751004,-0.1881212976692239,31.749030158737582,-0.13374248506171385,91,37,-1.6693389175246054,Jun17-Sep17,Jun-Sep
2017-05-16,TWD,2017-06-21,2017-09-20,-0.0548078369882994,-0.19334986937538953,31.6588860355394,-0.13854203238709012,91,36,-1.734201410462657,Jun17-Sep17,Jun-Sep
2017-05-17,TWD,2017-06-21,2017-09-20,-0.04893195597857384,-0.17615504152286582,31.64964900824339,-0.127223085544292,91,35,-1.5926857539477306,Jun17-Sep17,Jun-Sep
2017-05-18,TWD,2017-06-21,2017-09-20,-0.04975159272016469,-0.18291026735354665,31.761447450728124,-0.13315867463338196,91,34,-1.6611586221592516,Jun17-Sep17,Jun-Sep
2017-05-19,TWD,2017-06-21,2017-09-20,-0.04907808012915925,-0.1844146041216893,31.725726933974354,-0.13533652399253004,91,33,-1.6901953241422265,Jun17-Sep17,Jun-Sep
2017-05-22,TWD,2017-06-21,2017-09-20,-0.04395405170718106,-0.17728134188563024,31.70818461476605,-0.1333272901784492,91,30,-1.665755368461488,Jun17-Sep17,Jun-Sep
2017-05-23,TWD,2017-06-21,2017-09-20,-0.042457245977396196,-0.17568515576853597,31.573199032786114,-0.13322790979113977,91,29,-1.671560633965535,Jun17-Sep17,Jun-Sep
2017-05-24,TWD,2017-06-21,2017-09-20,-0.03973902842535991,-0.16889087080777962,31.977944485717057,-0.12915184238241972,91,28,-1.5997466299480567,Jun17-Sep17,Jun-Sep
2017-05-25,TWD,2017-06-21,2017-09-20,-0.039179340208341226,-0.17122822757719497,31.878080850106553,-0.13204888736885373,91,27,-1.6407324939130687,Jun17-Sep17,Jun-Sep
2017-05-26,TWD,2017-06-21,2017-09-20,-0.037748308086109864,-0.16986738638749438,31.815656213049838,-0.13211907830138453,91,26,-1.6447554784141578,Jun17-Sep17,Jun-Sep
2017-05-29,TWD,2017-06-21,2017-09-20,-0.03007359433154099,-0.14906042407807274,31.846923006635635,-0.11898682974653174,91,23,-1.4794586433362287,Jun17-Sep17,Jun-Sep
2017-05-30,TWD,2017-06-21,2017-09-20,-0.028158178739967565,-0.14463064534619705,31.90171079062926,-0.11647246660622948,91,22,-1.4456192040269553,Jun17-Sep17,Jun-Sep
2017-05-31,TWD,2017-06-21,2017-09-20,-0.024890307886363157,-0.1327483087272702,31.86655859074233,-0.10785800084090705,91,21,-1.3400396880818704,Jun17-Sep17,Jun-Sep
2017-06-01,TWD,2017-06-21,2017-09-20,-0.022965951704340716,-0.12746103195909098,32.10876775724607,-0.10449508025475027,91,20,-1.2883802411530132,Jun17-Sep17,Jun-Sep
2017-06-02,TWD,2017-06-21,2017-09-20,-0.021789485716576698,-0.12614965414860194,32.06705138259112,-0.10436016843202524,91,19,-1.2883446386110438,Jun17-Sep17,Jun-Sep
2017-06-05,TWD,2017-06-21,2017-09-20,-0.018266838586495016,-0.12215948304718544,32.15774608568949,-0.10389264446069042,91,16,-1.2788130916377214,Jun17-Sep17,Jun-Sep
2017-06-06,TWD,2017-06-21,2017-09-20,-0.01603889681906739,-0.11334153752140955,32.286809863807356,-0.09730264070234215,91,15,-1.192824069965286,Jun17-Sep17,Jun-Sep
2017-06-07,TWD,2017-06-21,2017-09-20,-0.01487879523011291,-0.11159096422584684,32.35820700532187,-0.09671216899573393,91,14,-1.1829258545881922,Jun17-Sep17,Jun-Sep
2017-06-08,TWD,2017-06-21,2017-09-20,-0.014963447091124623,-0.11970757672899698,32.52781902598909,-0.10474412963787236,91,13,-1.2744878098432368,Jun17-Sep17,Jun-Sep
2017-06-09,TWD,2017-06-21,2017-09-20,-0.014321334676567316,-0.1229247893072028,32.701380390320686,-0.10860345463063548,91,12,-1.314404087457508,Jun17-Sep17,Jun-Sep
2017-06-12,TWD,2017-06-21,2017-09-20,-0.010390629326789299,-0.11545143696432551,32.700744784082666,-0.10506080763753621,91,9,-1.2714000316546272,Jun17-Sep17,Jun-Sep
2017-06-13,TWD,2017-06-21,2017-09-20,-0.009285480466730776,-0.11490782077579335,32.519364986659745,-0.10562234030906258,91,8,-1.2852832947495128,Jun17-Sep17,Jun-Sep
2017-06-14,TWD,2017-06-21,2017-09-20,-0.007613492749139288,-0.10658889848795004,32.24137169282139,-0.09897540573881075,91,7,-1.2147235616762397,Jun17-Sep17,Jun-Sep
2017-06-15,TWD,2017-06-21,2017-09-20,-0.007769439560758373,-0.10766223391336603,31.981914075396837,-0.09989279435260766,91,6,-1.2359370042633535,Jun17-Sep17,Jun-Sep
2017-06-16,TWD,2017-06-21,2017-09-20,-0.007740265356135751,-0.10615221059843316,32.05212391676638,-0.0984119452422974,91,5,-1.2149460742122846,Jun17-Sep17,Jun-Sep
2017-06-19,TWD,2017-06-21,2017-09-20,-0.007763415104426832,-0.10314251495881362,32.204853248311146,-0.09537909985438678,91,2,-1.171919305336399,Jun17-Sep17,Jun-Sep
2017-06-20,TWD,2017-06-21,2017-09-20,-0.008209393062831938,-0.10789488025436261,32.08424255155139,-0.09968548719153067,91,1,-1.229454300538973,Jun17-Sep17,Jun-Sep
2017-06-21,TWD,2017-09-20,2017-12-20,-0.10469549066760864,-0.20939098133521727,32.193709628552554,-0.10469549066760864,91,91,-1.2907219938292243,Sep17-Dec17,Sep-Dec
2017-06-22,TWD,2017-09-20,2017-12-20,-0.10141010754851887,-0.20394699406979905,32.18500026718188,-0.10253688652128018,91,90,-1.2643236875168928,Sep17-Dec17,Sep-Dec
2017-06-23,TWD,2017-09-20,2017-12-20,-0.10292522173085272,-0.20816336979273584,32.28475542133068,-0.10523814806188311,91,89,-1.293670176628608,Sep17-Dec17,Sep-Dec
2017-06-26,TWD,2017-09-20,2017-12-20,-0.09453271340789338,-0.19456151480461778,32.22736734387008,-0.1000288013967244,91,86,-1.2315077077597596,Sep17-Dec17,Sep-Dec
2017-06-27,TWD,2017-09-20,2017-12-20,-0.0977340360769199,-0.2023669452886812,32.227887319560494,-0.10463290921176131,91,85,-1.2882988277035368,Sep17-Dec17,Sep-Dec
2017-06-28,TWD,2017-09-20,2017-12-20,-0.10313595062979804,-0.21486656381207925,32.19830982411723,-0.11173061318228121,91,84,-1.3771890400942286,Sep17-Dec17,Sep-Dec
2017-06-29,TWD,2017-09-20,2017-12-20,-0.1096915239407572,-0.22995572488785243,32.15065815312936,-0.12026420094709524,91,83,-1.4848817477679057,Sep17-Dec17,Sep-Dec
2017-06-30,TWD,2017-09-20,2017-12-20,-0.11328575998165062,-0.23900532288811654,32.15833884624525,-0.1257195629064659,91,82,-1.5520402342719095,Sep17-Dec17,Sep-Dec
2017-07-03,TWD,2017-09-20,2017-12-20,-0.10370469364407504,-0.2151207043481415,32.16517853111794,-0.11141601070406647,91,79,-1.3747547539039795,Sep17-Dec17,Sep-Dec
2017-07-04,TWD,2017-09-20,2017-12-20,-0.09975632909222891,-0.20851217736885844,32.30062163705307,-0.10875584827662953,91,78,-1.336122219525642,Sep17-Dec17,Sep-Dec
2017-07-05,TWD,2017-09-20,2017-12-20,-0.0944736658585385,-0.1989619578462802,32.23081812102621,-0.1044882919877417,91,77,-1.2862703677206522,Sep17-Dec17,Sep-Dec
2017-07-06,TWD,2017-09-20,2017-12-20,-0.0907054873882296,-0.19259520227946703,32.24722235335892,-0.10188971489123742,91,76,-1.2534945636636923,Sep17-Dec17,Sep-Dec
2017-07-07,TWD,2017-09-20,2017-12-20,-0.08973791607165527,-0.19241980401698028,31.886315425457436,-0.10268188794532501,91,75,-1.2775402072169098,Sep17-Dec17,Sep-Dec
2017-07-10,TWD,2017-09-20,2017-12-20,-0.08360582249991044,-0.184354713185014,32.20088346949019,-0.10074889068510356,91,72,-1.2409739220543425,Sep17-Dec17,Sep-Dec
2017-07-11,TWD,2017-09-20,2017-12-20,-0.0784278516300825,-0.1744804275089388,32.1669239261791,-0.0960525758788563,91,71,-1.184188287868655,Sep17-Dec17,Sep-Dec
2017-07-12,TWD,2017-09-20,2017-12-20,-0.07634149431889566,-0.1715876300141676,31.98245535433924,-0.09524613569527195,91,70,-1.180958298797898,Sep17-Dec17,Sep-Dec
2017-07-13,TWD,2017-09-20,2017-12-20,-0.08297828124585022,-0.18885920751588053,31.98778444438412,-0.10588092627003032,91,69,-1.31287303953232,Sep17-Dec17,Sep-Dec
2017-07-14,TWD,2017-09-20,2017-12-20,-0.0900416602317374,-0.20740481969517724,32.23304433895408,-0.11736315946343984,91,68,-1.4444631147198561,Sep17-Dec17,Sep-Dec
2017-07-17,TWD,2017-09-20,2017-12-20,-0.0878124449062736,-0.20896471406322395,32.132766812988216,-0.12115226915695035,91,65,-1.4956604295768503,Sep17-Dec17,Sep-Dec
2017-07-18,TWD,2017-09-20,2017-12-20,-0.085831459656558,-0.2065347244972075,32.12020460445475,-0.1207032648406495,91,64,-1.4906095374154533,Sep17-Dec17,Sep-Dec
2017-07-19,TWD,2017-09-20,2017-12-20,-0.08606550984524552,-0.2094880211415882,32.196105284430985,-0.12342251129634269,91,63,-1.520598801126693,Sep17-Dec17,Sep-Dec
2017-07-20,TWD,2017-09-20,2017-12-20,-0.09087904299023918,-0.22381788066513122,32.26642405369356,-0.13293883767489206,91,62,-1.6345080872206712,Sep17-Dec17,Sep-Dec
2017-07-21,TWD,2017-09-20,2017-12-20,-0.07939913186284928,-0.19784701710087035,32.04581144065629,-0.11844788523802108,91,61,-1.465866847913846,Sep17-Dec17,Sep-Dec
2017-07-24,TWD,2017-09-20,2017-12-20,-0.0776141179569549,-0.1993879926825221,32.03504765177294,-0.12177387472556721,91,58,-1.5074514685366514,Sep17-Dec17,Sep-Dec
2017-07-25,TWD,2017-09-20,2017-12-20,-0.07848806663655103,-0.20379357652999214,31.871684943616106,-0.1253055098934411,91,57,-1.5591829503370267,Sep17-Dec17,Sep-Dec
2017-07-26,TWD,2017-09-20,2017-12-20,-0.07145891403616389,-0.1875796493449302,32.06979482507431,-0.11612073530876632,91,56,-1.4356331978225065,Sep17-Dec17,Sep-Dec
2017-07-27,TWD,2017-09-20,2017-12-20,-0.07100871705765405,-0.18849586709849983,32.11880290037284,-0.11748715004084578,91,55,-1.4502849312290849,Sep17-Dec17,Sep-Dec
2017-07-28,TWD,2017-09-20,2017-12-20,-0.06979184735465505,-0.18740403456342558,32.153168555833226,-0.11761218720877054,91,54,-1.4502182441457128,Sep17-Dec17,Sep-Dec
2017-07-31,TWD,2017-09-20,2017-12-20,-0.06710547445412596,-0.18684269357815467,32.032301227936735,-0.11973721912402871,91,51,-1.48187955951281,Sep17-Dec17,Sep-Dec
2017-08-01,TWD,2017-09-20,2017-12-20,-0.0694855331954263,-0.19594920361110216,32.01108274130888,-0.12646367041567586,91,50,-1.5662831002076625,Sep17-Dec17,Sep-Dec
2017-08-02,TWD,2017-09-20,2017-12-20,-0.07161086745840015,-0.19663171996590983,31.88303394664813,-0.1250208525075097,91,49,-1.554749646724678,Sep17-Dec17,Sep-Dec
2017-08-03,TWD,2017-09-20,2017-12-20,-0.06700024245020957,-0.18648314386954398,31.927305427148685,-0.11948290141933442,91,48,-1.4836003838330363,Sep17-Dec17,Sep-Dec
2017-08-04,TWD,2017-09-20,2017-12-20,-0.06376845356851175,-0.18011907633581792,32.0218089578789,-0.11635062276730616,91,47,-1.4402891125895958,Sep17-Dec17,Sep-Dec
2017-08-07,TWD,2017-09-20,2017-12-20,-0.05901151000648372,-0.1752410624742516,32.217117735301876,-0.1162295524677679,91,44,-1.4298392303714582,Sep17-Dec17,Sep-Dec
2017-08-08,TWD,2017-09-20,2017-12-20,-0.05455618027852596,-0.16461904174089334,32.359445925218466,-0.11006286146236738,91,43,-1.347825426153354,Sep17-Dec17,Sep-Dec
2017-08-09,TWD,2017-09-20,2017-12-20,-0.05275218687946272,-0.1620898525952085,32.45720196931691,-0.10933766571574578,91,42,-1.3348309091091999,Sep17-Dec17,Sep-Dec
2017-08-10,TWD,2017-09-20,2017-12-20,-0.054177942265097034,-0.16991867270615552,32.45668648514921,-0.11574073044105848,91,41,-1.4130863248549066,Sep17-Dec17,Sep-Dec
2017-08-11,TWD,2017-09-20,2017-12-20,-0.05661764332521961,-0.18135542361183152,32.53886622610155,-0.12473778028661191,91,40,-1.5191932927169916,Sep17-Dec17,Sep-Dec
2017-08-14,TWD,2017-09-20,2017-12-20,-0.0552675382209107,-0.18847941918614478,32.59666455866331,-0.13321188096523406,91,37,-1.6194512369420002,Sep17-Dec17,Sep-Dec
2017-08-15,TWD,2017-09-20,2017-12-20,-0.052152664864895504,-0.18170658551824342,32.78054367398624,-0.12955392065334792,91,36,-1.565982894300013,Sep17-Dec17,Sep-Dec
2017-08-16,TWD,2017-09-20,2017-12-20,-0.052704621336937846,-0.18791142710800926,32.853774689405526,-0.13520680577107141,91,35,-1.6306909063536288,Sep17-Dec17,Sep-Dec
2017-08-17,TWD,2017-09-20,2017-12-20,-0.052603721421669296,-0.19202146016662294,32.98978732481023,-0.13941773874495364,91,34,-1.6745290349310493,Sep17-Dec17,Sep-Dec
2017-08-18,TWD,2017-09-20,2017-12-20,-0.04855993944136674,-0.18155528275475247,32.845265261066324,-0.13299534331338572,91,33,-1.60423255609759,Sep17-Dec17,Sep-Dec
2017-08-21,TWD,2017-09-20,2017-12-20,-0.044693148685698916,-0.18026236636565232,32.89189014326668,-0.1355692176799534,91,30,-1.6327657556803963,Sep17-Dec17,Sep-Dec
2017-08-22,TWD,2017-09-20,2017-12-20,-0.04334488773505295,-0.17935815614504666,32.658912399670506,-0.13601326840999373,91,29,-1.649747373668239,Sep17-Dec17,Sep-Dec
2017-08-23,TWD,2017-09-20,2017-12-20,-0.0416837493495088,-0.1771559347354124,32.661562451734184,-0.1354721853859036,91,28,-1.6429672381607439,Sep17-Dec17,Sep-Dec
2017-08-24,TWD,2017-09-20,2017-12-20,-0.03833413083179589,-0.16753434956118207,32.86525518284318,-0.1292002187293862,91,27,-1.5570200556248592,Sep17-Dec17,Sep-Dec
2017-08-25,TWD,2017-09-20,2017-12-20,-0.03616871114356465,-0.16275920014604095,32.90104056869767,-0.1265904890024763,91,26,-1.5238079767402946,Sep17-Dec17,Sep-Dec
2017-08-28,TWD,2017-09-20,2017-12-20,-0.02966244523269045,-0.14702255463159614,32.94735740316236,-0.11736010939890569,91,23,-1.4104321461803047,Sep17-Dec17,Sep-Dec
2017-08-29,TWD,2017-09-20,2017-12-20,-0.029971747267921227,-0.15394579278523177,32.91105784877395,-0.12397404551731053,91,22,-1.4915771698082587,Sep17-Dec17,Sep-Dec
2017-08-30,TWD,2017-09-20,2017-12-20,-0.03156459940765978,-0.1683445301741855,33.165678363837536,-0.13677993076652573,91,21,-1.6330825150903068,Sep17-Dec17,Sep-Dec
2017-08-31,TWD,2017-09-20,2017-12-20,-0.027000099292981243,-0.1498505510760459,33.09462802060733,-0.12285045178306464,91,20,-1.4697207445000127,Sep17-Dec17,Sep-Dec
2017-09-01,TWD,2017-09-20,2017-12-20,-0.025562040683877196,-0.13955387769034044,33.0370621988523,-0.11399183700646325,91,19,-1.3660594510006479,Sep17-Dec17,Sep-Dec
2017-09-04,TWD,2017-09-20,2017-12-20,-0.0214620071898325,-0.13640143042478006,33.134703356095066,-0.11493942323494756,91,16,-1.3731830291353597,Sep17-Dec17,Sep-Dec
2017-09-05,TWD,2017-09-20,2017-12-20,-0.02069437380602136,-0.13954958264150172,33.18566824840405,-0.11885520883548036,91,15,-1.4177500405572783,Sep17-Dec17,Sep-Dec
2017-09-06,TWD,2017-09-20,2017-12-20,-0.020635740144820013,-0.14849465431882092,33.338622820663815,-0.12785891417400091,91,14,-1.5181453892218055,Sep17-Dec17,Sep-Dec
2017-09-07,TWD,2017-09-20,2017-12-20,-0.018486041174816246,-0.14207302141754896,33.281454906537576,-0.12358698024273271,91,13,-1.4698493336958316,Sep17-Dec17,Sep-Dec
2017-09-08,TWD,2017-09-20,2017-12-20,-0.017624103771269946,-0.14589392670097384,33.35371014837762,-0.1282698229297039,91,12,-1.5221974681277142,Sep17-Dec17,Sep-Dec
2017-09-11,TWD,2017-09-20,2017-12-20,-0.012832409658049694,-0.13854778053027725,33.352271763161454,-0.12571537087222756,91,9,-1.491733342746269,Sep17-Dec17,Sep-Dec
2017-09-12,TWD,2017-09-20,2017-12-20,-0.011424364559797149,-0.13779864300336195,33.27417634438827,-0.1263742784435648,91,8,-1.5030091338782816,Sep17-Dec17,Sep-Dec
2017-09-13,TWD,2017-09-20,2017-12-20,-0.010236767284773591,-0.14019103528077598,33.20053984720557,-0.12995426799600238,91,7,-1.5489608372354235,Sep17-Dec17,Sep-Dec
2017-09-14,TWD,2017-09-20,2017-12-20,-0.010223867819591398,-0.13899754140853499,33.18308844909947,-0.1287736735889436,91,6,-1.5356958753167305,Sep17-Dec17,Sep-Dec
2017-09-15,TWD,2017-09-20,2017-12-20,-0.00994523321318231,-0.13417923076875243,32.92258049905892,-0.12423399755557013,91,5,-1.493271964384191,Sep17-Dec17,Sep-Dec
2017-09-18,TWD,2017-09-20,2017-12-20,-0.009794640467248922,-0.12924199347048979,32.98900868269034,-0.11944735300324086,91,2,-1.4328388126803697,Sep17-Dec17,Sep-Dec
2017-09-19,TWD,2017-09-20,2017-12-20,-0.01019083433576115,-0.13349213619598937,33.07404722095113,-0.12330130186022822,91,1,-1.475282750725888,Sep17-Dec17,Sep-Dec
2017-09-20,TWD,2017-12-20,2018-03-21,-0.1318158653078997,-0.2498427030062381,33.09366626294716,-0.11802683769833838,91,91,-1.4165447397362383,Dec17-Mar18,Dec-Mar
2017-09-21,TWD,2017-12-20,2018-03-21,-0.13193563009142115,-0.2515037342728812,33.20034565301125,-0.11956810418146005,91,90,-1.430418564287946,Dec17-Mar18,Dec-Mar
2017-09-22,TWD,2017-12-20,2018-03-21,-0.12882604817893503,-0.24656884477745417,33.54772549253625,-0.11774279659851913,91,89,-1.3938091516952678,Dec17-Mar18,Dec-Mar
2017-09-25,TWD,2017-12-20,2018-03-21,-0.12728499886185923,-0.24801729628723307,33.48718096317319,-0.12073229742537384,91,86,-1.431725914373058,Dec17-Mar18,Dec-Mar
2017-09-26,TWD,2017-12-20,2018-03-21,-0.12486166068493215,-0.24466405543797137,33.29527251728443,-0.11980239475303922,91,85,-1.4288141974824282,Dec17-Mar18,Dec-Mar
2017-09-27,TWD,2017-12-20,2018-03-21,-0.12467412279258405,-0.2459171467719008,33.16946171035828,-0.12124302397931674,91,84,-1.451492859365062,Dec17-Mar18,Dec-Mar
2017-09-28,TWD,2017-12-20,2018-03-21,-0.1235397386727452,-0.24508437454905496,33.36611397068253,-0.12154463587630976,91,83,-1.4464461109182671,Dec17-Mar18,Dec-Mar
2017-09-29,TWD,2017-12-20,2018-03-21,-0.12341523484831797,-0.24657367296300045,33.125691096379676,-0.12315843811468248,91,82,-1.4763230171872557,Dec17-Mar18,Dec-Mar
2017-10-02,TWD,2017-12-20,2018-03-21,-0.11151060290837063,-0.2439758452212569,33.108446405873586,-0.13246524231288626,91,79,-1.5881423789378468,Dec17-Mar18,Dec-Mar
2017-10-03,TWD,2017-12-20,2018-03-21,-0.10938618008978149,-0.24013071619609175,32.951337382344754,-0.13074453610631026,91,78,-1.5749098726315494,Dec17-Mar18,Dec-Mar
2017-10-04,TWD,2017-12-20,2018-03-21,-0.10416327819398599,-0.22949444059695306,32.693559881093435,-0.12533116240296707,91,77,-1.521401557597748,Dec17-Mar18,Dec-Mar
2017-10-05,TWD,2017-12-20,2018-03-21,-0.09916537305226247,-0.21924594900935665,32.663943994645805,-0.12008057595709418,91,76,-1.4587663631108645,Dec17-Mar18,Dec-Mar
2017-10-06,TWD,2017-12-20,2018-03-21,-0.10002067122682858,-0.22182742955735862,32.71698792812542,-0.12180675833053005,91,75,-1.4773687765127208,Dec17-Mar18,Dec-Mar
2017-10-09,TWD,2017-12-20,2018-03-21,-0.09281731141343293,-0.20781307612889063,32.70021824490403,-0.11499576471545771,91,72,-1.3951688480206015,Dec17-Mar18,Dec-Mar
2017-10-10,TWD,2017-12-20,2018-03-21,-0.08610895406786623,-0.19318881876797678,32.92862491312626,-0.10707986470011055,91,71,-1.289830085152288,Dec17-Mar18,Dec-Mar
2017-10-11,TWD,2017-12-20,2018-03-21,-0.08635732194211097,-0.19436019978588331,32.993347207524906,-0.10800287784377234,91,70,-1.298399317636768,Dec17-Mar18,Dec-Mar
2017-10-12,TWD,2017-12-20,2018-03-21,-0.08656577787633511,-0.19548130202782063,33.021079317933726,-0.10891552415148552,91,69,-1.3082768036478578,Dec17-Mar18,Dec-Mar
2017-10-13,TWD,2017-12-20,2018-03-21,-0.08412478363841769,-0.19041256658644254,33.226102573228765,-0.10628778294802485,91,68,-1.2687207263319662,Dec17-Mar18,Dec-Mar
2017-10-16,TWD,2017-12-20,2018-03-21,-0.07951067111675571,-0.18138964307623154,33.30341507287807,-0.10187897195947583,91,65,-1.213095506158719,Dec17-Mar18,Dec-Mar
2017-10-17,TWD,2017-12-20,2018-03-21,-0.07771096306125409,-0.17773922718200325,33.14913327073869,-0.10002826412074915,91,64,-1.1965503207782484,Dec17-Mar18,Dec-Mar
2017-10-18,TWD,2017-12-20,2018-03-21,-0.07807558904123335,-0.1792733335547596,33.19740220278501,-0.10119774451352626,91,63,-1.2087888447040105,Dec17-Mar18,Dec-Mar
2017-10-19,TWD,2017-12-20,2018-03-21,-0.07394556764497497,-0.16985440336521568,33.01365937593528,-0.09590883572024071,91,62,-1.1518605537694915,Dec17-Mar18,Dec-Mar
2017-10-20,TWD,2017-12-20,2018-03-21,-0.0775699086714636,-0.17942588063110548,33.27137309764075,-0.10185597195964188,91,61,-1.2139214658952808,Dec17-Mar18,Dec-Mar
2017-10-23,TWD,2017-12-20,2018-03-21,-0.07095819621153203,-0.16844386576833564,33.22870431537128,-0.09748566955680361,91,58,-1.1630995438144034,Dec17-Mar18,Dec-Mar
2017-10-24,TWD,2017-12-20,2018-03-21,-0.06688933147339836,-0.15986466681293593,33.15094946213094,-0.09297533533953757,91,57,-1.1117574807280064,Dec17-Mar18,Dec-Mar
2017-10-25,TWD,2017-12-20,2018-03-21,-0.06923732936728536,-0.16786265357308777,33.32480643848699,-0.09862532420580242,91,56,-1.1732354254922466,Dec17-Mar18,Dec-Mar
2017-10-26,TWD,2017-12-20,2018-03-21,-0.07073226002018732,-0.17382063756170402,33.45926823506743,-0.1030883775415167,91,55,-1.2214436512468967,Dec17-Mar18,Dec-Mar
2017-10-27,TWD,2017-12-20,2018-03-21,-0.06739704030693566,-0.16699820792448622,33.5407829592629,-0.09960116761755056,91,54,-1.1771339718137068,Dec17-Mar18,Dec-Mar
2017-10-30,TWD,2017-12-20,2018-03-21,-0.06169734480392415,-0.15791420459598213,33.28934248292429,-0.09621685979205798,91,51,-1.1455465022202815,Dec17-Mar18,Dec-Mar
2017-10-31,TWD,2017-12-20,2018-03-21,-0.06237612848396226,-0.16195192494801258,33.47701770422637,-0.09957579646405032,91,50,-1.1789030472673077,Dec17-Mar18,Dec-Mar
2017-11-01,TWD,2017-12-20,2018-03-21,-0.05191016982574209,-0.15881256794231996,33.541427507092,-0.10690239811657787,91,49,-1.2628148136524462,Dec17-Mar18,Dec-Mar
2017-11-02,TWD,2017-12-20,2018-03-21,-0.0560500586469186,-0.17184796551909481,33.585964456427895,-0.11579790687217621,91,48,-1.3662474773109496,Dec17-Mar18,Dec-Mar
2017-11-03,TWD,2017-12-20,2018-03-21,-0.060377558577646526,-0.1858220594789273,33.6041711557937,-0.1254445009012808,91,47,-1.4794509099610136,Dec17-Mar18,Dec-Mar
2017-11-06,TWD,2017-12-20,2018-03-21,-0.05604710989378903,-0.1773595712535841,33.58768190592374,-0.12131246135979507,91,44,-1.431237792235667,Dec17-Mar18,Dec-Mar
2017-11-07,TWD,2017-12-20,2018-03-21,-0.05415291245113892,-0.17304354860225807,33.540451627064705,-0.11889063615111914,91,43,-1.4045642565166854,Dec17-Mar18,Dec-Mar
2017-11-08,TWD,2017-12-20,2018-03-21,-0.05213612213867074,-0.16824239465710386,33.42339808824286,-0.11610627251843311,91,42,-1.37639840567581,Dec17-Mar18,Dec-Mar
2017-11-09,TWD,2017-12-20,2018-03-21,-0.05398334314274815,-0.17577307197570552,33.25172606845886,-0.12178972883295737,91,41,-1.4513201233119963,Dec17-Mar18,Dec-Mar
2017-11-10,TWD,2017-12-20,2018-03-21,-0.05209172688629714,-0.17138474424224445,33.345599147328436,-0.11929301735594731,91,40,-1.41747883258309,Dec17-Mar18,Dec-Mar
2017-11-13,TWD,2017-12-20,2018-03-21,-0.04657137331198608,-0.1580710960773425,33.348163517918394,-0.11149972276535641,91,37,-1.324554701261991,Dec17-Mar18,Dec-Mar
2017-11-14,TWD,2017-12-20,2018-03-21,-0.04849918643843586,-0.16669455042266748,33.2893473655939,-0.11819536398423162,91,36,-1.4066610238166473,Dec17-Mar18,Dec-Mar
2017-11-15,TWD,2017-12-20,2018-03-21,-0.04808466317518099,-0.16729545648522054,33.24724787231283,-0.11921079331003956,91,35,-1.4205271843706548,Dec17-Mar18,Dec-Mar
2017-11-16,TWD,2017-12-20,2018-03-21,-0.04450643680315136,-0.15634464395673997,33.249911401332625,-0.11183820715358861,91,34,-1.332424236166859,Dec17-Mar18,Dec-Mar
2017-11-17,TWD,2017-12-20,2018-03-21,-0.04488739658648234,-0.15986454522928006,33.200821046579144,-0.11497714864279773,91,33,-1.3718650144892768,Dec17-Mar18,Dec-Mar
2017-11-20,TWD,2017-12-20,2018-03-21,-0.043225562129251986,-0.16051320921761802,33.19173928887589,-0.11728764708836603,91,30,-1.3997462788449613,Dec17-Mar18,Dec-Mar
2017-11-21,TWD,2017-12-20,2018-03-21,-0.040780559923655396,-0.15496266681461762,33.082746472943704,-0.11418210689096223,91,29,-1.3670779609283856,Dec17-Mar18,Dec-Mar
2017-11-22,TWD,2017-12-20,2018-03-21,-0.037968166975708234,-0.1475544218753215,33.14469065145236,-0.10958625489961327,91,28,-1.309486439089165,Dec17-Mar18,Dec-Mar
2017-11-23,TWD,2017-12-20,2018-03-21,-0.03613343210801656,-0.1441238729570024,33.10225945839016,-0.10799044084898585,91,27,-1.292001761838065,Dec17-Mar18,Dec-Mar
2017-11-24,TWD,2017-12-20,2018-03-21,-0.03377601240305436,-0.13821233838055863,33.07132183964634,-0.10443632597750427,91,26,-1.250561098984745,Dec17-Mar18,Dec-Mar
2017-11-27,TWD,2017-12-20,2018-03-21,-0.028943085835612413,-0.12971476086113848,32.98145587342226,-0.10077167502552606,91,23,-1.2097929480975407,Dec17-Mar18,Dec-Mar
2017-11-28,TWD,2017-12-20,2018-03-21,-0.028152970987770184,-0.1308007319920525,33.127594668313684,-0.10264776100428231,91,22,-1.2268456315238847,Dec17-Mar18,Dec-Mar
2017-11-29,TWD,2017-12-20,2018-03-21,-0.025581440071882414,-0.12260608437948628,33.18783040932786,-0.09702464430760387,91,21,-1.1574418793377128,Dec17-Mar18,Dec-Mar
2017-11-30,TWD,2017-12-20,2018-03-21,-0.02723000819559957,-0.13729334516973418,33.199680758024286,-0.11006333697413462,91,20,-1.312581341373418,Dec17-Mar18,Dec-Mar
2017-12-01,TWD,2017-12-20,2018-03-21,-0.026670153121564785,-0.14055890858005785,33.233378570656015,-0.11388875545849306,91,19,-1.3568009121164282,Dec17-Mar18,Dec-Mar
2017-12-04,TWD,2017-12-20,2018-03-21,-0.019950473820448934,-0.13113552287176117,33.400990025012334,-0.11118504905131224,91,16,-1.3176729880665643,Dec17-Mar18,Dec-Mar
2017-12-05,TWD,2017-12-20,2018-03-21,-0.017867279926999168,-0.11850281584364335,33.35339021581231,-0.10063553591664418,91,15,-1.1942773610961517,Dec17-Mar18,Dec-Mar
2017-12-06,TWD,2017-12-20,2018-03-21,-0.016265216447759023,-0.10817535102370188,33.153053602777824,-0.09191013457594285,91,14,-1.097271492183483,Dec17-Mar18,Dec-Mar
2017-12-07,TWD,2017-12-20,2018-03-21,-0.014930145882402485,-0.10572280642031881,32.9240655333625,-0.09079266053791632,91,13,-1.091428722587516,Dec17-Mar18,Dec-Mar
2017-12-08,TWD,2017-12-20,2018-03-21,-0.014589427014644813,-0.11152598880062319,32.87982338018754,-0.09693656178597837,91,12,-1.1668418363292667,Dec17-Mar18,Dec-Mar
2017-12-11,TWD,2017-12-20,2018-03-21,-0.011477550640542063,-0.11389024591791751,32.73142687811968,-0.10241269527737544,91,9,-1.2382327372186954,Dec17-Mar18,Dec-Mar
2017-12-12,TWD,2017-12-20,2018-03-21,-0.011288041659707607,-0.12607475468556462,32.6754260479608,-0.11478671302585701,91,8,-1.390213579836293,Dec17-Mar18,Dec-Mar
2017-12-13,TWD,2017-12-20,2018-03-21,-0.0099311741197669,-0.12534133714001602,32.86824128812945,-0.11541016302024912,91,7,-1.3895044398149072,Dec17-Mar18,Dec-Mar
2017-12-14,TWD,2017-12-20,2018-03-21,-0.009846316596242664,-0.1227510041411185,32.85794771921452,-0.11290468754487584,91,6,-1.359761714372061,Dec17-Mar18,Dec-Mar
2017-12-15,TWD,2017-12-20,2018-03-21,-0.009796122974700299,-0.12066759778617488,32.830155794744385,-0.11087147481147458,91,5,-1.3364034770249105,Dec17-Mar18,Dec-Mar
2017-12-18,TWD,2017-12-20,2018-03-21,-0.010172435344558637,-0.12143779329089284,32.90466308835546,-0.1112653579463342,91,2,-1.3381287810893165,Dec17-Mar18,Dec-Mar
2017-12-19,TWD,2017-12-20,2018-03-21,-0.009447981257542927,-0.11043020456294163,32.98383214400846,-0.1009822233053987,91,1,-1.2115165281129554,Dec17-Mar18,Dec-Mar
2017-12-20,TWD,2018-03-21,2018-06-20,-0.11220974385923002,-0.23814991238188052,32.95301919220915,-0.1259401685226505,91,91,-1.517090628630059,Mar18-Jun18,Mar-Jun
2017-12-21,TWD,2018-03-21,2018-06-20,-0.11740556970043088,-0.2499609920128998,32.8636790870239,-0.13255542231246892,91,90,-1.6013885580070224,Mar18-Jun18,Mar-Jun
2017-12-22,TWD,2018-03-21,2018-06-20,-0.12094298290062178,-0.25866992330233424,33.016780267142664,-0.13772694040171246,91,89,-1.6563002347461726,Mar18-Jun18,Mar-Jun
2017-12-25,TWD,2018-03-21,2018-06-20,-0.11546009296114285,-0.25227159297424673,33.20229999990151,-0.13681150001310388,91,86,-1.635793292035155,Mar18-Jun18,Mar-Jun
2017-12-26,TWD,2018-03-21,2018-06-20,-0.11776514478918704,-0.25875616300786614,33.4314296115613,-0.1409910182186791,91,85,-1.6742879368218797,Mar18-Jun18,Mar-Jun
2017-12-27,TWD,2018-03-21,2018-06-20,-0.11312649286749979,-0.25090065878812084,33.719184695991856,-0.13777416592062106,91,84,-1.621852384754186,Mar18-Jun18,Mar-Jun
2017-12-28,TWD,2018-03-21,2018-06-20,-0.11855621262889669,-0.2639432704356584,33.71895688962507,-0.1453870578067617,91,83,-1.711758133042846,Mar18-Jun18,Mar-Jun
2017-12-29,TWD,2018-03-21,2018-06-20,-0.11528192355912409,-0.2588665867693388,33.844940818214816,-0.14358466321021474,91,82,-1.6840586524975836,Mar18-Jun18,Mar-Jun
2018-01-01,TWD,2018-03-21,2018-06-20,-0.11920807307789245,-0.2565237015600217,33.780097069196344,-0.13731562848212925,91,79,-1.6138214952960386,Mar18-Jun18,Mar-Jun
2018-01-02,TWD,2018-03-21,2018-06-20,-0.12311367020981946,-0.2667462854546088,33.82548879681587,-0.14363261524478937,91,78,-1.6859848520923986,Mar18-Jun18,Mar-Jun
2018-01-03,TWD,2018-03-21,2018-06-20,-0.12367812686319528,-0.26984318588333517,33.75921907394905,-0.14616505902013988,91,77,-1.7191202580361755,Mar18-Jun18,Mar-Jun
2018-01-04,TWD,2018-03-21,2018-06-20,-0.1182751311501701,-0.2598940381852422,33.642670219525094,-0.1416189070350721,91,76,-1.6711729466281369,Mar18-Jun18,Mar-Jun
2018-01-05,TWD,2018-03-21,2018-06-20,-0.12488949919271808,-0.27642209154654934,33.70393860995318,-0.15153259235383126,91,75,-1.7852488739264234,Mar18-Jun18,Mar-Jun
2018-01-08,TWD,2018-03-21,2018-06-20,-0.11693981175869697,-0.26473874050927226,33.69355295980314,-0.1477989287505753,91,72,-1.74138784104119,Mar18-Jun18,Mar-Jun
2018-01-09,TWD,2018-03-21,2018-06-20,-0.12102127260843938,-0.2761330445431997,33.81885437179292,-0.15511177193476033,91,71,-1.820974618954485,Mar18-Jun18,Mar-Jun
2018-01-10,TWD,2018-03-21,2018-06-20,-0.11893581618665265,-0.2735523772293011,33.873277126920165,-0.15461656104264843,91,70,-1.8121221984046556,Mar18-Jun18,Mar-Jun
2018-01-11,TWD,2018-03-21,2018-06-20,-0.11196491884707999,-0.25962879732656224,34.0703919527038,-0.14766387847948226,91,69,-1.7202351375178764,Mar18-Jun18,Mar-Jun
2018-01-12,TWD,2018-03-21,2018-06-20,-0.11604889843630649,-0.271349630167246,33.94519069662437,-0.1553007317309395,91,68,-1.8161161899953864,Mar18-Jun18,Mar-Jun
2018-01-15,TWD,2018-03-21,2018-06-20,-0.10801710479009738,-0.25924105149623367,34.179004576339416,-0.1512239467061363,91,65,-1.755888586661802,Mar18-Jun18,Mar-Jun
2018-01-16,TWD,2018-03-21,2018-06-20,-0.10720676174116808,-0.2596413760918914,34.372055209844234,-0.15243461435072334,91,64,-1.7599320064334216,Mar18-Jun18,Mar-Jun
2018-01-17,TWD,2018-03-21,2018-06-20,-0.10746176438923306,-0.2626843129514586,34.43838186056437,-0.15522254856222556,91,63,-1.7886710387052307,Mar18-Jun18,Mar-Jun
2018-01-18,TWD,2018-03-21,2018-06-20,-0.10962716271440243,-0.27053154669844476,34.47718546469071,-0.16090438398404233,91,62,-1.8521677046938527,Mar18-Jun18,Mar-Jun
2018-01-19,TWD,2018-03-21,2018-06-20,-0.10326074408021528,-0.2573054606588971,34.463787122642664,-0.1540447165786818,91,61,-1.773569075361452,Mar18-Jun18,Mar-Jun
2018-01-22,TWD,2018-03-21,2018-06-20,-0.09150089371565726,-0.2350626407522919,34.59049842133729,-0.14356174703663466,91,58,-1.6462408254867926,Mar18-Jun18,Mar-Jun
2018-01-23,TWD,2018-03-21,2018-06-20,-0.08924955790264744,-0.23173569420336526,34.69796778799906,-0.14248613630071782,91,57,-1.6287266537433498,Mar18-Jun18,Mar-Jun
2018-01-24,TWD,2018-03-21,2018-06-20,-0.08683431198248984,-0.22794006895403587,34.620936942712085,-0.14110575697154604,91,56,-1.6164328432080117,Mar18-Jun18,Mar-Jun
2018-01-25,TWD,2018-03-21,2018-06-20,-0.08477300697467272,-0.22503380033276757,34.68957051204549,-0.14026079335809485,91,55,-1.6034709168661263,Mar18-Jun18,Mar-Jun
2018-01-26,TWD,2018-03-21,2018-06-20,-0.08457090596883388,-0.2270885438052021,34.750356936481815,-0.14251763783636823,91,54,-1.6264048918318748,Mar18-Jun18,Mar-Jun
2018-01-29,TWD,2018-03-21,2018-06-20,-0.08057802152854865,-0.22435449131478252,34.891349046422604,-0.14377646978623387,91,51,-1.6339369039324876,Mar18-Jun18,Mar-Jun
2018-01-30,TWD,2018-03-21,2018-06-20,-0.08121964824396835,-0.22903940804799078,34.71049872165962,-0.14781975980402243,91,50,-1.6886908506434781,Mar18-Jun18,Mar-Jun
2018-01-31,TWD,2018-03-21,2018-06-20,-0.08096805575885722,-0.23133730216816348,34.81396772283341,-0.15036924640930627,91,49,-1.7126863620602315,Mar18-Jun18,Mar-Jun
2018-02-01,TWD,2018-03-21,2018-06-20,-0.07853975825087119,-0.22743804993481448,34.996704991798836,-0.1488982916839433,91,48,-1.6869391130424818,Mar18-Jun18,Mar-Jun
2018-02-02,TWD,2018-03-21,2018-06-20,-0.0831777056354154,-0.24422390165292185,35.1535144276857,-0.16104619601750644,91,47,-1.816651592051483,Mar18-Jun18,Mar-Jun
2018-02-05,TWD,2018-03-21,2018-06-20,-0.07482897154078252,-0.22958888995467366,35.13210323733406,-0.15475991841389114,91,44,-1.7463908780738482,Mar18-Jun18,Mar-Jun
2018-02-06,TWD,2018-03-21,2018-06-20,-0.0769694869676773,-0.23985840124811064,35.46397865924648,-0.16288891428043334,91,43,-1.8209951050355802,Mar18-Jun18,Mar-Jun
2018-02-07,TWD,2018-03-21,2018-06-20,-0.07379483452962944,-0.2336836426771599,35.340336134435816,-0.15988880814753048,91,42,-1.793561630362592,Mar18-Jun18,Mar-Jun
2018-02-08,TWD,2018-03-21,2018-06-20,-0.06931959360307148,-0.22317527696598624,35.51757618092745,-0.15385568336291477,91,41,-1.7170374649356817,Mar18-Jun18,Mar-Jun
2018-02-09,TWD,2018-03-21,2018-06-20,-0.06963571739075679,-0.22805697445472847,35.557489794506566,-0.1584212570639717,91,40,-1.7660167762044088,Mar18-Jun18,Mar-Jun
2018-02-12,TWD,2018-03-21,2018-06-20,-0.06563516883949964,-0.22706220571502578,35.73516393366872,-0.16142703687552612,91,37,-1.7903585376300466,Mar18-Jun18,Mar-Jun
2018-02-13,TWD,2018-03-21,2018-06-20,-0.061307917027549244,-0.21628070729163204,35.68784650239633,-0.15497279026408278,91,36,-1.7208496660612256,Mar18-Jun18,Mar-Jun
2018-02-14,TWD,2018-03-21,2018-06-20,-0.05807282448593454,-0.20906216814936437,35.639132204235786,-0.15098934366342984,91,35,-1.6787596851788031,Mar18-Jun18,Mar-Jun
2018-02-15,TWD,2018-03-21,2018-06-20,-0.05557891638878982,-0.2043342514293743,35.92582952751187,-0.1487553350405845,91,34,-1.6405869323202236,Mar18-Jun18,Mar-Jun
2018-02-16,TWD,2018-03-21,2018-06-20,-0.05387100956295695,-0.20242439956989883,35.92309728654691,-0.14855339000694187,91,33,-1.6384065163510833,Mar18-Jun18,Mar-Jun
2018-02-19,TWD,2018-03-21,2018-06-20,-0.04806832227851528,-0.19387556652334492,35.68363168730575,-0.14580724424482966,91,30,-1.6186635284354025,Mar18-Jun18,Mar-Jun
2018-02-20,TWD,2018-03-21,2018-06-20,-0.04783535170950444,-0.19793938638415629,35.77657182486061,-0.15010403467465183,91,29,-1.6620183576844847,Mar18-Jun18,Mar-Jun
2018-02-21,TWD,2018-03-21,2018-06-20,-0.046275901213028915,-0.1966725801553729,35.77353637129173,-0.150396678942344,91,28,-1.6653274415966874,Mar18-Jun18,Mar-Jun
2018-02-22,TWD,2018-03-21,2018-06-20,-0.04203127662105097,-0.183692245973482,35.6164749919635,-0.14166096935243103,91,27,-1.5753360083387977,Mar18-Jun18,Mar-Jun
2018-02-23,TWD,2018-03-21,2018-06-20,-0.03814154373190016,-0.17163694679355074,35.56076636718647,-0.13349540306165059,91,26,-1.486696675897009,Mar18-Jun18,Mar-Jun
2018-02-26,TWD,2018-03-21,2018-06-20,-0.03386375359605086,-0.1678464308673825,35.64548577729733,-0.13398267727133162,91,23,-1.4883943232944368,Mar18-Jun18,Mar-Jun
2018-02-27,TWD,2018-03-21,2018-06-20,-0.032632310241432996,-0.16761141169463312,35.65660961213256,-0.13497910145320013,91,22,-1.4989434053671469,Mar18-Jun18,Mar-Jun
2018-02-28,TWD,2018-03-21,2018-06-20,-0.03251065530142916,-0.1733901616076222,35.45670115405412,-0.14087950630619303,91,21,-1.5732907699688818,Mar18-Jun18,Mar-Jun
2018-03-01,TWD,2018-03-21,2018-06-20,-0.030148679520264152,-0.16732517133746605,35.796769748327094,-0.1371764918172019,91,20,-1.5172700555659613,Mar18-Jun18,Mar-Jun
2018-03-02,TWD,2018-03-21,2018-06-20,-0.02804511798015867,-0.1623664725167081,35.71205898280969,-0.13432135453654942,91,19,-1.4891295155159119,Mar18-Jun18,Mar-Jun
2018-03-05,TWD,2018-03-21,2018-06-20,-0.023983819583084105,-0.16039179346187496,35.57218943682849,-0.13640797387879086,91,16,-1.518039887666226,Mar18-Jun18,Mar-Jun
2018-03-06,TWD,2018-03-21,2018-06-20,-0.023606071078818378,-0.1668162356236499,35.66358597728164,-0.14321016454483151,91,15,-1.5896353123168783,Mar18-Jun18,Mar-Jun
2018-03-07,TWD,2018-03-21,2018-06-20,-0.020558117388045884,-0.15418588041034412,35.772272131369654,-0.13362776302229823,91,14,-1.4786348538626692,Mar18-Jun18,Mar-Jun
2018-03-08,TWD,2018-03-21,2018-06-20,-0.01797648747401234,-0.1438118997920987,35.9242667564091,-0.12583541231808637,91,13,-1.3864156353348938,Mar18-Jun18,Mar-Jun
2018-03-09,TWD,2018-03-21,2018-06-20,-0.01643522669195993,-0.1410690291059894,35.919769528556415,-0.12463380241402947,91,12,-1.3732897246069822,Mar18-Jun18,Mar-Jun
2018-03-12,TWD,2018-03-21,2018-06-20,-0.01300168389457911,-0.14446315438421237,36.16059046204447,-0.13146147048963325,91,9,-1.4387331862576007,Mar18-Jun18,Mar-Jun
2018-03-13,TWD,2018-03-21,2018-06-20,-0.01217267884340363,-0.15063690068711993,36.00715544583334,-0.13846422184371632,91,8,-1.5217969445883246,Mar18-Jun18,Mar-Jun
2018-03-14,TWD,2018-03-21,2018-06-20,-0.010726256623668586,-0.15016759273136018,36.04860451940661,-0.1394413361076916,91,7,-1.5307117997043742,Mar18-Jun18,Mar-Jun
2018-03-15,TWD,2018-03-21,2018-06-20,-0.01073239877143943,-0.1487203829756607,36.343396298800116,-0.13798798420422126,91,6,-1.5024676759729125,Mar18-Jun18,Mar-Jun
2018-03-16,TWD,2018-03-21,2018-06-20,-0.010675451263110921,-0.1464061887512355,36.23727540817392,-0.1357307374881246,91,5,-1.482216836048521,Mar18-Jun18,Mar-Jun
2018-03-19,TWD,2018-03-21,2018-06-20,-0.01083631282634658,-0.14396815612146172,36.378640043255764,-0.13313184329511513,91,2,-1.4481914495813566,Mar18-Jun18,Mar-Jun
2018-03-20,TWD,2018-03-21,2018-06-20,-0.010456925442034828,-0.13743387723817205,36.36722900518884,-0.12697695179613722,91,1,-1.3816584200823978,Mar18-Jun18,Mar-Jun
2018-03-21,TWD,2018-06-20,2018-09-19,-0.1428059705250051,-0.2856119410500102,36.45984464554135,-0.1428059705250051,91,91,-1.5555968140405367,Jun18-Sep18,Jun-Sep
2018-03-22,TWD,2018-06-20,2018-09-19,-0.1436720936457047,-0.2889405438874728,36.630912275415305,-0.1452684502417681,91,90,-1.5750393061241763,Jun18-Sep18,Jun-Sep
2018-03-23,TWD,2018-06-20,2018-09-19,-0.13970263329177687,-0.28254465160134645,36.64236960021474,-0.14284201830956958,91,89,-1.548076757555191,Jun18-Sep18,Jun-Sep
2018-03-26,TWD,2018-06-20,2018-09-19,-0.1286639375193021,-0.2648083365222845,36.62242506796253,-0.13614439900298242,91,86,-1.4758501457272448,Jun18-Sep18,Jun-Sep
2018-03-27,TWD,2018-06-20,2018-09-19,-0.13465689369160697,-0.27881897987909204,36.76480562430457,-0.14416208618748508,91,85,-1.5569457660324915,Jun18-Sep18,Jun-Sep
2018-03-28,TWD,2018-06-20,2018-09-19,-0.13199528258496934,-0.2749901720520194,36.85985282816063,-0.14299488946705008,91,84,-1.5402316008205745,Jun18-Sep18,Jun-Sep
2018-03-29,TWD,2018-06-20,2018-09-19,-0.12875175699805344,-0.2699133218995337,36.92039818240706,-0.14116156490148027,91,83,-1.5178482343441344,Jun18-Sep18,Jun-Sep
2018-03-30,TWD,2018-06-20,2018-09-19,-0.121581079156344,-0.25650642309814037,36.90538927265578,-0.13492534394179637,91,82,-1.4511020409040398,Jun18-Sep18,Jun-Sep
2018-04-02,TWD,2018-06-20,2018-09-19,-0.11776368818116736,-0.25341553152909435,36.86773310361754,-0.135651843347927,91,79,-1.460258779908964,Jun18-Sep18,Jun-Sep
2018-04-03,TWD,2018-06-20,2018-09-19,-0.11038416641164037,-0.23916569389188747,36.56528845087141,-0.1287815274802471,91,78,-1.3975222084329915,Jun18-Sep18,Jun-Sep
2018-04-04,TWD,2018-06-20,2018-09-19,-0.10740775149796343,-0.23434418508646568,36.36347888814448,-0.12693643358850226,91,77,-1.3850538548617608,Jun18-Sep18,Jun-Sep
2018-04-05,TWD,2018-06-20,2018-09-19,-0.10778241780943401,-0.23683768123915105,36.36984072770405,-0.12905526342971704,91,76,-1.4079407476643298,Jun18-Sep18,Jun-Sep
2018-04-06,TWD,2018-06-20,2018-09-19,-0.10876411242577519,-0.24073123550238246,36.61827532907719,-0.13196712307660727,91,75,-1.4299499561791016,Jun18-Sep18,Jun-Sep
2018-04-09,TWD,2018-06-20,2018-09-19,-0.10522285638068281,-0.23821285541737913,36.39801783231628,-0.13298999903669634,91,72,-1.4496383710658298,Jun18-Sep18,Jun-Sep
2018-04-10,TWD,2018-06-20,2018-09-19,-0.10509078206887686,-0.23978460134025423,36.55126116945746,-0.13469381927137736,91,71,-1.4620319884949944,Jun18-Sep18,Jun-Sep
2018-04-11,TWD,2018-06-20,2018-09-19,-0.09740255576251065,-0.22402587825377449,36.73419496545576,-0.12662332249126385,91,70,-1.3672797117010451,Jun18-Sep18,Jun-Sep
2018-04-12,TWD,2018-06-20,2018-09-19,-0.09388997606518988,-0.21771588652797655,36.76112282857395,-0.12382591046278667,91,69,-1.3359632199636418,Jun18-Sep18,Jun-Sep
2018-04-13,TWD,2018-06-20,2018-09-19,-0.0957327516213853,-0.2238456986441215,36.67257446272822,-0.12811294702273618,91,68,-1.3856320722364883,Jun18-Sep18,Jun-Sep
2018-04-16,TWD,2018-06-20,2018-09-19,-0.0957122895761913,-0.22970949498285914,36.71657956132416,-0.13399720540666785,91,65,-1.4475321696839567,Jun18-Sep18,Jun-Sep
2018-04-17,TWD,2018-06-20,2018-09-19,-0.09931930616340884,-0.2405389446145058,36.76668165200464,-0.14121963845109697,91,64,-1.5236195390872966,Jun18-Sep18,Jun-Sep
2018-04-18,TWD,2018-06-20,2018-09-19,-0.10120562373775155,-0.24739152469228157,36.68858402260537,-0.14618590095453002,91,63,-1.5806485056822392,Jun18-Sep18,Jun-Sep
2018-04-19,TWD,2018-06-20,2018-09-19,-0.09770785818698184,-0.24111777907432613,37.04938854065667,-0.14340992088734428,91,62,-1.535345457323954,Jun18-Sep18,Jun-Sep
2018-04-20,TWD,2018-06-20,2018-09-19,-0.09677512689056708,-0.24114457848141307,37.12835705901869,-0.144369451590846,91,61,-1.5422832798504518,Jun18-Sep18,Jun-Sep
2018-04-23,TWD,2018-06-20,2018-09-19,-0.09529705835545135,-0.24481485680969395,37.19140891878419,-0.1495177984542426,91,58,-1.594503987699291,Jun18-Sep18,Jun-Sep
2018-04-24,TWD,2018-06-20,2018-09-19,-0.0939516220246513,-0.24394456244997179,37.265993725059424,-0.1499929404253205,91,57,-1.5963036514756674,Jun18-Sep18,Jun-Sep
2018-04-25,TWD,2018-06-20,2018-09-19,-0.09867467422685877,-0.2590210198455043,37.297751418015174,-0.16034634561864552,91,56,-1.7052498260304483,Jun18-Sep18,Jun-Sep
2018-04-26,TWD,2018-06-20,2018-09-19,-0.09493260106294743,-0.2520029046398241,37.45268947882253,-0.15707030357687668,91,55,-1.6633146020316851,Jun18-Sep18,Jun-Sep
2018-04-27,TWD,2018-06-20,2018-09-19,-0.08774881471751603,-0.2356218172970338,37.36576313068758,-0.14787300257951777,91,54,-1.569268398145833,Jun18-Sep18,Jun-Sep
2018-04-30,TWD,2018-06-20,2018-09-19,-0.07846128993731329,-0.2184608464921272,37.28095547698617,-0.1399995565548139,91,51,-1.488729214694191,Jun18-Sep18,Jun-Sep
2018-05-01,TWD,2018-06-20,2018-09-19,-0.07667913461607151,-0.21623515961732165,37.54978358123344,-0.13955602500125014,91,50,-1.473296054299924,Jun18-Sep18,Jun-Sep
2018-05-02,TWD,2018-06-20,2018-09-19,-0.07401110692801993,-0.21146030550862838,37.7446287171324,-0.13744919858060844,91,49,-1.4434461280523614,Jun18-Sep18,Jun-Sep
2018-05-03,TWD,2018-06-20,2018-09-19,-0.07488396456711753,-0.21685148072561117,37.79199090895252,-0.14196751615849362,91,48,-1.4890583603920529,Jun18-Sep18,Jun-Sep
2018-05-04,TWD,2018-06-20,2018-09-19,-0.07199067037491752,-0.2113768619518855,37.55518421708344,-0.13938619157696797,91,47,-1.471107044432883,Jun18-Sep18,Jun-Sep
2018-05-07,TWD,2018-06-20,2018-09-19,-0.0700573865841914,-0.21494879974695089,37.4953875390807,-0.1448914131627595,91,44,-1.5315744630431156,Jun18-Sep18,Jun-Sep
2018-05-08,TWD,2018-06-20,2018-09-19,-0.07043117088332355,-0.21948318368291525,37.67402640907476,-0.14905201279959168,91,43,-1.5680849414450198,Jun18-Sep18,Jun-Sep
2018-05-09,TWD,2018-06-20,2018-09-19,-0.06493569421188056,-0.2056296983376218,37.73513582951809,-0.14069400412574123,91,42,-1.477538379605258,Jun18-Sep18,Jun-Sep
2018-05-10,TWD,2018-06-20,2018-09-19,-0.06142516069766328,-0.1977590539534525,37.80010677963231,-0.1363338932557892,91,41,-1.4291513409623313,Jun18-Sep18,Jun-Sep
2018-05-11,TWD,2018-06-20,2018-09-19,-0.0608843893187284,-0.19939637501883556,37.71322663715243,-0.13851198570010714,91,40,-1.4553131921031321,Jun18-Sep18,Jun-Sep
2018-05-14,TWD,2018-06-20,2018-09-19,-0.058839172606962246,-0.20355173226192344,37.455472635403645,-0.1447125596549612,91,37,-1.5308577109118424,Jun18-Sep18,Jun-Sep
2018-05-15,TWD,2018-06-20,2018-09-19,-0.05700357072884844,-0.20109593007121532,37.47597197847318,-0.14409235934236686,91,36,-1.5233870187894676,Jun18-Sep18,Jun-Sep
2018-05-16,TWD,2018-06-20,2018-09-19,-0.05740463786725557,-0.20665669632212005,37.445904943866765,-0.1492520584548645,91,35,-1.5792227528386282,Jun18-Sep18,Jun-Sep
2018-05-17,TWD,2018-06-20,2018-09-19,-0.0534680824942734,-0.19657383269953455,37.430308931177194,-0.14310575020526115,91,34,-1.5146615533040773,Jun18-Sep18,Jun-Sep
2018-05-18,TWD,2018-06-20,2018-09-19,-0.051979392642505846,-0.1953165056869917,37.470940688126724,-0.14333711304448585,91,33,-1.5154026197002817,Jun18-Sep18,Jun-Sep
2018-05-21,TWD,2018-06-20,2018-09-19,-0.043461906356142034,-0.17529635563643955,37.215541653622545,-0.13183444928029753,91,30,-1.4030500306135145,Jun18-Sep18,Jun-Sep
2018-05-22,TWD,2018-06-20,2018-09-19,-0.041564795639049995,-0.17199225781675861,37.627818356396425,-0.13042746217770862,91,29,-1.3727805369487909,Jun18-Sep18,Jun-Sep
2018-05-23,TWD,2018-06-20,2018-09-19,-0.03821566545756243,-0.16241657819464034,37.64987547314219,-0.12420091273707791,91,28,-1.3063615716003527,Jun18-Sep18,Jun-Sep
2018-05-24,TWD,2018-06-20,2018-09-19,-0.039516219384406304,-0.17270051434666456,37.89392144814536,-0.13318429496225825,91,27,-1.3918668697642427,Jun18-Sep18,Jun-Sep
2018-05-25,TWD,2018-06-20,2018-09-19,-0.03919414376911721,-0.17637364696102742,37.96044796653246,-0.13717950319191022,91,26,-1.4310923025696378,Jun18-Sep18,Jun-Sep
2018-05-28,TWD,2018-06-20,2018-09-19,-0.033384372257082386,-0.16547036683945185,37.846094301460575,-0.13208599458236947,91,23,-1.381911006970858,Jun18-Sep18,Jun-Sep
2018-05-29,TWD,2018-06-20,2018-09-19,-0.03146165281335949,-0.16159848945043737,37.88156533932519,-0.13013683663707787,91,22,-1.360173410093619,Jun18-Sep18,Jun-Sep
2018-05-30,TWD,2018-06-20,2018-09-19,-0.03120199582375473,-0.16641064439335856,37.87332951651617,-0.13520864856960382,91,21,-1.4134811968121048,Jun18-Sep18,Jun-Sep
2018-05-31,TWD,2018-06-20,2018-09-19,-0.029554975983850245,-0.16403011671036882,38.04597247735146,-0.1344751407265186,91,20,-1.399367964354282,Jun18-Sep18,Jun-Sep
2018-06-01,TWD,2018-06-20,2018-09-19,-0.027274430513247166,-0.15790459770827306,38.1584557997523,-0.1306301671950259,91,19,-1.355265336273595,Jun18-Sep18,Jun-Sep
2018-06-04,TWD,2018-06-20,2018-09-19,-0.023924810802158067,-0.15999717223943208,37.92879942169961,-0.13607236143727403,91,16,-1.4201557149955266,Jun18-Sep18,Jun-Sep
2018-06-05,TWD,2018-06-20,2018-09-19,-0.022210597273932178,-0.15695488740245409,37.867502741814114,-0.1347442901285219,91,15,-1.408508969988951,Jun18-Sep18,Jun-Sep
2018-06-06,TWD,2018-06-20,2018-09-19,-0.020258916658227894,-0.1519418749367092,37.826649394149904,-0.13168295827848128,91,14,-1.3779246435115724,Jun18-Sep18,Jun-Sep
2018-06-07,TWD,2018-06-20,2018-09-19,-0.01817698942108096,-0.14541591536864767,37.81823794772748,-0.12723892594756672,91,13,-1.3316454291531663,Jun18-Sep18,Jun-Sep
2018-06-08,TWD,2018-06-20,2018-09-19,-0.016599872407062073,-0.14248223816061611,37.66758250497019,-0.12588236575355405,91,12,-1.3226644761753394,Jun18-Sep18,Jun-Sep
2018-06-11,TWD,2018-06-20,2018-09-19,-0.012860840208610511,-0.14289822454011677,37.78557006278052,-0.13003738433150627,91,9,-1.3619187475094425,Jun18-Sep18,Jun-Sep
2018-06-12,TWD,2018-06-20,2018-09-19,-0.011472184981462888,-0.14196828914560322,37.69728443970472,-0.13049610416414034,91,8,-1.3698744786935675,Jun18-Sep18,Jun-Sep
2018-06-13,TWD,2018-06-20,2018-09-19,-0.010233306472724623,-0.14326629061814472,37.859634596380154,-0.13303298414542009,91,7,-1.3904693732191196,Jun18-Sep18,Jun-Sep
2018-06-14,TWD,2018-06-20,2018-09-19,-0.010315938835602069,-0.14294943815048583,37.84195329520982,-0.13263349931488377,91,6,-1.3869448694247646,Jun18-Sep18,Jun-Sep
2018-06-15,TWD,2018-06-20,2018-09-19,-0.010756414122811666,-0.1475165365414171,38.07669043817132,-0.13676012241860544,91,5,-1.4212945763531413,Jun18-Sep18,Jun-Sep
2018-06-18,TWD,2018-06-20,2018-09-19,-0.010465135304779848,-0.13903679762064655,37.92959498255898,-0.1285716623158667,91,2,-1.341368195082806,Jun18-Sep18,Jun-Sep
2018-06-19,TWD,2018-06-20,2018-09-19,-0.01163327244899306,-0.15289443790105164,37.824990466855674,-0.14126116545205858,91,1,-1.477878245343931,Jun18-Sep18,Jun-Sep
2018-06-20,TWD,2018-09-19,2018-12-19,-0.1578177292705238,-0.3156354585410476,37.6545412999054,-0.1578177292705238,91,91,-1.665035807358259,Sep18-Dec18,Sep-Dec
2018-06-21,TWD,2018-09-19,2018-12-19,-0.15439715853300642,-0.3105098410497129,37.56470641073985,-0.15611268251670649,91,90,-1.6508514537222143,Sep18-Dec18,Sep-Dec
2018-06-22,TWD,2018-09-19,2018-12-19,-0.15234545993014492,-0.3081144133418661,37.73109409907579,-0.1557689534117212,91,89,-1.6398332807756673,Sep18-Dec18,Sep-Dec
2018-06-25,TWD,2018-09-19,2018-12-19,-0.13779363451529358,-0.2835985268512438,37.79768086029328,-0.14580489233595023,91,86,-1.5316311480945377,Sep18-Dec18,Sep-Dec
2018-06-26,TWD,2018-09-19,2018-12-19,-0.1383454654032114,-0.28645649307017895,37.74124338738116,-0.14811102766696754,91,85,-1.5582143084851994,Sep18-Dec18,Sep-Dec
2018-06-27,TWD,2018-09-19,2018-12-19,-0.14178951258926428,-0.29539481789430055,37.97516150289576,-0.15360530530503627,91,84,-1.6061728249439713,Sep18-Dec18,Sep-Dec
2018-06-28,TWD,2018-09-19,2018-12-19,-0.14595011020444432,-0.30596770091052183,37.99051062696727,-0.16001759070607752,91,83,-1.6727281647070276,Sep18-Dec18,Sep-Dec
2018-06-29,TWD,2018-09-19,2018-12-19,-0.14599383895009999,-0.3080113919313085,37.75309151916039,-0.1620175529812085,91,82,-1.70432870596561,Sep18-Dec18,Sep-Dec
2018-07-02,TWD,2018-09-19,2018-12-19,-0.1421306186242965,-0.3058506983054481,37.81551629220628,-0.1637200796811516,91,79,-1.7192079239107352,Sep18-Dec18,Sep-Dec
2018-07-03,TWD,2018-09-19,2018-12-19,-0.14144444482076152,-0.2975654198763824,37.683715349368825,-0.1561209750556209,91,78,-1.645136069021495,Sep18-Dec18,Sep-Dec
2018-07-04,TWD,2018-09-19,2018-12-19,-0.13449720648166066,-0.2851044636686427,37.547940765594305,-0.15060725718698206,91,77,-1.592499574623641,Sep18-Dec18,Sep-Dec
2018-07-05,TWD,2018-09-19,2018-12-19,-0.13664388592656912,-0.29241429273404207,37.64480222841142,-0.15577040680747295,91,76,-1.642934773694903,Sep18-Dec18,Sep-Dec
2018-07-06,TWD,2018-09-19,2018-12-19,-0.13286813535430717,-0.28673965383438305,37.75792671334371,-0.15387151848007588,91,75,-1.617864566054137,Sep18-Dec18,Sep-Dec
2018-07-09,TWD,2018-09-19,2018-12-19,-0.12568240616645218,-0.27876322348287,37.75273766955145,-0.15308081731641784,91,72,-1.6094654176144831,Sep18-Dec18,Sep-Dec
2018-07-10,TWD,2018-09-19,2018-12-19,-0.12142061054112537,-0.27180890209922476,37.694216648520026,-0.1503882915580994,91,71,-1.5834400273986158,Sep18-Dec18,Sep-Dec
2018-07-11,TWD,2018-09-19,2018-12-19,-0.12102653043474604,-0.2736180339354807,37.94388851548158,-0.15259150350073464,91,70,-1.5960153819305978,Sep18-Dec18,Sep-Dec
2018-07-12,TWD,2018-09-19,2018-12-19,-0.11942470097006522,-0.2727273655395627,37.795295606166064,-0.1533026645694975,91,69,-1.6097095171114941,Sep18-Dec18,Sep-Dec
2018-07-13,TWD,2018-09-19,2018-12-19,-0.12563184442800657,-0.290085429640755,37.762797249333104,-0.16445358521274844,91,68,-1.7285722897342986,Sep18-Dec18,Sep-Dec
2018-07-16,TWD,2018-09-19,2018-12-19,-0.11943295736617639,-0.2845491212169164,37.61957631432523,-0.16511616385074002,91,65,-1.7418781465155648,Sep18-Dec18,Sep-Dec
2018-07-17,TWD,2018-09-19,2018-12-19,-0.11753576901493412,-0.28309119754855594,37.577832827703716,-0.16555542853362182,91,64,-1.748369884559655,Sep18-Dec18,Sep-Dec
2018-07-18,TWD,2018-09-19,2018-12-19,-0.12054357930809394,-0.29362016081842657,37.509189648910514,-0.17307658151033262,91,63,-1.8313007722774493,Sep18-Dec18,Sep-Dec
2018-07-19,TWD,2018-09-19,2018-12-19,-0.11946273897865305,-0.2942771435898037,37.87683232190497,-0.17481440461115066,91,62,-1.8316251275726434,Sep18-Dec18,Sep-Dec
2018-07-20,TWD,2018-09-19,2018-12-19,-0.11954519340299377,-0.29788310487303366,37.88624574467674,-0.17833791147003988,91,61,-1.8680811574914624,Sep18-Dec18,Sep-Dec
2018-07-23,TWD,2018-09-19,2018-12-19,-0.11747894820643252,-0.30179936694411114,37.99360654496023,-0.18432041873767863,91,58,-1.925169558741185,Sep18-Dec18,Sep-Dec
2018-07-24,TWD,2018-09-19,2018-12-19,-0.1186126745278854,-0.3079767689495972,37.79730686307003,-0.1893640944217118,91,57,-1.9882129605662862,Sep18-Dec18,Sep-Dec
2018-07-25,TWD,2018-09-19,2018-12-19,-0.11993185103499528,-0.3148211089668626,37.994969948104824,-0.19488925793186734,91,56,-2.035616357568458,Sep18-Dec18,Sep-Dec
2018-07-26,TWD,2018-09-19,2018-12-19,-0.11876610006445462,-0.31527001108018865,37.82337856374342,-0.19650391101573403,91,55,-2.0617586515751487,Sep18-Dec18,Sep-Dec
2018-07-27,TWD,2018-09-19,2018-12-19,-0.11735235391214932,-0.31511280217151205,37.763041587022734,-0.19776044825936273,91,54,-2.0781902045584135,Sep18-Dec18,Sep-Dec
2018-07-30,TWD,2018-09-19,2018-12-19,-0.10852908245339793,-0.302179013889853,37.740637199580576,-0.1936499314364551,91,51,-2.0357287411672806,Sep18-Dec18,Sep-Dec
2018-07-31,TWD,2018-09-19,2018-12-19,-0.10787127168404426,-0.3041969861490048,37.88090878243789,-0.19632571446496055,91,50,-2.0561575327480273,Sep18-Dec18,Sep-Dec
2018-08-01,TWD,2018-09-19,2018-12-19,-0.1058853462420693,-0.30252956069162656,38.047191029164644,-0.19664421444955726,91,49,-2.0503594751466947,Sep18-Dec18,Sep-Dec
2018-08-02,TWD,2018-09-19,2018-12-19,-0.10076790001038637,-0.2828008320088163,38.143955737105074,-0.1820329319984299,91,48,-1.8929283306041953,Sep18-Dec18,Sep-Dec
2018-08-03,TWD,2018-09-19,2018-12-19,-0.09804925449275412,-0.27944083366769096,38.01810041029083,-0.18139157917493684,91,47,-1.8923842099367716,Sep18-Dec18,Sep-Dec
2018-08-06,TWD,2018-09-19,2018-12-19,-0.09115526445833784,-0.2728081430144806,38.06463892512124,-0.18165287855614276,91,44,-1.8924436291696902,Sep18-Dec18,Sep-Dec
2018-08-07,TWD,2018-09-19,2018-12-19,-0.09058595465813757,-0.2759478234126525,38.05974662042462,-0.18536186875451494,91,43,-1.9313034254888104,Sep18-Dec18,Sep-Dec
2018-08-08,TWD,2018-09-19,2018-12-19,-0.08795175401578395,-0.2726597579420258,38.317940342989544,-0.18470800392624184,91,42,-1.9113607132388717,Sep18-Dec18,Sep-Dec
2018-08-09,TWD,2018-09-19,2018-12-19,-0.08417667360045764,-0.26567544839007473,38.393127442070025,-0.1814987747896171,91,41,-1.8742803356201825,Sep18-Dec18,Sep-Dec
2018-08-10,TWD,2018-09-19,2018-12-19,-0.07976454060345685,-0.2564243426484444,38.43622262301431,-0.17665980204498755,91,40,-1.8220502546257868,Sep18-Dec18,Sep-Dec
2018-08-13,TWD,2018-09-19,2018-12-19,-0.07377757046314544,-0.2520074387781671,38.67690307797832,-0.1782298683150217,91,37,-1.8264976839683473,Sep18-Dec18,Sep-Dec
2018-08-14,TWD,2018-09-19,2018-12-19,-0.06950368706927322,-0.24249507934571635,38.85816054076434,-0.1729913922764431,91,36,-1.764334234217398,Sep18-Dec18,Sep-Dec
2018-08-15,TWD,2018-09-19,2018-12-19,-0.0633102646471423,-0.22575913121044644,38.840787346784815,-0.16244886656330415,91,35,-1.6572889860077415,Sep18-Dec18,Sep-Dec
2018-08-16,TWD,2018-09-19,2018-12-19,-0.06180519049368053,-0.22560535270220686,38.87069635414069,-0.16380016220852633,91,34,-1.6697221236536317,Sep18-Dec18,Sep-Dec
2018-08-17,TWD,2018-09-19,2018-12-19,-0.06137419184663699,-0.22954041964288915,38.79920811015793,-0.16816622779625218,91,33,-1.7173727123900502,Sep18-Dec18,Sep-Dec
2018-08-20,TWD,2018-09-19,2018-12-19,-0.05649295026076005,-0.22785489938506553,38.63350920270985,-0.17136194912430547,91,30,-1.757303879317181,Sep18-Dec18,Sep-Dec
2018-08-21,TWD,2018-09-19,2018-12-19,-0.056006743791747395,-0.2317520432761961,38.708262468446804,-0.17574529948444872,91,29,-1.7987465848858601,Sep18-Dec18,Sep-Dec
2018-08-22,TWD,2018-09-19,2018-12-19,-0.05372804430157255,-0.2283441882816833,38.9322393982488,-0.17461614398011074,91,28,-1.776789071812247,Sep18-Dec18,Sep-Dec
2018-08-23,TWD,2018-09-19,2018-12-19,-0.053955563500015014,-0.2358057960371026,39.06033266572147,-0.1818502325370876,91,27,-1.844333072636366,Sep18-Dec18,Sep-Dec
2018-08-24,TWD,2018-09-19,2018-12-19,-0.05259375175015649,-0.23667188287570418,38.96788258315595,-0.1840781311255477,91,26,-1.8712984021112746,Sep18-Dec18,Sep-Dec
2018-08-27,TWD,2018-09-19,2018-12-19,-0.04575093818821135,-0.2267655197154823,38.9552205636103,-0.18101458152727096,91,23,-1.8404302297117883,Sep18-Dec18,Sep-Dec
2018-08-28,TWD,2018-09-19,2018-12-19,-0.04158626163998774,-0.21360216205993704,38.98887503961778,-0.1720159004199493,91,22,-1.7472396270740727,Sep18-Dec18,Sep-Dec
2018-08-29,TWD,2018-09-19,2018-12-19,-0.03923268839472985,-0.20924100477189253,38.898742454148405,-0.17000831637716268,91,21,-1.730748474531147,Sep18-Dec18,Sep-Dec
2018-08-30,TWD,2018-09-19,2018-12-19,-0.03795888869290734,-0.21067183224563574,38.7585617408197,-0.1727129435527284,91,20,-1.7645902856463809,Sep18-Dec18,Sep-Dec
2018-08-31,TWD,2018-09-19,2018-12-19,-0.03657820921260578,-0.21176857965192822,38.80356963856547,-0.17519037043932245,91,19,-1.787760103583479,Sep18-Dec18,Sep-Dec
2018-09-03,TWD,2018-09-19,2018-12-19,-0.02991727802154326,-0.19177685922111393,38.57145959799834,-0.16185958119957067,91,16,-1.6613855579943424,Sep18-Dec18,Sep-Dec
2018-09-04,TWD,2018-09-19,2018-12-19,-0.028816333598235596,-0.1958916520211926,38.409109482107766,-0.167075318422957,91,15,-1.722126772439546,Sep18-Dec18,Sep-Dec
2018-09-05,TWD,2018-09-19,2018-12-19,-0.026803017425266126,-0.19379186231778012,38.4263690611185,-0.16698884489251398,91,14,-1.720371552668349,Sep18-Dec18,Sep-Dec
2018-09-06,TWD,2018-09-19,2018-12-19,-0.023806946696568385,-0.1837473873041209,38.391466028531354,-0.15994044060755253,91,13,-1.6491269692606554,Sep18-Dec18,Sep-Dec
2018-09-07,TWD,2018-09-19,2018-12-19,-0.021485259425003504,-0.1781997400109196,38.53550099956842,-0.15671448058591608,91,12,-1.6097240493679912,Sep18-Dec18,Sep-Dec
2018-09-10,TWD,2018-09-19,2018-12-19,-0.016657207305266417,-0.18043158901837764,38.427535116994,-0.1637743817131112,91,9,-1.6867582523219717,Sep18-Dec18,Sep-Dec
2018-09-11,TWD,2018-09-19,2018-12-19,-0.014894046786567767,-0.1801896157710736,38.35518287813353,-0.16529556898450581,91,8,-1.7055597560009712,Sep18-Dec18,Sep-Dec
2018-09-12,TWD,2018-09-19,2018-12-19,-0.013541443303615454,-0.18597161376290963,38.35418301219724,-0.17243017045929418,91,7,-1.7791599351810399,Sep18-Dec18,Sep-Dec
2018-09-13,TWD,2018-09-19,2018-12-19,-0.013172284148662656,-0.17943484999477002,38.38262778077231,-0.16626256584610738,91,6,-1.7142333927301734,Sep18-Dec18,Sep-Dec
2018-09-14,TWD,2018-09-19,2018-12-19,-0.012701457632272163,-0.17160823370120412,38.43779660438782,-0.15890677606893197,91,5,-1.6360198683724076,Sep18-Dec18,Sep-Dec
2018-09-17,TWD,2018-09-19,2018-12-19,-0.012683959035040477,-0.1674801669514122,38.51274335404226,-0.15479620791637175,91,2,-1.590596514314786,Sep18-Dec18,Sep-Dec
2018-09-18,TWD,2018-09-19,2018-12-19,-0.013450482705918953,-0.17625948419474957,38.560665264068355,-0.16280900148883062,91,1,-1.6708848356038684,Sep18-Dec18,Sep-Dec
2018-09-19,TWD,2018-12-19,2019-03-20,-0.17802042105068358,-0.33996895134572847,38.57253781353301,-0.16194853029504488,91,91,-1.6686640384477627,Dec18-Mar19,Dec-Mar
2018-09-20,TWD,2018-12-19,2019-03-20,-0.17010896098971237,-0.32607335289899486,38.48320475275743,-0.1559643919092825,91,90,-1.6104206074189225,Dec18-Mar19,Dec-Mar
2018-09-21,TWD,2018-12-19,2019-03-20,-0.16277859335465952,-0.3132444907126329,38.32954059544443,-0.15046589735797336,91,89,-1.5596023152321883,Dec18-Mar19,Dec-Mar
2018-09-24,TWD,2018-12-19,2019-03-20,-0.15439956387222842,-0.30189687981905383,38.10952021244093,-0.1474973159468254,91,86,-1.5373574245407406,Dec18-Mar19,Dec-Mar
2018-09-25,TWD,2018-12-19,2019-03-20,-0.16393250576950133,-0.32356501611466126,38.09208411348791,-0.15963251034515993,91,85,-1.6650250565086417,Dec18-Mar19,Dec-Mar
2018-09-26,TWD,2018-12-19,2019-03-20,-0.16210020629888422,-0.32190424426903236,37.93084524874351,-0.15980403797014814,91,84,-1.6738490989117814,Dec18-Mar19,Dec-Mar
2018-09-27,TWD,2018-12-19,2019-03-20,-0.15206194958573238,-0.3029561043797814,37.97848378975177,-0.150894154794049,91,83,-1.5781136042889201,Dec18-Mar19,Dec-Mar
2018-09-28,TWD,2018-12-19,2019-03-20,-0.15331840235877048,-0.3076244703882313,38.01591325558044,-0.15430606802946084,91,82,-1.612255024187607,Dec18-Mar19,Dec-Mar
2018-10-01,TWD,2018-12-19,2019-03-20,-0.14178166221286226,-0.28920363826922457,38.15073882282047,-0.1474219760563623,91,79,-1.534395734409269,Dec18-Mar19,Dec-Mar
2018-10-02,TWD,2018-12-19,2019-03-20,-0.12231784952482311,-0.26864140076523396,38.13604817918625,-0.14632355124041085,91,78,-1.5227718918703959,Dec18-Mar19,Dec-Mar
2018-10-03,TWD,2018-12-19,2019-03-20,-0.13101396704299492,-0.2884383542765193,37.98225067977864,-0.1574243872335244,91,77,-1.6453301126606736,Dec18-Mar19,Dec-Mar
2018-10-04,TWD,2018-12-19,2019-03-20,-0.12616283358613972,-0.27878260451053316,37.85111485285863,-0.15261977092439344,91,76,-1.6004540496958046,Dec18-Mar19,Dec-Mar
2018-10-05,TWD,2018-12-19,2019-03-20,-0.13441654865031705,-0.2980302269064276,38.062646298908916,-0.16361367825611056,91,75,-1.7065465676968454,Dec18-Mar19,Dec-Mar
2018-10-08,TWD,2018-12-19,2019-03-20,-0.12227222922708095,-0.27411374165346253,38.0960367233573,-0.15184151242638158,91,72,-1.5818597537355685,Dec18-Mar19,Dec-Mar
2018-10-09,TWD,2018-12-19,2019-03-20,-0.1190711911084719,-0.26790182783493344,37.90633175889589,-0.14883063672646152,91,71,-1.5581456079348517,Dec18-Mar19,Dec-Mar
2018-10-10,TWD,2018-12-19,2019-03-20,-0.11706743254986005,-0.2643829249782509,37.72002492717864,-0.14731549242839084,91,70,-1.549842358905457,Dec18-Mar19,Dec-Mar
2018-10-11,TWD,2018-12-19,2019-03-20,-0.106946709966763,-0.24199989351508375,37.68433903060013,-0.13505318354832074,91,69,-1.4218025720413374,Dec18-Mar19,Dec-Mar
2018-10-12,TWD,2018-12-19,2019-03-20,-0.11051256335620124,-0.25128574624323086,37.59742361913025,-0.1407731828870296,91,68,-1.4855982625635331,Dec18-Mar19,Dec-Mar
2018-10-15,TWD,2018-12-19,2019-03-20,-0.1086074530935353,-0.2500666947933082,37.38067987474087,-0.14145924169977286,91,65,-1.5014431497722445,Dec18-Mar19,Dec-Mar
2018-10-16,TWD,2018-12-19,2019-03-20,-0.10352917772132356,-0.2389716821605159,37.25368520571399,-0.13544250443919234,91,64,-1.4422994634919155,Dec18-Mar19,Dec-Mar
2018-10-17,TWD,2018-12-19,2019-03-20,-0.09770860052806037,-0.22585526467052405,37.2398749112746,-0.12814666414246367,91,63,-1.3649010990005266,Dec18-Mar19,Dec-Mar
2018-10-18,TWD,2018-12-19,2019-03-20,-0.10286698072377937,-0.2396543151357185,37.12114638975176,-0.13678733441193913,91,62,-1.4618094525260894,Dec18-Mar19,Dec-Mar
2018-10-19,TWD,2018-12-19,2019-03-20,-0.09795337191937267,-0.22861536838268168,37.116395819058376,-0.130661996463309,91,61,-1.3963434634815866,Dec18-Mar19,Dec-Mar
2018-10-22,TWD,2018-12-19,2019-03-20,-0.08948162015442046,-0.21438333198386,37.180475087369736,-0.12490171182943954,91,58,-1.3321742449932945,Dec18-Mar19,Dec-Mar
2018-10-23,TWD,2018-12-19,2019-03-20,-0.09042806577454618,-0.2192181798718429,37.385999239485905,-0.1287901140972967,91,57,-1.3661122123582603,Dec18-Mar19,Dec-Mar
2018-10-24,TWD,2018-12-19,2019-03-20,-0.09401773342080305,-0.23123759121546938,37.34150163393267,-0.13721985779466633,91,56,-1.457407943386817,Dec18-Mar19,Dec-Mar
2018-10-25,TWD,2018-12-19,2019-03-20,-0.098092146151043,-0.2448197020331864,37.36886078081588,-0.1467275558821434,91,55,-1.5574153200928287,Dec18-Mar19,Dec-Mar
2018-10-26,TWD,2018-12-19,2019-03-20,-0.10126564106687524,-0.25628079461078457,37.52689092064662,-0.15501515354390932,91,54,-1.6385745239832414,Dec18-Mar19,Dec-Mar
2018-10-29,TWD,2018-12-19,2019-03-20,-0.09526417034323076,-0.24963403658729183,37.46712107232392,-0.15436986624406107,91,51,-1.634101238137281,Dec18-Mar19,Dec-Mar
2018-10-30,TWD,2018-12-19,2019-03-20,-0.09338089898920593,-0.24771744372400575,37.48005942133178,-0.15433654473479982,91,50,-1.633100823947111,Dec18-Mar19,Dec-Mar
2018-10-31,TWD,2018-12-19,2019-03-20,-0.09123009611749328,-0.24497811004608055,37.630337837931854,-0.15374801392858728,91,49,-1.6202673367712097,Dec18-Mar19,Dec-Mar
2018-11-01,TWD,2018-12-19,2019-03-20,-0.08207205573446552,-0.2483392914983446,37.58669252005882,-0.16626723576387908,91,48,-1.7538118903443423,Dec18-Mar19,Dec-Mar
2018-11-02,TWD,2018-12-19,2019-03-20,-0.08160664037627091,-0.24910299091563862,37.33592864179582,-0.1674963505393677,91,47,-1.7786471196159064,Dec18-Mar19,Dec-Mar
2018-11-05,TWD,2018-12-19,2019-03-20,-0.07863001116376066,-0.24723944229619266,37.268452798487196,-0.16860943113243199,91,44,-1.7935721952158041,Dec18-Mar19,Dec-Mar
2018-11-06,TWD,2018-12-19,2019-03-20,-0.07883921939814088,-0.2504982965010839,37.649556123624045,-0.17165907710294304,91,43,-1.8075003897431545,Dec18-Mar19,Dec-Mar
2018-11-07,TWD,2018-12-19,2019-03-20,-0.07490461096065862,-0.24072471672547557,37.48465457774461,-0.16582010576481696,91,42,-1.753531172445482,Dec18-Mar19,Dec-Mar
2018-11-08,TWD,2018-12-19,2019-03-20,-0.07134032741737696,-0.23189465521710487,37.30590482696695,-0.1605543277997279,91,41,-1.7058343145560273,Dec18-Mar19,Dec-Mar
2018-11-09,TWD,2018-12-19,2019-03-20,-0.07012560246663614,-0.23053383517364637,37.093165656414115,-0.1604082327070102,91,40,-1.7140192122947644,Dec18-Mar19,Dec-Mar
2018-11-12,TWD,2018-12-19,2019-03-20,-0.06389266341731302,-0.21763197150460553,37.31203624652291,-0.15373930808729253,91,37,-1.6328316046358715,Dec18-Mar19,Dec-Mar
2018-11-13,TWD,2018-12-19,2019-03-20,-0.058811139932445876,-0.2025179200836859,37.487858309464,-0.14370678015124003,91,36,-1.5189014470094349,Dec18-Mar19,Dec-Mar
2018-11-14,TWD,2018-12-19,2019-03-20,-0.058261960586341824,-0.20316521654326591,37.64549327898542,-0.1449032559569241,91,35,-1.525102088748091,Dec18-Mar19,Dec-Mar
2018-11-15,TWD,2018-12-19,2019-03-20,-0.05721738870165031,-0.20208598581170847,37.77076753799655,-0.14486859711005817,91,34,-1.5196303072743687,Dec18-Mar19,Dec-Mar
2018-11-16,TWD,2018-12-19,2019-03-20,-0.05703028569647667,-0.20428761328723286,37.744478615362645,-0.1472573275907562,91,33,-1.5457572391284544,Dec18-Mar19,Dec-Mar
2018-11-19,TWD,2018-12-19,2019-03-20,-0.053064875052049224,-0.19827563179645866,37.80647419233561,-0.14521075674440942,91,30,-1.5216112848072811,Dec18-Mar19,Dec-Mar
2018-11-20,TWD,2018-12-19,2019-03-20,-0.05255803427552652,-0.20165046381344398,37.994537583997825,-0.14909242953791746,91,29,-1.554521434477161,Dec18-Mar19,Dec-Mar
2018-11-21,TWD,2018-12-19,2019-03-20,-0.04980250548207256,-0.19582209660047392,38.012524076002734,-0.14601959111840135,91,28,-1.5216504428822175,Dec18-Mar19,Dec-Mar
2018-11-22,TWD,2018-12-19,2019-03-20,-0.04964621649744874,-0.2011049672374013,38.081727225699275,-0.15145875073995255,91,27,-1.5754527744873281,Dec18-Mar19,Dec-Mar
2018-11-23,TWD,2018-12-19,2019-03-20,-0.04920291547804101,-0.20559860950198977,37.95482435806743,-0.15639569402394876,91,26,-1.6322334697290806,Dec18-Mar19,Dec-Mar
2018-11-26,TWD,2018-12-19,2019-03-20,-0.04463153081056816,-0.20523459042470174,38.358149492517875,-0.16060305961413357,91,23,-1.6582992038049367,Dec18-Mar19,Dec-Mar
2018-11-27,TWD,2018-12-19,2019-03-20,-0.04086042382087363,-0.1939772717674507,38.152135949978735,-0.15311684794657707,91,22,-1.5893904691586906,Dec18-Mar19,Dec-Mar
2018-11-28,TWD,2018-12-19,2019-03-20,-0.04035702931918136,-0.19938136286811442,38.054704402046774,-0.15902433354893306,91,21,-1.65492056836288,Dec18-Mar19,Dec-Mar
2018-11-29,TWD,2018-12-19,2019-03-20,-0.03665054652545828,-0.18747211514730183,38.252203365579916,-0.15082156862184354,91,20,-1.5612930102375033,Dec18-Mar19,Dec-Mar
2018-11-30,TWD,2018-12-19,2019-03-20,-0.035051586305289394,-0.18700992658870763,38.20874379743863,-0.15195834028341823,91,19,-1.5747857721590135,Dec18-Mar19,Dec-Mar
2018-12-03,TWD,2018-12-19,2019-03-20,-0.026318374400200448,-0.17340332294905453,38.04607418201165,-0.14708494854885407,91,16,-1.530453074649324,Dec18-Mar19,Dec-Mar
2018-12-04,TWD,2018-12-19,2019-03-20,-0.026248361862174732,-0.17663007775972533,38.0776666730913,-0.15038171589755062,91,15,-1.563454674435782,Dec18-Mar19,Dec-Mar
2018-12-05,TWD,2018-12-19,2019-03-20,-0.02545652170553245,-0.1750156307398735,38.17987692388765,-0.14955910903434105,91,14,-1.5507047496199453,Dec18-Mar19,Dec-Mar
2018-12-06,TWD,2018-12-19,2019-03-20,-0.02382252596407508,-0.1746519473257266,38.22782492849766,-0.1508294213616515,91,13,-1.56184635966778,Dec18-Mar19,Dec-Mar
2018-12-07,TWD,2018-12-19,2019-03-20,-0.022104362658680515,-0.17375747954565,38.331919859258626,-0.15165311688696947,91,12,-1.5660383342988466,Dec18-Mar19,Dec-Mar
2018-12-10,TWD,2018-12-19,2019-03-20,-0.01682158682711286,-0.17091956224001137,38.36869934698227,-0.15409797541289852,91,9,-1.5895398084109957,Dec18-Mar19,Dec-Mar
2018-12-11,TWD,2018-12-19,2019-03-20,-0.014670558836785511,-0.16559729711976787,38.2820843650868,-0.15092673828298236,91,8,-1.560264338250923,Dec18-Mar19,Dec-Mar
2018-12-12,TWD,2018-12-19,2019-03-20,-0.012663177677999404,-0.16130951657485124,38.339930201137,-0.14864633889685183,91,7,-1.534290066184549,Dec18-Mar19,Dec-Mar
2018-12-13,TWD,2018-12-19,2019-03-20,-0.013607364493327655,-0.17262646774681567,38.238542271453525,-0.159019103253488,91,6,-1.6457492049436167,Dec18-Mar19,Dec-Mar
2018-12-14,TWD,2018-12-19,2019-03-20,-0.013356143454324058,-0.1672412064569437,38.22902619994417,-0.15388506300261964,91,5,-1.5930011760020524,Dec18-Mar19,Dec-Mar
2018-12-17,TWD,2018-12-19,2019-03-20,-0.013889776921073837,-0.16869580090214623,38.01553623251763,-0.15480602398107238,91,2,-1.6115602681718122,Dec18-Mar19,Dec-Mar
2018-12-18,TWD,2018-12-19,2019-03-20,-0.013138348970709764,-0.15676691186525826,38.1804761994825,-0.1436285628945485,91,1,-1.4887098240377699,Dec18-Mar19,Dec-Mar
2018-12-19,TWD,2019-03-20,2019-06-19,-0.15211760962192344,-0.3202015054328228,38.31908685354211,-0.16808389581089933,91,91,-1.7422061361001118,Mar19-Jun19,Mar-Jun
2018-12-20,TWD,2019-03-20,2019-06-19,-0.15102469656770676,-0.3199543570751372,38.51662570569033,-0.16892966050743044,91,90,-1.7419071899540322,Mar19-Jun19,Mar-Jun
2018-12-21,TWD,2019-03-20,2019-06-19,-0.14699842535394608,-0.313844891950132,38.83460623784042,-0.1668464665961859,91,89,-1.7061069243782159,Mar19-Jun19,Mar-Jun
2018-12-24,TWD,2019-03-20,2019-06-19,-0.14156455755985314,-0.3085442464237207,38.97701549923451,-0.16697968886386755,91,86,-1.700969019013319,Mar19-Jun19,Mar-Jun
2018-12-25,TWD,2019-03-20,2019-06-19,-0.13687316324121795,-0.3009183739462754,39.25411134010675,-0.16404521070505745,91,85,-1.65903855838039,Mar19-Jun19,Mar-Jun
2018-12-26,TWD,2019-03-20,2019-06-19,-0.12692158324200747,-0.2822089541470543,39.40945268574731,-0.15528737090504685,91,84,-1.5638596798047601,Mar19-Jun19,Mar-Jun
2018-12-27,TWD,2019-03-20,2019-06-19,-0.12470857035283803,-0.27930787735327406,39.11901307062659,-0.15459930700043603,91,83,-1.568438421727383,Mar19-Jun19,Mar-Jun
2018-12-28,TWD,2019-03-20,2019-06-19,-0.12224396717464234,-0.2759583911045509,39.04303514795715,-0.15371442392990856,91,82,-1.5624066194341844,Mar19-Jun19,Mar-Jun
2018-12-31,TWD,2019-03-20,2019-06-19,-0.11256208241057478,-0.2609662829436447,39.053600248357405,-0.14840420053306994,91,79,-1.5076473772180166,Mar19-Jun19,Mar-Jun
2019-01-01,TWD,2019-03-20,2019-06-19,-0.12904508288656302,-0.2795976795875532,38.897138046679274,-0.1505525967009902,91,78,-1.5362960742018723,Mar19-Jun19,Mar-Jun
2019-01-02,TWD,2019-03-20,2019-06-19,-0.12348173493067634,-0.2694146943942029,38.96480329940421,-0.14593295946352658,91,77,-1.486347989769038,Mar19-Jun19,Mar-Jun
2019-01-03,TWD,2019-03-20,2019-06-19,-0.11807575685830868,-0.25945593941233613,39.00134284426507,-0.14138018255402746,91,76,-1.4384239252322846,Mar19-Jun19,Mar-Jun
2019-01-04,TWD,2019-03-20,2019-06-19,-0.11633095543033815,-0.25747918135248177,39.00323585746225,-0.1411482259221436,91,75,-1.435929620710061,Mar19-Jun19,Mar-Jun
2019-01-07,TWD,2019-03-20,2019-06-19,-0.10437305119000176,-0.2362889908884762,38.98210518145682,-0.13191593969847445,91,72,-1.342324326432944,Mar19-Jun19,Mar-Jun
2019-01-08,TWD,2019-03-20,2019-06-19,-0.10335467915324771,-0.23582335243417085,38.9339341108787,-0.13246867328092315,91,71,-1.3495855636653151,Mar19-Jun19,Mar-Jun
2019-01-09,TWD,2019-03-20,2019-06-19,-0.10725249672686962,-0.24668074247180014,38.907820400069404,-0.1394282457449305,91,70,-1.4215881330786626,Mar19-Jun19,Mar-Jun
2019-01-10,TWD,2019-03-20,2019-06-19,-0.10482758090700156,-0.24307844848000362,38.78046792316226,-0.13825086757300206,91,69,-1.4141369198804756,Mar19-Jun19,Mar-Jun
2019-01-11,TWD,2019-03-20,2019-06-19,-0.10183911249062362,-0.2381238071471935,38.60882444655317,-0.1362846946565699,91,68,-1.400131009789822,Mar19-Jun19,Mar-Jun
2019-01-14,TWD,2019-03-20,2019-06-19,-0.10511810229148415,-0.25228344549956194,38.48862901127307,-0.14716534320807778,91,65,-1.5167777849139394,Mar19-Jun19,Mar-Jun
2019-01-15,TWD,2019-03-20,2019-06-19,-0.10490156078633256,-0.25405846752939915,38.52702191069291,-0.1491569067430666,91,64,-1.5357592815008578,Mar19-Jun19,Mar-Jun
2019-01-16,TWD,2019-03-20,2019-06-19,-0.09988866630947935,-0.2441722954231718,38.53735546112263,-0.14428362911369244,91,63,-1.4849895857036737,Mar19-Jun19,Mar-Jun
2019-01-17,TWD,2019-03-20,2019-06-19,-0.0950358622110406,-0.23452398255305176,38.48655234218337,-0.13948812034201116,91,62,-1.437351753757385,Mar19-Jun19,Mar-Jun
2019-01-18,TWD,2019-03-20,2019-06-19,-0.08579156447537858,-0.2137757016435663,38.38215873481742,-0.1279841371681877,91,61,-1.3220859045496973,Mar19-Jun19,Mar-Jun
2019-01-21,TWD,2019-03-20,2019-06-19,-0.08052302078254694,-0.20686086373447402,38.29316923121303,-0.12633784295192707,91,58,-1.3079388882866267,Mar19-Jun19,Mar-Jun
2019-01-22,TWD,2019-03-20,2019-06-19,-0.0809999288418465,-0.21031560471216285,38.09724379102487,-0.12931567587031634,91,57,-1.3456839655255843,Mar19-Jun19,Mar-Jun
2019-01-23,TWD,2019-03-20,2019-06-19,-0.07645386518742042,-0.20069139611697862,38.256864756829394,-0.1242375309295582,91,56,-1.2872808905660977,Mar19-Jun19,Mar-Jun
2019-01-24,TWD,2019-03-20,2019-06-19,-0.07310889903583395,-0.1940708956223956,38.20278564726861,-0.12096199658656165,91,55,-1.2550092639572363,Mar19-Jun19,Mar-Jun
2019-01-25,TWD,2019-03-20,2019-06-19,-0.07305054908966566,-0.1961542521852133,38.08388565803069,-0.12310370309554763,91,54,-1.2812232596363946,Mar19-Jun19,Mar-Jun
2019-01-28,TWD,2019-03-20,2019-06-19,-0.07464471130746961,-0.2078342942286409,38.13126004226655,-0.13318958292117128,91,51,-1.3845262904782412,Mar19-Jun19,Mar-Jun
2019-01-29,TWD,2019-03-20,2019-06-19,-0.07345812105496621,-0.20715190137500472,38.19756299477706,-0.1336937803200385,91,50,-1.3873072517967866,Mar19-Jun19,Mar-Jun
2019-01-30,TWD,2019-03-20,2019-06-19,-0.06669351475464724,-0.19055289929899216,38.1937340396853,-0.12385938454434492,91,49,-1.285159201657886,Mar19-Jun19,Mar-Jun
2019-01-31,TWD,2019-03-20,2019-06-19,-0.06916949502980599,-0.20030332935714654,38.282966758641955,-0.13113383432734055,91,48,-1.3575494974887992,Mar19-Jun19,Mar-Jun
2019-02-01,TWD,2019-03-20,2019-06-19,-0.07073200125325911,-0.2076811951691438,38.376614947181594,-0.13694919391588467,91,47,-1.4143441926159783,Mar19-Jun19,Mar-Jun
2019-02-04,TWD,2019-03-20,2019-06-19,-0.06885310262909153,-0.21125383761198538,38.203706004901576,-0.14240073498289385,91,44,-1.4772406973981538,Mar19-Jun19,Mar-Jun
2019-02-05,TWD,2019-03-20,2019-06-19,-0.06684540223624047,-0.20830892789898195,38.489512832531325,-0.14146352566274148,91,43,-1.4565254396094214,Mar19-Jun19,Mar-Jun
2019-02-06,TWD,2019-03-20,2019-06-19,-0.0656016022149501,-0.2077384070140086,38.48603826484122,-0.14213680479905852,91,42,-1.4635425736941192,Mar19-Jun19,Mar-Jun
2019-02-07,TWD,2019-03-20,2019-06-19,-0.06183576993419223,-0.1990810153978872,38.61457459441689,-0.13724524546369496,91,41,-1.4083259461390734,Mar19-Jun19,Mar-Jun
2019-02-08,TWD,2019-03-20,2019-06-19,-0.06518478402696624,-0.21348016768831446,38.574605482167726,-0.1482953836613482,91,40,-1.5234273733726151,Mar19-Jun19,Mar-Jun
2019-02-11,TWD,2019-03-20,2019-06-19,-0.05788392435105444,-0.20024708964689103,38.42768901106743,-0.1423631652958366,91,37,-1.4678076637581905,Mar19-Jun19,Mar-Jun
2019-02-12,TWD,2019-03-20,2019-06-19,-0.05298484275144575,-0.1869187508176003,38.712544164587605,-0.13393390806615454,91,36,-1.3705495789631885,Mar19-Jun19,Mar-Jun
2019-02-13,TWD,2019-03-20,2019-06-19,-0.05195596665749232,-0.18704147996697237,38.73161784434978,-0.13508551330948004,91,35,-1.3816155636697813,Mar19-Jun19,Mar-Jun
2019-02-14,TWD,2019-03-20,2019-06-19,-0.052734899391025575,-0.19387830658465285,38.399889089146015,-0.14114340719362728,91,34,-1.4560911618128842,Mar19-Jun19,Mar-Jun
2019-02-15,TWD,2019-03-20,2019-06-19,-0.04905960767539907,-0.18434519247725714,38.21453230337494,-0.13528558480185807,91,33,-1.4023033970062226,Mar19-Jun19,Mar-Jun
2019-02-18,TWD,2019-03-20,2019-06-19,-0.04486710517426456,-0.18096399086953371,38.384040540324456,-0.13609688569526915,91,30,-1.404321517264558,Mar19-Jun19,Mar-Jun
2019-02-19,TWD,2019-03-20,2019-06-19,-0.04223813922871964,-0.17477850715332266,38.45753913866816,-0.13254036792460303,91,29,-1.3649132189999043,Mar19-Jun19,Mar-Jun
2019-02-20,TWD,2019-03-20,2019-06-19,-0.042654329472997146,-0.18128090026023785,38.589012120553434,-0.13862657078724072,91,28,-1.422735736751984,Mar19-Jun19,Mar-Jun
2019-02-21,TWD,2019-03-20,2019-06-19,-0.04297743107051098,-0.18782729134519613,38.52396864630602,-0.14484986027468516,91,27,-1.4891311168891876,Mar19-Jun19,Mar-Jun
2019-02-22,TWD,2019-03-20,2019-06-19,-0.0434235697466986,-0.19540606386014372,38.49917213802085,-0.1519824941134451,91,26,-1.5634838734045193,Mar19-Jun19,Mar-Jun
2019-02-25,TWD,2019-03-20,2019-06-19,-0.03647813912592472,-0.1808046895806703,38.551624774126374,-0.14432655045474557,91,23,-1.4824354247798563,Mar19-Jun19,Mar-Jun
2019-02-26,TWD,2019-03-20,2019-06-19,-0.034160708687025865,-0.17546182189245108,38.33950990122167,-0.1413011132054252,91,22,-1.4593090173096277,Mar19-Jun19,Mar-Jun
2019-02-27,TWD,2019-03-20,2019-06-19,-0.030683037858072734,-0.1636428685763879,38.29132139350425,-0.1329598307183152,91,21,-1.3747677961368556,Mar19-Jun19,Mar-Jun
2019-02-28,TWD,2019-03-20,2019-06-19,-0.02853505512958348,-0.1583695559691883,38.55888554639027,-0.12983450083960482,91,20,-1.333055593275782,Mar19-Jun19,Mar-Jun
2019-03-01,TWD,2019-03-20,2019-06-19,-0.02683991104424667,-0.15538895867721758,38.591503422581724,-0.12854904763297093,91,19,-1.3186830549978903,Mar19-Jun19,Mar-Jun
2019-03-04,TWD,2019-03-20,2019-06-19,-0.021760262473450313,-0.14552175529119896,38.603904991816115,-0.12376149281774865,91,16,-1.268996083777251,Mar19-Jun19,Mar-Jun
2019-03-05,TWD,2019-03-20,2019-06-19,-0.02186643653383383,-0.15452281817242575,38.709557238174284,-0.13265638163859192,91,15,-1.3564895343656798,Mar19-Jun19,Mar-Jun
2019-03-06,TWD,2019-03-20,2019-06-19,-0.02091859359667266,-0.15688945197504492,38.84630963531168,-0.13597085837837225,91,14,-1.3854508043664555,Mar19-Jun19,Mar-Jun
2019-03-07,TWD,2019-03-20,2019-06-19,-0.019449012585985855,-0.15559210068788687,38.887462511550694,-0.136143088101901,91,13,-1.3856845059936487,Mar19-Jun19,Mar-Jun
2019-03-08,TWD,2019-03-20,2019-06-19,-0.01765157997283695,-0.1515093947668505,38.68911092691205,-0.13385781479401354,91,12,-1.369349406843656,Mar19-Jun19,Mar-Jun
2019-03-11,TWD,2019-03-20,2019-06-19,-0.013272093050884184,-0.14746770056537983,38.44104472677449,-0.13419560751449566,91,9,-1.3815105212979697,Mar19-Jun19,Mar-Jun
2019-03-12,TWD,2019-03-20,2019-06-19,-0.011611749317631467,-0.1436953978056894,38.233984073017496,-0.13208364848805793,91,8,-1.3670755830333619,Mar19-Jun19,Mar-Jun
2019-03-13,TWD,2019-03-20,2019-06-19,-0.010176678746279573,-0.142473502447914,38.20509605402262,-0.13229682370163445,91,7,-1.3702661463070303,Mar19-Jun19,Mar-Jun
2019-03-14,TWD,2019-03-20,2019-06-19,-0.00977923600938434,-0.13551227041575442,38.31058674336796,-0.12573303440637007,91,6,-1.2986812634245397,Mar19-Jun19,Mar-Jun
2019-03-15,TWD,2019-03-20,2019-06-19,-0.010212294708733718,-0.1400543274340624,38.36020155405408,-0.12984203272532868,91,5,-1.3394026927356417,Mar19-Jun19,Mar-Jun
2019-03-18,TWD,2019-03-20,2019-06-19,-0.01020751381231998,-0.13561411207796545,38.50661763400274,-0.12540659826564546,91,2,-1.2887279971507257,Mar19-Jun19,Mar-Jun
2019-03-19,TWD,2019-03-20,2019-06-19,-0.00954666785155222,-0.12547049176325775,38.56842061858269,-0.11592382391170553,91,1,-1.189349418070111,Mar19-Jun19,Mar-Jun
2019-03-20,TWD,2019-06-19,2019-09-18,-0.1251003950790347,-0.2502007901580694,38.92222390151183,-0.1251003950790347,91,91,-1.2756168940438337,Jun19-Sep19,Jun-Sep
2019-03-21,TWD,2019-06-19,2019-09-18,-0.13012550284354948,-0.26169684460758286,38.77781854053019,-0.13157134176403337,91,90,-1.3467867561115545,Jun19-Sep19,Jun-Sep
2019-03-22,TWD,2019-06-19,2019-09-18,-0.1346979068592506,-0.27242273297376524,38.806959091674905,-0.13772482611451464,91,89,-1.4088792567460757,Jun19-Sep19,Jun-Sep
2019-03-25,TWD,2019-06-19,2019-09-18,-0.1302005896161009,-0.2679709809540681,38.818290208493984,-0.13777039133796723,91,86,-1.4087687692607611,Jun19-Sep19,Jun-Sep
2019-03-26,TWD,2019-06-19,2019-09-18,-0.1348322215379932,-0.2791820116551389,38.99504006716388,-0.1443497901171457,91,85,-1.4695086475545556,Jun19-Sep19,Jun-Sep
2019-03-27,TWD,2019-06-19,2019-09-18,-0.1379993969387201,-0.2874987436223335,39.15003025541603,-0.14949934668361342,91,84,-1.5160092255277406,Jun19-Sep19,Jun-Sep
2019-03-28,TWD,2019-06-19,2019-09-18,-0.13648915488810415,-0.28613389097024244,39.26199169217242,-0.1496447360821383,91,83,-1.5130825557253669,Jun19-Sep19,Jun-Sep
2019-03-29,TWD,2019-06-19,2019-09-18,-0.13324285393844262,-0.2811099235530558,39.38500771913666,-0.14786706961461318,91,82,-1.4902989179104789,Jun19-Sep19,Jun-Sep
2019-04-01,TWD,2019-06-19,2019-09-18,-0.12771732443092568,-0.27483474877540964,39.3144959243769,-0.14711742434448397,91,79,-1.485202453991857,Jun19-Sep19,Jun-Sep
2019-04-02,TWD,2019-06-19,2019-09-18,-0.12570875139147492,-0.27236896134819566,39.11945564810763,-0.14666020995672074,91,78,-1.4879160977481087,Jun19-Sep19,Jun-Sep
2019-04-03,TWD,2019-06-19,2019-09-18,-0.13658865562232322,-0.29801161226688705,39.09937703723011,-0.16142295664456383,91,77,-1.6389902738632587,Jun19-Sep19,Jun-Sep
2019-04-04,TWD,2019-06-19,2019-09-18,-0.13070418357004884,-0.28720524547629156,38.9536879754734,-0.15650106190624272,91,76,-1.5947385275363373,Jun19-Sep19,Jun-Sep
2019-04-05,TWD,2019-06-19,2019-09-18,-0.12099813107579954,-0.267809196781103,39.00293714981647,-0.14681106570530345,91,75,-1.4937295922507812,Jun19-Sep19,Jun-Sep
2019-04-08,TWD,2019-06-19,2019-09-18,-0.11843606361768533,-0.2681260884678154,39.00717424730544,-0.14969002485013005,91,72,-1.522755290468209,Jun19-Sep19,Jun-Sep
2019-04-09,TWD,2019-06-19,2019-09-18,-0.11042580363069847,-0.2519574674390585,38.835603475231764,-0.14153166380836002,91,71,-1.4458435489852142,Jun19-Sep19,Jun-Sep
2019-04-10,TWD,2019-06-19,2019-09-18,-0.1129331357231683,-0.259746212163287,38.68926317554511,-0.14681307644011873,91,70,-1.505583820751215,Jun19-Sep19,Jun-Sep
2019-04-11,TWD,2019-06-19,2019-09-18,-0.10420465614145452,-0.24163398525554672,38.44700200511167,-0.1374293291140922,91,69,-1.4179363646236078,Jun19-Sep19,Jun-Sep
2019-04-12,TWD,2019-06-19,2019-09-18,-0.09399506817618897,-0.2197825858825595,38.30385019982712,-0.12578751770637053,91,68,-1.3023366549114472,Jun19-Sep19,Jun-Sep
2019-04-15,TWD,2019-06-19,2019-09-18,-0.09039220370730953,-0.21694128889754288,38.095293389607136,-0.12654908519023333,91,65,-1.3172873181826674,Jun19-Sep19,Jun-Sep
2019-04-16,TWD,2019-06-19,2019-09-18,-0.08843057170325956,-0.21416779084383178,37.92804864521179,-0.12573721914057223,91,64,-1.314553346877189,Jun19-Sep19,Jun-Sep
2019-04-17,TWD,2019-06-19,2019-09-18,-0.08546898101282005,-0.2089241758091157,37.92762151403455,-0.12345519479629566,91,63,-1.2906088700687113,Jun19-Sep19,Jun-Sep
2019-04-18,TWD,2019-06-19,2019-09-18,-0.0853237894269203,-0.2105570932632065,37.84528643075793,-0.12523330383628622,91,62,-1.3120469939095154,Jun19-Sep19,Jun-Sep
2019-04-19,TWD,2019-06-19,2019-09-18,-0.07997709327420457,-0.19928718324064093,37.96097521962126,-0.11931008996643636,91,61,-1.2459966306392558,Jun19-Sep19,Jun-Sep
2019-04-22,TWD,2019-06-19,2019-09-18,-0.07059039539104851,-0.18134429160803842,38.05450550776329,-0.1107538962169899,91,58,-1.1535074266076368,Jun19-Sep19,Jun-Sep
2019-04-23,TWD,2019-06-19,2019-09-18,-0.07000981572373706,-0.1817798724054927,38.13678442783081,-0.11177005668175564,91,57,-1.1615569265012622,Jun19-Sep19,Jun-Sep
2019-04-24,TWD,2019-06-19,2019-09-18,-0.0665451898553909,-0.1746811233704011,37.92963835548817,-0.10813593351501019,91,56,-1.1298350727497057,Jun19-Sep19,Jun-Sep
2019-04-25,TWD,2019-06-19,2019-09-18,-0.06624956960912254,-0.17586249387148895,37.73593020904602,-0.1096129242623664,91,55,-1.151147392734957,Jun19-Sep19,Jun-Sep
2019-04-26,TWD,2019-06-19,2019-09-18,-0.05990094420414216,-0.16084512795556694,37.570204000930765,-0.10094418375142478,91,54,-1.0646131742089244,Jun19-Sep19,Jun-Sep
2019-04-29,TWD,2019-06-19,2019-09-18,-0.05337011026687327,-0.14859913054698048,37.73706470952817,-0.09522902028010721,91,51,-0.9997167053957043,Jun19-Sep19,Jun-Sep
2019-04-30,TWD,2019-06-19,2019-09-18,-0.05354575001123341,-0.15099901503167823,37.96883888846662,-0.09745326502044482,91,50,-1.016817669516787,Jun19-Sep19,Jun-Sep
2019-05-01,TWD,2019-06-19,2019-09-18,-0.05835990668164045,-0.1667425905189727,37.897885843886925,-0.10838268383733224,91,49,-1.13311848051705,Jun19-Sep19,Jun-Sep
2019-05-02,TWD,2019-06-19,2019-09-18,-0.05455687258002759,-0.15798761017966323,37.80527554708062,-0.10343073759963564,91,48,-1.0838907409372571,Jun19-Sep19,Jun-Sep
2019-05-03,TWD,2019-06-19,2019-09-18,-0.053883800417290906,-0.15821200973587543,37.43706118073471,-0.10432820931858452,91,47,-1.1040446822398629,Jun19-Sep19,Jun-Sep
2019-05-06,TWD,2019-06-19,2019-09-18,-0.04967806711712506,-0.15242134229117918,37.255126462066904,-0.10274327517405413,91,44,-1.0924661045924293,Jun19-Sep19,Jun-Sep
2019-05-07,TWD,2019-06-19,2019-09-18,-0.046811278832287896,-0.14587700845410648,37.090463435850275,-0.09906572962181859,91,43,-1.0579636674599207,Jun19-Sep19,Jun-Sep
2019-05-08,TWD,2019-06-19,2019-09-18,-0.04570446374136239,-0.14473080184764756,36.991632725361164,-0.09902633810628517,91,42,-1.0603402452916382,Jun19-Sep19,Jun-Sep
2019-05-09,TWD,2019-06-19,2019-09-18,-0.045879966698821495,-0.1477111122986448,36.94332483221876,-0.10183114559982331,91,41,-1.0918059219425191,Jun19-Sep19,Jun-Sep
2019-05-10,TWD,2019-06-19,2019-09-18,-0.045406936651602586,-0.1487077175339985,37.05079472160642,-0.10330078088239592,91,40,-1.1043322454536753,Jun19-Sep19,Jun-Sep
2019-05-13,TWD,2019-06-19,2019-09-18,-0.043950672017951484,-0.1520455680621024,37.22248919411365,-0.10809489604415091,91,37,-1.150201640983055,Jun19-Sep19,Jun-Sep
2019-05-14,TWD,2019-06-19,2019-09-18,-0.04161840741786918,-0.1468204928352607,37.18174160384014,-0.10520208541739151,91,36,-1.1205780658766633,Jun19-Sep19,Jun-Sep
2019-05-15,TWD,2019-06-19,2019-09-18,-0.03754350184986726,-0.13515660665952214,37.100670200564274,-0.09761310480965488,91,35,-1.04190274191388,Jun19-Sep19,Jun-Sep
2019-05-16,TWD,2019-06-19,2019-09-18,-0.03748900640977439,-0.13782722944769998,37.205757625740524,-0.10033822303792558,91,34,-1.0679604822995432,Jun19-Sep19,Jun-Sep
2019-05-17,TWD,2019-06-19,2019-09-18,-0.03388275761413935,-0.12731702861070543,37.0982319863898,-0.09343427099656608,91,33,-0.9972658113645505,Jun19-Sep19,Jun-Sep
2019-05-20,TWD,2019-06-19,2019-09-18,-0.033749993744544196,-0.1361249747696616,36.90152774335988,-0.1023749810251174,91,30,-1.098520034717239,Jun19-Sep19,Jun-Sep
2019-05-21,TWD,2019-06-19,2019-09-18,-0.032282481097460236,-0.13358268040328372,36.80001441956839,-0.10130019930582349,91,29,-1.0899449601092708,Jun19-Sep19,Jun-Sep
2019-05-22,TWD,2019-06-19,2019-09-18,-0.033914612616808996,-0.14413710362143825,36.794197217749,-0.11022249100462925,91,28,-1.1861851663188538,Jun19-Sep19,Jun-Sep
2019-05-23,TWD,2019-06-19,2019-09-18,-0.033740208890275805,-0.14745720922416836,36.527724263804465,-0.11371700033389255,91,27,-1.2327222240065847,Jun19-Sep19,Jun-Sep
2019-05-24,TWD,2019-06-19,2019-09-18,-0.03423477315370613,-0.1540564791916776,36.548266373319116,-0.11982170603797146,91,26,-1.2981856979393644,Jun19-Sep19,Jun-Sep
2019-05-27,TWD,2019-06-19,2019-09-18,-0.02953900078024485,-0.1464106995194745,36.31670815801928,-0.11687169873922965,91,23,-1.2741406622998224,Jun19-Sep19,Jun-Sep
2019-05-28,TWD,2019-06-19,2019-09-18,-0.028232125532326645,-0.14501046296149595,36.5832993640238,-0.1167783374291693,91,22,-1.2637926035519993,Jun19-Sep19,Jun-Sep
2019-05-29,TWD,2019-06-19,2019-09-18,-0.029665524615016092,-0.15821613128008583,36.75253938464305,-0.12855060666506973,91,21,-1.384836743664169,Jun19-Sep19,Jun-Sep
2019-05-30,TWD,2019-06-19,2019-09-18,-0.02749872741121201,-0.15261793713222666,36.62100992926802,-0.12511920972101465,91,20,-1.3526362383522474,Jun19-Sep19,Jun-Sep
2019-05-31,TWD,2019-06-19,2019-09-18,-0.024775212833474697,-0.14343544272011666,36.51704048173283,-0.11866022988664196,91,19,-1.286368718978691,Jun19-Sep19,Jun-Sep
2019-06-03,TWD,2019-06-19,2019-09-18,-0.01996279786410575,-0.1335012107162072,36.540773664327254,-0.11353841285210146,91,16,-1.229882199452594,Jun19-Sep19,Jun-Sep
2019-06-04,TWD,2019-06-19,2019-09-18,-0.019271377498373977,-0.13618440098850945,36.39051679206597,-0.11691302349013548,91,15,-1.2716448246111698,Jun19-Sep19,Jun-Sep
2019-06-05,TWD,2019-06-19,2019-09-18,-0.018371457508580363,-0.1377859313143527,36.309555378391956,-0.11941447380577234,91,14,-1.3017180932795978,Jun19-Sep19,Jun-Sep
2019-06-06,TWD,2019-06-19,2019-09-18,-0.01676679163052531,-0.13413433304420247,36.13694968691641,-0.11736754141367717,91,13,-1.285461798993031,Jun19-Sep19,Jun-Sep
2019-06-07,TWD,2019-06-19,2019-09-18,-0.015938043763454295,-0.13680154230298272,36.01144736701054,-0.12086349853952842,91,12,-1.3283360116114,Jun19-Sep19,Jun-Sep
2019-06-10,TWD,2019-06-19,2019-09-18,-0.011650308339483249,-0.12944787043870276,35.84737724710756,-0.11779756209921952,91,9,-1.300412670225987,Jun19-Sep19,Jun-Sep
2019-06-11,TWD,2019-06-19,2019-09-18,-0.009940509254876767,-0.1230138020291,36.115371295851446,-0.11307329277422323,91,8,-1.2389352701907559,Jun19-Sep19,Jun-Sep
2019-06-12,TWD,2019-06-19,2019-09-18,-0.008235400295574418,-0.11529560413804184,36.0009366774132,-0.10706020384246742,91,7,-1.1767243283101052,Jun19-Sep19,Jun-Sep
2019-06-13,TWD,2019-06-19,2019-09-18,-0.008048261188125424,-0.11152590503545232,36.006143692440205,-0.1034776438473269,91,6,-1.1371771273557496,Jun19-Sep19,Jun-Sep
2019-06-14,TWD,2019-06-19,2019-09-18,-0.007802189396334758,-0.10700145457830526,36.31330031559374,-0.0991992651819705,91,5,-1.080928987953864,Jun19-Sep19,Jun-Sep
2019-06-17,TWD,2019-06-19,2019-09-18,-0.008275692671922966,-0.10994848835554796,36.37903005020499,-0.101672795683625,91,2,-1.1058941612933295,Jun19-Sep19,Jun-Sep
2019-06-18,TWD,2019-06-19,2019-09-18,-0.008082535632678937,-0.10622761117235176,36.532312784321306,-0.09814507553967282,91,1,-1.0630374145068622,Jun19-Sep19,Jun-Sep
2019-06-19,TWD,2019-09-18,2019-12-18,-0.09607293950788147,-0.19214587901576294,36.49981237925705,-0.09607293950788147,91,91,-1.0440377212032388,Sep19-Dec19,Sep-Dec
2019-06-20,TWD,2019-09-18,2019-12-18,-0.09163338989998261,-0.1842849285766317,36.70631039690945,-0.09265153867664909,91,90,-1.0010563783745847,Sep19-Dec19,Sep-Dec
2019-06-21,TWD,2019-09-18,2019-12-18,-0.0846356666440425,-0.17117325838120956,36.78362569172999,-0.08653759173716706,91,89,-0.9328499681555691,Sep19-Dec19,Sep-Dec
2019-06-24,TWD,2019-09-18,2019-12-18,-0.08169816892654484,-0.16814623139533066,36.90564284944552,-0.08644806246878582,91,86,-0.9287227047739165,Sep19-Dec19,Sep-Dec
2019-06-25,TWD,2019-09-18,2019-12-18,-0.08207356578241395,-0.1699405597377042,37.0542399331955,-0.08786699395529024,91,85,-0.9401821005515701,Sep19-Dec19,Sep-Dec
2019-06-26,TWD,2019-09-18,2019-12-18,-0.07892244873974268,-0.16442176820779725,36.940846797334416,-0.08549931946805457,91,84,-0.9175838538129308,Sep19-Dec19,Sep-Dec
2019-06-27,TWD,2019-09-18,2019-12-18,-0.08174788920489262,-0.17137509303194357,36.88975248056286,-0.08962720382705094,91,83,-0.9632936148904114,Sep19-Dec19,Sep-Dec
2019-06-28,TWD,2019-09-18,2019-12-18,-0.06805031991402893,-0.14356957737959763,36.861042139977066,-0.0755192574655687,91,82,-0.8119956744008472,Sep19-Dec19,Sep-Dec
2019-07-01,TWD,2019-09-18,2019-12-18,-0.06904234318071836,-0.14857213089521673,36.732509568100824,-0.07952978771449837,91,79,-0.8581385226969428,Sep19-Dec19,Sep-Dec
2019-07-02,TWD,2019-09-18,2019-12-18,-0.07181267669302448,-0.15559413283488635,36.64239845459501,-0.08378145614186187,91,78,-0.9063106760484626,Sep19-Dec19,Sep-Dec
2019-07-03,TWD,2019-09-18,2019-12-18,-0.07003480333840349,-0.14458719484270885,36.9720559848626,-0.07455239150430536,91,77,-0.799231392688284,Sep19-Dec19,Sep-Dec
2019-07-04,TWD,2019-09-18,2019-12-18,-0.0695341428730592,-0.14511368817255546,36.85651949600027,-0.07557954529949626,91,76,-0.8127765852855073,Sep19-Dec19,Sep-Dec
2019-07-05,TWD,2019-09-18,2019-12-18,-0.06831095290625819,-0.14400110987440087,36.99668172746002,-0.07569015696814269,91,75,-0.8108497118215119,Sep19-Dec19,Sep-Dec
2019-07-08,TWD,2019-09-18,2019-12-18,-0.06175162614389895,-0.13420454975805227,36.61704353416041,-0.07245292361415331,91,72,-0.7840915380533896,Sep19-Dec19,Sep-Dec
2019-07-09,TWD,2019-09-18,2019-12-18,-0.061355551276307485,-0.13490897923540376,36.61471582460064,-0.07355342795909628,91,71,-0.7960433512764117,Sep19-Dec19,Sep-Dec
2019-07-10,TWD,2019-09-18,2019-12-18,-0.056970558603521085,-0.12643547697016155,36.77446254349532,-0.06946491836664047,91,70,-0.7484342083454183,Sep19-Dec19,Sep-Dec
2019-07-11,TWD,2019-09-18,2019-12-18,-0.05504886514244473,-0.1235530234260037,36.868670399596034,-0.06850415828355896,91,69,-0.7361553958713786,Sep19-Dec19,Sep-Dec
2019-07-12,TWD,2019-09-18,2019-12-18,-0.06075562768300817,-0.1384817791397034,36.814359342625785,-0.07772615145669522,91,68,-0.8366201967068655,Sep19-Dec19,Sep-Dec
2019-07-15,TWD,2019-09-18,2019-12-18,-0.05329791938923406,-0.12587393086655443,36.73936201693173,-0.07257601147732037,91,65,-0.7826238617345818,Sep19-Dec19,Sep-Dec
2019-07-16,TWD,2019-09-18,2019-12-18,-0.05802702925963455,-0.13900928033295798,36.59834772526668,-0.08098225107332344,91,64,-0.87675570110819,Sep19-Dec19,Sep-Dec
2019-07-17,TWD,2019-09-18,2019-12-18,-0.06602373263901443,-0.16038348463489618,36.28302537700571,-0.09435975199588176,91,63,-1.0307074291865992,Sep19-Dec19,Sep-Dec
2019-07-18,TWD,2019-09-18,2019-12-18,-0.06797290910535506,-0.16723635126613448,36.233784718822726,-0.09926344216077942,91,62,-1.0858059608404549,Sep19-Dec19,Sep-Dec
2019-07-19,TWD,2019-09-18,2019-12-18,-0.06545249497978856,-0.16309474158898135,36.18738388614781,-0.0976422466091928,91,61,-1.0693697836082066,Sep19-Dec19,Sep-Dec
2019-07-22,TWD,2019-09-18,2019-12-18,-0.060090148616837855,-0.15436951972256618,36.32270791693041,-0.09427937110572833,91,58,-1.0285339536858789,Sep19-Dec19,Sep-Dec
2019-07-23,TWD,2019-09-18,2019-12-18,-0.0625361510707419,-0.16237456769245265,36.55538359239692,-0.09983841662171075,91,57,-1.082308431240758,Sep19-Dec19,Sep-Dec
2019-07-24,TWD,2019-09-18,2019-12-18,-0.06004462057551925,-0.15761712901073802,36.78127131550445,-0.09757250843521877,91,56,-1.0511662245872142,Sep19-Dec19,Sep-Dec
2019-07-25,TWD,2019-09-18,2019-12-18,-0.058321160430183205,-0.15481617132375905,36.70148535151781,-0.09649501089357584,91,55,-1.04177276460962,Sep19-Dec19,Sep-Dec
2019-07-26,TWD,2019-09-18,2019-12-18,-0.054629906219246724,-0.1466914148479773,36.6508194401611,-0.09206150862873057,91,54,-0.9951838686844501,Sep19-Dec19,Sep-Dec
2019-07-29,TWD,2019-09-18,2019-12-18,-0.05290492743925301,-0.14730391561517506,36.75755030716356,-0.09439898817592204,91,51,-1.0174367379566829,Sep19-Dec19,Sep-Dec
2019-07-30,TWD,2019-09-18,2019-12-18,-0.05139670638537829,-0.14493871200676678,36.662421190351786,-0.09354200562138848,91,50,-1.0107782865699453,Sep19-Dec19,Sep-Dec
2019-07-31,TWD,2019-09-18,2019-12-18,-0.056612295603186,-0.16174941600910286,36.61257229944572,-0.10513712040591686,91,49,-1.137781827351716,Sep19-Dec19,Sep-Dec
2019-08-01,TWD,2019-09-18,2019-12-18,-0.05456318736837158,-0.1580058967542427,36.525983561880814,-0.10344270938587112,91,48,-1.1220399454164145,Sep19-Dec19,Sep-Dec
2019-08-02,TWD,2019-09-18,2019-12-18,-0.05339173136583264,-0.14872731974517284,36.179511746340786,-0.0953355883793402,91,47,-1.0439863955709232,Sep19-Dec19,Sep-Dec
2019-08-05,TWD,2019-09-18,2019-12-18,-0.048842945685920625,-0.14335279788968017,36.034560057065896,-0.09450985220375954,91,44,-1.0389820173378397,Sep19-Dec19,Sep-Dec
2019-08-06,TWD,2019-09-18,2019-12-18,-0.04978370328325554,-0.14912688627306325,36.0781577043521,-0.09934318298980771,91,43,-1.0908235787420208,Sep19-Dec19,Sep-Dec
2019-08-07,TWD,2019-09-18,2019-12-18,-0.04681152731846187,-0.14269733741697224,36.25635768975477,-0.09588581009851038,91,42,-1.0475924713579992,Sep19-Dec19,Sep-Dec
2019-08-08,TWD,2019-09-18,2019-12-18,-0.047809445354249906,-0.14887692522813822,36.33240334957826,-0.10106747987388831,91,41,-1.1019205395079577,Sep19-Dec19,Sep-Dec
2019-08-09,TWD,2019-09-18,2019-12-18,-0.0483000883247791,-0.15360457216851692,36.625736761076986,-0.10530448384373782,91,40,-1.1389238961205903,Sep19-Dec19,Sep-Dec
2019-08-12,TWD,2019-09-18,2019-12-18,-0.04816705878864755,-0.16359353443398306,36.46143272092294,-0.11542647564533551,91,37,-1.2540270778817761,Sep19-Dec19,Sep-Dec
2019-08-13,TWD,2019-09-18,2019-12-18,-0.04664246173144826,-0.16199686654308537,36.682177737142226,-0.11535440481163711,91,36,-1.2456405850971957,Sep19-Dec19,Sep-Dec
2019-08-14,TWD,2019-09-18,2019-12-18,-0.04492233339273419,-0.1596827102451397,36.678419436660626,-0.1147603768524055,91,35,-1.2392949926688903,Sep19-Dec19,Sep-Dec
2019-08-15,TWD,2019-09-18,2019-12-18,-0.04192530367636965,-0.15262138659915436,36.37822247644025,-0.11069608292278471,91,34,-1.2051821563499263,Sep19-Dec19,Sep-Dec
2019-08-16,TWD,2019-09-18,2019-12-18,-0.04071711666142261,-0.15199453327421297,36.11221960077294,-0.11127741661279036,91,33,-1.2204048102213867,Sep19-Dec19,Sep-Dec
2019-08-19,TWD,2019-09-18,2019-12-18,-0.035410398107315236,-0.14282193903283813,35.99845722911986,-0.1074115409255229,91,30,-1.1815594470748136,Sep19-Dec19,Sep-Dec
2019-08-20,TWD,2019-09-18,2019-12-18,-0.03631529325706764,-0.1502701789947627,35.84519925535195,-0.11395488573769505,91,29,-1.258934898561698,Sep19-Dec19,Sep-Dec
2019-08-21,TWD,2019-09-18,2019-12-18,-0.03341552029031365,-0.14201596123383303,35.866071089686265,-0.10860044094351938,91,28,-1.1989848678289294,Sep19-Dec19,Sep-Dec
2019-08-22,TWD,2019-09-18,2019-12-18,-0.034565414797815774,-0.1510636646719356,35.9438687978427,-0.11649824987411983,91,27,-1.2834339680391071,Sep19-Dec19,Sep-Dec
2019-08-23,TWD,2019-09-18,2019-12-18,-0.028802797286287745,-0.12961258778829488,36.00314823369433,-0.10080979050200713,91,26,-1.1085899064667897,Sep19-Dec19,Sep-Dec
2019-08-26,TWD,2019-09-18,2019-12-18,-0.02388504325532656,-0.11838673613509687,36.07720271271224,-0.09450169287977031,91,23,-1.036944378823789,Sep19-Dec19,Sep-Dec
2019-08-27,TWD,2019-09-18,2019-12-18,-0.02289184609535712,-0.11758084585342522,36.24421655763043,-0.0946889997580681,91,22,-1.0341804121743439,Sep19-Dec19,Sep-Dec
2019-08-28,TWD,2019-09-18,2019-12-18,-0.023719612069173418,-0.12650459770225822,36.263157129112145,-0.1027849856330848,91,21,-1.1220425841174084,Sep19-Dec19,Sep-Dec
2019-08-29,TWD,2019-09-18,2019-12-18,-0.022975354127478795,-0.12751321540750732,36.35523549999119,-0.10453786128002852,91,20,-1.1382621742613488,Sep19-Dec19,Sep-Dec
2019-08-30,TWD,2019-09-18,2019-12-18,-0.022663493143416407,-0.131209697146095,36.30497429510739,-0.1085462040026786,91,19,-1.1835341928471241,Sep19-Dec19,Sep-Dec
2019-09-02,TWD,2019-09-18,2019-12-18,-0.018576154677432594,-0.11642072056382054,36.30400936302117,-0.09784456588638794,91,16,-1.0667570131630653,Sep19-Dec19,Sep-Dec
2019-09-03,TWD,2019-09-18,2019-12-18,-0.01676657642028284,-0.11117131475308285,36.26996007323614,-0.09440473833280001,91,15,-1.030169368489459,Sep19-Dec19,Sep-Dec
2019-09-04,TWD,2019-09-18,2019-12-18,-0.017138093089143745,-0.12170653951451896,36.292100275856924,-0.10456844642537522,91,14,-1.1403936643399848,Sep19-Dec19,Sep-Dec
2019-09-05,TWD,2019-09-18,2019-12-18,-0.016458330635438057,-0.12531292059876417,36.362853974205876,-0.10885458996332611,91,13,-1.1848039814870734,Sep19-Dec19,Sep-Dec
2019-09-06,TWD,2019-09-18,2019-12-18,-0.015295125810681686,-0.12542527956137486,36.318878611253,-0.11013015375069318,91,12,-1.2001011671432775,Sep19-Dec19,Sep-Dec
2019-09-09,TWD,2019-09-18,2019-12-18,-0.01091034445564493,-0.11685023947269257,36.17336295164608,-0.10593989501704765,91,9,-1.1589448479575144,Sep19-Dec19,Sep-Dec
2019-09-10,TWD,2019-09-18,2019-12-18,-0.010321907023779069,-0.12385366825040428,36.08335987041381,-0.11353176122662521,91,8,-1.2450757218603075,Sep19-Dec19,Sep-Dec
2019-09-11,TWD,2019-09-18,2019-12-18,-0.009502482827503683,-0.1296659893309459,35.805215272209004,-0.12016350650344221,91,7,-1.328014101680337,Sep19-Dec19,Sep-Dec
2019-09-12,TWD,2019-09-18,2019-12-18,-0.008364922176693402,-0.11302120483324603,35.86968780015264,-0.10465628265655262,91,6,-1.1545164016237013,Sep19-Dec19,Sep-Dec
2019-09-13,TWD,2019-09-18,2019-12-18,-0.008719735786231657,-0.11716416629300001,36.021230691045176,-0.10844443050676836,91,5,-1.1912830360702447,Sep19-Dec19,Sep-Dec
2019-09-16,TWD,2019-09-18,2019-12-18,-0.008577706406284163,-0.11298715676714258,36.22535157382279,-0.10440945036085841,91,2,-1.1404891461785964,Sep19-Dec19,Sep-Dec
2019-09-17,TWD,2019-09-18,2019-12-18,-0.008966558743173442,-0.11735629206351389,36.44919694222052,-0.10838973332034045,91,1,-1.1767064721784988,Sep19-Dec19,Sep-Dec
2019-09-18,TWD,2019-12-18,2020-03-18,-0.11312208117042388,-0.21106713186762727,36.42487313572921,-0.09794505069720338,91,91,-1.0670786028823591,Dec19-Mar20,Dec-Mar
2019-09-19,TWD,2019-12-18,2020-03-18,-0.1087705474464191,-0.2035911758483696,36.38035363862918,-0.0948206284019505,91,90,-1.034183076472884,Dec19-Mar20,Dec-Mar
2019-09-20,TWD,2019-12-18,2020-03-18,-0.10919167707509031,-0.20566262136786662,36.41874800295174,-0.0964709442927763,91,89,-1.0510822348751936,Dec19-Mar20,Dec-Mar
2019-09-23,TWD,2019-12-18,2020-03-18,-0.09397396959078466,-0.1782432354030206,36.4039359881613,-0.08426926581223593,91,86,-0.918130730972049,Dec19-Mar20,Dec-Mar
2019-09-24,TWD,2019-12-18,2020-03-18,-0.09160000373602328,-0.17448561797400503,36.43265307528478,-0.08288561423798174,91,85,-0.9022829707316792,Dec19-Mar20,Dec-Mar
2019-09-25,TWD,2019-12-18,2020-03-18,-0.09042440580622783,-0.17320941573280527,36.41943127240651,-0.08278500992657743,91,84,-0.9014866257524451,Dec19-Mar20,Dec-Mar
2019-09-26,TWD,2019-12-18,2020-03-18,-0.08590571638473482,-0.1648832606604784,36.499778779493504,-0.07897754427574358,91,83,-0.8580208871321372,Dec19-Mar20,Dec-Mar
2019-09-27,TWD,2019-12-18,2020-03-18,-0.08614399684729504,-0.16655228945816705,36.457279580849054,-0.08040829261087201,91,82,-0.8745911693198777,Dec19-Mar20,Dec-Mar
2019-09-30,TWD,2019-12-18,2020-03-18,-0.08377843337209392,-0.16503474745195482,36.59509745473015,-0.08125631407986089,91,79,-0.8804216303935554,Dec19-Mar20,Dec-Mar
2019-10-01,TWD,2019-12-18,2020-03-18,-0.07867064700055168,-0.15520057064372653,36.60599485792507,-0.07652992364317485,91,78,-0.8288473038343961,Dec19-Mar20,Dec-Mar
2019-10-02,TWD,2019-12-18,2020-03-18,-0.07267134076163516,-0.1610417226558308,36.46236124652676,-0.08837038189419565,91,77,-0.9607037490320689,Dec19-Mar20,Dec-Mar
2019-10-03,TWD,2019-12-18,2020-03-18,-0.07284781514088329,-0.16158176363806137,36.68125054885075,-0.08873394849717808,91,76,-0.9588929711072777,Dec19-Mar20,Dec-Mar
2019-10-04,TWD,2019-12-18,2020-03-18,-0.06842929856695522,-0.1519601939110708,36.730684426127425,-0.08353089534411558,91,75,-0.9013408818395949,Dec19-Mar20,Dec-Mar
2019-10-07,TWD,2019-12-18,2020-03-18,-0.06123920238517092,-0.1360311271501421,36.83355870852709,-0.07479192476497118,91,72,-0.8046273553070759,Dec19-Mar20,Dec-Mar
2019-10-08,TWD,2019-12-18,2020-03-18,-0.05605572702446806,-0.12422273258457202,36.87723733541817,-0.06816700556010397,91,71,-0.7323819023943935,Dec19-Mar20,Dec-Mar
2019-10-09,TWD,2019-12-18,2020-03-18,-0.053423611619700655,-0.11813259106691325,36.710056710179984,-0.0647089794472126,91,70,-0.6983499176141242,Dec19-Mar20,Dec-Mar
2019-10-10,TWD,2019-12-18,2020-03-18,-0.04579484061535301,-0.10033069797706341,36.85272954280454,-0.054535857361710405,91,69,-0.5861565236255599,Dec19-Mar20,Dec-Mar
2019-10-11,TWD,2019-12-18,2020-03-18,-0.04307227381056855,-0.09375609062309981,36.743873670649485,-0.05068381681253126,91,68,-0.5463297790215255,Dec19-Mar20,Dec-Mar
2019-10-14,TWD,2019-12-18,2020-03-18,-0.05220327946211455,-0.11484843061568911,36.845082682538276,-0.06264515115357455,91,65,-0.6735731902946341,Dec19-Mar20,Dec-Mar
2019-10-15,TWD,2019-12-18,2020-03-18,-0.05061199250400269,-0.11088022536933849,37.040383397084675,-0.0602682328653358,91,64,-0.6445667797201616,Dec19-Mar20,Dec-Mar
2019-10-16,TWD,2019-12-18,2020-03-18,-0.0454262835451302,-0.09810692310381645,37.08826090359812,-0.05268063955868625,91,63,-0.5626106313522617,Dec19-Mar20,Dec-Mar
2019-10-17,TWD,2019-12-18,2020-03-18,-0.04120841245734962,-0.08746764574441351,37.197598727065866,-0.04625923328706389,91,62,-0.4925224401697536,Dec19-Mar20,Dec-Mar
2019-10-18,TWD,2019-12-18,2020-03-18,-0.03577718639584497,-0.07362248463868895,37.26534173934726,-0.03784529824284398,91,61,-0.4021472321153067,Dec19-Mar20,Dec-Mar
2019-10-21,TWD,2019-12-18,2020-03-18,-0.04074454532275498,-0.08909619749725492,37.380322686194766,-0.04835165217449994,91,58,-0.512274832425862,Dec19-Mar20,Dec-Mar
2019-10-22,TWD,2019-12-18,2020-03-18,-0.03984931784428499,-0.08792841030254454,37.29598541933219,-0.04807909245825955,91,57,-0.5105279909152558,Dec19-Mar20,Dec-Mar
2019-10-23,TWD,2019-12-18,2020-03-18,-0.04368047742080265,-0.09915958938046517,37.20399323794027,-0.055479111959662514,91,56,-0.5906242150574454,Dec19-Mar20,Dec-Mar
2019-10-24,TWD,2019-12-18,2020-03-18,-0.039397246632115426,-0.08915052530461928,37.035015994245434,-0.049753278672503856,91,55,-0.5320255858632633,Dec19-Mar20,Dec-Mar
2019-10-25,TWD,2019-12-18,2020-03-18,-0.043705629877380206,-0.1019678300182027,36.93571161054152,-0.05826220014082249,91,54,-0.6247636001515878,Dec19-Mar20,Dec-Mar
2019-10-28,TWD,2019-12-18,2020-03-18,-0.04226024757385857,-0.10231944085189247,36.83123162547766,-0.0600591932780339,91,51,-0.6458370529901613,Dec19-Mar20,Dec-Mar
2019-10-29,TWD,2019-12-18,2020-03-18,-0.0387993353856377,-0.09407773351759957,36.80734144775694,-0.05527839813196187,91,50,-0.5947578018225412,Dec19-Mar20,Dec-Mar
2019-10-30,TWD,2019-12-18,2020-03-18,-0.0392361804167014,-0.09678260427186078,36.76984403348656,-0.05754642385515938,91,49,-0.6197996591692829,Dec19-Mar20,Dec-Mar
2019-10-31,TWD,2019-12-18,2020-03-18,-0.04076245910877745,-0.10262127155368393,37.008039077161854,-0.06185881244490648,91,48,-0.6619805500663866,Dec19-Mar20,Dec-Mar
2019-11-01,TWD,2019-12-18,2020-03-18,-0.03136524452263942,-0.10150363994080382,37.01314913628727,-0.0701383954181644,91,47,-0.7502898618755512,Dec19-Mar20,Dec-Mar
2019-11-04,TWD,2019-12-18,2020-03-18,-0.02900664416816797,-0.09489252369491206,36.687132210237735,-0.0658858795267441,91,44,-0.7110222671386276,Dec19-Mar20,Dec-Mar
2019-11-05,TWD,2019-12-18,2020-03-18,-0.026260700513341458,-0.08647221180072555,36.26704194394182,-0.06021151128738409,91,43,-0.6572689029873451,Dec19-Mar20,Dec-Mar
2019-11-06,TWD,2019-12-18,2020-03-18,-0.02569085231949663,-0.08477019034842154,36.30533649273683,-0.059079338028924906,91,42,-0.6442192419763476,Dec19-Mar20,Dec-Mar
2019-11-07,TWD,2019-12-18,2020-03-18,-0.022504443286681837,-0.07460858434193825,36.322591418803434,-0.05210414105525641,91,41,-0.567839609986392,Dec19-Mar20,Dec-Mar
2019-11-08,TWD,2019-12-18,2020-03-18,-0.025385809951757404,-0.08399062380063713,36.22626166982529,-0.05860481384887972,91,40,-0.6404353875838963,Dec19-Mar20,Dec-Mar
2019-11-11,TWD,2019-12-18,2020-03-18,-0.027480459523543714,-0.09177555315650417,36.104260579230356,-0.06429509363296046,91,37,-0.7050358034335654,Dec19-Mar20,Dec-Mar
2019-11-12,TWD,2019-12-18,2020-03-18,-0.025408993218704302,-0.08485590251276035,36.176400663039395,-0.05944690929405604,91,36,-0.6505342602110583,Dec19-Mar20,Dec-Mar
2019-11-13,TWD,2019-12-18,2020-03-18,-0.023496774613256232,-0.07830611319628551,35.95394543160819,-0.05480933858302928,91,35,-0.6034663098868378,Dec19-Mar20,Dec-Mar
2019-11-14,TWD,2019-12-18,2020-03-18,-0.02490801488976964,-0.08373216678414853,35.80442125934203,-0.058824151894378895,91,34,-0.6504027290176928,Dec19-Mar20,Dec-Mar
2019-11-15,TWD,2019-12-18,2020-03-18,-0.02726975250513665,-0.09294696315137951,35.90851733044809,-0.06567721064624286,91,33,-0.7241162160331833,Dec19-Mar20,Dec-Mar
2019-11-18,TWD,2019-12-18,2020-03-18,-0.025975602922273862,-0.08978422743221506,35.961690450294824,-0.06380862450994121,91,30,-0.7024480364677552,Dec19-Mar20,Dec-Mar
2019-11-19,TWD,2019-12-18,2020-03-18,-0.025283518381194973,-0.08966147411472401,35.90395501377111,-0.06437795573352904,91,29,-0.7098423995850356,Dec19-Mar20,Dec-Mar
2019-11-20,TWD,2019-12-18,2020-03-18,-0.026568256644957707,-0.09809404059199828,35.57052035777275,-0.07152578394704057,91,28,-0.7960823953395153,Dec19-Mar20,Dec-Mar
2019-11-21,TWD,2019-12-18,2020-03-18,-0.023048824067513646,-0.08595106017458343,35.47401024469851,-0.06290223610706978,91,27,-0.7019386809301391,Dec19-Mar20,Dec-Mar
2019-11-22,TWD,2019-12-18,2020-03-18,-0.021330044184570657,-0.08121108966975796,35.45786198594396,-0.0598810454851873,91,26,-0.6684967040866188,Dec19-Mar20,Dec-Mar
2019-11-25,TWD,2019-12-18,2020-03-18,-0.019342853108511925,-0.08116134568854969,35.308622977431284,-0.06181849258003776,91,23,-0.6930055616930607,Dec19-Mar20,Dec-Mar
2019-11-26,TWD,2019-12-18,2020-03-18,-0.017736140193034183,-0.07632615131656137,35.455474128928685,-0.058590011123527186,91,22,-0.6540616657402218,Dec19-Mar20,Dec-Mar
2019-11-27,TWD,2019-12-18,2020-03-18,-0.018695351464030084,-0.0847550592875708,35.88835644941515,-0.0660597078235407,91,21,-0.7285686562794798,Dec19-Mar20,Dec-Mar
2019-11-28,TWD,2019-12-18,2020-03-18,-0.018818444570637846,-0.08936048245406632,36.19652379113688,-0.07054203788342847,91,20,-0.7713795000053857,Dec19-Mar20,Dec-Mar
2019-11-29,TWD,2019-12-18,2020-03-18,-0.018514597307875146,-0.09207107786337496,36.284870458375835,-0.0735564805554998,91,19,-0.8023763717650518,Dec19-Mar20,Dec-Mar
2019-12-02,TWD,2019-12-18,2020-03-18,-0.013779317269971654,-0.08966470832893368,36.34433337053987,-0.07588539105896203,91,16,-0.8263180963622355,Dec19-Mar20,Dec-Mar
2019-12-03,TWD,2019-12-18,2020-03-18,-0.014040797022213261,-0.09076295774080338,36.35967567547848,-0.07672216071859012,91,15,-0.8350830607867781,Dec19-Mar20,Dec-Mar
2019-12-04,TWD,2019-12-18,2020-03-18,-0.013284598620235974,-0.08449897044871535,36.32524608733066,-0.07121437182847938,91,14,-0.7758522913809035,Dec19-Mar20,Dec-Mar
2019-12-05,TWD,2019-12-18,2020-03-18,-0.011279015399380195,-0.07508028698857835,36.36440689551169,-0.06380127158919816,91,13,-0.6943023876535681,Dec19-Mar20,Dec-Mar
2019-12-06,TWD,2019-12-18,2020-03-18,-0.010142421878119982,-0.0718715503970855,36.44216973626641,-0.06172912851896552,91,12,-0.6702979872131877,Dec19-Mar20,Dec-Mar
2019-12-09,TWD,2019-12-18,2020-03-18,-0.007423439425524165,-0.0673061061845898,36.42372983762886,-0.059882666759065645,91,9,-0.6505285278346826,Dec19-Mar20,Dec-Mar
2019-12-10,TWD,2019-12-18,2020-03-18,-0.006110791173351629,-0.06052867454906026,36.221678930798745,-0.05441788337570863,91,8,-0.5944392140949136,Dec19-Mar20,Dec-Mar
2019-12-11,TWD,2019-12-18,2020-03-18,-0.005696845487354595,-0.06472534617475892,36.07317755569298,-0.059028500687404326,91,7,-0.6474512186061012,Dec19-Mar20,Dec-Mar
2019-12-12,TWD,2019-12-18,2020-03-18,-0.004747051528046078,-0.050799317053962234,35.95500988893734,-0.04605226552591615,91,6,-0.5067689978231635,Dec19-Mar20,Dec-Mar
2019-12-13,TWD,2019-12-18,2020-03-18,-0.004815887357216226,-0.05115027201868006,35.750839598399075,-0.046334384661463834,91,5,-0.5127867196607474,Dec19-Mar20,Dec-Mar
2019-12-16,TWD,2019-12-18,2020-03-18,-0.0040917062139810825,-0.039464328635072946,35.752586555907435,-0.03537262242109186,91,2,-0.3914448698518148,Dec19-Mar20,Dec-Mar
2019-12-17,TWD,2019-12-18,2020-03-18,-0.003952129206392072,-0.03701167350927365,35.833430545081725,-0.03305954430288158,91,1,-0.3650206930477124,Dec19-Mar20,Dec-Mar
2019-12-18,TWD,2020-03-18,2020-06-17,-0.04274926198223102,-0.10044186832803516,35.8640264725755,-0.057692606345804136,91,91,-0.6371478194396739,Mar20-Jun20,Mar-Jun
2019-12-19,TWD,2020-03-18,2020-06-17,-0.04362360939154031,-0.10287780795795778,35.9506659256459,-0.059254198566417476,91,90,-0.6528307512613057,Mar20-Jun20,Mar-Jun
2019-12-20,TWD,2020-03-18,2020-06-17,-0.045392784964289036,-0.10705441220538243,35.79274002743761,-0.0616616272410934,91,89,-0.6823893983302455,Mar20-Jun20,Mar-Jun
2019-12-23,TWD,2020-03-18,2020-06-17,-0.04587355600571573,-0.11023710876605719,35.88849074819958,-0.06436355276034146,91,86,-0.7103974648997579,Mar20-Jun20,Mar-Jun
2019-12-24,TWD,2020-03-18,2020-06-17,-0.05605147674890726,-0.13211247021993372,35.986814792616016,-0.07606099347102646,91,85,-0.8374457031891139,Mar20-Jun20,Mar-Jun
2019-12-25,TWD,2020-03-18,2020-06-17,-0.06193658168486374,-0.14531547241267764,36.06851572256086,-0.0833788907278139,91,84,-0.9160841285001587,Mar20-Jun20,Mar-Jun
2019-12-26,TWD,2020-03-18,2020-06-17,-0.062497910355687324,-0.14745532003681833,35.9777185362549,-0.084957409681131,91,83,-0.9358017053299891,Mar20-Jun20,Mar-Jun
2019-12-27,TWD,2020-03-18,2020-06-17,-0.0523827669209578,-0.12715100547694227,35.97794562945674,-0.07476823855598447,91,82,-0.8233313960180058,Mar20-Jun20,Mar-Jun
2019-12-30,TWD,2020-03-18,2020-06-17,-0.049715978767078534,-0.12430255303389211,36.08400789294404,-0.07458657426681357,91,79,-0.8188526835299645,Mar20-Jun20,Mar-Jun
2019-12-31,TWD,2020-03-18,2020-06-17,-0.0512662771883279,-0.12859482767036498,36.03681002534649,-0.07732855048203707,91,78,-0.8501056616096061,Mar20-Jun20,Mar-Jun
2020-01-01,TWD,2020-03-18,2020-06-17,-0.06509695689461883,-0.14202972413371381,36.0486458587425,-0.07693276723909498,91,77,-0.8458015347183138,Mar20-Jun20,Mar-Jun
2020-01-02,TWD,2020-03-18,2020-06-17,-0.06361813834973955,-0.13979248821587506,36.2114170309032,-0.07617434986613551,91,76,-0.8336581635004624,Mar20-Jun20,Mar-Jun
2020-01-03,TWD,2020-03-18,2020-06-17,-0.06467763141823721,-0.14315315753903168,36.125139314135744,-0.07847552612079448,91,75,-0.8609225071467722,Mar20-Jun20,Mar-Jun
2020-01-06,TWD,2020-03-18,2020-06-17,-0.05851973911939884,-0.13248218717308347,36.1438141023,-0.07396244805368463,91,72,-0.8108530102377334,Mar20-Jun20,Mar-Jun
2020-01-07,TWD,2020-03-18,2020-06-17,-0.05821285499176954,-0.1328236973051643,36.15133118657806,-0.07461084231339477,91,71,-0.8177840691889929,Mar20-Jun20,Mar-Jun
2020-01-08,TWD,2020-03-18,2020-06-17,-0.060097776157052904,-0.13822488516122167,36.112301185029146,-0.07812710900416876,91,70,-0.8572964982858234,Mar20-Jun20,Mar-Jun
2020-01-09,TWD,2020-03-18,2020-06-17,-0.06240756119251135,-0.14471318537393935,36.116758297105726,-0.082305624181428,91,69,-0.9030939690921906,Mar20-Jun20,Mar-Jun
2020-01-10,TWD,2020-03-18,2020-06-17,-0.05458750580092127,-0.1276384326815659,36.07633074966193,-0.07305092688064464,91,68,-0.8022728822787086,Mar20-Jun20,Mar-Jun
2020-01-13,TWD,2020-03-18,2020-06-17,-0.057271371106956626,-0.13745129065669592,35.88361610770364,-0.0801799195497393,91,65,-0.8853688213602002,Mar20-Jun20,Mar-Jun
2020-01-14,TWD,2020-03-18,2020-06-17,-0.05694007289918088,-0.13790173905270367,35.887396401884544,-0.0809616661535228,91,64,-0.8938984955064049,Mar20-Jun20,Mar-Jun
2020-01-15,TWD,2020-03-18,2020-06-17,-0.05882208564518887,-0.14378732046601722,35.921240859787524,-0.08496523482082835,91,63,-0.9372658486971512,Mar20-Jun20,Mar-Jun
2020-01-16,TWD,2020-03-18,2020-06-17,-0.05248877259997454,-0.12952874528703393,35.97283734178715,-0.0770399726870594,91,62,-0.8484703808912084,Mar20-Jun20,Mar-Jun
2020-01-17,TWD,2020-03-18,2020-06-17,-0.06274151242905815,-0.1563395063806039,36.05665241228071,-0.09359799395154575,91,61,-1.02872338407488,Mar20-Jun20,Mar-Jun
2020-01-20,TWD,2020-03-18,2020-06-17,-0.059518269413865385,-0.15290038177010248,36.247913875793,-0.0933821123562371,91,58,-1.0208348145845876,Mar20-Jun20,Mar-Jun
2020-01-21,TWD,2020-03-18,2020-06-17,-0.053210515737395075,-0.1381606373532363,36.115815453205954,-0.08495012161584123,91,57,-0.9318972264102041,Mar20-Jun20,Mar-Jun
2020-01-22,TWD,2020-03-18,2020-06-17,-0.04830292412359738,-0.12679517582444313,35.91717412078338,-0.07849225170084576,91,56,-0.8657055200731114,Mar20-Jun20,Mar-Jun
2020-01-23,TWD,2020-03-18,2020-06-17,-0.05043055816954564,-0.13387020895915752,35.75446855243149,-0.08343965078961188,91,55,-0.9245198715443023,Mar20-Jun20,Mar-Jun
2020-01-24,TWD,2020-03-18,2020-06-17,-0.05200328646316878,-0.13963845439184208,35.9486730590315,-0.0876351679286733,91,54,-0.9657959320952404,Mar20-Jun20,Mar-Jun
2020-01-27,TWD,2020-03-18,2020-06-17,-0.051032332696097055,-0.14209002436952511,35.79598436279157,-0.09105769167342806,91,51,-1.0077737144329664,Mar20-Jun20,Mar-Jun
2020-01-28,TWD,2020-03-18,2020-06-17,-0.04802216387976932,-0.13542250214094947,35.512458012432084,-0.08740033826118015,91,50,-0.9749473568700099,Mar20-Jun20,Mar-Jun
2020-01-29,TWD,2020-03-18,2020-06-17,-0.051534869977051034,-0.14724248564871723,35.58336805062816,-0.09570761567166619,91,49,-1.065589643518423,Mar20-Jun20,Mar-Jun
2020-01-30,TWD,2020-03-18,2020-06-17,-0.05078224732354474,-0.14705692454109828,35.42147003632913,-0.09627467721755353,91,48,-1.0767866805376658,Mar20-Jun20,Mar-Jun
2020-01-31,TWD,2020-03-18,2020-06-17,-0.04679470065877729,-0.13739720618960138,35.54742042532648,-0.09060250553082409,91,47,-1.0096371179130996,Mar20-Jun20,Mar-Jun
2020-02-03,TWD,2020-03-18,2020-06-17,-0.04412720334935099,-0.13539028300369055,35.53217298789987,-0.09126307965433955,91,44,-1.0173587941934148,Mar20-Jun20,Mar-Jun
2020-02-04,TWD,2020-03-18,2020-06-17,-0.046744920483192856,-0.14567021731971724,35.630691295252596,-0.09892529683652439,91,43,-1.0998016311295746,Mar20-Jun20,Mar-Jun
2020-02-05,TWD,2020-03-18,2020-06-17,-0.045023784421844334,-0.1425753173358404,35.69410378644094,-0.09755153291399606,91,42,-1.0825472976171508,Mar20-Jun20,Mar-Jun
2020-02-06,TWD,2020-03-18,2020-06-17,-0.044923620100596764,-0.1446321427628969,35.98046258473251,-0.09970852266230014,91,41,-1.0976635102995618,Mar20-Jun20,Mar-Jun
2020-02-07,TWD,2020-03-18,2020-06-17,-0.045088554646015806,-0.14766501646570176,35.98788903356079,-0.10257646181968597,91,40,-1.1290077189511354,Mar20-Jun20,Mar-Jun
2020-02-10,TWD,2020-03-18,2020-06-17,-0.04368901667924758,-0.15114038202550512,35.97905001975634,-0.10745136534625754,91,37,-1.1829081789670495,Mar20-Jun20,Mar-Jun
2020-02-11,TWD,2020-03-18,2020-06-17,-0.040666631975869505,-0.14346284058153963,35.861385700543956,-0.10279620860567013,91,36,-1.1352824017303431,Mar20-Jun20,Mar-Jun
2020-02-12,TWD,2020-03-18,2020-06-17,-0.0413329931184128,-0.14879877522628607,35.86136400934444,-0.10746578210787328,91,35,-1.1868760180493139,Mar20-Jun20,Mar-Jun
2020-02-13,TWD,2020-03-18,2020-06-17,-0.03836610129543274,-0.14105184299791448,35.77797841142219,-0.10268574170248174,91,34,-1.136636022542705,Mar20-Jun20,Mar-Jun
2020-02-14,TWD,2020-03-18,2020-06-17,-0.03929391249393611,-0.1476498530075175,35.76714573536298,-0.10835594051358141,91,33,-1.1997946747411385,Mar20-Jun20,Mar-Jun
2020-02-17,TWD,2020-03-18,2020-06-17,-0.03471215795978243,-0.14000570377112248,35.656292640630085,-0.10529354581134005,91,30,-1.1693638796292267,Mar20-Jun20,Mar-Jun
2020-02-18,TWD,2020-03-18,2020-06-17,-0.037928632117967875,-0.1569460639364188,35.6152762268009,-0.11901743181845093,91,29,-1.3234212880996776,Mar20-Jun20,Mar-Jun
2020-02-19,TWD,2020-03-18,2020-06-17,-0.03726771895324919,-0.15838780555130905,35.639100452012336,-0.12112008659805985,91,28,-1.3458756186358454,Mar20-Jun20,Mar-Jun
2020-02-20,TWD,2020-03-18,2020-06-17,-0.034390144379115264,-0.15029766802724448,35.5798842601873,-0.11590752364812922,91,27,-1.2899954545413714,Mar20-Jun20,Mar-Jun
2020-02-21,TWD,2020-03-18,2020-06-17,-0.03345901784552757,-0.15056558030487407,35.33909436214681,-0.1171065624593465,91,26,-1.312194793019477,Mar20-Jun20,Mar-Jun
2020-02-24,TWD,2020-03-18,2020-06-17,-0.02774845184887232,-0.13753580481614974,35.21210414913506,-0.10978735296727743,91,23,-1.2344224742753376,Mar20-Jun20,Mar-Jun
2020-02-25,TWD,2020-03-18,2020-06-17,-0.02835735880760471,-0.14565370660269694,35.326355644810604,-0.11729634779509224,91,22,-1.3146057292002398,Mar20-Jun20,Mar-Jun
2020-02-26,TWD,2020-03-18,2020-06-17,-0.027167112107094552,-0.14489126457117094,35.449875961459156,-0.11772415246407639,91,21,-1.3147552430746199,Mar20-Jun20,Mar-Jun
2020-02-27,TWD,2020-03-18,2020-06-17,-0.025164295280973744,-0.13966183880940425,35.64185623953884,-0.1144975435284305,91,20,-1.271755714333102,Mar20-Jun20,Mar-Jun
2020-02-28,TWD,2020-03-18,2020-06-17,-0.023171196577625758,-0.13414903281783333,35.737163547248954,-0.11097783624020757,91,19,-1.2293030529941111,Mar20-Jun20,Mar-Jun
2020-03-02,TWD,2020-03-18,2020-06-17,-0.020136784910256472,-0.13466474908734016,35.9194178876208,-0.11452796417708369,91,16,-1.2620800377157797,Mar20-Jun20,Mar-Jun
2020-03-03,TWD,2020-03-18,2020-06-17,-0.01834319614765396,-0.12962525277675466,35.81683769265485,-0.11128205662910069,91,15,-1.2297631890264207,Mar20-Jun20,Mar-Jun
2020-03-04,TWD,2020-03-18,2020-06-17,-0.017981642161918412,-0.1348623162143881,35.87109855665021,-0.11688067405246969,91,14,-1.2896649551178943,Mar20-Jun20,Mar-Jun
2020-03-05,TWD,2020-03-18,2020-06-17,-0.016588339948148897,-0.1327067195851912,35.67595292837993,-0.1161183796370423,91,13,-1.2882153657268662,Mar20-Jun20,Mar-Jun
2020-03-06,TWD,2020-03-18,2020-06-17,-0.014346054513797635,-0.12313696791009639,35.737062135094725,-0.10879091339629875,91,12,-1.204784189542374,Mar20-Jun20,Mar-Jun
2020-03-09,TWD,2020-03-18,2020-06-17,-0.009849088555795055,-0.1094343172866117,35.594631286219446,-0.09958522873081664,91,9,-1.1071124168849447,Mar20-Jun20,Mar-Jun
2020-03-10,TWD,2020-03-18,2020-06-17,-0.009566129515822005,-0.11838085275829731,35.57317981674025,-0.1088147232424753,91,8,-1.2104389390739003,Mar20-Jun20,Mar-Jun
2020-03-11,TWD,2020-03-18,2020-06-17,-0.008856082563320768,-0.12398515588649076,35.58285571471731,-0.11512907332316999,91,7,-1.2803049401097313,Mar20-Jun20,Mar-Jun
2020-03-12,TWD,2020-03-18,2020-06-17,-0.008401754128373011,-0.11642430720745459,35.79821952233232,-0.10802255307908157,91,6,-1.1940322551868245,Mar20-Jun20,Mar-Jun
2020-03-13,TWD,2020-03-18,2020-06-17,-0.00775504031867841,-0.10635483865616105,35.90482696973386,-0.09859979833748264,91,5,-1.0866210398640266,Mar20-Jun20,Mar-Jun
2020-03-16,TWD,2020-03-18,2020-06-17,-0.008162640520517708,-0.10844650977259242,35.64884847966318,-0.1002838692520747,91,2,-1.1131306412955009,Mar20-Jun20,Mar-Jun
2020-03-17,TWD,2020-03-18,2020-06-17,-0.008530879237054683,-0.11212012711557584,35.757990745050165,-0.10358924787852115,91,1,-1.1463211458834746,Mar20-Jun20,Mar-Jun
2020-03-18,TWD,2020-06-17,2020-09-16,-0.12020678382349631,-0.24041356764699262,35.83871251741297,-0.12020678382349631,91,91,-1.3313639830492934,Jun20-Sep20,Jun-Sep
2020-03-19,TWD,2020-06-17,2020-09-16,-0.1194432820426525,-0.2402137116635567,36.06504180688025,-0.1207704296209042,91,90,-1.329156135320652,Jun20-Sep20,Jun-Sep
2020-03-20,TWD,2020-06-17,2020-09-16,-0.11302322973230096,-0.22858630732375473,36.018348736434156,-0.11556307759145378,91,89,-1.2732724413323504,Jun20-Sep20,Jun-Sep
2020-03-23,TWD,2020-06-17,2020-09-16,-0.11342320385309415,-0.23344078002322868,36.00339775907913,-0.12001757617013453,91,86,-1.3229176468105646,Jun20-Sep20,Jun-Sep
2020-03-24,TWD,2020-06-17,2020-09-16,-0.11591584406889863,-0.24001398301324892,35.92481552528517,-0.12409813894435029,91,85,-1.3709935152925563,Jun20-Sep20,Jun-Sep
2020-03-25,TWD,2020-06-17,2020-09-16,-0.1097594598568231,-0.22866554136838146,36.19179612133047,-0.11890608151155836,91,84,-1.3036893940161352,Jun20-Sep20,Jun-Sep
2020-03-26,TWD,2020-06-17,2020-09-16,-0.10782766576288802,-0.22604835955111466,36.25548071203701,-0.11822069378822664,91,83,-1.2938219268109183,Jun20-Sep20,Jun-Sep
2020-03-27,TWD,2020-06-17,2020-09-16,-0.11656551506547476,-0.24592480617472115,36.4114587007347,-0.12935929110924638,91,82,-1.4099808453298561,Jun20-Sep20,Jun-Sep
2020-03-30,TWD,2020-06-17,2020-09-16,-0.11682345948381033,-0.25139225458541464,36.5898924579504,-0.1345687951016043,91,79,-1.4595976789235363,Jun20-Sep20,Jun-Sep
2020-03-31,TWD,2020-06-17,2020-09-16,-0.11243409178271174,-0.2436071988625421,36.687541018710505,-0.13117310707983035,91,78,-1.4187971575733624,Jun20-Sep20,Jun-Sep
2020-04-01,TWD,2020-06-17,2020-09-16,-0.1084815567398856,-0.23668703288702314,36.826398970844465,-0.12820547614713754,91,77,-1.3813051903885956,Jun20-Sep20,Jun-Sep
2020-04-02,TWD,2020-06-17,2020-09-16,-0.10973275327962026,-0.24112328681179715,36.68407142531921,-0.1313905335321769,91,76,-1.4211787415276735,Jun20-Sep20,Jun-Sep
2020-04-03,TWD,2020-06-17,2020-09-16,-0.10818390366844782,-0.23944704011949786,36.62539386818436,-0.13126313645105003,91,75,-1.4220219401021088,Jun20-Sep20,Jun-Sep
2020-04-06,TWD,2020-06-17,2020-09-16,-0.10679407062625622,-0.24176990988999672,36.535018830454,-0.13497583926374052,91,72,-1.4658149186565121,Jun20-Sep20,Jun-Sep
2020-04-07,TWD,2020-06-17,2020-09-16,-0.1038887802042407,-0.23704200553643648,36.488851184375015,-0.13315322533219578,91,71,-1.4477409828044656,Jun20-Sep20,Jun-Sep
2020-04-08,TWD,2020-06-17,2020-09-16,-0.09744880593929664,-0.22413225366038228,36.561441629221605,-0.12668344772108564,91,70,-1.3744114368292983,Jun20-Sep20,Jun-Sep
2020-04-09,TWD,2020-06-17,2020-09-16,-0.09750702037702785,-0.22610323565687618,36.72401763812081,-0.12859621527984832,91,69,-1.3889728277350994,Jun20-Sep20,Jun-Sep
2020-04-10,TWD,2020-06-17,2020-09-16,-0.09864264310925275,-0.23064970962310571,36.874500167826625,-0.13200706651385297,91,68,-1.4200233326612453,Jun20-Sep20,Jun-Sep
2020-04-13,TWD,2020-06-17,2020-09-16,-0.09551303747260668,-0.22923128993425604,36.75738734836865,-0.13371825246164937,91,65,-1.4429030004787204,Jun20-Sep20,Jun-Sep
2020-04-14,TWD,2020-06-17,2020-09-16,-0.09923297666972387,-0.24032986537198753,36.53325161043997,-0.14109688870226367,91,64,-1.5320448160769995,Jun20-Sep20,Jun-Sep
2020-04-15,TWD,2020-06-17,2020-09-16,-0.09502764103451211,-0.23228978919547405,36.52506808420388,-0.13726214816096194,91,63,-1.4905695547412268,Jun20-Sep20,Jun-Sep
2020-04-16,TWD,2020-06-17,2020-09-16,-0.09830613820631225,-0.2425941797671899,36.21297433372333,-0.14428804156087766,91,62,-1.5805484676090293,Jun20-Sep20,Jun-Sep
2020-04-17,TWD,2020-06-17,2020-09-16,-0.10311540941940261,-0.25694331527457703,36.21696445070136,-0.15382790585517442,91,61,-1.6850875035048742,Jun20-Sep20,Jun-Sep
2020-04-20,TWD,2020-06-17,2020-09-16,-0.0916861763665908,-0.23553862549348323,36.25270504308391,-0.14385244912689243,91,58,-1.573757127884288,Jun20-Sep20,Jun-Sep
2020-04-21,TWD,2020-06-17,2020-09-16,-0.08929084937150882,-0.23184290714005795,36.21613295017799,-0.14255205776854912,91,57,-1.5610060934285106,Jun20-Sep20,Jun-Sep
2020-04-22,TWD,2020-06-17,2020-09-16,-0.08972130941950318,-0.23551843722619586,36.335352257024354,-0.14579712780669268,91,56,-1.591308610690234,Jun20-Sep20,Jun-Sep
2020-04-23,TWD,2020-06-17,2020-09-16,-0.08788704108513422,-0.23330014542599264,36.412542972293785,-0.1454131043408584,91,55,-1.583664367383622,Jun20-Sep20,Jun-Sep
2020-04-24,TWD,2020-06-17,2020-09-16,-0.08377378938105198,-0.22494813815282474,36.38564531504713,-0.14117434877177276,91,54,-1.5384659405566434,Jun20-Sep20,Jun-Sep
2020-04-27,TWD,2020-06-17,2020-09-16,-0.07748960385537702,-0.21575536759732428,36.18950181958029,-0.13826576374194727,91,51,-1.5146911108458103,Jun20-Sep20,Jun-Sep
2020-04-28,TWD,2020-06-17,2020-09-16,-0.07645590294860498,-0.21560564631506604,36.340890683749144,-0.13914974336646108,91,50,-1.517967961054263,Jun20-Sep20,Jun-Sep
2020-04-29,TWD,2020-06-17,2020-09-16,-0.07469981277220841,-0.21342803649202405,36.36163402534345,-0.13872822371981564,91,49,-1.5124313003807255,Jun20-Sep20,Jun-Sep
2020-04-30,TWD,2020-06-17,2020-09-16,-0.0767319240893922,-0.22220286350886487,35.91399117227678,-0.14547093941947267,91,48,-1.6058410792101425,Jun20-Sep20,Jun-Sep
2020-05-01,TWD,2020-06-17,2020-09-16,-0.07537440436279916,-0.2213120808950273,35.90888468265074,-0.14593767653222814,91,47,-1.6111618948876054,Jun20-Sep20,Jun-Sep
2020-05-04,TWD,2020-06-17,2020-09-16,-0.07349955721696863,-0.2255100050975174,35.91630069032617,-0.15201044788054877,91,44,-1.6777706947626914,Jun20-Sep20,Jun-Sep
2020-05-05,TWD,2020-06-17,2020-09-16,-0.07545853819531845,-0.23514986321331793,35.894448573251466,-0.15969132501799949,91,43,-1.7637177948116356,Jun20-Sep20,Jun-Sep
2020-05-06,TWD,2020-06-17,2020-09-16,-0.07275696687672542,-0.23039706177629715,36.137901513903884,-0.15764009489957173,91,42,-1.729179662220538,Jun20-Sep20,Jun-Sep
2020-05-07,TWD,2020-06-17,2020-09-16,-0.06915448378924212,-0.22264370390682828,36.36055547806645,-0.15348922011758614,91,41,-1.6731514489061037,Jun20-Sep20,Jun-Sep
2020-05-08,TWD,2020-06-17,2020-09-16,-0.06716905843205684,-0.21997866636498614,36.49614169560993,-0.1528096079329293,91,40,-1.6594525788837653,Jun20-Sep20,Jun-Sep
2020-05-11,TWD,2020-06-17,2020-09-16,-0.0637055472990899,-0.2203867582238786,36.49155887060516,-0.1566812109247887,91,37,-1.7015489548710732,Jun20-Sep20,Jun-Sep
2020-05-12,TWD,2020-06-17,2020-09-16,-0.05930598216350093,-0.20921832596568382,36.443756718799634,-0.14991234380218288,91,36,-1.6299815158068405,Jun20-Sep20,Jun-Sep
2020-05-13,TWD,2020-06-17,2020-09-16,-0.056144740792415194,-0.2021210668526947,36.315990592272314,-0.14597632606027952,91,35,-1.5926398716687433,Jun20-Sep20,Jun-Sep
2020-05-14,TWD,2020-06-17,2020-09-16,-0.0575315911401446,-0.21151320272111987,36.424102482668694,-0.15398161158097529,91,34,-1.675049389874491,Jun20-Sep20,Jun-Sep
2020-05-15,TWD,2020-06-17,2020-09-16,-0.05904035735453963,-0.2218486155140277,36.46655101546947,-0.16280825815948807,91,33,-1.7690762538919114,Jun20-Sep20,Jun-Sep
2020-05-18,TWD,2020-06-17,2020-09-16,-0.05356221797507372,-0.2160342791661307,36.418708090630794,-0.16247206119105698,91,30,-1.7674798224422825,Jun20-Sep20,Jun-Sep
2020-05-19,TWD,2020-06-17,2020-09-16,-0.05120245740760698,-0.21187223754871856,36.381447127487974,-0.16066978014111158,91,29,-1.749552524124966,Jun20-Sep20,Jun-Sep
2020-05-20,TWD,2020-06-17,2020-09-16,-0.04967851462867723,-0.21113368717187822,36.44776606061889,-0.161455172543201,91,28,-1.7548278016105743,Jun20-Sep20,Jun-Sep
2020-05-21,TWD,2020-06-17,2020-09-16,-0.04588149775844992,-0.20051913835174412,36.291132130561394,-0.1546376405932942,91,27,-1.6878164525432666,Jun20-Sep20,Jun-Sep
2020-05-22,TWD,2020-06-17,2020-09-16,-0.0456837154107091,-0.20557671934819094,36.07489804463403,-0.15989300393748185,91,26,-1.755641258398306,Jun20-Sep20,Jun-Sep
2020-05-25,TWD,2020-06-17,2020-09-16,-0.040671588523421065,-0.2015896126813044,36.2714755874586,-0.16091802415788334,91,23,-1.7570650016682665,Jun20-Sep20,Jun-Sep
2020-05-26,TWD,2020-06-17,2020-09-16,-0.03889395976601348,-0.19977352061634193,36.37521383767,-0.16087956085032845,91,22,-1.7515439551707472,Jun20-Sep20,Jun-Sep
2020-05-27,TWD,2020-06-17,2020-09-16,-0.04063665756974234,-0.2167288403719592,36.30470486976881,-0.17609218280221683,91,21,-1.9209880463630729,Jun20-Sep20,Jun-Sep
2020-05-28,TWD,2020-06-17,2020-09-16,-0.03876415320740098,-0.21514105030107547,36.40721910975864,-0.1763768970936745,91,20,-1.9185713513725295,Jun20-Sep20,Jun-Sep
2020-05-29,TWD,2020-06-17,2020-09-16,-0.036775482200596565,-0.21291068642450642,36.435639889799326,-0.17613520422390985,91,19,-1.9143416187761813,Jun20-Sep20,Jun-Sep
2020-06-01,TWD,2020-06-17,2020-09-16,-0.030896210264501043,-0.2066184061438507,36.34290683339091,-0.17572219587934967,91,16,-1.9144209285633584,Jun20-Sep20,Jun-Sep
2020-06-02,TWD,2020-06-17,2020-09-16,-0.027676167132648886,-0.19557824773738547,36.58914877088554,-0.16790208060473658,91,15,-1.816743046382141,Jun20-Sep20,Jun-Sep
2020-06-03,TWD,2020-06-17,2020-09-16,-0.026236136105739678,-0.1967710207930476,36.43967961563889,-0.1705348846873079,91,14,-1.8527319456647657,Jun20-Sep20,Jun-Sep
2020-06-04,TWD,2020-06-17,2020-09-16,-0.02503117940072048,-0.20024943520576388,36.31184111856923,-0.1752182558050434,91,13,-1.9102564348536986,Jun20-Sep20,Jun-Sep
2020-06-05,TWD,2020-06-17,2020-09-16,-0.02330531572495773,-0.2000372933058872,36.39904708235454,-0.17673197758092948,91,12,-1.9220487000216895,Jun20-Sep20,Jun-Sep
2020-06-08,TWD,2020-06-17,2020-09-16,-0.018100648880955722,-0.20111832089950807,36.64746413428757,-0.18301767201855235,91,9,-1.976627181978481,Jun20-Sep20,Jun-Sep
2020-06-09,TWD,2020-06-17,2020-09-16,-0.0158790881715223,-0.1965037161225885,36.72975421612367,-0.18062462795106618,91,8,-1.9462913278104232,Jun20-Sep20,Jun-Sep
2020-06-10,TWD,2020-06-17,2020-09-16,-0.013416221766882543,-0.18782710473635558,36.64929936448878,-0.17441088296947305,91,7,-1.8833369370454278,Jun20-Sep20,Jun-Sep
2020-06-11,TWD,2020-06-17,2020-09-16,-0.012305353533491716,-0.1705170418212424,36.553498978672856,-0.15821168828775067,91,6,-1.712840581090569,Jun20-Sep20,Jun-Sep
2020-06-12,TWD,2020-06-17,2020-09-16,-0.012298087179297732,-0.1686594813160832,36.6226363091351,-0.15636139413678546,91,5,-1.6896116733018214,Jun20-Sep20,Jun-Sep
2020-06-15,TWD,2020-06-17,2020-09-16,-0.013263744163968383,-0.17621831532129426,36.83693136732036,-0.16295457115732587,91,2,-1.7506551844153377,Jun20-Sep20,Jun-Sep
2020-06-16,TWD,2020-06-17,2020-09-16,-0.012697331800478414,-0.16687921794914487,36.86891360476914,-0.15418188614866646,91,1,-1.6549455709517145,Jun20-Sep20,Jun-Sep
2020-06-17,TWD,2020-09-16,2020-12-16,-0.17485768399952445,-0.3497153679990489,36.94270254552799,-0.17485768399952445,91,91,-1.8813849072724405,Sep20-Dec20,Sep-Dec
2020-06-18,TWD,2020-09-16,2020-12-16,-0.1728001026332874,-0.3475202064069447,36.681853466110056,-0.1747201037736573,91,90,-1.8932301630822836,Sep20-Dec20,Sep-Dec
2020-06-19,TWD,2020-09-16,2020-12-16,-0.17257009541246948,-0.34901817049712924,36.61437136075987,-0.17644807508465976,91,89,-1.9154825413584813,Sep20-Dec20,Sep-Dec
2020-06-22,TWD,2020-09-16,2020-12-16,-0.16697282603093622,-0.3436533745055315,36.609249321960505,-0.1766805484745953,91,86,-1.9179812107004635,Sep20-Dec20,Sep-Dec
2020-06-23,TWD,2020-09-16,2020-12-16,-0.16335110319362683,-0.33823287249503914,36.760381249926574,-0.1748817693014123,91,85,-1.8904265283091515,Sep20-Dec20,Sep-Dec
2020-06-24,TWD,2020-09-16,2020-12-16,-0.157292583701382,-0.32769288271121244,36.75105702584405,-0.17040029900983045,91,84,-1.84214738025034,Sep20-Dec20,Sep-Dec
2020-06-25,TWD,2020-09-16,2020-12-16,-0.15165709518073028,-0.3179317417041816,36.8176427225749,-0.1662746465234513,91,83,-1.7940055317399624,Sep20-Dec20,Sep-Dec
2020-06-26,TWD,2020-09-16,2020-12-16,-0.14920686260160193,-0.31479008817167237,36.86476286162074,-0.16558322557007044,91,82,-1.7841334576445793,Sep20-Dec20,Sep-Dec
2020-06-29,TWD,2020-09-16,2020-12-16,-0.13629752732453151,-0.29329847652114377,36.90352302135868,-0.15700094919661226,91,79,-1.6892834523595284,Sep20-Dec20,Sep-Dec
2020-06-30,TWD,2020-09-16,2020-12-16,-0.12268923040862907,-0.26582666588536297,37.07657040122659,-0.1431374354767339,91,78,-1.5323369793929134,Sep20-Dec20,Sep-Dec
2020-07-01,TWD,2020-09-16,2020-12-16,-0.1214991021379978,-0.265088950119268,37.446997469305636,-0.14358984798127017,91,77,-1.521875862628164,Sep20-Dec20,Sep-Dec
2020-07-02,TWD,2020-09-16,2020-12-16,-0.1261252300028667,-0.27714359750629924,37.57332032238825,-0.15101836750343253,91,76,-1.59540734236478,Sep20-Dec20,Sep-Dec
2020-07-03,TWD,2020-09-16,2020-12-16,-0.12036693791945949,-0.25920732535512214,37.05341437687635,-0.13884038743566265,91,75,-1.4871739909290798,Sep20-Dec20,Sep-Dec
2020-07-06,TWD,2020-09-16,2020-12-16,-0.12006142564884673,-0.2661269996018529,37.16985540260123,-0.14606557395300615,91,72,-1.5596357469148852,Sep20-Dec20,Sep-Dec
2020-07-07,TWD,2020-09-16,2020-12-16,-0.1187274546762708,-0.26575531681818837,37.03641094287849,-0.14702786214191757,91,71,-1.5755286638785826,Sep20-Dec20,Sep-Dec
2020-07-08,TWD,2020-09-16,2020-12-16,-0.11832397383419274,-0.26754031572437154,36.83859275417438,-0.1492163418901788,91,70,-1.6075764886385668,Sep20-Dec20,Sep-Dec
2020-07-09,TWD,2020-09-16,2020-12-16,-0.11610432066684774,-0.2651179972655392,36.98471678783941,-0.14901367659869147,91,69,-1.5989336599011705,Sep20-Dec20,Sep-Dec
2020-07-10,TWD,2020-09-16,2020-12-16,-0.11069446465068125,-0.25522639778190287,37.06257937143377,-0.14453193313122162,91,68,-1.547349159485353,Sep20-Dec20,Sep-Dec
2020-07-13,TWD,2020-09-16,2020-12-16,-0.10221700587405072,-0.24327824211519525,36.766295685476976,-0.14106123624114453,91,65,-1.522046840288721,Sep20-Dec20,Sep-Dec
2020-07-14,TWD,2020-09-16,2020-12-16,-0.1041313379892501,-0.2506488603077322,37.06137323959,-0.14651752231848209,91,64,-1.5683793724808794,Sep20-Dec20,Sep-Dec
2020-07-15,TWD,2020-09-16,2020-12-16,-0.10143331785159887,-0.2469211901790003,36.96912449668996,-0.14548787232740143,91,63,-1.5611403903938392,Sep20-Dec20,Sep-Dec
2020-07-16,TWD,2020-09-16,2020-12-16,-0.10245624782504391,-0.2523192049177529,37.1789562554023,-0.14986295709270897,91,62,-1.599030236188182,Sep20-Dec20,Sep-Dec
2020-07-17,TWD,2020-09-16,2020-12-16,-0.0959189296607638,-0.23901110341698523,37.1537419598915,-0.1430921737562214,91,61,-1.527555811046184,Sep20-Dec20,Sep-Dec
2020-07-20,TWD,2020-09-16,2020-12-16,-0.091762582544971,-0.23573491033104618,37.21973457645718,-0.1439723277860752,91,58,-1.534047852840091,Sep20-Dec20,Sep-Dec
2020-07-21,TWD,2020-09-16,2020-12-16,-0.08399241294809581,-0.21808556344417862,36.86030825479895,-0.1340931504960828,91,57,-1.4424457301490314,Sep20-Dec20,Sep-Dec
2020-07-22,TWD,2020-09-16,2020-12-16,-0.08395522446697093,-0.2203824642257987,37.13864781513963,-0.13642723975882778,91,56,-1.456528497617422,Sep20-Dec20,Sep-Dec
2020-07-23,TWD,2020-09-16,2020-12-16,-0.07604229803538048,-0.20185773660300996,36.90305254147186,-0.12581543856762947,91,55,-1.3515389982307606,Sep20-Dec20,Sep-Dec
2020-07-24,TWD,2020-09-16,2020-12-16,-0.07656668990271387,-0.2055957414054354,36.996171875263414,-0.12902905150272154,91,54,-1.3825841224158668,Sep20-Dec20,Sep-Dec
2020-07-27,TWD,2020-09-16,2020-12-16,-0.06895158935831475,-0.1919828566447195,37.177243597992984,-0.12303126728640476,91,51,-1.3116127825004014,Sep20-Dec20,Sep-Dec
2020-07-28,TWD,2020-09-16,2020-12-16,-0.07161945356540703,-0.2019668590544478,37.36105325644496,-0.13034740548904078,91,50,-1.3828583946778237,Sep20-Dec20,Sep-Dec
2020-07-29,TWD,2020-09-16,2020-12-16,-0.06749559123567733,-0.19284454638764953,37.449621559417665,-0.1253489551519722,91,49,-1.3265323027573441,Sep20-Dec20,Sep-Dec
2020-07-30,TWD,2020-09-16,2020-12-16,-0.06257593721811468,-0.18120948486079042,37.104100859249165,-0.11863354764267574,91,48,-1.267009201494067,Sep20-Dec20,Sep-Dec
2020-07-31,TWD,2020-09-16,2020-12-16,-0.060599815170355106,-0.17793137220231925,37.15473186633424,-0.11733155703196414,91,47,-1.2513267500349983,Sep20-Dec20,Sep-Dec
2020-08-03,TWD,2020-09-16,2020-12-16,-0.05719260188892874,-0.16876200512789424,37.19240929233985,-0.1115694032389655,91,44,-1.1885576622377416,Sep20-Dec20,Sep-Dec
2020-08-04,TWD,2020-09-16,2020-12-16,-0.0560655891610459,-0.1685280326223528,37.12793648636927,-0.1124624434613069,91,43,-1.2001184697979714,Sep20-Dec20,Sep-Dec
2020-08-05,TWD,2020-09-16,2020-12-16,-0.05873931326616372,-0.18033059544862526,37.16005021675533,-0.12159128218246154,91,42,-1.2965052858558601,Sep20-Dec20,Sep-Dec
2020-08-06,TWD,2020-09-16,2020-12-16,-0.057547279033022494,-0.1800683266790945,37.48204773941171,-0.12252104764607201,91,41,-1.2951372605268419,Sep20-Dec20,Sep-Dec
2020-08-07,TWD,2020-09-16,2020-12-16,-0.05864261435281677,-0.18735861931655085,37.56754151139273,-0.1287160049637341,91,40,-1.357560974745307,Sep20-Dec20,Sep-Dec
2020-08-10,TWD,2020-09-16,2020-12-16,-0.051203540979648965,-0.17400826685477985,37.53968814104218,-0.12280472587513089,91,37,-1.295920330615658,Sep20-Dec20,Sep-Dec
2020-08-11,TWD,2020-09-16,2020-12-16,-0.05022236712155306,-0.1745557760788338,37.69307423968875,-0.12433340895728073,91,36,-1.306671536749944,Sep20-Dec20,Sep-Dec
2020-08-12,TWD,2020-09-16,2020-12-16,-0.05265460875670659,-0.18745744923395755,37.78456122335113,-0.13480284047725094,91,35,-1.4133554600745555,Sep20-Dec20,Sep-Dec
2020-08-13,TWD,2020-09-16,2020-12-16,-0.056611291048523193,-0.20655311965825734,37.839044247988035,-0.14994182860973415,91,34,-1.569979533890146,Sep20-Dec20,Sep-Dec
2020-08-14,TWD,2020-09-16,2020-12-16,-0.05364111596940595,-0.20050928696936812,37.84572023693432,-0.1468681709999622,91,33,-1.5374040109302558,Sep20-Dec20,Sep-Dec
2020-08-17,TWD,2020-09-16,2020-12-16,-0.04493848785268661,-0.18125190100583602,37.83473852873343,-0.1363134131531494,91,30,-1.4270037249439027,Sep20-Dec20,Sep-Dec
2020-08-18,TWD,2020-09-16,2020-12-16,-0.044470296718844456,-0.18401502090556332,37.8483665322544,-0.13954472418671887,91,29,-1.4602861548375736,Sep20-Dec20,Sep-Dec
2020-08-19,TWD,2020-09-16,2020-12-16,-0.041591775786690675,-0.17676504709343535,37.81529567647917,-0.13517327130674467,91,28,-1.415671082660016,Sep20-Dec20,Sep-Dec
2020-08-20,TWD,2020-09-16,2020-12-16,-0.04162851372202631,-0.18193202293330016,37.67228409875307,-0.14030350921127385,91,27,-1.4749858619200409,Sep20-Dec20,Sep-Dec
2020-08-21,TWD,2020-09-16,2020-12-16,-0.04004067659550586,-0.18018304467977636,37.6932575183102,-0.1401423680842705,91,26,-1.4724090389835618,Sep20-Dec20,Sep-Dec
2020-08-24,TWD,2020-09-16,2020-12-16,-0.035605026005846155,-0.17647708542028093,37.45463923660774,-0.14087205941443476,91,23,-1.4893384369178486,Sep20-Dec20,Sep-Dec
2020-08-25,TWD,2020-09-16,2020-12-16,-0.030694140580470868,-0.15765626752696402,37.47760815060041,-0.12696212694649314,91,22,-1.3412794304459346,Sep20-Dec20,Sep-Dec
2020-08-26,TWD,2020-09-16,2020-12-16,-0.03120056147625237,-0.16640299454001264,37.64666607216665,-0.13520243306376029,91,21,-1.42193313548737,Sep20-Dec20,Sep-Dec
2020-08-27,TWD,2020-09-16,2020-12-16,-0.028475536685939076,-0.15803922860696187,37.46740716560149,-0.1295636919210228,91,20,-1.3690552535719813,Sep20-Dec20,Sep-Dec
2020-08-28,TWD,2020-09-16,2020-12-16,-0.0257795162928386,-0.14924983116906557,37.368481010735664,-0.12347031487622696,91,19,-1.3080306816839056,Sep20-Dec20,Sep-Dec
2020-08-31,TWD,2020-09-16,2020-12-16,-0.02247216240869916,-0.15028258610817566,37.23586395251673,-0.12781042369947648,91,16,-1.358714242032997,Sep20-Dec20,Sep-Dec
2020-09-01,TWD,2020-09-16,2020-12-16,-0.020906255010938887,-0.14022245203607933,37.27481353779506,-0.11931619702514044,91,15,-1.267035203895442,Sep20-Dec20,Sep-Dec
2020-09-02,TWD,2020-09-16,2020-12-16,-0.020125061917918775,-0.14389408366058218,37.43319470366874,-0.12376902174266341,91,14,-1.3087289952390182,Sep20-Dec20,Sep-Dec
2020-09-03,TWD,2020-09-16,2020-12-16,-0.01895578300417232,-0.14507150234535296,37.627866891469566,-0.12611571934118065,91,13,-1.326598709074317,Sep20-Dec20,Sep-Dec
2020-09-04,TWD,2020-09-16,2020-12-16,-0.01822295937910169,-0.15034119111947142,37.64977001713893,-0.13211823174036974,91,12,-1.3889025911092214,Sep20-Dec20,Sep-Dec
2020-09-07,TWD,2020-09-16,2020-12-16,-0.013319923821675775,-0.14345641458477182,37.55330897906857,-0.13013649076309605,91,9,-1.371406041132418,Sep20-Dec20,Sep-Dec
2020-09-08,TWD,2020-09-16,2020-12-16,-0.0119230772869247,-0.14349578536552177,37.68635335959376,-0.13157270807859706,91,8,-1.3815933318018305,Sep20-Dec20,Sep-Dec
2020-09-09,TWD,2020-09-16,2020-12-16,-0.010842417661942645,-0.14823756303499877,37.798220982221345,-0.13739514537305614,91,7,-1.4384200627048438,Sep20-Dec20,Sep-Dec
2020-09-10,TWD,2020-09-16,2020-12-16,-0.011429858101069001,-0.15535623187464248,37.558913892404,-0.14392637377357348,91,6,-1.5164240047671351,Sep20-Dec20,Sep-Dec
2020-09-11,TWD,2020-09-16,2020-12-16,-0.010762865421500551,-0.14507944320703686,37.58045612287788,-0.13431657778553632,91,5,-1.4143375675273688,Sep20-Dec20,Sep-Dec
2020-09-14,TWD,2020-09-16,2020-12-16,-0.010717346784119699,-0.14137588740162155,37.635979279750806,-0.13065854061750184,91,2,-1.3737869276133972,Sep20-Dec20,Sep-Dec
2020-09-15,TWD,2020-09-16,2020-12-16,-0.010192140335889941,-0.13345425260456867,37.16963066287522,-0.12326211226867873,91,1,-1.3122650762172883,Sep20-Dec20,Sep-Dec
2020-09-16,TWD,2020-12-16,2021-03-17,-0.14221018126867221,-0.2688418999818405,37.38831013320944,-0.12663171871316828,91,91,-1.345001613873919,Dec20-Mar21,Dec-Mar
2020-09-17,TWD,2020-12-16,2021-03-17,-0.13643820939294993,-0.25887672001490847,37.237629300858245,-0.12243851062195854,91,90,-1.3055433415572038,Dec20-Mar21,Dec-Mar
2020-09-18,TWD,2020-12-16,2021-03-17,-0.1477712162430102,-0.2833493423127576,37.23309998848764,-0.1355781260697474,91,89,-1.446267416163318,Dec20-Mar21,Dec-Mar
2020-09-21,TWD,2020-12-16,2021-03-17,-0.1432668521153432,-0.2794176043838652,37.069363183348976,-0.136150752268522,91,86,-1.4586387789037094,Dec20-Mar21,Dec-Mar
2020-09-22,TWD,2020-12-16,2021-03-17,-0.14484868902266632,-0.2844361482501119,37.166023531193275,-0.13958745922744556,91,85,-1.4916169645357282,Dec20-Mar21,Dec-Mar
2020-09-23,TWD,2020-12-16,2021-03-17,-0.14070814657360092,-0.2776542631053962,37.17050141505386,-0.13694611653179528,91,84,-1.4630512589722018,Dec20-Mar21,Dec-Mar
2020-09-24,TWD,2020-12-16,2021-03-17,-0.13550612043085697,-0.2684797538498826,37.42396295215975,-0.13297363341902563,91,83,-1.4107570639741178,Dec20-Mar21,Dec-Mar
2020-09-25,TWD,2020-12-16,2021-03-17,-0.13294592870904526,-0.2649996360940453,37.16123434984734,-0.13205370738500005,91,82,-1.4108409900885275,Dec20-Mar21,Dec-Mar
2020-09-28,TWD,2020-12-16,2021-03-17,-0.12739764565544878,-0.2586580555400222,37.17306451942896,-0.1312604098845734,91,79,-1.4017076624941278,Dec20-Mar21,Dec-Mar
2020-09-29,TWD,2020-12-16,2021-03-17,-0.12282751932512784,-0.25069696251462975,37.03039045555345,-0.1278694431895019,91,78,-1.370605636483221,Dec20-Mar21,Dec-Mar
2020-09-30,TWD,2020-12-16,2021-03-17,-0.1199585334591719,-0.24634210332359346,36.925454500494105,-0.12638356986442156,91,77,-1.3584355938396426,Dec20-Mar21,Dec-Mar
2020-10-01,TWD,2020-12-16,2021-03-17,-0.11343353414932303,-0.2338064867548248,37.077069775902935,-0.12037295260550177,91,76,-1.288295038160352,Dec20-Mar21,Dec-Mar
2020-10-02,TWD,2020-12-16,2021-03-17,-0.10202032172383298,-0.22631527853363462,37.23809241047702,-0.12429495680980164,91,75,-1.324093489152476,Dec20-Mar21,Dec-Mar
2020-10-05,TWD,2020-12-16,2021-03-17,-0.10023527162223761,-0.2243067298265256,36.93476931300299,-0.124071458204288,91,72,-1.3325325136330168,Dec20-Mar21,Dec-Mar
2020-10-06,TWD,2020-12-16,2021-03-17,-0.10146107257843409,-0.22781981788416994,36.915767707801635,-0.12635874530573585,91,71,-1.357843719869983,Dec20-Mar21,Dec-Mar
2020-10-07,TWD,2020-12-16,2021-03-17,-0.10953867922462704,-0.24716449190664874,36.96364110962725,-0.1376258126820217,91,70,-1.4773220036617218,Dec20-Mar21,Dec-Mar
2020-10-08,TWD,2020-12-16,2021-03-17,-0.10345611958705052,-0.23400847860052196,37.03845057649222,-0.13055235901347145,91,69,-1.3983239429618233,Dec20-Mar21,Dec-Mar
2020-10-09,TWD,2020-12-16,2021-03-17,-0.10187370501240066,-0.23118013374116758,37.100582724063116,-0.1293064287287669,91,68,-1.3825939591207679,Dec20-Mar21,Dec-Mar
2020-10-12,TWD,2020-12-16,2021-03-17,-0.09703520979590174,-0.2223120645270458,37.31449052865332,-0.12527685473114406,91,65,-1.331635222626861,Dec20-Mar21,Dec-Mar
2020-10-13,TWD,2020-12-16,2021-03-17,-0.09968663534287367,-0.22970049447101454,37.14293601651916,-0.13001385912814087,91,64,-1.3884865669132498,Dec20-Mar21,Dec-Mar
2020-10-14,TWD,2020-12-16,2021-03-17,-0.10229819708656165,-0.23716370203389636,36.98347463340184,-0.1348655049473347,91,63,-1.4466291948333285,Dec20-Mar21,Dec-Mar
2020-10-15,TWD,2020-12-16,2021-03-17,-0.09964317638540186,-0.23173129478650156,37.03616352351713,-0.13208811840109969,91,62,-1.4147147526485273,Dec20-Mar21,Dec-Mar
2020-10-16,TWD,2020-12-16,2021-03-17,-0.09978062229539268,-0.2331388852729391,37.1875116295241,-0.13335826297754644,91,61,-1.4224950837192298,Dec20-Mar21,Dec-Mar
2020-10-19,TWD,2020-12-16,2021-03-17,-0.08657371522552083,-0.20691297503368508,37.18059379236693,-0.12033925980816425,91,58,-1.283407407579078,Dec20-Mar21,Dec-Mar
2020-10-20,TWD,2020-12-16,2021-03-17,-0.09035169234146462,-0.21910158569564298,37.18989818463637,-0.12874989335417836,91,57,-1.3729015192971938,Dec20-Mar21,Dec-Mar
2020-10-21,TWD,2020-12-16,2021-03-17,-0.09164502822212907,-0.22508067132829135,37.170066611513874,-0.1334356431061623,91,56,-1.4236778344114727,Dec20-Mar21,Dec-Mar
2020-10-22,TWD,2020-12-16,2021-03-17,-0.08715633141157242,-0.2158838870006104,37.14373531880731,-0.12872755558903798,91,55,-1.3742549425232569,Dec20-Mar21,Dec-Mar
2020-10-23,TWD,2020-12-16,2021-03-17,-0.08323294367087138,-0.20802870414620517,37.121191483612016,-0.12479576047533379,91,54,-1.332950123144516,Dec20-Mar21,Dec-Mar
2020-10-26,TWD,2020-12-16,2021-03-17,-0.08002831547138617,-0.20741508398164818,36.98124771166021,-0.127386768510262,91,51,-1.3656666741398975,Dec20-Mar21,Dec-Mar
2020-10-27,TWD,2020-12-16,2021-03-17,-0.08164952961090496,-0.21490026800872153,36.84337318567309,-0.13325073839781656,91,50,-1.4339528342276877,Dec20-Mar21,Dec-Mar
2020-10-28,TWD,2020-12-16,2021-03-17,-0.07517082566935708,-0.19939331949858194,36.913123507566155,-0.12422249382922486,91,49,-1.3340308300013113,Dec20-Mar21,Dec-Mar
2020-10-29,TWD,2020-12-16,2021-03-17,-0.07375944616575061,-0.19818825508055896,36.97633865862527,-0.12442880891480834,91,48,-1.3339063230002506,Dec20-Mar21,Dec-Mar
2020-10-30,TWD,2020-12-16,2021-03-17,-0.07527510546712973,-0.20568677095945745,36.80100354226737,-0.13041166549232772,91,47,-1.4047761692634202,Dec20-Mar21,Dec-Mar
2020-11-02,TWD,2020-12-16,2021-03-17,-0.06721131547380141,-0.21211983234557294,36.73960180153256,-0.14490851687177153,91,44,-1.5632045109461663,Dec20-Mar21,Dec-Mar
2020-11-03,TWD,2020-12-16,2021-03-17,-0.06697589562904852,-0.21346285443062,37.133190296032886,-0.14648695880157148,91,43,-1.563442227323562,Dec20-Mar21,Dec-Mar
2020-11-04,TWD,2020-12-16,2021-03-17,-0.06434002913452463,-0.2072382655036229,37.145155625077344,-0.14289823636909826,91,42,-1.5245395637391876,Dec20-Mar21,Dec-Mar
2020-11-05,TWD,2020-12-16,2021-03-17,-0.05996413937957313,-0.19523804793448302,36.78630607975205,-0.1352739085549099,91,41,-1.457127228238328,Dec20-Mar21,Dec-Mar
2020-11-06,TWD,2020-12-16,2021-03-17,-0.061679811271270736,-0.20286440428162586,36.6907795400791,-0.14118459301035513,91,40,-1.5248326057707513,Dec20-Mar21,Dec-Mar
2020-11-09,TWD,2020-12-16,2021-03-17,-0.05719542756460538,-0.1945076273139436,36.82430005349005,-0.13731219974933823,91,37,-1.4774432293111086,Dec20-Mar21,Dec-Mar
2020-11-10,TWD,2020-12-16,2021-03-17,-0.055628216683221814,-0.19135386781741137,36.999136255004544,-0.13572565113418955,91,36,-1.4533991771776784,Dec20-Mar21,Dec-Mar
2020-11-11,TWD,2020-12-16,2021-03-17,-0.05587183344937642,-0.19470269593025483,36.83317645154008,-0.1388308624808784,91,35,-1.4933693486599113,Dec20-Mar21,Dec-Mar
2020-11-12,TWD,2020-12-16,2021-03-17,-0.0522899477934755,-0.18423160594846621,36.578057891844836,-0.1319416581549907,91,34,-1.4290377141255564,Dec20-Mar21,Dec-Mar
2020-11-13,TWD,2020-12-16,2021-03-17,-0.04967464913583505,-0.17691988043474638,36.720050113933304,-0.12724523129891133,91,33,-1.3727367713992766,Dec20-Mar21,Dec-Mar
2020-11-16,TWD,2020-12-16,2021-03-17,-0.04760597049873542,-0.176693465755702,36.76147661407387,-0.12908749525696658,91,30,-1.3909614989111854,Dec20-Mar21,Dec-Mar
2020-11-17,TWD,2020-12-16,2021-03-17,-0.044261706597384445,-0.1678599485725476,36.700657910255444,-0.12359824197516316,91,29,-1.3339011162660859,Dec20-Mar21,Dec-Mar
2020-11-18,TWD,2020-12-16,2021-03-17,-0.041911614399950815,-0.16288739801754273,36.568711637395765,-0.12097578361759193,91,28,-1.3102311653546561,Dec20-Mar21,Dec-Mar
2020-11-19,TWD,2020-12-16,2021-03-17,-0.04297669611380475,-0.17260093248266273,36.53555239085039,-0.12962423636885798,91,27,-1.4052150802766685,Dec20-Mar21,Dec-Mar
2020-11-20,TWD,2020-12-16,2021-03-17,-0.041557898966643976,-0.17180808032884892,36.485916050517474,-0.13025018136220495,91,26,-1.413868891884063,Dec20-Mar21,Dec-Mar
2020-11-23,TWD,2020-12-16,2021-03-17,-0.03752534712700962,-0.17085212502915562,36.34337705828,-0.133326777902146,91,23,-1.4527867245614958,Dec20-Mar21,Dec-Mar
2020-11-24,TWD,2020-12-16,2021-03-17,-0.03564813779010679,-0.16796445132828947,36.329633570148864,-0.13231631353818268,91,22,-1.442247651292813,Dec20-Mar21,Dec-Mar
2020-11-25,TWD,2020-12-16,2021-03-17,-0.0340700655301314,-0.1666223336330026,36.203238066475684,-0.1325522681028712,91,21,-1.4498055334714177,Dec20-Mar21,Dec-Mar
2020-11-26,TWD,2020-12-16,2021-03-17,-0.030533626328443288,-0.15430641547554624,36.37250555355358,-0.12377278914710296,91,20,-1.347341843223654,Dec20-Mar21,Dec-Mar
2020-11-27,TWD,2020-12-16,2021-03-17,-0.02822759128550073,-0.14819068272794586,36.55731405146643,-0.11996309144244513,91,19,-1.299181854346529,Dec20-Mar21,Dec-Mar
2020-11-30,TWD,2020-12-16,2021-03-17,-0.02375585353392288,-0.14377026229396098,36.23281971395587,-0.1200144087600381,91,16,-1.3112249414774557,Dec20-Mar21,Dec-Mar
2020-12-01,TWD,2020-12-16,2021-03-17,-0.021632866844712113,-0.13786852046092138,36.00897258010608,-0.11623565361620927,91,15,-1.2777642321690372,Dec20-Mar21,Dec-Mar
2020-12-02,TWD,2020-12-16,2021-03-17,-0.0211435424911764,-0.14356034678317606,36.03893256155267,-0.12241680429199966,91,14,-1.344575199997139,Dec20-Mar21,Dec-Mar
2020-12-03,TWD,2020-12-16,2021-03-17,-0.019150273202739272,-0.13812357970420897,36.18865420249248,-0.1189733065014697,91,13,-1.3012720081420657,Dec20-Mar21,Dec-Mar
2020-12-04,TWD,2020-12-16,2021-03-17,-0.019121593604780295,-0.1489005615522889,36.543480532980674,-0.1297789679475086,91,12,-1.40566820795552,Dec20-Mar21,Dec-Mar
2020-12-07,TWD,2020-12-16,2021-03-17,-0.013501732245944652,-0.1349109860191649,36.25982677919501,-0.12140925377322025,91,9,-1.3251008039442307,Dec20-Mar21,Dec-Mar
2020-12-08,TWD,2020-12-16,2021-03-17,-0.012709711895060939,-0.14219280960377845,36.21570023424156,-0.12948309770871752,91,8,-1.414913018813244,Dec20-Mar21,Dec-Mar
2020-12-09,TWD,2020-12-16,2021-03-17,-0.011178920003082134,-0.14139866355889036,36.25491956222274,-0.13021974355580823,91,7,-1.4213627520870349,Dec20-Mar21,Dec-Mar
2020-12-10,TWD,2020-12-16,2021-03-17,-0.011331729137197722,-0.1419692074843951,36.134836771684554,-0.13063747834719738,91,6,-1.430668496978753,Dec20-Mar21,Dec-Mar
2020-12-11,TWD,2020-12-16,2021-03-17,-0.01173664175315066,-0.1458807100991547,36.18947575144486,-0.13414406834600404,91,5,-1.4668684220711714,Dec20-Mar21,Dec-Mar
2020-12-14,TWD,2020-12-16,2021-03-17,-0.010994531693968636,-0.1310877397373766,35.957920929410335,-0.12009320804340798,91,2,-1.321654053494342,Dec20-Mar21,Dec-Mar
2020-12-15,TWD,2020-12-16,2021-03-17,-0.010673376994210315,-0.1253083374793125,35.92879580988392,-0.11463496048510219,91,1,-1.2625964606745497,Dec20-Mar21,Dec-Mar
2020-12-16,TWD,2021-03-17,2021-06-16,-0.12476853780239766,-0.26443872433080756,35.7639569424293,-0.1396701865284099,91,91,-1.550375926022847,Mar21-Jun21,Mar-Jun
2020-12-17,TWD,2021-03-17,2021-06-16,-0.1289844948988707,-0.2743856293595694,35.56517975381916,-0.1454011344606987,91,90,-1.6232365664041883,Mar21-Jun21,Mar-Jun
2020-12-18,TWD,2021-03-17,2021-06-16,-0.13040820005711345,-0.27881839121858104,35.376548786987705,-0.1484101911614676,91,89,-1.6657632012548909,Mar21-Jun21,Mar-Jun
2020-12-21,TWD,2021-03-17,2021-06-16,-0.13855130051271672,-0.3007920733678345,35.46034599251612,-0.16224077285511776,91,86,-1.8170980112250668,Mar21-Jun21,Mar-Jun
2020-12-22,TWD,2021-03-17,2021-06-16,-0.13062901211328953,-0.2862822503136204,35.42730052005546,-0.1556532382003309,91,85,-1.7445584127742157,Mar21-Jun21,Mar-Jun
2020-12-23,TWD,2021-03-17,2021-06-16,-0.12913089605841704,-0.28491304350867863,35.20322227268624,-0.1557821474502616,91,84,-1.757083358945723,Mar21-Jun21,Mar-Jun
2020-12-24,TWD,2021-03-17,2021-06-16,-0.1266000025620817,-0.28133287727922757,34.87195696809682,-0.15473287471714586,91,83,-1.76176072801115,Mar21-Jun21,Mar-Jun
2020-12-25,TWD,2021-03-17,2021-06-16,-0.11882520376256564,-0.2667525108691642,34.73263227290377,-0.14792730710659854,91,82,-1.6906748455723504,Mar21-Jun21,Mar-Jun
2020-12-28,TWD,2021-03-17,2021-06-16,-0.10357850186917125,-0.23956092981861588,34.73322561524935,-0.13598242794944462,91,79,-1.5534448285201172,Mar21-Jun21,Mar-Jun
2020-12-29,TWD,2021-03-17,2021-06-16,-0.10569878750417266,-0.2459191155563215,34.77615626869177,-0.14022032805214885,91,78,-1.599972488410846,Mar21-Jun21,Mar-Jun
2020-12-30,TWD,2021-03-17,2021-06-16,-0.09800211186031275,-0.23088635360929927,34.652160933191155,-0.1328842417489865,91,77,-1.5213679607794537,Mar21-Jun21,Mar-Jun
2020-12-31,TWD,2021-03-17,2021-06-16,-0.10098474848332922,-0.23912009504886939,34.51448510764198,-0.13813534656554016,91,76,-1.5879509413264572,Mar21-Jun21,Mar-Jun
2021-01-01,TWD,2021-03-17,2021-06-16,-0.10642004999342475,-0.2355430439854468,34.76087801907471,-0.12912299399202204,91,75,-1.474027498638648,Mar21-Jun21,Mar-Jun
2021-01-04,TWD,2021-03-17,2021-06-16,-0.10267210682968886,-0.2324382418505456,34.73866180260013,-0.12976613502085674,91,72,-1.4821592761102549,Mar21-Jun21,Mar-Jun
2021-01-05,TWD,2021-03-17,2021-06-16,-0.10295926523715579,-0.23492114040027096,34.80098264739537,-0.13196187516311517,91,71,-1.5045438551860788,Mar21-Jun21,Mar-Jun
2021-01-06,TWD,2021-03-17,2021-06-16,-0.10961640057902872,-0.252117721331766,34.898118832616895,-0.1425013207527373,91,70,-1.620482197511838,Mar21-Jun21,Mar-Jun
2021-01-07,TWD,2021-03-17,2021-06-16,-0.11464583023202402,-0.2658454034365774,34.82841886181974,-0.1511995732045534,91,69,-1.7230975071134649,Mar21-Jun21,Mar-Jun
2021-01-08,TWD,2021-03-17,2021-06-16,-0.11790406177222185,-0.2756874385556364,34.971383061283184,-0.15778337678341453,91,68,-1.7909201376912272,Mar21-Jun21,Mar-Jun
2021-01-11,TWD,2021-03-17,2021-06-16,-0.12004078527932717,-0.2880978846703852,34.90864252101517,-0.16805709939105806,91,65,-1.9110893773960664,Mar21-Jun21,Mar-Jun
2021-01-12,TWD,2021-03-17,2021-06-16,-0.11921369669297598,-0.28872067167830123,35.06353604959026,-0.16950697498532524,91,64,-1.9189871164933223,Mar21-Jun21,Mar-Jun
2021-01-13,TWD,2021-03-17,2021-06-16,-0.12074692756250482,-0.29515915626390066,35.297262412518116,-0.17441222870139583,91,63,-1.961486047443752,Mar21-Jun21,Mar-Jun
2021-01-14,TWD,2021-03-17,2021-06-16,-0.11587160804817265,-0.285941226312426,35.2846803937339,-0.17006961826425337,91,62,-1.9130670291990017,Mar21-Jun21,Mar-Jun
2021-01-15,TWD,2021-03-17,2021-06-16,-0.11477385990453895,-0.28599388041786755,35.41092275913255,-0.1712200205133286,91,61,-1.9190590147365936,Mar21-Jun21,Mar-Jun
2021-01-18,TWD,2021-03-17,2021-06-16,-0.105986098874114,-0.2722746333145342,35.374437262567064,-0.16628853444042022,91,58,-1.8652499044518438,Mar21-Jun21,Mar-Jun
2021-01-19,TWD,2021-03-17,2021-06-16,-0.1059749392243554,-0.2751630000913088,35.498018372266245,-0.16918806086695337,91,57,-1.891146542283704,Mar21-Jun21,Mar-Jun
2021-01-20,TWD,2021-03-17,2021-06-16,-0.10555492681359294,-0.27708168288568147,35.517062972003956,-0.17152675607208853,91,56,-1.916234083543801,Mar21-Jun21,Mar-Jun
2021-01-21,TWD,2021-03-17,2021-06-16,-0.10589918048901185,-0.2811141882071951,35.6627325957751,-0.1752150077181832,91,55,-1.9494375784142068,Mar21-Jun21,Mar-Jun
2021-01-22,TWD,2021-03-17,2021-06-16,-0.11073337592075157,-0.29733962052794405,35.56031939507617,-0.1866062446071925,91,54,-2.0824573402336375,Mar21-Jun21,Mar-Jun
2021-01-25,TWD,2021-03-17,2021-06-16,-0.10740986846702062,-0.2990627710258221,35.62102801012353,-0.19165290255880152,91,51,-2.134919916640889,Mar21-Jun21,Mar-Jun
2021-01-26,TWD,2021-03-17,2021-06-16,-0.1059285881387855,-0.2987186185513751,35.66588645781465,-0.1927900304125896,91,50,-2.144788352659004,Mar21-Jun21,Mar-Jun
2021-01-27,TWD,2021-03-17,2021-06-16,-0.10375675703398567,-0.2964478772399591,35.73931065864383,-0.1926911202059734,91,49,-2.1391404314322564,Mar21-Jun21,Mar-Jun
2021-01-28,TWD,2021-03-17,2021-06-16,-0.10498790119431203,-0.3040274638751953,35.6153265848935,-0.19903956268088327,91,48,-2.2174084735462656,Mar21-Jun21,Mar-Jun
2021-01-29,TWD,2021-03-17,2021-06-16,-0.10348300637684975,-0.3038437208511759,35.48463091106158,-0.20036071447432613,91,47,-2.240277211073354,Mar21-Jun21,Mar-Jun
2021-02-01,TWD,2021-03-17,2021-06-16,-0.09926443977749053,-0.30456134931730044,35.587447386158495,-0.20529690953980992,91,44,-2.2885465829754463,Mar21-Jun21,Mar-Jun
2021-02-02,TWD,2021-03-17,2021-06-16,-0.09384917842953472,-0.2924602304548291,35.5057513988706,-0.1986110520252944,91,43,-2.218785218249693,Mar21-Jun21,Mar-Jun
2021-02-03,TWD,2021-03-17,2021-06-16,-0.08631713670912625,-0.2733375995788998,35.37399815326704,-0.18702046286977356,91,42,-2.096655689687725,Mar21-Jun21,Mar-Jun
2021-02-04,TWD,2021-03-17,2021-06-16,-0.08558088885720874,-0.2755287153451599,35.187641727053226,-0.18994782648795114,91,41,-2.140734569417873,Mar21-Jun21,Mar-Jun
2021-02-05,TWD,2021-03-17,2021-06-16,-0.08226467092728594,-0.26941679728686146,35.14061862805084,-0.1871521263595755,91,40,-2.111856247589516,Mar21-Jun21,Mar-Jun
2021-02-08,TWD,2021-03-17,2021-06-16,-0.07600212739410983,-0.2629262785525962,35.00553432965963,-0.18692415115848637,91,37,-2.117062874323887,Mar21-Jun21,Mar-Jun
2021-02-09,TWD,2021-03-17,2021-06-16,-0.07272030172482376,-0.25654106441812824,35.05705757395958,-0.1838207626933045,91,36,-2.0786531172205502,Mar21-Jun21,Mar-Jun
2021-02-10,TWD,2021-03-17,2021-06-16,-0.06777126079240434,-0.24397653885265563,35.1234456869271,-0.1762052780602513,91,35,-1.9884821407789552,Mar21-Jun21,Mar-Jun
2021-02-11,TWD,2021-03-17,2021-06-16,-0.06347802070657066,-0.23337507612709799,34.862916754941594,-0.16989705542052733,91,34,-1.9314110907910225,Mar21-Jun21,Mar-Jun
2021-02-12,TWD,2021-03-17,2021-06-16,-0.057940729825550916,-0.2177166817687368,34.820667998997514,-0.1597759519431859,91,33,-1.8182712884168197,Mar21-Jun21,Mar-Jun
2021-02-15,TWD,2021-03-17,2021-06-16,-0.04793643465543358,-0.19334361977691544,34.8822477385363,-0.14540718512148187,91,30,-1.6513523429444894,Mar21-Jun21,Mar-Jun
2021-02-16,TWD,2021-03-17,2021-06-16,-0.04653214740391224,-0.19254681684377478,35.00428747630478,-0.14601466943986255,91,29,-1.6523957133304468,Mar21-Jun21,Mar-Jun
2021-02-17,TWD,2021-03-17,2021-06-16,-0.04648586282751339,-0.1975649170169319,34.9730280488863,-0.15107905418941853,91,28,-1.7112354725153724,Mar21-Jun21,Mar-Jun
2021-02-18,TWD,2021-03-17,2021-06-16,-0.04244042524333379,-0.1854803769893847,35.12672959663317,-0.1430399517460509,91,27,-1.6128938335145813,Mar21-Jun21,Mar-Jun
2021-02-19,TWD,2021-03-17,2021-06-16,-0.040113951334987935,-0.18051278100744572,35.198163747140164,-0.1403988296724578,91,26,-1.5797916687279718,Mar21-Jun21,Mar-Jun
2021-02-22,TWD,2021-03-17,2021-06-16,-0.035290646832651984,-0.17491885821401418,35.36430564095122,-0.1396282113813622,91,23,-1.5635175275065742,Mar21-Jun21,Mar-Jun
2021-02-23,TWD,2021-03-17,2021-06-16,-0.03231567890386053,-0.16598507800619272,35.28351623361818,-0.1336693991023322,91,22,-1.50009647928455,Mar21-Jun21,Mar-Jun
2021-02-24,TWD,2021-03-17,2021-06-16,-0.02713779972843506,-0.14473493188498698,35.331907825615005,-0.11759713215655193,91,21,-1.3177239890669983,Mar21-Jun21,Mar-Jun
2021-02-25,TWD,2021-03-17,2021-06-16,-0.026895858011524807,-0.14927201196396267,35.5022093078119,-0.12237615395243787,91,20,-1.3646826402041992,Mar21-Jun21,Mar-Jun
2021-02-26,TWD,2021-03-17,2021-06-16,-0.02757953229174141,-0.15967097642587133,35.570956045387284,-0.13209144413412993,91,19,-1.4702023568847546,Mar21-Jun21,Mar-Jun
2021-03-01,TWD,2021-03-17,2021-06-16,-0.023460410478751623,-0.15689149507665148,35.53213916366687,-0.13343108459789987,91,16,-1.486564001552707,Mar21-Jun21,Mar-Jun
2021-03-02,TWD,2021-03-17,2021-06-16,-0.020908358147307016,-0.14775239757430292,35.72194783075164,-0.1268440394269959,91,15,-1.4055629834543637,Mar21-Jun21,Mar-Jun
2021-03-03,TWD,2021-03-17,2021-06-16,-0.020332699247415896,-0.1524952443556192,35.89921930907369,-0.1321625451082033,91,14,-1.4572381899038545,Mar21-Jun21,Mar-Jun
2021-03-04,TWD,2021-03-17,2021-06-16,-0.019462714955394138,-0.1557017196431531,36.00392025601159,-0.13623900468775896,91,13,-1.4977785630296592,Mar21-Jun21,Mar-Jun
2021-03-05,TWD,2021-03-17,2021-06-16,-0.01803267920094878,-0.1547804964748104,36.30153810966051,-0.13674781727386162,91,12,-1.4909815620359697,Mar21-Jun21,Mar-Jun
2021-03-08,TWD,2021-03-17,2021-06-16,-0.013967311887779072,-0.15519235430865636,36.405336429900835,-0.14122504242087727,91,9,-1.5352334607124964,Mar21-Jun21,Mar-Jun
2021-03-09,TWD,2021-03-17,2021-06-16,-0.012581872725812213,-0.15570067498192613,36.33341011843693,-0.14311880225611393,91,8,-1.5588418546827119,Mar21-Jun21,Mar-Jun
2021-03-10,TWD,2021-03-17,2021-06-16,-0.011212344130928512,-0.15697281783299916,36.54419978252124,-0.14576047370207065,91,7,-1.5783949834150288,Mar21-Jun21,Mar-Jun
2021-03-11,TWD,2021-03-17,2021-06-16,-0.010770541246442113,-0.14924892870069786,36.72404736808005,-0.13847838745425575,91,6,-1.4921756788833502,Mar21-Jun21,Mar-Jun
2021-03-12,TWD,2021-03-17,2021-06-16,-0.010280715194775657,-0.14099266552835185,36.73134205397303,-0.1307119503335762,91,5,-1.408189747919382,Mar21-Jun21,Mar-Jun
2021-03-15,TWD,2021-03-17,2021-06-16,-0.010630581976885484,-0.1412348748357643,36.52990365414267,-0.1306042928588788,91,2,-1.4148045126111108,Mar21-Jun21,Mar-Jun
2021-03-16,TWD,2021-03-17,2021-06-16,-0.010653574730980352,-0.1400184107500275,36.39824034911756,-0.12936483601904714,91,1,-1.4064493499690545,Mar21-Jun21,Mar-Jun
2021-03-17,TWD,2021-06-16,2021-09-15,-0.14453540902414463,-0.28907081804828927,36.47840239841221,-0.14453540902414463,91,91,-1.5737065131859214,Jun21-Sep21,Jun-Sep
2021-03-18,TWD,2021-06-16,2021-09-15,-0.14593826708082291,-0.29349807046254384,36.418564865874686,-0.14755980338172092,91,90,-1.6093487653378975,Jun21-Sep21,Jun-Sep
2021-03-19,TWD,2021-06-16,2021-09-15,-0.15266004894235882,-0.30875066078229874,36.595443892784864,-0.1560906118399399,91,89,-1.6944405899686616,Jun21-Sep21,Jun-Sep
2021-03-22,TWD,2021-06-16,2021-09-15,-0.14607796922756439,-0.30064884364277783,36.892128959057615,-0.15457087441521344,91,86,-1.6640949354802246,Jun21-Sep21,Jun-Sep
2021-03-23,TWD,2021-06-16,2021-09-15,-0.13244182874049873,-0.274232492450915,36.78210945549559,-0.1417906637104163,91,85,-1.5305189228661813,Jun21-Sep21,Jun-Sep
2021-03-24,TWD,2021-06-16,2021-09-15,-0.1281804409879987,-0.2670425853916639,36.721398557391225,-0.13886214440366523,91,84,-1.501220104074904,Jun21-Sep21,Jun-Sep
2021-03-25,TWD,2021-06-16,2021-09-15,-0.13059579761844986,-0.27377914199530456,36.72198762697746,-0.1431833443768547,91,83,-1.5480132780129527,Jun21-Sep21,Jun-Sep
2021-03-26,TWD,2021-06-16,2021-09-15,-0.12747456437865606,-0.2689402394817988,36.6917436418451,-0.14146567510314273,91,82,-1.5305773726634033,Jun21-Sep21,Jun-Sep
2021-03-29,TWD,2021-06-16,2021-09-15,-0.12402796211192668,-0.2668956146712346,36.68124839059217,-0.14286765255930794,91,79,-1.5460440011493088,Jun21-Sep21,Jun-Sep
2021-03-30,TWD,2021-06-16,2021-09-15,-0.12511713852421516,-0.2710871334691328,36.667777907707695,-0.14596999494491766,91,78,-1.5802454011574465,Jun21-Sep21,Jun-Sep
2021-03-31,TWD,2021-06-16,2021-09-15,-0.11416605131179659,-0.24908956649846528,36.74264871616332,-0.13492351518666867,91,77,-1.4572357846933182,Jun21-Sep21,Jun-Sep
2021-04-01,TWD,2021-06-16,2021-09-15,-0.1131315756437431,-0.24859175174348813,36.8026659251297,-0.13546017609974503,91,76,-1.4605974713101308,Jun21-Sep21,Jun-Sep
2021-04-02,TWD,2021-06-16,2021-09-15,-0.1112263654213438,-0.24618102213257426,36.56745999268996,-0.13495465671123047,91,75,-1.4644588892010633,Jun21-Sep21,Jun-Sep
2021-04-05,TWD,2021-06-16,2021-09-15,-0.10491643687864909,-0.23751915571138613,36.658199524273485,-0.13260271883273705,91,72,-1.4351164658426203,Jun21-Sep21,Jun-Sep
2021-04-06,TWD,2021-06-16,2021-09-15,-0.10376980326219308,-0.23677053702077858,36.5265206534464,-0.1330007337585855,91,71,-1.4445826760841816,Jun21-Sep21,Jun-Sep
2021-04-07,TWD,2021-06-16,2021-09-15,-0.10054713441800475,-0.23125840916141094,36.41179451514879,-0.1307112747434062,91,70,-1.4240754194246046,Jun21-Sep21,Jun-Sep
2021-04-08,TWD,2021-06-16,2021-09-15,-0.10619937987221724,-0.24625943158775013,36.42672981209277,-0.14006005171553287,91,69,-1.5255386264428306,Jun21-Sep21,Jun-Sep
2021-04-09,TWD,2021-06-16,2021-09-15,-0.10467704178386511,-0.24475955358286108,36.30802597591825,-0.14008251179899597,91,68,-1.5307218543734278,Jun21-Sep21,Jun-Sep
2021-04-12,TWD,2021-06-16,2021-09-15,-0.09714357896286437,-0.2331445895108745,36.32066676501246,-0.13600101054801012,91,65,-1.4852944398338332,Jun21-Sep21,Jun-Sep
2021-04-13,TWD,2021-06-16,2021-09-15,-0.08762730674438728,-0.21222238352156292,36.324156805864384,-0.12459507677717564,91,64,-1.360239535215832,Jun21-Sep21,Jun-Sep
2021-04-14,TWD,2021-06-16,2021-09-15,-0.08866610045981738,-0.21673935667955357,36.43272817523431,-0.1280732562197362,91,63,-1.394074856455352,Jun21-Sep21,Jun-Sep
2021-04-15,TWD,2021-06-16,2021-09-15,-0.09067296011058103,-0.22375746607933708,36.43979291293513,-0.13308450596875604,91,62,-1.4484206389703185,Jun21-Sep21,Jun-Sep
2021-04-16,TWD,2021-06-16,2021-09-15,-0.0883232084049896,-0.22008406028784294,36.478233812773894,-0.13176085188285336,91,61,-1.4324072609065808,Jun21-Sep21,Jun-Sep
2021-04-19,TWD,2021-06-16,2021-09-15,-0.08561791825430012,-0.21994947965328823,36.323282951492104,-0.1343315613989881,91,58,-1.4664895243415403,Jun21-Sep21,Jun-Sep
2021-04-20,TWD,2021-06-16,2021-09-15,-0.07822025036491694,-0.20309819392995976,36.70485298201039,-0.12487794356504282,91,57,-1.3488071303285802,Jun21-Sep21,Jun-Sep
2021-04-21,TWD,2021-06-16,2021-09-15,-0.07648650602731477,-0.20077707832170125,36.93317871415075,-0.12429057229438648,91,56,-1.334083277310664,Jun21-Sep21,Jun-Sep
2021-04-22,TWD,2021-06-16,2021-09-15,-0.07435479988721726,-0.19737819606424944,36.908648507292725,-0.12302339617703219,91,55,-1.321284905756997,Jun21-Sep21,Jun-Sep
2021-04-23,TWD,2021-06-16,2021-09-15,-0.07310911394614275,-0.19631150967019811,36.974476775535074,-0.12320239572405536,91,54,-1.3208022462582112,Jun21-Sep21,Jun-Sep
2021-04-26,TWD,2021-06-16,2021-09-15,-0.06610359659607547,-0.18405315130671993,36.779279386454704,-0.11794955471064446,91,51,-1.27097047038908,Jun21-Sep21,Jun-Sep
2021-04-27,TWD,2021-06-16,2021-09-15,-0.06141766724886907,-0.1731978216418108,36.949893994455294,-0.11178015439294173,91,50,-1.1987678760961276,Jun21-Sep21,Jun-Sep
2021-04-28,TWD,2021-06-16,2021-09-15,-0.05526628902979014,-0.15790368294225757,37.13681009678005,-0.10263739391246743,91,49,-1.0949868860817336,Jun21-Sep21,Jun-Sep
2021-04-29,TWD,2021-06-16,2021-09-15,-0.04775287019184335,-0.13828435326387972,37.100203518467545,-0.09053148307203637,91,48,-0.9665933566407129,Jun21-Sep21,Jun-Sep
2021-04-30,TWD,2021-06-16,2021-09-15,-0.05127440575266657,-0.15055038284825503,37.41197493394462,-0.09927597709558847,91,47,-1.0512118981093654,Jun21-Sep21,Jun-Sep
2021-05-03,TWD,2021-06-16,2021-09-15,-0.049670119634029224,-0.15239695796804423,37.52536673988389,-0.102726838334015,91,44,-1.084414499436378,Jun21-Sep21,Jun-Sep
2021-05-04,TWD,2021-06-16,2021-09-15,-0.04791857019127019,-0.14932763734023732,37.719269693216475,-0.10140906714896714,91,43,-1.0649438239487763,Jun21-Sep21,Jun-Sep
2021-05-05,TWD,2021-06-16,2021-09-15,-0.0428817747336189,-0.13579228665645984,37.85208587828811,-0.09291051192284094,91,42,-0.9721391334729793,Jun21-Sep21,Jun-Sep
2021-05-06,TWD,2021-06-16,2021-09-15,-0.03702823940075474,-0.119212868314625,37.754116264580894,-0.08218462891387027,91,41,-0.862012476353927,Jun21-Sep21,Jun-Sep
2021-05-07,TWD,2021-06-16,2021-09-15,-0.03569190292341869,-0.11689098207419621,37.53956572085474,-0.08119907915077751,91,40,-0.8565171903847115,Jun21-Sep21,Jun-Sep
2021-05-10,TWD,2021-06-16,2021-09-15,-0.030884391030325246,-0.10684329869950356,37.544476707352835,-0.07595890766917832,91,37,-0.8010343959023978,Jun21-Sep21,Jun-Sep
2021-05-11,TWD,2021-06-16,2021-09-15,-0.031293796395873846,-0.11039755950766607,37.658584782551216,-0.07910376311179222,91,36,-0.8316781669822918,Jun21-Sep21,Jun-Sep
2021-05-12,TWD,2021-06-16,2021-09-15,-0.03331818165388532,-0.11994545395398715,37.495090628028834,-0.08662727230010182,91,35,-0.9148026765203772,Jun21-Sep21,Jun-Sep
2021-05-13,TWD,2021-06-16,2021-09-15,-0.035004343919751636,-0.12869244088143983,37.577128383987855,-0.0936880969616882,91,34,-0.9872489615743505,Jun21-Sep21,Jun-Sep
2021-05-14,TWD,2021-06-16,2021-09-15,-0.03641495642208592,-0.13683195746480767,37.605859930669716,-0.10041700104272175,91,33,-1.057386049571456,Jun21-Sep21,Jun-Sep
2021-05-17,TWD,2021-06-16,2021-09-15,-0.03252008027608666,-0.13116432378021617,37.3359154868614,-0.09864424350412951,91,30,-1.046127193140601,Jun21-Sep21,Jun-Sep
2021-05-18,TWD,2021-06-16,2021-09-15,-0.03430574828424532,-0.14195482048653238,37.19329375196545,-0.10764907220228706,91,29,-1.1460604401212655,Jun21-Sep21,Jun-Sep
2021-05-19,TWD,2021-06-16,2021-09-15,-0.03512043439638658,-0.14926184618464294,37.075893808634994,-0.11414141178825636,91,28,-1.2190578141472774,Jun21-Sep21,Jun-Sep
2021-05-20,TWD,2021-06-16,2021-09-15,-0.03723641769224752,-0.16273693658093358,37.167869289959235,-0.12550051888868607,91,27,-1.3371319873214382,Jun21-Sep21,Jun-Sep
2021-05-21,TWD,2021-06-16,2021-09-15,-0.036979518666927905,-0.1664078340011756,37.20893854046144,-0.1294283153342477,91,26,-1.377447188938332,Jun21-Sep21,Jun-Sep
2021-05-24,TWD,2021-06-16,2021-09-15,-0.032099417593611165,-0.1591014611161597,37.24025218055708,-0.1270020435225485,91,23,-1.3503106963769937,Jun21-Sep21,Jun-Sep
2021-05-25,TWD,2021-06-16,2021-09-15,-0.031016351345410868,-0.15931125918324673,37.05418977038956,-0.12829490783783587,91,22,-1.3708719374174483,Jun21-Sep21,Jun-Sep
2021-05-26,TWD,2021-06-16,2021-09-15,-0.030056783065305494,-0.16030284301496264,36.913091365265885,-0.13024605994965716,91,21,-1.3970085273597097,Jun21-Sep21,Jun-Sep
2021-05-27,TWD,2021-06-16,2021-09-15,-0.028151170427776144,-0.1562389958741576,37.01546535474131,-0.12808782544638145,91,20,-1.36998611246788,Jun21-Sep21,Jun-Sep
2021-05-28,TWD,2021-06-16,2021-09-15,-0.028591829220494105,-0.16553164285549218,37.08069012558721,-0.13693981363499808,91,19,-1.4621032194703982,Jun21-Sep21,Jun-Sep
2021-05-31,TWD,2021-06-16,2021-09-15,-0.02360937275345729,-0.1578876802887456,37.10711391983436,-0.13427830753528833,91,16,-1.432472182553233,Jun21-Sep21,Jun-Sep
2021-06-01,TWD,2021-06-16,2021-09-15,-0.0221807866129292,-0.156744225398033,36.89047421907089,-0.1345634387851038,91,15,-1.4438934627813567,Jun21-Sep21,Jun-Sep
2021-06-02,TWD,2021-06-16,2021-09-15,-0.02151594429413584,-0.1613695822060188,36.97050036147841,-0.13985363791188296,91,14,-1.4973811803464603,Jun21-Sep21,Jun-Sep
2021-06-03,TWD,2021-06-16,2021-09-15,-0.019543214843953917,-0.15634571875163134,37.09489743003865,-0.13680250390767743,91,13,-1.4597209661555641,Jun21-Sep21,Jun-Sep
2021-06-04,TWD,2021-06-16,2021-09-15,-0.017451662517211655,-0.14979343660606673,36.98073891277853,-0.13234177408885506,91,12,-1.416405072340128,Jun21-Sep21,Jun-Sep
2021-06-07,TWD,2021-06-16,2021-09-15,-0.012786946173623793,-0.142077179706931,37.00701155022587,-0.1292902335333072,91,9,-1.3825883699935848,Jun21-Sep21,Jun-Sep
2021-06-08,TWD,2021-06-16,2021-09-15,-0.010816597534569638,-0.1338553944902993,37.239225887650605,-0.12303879695572965,91,8,-1.3074608836022648,Jun21-Sep21,Jun-Sep
2021-06-09,TWD,2021-06-16,2021-09-15,-0.009287884136784656,-0.13003037791498517,37.2336453824126,-0.12074249377820051,91,7,-1.2831990794496932,Jun21-Sep21,Jun-Sep
2021-06-10,TWD,2021-06-16,2021-09-15,-0.009522601150362141,-0.1319560445121611,37.01226494987799,-0.12243344336179897,91,6,-1.308962668399971,Jun21-Sep21,Jun-Sep
2021-06-11,TWD,2021-06-16,2021-09-15,-0.009535772758029647,-0.1307763121101209,36.990218103325944,-0.12124053935209124,91,5,-1.2969822964431974,Jun21-Sep21,Jun-Sep
2021-06-14,TWD,2021-06-16,2021-09-15,-0.009451003386360067,-0.12556333070449802,36.74073625394406,-0.11611232731813795,91,2,-1.2505564876800004,Jun21-Sep21,Jun-Sep
2021-06-15,TWD,2021-06-16,2021-09-15,-0.009027218222038063,-0.11864343948964312,36.72461455797286,-0.10961622126760506,91,1,-1.1810966977521289,Jun21-Sep21,Jun-Sep
2021-06-16,TWD,2021-09-15,2021-12-15,-0.12430671759663599,-0.24861343519327198,36.8788484431051,-0.12430671759663599,91,91,-1.3379648221882672,Sep21-Dec21,Sep-Dec
2021-06-17,TWD,2021-09-15,2021-12-15,-0.12142794026866996,-0.24420507987365847,36.751457647983145,-0.12277713960498851,91,90,-1.3259933583193433,Sep21-Dec21,Sep-Dec
2021-06-18,TWD,2021-09-15,2021-12-15,-0.12311503700682641,-0.24899670405875005,36.72004511320143,-0.12588166705192363,91,89,-1.3607518638330327,Sep21-Dec21,Sep-Dec
2021-06-21,TWD,2021-09-15,2021-12-15,-0.11990675952057095,-0.24678484226908207,36.78856543817211,-0.12687808274851112,91,86,-1.3688400135124477,Sep21-Dec21,Sep-Dec
2021-06-22,TWD,2021-09-15,2021-12-15,-0.11405083895777168,-0.23615232537138608,36.8414409103943,-0.1221014864136144,91,85,-1.3152005803053604,Sep21-Dec21,Sep-Dec
2021-06-23,TWD,2021-09-15,2021-12-15,-0.11409782276600977,-0.23770379742918704,36.63225993425426,-0.12360597466317727,91,84,-1.3390341701871205,Sep21-Dec21,Sep-Dec
2021-06-24,TWD,2021-09-15,2021-12-15,-0.10685923294308768,-0.22401815098912356,36.64615964907731,-0.11715891804603588,91,83,-1.2684584115026356,Sep21-Dec21,Sep-Dec
2021-06-25,TWD,2021-09-15,2021-12-15,-0.09529617712030272,-0.20105169075380938,36.7169684884083,-0.10575551363350666,91,82,-1.142420414261634,Sep21-Dec21,Sep-Dec
2021-06-28,TWD,2021-09-15,2021-12-15,-0.08819983997477968,-0.18979712399636134,36.61687649645731,-0.10159728402158166,91,79,-1.100295324639823,Sep21-Dec21,Sep-Dec
2021-06-29,TWD,2021-09-15,2021-12-15,-0.08778238599069599,-0.19019516964650796,36.5586806508798,-0.10241278365581197,91,78,-1.110884275074903,Sep21-Dec21,Sep-Dec
2021-06-30,TWD,2021-09-15,2021-12-15,-0.09123777060394264,-0.1990642267722385,36.42611079711264,-0.10782645616829586,91,77,-1.1739856636213626,Sep21-Dec21,Sep-Dec
2021-07-01,TWD,2021-09-15,2021-12-15,-0.09339347380656132,-0.20521987007494394,36.42343121295254,-0.11182639626838262,91,76,-1.2176979893610531,Sep21-Dec21,Sep-Dec
2021-07-02,TWD,2021-09-15,2021-12-15,-0.09231912675938442,-0.20433300056077083,36.4709227975171,-0.11201387380138642,91,75,-1.2181110975440117,Sep21-Dec21,Sep-Dec
2021-07-05,TWD,2021-09-15,2021-12-15,-0.08874044818013296,-0.19530612853514137,36.60470898468148,-0.10656568035500841,91,72,-1.154504543043254,Sep21-Dec21,Sep-Dec
2021-07-06,TWD,2021-09-15,2021-12-15,-0.08544112486553786,-0.18984314072078112,36.77062685493029,-0.10440201585524327,91,71,-1.125846729690815,Sep21-Dec21,Sep-Dec
2021-07-07,TWD,2021-09-15,2021-12-15,-0.08524091613154662,-0.19148359987817956,36.564057795021185,-0.10624268374663294,91,70,-1.152177517996752,Sep21-Dec21,Sep-Dec
2021-07-08,TWD,2021-09-15,2021-12-15,-0.084625935902425,-0.1921414625351692,36.83332558191189,-0.1075155266327442,91,69,-1.157418230885725,Sep21-Dec21,Sep-Dec
2021-07-09,TWD,2021-09-15,2021-12-15,-0.08327223881318604,-0.191131950752217,36.80369548424248,-0.10785971193903096,91,68,-1.1620175471973972,Sep21-Dec21,Sep-Dec
2021-07-12,TWD,2021-09-15,2021-12-15,-0.08494547244059424,-0.20183327729528058,36.64541811862039,-0.11688780485468635,91,65,-1.264790251498408,Sep21-Dec21,Sep-Dec
2021-07-13,TWD,2021-09-15,2021-12-15,-0.08782496019028525,-0.21116616766669127,36.83778705973894,-0.12334120747640602,91,64,-1.3277380723453875,Sep21-Dec21,Sep-Dec
2021-07-14,TWD,2021-09-15,2021-12-15,-0.08932560811202464,-0.21732252153893508,37.042738456505795,-0.12799691342691044,91,63,-1.3702696901966955,Sep21-Dec21,Sep-Dec
2021-07-15,TWD,2021-09-15,2021-12-15,-0.08498902532168488,-0.20921538499087025,37.12297329735215,-0.12422635966918537,91,62,-1.3268674011553852,Sep21-Dec21,Sep-Dec
2021-07-16,TWD,2021-09-15,2021-12-15,-0.08203474904088892,-0.2044144566264773,37.09645161101034,-0.12237970758558839,91,61,-1.3079754959853014,Sep21-Dec21,Sep-Dec
2021-07-19,TWD,2021-09-15,2021-12-15,-0.08084515270176708,-0.20768840952695333,37.30362478973595,-0.12684325682518627,91,58,-1.348092497178649,Sep21-Dec21,Sep-Dec
2021-07-20,TWD,2021-09-15,2021-12-15,-0.07966756425141794,-0.20685613174052378,37.40469571028383,-0.12718856748910584,91,57,-1.34805943541306,Sep21-Dec21,Sep-Dec
2021-07-21,TWD,2021-09-15,2021-12-15,-0.07435180812546847,-0.19517349632935477,37.50650654411628,-0.1208216882038863,91,56,-1.2769126243176787,Sep21-Dec21,Sep-Dec
2021-07-22,TWD,2021-09-15,2021-12-15,-0.0774985284183909,-0.20572336634700134,37.34701906189783,-0.12822483792861045,91,55,-1.3610668660106056,Sep21-Dec21,Sep-Dec
2021-07-23,TWD,2021-09-15,2021-12-15,-0.07960433400428873,-0.2137523783448494,37.17161807635788,-0.13414804434056066,91,54,-1.430754241910084,Sep21-Dec21,Sep-Dec
2021-07-26,TWD,2021-09-15,2021-12-15,-0.07475570212574684,-0.20814332748737358,36.986233845675685,-0.13338762536162674,91,51,-1.429602214982297,Sep21-Dec21,Sep-Dec
2021-07-27,TWD,2021-09-15,2021-12-15,-0.07125815362449761,-0.20094799322108325,36.813936508474264,-0.12968983959658564,91,50,-1.3963563057146218,Sep21-Dec21,Sep-Dec
2021-07-28,TWD,2021-09-15,2021-12-15,-0.07573580457575727,-0.2163880130735922,36.72340432732998,-0.14065220849783494,91,49,-1.5183130107897722,Sep21-Dec21,Sep-Dec
2021-07-29,TWD,2021-09-15,2021-12-15,-0.07556601953438899,-0.21882659823500145,36.80616794676206,-0.14326057870061246,91,48,-1.5429781075485112,Sep21-Dec21,Sep-Dec
2021-07-30,TWD,2021-09-15,2021-12-15,-0.0697030708965648,-0.20466008050480727,36.950337333859004,-0.13495700960824247,91,47,-1.4476319967268523,Sep21-Dec21,Sep-Dec
2021-08-02,TWD,2021-09-15,2021-12-15,-0.06548023703556029,-0.19418190211608177,37.23712951380924,-0.1287016650805215,91,44,-1.3697251915930397,Sep21-Dec21,Sep-Dec
2021-08-03,TWD,2021-09-15,2021-12-15,-0.06810791908295574,-0.20604384352025124,37.19663522026979,-0.1379359244372955,91,43,-1.4697070416096298,Sep21-Dec21,Sep-Dec
2021-08-04,TWD,2021-09-15,2021-12-15,-0.06100997314043188,-0.1874675556931227,37.50998782851217,-0.12645758255269082,91,42,-1.3358755934156021,Sep21-Dec21,Sep-Dec
2021-08-05,TWD,2021-09-15,2021-12-15,-0.056864534290329866,-0.17783026315681644,37.769748917982824,-0.12096572886648657,91,41,-1.2689184303750811,Sep21-Dec21,Sep-Dec
2021-08-06,TWD,2021-09-15,2021-12-15,-0.05905947776614619,-0.18866326473555878,38.05219958855983,-0.1296037869694126,91,40,-1.34950224336705,Sep21-Dec21,Sep-Dec
2021-08-09,TWD,2021-09-15,2021-12-15,-0.05613492497140697,-0.19104844358219714,37.776643394204775,-0.13491351861079015,91,37,-1.4149433068331163,Sep21-Dec21,Sep-Dec
2021-08-10,TWD,2021-09-15,2021-12-15,-0.05592973534797918,-0.1946639789556583,38.069258715863285,-0.1387342436076791,91,36,-1.4438061086462664,Sep21-Dec21,Sep-Dec
2021-08-11,TWD,2021-09-15,2021-12-15,-0.05546945783729228,-0.1975735561869524,38.09685649139632,-0.14210409834966015,91,35,-1.47778538913242,Sep21-Dec21,Sep-Dec
2021-08-12,TWD,2021-09-15,2021-12-15,-0.05100091148564733,-0.18592008720846273,37.998332201071385,-0.1349191757228154,91,34,-1.4065447332766365,Sep21-Dec21,Sep-Dec
2021-08-13,TWD,2021-09-15,2021-12-15,-0.05303208186052915,-0.19821963030587147,37.88765521293262,-0.14518754844534232,91,33,-1.5181024045891172,Sep21-Dec21,Sep-Dec
2021-08-16,TWD,2021-09-15,2021-12-15,-0.04893583834343162,-0.19737454798517418,38.06112878487431,-0.14843870964174255,91,30,-1.5448465731698562,Sep21-Dec21,Sep-Dec
2021-08-17,TWD,2021-09-15,2021-12-15,-0.05084456028054031,-0.21039128391947715,38.09908454452126,-0.15954672363893685,91,29,-1.6588779192411245,Sep21-Dec21,Sep-Dec
2021-08-18,TWD,2021-09-15,2021-12-15,-0.045107373000416125,-0.19170633525176853,37.871216592342044,-0.1465989622513524,91,28,-1.5332053720190726,Sep21-Dec21,Sep-Dec
2021-08-19,TWD,2021-09-15,2021-12-15,-0.04321142491138451,-0.18884993109419895,37.57098343910166,-0.14563850618281443,91,27,-1.5352692185774732,Sep21-Dec21,Sep-Dec
2021-08-20,TWD,2021-09-15,2021-12-15,-0.03939443057681735,-0.17727493759567808,37.58762793456102,-0.13788050701886073,91,26,-1.4526950952042512,Sep21-Dec21,Sep-Dec
2021-08-23,TWD,2021-09-15,2021-12-15,-0.03627725661212281,-0.17980901103400002,37.34812382908614,-0.1435317544218772,91,23,-1.5218167465342098,Sep21-Dec21,Sep-Dec
2021-08-24,TWD,2021-09-15,2021-12-15,-0.033515027505585514,-0.1721453685514165,37.25361942374845,-0.13863034104583097,91,22,-1.4734717479031065,Sep21-Dec21,Sep-Dec
2021-08-25,TWD,2021-09-15,2021-12-15,-0.03304220862439946,-0.17622511266346377,37.003187186869475,-0.1431829040390643,91,21,-1.5321494207444328,Sep21-Dec21,Sep-Dec
2021-08-26,TWD,2021-09-15,2021-12-15,-0.029325801506894355,-0.1627581983632637,37.1587090734306,-0.13343239685636935,91,20,-1.4216891868582926,Sep21-Dec21,Sep-Dec
2021-08-27,TWD,2021-09-15,2021-12-15,-0.028583654586301303,-0.1654843160259549,37.43428793306265,-0.1369006614396536,91,19,-1.4478674969860141,Sep21-Dec21,Sep-Dec
2021-08-30,TWD,2021-09-15,2021-12-15,-0.02642235644591692,-0.17669950873206938,37.32013385427794,-0.15027715228615246,91,16,-1.5941106319431038,Sep21-Dec21,Sep-Dec
2021-08-31,TWD,2021-09-15,2021-12-15,-0.02324380115656472,-0.16425619483972403,37.21193609483012,-0.14101239368315932,91,15,-1.5000560475541027,Sep21-Dec21,Sep-Dec
2021-09-01,TWD,2021-09-15,2021-12-15,-0.021143817072538346,-0.15159139501746782,37.13215265548516,-0.13044757794492948,91,14,-1.3905748414347752,Sep21-Dec21,Sep-Dec
2021-09-02,TWD,2021-09-15,2021-12-15,-0.019308333153067875,-0.14798482271793784,37.09608326857112,-0.12867648956486996,91,13,-1.3729615095021734,Sep21-Dec21,Sep-Dec
2021-09-03,TWD,2021-09-15,2021-12-15,-0.017979616369348955,-0.14833381794775324,37.145579846116654,-0.1303542015784043,91,12,-1.3889584786198408,Sep21-Dec21,Sep-Dec
2021-09-06,TWD,2021-09-15,2021-12-15,-0.014189034291515065,-0.15316951243537175,37.08777286601443,-0.13898047814385667,91,9,-1.4830313763695158,Sep21-Dec21,Sep-Dec
2021-09-07,TWD,2021-09-15,2021-12-15,-0.01301217869175567,-0.157035377439253,37.11010500237772,-0.14402319874749733,91,8,-1.5358672649716822,Sep21-Dec21,Sep-Dec
2021-09-08,TWD,2021-09-15,2021-12-15,-0.01063037899967265,-0.14533102834515296,37.139179597092884,-0.13470064934548032,91,7,-1.435234343761299,Sep21-Dec21,Sep-Dec
2021-09-09,TWD,2021-09-15,2021-12-15,-0.01091230362733413,-0.14822468157739924,37.05949171989102,-0.1373123779500651,91,6,-1.4662203286555782,Sep21-Dec21,Sep-Dec
2021-09-10,TWD,2021-09-15,2021-12-15,-0.009928365893214806,-0.1336757852379434,36.97176010790035,-0.1237474193447286,91,5,-1.3244750254581024,Sep21-Dec21,Sep-Dec
2021-09-13,TWD,2021-09-15,2021-12-15,-0.009834929305424765,-0.129669192912886,37.009084361714386,-0.11983426360746124,91,2,-1.2812952196160399,Sep21-Dec21,Sep-Dec
2021-09-14,TWD,2021-09-15,2021-12-15,-0.00932360059366237,-0.12204038266908397,37.07857849160872,-0.1127167820754216,91,1,-1.202917473753396,Sep21-Dec21,Sep-Dec
2021-09-15,TWD,2021-12-15,2022-03-16,-0.1173384531594899,-0.21922634394308702,37.081349702142674,-0.10188789078359711,91,91,-1.0904470616391624,Dec21-Mar22,Dec-Mar
2021-09-16,TWD,2021-12-15,2022-03-16,-0.1151122525543756,-0.21607485770332535,37.02881384113887,-0.10096260514894975,91,90,-1.0820169386900018,Dec21-Mar22,Dec-Mar
2021-09-17,TWD,2021-12-15,2022-03-16,-0.10778972362516909,-0.20252280631932654,37.149316587246076,-0.09473308269415745,91,89,-1.0117515960113401,Dec21-Mar22,Dec-Mar
2021-09-20,TWD,2021-12-15,2022-03-16,-0.10300193041439196,-0.1964399749150985,37.325688576248616,-0.09343804450070653,91,86,-0.9930637590152638,Dec21-Mar22,Dec-Mar
2021-09-21,TWD,2021-12-15,2022-03-16,-0.09807746505846104,-0.18759872811340017,37.15036124188611,-0.08952126305493913,91,85,-0.9558116681255878,Dec21-Mar22,Dec-Mar
2021-09-22,TWD,2021-12-15,2022-03-16,-0.103223836176346,-0.19958486229090988,37.11551138354645,-0.09636102611456387,91,84,-1.0299510790053878,Dec21-Mar22,Dec-Mar
2021-09-23,TWD,2021-12-15,2022-03-16,-0.10841465818233403,-0.21175032561172866,37.26863126610058,-0.10333566742939462,91,83,-1.1001024210680694,Dec21-Mar22,Dec-Mar
2021-09-24,TWD,2021-12-15,2022-03-16,-0.1058983152415557,-0.2078050107534275,37.47505331730974,-0.1019066955118718,91,82,-1.0788238771731387,Dec21-Mar22,Dec-Mar
2021-09-27,TWD,2021-12-15,2022-03-16,-0.09415538954515656,-0.18700920758244546,37.4487743897749,-0.0928538180372889,91,79,-0.983369113307687,Dec21-Mar22,Dec-Mar
2021-09-28,TWD,2021-12-15,2022-03-16,-0.0893844368023846,-0.1781658443772711,37.20104486694928,-0.08878140757488649,91,78,-0.9463956793492987,Dec21-Mar22,Dec-Mar
2021-09-29,TWD,2021-12-15,2022-03-16,-0.09358087076155695,-0.18871353522571424,37.11098417334768,-0.09513266446415729,91,77,-1.0166812598913455,Dec21-Mar22,Dec-Mar
2021-09-30,TWD,2021-12-15,2022-03-16,-0.0822536419343443,-0.16527443946370451,37.12107801454588,-0.08302079752936022,91,76,-0.8867288037760258,Dec21-Mar22,Dec-Mar
2021-10-01,TWD,2021-12-15,2022-03-16,-0.08200422245655514,-0.16600350326841357,37.19802184502834,-0.08399928081185842,91,75,-0.8953138522213108,Dec21-Mar22,Dec-Mar
2021-10-04,TWD,2021-12-15,2022-03-16,-0.07741026615266113,-0.17261101760013606,37.251684818870864,-0.09520075144747493,91,72,-1.01311555344682,Dec21-Mar22,Dec-Mar
2021-10-05,TWD,2021-12-15,2022-03-16,-0.06907358535910413,-0.153883675537895,37.2959809389634,-0.08481009017879088,91,71,-0.901263275717319,Dec21-Mar22,Dec-Mar
2021-10-06,TWD,2021-12-15,2022-03-16,-0.06165248321010973,-0.13696489166650946,37.43860425865492,-0.07531240845639973,91,70,-0.7971201078114231,Dec21-Mar22,Dec-Mar
2021-10-07,TWD,2021-12-15,2022-03-16,-0.05674648865795878,-0.12559556652809792,37.67186687100603,-0.06884907787013914,91,69,-0.7240970535752771,Dec21-Mar22,Dec-Mar
2021-10-08,TWD,2021-12-15,2022-03-16,-0.052319623626071184,-0.11522620094529441,37.548620758469774,-0.06290657731922322,91,68,-0.6636952911813326,Dec21-Mar22,Dec-Mar
2021-10-11,TWD,2021-12-15,2022-03-16,-0.04775308971834027,-0.10396685791619366,37.55490849819875,-0.05621376819785339,91,65,-0.5929112338795921,Dec21-Mar22,Dec-Mar
2021-10-12,TWD,2021-12-15,2022-03-16,-0.05197796980825922,-0.11396350025245462,37.752806801966926,-0.0619855304441954,91,64,-0.6504299525287427,Dec21-Mar22,Dec-Mar
2021-10-13,TWD,2021-12-15,2022-03-16,-0.052488151300942705,-0.11513508629239697,37.75971567796464,-0.06264693499145427,91,63,-0.6572586869782076,Dec21-Mar22,Dec-Mar
2021-10-14,TWD,2021-12-15,2022-03-16,-0.05804898265093848,-0.12892821400110346,37.45286794482277,-0.07087923135016498,91,62,-0.7498401184279687,Dec21-Mar22,Dec-Mar
2021-10-15,TWD,2021-12-15,2022-03-16,-0.05595073673397344,-0.12381055258713478,37.4584239638849,-0.06785981585316134,91,61,-0.7177504352019287,Dec21-Mar22,Dec-Mar
2021-10-18,TWD,2021-12-15,2022-03-16,-0.055674118598138866,-0.12747425873995646,37.321517139526144,-0.0718001401418176,91,58,-0.7622114178166627,Dec21-Mar22,Dec-Mar
2021-10-19,TWD,2021-12-15,2022-03-16,-0.04683877835087135,-0.10603859358992189,37.38692047593317,-0.05919981523905054,91,57,-0.6272002112157127,Dec21-Mar22,Dec-Mar
2021-10-20,TWD,2021-12-15,2022-03-16,-0.04548874504375151,-0.1038706171112555,37.289612708621334,-0.05838187206750399,91,56,-0.620128029755917,Dec21-Mar22,Dec-Mar
2021-10-21,TWD,2021-12-15,2022-03-16,-0.04988808465925422,-0.11688541967021532,37.30744487516828,-0.0669973350109611,91,55,-0.7113842803259229,Dec21-Mar22,Dec-Mar
2021-10-22,TWD,2021-12-15,2022-03-16,-0.052399185250251695,-0.125196396680022,37.21228624734702,-0.0727972114297703,91,54,-0.7749995790147357,Dec21-Mar22,Dec-Mar
2021-10-25,TWD,2021-12-15,2022-03-16,-0.05048478577932122,-0.12502320843628267,37.30145649003289,-0.07453842265696145,91,51,-0.7915961999226481,Dec21-Mar22,Dec-Mar
2021-10-26,TWD,2021-12-15,2022-03-16,-0.056785050822633056,-0.14465075345748085,37.1594156696265,-0.0878657026348478,91,50,-0.9368623627349714,Dec21-Mar22,Dec-Mar
2021-10-27,TWD,2021-12-15,2022-03-16,-0.048643439592528426,-0.12354860152021031,37.038370700261545,-0.07490516192768189,91,49,-0.801109213464214,Dec21-Mar22,Dec-Mar
2021-10-28,TWD,2021-12-15,2022-03-16,-0.04751371371529733,-0.12218961900484512,36.96522470968811,-0.07467590528954779,91,48,-0.8002152782848394,Dec21-Mar22,Dec-Mar
2021-10-29,TWD,2021-12-15,2022-03-16,-0.04180641520493646,-0.10732096249588302,37.031492475305335,-0.06551454729094655,91,47,-0.7006775575823662,Dec21-Mar22,Dec-Mar
2021-11-01,TWD,2021-12-15,2022-03-16,-0.03081144092894967,-0.10052026660590299,37.2491104005961,-0.06970882567695333,91,44,-0.7409558905448447,Dec21-Mar22,Dec-Mar
2021-11-02,TWD,2021-12-15,2022-03-16,-0.029330981801665105,-0.09617072028395465,37.289027292291834,-0.06683973848228955,91,43,-0.7096701520135329,Dec21-Mar22,Dec-Mar
2021-11-03,TWD,2021-12-15,2022-03-16,-0.03174110577742447,-0.10401812958754063,37.24918859311695,-0.07227702381011616,91,42,-0.7682716105183909,Dec21-Mar22,Dec-Mar
2021-11-04,TWD,2021-12-15,2022-03-16,-0.03144268834836102,-0.10344423691073096,37.31462177298296,-0.07200154856236994,91,41,-0.7639941067508479,Dec21-Mar22,Dec-Mar
2021-11-05,TWD,2021-12-15,2022-03-16,-0.0308922920126944,-0.10205443598511407,37.50523741678218,-0.07116214397241967,91,40,-0.7512354615508601,Dec21-Mar22,Dec-Mar
2021-11-08,TWD,2021-12-15,2022-03-16,-0.031515588068536174,-0.10562489558039352,37.31089936484633,-0.07410930751185735,91,37,-0.7864391745968402,Dec21-Mar22,Dec-Mar
2021-11-09,TWD,2021-12-15,2022-03-16,-0.03256251234945132,-0.10993035540684291,37.398877869512795,-0.0773678430573916,91,36,-0.819108293107864,Dec21-Mar22,Dec-Mar
2021-11-10,TWD,2021-12-15,2022-03-16,-0.033577336944353796,-0.11430085319164544,37.643880747484566,-0.08072351624729165,91,35,-0.8490912053403323,Dec21-Mar22,Dec-Mar
2021-11-11,TWD,2021-12-15,2022-03-16,-0.0347447871018551,-0.11950645560888266,37.58662443866949,-0.08476166850702757,91,34,-0.8929536670674455,Dec21-Mar22,Dec-Mar
2021-11-12,TWD,2021-12-15,2022-03-16,-0.03543866596705454,-0.12317950313972136,37.653825863309585,-0.08774083717266681,91,33,-0.9227046517818002,Dec21-Mar22,Dec-Mar
2021-11-15,TWD,2021-12-15,2022-03-16,-0.037465558173924225,-0.13545184676023747,37.58217089901663,-0.09798628858631325,91,30,-1.0324706538990334,Dec21-Mar22,Dec-Mar
2021-11-16,TWD,2021-12-15,2022-03-16,-0.035575744661974246,-0.13151523359691444,37.66738635528748,-0.0959394889349402,91,29,-1.0085638431647714,Dec21-Mar22,Dec-Mar
2021-11-17,TWD,2021-12-15,2022-03-16,-0.03378362736987284,-0.12792406561381972,37.57524169953558,-0.09414043824394688,91,28,-0.9920331570989727,Dec21-Mar22,Dec-Mar
2021-11-18,TWD,2021-12-15,2022-03-16,-0.032223712766166625,-0.12532505456241028,37.210811842007494,-0.09310134179624366,91,27,-0.9906589223675115,Dec21-Mar22,Dec-Mar
2021-11-19,TWD,2021-12-15,2022-03-16,-0.029729012977102315,-0.11821284326434332,37.36251631828108,-0.08848383028724101,91,26,-0.9376367190395878,Dec21-Mar22,Dec-Mar
2021-11-22,TWD,2021-12-15,2022-03-16,-0.026459259575644573,-0.11568592702303104,37.10392383587133,-0.08922666744738647,91,23,-0.9520192993423616,Dec21-Mar22,Dec-Mar
2021-11-23,TWD,2021-12-15,2022-03-16,-0.0224696699309217,-0.10003723532473725,36.90038455090171,-0.07756756539381555,91,22,-0.8320988300224735,Dec21-Mar22,Dec-Mar
2021-11-24,TWD,2021-12-15,2022-03-16,-0.022164072157346455,-0.10278198877762623,37.02335054773161,-0.08061791662027978,91,21,-0.8619399867219595,Dec21-Mar22,Dec-Mar
2021-11-25,TWD,2021-12-15,2022-03-16,-0.022116672976572015,-0.10732113014207487,37.02337170695955,-0.08520445716550284,91,20,-0.9109760668604675,Dec21-Mar22,Dec-Mar
2021-11-26,TWD,2021-12-15,2022-03-16,-0.020568057507444282,-0.10363903525877646,37.05406179816229,-0.08307097775133218,91,19,-0.8873924824841043,Dec21-Mar22,Dec-Mar
2021-11-29,TWD,2021-12-15,2022-03-16,-0.01844990848580123,-0.107983276581332,36.96116740191292,-0.08953336809553077,91,16,-0.9587760829494872,Dec21-Mar22,Dec-Mar
2021-11-30,TWD,2021-12-15,2022-03-16,-0.018345824783454822,-0.11428244205880575,36.867327386259944,-0.09593661727535092,91,15,-1.02995919792868,Dec21-Mar22,Dec-Mar
2021-12-01,TWD,2021-12-15,2022-03-16,-0.017220265364970257,-0.11388898872334162,36.63120363344479,-0.09666872335837136,91,14,-1.0444799598444188,Dec21-Mar22,Dec-Mar
2021-12-02,TWD,2021-12-15,2022-03-16,-0.01709516484577683,-0.12138676883986227,36.8989198232457,-0.10429160399408544,91,13,-1.1186598642238492,Dec21-Mar22,Dec-Mar
2021-12-03,TWD,2021-12-15,2022-03-16,-0.014694324124448167,-0.11089895285252747,36.54559011756629,-0.0962046287280793,91,12,-1.0418297491940995,Dec21-Mar22,Dec-Mar
2021-12-06,TWD,2021-12-15,2022-03-16,-0.011512287577604047,-0.11268750436753294,36.54432492069554,-0.1011752167899289,91,9,-1.0956003002090506,Dec21-Mar22,Dec-Mar
2021-12-07,TWD,2021-12-15,2022-03-16,-0.009878167666480132,-0.10693916197169903,36.727590962382216,-0.0970609943052189,91,8,-1.045755660314602,Dec21-Mar22,Dec-Mar
2021-12-08,TWD,2021-12-15,2022-03-16,-0.00868749096274163,-0.10641517303225112,36.50328107071607,-0.09772768206950949,91,7,-1.0593761104487749,Dec21-Mar22,Dec-Mar
2021-12-09,TWD,2021-12-15,2022-03-16,-0.008764838930904559,-0.1062232967768745,36.55758818044135,-0.09745845784596995,91,6,-1.0548901657499035,Dec21-Mar22,Dec-Mar
2021-12-10,TWD,2021-12-15,2022-03-16,-0.009564102261105899,-0.11592339822569736,36.57943868101188,-0.10635929596459145,91,5,-1.1505701203970693,Dec21-Mar22,Dec-Mar
2021-12-13,TWD,2021-12-15,2022-03-16,-0.009499093335574475,-0.1109235425790427,36.66887388175794,-0.10142444924346823,91,2,-1.094507426109789,Dec21-Mar22,Dec-Mar
2021-12-14,TWD,2021-12-15,2022-03-16,-0.008982534029238138,-0.10275980925742013,36.71124544730323,-0.093777275228182,91,1,-1.0108014967833447,Dec21-Mar22,Dec-Mar
2021-12-15,TWD,2022-03-16,2022-06-15,-0.1046369771450251,-0.22457602601894908,36.72497214935715,-0.11993904887392398,91,91,-1.2956848897204825,Mar22-Jun22,Mar-Jun
2021-12-16,TWD,2022-03-16,2022-06-15,-0.11085205555882692,-0.2385038551337434,36.952744770704896,-0.12765179957491646,91,90,-1.3707116897901928,Mar22-Jun22,Mar-Jun
2021-12-17,TWD,2022-03-16,2022-06-15,-0.10842623742671265,-0.2350451279959622,36.9835689186556,-0.12661889056924955,91,89,-1.3583944639553969,Mar22-Jun22,Mar-Jun
2021-12-20,TWD,2022-03-16,2022-06-15,-0.10482748642868764,-0.2320161563761414,36.894708144275405,-0.12718866994745376,91,86,-1.3676694787417536,Mar22-Jun22,Mar-Jun
2021-12-21,TWD,2022-03-16,2022-06-15,-0.11376197664583837,-0.25219404758743935,37.30249200698361,-0.13843207094160098,91,85,-1.4726056983510776,Mar22-Jun22,Mar-Jun
2021-12-22,TWD,2022-03-16,2022-06-15,-0.11799018470636549,-0.26269917922213626,37.40963686273801,-0.14470899451577077,91,84,-1.5351296982993292,Mar22-Jun22,Mar-Jun
2021-12-23,TWD,2022-03-16,2022-06-15,-0.11384979573934108,-0.2557484631813385,37.378232582129506,-0.14189866744199742,91,83,-1.50641798878696,Mar22-Jun22,Mar-Jun
2021-12-24,TWD,2022-03-16,2022-06-15,-0.11887332256554312,-0.2680176964616275,37.24922125752506,-0.14914437389608437,91,82,-1.5890551307601468,Mar22-Jun22,Mar-Jun
2021-12-27,TWD,2022-03-16,2022-06-15,-0.11409205250453744,-0.2632828028729731,37.02046156993872,-0.14919075036843568,91,79,-1.5991959491271572,Mar22-Jun22,Mar-Jun
2021-12-28,TWD,2022-03-16,2022-06-15,-0.1217196422713108,-0.28176263343525354,37.10415465753636,-0.16004299116394274,91,78,-1.7119941064994888,Mar22-Jun22,Mar-Jun
2021-12-29,TWD,2022-03-16,2022-06-15,-0.11179818632344443,-0.2622509675425705,37.21923160718922,-0.15045278121912606,91,77,-1.6039854038442456,Mar22-Jun22,Mar-Jun
2021-12-30,TWD,2022-03-16,2022-06-15,-0.11431734221831907,-0.26982121175572693,37.32965124332197,-0.15550386953740786,91,76,-1.6530286812948627,Mar22-Jun22,Mar-Jun
2021-12-31,TWD,2022-03-16,2022-06-15,-0.10610650293959963,-0.25375253255425784,37.39148449043871,-0.14764602961465823,91,75,-1.5665502527205215,Mar22-Jun22,Mar-Jun
2022-01-03,TWD,2022-03-16,2022-06-15,-0.1176897836930047,-0.26643659363833005,37.59277293111619,-0.14874680994532535,91,72,-1.5702404612423104,Mar22-Jun22,Mar-Jun
2022-01-04,TWD,2022-03-16,2022-06-15,-0.11738460052144134,-0.2678352856968098,37.439573030290816,-0.15045068517536847,91,71,-1.594733719569258,Mar22-Jun22,Mar-Jun
2022-01-05,TWD,2022-03-16,2022-06-15,-0.1162201694790453,-0.2673063898018042,37.43336580635423,-0.15108622032275892,91,70,-1.60168662031522,Mar22-Jun22,Mar-Jun
2022-01-06,TWD,2022-03-16,2022-06-15,-0.1115682627848191,-0.2587090151532037,37.38838612634693,-0.14714075236838461,91,69,-1.5615476788422133,Mar22-Jun22,Mar-Jun
2022-01-07,TWD,2022-03-16,2022-06-15,-0.11294195217795215,-0.2640848587690352,37.11971027031119,-0.15114290659108304,91,68,-1.6157260125456159,Mar22-Jun22,Mar-Jun
2022-01-10,TWD,2022-03-16,2022-06-15,-0.10458964961788263,-0.25101515908291827,37.11080031346444,-0.14642550946503563,91,65,-1.5653203647130405,Mar22-Jun22,Mar-Jun
2022-01-11,TWD,2022-03-16,2022-06-15,-0.10195730199555886,-0.2469278407704941,37.17160975121674,-0.14497053877493524,91,64,-1.5471141104185495,Mar22-Jun22,Mar-Jun
2022-01-12,TWD,2022-03-16,2022-06-15,-0.09449571302265093,-0.2309895207220356,37.3663998424926,-0.13649380769938468,91,63,-1.4487467587136604,Mar22-Jun22,Mar-Jun
2022-01-13,TWD,2022-03-16,2022-06-15,-0.09790688483749162,-0.24160892548606802,37.349907478632105,-0.1437020406485764,91,62,-1.5260699568271803,Mar22-Jun22,Mar-Jun
2022-01-14,TWD,2022-03-16,2022-06-15,-0.09259730637142345,-0.23073427161403876,37.54437849549206,-0.13813696524261532,91,61,-1.459145303916939,Mar22-Jun22,Mar-Jun
2022-01-17,TWD,2022-03-16,2022-06-15,-0.08855765889905849,-0.22750157199930543,37.59711974497225,-0.13894391310024695,91,58,-1.4654473460965622,Mar22-Jun22,Mar-Jun
2022-01-18,TWD,2022-03-16,2022-06-15,-0.0863716128213494,-0.22426313504490725,37.66624529220802,-0.13789152222355783,91,57,-1.4515879636429216,Mar22-Jun22,Mar-Jun
2022-01-19,TWD,2022-03-16,2022-06-15,-0.09105320643209912,-0.23901466688426015,37.64075101370631,-0.14796146045216102,91,56,-1.558846210570055,Mar22-Jun22,Mar-Jun
2022-01-20,TWD,2022-03-16,2022-06-15,-0.08428169754459756,-0.22372959711838625,37.71274978831938,-0.13944789957378867,91,55,-1.466076213788681,Mar22-Jun22,Mar-Jun
2022-01-21,TWD,2022-03-16,2022-06-15,-0.07756673197835068,-0.20828103957149718,37.86384799211554,-0.1307143075931465,91,54,-1.3685166395769504,Mar22-Jun22,Mar-Jun
2022-01-24,TWD,2022-03-16,2022-06-15,-0.06771650985095226,-0.18854400782029843,37.602298394854365,-0.12082749796934616,91,51,-1.273489323872058,Mar22-Jun22,Mar-Jun
2022-01-25,TWD,2022-03-16,2022-06-15,-0.06860455171004966,-0.19346483582234003,37.68939593085661,-0.12486028411229037,91,50,-1.3129781543780707,Mar22-Jun22,Mar-Jun
2022-01-26,TWD,2022-03-16,2022-06-15,-0.06589181497595525,-0.18826232850272928,37.70123815752844,-0.12237051352677403,91,49,-1.2862991243108162,Mar22-Jun22,Mar-Jun
2022-01-27,TWD,2022-03-16,2022-06-15,-0.06115184443854393,-0.17708554951995012,37.827217823234335,-0.11593370508140619,91,48,-1.2144204629272393,Mar22-Jun22,Mar-Jun
2022-01-28,TWD,2022-03-16,2022-06-15,-0.06289975767260796,-0.18468439486850846,37.76640998843025,-0.1217846371959005,91,47,-1.277826321658587,Mar22-Jun22,Mar-Jun
2022-01-31,TWD,2022-03-16,2022-06-15,-0.06020014298391666,-0.18470498415519884,37.51469216931886,-0.12450484117128219,91,44,-1.3150535430237134,Mar22-Jun22,Mar-Jun
2022-02-01,TWD,2022-03-16,2022-06-15,-0.06329495214743179,-0.1972447345989735,37.546527117533905,-0.1339497824515417,91,43,-1.4137287439426791,Mar22-Jun22,Mar-Jun
2022-02-02,TWD,2022-03-16,2022-06-15,-0.06194583079087983,-0.19616179750445278,37.661208431225816,-0.13421596671357294,91,42,-1.4121666947682752,Mar22-Jun22,Mar-Jun
2022-02-03,TWD,2022-03-16,2022-06-15,-0.06081414260162387,-0.19579187374181342,38.12663358658032,-0.13497773114018954,91,41,-1.402775101856216,Mar22-Jun22,Mar-Jun
2022-02-04,TWD,2022-03-16,2022-06-15,-0.0605882093937266,-0.19842638576445462,38.00131026378438,-0.13783817637072804,91,40,-1.437225901399092,Mar22-Jun22,Mar-Jun
2022-02-07,TWD,2022-03-16,2022-06-15,-0.05686179772056174,-0.1967110840062676,38.01241246413823,-0.13984928628570586,91,37,-1.4576258651336627,Mar22-Jun22,Mar-Jun
2022-02-08,TWD,2022-03-16,2022-06-15,-0.05432986048101185,-0.1916636744746807,37.76943579630207,-0.13733381399366884,91,36,-1.4405331533063734,Mar22-Jun22,Mar-Jun
2022-02-09,TWD,2022-03-16,2022-06-15,-0.05410474237520609,-0.19477707255074192,37.69555183736216,-0.14067233017553582,91,35,-1.4784392326076503,Mar22-Jun22,Mar-Jun
2022-02-10,TWD,2022-03-16,2022-06-15,-0.05580299821255717,-0.2051580816638131,37.7803680456315,-0.14935508345125592,91,34,-1.5662348245740618,Mar22-Jun22,Mar-Jun
2022-02-11,TWD,2022-03-16,2022-06-15,-0.050947699963274536,-0.19143984228624372,37.51206122671535,-0.1404921423229692,91,33,-1.4836534159924035,Mar22-Jun22,Mar-Jun
2022-02-14,TWD,2022-03-16,2022-06-15,-0.04627764989830176,-0.18665318792315044,37.517440796973894,-0.14037553802484867,91,30,-1.4820244479732922,Mar22-Jun22,Mar-Jun
2022-02-15,TWD,2022-03-16,2022-06-15,-0.04654784360856191,-0.19261176665611823,37.45291794385414,-0.14606392304755633,91,29,-1.5447510635750297,Mar22-Jun22,Mar-Jun
2022-02-16,TWD,2022-03-16,2022-06-15,-0.04573246513952936,-0.19436297684299977,37.44524314347265,-0.1486305117034704,91,28,-1.5721832367419062,Mar22-Jun22,Mar-Jun
2022-02-17,TWD,2022-03-16,2022-06-15,-0.04351457871459058,-0.19017482549339587,37.43655781233718,-0.1466602467788053,91,27,-1.5516104940597468,Mar22-Jun22,Mar-Jun
2022-02-18,TWD,2022-03-16,2022-06-15,-0.040378399038590064,-0.18170279567365527,37.1876031366909,-0.1413243966350652,91,26,-1.505053282171685,Mar22-Jun22,Mar-Jun
2022-02-21,TWD,2022-03-16,2022-06-15,-0.036697137571430866,-0.18189016013665732,37.1714173864762,-0.14519302256522645,91,23,-1.5467734118607441,Mar22-Jun22,Mar-Jun
2022-02-22,TWD,2022-03-16,2022-06-15,-0.034869947118825066,-0.17910472838305602,37.230177415635445,-0.14423478126423095,91,22,-1.534062153282811,Mar22-Jun22,Mar-Jun
2022-02-23,TWD,2022-03-16,2022-06-15,-0.033482432383733725,-0.17857297271324654,37.452195296822055,-0.14509054032951282,91,21,-1.5339505589868094,Mar22-Jun22,Mar-Jun
2022-02-24,TWD,2022-03-16,2022-06-15,-0.031198969035644095,-0.17315427814782472,37.45445197190451,-0.14195530911218063,91,20,-1.5006216658892606,Mar22-Jun22,Mar-Jun
2022-02-25,TWD,2022-03-16,2022-06-15,-0.028992637877648858,-0.1678521140284934,37.56592076467604,-0.13885947615084454,91,19,-1.4634500444744485,Mar22-Jun22,Mar-Jun
2022-02-28,TWD,2022-03-16,2022-06-15,-0.022657732327441005,-0.15152358493976173,37.63996186034557,-0.12886585261232072,91,16,-1.3552246477644616,Mar22-Jun22,Mar-Jun
2022-03-01,TWD,2022-03-16,2022-06-15,-0.020349973656709677,-0.14380648050741504,37.64554768945842,-0.12345650685070536,91,15,-1.2980645881255384,Mar22-Jun22,Mar-Jun
2022-03-02,TWD,2022-03-16,2022-06-15,-0.017916955756554366,-0.13437716817415776,37.517211435462826,-0.1164602124176034,91,14,-1.2286143668744627,Mar22-Jun22,Mar-Jun
2022-03-03,TWD,2022-03-16,2022-06-15,-0.016908462193451913,-0.1352676975476153,37.36637473707614,-0.1183592353541634,91,13,-1.2536573728222866,Mar22-Jun22,Mar-Jun
2022-03-04,TWD,2022-03-16,2022-06-15,-0.014059895471050134,-0.12068076945984697,37.331274350542934,-0.10662087398879684,91,12,-1.1303010428051259,Mar22-Jun22,Mar-Jun
2022-03-07,TWD,2022-03-16,2022-06-15,-0.010976003646241168,-0.12195559606934633,37.443810032093985,-0.11097959242310516,91,9,-1.1728744489823764,Mar22-Jun22,Mar-Jun
2022-03-08,TWD,2022-03-16,2022-06-15,-0.009838236091699508,-0.12174817163478142,37.40556162453626,-0.11190993554308191,91,8,-1.1838803585312856,Mar22-Jun22,Mar-Jun
2022-03-09,TWD,2022-03-16,2022-06-15,-0.008309186291372424,-0.11632860807921393,37.227426829914776,-0.1080194217878415,91,7,-1.1481453826791188,Mar22-Jun22,Mar-Jun
2022-03-10,TWD,2022-03-16,2022-06-15,-0.008833885972561904,-0.1224124199055007,37.14718545974386,-0.11357853393293879,91,6,-1.2098589562038182,Mar22-Jun22,Mar-Jun
2022-03-11,TWD,2022-03-16,2022-06-15,-0.009758713995623735,-0.13383379193998265,37.23830275422822,-0.12407507794435892,91,5,-1.318468059527189,Mar22-Jun22,Mar-Jun
2022-03-14,TWD,2022-03-16,2022-06-15,-0.009541879753794573,-0.12677068815755646,37.24340370099054,-0.11722880840376189,91,2,-1.2455391309837776,Mar22-Jun22,Mar-Jun
2022-03-15,TWD,2022-03-16,2022-06-15,-0.009435430525140402,-0.12400851547327385,37.13316479288301,-0.11457308494813345,91,1,-1.2209338016938587,Mar22-Jun22,Mar-Jun
2022-03-16,TWD,2022-06-15,2022-09-21,-0.1147900231953789,-0.2384100481750177,36.85530781911943,-0.12362002497963881,98,91,-1.2360042936755433,Jun22-Sep22,Jun-Sep
2022-03-17,TWD,2022-06-15,2022-09-21,-0.11240297650151268,-0.23479732869204872,36.89734802419787,-0.12239435219053604,98,90,-1.2222715173913252,Jun22-Sep22,Jun-Sep
2022-03-18,TWD,2022-06-15,2022-09-21,-0.11908099520990326,-0.2502038888118192,36.96539603565354,-0.13112289360191595,98,89,-1.3072567369404071,Jun22-Sep22,Jun-Sep
2022-03-21,TWD,2022-06-15,2022-09-21,-0.11724458632809379,-0.2508488823763867,37.03622567865462,-0.1336042960482929,98,86,-1.3293738805483937,Jun22-Sep22,Jun-Sep
2022-03-22,TWD,2022-06-15,2022-09-21,-0.11050683627918506,-0.2379147181069514,37.1750262171048,-0.12740788182776633,98,85,-1.2627411914995195,Jun22-Sep22,Jun-Sep
2022-03-23,TWD,2022-06-15,2022-09-21,-0.10550906006909039,-0.22860296348302916,37.12901530095577,-0.12309390341393878,98,84,-1.2213367450082753,Jun22-Sep22,Jun-Sep
2022-03-24,TWD,2022-06-15,2022-09-21,-0.10011944161734003,-0.2183327582257656,37.26842444703523,-0.11821331660842556,98,83,-1.168342219863811,Jun22-Sep22,Jun-Sep
2022-03-25,TWD,2022-06-15,2022-09-21,-0.09921413487096756,-0.21778712532651417,37.212752609653464,-0.11857299045554662,98,82,-1.173626306068853,Jun22-Sep22,Jun-Sep
2022-03-28,TWD,2022-06-15,2022-09-21,-0.0933607057464708,-0.20917525211551052,36.95843221354161,-0.11581454636903972,98,79,-1.1540495470175407,Jun22-Sep22,Jun-Sep
2022-03-29,TWD,2022-06-15,2022-09-21,-0.09769224337595536,-0.2204337799252326,36.81790510440418,-0.12274153654927725,98,78,-1.227899410132057,Jun22-Sep22,Jun-Sep
2022-03-30,TWD,2022-06-15,2022-09-21,-0.09998335554902792,-0.22723489897506344,36.66798817051718,-0.1272515434260355,98,77,-1.2783159805557243,Jun22-Sep22,Jun-Sep
2022-03-31,TWD,2022-06-15,2022-09-21,-0.09754838555101497,-0.22333446165627113,36.81903407213992,-0.12578607610525616,98,76,-1.2583131955013653,Jun22-Sep22,Jun-Sep
2022-04-01,TWD,2022-06-15,2022-09-21,-0.0944596234755481,-0.21788686481693093,36.976877087896455,-0.12342724134138283,98,75,-1.2293288343151985,Jun22-Sep22,Jun-Sep
2022-04-04,TWD,2022-06-15,2022-09-21,-0.09354290437659601,-0.22086519088918505,37.19816177599406,-0.12732228651258903,98,72,-1.2605291096002722,Jun22-Sep22,Jun-Sep
2022-04-05,TWD,2022-06-15,2022-09-21,-0.09427414003770469,-0.22439900938552243,37.13178659829601,-0.13012486934781775,98,71,-1.2906096884167413,Jun22-Sep22,Jun-Sep
2022-04-06,TWD,2022-06-15,2022-09-21,-0.09017074444595388,-0.21640978667028934,37.36054879458013,-0.12623904222433546,98,70,-1.2442461853400821,Jun22-Sep22,Jun-Sep
2022-04-07,TWD,2022-06-15,2022-09-21,-0.0966041652202581,-0.2338100810403348,37.63246785012908,-0.13720591582007668,98,69,-1.3427737691476027,Jun22-Sep22,Jun-Sep
2022-04-08,TWD,2022-06-15,2022-09-21,-0.09799954219250763,-0.2392341765287686,37.473154167127575,-0.141234634336261,98,68,-1.3881443727295983,Jun22-Sep22,Jun-Sep
2022-04-11,TWD,2022-06-15,2022-09-21,-0.09397434251452187,-0.23565873584410868,37.56086535026618,-0.14168439332958682,98,65,-1.3891552451235532,Jun22-Sep22,Jun-Sep
2022-04-12,TWD,2022-06-15,2022-09-21,-0.09336823993541417,-0.23633835733651712,37.771930206280395,-0.14297011740110294,98,64,-1.3938863964760784,Jun22-Sep22,Jun-Sep
2022-04-13,TWD,2022-06-15,2022-09-21,-0.08482243857442574,-0.2167684541346436,37.66537603953231,-0.13194601556021784,98,63,-1.289761864988503,Jun22-Sep22,Jun-Sep
2022-04-14,TWD,2022-06-15,2022-09-21,-0.08301297865050221,-0.2142270416787154,37.8348541434627,-0.1312140630282132,98,62,-1.2767876450656417,Jun22-Sep22,Jun-Sep
2022-04-15,TWD,2022-06-15,2022-09-21,-0.08212118909107131,-0.21405359123738263,37.87591124737514,-0.1319324021463113,98,61,-1.2823525764154973,Jun22-Sep22,Jun-Sep
2022-04-18,TWD,2022-06-15,2022-09-21,-0.07588437324617225,-0.20410279700694609,37.88250511029069,-0.12821842376077383,98,58,-1.2458306123347485,Jun22-Sep22,Jun-Sep
2022-04-19,TWD,2022-06-15,2022-09-21,-0.06671683290704364,-0.18142296667704846,37.782386854463496,-0.11470613377000483,98,57,-1.1172265287903635,Jun22-Sep22,Jun-Sep
2022-04-20,TWD,2022-06-15,2022-09-21,-0.06694937592203103,-0.18411078378558532,37.437560963598784,-0.11716140786355429,98,56,-1.151677285781927,Jun22-Sep22,Jun-Sep
2022-04-21,TWD,2022-06-15,2022-09-21,-0.06664360044453603,-0.1853903794184366,37.06799637311977,-0.11874677897390058,98,55,-1.1789100256282423,Jun22-Sep22,Jun-Sep
2022-04-22,TWD,2022-06-15,2022-09-21,-0.06873438155376198,-0.19347455548466333,37.10833319750486,-0.12474017393090135,98,54,-1.237133297893821,Jun22-Sep22,Jun-Sep
2022-04-25,TWD,2022-06-15,2022-09-21,-0.06436581185480932,-0.18804913659542327,37.35307298694299,-0.12368332474061396,98,51,-1.2184571191408031,Jun22-Sep22,Jun-Sep
2022-04-26,TWD,2022-06-15,2022-09-21,-0.061510446712603445,-0.1820709222693062,37.26817274645496,-0.12056047555670277,98,50,-1.190311597323256,Jun22-Sep22,Jun-Sep
2022-04-27,TWD,2022-06-15,2022-09-21,-0.062639503350507,-0.18791851005152102,37.378591835579414,-0.12527900670101402,98,49,-1.2332757635320037,Jun22-Sep22,Jun-Sep
2022-04-28,TWD,2022-06-15,2022-09-21,-0.06214390546520385,-0.189021045789995,37.53542568635163,-0.12687714032479117,98,48,-1.2437642737411294,Jun22-Sep22,Jun-Sep
2022-04-29,TWD,2022-06-15,2022-09-21,-0.061479825782107395,-0.1896718029447994,37.53608832685045,-0.128191977162692,98,47,-1.2566090019313478,Jun22-Sep22,Jun-Sep
2022-05-02,TWD,2022-06-15,2022-09-21,-0.05592328697097242,-0.18047969886086554,37.52638435767667,-0.12455641188989311,98,44,-1.2211063142851195,Jun22-Sep22,Jun-Sep
2022-05-03,TWD,2022-06-15,2022-09-21,-0.05536573054921692,-0.1815480931962694,37.4801071799777,-0.1261823626470525,98,43,-1.23855777890921,Jun22-Sep22,Jun-Sep
2022-05-04,TWD,2022-06-15,2022-09-21,-0.054544913036534866,-0.18181637678844956,37.307140058934664,-0.1272714637519147,98,42,-1.2550208225665116,Jun22-Sep22,Jun-Sep
2022-05-05,TWD,2022-06-15,2022-09-21,-0.05367426507795073,-0.18196884989841833,37.34739473750738,-0.1282945848204676,98,41,-1.2637147058072173,Jun22-Sep22,Jun-Sep
2022-05-06,TWD,2022-06-15,2022-09-21,-0.054305424189003734,-0.18735371345206286,37.31098588116924,-0.13304828926305912,98,40,-1.3118420957159007,Jun22-Sep22,Jun-Sep
2022-05-09,TWD,2022-06-15,2022-09-21,-0.05186029189242028,-0.18921998393180373,37.13216388126755,-0.13735969203938345,98,37,-1.3607942087150164,Jun22-Sep22,Jun-Sep
2022-05-10,TWD,2022-06-15,2022-09-21,-0.05155162700727921,-0.19188661163820592,36.97676740997214,-0.1403349846309267,98,36,-1.3961090250706385,Jun22-Sep22,Jun-Sep
2022-05-11,TWD,2022-06-15,2022-09-21,-0.050896667392555404,-0.19340733609171054,37.003899247588315,-0.14251066869915513,98,35,-1.4166875283239078,Jun22-Sep22,Jun-Sep
2022-05-12,TWD,2022-06-15,2022-09-21,-0.04990657740240601,-0.19375494756228215,37.03990363444332,-0.14384837015987614,98,34,-1.4285553563195104,Jun22-Sep22,Jun-Sep
2022-05-13,TWD,2022-06-15,2022-09-21,-0.0467707465079213,-0.1856656906829603,36.614734411658276,-0.138894944175039,98,33,-1.3952823028732038,Jun22-Sep22,Jun-Sep
2022-05-16,TWD,2022-06-15,2022-09-21,-0.0432305498113785,-0.18445034586188158,36.6724084292536,-0.14121979605050308,98,30,-1.4162660146072015,Jun22-Sep22,Jun-Sep
2022-05-17,TWD,2022-06-15,2022-09-21,-0.03687234656679739,-0.16147544875804376,36.48564568159268,-0.12460310219124637,98,29,-1.2558054486816528,Jun22-Sep22,Jun-Sep
2022-05-18,TWD,2022-06-15,2022-09-21,-0.03357302390917843,-0.15107860759130293,36.41310108909651,-0.11750558368212449,98,28,-1.186527664056331,Jun22-Sep22,Jun-Sep
2022-05-19,TWD,2022-06-15,2022-09-21,-0.032469667019163886,-0.15032253249612912,36.426049695807826,-0.11785286547696523,98,27,-1.1895749009753311,Jun22-Sep22,Jun-Sep
2022-05-20,TWD,2022-06-15,2022-09-21,-0.03124963125640875,-0.14903670291518017,36.563331200725514,-0.11778707165877142,98,26,-1.184403361163596,Jun22-Sep22,Jun-Sep
2022-05-23,TWD,2022-06-15,2022-09-21,-0.030724747468565846,-0.16163888885636815,36.93925958521187,-0.1309141413878023,98,23,-1.3029752953523706,Jun22-Sep22,Jun-Sep
2022-05-24,TWD,2022-06-15,2022-09-21,-0.02928835661308886,-0.15975467243503017,36.90453402120109,-0.1304663158219413,98,22,-1.2996903713250079,Jun22-Sep22,Jun-Sep
2022-05-25,TWD,2022-06-15,2022-09-21,-0.02790003075191052,-0.1581001742608263,36.8015364537257,-0.13020014350891576,98,21,-1.3006226416121394,Jun22-Sep22,Jun-Sep
2022-05-26,TWD,2022-06-15,2022-09-21,-0.02718694280635431,-0.16040296255749042,36.96466380554996,-0.13321601975113612,98,20,-1.3248467737328904,Jun22-Sep22,Jun-Sep
2022-05-27,TWD,2022-06-15,2022-09-21,-0.023558043996645496,-0.14506795513723808,37.015990272936136,-0.12150991114059259,98,19,-1.206633119231911,Jun22-Sep22,Jun-Sep
2022-05-30,TWD,2022-06-15,2022-09-21,-0.020196142680175614,-0.14389751659625127,36.96369474154444,-0.12370137391607566,98,16,-1.2300221352558152,Jun22-Sep22,Jun-Sep
2022-05-31,TWD,2022-06-15,2022-09-21,-0.019055778332513533,-0.1435535301049353,36.72461503085363,-0.12449775177242176,98,15,-1.245965704633484,Jun22-Sep22,Jun-Sep
2022-06-01,TWD,2022-06-15,2022-09-21,-0.017089656955948343,-0.13671725564758674,36.6442371658873,-0.1196275986916384,98,14,-1.1997885492372542,Jun22-Sep22,Jun-Sep
2022-06-02,TWD,2022-06-15,2022-09-21,-0.016572035932431804,-0.14149969142307156,36.664468549147024,-0.12492765549063975,98,13,-1.252235358074063,Jun22-Sep22,Jun-Sep
2022-06-03,TWD,2022-06-15,2022-09-21,-0.015374787515900523,-0.1409355522290881,36.97967895705002,-0.12556076471318758,98,12,-1.2478082188739292,Jun22-Sep22,Jun-Sep
2022-06-06,TWD,2022-06-15,2022-09-21,-0.01133420947998182,-0.13475115715089497,36.83185908902694,-0.12341694767091316,98,9,-1.231292548605436,Jun22-Sep22,Jun-Sep
2022-06-07,TWD,2022-06-15,2022-09-21,-0.010384819435140453,-0.137598857515611,37.24173623664154,-0.12721403808047055,98,8,-1.2551703249895245,Jun22-Sep22,Jun-Sep
2022-06-08,TWD,2022-06-15,2022-09-21,-0.009161520948235783,-0.13742281422353675,37.04867424197637,-0.12826129327530097,98,7,-1.2720575943571009,Jun22-Sep22,Jun-Sep
2022-06-09,TWD,2022-06-15,2022-09-21,-0.009158950111935496,-0.13607583023447023,36.75789044250079,-0.12691688012253474,98,6,-1.2686839925782287,Jun22-Sep22,Jun-Sep
2022-06-10,TWD,2022-06-15,2022-09-21,-0.009389981794480922,-0.13816687497593358,36.74284475357669,-0.12877689318145266,98,5,-1.2878123712874208,Jun22-Sep22,Jun-Sep
2022-06-13,TWD,2022-06-15,2022-09-21,-0.0089497977837069,-0.12785425405295572,36.62005262013881,-0.11890445626924882,98,2,-1.1930585164073293,Jun22-Sep22,Jun-Sep
2022-06-14,TWD,2022-06-15,2022-09-21,-0.008386949255553399,-0.1186154251856838,36.533984359588025,-0.1102284759301304,98,1,-1.1085949599654894,Jun22-Sep22,Jun-Sep
2022-06-15,TWD,2022-09-21,2022-12-21,-0.1161558843449836,-0.22284260275559373,36.57629204077427,-0.10668671841061013,91,98,-1.157585769147011,Sep22-Dec22,Sep-Dec
2022-06-16,TWD,2022-09-21,2022-12-21,-0.11769621634714339,-0.22710428332249866,36.69014589374689,-0.10940806697535527,91,97,-1.1834676810499993,Sep22-Dec22,Sep-Dec
2022-06-17,TWD,2022-09-21,2022-12-21,-0.11197908934005098,-0.21728669219918909,36.658101237657725,-0.10530760285913811,91,96,-1.139933545139574,Sep22-Dec22,Sep-Dec
2022-06-20,TWD,2022-09-21,2022-12-21,-0.10943716214764451,-0.21618456564971453,36.72082460162155,-0.10674740350207002,91,93,-1.153459210323265,Sep22-Dec22,Sep-Dec
2022-06-21,TWD,2022-09-21,2022-12-21,-0.10428388023636467,-0.2072657602221241,36.795991214557745,-0.10298187998575942,91,92,-1.1103349325982523,Sep22-Dec22,Sep-Dec
2022-06-22,TWD,2022-09-21,2022-12-21,-0.11032684797765777,-0.22065369595531553,36.88367712699357,-0.11032684797765777,91,91,-1.1868863098406013,Sep22-Dec22,Sep-Dec
2022-06-23,TWD,2022-09-21,2022-12-21,-0.10756390140835273,-0.21632295727679826,37.08349300285047,-0.10875905586844553,91,90,-1.163609991930223,Sep22-Dec22,Sep-Dec
2022-06-24,TWD,2022-09-21,2022-12-21,-0.10804314473657145,-0.2185142253099198,37.00856486350711,-0.11047108057334834,91,89,-1.1843421996863632,Sep22-Dec22,Sep-Dec
2022-06-27,TWD,2022-09-21,2022-12-21,-0.10369126886043334,-0.21341109986391513,36.5739522940114,-0.10971983100348179,91,86,-1.1901655269211149,Sep22-Dec22,Sep-Dec
2022-06-28,TWD,2022-09-21,2022-12-21,-0.10608453325407191,-0.2196573865025489,36.566332070820486,-0.11357285324847699,91,85,-1.23229881860064,Sep22-Dec22,Sep-Dec
2022-06-29,TWD,2022-09-21,2022-12-21,-0.10472237231656198,-0.21817160899283747,36.59654697863048,-0.11344923667627549,91,84,-1.229892371546003,Sep22-Dec22,Sep-Dec
2022-06-30,TWD,2022-09-21,2022-12-21,-0.11086463564481268,-0.23241501930358321,36.66701011666458,-0.12155038365877054,91,83,-1.3153976008705417,Sep22-Dec22,Sep-Dec
2022-07-01,TWD,2022-09-21,2022-12-21,-0.11519094147146275,-0.243024791153208,36.593125584520216,-0.12783384968174524,91,82,-1.386362285474628,Sep22-Dec22,Sep-Dec
2022-07-04,TWD,2022-09-21,2022-12-21,-0.11304424889542937,-0.23412239467948173,36.54952569842709,-0.12107814578405236,91,79,-1.31459034402504,Sep22-Dec22,Sep-Dec
2022-07-05,TWD,2022-09-21,2022-12-21,-0.11630113072161975,-0.2433674888626881,36.50101143877294,-0.12706635814106837,91,78,-1.3815696040577532,Sep22-Dec22,Sep-Dec
2022-07-06,TWD,2022-09-21,2022-12-21,-0.10979319067636485,-0.23141791210876003,36.588903969434696,-0.12162472143239518,91,77,-1.3189815591895848,Sep22-Dec22,Sep-Dec
2022-07-07,TWD,2022-09-21,2022-12-21,-0.1061039843578916,-0.22553561510910525,36.54686144058315,-0.11943163075121364,91,76,-1.2965613614408267,Sep22-Dec22,Sep-Dec
2022-07-08,TWD,2022-09-21,2022-12-21,-0.0924619268524379,-0.1975805223878571,36.35250366277102,-0.10511859553541919,91,75,-1.146865156869931,Sep22-Dec22,Sep-Dec
2022-07-11,TWD,2022-09-21,2022-12-21,-0.07917979775236031,-0.17372882441043505,36.166516007582366,-0.09454902665807474,91,72,-1.0364857724206942,Sep22-Dec22,Sep-Dec
2022-07-12,TWD,2022-09-21,2022-12-21,-0.07720772944000402,-0.17113472038376543,36.21164167098305,-0.0939269909437614,91,71,-1.028324687287471,Sep22-Dec22,Sep-Dec
2022-07-13,TWD,2022-09-21,2022-12-21,-0.07820425315468629,-0.1753594621559013,36.082560799017685,-0.09715520900121502,91,70,-1.0675104744001156,Sep22-Dec22,Sep-Dec
2022-07-14,TWD,2022-09-21,2022-12-21,-0.08573731206874949,-0.19483006389119173,35.82985076187259,-0.10909275182244224,91,69,-1.2074036249393147,Sep22-Dec22,Sep-Dec
2022-07-15,TWD,2022-09-21,2022-12-21,-0.08072900274958111,-0.18528043572061462,35.82481132158692,-0.1045514329710335,91,68,-1.1571427706868982,Sep22-Dec22,Sep-Dec
2022-07-18,TWD,2022-09-21,2022-12-21,-0.07457703632450555,-0.17698400370898754,36.01590245686359,-0.10240696738448199,91,65,-1.127188437370938,Sep22-Dec22,Sep-Dec
2022-07-19,TWD,2022-09-21,2022-12-21,-0.07963081541461792,-0.191359275855937,35.91852543217725,-0.1117284604413191,91,64,-1.2333045016412212,Sep22-Dec22,Sep-Dec
2022-07-20,TWD,2022-09-21,2022-12-21,-0.07726435551049099,-0.18786301695927246,36.19467438939792,-0.11059866144878147,91,63,-1.211418996435408,Sep22-Dec22,Sep-Dec
2022-07-21,TWD,2022-09-21,2022-12-21,-0.07446930883139871,-0.18326635141504274,36.33731241834719,-0.10879704258364403,91,62,-1.1869060609744286,Sep22-Dec22,Sep-Dec
2022-07-22,TWD,2022-09-21,2022-12-21,-0.0642397521175079,-0.1600728249485443,36.199527135342734,-0.0958330728310364,91,61,-1.0491679353249768,Sep22-Dec22,Sep-Dec
2022-07-25,TWD,2022-09-21,2022-12-21,-0.06181374200890202,-0.15879737171252417,36.31335691867095,-0.09698362970362215,91,58,-1.0583590890310557,Sep22-Dec22,Sep-Dec
2022-07-26,TWD,2022-09-21,2022-12-21,-0.058168016737614237,-0.1510327452134545,36.25776081572723,-0.09286472847584026,91,57,-1.014864862863218,Sep22-Dec22,Sep-Dec
2022-07-27,TWD,2022-09-21,2022-12-21,-0.0643416451383014,-0.16889681848804122,36.40285930104665,-0.10455517334973982,91,56,-1.1382546352606282,Sep22-Dec22,Sep-Dec
2022-07-28,TWD,2022-09-21,2022-12-21,-0.05867972278991601,-0.15576799140595884,36.205888731824245,-0.09708826861604283,91,55,-1.0625590987267357,Sep22-Dec22,Sep-Dec
2022-07-29,TWD,2022-09-21,2022-12-21,-0.060682932470442354,-0.16294491126322486,36.17857651517087,-0.10226197879278251,91,54,-1.1200899139091998,Sep22-Dec22,Sep-Dec
2022-08-01,TWD,2022-09-21,2022-12-21,-0.05528055484267744,-0.1539184076011803,36.04770469023998,-0.09863785275850287,91,51,-1.0841605993931462,Sep22-Dec22,Sep-Dec
2022-08-02,TWD,2022-09-21,2022-12-21,-0.05595584127290157,-0.14828688879160615,36.032527318647006,-0.09233104751870458,91,50,-1.015287637181541,Sep22-Dec22,Sep-Dec
2022-08-03,TWD,2022-09-21,2022-12-21,-0.055142388466646874,-0.14854071228387716,36.0358761975985,-0.09339832381723029,91,49,-1.0269047774339517,Sep22-Dec22,Sep-Dec
2022-08-04,TWD,2022-09-21,2022-12-21,-0.05186780677199705,-0.14166299993417422,36.15892451181416,-0.08979519316217717,91,48,-0.9838346395635167,Sep22-Dec22,Sep-Dec
2022-08-05,TWD,2022-09-21,2022-12-21,-0.04793638398491549,-0.13270108451667748,36.21734211394123,-0.084764700531762,91,47,-0.9271174752721987,Sep22-Dec22,Sep-Dec
2022-08-08,TWD,2022-09-21,2022-12-21,-0.04376988151298661,-0.12777226646679374,36.120119124872744,-0.08400238495380713,91,44,-0.9211495460587484,Sep22-Dec22,Sep-Dec
2022-08-09,TWD,2022-09-21,2022-12-21,-0.0440001723392113,-0.13109266678041204,36.14489607859476,-0.08709249444120074,91,43,-0.9543855563739526,Sep22-Dec22,Sep-Dec
2022-08-10,TWD,2022-09-21,2022-12-21,-0.04400034836129756,-0.13382675678108358,36.05026710343881,-0.08982640841978601,91,42,-0.9869315876024122,Sep22-Dec22,Sep-Dec
2022-08-11,TWD,2022-09-21,2022-12-21,-0.0431317382969473,-0.13383302093173371,36.21698288709589,-0.09070128263478641,91,41,-0.9919271782724668,Sep22-Dec22,Sep-Dec
2022-08-12,TWD,2022-09-21,2022-12-21,-0.03664676408042966,-0.11548250611921243,36.28516995355765,-0.07883574203878277,91,40,-0.8603872195910849,Sep22-Dec22,Sep-Dec
2022-08-15,TWD,2022-09-21,2022-12-21,-0.036037778872327245,-0.12165715943884099,36.168906947276916,-0.08561938056651375,91,37,-0.9374125022613888,Sep22-Dec22,Sep-Dec
2022-08-16,TWD,2022-09-21,2022-12-21,-0.03385927385305575,-0.11693513852785616,36.18511693410373,-0.08307586467480041,91,36,-0.9091019057443216,Sep22-Dec22,Sep-Dec
2022-08-17,TWD,2022-09-21,2022-12-21,-0.034726710417758905,-0.12300399561578218,36.21891398669782,-0.08827728519802328,91,35,-0.9651420878880681,Sep22-Dec22,Sep-Dec
2022-08-18,TWD,2022-09-21,2022-12-21,-0.03148747145345787,-0.11425994883591657,36.06753265487335,-0.0827724773824587,91,34,-0.9086778452212294,Sep22-Dec22,Sep-Dec
2022-08-19,TWD,2022-09-21,2022-12-21,-0.028750826622239805,-0.1070299964825238,36.12285516485524,-0.07827916986028399,91,33,-0.857967921597322,Sep22-Dec22,Sep-Dec
2022-08-22,TWD,2022-09-21,2022-12-21,-0.027614991592692015,-0.11138046609052445,36.09038918013082,-0.08376547449783243,91,30,-0.9188974131047741,Sep22-Dec22,Sep-Dec
2022-08-23,TWD,2022-09-21,2022-12-21,-0.03070064911796775,-0.12703716876400448,35.939128067667866,-0.09633651964603673,91,29,-1.0613427924586365,Sep22-Dec22,Sep-Dec
2022-08-24,TWD,2022-09-21,2022-12-21,-0.028905051225349594,-0.12284646770773579,35.98372854942292,-0.09394141648238619,91,28,-1.033620351149798,Sep22-Dec22,Sep-Dec
2022-08-25,TWD,2022-09-21,2022-12-21,-0.027743285461116644,-0.12124843275599126,35.882113015437305,-0.09350514729487461,91,27,-1.031702622583345,Sep22-Dec22,Sep-Dec
2022-08-26,TWD,2022-09-21,2022-12-21,-0.02646723732594737,-0.11910256796676318,35.82105242301178,-0.0926353306408158,91,26,-1.0238125068265533,Sep22-Dec22,Sep-Dec
2022-08-29,TWD,2022-09-21,2022-12-21,-0.025911794482403404,-0.12843237265191254,35.530019239397156,-0.10252057816950913,91,23,-1.1423351911236808,Sep22-Dec22,Sep-Dec
2022-08-30,TWD,2022-09-21,2022-12-21,-0.022786699294132823,-0.11704077364713678,35.287997317458974,-0.09425407435300395,91,22,-1.0573402360020343,Sep22-Dec22,Sep-Dec
2022-08-31,TWD,2022-09-21,2022-12-21,-0.023077399760151912,-0.12307946538747688,35.275608975862745,-0.10000206562732497,91,21,-1.122224559852768,Sep22-Dec22,Sep-Dec
2022-09-01,TWD,2022-09-21,2022-12-21,-0.021988982621614143,-0.11259766055126286,35.12123795514774,-0.09060867792964872,91,20,-1.0212523720074675,Sep22-Dec22,Sep-Dec
2022-09-02,TWD,2022-09-21,2022-12-21,-0.021070848514705514,-0.11302534027962531,35.10028594202656,-0.0919544917649198,91,19,-1.037012973089573,Sep22-Dec22,Sep-Dec
2022-09-05,TWD,2022-09-21,2022-12-21,-0.016997001070865877,-0.10607751743565265,35.29316159979756,-0.08908051636478677,91,16,-0.9989930662102514,Sep22-Dec22,Sep-Dec
2022-09-06,TWD,2022-09-21,2022-12-21,-0.01504842562189736,-0.09920464308306462,35.40232063924996,-0.08415621746116726,91,15,-0.9408063256216216,Sep22-Dec22,Sep-Dec
2022-09-07,TWD,2022-09-21,2022-12-21,-0.013208859688041792,-0.09238067997276316,35.5300797109815,-0.07917182028472136,91,14,-0.8818547175446574,Sep22-Dec22,Sep-Dec
2022-09-08,TWD,2022-09-21,2022-12-21,-0.013370946875795512,-0.10078123586616806,35.40489477158343,-0.08741028899037255,91,13,-0.9770671281890131,Sep22-Dec22,Sep-Dec
2022-09-09,TWD,2022-09-21,2022-12-21,-0.011674909044707367,-0.09446750694770903,35.601199920047776,-0.08279259790300167,91,12,-0.920302129455442,Sep22-Dec22,Sep-Dec
2022-09-12,TWD,2022-09-21,2022-12-21,-0.009697919832703747,-0.10341837820940873,35.84663588019513,-0.09372045837670498,91,9,-1.0345812840620727,Sep22-Dec22,Sep-Dec
2022-09-13,TWD,2022-09-21,2022-12-21,-0.009367260713975225,-0.11209788541136695,35.544283093911105,-0.10273062469739172,91,8,-1.1436832124281524,Sep22-Dec22,Sep-Dec
2022-09-14,TWD,2022-09-21,2022-12-21,-0.008824314523764922,-0.12016767149447109,35.847321252127706,-0.11134335697070617,91,7,-1.2290672099237197,Sep22-Dec22,Sep-Dec
2022-09-15,TWD,2022-09-21,2022-12-21,-0.00936959392161695,-0.1269547040922958,35.72560767279865,-0.11758511017067887,91,6,-1.3024100225342374,Sep22-Dec22,Sep-Dec
2022-09-16,TWD,2022-09-21,2022-12-21,-0.009255642192115958,-0.12454251394614975,35.59307228040654,-0.11528687175403379,91,5,-1.2817060543302445,Sep22-Dec22,Sep-Dec
2022-09-19,TWD,2022-09-21,2022-12-21,-0.00952172360345951,-0.12554331479488215,35.69654370588803,-0.11602159119142263,91,2,-1.2861440633271586,Sep22-Dec22,Sep-Dec
2022-09-20,TWD,2022-09-21,2022-12-21,-0.009079362205191281,-0.11885187895119223,35.47998061605175,-0.10977251674600094,91,1,-1.2242849379691039,Sep22-Dec22,Sep-Dec
2022-09-21,TWD,2022-12-21,2023-03-15,-0.12061213322389705,-0.2171875681943642,35.42122044381993,-0.09657543497046714,84,91,-1.1724860876625958,Dec22-Mar23,Dec-Mar
2022-09-22,TWD,2022-12-21,2023-03-15,-0.10727640590390874,-0.19251142175931643,35.7351111717772,-0.08523501585540769,84,90,-1.0253020636676087,Dec22-Mar23,Dec-Mar
2022-09-23,TWD,2022-12-21,2023-03-15,-0.11038423893264593,-0.19972754921327046,35.614960594157644,-0.08934331028062453,84,89,-1.0784522461886326,Dec22-Mar23,Dec-Mar
2022-09-26,TWD,2022-12-21,2023-03-15,-0.10623302632529869,-0.19515509696064315,35.617008465640914,-0.08892207063534446,84,86,-1.073180136796581,Dec22-Mar23,Dec-Mar
2022-09-27,TWD,2022-12-21,2023-03-15,-0.11038445306386582,-0.20462098649292682,35.63826962525765,-0.09423653342906099,84,85,-1.1367714559863882,Dec22-Mar23,Dec-Mar
2022-09-28,TWD,2022-12-21,2023-03-15,-0.10627857870442946,-0.19764078047659947,35.79930463742272,-0.09136220177217001,84,84,-1.0969994325086432,Dec22-Mar23,Dec-Mar
2022-09-29,TWD,2022-12-21,2023-03-15,-0.09781224905907016,-0.18187983772845653,35.8154909321299,-0.08406758866938638,84,83,-1.0087152329323652,Dec22-Mar23,Dec-Mar
2022-09-30,TWD,2022-12-21,2023-03-15,-0.09825795529204548,-0.18397973668799392,35.83850253846004,-0.08572178139594844,84,82,-1.0279142390046918,Dec22-Mar23,Dec-Mar
2022-10-03,TWD,2022-12-21,2023-03-15,-0.07772668021091414,-0.16392378939531227,35.812402704340485,-0.08619710918439813,84,79,-1.0337750983649499,Dec22-Mar23,Dec-Mar
2022-10-04,TWD,2022-12-21,2023-03-15,-0.07783342248813023,-0.16428524884624734,35.69303772699057,-0.08645182635811711,84,78,-1.040308021487944,Dec22-Mar23,Dec-Mar
2022-10-05,TWD,2022-12-21,2023-03-15,-0.08444956966979067,-0.17827992948291077,35.50570466557797,-0.0938303598131201,84,77,-1.1352791209570747,Dec22-Mar23,Dec-Mar
2022-10-06,TWD,2022-12-21,2023-03-15,-0.07481861004936666,-0.1582911901645505,35.49170676430499,-0.08347258011518385,84,76,-1.0100820476009544,Dec22-Mar23,Dec-Mar
2022-10-07,TWD,2022-12-21,2023-03-15,-0.07286159849086216,-0.15430929599073046,35.39088222688981,-0.0814476974998683,84,75,-0.9883384020480708,Dec22-Mar23,Dec-Mar
2022-10-10,TWD,2022-12-21,2023-03-15,-0.07956219321348564,-0.16936724653902469,35.231414674700076,-0.08980505332553905,84,72,-1.0949033202996006,Dec22-Mar23,Dec-Mar
2022-10-11,TWD,2022-12-21,2023-03-15,-0.07317879099192527,-0.1557804089750272,35.044580671633234,-0.08260161798310194,84,71,-1.0122755027708794,Dec22-Mar23,Dec-Mar
2022-10-12,TWD,2022-12-21,2023-03-15,-0.07434652809030291,-0.15857957353501248,35.17262303755705,-0.08423304544470957,84,70,-1.0285370168938555,Dec22-Mar23,Dec-Mar
2022-10-13,TWD,2022-12-21,2023-03-15,-0.0671330489416708,-0.14291713578964674,34.89992498638366,-0.07578408684797594,84,69,-0.9324229427761312,Dec22-Mar23,Dec-Mar
2022-10-14,TWD,2022-12-21,2023-03-15,-0.07049313960822542,-0.15064004456529798,34.777932049918235,-0.08014690495707255,84,68,-0.989663156702379,Dec22-Mar23,Dec-Mar
2022-10-17,TWD,2022-12-21,2023-03-15,-0.06944659467709866,-0.14916785078034667,34.651053208192074,-0.07972125610324801,84,65,-0.9879891642259806,Dec22-Mar23,Dec-Mar
2022-10-18,TWD,2022-12-21,2023-03-15,-0.06641117278666515,-0.14246557818877945,34.68568626071012,-0.07605440540211429,84,64,-0.9415201528498571,Dec22-Mar23,Dec-Mar
2022-10-19,TWD,2022-12-21,2023-03-15,-0.06695642996369718,-0.14407412634915334,34.553018556398136,-0.07711769638545617,84,63,-0.9583709843960271,Dec22-Mar23,Dec-Mar
2022-10-20,TWD,2022-12-21,2023-03-15,-0.06003061353594861,-0.12815103229117478,34.4081688110196,-0.06812041875522618,84,62,-0.8499577186092797,Dec22-Mar23,Dec-Mar
2022-10-21,TWD,2022-12-21,2023-03-15,-0.05757124785712137,-0.12261584691538302,34.16121747321573,-0.06504459905826165,84,61,-0.8173981325939923,Dec22-Mar23,Dec-Mar
2022-10-24,TWD,2022-12-21,2023-03-15,-0.057796885737532784,-0.1272398471771443,34.23089538435669,-0.06944296143961151,84,58,-0.8708975918472195,Dec22-Mar23,Dec-Mar
2022-10-25,TWD,2022-12-21,2023-03-15,-0.05530361111536922,-0.12263207196641909,34.01183432341776,-0.06732846085104988,84,57,-0.8497645090697217,Dec22-Mar23,Dec-Mar
2022-10-26,TWD,2022-12-21,2023-03-15,-0.048468299108218496,-0.10698326557411011,34.04995727144672,-0.05851496646589162,84,56,-0.7375513111057711,Dec22-Mar23,Dec-Mar
2022-10-27,TWD,2022-12-21,2023-03-15,-0.047546977517373024,-0.10603324648997338,33.91423932943917,-0.058486268972600355,84,55,-0.7401237648169134,Dec22-Mar23,Dec-Mar
2022-10-28,TWD,2022-12-21,2023-03-15,-0.0465598070563234,-0.10489897760773101,33.809270353562454,-0.05833917055140761,84,54,-0.7405359717919906,Dec22-Mar23,Dec-Mar
2022-10-31,TWD,2022-12-21,2023-03-15,-0.047967349310133946,-0.11287827333706948,33.825892549531254,-0.06491092402693555,84,51,-0.8235842573282661,Dec22-Mar23,Dec-Mar
2022-11-01,TWD,2022-12-21,2023-03-15,-0.04244851100997553,-0.12402647061455588,33.79096931070432,-0.08157795960458035,84,50,-1.0359560021959067,Dec22-Mar23,Dec-Mar
2022-11-02,TWD,2022-12-21,2023-03-15,-0.04355195775810342,-0.1275279654743521,33.69108980685812,-0.08397600771624869,84,49,-1.0696092461231885,Dec22-Mar23,Dec-Mar
2022-11-03,TWD,2022-12-21,2023-03-15,-0.0397902024507515,-0.11781018286731229,33.72984777860951,-0.07801998041656079,84,48,-0.9924926482731846,Dec22-Mar23,Dec-Mar
2022-11-04,TWD,2022-12-21,2023-03-15,-0.04031130796147172,-0.11977827448824858,33.701997811454106,-0.07946696652677687,84,47,-1.0117517838889034,Dec22-Mar23,Dec-Mar
2022-11-07,TWD,2022-12-21,2023-03-15,-0.039109212886011185,-0.11817918012631279,33.7067941715791,-0.0790699672403016,84,44,-1.0065179372697544,Dec22-Mar23,Dec-Mar
2022-11-08,TWD,2022-12-21,2023-03-15,-0.03555220225044056,-0.10835829005598385,33.755323657675234,-0.07280608780554329,84,43,-0.9253505499218693,Dec22-Mar23,Dec-Mar
2022-11-09,TWD,2022-12-21,2023-03-15,-0.037073183915987795,-0.11348306366680358,33.68105735234226,-0.07640987975081578,84,42,-0.9733416576896334,Dec22-Mar23,Dec-Mar
2022-11-10,TWD,2022-12-21,2023-03-15,-0.03517499034721684,-0.10837996968084382,33.41201235893578,-0.07320497933362698,84,41,-0.9399800893383294,Dec22-Mar23,Dec-Mar
2022-11-11,TWD,2022-12-21,2023-03-15,-0.03463101801222998,-0.10735615583791296,33.274240787572765,-0.07272513782568298,84,40,-0.9376739506596423,Dec22-Mar23,Dec-Mar
2022-11-14,TWD,2022-12-21,2023-03-15,-0.03373274943174216,-0.10671705365626535,33.016660597828036,-0.07298430422452319,84,37,-0.9483387183990872,Dec22-Mar23,Dec-Mar
2022-11-15,TWD,2022-12-21,2023-03-15,-0.03504697760997253,-0.11193416788507562,33.068032420323824,-0.0768871902751031,84,36,-0.9975378408405724,Dec22-Mar23,Dec-Mar
2022-11-16,TWD,2022-12-21,2023-03-15,-0.03593061875346196,-0.11591838820109704,33.191516979579674,-0.07998776944763508,84,35,-1.0339275031165782,Dec22-Mar23,Dec-Mar
2022-11-17,TWD,2022-12-21,2023-03-15,-0.032658830625074006,-0.10574797580963885,33.02117906458289,-0.07308914518456484,84,34,-0.9495399958125348,Dec22-Mar23,Dec-Mar
2022-11-18,TWD,2022-12-21,2023-03-15,-0.03101471211290818,-0.10090102412199621,33.10218984541362,-0.06988631200908803,84,33,-0.9056610917089758,Dec22-Mar23,Dec-Mar
2022-11-21,TWD,2022-12-21,2023-03-15,-0.03146266313965611,-0.10582217310653917,32.966272377969744,-0.07435950996688306,84,30,-0.967619418187444,Dec22-Mar23,Dec-Mar
2022-11-22,TWD,2022-12-21,2023-03-15,-0.029410974952042993,-0.10086216582146186,32.97412640759708,-0.07145119086941887,84,29,-0.9294947168884127,Dec22-Mar23,Dec-Mar
2022-11-23,TWD,2022-12-21,2023-03-15,-0.02433523404964378,-0.08357139573656126,33.046897108833235,-0.059236161686917484,84,28,-0.7687751947748543,Dec22-Mar23,Dec-Mar
2022-11-24,TWD,2022-12-21,2023-03-15,-0.025477226787259007,-0.09096177056254368,33.067054950850704,-0.06548454377528468,84,27,-0.8493784621756508,Dec22-Mar23,Dec-Mar
2022-11-25,TWD,2022-12-21,2023-03-15,-0.02539832853721396,-0.09364006612499749,33.15456183171695,-0.06824173758778354,84,26,-0.8828010089474583,Dec22-Mar23,Dec-Mar
2022-11-28,TWD,2022-12-21,2023-03-15,-0.023916111742345272,-0.09736988862023124,33.34085406945657,-0.07345377687788597,84,23,-0.944870447892773,Dec22-Mar23,Dec-Mar
2022-11-29,TWD,2022-12-21,2023-03-15,-0.02271577073926829,-0.09566498041589612,33.08095955047901,-0.07294920967662782,84,22,-0.9457231670434441,Dec22-Mar23,Dec-Mar
2022-11-30,TWD,2022-12-21,2023-03-15,-0.022372548619766893,-0.09806313036474708,33.11907056180971,-0.07569058174498018,84,21,-0.9801225709865,Dec22-Mar23,Dec-Mar
2022-12-01,TWD,2022-12-21,2023-03-15,-0.02275234168376701,-0.10452913310697909,33.07930475666247,-0.08177679142321208,84,20,-1.0602193442396737,Dec22-Mar23,Dec-Mar
2022-12-02,TWD,2022-12-21,2023-03-15,-0.016577079123762477,-0.09938088741831874,32.90346971611373,-0.08280380829455626,84,19,-1.0790726507264712,Dec22-Mar23,Dec-Mar
2022-12-05,TWD,2022-12-21,2023-03-15,-0.01705831070807298,-0.10363368044449303,32.70321167685212,-0.08657536973642005,84,16,-1.1351513122822883,Dec22-Mar23,Dec-Mar
2022-12-06,TWD,2022-12-21,2023-03-15,-0.017114600738913466,-0.1049625638288382,32.655527685408686,-0.08784796308992474,84,15,-1.153521984689289,Dec22-Mar23,Dec-Mar
2022-12-07,TWD,2022-12-21,2023-03-15,-0.015373900197775573,-0.09397017800138084,32.753096119315614,-0.07859627780360527,84,14,-1.0289084510289235,Dec22-Mar23,Dec-Mar
2022-12-08,TWD,2022-12-21,2023-03-15,-0.0144503091874978,-0.09420565823833886,32.678110908716555,-0.07975534905084106,84,13,-1.046449272725585,Dec22-Mar23,Dec-Mar
2022-12-09,TWD,2022-12-21,2023-03-15,-0.012456374666388775,-0.08607405389315152,32.58466425110084,-0.07361767922676275,84,12,-0.9686304985531611,Dec22-Mar23,Dec-Mar
2022-12-12,TWD,2022-12-21,2023-03-15,-0.009686939352887013,-0.08653551199000196,32.55086717559324,-0.07684857263711495,84,9,-1.0121053483512776,Dec22-Mar23,Dec-Mar
2022-12-13,TWD,2022-12-21,2023-03-15,-0.00846077204325896,-0.08376105880609984,32.49076725930771,-0.07530028676284088,84,8,-0.9935116978974883,Dec22-Mar23,Dec-Mar
2022-12-14,TWD,2022-12-21,2023-03-15,-0.007629488326195034,-0.08557621183310679,32.65712737782874,-0.07794672350691176,84,7,-1.0231624008086224,Dec22-Mar23,Dec-Mar
2022-12-15,TWD,2022-12-21,2023-03-15,-0.007361843399103457,-0.08111554656987958,32.488141690338466,-0.07375370317077613,84,6,-0.973151817144873,Dec22-Mar23,Dec-Mar
2022-12-16,TWD,2022-12-21,2023-03-15,-0.007795343199300364,-0.08557587692358659,32.48722500775757,-0.07778053372428623,84,5,-1.0263269644060293,Dec22-Mar23,Dec-Mar
2022-12-19,TWD,2022-12-21,2023-03-15,-0.007326237157146991,-0.07648511046119594,32.4550704981496,-0.06915887330404895,84,2,-0.9134538565117114,Dec22-Mar23,Dec-Mar
2022-12-20,TWD,2022-12-21,2023-03-15,-0.007732533638664426,-0.08031361814951678,32.595439625094365,-0.07258108451085235,84,1,-0.9545372121082529,Dec22-Mar23,Dec-Mar
2022-12-21,TWD,2023-03-15,2023-06-21,-0.0892151456391935,-0.20904674894213823,32.394377260564745,-0.11983160330294473,98,84,-1.3626234867757994,Mar23-Jun23,Mar-Jun
2022-12-22,TWD,2023-03-15,2023-06-21,-0.09511076494404232,-0.2233567162603429,32.41368966702363,-0.12824595131630057,98,83,-1.4576989220081562,Mar23-Jun23,Mar-Jun
2022-12-23,TWD,2023-03-15,2023-06-21,-0.08781948253179399,-0.20894008650548584,32.46318949535311,-0.12112060397369186,98,82,-1.3742941957035988,Mar23-Jun23,Mar-Jun
2022-12-26,TWD,2023-03-15,2023-06-21,-0.08235087147836943,-0.2013766797132024,32.63641091440638,-0.11902580823483296,98,79,-1.3431125405767976,Mar23-Jun23,Mar-Jun
2022-12-27,TWD,2023-03-15,2023-06-21,-0.07958970075914201,-0.19662923085068976,32.55410627130136,-0.11703953009154774,98,78,-1.3239338914086674,Mar23-Jun23,Mar-Jun
2022-12-28,TWD,2023-03-15,2023-06-21,-0.07893717885496351,-0.1966601715417442,32.54269981458821,-0.11772299268678069,98,77,-1.3321062463467883,Mar23-Jun23,Mar-Jun
2022-12-29,TWD,2023-03-15,2023-06-21,-0.0726052908933049,-0.18358385495054938,32.30332312179664,-0.11097856405724447,98,76,-1.2648689982647934,Mar23-Jun23,Mar-Jun
2022-12-30,TWD,2023-03-15,2023-06-21,-0.0672483164239931,-0.1726263794854416,32.15558498099534,-0.1053780630614485,98,75,-1.2063669514679596,Mar23-Jun23,Mar-Jun
2023-01-02,TWD,2023-03-15,2023-06-21,-0.08096952903062613,-0.19117805465564502,32.21824771187686,-0.1102085256250189,98,72,-1.2597446580563862,Mar23-Jun23,Mar-Jun
2023-01-03,TWD,2023-03-15,2023-06-21,-0.07965168369863405,-0.18959344429674868,32.183937166909146,-0.10994176059811463,98,71,-1.2579868572507795,Mar23-Jun23,Mar-Jun
2023-01-04,TWD,2023-03-15,2023-06-21,-0.08296802695639756,-0.19912326469535416,32.168206322667494,-0.1161552377389566,98,70,-1.3298723423179275,Mar23-Jun23,Mar-Jun
2023-01-05,TWD,2023-03-15,2023-06-21,-0.08253254448572256,-0.19975268013211112,32.35091475239687,-0.11722013564638856,98,69,-1.3344473768503688,Mar23-Jun23,Mar-Jun
2023-01-06,TWD,2023-03-15,2023-06-21,-0.07675105246884269,-0.18736286337982183,32.38792073011115,-0.11061181091097914,98,68,-1.2575499598419164,Mar23-Jun23,Mar-Jun
2023-01-09,TWD,2023-03-15,2023-06-21,-0.07486680074224754,-0.1877429003228669,32.30778596314704,-0.11287609958061935,98,65,-1.2864081417181028,Mar23-Jun23,Mar-Jun
2023-01-10,TWD,2023-03-15,2023-06-21,-0.07091020851923183,-0.17949146531430557,32.121465392559536,-0.10858125679507374,98,64,-1.244502382658585,Mar23-Jun23,Mar-Jun
2023-01-11,TWD,2023-03-15,2023-06-21,-0.0734756516547989,-0.18777110978448605,32.07591619747282,-0.11429545812968715,98,63,-1.311965148400922,Mar23-Jun23,Mar-Jun
2023-01-12,TWD,2023-03-15,2023-06-21,-0.07744735020171821,-0.19986412955282118,31.96576151736578,-0.12241677935110297,98,62,-1.4102165738096817,Mar23-Jun23,Mar-Jun
2023-01-13,TWD,2023-03-15,2023-06-21,-0.07477810403117782,-0.1949134187042176,31.96659131402356,-0.12013531467303978,98,61,-1.3837827217094858,Mar23-Jun23,Mar-Jun
2023-01-16,TWD,2023-03-15,2023-06-21,-0.07216998542194418,-0.19411237458316022,31.832222537600963,-0.12194238916121604,98,58,-1.4104247243215287,Mar23-Jun23,Mar-Jun
2023-01-17,TWD,2023-03-15,2023-06-21,-0.07155261705759111,-0.1945729060338004,31.712601065693896,-0.12302028897620929,98,57,-1.4282436511561565,Mar23-Jun23,Mar-Jun
2023-01-18,TWD,2023-03-15,2023-06-21,-0.07186807155091214,-0.1976371967650084,31.903261393195177,-0.12576912521409628,98,56,-1.4514257253218394,Mar23-Jun23,Mar-Jun
2023-01-19,TWD,2023-03-15,2023-06-21,-0.07400355306409162,-0.20586442943283667,32.09835049227926,-0.13186087636874505,98,55,-1.5125582223505105,Mar23-Jun23,Mar-Jun
2023-01-20,TWD,2023-03-15,2023-06-21,-0.07139302579253494,-0.20095814667528353,31.93429750791604,-0.12956512088274857,98,54,-1.4937542983584526,Mar23-Jun23,Mar-Jun
2023-01-23,TWD,2023-03-15,2023-06-21,-0.06793516779708009,-0.19847725493656734,31.85771674161864,-0.13054208713948726,98,51,-1.508479571672987,Mar23-Jun23,Mar-Jun
2023-01-24,TWD,2023-03-15,2023-06-21,-0.06862709007460834,-0.20313618662084065,31.91687056416517,-0.13450909654623233,98,50,-1.5514671913983737,Mar23-Jun23,Mar-Jun
2023-01-25,TWD,2023-03-15,2023-06-21,-0.06539335087679457,-0.19618005263038368,31.777935655210715,-0.1307867017535891,98,49,-1.5149871637746666,Mar23-Jun23,Mar-Jun
2023-01-26,TWD,2023-03-15,2023-06-21,-0.06773427832786867,-0.20602509658060053,31.70116685154495,-0.13829081825273187,98,48,-1.6059183153241432,Mar23-Jun23,Mar-Jun
2023-01-27,TWD,2023-03-15,2023-06-21,-0.06754660914001388,-0.2083884750064258,31.761709627862917,-0.1408418658664119,98,47,-1.632408726076631,Mar23-Jun23,Mar-Jun
2023-01-30,TWD,2023-03-15,2023-06-21,-0.06651658023403567,-0.2146671453007515,31.86838732055779,-0.14815056506671584,98,44,-1.7113036210827022,Mar23-Jun23,Mar-Jun
2023-01-31,TWD,2023-03-15,2023-06-21,-0.06486264183099162,-0.21268912786441438,31.842402285428683,-0.14782648603342274,98,43,-1.7088675751289688,Mar23-Jun23,Mar-Jun
2023-02-01,TWD,2023-03-15,2023-06-21,-0.062092088082542025,-0.20697362694180677,31.881299749006583,-0.14488153885926475,98,42,-1.6726308949042281,Mar23-Jun23,Mar-Jun
2023-02-02,TWD,2023-03-15,2023-06-21,-0.05998573564585338,-0.20336627450667366,32.11719009168066,-0.14338053886082028,98,41,-1.6430129541408507,Mar23-Jun23,Mar-Jun
2023-02-03,TWD,2023-03-15,2023-06-21,-0.05567526252047496,-0.19207965569563862,32.10030422819219,-0.13640439317516367,98,40,-1.5636859556747054,Mar23-Jun23,Mar-Jun
2023-02-06,TWD,2023-03-15,2023-06-21,-0.05278951171249119,-0.19261038057260296,31.967743338484244,-0.13982086886011177,98,37,-1.609363699270327,Mar23-Jun23,Mar-Jun
2023-02-07,TWD,2023-03-15,2023-06-21,-0.053381521072403695,-0.19869788399172486,31.982453739206875,-0.14531636291932115,98,36,-1.6718782402353936,Mar23-Jun23,Mar-Jun
2023-02-08,TWD,2023-03-15,2023-06-21,-0.05307426271600095,-0.20168219832080364,32.125115727078516,-0.14860793560480268,98,35,-1.7021264543709174,Mar23-Jun23,Mar-Jun
2023-02-09,TWD,2023-03-15,2023-06-21,-0.05133049340189371,-0.19928309203088146,32.23234846027578,-0.14795259862898774,98,34,-1.688881757755054,Mar23-Jun23,Mar-Jun
2023-02-10,TWD,2023-03-15,2023-06-21,-0.05249158543035197,-0.2083756876174578,32.152279903968534,-0.15588410218710586,98,33,-1.7839229085860115,Mar23-Jun23,Mar-Jun
2023-02-13,TWD,2023-03-15,2023-06-21,-0.04767235067818814,-0.20340202956026943,32.14795637384651,-0.15572967888208128,98,30,-1.7821281821848032,Mar23-Jun23,Mar-Jun
2023-02-14,TWD,2023-03-15,2023-06-21,-0.04583565131292762,-0.20072854195661405,32.207336162343964,-0.15489289064368644,98,29,-1.7691783129500611,Mar23-Jun23,Mar-Jun
2023-02-15,TWD,2023-03-15,2023-06-21,-0.0428130747512064,-0.1926588363804288,32.206100494687036,-0.1498457616292224,98,28,-1.7114351870903821,Mar23-Jun23,Mar-Jun
2023-02-16,TWD,2023-03-15,2023-06-21,-0.04109796485782047,-0.19026835582324292,32.23449921782567,-0.14917039096542245,98,27,-1.7021279002647298,Mar23-Jun23,Mar-Jun
2023-02-17,TWD,2023-03-15,2023-06-21,-0.04163628188512866,-0.1985730366829213,32.398939246362275,-0.15693675479779265,98,26,-1.7816761959309095,Mar23-Jun23,Mar-Jun
2023-02-20,TWD,2023-03-15,2023-06-21,-0.037855597728944874,-0.19915336196531866,32.74926862642826,-0.1612977642363738,98,23,-1.811362898679454,Mar23-Jun23,Mar-Jun
2023-02-21,TWD,2023-03-15,2023-06-21,-0.03598308967236297,-0.19627139821288891,32.67083024676069,-0.16028830854052595,98,22,-1.8042498921609307,Mar23-Jun23,Mar-Jun
2023-02-22,TWD,2023-03-15,2023-06-21,-0.03447896922847345,-0.19538082562801617,32.67355118147365,-0.16090185639954274,98,21,-1.8109217078018676,Mar23-Jun23,Mar-Jun
2023-02-23,TWD,2023-03-15,2023-06-21,-0.03219035413870895,-0.18992308941838282,32.65657386405234,-0.15773273527967385,98,20,-1.7760530994270547,Mar23-Jun23,Mar-Jun
2023-02-24,TWD,2023-03-15,2023-06-21,-0.03213786825846053,-0.1979016098020991,32.86917504853208,-0.16576374154363854,98,19,-1.8543939479598541,Mar23-Jun23,Mar-Jun
2023-02-27,TWD,2023-03-15,2023-06-21,-0.028569099307383376,-0.20355483256510654,32.93425635029586,-0.17498573325772315,98,16,-1.9534760952206152,Mar23-Jun23,Mar-Jun
2023-02-28,TWD,2023-03-15,2023-06-21,-0.0266880457196184,-0.20104994442112528,32.89305652071909,-0.17436189870150687,98,15,-1.948840492548038,Mar23-Jun23,Mar-Jun
2023-03-01,TWD,2023-03-15,2023-06-21,-0.024884092590910623,-0.19907274072728498,32.84500655366323,-0.17418864813637436,98,14,-1.9496474072647558,Mar23-Jun23,Mar-Jun
2023-03-02,TWD,2023-03-15,2023-06-21,-0.023211969888972665,-0.19819451212892042,32.88618744228447,-0.17498254223994775,98,13,-1.9559793447490537,Mar23-Jun23,Mar-Jun
2023-03-03,TWD,2023-03-15,2023-06-21,-0.020874592087705608,-0.19135042747063474,32.934812748717896,-0.17047583538292913,98,12,-1.9026521823399585,Mar23-Jun23,Mar-Jun
2023-03-06,TWD,2023-03-15,2023-06-21,-0.015237206507406113,-0.18115345514360603,32.936292479451815,-0.16591624863619991,98,9,-1.8513630721830094,Mar23-Jun23,Mar-Jun
2023-03-07,TWD,2023-03-15,2023-06-21,-0.01383933909731142,-0.1833712430393763,32.932996276951705,-0.16953190394206488,98,8,-1.8918171584852599,Mar23-Jun23,Mar-Jun
2023-03-08,TWD,2023-03-15,2023-06-21,-0.011978069993158367,-0.1796710498973755,32.84758120738889,-0.16769297990421714,98,7,-1.8760582092612863,Mar23-Jun23,Mar-Jun
2023-03-09,TWD,2023-03-15,2023-06-21,-0.012527089882881958,-0.18611676397424623,32.799700255026,-0.17358967409136428,98,6,-1.9448957999311585,Mar23-Jun23,Mar-Jun
2023-03-10,TWD,2023-03-15,2023-06-21,-0.012693702787755513,-0.1867787695912597,32.5993385051105,-0.1740850668035042,98,5,-1.96244862779607,Mar23-Jun23,Mar-Jun
2023-03-13,TWD,2023-03-15,2023-06-21,-0.012997785998089803,-0.18568265711556858,32.67615795657947,-0.17268487111747877,98,2,-1.9421041456663826,Mar23-Jun23,Mar-Jun
2023-03-14,TWD,2023-03-15,2023-06-21,-0.013043126535007511,-0.1844670752808205,32.64356272350643,-0.17142394874581302,98,1,-1.9298516720655763,Mar23-Jun23,Mar-Jun
2023-03-15,TWD,2023-06-21,2023-09-20,-0.18899632284196705,-0.3644929083380793,32.580269206819644,-0.17549658549611225,91,98,-2.1433927862145756,Jun23-Sep23,Jun-Sep
2023-03-16,TWD,2023-06-21,2023-09-20,-0.18537521870170962,-0.3592839290301176,32.62408740717921,-0.17390871032840796,91,97,-2.120893389357447,Jun23-Sep23,Jun-Sep
2023-03-17,TWD,2023-06-21,2023-09-20,-0.18023786424648508,-0.3510883397301324,32.78990925215864,-0.17085047548364735,91,96,-2.0726734191343663,Jun23-Sep23,Jun-Sep
2023-03-20,TWD,2023-06-21,2023-09-20,-0.16744374540970267,-0.33128655005790636,32.69654429454646,-0.1638428046482037,91,93,-1.99258302912711,Jun23-Sep23,Jun-Sep
2023-03-21,TWD,2023-06-21,2023-09-20,-0.16126391557100744,-0.32077496249450393,32.526570101639784,-0.1595110469234965,91,92,-1.9497195839153554,Jun23-Sep23,Jun-Sep
2023-03-22,TWD,2023-06-21,2023-09-20,-0.15790853385550446,-0.3158170677110089,32.48450290394238,-0.15790853385550446,91,91,-1.932443281265917,Jun23-Sep23,Jun-Sep
2023-03-23,TWD,2023-06-21,2023-09-20,-0.14956428916299408,-0.30079040376113253,32.44803494334656,-0.15122611459813845,91,90,-1.8522770414037801,Jun23-Sep23,Jun-Sep
2023-03-24,TWD,2023-06-21,2023-09-20,-0.14361102468421544,-0.2904492634062784,32.41729060517728,-0.14683823872206297,91,89,-1.7999141540826578,Jun23-Sep23,Jun-Sep
2023-03-27,TWD,2023-06-21,2023-09-20,-0.1372965339695449,-0.2825754245652261,32.530242046404794,-0.14527889059568122,91,86,-1.7742433359793401,Jun23-Sep23,Jun-Sep
2023-03-28,TWD,2023-06-21,2023-09-20,-0.13610370939354968,-0.28181473945017343,32.72006369417934,-0.14571103005662375,91,85,-1.7690889629547684,Jun23-Sep23,Jun-Sep
2023-03-29,TWD,2023-06-21,2023-09-20,-0.13139455254544533,-0.27373865113634444,32.81516391200822,-0.1423440985908991,91,84,-1.7229331926674154,Jun23-Sep23,Jun-Sep
2023-03-30,TWD,2023-06-21,2023-09-20,-0.12475645959387782,-0.2615376381847559,32.9743821636702,-0.13678117859087807,91,83,-1.647240549221446,Jun23-Sep23,Jun-Sep
2023-03-31,TWD,2023-06-21,2023-09-20,-0.12415444239719436,-0.2619355918867637,32.82006283763299,-0.13778114948956932,91,82,-1.6670840800814708,Jun23-Sep23,Jun-Sep
2023-04-03,TWD,2023-06-21,2023-09-20,-0.11987080611624534,-0.25794983594635074,33.10777855135064,-0.1380790298301054,91,79,-1.6558998395244033,Jun23-Sep23,Jun-Sep
2023-04-04,TWD,2023-06-21,2023-09-20,-0.12157518942713189,-0.26341291042545245,33.17418228836131,-0.14183772099832057,91,78,-1.69764598966396,Jun23-Sep23,Jun-Sep
2023-04-05,TWD,2023-06-21,2023-09-20,-0.1123798746509367,-0.24519245378386187,33.070904209207306,-0.13281257913292516,91,77,-1.5941623952336805,Jun23-Sep23,Jun-Sep
2023-04-06,TWD,2023-06-21,2023-09-20,-0.11527809915684475,-0.25330845472622465,32.88233683989875,-0.1380303555693799,91,76,-1.6664728995705664,Jun23-Sep23,Jun-Sep
2023-04-07,TWD,2023-06-21,2023-09-20,-0.11776384641141567,-0.26065064672393334,32.88382495153175,-0.14288680031251766,91,75,-1.7251584221896437,Jun23-Sep23,Jun-Sep
2023-04-10,TWD,2023-06-21,2023-09-20,-0.11814576661844114,-0.2674688883167487,33.081333651879014,-0.14932312169830755,91,72,-1.792086478857688,Jun23-Sep23,Jun-Sep
2023-04-11,TWD,2023-06-21,2023-09-20,-0.11595003829987614,-0.2645620592194357,32.95946202630429,-0.14861202091955955,91,71,-1.7900512203719874,Jun23-Sep23,Jun-Sep
2023-04-12,TWD,2023-06-21,2023-09-20,-0.11421727074705622,-0.26269972271822933,32.87278631445165,-0.1484824519711731,91,70,-1.7931281000567396,Jun23-Sep23,Jun-Sep
2023-04-13,TWD,2023-06-21,2023-09-20,-0.11230171416848538,-0.2604097719848937,32.987072467127376,-0.1481080578164083,91,69,-1.7822846320936836,Jun23-Sep23,Jun-Sep
2023-04-14,TWD,2023-06-21,2023-09-20,-0.10829635592014505,-0.2532223616368098,33.03772793884084,-0.14492600571666472,91,68,-1.7410979219160434,Jun23-Sep23,Jun-Sep
2023-04-17,TWD,2023-06-21,2023-09-20,-0.10553234897742113,-0.2532776375458107,32.80763315941395,-0.14774528856838953,91,65,-1.7873067521351413,Jun23-Sep23,Jun-Sep
2023-04-18,TWD,2023-06-21,2023-09-20,-0.09614190879568396,-0.2328436853645471,32.75653177514473,-0.13670177656886315,91,64,-1.6558229683991579,Jun23-Sep23,Jun-Sep
2023-04-19,TWD,2023-06-21,2023-09-20,-0.08965127191381747,-0.21914755356710935,32.693977355163675,-0.12949628165329188,91,63,-1.571242359239799,Jun23-Sep23,Jun-Sep
2023-04-20,TWD,2023-06-21,2023-09-20,-0.09252866800330278,-0.22833687426621493,32.851487665258865,-0.13580820626291215,91,62,-1.6400497757348138,Jun23-Sep23,Jun-Sep
2023-04-21,TWD,2023-06-21,2023-09-20,-0.09121423939902111,-0.22728794079756082,32.98316048295165,-0.1360737013985397,91,61,-1.6366120144068117,Jun23-Sep23,Jun-Sep
2023-04-24,TWD,2023-06-21,2023-09-20,-0.08866681093085488,-0.2277819798051272,32.85170265434909,-0.13911516887427233,91,58,-1.6797763358967877,Jun23-Sep23,Jun-Sep
2023-04-25,TWD,2023-06-21,2023-09-20,-0.08744118839754916,-0.22704027864626802,32.797502574989274,-0.13959909024871886,91,57,-1.6883494369535872,Jun23-Sep23,Jun-Sep
2023-04-26,TWD,2023-06-21,2023-09-20,-0.08391846228588545,-0.2202859635004493,32.86236799354278,-0.13636750121456384,91,56,-1.6458247314787087,Jun23-Sep23,Jun-Sep
2023-04-27,TWD,2023-06-21,2023-09-20,-0.08061586230171446,-0.21399847083727835,32.78771108946883,-0.13338260853556388,91,55,-1.613311908849065,Jun23-Sep23,Jun-Sep
2023-04-28,TWD,2023-06-21,2023-09-20,-0.0782088802103938,-0.21000532649087225,32.860312783885526,-0.13179644628047846,91,54,-1.5904791720140306,Jun23-Sep23,Jun-Sep
2023-05-01,TWD,2023-06-21,2023-09-20,-0.06764541122315813,-0.18834604693506776,33.001151104306636,-0.12070063571190963,91,51,-1.449882149955959,Jun23-Sep23,Jun-Sep
2023-05-02,TWD,2023-06-21,2023-09-20,-0.062523387598146,-0.17631595302677172,33.01595548323757,-0.11379256542862572,91,50,-1.366074372466381,Jun23-Sep23,Jun-Sep
2023-05-03,TWD,2023-06-21,2023-09-20,-0.06072201659153608,-0.17349147597581738,32.841093098306885,-0.11276945938428129,91,49,-1.3609392557254536,Jun23-Sep23,Jun-Sep
2023-05-04,TWD,2023-06-21,2023-09-20,-0.061621054523497094,-0.17844430372429365,32.7510007319108,-0.11682324920079656,91,48,-1.4137861087829418,Jun23-Sep23,Jun-Sep
2023-05-05,TWD,2023-06-21,2023-09-20,-0.05894699609021832,-0.17307841405213037,32.85993790666462,-0.11413141796191205,91,47,-1.3765099580493902,Jun23-Sep23,Jun-Sep
2023-05-08,TWD,2023-06-21,2023-09-20,-0.053757292203323676,-0.16493714653292493,32.959346640782556,-0.11117985432960126,91,44,-1.336649485578878,Jun23-Sep23,Jun-Sep
2023-05-09,TWD,2023-06-21,2023-09-20,-0.054335505343357376,-0.1693245980467416,32.73926714976571,-0.11498909270338423,91,43,-1.391778664704108,Jun23-Sep23,Jun-Sep
2023-05-10,TWD,2023-06-21,2023-09-20,-0.05512148952688647,-0.17455138350180716,32.675275267177284,-0.11942989397492068,91,42,-1.4483987827002498,Jun23-Sep23,Jun-Sep
2023-05-11,TWD,2023-06-21,2023-09-20,-0.05010357396195,-0.16130906738969267,32.67589647892183,-0.11120549342774266,91,41,-1.3484233821849885,Jun23-Sep23,Jun-Sep
2023-05-12,TWD,2023-06-21,2023-09-20,-0.0533016186654033,-0.17456280112919578,32.70792179264407,-0.12126118246379249,91,40,-1.469055727590165,Jun23-Sep23,Jun-Sep
2023-05-15,TWD,2023-06-21,2023-09-20,-0.04719183289122883,-0.16325823270479162,32.83287766676807,-0.11606639981356279,91,37,-1.400500760633084,Jun23-Sep23,Jun-Sep
2023-05-16,TWD,2023-06-21,2023-09-20,-0.046353618850807445,-0.1635252665014596,32.99653155563959,-0.11717164765065216,91,36,-1.4067790146605996,Jun23-Sep23,Jun-Sep
2023-05-17,TWD,2023-06-21,2023-09-20,-0.04245859509766609,-0.15285094235159796,33.011024337756645,-0.11039234725393188,91,35,-1.3246465786722421,Jun23-Sep23,Jun-Sep
2023-05-18,TWD,2023-06-21,2023-09-20,-0.04282938585264766,-0.1574609773994399,32.698788275276954,-0.11463159154679224,91,34,-1.3886825875973297,Jun23-Sep23,Jun-Sep
2023-05-19,TWD,2023-06-21,2023-09-20,-0.039840422119030924,-0.14970340432605558,32.514826329248855,-0.10986298220702466,91,33,-1.338330947997893,Jun23-Sep23,Jun-Sep
2023-05-22,TWD,2023-06-21,2023-09-20,-0.03284264724072899,-0.13246534387094028,32.68800389759829,-0.09962269663021128,91,30,-1.206889667049002,Jun23-Sep23,Jun-Sep
2023-05-23,TWD,2023-06-21,2023-09-20,-0.033010145679692696,-0.13659370626079734,32.65577268177789,-0.10358356058110464,91,29,-1.256120226878279,Jun23-Sep23,Jun-Sep
2023-05-24,TWD,2023-06-21,2023-09-20,-0.03134115454405097,-0.1331999068122166,32.677944320999146,-0.10185875226816564,91,28,-1.2343020780020788,Jun23-Sep23,Jun-Sep
2023-05-25,TWD,2023-06-21,2023-09-20,-0.030393735720964103,-0.13283188203976903,32.80376994816996,-0.10243814631880493,91,27,-1.2365213976914642,Jun23-Sep23,Jun-Sep
2023-05-26,TWD,2023-06-21,2023-09-20,-0.02945860865497299,-0.13256373894737844,32.61846448776873,-0.10310513029240545,91,26,-1.2516135933799868,Jun23-Sep23,Jun-Sep
2023-05-29,TWD,2023-06-21,2023-09-20,-0.024914019955648257,-0.12348688151930005,32.62528222657973,-0.0985728615636518,91,23,-1.1961784319344406,Jun23-Sep23,Jun-Sep
2023-05-30,TWD,2023-06-21,2023-09-20,-0.02324671894095945,-0.11940360183310988,32.56951045956543,-0.09615688289215044,91,22,-1.1688003834452712,Jun23-Sep23,Jun-Sep
2023-05-31,TWD,2023-06-21,2023-09-20,-0.021143925643039966,-0.11276760342954648,32.622234123600165,-0.09162367778650651,91,21,-1.1118256921375822,Jun23-Sep23,Jun-Sep
2023-06-01,TWD,2023-06-21,2023-09-20,-0.018243610379973865,-0.10125203760885494,32.720747199599614,-0.08300842722888108,91,20,-1.0041585530098667,Jun23-Sep23,Jun-Sep
2023-06-02,TWD,2023-06-21,2023-09-20,-0.018252009632211956,-0.10566952944964816,32.568514444445114,-0.0874175198174362,91,19,-1.0624416673097496,Jun23-Sep23,Jun-Sep
2023-06-05,TWD,2023-06-21,2023-09-20,-0.015117704628160875,-0.10109964970082586,32.44150480090915,-0.08598194507266498,91,16,-1.0489862873827063,Jun23-Sep23,Jun-Sep
2023-06-06,TWD,2023-06-21,2023-09-20,-0.014474273439268987,-0.10228486563750085,32.58647360423822,-0.08781059219823185,91,15,-1.0665067225823646,Jun23-Sep23,Jun-Sep
2023-06-07,TWD,2023-06-21,2023-09-20,-0.013051305896188916,-0.09788479422141687,32.454611517095145,-0.08483348832522795,91,14,-1.0344909633639432,Jun23-Sep23,Jun-Sep
2023-06-08,TWD,2023-06-21,2023-09-20,-0.011685987073973714,-0.09348789659178972,32.42988831051304,-0.081801909517816,91,13,-0.9982415018331451,Jun23-Sep23,Jun-Sep
2023-06-09,TWD,2023-06-21,2023-09-20,-0.010151199913436434,-0.0871311325903294,32.453200034329456,-0.07697993267689296,91,12,-0.938678725780041,Jun23-Sep23,Jun-Sep
2023-06-12,TWD,2023-06-21,2023-09-20,-0.00795457239033682,-0.08838413767040912,32.52122762392886,-0.0804295652800723,91,9,-0.9786246223476239,Jun23-Sep23,Jun-Sep
2023-06-13,TWD,2023-06-21,2023-09-20,-0.006283102126464402,-0.07775338881499698,32.78597357177344,-0.07147028668853257,91,8,-0.8625450443246175,Jun23-Sep23,Jun-Sep
2023-06-14,TWD,2023-06-21,2023-09-20,-0.0061079273881747284,-0.0855109834344462,32.77422025047977,-0.07940305604627147,91,7,-0.9586209204426004,Jun23-Sep23,Jun-Sep
2023-06-15,TWD,2023-06-21,2023-09-20,-0.005890721127133627,-0.08162856419028025,32.80834811552201,-0.07573784306314663,91,6,-0.9134139942362676,Jun23-Sep23,Jun-Sep
2023-06-16,TWD,2023-06-21,2023-09-20,-0.005698755140000485,-0.07815435620572093,32.79425463228754,-0.07245560106572045,91,5,-0.874199960960632,Jun23-Sep23,Jun-Sep
2023-06-19,TWD,2023-06-21,2023-09-20,-0.005264340970194718,-0.06994053003258698,32.91439918181001,-0.06467618906239225,91,2,-0.7774797121762151,Jun23-Sep23,Jun-Sep
2023-06-20,TWD,2023-06-21,2023-09-20,-0.00543533290516539,-0.0714358038964594,33.12087987361947,-0.06600047099129401,91,1,-0.7884561659443647,Jun23-Sep23,Jun-Sep
2023-06-21,TWD,2023-09-20,2023-12-20,-0.07634208096749998,-0.15268416193499995,32.984178741249295,-0.07634208096749998,91,91,-0.917752908284627,Sep23-Dec23,Sep-Dec
2023-06-22,TWD,2023-09-20,2023-12-20,-0.08504441249974057,-0.17103376291614492,33.020786160349004,-0.08598935041640435,91,90,-1.032852554538805,Sep23-Dec23,Sep-Dec
2023-06-23,TWD,2023-09-20,2023-12-20,-0.08176823004135789,-0.16537394839825192,33.26064056717798,-0.08360571835689404,91,89,-0.9968629838763932,Sep23-Dec23,Sep-Dec
2023-06-26,TWD,2023-09-20,2023-12-20,-0.08373261249811215,-0.17233340014146337,33.24125383662495,-0.08860078764335122,91,86,-1.0571013680062773,Sep23-Dec23,Sep-Dec
2023-06-27,TWD,2023-09-20,2023-12-20,-0.08172477339291094,-0.16921835431943913,33.133586257688016,-0.08749358092652819,91,85,-1.0472283147546657,Sep23-Dec23,Sep-Dec
2023-06-28,TWD,2023-09-20,2023-12-20,-0.07921563595276766,-0.1650325749015993,33.27464103912064,-0.08581693894883165,91,84,-1.0227179755386195,Sep23-Dec23,Sep-Dec
2023-06-29,TWD,2023-09-20,2023-12-20,-0.07523921412502471,-0.15773040069583494,33.25436051546454,-0.08249118657081023,91,83,-0.9835666143670618,Sep23-Dec23,Sep-Dec
2023-06-30,TWD,2023-09-20,2023-12-20,-0.07849154243781922,-0.1655980102651552,33.33601284633437,-0.08710646782733597,91,82,-1.0361476203589137,Sep23-Dec23,Sep-Dec
2023-07-03,TWD,2023-09-20,2023-12-20,-0.07603021972808921,-0.15530616341993034,33.21268068864159,-0.07927594369184113,91,79,-0.946441820352361,Sep23-Dec23,Sep-Dec
2023-07-04,TWD,2023-09-20,2023-12-20,-0.0709628329250432,-0.1458675332203228,33.3964437907939,-0.07490470029527961,91,78,-0.8891883278656056,Sep23-Dec23,Sep-Dec
2023-07-05,TWD,2023-09-20,2023-12-20,-0.06978211260147277,-0.14482322812909407,33.42894259717304,-0.0750411155276213,91,77,-0.8899083406943931,Sep23-Dec23,Sep-Dec
2023-07-06,TWD,2023-09-20,2023-12-20,-0.0736771824803208,-0.15489612122964092,33.59900594279138,-0.08121893874932011,91,76,-0.9583968409458844,Sep23-Dec23,Sep-Dec
2023-07-07,TWD,2023-09-20,2023-12-20,-0.07279371149669636,-0.15460508690262098,33.48854336605873,-0.08181137540592462,91,75,-0.9685534532548733,Sep23-Dec23,Sep-Dec
2023-07-10,TWD,2023-09-20,2023-12-20,-0.07762275263431079,-0.1706077727046288,33.52264042358046,-0.092985020070318,91,72,-1.0998733212551026,Sep23-Dec23,Sep-Dec
2023-07-11,TWD,2023-09-20,2023-12-20,-0.07588621118655493,-0.16847123685669885,33.678597843003246,-0.09258502567014391,91,71,-1.0900026022772764,Sep23-Dec23,Sep-Dec
2023-07-12,TWD,2023-09-20,2023-12-20,-0.07751521686182934,-0.17407257668136825,33.69937680671406,-0.0965573598195389,91,70,-1.1361213855004049,Sep23-Dec23,Sep-Dec
2023-07-13,TWD,2023-09-20,2023-12-20,-0.08055937414574803,-0.18306766502285954,33.630127401179735,-0.10250829087711151,91,69,-1.2087407630465417,Sep23-Dec23,Sep-Dec
2023-07-14,TWD,2023-09-20,2023-12-20,-0.08709533289026009,-0.20036032221244404,33.83032221758707,-0.11326498932218396,91,68,-1.3279147189169556,Sep23-Dec23,Sep-Dec
2023-07-17,TWD,2023-09-20,2023-12-20,-0.08858419410575726,-0.21072036200216476,33.870669329748296,-0.12213616789640751,91,65,-1.4302730186159038,Sep23-Dec23,Sep-Dec
2023-07-18,TWD,2023-09-20,2023-12-20,-0.09024358780818452,-0.21714081300006682,34.02902934912219,-0.1268972251918823,91,64,-1.4791660617726803,Sep23-Dec23,Sep-Dec
2023-07-19,TWD,2023-09-20,2023-12-20,-0.08941305408100746,-0.21761998027386403,34.02946926955226,-0.12820692619285656,91,63,-1.4943765333454107,Sep23-Dec23,Sep-Dec
2023-07-20,TWD,2023-09-20,2023-12-20,-0.09180177169045066,-0.22607073862429725,34.00870521195817,-0.1342689669338466,91,62,-1.566103863397697,Sep23-Dec23,Sep-Dec
2023-07-21,TWD,2023-09-20,2023-12-20,-0.08217935998311723,-0.20477479864645606,33.745487829920414,-0.12259543866333883,91,61,-1.4407168106954944,Sep23-Dec23,Sep-Dec
2023-07-24,TWD,2023-09-20,2023-12-20,-0.07563844481091096,-0.1943125564969954,33.854031390145195,-0.11867411168608442,91,58,-1.3898825886548407,Sep23-Dec23,Sep-Dec
2023-07-25,TWD,2023-09-20,2023-12-20,-0.0798335893612458,-0.20728721448183118,33.83311298173467,-0.1274536251205854,91,57,-1.4938167562116216,Sep23-Dec23,Sep-Dec
2023-07-26,TWD,2023-09-20,2023-12-20,-0.07773296462770546,-0.20404903214772685,33.820744720760096,-0.1263160675200214,91,56,-1.4809345386100914,Sep23-Dec23,Sep-Dec
2023-07-27,TWD,2023-09-20,2023-12-20,-0.07984388572442264,-0.21194922392301282,33.611610291818195,-0.1321053381985902,91,55,-1.5585654463067877,Sep23-Dec23,Sep-Dec
2023-07-28,TWD,2023-09-20,2023-12-20,-0.07625226650592053,-0.2047514563584903,33.70635127694256,-0.12849918985256975,91,54,-1.5115877096140773,Sep23-Dec23,Sep-Dec
2023-07-31,TWD,2023-09-20,2023-12-20,-0.07353328446380386,-0.20473973321294409,33.73367598509284,-0.13120644874914023,91,51,-1.5420566786792622,Sep23-Dec23,Sep-Dec
2023-08-01,TWD,2023-09-20,2023-12-20,-0.07848416901952798,-0.2213253566350689,33.812433532638224,-0.1428411876155409,91,50,-1.6751255859476781,Sep23-Dec23,Sep-Dec
2023-08-02,TWD,2023-09-20,2023-12-20,-0.07983262248724338,-0.2196544023563893,33.75521900008126,-0.13982177986914593,91,49,-1.6425679603862524,Sep23-Dec23,Sep-Dec
2023-08-03,TWD,2023-09-20,2023-12-20,-0.0762605648063954,-0.21283857171135734,33.87944699504188,-0.13657800690496194,91,48,-1.5983954644631526,Sep23-Dec23,Sep-Dec
2023-08-04,TWD,2023-09-20,2023-12-20,-0.07607673423053878,-0.2158185000884444,34.00083379699128,-0.1397417658579056,91,47,-1.629560875576369,Sep23-Dec23,Sep-Dec
2023-08-07,TWD,2023-09-20,2023-12-20,-0.07591466113587506,-0.22678144406980197,33.998061936316134,-0.1508667829339269,91,44,-1.7594276092016155,Sep23-Dec23,Sep-Dec
2023-08-08,TWD,2023-09-20,2023-12-20,-0.07673076307531043,-0.23346018061736942,33.92574216902968,-0.156729417542059,91,43,-1.8317476323473632,Sep23-Dec23,Sep-Dec
2023-08-09,TWD,2023-09-20,2023-12-20,-0.07447978701532684,-0.23065458476090916,34.02375788264192,-0.15617479774558232,91,42,-1.8198748231626416,Sep23-Dec23,Sep-Dec
2023-08-10,TWD,2023-09-20,2023-12-20,-0.06946732655502372,-0.21891672228842504,34.08611556954797,-0.14944939573340132,91,41,-1.7380559498461117,Sep23-Dec23,Sep-Dec
2023-08-11,TWD,2023-09-20,2023-12-20,-0.06582680583805078,-0.21132868812102543,34.03280798872703,-0.14550188228297464,91,40,-1.6946217236654504,Sep23-Dec23,Sep-Dec
2023-08-14,TWD,2023-09-20,2023-12-20,-0.06106239753595076,-0.2083917351297599,34.21384371910731,-0.14732933759380912,91,37,-1.7065706305091595,Sep23-Dec23,Sep-Dec
2023-08-15,TWD,2023-09-20,2023-12-20,-0.05927983195882157,-0.20674249041364606,34.32360155163224,-0.14746265845482448,91,36,-1.7025545215665228,Sep23-Dec23,Sep-Dec
2023-08-16,TWD,2023-09-20,2023-12-20,-0.055650196652826334,-0.19843525783705251,34.29810203620085,-0.14278506118422618,91,35,-1.649601439050135,Sep23-Dec23,Sep-Dec
2023-08-17,TWD,2023-09-20,2023-12-20,-0.05442042745333682,-0.19864553304335086,34.30962931282827,-0.14422510559001406,91,34,-1.6656178019185397,Sep23-Dec23,Sep-Dec
2023-08-18,TWD,2023-09-20,2023-12-20,-0.05006544566894766,-0.18717786899621686,34.08609389929509,-0.1371124233272692,91,33,-1.5936723473522418,Sep23-Dec23,Sep-Dec
2023-08-21,TWD,2023-09-20,2023-12-20,-0.04577929761397815,-0.1846431670430452,34.08639529924063,-0.13886386942906706,91,30,-1.613812074791706,Sep23-Dec23,Sep-Dec
2023-08-22,TWD,2023-09-20,2023-12-20,-0.043740608147773086,-0.18099561992181967,34.20894923805785,-0.1372550117740466,91,29,-1.5892976555398342,Sep23-Dec23,Sep-Dec
2023-08-23,TWD,2023-09-20,2023-12-20,-0.0431595791191052,-0.18342821125619713,34.29643403764468,-0.14026863213709193,91,28,-1.6200170148999784,Sep23-Dec23,Sep-Dec
2023-08-24,TWD,2023-09-20,2023-12-20,-0.04152844400108678,-0.18149468118993484,34.31735104415836,-0.13996623718884804,91,27,-1.615461117127488,Sep23-Dec23,Sep-Dec
2023-08-25,TWD,2023-09-20,2023-12-20,-0.04067594339809813,-0.18304174529144157,34.23527703219239,-0.14236580189334344,91,26,-1.647059337422912,Sep23-Dec23,Sep-Dec
2023-08-28,TWD,2023-09-20,2023-12-20,-0.03685805331224689,-0.18268774250418024,34.03597463371289,-0.14582968919193334,91,23,-1.6968342667823457,Sep23-Dec23,Sep-Dec
2023-08-29,TWD,2023-09-20,2023-12-20,-0.0335842814224028,-0.1725010818514326,34.09989986686762,-0.1389168004290298,91,22,-1.6132092927743067,Sep23-Dec23,Sep-Dec
2023-08-30,TWD,2023-09-20,2023-12-20,-0.03180705668474981,-0.16963763565199902,34.274065716132185,-0.1378305789672492,91,21,-1.5923710941626454,Sep23-Dec23,Sep-Dec
2023-08-31,TWD,2023-09-20,2023-12-20,-0.031197649718054613,-0.17314695593520307,34.21775835306301,-0.14194930621714846,91,20,-1.6426270539406536,Sep23-Dec23,Sep-Dec
2023-09-01,TWD,2023-09-20,2023-12-20,-0.030270162693753423,-0.16653175685202776,34.132188364685774,-0.13626159415827432,91,19,-1.5807229752233662,Sep23-Dec23,Sep-Dec
2023-09-04,TWD,2023-09-20,2023-12-20,-0.023510644895165696,-0.14990615855020392,34.04394821590752,-0.12639551365503823,91,16,-1.469781824006037,Sep23-Dec23,Sep-Dec
2023-09-05,TWD,2023-09-20,2023-12-20,-0.022313622441418594,-0.1507874409543069,34.20163518665371,-0.1284738185128883,91,15,-1.4870045687798468,Sep23-Dec23,Sep-Dec
2023-09-06,TWD,2023-09-20,2023-12-20,-0.019477270630251512,-0.1396761924241688,34.02916395158464,-0.12019892179391728,91,14,-1.3981670062021037,Sep23-Dec23,Sep-Dec
2023-09-07,TWD,2023-09-20,2023-12-20,-0.01631567686683565,-0.12459461410255314,33.94242937774025,-0.10827893723571749,91,13,-1.26261510232216,Sep23-Dec23,Sep-Dec
2023-09-08,TWD,2023-09-20,2023-12-20,-0.013703428533959698,-0.11213568591757005,34.00953579328759,-0.09843225738361035,91,12,-1.1454413962398788,Sep23-Dec23,Sep-Dec
2023-09-11,TWD,2023-09-20,2023-12-20,-0.010216819689187697,-0.10940504987683722,34.018729506497024,-0.09918823018764952,91,9,-1.1538081719660997,Sep23-Dec23,Sep-Dec
2023-09-12,TWD,2023-09-20,2023-12-20,-0.009503235567711644,-0.11395068009539275,33.96229851186143,-0.10444744452768111,91,8,-1.2169798636180502,Sep23-Dec23,Sep-Dec
2023-09-13,TWD,2023-09-20,2023-12-20,-0.007993723684621739,-0.1087170240135532,33.95942904194922,-0.10072330032893145,91,7,-1.1736346335988623,Sep23-Dec23,Sep-Dec
2023-09-14,TWD,2023-09-20,2023-12-20,-0.007933760009771942,-0.10719467908406542,34.03262789383059,-0.09926091907429348,91,6,-1.1541045965933174,Sep23-Dec23,Sep-Dec
2023-09-15,TWD,2023-09-20,2023-12-20,-0.007787999231977144,-0.10451686735952863,34.07489124660115,-0.09672886812755148,91,5,-1.1232644329996555,Sep23-Dec23,Sep-Dec
2023-09-18,TWD,2023-09-20,2023-12-20,-0.008272874393473984,-0.1089877516645448,34.34653117358935,-0.10071487727107081,91,2,-1.1603165135525992,Sep23-Dec23,Sep-Dec
2023-09-19,TWD,2023-09-20,2023-12-20,-0.008856408581412428,-0.11593581438428431,34.42476095950277,-0.10707940580287188,91,1,-1.23085777250588,Sep23-Dec23,Sep-Dec
2023-09-20,TWD,2023-12-20,2024-03-20,-0.10894831235680952,-0.20356174340098485,34.40371515032205,-0.09461343104417533,91,91,-1.0914052683645128,Dec23-Mar24,Dec-Mar
2023-09-21,TWD,2023-12-20,2024-03-20,-0.10339909136678296,-0.19357321405845762,34.497233923374196,-0.09017412269167466,91,90,-1.037199820282895,Dec23-Mar24,Dec-Mar
2023-09-22,TWD,2023-12-20,2024-03-20,-0.09945659984835656,-0.1867399793490117,34.57968028697906,-0.08728337950065515,91,89,-1.001434587750446,Dec23-Mar24,Dec-Mar
2023-09-25,TWD,2023-12-20,2024-03-20,-0.09774756265372733,-0.18680757636626905,34.48931224773764,-0.08906001371254171,91,86,-1.024452746476816,Dec23-Mar24,Dec-Mar
2023-09-26,TWD,2023-12-20,2024-03-20,-0.09446679678578412,-0.18122879304355938,34.495308016813,-0.08676199625777525,91,85,-0.9977496443024845,Dec23-Mar24,Dec-Mar
2023-09-27,TWD,2023-12-20,2024-03-20,-0.09513080436958896,-0.18376727422268158,34.612563713509154,-0.08863646985309262,91,84,-1.0158628301543091,Dec23-Mar24,Dec-Mar
2023-09-28,TWD,2023-12-20,2024-03-20,-0.09538018958261173,-0.18550198909304194,34.683987257405995,-0.09012179951043021,91,83,-1.030760792309267,Dec23-Mar24,Dec-Mar
2023-09-29,TWD,2023-12-20,2024-03-20,-0.09508503557914627,-0.1860890675214072,34.84119858839762,-0.09100403194226092,91,82,-1.0361330051879063,Dec23-Mar24,Dec-Mar
2023-10-02,TWD,2023-12-20,2024-03-20,-0.08244232576901747,-0.18163753703854552,34.86991777169991,-0.09919521126952804,91,79,-1.1280514351242852,Dec23-Mar24,Dec-Mar
2023-10-03,TWD,2023-12-20,2024-03-20,-0.07768807571187902,-0.17162218712459745,34.749901744080844,-0.09393411141271843,91,78,-1.0717731416718463,Dec23-Mar24,Dec-Mar
2023-10-04,TWD,2023-12-20,2024-03-20,-0.08207746642921483,-0.1814611550219928,34.951347921019746,-0.09938368859277798,91,77,-1.127543637882623,Dec23-Mar24,Dec-Mar
2023-10-05,TWD,2023-12-20,2024-03-20,-0.07631154628772709,-0.16912215502673555,34.96177663407336,-0.09281060873900847,91,76,-1.0524808737242826,Dec23-Mar24,Dec-Mar
2023-10-06,TWD,2023-12-20,2024-03-20,-0.07839137099764643,-0.17398201721814294,34.7192812716437,-0.09559064622049651,91,75,-1.09166017189383,Dec23-Mar24,Dec-Mar
2023-10-09,TWD,2023-12-20,2024-03-20,-0.08355546513994115,-0.18669356709874582,34.84328894400826,-0.10313810195880467,91,72,-1.1738262180290289,Dec23-Mar24,Dec-Mar
2023-10-10,TWD,2023-12-20,2024-03-20,-0.08652327675630753,-0.1939252636340837,35.02265174144155,-0.10740198687777616,91,71,-1.2161822151656627,Dec23-Mar24,Dec-Mar
2023-10-11,TWD,2023-12-20,2024-03-20,-0.09070910373459168,-0.20408845235034118,35.16763540041065,-0.1133793486157495,91,70,-1.278714340697637,Dec23-Mar24,Dec-Mar
2023-10-12,TWD,2023-12-20,2024-03-20,-0.09212956298747231,-0.2080251829419406,35.27019843053182,-0.1158956199544683,91,69,-1.3033352358799548,Dec23-Mar24,Dec-Mar
2023-10-13,TWD,2023-12-20,2024-03-20,-0.09689118210110859,-0.21987310082561715,35.28754158712994,-0.12298191872450856,91,68,-1.3825316402883,Dec23-Mar24,Dec-Mar
2023-10-16,TWD,2023-12-20,2024-03-20,-0.09346624204485283,-0.21431236488427738,35.31746831777459,-0.12084612283942454,91,65,-1.357235253513826,Dec23-Mar24,Dec-Mar
2023-10-17,TWD,2023-12-20,2024-03-20,-0.09376306403747632,-0.21594518443146468,35.27174212924171,-0.12218212039398836,91,64,-1.3740352679877716,Dec23-Mar24,Dec-Mar
2023-10-18,TWD,2023-12-20,2024-03-20,-0.08566599696713634,-0.19716866500739033,35.08692155378342,-0.111502668040254,91,63,-1.2602675217390005,Dec23-Mar24,Dec-Mar
2023-10-19,TWD,2023-12-20,2024-03-20,-0.08527355008792263,-0.19704470874994473,35.012213186176,-0.1117711586620221,91,62,-1.265990153423173,Dec23-Mar24,Dec-Mar
2023-10-20,TWD,2023-12-20,2024-03-20,-0.08469647956034329,-0.19644164125274083,35.052778101835656,-0.11174516169239754,91,61,-1.2642065307030161,Dec23-Mar24,Dec-Mar
2023-10-23,TWD,2023-12-20,2024-03-20,-0.08116887115961433,-0.19389791379884272,35.09308148067556,-0.1127290426392284,91,58,-1.2737408914997104,Dec23-Mar24,Dec-Mar
2023-10-24,TWD,2023-12-20,2024-03-20,-0.08127266791919661,-0.1963626739895425,35.18662882682854,-0.11509000607034588,91,57,-1.2969562845472196,Dec23-Mar24,Dec-Mar
2023-10-25,TWD,2023-12-20,2024-03-20,-0.08161561195509248,-0.19964181745774073,35.03799341850489,-0.11802620550264825,91,56,-1.335712926314846,Dec23-Mar24,Dec-Mar
2023-10-26,TWD,2023-12-20,2024-03-20,-0.08481981431554038,-0.2104910261906186,35.20086325461245,-0.12567121187507824,91,55,-1.4157655290305646,Dec23-Mar24,Dec-Mar
2023-10-27,TWD,2023-12-20,2024-03-20,-0.08027546794068084,-0.2010514045589561,34.8074224540042,-0.12077593661827525,91,54,-1.3758542107879321,Dec23-Mar24,Dec-Mar
2023-10-30,TWD,2023-12-20,2024-03-20,-0.07566673357709434,-0.19618190558678772,34.7952462598223,-0.12051517200969337,91,51,-1.3731828678402065,Dec23-Mar24,Dec-Mar
2023-10-31,TWD,2023-12-20,2024-03-20,-0.07122360628314908,-0.1863484767620351,34.80502309546883,-0.115124870478886,91,50,-1.311227262051035,Dec23-Mar24,Dec-Mar
2023-11-01,TWD,2023-12-20,2024-03-20,-0.06064124184722813,-0.18409616170679977,34.620326062735316,-0.12345491985957163,91,49,-1.4131873368797172,Dec23-Mar24,Dec-Mar
2023-11-02,TWD,2023-12-20,2024-03-20,-0.05661389535553338,-0.17379018080283992,34.6757726571182,-0.11717628544730654,91,48,-1.3390115543405623,Dec23-Mar24,Dec-Mar
2023-11-03,TWD,2023-12-20,2024-03-20,-0.056831675347128394,-0.17571503989785633,34.80109605262916,-0.11888336455072794,91,47,-1.3536272079273495,Dec23-Mar24,Dec-Mar
2023-11-06,TWD,2023-12-20,2024-03-20,-0.05914180237033568,-0.18706486775864534,34.89598495636839,-0.12792306538830966,91,44,-1.4526840662081173,Dec23-Mar24,Dec-Mar
2023-11-07,TWD,2023-12-20,2024-03-20,-0.057072447270057364,-0.18231185284657742,34.87190543571277,-0.12523940557652005,91,43,-1.4231077703402717,Dec23-Mar24,Dec-Mar
2023-11-08,TWD,2023-12-20,2024-03-20,-0.05573729172540265,-0.1797956650595934,35.013078561269246,-0.12405837333419076,91,42,-1.4039408038533,Dec23-Mar24,Dec-Mar
2023-11-09,TWD,2023-12-20,2024-03-20,-0.059326436610471434,-0.19308662894774772,35.12919490658434,-0.1337601923372763,91,41,-1.5088770603979138,Dec23-Mar24,Dec-Mar
2023-11-10,TWD,2023-12-20,2024-03-20,-0.0636568462205563,-0.20930115090834195,35.07341570279565,-0.14564430468778566,91,40,-1.6457561837337777,Dec23-Mar24,Dec-Mar
2023-11-13,TWD,2023-12-20,2024-03-20,-0.05918142785107192,-0.2015384463725237,35.06589058583597,-0.14235701852145177,91,37,-1.6087505403053974,Dec23-Mar24,Dec-Mar
2023-11-14,TWD,2023-12-20,2024-03-20,-0.054664247902824904,-0.18818825988861698,35.22065056084833,-0.13352401198579208,91,36,-1.5020959625656054,Dec23-Mar24,Dec-Mar
2023-11-15,TWD,2023-12-20,2024-03-20,-0.05187699169131128,-0.18060010257403644,35.23737100711558,-0.12872311088272514,91,35,-1.447284737817093,Dec23-Mar24,Dec-Mar
2023-11-16,TWD,2023-12-20,2024-03-20,-0.05470970687612662,-0.19340147146623982,35.328360518009696,-0.1386917645901132,91,34,-1.5554690383412408,Dec23-Mar24,Dec-Mar
2023-11-17,TWD,2023-12-20,2024-03-20,-0.054875069204157204,-0.19684412654450367,35.27456061107103,-0.14196905734034648,91,33,-1.594664525238026,Dec23-Mar24,Dec-Mar
2023-11-20,TWD,2023-12-20,2024-03-20,-0.052703411801743545,-0.1978474468221404,35.33515386774057,-0.14514403502039686,91,30,-1.6274271630178625,Dec23-Mar24,Dec-Mar
2023-11-21,TWD,2023-12-20,2024-03-20,-0.054327679463494274,-0.21008225708066908,35.33264112661327,-0.15575457761717482,91,29,-1.746602643949189,Dec23-Mar24,Dec-Mar
2023-11-22,TWD,2023-12-20,2024-03-20,-0.05200889303116035,-0.20633209275608524,35.29368630323107,-0.1543231997249249,91,28,-1.732350462332023,Dec23-Mar24,Dec-Mar
2023-11-23,TWD,2023-12-20,2024-03-20,-0.05064468306999814,-0.20668546759477988,35.16133130673109,-0.15604078452478173,91,27,-1.758166136516492,Dec23-Mar24,Dec-Mar
2023-11-24,TWD,2023-12-20,2024-03-20,-0.05066305519708001,-0.21335429310728748,35.11069267097417,-0.16269123791020748,91,26,-1.8357477032659484,Dec23-Mar24,Dec-Mar
2023-11-27,TWD,2023-12-20,2024-03-20,-0.043578073095841816,-0.2014436095138867,34.92493712416406,-0.1578655364180449,91,23,-1.7904204945108593,Dec23-Mar24,Dec-Mar
2023-11-28,TWD,2023-12-20,2024-03-20,-0.04190371086703116,-0.2007835294736676,34.67800140587277,-0.15887981860663644,91,22,-1.8146834890893864,Dec23-Mar24,Dec-Mar
2023-11-29,TWD,2023-12-20,2024-03-20,-0.04006928894442824,-0.1992348374971598,34.723288495498075,-0.15916554855273157,91,21,-1.8154771118923778,Dec23-Mar24,Dec-Mar
2023-11-30,TWD,2023-12-20,2024-03-20,-0.040122682307010805,-0.20819067679647277,34.776504017849284,-0.16806799448946197,91,20,-1.914086465662335,Dec23-Mar24,Dec-Mar
2023-12-01,TWD,2023-12-20,2024-03-20,-0.03867466829427746,-0.20938695999802592,34.845634409435085,-0.17071229170374846,91,19,-1.9402594620144393,Dec23-Mar24,Dec-Mar
2023-12-04,TWD,2023-12-20,2024-03-20,-0.029990337846661375,-0.198177137424925,34.86349786877102,-0.1681867995782636,91,16,-1.9100986926662105,Dec23-Mar24,Dec-Mar
2023-12-05,TWD,2023-12-20,2024-03-20,-0.029862402823297073,-0.20288483354130774,35.00194277727726,-0.17302243071801066,91,15,-1.9572308366361708,Dec23-Mar24,Dec-Mar
2023-12-06,TWD,2023-12-20,2024-03-20,-0.02911687380979608,-0.20376573398266212,35.06596701794043,-0.17464886017286604,91,14,-1.9719768326051201,Dec23-Mar24,Dec-Mar
2023-12-07,TWD,2023-12-20,2024-03-20,-0.026185563965602638,-0.19497596275920234,34.82051751748505,-0.1687903987935997,91,13,-1.9191121067582737,Dec23-Mar24,Dec-Mar
2023-12-08,TWD,2023-12-20,2024-03-20,-0.02411428328520252,-0.19250613422644544,34.73951353170296,-0.16839185094124293,91,12,-1.918933898458728,Dec23-Mar24,Dec-Mar
2023-12-11,TWD,2023-12-20,2024-03-20,-0.01890487287993229,-0.19556552600840965,34.77268104467781,-0.17666065312847737,91,9,-2.0109392016135277,Dec23-Mar24,Dec-Mar
2023-12-12,TWD,2023-12-20,2024-03-20,-0.017163910189335968,-0.19796892082245962,34.64272264937512,-0.18080501063312365,91,8,-2.0657358193852255,Dec23-Mar24,Dec-Mar
2023-12-13,TWD,2023-12-20,2024-03-20,-0.01566362411792031,-0.20474968235118285,34.898532719283715,-0.18908605823326255,91,7,-2.1444129374941587,Dec23-Mar24,Dec-Mar
2023-12-14,TWD,2023-12-20,2024-03-20,-0.015749165152988617,-0.20377912728831424,34.70232988172457,-0.18802996213532563,91,6,-2.144503089937735,Dec23-Mar24,Dec-Mar
2023-12-15,TWD,2023-12-20,2024-03-20,-0.015804961064145792,-0.20222263051037195,34.87469094356317,-0.18641766944622618,91,5,-2.115605458197291,Dec23-Mar24,Dec-Mar
2023-12-18,TWD,2023-12-20,2024-03-20,-0.015575478492631177,-0.19236706361754513,34.95430439721735,-0.17679158512491394,91,2,-2.001776548425131,Dec23-Mar24,Dec-Mar
2023-12-19,TWD,2023-12-20,2024-03-20,-0.015617208803960184,-0.19075821704074114,34.79166537570824,-0.17514100823678097,91,1,-1.9923641805567234,Dec23-Mar24,Dec-Mar
2023-12-20,TWD,2024-03-20,2024-06-19,-0.19266130143485605,-0.3998488777424921,34.863059694672515,-0.20718757630763607,91,91,-2.364100780506464,Mar24-Jun24,Mar-Jun
2023-12-21,TWD,2024-03-20,2024-06-19,-0.18855222579282868,-0.3940087316655113,35.15163906973285,-0.20545650587268263,91,90,-2.324723134188637,Mar24-Jun24,Mar-Jun
2023-12-22,TWD,2024-03-20,2024-06-19,-0.17945120435086256,-0.3779233724602765,35.181451405960765,-0.19847216810941395,91,89,-2.24319929309656,Mar24-Jun24,Mar-Jun
2023-12-25,TWD,2024-03-20,2024-06-19,-0.17208844313999616,-0.3696300743335755,35.03820545691885,-0.19754163119357931,91,86,-2.2413834492713667,Mar24-Jun24,Mar-Jun
2023-12-26,TWD,2024-03-20,2024-06-19,-0.16267621739736998,-0.35240030347184437,34.892611863815084,-0.18972408607447439,91,85,-2.1611235669200384,Mar24-Jun24,Mar-Jun
2023-12-27,TWD,2024-03-20,2024-06-19,-0.16337710143039694,-0.35610157764632305,34.853796183868205,-0.19272447621592612,91,84,-2.1978013511566674,Mar24-Jun24,Mar-Jun
2023-12-28,TWD,2024-03-20,2024-06-19,-0.16445678611029993,-0.3607676000254005,35.030242257126645,-0.19631081391510055,91,83,-2.227439303039619,Mar24-Jun24,Mar-Jun
2023-12-29,TWD,2024-03-20,2024-06-19,-0.16033013086962009,-0.3545205505768496,35.17114303799727,-0.19419041970722953,91,82,-2.1942530675945746,Mar24-Jun24,Mar-Jun
2024-01-01,TWD,2024-03-20,2024-06-19,-0.16896180801953206,-0.3635887008015247,34.99773378526104,-0.19462689278199266,91,79,-2.2106795593508854,Mar24-Jun24,Mar-Jun
2024-01-02,TWD,2024-03-20,2024-06-19,-0.1623583433114953,-0.3517764105082398,34.76544770687499,-0.18941806719674453,91,78,-2.165547104843909,Mar24-Jun24,Mar-Jun
2024-01-03,TWD,2024-03-20,2024-06-19,-0.16226210686457213,-0.35402641497724824,34.734875922430575,-0.1917643081126761,91,77,-2.1943033759065527,Mar24-Jun24,Mar-Jun
2024-01-04,TWD,2024-03-20,2024-06-19,-0.15811378767975728,-0.3474342439805193,34.7274509039852,-0.18932045630076202,91,76,-2.1665444274627284,Mar24-Jun24,Mar-Jun
2024-01-05,TWD,2024-03-20,2024-06-19,-0.16302262968485293,-0.3608234203691412,34.93451777085874,-0.1978007906842883,91,75,-2.2504313355243357,Mar24-Jun24,Mar-Jun
2024-01-08,TWD,2024-03-20,2024-06-19,-0.15439835023181592,-0.34954070955258326,35.09913539321713,-0.19514235932076734,91,72,-2.209178882100244,Mar24-Jun24,Mar-Jun
2024-01-09,TWD,2024-03-20,2024-06-19,-0.15300946792212733,-0.349120194413868,35.11174700515074,-0.19611072649174066,91,71,-2.2192524928191926,Mar24-Jun24,Mar-Jun
2024-01-10,TWD,2024-03-20,2024-06-19,-0.15620244584017237,-0.35926562543239643,35.05792480801272,-0.20306317959222406,91,70,-2.3016825816927904,Mar24-Jun24,Mar-Jun
2024-01-11,TWD,2024-03-20,2024-06-19,-0.1500883012866741,-0.3480308435633022,35.108236789941884,-0.1979425422766281,91,69,-2.240019657424221,Mar24-Jun24,Mar-Jun
2024-01-12,TWD,2024-03-20,2024-06-19,-0.14923674762640732,-0.34895063047939356,35.03550446003975,-0.19971388285298625,91,68,-2.264721768782082,Mar24-Jun24,Mar-Jun
2024-01-15,TWD,2024-03-20,2024-06-19,-0.13970642429641378,-0.3352954183113931,35.0677421479089,-0.1955889940149793,91,65,-2.215293936837678,Mar24-Jun24,Mar-Jun
2024-01-16,TWD,2024-03-20,2024-06-19,-0.14115393915154278,-0.34185719638264267,35.26660902810836,-0.20070325723109989,91,64,-2.260443048258305,Mar24-Jun24,Mar-Jun
2024-01-17,TWD,2024-03-20,2024-06-19,-0.13435945699743027,-0.32843422821594065,35.10994599243257,-0.19407477121851038,91,63,-2.195154968800162,Mar24-Jun24,Mar-Jun
2024-01-18,TWD,2024-03-20,2024-06-19,-0.133946760070756,-0.33054603694880114,35.00351577247786,-0.19659927687804513,91,62,-2.2304703014231952,Mar24-Jun24,Mar-Jun
2024-01-19,TWD,2024-03-20,2024-06-19,-0.13422521017359695,-0.33446281879322526,35.1587310271612,-0.2002376086196283,91,61,-2.2616986674746413,Mar24-Jun24,Mar-Jun
2024-01-22,TWD,2024-03-20,2024-06-19,-0.12869964493216085,-0.33062494991193053,35.20822365088636,-0.20192530497976968,91,58,-2.2771842120832373,Mar24-Jun24,Mar-Jun
2024-01-23,TWD,2024-03-20,2024-06-19,-0.12201468957901704,-0.3168100711876232,35.483051641223,-0.19479538160860618,91,57,-2.1792887271145824,Mar24-Jun24,Mar-Jun
2024-01-24,TWD,2024-03-20,2024-06-19,-0.11673602048694795,-0.3064320537782384,35.632251296676614,-0.18969603329129045,91,56,-2.113008470105552,Mar24-Jun24,Mar-Jun
2024-01-25,TWD,2024-03-20,2024-06-19,-0.11130264410661952,-0.29545792799211734,35.71554754947174,-0.18415528388549782,91,55,-2.046178481597255,Mar24-Jun24,Mar-Jun
2024-01-26,TWD,2024-03-20,2024-06-19,-0.10827405631023367,-0.29073589194414595,35.5261525568898,-0.18246183563391227,91,54,-2.038030149254723,Mar24-Jun24,Mar-Jun
2024-01-29,TWD,2024-03-20,2024-06-19,-0.1005506502445647,-0.2799645555829056,35.603358119639104,-0.17941390533834092,91,51,-1.9991920257457427,Mar24-Jun24,Mar-Jun
2024-01-30,TWD,2024-03-20,2024-06-19,-0.09971613321763984,-0.2811994956737443,35.53795832183447,-0.18148336245610447,91,50,-2.0259361492755734,Mar24-Jun24,Mar-Jun
2024-01-31,TWD,2024-03-20,2024-06-19,-0.09826941206768008,-0.2807697487648002,35.707897486568584,-0.18250033669712012,91,49,-2.0274835571327197,Mar24-Jun24,Mar-Jun
2024-02-01,TWD,2024-03-20,2024-06-19,-0.09372998234765442,-0.2714264072150826,35.86818694056856,-0.17769642486742818,91,48,-1.9650189754896015,Mar24-Jun24,Mar-Jun
2024-02-02,TWD,2024-03-20,2024-06-19,-0.08315380747746075,-0.2441537325933954,35.80976024167819,-0.16099992511593464,91,47,-1.7827687660497291,Mar24-Jun24,Mar-Jun
2024-02-05,TWD,2024-03-20,2024-06-19,-0.08143318006420278,-0.24985180246971309,35.86598720398992,-0.1684186224055103,91,44,-1.8618968195247214,Mar24-Jun24,Mar-Jun
2024-02-06,TWD,2024-03-20,2024-06-19,-0.07872199167721958,-0.24531969499412612,35.77940209262487,-0.16659770331690654,91,43,-1.8460932268910661,Mar24-Jun24,Mar-Jun
2024-02-07,TWD,2024-03-20,2024-06-19,-0.07717970845489966,-0.24440241010718225,35.763474811643164,-0.1672227016522826,91,42,-1.8537658680230003,Mar24-Jun24,Mar-Jun
2024-02-08,TWD,2024-03-20,2024-06-19,-0.07324430163764435,-0.2358109223455867,35.90708202892155,-0.16256662070794237,91,41,-1.794730171522954,Mar24-Jun24,Mar-Jun
2024-02-09,TWD,2024-03-20,2024-06-19,-0.07105067031900816,-0.23269094529475176,36.158918151917995,-0.1616402749757436,91,40,-1.771941867158282,Mar24-Jun24,Mar-Jun
2024-02-12,TWD,2024-03-20,2024-06-19,-0.06121207136274277,-0.21176067930894796,36.01042819065768,-0.15054860794620517,91,37,-1.6567173775918007,Mar24-Jun24,Mar-Jun
2024-02-13,TWD,2024-03-20,2024-06-19,-0.06036675712300811,-0.21296050429505636,36.27811357377179,-0.15259374717204827,91,36,-1.6667728511277409,Mar24-Jun24,Mar-Jun
2024-02-14,TWD,2024-03-20,2024-06-19,-0.058620660618962005,-0.2110343782282632,36.42803160804403,-0.1524137176093012,91,35,-1.6578639869589462,Mar24-Jun24,Mar-Jun
2024-02-15,TWD,2024-03-20,2024-06-19,-0.05907308274534173,-0.2171804512696387,36.40589992626681,-0.15810736852429697,91,34,-1.720864664058136,Mar24-Jun24,Mar-Jun
2024-02-16,TWD,2024-03-20,2024-06-19,-0.056094148478351605,-0.21077801246410904,36.27037762807304,-0.15468386398575745,91,33,-1.689764663059519,Mar24-Jun24,Mar-Jun
2024-02-19,TWD,2024-03-20,2024-06-19,-0.0519576322370612,-0.2095624500228135,36.06456815068216,-0.1576048177857523,91,30,-1.731314608601891,Mar24-Jun24,Mar-Jun
2024-02-20,TWD,2024-03-20,2024-06-19,-0.05138156436905795,-0.2126133698029984,36.29278218425613,-0.16123180543394044,91,29,-1.7599764316476103,Mar24-Jun24,Mar-Jun
2024-02-21,TWD,2024-03-20,2024-06-19,-0.050518386745205854,-0.2147031436671249,36.306718743387606,-0.16418475692191903,91,28,-1.7914787233806222,Mar24-Jun24,Mar-Jun
2024-02-22,TWD,2024-03-20,2024-06-19,-0.05021408983165419,-0.21945417037537757,36.33271808639405,-0.16924008054372336,91,27,-1.8453004175754184,Mar24-Jun24,Mar-Jun
2024-02-23,TWD,2024-03-20,2024-06-19,-0.04817462237494563,-0.21678580068725534,36.37874167485725,-0.1686111783123097,91,26,-1.8360110700179597,Mar24-Jun24,Mar-Jun
2024-02-26,TWD,2024-03-20,2024-06-19,-0.04181707228217779,-0.20726722783340296,36.122764238855765,-0.16545015555122516,91,23,-1.8140546168958136,Mar24-Jun24,Mar-Jun
2024-02-27,TWD,2024-03-20,2024-06-19,-0.042014329600015804,-0.2158008747637176,36.378898508027824,-0.1737865451637018,91,22,-1.8920367752521012,Mar24-Jun24,Mar-Jun
2024-02-28,TWD,2024-03-20,2024-06-19,-0.038927877983968594,-0.2076153492478325,36.41153143457273,-0.1686874712638639,91,21,-1.8347189530040477,Mar24-Jun24,Mar-Jun
2024-02-29,TWD,2024-03-20,2024-06-19,-0.035938534718473296,-0.1994588676875268,36.286139215982885,-0.1635203329690535,91,20,-1.7845242585562988,Mar24-Jun24,Mar-Jun
2024-03-01,TWD,2024-03-20,2024-06-19,-0.03305576696168956,-0.19137549293609746,36.28574546449713,-0.1583197259744079,91,19,-1.7276505558322153,Mar24-Jun24,Mar-Jun
2024-03-04,TWD,2024-03-20,2024-06-19,-0.029079107578247543,-0.19446653192953045,36.366439056401134,-0.1653874243512829,91,16,-1.8005708764534274,Mar24-Jun24,Mar-Jun
2024-03-05,TWD,2024-03-20,2024-06-19,-0.025509830018814,-0.18026946546628558,36.61524329065587,-0.1547596354474716,91,15,-1.6732450951308127,Mar24-Jun24,Mar-Jun
2024-03-06,TWD,2024-03-20,2024-06-19,-0.023781624704960723,-0.17836218528720538,36.73286169991865,-0.15458056058224465,91,14,-1.6658752852436625,Mar24-Jun24,Mar-Jun
2024-03-07,TWD,2024-03-20,2024-06-19,-0.022214443909647982,-0.17771555127718386,36.89084506675436,-0.15550110736753586,91,13,-1.668543706579381,Mar24-Jun24,Mar-Jun
2024-03-08,TWD,2024-03-20,2024-06-19,-0.019254198847581665,-0.165265206775076,36.70992251562731,-0.14601100792749433,91,12,-1.5743130117999775,Mar24-Jun24,Mar-Jun
2024-03-11,TWD,2024-03-20,2024-06-19,-0.01453248588479605,-0.1614720653866228,36.533939580717366,-0.14693957950182673,91,9,-1.5917548548429847,Mar24-Jun24,Mar-Jun
2024-03-12,TWD,2024-03-20,2024-06-19,-0.01274963771280735,-0.15777676669599097,36.54740025646699,-0.14502712898318362,91,8,-1.5703823284457457,Mar24-Jun24,Mar-Jun
2024-03-13,TWD,2024-03-20,2024-06-19,-0.011076966773576632,-0.15507753483007286,36.624117081764226,-0.14400056805649622,91,7,-1.555928093208327,Mar24-Jun24,Mar-Jun
2024-03-14,TWD,2024-03-20,2024-06-19,-0.011076797723731695,-0.1534927684574249,36.443119327274154,-0.14241597073369322,91,6,-1.5464514233814362,Mar24-Jun24,Mar-Jun
2024-03-15,TWD,2024-03-20,2024-06-19,-0.011119951559865473,-0.1525021928210122,36.26820563403081,-0.14138224126114673,91,5,-1.5426346340448502,Mar24-Jun24,Mar-Jun
2024-03-18,TWD,2024-03-20,2024-06-19,-0.011648712257197852,-0.15476146284562864,36.28065518838045,-0.1431127505884308,91,2,-1.5610031456772806,Mar24-Jun24,Mar-Jun
2024-03-19,TWD,2024-03-20,2024-06-19,-0.011178799164700898,-0.14692136045035467,36.421395085689085,-0.13574256128565376,91,1,-1.4748705004281653,Mar24-Jun24,Mar-Jun
2024-03-20,TWD,2024-06-19,2024-09-18,-0.13984883811656332,-0.27969767623312664,36.26104255826465,-0.13984883811656332,91,91,-1.531644150736358,Jun24-Sep24,Jun-Sep
2024-03-21,TWD,2024-06-19,2024-09-18,-0.14548976671359432,-0.292596086390673,36.37331896353641,-0.1471063196770787,91,90,-1.6063868019599894,Jun24-Sep24,Jun-Sep
2024-03-22,TWD,2024-06-19,2024-09-18,-0.14637422951473286,-0.2960377675578867,36.39909189804568,-0.14966353804315383,91,89,-1.633189380529398,Jun24-Sep24,Jun-Sep
2024-03-25,TWD,2024-06-19,2024-09-18,-0.13827597604748015,-0.28459125302795335,36.53990670050136,-0.1463152769804732,91,86,-1.5901201557617433,Jun24-Sep24,Jun-Sep
2024-03-26,TWD,2024-06-19,2024-09-18,-0.12834302573979015,-0.26574555917885956,36.319616043127496,-0.1374025334390694,91,85,-1.5019379442541587,Jun24-Sep24,Jun-Sep
2024-03-27,TWD,2024-06-19,2024-09-18,-0.12144271972646342,-0.25300566609679875,36.55836724905455,-0.13156294637033533,91,84,-1.4284103434930573,Jun24-Sep24,Jun-Sep
2024-03-28,TWD,2024-06-19,2024-09-18,-0.12977114894204167,-0.27205036043271386,36.480198487871604,-0.14227921149067219,91,83,-1.5484352066628615,Jun24-Sep24,Jun-Sep
2024-03-29,TWD,2024-06-19,2024-09-18,-0.13088177078473734,-0.2761286139726776,36.29884984123743,-0.14524684318794023,91,82,-1.5887066008486657,Jun24-Sep24,Jun-Sep
2024-04-01,TWD,2024-06-19,2024-09-18,-0.11623000296726503,-0.25011519625867157,36.465475968435264,-0.13388519329140652,91,79,-1.457129840402791,Jun24-Sep24,Jun-Sep
2024-04-02,TWD,2024-06-19,2024-09-18,-0.11772910003378173,-0.25507971673986046,36.36712714718939,-0.13735061670607873,91,78,-1.4989630348402707,Jun24-Sep24,Jun-Sep
2024-04-03,TWD,2024-06-19,2024-09-18,-0.12008512455355368,-0.2620039081168444,36.28540723797745,-0.14191878356329068,91,77,-1.5524179328580308,Jun24-Sep24,Jun-Sep
2024-04-04,TWD,2024-06-19,2024-09-18,-0.11408379195042662,-0.25068412178580585,36.28766662397113,-0.13660032983537923,91,76,-1.4938993235706812,Jun24-Sep24,Jun-Sep
2024-04-05,TWD,2024-06-19,2024-09-18,-0.10574974954038668,-0.2340594456493892,36.232487411752416,-0.1283096961090025,91,75,-1.405050194512242,Jun24-Sep24,Jun-Sep
2024-04-08,TWD,2024-06-19,2024-09-18,-0.10596385564623137,-0.23989039542132934,36.23144937726849,-0.13392653977509797,91,72,-1.4666080485313875,Jun24-Sep24,Jun-Sep
2024-04-09,TWD,2024-06-19,2024-09-18,-0.11578784544316409,-0.2641919853773603,36.55111538090513,-0.14840413993419624,91,71,-1.6113298289061648,Jun24-Sep24,Jun-Sep
2024-04-10,TWD,2024-06-19,2024-09-18,-0.11489364743884715,-0.2642553891093484,36.804692670849015,-0.14936174167050126,91,70,-1.6104792915948587,Jun24-Sep24,Jun-Sep
2024-04-11,TWD,2024-06-19,2024-09-18,-0.11404070526156179,-0.2644422150992737,36.733984183706866,-0.1504015098377119,91,69,-1.6247840041686203,Jun24-Sep24,Jun-Sep
2024-04-12,TWD,2024-06-19,2024-09-18,-0.11107170268836408,-0.25971177540367485,36.52022960130558,-0.14864007271531077,91,68,-1.6150515288728344,Jun24-Sep24,Jun-Sep
2024-04-15,TWD,2024-06-19,2024-09-18,-0.10908184929415056,-0.26179643830596133,36.27298309591883,-0.1527145890118108,91,65,-1.6705764755297776,Jun24-Sep24,Jun-Sep
2024-04-16,TWD,2024-06-19,2024-09-18,-0.10505383756924251,-0.2544272628630092,36.53309781034386,-0.14937342529376668,91,64,-1.6221783326292059,Jun24-Sep24,Jun-Sep
2024-04-17,TWD,2024-06-19,2024-09-18,-0.09918021796248745,-0.24244053279719158,36.7977786077159,-0.14326031483470414,91,63,-1.5443208392422552,Jun24-Sep24,Jun-Sep
2024-04-18,TWD,2024-06-19,2024-09-18,-0.09502746924357057,-0.23450327087526285,36.92585967912004,-0.13947580163169226,91,62,-1.4981263494542854,Jun24-Sep24,Jun-Sep
2024-04-19,TWD,2024-06-19,2024-09-18,-0.08929966788876545,-0.2225172052310221,36.909917699209075,-0.13321753734225666,91,61,-1.431302519130983,Jun24-Sep24,Jun-Sep
2024-04-22,TWD,2024-06-19,2024-09-18,-0.08697450251205574,-0.22343449783269487,36.61581675885855,-0.13645999532063913,91,58,-1.477850669182357,Jun24-Sep24,Jun-Sep
2024-04-23,TWD,2024-06-19,2024-09-18,-0.0842098293975172,-0.2186500833479394,36.81327851796229,-0.1344402539504222,91,57,-1.4480398580189768,Jun24-Sep24,Jun-Sep
2024-04-24,TWD,2024-06-19,2024-09-18,-0.08090778859427837,-0.2123829450599807,36.69142457371851,-0.13147515646570235,91,56,-1.4206887631736076,Jun24-Sep24,Jun-Sep
2024-04-25,TWD,2024-06-19,2024-09-18,-0.0721408314477883,-0.1915011162068562,36.32955155556313,-0.1193602847590679,91,55,-1.3023393664422274,Jun24-Sep24,Jun-Sep
2024-04-26,TWD,2024-06-19,2024-09-18,-0.0763588562475491,-0.20503766955360406,36.479887947684645,-0.12867881330605496,91,54,-1.398378273632994,Jun24-Sep24,Jun-Sep
2024-04-29,TWD,2024-06-19,2024-09-18,-0.0765223131141688,-0.21306212671003857,36.53315967984902,-0.13653981359586978,91,51,-1.4816437920524421,Jun24-Sep24,Jun-Sep
2024-04-30,TWD,2024-06-19,2024-09-18,-0.07319439922022052,-0.20640820580102187,36.524359504223376,-0.13321380658080134,91,50,-1.4457690799936695,Jun24-Sep24,Jun-Sep
2024-05-01,TWD,2024-06-19,2024-09-18,-0.07451257977792358,-0.2128930850797817,36.49891990764772,-0.1383805053018581,91,49,-1.502946517992794,Jun24-Sep24,Jun-Sep
2024-05-02,TWD,2024-06-19,2024-09-18,-0.07437524238966739,-0.21537830608674513,36.53956336430012,-0.14100306369707774,91,48,-1.5297173733414493,Jun24-Sep24,Jun-Sep
2024-05-03,TWD,2024-06-19,2024-09-18,-0.07807059525750754,-0.2292285562880009,36.540566651818104,-0.15115796103049337,91,47,-1.6400071383346977,Jun24-Sep24,Jun-Sep
2024-05-06,TWD,2024-06-19,2024-09-18,-0.07156523412847064,-0.21957515016689855,36.67361080625615,-0.1480099160384279,91,44,-1.5997295359477754,Jun24-Sep24,Jun-Sep
2024-05-07,TWD,2024-06-19,2024-09-18,-0.06695432110870955,-0.20864834950155997,36.942395908261155,-0.14169402839285042,91,43,-1.5201114359708123,Jun24-Sep24,Jun-Sep
2024-05-08,TWD,2024-06-19,2024-09-18,-0.06853350259045043,-0.21702275820309305,37.14580333681762,-0.14848925561264262,91,42,-1.5843400143275974,Jun24-Sep24,Jun-Sep
2024-05-09,TWD,2024-06-19,2024-09-18,-0.06512742608341619,-0.2096785425124619,36.95507237104213,-0.14455111642904572,91,41,-1.5501529518186477,Jun24-Sep24,Jun-Sep
2024-05-10,TWD,2024-06-19,2024-09-18,-0.06493521172532161,-0.2126628184004283,36.75273522828526,-0.1477276066751067,91,40,-1.5929461708363992,Jun24-Sep24,Jun-Sep
2024-05-13,TWD,2024-06-19,2024-09-18,-0.06021249755583049,-0.20830269424719738,36.664013055331154,-0.1480901966913669,91,37,-1.6005204887004318,Jun24-Sep24,Jun-Sep
2024-05-14,TWD,2024-06-19,2024-09-18,-0.05596459719832978,-0.19743066233855228,36.724781629414096,-0.1414660651402225,91,36,-1.526217689247016,Jun24-Sep24,Jun-Sep
2024-05-15,TWD,2024-06-19,2024-09-18,-0.057168426899928924,-0.20580633683974411,36.93141474559073,-0.14863790993981518,91,35,-1.5946579631062212,Jun24-Sep24,Jun-Sep
2024-05-16,TWD,2024-06-19,2024-09-18,-0.055918324291668466,-0.2055820746017223,36.88610921634539,-0.14966375031005383,91,34,-1.607584322840689,Jun24-Sep24,Jun-Sep
2024-05-17,TWD,2024-06-19,2024-09-18,-0.05302511544236704,-0.19924588832889434,36.92597995943809,-0.1462207728865273,91,33,-1.5687807154951308,Jun24-Sep24,Jun-Sep
2024-05-20,TWD,2024-06-19,2024-09-18,-0.04814539680132436,-0.19418643376534162,36.990042424170646,-0.14604103696401727,91,30,-1.5639282443666567,Jun24-Sep24,Jun-Sep
2024-05-21,TWD,2024-06-19,2024-09-18,-0.04806302272742593,-0.19888147335486592,36.961600927949384,-0.15081845062743998,91,29,-1.6163295471610428,Jun24-Sep24,Jun-Sep
2024-05-22,TWD,2024-06-19,2024-09-18,-0.04491140544775919,-0.19087347315297656,37.04640080076446,-0.14596206770521736,91,28,-1.560565169655018,Jun24-Sep24,Jun-Sep
2024-05-23,TWD,2024-06-19,2024-09-18,-0.042335630233677216,-0.18502238398421894,36.8780342484694,-0.14268675375054174,91,27,-1.5324130964164986,Jun24-Sep24,Jun-Sep
2024-05-24,TWD,2024-06-19,2024-09-18,-0.04000568625377915,-0.1800255881420062,36.934494162389846,-0.14001990188822705,91,26,-1.5013757053417205,Jun24-Sep24,Jun-Sep
2024-05-27,TWD,2024-06-19,2024-09-18,-0.038448844689085236,-0.19057253454590073,36.75225267296348,-0.15212368985681549,91,23,-1.639187284009214,Jun24-Sep24,Jun-Sep
2024-05-28,TWD,2024-06-19,2024-09-18,-0.03465922562359624,-0.17802238615756252,36.899406666530155,-0.14336316053396628,91,22,-1.5384642622572977,Jun24-Sep24,Jun-Sep
2024-05-29,TWD,2024-06-19,2024-09-18,-0.03254967470314275,-0.17359826508342796,36.74909845574314,-0.14104859038028522,91,21,-1.5197354925978088,Jun24-Sep24,Jun-Sep
2024-05-30,TWD,2024-06-19,2024-09-18,-0.0318576637947378,-0.17681003406079474,36.807676404383464,-0.14495237026605695,91,20,-1.5592798962552648,Jun24-Sep24,Jun-Sep
2024-05-31,TWD,2024-06-19,2024-09-18,-0.030963880327026825,-0.1792645703143658,36.90249524288601,-0.14830068998733897,91,19,-1.5911572604150204,Jun24-Sep24,Jun-Sep
2024-06-03,TWD,2024-06-19,2024-09-18,-0.026186902395828684,-0.1751249097721043,36.73170181764384,-0.1489380073762756,91,16,-1.6052228262335921,Jun24-Sep24,Jun-Sep
2024-06-04,TWD,2024-06-19,2024-09-18,-0.024292553374933776,-0.17166737718286534,36.65715012686337,-0.14737482380793157,91,15,-1.5915255309493959,Jun24-Sep24,Jun-Sep
2024-06-05,TWD,2024-06-19,2024-09-18,-0.021961629596427425,-0.1647122219732057,36.8050814093289,-0.14275059237677828,91,14,-1.5352901591153485,Jun24-Sep24,Jun-Sep
2024-06-06,TWD,2024-06-19,2024-09-18,-0.019790312899502414,-0.1583225031960193,36.53991511935447,-0.13853219029651687,91,13,-1.5006504962524123,Jun24-Sep24,Jun-Sep
2024-06-07,TWD,2024-06-19,2024-09-18,-0.01813985419125225,-0.1557004151415818,36.66850147601204,-0.13756056095032956,91,12,-1.4848301671696515,Jun24-Sep24,Jun-Sep
2024-06-10,TWD,2024-06-19,2024-09-18,-0.01269369053828764,-0.1410410059809738,36.70373689244422,-0.12834731544268616,91,9,-1.383846239359966,Jun24-Sep24,Jun-Sep
2024-06-11,TWD,2024-06-19,2024-09-18,-0.010515006639113565,-0.13012320715903036,36.70960700092479,-0.1196082005199168,91,8,-1.2893378910677218,Jun24-Sep24,Jun-Sep
2024-06-12,TWD,2024-06-19,2024-09-18,-0.009276214159467638,-0.1298669982325469,36.848692762352535,-0.12059078407307927,91,7,-1.2949782792102469,Jun24-Sep24,Jun-Sep
2024-06-13,TWD,2024-06-19,2024-09-18,-0.009387293980713075,-0.13008107373273833,36.97992063658812,-0.12069377975202526,91,6,-1.291487719409837,Jun24-Sep24,Jun-Sep
2024-06-14,TWD,2024-06-19,2024-09-18,-0.009806762697997717,-0.13449274557254012,36.70659290081606,-0.12468598287454241,91,5,-1.3441592053802316,Jun24-Sep24,Jun-Sep
2024-06-17,TWD,2024-06-19,2024-09-18,-0.00938787410267377,-0.12472461307838008,36.782254133363516,-0.11533673897570632,91,2,-1.2407985983952354,Jun24-Sep24,Jun-Sep
2024-06-18,TWD,2024-06-19,2024-09-18,-0.01013065179326976,-0.133145709282974,36.87591080003179,-0.12301505748970425,91,1,-1.3200669366759334,Jun24-Sep24,Jun-Sep
2024-06-19,TWD,2024-09-18,2024-12-18,-0.12912408569035824,-0.2582481713807165,36.87692988587901,-0.12912408569035824,91,91,-1.390070910770984,Sep24-Dec24,Sep-Dec
2024-06-20,TWD,2024-09-18,2024-12-18,-0.1247007478963692,-0.25078705965825365,36.955878564177446,-0.12608631176188445,91,90,-1.354295521238986,Sep24-Dec24,Sep-Dec
2024-06-21,TWD,2024-09-18,2024-12-18,-0.12888962013806698,-0.2606756362342928,36.83398716233845,-0.1317860160962258,91,89,-1.4203783871413476,Sep24-Dec24,Sep-Dec
2024-06-24,TWD,2024-09-18,2024-12-18,-0.12231858388757524,-0.2517487133500095,36.62104431013189,-0.12943012946243423,91,86,-1.4028744050690773,Sep24-Dec24,Sep-Dec
2024-06-25,TWD,2024-09-18,2024-12-18,-0.11127876625943632,-0.23041250425483287,36.71043856629539,-0.11913373799539655,91,85,-1.2877298460746474,Sep24-Dec24,Sep-Dec
2024-06-26,TWD,2024-09-18,2024-12-18,-0.10800455366773311,-0.22500948680777733,36.443432722513215,-0.11700493314004422,91,84,-1.2738990068455378,Sep24-Dec24,Sep-Dec
2024-06-27,TWD,2024-09-18,2024-12-18,-0.10999906121437585,-0.23060044158194457,36.50916875724673,-0.12060138036756872,91,83,-1.3107561680058988,Sep24-Dec24,Sep-Dec
2024-06-28,TWD,2024-09-18,2024-12-18,-0.10897582543286138,-0.22991241219371977,36.44819346126616,-0.12093658676085839,91,82,-1.31656784115267,Sep24-Dec24,Sep-Dec
2024-07-01,TWD,2024-09-18,2024-12-18,-0.0989295312704295,-0.21288633311358246,36.47403261136007,-0.11395680184315296,91,79,-1.239359009345202,Sep24-Dec24,Sep-Dec
2024-07-02,TWD,2024-09-18,2024-12-18,-0.09616370714116396,-0.20835469880585528,36.48987183867498,-0.11219099166469132,91,78,-1.219530840038569,Sep24-Dec24,Sep-Dec
2024-07-03,TWD,2024-09-18,2024-12-18,-0.09132395602277767,-0.1911424114921879,36.49435287242629,-0.09981845546941025,91,77,-1.0847619256304777,Sep24-Dec24,Sep-Dec
2024-07-04,TWD,2024-09-18,2024-12-18,-0.09135334074333787,-0.19315801044381642,36.378891183623566,-0.10180466970047855,91,76,-1.1098679387106483,Sep24-Dec24,Sep-Dec
2024-07-05,TWD,2024-09-18,2024-12-18,-0.09650705645972368,-0.20651848167772197,36.43098833039901,-0.11001142521799828,91,75,-1.197787937436679,Sep24-Dec24,Sep-Dec
2024-07-08,TWD,2024-09-18,2024-12-18,-0.09559206959508794,-0.2108298123663273,36.523713965797235,-0.11523774277123937,91,72,-1.2514660434521505,Sep24-Dec24,Sep-Dec
2024-07-09,TWD,2024-09-18,2024-12-18,-0.09690858965135535,-0.21600540357871412,36.791783942285115,-0.11909681392735877,91,71,-1.2839728337913467,Sep24-Dec24,Sep-Dec
2024-07-10,TWD,2024-09-18,2024-12-18,-0.09358689409881768,-0.21064900844821355,36.806783832537015,-0.11706211434939587,91,70,-1.2614070921968223,Sep24-Dec24,Sep-Dec
2024-07-11,TWD,2024-09-18,2024-12-18,-0.09499594991157502,-0.21617328743724865,36.9645851324146,-0.12117733752567363,91,69,-1.3002121378543559,Sep24-Dec24,Sep-Dec
2024-07-12,TWD,2024-09-18,2024-12-18,-0.09300989935530453,-0.21387584971476192,37.06127650431081,-0.1208659503594574,91,68,-1.2934093381239227,Sep24-Dec24,Sep-Dec
2024-07-15,TWD,2024-09-18,2024-12-18,-0.08239880113848165,-0.19569933488220514,37.040181302714316,-0.1133005337437235,91,65,-1.212794332869686,Sep24-Dec24,Sep-Dec
2024-07-16,TWD,2024-09-18,2024-12-18,-0.0819424392175039,-0.19691501868097167,36.94383117409362,-0.11497257946346777,91,64,-1.233893850010141,Sep24-Dec24,Sep-Dec
2024-07-17,TWD,2024-09-18,2024-12-18,-0.08478518103167296,-0.20622471552965535,37.00617171962695,-0.1214395344979824,91,63,-1.3011974400618715,Sep24-Dec24,Sep-Dec
2024-07-18,TWD,2024-09-18,2024-12-18,-0.08639743014302069,-0.21269234146750446,37.023841041550206,-0.12629491132448378,91,62,-1.3526334574762344,Sep24-Dec24,Sep-Dec
2024-07-19,TWD,2024-09-18,2024-12-18,-0.08654800178428272,-0.215660594610016,37.13861074803134,-0.12911259282573329,91,61,-1.3785334867736647,Sep24-Dec24,Sep-Dec
2024-07-22,TWD,2024-09-18,2024-12-18,-0.0807576250592909,-0.20746355403162664,37.075920317902934,-0.12670592897233574,91,58,-1.3549182866626555,Sep24-Dec24,Sep-Dec
2024-07-23,TWD,2024-09-18,2024-12-18,-0.08005981510023437,-0.2078746076286787,37.09951480111417,-0.12781479252844435,91,57,-1.3658789349173357,Sep24-Dec24,Sep-Dec
2024-07-24,TWD,2024-09-18,2024-12-18,-0.07692895321568441,-0.20193850219117154,37.17925814286405,-0.12500954897548713,91,56,-1.3329170471869387,Sep24-Dec24,Sep-Dec
2024-07-25,TWD,2024-09-18,2024-12-18,-0.07655400119997798,-0.2032160759126688,37.26880424248749,-0.1266620747126908,91,55,-1.3472718963663806,Sep24-Dec24,Sep-Dec
2024-07-26,TWD,2024-09-18,2024-12-18,-0.08212380615999651,-0.2205176276518425,37.4256005521517,-0.13839382149184598,91,54,-1.466098201810853,Sep24-Dec24,Sep-Dec
2024-07-29,TWD,2024-09-18,2024-12-18,-0.07790493579942745,-0.21691178202977837,37.59567655268233,-0.13900684623035092,91,51,-1.4657512165004347,Sep24-Dec24,Sep-Dec
2024-07-30,TWD,2024-09-18,2024-12-18,-0.07261470697914724,-0.20477347368119522,37.44979856156712,-0.132158766702048,91,50,-1.3987835260245065,Sep24-Dec24,Sep-Dec
2024-07-31,TWD,2024-09-18,2024-12-18,-0.0697634308662205,-0.19932408818920144,37.47793876274971,-0.12956065732298094,91,49,-1.3701487730860418,Sep24-Dec24,Sep-Dec
2024-08-01,TWD,2024-09-18,2024-12-18,-0.0706922846363792,-0.2047130742595147,37.458020336857174,-0.13402078962313552,91,48,-1.4181065146787082,Sep24-Dec24,Sep-Dec
2024-08-02,TWD,2024-09-18,2024-12-18,-0.07402988840712063,-0.20907053544741253,37.32217986583328,-0.1350406470402919,91,47,-1.434236964433864,Sep24-Dec24,Sep-Dec
2024-08-05,TWD,2024-09-18,2024-12-18,-0.07033273321605221,-0.20908256017710442,37.16890947370738,-0.1387498269610522,91,44,-1.4795727021847924,Sep24-Dec24,Sep-Dec
2024-08-06,TWD,2024-09-18,2024-12-18,-0.06798224421959792,-0.20572645790751246,36.75112121903516,-0.13774421368791454,91,43,-1.4854840105537024,Sep24-Dec24,Sep-Dec
2024-08-07,TWD,2024-09-18,2024-12-18,-0.06752145300954608,-0.20821414662542237,36.67933901328137,-0.14069269361587627,91,42,-1.5202372275628124,Sep24-Dec24,Sep-Dec
2024-08-08,TWD,2024-09-18,2024-12-18,-0.06686848301648712,-0.2101925068886121,36.65800549636746,-0.14332402387212498,91,41,-1.5495450119200933,Sep24-Dec24,Sep-Dec
2024-08-09,TWD,2024-09-18,2024-12-18,-0.06528142177958934,-0.20920779570359643,36.710884996469,-0.1439263739240071,91,40,-1.5537445317742435,Sep24-Dec24,Sep-Dec
2024-08-12,TWD,2024-09-18,2024-12-18,-0.0566832467790698,-0.19304035414899887,36.63648136474911,-0.13635710736992906,91,37,-1.4746792990348099,Sep24-Dec24,Sep-Dec
2024-08-13,TWD,2024-09-18,2024-12-18,-0.0551339858910804,-0.19195423996030408,36.665427838506005,-0.13682025406922368,91,36,-1.4784555987285044,Sep24-Dec24,Sep-Dec
2024-08-14,TWD,2024-09-18,2024-12-18,-0.050978482653278506,-0.1814899594637768,36.58640558446487,-0.1305114768104983,91,35,-1.4131739519337305,Sep24-Dec24,Sep-Dec
2024-08-15,TWD,2024-09-18,2024-12-18,-0.044476230378481287,-0.16199778858246477,36.42634271037012,-0.1175215582039835,91,34,-1.2778905950123471,Sep24-Dec24,Sep-Dec
2024-08-16,TWD,2024-09-18,2024-12-18,-0.04749185724761004,-0.17744188832882984,36.445073293374946,-0.1299500310812198,91,33,-1.4124236137743007,Sep24-Dec24,Sep-Dec
2024-08-19,TWD,2024-09-18,2024-12-18,-0.04468898764444829,-0.18024558349927478,36.411382920015924,-0.1355565958548265,91,30,-1.4746126022085502,Sep24-Dec24,Sep-Dec
2024-08-20,TWD,2024-09-18,2024-12-18,-0.043348149200102874,-0.17937165186249465,36.07654862096205,-0.13602350266239177,91,29,-1.4933865117232774,Sep24-Dec24,Sep-Dec
2024-08-21,TWD,2024-09-18,2024-12-18,-0.041961507605353526,-0.1783364073227525,36.06596291160245,-0.13637489971739897,91,28,-1.4976267953489066,Sep24-Dec24,Sep-Dec
2024-08-22,TWD,2024-09-18,2024-12-18,-0.03981732885696697,-0.1740164742637816,36.04421508984057,-0.13419914540681466,91,27,-1.474535754263312,Sep24-Dec24,Sep-Dec
2024-08-23,TWD,2024-09-18,2024-12-18,-0.04022074798437852,-0.18099336592970333,36.246478108937126,-0.1407726179453248,91,26,-1.5381392747864733,Sep24-Dec24,Sep-Dec
2024-08-26,TWD,2024-09-18,2024-12-18,-0.03498264290213328,-0.1733922300366606,35.94871787379911,-0.13840958713452733,91,23,-1.5246378777415774,Sep24-Dec24,Sep-Dec
2024-08-27,TWD,2024-09-18,2024-12-18,-0.033693851268638046,-0.17306387242527724,36.01378221877455,-0.13937002115663918,91,22,-1.5323862582515775,Sep24-Dec24,Sep-Dec
2024-08-28,TWD,2024-09-18,2024-12-18,-0.03269529177745626,-0.17437488947976673,36.109109334312905,-0.14167959770231048,91,21,-1.5536209212038485,Sep24-Dec24,Sep-Dec
2024-08-29,TWD,2024-09-18,2024-12-18,-0.032276757034444506,-0.179136001541167,36.14939605392534,-0.1468592445067225,91,20,-1.6086045563163687,Sep24-Dec24,Sep-Dec
2024-08-30,TWD,2024-09-18,2024-12-18,-0.03098823341645459,-0.1794055618847371,36.061791477102,-0.1484173284682825,91,19,-1.6295653230046847,Sep24-Dec24,Sep-Dec
2024-09-02,TWD,2024-09-18,2024-12-18,-0.026135771250739574,-0.16700927506226323,36.14768257331816,-0.14087350381152366,91,16,-1.5428513523358554,Sep24-Dec24,Sep-Dec
2024-09-03,TWD,2024-09-18,2024-12-18,-0.024957201538936675,-0.16903412835516735,36.35727543245969,-0.14407692681623066,91,15,-1.5687814136000888,Sep24-Dec24,Sep-Dec
2024-09-04,TWD,2024-09-18,2024-12-18,-0.023822769509925495,-0.17182762782602873,36.36641973442067,-0.14800485831610324,91,14,-1.6110948971859773,Sep24-Dec24,Sep-Dec
2024-09-05,TWD,2024-09-18,2024-12-18,-0.0226199899500149,-0.17461479423182816,36.31364056929657,-0.15199480428181325,91,13,-1.6568785259551138,Sep24-Dec24,Sep-Dec
2024-09-06,TWD,2024-09-18,2024-12-18,-0.021537628098129688,-0.17904021273050846,36.111456359649075,-0.15750258463237876,91,12,-1.7264853174952748,Sep24-Dec24,Sep-Dec
2024-09-09,TWD,2024-09-18,2024-12-18,-0.016087636123139678,-0.17442024207390291,35.80516868486219,-0.15833260595076323,91,9,-1.7501727634838717,Sep24-Dec24,Sep-Dec
2024-09-10,TWD,2024-09-18,2024-12-18,-0.014463775779345546,-0.17516612189274733,35.55486140288051,-0.16070234611340178,91,8,-1.7887969395682843,Sep24-Dec24,Sep-Dec
2024-09-11,TWD,2024-09-18,2024-12-18,-0.012410221398222777,-0.17038201148803753,35.723564811264474,-0.15797179008981474,91,7,-1.7499947917886887,Sep24-Dec24,Sep-Dec
2024-09-12,TWD,2024-09-18,2024-12-18,-0.012835684163712963,-0.17497247592438778,35.87857169672799,-0.1621367917606748,91,6,-1.7883928964192362,Sep24-Dec24,Sep-Dec
2024-09-13,TWD,2024-09-18,2024-12-18,-0.01227376797274731,-0.16589546467734284,36.165781845434665,-0.15362169670459552,91,5,-1.6809826129826548,Sep24-Dec24,Sep-Dec
2024-09-16,TWD,2024-09-18,2024-12-18,-0.012109118011655208,-0.15990628801258103,36.158182092321844,-0.14779717000092582,91,2,-1.6175812556957552,Sep24-Dec24,Sep-Dec
2024-09-17,TWD,2024-09-18,2024-12-18,-0.012023812162348362,-0.1575419617606609,36.105114841409254,-0.14551814959831255,91,1,-1.594976156923318,Sep24-Dec24,Sep-Dec
2024-09-18,TWD,2024-12-18,2025-03-19,-0.16635747234137074,-0.31760894424832453,36.25440104260082,-0.1512514719069538,91,91,-1.6580490713367484,Dec24-Mar25,Dec-Mar
2024-09-19,TWD,2024-12-18,2025-03-19,-0.1643069610004823,-0.3154892178176926,35.880808999865764,-0.15118225681721031,91,90,-1.6745303128844844,Dec24-Mar25,Dec-Mar
2024-09-20,TWD,2024-12-18,2025-03-19,-0.15891093882998075,-0.30646157855676853,35.83519544748211,-0.14755063972678778,91,89,-1.6361480029121775,Dec24-Mar25,Dec-Mar
2024-09-23,TWD,2024-12-18,2025-03-19,-0.1603344858474391,-0.3150224851269356,35.92382160223983,-0.1546879992794965,91,86,-1.7111097769370314,Dec24-Mar25,Dec-Mar
2024-09-24,TWD,2024-12-18,2025-03-19,-0.16693704009033705,-0.3307545108387702,35.76806497704975,-0.16381747074843317,91,85,-1.8203611868599139,Dec24-Mar25,Dec-Mar
2024-09-25,TWD,2024-12-18,2025-03-19,-0.1592258618567649,-0.3168716372438284,35.63737989863648,-0.15764577538706348,91,84,-1.7578524978196761,Dec24-Mar25,Dec-Mar
2024-09-26,TWD,2024-12-18,2025-03-19,-0.15591801725584253,-0.3120239894083987,35.616690552853306,-0.15610597215255617,91,83,-1.7415359099030647,Dec24-Mar25,Dec-Mar
2024-09-27,TWD,2024-12-18,2025-03-19,-0.1542087199907859,-0.3104892832952798,35.64840960564915,-0.1562805633044939,91,82,-1.7418416599927506,Dec24-Mar25,Dec-Mar
2024-09-30,TWD,2024-12-18,2025-03-19,-0.1435050941895089,-0.29404183250311816,35.43983527504365,-0.15053673831360925,91,79,-1.6872290992199699,Dec24-Mar25,Dec-Mar
2024-10-01,TWD,2024-12-18,2025-03-19,-0.1469216894055888,-0.3034959379802075,35.60253375656374,-0.1565742485746187,91,78,-1.7470142909181405,Dec24-Mar25,Dec-Mar
2024-10-02,TWD,2024-12-18,2025-03-19,-0.13349187611937055,-0.29367686928870546,35.52071374782162,-0.1601849931693349,91,77,-1.7907562124372847,Dec24-Mar25,Dec-Mar
2024-10-03,TWD,2024-12-18,2025-03-19,-0.1307156732631574,-0.2886906746354534,35.511627951094425,-0.157975001372296,91,76,-1.766364994993377,Dec24-Mar25,Dec-Mar
2024-10-04,TWD,2024-12-18,2025-03-19,-0.12709347275632318,-0.28178581313840234,35.43519680807804,-0.15469234038207916,91,75,-1.7332273342550952,Dec24-Mar25,Dec-Mar
2024-10-07,TWD,2024-12-18,2025-03-19,-0.11219312935443772,-0.25148693836028674,35.39585189088533,-0.13929380900584903,91,72,-1.561778031457262,Dec24-Mar25,Dec-Mar
2024-10-08,TWD,2024-12-18,2025-03-19,-0.10870077315864803,-0.2445085678294762,35.211802702330026,-0.13580779467082815,91,71,-1.530524585477528,Dec24-Mar25,Dec-Mar
2024-10-09,TWD,2024-12-18,2025-03-19,-0.10806506315968488,-0.24399711927308312,35.24536253568102,-0.13593205611339826,91,70,-1.530434119017183,Dec24-Mar25,Dec-Mar
2024-10-10,TWD,2024-12-18,2025-03-19,-0.1100740039321317,-0.24966421863665472,35.08947735602101,-0.13959021470452304,91,69,-1.5787148215371698,Dec24-Mar25,Dec-Mar
2024-10-11,TWD,2024-12-18,2025-03-19,-0.10744619178681504,-0.244585375801724,35.11758754068833,-0.13713918401490893,91,68,-1.549632818252013,Dec24-Mar25,Dec-Mar
2024-10-14,TWD,2024-12-18,2025-03-19,-0.10698204020450643,-0.24679721330272683,35.15182301678337,-0.1398151730982204,91,65,-1.5783064071202904,Dec24-Mar25,Dec-Mar
2024-10-15,TWD,2024-12-18,2025-03-19,-0.10475709738894666,-0.24262325074402474,35.10740029703011,-0.13786615335507807,91,64,-1.5581810768192967,Dec24-Mar25,Dec-Mar
2024-10-16,TWD,2024-12-18,2025-03-19,-0.09519771382788028,-0.22052926102536405,34.912467074895915,-0.12533154719748377,91,63,-1.4240551280757396,Dec24-Mar25,Dec-Mar
2024-10-17,TWD,2024-12-18,2025-03-19,-0.0890910478580141,-0.20656139122442327,34.76094480261159,-0.11747034336640917,91,62,-1.3403316856843632,Dec24-Mar25,Dec-Mar
2024-10-18,TWD,2024-12-18,2025-03-19,-0.09110020413478286,-0.21250800788561006,34.789870719925744,-0.1214078037508272,91,61,-1.3841833618469472,Dec24-Mar25,Dec-Mar
2024-10-21,TWD,2024-12-18,2025-03-19,-0.08600751196003328,-0.20641355765531627,34.88825950496346,-0.12040604569528299,91,58,-1.368680421714473,Dec24-Mar25,Dec-Mar
2024-10-22,TWD,2024-12-18,2025-03-19,-0.08475429863208153,-0.20555271286463078,34.826592179541464,-0.12079841423254925,91,57,-1.3755283706132222,Dec24-Mar25,Dec-Mar
2024-10-23,TWD,2024-12-18,2025-03-19,-0.0786762308952807,-0.1920283347684214,34.7922511960571,-0.11335210387314071,91,56,-1.2917883159030286,Dec24-Mar25,Dec-Mar
2024-10-24,TWD,2024-12-18,2025-03-19,-0.08119731708780467,-0.20097642678116004,34.957301317338725,-0.11977910969335537,91,55,-1.3586707476250974,Dec24-Mar25,Dec-Mar
2024-10-25,TWD,2024-12-18,2025-03-19,-0.08033827968643248,-0.2010067280880034,35.31943279024568,-0.12066844840157093,91,54,-1.354659342456183,Dec24-Mar25,Dec-Mar
2024-10-28,TWD,2024-12-18,2025-03-19,-0.07910187141450792,-0.20543897305181125,35.53308777495299,-0.12633710163730333,91,51,-1.4097008125297428,Dec24-Mar25,Dec-Mar
2024-10-29,TWD,2024-12-18,2025-03-19,-0.07756642470377603,-0.203922956663833,35.55446640195696,-0.12635653196005697,91,50,-1.4090069732354162,Dec24-Mar25,Dec-Mar
2024-10-30,TWD,2024-12-18,2025-03-19,-0.07187949880253824,-0.19047027143244588,35.7593403509635,-0.11859077262990764,91,49,-1.3146082632458285,Dec24-Mar25,Dec-Mar
2024-10-31,TWD,2024-12-18,2025-03-19,-0.07081836718304307,-0.19013915372316975,35.8536829865421,-0.11932078654012668,91,48,-1.3191740835838577,Dec24-Mar25,Dec-Mar
2024-11-01,TWD,2024-12-18,2025-03-19,-0.060524858500270756,-0.18683346083776867,35.88123584199046,-0.1263086023374979,91,47,-1.3949538385877065,Dec24-Mar25,Dec-Mar
2024-11-04,TWD,2024-12-18,2025-03-19,-0.05966795751983552,-0.18884209931120854,35.90975470711821,-0.12917414179137301,91,44,-1.425431928464338,Dec24-Mar25,Dec-Mar
2024-11-05,TWD,2024-12-18,2025-03-19,-0.06057466539114299,-0.19334687828502944,35.81943502671637,-0.13277221289388647,91,43,-1.468874301479459,Dec24-Mar25,Dec-Mar
2024-11-06,TWD,2024-12-18,2025-03-19,-0.0617356604862547,-0.19886750079044285,35.831492606763184,-0.13713184030418815,91,42,-1.5166432045690053,Dec24-Mar25,Dec-Mar
2024-11-07,TWD,2024-12-18,2025-03-19,-0.06474328407319281,-0.21058230118552138,36.074073537583,-0.14583901711232855,91,41,-1.6022113106265508,Dec24-Mar25,Dec-Mar
2024-11-08,TWD,2024-12-18,2025-03-19,-0.06261789663534988,-0.20592142026468818,36.0439848705414,-0.1433035236293383,91,40,-1.5755794907535554,Dec24-Mar25,Dec-Mar
2024-11-11,TWD,2024-12-18,2025-03-19,-0.058047597209782094,-0.19753325157788215,35.973477309174626,-0.13948565436810006,91,37,-1.5364187045600919,Dec24-Mar25,Dec-Mar
2024-11-12,TWD,2024-12-18,2025-03-19,-0.05494807991811758,-0.18907996319277026,36.04984213218527,-0.1341318832746527,91,36,-1.4741858258311473,Dec24-Mar25,Dec-Mar
2024-11-13,TWD,2024-12-18,2025-03-19,-0.053076999865581016,-0.18478646964529385,36.00233095287358,-0.13170946977971285,91,35,-1.4493999028655664,Dec24-Mar25,Dec-Mar
2024-11-14,TWD,2024-12-18,2025-03-19,-0.05348285812886318,-0.18868202533713838,36.28254387292829,-0.13519916720827518,91,34,-1.476311649584221,Dec24-Mar25,Dec-Mar
2024-11-15,TWD,2024-12-18,2025-03-19,-0.05491937121000782,-0.19667759345272892,36.53045098296187,-0.1417582222427211,91,33,-1.5374738449107883,Dec24-Mar25,Dec-Mar
2024-11-18,TWD,2024-12-18,2025-03-19,-0.05060059396212747,-0.188792940348813,36.71069271624262,-0.13819234638668554,91,30,-1.49125374500163,Dec24-Mar25,Dec-Mar
2024-11-19,TWD,2024-12-18,2025-03-19,-0.049036283894633395,-0.18767221842408377,36.56770204614431,-0.1386359345294504,91,29,-1.50183430702626,Dec24-Mar25,Dec-Mar
2024-11-20,TWD,2024-12-18,2025-03-19,-0.04943399129112616,-0.19487572495920158,36.52497126740305,-0.14544173366807542,91,28,-1.5774240337536538,Dec24-Mar25,Dec-Mar
2024-11-21,TWD,2024-12-18,2025-03-19,-0.04641213162224277,-0.18761549159061322,36.53451186471904,-0.14120335996837047,91,27,-1.5309284475269573,Dec24-Mar25,Dec-Mar
2024-11-22,TWD,2024-12-18,2025-03-19,-0.049048593880482244,-0.20544065880993373,36.667232765367196,-0.15639206492945149,91,26,-1.689581002542263,Dec24-Mar25,Dec-Mar
2024-11-25,TWD,2024-12-18,2025-03-19,-0.04547048701304868,-0.2100372445905711,36.81171066828667,-0.16456675757752243,91,23,-1.770736750536491,Dec24-Mar25,Dec-Mar
2024-11-26,TWD,2024-12-18,2025-03-19,-0.04232723257735503,-0.20212781474081548,36.672584393801266,-0.15980058216346044,91,22,-1.7258358969678544,Dec24-Mar25,Dec-Mar
2024-11-27,TWD,2024-12-18,2025-03-19,-0.0386405116707408,-0.19076004552211148,36.77444013241464,-0.15211953385137067,91,21,-1.638161054616365,Dec24-Mar25,Dec-Mar
2024-11-28,TWD,2024-12-18,2025-03-19,-0.03695844419766033,-0.18980061548396043,36.76499955133067,-0.1528421712863001,91,20,-1.6462907623689824,Dec24-Mar25,Dec-Mar
2024-11-29,TWD,2024-12-18,2025-03-19,-0.03620509505678662,-0.194312332909849,36.71066917381849,-0.15810723785306238,91,19,-1.7054896327104563,Dec24-Mar25,Dec-Mar
2024-12-02,TWD,2024-12-18,2025-03-19,-0.02796175505439476,-0.18447973500033188,36.78357103079311,-0.1565179799459371,91,16,-1.6846190847557225,Dec24-Mar25,Dec-Mar
2024-12-03,TWD,2024-12-18,2025-03-19,-0.02618830395674334,-0.1764780801251816,36.90670353301102,-0.15028977616843825,91,15,-1.6121058964977615,Dec24-Mar25,Dec-Mar
2024-12-04,TWD,2024-12-18,2025-03-19,-0.024003586248449796,-0.16464128508581635,36.92546826613711,-0.14063769883736654,91,14,-1.507715000756346,Dec24-Mar25,Dec-Mar
2024-12-05,TWD,2024-12-18,2025-03-19,-0.02061006704045791,-0.1495564482962512,36.77781126578907,-0.12894638125579327,91,13,-1.387803030656467,Dec24-Mar25,Dec-Mar
2024-12-06,TWD,2024-12-18,2025-03-19,-0.019198370074696776,-0.14957798293095997,36.49926450444966,-0.1303796128562632,91,12,-1.4138885536321169,Dec24-Mar25,Dec-Mar
2024-12-09,TWD,2024-12-18,2025-03-19,-0.014459911922573374,-0.14554931961592113,36.27928419041248,-0.13108940769334776,91,9,-1.4300233609963153,Dec24-Mar25,Dec-Mar
2024-12-10,TWD,2024-12-18,2025-03-19,-0.01322307075664267,-0.14851706453413352,36.284246590366884,-0.13529399377749085,91,8,-1.475637945764325,Dec24-Mar25,Dec-Mar
2024-12-11,TWD,2024-12-18,2025-03-19,-0.010974976693476888,-0.13854898032901836,36.2416641111793,-0.12757400363554147,91,7,-1.3929858307617724,Dec24-Mar25,Dec-Mar
2024-12-12,TWD,2024-12-18,2025-03-19,-0.011230871907025156,-0.1405816106070135,36.11084596537564,-0.12935073869998834,91,6,-1.417514305122062,Dec24-Mar25,Dec-Mar
2024-12-13,TWD,2024-12-18,2025-03-19,-0.010589106103469966,-0.13022789322928185,35.98591999822064,-0.11963878712581189,91,5,-1.315613474513503,Dec24-Mar25,Dec-Mar
2024-12-16,TWD,2024-12-18,2025-03-19,-0.011387726355892065,-0.13627160722155346,36.053931616144304,-0.12488388086566139,91,2,-1.3707304446007325,Dec24-Mar25,Dec-Mar
2024-12-17,TWD,2024-12-18,2025-03-19,-0.01146309548801649,-0.1356637967518403,35.985671189017665,-0.12420070126382379,91,1,-1.3658214026385704,Dec24-Mar25,Dec-Mar
2024-12-18,TWD,2025-03-19,2025-06-18,-0.14108153238562846,-0.29708248477703897,35.806608013876996,-0.1560009523914105,91,91,-1.7303729559842516,Mar25-Jun25,Mar-Jun
2024-12-19,TWD,2025-03-19,2025-06-18,-0.14488274330903259,-0.3063906712800377,35.64089344004821,-0.16150792797100513,91,90,-1.800012028849103,Mar25-Jun25,Mar-Jun
2024-12-20,TWD,2025-03-19,2025-06-18,-0.1475153791318668,-0.31360151754211674,35.809234747578714,-0.16608613841024994,91,89,-1.8424351816920517,Mar25-Jun25,Mar-Jun
2024-12-23,TWD,2025-03-19,2025-06-18,-0.13738115065801595,-0.29855728595848285,35.8539672780844,-0.1611761353004669,91,86,-1.7852206636969303,Mar25-Jun25,Mar-Jun
2024-12-24,TWD,2025-03-19,2025-06-18,-0.13113442501690023,-0.2875180077552983,35.85156543892511,-0.15638358273839806,91,85,-1.731950902484441,Mar25-Jun25,Mar-Jun
2024-12-25,TWD,2025-03-19,2025-06-18,-0.13012313298498956,-0.2873670727207661,36.06028578913001,-0.15724393973577655,91,84,-1.731314003138475,Mar25-Jun25,Mar-Jun
2024-12-26,TWD,2025-03-19,2025-06-18,-0.12238654987500157,-0.27292053751837686,35.7928334709891,-0.15053398764337528,91,83,-1.6695026931194932,Mar25-Jun25,Mar-Jun
2024-12-27,TWD,2025-03-19,2025-06-18,-0.12473536612698072,-0.2796575843354747,35.67569869559381,-0.154922218208494,91,82,-1.723945141291389,Mar25-Jun25,Mar-Jun
2024-12-30,TWD,2025-03-19,2025-06-18,-0.1139020689111968,-0.26218270343079675,35.58018082099738,-0.14828063451959994,91,79,-1.6539787331230158,Mar25-Jun25,Mar-Jun
2024-12-31,TWD,2025-03-19,2025-06-18,-0.10929508480070689,-0.25423982522049304,35.863833913292154,-0.14494474041978617,91,78,-1.6037341917584311,Mar25-Jun25,Mar-Jun
2025-01-01,TWD,2025-03-19,2025-06-18,-0.11847738870034745,-0.25849612080075807,36.05406658108351,-0.1400187321004106,91,77,-1.5414252870415197,Mar25-Jun25,Mar-Jun
2025-01-02,TWD,2025-03-19,2025-06-18,-0.11245989692384616,-0.24711582613529354,35.98908076167289,-0.13465592921144737,91,76,-1.484824272917664,Mar25-Jun25,Mar-Jun
2025-01-03,TWD,2025-03-19,2025-06-18,-0.11046274825468674,-0.24449088280370665,36.04266871486601,-0.1340281345490199,91,75,-1.4756154746390568,Mar25-Jun25,Mar-Jun
2025-01-06,TWD,2025-03-19,2025-06-18,-0.10555125063498172,-0.2389563035208614,36.07728585128949,-0.13340505288587967,91,72,-1.4671415182888992,Mar25-Jun25,Mar-Jun
2025-01-07,TWD,2025-03-19,2025-06-18,-0.10045803560060236,-0.2292141093985575,36.171873982366165,-0.12875607379795512,91,71,-1.412100618129477,Mar25-Jun25,Mar-Jun
2025-01-08,TWD,2025-03-19,2025-06-18,-0.09690810890911075,-0.2228886504909547,36.21891325004559,-0.12598054158184394,91,70,-1.3797256219767022,Mar25-Jun25,Mar-Jun
2025-01-09,TWD,2025-03-19,2025-06-18,-0.09957915772997429,-0.23090819183762154,36.12897065244362,-0.13132903410764724,91,69,-1.441998907227907,Mar25-Jun25,Mar-Jun
2025-01-10,TWD,2025-03-19,2025-06-18,-0.09504927574388689,-0.2222475712246767,35.9153827340189,-0.1271982954807898,91,68,-1.404794426724194,Mar25-Jun25,Mar-Jun
2025-01-13,TWD,2025-03-19,2025-06-18,-0.09136843151987352,-0.21928423564769645,35.98932260304622,-0.12791580412782294,91,65,-1.4096640198057984,Mar25-Jun25,Mar-Jun
2025-01-14,TWD,2025-03-19,2025-06-18,-0.09005130995494831,-0.21809301629714042,36.031657311039275,-0.1280417063421921,91,64,-1.40933774211781,Mar25-Jun25,Mar-Jun
2025-01-15,TWD,2025-03-19,2025-06-18,-0.09351371918567679,-0.22858909134276553,36.01790289294715,-0.13507537215708876,91,63,-1.4874688809537426,Mar25-Jun25,Mar-Jun
2025-01-16,TWD,2025-03-19,2025-06-18,-0.09942907464553023,-0.24536529710913108,36.0904937806537,-0.14593622246360083,91,62,-1.6040928923912758,Mar25-Jun25,Mar-Jun
2025-01-17,TWD,2025-03-19,2025-06-18,-0.09768493412527121,-0.24341163913182334,36.45185050788345,-0.14572670500655213,91,61,-1.5857914532674913,Mar25-Jun25,Mar-Jun
2025-01-20,TWD,2025-03-19,2025-06-18,-0.09138591824690895,-0.23476727273774886,36.26983067516105,-0.1433813544908399,91,58,-1.5678477741486685,Mar25-Jun25,Mar-Jun
2025-01-21,TWD,2025-03-19,2025-06-18,-0.08933438754396295,-0.2319559536229213,36.24535265890244,-0.14262156607895835,91,57,-1.560506968033957,Mar25-Jun25,Mar-Jun
2025-01-22,TWD,2025-03-19,2025-06-18,-0.08261595524337212,-0.21686688251385183,36.13640594285799,-0.13425092727047971,91,56,-1.4730838827323123,Mar25-Jun25,Mar-Jun
2025-01-23,TWD,2025-03-19,2025-06-18,-0.08187009997564171,-0.21732790175352162,35.96591311377373,-0.13545780177787992,91,55,-1.4933574174357707,Mar25-Jun25,Mar-Jun
2025-01-24,TWD,2025-03-19,2025-06-18,-0.07899892179816967,-0.21212673445804817,36.045161291905686,-0.1331278126598785,91,54,-1.4643193600554631,Mar25-Jun25,Mar-Jun
2025-01-27,TWD,2025-03-19,2025-06-18,-0.07282937463998851,-0.20277982742898762,35.890613419598054,-0.1299504527889991,91,51,-1.4352917609191844,Mar25-Jun25,Mar-Jun
2025-01-28,TWD,2025-03-19,2025-06-18,-0.06484184835754325,-0.18285401236827198,35.68862619746551,-0.11801216401072873,91,50,-1.3105326025981299,Mar25-Jun25,Mar-Jun
2025-01-29,TWD,2025-03-19,2025-06-18,-0.06680221689751362,-0.1908634768500389,35.80060651110227,-0.12406125995252529,91,49,-1.3734664061334902,Mar25-Jun25,Mar-Jun
2025-01-30,TWD,2025-03-19,2025-06-18,-0.06336989556684769,-0.18350865591232973,35.84031664388752,-0.12013876034548204,91,48,-1.3284370522021953,Mar25-Jun25,Mar-Jun
2025-01-31,TWD,2025-03-19,2025-06-18,-0.06559904674940042,-0.19260996705143105,35.869410283970375,-0.12701092030203062,91,47,-1.4033723401214326,Mar25-Jun25,Mar-Jun
2025-02-03,TWD,2025-03-19,2025-06-18,-0.0612827250699697,-0.18802654282831613,35.91298037340749,-0.12674381775834642,91,44,-1.398550548782964,Mar25-Jun25,Mar-Jun
2025-02-04,TWD,2025-03-19,2025-06-18,-0.060219331558954495,-0.18766024253255587,36.04250397176515,-0.12744091097360138,91,43,-1.4011390623221267,Mar25-Jun25,Mar-Jun
2025-02-05,TWD,2025-03-19,2025-06-18,-0.05856497396796945,-0.18545575089856992,36.16838597736583,-0.12689077693060047,91,42,-1.3901633328694418,Mar25-Jun25,Mar-Jun
2025-02-06,TWD,2025-03-19,2025-06-18,-0.05820650826683197,-0.1873965632005322,36.12015088611604,-0.12919005493370023,91,41,-1.417232334026227,Mar25-Jun25,Mar-Jun
2025-02-07,TWD,2025-03-19,2025-06-18,-0.0598426080316896,-0.19598454130378345,36.167572089985036,-0.13614193327209384,91,40,-1.4916016044553995,Mar25-Jun25,Mar-Jun
2025-02-10,TWD,2025-03-19,2025-06-18,-0.052412504063541435,-0.18131893297657578,36.01407762229559,-0.12890642891303433,91,37,-1.4180642006425652,Mar25-Jun25,Mar-Jun
2025-02-11,TWD,2025-03-19,2025-06-18,-0.05292221845143706,-0.18669782620368078,35.86932932166521,-0.13377560775224373,91,36,-1.4775970771978906,Mar25-Jun25,Mar-Jun
2025-02-12,TWD,2025-03-19,2025-06-18,-0.0505634059941277,-0.18202826157885973,35.898987361063924,-0.13146485558473203,91,35,-1.450777161138269,Mar25-Jun25,Mar-Jun
2025-02-13,TWD,2025-03-19,2025-06-18,-0.051457431263145885,-0.18918173258509516,35.72729297761537,-0.13772430132194927,91,34,-1.5272056883914913,Mar25-Jun25,Mar-Jun
2025-02-14,TWD,2025-03-19,2025-06-18,-0.05237716879385711,-0.19681117971025097,35.653960161253984,-0.14443401091639385,91,33,-1.60494912839689,Mar25-Jun25,Mar-Jun
2025-02-17,TWD,2025-03-19,2025-06-18,-0.04892028603090296,-0.19731182032464195,35.549807792575734,-0.148391534293739,91,30,-1.6536021311089582,Mar25-Jun25,Mar-Jun
2025-02-18,TWD,2025-03-19,2025-06-18,-0.04839279164421591,-0.20024603438985888,35.21016195230368,-0.151853242745643,91,29,-1.7084979439592245,Mar25-Jun25,Mar-Jun
2025-02-19,TWD,2025-03-19,2025-06-18,-0.05078336952730152,-0.21582932049103143,35.45823846407071,-0.16504595096372993,91,28,-1.8440439592062465,Mar25-Jun25,Mar-Jun
2025-02-20,TWD,2025-03-19,2025-06-18,-0.04994453947556411,-0.2182761354857987,35.60593668239899,-0.16833159601023456,91,27,-1.8728972329916673,Mar25-Jun25,Mar-Jun
2025-02-21,TWD,2025-03-19,2025-06-18,-0.04721621430841989,-0.21247296438788954,35.309305933770744,-0.16525675007946966,91,26,-1.8540108443616434,Mar25-Jun25,Mar-Jun
2025-02-24,TWD,2025-03-19,2025-06-18,-0.041290610596757794,-0.2046578090447995,35.277008432474936,-0.1633671984480417,91,23,-1.834183771431231,Mar25-Jun25,Mar-Jun
2025-02-25,TWD,2025-03-19,2025-06-18,-0.03985814003101257,-0.20472590106838273,35.443579683284426,-0.16486776103737016,91,22,-1.842247315163037,Mar25-Jun25,Mar-Jun
2025-02-26,TWD,2025-03-19,2025-06-18,-0.038013407601511985,-0.20273817387473056,35.35625026110905,-0.16472476627321858,91,21,-1.8451046090688226,Mar25-Jun25,Mar-Jun
2025-02-27,TWD,2025-03-19,2025-06-18,-0.038402278642514345,-0.21313264646595464,35.24519298500038,-0.1747303678234403,91,20,-1.9633741153249566,Mar25-Jun25,Mar-Jun
2025-02-28,TWD,2025-03-19,2025-06-18,-0.035481399987988174,-0.20541863150940523,35.25804268097014,-0.16993723152141704,91,19,-1.9086606232413064,Mar25-Jun25,Mar-Jun
2025-03-03,TWD,2025-03-19,2025-06-18,-0.028522757674461007,-0.190745941947958,35.03632142803251,-0.162223184273497,91,16,-1.8331973790136833,Mar25-Jun25,Mar-Jun
2025-03-04,TWD,2025-03-19,2025-06-18,-0.026744179193736832,-0.1889921996357403,35.025743620375934,-0.16224802044200345,91,15,-1.8339390008230971,Mar25-Jun25,Mar-Jun
2025-03-05,TWD,2025-03-19,2025-06-18,-0.02417546383792583,-0.18131597878444372,34.93957878422644,-0.1571405149465179,91,14,-1.7804599840918933,Mar25-Jun25,Mar-Jun
2025-03-06,TWD,2025-03-19,2025-06-18,-0.022292061652820626,-0.17833649322256498,34.706720833514275,-0.15604443156974435,91,13,-1.7798148974753296,Mar25-Jun25,Mar-Jun
2025-03-07,TWD,2025-03-19,2025-06-18,-0.020244049954200337,-0.1737614287735529,34.603955966428295,-0.15351737881935257,91,12,-1.7560911335740992,Mar25-Jun25,Mar-Jun
2025-03-10,TWD,2025-03-19,2025-06-18,-0.015627601302559097,-0.17364001447287886,34.43926660554761,-0.15801241317031975,91,9,-1.8159150809862923,Mar25-Jun25,Mar-Jun
2025-03-11,TWD,2025-03-19,2025-06-18,-0.014516818009661423,-0.1796456228695601,34.77067587068803,-0.16512880485989867,91,8,-1.8795425853721297,Mar25-Jun25,Mar-Jun
2025-03-12,TWD,2025-03-19,2025-06-18,-0.01224774575828997,-0.17146844061605956,34.74549422988036,-0.1592206948577696,91,7,-1.8134903336984582,Mar25-Jun25,Mar-Jun
2025-03-13,TWD,2025-03-19,2025-06-18,-0.012764268563115294,-0.17687629294602625,34.831818244681436,-0.16411202438291095,91,6,-1.86459512259994,Mar25-Jun25,Mar-Jun
2025-03-14,TWD,2025-03-19,2025-06-18,-0.013397492421496082,-0.1837370389233748,35.18379503460361,-0.17033954650187874,91,5,-1.9160168224024596,Mar25-Jun25,Mar-Jun
2025-03-17,TWD,2025-03-19,2025-06-18,-0.013510867424134945,-0.1795015243492214,35.177588512545455,-0.16599065692508647,91,2,-1.8674351186326137,Mar25-Jun25,Mar-Jun
2025-03-18,TWD,2025-03-19,2025-06-18,-0.013655823461452735,-0.1794765369219502,35.22200793223338,-0.16582071346049748,91,1,-1.8631773201020294,Mar25-Jun25,Mar-Jun
2025-03-19,TWD,2025-06-18,2025-09-17,-0.17765373247018404,-0.3553074649403681,35.260193952412465,-0.17765373247018404,91,91,-2.003292721112091,Jun25-Sep25,Jun-Sep
2025-03-20,TWD,2025-06-18,2025-09-17,-0.16723816656859863,-0.3363345349879595,35.03074294269886,-0.16909636841936088,91,90,-1.9187762979366445,Jun25-Sep25,Jun-Sep
2025-03-21,TWD,2025-06-18,2025-09-17,-0.1587031979472055,-0.3209727598932246,34.86986841736078,-0.1622695619460191,91,89,-1.8493920204886025,Jun25-Sep25,Jun-Sep
2025-03-24,TWD,2025-06-18,2025-09-17,-0.15806554424744962,-0.32532094571858816,34.99907455318621,-0.16725540147113854,91,86,-1.899111819453457,Jun25-Sep25,Jun-Sep
2025-03-25,TWD,2025-06-18,2025-09-17,-0.15297368049931986,-0.31674550315153294,34.89186362951618,-0.16377182265221307,91,85,-1.865023695703627,Jun25-Sep25,Jun-Sep
2025-03-26,TWD,2025-06-18,2025-09-17,-0.1448748957373528,-0.3018226994528183,34.768477724492804,-0.15694780371546552,91,84,-1.7932634375856598,Jun25-Sep25,Jun-Sep
2025-03-27,TWD,2025-06-18,2025-09-17,-0.13504005331827645,-0.28309601539012175,34.89811477159433,-0.1480559620718453,91,83,-1.68487942639509,Jun25-Sep25,Jun-Sep
2025-03-28,TWD,2025-06-18,2025-09-17,-0.12855842929038544,-0.2712269300882522,34.72963217904196,-0.14266850079786678,91,82,-1.6311715190726142,Jun25-Sep25,Jun-Sep
2025-03-31,TWD,2025-06-18,2025-09-17,-0.11738597401399828,-0.25260272889088237,34.80882591289974,-0.1352167548768841,91,79,-1.5419464479679341,Jun25-Sep25,Jun-Sep
2025-04-01,TWD,2025-06-18,2025-09-17,-0.1080728554501145,-0.2341578534752481,34.85869215245312,-0.1260849980251336,91,78,-1.4353637560299366,Jun25-Sep25,Jun-Sep
2025-04-02,TWD,2025-06-18,2025-09-17,-0.10596657592199829,-0.2311998020116326,34.79007942494981,-0.1252332260896343,91,77,-1.4284008050725423,Jun25-Sep25,Jun-Sep
2025-04-03,TWD,2025-06-18,2025-09-17,-0.10434527594998108,-0.22928501425851106,35.02115162205507,-0.12493973830852997,91,76,-1.415556427772498,Jun25-Sep25,Jun-Sep
2025-04-04,TWD,2025-06-18,2025-09-17,-0.10094183301187584,-0.22341792373295183,35.12431783728136,-0.12247609072107599,91,75,-1.3834211710428934,Jun25-Sep25,Jun-Sep
2025-04-07,TWD,2025-06-18,2025-09-17,-0.09734694990747807,-0.22038267826276284,35.07119522609512,-0.12303572835528477,91,72,-1.3917105881333975,Jun25-Sep25,Jun-Sep
2025-04-08,TWD,2025-06-18,2025-09-17,-0.09780599228261565,-0.22316296830681318,35.192218815797915,-0.12535697602419754,91,71,-1.4130958960401574,Jun25-Sep25,Jun-Sep
2025-04-09,TWD,2025-06-18,2025-09-17,-0.09294399455092323,-0.21377118746712342,35.346768588328324,-0.1208271929162002,91,70,-1.3558746937950037,Jun25-Sep25,Jun-Sep
2025-04-10,TWD,2025-06-18,2025-09-17,-0.08120463867520945,-0.18830061142077553,35.25440869448785,-0.10709597274556608,91,69,-1.2045430237872718,Jun25-Sep25,Jun-Sep
2025-04-11,TWD,2025-06-18,2025-09-17,-0.0789940615756891,-0.18470670280197896,35.392638193690324,-0.10571264122628986,91,68,-1.184255733665251,Jun25-Sep25,Jun-Sep
2025-04-14,TWD,2025-06-18,2025-09-17,-0.0766720597540872,-0.18401294340980925,35.58333133901002,-0.10734088365572206,91,65,-1.1959594696951117,Jun25-Sep25,Jun-Sep
2025-04-15,TWD,2025-06-18,2025-09-17,-0.07495347149387914,-0.18152793877423856,35.57411570258589,-0.10657446728035942,91,64,-1.1876710622308804,Jun25-Sep25,Jun-Sep
2025-04-16,TWD,2025-06-18,2025-09-17,-0.07391378320620012,-0.18067813672626695,35.68927088266651,-0.10676435352006683,91,63,-1.1859054909501,Jun25-Sep25,Jun-Sep
2025-04-17,TWD,2025-06-18,2025-09-17,-0.06979214035522875,-0.1722289915217742,35.52149609039691,-0.10243685116654545,91,62,-1.143089445022667,Jun25-Sep25,Jun-Sep
2025-04-18,TWD,2025-06-18,2025-09-17,-0.06873231302329978,-0.1712674029433044,35.42657822925125,-0.10253508992000461,91,61,-1.1472229493887522,Jun25-Sep25,Jun-Sep
2025-04-21,TWD,2025-06-18,2025-09-17,-0.06254456594310065,-0.16067483319865514,35.68675089344585,-0.09813026725555449,91,58,-1.0897299637005946,Jun25-Sep25,Jun-Sep
2025-04-22,TWD,2025-06-18,2025-09-17,-0.0642997136426717,-0.16695364244062125,35.723431501470266,-0.10265392879794955,91,57,-1.1388484077561079,Jun25-Sep25,Jun-Sep
2025-04-23,TWD,2025-06-18,2025-09-17,-0.06671572109159637,-0.17512876786544046,35.572413192325676,-0.10841304677384409,91,56,-1.2079379057218755,Jun25-Sep25,Jun-Sep
2025-04-24,TWD,2025-06-18,2025-09-17,-0.06950531374379683,-0.18450501466535157,35.82132918854093,-0.11499970092155475,91,55,-1.2725053506943076,Jun25-Sep25,Jun-Sep
2025-04-25,TWD,2025-06-18,2025-09-17,-0.06409615991245213,-0.172110059024177,35.64847726239696,-0.10801389911172488,91,54,-1.2008294636880639,Jun25-Sep25,Jun-Sep
2025-04-28,TWD,2025-06-18,2025-09-17,-0.06255309554730698,-0.17416744250426652,35.465556548444994,-0.11161434695695954,91,51,-1.2472141333271973,Jun25-Sep25,Jun-Sep
2025-04-29,TWD,2025-06-18,2025-09-17,-0.05541518838991365,-0.1562708312595565,35.29428398008337,-0.10085564286964284,91,50,-1.1322422373030625,Jun25-Sep25,Jun-Sep
2025-04-30,TWD,2025-06-18,2025-09-17,-0.06252906542390797,-0.17865447263973708,35.35243823541267,-0.1161254072158291,91,49,-1.3017806680839688,Jun25-Sep25,Jun-Sep
2025-05-01,TWD,2025-06-18,2025-09-17,-0.05843370141864496,-0.16921426035815934,35.24050686439495,-0.11078055893951438,91,48,-1.2456706533742508,Jun25-Sep25,Jun-Sep
2025-05-02,TWD,2025-06-18,2025-09-17,-0.05530077718802562,-0.16237249472228799,35.26059475387659,-0.10707171753426237,91,47,-1.2031725151767172,Jun25-Sep25,Jun-Sep
2025-05-05,TWD,2025-06-18,2025-09-17,-0.054083204342849814,-0.16593710423374375,35.358220706968325,-0.11185389989089393,91,44,-1.2533911771400423,Jun25-Sep25,Jun-Sep
2025-05-06,TWD,2025-06-18,2025-09-17,-0.05589609098235836,-0.17418781841014,35.17746096961101,-0.11829172742778164,91,43,-1.3324214765425497,Jun25-Sep25,Jun-Sep
2025-05-07,TWD,2025-06-18,2025-09-17,-0.05526781008716473,-0.1750147319426883,35.37465002824686,-0.11974692185552357,91,42,-1.3412581328159452,Jun25-Sep25,Jun-Sep
2025-05-08,TWD,2025-06-18,2025-09-17,-0.05610928198425204,-0.18064451760783584,35.43016093152506,-0.1245352356235838,91,41,-1.3927351921238402,Jun25-Sep25,Jun-Sep
2025-05-09,TWD,2025-06-18,2025-09-17,-0.052716396994544626,-0.17264620015713367,35.49655500931247,-0.11992980316258904,91,40,-1.3385897000050104,Jun25-Sep25,Jun-Sep
2025-05-12,TWD,2025-06-18,2025-09-17,-0.0513646460681618,-0.1776939107222895,35.370886449260475,-0.1263292646541277,91,37,-1.414979870597484,Jun25-Sep25,Jun-Sep
2025-05-13,TWD,2025-06-18,2025-09-17,-0.050126001812544146,-0.17683339528314182,35.333749382455224,-0.12670739347059767,91,36,-1.420659133325977,Jun25-Sep25,Jun-Sep
2025-05-14,TWD,2025-06-18,2025-09-17,-0.051060539751780876,-0.18381794310641114,35.4638677150202,-0.13275740335463027,91,35,-1.483062668717086,Jun25-Sep25,Jun-Sep
2025-05-15,TWD,2025-06-18,2025-09-17,-0.04820250535332095,-0.1772150932107388,35.341733221370276,-0.12901258785741787,91,34,-1.4460992088142137,Jun25-Sep25,Jun-Sep
2025-05-16,TWD,2025-06-18,2025-09-17,-0.04599858529619749,-0.1728431689917724,35.20479053438188,-0.12684458369557491,91,33,-1.4272468445801059,Jun25-Sep25,Jun-Sep
2025-05-19,TWD,2025-06-18,2025-09-17,-0.04377959756405209,-0.17657771017501012,35.50172934809555,-0.13279811261095803,91,30,-1.4816287305521314,Jun25-Sep25,Jun-Sep
2025-05-20,TWD,2025-06-18,2025-09-17,-0.04164125998598596,-0.1723086620109764,35.39857071042793,-0.13066740202499044,91,29,-1.4620217141804523,Jun25-Sep25,Jun-Sep
2025-05-21,TWD,2025-06-18,2025-09-17,-0.0420070322710735,-0.17852988715206236,35.2456378127423,-0.13652285488098886,91,28,-1.534189522330164,Jun25-Sep25,Jun-Sep
2025-05-22,TWD,2025-06-18,2025-09-17,-0.04147056553814141,-0.18124173087039575,35.21250513578669,-0.13977116533225434,91,27,-1.572148447147536,Jun25-Sep25,Jun-Sep
2025-05-23,TWD,2025-06-18,2025-09-17,-0.039504212393819946,-0.17776895577218976,35.1713308623066,-0.1382647433783698,91,26,-1.55693983073123,Jun25-Sep25,Jun-Sep
2025-05-26,TWD,2025-06-18,2025-09-17,-0.034134386016469946,-0.1691878263425032,35.20285547384835,-0.13505344032603325,91,23,-1.5191833248937654,Jun25-Sep25,Jun-Sep
2025-05-27,TWD,2025-06-18,2025-09-17,-0.03194193417248853,-0.16406538915869112,35.11886877463742,-0.1321234549862026,91,22,-1.4896893020195245,Jun25-Sep25,Jun-Sep
2025-05-28,TWD,2025-06-18,2025-09-17,-0.0306546656770361,-0.16349155027752588,35.117709471317795,-0.13283688460048979,91,21,-1.4977277442477293,Jun25-Sep25,Jun-Sep
2025-05-29,TWD,2025-06-18,2025-09-17,-0.02952431332098368,-0.16385993893145945,35.03778869564428,-0.13433562561047577,91,20,-1.5180348102205532,Jun25-Sep25,Jun-Sep
2025-05-30,TWD,2025-06-18,2025-09-17,-0.027205171484132987,-0.15750362438182255,35.02393735117401,-0.13029845289768957,91,19,-1.4728986821430743,Jun25-Sep25,Jun-Sep
2025-06-02,TWD,2025-06-18,2025-09-17,-0.023173024987932493,-0.15496960460679854,34.898437268005395,-0.13179657961886604,91,16,-1.4950225426116233,Jun25-Sep25,Jun-Sep
2025-06-03,TWD,2025-06-18,2025-09-17,-0.022485271263631878,-0.1588959169296653,34.84322603136785,-0.13641064566603342,91,15,-1.5497846931087038,Jun25-Sep25,Jun-Sep
2025-06-04,TWD,2025-06-18,2025-09-17,-0.021260322981808216,-0.15945242236356164,34.63854648899415,-0.13819209938175342,91,14,-1.5792515245431638,Jun25-Sep25,Jun-Sep
2025-06-05,TWD,2025-06-18,2025-09-17,-0.021094241837184596,-0.16875393469747677,34.597146302900086,-0.14765969286029218,91,13,-1.6894590349981107,Jun25-Sep25,Jun-Sep
2025-06-06,TWD,2025-06-18,2025-09-17,-0.01842362730268924,-0.15813613434808263,34.657555788222645,-0.1397125070453934,91,12,-1.5956197069632576,Jun25-Sep25,Jun-Sep
2025-06-09,TWD,2025-06-18,2025-09-17,-0.013718885486591377,-0.1524320609621264,34.737037866795085,-0.13871317547553502,91,9,-1.5803656895789993,Jun25-Sep25,Jun-Sep
2025-06-10,TWD,2025-06-18,2025-09-17,-0.012168321295503758,-0.15058297603185902,34.8315042426014,-0.13841465473635525,91,8,-1.5726160301713084,Jun25-Sep25,Jun-Sep
2025-06-11,TWD,2025-06-18,2025-09-17,-0.010734901571985239,-0.15028862200779333,35.07514415646426,-0.1395537204358081,91,7,-1.574475840332305,Jun25-Sep25,Jun-Sep
2025-06-12,TWD,2025-06-18,2025-09-17,-0.011171444249361803,-0.15480429888401356,35.05346260848491,-0.14363285463465175,91,6,-1.6215203617927096,Jun25-Sep25,Jun-Sep
2025-06-13,TWD,2025-06-18,2025-09-17,-0.011464059761623926,-0.15722139101655672,35.07412486443648,-0.1457573312549328,91,5,-1.6445483489470412,Jun25-Sep25,Jun-Sep
2025-06-16,TWD,2025-06-18,2025-09-17,-0.011810882340277655,-0.1569160082351174,35.364385899070925,-0.14510512589483973,91,2,-1.6237636325376514,Jun25-Sep25,Jun-Sep
2025-06-17,TWD,2025-06-18,2025-09-17,-0.0121872368186465,-0.16017511247363972,35.16079398745069,-0.14798787565499322,91,1,-1.6656322829700185,Jun25-Sep25,Jun-Sep
2025-06-18,TWD,2025-09-17,2025-12-17,-0.16280264427190216,-0.3256052885438043,35.21157887043672,-0.16280264427190216,91,91,-1.8375945931574316,Sep25-Dec25,Sep-Dec
2025-06-19,TWD,2025-09-17,2025-12-17,-0.17248597534948587,-0.34688846153618824,35.10796491623455,-0.17440248618670237,91,90,-1.9749089530599946,Sep25-Dec25,Sep-Dec
2025-06-20,TWD,2025-09-17,2025-12-17,-0.17202728788261282,-0.34792035751539674,35.01458075293217,-0.17589306963278392,91,89,-1.997100228973726,Sep25-Dec25,Sep-Dec
2025-06-23,TWD,2025-09-17,2025-12-17,-0.16496867783797017,-0.33952855787582237,35.03032050705989,-0.1745598800378522,91,86,-1.980667115519324,Sep25-Dec25,Sep-Dec
2025-06-24,TWD,2025-09-17,2025-12-17,-0.16137253731567452,-0.3341360772653966,35.03307573256372,-0.1727635399497221,91,85,-1.9599276646057695,Sep25-Dec25,Sep-Dec
2025-06-25,TWD,2025-09-17,2025-12-17,-0.15922046428646874,-0.33170930059680986,35.00642361430464,-0.17248883631034112,91,84,-1.9581870471295941,Sep25-Dec25,Sep-Dec
2025-06-26,TWD,2025-09-17,2025-12-17,-0.15785594422344368,-0.330926919215412,35.09464357574226,-0.17307097499196833,91,83,-1.9597576966862504,Sep25-Dec25,Sep-Dec
2025-06-27,TWD,2025-09-17,2025-12-17,-0.15064560046775985,-0.31782547415759094,35.21106176510889,-0.1671798736898311,91,82,-1.8863750098604182,Sep25-Dec25,Sep-Dec
2025-06-30,TWD,2025-09-17,2025-12-17,-0.1402740429291176,-0.30185553541708854,35.094321326842774,-0.16158149248797093,91,79,-1.8287538538056327,Sep25-Dec25,Sep-Dec
2025-07-01,TWD,2025-09-17,2025-12-17,-0.13747935805159905,-0.2978719424451313,34.994412090999134,-0.16039258439353227,91,78,-1.820355562968232,Sep25-Dec25,Sep-Dec
2025-07-02,TWD,2025-09-17,2025-12-17,-0.13183749470478545,-0.28764544299225914,34.88731427764506,-0.15580794828747369,91,77,-1.7734847833502347,Sep25-Dec25,Sep-Dec
2025-07-03,TWD,2025-09-17,2025-12-17,-0.13451723726229053,-0.28827574017886226,35.079307528988764,-0.15375850291657173,91,76,-1.7406754800227526,Sep25-Dec25,Sep-Dec
2025-07-04,TWD,2025-09-17,2025-12-17,-0.13472994424057094,-0.2913855395462542,35.05750477479148,-0.15665559530568324,91,75,-1.7745910054300196,Sep25-Dec25,Sep-Dec
2025-07-07,TWD,2025-09-17,2025-12-17,-0.12842560359833038,-0.28539895023746065,34.96808813006209,-0.15697334663913026,91,72,-1.7824324755155403,Sep25-Dec25,Sep-Dec
2025-07-08,TWD,2025-09-17,2025-12-17,-0.13016693921052452,-0.2921706056744869,34.77611654025485,-0.16200366646396236,91,71,-1.849837089044283,Sep25-Dec25,Sep-Dec
2025-07-09,TWD,2025-09-17,2025-12-17,-0.13504149341835156,-0.30622863785561144,34.9343760527769,-0.17118714443725988,91,70,-1.9460828107166341,Sep25-Dec25,Sep-Dec
2025-07-10,TWD,2025-09-17,2025-12-17,-0.1335421112204038,-0.3057802442817062,34.94360084698476,-0.1722381330613024,91,69,-1.9574273932419755,Sep25-Dec25,Sep-Dec
2025-07-11,TWD,2025-09-17,2025-12-17,-0.131902243036694,-0.3050321168912145,34.831163833375896,-0.1731298738545205,91,68,-1.9738442827945508,Sep25-Dec25,Sep-Dec
2025-07-14,TWD,2025-09-17,2025-12-17,-0.12892730724617169,-0.3074921019804056,34.80183738731621,-0.17856479473423392,91,65,-2.037354739879877,Sep25-Dec25,Sep-Dec
2025-07-15,TWD,2025-09-17,2025-12-17,-0.11655630691257965,-0.2808440976593942,34.576995468232234,-0.16428779074681457,91,64,-1.8860169442219163,Sep25-Dec25,Sep-Dec
2025-07-16,TWD,2025-09-17,2025-12-17,-0.11697324544759845,-0.284972042656349,34.65206376009932,-0.16799879720875055,91,63,-1.924450222704295,Sep25-Dec25,Sep-Dec
2025-07-17,TWD,2025-09-17,2025-12-17,-0.11642108599224664,-0.28681353287758,34.823750404385784,-0.17039244688533334,91,62,-1.9421834606532216,Sep25-Dec25,Sep-Dec
2025-07-18,TWD,2025-09-17,2025-12-17,-0.11133257133080246,-0.27741886626691764,34.925856365549976,-0.16608629493611518,91,61,-1.8872717810170043,Sep25-Dec25,Sep-Dec
2025-07-21,TWD,2025-09-17,2025-12-17,-0.10787703779541656,-0.27713239019857017,34.99296428724404,-0.1692553524031536,91,58,-1.9193921147872568,Sep25-Dec25,Sep-Dec
2025-07-22,TWD,2025-09-17,2025-12-17,-0.10272472828277998,-0.2667238558921305,35.10798830444247,-0.1639991276093505,91,57,-1.8534005783556067,Sep25-Dec25,Sep-Dec
2025-07-23,TWD,2025-09-17,2025-12-17,-0.10298742911710089,-0.27034200143238984,35.05640546624223,-0.16735457231528894,91,56,-1.894126759280097,Sep25-Dec25,Sep-Dec
2025-07-24,TWD,2025-09-17,2025-12-17,-0.09561003935852619,-0.2538011953880877,35.2714803788247,-0.15819115602956152,91,55,-1.779092203464848,Sep25-Dec25,Sep-Dec
2025-07-25,TWD,2025-09-17,2025-12-17,-0.09834427671520846,-0.2640725948834301,35.38281879097068,-0.16572831816822164,91,54,-1.8581217956635212,Sep25-Dec25,Sep-Dec
2025-07-28,TWD,2025-09-17,2025-12-17,-0.09539095745784165,-0.2655983521375199,35.562820169575836,-0.17020739467967827,91,51,-1.8984965923791168,Sep25-Dec25,Sep-Dec
2025-07-29,TWD,2025-09-17,2025-12-17,-0.09235468282667275,-0.26044020557121716,35.50402062024144,-0.1680855227445444,91,50,-1.8777815128134472,Sep25-Dec25,Sep-Dec
2025-07-30,TWD,2025-09-17,2025-12-17,-0.09011298618613703,-0.25746567481753435,35.44630328121927,-0.16735268863139732,91,49,-1.8725280830976736,Sep25-Dec25,Sep-Dec
2025-07-31,TWD,2025-09-17,2025-12-17,-0.08697967014602312,-0.25187862813119194,35.61272179629781,-0.16489895798516882,91,48,-1.836267132094557,Sep25-Dec25,Sep-Dec
2025-08-01,TWD,2025-09-17,2025-12-17,-0.08079520835986959,-0.23722848412046818,35.65117822698032,-0.1564332757605986,91,47,-1.7398095341648319,Sep25-Dec25,Sep-Dec
2025-08-04,TWD,2025-09-17,2025-12-17,-0.07678677209169962,-0.2291544916983527,35.67481648765567,-0.15236771960665307,91,44,-1.69327741187473,Sep25-Dec25,Sep-Dec
2025-08-05,TWD,2025-09-17,2025-12-17,-0.07546543854873256,-0.22915815579563528,36.079265067606435,-0.15369271724690273,91,43,-1.68875271892659,Sep25-Dec25,Sep-Dec
2025-08-06,TWD,2025-09-17,2025-12-17,-0.07450473998958038,-0.23040158794424143,36.19694414899486,-0.15589684795466105,91,42,-1.7073453321748786,Sep25-Dec25,Sep-Dec
2025-08-07,TWD,2025-09-17,2025-12-17,-0.07637274916148745,-0.24084407830678287,36.28021675403366,-0.16447132914529541,91,41,-1.7972008925909115,Sep25-Dec25,Sep-Dec
2025-08-08,TWD,2025-09-17,2025-12-17,-0.07271690267891538,-0.23363250634481755,36.12279942904261,-0.16091560366590218,91,40,-1.765846724068168,Sep25-Dec25,Sep-Dec
2025-08-11,TWD,2025-09-17,2025-12-17,-0.06596840047129406,-0.22522489342140511,35.88136337307582,-0.15925649295011107,91,37,-1.7590918287456043,Sep25-Dec25,Sep-Dec
2025-08-12,TWD,2025-09-17,2025-12-17,-0.06443086658211562,-0.22481032079444718,35.819402931434624,-0.16037945421233157,91,36,-1.7744893475501036,Sep25-Dec25,Sep-Dec
2025-08-13,TWD,2025-09-17,2025-12-17,-0.061246642971585316,-0.21849126642377104,35.939668930850374,-0.1572446234521857,91,35,-1.7338182744969344,Sep25-Dec25,Sep-Dec
2025-08-14,TWD,2025-09-17,2025-12-17,-0.060323442368020584,-0.22027548356446972,36.04507398395523,-0.15995204119644912,91,34,-1.7584596149994143,Sep25-Dec25,Sep-Dec
2025-08-15,TWD,2025-09-17,2025-12-17,-0.059779578959570596,-0.22362050057239538,36.20866047022501,-0.1638409216128248,91,33,-1.793034450080834,Sep25-Dec25,Sep-Dec
2025-08-18,TWD,2025-09-17,2025-12-17,-0.05536131596178561,-0.2232906410458686,36.2553600058088,-0.16792932508408298,91,30,-1.8351818110086748,Sep25-Dec25,Sep-Dec
2025-08-19,TWD,2025-09-17,2025-12-17,-0.05657300795002783,-0.23409520531046,36.29506194119405,-0.17752219736043218,91,29,-1.9379550213174488,Sep25-Dec25,Sep-Dec
2025-08-20,TWD,2025-09-17,2025-12-17,-0.057631514707965514,-0.24493393750885345,36.48951699098724,-0.18730242280088794,91,28,-2.033868431421954,Sep25-Dec25,Sep-Dec
2025-08-21,TWD,2025-09-17,2025-12-17,-0.05505923182210487,-0.2406292353706805,36.642695749741094,-0.18557000354857564,91,27,-2.0064785835561,Sep25-Dec25,Sep-Dec
2025-08-22,TWD,2025-09-17,2025-12-17,-0.05480400536809351,-0.24661802415642078,36.8163775650226,-0.19181401878832727,91,26,-2.0641790223715497,Sep25-Dec25,Sep-Dec
2025-08-25,TWD,2025-09-17,2025-12-17,-0.049104555030871924,-0.2433877945008434,36.84726945371461,-0.1942832394699715,91,23,-2.0886721861863626,Sep25-Dec25,Sep-Dec
2025-08-26,TWD,2025-09-17,2025-12-17,-0.04724083787582266,-0.24264612181672549,36.62447198173231,-0.19540528394090284,91,22,-2.113423756634717,Sep25-Dec25,Sep-Dec
2025-08-27,TWD,2025-09-17,2025-12-17,-0.04468984926787872,-0.23834586276201986,36.58164415605002,-0.19365601349414113,91,21,-2.0968132573460303,Sep25-Dec25,Sep-Dec
2025-08-28,TWD,2025-09-17,2025-12-17,-0.0429602926694419,-0.23842962431540257,36.635386225591176,-0.19546933164596067,91,20,-2.1132385960621285,Sep25-Dec25,Sep-Dec
2025-08-29,TWD,2025-09-17,2025-12-17,-0.04040690051022463,-0.23393468716445842,36.73236813532887,-0.19352778665423379,91,19,-2.086572657755648,Sep25-Dec25,Sep-Dec
2025-09-01,TWD,2025-09-17,2025-12-17,-0.03517046293934012,-0.2272878795312086,36.802849896672384,-0.19211741659186848,91,16,-2.0671006614079217,Sep25-Dec25,Sep-Dec
2025-09-02,TWD,2025-09-17,2025-12-17,-0.03315093719684471,-0.22684980806007127,36.78740139625161,-0.19369887086322657,91,15,-2.084877906093257,Sep25-Dec25,Sep-Dec
2025-09-03,TWD,2025-09-17,2025-12-17,-0.031191695084951634,-0.22698869120759985,36.92908796839877,-0.19579699612264823,91,14,-2.099256600931992,Sep25-Dec25,Sep-Dec
2025-09-04,TWD,2025-09-17,2025-12-17,-0.029357253028837356,-0.22839846452449641,36.96855708780471,-0.19904121149565907,91,13,-2.1316535963504286,Sep25-Dec25,Sep-Dec
2025-09-05,TWD,2025-09-17,2025-12-17,-0.026855435947559844,-0.22451093275447445,37.188999931568205,-0.1976554968069146,91,12,-2.104113861389268,Sep25-Dec25,Sep-Dec
2025-09-08,TWD,2025-09-17,2025-12-17,-0.019635174482421493,-0.21367554289979854,37.14264967297306,-0.19404036841737704,91,9,-2.067806823008193,Sep25-Dec25,Sep-Dec
2025-09-09,TWD,2025-09-17,2025-12-17,-0.01708269366009057,-0.20738840057861643,37.292381224540605,-0.19030570691852586,91,8,-2.0197229031767243,Sep25-Dec25,Sep-Dec
2025-09-10,TWD,2025-09-17,2025-12-17,-0.014952406692010044,-0.20583440237755155,37.192467643975206,-0.1908819956855415,91,7,-2.031167388486792,Sep25-Dec25,Sep-Dec
2025-09-11,TWD,2025-09-17,2025-12-17,-0.014984027547336444,-0.20462577872483706,37.324391517202905,-0.18964175117750062,91,6,-2.0108362851041472,Sep25-Dec25,Sep-Dec
2025-09-12,TWD,2025-09-17,2025-12-17,-0.015610578396115607,-0.2115601047228236,37.61407419341693,-0.195949526326708,91,5,-2.061746318285067,Sep25-Dec25,Sep-Dec
2025-09-15,TWD,2025-09-17,2025-12-17,-0.01617273381246729,-0.21385100119823924,37.76988365576198,-0.19767826738577196,91,2,-2.0713829073635575,Sep25-Dec25,Sep-Dec
2025-09-16,TWD,2025-09-17,2025-12-17,-0.015777693119981083,-0.2068551275927318,37.85763105025569,-0.19107743447275072,91,1,-1.997552082474276,Sep25-Dec25,Sep-Dec
2025-09-17,TWD,2025-12-17,2026-03-18,-0.20922153081586192,-0.40259193618835004,38.0427010640971,-0.19337040537248812,91,91,-2.0219705744449965,Dec25-Mar26,Dec-Mar
2025-09-18,TWD,2025-12-17,2026-03-18,-0.19969110973919213,-0.3858376003125525,37.832182257708,-0.18614649057336036,91,90,-1.9568295281756865,Dec25-Mar26,Dec-Mar
2025-09-19,TWD,2025-12-17,2026-03-18,-0.19225058538160972,-0.37314040996472914,37.634396813362656,-0.18088982458311942,91,89,-1.9112368529694896,Dec25-Mar26,Dec-Mar
2025-09-22,TWD,2025-12-17,2026-03-18,-0.18462213578217074,-0.3642977250699042,37.63293983532453,-0.17967558928773347,91,86,-1.8980946881334968,Dec25-Mar26,Dec-Mar
2025-09-23,TWD,2025-12-17,2026-03-18,-0.17954725452196246,-0.3561503583820744,37.48337882510311,-0.1766031038601119,91,85,-1.8728629532934224,Dec25-Mar26,Dec-Mar
2025-09-24,TWD,2025-12-17,2026-03-18,-0.1806127661080792,-0.36068041803192746,37.43082726376996,-0.18006765192384827,91,84,-1.9123528701212806,Dec25-Mar26,Dec-Mar
2025-09-25,TWD,2025-12-17,2026-03-18,-0.18670967689516976,-0.37580461524800984,37.46604474722074,-0.18909493835284008,91,83,-2.0066556621196487,Dec25-Mar26,Dec-Mar
2025-09-26,TWD,2025-12-17,2026-03-18,-0.19502564489970625,-0.395831717244927,37.49958303117567,-0.20080607234522074,91,82,-2.129492224267669,Dec25-Mar26,Dec-Mar
2025-09-29,TWD,2025-12-17,2026-03-18,-0.1893971973768114,-0.39195549365890137,37.459429519131,-0.20255829628208996,91,79,-2.1500639356450724,Dec25-Mar26,Dec-Mar
2025-09-30,TWD,2025-12-17,2026-03-18,-0.19229815506675438,-0.4010269509459624,37.485724076812794,-0.20872879587920803,91,78,-2.2141711869618823,Dec25-Mar26,Dec-Mar
2025-10-01,TWD,2025-12-17,2026-03-18,-0.1811770997970872,-0.3797332126653391,37.34946672247913,-0.1985561128682519,91,77,-2.1133517797619032,Dec25-Mar26,Dec-Mar
2025-10-02,TWD,2025-12-17,2026-03-18,-0.17185719308070135,-0.3791755644195577,37.50132845096505,-0.20731837133885633,91,76,-2.197086008119422,Dec25-Mar26,Dec-Mar
2025-10-03,TWD,2025-12-17,2026-03-18,-0.16348317602949353,-0.3623572537434925,37.543923112873294,-0.19887407771399895,91,75,-2.104722669084514,Dec25-Mar26,Dec-Mar
2025-10-06,TWD,2025-12-17,2026-03-18,-0.15646774373048422,-0.3515736911501527,37.458925064226456,-0.19510594741966847,91,72,-2.0691604776764185,Dec25-Mar26,Dec-Mar
2025-10-07,TWD,2025-12-17,2026-03-18,-0.15468891980586175,-0.34922340452835204,37.375522875755856,-0.1945344847224903,91,71,-2.0676242059468963,Dec25-Mar26,Dec-Mar
2025-10-08,TWD,2025-12-17,2026-03-18,-0.15498544739630776,-0.3516539415380605,37.25874172991471,-0.19666849414175275,91,70,-2.0969014610532257,Dec25-Mar26,Dec-Mar
2025-10-09,TWD,2025-12-17,2026-03-18,-0.156592840585563,-0.3571723954970403,37.36337052707508,-0.20057955491147728,91,69,-2.1326800794191714,Dec25-Mar26,Dec-Mar
2025-10-10,TWD,2025-12-17,2026-03-18,-0.16245584778201108,-0.3727712727583051,37.43947571068054,-0.210315424976294,91,68,-2.2319838573479642,Dec25-Mar26,Dec-Mar
2025-10-13,TWD,2025-12-17,2026-03-18,-0.16177236017184612,-0.3776946134789458,37.26723858877028,-0.21592225330709966,91,65,-2.3020811001495747,Dec25-Mar26,Dec-Mar
2025-10-14,TWD,2025-12-17,2026-03-18,-0.16953448559795822,-0.3988213603972177,37.27562237995456,-0.2292868747992595,91,64,-2.4445286655717746,Dec25-Mar26,Dec-Mar
2025-10-15,TWD,2025-12-17,2026-03-18,-0.17346980236011308,-0.41098204365725033,37.43275508195091,-0.23751224129713724,91,63,-2.5218113005100578,Dec25-Mar26,Dec-Mar
2025-10-16,TWD,2025-12-17,2026-03-18,-0.16725908764886674,-0.3984310015813797,37.45173900447388,-0.23117191393251293,91,62,-2.4528336051890145,Dec25-Mar26,Dec-Mar
2025-10-17,TWD,2025-12-17,2026-03-18,-0.1600990590481364,-0.38325364068059375,37.636126969200475,-0.22315458163245736,91,61,-2.355664095584272,Dec25-Mar26,Dec-Mar
2025-10-20,TWD,2025-12-17,2026-03-18,-0.1446234421779391,-0.3559045944517122,37.50729957159787,-0.2112811522737731,91,58,-2.2370922323214537,Dec25-Mar26,Dec-Mar
2025-10-21,TWD,2025-12-17,2026-03-18,-0.1425678535521564,-0.35456273493006646,37.472270934962324,-0.21199488137791006,91,57,-2.2466320381877303,Dec25-Mar26,Dec-Mar
2025-10-22,TWD,2025-12-17,2026-03-18,-0.13328490832840875,-0.334269822599287,37.447348230686195,-0.20098491427087825,91,56,-2.130845811372488,Dec25-Mar26,Dec-Mar
2025-10-23,TWD,2025-12-17,2026-03-18,-0.12475132975797344,-0.3156344065783868,37.256805069942466,-0.1908830768204134,91,55,-2.0336657047042994,Dec25-Mar26,Dec-Mar
2025-10-24,TWD,2025-12-17,2026-03-18,-0.12149332721616553,-0.31072329131356813,37.22109846272527,-0.18922996409740261,91,54,-2.0178167746950764,Dec25-Mar26,Dec-Mar
2025-10-27,TWD,2025-12-17,2026-03-18,-0.11168286470962432,-0.2954521941048863,37.21905361964472,-0.183769329395262,91,51,-1.9591782712433718,Dec25-Mar26,Dec-Mar
2025-10-28,TWD,2025-12-17,2026-03-18,-0.11036286319132113,-0.2957565926754574,37.12003565776362,-0.18539372948413627,91,50,-1.9817136646551163,Dec25-Mar26,Dec-Mar
2025-10-29,TWD,2025-12-17,2026-03-18,-0.11380137771923406,-0.3096258745517629,37.25020543623132,-0.19582449683252884,91,49,-2.0860671267984645,Dec25-Mar26,Dec-Mar
2025-10-30,TWD,2025-12-17,2026-03-18,-0.10938921104344179,-0.3013675129560574,36.972985657382644,-0.1919783019126156,91,48,-2.0602292618912417,Dec25-Mar26,Dec-Mar
2025-10-31,TWD,2025-12-17,2026-03-18,-0.10625031752323254,-0.2966471476524672,36.77248741481532,-0.19039683012923464,91,47,-2.0542556005516768,Dec25-Mar26,Dec-Mar
2025-11-03,TWD,2025-12-17,2026-03-18,-0.09177459175237397,-0.2875231079310744,36.98031665840462,-0.19574851617870043,91,44,-2.099269016742613,Dec25-Mar26,Dec-Mar
2025-11-04,TWD,2025-12-17,2026-03-18,-0.09089698607797886,-0.28799071614971467,37.000749885450176,-0.1970937300717358,91,43,-2.112475120803598,Dec25-Mar26,Dec-Mar
2025-11-05,TWD,2025-12-17,2026-03-18,-0.08797687307855459,-0.2820588093897047,36.832017326651695,-0.1940819363111501,91,42,-2.0895814985049475,Dec25-Mar26,Dec-Mar
2025-11-06,TWD,2025-12-17,2026-03-18,-0.08658677213052805,-0.2809673306558864,37.079412669756955,-0.19438055852535835,91,41,-2.078722063177142,Dec25-Mar26,Dec-Mar
2025-11-07,TWD,2025-12-17,2026-03-18,-0.08443974181768032,-0.277414579653535,37.17556281543482,-0.19297483783585467,91,40,-2.058220074312381,Dec25-Mar26,Dec-Mar
2025-11-10,TWD,2025-12-17,2026-03-18,-0.07970247743138362,-0.2723397532362248,37.154423768418766,-0.19263727580484116,91,37,-2.055528684019465,Dec25-Mar26,Dec-Mar
2025-11-11,TWD,2025-12-17,2026-03-18,-0.0769384879236167,-0.2665105041334096,37.16002943995829,-0.18957201620979292,91,36,-2.022364397649154,Dec25-Mar26,Dec-Mar
2025-11-12,TWD,2025-12-17,2026-03-18,-0.07465987767999333,-0.2622695019293311,37.23466878978295,-0.18760962424933775,91,35,-1.9972867118058033,Dec25-Mar26,Dec-Mar
2025-11-13,TWD,2025-12-17,2026-03-18,-0.06889319260464526,-0.24515232531873238,37.12882508472083,-0.1762591327140871,91,34,-1.8815168864879968,Dec25-Mar26,Dec-Mar
2025-11-14,TWD,2025-12-17,2026-03-18,-0.061751561834554075,-0.2221693300155736,37.21208879666005,-0.16041776818101952,91,33,-1.7082475947477533,Dec25-Mar26,Dec-Mar
2025-11-17,TWD,2025-12-17,2026-03-18,-0.05398554856612242,-0.20226679182622515,37.13980973712463,-0.14828124326010272,91,30,-1.5817556412155567,Dec25-Mar26,Dec-Mar
2025-11-18,TWD,2025-12-17,2026-03-18,-0.055476626729521084,-0.21418492599533454,36.896470649199614,-0.15870829926581345,91,29,-1.7042347112067326,Dec25-Mar26,Dec-Mar
2025-11-19,TWD,2025-12-17,2026-03-18,-0.05363621959907636,-0.212622772148813,36.79478675342759,-0.15898655254973665,91,28,-1.7118619889911706,Dec25-Mar26,Dec-Mar
2025-11-20,TWD,2025-12-17,2026-03-18,-0.052103513966596036,-0.21239047516430076,36.770828321974406,-0.16028696119770472,91,27,-1.7269179891033548,Dec25-Mar26,Dec-Mar
2025-11-21,TWD,2025-12-17,2026-03-18,-0.04786725290889347,-0.200164406675292,36.5717553953487,-0.15229715376639852,91,26,-1.6495895298183363,Dec25-Mar26,Dec-Mar
2025-11-24,TWD,2025-12-17,2026-03-18,-0.043269591761415246,-0.19927057048695723,36.47064413231195,-0.15600097872554197,91,23,-1.6941839394357914,Dec25-Mar26,Dec-Mar
2025-11-25,TWD,2025-12-17,2026-03-18,-0.03959896363933793,-0.18826271550923165,36.316707277319004,-0.14866375186989372,91,22,-1.6211885798128858,Dec25-Mar26,Dec-Mar
2025-11-26,TWD,2025-12-17,2026-03-18,-0.037203254864471846,-0.18326826858522116,36.35781766070881,-0.14606501372074931,91,21,-1.590941189107405,Dec25-Mar26,Dec-Mar
2025-11-27,TWD,2025-12-17,2026-03-18,-0.03490123257029147,-0.1784469234355115,36.61180159105478,-0.14354569086522,91,20,-1.5525456153962436,Dec25-Mar26,Dec-Mar
2025-11-28,TWD,2025-12-17,2026-03-18,-0.031379486423753364,-0.16634483349629547,36.7821057073586,-0.1349653470725421,91,19,-1.4528388972557487,Dec25-Mar26,Dec-Mar
2025-12-01,TWD,2025-12-17,2026-03-18,-0.025588675120790542,-0.15574097416703572,36.91989768780258,-0.13015229904624517,91,16,-1.3955762549452813,Dec25-Mar26,Dec-Mar
2025-12-02,TWD,2025-12-17,2026-03-18,-0.022001728037382845,-0.1469338351431005,36.73093105177078,-0.12493210710571764,91,15,-1.346366991182936,Dec25-Mar26,Dec-Mar
2025-12-03,TWD,2025-12-17,2026-03-18,-0.021746556275262077,-0.14776968739645188,36.79076320323288,-0.1260231311211898,91,14,-1.3559053019575136,Dec25-Mar26,Dec-Mar
2025-12-04,TWD,2025-12-17,2026-03-18,-0.01907187501305648,-0.13726167580898901,36.751978309110804,-0.11818980079593253,91,13,-1.2728751751338634,Dec25-Mar26,Dec-Mar
2025-12-05,TWD,2025-12-17,2026-03-18,-0.018607639781592022,-0.1444453447997239,36.64855198145823,-0.12583770501813188,91,12,-1.359050638286136,Dec25-Mar26,Dec-Mar
2025-12-08,TWD,2025-12-17,2026-03-18,-0.014224373366369666,-0.14288413223454174,36.394705740290945,-0.12865975886817207,91,9,-1.399056973224247,Dec25-Mar26,Dec-Mar
2025-12-09,TWD,2025-12-17,2026-03-18,-0.01287620122711367,-0.14424726594687337,36.2297381727799,-0.1313710647197597,91,8,-1.4349937523352208,Dec25-Mar26,Dec-Mar
2025-12-10,TWD,2025-12-17,2026-03-18,-0.011245241531224736,-0.14232699090282358,36.255337282374526,-0.13108174937159883,91,7,-1.430757768093078,Dec25-Mar26,Dec-Mar
2025-12-11,TWD,2025-12-17,2026-03-18,-0.011732275330522627,-0.14744874320252374,36.30497302046702,-0.13571646787200112,91,6,-1.479339682644953,Dec25-Mar26,Dec-Mar
2025-12-12,TWD,2025-12-17,2026-03-18,-0.010940171472266684,-0.13483560948397338,36.48246683992736,-0.1238954380117067,91,5,-1.3438861586004518,Dec25-Mar26,Dec-Mar
2025-12-15,TWD,2025-12-17,2026-03-18,-0.011531826449995296,-0.13791748202270163,36.69856652250891,-0.12638565557270634,91,2,-1.3628444299227138,Dec25-Mar26,Dec-Mar
2025-12-16,TWD,2025-12-17,2026-03-18,-0.01172537318087074,-0.1388247964697962,36.67225966338326,-0.12709942328892546,91,1,-1.371531853132884,Dec25-Mar26,Dec-Mar
2025-12-17,TWD,2026-03-18,2026-06-17,-0.1264987294582233,-0.2682003114489438,36.486846077993164,-0.1417015819907205,91,91,-1.541728085330995,Mar26-Jun26,Mar-Jun
2025-12-18,TWD,2026-03-18,2026-06-17,-0.1215284458157021,-0.25970136171992264,36.302607353431874,-0.13817291590422054,91,90,-1.5107844911081285,Mar26-Jun26,Mar-Jun
2025-12-19,TWD,2026-03-18,2026-06-17,-0.11633596034057117,-0.2508031892556021,36.42226766889949,-0.1344672289150309,91,89,-1.465210347734616,Mar26-Jun26,Mar-Jun
2025-12-22,TWD,2026-03-18,2026-06-17,-0.11232448045087431,-0.2472233939780691,36.38977166529731,-0.1348989135271948,91,86,-1.4710683164031328,Mar26-Jun26,Mar-Jun
2025-12-23,TWD,2026-03-18,2026-06-17,-0.104166362945945,-0.2318354376558402,36.20392937828828,-0.1276690747098952,91,85,-1.399079742338314,Mar26-Jun26,Mar-Jun
2025-12-24,TWD,2026-03-18,2026-06-17,-0.11328213450663766,-0.2522912840004152,36.08160837028434,-0.13900914949377752,91,84,-1.5289182545910247,Mar26-Jun26,Mar-Jun
2025-12-25,TWD,2026-03-18,2026-06-17,-0.12526131454739756,-0.27915159536883033,36.240360906349295,-0.15389028082143277,91,83,-1.6857124089884534,Mar26-Jun26,Mar-Jun
2025-12-26,TWD,2026-03-18,2026-06-17,-0.123151401872055,-0.2766198556397989,36.333247611375626,-0.1534684537677439,91,82,-1.6766814024977754,Mar26-Jun26,Mar-Jun
2025-12-29,TWD,2026-03-18,2026-06-17,-0.1139130369495426,-0.2625669957411288,36.33168480334765,-0.1486539587915862,91,79,-1.6237376473974139,Mar26-Jun26,Mar-Jun
2025-12-30,TWD,2026-03-18,2026-06-17,-0.11116605295547993,-0.2586048637506727,36.50416939981614,-0.14743881079519278,91,78,-1.6027103088289574,Mar26-Jun26,Mar-Jun
2025-12-31,TWD,2026-03-18,2026-06-17,-0.10654686137812816,-0.250415842539747,36.45223289762606,-0.14386898116161886,91,77,-1.5659410385567902,Mar26-Jun26,Mar-Jun
2026-01-01,TWD,2026-03-18,2026-06-17,-0.12430194450810748,-0.27313716753755196,36.33003009575803,-0.14883522302944446,91,76,-1.6262583700909807,Mar26-Jun26,Mar-Jun
2026-01-02,TWD,2026-03-18,2026-06-17,-0.12816510028468792,-0.28367208863010923,36.576404740062486,-0.15550698834542132,91,75,-1.6878523831233603,Mar26-Jun26,Mar-Jun
2026-01-05,TWD,2026-03-18,2026-06-17,-0.12109365493031354,-0.27414257991168206,36.6909182396984,-0.15304892498136852,91,72,-1.6556499286676032,Mar26-Jun26,Mar-Jun
2026-01-06,TWD,2026-03-18,2026-06-17,-0.13099391112908867,-0.29888751553397697,37.09008919085374,-0.1678936044048883,91,71,-1.7971069744468806,Mar26-Jun26,Mar-Jun
2026-01-07,TWD,2026-03-18,2026-06-17,-0.13226225551427442,-0.30420318768283117,36.97373923258135,-0.17194093216855674,91,70,-1.8463046037089612,Mar26-Jun26,Mar-Jun
2026-01-08,TWD,2026-03-18,2026-06-17,-0.13359162279508383,-0.3097776760465712,36.78376490520069,-0.17618605325148737,91,69,-1.9017639172784127,Mar26-Jun26,Mar-Jun
2026-01-09,TWD,2026-03-18,2026-06-17,-0.1312050960813015,-0.30678838642539613,36.844916912287395,-0.17558329034409464,91,68,-1.8919776295717479,Mar26-Jun26,Mar-Jun
2026-01-12,TWD,2026-03-18,2026-06-17,-0.129017878913377,-0.30964290939210476,36.88013438399461,-0.18062503047872777,91,65,-1.944323405893835,Mar26-Jun26,Mar-Jun
2026-01-13,TWD,2026-03-18,2026-06-17,-0.12809971092175598,-0.3102414873886277,37.008979539803995,-0.18214177646687174,91,64,-1.953751855373538,Mar26-Jun26,Mar-Jun
2026-01-14,TWD,2026-03-18,2026-06-17,-0.12351468142297593,-0.3019247768117189,37.11448982773323,-0.17841009538874297,91,63,-1.9080280440518806,Mar26-Jun26,Mar-Jun
2026-01-15,TWD,2026-03-18,2026-06-17,-0.12119572259621847,-0.29907976705195854,37.19859926655481,-0.17788404445574008,91,62,-1.8979675804738023,Mar26-Jun26,Mar-Jun
2026-01-16,TWD,2026-03-18,2026-06-17,-0.12121193114981595,-0.30203628745527905,37.21957562550079,-0.18082435630546312,91,61,-1.9282497410436774,Mar26-Jun26,Mar-Jun
2026-01-19,TWD,2026-03-18,2026-06-17,-0.1169659690898781,-0.30048154128261784,37.116763801863605,-0.18351557219273973,91,58,-1.962161181242904,Mar26-Jun26,Mar-Jun
2026-01-20,TWD,2026-03-18,2026-06-17,-0.11671791122013131,-0.30305703264174444,36.970617692737534,-0.18633912142161313,91,57,-2.00023812797208,Mar26-Jun26,Mar-Jun
2026-01-21,TWD,2026-03-18,2026-06-17,-0.1161859023077749,-0.30498799355790907,37.01983158975042,-0.18880209125013417,91,56,-2.023944675560056,Mar26-Jun26,Mar-Jun
2026-01-22,TWD,2026-03-18,2026-06-17,-0.11933683262227254,-0.3167850465973053,37.25208806614618,-0.19744821397503273,91,55,-2.1035710729195367,Mar26-Jun26,Mar-Jun
2026-01-23,TWD,2026-03-18,2026-06-17,-0.12019248523274315,-0.32273908071755103,37.1747019773975,-0.20254659548480788,91,54,-2.162444587356902,Mar26-Jun26,Mar-Jun
2026-01-26,TWD,2026-03-18,2026-06-17,-0.11606167627636817,-0.32315211825969176,37.17967315986729,-0.2070904419833236,91,51,-2.2104130131120905,Mar26-Jun26,Mar-Jun
2026-01-27,TWD,2026-03-18,2026-06-17,-0.12124705836017986,-0.3419167045757072,36.98788101108803,-0.22066964621552737,91,50,-2.367937418188654,Mar26-Jun26,Mar-Jun
2026-01-28,TWD,2026-03-18,2026-06-17,-0.11781113434653658,-0.3366032409901045,36.79900514168778,-0.21879210664356796,91,49,-2.359659260121666,Mar26-Jun26,Mar-Jun
2026-01-29,TWD,2026-03-18,2026-06-17,-0.11701505234014671,-0.3388560890683415,36.83626155551848,-0.22184103672819483,91,48,-2.3900623681783797,Mar26-Jun26,Mar-Jun
2026-01-30,TWD,2026-03-18,2026-06-17,-0.11693016423606048,-0.343326865203752,36.975497614741585,-0.22639670096769152,91,47,-2.429924336408891,Mar26-Jun26,Mar-Jun
2026-02-02,TWD,2026-03-18,2026-06-17,-0.1064788935201467,-0.32669660511863186,37.04395898221474,-0.22021771159848516,91,44,-2.35855544257788,Mar26-Jun26,Mar-Jun
2026-02-03,TWD,2026-03-18,2026-06-17,-0.10780323626845678,-0.3359449688365862,37.00208026119365,-0.22814173256812942,91,43,-2.4462838007038186,Mar26-Jun26,Mar-Jun
2026-02-04,TWD,2026-03-18,2026-06-17,-0.10944602467025893,-0.3465790781224866,37.145834352485096,-0.23713305345222768,91,42,-2.5329380785852758,Mar26-Jun26,Mar-Jun
2026-02-05,TWD,2026-03-18,2026-06-17,-0.10586990548391466,-0.34084945180187154,37.09786546531307,-0.23497954631795687,91,41,-2.512947463192785,Mar26-Jun26,Mar-Jun
2026-02-06,TWD,2026-03-18,2026-06-17,-0.10117726115253814,-0.3313555302745624,36.81502427492317,-0.23017826912202424,91,40,-2.48025043529575,Mar26-Jun26,Mar-Jun
2026-02-09,TWD,2026-03-18,2026-06-17,-0.09311306545543568,-0.3221208750890748,36.8550433318841,-0.2290078096336391,91,37,-2.464410749441463,Mar26-Jun26,Mar-Jun
2026-02-10,TWD,2026-03-18,2026-06-17,-0.08563945928301808,-0.302116981359536,36.58229185255007,-0.21647752207651794,91,36,-2.3465017657021803,Mar26-Jun26,Mar-Jun
2026-02-11,TWD,2026-03-18,2026-06-17,-0.0826307640989627,-0.29747075075626567,36.41405699815496,-0.21483998665730297,91,35,-2.3393423237965263,Mar26-Jun26,Mar-Jun
2026-02-12,TWD,2026-03-18,2026-06-17,-0.08336017177005473,-0.3064712197428483,36.43721621579517,-0.22311104797279357,91,34,-2.4279050667706676,Mar26-Jun26,Mar-Jun
2026-02-13,TWD,2026-03-18,2026-06-17,-0.08174213165149025,-0.30715225226620574,36.21723716060584,-0.2254101206147155,91,33,-2.4677463103092387,Mar26-Jun26,Mar-Jun
2026-02-16,TWD,2026-03-18,2026-06-17,-0.07673049946813255,-0.3094796811881347,36.41234403980232,-0.23274918172000214,91,30,-2.534059298587305,Mar26-Jun26,Mar-Jun
2026-02-17,TWD,2026-03-18,2026-06-17,-0.07310036095636235,-0.30248425223322356,36.49399890318352,-0.2293838912768612,91,29,-2.4915715784648773,Mar26-Jun26,Mar-Jun
2026-02-18,TWD,2026-03-18,2026-06-17,-0.0727722735099518,-0.3092821624172951,36.678754071735646,-0.2365098889073433,91,28,-2.5559853078489634,Mar26-Jun26,Mar-Jun
2026-02-19,TWD,2026-03-18,2026-06-17,-0.07140872003744894,-0.31208255423773973,36.6553945224431,-0.2406738342002908,91,27,-2.6025493020593333,Mar26-Jun26,Mar-Jun
2026-02-20,TWD,2026-03-18,2026-06-17,-0.06928275617307647,-0.3117724027788441,36.6196585724736,-0.24248964660576763,91,26,-2.6245959978068516,Mar26-Jun26,Mar-Jun
2026-02-23,TWD,2026-03-18,2026-06-17,-0.06097377697081456,-0.302217851072733,36.62072991951013,-0.24124407410191845,91,23,-2.6104445488132026,Mar26-Jun26,Mar-Jun
2026-02-24,TWD,2026-03-18,2026-06-17,-0.05640477786283746,-0.28971544993184695,36.814776499031964,-0.2333106720690095,91,22,-2.5109579965089073,Mar26-Jun26,Mar-Jun
2026-02-25,TWD,2026-03-18,2026-06-17,-0.05488949100092129,-0.29274395200491354,36.55179144657541,-0.23785446100399227,91,21,-2.578198840050321,Mar26-Jun26,Mar-Jun
2026-02-26,TWD,2026-03-18,2026-06-17,-0.051468973604904364,-0.2856528035072192,36.515648342856295,-0.23418382990231484,91,20,-2.5406893584707846,Mar26-Jun26,Mar-Jun
2026-02-27,TWD,2026-03-18,2026-06-17,-0.049181338933731035,-0.2847340675110744,36.756119223771016,-0.23555272857734336,91,19,-2.538639837356204,Mar26-Jun26,Mar-Jun
2026-03-02,TWD,2026-03-18,2026-06-17,-0.04021315418356987,-0.2689254686026235,36.66651564229362,-0.22871231441905365,91,16,-2.4703448278025064,Mar26-Jun26,Mar-Jun
2026-03-03,TWD,2026-03-18,2026-06-17,-0.0367301963901829,-0.25956005449062586,36.76742582893775,-0.22282985810044295,91,15,-2.399967379281741,Mar26-Jun26,Mar-Jun
2026-03-04,TWD,2026-03-18,2026-06-17,-0.033025871037674355,-0.24769403278255764,36.99949531573595,-0.2146681617448833,91,14,-2.2973161802653768,Mar26-Jun26,Mar-Jun
2026-03-05,TWD,2026-03-18,2026-06-17,-0.030378366713384435,-0.24302693370707545,36.994741393426054,-0.21264856699369103,91,13,-2.2758327462828682,Mar26-Jun26,Mar-Jun
2026-03-06,TWD,2026-03-18,2026-06-17,-0.029048648170395885,-0.2493342301292313,36.90720302204679,-0.22028558195883544,91,12,-2.3630777079484084,Mar26-Jun26,Mar-Jun
2026-03-09,TWD,2026-03-18,2026-06-17,-0.020820631071858445,-0.23134034524287164,36.851624372858325,-0.2105197141710132,91,9,-2.261219300868671,Mar26-Jun26,Mar-Jun
2026-03-10,TWD,2026-03-18,2026-06-17,-0.019155178634203063,-0.2370453355982629,36.73438822055062,-0.21789015696405983,91,8,-2.347753145281831,Mar26-Jun26,Mar-Jun
2026-03-11,TWD,2026-03-18,2026-06-17,-0.016639523914819723,-0.23295333480747615,36.80341925607067,-0.21631381089265644,91,7,-2.326234996434626,Mar26-Jun26,Mar-Jun
2026-03-12,TWD,2026-03-18,2026-06-17,-0.015965733371767016,-0.22123944815162866,36.945183017915596,-0.20527371477986164,91,6,-2.1989955336243923,Mar26-Jun26,Mar-Jun
2026-03-13,TWD,2026-03-18,2026-06-17,-0.016561703369229883,-0.22713193192086698,36.87282170891398,-0.2105702285516371,91,5,-2.2601997051767517,Mar26-Jun26,Mar-Jun
2026-03-16,TWD,2026-03-18,2026-06-17,-0.016578157384553923,-0.2202526623947878,36.909559048100576,-0.20367450501023387,91,2,-2.18400702543595,Mar26-Jun26,Mar-Jun
2026-03-17,TWD,2026-03-18,2026-06-17,-0.015291042891644084,-0.2009679922901794,36.60849311256857,-0.1856769493985353,91,1,-2.00732959101559,Mar26-Jun26,Mar-Jun
2026-03-18,TWD,2026-06-17,2026-09-16,-0.18072851348906427,-0.36145702697812854,36.75904674394828,-0.18072851348906427,91,91,-1.954627708602119,Jun26-Sep26,Jun-Sep
2026-03-19,TWD,2026-06-17,2026-09-16,-0.17993548793490374,-0.36187025906908415,36.57361782164866,-0.1819347711341804,91,90,-1.9776563007279961,Jun26-Sep26,Jun-Sep
2026-03-20,TWD,2026-06-17,2026-09-16,-0.16170289078467748,-0.32703955439597693,36.529582198255916,-0.16533666361129945,91,89,-1.798507697581329,Jun26-Sep26,Jun-Sep
2026-03-23,TWD,2026-06-17,2026-09-16,-0.16214977252957408,-0.3337268574155187,36.644383710346624,-0.17157708488594464,91,86,-1.8605398200549614,Jun26-Sep26,Jun-Sep
2026-03-24,TWD,2026-06-17,2026-09-16,-0.157016437969146,-0.32511638920670227,36.85898781758006,-0.16809995123755628,91,85,-1.8119211887186606,Jun26-Sep26,Jun-Sep
2026-03-25,TWD,2026-06-17,2026-09-16,-0.14962750758468413,-0.3117239741347586,37.07403327732853,-0.16209646655007448,91,84,-1.736685353287271,Jun26-Sep26,Jun-Sep
2026-03-26,TWD,2026-06-17,2026-09-16,-0.14454059073801906,-0.3030128046797026,37.17362154294725,-0.15847221394168354,91,83,-1.6930559118494635,Jun26-Sep26,Jun-Sep
2026-03-27,TWD,2026-06-17,2026-09-16,-0.13773190920469275,-0.2905807352733152,37.233825334294416,-0.15284882606862243,91,82,-1.6300279051707514,Jun26-Sep26,Jun-Sep
2026-03-30,TWD,2026-06-17,2026-09-16,-0.13320162863699445,-0.28663641605429185,37.205510011801415,-0.1534347874172974,91,79,-1.6373265919549338,Jun26-Sep26,Jun-Sep
2026-03-31,TWD,2026-06-17,2026-09-16,-0.13018621295878582,-0.2820701280773693,37.13801970917371,-0.15188391511858348,91,78,-1.623600701961236,Jun26-Sep26,Jun-Sep
2026-04-01,TWD,2026-06-17,2026-09-16,-0.1294111719505117,-0.2823516478920255,36.86660165860815,-0.1529404759415138,91,77,-1.6469393480230454,Jun26-Sep26,Jun-Sep
2026-04-02,TWD,2026-06-17,2026-09-16,-0.13412454080581593,-0.29472103045488496,36.98279340823523,-0.16059648964906903,91,76,-1.7241512156756713,Jun26-Sep26,Jun-Sep
2026-04-03,TWD,2026-06-17,2026-09-16,-0.13329280158576068,-0.29502140084315026,36.89549185644634,-0.16172859925738958,91,75,-1.7403894871926753,Jun26-Sep26,Jun-Sep
2026-04-06,TWD,2026-06-17,2026-09-16,-0.12540419726420832,-0.28390116880647165,36.64294808028616,-0.15849697154226333,91,72,-1.717040413039816,Jun26-Sep26,Jun-Sep
2026-04-07,TWD,2026-06-17,2026-09-16,-0.11748829303704228,-0.2680718798873359,36.64050310287131,-0.1505835868502936,91,71,-1.6310682229828664,Jun26-Sep26,Jun-Sep
2026-04-08,TWD,2026-06-17,2026-09-16,-0.1201525022520185,-0.2763507551796426,36.44433227417334,-0.15619825292762407,91,70,-1.7011455133161841,Jun26-Sep26,Jun-Sep
2026-04-09,TWD,2026-06-17,2026-09-16,-0.12231006987966686,-0.28361755334415506,36.60826539570883,-0.1613074834644882,91,69,-1.7490003737756117,Jun26-Sep26,Jun-Sep
2026-04-10,TWD,2026-06-17,2026-09-16,-0.11633396947574853,-0.2720161933330003,36.680739641270094,-0.15568222385725178,91,68,-1.6843859743878347,Jun26-Sep26,Jun-Sep
2026-04-13,TWD,2026-06-17,2026-09-16,-0.11068456694168032,-0.26564296066003273,36.705930130722166,-0.1549583937183524,91,65,-1.6751416952219884,Jun26-Sep26,Jun-Sep
2026-04-14,TWD,2026-06-17,2026-09-16,-0.11190939642647826,-0.27103056947037707,36.63338749541863,-0.1591211730438988,91,64,-1.7236168623644017,Jun26-Sep26,Jun-Sep
2026-04-15,TWD,2026-06-17,2026-09-16,-0.1095187576282153,-0.2677125186467485,36.59363160294819,-0.15819376101853322,91,63,-1.7153259963165044,Jun26-Sep26,Jun-Sep
2026-04-16,TWD,2026-06-17,2026-09-16,-0.1088570932894294,-0.2686312140852048,36.6166648568117,-0.1597741207957754,91,62,-1.7313377154842762,Jun26-Sep26,Jun-Sep
2026-04-17,TWD,2026-06-17,2026-09-16,-0.11627436121464221,-0.2897328345020593,36.845951788406005,-0.17345847328741706,91,61,-1.8682694565819804,Jun26-Sep26,Jun-Sep
2026-04-20,TWD,2026-06-17,2026-09-16,-0.10707350241248245,-0.275068135507929,36.69073503822979,-0.16799463309544657,91,58,-1.8166419789730177,Jun26-Sep26,Jun-Sep
2026-04-21,TWD,2026-06-17,2026-09-16,-0.10664391550435526,-0.2768999911341154,36.53239172666936,-0.17025607562976014,91,57,-1.8490780819836083,Jun26-Sep26,Jun-Sep
2026-04-22,TWD,2026-06-17,2026-09-16,-0.10741019854080422,-0.281951771169611,36.456505420971105,-0.1745415726288068,91,56,-1.899618489129562,Jun26-Sep26,Jun-Sep
2026-04-23,TWD,2026-06-17,2026-09-16,-0.11317618588499657,-0.30043132980380904,36.39076662146795,-0.18725514391881248,91,55,-2.042003262740275,Jun26-Sep26,Jun-Sep
2026-04-24,TWD,2026-06-17,2026-09-16,-0.11407999205820193,-0.3063259046007274,36.37003089277239,-0.19224591254252546,91,54,-2.097678481722088,Jun26-Sep26,Jun-Sep
2026-04-27,TWD,2026-06-17,2026-09-16,-0.10796256696502352,-0.3006016570398694,36.409913315984504,-0.1926390900748459,91,51,-2.0993051124366957,Jun26-Sep26,Jun-Sep
2026-04-28,TWD,2026-06-17,2026-09-16,-0.10099721919091542,-0.28481215811838145,36.554988866775034,-0.18381493892746603,91,50,-1.9947883491183913,Jun26-Sep26,Jun-Sep
2026-04-29,TWD,2026-06-17,2026-09-16,-0.09471572544574637,-0.27061635841641823,36.86317629404747,-0.17590063297067188,91,49,-1.8925748458508154,Jun26-Sep26,Jun-Sep
2026-04-30,TWD,2026-06-17,2026-09-16,-0.09293967003765953,-0.2691377944840557,37.04854224676423,-0.1761981244463962,91,48,-1.8861755097491304,Jun26-Sep26,Jun-Sep
2026-05-01,TWD,2026-06-17,2026-09-16,-0.08910292610306086,-0.2616213574940936,37.11635506413954,-0.17251843139103273,91,47,-1.8432113062734896,Jun26-Sep26,Jun-Sep
2026-05-04,TWD,2026-06-17,2026-09-16,-0.07745157169837334,-0.23763550407455458,37.01512074092451,-0.16018393237618123,91,44,-1.7155784102914566,Jun26-Sep26,Jun-Sep
2026-05-05,TWD,2026-06-17,2026-09-16,-0.07444930427179373,-0.23200480866093862,36.99995887021066,-0.1575555043891449,91,43,-1.6879834786493555,Jun26-Sep26,Jun-Sep
2026-05-06,TWD,2026-06-17,2026-09-16,-0.0684234441400604,-0.21667423977685793,37.151488017366155,-0.14825079563679755,91,42,-1.5815485338315667,Jun26-Sep26,Jun-Sep
2026-05-07,TWD,2026-06-17,2026-09-16,-0.0687938894628248,-0.22148276607543593,37.08805841127269,-0.15268887661261113,91,41,-1.6317015350820252,Jun26-Sep26,Jun-Sep
2026-05-08,TWD,2026-06-17,2026-09-16,-0.06966067419131719,-0.2281387079765638,37.05325998042921,-0.1584780337852466,91,40,-1.69520024952278,Jun26-Sep26,Jun-Sep
2026-05-11,TWD,2026-06-17,2026-09-16,-0.06248891371436728,-0.2161778636605138,36.9713040555556,-0.1536889499461465,91,37,-1.6473036026993133,Jun26-Sep26,Jun-Sep
2026-05-12,TWD,2026-06-17,2026-09-16,-0.061461989712094114,-0.216824241484332,37.17450952139876,-0.1553622517722379,91,36,-1.656074987095004,Jun26-Sep26,Jun-Sep
2026-05-13,TWD,2026-06-17,2026-09-16,-0.05923946064870067,-0.21326205833532239,37.28022437184174,-0.15402259768662172,91,35,-1.6370339692143459,Jun26-Sep26,Jun-Sep
2026-05-14,TWD,2026-06-17,2026-09-16,-0.05680897461671429,-0.2088565243261555,37.14843036811237,-0.15204754970944123,91,34,-1.6216783399089247,Jun26-Sep26,Jun-Sep
2026-05-15,TWD,2026-06-17,2026-09-16,-0.05554698339627519,-0.2087219982163068,36.966877689224376,-0.1531750148200316,91,33,-1.6416831363385072,Jun26-Sep26,Jun-Sep
2026-05-18,TWD,2026-06-17,2026-09-16,-0.05288558399578127,-0.21330518878298443,37.12387126694755,-0.16041960478720316,91,30,-1.711923749147061,Jun26-Sep26,Jun-Sep
2026-05-19,TWD,2026-06-17,2026-09-16,-0.05167701020113225,-0.21383590428054725,37.077808530260754,-0.162158894079415,91,29,-1.7325809813377528,Jun26-Sep26,Jun-Sep
2026-05-20,TWD,2026-06-17,2026-09-16,-0.049649670083135436,-0.2110110978533256,36.9980166616075,-0.1613614277701902,91,28,-1.727689078154163,Jun26-Sep26,Jun-Sep
2026-05-21,TWD,2026-06-17,2026-09-16,-0.05096634348295053,-0.22274179744400602,36.98703655264417,-0.17177545396105548,91,27,-1.839803862704428,Jun26-Sep26,Jun-Sep
2026-05-22,TWD,2026-06-17,2026-09-16,-0.05204832944199825,-0.23421748248899207,37.185163533307616,-0.18216915304699383,91,26,-1.940772200050117,Jun26-Sep26,Jun-Sep
2026-05-25,TWD,2026-06-17,2026-09-16,-0.04647682937579124,-0.2303634151669653,37.46298713040099,-0.18388658579117406,91,23,-1.9442310639450222,Jun26-Sep26,Jun-Sep
2026-05-26,TWD,2026-06-17,2026-09-16,-0.04165969883454178,-0.213979362195601,37.61755782242151,-0.1723196633610592,91,22,-1.8142059053516866,Jun26-Sep26,Jun-Sep
2026-05-27,TWD,2026-06-17,2026-09-16,-0.040494453192232945,-0.2159704170252424,37.442734218857204,-0.17547596383300945,91,21,-1.8560135181792807,Jun26-Sep26,Jun-Sep
2026-05-28,TWD,2026-06-17,2026-09-16,-0.03790937101554587,-0.21039700913627954,37.64978682597786,-0.17248763812073367,91,20,-1.8142372156160456,Jun26-Sep26,Jun-Sep
2026-05-29,TWD,2026-06-17,2026-09-16,-0.03499541187539464,-0.20260501612070583,37.879466135283806,-0.16760960424531118,91,19,-1.7520946895934728,Jun26-Sep26,Jun-Sep
2026-06-01,TWD,2026-06-17,2026-09-16,-0.02923107085978003,-0.19548278637477895,37.85252383121362,-0.16625171551499893,91,16,-1.7388731819627719,Jun26-Sep26,Jun-Sep
2026-06-02,TWD,2026-06-17,2026-09-16,-0.02574064704184696,-0.1819005724290519,37.8311070799798,-0.15615992538720494,91,15,-1.6340948052974817,Jun26-Sep26,Jun-Sep
2026-06-03,TWD,2026-06-17,2026-09-16,-0.022816009685520135,-0.171120072641401,38.034277747860486,-0.14830406295588086,91,14,-1.5434749548822477,Jun26-Sep26,Jun-Sep
2026-06-04,TWD,2026-06-17,2026-09-16,-0.022309881660918785,-0.17847905328735025,37.828959207624514,-0.15616917162643146,91,13,-1.6341361071340699,Jun26-Sep26,Jun-Sep
2026-06-05,TWD,2026-06-17,2026-09-16,-0.02011505759149161,-0.17265424432696969,37.64544398557645,-0.15253918673547806,91,12,-1.6038443913667266,Jun26-Sep26,Jun-Sep
2026-06-08,TWD,2026-06-17,2026-09-16,-0.015310482798605602,-0.17011647554006226,37.681423151949154,-0.15480599274145665,91,9,-1.6259158924191761,Jun26-Sep26,Jun-Sep
2026-06-09,TWD,2026-06-17,2026-09-16,-0.013675085124085233,-0.16922917841055474,37.774052471434196,-0.1555540932864695,91,8,-1.6296945983567783,Jun26-Sep26,Jun-Sep
2026-06-10,TWD,2026-06-17,2026-09-16,-0.011905458069980574,-0.16667641297972802,37.85899544160417,-0.15477095490974743,91,7,-1.6177748434773402,Jun26-Sep26,Jun-Sep
2026-06-11,TWD,2026-06-17,2026-09-16,-0.012210110450698891,-0.1691972448168275,37.87159213596003,-0.1569871343661286,91,6,-1.6404071351912581,Jun26-Sep26,Jun-Sep
2026-06-12,TWD,2026-06-17,2026-09-16,-0.01231953870148239,-0.16895367362032987,38.05395047116671,-0.15663413491884748,91,5,-1.6288773839795105,Jun26-Sep26,Jun-Sep
2026-06-15,TWD,2026-06-17,2026-09-16,-0.01252181257942307,-0.16636122426947794,38.15067453230288,-0.15383941169005488,91,2,-1.5957654773957295,Jun26-Sep26,Jun-Sep
2026-06-16,TWD,2026-06-17,2026-09-16,-0.013240659537103176,-0.174020096773356,38.019700233728194,-0.16077943723625282,91,1,-1.6735326785516698,Jun26-Sep26,Jun-Sep
2026-06-17,TWD,2026-09-16,2026-12-16,-0.17463704621153153,-0.34927409242306307,38.046260037361264,-0.17463704621153153,91,91,-1.8242466960763082,Sep26-Dec26,Sep-Dec
2026-06-18,TWD,2026-09-16,2026-12-16,-0.171374076254231,-0.34465230891128684,37.68613916909384,-0.17327823265705583,91,90,-1.8272706848103206,Sep26-Dec26,Sep-Dec
2026-06-19,TWD,2026-09-16,2026-12-16,-0.17282293842335492,-0.3495295383843133,37.721681062369036,-0.17670659996095836,91,89,-1.8617319186141246,Sep26-Dec26,Sep-Dec
2026-06-22,TWD,2026-09-16,2026-12-16,-0.15638287958021974,-0.3218577870430104,37.79942780882324,-0.16547490746279064,91,86,-1.739035746910429,Sep26-Dec26,Sep-Dec
2026-06-23,TWD,2026-09-16,2026-12-16,-0.15947708838457847,-0.33021138300806835,37.98051198926922,-0.17073429462348988,91,85,-1.7858643374110832,Sep26-Dec26,Sep-Dec
2026-06-24,TWD,2026-09-16,2026-12-16,-0.15639202464723362,-0.32581671801507006,38.13115398343845,-0.16942469336783644,91,84,-1.7649920621747794,Sep26-Dec26,Sep-Dec
2026-06-25,TWD,2026-09-16,2026-12-16,-0.1436491234491561,-0.30114394554401397,37.89634150299429,-0.15749482209485788,91,83,-1.6503629272124196,Sep26-Dec26,Sep-Dec
2026-06-26,TWD,2026-09-16,2026-12-16,-0.14084019613324145,-0.29713846257378984,37.87812658509779,-0.1562982664405484,91,82,-1.6384930435090934,Sep26-Dec26,Sep-Dec
2026-06-29,TWD,2026-09-16,2026-12-16,-0.1359043845879765,-0.292452473164,37.970981209188984,-0.15654808857602354,91,79,-1.6368702580213044,Sep26-Dec26,Sep-Dec
2026-06-30,TWD,2026-09-16,2026-12-16,-0.13130866642603417,-0.28450211058974073,38.05502900730514,-0.15319344416370656,91,78,-1.598049963036212,Sep26-Dec26,Sep-Dec
2026-07-01,TWD,2026-09-16,2026-12-16,-0.13901264754591297,-0.30330032191835554,38.09278854342339,-0.16428767437244257,91,77,-1.7124231935094998,Sep26-Dec26,Sep-Dec
2026-07-02,TWD,2026-09-16,2026-12-16,-0.13963243451443388,-0.30682390215671657,38.24617792185441,-0.16719146764228268,91,76,-1.735703897085379,Sep26-Dec26,Sep-Dec
2026-07-03,TWD,2026-09-16,2026-12-16,-0.13590955899138105,-0.293401088060703,38.11921289256224,-0.15749152906932193,91,75,-1.6403086541242646,Sep26-Dec26,Sep-Dec
2026-07-06,TWD,2026-09-16,2026-12-16,-0.13122568496805492,-0.2912893874652642,37.90461384490249,-0.1600637024972093,91,72,-1.6763628408577196,Sep26-Dec26,Sep-Dec
2026-07-07,TWD,2026-09-16,2026-12-16,-0.1338580039873878,-0.3001323810792678,38.088769622076654,-0.16627437709188,91,71,-1.7330793736476808,Sep26-Dec26,Sep-Dec
2026-07-08,TWD,2026-09-16,2026-12-16,-0.13678716164111474,-0.30983595578232387,38.19612793792059,-0.17304879414120913,91,70,-1.7987401310684235,Sep26-Dec26,Sep-Dec
2026-07-09,TWD,2026-09-16,2026-12-16,-0.13761856331314815,-0.3148735349067675,38.17776802653147,-0.17725497159361936,91,69,-1.84339038869895,Sep26-Dec26,Sep-Dec
2026-07-10,TWD,2026-09-16,2026-12-16,-0.14018481833564983,-0.3240548094198833,38.368599552039626,-0.18386999108423346,91,68,-1.902767279244101,Sep26-Dec26,Sep-Dec
2026-07-13,TWD,2026-09-16,2026-12-16,-0.1295193636507985,-0.30871505514541303,38.365517097060746,-0.17919569149461453,91,65,-1.8540278122962173,Sep26-Dec26,Sep-Dec
2026-07-14,TWD,2026-09-16,2026-12-16,-0.12598055282336065,-0.30350981845561037,38.3839899231894,-0.17752926563224972,91,64,-1.835729537118461,Sep26-Dec26,Sep-Dec
2026-07-15,TWD,2026-09-16,2026-12-16,-0.13082083099635958,-0.3187204443393925,38.29713146151305,-0.18789961334303293,91,63,-1.9476316086846202,Sep26-Dec26,Sep-Dec
2026-07-16,TWD,2026-09-16,2026-12-16,-0.12974639268841345,-0.3196475014065865,38.38412220259048,-0.18990110871817303,91,62,-1.9638462724468841,Sep26-Dec26,Sep-Dec
2026-07-17,TWD,2026-09-16,2026-12-16,-0.12781775664435802,-0.31849670508102335,38.276036309420384,-0.19067894843666533,91,61,-1.9773775293441729,Sep26-Dec26,Sep-Dec
2026-07-20,TWD,2026-09-16,2026-12-16,-0.11862914669918584,-0.30475418720997743,38.11505510876682,-0.1861250405107916,91,58,-1.937863425144912,Sep26-Dec26,Sep-Dec
2026-07-21,TWD,2026-09-16,2026-12-16,-0.11717705273874877,-0.30424918956727753,38.256405119222855,-0.18707213682852875,91,57,-1.9404315025848444,Sep26-Dec26,Sep-Dec
2026-07-22,TWD,2026-09-16,2026-12-16,-0.11455923115573799,-0.3007179817838122,37.970237691697264,-0.18615875062807422,91,56,-1.945420687822363,Sep26-Dec26,Sep-Dec
2026-07-23,TWD,2026-09-16,2026-12-16,-0.11243476688529333,-0.2984631993682331,37.71837032724233,-0.1860284324829398,91,55,-1.9569694119038912,Sep26-Dec26,Sep-Dec
2026-07-24,TWD,2026-09-16,2026-12-16,-0.11418546369012254,-0.30660911546421793,37.718856198401014,-0.19242365177409537,91,54,-2.024313495446117,Sep26-Dec26,Sep-Dec
2026-07-27,TWD,2026-09-16,2026-12-16,-0.10832038955959812,-0.30159794740123397,37.62969816719127,-0.19327755784163586,91,51,-2.0378103359364066,Sep26-Dec26,Sep-Dec
2026-07-28,TWD,2026-09-16,2026-12-16,-0.10956519145776947,-0.30897383991090993,37.442293993176406,-0.19940864845314046,91,50,-2.1130771947740135,Sep26-Dec26,Sep-Dec
2026-07-29,TWD,2026-09-16,2026-12-16,-0.10511754427311341,-0.30033584078032405,37.401978739597595,-0.19521829650721062,91,49,-2.0706626167870112,Sep26-Dec26,Sep-Dec
2026-07-30,TWD,2026-09-16,2026-12-16,-0.09953875461518435,-0.288247643573138,37.36907007853739,-0.18870888895795362,91,48,-2.0030857193385225,Sep26-Dec26,Sep-Dec
2026-07-31,TWD,2026-09-16,2026-12-16,-0.10065425960973201,-0.2955380388541068,37.423881575376654,-0.19488377924437478,91,47,-2.065654158168184,Sep26-Dec26,Sep-Dec
2026-08-03,TWD,2026-09-16,2026-12-16,-0.08910757705592702,-0.26665262234798665,37.36038703704355,-0.1775450452920596,91,44,-1.8844966245583918,Sep26-Dec26,Sep-Dec
2026-08-04,TWD,2026-09-16,2026-12-16,-0.085561408765413,-0.2604027571597169,37.38282093453725,-0.17484134839430387,91,43,-1.8545063856606272,Sep26-Dec26,Sep-Dec
2026-08-05,TWD,2026-09-16,2026-12-16,-0.08229086740688399,-0.2548968648831056,37.24940883508613,-0.1726059974762216,91,42,-1.8372070540593441,Sep26-Dec26,Sep-Dec
2026-08-06,TWD,2026-09-16,2026-12-16,-0.08021221240979809,-0.2530528387292517,37.377772717000205,-0.17284062631945363,91,41,-1.833270342240704,Sep26-Dec26,Sep-Dec
2026-08-07,TWD,2026-09-16,2026-12-16,-0.08245065502178593,-0.26534084475237457,37.480403551794836,-0.18289018973058863,91,40,-1.9346557061572511,Sep26-Dec26,Sep-Dec
2026-08-10,TWD,2026-09-16,2026-12-16,-0.07380067915543043,-0.25220508533592545,37.26446739433027,-0.17840440618049502,91,37,-1.8977225608971309,Sep26-Dec26,Sep-Dec
2026-08-11,TWD,2026-09-16,2026-12-16,-0.07107626123896728,-0.24814922624505137,37.32521301079816,-0.1770729650060841,91,36,-1.880350731786621,Sep26-Dec26,Sep-Dec
2026-08-12,TWD,2026-09-16,2026-12-16,-0.06823037798885997,-0.24355241582823062,37.3850087699748,-0.17532203783937064,91,35,-1.8586322776049424,Sep26-Dec26,Sep-Dec
2026-08-13,TWD,2026-09-16,2026-12-16,-0.06427897559367575,-0.23476412344297257,37.335354457694464,-0.1704851478492968,91,34,-1.809571443862345,Sep26-Dec26,Sep-Dec
2026-08-14,TWD,2026-09-16,2026-12-16,-0.06499406048839808,-0.24318027587978483,37.43388712195995,-0.17818621539138674,91,33,-1.8863617375283057,Sep26-Dec26,Sep-Dec
2026-08-17,TWD,2026-09-16,2026-12-16,-0.06140752225831932,-0.24767700644188792,37.70280932002847,-0.1862694841835686,91,30,-1.9576589391085877,Sep26-Dec26,Sep-Dec
2026-08-18,TWD,2026-09-16,2026-12-16,-0.05653144469940522,-0.23392321944581468,37.868229111840236,-0.17739177474640946,91,29,-1.8559591386644119,Sep26-Dec26,Sep-Dec
2026-08-19,TWD,2026-09-16,2026-12-16,-0.05290774600486896,-0.22485792052069303,37.923556007988275,-0.17195017451582406,91,28,-1.796226048015343,Sep26-Dec26,Sep-Dec
2026-08-20,TWD,2026-09-16,2026-12-16,-0.05068983198069039,-0.2215333397674617,37.75140891798731,-0.17084350778677132,91,27,-1.7927096426658475,Sep26-Dec26,Sep-Dec
2026-08-21,TWD,2026-09-16,2026-12-16,-0.048486860898935336,-0.21819087404520904,37.48383894502806,-0.1697040131462737,91,26,-1.7933757748957952,Sep26-Dec26,Sep-Dec
2026-08-24,TWD,2026-09-16,2026-12-16,-0.044051135947123496,-0.21834041295530776,37.653167258098286,-0.17428927700818425,91,23,-1.8333215773326967,Sep26-Dec26,Sep-Dec
2026-08-25,TWD,2026-09-16,2026-12-16,-0.041968793624892906,-0.21556698543694996,37.54642617924751,-0.17359819181205705,91,22,-1.8311478831353554,Sep26-Dec26,Sep-Dec
2026-08-26,TWD,2026-09-16,2026-12-16,-0.0413523358585961,-0.22054579124584583,37.53668249916456,-0.17919345538724973,91,21,-1.8906279343583527,Sep26-Dec26,Sep-Dec
2026-08-27,TWD,2026-09-16,2026-12-16,-0.03792527033061395,-0.21048525033490742,37.662894967188194,-0.17255998000429346,91,20,-1.8143665535179727,Sep26-Dec26,Sep-Dec
2026-08-28,TWD,2026-09-16,2026-12-16,-0.03631681225975488,-0.21025522887226508,37.54374933223052,-0.1739384166125102,91,19,-1.8345911077688144,Sep26-Dec26,Sep-Dec
