obs_date,ccy,slot,near_date,far_date,near_pts,far_pts,spot,imm_spread_pts,leg_days,days_to_near,ann_pct,pair,quarter_pair
2016-08-29,INR,0,2016-09-21,2016-12-21,0.19286223875823627,0.9559258790625623,75.46783255757072,0.763063640304326,91,23,3.98980383464475,Sep16-Dec16,Sep-Dec
2016-08-30,INR,0,2016-09-21,2016-12-21,0.1851328038663388,0.9509094016771038,75.35300937901671,0.765776597810765,91,22,4.010485026378758,Sep16-Dec16,Sep-Dec
2016-08-31,INR,0,2016-09-21,2016-12-21,0.17554398399784252,0.9362345813218268,75.28250931920896,0.7606905973239843,91,21,3.98807722731845,Sep16-Dec16,Sep-Dec
2016-09-01,INR,0,2016-09-21,2016-12-21,0.16784585498003005,0.9382808626018899,75.17786088398891,0.7704350076218599,91,20,4.045187028354906,Sep16-Dec16,Sep-Dec
2016-09-02,INR,0,2016-09-21,2016-12-21,0.16037247925341436,0.9349135802107039,75.66869896876435,0.7745411009572896,91,19,4.040823107335899,Sep16-Dec16,Sep-Dec
2016-09-05,INR,0,2016-09-21,2016-12-21,0.13616371605386465,0.9159987927959263,75.38498651560508,0.7798350767420617,91,16,4.08503026316893,Sep16-Dec16,Sep-Dec
2016-09-06,INR,0,2016-09-21,2016-12-21,0.1269405924945955,0.902102281247073,75.22476296474296,0.7751616887524775,91,15,4.069680669417982,Sep16-Dec16,Sep-Dec
2016-09-07,INR,0,2016-09-21,2016-12-21,0.1216800031529413,0.9173361876843489,75.50798665163768,0.7956561845314076,91,14,4.16192610536261,Sep16-Dec16,Sep-Dec
2016-09-08,INR,0,2016-09-21,2016-12-21,0.1132847846307041,0.9106762005091831,75.50896285110667,0.797391415878479,91,13,4.171411972019524,Sep16-Dec16,Sep-Dec
2016-09-09,INR,0,2016-09-21,2016-12-21,0.10462531087557898,0.902102274775986,75.67142954715418,0.797476963900407,91,12,4.163391626857979,Sep16-Dec16,Sep-Dec
2016-09-12,INR,0,2016-09-21,2016-12-21,0.0796340777878486,0.8878690563180944,75.5400507037933,0.8082349785302458,91,9,4.228281446971498,Sep16-Dec16,Sep-Dec
2016-09-13,INR,0,2016-09-21,2016-12-21,0.07238959046211621,0.8985404323737339,75.86708630077989,0.8261508419116177,91,8,4.303807745007098,Sep16-Dec16,Sep-Dec
2016-09-14,INR,0,2016-09-21,2016-12-21,0.0628001965359904,0.8815935028487181,76.2308143101597,0.8187933063127277,91,7,4.245679447266787,Sep16-Dec16,Sep-Dec
2016-09-15,INR,0,2016-09-21,2016-12-21,0.05943057259616261,0.8255763582769586,75.82936276097921,0.766145785680796,91,6,3.9938787688565265,Sep16-Dec16,Sep-Dec
2016-09-16,INR,0,2016-09-21,2016-12-21,0.05978647383224477,0.8216242776321079,75.6868364037184,0.7618378037998631,91,5,3.978875525685619,Sep16-Dec16,Sep-Dec
2016-09-19,INR,0,2016-09-21,2016-12-21,0.06026526821963674,0.8013434392207236,75.4755601804865,0.7410781710010869,91,2,3.8812547581621963,Sep16-Dec16,Sep-Dec
2016-09-20,INR,0,2016-09-21,2016-12-21,0.06255137978660416,0.8224440220579415,75.92671046904147,0.7598926422713373,91,1,3.9560440798599057,Sep16-Dec16,Sep-Dec
2016-09-21,INR,0,2016-12-21,2017-03-15,0.7830352866306449,1.5164761540193596,76.60126328430368,0.7334408673887147,84,91,4.061958383215357,Dec16-Mar17,Dec-Mar
2016-09-22,INR,0,2016-12-21,2017-03-15,0.7494976006859924,1.4596791221794356,76.68307814292478,0.7101815214934433,84,90,3.9306907498370958,Dec16-Mar17,Dec-Mar
2016-09-23,INR,0,2016-12-21,2017-03-15,0.7587423742744253,1.485522711713116,76.78036257910857,0.7267803374386907,84,89,4.01703485823043,Dec16-Mar17,Dec-Mar
2016-09-26,INR,0,2016-12-21,2017-03-15,0.7237907456137804,1.441338232895032,76.24140903879726,0.7175474872812515,84,86,3.995576605444632,Dec16-Mar17,Dec-Mar
2016-09-27,INR,0,2016-12-21,2017-03-15,0.7129226276639202,1.4281335358112186,76.86435970597145,0.7152109081472984,84,85,3.951143316883827,Dec16-Mar17,Dec-Mar
2016-09-28,INR,0,2016-12-21,2017-03-15,0.7009503079572372,1.4126332978115201,77.27530965872701,0.7116829898542829,84,84,3.9115366110422336,Dec16-Mar17,Dec-Mar
2016-09-29,INR,0,2016-12-21,2017-03-15,0.7169648989909116,1.4532797660554349,77.12522467536952,0.7363148670645232,84,83,4.053887951787072,Dec16-Mar17,Dec-Mar
2016-09-30,INR,0,2016-12-21,2017-03-15,0.7016078545163553,1.430961428764734,76.55999786281816,0.7293535742483788,84,82,4.04573656406902,Dec16-Mar17,Dec-Mar
2016-10-03,INR,0,2016-12-21,2017-03-15,0.6999439150336348,1.4416418439262157,77.03712011926753,0.7416979288925809,84,79,4.08904741776344,Dec16-Mar17,Dec-Mar
2016-10-04,INR,0,2016-12-21,2017-03-15,0.7087441616590098,1.4701132895038649,77.07005606510624,0.7613691278448551,84,78,4.19524412615413,Dec16-Mar17,Dec-Mar
2016-10-05,INR,0,2016-12-21,2017-03-15,0.7063240775457469,1.4756179360676605,77.62634606603169,0.7692938585219136,84,77,4.208938203353187,Dec16-Mar17,Dec-Mar
2016-10-06,INR,0,2016-12-21,2017-03-15,0.6852906222438316,1.4421472744877997,77.95205629252783,0.756856652243968,84,76,4.124848426378629,Dec16-Mar17,Dec-Mar
2016-10-07,INR,0,2016-12-21,2017-03-15,0.660712217955669,1.4008260644552442,78.40961272745847,0.7401138464995751,84,75,4.011513152611882,Dec16-Mar17,Dec-Mar
2016-10-10,INR,0,2016-12-21,2017-03-15,0.642252860023084,1.3937828038459064,78.28331998580555,0.7515299438228223,84,72,4.080860613675931,Dec16-Mar17,Dec-Mar
2016-10-11,INR,0,2016-12-21,2017-03-15,0.6284814382937478,1.3749982717844176,78.30162415715803,0.7465168334906698,84,71,4.053406281014186,Dec16-Mar17,Dec-Mar
2016-10-12,INR,0,2016-12-21,2017-03-15,0.6254714790263856,1.379749800839851,78.618641967578,0.7542783218134654,84,70,4.079320518083256,Dec16-Mar17,Dec-Mar
2016-10-13,INR,0,2016-12-21,2017-03-15,0.6073591483232954,1.3512118099228787,78.55281477815141,0.7438526615995833,84,69,4.027201836677279,Dec16-Mar17,Dec-Mar
2016-10-14,INR,0,2016-12-21,2017-03-15,0.6067567124788029,1.361517295556736,78.82136581278738,0.7547605830779331,84,68,4.072472205499,Dec16-Mar17,Dec-Mar
2016-10-17,INR,0,2016-12-21,2017-03-15,0.5902483899493113,1.3606424409926086,78.92591536749715,0.7703940510432973,84,65,4.1522234400755496,Dec16-Mar17,Dec-Mar
2016-10-18,INR,0,2016-12-21,2017-03-15,0.5776452182049155,1.3442610476118793,79.2021589511391,0.7666158294069637,84,64,4.118205661134665,Dec16-Mar17,Dec-Mar
2016-10-19,INR,0,2016-12-21,2017-03-15,0.5611272416565388,1.318623681099227,79.52310483700582,0.7574964394426881,84,63,4.0537484441487734,Dec16-Mar17,Dec-Mar
2016-10-20,INR,0,2016-12-21,2017-03-15,0.5630975716075696,1.336219405553116,79.81637161669578,0.7731218339455465,84,62,4.12217114867462,Dec16-Mar17,Dec-Mar
2016-10-21,INR,0,2016-12-21,2017-03-15,0.5715304357110244,1.3696619768913634,79.96336669471074,0.798131541180339,84,61,4.247306285592334,Dec16-Mar17,Dec-Mar
2016-10-24,INR,0,2016-12-21,2017-03-15,0.5314998338235712,1.312361651544252,79.94475144241937,0.7808618177206808,84,58,4.158432573961456,Dec16-Mar17,Dec-Mar
2016-10-25,INR,0,2016-12-21,2017-03-15,0.5195180923601002,1.2962377620523424,80.02123126855548,0.7767196696922423,84,57,4.133061351935601,Dec16-Mar17,Dec-Mar
2016-10-26,INR,0,2016-12-21,2017-03-15,0.5163160265927125,1.3019214269435562,80.14579532478022,0.7856054003508437,84,56,4.174054250267988,Dec16-Mar17,Dec-Mar
2016-10-27,INR,0,2016-12-21,2017-03-15,0.5017259128055146,1.2790792100776969,79.78315736379804,0.7773532972721823,84,55,4.149615712448001,Dec16-Mar17,Dec-Mar
2016-10-28,INR,0,2016-12-21,2017-03-15,0.49606683271161545,1.2787728179053435,79.5345670247486,0.782705985193728,84,54,4.1914627694106885,Dec16-Mar17,Dec-Mar
2016-10-31,INR,0,2016-12-21,2017-03-15,0.47701208107927184,1.273731162154957,79.57529282839228,0.7967190810756851,84,51,4.265349200536545,Dec16-Mar17,Dec-Mar
2016-11-01,INR,0,2016-12-21,2017-03-15,0.4717833439844214,1.2563210851490603,79.58439672367324,0.7845377411646388,84,50,4.1999313508958975,Dec16-Mar17,Dec-Mar
2016-11-02,INR,0,2016-12-21,2017-03-15,0.47048845302385744,1.2697037081844298,79.59970775153785,0.7992152551605723,84,49,4.277756766889557,Dec16-Mar17,Dec-Mar
2016-11-03,INR,0,2016-12-21,2017-03-15,0.45898758765187225,1.2556084863178616,79.71714349040629,0.7966208986659893,84,48,4.2582368590316575,Dec16-Mar17,Dec-Mar
2016-11-04,INR,0,2016-12-21,2017-03-15,0.4487980337022175,1.2451130512076056,78.91105797092519,0.7963150175053881,84,47,4.3003841214791025,Dec16-Mar17,Dec-Mar
2016-11-07,INR,0,2016-12-21,2017-03-15,0.42752006370108253,1.2402470678448294,79.10936454193114,0.8127270041437469,84,44,4.379245867266457,Dec16-Mar17,Dec-Mar
2016-11-08,INR,0,2016-12-21,2017-03-15,0.41774195780556966,1.2311628906516177,79.47067113785033,0.813420932846048,84,43,4.363698785733997,Dec16-Mar17,Dec-Mar
2016-11-09,INR,0,2016-12-21,2017-03-15,0.4115241028861514,1.2327857999798657,79.74974741218522,0.8212616970937143,84,42,4.3907649180474,Dec16-Mar17,Dec-Mar
2016-11-10,INR,0,2016-12-21,2017-03-15,0.4025338670451821,1.2263276880888478,80.04760886457674,0.8237938210436657,84,41,4.388488108849937,Dec16-Mar17,Dec-Mar
2016-11-11,INR,0,2016-12-21,2017-03-15,0.3856051683128956,1.1953760217699765,80.4056048806769,0.8097708534570809,84,40,4.295574373389962,Dec16-Mar17,Dec-Mar
2016-11-14,INR,0,2016-12-21,2017-03-15,0.3584078313205521,1.1750116337919556,80.41364822357156,0.8166038024714035,84,37,4.332848206367241,Dec16-Mar17,Dec-Mar
2016-11-15,INR,0,2016-12-21,2017-03-15,0.34490574959240455,1.153638697946357,80.20724407980178,0.8087329483539525,84,36,4.3028005552046,Dec16-Mar17,Dec-Mar
2016-11-16,INR,0,2016-12-21,2017-03-15,0.32665777706510396,1.115678388774098,80.38303680089554,0.789020611708994,84,35,4.189728291014542,Dec16-Mar17,Dec-Mar
2016-11-17,INR,0,2016-12-21,2017-03-15,0.3283114601740788,1.1456083569496025,80.5099411311421,0.8172968967755236,84,34,4.332974642449321,Dec16-Mar17,Dec-Mar
2016-11-18,INR,0,2016-12-21,2017-03-15,0.3312029839444418,1.1817028955303117,81.5232788680524,0.8504999115858699,84,33,4.45302387677796,Dec16-Mar17,Dec-Mar
2016-11-21,INR,0,2016-12-21,2017-03-15,0.2907405136330697,1.1160806393414715,81.12015025780856,0.8253401257084019,84,30,4.344838797123916,Dec16-Mar17,Dec-Mar
2016-11-22,INR,0,2016-12-21,2017-03-15,0.2823185866993265,1.1113697386586834,81.36549287451975,0.8290511519593569,84,29,4.35171047692776,Dec16-Mar17,Dec-Mar
2016-11-23,INR,0,2016-12-21,2017-03-15,0.2696410299339872,1.0899011262392233,81.62644682357723,0.8202600963052361,84,28,4.292513238269434,Dec16-Mar17,Dec-Mar
2016-11-24,INR,0,2016-12-21,2017-03-15,0.26254047068550124,1.090702930380375,81.86316644786497,0.8281624596948738,84,27,4.321749933825979,Dec16-Mar17,Dec-Mar
2016-11-25,INR,0,2016-12-21,2017-03-15,0.2521130151521933,1.077899019325637,81.12263143162268,0.8257860041734437,84,26,4.349117037588858,Dec16-Mar17,Dec-Mar
2016-11-28,INR,0,2016-12-21,2017-03-15,0.22009531857243397,1.035137160224703,80.75131760902914,0.8150418416522691,84,23,4.313913192236412,Dec16-Mar17,Dec-Mar
2016-11-29,INR,0,2016-12-21,2017-03-15,0.2114669659195952,1.0301254160872606,80.92170538122846,0.8186584501676654,84,22,4.324416405156858,Dec16-Mar17,Dec-Mar
2016-11-30,INR,0,2016-12-21,2017-03-15,0.1991282791238898,1.006794832747548,80.30474732231322,0.8076665536236582,84,21,4.299703661592095,Dec16-Mar17,Dec-Mar
2016-12-01,INR,0,2016-12-21,2017-03-15,0.19250555528948532,1.0121656178284442,80.18445832646542,0.8196600625389588,84,20,4.370442313074342,Dec16-Mar17,Dec-Mar
2016-12-02,INR,0,2016-12-21,2017-03-15,0.189456035989363,1.019302700070932,80.37815507170231,0.829846664081569,84,19,4.414287148781083,Dec16-Mar17,Dec-Mar
2016-12-05,INR,0,2016-12-21,2017-03-15,0.15544701509201772,0.9739970823405051,80.74657696384148,0.8185500672484873,84,16,4.3361977169974315,Dec16-Mar17,Dec-Mar
2016-12-06,INR,0,2016-12-21,2017-03-15,0.1425166010716591,0.9472004723565239,80.77364773060806,0.8046838712848648,84,15,4.261997823467351,Dec16-Mar17,Dec-Mar
2016-12-07,INR,0,2016-12-21,2017-03-15,0.13459462685373302,0.9533899431315981,80.83839711936189,0.8187953162778651,84,14,4.333695357393046,Dec16-Mar17,Dec-Mar
2016-12-08,INR,0,2016-12-21,2017-03-15,0.1239986309899013,0.9364431753419713,80.80287143549617,0.81244454435207,84,13,4.302532875940607,Dec16-Mar17,Dec-Mar
2016-12-09,INR,0,2016-12-21,2017-03-15,0.11255801522988,0.9116390171142833,80.45924598175222,0.7990810018844033,84,12,4.250411056139658,Dec16-Mar17,Dec-Mar
2016-12-12,INR,0,2016-12-21,2017-03-15,0.08434206197671668,0.8826982003647813,80.37763155870478,0.7983561383880646,84,9,4.252351953865054,Dec16-Mar17,Dec-Mar
2016-12-13,INR,0,2016-12-21,2017-03-15,0.07460987649234009,0.869155547822236,80.22217075434014,0.794545671329896,84,8,4.24076246584093,Dec16-Mar17,Dec-Mar
2016-12-14,INR,0,2016-12-21,2017-03-15,0.06728406977018851,0.8858922525828319,80.63528810674667,0.8186081828126434,84,7,4.347223005245989,Dec16-Mar17,Dec-Mar
2016-12-15,INR,0,2016-12-21,2017-03-15,0.06832199793200372,0.8895851039850287,80.34779727243371,0.8212631060530249,84,6,4.376857597552083,Dec16-Mar17,Dec-Mar
2016-12-16,INR,0,2016-12-21,2017-03-15,0.06992436364504921,0.900201169505746,80.37238847743822,0.8302768058606969,84,5,4.423454575459625,Dec16-Mar17,Dec-Mar
2016-12-19,INR,0,2016-12-21,2017-03-15,0.07190399554183845,0.8945313341060936,80.20359992010634,0.8226273385642552,84,2,4.391807668262621,Dec16-Mar17,Dec-Mar
2016-12-20,INR,0,2016-12-21,2017-03-15,0.07213912188100925,0.8870997492448076,80.09782439437845,0.8149606273637984,84,1,4.356604705550803,Dec16-Mar17,Dec-Mar
2016-12-21,INR,0,2017-03-15,2017-06-21,0.8641759543363656,1.8593836276191291,80.21380181963595,0.9952076732827635,98,84,4.509072651583594,Mar17-Jun17,Mar-Jun
2016-12-22,INR,0,2017-03-15,2017-06-21,0.8540712649324363,1.849314836850573,80.35842814335344,0.9952435719181366,98,83,4.501766133832685,Mar17-Jun17,Mar-Jun
2016-12-23,INR,0,2017-03-15,2017-06-21,0.8515769853239321,1.8559730826669607,80.38025482900389,1.0043960973430286,98,82,4.54208434595409,Mar17-Jun17,Mar-Jun
2016-12-26,INR,0,2017-03-15,2017-06-21,0.8331888101468778,1.8528695442890042,80.6492128530143,1.0196807341421263,98,79,4.597024493263362,Mar17-Jun17,Mar-Jun
2016-12-27,INR,0,2017-03-15,2017-06-21,0.8300692938100802,1.8589083248902039,80.62136589586919,1.0288390310801236,98,78,4.64007623291008,Mar17-Jun17,Mar-Jun
2016-12-28,INR,0,2017-03-15,2017-06-21,0.811439928926215,1.8299695540511811,80.39989470465548,1.018529625124966,98,77,4.607161568393939,Mar17-Jun17,Mar-Jun
2016-12-29,INR,0,2017-03-15,2017-06-21,0.8224800714207572,1.8686274132831648,80.5113564018044,1.0461473418624077,98,76,4.724958765074403,Mar17-Jun17,Mar-Jun
2016-12-30,INR,0,2017-03-15,2017-06-21,0.7950650466368111,1.8193824916458556,80.27016940867203,1.0243174450090446,98,75,4.6416923393451235,Mar17-Jun17,Mar-Jun
2017-01-02,INR,0,2017-03-15,2017-06-21,0.7399250146021417,1.7470451733661678,80.19424342730883,1.0071201587640262,98,72,4.571153499484097,Mar17-Jun17,Mar-Jun
2017-01-03,INR,0,2017-03-15,2017-06-21,0.7109773278621819,1.6923263156156159,79.96405880635982,0.9813489877534339,98,71,4.468489433607459,Mar17-Jun17,Mar-Jun
2017-01-04,INR,0,2017-03-15,2017-06-21,0.7069949925016864,1.6967879820040475,80.0648750776057,0.989792989502361,98,70,4.50153530430291,Mar17-Jun17,Mar-Jun
2017-01-05,INR,0,2017-03-15,2017-06-21,0.694572648322075,1.6810671343447323,79.73941581103313,0.9864944860226573,98,69,4.505380579783877,Mar17-Jun17,Mar-Jun
2017-01-06,INR,0,2017-03-15,2017-06-21,0.6946343613130079,1.6957250584994017,79.55352530322972,1.0010906971863938,98,68,4.582629739863734,Mar17-Jun17,Mar-Jun
2017-01-09,INR,0,2017-03-15,2017-06-21,0.6528472508293999,1.6371400290029563,79.89464865153553,0.9842927781735564,98,65,4.488990438128317,Mar17-Jun17,Mar-Jun
2017-01-10,INR,0,2017-03-15,2017-06-21,0.645995399701093,1.635175855493392,79.75913495004441,0.989180455792299,98,64,4.519268991310259,Mar17-Jun17,Mar-Jun
2017-01-11,INR,0,2017-03-15,2017-06-21,0.6208145208850099,1.5865259978172477,79.44876195008109,0.9657114769322378,98,63,4.4305361715017115,Mar17-Jun17,Mar-Jun
2017-01-12,INR,0,2017-03-15,2017-06-21,0.5894663975825664,1.5212036066646875,79.29046575475898,0.9317372090821211,98,62,4.284816001681105,Mar17-Jun17,Mar-Jun
2017-01-13,INR,0,2017-03-15,2017-06-21,0.5739314751084865,1.4959853203647437,79.92306686440423,0.9220538452562572,98,61,4.207779972272728,Mar17-Jun17,Mar-Jun
2017-01-16,INR,0,2017-03-15,2017-06-21,0.5489912945733837,1.4765972750594454,79.7674653530032,0.9276059804860617,98,58,4.242632600397396,Mar17-Jun17,Mar-Jun
2017-01-17,INR,0,2017-03-15,2017-06-21,0.5291984684212254,1.4390484667594727,79.58697883752234,0.9098499983382473,98,57,4.171824254146757,Mar17-Jun17,Mar-Jun
2017-01-18,INR,0,2017-03-15,2017-06-21,0.5307842603214887,1.4596567158840938,79.99548895900746,0.9288724555626051,98,56,4.237355578774131,Mar17-Jun17,Mar-Jun
2017-01-19,INR,0,2017-03-15,2017-06-21,0.531001947847251,1.4771508731023524,80.26644180741752,0.9461489252551014,98,55,4.301682023146346,Mar17-Jun17,Mar-Jun
2017-01-20,INR,0,2017-03-15,2017-06-21,0.5115014573507526,1.4397818799502664,80.25724990352747,0.9282804225995138,98,54,4.2219418503025095,Mar17-Jun17,Mar-Jun
2017-01-23,INR,0,2017-03-15,2017-06-21,0.49253666967179904,1.438979681982315,80.54104136546982,0.9464430123105161,98,51,4.290479968032139,Mar17-Jun17,Mar-Jun
2017-01-24,INR,0,2017-03-15,2017-06-21,0.4923470868020395,1.4573473769340368,80.82815434124231,0.9650002901319974,98,50,4.359170151098174,Mar17-Jun17,Mar-Jun
2017-01-25,INR,0,2017-03-15,2017-06-21,0.4884593306626106,1.4653779919878318,80.8597723047594,0.9769186613252212,98,49,4.411504373922103,Mar17-Jun17,Mar-Jun
2017-01-26,INR,0,2017-03-15,2017-06-21,0.46535747659548043,1.4154623246445865,81.2109339167568,0.9501048480491061,98,48,4.27318750022254,Mar17-Jun17,Mar-Jun
2017-01-27,INR,0,2017-03-15,2017-06-21,0.4527081575289282,1.3966528264190339,81.59736293441946,0.9439446688901056,98,47,4.2261411827620705,Mar17-Jun17,Mar-Jun
2017-01-30,INR,0,2017-03-15,2017-06-21,0.4285436176420185,1.3830271296628778,82.15509592651813,0.9544835120208592,98,44,4.245714988924266,Mar17-Jun17,Mar-Jun
2017-01-31,INR,0,2017-03-15,2017-06-21,0.41692989981507333,1.3671422296261708,81.98405837276117,0.9502123298110975,98,43,4.236085001653065,Mar17-Jun17,Mar-Jun
2017-02-01,INR,0,2017-03-15,2017-06-21,0.401722926800852,1.3390764226695064,81.42425259400501,0.9373534958686545,98,42,4.208125049121048,Mar17-Jun17,Mar-Jun
2017-02-02,INR,0,2017-03-15,2017-06-21,0.4011649558078134,1.36004704529966,81.29455576651459,0.9588820894918466,98,41,4.311638322143514,Mar17-Jun17,Mar-Jun
2017-02-03,INR,0,2017-03-15,2017-06-21,0.40874365283394815,1.4101656022771212,81.35249410150008,1.001421949443173,98,40,4.499311625588195,Mar17-Jun17,Mar-Jun
2017-02-06,INR,0,2017-03-15,2017-06-21,0.3756518627160471,1.370621661261253,81.32138819924158,0.9949697985452058,98,37,4.473835397126753,Mar17-Jun17,Mar-Jun
2017-02-07,INR,0,2017-03-15,2017-06-21,0.37407314970055383,1.3923833905520615,81.92833756034422,1.0183102408515077,98,36,4.545105622949859,Mar17-Jun17,Mar-Jun
2017-02-08,INR,0,2017-03-15,2017-06-21,0.36369532589074133,1.382042238384817,82.15833921801894,1.0183469124940756,98,35,4.533172539718918,Mar17-Jun17,Mar-Jun
2017-02-09,INR,0,2017-03-15,2017-06-21,0.34722389505301526,1.3480457102058239,82.3485493589853,1.0008218151528085,98,34,4.445799532301713,Mar17-Jun17,Mar-Jun
2017-02-10,INR,0,2017-03-15,2017-06-21,0.3363167181147867,1.3350754567586987,82.97825829010564,0.998758738643912,98,33,4.403682851168959,Mar17-Jun17,Mar-Jun
2017-02-13,INR,0,2017-03-15,2017-06-21,0.3086010923736254,1.3166979941274681,82.88690695276004,1.0080969017538428,98,30,4.451217614386739,Mar17-Jun17,Mar-Jun
2017-02-14,INR,0,2017-03-15,2017-06-21,0.3012081796008146,1.3190840968725328,82.9189630520754,1.0178759172717182,98,29,4.493064562702512,Mar17-Jun17,Mar-Jun
2017-02-15,INR,0,2017-03-15,2017-06-21,0.28797003806279103,1.2958651712825597,82.95944219458922,1.0078951332197688,98,28,4.447551964261421,Mar17-Jun17,Mar-Jun
2017-02-16,INR,0,2017-03-15,2017-06-21,0.2834370325611918,1.3122084840795916,83.42664113247392,1.0287714515183999,98,27,4.514582374058426,Mar17-Jun17,Mar-Jun
2017-02-17,INR,0,2017-03-15,2017-06-21,0.27200545892143047,1.2972568040868224,82.84778395385182,1.025251345165392,98,26,4.531086348783569,Mar17-Jun17,Mar-Jun
2017-02-20,INR,0,2017-03-15,2017-06-21,0.23876594615666358,1.2561164993459257,82.73339922933143,1.0173505531892622,98,23,4.504168483312684,Mar17-Jun17,Mar-Jun
2017-02-21,INR,0,2017-03-15,2017-06-21,0.2237920123276259,1.220683703605232,81.95681144851874,0.9968916912776061,98,22,4.4561015088681435,Mar17-Jun17,Mar-Jun
2017-02-22,INR,0,2017-03-15,2017-06-21,0.20953318471536378,1.1873547133870614,81.8004733093253,0.9778215286716977,98,21,4.379950210739676,Mar17-Jun17,Mar-Jun
2017-02-23,INR,0,2017-03-15,2017-06-21,0.2052172506092608,1.2107817785946389,81.4164646624844,1.005564527985378,98,20,4.525648607559655,Mar17-Jun17,Mar-Jun
2017-02-24,INR,0,2017-03-15,2017-06-21,0.1971003104591474,1.2137229644063285,81.82747750446696,1.0166226539471812,98,19,4.552942907672937,Mar17-Jun17,Mar-Jun
2017-02-27,INR,0,2017-03-15,2017-06-21,0.16121694570595027,1.1486707381548955,81.52475251199422,0.9874537924489453,98,16,4.440641768060622,Mar17-Jun17,Mar-Jun
2017-02-28,INR,0,2017-03-15,2017-06-21,0.15429831677069966,1.1623806530059373,81.4910024483701,1.0080823362352376,98,15,4.535667782214728,Mar17-Jun17,Mar-Jun
2017-03-01,INR,0,2017-03-15,2017-06-21,0.14572052687482273,1.1657642149985818,81.71663925790938,1.0200436881237591,98,14,4.577316452086796,Mar17-Jun17,Mar-Jun
2017-03-02,INR,0,2017-03-15,2017-06-21,0.13598409449612064,1.1610949606976455,82.0581577857894,1.025110866201525,98,13,4.58148634428364,Mar17-Jun17,Mar-Jun
2017-03-03,INR,0,2017-03-15,2017-06-21,0.12410178109517217,1.1375996600390783,81.9998434863432,1.0134978789439062,98,12,4.533456619419498,Mar17-Jun17,Mar-Jun
2017-03-06,INR,0,2017-03-15,2017-06-21,0.09503873197143849,1.1299049245493242,82.13393762432875,1.0348661925778857,98,9,4.623126113579841,Mar17-Jun17,Mar-Jun
2017-03-07,INR,0,2017-03-15,2017-06-21,0.08414548279121406,1.1149276469835865,81.16876286533225,1.0307821641923725,98,8,4.660198388692027,Mar17-Jun17,Mar-Jun
2017-03-08,INR,0,2017-03-15,2017-06-21,0.07256057976418298,1.0884086964627446,81.03765113295927,1.0158481166985616,98,7,4.600760965237962,Mar17-Jun17,Mar-Jun
2017-03-09,INR,0,2017-03-15,2017-06-21,0.07430440611109207,1.1039511765076537,81.25704311542765,1.0296467703965617,98,6,4.650575708524891,Mar17-Jun17,Mar-Jun
2017-03-10,INR,0,2017-03-15,2017-06-21,0.0756298331436812,1.1128389733998807,81.28432915081751,1.0372091402561996,98,5,4.683084988012384,Mar17-Jun17,Mar-Jun
2017-03-13,INR,0,2017-03-15,2017-06-21,0.0742644202584947,1.060920289407067,81.21030398487655,0.9866558691485724,98,2,4.458964601375873,Mar17-Jun17,Mar-Jun
2017-03-14,INR,0,2017-03-15,2017-06-21,0.07461611861559601,1.055285106134858,80.74796568595627,0.980668987519262,98,1,4.457241311448707,Mar17-Jun17,Mar-Jun
2017-03-15,INR,0,2017-06-21,2017-09-20,1.0293759199993833,1.9852249885702393,81.24047944188229,0.955849068570856,91,98,4.596314061786982,Jun17-Sep17,Jun-Sep
2017-03-16,INR,0,2017-06-21,2017-09-20,0.9826302788696268,1.904479303376184,81.25711743715242,0.9218490245065571,91,97,4.434443639561008,Jun17-Sep17,Jun-Sep
2017-03-17,INR,0,2017-06-21,2017-09-20,0.9442251676829063,1.8392719412156613,81.47966633637184,0.895046773532755,91,96,4.295895661073841,Jun17-Sep17,Jun-Sep
2017-03-20,INR,0,2017-06-21,2017-09-20,0.9083956846053637,1.7972559781439452,81.36772102966319,0.8888602935385815,91,93,4.273865287337933,Jun17-Sep17,Jun-Sep
2017-03-21,INR,0,2017-06-21,2017-09-20,0.8670578031853238,1.7246910650316767,80.80391194172918,0.8576332618463529,91,92,4.154272800514636,Jun17-Sep17,Jun-Sep
2017-03-22,INR,0,2017-06-21,2017-09-20,0.8423484181225409,1.6846968362450818,81.17272237906757,0.8423484181225409,91,91,4.06311588346639,Jun17-Sep17,Jun-Sep
2017-03-23,INR,0,2017-06-21,2017-09-20,0.8234582254033627,1.6560659866445406,81.46365218571162,0.832607761241178,91,90,4.002854013413672,Jun17-Sep17,Jun-Sep
2017-03-24,INR,0,2017-06-21,2017-09-20,0.8201257030385567,1.6586811971566313,81.66690572520052,0.8385554941180746,91,89,4.0216775132697276,Jun17-Sep17,Jun-Sep
2017-03-27,INR,0,2017-06-21,2017-09-20,0.8253693167268629,1.69872522163552,81.9644330290916,0.8733559049086571,91,86,4.173260777525751,Jun17-Sep17,Jun-Sep
2017-03-28,INR,0,2017-06-21,2017-09-20,0.8126837467532829,1.6827334050420917,82.09890191992537,0.8700496582888088,91,85,4.151355524629422,Jun17-Sep17,Jun-Sep
2017-03-29,INR,0,2017-06-21,2017-09-20,0.7917799839131985,1.6495416331524968,81.80660899830039,0.8577616492392983,91,84,4.108243308389627,Jun17-Sep17,Jun-Sep
2017-03-30,INR,0,2017-06-21,2017-09-20,0.7897244777305834,1.6555669774111026,81.30779869675841,0.8658424996805192,91,83,4.172246439721407,Jun17-Sep17,Jun-Sep
2017-03-31,INR,0,2017-06-21,2017-09-20,0.7722804016323453,1.62932328637068,81.54072779923399,0.8570428847383346,91,82,4.119032214162093,Jun17-Sep17,Jun-Sep
2017-04-03,INR,0,2017-06-21,2017-09-20,0.7502453665838348,1.6144520546740748,81.77051797462786,0.86420668809024,91,79,4.143005356186222,Jun17-Sep17,Jun-Sep
2017-04-04,INR,0,2017-06-21,2017-09-20,0.7428345401205043,1.6094748369277592,82.22383504949076,0.8666402968072549,91,78,4.132342692803221,Jun17-Sep17,Jun-Sep
2017-04-05,INR,0,2017-06-21,2017-09-20,0.7138186721816376,1.5574225574872094,82.44705147329678,0.8436038853055717,91,77,4.013106219211215,Jun17-Sep17,Jun-Sep
2017-04-06,INR,0,2017-06-21,2017-09-20,0.7067086355625831,1.5528992386704128,82.1419834257448,0.8461906031078297,91,76,4.040579444040907,Jun17-Sep17,Jun-Sep
2017-04-07,INR,0,2017-06-21,2017-09-20,0.6942982251928635,1.536713405093538,82.33308892750375,0.8424151799006745,91,75,4.013894204326351,Jun17-Sep17,Jun-Sep
2017-04-10,INR,0,2017-06-21,2017-09-20,0.6394591350386142,1.4476644307124182,81.76947944982852,0.8082052956738041,91,72,3.8797923260477116,Jun17-Sep17,Jun-Sep
2017-04-11,INR,0,2017-06-21,2017-09-20,0.6295861645759454,1.4365205445253968,81.61098018863788,0.8069343799494514,91,71,3.8816219516444974,Jun17-Sep17,Jun-Sep
2017-04-12,INR,0,2017-06-21,2017-09-20,0.6424549294695505,1.4776463377799665,81.47666487817087,0.8351914083104159,91,70,4.023489207782379,Jun17-Sep17,Jun-Sep
2017-04-13,INR,0,2017-06-21,2017-09-20,0.6157375528877116,1.427797224087447,81.29548179731258,0.8120596711997354,91,69,3.9219825802640345,Jun17-Sep17,Jun-Sep
2017-04-14,INR,0,2017-06-21,2017-09-20,0.6004773109044124,1.4040572416735524,81.46616083459394,0.80357993076914,91,68,3.873678269458699,Jun17-Sep17,Jun-Sep
2017-04-17,INR,0,2017-06-21,2017-09-20,0.5828726995605001,1.3988944789452002,81.93702823421836,0.8160217793847001,91,65,3.9120478718529395,Jun17-Sep17,Jun-Sep
2017-04-18,INR,0,2017-06-21,2017-09-20,0.5711238089035748,1.3831904746883452,82.02064255354848,0.8120666657847704,91,64,3.8896993811517335,Jun17-Sep17,Jun-Sep
2017-04-19,INR,0,2017-06-21,2017-09-20,0.5700381444835414,1.3934265754042123,81.95291258964411,0.8233884309206709,91,63,3.9472180728422734,Jun17-Sep17,Jun-Sep
2017-04-20,INR,0,2017-06-21,2017-09-20,0.5658157641424114,1.3962872889320797,81.92943565946048,0.8304715247896682,91,62,3.982510265276685,Jun17-Sep17,Jun-Sep
2017-04-21,INR,0,2017-06-21,2017-09-20,0.5438085010183344,1.3550638058161777,81.9875946255364,0.8112553047978432,91,61,3.8886551346192366,Jun17-Sep17,Jun-Sep
2017-04-24,INR,0,2017-06-21,2017-09-20,0.5196628518514694,1.3349959469977404,81.65750734535769,0.815333095146271,91,58,3.925048228693564,Jun17-Sep17,Jun-Sep
2017-04-25,INR,0,2017-06-21,2017-09-20,0.5039187162871643,1.3084205265000055,81.49991653455179,0.8045018102128412,91,57,3.881092285725022,Jun17-Sep17,Jun-Sep
2017-04-26,INR,0,2017-06-21,2017-09-20,0.48947628301843105,1.2848752429233812,81.50114013819166,0.7953989599049501,91,56,3.8377967934896153,Jun17-Sep17,Jun-Sep
2017-04-27,INR,0,2017-06-21,2017-09-20,0.4753488518788819,1.2618351340784864,81.13960654208731,0.7864862821996045,91,55,3.812260005765094,Jun17-Sep17,Jun-Sep
2017-04-28,INR,0,2017-06-21,2017-09-20,0.46869598222616865,1.2585355078295268,81.24709622374967,0.7898395256033581,91,54,3.82378949913584,Jun17-Sep17,Jun-Sep
2017-05-01,INR,0,2017-06-21,2017-09-20,0.45125948101296687,1.256447966741986,81.41375969125035,0.8051884857290192,91,51,3.8909916282334707,Jun17-Sep17,Jun-Sep
2017-05-02,INR,0,2017-06-21,2017-09-20,0.428212470315771,1.207559166290474,81.17777267122635,0.7793466959747031,91,50,3.778068215126652,Jun17-Sep17,Jun-Sep
2017-05-03,INR,0,2017-06-21,2017-09-20,0.42622137385853837,1.2177753538815383,81.33205277121449,0.791553980023,91,49,3.8300983861230846,Jun17-Sep17,Jun-Sep
2017-05-04,INR,0,2017-06-21,2017-09-20,0.42961887222075246,1.244104650805929,81.49267917520116,0.8144857785851766,91,48,3.933167914540678,Jun17-Sep17,Jun-Sep
2017-05-05,INR,0,2017-06-21,2017-09-20,0.40844716229442324,1.1992703914176683,81.55903990426293,0.7908232291232451,91,47,3.816795619623915,Jun17-Sep17,Jun-Sep
2017-05-08,INR,0,2017-06-21,2017-09-20,0.3844153070384824,1.1794560556862528,81.36676757919713,0.7950407486477704,91,44,3.847303534278578,Jun17-Sep17,Jun-Sep
2017-05-09,INR,0,2017-06-21,2017-09-20,0.3882547509511911,1.2099101541269677,81.03183761270911,0.8216554031757766,91,43,3.9922638225048463,Jun17-Sep17,Jun-Sep
2017-05-10,INR,0,2017-06-21,2017-09-20,0.3777394148679214,1.1961748137484178,81.065738037284,0.8184353988804964,91,42,3.9754766304714604,Jun17-Sep17,Jun-Sep
2017-05-11,INR,0,2017-06-21,2017-09-20,0.367801589894838,1.1841417040516735,81.25953003205787,0.8163401141568355,91,41,3.9563676902282108,Jun17-Sep17,Jun-Sep
2017-05-12,INR,0,2017-06-21,2017-09-20,0.3598204863654806,1.178412092846949,81.91016830062111,0.8185916064814684,91,40,3.936288827842447,Jun17-Sep17,Jun-Sep
2017-05-15,INR,0,2017-06-21,2017-09-20,0.32793708256902704,1.1344850424009583,82.10552285772494,0.8065479598319312,91,37,3.87068453036392,Jun17-Sep17,Jun-Sep
2017-05-16,INR,0,2017-06-21,2017-09-20,0.3091527811438334,1.090622311257412,81.90058687001182,0.7814695301135787,91,36,3.7605371633053455,Jun17-Sep17,Jun-Sep
2017-05-17,INR,0,2017-06-21,2017-09-20,0.29722100059920975,1.069995602157155,81.68528024455708,0.7727746015579453,91,35,3.729003440302088,Jun17-Sep17,Jun-Sep
2017-05-18,INR,0,2017-06-21,2017-09-20,0.29228332173891436,1.0745710358048322,81.08629912068203,0.7822877140659178,91,34,3.8029226981282984,Jun17-Sep17,Jun-Sep
2017-05-19,INR,0,2017-06-21,2017-09-20,0.28937312020549105,1.0873414213782089,81.25642774304244,0.7979683011727179,91,33,3.8711958697455704,Jun17-Sep17,Jun-Sep
2017-05-22,INR,0,2017-06-21,2017-09-20,0.2537348776985309,1.0233973400507415,81.18688270326291,0.7696624623522106,91,30,3.7386977442250418,Jun17-Sep17,Jun-Sep
2017-05-23,INR,0,2017-06-21,2017-09-20,0.2492518933212574,1.0313871447776168,81.28310124283591,0.7821352514563594,91,29,3.79501058820862,Jun17-Sep17,Jun-Sep
2017-05-24,INR,0,2017-06-21,2017-09-20,0.24303848033419279,1.0329135414203194,81.32743908512317,0.7898750610861267,91,28,3.8307737734305722,Jun17-Sep17,Jun-Sep
2017-05-25,INR,0,2017-06-21,2017-09-20,0.2291374277964074,1.001415425184299,81.67761472265883,0.7722779973878917,91,27,3.730053534951652,Jun17-Sep17,Jun-Sep
2017-05-26,INR,0,2017-06-21,2017-09-20,0.2255899868662834,1.0151549408982754,81.52154397704165,0.789564954031992,91,26,3.820994709956943,Jun17-Sep17,Jun-Sep
2017-05-29,INR,0,2017-06-21,2017-09-20,0.19868967708508972,0.9848097038130534,81.10670289536812,0.7861200267279638,91,23,3.8249927613239256,Jun17-Sep17,Jun-Sep
2017-05-30,INR,0,2017-06-21,2017-09-20,0.18723309402266075,0.9616972556618483,81.01021875890561,0.7744641616391875,91,22,3.7732886881411236,Jun17-Sep17,Jun-Sep
2017-05-31,INR,0,2017-06-21,2017-09-20,0.17884515518333327,0.9538408276444441,80.27065008008778,0.7749956724611109,91,21,3.810983446240193,Jun17-Sep17,Jun-Sep
2017-06-01,INR,0,2017-06-21,2017-09-20,0.1743916383592709,0.9678735928939534,79.90303160112258,0.7934819545346825,91,20,3.9200181068253444,Jun17-Sep17,Jun-Sep
2017-06-02,INR,0,2017-06-21,2017-09-20,0.16542955701521053,0.9577500669301664,79.60292170220092,0.7923205099149558,91,19,3.929446597577176,Jun17-Sep17,Jun-Sep
2017-06-05,INR,0,2017-06-21,2017-09-20,0.14019373087095433,0.9375455751995071,79.75765420958419,0.7973518443285528,91,16,3.947989871951643,Jun17-Sep17,Jun-Sep
2017-06-06,INR,0,2017-06-21,2017-09-20,0.13532800758791672,0.9563179202879447,79.55588717983252,0.820989912700028,91,15,4.075571158592041,Jun17-Sep17,Jun-Sep
2017-06-07,INR,0,2017-06-21,2017-09-20,0.12974426053245341,0.9730819539934006,80.19735461664257,0.8433376934609471,91,14,4.1533692013720485,Jun17-Sep17,Jun-Sep
2017-06-08,INR,0,2017-06-21,2017-09-20,0.12057647116006573,0.9646117692805258,80.53978081448776,0.8440352981204601,91,13,4.1396304853851165,Jun17-Sep17,Jun-Sep
2017-06-09,INR,0,2017-06-21,2017-09-20,0.11299849487885802,0.9699037477101978,80.42681601628352,0.8569052528313398,91,12,4.209042281685279,Jun17-Sep17,Jun-Sep
2017-06-12,INR,0,2017-06-21,2017-09-20,0.08369621902437342,0.9299579891597046,80.28360488331742,0.8462617701353312,91,9,4.165685191682194,Jun17-Sep17,Jun-Sep
2017-06-13,INR,0,2017-06-21,2017-09-20,0.07341218813207649,0.9084758281344466,80.06756237932798,0.8350636400023701,91,8,4.122171565511171,Jun17-Sep17,Jun-Sep
2017-06-14,INR,0,2017-06-21,2017-09-20,0.06312390262735547,0.8837346367829766,79.92146502473769,0.8206107341556211,91,7,4.058747039469313,Jun17-Sep17,Jun-Sep
2017-06-15,INR,0,2017-06-21,2017-09-20,0.06299729346098436,0.8729624951022118,79.6286426921543,0.8099652016412274,91,6,4.020820679731452,Jun17-Sep17,Jun-Sep
2017-06-16,INR,0,2017-06-21,2017-09-20,0.06296701701204496,0.8635476618794738,79.1024248188691,0.8005806448674289,91,5,4.000652492214573,Jun17-Sep17,Jun-Sep
2017-06-19,INR,0,2017-06-21,2017-09-20,0.0634308013070683,0.8427235030796216,79.26399325677492,0.7792927017725533,91,2,3.8863182807742125,Jun17-Sep17,Jun-Sep
2017-06-20,INR,0,2017-06-21,2017-09-20,0.061548630395715155,0.8089248566293992,78.75625428033476,0.747376226233684,91,1,3.751250470698169,Jun17-Sep17,Jun-Sep
2017-06-21,INR,0,2017-09-20,2017-12-20,0.7983324112244055,1.596664822448811,78.37182651485038,0.7983324112244055,91,91,3.989177428944341,Sep17-Dec17,Sep-Dec
2017-06-22,INR,0,2017-09-20,2017-12-20,0.798145228186605,1.6051587366863944,78.66611428380011,0.8070135084997894,91,90,4.017631237430505,Sep17-Dec17,Sep-Dec
2017-06-23,INR,0,2017-09-20,2017-12-20,0.7759234114057483,1.569283303966682,78.88234120033889,0.7933598925609338,91,89,3.9400388939312267,Sep17-Dec17,Sep-Dec
2017-06-26,INR,0,2017-09-20,2017-12-20,0.7419094658849199,1.5269532030422188,78.41531801445174,0.7850437371572989,91,86,3.923416257072426,Sep17-Dec17,Sep-Dec
2017-06-27,INR,0,2017-09-20,2017-12-20,0.7204961616238293,1.4918508758328703,78.1607495626881,0.771354714209041,91,85,3.8684900664191177,Sep17-Dec17,Sep-Dec
2017-06-28,INR,0,2017-09-20,2017-12-20,0.7367740992582859,1.534946040121429,78.5742689779266,0.7981719408631431,91,84,3.9812908266286917,Sep17-Dec17,Sep-Dec
2017-06-29,INR,0,2017-09-20,2017-12-20,0.7458428239033665,1.5635741127612746,78.54889120432829,0.817731288857908,91,83,4.079692003005611,Sep17-Dec17,Sep-Dec
2017-06-30,INR,0,2017-09-20,2017-12-20,0.7434711697942692,1.5685428338342509,78.60181725496277,0.8250716640399817,91,82,4.1136907239599445,Sep17-Dec17,Sep-Dec
2017-07-03,INR,0,2017-09-20,2017-12-20,0.7268815802026828,1.5707396965585212,78.7697306836085,0.8438581163558384,91,79,4.199348507946221,Sep17-Dec17,Sep-Dec
2017-07-04,INR,0,2017-09-20,2017-12-20,0.7106563801288324,1.545994320535777,79.26984326083935,0.8353379404069445,91,78,4.13179915758911,Sep17-Dec17,Sep-Dec
2017-07-05,INR,0,2017-09-20,2017-12-20,0.7170890133012844,1.5704374028221588,79.37400086131244,0.8533483895208744,91,77,4.215055312705809,Sep17-Dec17,Sep-Dec
2017-07-06,INR,0,2017-09-20,2017-12-20,0.7052892156782152,1.5553295322431528,79.90966084124422,0.8500403165649376,91,76,4.171430800820285,Sep17-Dec17,Sep-Dec
2017-07-07,INR,0,2017-09-20,2017-12-20,0.6763733573007836,1.502203191762126,79.66534016147031,0.8258298344613423,91,75,4.066404588916598,Sep17-Dec17,Sep-Dec
2017-07-10,INR,0,2017-09-20,2017-12-20,0.6229058778738238,1.4142513263785037,79.75565613245556,0.7913454485046799,91,72,3.8948163545119296,Sep17-Dec17,Sep-Dec
2017-07-11,INR,0,2017-09-20,2017-12-20,0.6181140039714138,1.4140354189136422,79.72106689000807,0.7959214149422283,91,71,3.9192584091980773,Sep17-Dec17,Sep-Dec
2017-07-12,INR,0,2017-09-20,2017-12-20,0.6166836920936755,1.4216902956787865,79.62729271999045,0.805006603585111,91,70,3.968698525524169,Sep17-Dec17,Sep-Dec
2017-07-13,INR,0,2017-09-20,2017-12-20,0.5953936248717605,1.3835739674189838,79.67886747190254,0.7881803425472232,91,69,3.8842787685677083,Sep17-Dec17,Sep-Dec
2017-07-14,INR,0,2017-09-20,2017-12-20,0.5727477924111223,1.341792992539189,79.42288203365716,0.7690452001280667,91,68,3.8031785267597207,Sep17-Dec17,Sep-Dec
2017-07-17,INR,0,2017-09-20,2017-12-20,0.5626096513752106,1.3517470021165516,80.12729606650745,0.7891373507413411,91,65,3.8689623182903086,Sep17-Dec17,Sep-Dec
2017-07-18,INR,0,2017-09-20,2017-12-20,0.5456089926577323,1.322507398735088,79.96461423426068,0.7768984060773556,91,64,3.817458355766803,Sep17-Dec17,Sep-Dec
2017-07-19,INR,0,2017-09-20,2017-12-20,0.546361099747367,1.3362869962491373,79.66526160193561,0.7899258965017703,91,63,3.8959211437482875,Sep17-Dec17,Sep-Dec
2017-07-20,INR,0,2017-09-20,2017-12-20,0.5242256637508611,1.2940233200640219,79.84784933744324,0.7697976563131608,91,62,3.7890689839590492,Sep17-Dec17,Sep-Dec
2017-07-21,INR,0,2017-09-20,2017-12-20,0.5263123736757757,1.3114668983396376,80.1314687444138,0.7851545246638619,91,61,3.8509685845552974,Sep17-Dec17,Sep-Dec
2017-07-24,INR,0,2017-09-20,2017-12-20,0.5067791902810814,1.3018982646876056,80.11314268458622,0.7951190744065242,91,58,3.901673352553564,Sep17-Dec17,Sep-Dec
2017-07-25,INR,0,2017-09-20,2017-12-20,0.5191177066979,1.3478845717770036,80.6796095426298,0.8287668650791036,91,57,4.037794998311185,Sep17-Dec17,Sep-Dec
2017-07-26,INR,0,2017-09-20,2017-12-20,0.5138564167120377,1.3488730938690991,81.2530082112953,0.8350166771570614,91,56,4.0399771886712,Sep17-Dec17,Sep-Dec
2017-07-27,INR,0,2017-09-20,2017-12-20,0.505767953738127,1.3425840226503003,81.45226762554853,0.8368160689121733,91,55,4.039239262314785,Sep17-Dec17,Sep-Dec
2017-07-28,INR,0,2017-09-20,2017-12-20,0.49973872549234827,1.3418910221553795,81.27281502962927,0.8421522966630313,91,54,4.07421726519535,Sep17-Dec17,Sep-Dec
2017-07-31,INR,0,2017-09-20,2017-12-20,0.47235559698732205,1.3151861720039162,81.44697461213134,0.8428305750165941,91,51,4.070192949273266,Sep17-Dec17,Sep-Dec
2017-08-01,INR,0,2017-09-20,2017-12-20,0.4570616869743995,1.2889139572678066,82.27345374362045,0.831852270293407,91,50,3.9777875540694363,Sep17-Dec17,Sep-Dec
2017-08-02,INR,0,2017-09-20,2017-12-20,0.4472105925493116,1.2845893905897579,82.13808538641148,0.8373787980404462,91,49,4.011255628061443,Sep17-Dec17,Sep-Dec
2017-08-03,INR,0,2017-09-20,2017-12-20,0.44053608459951676,1.2822062762280755,82.42557342744273,0.8416701916285587,91,48,4.01814963219753,Sep17-Dec17,Sep-Dec
2017-08-04,INR,0,2017-09-20,2017-12-20,0.43742516111982954,1.2904950531477026,82.89438416967775,0.8530698920278731,91,47,4.049812451621286,Sep17-Dec17,Sep-Dec
2017-08-07,INR,0,2017-09-20,2017-12-20,0.40447615533678993,1.2459926662296916,82.8489689269126,0.8415165108929017,91,44,3.998724981939314,Sep17-Dec17,Sep-Dec
2017-08-08,INR,0,2017-09-20,2017-12-20,0.400199676186203,1.2517912569170588,83.83288122516163,0.8515915807308558,91,43,3.9995375806256757,Sep17-Dec17,Sep-Dec
2017-08-09,INR,0,2017-09-20,2017-12-20,0.39343070309808326,1.2501182672130613,83.5404362665695,0.856687564114978,91,42,4.03781427282495,Sep17-Dec17,Sep-Dec
2017-08-10,INR,0,2017-09-20,2017-12-20,0.3867236234416886,1.248922356499723,83.39618924907096,0.8621987330580343,91,41,4.071111841161647,Sep17-Dec17,Sep-Dec
2017-08-11,INR,0,2017-09-20,2017-12-20,0.3658082008723772,1.2014871477445928,83.16695730138034,0.8356789468722156,91,40,3.957707645723519,Sep17-Dec17,Sep-Dec
2017-08-14,INR,0,2017-09-20,2017-12-20,0.33999674548990155,1.1785084624854338,82.92618413869342,0.8385117169955323,91,37,3.983837345327722,Sep17-Dec17,Sep-Dec
2017-08-15,INR,0,2017-09-20,2017-12-20,0.31948220275383277,1.1289729757733697,82.54485372546428,0.809490773019537,91,36,3.8646071849913035,Sep17-Dec17,Sep-Dec
2017-08-16,INR,0,2017-09-20,2017-12-20,0.3208723387098404,1.1566740528430441,82.81620833141423,0.8358017141332037,91,35,3.977128247703802,Sep17-Dec17,Sep-Dec
2017-08-17,INR,0,2017-09-20,2017-12-20,0.3065050875447652,1.128009595673434,82.99124428468996,0.8215045081286687,91,34,3.9015555266953954,Sep17-Dec17,Sep-Dec
2017-08-18,INR,0,2017-09-20,2017-12-20,0.29316350173756617,1.1023525476276534,82.99589319608283,0.8091890458900872,91,33,3.8434670306144594,Sep17-Dec17,Sep-Dec
2017-08-21,INR,0,2017-09-20,2017-12-20,0.2729891180715571,1.1010561095552804,83.68821369429506,0.8280669914837233,91,30,3.9016466023949925,Sep17-Dec17,Sep-Dec
2017-08-22,INR,0,2017-09-20,2017-12-20,0.2611529830245676,1.0806330332051073,83.29921846666949,0.8194800501805397,91,29,3.8797088181531345,Sep17-Dec17,Sep-Dec
2017-08-23,INR,0,2017-09-20,2017-12-20,0.2479346304834738,1.0537221795547635,83.31891092687628,0.8057875490712898,91,28,3.814588120561425,Sep17-Dec17,Sep-Dec
2017-08-24,INR,0,2017-09-20,2017-12-20,0.24005970854842573,1.0491498373597867,83.31419814694202,0.809090128811361,91,27,3.830799526117412,Sep17-Dec17,Sep-Dec
2017-08-25,INR,0,2017-09-20,2017-12-20,0.2433561430295997,1.0951026436331988,83.14654564653203,0.851746500603599,91,26,4.040712992200954,Sep17-Dec17,Sep-Dec
2017-08-28,INR,0,2017-09-20,2017-12-20,0.22276445015681828,1.1041368399077078,83.25927834289548,0.8813723897508896,91,23,4.176644220531957,Sep17-Dec17,Sep-Dec
2017-08-29,INR,0,2017-09-20,2017-12-20,0.20949290695005457,1.0760317493343712,83.39908136529252,0.8665388423843166,91,22,4.100136594758166,Sep17-Dec17,Sep-Dec
2017-08-30,INR,0,2017-09-20,2017-12-20,0.1986012907144753,1.0592068838105348,82.59045953148666,0.8606055930960596,91,21,4.1123712738051825,Sep17-Dec17,Sep-Dec
2017-08-31,INR,0,2017-09-20,2017-12-20,0.19155516954224192,1.0631311909594428,82.41921488438084,0.8715760214172008,91,20,4.173781517240045,Sep17-Dec17,Sep-Dec
2017-09-01,INR,0,2017-09-20,2017-12-20,0.18140245510148192,1.0572931221484119,83.03488851911689,0.87589066704693,91,19,4.163922639378175,Sep17-Dec17,Sep-Dec
2017-09-04,INR,0,2017-09-20,2017-12-20,0.1535849676505012,1.0330343611658541,82.79171554362367,0.8794493935153529,91,16,4.194499792535067,Sep17-Dec17,Sep-Dec
2017-09-05,INR,0,2017-09-20,2017-12-20,0.1421057668546666,1.0097946359755396,83.03858701412639,0.8676888691208731,91,15,4.126697183744917,Sep17-Dec17,Sep-Dec
2017-09-06,INR,0,2017-09-20,2017-12-20,0.13453816750763833,1.0142336365069697,82.86109004064691,0.8796954689993314,91,14,4.193129226717658,Sep17-Dec17,Sep-Dec
2017-09-07,INR,0,2017-09-20,2017-12-20,0.1292322813964797,1.0386952732094354,83.04794759937558,0.9094629918129558,91,13,4.325556092626084,Sep17-Dec17,Sep-Dec
2017-09-08,INR,0,2017-09-20,2017-12-20,0.1185826969166497,1.0223011930080164,83.07462720598177,0.9037184960913667,91,12,4.297406120764263,Sep17-Dec17,Sep-Dec
2017-09-11,INR,0,2017-09-20,2017-12-20,0.08916689097246763,0.9940943254137653,83.1070911814099,0.9049274344412976,91,9,4.302997262888053,Sep17-Dec17,Sep-Dec
2017-09-12,INR,0,2017-09-20,2017-12-20,0.08063452981641799,1.0008447308089692,83.48863882922618,0.9202102009925512,91,8,4.356136959916065,Sep17-Dec17,Sep-Dec
2017-09-13,INR,0,2017-09-20,2017-12-20,0.06871132538223274,0.9645913026849786,83.94702926948163,0.8958799773027459,91,7,4.218424481478616,Sep17-Dec17,Sep-Dec
2017-09-14,INR,0,2017-09-20,2017-12-20,0.06658649781616793,0.924954102822853,83.90423645864803,0.8583676050066851,91,6,4.043952239947823,Sep17-Dec17,Sep-Dec
2017-09-15,INR,0,2017-09-20,2017-12-20,0.06503338643220193,0.8937661528094581,83.91026826914496,0.8287327663772562,91,5,3.904127984022111,Sep17-Dec17,Sep-Dec
2017-09-18,INR,0,2017-09-20,2017-12-20,0.0651466666280408,0.8662694685395351,83.64074628212656,0.8011228019114943,91,2,3.786205375637328,Sep17-Dec17,Sep-Dec
2017-09-19,INR,0,2017-09-20,2017-12-20,0.06622311661525879,0.8707348471303236,83.45133314965203,0.8045117305150647,91,1,3.810796090493452,Sep17-Dec17,Sep-Dec
2017-09-20,INR,0,2017-12-20,2018-03-21,0.8468961426040224,1.7054033368792483,83.59957203266761,0.8585071942752259,91,91,4.021828586227651,Dec17-Mar18,Dec-Mar
2017-09-21,INR,0,2017-12-20,2018-03-21,0.8407556058093771,1.702584806522053,84.46943483899948,0.8618292007126759,91,90,3.996514581487541,Dec17-Mar18,Dec-Mar
2017-09-22,INR,0,2017-12-20,2018-03-21,0.8327929219231169,1.6960663305767796,84.71548113753511,0.8632734086536626,91,89,3.9920706621669235,Dec17-Mar18,Dec-Mar
2017-09-25,INR,0,2017-12-20,2018-03-21,0.8192164147825938,1.6979056246244688,85.27632288992793,0.878689209841875,91,86,4.037529895170602,Dec17-Mar18,Dec-Mar
2017-09-26,INR,0,2017-12-20,2018-03-21,0.8044862050263445,1.6776357954388597,85.5080917552759,0.8731495904125152,91,85,4.001987012208513,Dec17-Mar18,Dec-Mar
2017-09-27,INR,0,2017-12-20,2018-03-21,0.7895661757973358,1.6568234282710488,85.63604659151278,0.867257252473713,91,84,3.969781297612774,Dec17-Mar18,Dec-Mar
2017-09-28,INR,0,2017-12-20,2018-03-21,0.7746156183286773,1.6357883237740645,85.64645355679501,0.8611727054453872,91,83,3.9421371535957066,Dec17-Mar18,Dec-Mar
2017-09-29,INR,0,2017-12-20,2018-03-21,0.7566057501357331,1.6082093488755158,86.08142935409181,0.8516035987397828,91,82,3.879614808990307,Dec17-Mar18,Dec-Mar
2017-10-02,INR,0,2017-12-20,2018-03-21,0.7474330936849662,1.6049085461120585,86.35328877651651,0.8574754524270922,91,79,3.8945837740419695,Dec17-Mar18,Dec-Mar
2017-10-03,INR,0,2017-12-20,2018-03-21,0.7333508922770369,1.5862079604594697,85.94606727920183,0.8528570681824328,91,78,3.892435045281247,Dec17-Mar18,Dec-Mar
2017-10-04,INR,0,2017-12-20,2018-03-21,0.7119715947845913,1.5514470094664223,85.60468279818097,0.8394754146818311,91,77,3.847463347432761,Dec17-Mar18,Dec-Mar
2017-10-05,INR,0,2017-12-20,2018-03-21,0.7017890778071343,1.5409183463635259,85.42240335691508,0.8391292685563916,91,76,3.8544712900828566,Dec17-Mar18,Dec-Mar
2017-10-06,INR,0,2017-12-20,2018-03-21,0.6603633274157342,1.4612139438306262,85.42672651926772,0.800850616414892,91,75,3.6802269032494603,Dec17-Mar18,Dec-Mar
2017-10-09,INR,0,2017-12-20,2018-03-21,0.650380686994956,1.4744147549117643,85.81754950775584,0.8240340679168083,91,72,3.770085610485089,Dec17-Mar18,Dec-Mar
2017-10-10,INR,0,2017-12-20,2018-03-21,0.6480593873353733,1.4815436472054118,86.3907684368937,0.8334842598700385,91,71,3.788309713195337,Dec17-Mar18,Dec-Mar
2017-10-11,INR,0,2017-12-20,2018-03-21,0.6646623607757925,1.532433658740693,86.17305963183253,0.8677712979649005,91,70,3.953283572817172,Dec17-Mar18,Dec-Mar
2017-10-12,INR,0,2017-12-20,2018-03-21,0.6386385415826263,1.4854952107733914,86.67420793804727,0.8468566691907651,91,69,3.837009492720246,Dec17-Mar18,Dec-Mar
2017-10-13,INR,0,2017-12-20,2018-03-21,0.605638108745583,1.4216301610008217,87.23689106986666,0.8159920522552387,91,68,3.6748719062272097,Dec17-Mar18,Dec-Mar
2017-10-16,INR,0,2017-12-20,2018-03-21,0.5764907811869375,1.39177457361273,86.78857514908354,0.8152837924257925,91,65,3.6917485097085994,Dec17-Mar18,Dec-Mar
2017-10-17,INR,0,2017-12-20,2018-03-21,0.5608537197686486,1.3674458408314192,86.72767408878245,0.8065921210627706,91,64,3.6555936566162033,Dec17-Mar18,Dec-Mar
2017-10-18,INR,0,2017-12-20,2018-03-21,0.5500161670737341,1.354616036526305,87.1537569590803,0.8045998694525708,91,63,3.6292993301475076,Dec17-Mar18,Dec-Mar
2017-10-19,INR,0,2017-12-20,2018-03-21,0.5424955473222413,1.3498543610271279,87.20372288802777,0.8073588137048866,91,62,3.6399824542516264,Dec17-Mar18,Dec-Mar
2017-10-20,INR,0,2017-12-20,2018-03-21,0.5385771334953937,1.3541217389028062,87.07299719268335,0.8155446054074125,91,61,3.682538901874536,Dec17-Mar18,Dec-Mar
2017-10-23,INR,0,2017-12-20,2018-03-21,0.5278941071037755,1.3681245535029605,86.27612830872445,0.840230446399185,91,58,3.8293024754524403,Dec17-Mar18,Dec-Mar
2017-10-24,INR,0,2017-12-20,2018-03-21,0.5336817156825986,1.3976469735929449,86.01897773977903,0.8639652579103463,91,57,3.9489075879256266,Dec17-Mar18,Dec-Mar
2017-10-25,INR,0,2017-12-20,2018-03-21,0.531264953404211,1.406497657095843,85.87551175047987,0.875232703691632,91,56,4.007161451511044,Dec17-Mar18,Dec-Mar
2017-10-26,INR,0,2017-12-20,2018-03-21,0.5158945446758676,1.3814118689273374,86.01372239915715,0.8655173242514698,91,55,3.957055052813786,Dec17-Mar18,Dec-Mar
2017-10-27,INR,0,2017-12-20,2018-03-21,0.5028219305458541,1.3621432079452396,86.20710665254718,0.8593212773993855,91,54,3.920557658513244,Dec17-Mar18,Dec-Mar
2017-10-30,INR,0,2017-12-20,2018-03-21,0.4642881769657464,1.3046855790134306,86.12377419514803,0.8403974020476842,91,51,3.8396159608677585,Dec17-Mar18,Dec-Mar
2017-10-31,INR,0,2017-12-20,2018-03-21,0.4679239865915963,1.3315892941832843,86.71429436387793,0.863665307591688,91,50,3.919030720700307,Dec17-Mar18,Dec-Mar
2017-11-01,INR,0,2017-12-20,2018-03-21,0.46286902068221353,1.3134240027881317,86.83218631425704,0.8505549821059182,91,49,3.8545515359749856,Dec17-Mar18,Dec-Mar
2017-11-02,INR,0,2017-12-20,2018-03-21,0.4504024294083995,1.296127715649589,86.24398178133787,0.8457252862411895,91,48,3.8592192995741,Dec17-Mar18,Dec-Mar
2017-11-03,INR,0,2017-12-20,2018-03-21,0.4322019997330809,1.2616962436101768,86.40589539962676,0.829494243877096,91,47,3.7788894371693713,Dec17-Mar18,Dec-Mar
2017-11-06,INR,0,2017-12-20,2018-03-21,0.4039545802621581,1.234793789510582,86.11514150917262,0.830839209248424,91,44,3.798972227811976,Dec17-Mar18,Dec-Mar
2017-11-07,INR,0,2017-12-20,2018-03-21,0.40521129043443255,1.2590615287155587,86.58805707802593,0.8538502382811262,91,43,3.8829085719733683,Dec17-Mar18,Dec-Mar
2017-11-08,INR,0,2017-12-20,2018-03-21,0.3913755631542818,1.2366261801298455,87.04066178068331,0.8452506169755637,91,42,3.8245118107890543,Dec17-Mar18,Dec-Mar
2017-11-09,INR,0,2017-12-20,2018-03-21,0.39468183400145107,1.2689599827067417,87.11310684209086,0.8742781487052906,91,41,3.952428507694465,Dec17-Mar18,Dec-Mar
2017-11-10,INR,0,2017-12-20,2018-03-21,0.37808122952672857,1.2375340811183337,86.9772879062778,0.8594528515916051,91,40,3.8921857839762,Dec17-Mar18,Dec-Mar
2017-11-13,INR,0,2017-12-20,2018-03-21,0.3434825543620501,1.1909085056307773,87.01042947881332,0.8474259512687272,91,37,3.837783832094669,Dec17-Mar18,Dec-Mar
2017-11-14,INR,0,2017-12-20,2018-03-21,0.33452879683329906,1.1839892850533242,87.29835227413308,0.8494604882200252,91,36,3.834751281998356,Dec17-Mar18,Dec-Mar
2017-11-15,INR,0,2017-12-20,2018-03-21,0.3265145794945648,1.1805451609218764,87.43730786847534,0.8540305814273117,91,35,3.8496300932370766,Dec17-Mar18,Dec-Mar
2017-11-16,INR,0,2017-12-20,2018-03-21,0.3204126754513773,1.184355628459195,87.22806526662565,0.8639429530078176,91,34,3.903890025220788,Dec17-Mar18,Dec-Mar
2017-11-17,INR,0,2017-12-20,2018-03-21,0.3037220026369643,1.148928686408957,86.7834255469743,0.8452066837719927,91,33,3.839458389700216,Dec17-Mar18,Dec-Mar
2017-11-20,INR,0,2017-12-20,2018-03-21,0.2780757426195895,1.1336042033879068,86.6306987200505,0.8555284607683173,91,30,3.894322773933235,Dec17-Mar18,Dec-Mar
2017-11-21,INR,0,2017-12-20,2018-03-21,0.26987805512776863,1.128723633854626,86.30534891219953,0.8588455787268574,91,29,3.924483919839677,Dec17-Mar18,Dec-Mar
2017-11-22,INR,0,2017-12-20,2018-03-21,0.27250859656400295,1.1701595142685615,86.3854478751515,0.8976509177045585,91,28,4.097888563505939,Dec17-Mar18,Dec-Mar
2017-11-23,INR,0,2017-12-20,2018-03-21,0.2569611993492644,1.134970236939214,86.07329977215204,0.8780090375899496,91,27,4.023435476068268,Dec17-Mar18,Dec-Mar
2017-11-24,INR,0,2017-12-20,2018-03-21,0.2519604659356495,1.1458376048706023,86.51165875328981,0.8938771389349527,91,26,4.075691268703963,Dec17-Mar18,Dec-Mar
2017-11-27,INR,0,2017-12-20,2018-03-21,0.22972068286854166,1.1506437612177025,86.60305909358955,0.9209230783491609,91,23,4.195664572139264,Dec17-Mar18,Dec-Mar
2017-11-28,INR,0,2017-12-20,2018-03-21,0.22257971897194787,1.1552755317049563,86.5811302949226,0.9326958127330085,91,22,4.250723422074198,Dec17-Mar18,Dec-Mar
2017-11-29,INR,0,2017-12-20,2018-03-21,0.2125167913326977,1.1454453310943835,86.56159670397068,0.9329285397616858,91,21,4.253234245193197,Dec17-Mar18,Dec-Mar
2017-11-30,INR,0,2017-12-20,2018-03-21,0.20145292820067773,1.1301315960538922,86.8884806889435,0.9286786678532145,91,20,4.218505490219342,Dec17-Mar18,Dec-Mar
2017-12-01,INR,0,2017-12-20,2018-03-21,0.19208294787702665,1.1241265347089544,86.88501208315041,0.9320435868319278,91,19,4.234414798911409,Dec17-Mar18,Dec-Mar
2017-12-04,INR,0,2017-12-20,2018-03-21,0.15750589830121028,1.0552971082808984,86.73631341221291,0.8977912099796881,91,16,4.087404050381966,Dec17-Mar18,Dec-Mar
2017-12-05,INR,0,2017-12-20,2018-03-21,0.1465976585256668,1.0426733531611116,86.61363040132782,0.8960756946354449,91,15,4.085875423788485,Dec17-Mar18,Dec-Mar
2017-12-06,INR,0,2017-12-20,2018-03-21,0.1350160279938241,1.0246534591786836,86.63939442002045,0.8896374311848595,91,14,4.055855596757678,Dec17-Mar18,Dec-Mar
2017-12-07,INR,0,2017-12-20,2018-03-21,0.12373352792259473,1.0018632795146722,86.36440416418489,0.8781297515920775,91,13,4.016643194209024,Dec17-Mar18,Dec-Mar
2017-12-08,INR,0,2017-12-20,2018-03-21,0.11124788409050346,0.9669033799951756,86.58509917215025,0.8556554959046722,91,12,3.9044444984902835,Dec17-Mar18,Dec-Mar
2017-12-11,INR,0,2017-12-20,2018-03-21,0.08404068687923097,0.9457618832914584,86.23060936002429,0.8617211964122274,91,9,3.9495113853894335,Dec17-Mar18,Dec-Mar
2017-12-12,INR,0,2017-12-20,2018-03-21,0.07384978309204353,0.9258024111371081,85.76168668609829,0.8519526280450647,91,8,3.9265346075202654,Dec17-Mar18,Dec-Mar
2017-12-13,INR,0,2017-12-20,2018-03-21,0.06518553021252671,0.9245536548781491,86.08486969998165,0.8593681246656224,91,7,3.9462517656155107,Dec17-Mar18,Dec-Mar
2017-12-14,INR,0,2017-12-20,2018-03-21,0.06603718563648338,0.9270967453825163,86.47221696554777,0.8610595597460329,91,6,3.9362817063261475,Dec17-Mar18,Dec-Mar
2017-12-15,INR,0,2017-12-20,2018-03-21,0.06365391456687157,0.8850388397383953,86.91025345621306,0.8213849251715237,91,5,3.736103122236133,Dec17-Mar18,Dec-Mar
2017-12-18,INR,0,2017-12-20,2018-03-21,0.06243275711769,0.8415039245349222,86.68909007926402,0.7790711674172321,91,2,3.552721246175672,Dec17-Mar18,Dec-Mar
2017-12-19,INR,0,2017-12-20,2018-03-21,0.06307506904367395,0.8410078802779916,86.55306164016355,0.7779328112343176,91,1,3.5530751116548327,Dec17-Mar18,Dec-Mar
2017-12-20,INR,0,2018-03-21,2018-06-20,0.8354287921464356,1.6587999659141723,86.81485232663142,0.8233711737677367,91,91,3.716237431287443,Mar18-Jun18,Mar-Jun
2017-12-21,INR,0,2018-03-21,2018-06-20,0.82856764166007,1.6541111852877373,87.09123675768718,0.8255435436276672,91,90,3.7146198954049754,Mar18-Jun18,Mar-Jun
2017-12-22,INR,0,2018-03-21,2018-06-20,0.8235364475752058,1.6532927956767887,86.5188196459401,0.8297563481015828,91,89,3.758259718093499,Mar18-Jun18,Mar-Jun
2017-12-25,INR,0,2018-03-21,2018-06-20,0.7797678054896536,1.5921556900357259,86.51964885597,0.8123878845460722,91,86,3.6814016674187435,Mar18-Jun18,Mar-Jun
2017-12-26,INR,0,2018-03-21,2018-06-20,0.7659653574438103,1.5731535376313273,86.38830683982633,0.8071881801875169,91,85,3.6639304547150107,Mar18-Jun18,Mar-Jun
2017-12-27,INR,0,2018-03-21,2018-06-20,0.765087958029863,1.580956585772076,86.24487958984461,0.815868627742213,91,84,3.709474034603594,Mar18-Jun18,Mar-Jun
2017-12-28,INR,0,2018-03-21,2018-06-20,0.7575859998345527,1.5750943652232827,86.01481247575468,0.8175083653887301,91,83,3.727105721090863,Mar18-Jun18,Mar-Jun
2017-12-29,INR,0,2018-03-21,2018-06-20,0.7703301777617787,1.6119322661518922,86.13691740652966,0.8416020883901135,91,82,3.8309979290743326,Mar18-Jun18,Mar-Jun
2018-01-01,INR,0,2018-03-21,2018-06-20,0.7279434752409484,1.5664606429235597,85.83301147725605,0.8385171676826113,91,79,3.8322252510618457,Mar18-Jun18,Mar-Jun
2018-01-02,INR,0,2018-03-21,2018-06-20,0.6980030392171634,1.5123399183038542,86.43195208163577,0.8143368790866907,91,78,3.6974109354539437,Mar18-Jun18,Mar-Jun
2018-01-03,INR,0,2018-03-21,2018-06-20,0.7084934761182761,1.5458039478944205,86.44344659342634,0.8373104717761445,91,77,3.800761094427868,Mar18-Jun18,Mar-Jun
2018-01-04,INR,0,2018-03-21,2018-06-20,0.6989885569095253,1.535935381630141,86.6201872501448,0.8369468247206158,91,76,3.791834264196809,Mar18-Jun18,Mar-Jun
2018-01-05,INR,0,2018-03-21,2018-06-20,0.6813963055702331,1.5081571563287826,87.4039824342995,0.8267608507585494,91,75,3.7131046190946595,Mar18-Jun18,Mar-Jun
2018-01-08,INR,0,2018-03-21,2018-06-20,0.6598448730408945,1.4938154764675804,87.90940366295646,0.8339706034266859,91,72,3.725022420014685,Mar18-Jun18,Mar-Jun
2018-01-09,INR,0,2018-03-21,2018-06-20,0.6500810929751514,1.4832836205911903,87.81035653046119,0.833202527616039,91,71,3.7261694742766327,Mar18-Jun18,Mar-Jun
2018-01-10,INR,0,2018-03-21,2018-06-20,0.6452645544543617,1.4841084752450322,87.99786429953885,0.8388439207906705,91,70,3.743666842327089,Mar18-Jun18,Mar-Jun
2018-01-11,INR,0,2018-03-21,2018-06-20,0.6338414194297157,1.4697772044747033,88.0015433918816,0.8359357850449876,91,69,3.7310141058315454,Mar18-Jun18,Mar-Jun
2018-01-12,INR,0,2018-03-21,2018-06-20,0.6144780223572561,1.436794199335349,87.7367602773802,0.8223161769780929,91,68,3.682029821534543,Mar18-Jun18,Mar-Jun
2018-01-15,INR,0,2018-03-21,2018-06-20,0.604138675023901,1.4499328200573625,87.63568588820907,0.8457941450334615,91,65,3.791937293709379,Mar18-Jun18,Mar-Jun
2018-01-16,INR,0,2018-03-21,2018-06-20,0.5754399697871093,1.3936436768281553,87.47573535792063,0.818203707041046,91,64,3.6761006517012813,Mar18-Jun18,Mar-Jun
2018-01-17,INR,0,2018-03-21,2018-06-20,0.5803735460312326,1.4186908902985687,87.69502216216816,0.8383173442673361,91,63,3.7569021769081,Mar18-Jun18,Mar-Jun
2018-01-18,INR,0,2018-03-21,2018-06-20,0.5762748531406183,1.422097621459913,87.31760924366054,0.8458227683192947,91,62,3.8069907649190693,Mar18-Jun18,Mar-Jun
2018-01-19,INR,0,2018-03-21,2018-06-20,0.5655748479857459,1.4093012605546456,87.79900598851454,0.8437264125688997,91,61,3.777326552562673,Mar18-Jun18,Mar-Jun
2018-01-22,INR,0,2018-03-21,2018-06-20,0.5451317221690509,1.4004245966066997,87.91439522962985,0.8552928744376488,91,58,3.8249992094240017,Mar18-Jun18,Mar-Jun
2018-01-23,INR,0,2018-03-21,2018-06-20,0.548345093568855,1.4237732254068514,88.21438466282314,0.8754281318379964,91,57,3.901673798691548,Mar18-Jun18,Mar-Jun
2018-01-24,INR,0,2018-03-21,2018-06-20,0.5296329088299749,1.3902863856786842,88.13404778944209,0.8606534768487093,91,56,3.8401101313650723,Mar18-Jun18,Mar-Jun
2018-01-25,INR,0,2018-03-21,2018-06-20,0.5212512421894399,1.3836851156301493,87.97429569941586,0.8624338734407094,91,55,3.855364965159215,Mar18-Jun18,Mar-Jun
2018-01-26,INR,0,2018-03-21,2018-06-20,0.4952651473693156,1.3298786364546435,87.41587479182373,0.834613489085328,91,54,3.7558012004082415,Mar18-Jun18,Mar-Jun
2018-01-29,INR,0,2018-03-21,2018-06-20,0.4632494013895988,1.2898316666141771,87.98314115537701,0.8265822652245783,91,51,3.6971500520601106,Mar18-Jun18,Mar-Jun
2018-01-30,INR,0,2018-03-21,2018-06-20,0.4424139389914077,1.2476073079557697,87.70201976502995,0.805193368964362,91,50,3.6138190772593366,Mar18-Jun18,Mar-Jun
2018-01-31,INR,0,2018-03-21,2018-06-20,0.4437448132338896,1.2678423235253988,87.82076986235028,0.8240975102915092,91,49,3.693631565031874,Mar18-Jun18,Mar-Jun
2018-02-01,INR,0,2018-03-21,2018-06-20,0.43594540441298424,1.2624252336126,87.82752360642971,0.8264798291996158,91,48,3.704353080316513,Mar18-Jun18,Mar-Jun
2018-02-02,INR,0,2018-03-21,2018-06-20,0.4225066264384505,1.2405513712448122,87.95595810327453,0.8180447448063617,91,47,3.6617754996786176,Mar18-Jun18,Mar-Jun
2018-02-05,INR,0,2018-03-21,2018-06-20,0.39731858989466984,1.2190456735404644,88.34750153569576,0.8217270836457946,91,44,3.663074034263795,Mar18-Jun18,Mar-Jun
2018-02-06,INR,0,2018-03-21,2018-06-20,0.3893422071108975,1.2132989709967505,88.49582251613185,0.823956763885853,91,43,3.6672139675517585,Mar18-Jun18,Mar-Jun
2018-02-07,INR,0,2018-03-21,2018-06-20,0.38421448697207605,1.2166792087449074,88.46241611418546,0.8324647217728314,91,42,3.706687590633704,Mar18-Jun18,Mar-Jun
2018-02-08,INR,0,2018-03-21,2018-06-20,0.35122550601231045,1.1307747998445117,88.23977968375964,0.7795492938322013,91,41,3.4810884758527068,Mar18-Jun18,Mar-Jun
2018-02-09,INR,0,2018-03-21,2018-06-20,0.3387250348038939,1.1093244889827525,88.00014695586565,0.7705994541788586,91,40,3.450944351606654,Mar18-Jun18,Mar-Jun
2018-02-12,INR,0,2018-03-21,2018-06-20,0.3119222238525496,1.0790822879223336,87.98836166174989,0.767160064069784,91,37,3.437043236138958,Mar18-Jun18,Mar-Jun
2018-02-13,INR,0,2018-03-21,2018-06-20,0.3167965814060124,1.1175879399600994,87.85519733575298,0.800791358554087,91,36,3.5929388384214307,Mar18-Jun18,Mar-Jun
2018-02-14,INR,0,2018-03-21,2018-06-20,0.3132226618360989,1.1276015826099561,88.42863471383907,0.8143789207738572,91,35,3.6304387836039322,Mar18-Jun18,Mar-Jun
2018-02-15,INR,0,2018-03-21,2018-06-20,0.2980323784942638,1.0957072738759697,88.1379235625504,0.7976748953817059,91,34,3.568273690473177,Mar18-Jun18,Mar-Jun
2018-02-16,INR,0,2018-03-21,2018-06-20,0.29182268001409484,1.0965458279317501,88.04508449149715,0.8047231479176553,91,33,3.6038392644054236,Mar18-Jun18,Mar-Jun
2018-02-19,INR,0,2018-03-21,2018-06-20,0.26288894315030004,1.0603187373728769,87.78152221616133,0.7974297942225768,91,30,3.583040963378603,Mar18-Jun18,Mar-Jun
2018-02-20,INR,0,2018-03-21,2018-06-20,0.2584050922193112,1.069262450562667,87.44474825393435,0.8108573583433559,91,29,3.6575507599222568,Mar18-Jun18,Mar-Jun
2018-02-21,INR,0,2018-03-21,2018-06-20,0.2525319522799918,1.0732607971899655,87.24704302242931,0.8207288449099737,91,28,3.710691608954035,Mar18-Jun18,Mar-Jun
2018-02-22,INR,0,2018-03-21,2018-06-20,0.2465703897830128,1.077603925718352,87.71595652548771,0.8310335359353392,91,27,3.737506541022415,Mar18-Jun18,Mar-Jun
2018-02-23,INR,0,2018-03-21,2018-06-20,0.23737827655404045,1.068202244493182,87.97364937643974,0.8308239679391416,91,26,3.72603768979054,Mar18-Jun18,Mar-Jun
2018-02-26,INR,0,2018-03-21,2018-06-20,0.20271943628561154,1.004783292893901,87.48010201923186,0.8020638566082894,91,23,3.618724648255347,Mar18-Jun18,Mar-Jun
2018-02-27,INR,0,2018-03-21,2018-06-20,0.19149782010600044,0.9836024396353658,87.71642729071843,0.7921046195293653,91,22,3.564639580212106,Mar18-Jun18,Mar-Jun
2018-02-28,INR,0,2018-03-21,2018-06-20,0.18866079521180953,1.0061909077963174,87.7787657069596,0.8175301125845078,91,21,3.6765711916036206,Mar18-Jun18,Mar-Jun
2018-03-01,INR,0,2018-03-21,2018-06-20,0.18240394599886942,1.012341900293725,88.14852198903175,0.8299379542948556,91,20,3.7170118995407515,Mar18-Jun18,Mar-Jun
2018-03-02,INR,0,2018-03-21,2018-06-20,0.16860953905929166,0.9761604892906359,88.7249892309134,0.8075509502313443,91,19,3.5938550132581737,Mar18-Jun18,Mar-Jun
2018-03-05,INR,0,2018-03-21,2018-06-20,0.14200139528525796,0.9496343309701626,89.0684463546098,0.8076329356849046,91,16,3.5814542741402318,Mar18-Jun18,Mar-Jun
2018-03-06,INR,0,2018-03-21,2018-06-20,0.1315319506596891,0.9294924513284697,88.82213176297645,0.7979605006687807,91,15,3.5487766147496,Mar18-Jun18,Mar-Jun
2018-03-07,INR,0,2018-03-21,2018-06-20,0.12258874730853603,0.9194156048140203,88.82541249382174,0.7968268575054842,91,14,3.5439605496052873,Mar18-Jun18,Mar-Jun
2018-03-08,INR,0,2018-03-21,2018-06-20,0.11589493638369155,0.9271594910695324,88.8495085346359,0.8112645546858409,91,13,3.6074677493740865,Mar18-Jun18,Mar-Jun
2018-03-09,INR,0,2018-03-21,2018-06-20,0.10911463431383199,0.9365672778603913,88.06549366061283,0.8274526435465593,91,12,3.7124508888839474,Mar18-Jun18,Mar-Jun
2018-03-12,INR,0,2018-03-21,2018-06-20,0.08516114192542205,0.9462349102824673,88.32915899856117,0.8610737683570453,91,9,3.852821207700477,Mar18-Jun18,Mar-Jun
2018-03-13,INR,0,2018-03-21,2018-06-20,0.07670071183993854,0.9491713090192395,88.65047533855122,0.872470597179301,91,8,3.890050587023064,Mar18-Jun18,Mar-Jun
2018-03-14,INR,0,2018-03-21,2018-06-20,0.06542371721053968,0.9159320409475554,88.2967390216101,0.8505083237370158,91,7,3.8077930749952906,Mar18-Jun18,Mar-Jun
2018-03-15,INR,0,2018-03-21,2018-06-20,0.06432963162444436,0.8914248953673004,88.493512866575,0.827095263742856,91,6,3.6947887695761947,Mar18-Jun18,Mar-Jun
2018-03-16,INR,0,2018-03-21,2018-06-20,0.0628612064849593,0.8620965460794419,88.3809573207967,0.7992353395944826,91,5,3.5749362559286486,Mar18-Jun18,Mar-Jun
2018-03-19,INR,0,2018-03-21,2018-06-20,0.06236055373381789,0.8285044996064377,88.68569323039497,0.7661439458726198,91,2,3.4151724993331856,Mar18-Jun18,Mar-Jun
2018-03-20,INR,0,2018-03-21,2018-06-20,0.06297241209528691,0.827637416109485,88.44521671891785,0.7646650040141981,91,1,3.4178174892392286,Mar18-Jun18,Mar-Jun
2018-03-21,INR,0,2018-06-20,2018-09-19,0.8249387047690806,1.6498774095381612,88.26336433307029,0.8249387047690806,91,91,3.6632124149028744,Jun18-Sep18,Jun-Sep
2018-03-22,INR,0,2018-06-20,2018-09-19,0.8146035949664694,1.6382583409881217,87.81969831658907,0.8236547460216523,91,90,3.6762453244312536,Jun18-Sep18,Jun-Sep
2018-03-23,INR,0,2018-06-20,2018-09-19,0.80813702257001,1.634434427669683,88.0077748199472,0.826297405099673,91,89,3.680499121751442,Jun18-Sep18,Jun-Sep
2018-03-26,INR,0,2018-06-20,2018-09-19,0.7890852973198489,1.6240476468094565,88.61761558422617,0.8349623494896076,91,86,3.6945192291559694,Jun18-Sep18,Jun-Sep
2018-03-27,INR,0,2018-06-20,2018-09-19,0.8094577454502901,1.6760536846970715,88.54183300156448,0.8665959392467814,91,85,3.8368686105454843,Jun18-Sep18,Jun-Sep
2018-03-28,INR,0,2018-06-20,2018-09-19,0.7782045173483927,1.6212594111424847,88.50726718449997,0.843054893794092,91,84,3.7353918321051625,Jun18-Sep18,Jun-Sep
2018-03-29,INR,0,2018-06-20,2018-09-19,0.7614120424870501,1.5962131975029723,88.5184999630622,0.8348011550159222,91,83,3.6990516563165885,Jun18-Sep18,Jun-Sep
2018-03-30,INR,0,2018-06-20,2018-09-19,0.7713434615792988,1.6273465713807156,88.27501810729795,0.8560031098014168,91,82,3.802946992129922,Jun18-Sep18,Jun-Sep
2018-04-02,INR,0,2018-06-20,2018-09-19,0.7731365302697998,1.6637115208337465,88.18269190976436,0.8905749905639467,91,79,3.9605654520989755,Jun18-Sep18,Jun-Sep
2018-04-03,INR,0,2018-06-20,2018-09-19,0.753555704488281,1.6327040263912758,88.2552507536544,0.8791483219029947,91,78,3.9074216852532504,Jun18-Sep18,Jun-Sep
2018-04-04,INR,0,2018-06-20,2018-09-19,0.7317476332557584,1.5965402907398365,88.64994346450202,0.8647926574840781,91,77,3.8275822753557875,Jun18-Sep18,Jun-Sep
2018-04-05,INR,0,2018-06-20,2018-09-19,0.7365621328782348,1.6184983709298053,88.23308047713935,0.8819362380515705,91,76,3.921538203152487,Jun18-Sep18,Jun-Sep
2018-04-06,INR,0,2018-06-20,2018-09-19,0.7043763327343294,1.5590196164519825,88.12970102050188,0.8546432837176531,91,75,3.8059790767913353,Jun18-Sep18,Jun-Sep
2018-04-09,INR,0,2018-06-20,2018-09-19,0.6647305810088311,1.5048761764505483,88.64032436975177,0.8401455954417172,91,72,3.72168507916679,Jun18-Sep18,Jun-Sep
2018-04-10,INR,0,2018-06-20,2018-09-19,0.6590298069016041,1.5037018129304207,89.59675392660024,0.8446720060288166,91,71,3.702321830317718,Jun18-Sep18,Jun-Sep
2018-04-11,INR,0,2018-06-20,2018-09-19,0.6913373155313404,1.5900758257220828,89.15854368239032,0.8987385101907425,91,70,3.9570993437223088,Jun18-Sep18,Jun-Sep
2018-04-12,INR,0,2018-06-20,2018-09-19,0.667466865680396,1.547749253751643,88.88043256601448,0.880282388071247,91,69,3.888908442344362,Jun18-Sep18,Jun-Sep
2018-04-13,INR,0,2018-06-20,2018-09-19,0.6375553595606738,1.4907544436786344,88.53462891748335,0.8531990841179606,91,68,3.7851411932902495,Jun18-Sep18,Jun-Sep
2018-04-16,INR,0,2018-06-20,2018-09-19,0.6125361000868899,1.4700866402085355,88.39785246437816,0.8575505401216457,91,65,3.811361444393059,Jun18-Sep18,Jun-Sep
2018-04-17,INR,0,2018-06-20,2018-09-19,0.6152016550757637,1.4899415083866157,87.92516876007318,0.8747398533108519,91,64,3.908397145364881,Jun18-Sep18,Jun-Sep
2018-04-18,INR,0,2018-06-20,2018-09-19,0.5952334303421457,1.4550150519474674,88.07110962585845,0.8597816216053217,91,63,3.8361048515483396,Jun18-Sep18,Jun-Sep
2018-04-19,INR,0,2018-06-20,2018-09-19,0.5757922323109697,1.4209066377996509,87.5129308084338,0.8451144054886812,91,62,3.795389035725637,Jun18-Sep18,Jun-Sep
2018-04-20,INR,0,2018-06-20,2018-09-19,0.5754216869682518,1.4338376462159719,87.37249452211138,0.8584159592477201,91,61,3.8612981566048825,Jun18-Sep18,Jun-Sep
2018-04-23,INR,0,2018-06-20,2018-09-19,0.5522467994022995,1.418702984671424,86.97479290834646,0.8664561852691246,91,58,3.9162055135830003,Jun18-Sep18,Jun-Sep
2018-04-24,INR,0,2018-06-20,2018-09-19,0.5257310496032034,1.3650560586188438,86.88285182301661,0.8393250090156404,91,57,3.7987192103453937,Jun18-Sep18,Jun-Sep
2018-04-25,INR,0,2018-06-20,2018-09-19,0.5161818681253816,1.3549774038291267,86.22537280352988,0.8387955357037451,91,56,3.825515950155963,Jun18-Sep18,Jun-Sep
2018-04-26,INR,0,2018-06-20,2018-09-19,0.5016546042981759,1.3316649495915212,86.21655605890905,0.8300103452933453,91,55,3.7864681303264556,Jun18-Sep18,Jun-Sep
2018-04-27,INR,0,2018-06-20,2018-09-19,0.4987239990212157,1.3391662936680793,85.62223330717698,0.8404422946468635,91,54,3.8606475869981693,Jun18-Sep18,Jun-Sep
2018-04-30,INR,0,2018-06-20,2018-09-19,0.4863253993533824,1.3540824844741237,86.09366577513636,0.8677570851207412,91,51,3.964986742707941,Jun18-Sep18,Jun-Sep
2018-05-01,INR,0,2018-06-20,2018-09-19,0.4993991515249665,1.4083056073004054,86.88467251135157,0.9089064557754389,91,50,4.114793259865155,Jun18-Sep18,Jun-Sep
2018-05-02,INR,0,2018-06-20,2018-09-19,0.48099657316192235,1.374275923319778,86.82916018221579,0.8932793501578558,91,49,4.047469968645079,Jun18-Sep18,Jun-Sep
2018-05-03,INR,0,2018-06-20,2018-09-19,0.48242577214239313,1.3970246318290134,87.57338708675051,0.9145988596866202,91,48,4.108977219784492,Jun18-Sep18,Jun-Sep
2018-05-04,INR,0,2018-06-20,2018-09-19,0.46423676423128335,1.3630781588067469,87.29147703531787,0.8988413945754635,91,47,4.051993781937223,Jun18-Sep18,Jun-Sep
2018-05-07,INR,0,2018-06-20,2018-09-19,0.4432031445085691,1.3598278297422008,86.99172137616242,0.9166246852336317,91,44,4.147321640475505,Jun18-Sep18,Jun-Sep
2018-05-08,INR,0,2018-06-20,2018-09-19,0.43057231971257665,1.341783507941518,86.77019321171653,0.9112111882289413,91,43,4.133898930707742,Jun18-Sep18,Jun-Sep
2018-05-09,INR,0,2018-06-20,2018-09-19,0.4087978397801988,1.2945264926372961,87.06500686236163,0.8857286528570973,91,42,4.0057494878172974,Jun18-Sep18,Jun-Sep
2018-05-10,INR,0,2018-06-20,2018-09-19,0.40125379812453493,1.2918414964009417,86.66332243616537,0.8905876982764067,91,41,4.046656210227946,Jun18-Sep18,Jun-Sep
2018-05-11,INR,0,2018-06-20,2018-09-19,0.38320796556600234,1.255006087228658,87.0386153117671,0.8717981216626556,91,40,3.945092381741946,Jun18-Sep18,Jun-Sep
2018-05-14,INR,0,2018-06-20,2018-09-19,0.3571161396838672,1.235428807555,87.46320599267747,0.8783126678711328,91,37,3.956536980143923,Jun18-Sep18,Jun-Sep
2018-05-15,INR,0,2018-06-20,2018-09-19,0.3567562073387226,1.258556620333827,87.51564601670097,0.9018004129951044,91,36,4.059934613249023,Jun18-Sep18,Jun-Sep
2018-05-16,INR,0,2018-06-20,2018-09-19,0.3479276590262247,1.2525395724944088,87.91926263656624,0.9046119134681841,91,35,4.054376808479736,Jun18-Sep18,Jun-Sep
2018-05-17,INR,0,2018-06-20,2018-09-19,0.33941418721467004,1.2478462765245222,88.0604866362287,0.9084320893098521,91,34,4.065386095362663,Jun18-Sep18,Jun-Sep
2018-05-18,INR,0,2018-06-20,2018-09-19,0.3265555648650336,1.2270572740383083,87.64597967202938,0.9005017091732748,91,33,4.0494733207235925,Jun18-Sep18,Jun-Sep
2018-05-21,INR,0,2018-06-20,2018-09-19,0.2960635878359197,1.1941231376048762,87.39789350244166,0.8980595497689565,91,30,4.051320264147288,Jun18-Sep18,Jun-Sep
2018-05-22,INR,0,2018-06-20,2018-09-19,0.2920542882006294,1.2085005028991562,87.69243633680212,0.9164462146985268,91,29,4.120614307071081,Jun18-Sep18,Jun-Sep
2018-05-23,INR,0,2018-06-20,2018-09-19,0.2826132100464653,1.2011061426974774,87.76115481180844,0.9184929326510121,91,28,4.127036468931236,Jun18-Sep18,Jun-Sep
2018-05-24,INR,0,2018-06-20,2018-09-19,0.2693634076846475,1.177217855806978,88.08005965159745,0.9078544481223304,91,27,4.065122304253268,Jun18-Sep18,Jun-Sep
2018-05-25,INR,0,2018-06-20,2018-09-19,0.26458469333444506,1.190631120005003,88.695885992616,0.9260464266705579,91,26,4.1180991298698,Jun18-Sep18,Jun-Sep
2018-05-28,INR,0,2018-06-20,2018-09-19,0.23656216620324474,1.1725255194421695,88.79470241433607,0.9359633532389248,91,23,4.158889783386083,Jun18-Sep18,Jun-Sep
2018-05-29,INR,0,2018-06-20,2018-09-19,0.22677521159884187,1.1647999504849604,88.8029600821146,0.9380247388861186,91,22,4.168121006591529,Jun18-Sep18,Jun-Sep
2018-05-30,INR,0,2018-06-20,2018-09-19,0.21267358305981404,1.1342591096523416,88.75427323159556,0.9215855265925275,91,21,4.0979633256936765,Jun18-Sep18,Jun-Sep
2018-05-31,INR,0,2018-06-20,2018-09-19,0.20230236840117077,1.122778144626498,88.98565021578925,0.9204757762253272,91,20,4.082886225898744,Jun18-Sep18,Jun-Sep
2018-06-01,INR,0,2018-06-20,2018-09-19,0.18983782859719872,1.0990611129311505,89.14300633773621,0.9092232843339518,91,19,4.026433180596391,Jun18-Sep18,Jun-Sep
2018-06-04,INR,0,2018-06-20,2018-09-19,0.1595364625139133,1.066900093061795,89.4917072156615,0.9073636305478816,91,16,4.003927061456796,Jun18-Sep18,Jun-Sep
2018-06-05,INR,0,2018-06-20,2018-09-19,0.15154116535799725,1.0708909018631805,89.10555311916517,0.9193497365051833,91,15,4.074732655981838,Jun18-Sep18,Jun-Sep
2018-06-06,INR,0,2018-06-20,2018-09-19,0.14117290128356919,1.058796759626769,89.13193892215384,0.9176238583431997,91,14,4.066353512914444,Jun18-Sep18,Jun-Sep
2018-06-07,INR,0,2018-06-20,2018-09-19,0.13183357303800897,1.0546685843040717,89.00595427269279,0.9228350112660628,91,13,4.09565455568984,Jun18-Sep18,Jun-Sep
2018-06-08,INR,0,2018-06-20,2018-09-19,0.12000625272190665,1.0300536691963653,88.71137940972245,0.9100474164744586,91,12,4.052832852723612,Jun18-Sep18,Jun-Sep
2018-06-11,INR,0,2018-06-20,2018-09-19,0.08774944585250082,0.9749938428055647,88.60557230083339,0.8872443969530639,91,9,3.9574319294577878,Jun18-Sep18,Jun-Sep
2018-06-12,INR,0,2018-06-20,2018-09-19,0.08028914321151441,0.9935781472424907,88.72637737552131,0.9132890040309763,91,8,4.0684011529202175,Jun18-Sep18,Jun-Sep
2018-06-13,INR,0,2018-06-20,2018-09-19,0.06831994053170479,0.9564791674438671,88.88956127250292,0.8881592269121623,91,7,3.9497309217788525,Jun18-Sep18,Jun-Sep
2018-06-14,INR,0,2018-06-20,2018-09-19,0.06835630561556626,0.9472230921014182,89.22100561512715,0.8788667864858519,91,6,3.893896836144196,Jun18-Sep18,Jun-Sep
2018-06-15,INR,0,2018-06-20,2018-09-19,0.06759089426984777,0.9269608357007694,89.19079645189474,0.8593699414309216,91,5,3.808835633136471,Jun18-Sep18,Jun-Sep
2018-06-18,INR,0,2018-06-20,2018-09-19,0.06850186973554694,0.910096269343695,89.09742311524758,0.8415943996081481,91,2,3.7339201478266326,Jun18-Sep18,Jun-Sep
2018-06-19,INR,0,2018-06-20,2018-09-19,0.06829013798265773,0.8975275277720731,89.22716532642477,0.8292373897894154,91,1,3.6737587001946235,Jun18-Sep18,Jun-Sep
2018-06-20,INR,0,2018-09-19,2018-12-19,0.8401470688302108,1.6802941376604217,89.36694393244036,0.8401470688302108,91,91,3.684476128142728,Sep18-Dec18,Sep-Dec
2018-06-21,INR,0,2018-09-19,2018-12-19,0.8484300632746691,1.7062871272523898,89.86333826813112,0.8578570639777208,91,90,3.741212761612271,Sep18-Dec18,Sep-Dec
2018-06-22,INR,0,2018-09-19,2018-12-19,0.8246227057998248,1.6677762589209941,90.48625940369378,0.8431535531211694,91,89,3.652962758417127,Sep18-Dec18,Sep-Dec
2018-06-25,INR,0,2018-09-19,2018-12-19,0.7958179236813571,1.6379043312976767,90.35321857376898,0.8420864076163196,91,86,3.6548173972310805,Sep18-Dec18,Sep-Dec
2018-06-26,INR,0,2018-09-19,2018-12-19,0.7876299254538547,1.6308572574103344,90.4653155370969,0.8432273319564797,91,85,3.6556018802993,Sep18-Dec18,Sep-Dec
2018-06-27,INR,0,2018-09-19,2018-12-19,0.787342047206568,1.6402959316803503,91.50972476557558,0.8529538844737823,91,84,3.6559374809833347,Sep18-Dec18,Sep-Dec
2018-06-28,INR,0,2018-09-19,2018-12-19,0.7946514781933911,1.665895869947591,91.05425322816579,0.8712443917541999,91,83,3.75255548365591,Sep18-Dec18,Sep-Dec
2018-06-29,INR,0,2018-09-19,2018-12-19,0.8002754040082427,1.688385913334463,90.93606031888913,0.8881105093262203,91,82,3.8298937765857715,Sep18-Dec18,Sep-Dec
2018-07-02,INR,0,2018-09-19,2018-12-19,0.7764463934053893,1.6708340111255215,91.2921401978983,0.8943876177201322,91,79,3.8430444741686256,Sep18-Dec18,Sep-Dec
2018-07-03,INR,0,2018-09-19,2018-12-19,0.771535403761265,1.6788796983303578,91.73211053443006,0.9073442945690928,91,78,3.8803810122030074,Sep18-Dec18,Sep-Dec
2018-07-04,INR,0,2018-09-19,2018-12-19,0.7770810119011589,1.7022530352590197,91.84798908990912,0.9251720233578609,91,77,3.9514368920669645,Sep18-Dec18,Sep-Dec
2018-07-05,INR,0,2018-09-19,2018-12-19,0.7661307510970292,1.689809742046733,91.2704139185363,0.9236789909497038,91,76,3.970286697080896,Sep18-Dec18,Sep-Dec
2018-07-06,INR,0,2018-09-19,2018-12-19,0.7512661487420805,1.6687276322854228,91.4177273598163,0.9174614835433422,91,75,3.937894750405114,Sep18-Dec18,Sep-Dec
2018-07-09,INR,0,2018-09-19,2018-12-19,0.7033703672278546,1.597021742947312,91.68971838167971,0.8936513757194573,91,72,3.826394562187532,Sep18-Dec18,Sep-Dec
2018-07-10,INR,0,2018-09-19,2018-12-19,0.69098505918499,1.5808661391757048,91.85059070061506,0.8898810799907149,91,71,3.804137371977187,Sep18-Dec18,Sep-Dec
2018-07-11,INR,0,2018-09-19,2018-12-19,0.6999488735302717,1.6137123475570276,91.91852249766174,0.913763474026756,91,70,3.902988696703559,Sep18-Dec18,Sep-Dec
2018-07-12,INR,0,2018-09-19,2018-12-19,0.6891983806688138,1.6015208706023885,91.25184699962804,0.9123224899335747,91,69,3.9255458292168997,Sep18-Dec18,Sep-Dec
2018-07-13,INR,0,2018-09-19,2018-12-19,0.6538068007219919,1.5317004993910432,90.91632575534909,0.8778936986690513,91,68,3.792706162724164,Sep18-Dec18,Sep-Dec
2018-07-16,INR,0,2018-09-19,2018-12-19,0.6228661266816337,1.4965586055673705,90.71468269829754,0.8736924788857369,91,65,3.7841675138010378,Sep18-Dec18,Sep-Dec
2018-07-17,INR,0,2018-09-19,2018-12-19,0.5998369839888498,1.4539776850643824,89.81924157983933,0.8541407010755326,91,64,3.737063252326467,Sep18-Dec18,Sep-Dec
2018-07-18,INR,0,2018-09-19,2018-12-19,0.5888402581617485,1.4402163436931352,89.53696415702376,0.8513760855313868,91,63,3.737088661057586,Sep18-Dec18,Sep-Dec
2018-07-19,INR,0,2018-09-19,2018-12-19,0.589079388882954,1.454112566795421,89.9975922647256,0.8650331779124669,91,62,3.7777183031338204,Sep18-Dec18,Sep-Dec
2018-07-20,INR,0,2018-09-19,2018-12-19,0.5786052267270065,1.441770401024672,89.78021980421296,0.8631651742976654,91,61,3.779065707946775,Sep18-Dec18,Sep-Dec
2018-07-23,INR,0,2018-09-19,2018-12-19,0.5675476385426395,1.4580103128078152,89.70714517843791,0.8904626742651758,91,58,3.9022115397847843,Sep18-Dec18,Sep-Dec
2018-07-24,INR,0,2018-09-19,2018-12-19,0.5791958180965351,1.5038768610225826,89.5630773362636,0.9246810429260475,91,57,4.058116933518951,Sep18-Dec18,Sep-Dec
2018-07-25,INR,0,2018-09-19,2018-12-19,0.5582276136637877,1.4653474858674427,89.40879147159026,0.907119872203655,91,56,3.9888018124041835,Sep18-Dec18,Sep-Dec
2018-07-26,INR,0,2018-09-19,2018-12-19,0.5339354179532165,1.4173558367485384,89.47337752282625,0.8834204187953218,91,55,3.8828511753489483,Sep18-Dec18,Sep-Dec
2018-07-27,INR,0,2018-09-19,2018-12-19,0.5230789469553371,1.4045638390467383,89.64636567153296,0.8814848920914012,91,54,3.867377684820768,Sep18-Dec18,Sep-Dec
2018-07-30,INR,0,2018-09-19,2018-12-19,0.4866401483355821,1.3549588443853464,88.8560138300156,0.8683186960497643,91,51,3.844867794346016,Sep18-Dec18,Sep-Dec
2018-07-31,INR,0,2018-09-19,2018-12-19,0.4822456709185797,1.3599327919903947,88.7433062713708,0.877687121071815,91,50,3.891451221125039,Sep18-Dec18,Sep-Dec
2018-08-01,INR,0,2018-09-19,2018-12-19,0.47178332093379927,1.3479523455251408,88.54763589329319,0.8761690245913415,91,49,3.893715781122056,Sep18-Dec18,Sep-Dec
2018-08-02,INR,0,2018-09-19,2018-12-19,0.46405071746603854,1.3508222770334508,89.05223907166086,0.8867715595674123,91,48,3.9189596406222194,Sep18-Dec18,Sep-Dec
2018-08-03,INR,0,2018-09-19,2018-12-19,0.46614928519287885,1.3753024161000482,89.21839789675427,0.9091531309071694,91,47,4.010333844187245,Sep18-Dec18,Sep-Dec
2018-08-06,INR,0,2018-09-19,2018-12-19,0.44917680911324254,1.383544371832716,89.52789537758832,0.9343675627194735,91,44,4.108156733028505,Sep18-Dec18,Sep-Dec
2018-08-07,INR,0,2018-09-19,2018-12-19,0.450458479807878,1.4087347193340223,89.6469643704992,0.9582762395261443,91,43,4.207648571587355,Sep18-Dec18,Sep-Dec
2018-08-08,INR,0,2018-09-19,2018-12-19,0.4423835507537438,1.4054612182511195,89.93403878918673,0.9630776674973757,91,42,4.215676486255593,Sep18-Dec18,Sep-Dec
2018-08-09,INR,0,2018-09-19,2018-12-19,0.4181089966908027,1.350255747280635,89.61264455886996,0.9321467505898322,91,41,4.095948743271563,Sep18-Dec18,Sep-Dec
2018-08-10,INR,0,2018-09-19,2018-12-19,0.4077946750246567,1.3392785530365852,90.02381594002729,0.9314838780119284,91,40,4.0748927733330405,Sep18-Dec18,Sep-Dec
2018-08-13,INR,0,2018-09-19,2018-12-19,0.3764585694630982,1.304846985500116,90.13774595129028,0.9283884160370177,91,37,4.057645318290762,Sep18-Dec18,Sep-Dec
2018-08-14,INR,0,2018-09-19,2018-12-19,0.3655097281312891,1.2915322519937524,90.51071892164806,0.9260225238624633,91,36,4.031181600641424,Sep18-Dec18,Sep-Dec
2018-08-15,INR,0,2018-09-19,2018-12-19,0.3625995716747745,1.3070161967708562,89.51789205007871,0.9444166250960817,91,35,4.156801564261256,Sep18-Dec18,Sep-Dec
2018-08-16,INR,0,2018-09-19,2018-12-19,0.3547621665914973,1.305520246883972,89.82544260258115,0.9507580802924747,91,34,4.17080529682575,Sep18-Dec18,Sep-Dec
2018-08-17,INR,0,2018-09-19,2018-12-19,0.35000837483556246,1.3160192123644965,90.31263846098034,0.966010837528934,91,33,4.215166299082206,Sep18-Dec18,Sep-Dec
2018-08-20,INR,0,2018-09-19,2018-12-19,0.31840235345134293,1.2842228255870831,90.23185950545601,0.9658204721357402,91,30,4.21956619779808,Sep18-Dec18,Sep-Dec
2018-08-21,INR,0,2018-09-19,2018-12-19,0.30565787005710177,1.2647911864431796,89.64677387549315,0.9591333163860778,91,29,4.2182000927587024,Sep18-Dec18,Sep-Dec
2018-08-22,INR,0,2018-09-19,2018-12-19,0.29205806810646273,1.2412467894524666,89.85377006237127,0.9491887213460038,91,28,4.165508689754221,Sep18-Dec18,Sep-Dec
2018-08-23,INR,0,2018-09-19,2018-12-19,0.2784791902605651,1.217057201879507,89.94411210079997,0.9385780116189418,91,27,4.115439178822157,Sep18-Dec18,Sep-Dec
2018-08-24,INR,0,2018-09-19,2018-12-19,0.2752017869204968,1.2384080411422356,89.78519483088135,0.9632062542217388,91,26,4.231034309796138,Sep18-Dec18,Sep-Dec
2018-08-27,INR,0,2018-09-19,2018-12-19,0.24077415814860004,1.1934023490843655,89.73861423838225,0.9526281909357655,91,23,4.188335866988211,Sep18-Dec18,Sep-Dec
2018-08-28,INR,0,2018-09-19,2018-12-19,0.2329230893860303,1.1963776863918827,90.25933454117016,0.9634545970058523,91,22,4.211927998269736,Sep18-Dec18,Sep-Dec
2018-08-29,INR,0,2018-09-19,2018-12-19,0.21335544011749644,1.1378956806266478,89.84783134593347,0.9245402405091514,91,21,4.061152157892854,Sep18-Dec18,Sep-Dec
2018-08-30,INR,0,2018-09-19,2018-12-19,0.20175610255601883,1.1197463691859046,89.81320168940495,0.9179902666298858,91,20,4.03445153460116,Sep18-Dec18,Sep-Dec
2018-08-31,INR,0,2018-09-19,2018-12-19,0.1925082633363816,1.1145215245790514,89.06269097923486,0.9220132612426698,91,19,4.086624667789304,Sep18-Dec18,Sep-Dec
2018-09-03,INR,0,2018-09-19,2018-12-19,0.16916767540210656,1.1376403249999383,88.32436568949228,0.9684726495978317,91,16,4.329491914665969,Sep18-Dec18,Sep-Dec
2018-09-04,INR,0,2018-09-19,2018-12-19,0.1565114979909388,1.1119848352671053,88.83731203133377,0.9554733372761666,91,15,4.247367256725399,Sep18-Dec18,Sep-Dec
2018-09-05,INR,0,2018-09-19,2018-12-19,0.1492176501574583,1.1246892926782528,88.59312587148543,0.9754716425207945,91,14,4.3485539625686584,Sep18-Dec18,Sep-Dec
2018-09-06,INR,0,2018-09-19,2018-12-19,0.1435931805092442,1.1539033735508875,88.55768148090078,1.0103101930416432,91,13,4.505945994765795,Sep18-Dec18,Sep-Dec
2018-09-07,INR,0,2018-09-19,2018-12-19,0.12856641860624884,1.1082967312479455,88.69047072416501,0.9797303126416966,91,12,4.363767393299933,Sep18-Dec18,Sep-Dec
2018-09-10,INR,0,2018-09-19,2018-12-19,0.09790612613205554,1.091441943999635,89.18323258008444,0.9935358178675795,91,9,4.40235353664295,Sep18-Dec18,Sep-Dec
2018-09-11,INR,0,2018-09-19,2018-12-19,0.08615706595395171,1.0694094239465857,89.71894418348178,0.983252357992634,91,8,4.331368144999615,Sep18-Dec18,Sep-Dec
2018-09-12,INR,0,2018-09-19,2018-12-19,0.07505046985005748,1.053526762775331,89.92360914203606,0.9784762929252736,91,7,4.301058750710724,Sep18-Dec18,Sep-Dec
2018-09-13,INR,0,2018-09-19,2018-12-19,0.07365985175301755,1.0231470716393558,90.46976989996008,0.9494872198863382,91,6,4.148520978134493,Sep18-Dec18,Sep-Dec
2018-09-14,INR,0,2018-09-19,2018-12-19,0.07293864785004811,1.0023248949050567,90.32630248885653,0.9293862470550086,91,5,4.06717224532036,Sep18-Dec18,Sep-Dec
2018-09-17,INR,0,2018-09-19,2018-12-19,0.07467835520572955,0.9929686447503135,90.77032424558998,0.918290289544584,91,2,3.998895531777918,Sep18-Dec18,Sep-Dec
2018-09-18,INR,0,2018-09-19,2018-12-19,0.07724645014878165,1.0156480197408417,91.28001542132051,0.9384015695920601,91,1,4.063560774128457,Sep18-Dec18,Sep-Dec
2018-09-19,INR,0,2018-12-19,2019-03-20,1.0206075756974002,2.0539796527602308,91.90440983109787,1.0333720770628305,91,91,4.399316216334719,Dec18-Mar19,Dec-Mar
2018-09-20,INR,0,2018-12-19,2019-03-20,0.9986985280980792,2.021236660495285,91.74926870586759,1.022538132397206,91,90,4.36150345838857,Dec18-Mar19,Dec-Mar
2018-09-21,INR,0,2018-12-19,2019-03-20,0.9805405923697721,1.9958640384137918,91.78728207115998,1.0153234460440197,91,89,4.329803230071072,Dec18-Mar19,Dec-Mar
2018-09-24,INR,0,2018-12-19,2019-03-20,0.9520696775254363,1.9722653028607264,91.96602898774287,1.0201956253352902,91,86,4.3435442562480215,Dec18-Mar19,Dec-Mar
2018-09-25,INR,0,2018-12-19,2019-03-20,0.936851091710304,1.9527645145207129,93.1079937809306,1.0159134228104088,91,85,4.273491185631397,Dec18-Mar19,Dec-Mar
2018-09-26,INR,0,2018-12-19,2019-03-20,0.9093249787408495,1.9073263295280427,92.87489148916478,0.9980013507871932,91,84,4.2098098812357065,Dec18-Mar19,Dec-Mar
2018-09-27,INR,0,2018-12-19,2019-03-20,0.8932687205120979,1.8855580757353105,93.04160243211172,0.9922893552232126,91,83,4.179002172685576,Dec18-Mar19,Dec-Mar
2018-09-28,INR,0,2018-12-19,2019-03-20,0.9004540052127369,1.9126402023229814,92.89349461589221,1.0121861971102444,91,82,4.269201954216517,Dec18-Mar19,Dec-Mar
2018-10-01,INR,0,2018-12-19,2019-03-20,0.8746089097233215,1.8949386466887899,92.6556548764331,1.0203297369654685,91,79,4.315682567006306,Dec18-Mar19,Dec-Mar
2018-10-02,INR,0,2018-12-19,2019-03-20,0.9020406140865491,1.9514844820837727,92.83306279172653,1.0494438679972236,91,78,4.429126250838879,Dec18-Mar19,Dec-Mar
2018-10-03,INR,0,2018-12-19,2019-03-20,0.9282879995564188,2.0232447619524905,92.87843150661877,1.0949567623960716,91,77,4.617683151921035,Dec18-Mar19,Dec-Mar
2018-10-04,INR,0,2018-12-19,2019-03-20,0.9254413770346075,2.0322588644441275,93.15481634470859,1.10681748740952,91,76,4.654131204083905,Dec18-Mar19,Dec-Mar
2018-10-05,INR,0,2018-12-19,2019-03-20,0.9063507005848734,2.0056312236406235,93.03915125841452,1.09928052305575,91,75,4.629068958649593,Dec18-Mar19,Dec-Mar
2018-10-08,INR,0,2018-12-19,2019-03-20,0.8740820703109469,1.98102807654493,93.37088533770816,1.106946006233983,91,72,4.646536762721971,Dec18-Mar19,Dec-Mar
2018-10-09,INR,0,2018-12-19,2019-03-20,0.8614531240532055,1.9686681821059133,93.19122334612004,1.1072150580527078,91,71,4.657168304869449,Dec18-Mar19,Dec-Mar
2018-10-10,INR,0,2018-12-19,2019-03-20,0.8715214441993655,2.008519113797322,93.36291419104796,1.1369976695979565,91,70,4.773215575099838,Dec18-Mar19,Dec-Mar
2018-10-11,INR,0,2018-12-19,2019-03-20,0.8601988663433968,1.9996030592197043,93.17870099072958,1.1394041928763075,91,69,4.793264359292128,Dec18-Mar19,Dec-Mar
2018-10-12,INR,0,2018-12-19,2019-03-20,0.846431551858847,1.9850195078652375,92.90325187094425,1.1385879560063905,91,68,4.804607159545821,Dec18-Mar19,Dec-Mar
2018-10-15,INR,0,2018-12-19,2019-03-20,0.8187083550634126,1.973635510709122,92.49309060280696,1.1549271556457095,91,65,4.896425366127705,Dec18-Mar19,Dec-Mar
2018-10-16,INR,0,2018-12-19,2019-03-20,0.8067582565299686,1.9636075812660752,92.53936412293521,1.1568493247361067,91,64,4.902771173045096,Dec18-Mar19,Dec-Mar
2018-10-17,INR,0,2018-12-19,2019-03-20,0.7776093860535651,1.9115833408142862,92.55846024969368,1.133973954760721,91,63,4.806342100700869,Dec18-Mar19,Dec-Mar
2018-10-18,INR,0,2018-12-19,2019-03-20,0.7703978040176716,1.9129235265243467,92.42251906153452,1.1425257225066752,91,62,4.850027374578315,Dec18-Mar19,Dec-Mar
2018-10-19,INR,0,2018-12-19,2019-03-20,0.7458018955673617,1.8712102042486438,92.2938884767816,1.125408308681282,91,61,4.785231678891466,Dec18-Mar19,Dec-Mar
2018-10-22,INR,0,2018-12-19,2019-03-20,0.7055334900276955,1.825353798675442,92.61065905435467,1.1198203086477465,91,58,4.747362963586657,Dec18-Mar19,Dec-Mar
2018-10-23,INR,0,2018-12-19,2019-03-20,0.6927267989622166,1.8115772492309163,93.01098439000087,1.1188504502686998,91,57,4.7236352811861435,Dec18-Mar19,Dec-Mar
2018-10-24,INR,0,2018-12-19,2019-03-20,0.672837512609898,1.7791769037208809,93.44471846326904,1.106339391110983,91,56,4.650277215719066,Dec18-Mar19,Dec-Mar
2018-10-25,INR,0,2018-12-19,2019-03-20,0.6655893324691231,1.779727088574142,92.80765061487286,1.114137756105019,91,55,4.715336644715303,Dec18-Mar19,Dec-Mar
2018-10-26,INR,0,2018-12-19,2019-03-20,0.6540398710766839,1.7691462551251633,93.08219608528897,1.1151063840484794,91,54,4.706194809245927,Dec18-Mar19,Dec-Mar
2018-10-29,INR,0,2018-12-19,2019-03-20,0.6234532791746576,1.7488405110957028,93.2471185523925,1.1253872319210452,91,51,4.742787084581454,Dec18-Mar19,Dec-Mar
2018-10-30,INR,0,2018-12-19,2019-03-20,0.6082640597716203,1.7282255333226293,93.0303703199512,1.119961473551009,91,50,4.731611954609025,Dec18-Mar19,Dec-Mar
2018-10-31,INR,0,2018-12-19,2019-03-20,0.5997101624688463,1.7264102628682085,93.2591218634044,1.1267001003993622,91,49,4.7489139021358495,Dec18-Mar19,Dec-Mar
2018-11-01,INR,0,2018-12-19,2019-03-20,0.59874180451551,1.724997782402785,93.59812148157795,1.126255977887275,91,48,4.730006922573483,Dec18-Mar19,Dec-Mar
2018-11-02,INR,0,2018-12-19,2019-03-20,0.5875000497835364,1.7170845895791935,93.40534858381046,1.129584539795657,91,47,4.754283072023092,Dec18-Mar19,Dec-Mar
2018-11-05,INR,0,2018-12-19,2019-03-20,0.5523893787769958,1.689836715936984,93.2477974040109,1.1374473371599882,91,44,4.797209704827411,Dec18-Mar19,Dec-Mar
2018-11-06,INR,0,2018-12-19,2019-03-20,0.5298034558199941,1.6470463939438618,93.13723450716736,1.1172429381238675,91,43,4.718695358493438,Dec18-Mar19,Dec-Mar
2018-11-07,INR,0,2018-12-19,2019-03-20,0.5046372681006481,1.5950851737702865,93.51575828716955,1.0904479056696383,91,42,4.588217078994602,Dec18-Mar19,Dec-Mar
2018-11-08,INR,0,2018-12-19,2019-03-20,0.4990547428912272,1.6048547612411561,93.94235297474448,1.105800018349929,91,41,4.632071445044312,Dec18-Mar19,Dec-Mar
2018-11-09,INR,0,2018-12-19,2019-03-20,0.483966383778627,1.5842544686316673,93.79989480724662,1.1002880848530403,91,40,4.616684099488693,Dec18-Mar19,Dec-Mar
2018-11-12,INR,0,2018-12-19,2019-03-20,0.44650004311464686,1.547495863672793,93.67413859434244,1.100995820558146,91,37,4.627665010142955,Dec18-Mar19,Dec-Mar
2018-11-13,INR,0,2018-12-19,2019-03-20,0.44040565213141747,1.55776412902953,93.30946892674389,1.1173584768981126,91,36,4.7150135070829595,Dec18-Mar19,Dec-Mar
2018-11-14,INR,0,2018-12-19,2019-03-20,0.42099306887767163,1.520992666151219,93.01633695117836,1.0999995972735475,91,35,4.6572892841765485,Dec18-Mar19,Dec-Mar
2018-11-15,INR,0,2018-12-19,2019-03-20,0.4124786763688361,1.5232534644133942,92.97981958454322,1.110774788044558,91,34,4.705178016385645,Dec18-Mar19,Dec-Mar
2018-11-16,INR,0,2018-12-19,2019-03-20,0.40129423784757695,1.5161692947126397,93.63470825745182,1.1148750568650627,91,33,4.690219291994698,Dec18-Mar19,Dec-Mar
2018-11-19,INR,0,2018-12-19,2019-03-20,0.3641193604094809,1.4815919568322284,93.43586290071593,1.1174725964227474,91,30,4.712976063061726,Dec18-Mar19,Dec-Mar
2018-11-20,INR,0,2018-12-19,2019-03-20,0.3550331924124184,1.4821265861372122,93.7707910731168,1.1270933937247938,91,29,4.737096373853402,Dec18-Mar19,Dec-Mar
2018-11-21,INR,0,2018-12-19,2019-03-20,0.3434955597523951,1.4729008502370053,93.92199328315098,1.1294052904846104,91,28,4.739780197598885,Dec18-Mar19,Dec-Mar
2018-11-22,INR,0,2018-12-19,2019-03-20,0.3330542515470042,1.4686781806977698,94.3757856782118,1.1356239291507655,91,27,4.743567954784063,Dec18-Mar19,Dec-Mar
2018-11-23,INR,0,2018-12-19,2019-03-20,0.31641897780781447,1.4369263615498857,93.89492218598593,1.1205073837420714,91,26,4.705141024846143,Dec18-Mar19,Dec-Mar
2018-11-26,INR,0,2018-12-19,2019-03-20,0.28322760766779054,1.4168394449753807,93.71268322611137,1.13361183730759,91,23,4.771078037012734,Dec18-Mar19,Dec-Mar
2018-11-27,INR,0,2018-12-19,2019-03-20,0.2671825974942075,1.385353335857727,93.64577629894306,1.1181707383635195,91,22,4.710247279298556,Dec18-Mar19,Dec-Mar
2018-11-28,INR,0,2018-12-19,2019-03-20,0.24966851843715482,1.344453725787177,92.79571768092869,1.0947852073500222,91,21,4.65473741322692,Dec18-Mar19,Dec-Mar
2018-11-29,INR,0,2018-12-19,2019-03-20,0.24035749804005418,1.3468911050617405,92.93033476396599,1.1065336070216862,91,20,4.698361128312368,Dec18-Mar19,Dec-Mar
2018-11-30,INR,0,2018-12-19,2019-03-20,0.23255675977819137,1.3592850522047564,92.90744196227044,1.126728292426565,91,19,4.785684681679802,Dec18-Mar19,Dec-Mar
2018-12-03,INR,0,2018-12-19,2019-03-20,0.19993276660449483,1.3391684012102794,92.9510199319489,1.1392356346057846,91,16,4.838239563020684,Dec18-Mar19,Dec-Mar
2018-12-04,INR,0,2018-12-19,2019-03-20,0.19281886172152168,1.3698329747611802,93.44549353338311,1.1770141130396585,91,15,4.972664979716567,Dec18-Mar19,Dec-Mar
2018-12-05,INR,0,2018-12-19,2019-03-20,0.18257476222581692,1.3823837785146762,94.12604511155514,1.1998090162888593,91,14,5.0329410118068925,Dec18-Mar19,Dec-Mar
2018-12-06,INR,0,2018-12-19,2019-03-20,0.17148596389005738,1.3849482701314602,94.03602487920935,1.2134623062414027,91,13,5.0956767454440115,Dec18-Mar19,Dec-Mar
2018-12-07,INR,0,2018-12-19,2019-03-20,0.15696591988553243,1.360290257964689,93.59600841985512,1.2033243380791565,91,12,5.077603146293709,Dec18-Mar19,Dec-Mar
2018-12-10,INR,0,2018-12-19,2019-03-20,0.11778535244390473,1.3216681143844962,93.18222805599403,1.2038827619405914,91,9,5.104622121876217,Dec18-Mar19,Dec-Mar
2018-12-11,INR,0,2018-12-19,2019-03-20,0.10326571131818342,1.290849542327296,93.141826306391,1.1875838310091127,91,8,5.038478417788289,Dec18-Mar19,Dec-Mar
2018-12-12,INR,0,2018-12-19,2019-03-20,0.0907969027957361,1.2841695002102524,93.69259970361797,1.1933725974145164,91,7,5.033976825475049,Dec18-Mar19,Dec-Mar
2018-12-13,INR,0,2018-12-19,2019-03-20,0.08999719095077117,1.2600998485099584,93.57060069761587,1.1701026575591873,91,6,4.942289127702726,Dec18-Mar19,Dec-Mar
2018-12-14,INR,0,2018-12-19,2019-03-20,0.09078386003664946,1.2579898366329347,93.269101281114,1.1672059765962852,91,5,4.94593383677679,Dec18-Mar19,Dec-Mar
2018-12-17,INR,0,2018-12-19,2019-03-20,0.09117180245698463,1.2242638073322918,93.46528062151489,1.1330920048753073,91,2,4.791290885224011,Dec18-Mar19,Dec-Mar
2018-12-18,INR,0,2018-12-19,2019-03-20,0.09186498920911228,1.2203154279467439,93.2183880571321,1.1284504387376315,91,1,4.784254025810074,Dec18-Mar19,Dec-Mar
2018-12-19,INR,0,2019-03-20,2019-06-19,1.1564265726424736,2.2999946121979176,92.58143822661594,1.143568039555444,91,91,4.826230510900391,Mar19-Jun19,Mar-Jun
2018-12-20,INR,0,2019-03-20,2019-06-19,1.174970938887619,2.3499637120190884,92.80925461512045,1.1749927731314693,91,90,4.945854510309197,Mar19-Jun19,Mar-Jun
2018-12-21,INR,0,2019-03-20,2019-06-19,1.1731323969741254,2.359387083086649,93.23454545650135,1.1862546861125236,91,89,4.970862315465289,Mar19-Jun19,Mar-Jun
2018-12-24,INR,0,2019-03-20,2019-06-19,1.1607038795314335,2.37519630498036,93.1810113298903,1.2144924254489264,91,86,5.092747581166023,Mar19-Jun19,Mar-Jun
2018-12-25,INR,0,2019-03-20,2019-06-19,1.1754417111926794,2.4199784183662194,93.32905915644832,1.24453670717354,91,85,5.209743317288436,Mar19-Jun19,Mar-Jun
2018-12-26,INR,0,2019-03-20,2019-06-19,1.1589564620991268,2.400422953141603,93.50923280064312,1.241466491042476,91,84,5.187905300363184,Mar19-Jun19,Mar-Jun
2018-12-27,INR,0,2019-03-20,2019-06-19,1.1554038909388367,2.407837263857483,94.1367657905762,1.2524333729186465,91,83,5.199463389113796,Mar19-Jun19,Mar-Jun
2018-12-28,INR,0,2019-03-20,2019-06-19,1.135613906167849,2.381344019236534,94.23266555409498,1.245730113068685,91,82,5.16750759535382,Mar19-Jun19,Mar-Jun
2018-12-31,INR,0,2019-03-20,2019-06-19,1.0870250991416293,2.324106231452592,94.14392196834892,1.237081132310963,91,79,5.139030417440296,Mar19-Jun19,Mar-Jun
2019-01-01,INR,0,2019-03-20,2019-06-19,1.0781067146743806,2.3358978817944913,94.56270280478196,1.2577911671201107,91,78,5.202671505659663,Mar19-Jun19,Mar-Jun
2019-01-02,INR,0,2019-03-20,2019-06-19,1.0592053200853828,2.310993425640835,94.91955695562375,1.251788105555452,91,77,5.159608909109323,Mar19-Jun19,Mar-Jun
2019-01-03,INR,0,2019-03-20,2019-06-19,1.0381201396818107,2.281132412195558,95.09277408104218,1.2430122725137474,91,76,5.115328664971917,Mar19-Jun19,Mar-Jun
2019-01-04,INR,0,2019-03-20,2019-06-19,1.0154302268199111,2.2474855686947364,95.17149698117363,1.2320553418748252,91,75,5.067284328769482,Mar19-Jun19,Mar-Jun
2019-01-07,INR,0,2019-03-20,2019-06-19,0.9721332383710752,2.200801636867851,95.06704785463504,1.228668398496776,91,72,5.061128319230695,Mar19-Jun19,Mar-Jun
2019-01-08,INR,0,2019-03-20,2019-06-19,0.94169784970211,2.1486626993203073,95.16215163628664,1.2069648496181973,91,71,4.968381624698287,Mar19-Jun19,Mar-Jun
2019-01-09,INR,0,2019-03-20,2019-06-19,0.9287813080860965,2.136197008598022,95.2246613934343,1.2074157005119255,91,70,4.9676740117046805,Mar19-Jun19,Mar-Jun
2019-01-10,INR,0,2019-03-20,2019-06-19,0.8848846505383932,2.0519064360310564,95.50401804951579,1.1670217854926632,91,69,4.789752089446001,Mar19-Jun19,Mar-Jun
2019-01-11,INR,0,2019-03-20,2019-06-19,0.8567454714876832,2.003272499507965,95.6869797859651,1.146527028020282,91,68,4.698090225486219,Mar19-Jun19,Mar-Jun
2019-01-14,INR,0,2019-03-20,2019-06-19,0.8098710559069042,1.94369053417657,95.07246649173482,1.1338194782696658,91,65,4.678066689837317,Mar19-Jun19,Mar-Jun
2019-01-15,INR,0,2019-03-20,2019-06-19,0.7824873753261118,1.895086612117927,94.73973334266483,1.1125992367918154,91,64,4.607819471873263,Mar19-Jun19,Mar-Jun
2019-01-16,INR,0,2019-03-20,2019-06-19,0.7919864758895314,1.935966941063299,94.72899513809408,1.1439804651737675,91,63,4.737845998455003,Mar19-Jun19,Mar-Jun
2019-01-17,INR,0,2019-03-20,2019-06-19,0.7748238314339017,1.9120652614417248,94.97070698458236,1.137241430007823,91,62,4.698889908909084,Mar19-Jun19,Mar-Jun
2019-01-18,INR,0,2019-03-20,2019-06-19,0.7543115167559373,1.8795959106049587,94.85156548497855,1.1252843938490213,91,61,4.656277066561768,Mar19-Jun19,Mar-Jun
2019-01-21,INR,0,2019-03-20,2019-06-19,0.7246091857739783,1.8614960117297026,95.78986736258202,1.1368868259557243,91,58,4.659999636712274,Mar19-Jun19,Mar-Jun
2019-01-22,INR,0,2019-03-20,2019-06-19,0.7284069756708997,1.8913023227946169,96.04111247432753,1.1628953471237171,91,57,4.754043562113077,Mar19-Jun19,Mar-Jun
2019-01-23,INR,0,2019-03-20,2019-06-19,0.7062906509420078,1.8540129587227707,96.39946031609587,1.147722307780763,91,56,4.675768277055109,Mar19-Jun19,Mar-Jun
2019-01-24,INR,0,2019-03-20,2019-06-19,0.681188919181454,1.8082469490998596,96.87932694531936,1.1270580299184056,91,55,4.57017992151868,Mar19-Jun19,Mar-Jun
2019-01-25,INR,0,2019-03-20,2019-06-19,0.6746327649817007,1.8115139059693812,97.42133444747257,1.1368811409876804,91,54,4.584848790780542,Mar19-Jun19,Mar-Jun
2019-01-28,INR,0,2019-03-20,2019-06-19,0.6336554639569779,1.7642956055272718,96.99994011486784,1.1306401415702938,91,51,4.581273558555544,Mar19-Jun19,Mar-Jun
2019-01-29,INR,0,2019-03-20,2019-06-19,0.6032640346279357,1.7012045776507787,96.98406528958274,1.097940543022843,91,50,4.450886277347458,Mar19-Jun19,Mar-Jun
2019-01-30,INR,0,2019-03-20,2019-06-19,0.5780916261802717,1.6516903605150617,96.44637406357252,1.07359873433479,91,49,4.377456504385755,Mar19-Jun19,Mar-Jun
2019-01-31,INR,0,2019-03-20,2019-06-19,0.5814799128533652,1.6838689143045364,96.34159366847537,1.1023890014511712,91,48,4.499547099835649,Mar19-Jun19,Mar-Jun
2019-02-01,INR,0,2019-03-20,2019-06-19,0.5835374452102235,1.7133652646598052,96.4154246572335,1.1298278194495817,91,47,4.60793437334235,Mar19-Jun19,Mar-Jun
2019-02-04,INR,0,2019-03-20,2019-06-19,0.538481303840366,1.6521585458738501,96.09601825567067,1.1136772420334842,91,44,4.559195879745844,Mar19-Jun19,Mar-Jun
2019-02-05,INR,0,2019-03-20,2019-06-19,0.532286624460735,1.6587536669241512,96.36005161617331,1.1264670424634162,91,43,4.599283303446209,Mar19-Jun19,Mar-Jun
2019-02-06,INR,0,2019-03-20,2019-06-19,0.5346587446687626,1.6930860247844148,96.7227023246465,1.158427280115652,91,42,4.712023017724923,Mar19-Jun19,Mar-Jun
2019-02-07,INR,0,2019-03-20,2019-06-19,0.5276637716220286,1.698819947661165,97.32448527557341,1.1711561760391365,91,41,4.734842675318795,Mar19-Jun19,Mar-Jun
2019-02-08,INR,0,2019-03-20,2019-06-19,0.5317774536431,1.7415711606811526,96.94771282310928,1.2097937070380524,91,40,4.909747752270807,Mar19-Jun19,Mar-Jun
2019-02-11,INR,0,2019-03-20,2019-06-19,0.49801659275388566,1.7228682127701989,96.98823679721671,1.224851620016313,91,37,4.9705129491772135,Mar19-Jun19,Mar-Jun
2019-02-12,INR,0,2019-03-20,2019-06-19,0.47197740894674267,1.6650314148954535,96.60018184194666,1.193054005948711,91,36,4.8621294981897805,Mar19-Jun19,Mar-Jun
2019-02-13,INR,0,2019-03-20,2019-06-19,0.46616996401917515,1.6782118704690308,96.60795088098773,1.2120419064498555,91,35,4.939412293147271,Mar19-Jun19,Mar-Jun
2019-02-14,INR,0,2019-03-20,2019-06-19,0.44701088812863793,1.6434223828258747,96.32182570379135,1.1964114946972368,91,34,4.891095758956028,Mar19-Jun19,Mar-Jun
2019-02-15,INR,0,2019-03-20,2019-06-19,0.44458927631371276,1.6705778867545569,95.88742644395496,1.2259886104408442,91,33,5.034738239669951,Mar19-Jun19,Mar-Jun
2019-02-18,INR,0,2019-03-20,2019-06-19,0.40404922857313613,1.6296652219116492,96.80869524919447,1.2256159933385131,91,30,4.9876081257910325,Mar19-Jun19,Mar-Jun
2019-02-19,INR,0,2019-03-20,2019-06-19,0.38791360479922815,1.6051597439968062,96.81597761214671,1.217246139197578,91,29,4.953998416835927,Mar19-Jun19,Mar-Jun
2019-02-20,INR,0,2019-03-20,2019-06-19,0.36920705164906226,1.5691299695085144,96.42541389733198,1.1999229178594522,91,28,4.904144218322395,Mar19-Jun19,Mar-Jun
2019-02-21,INR,0,2019-03-20,2019-06-19,0.3478178573384087,1.52009285799749,96.34259110567727,1.1722750006590812,91,27,4.7963096659903695,Mar19-Jun19,Mar-Jun
2019-02-22,INR,0,2019-03-20,2019-06-19,0.33469603371572765,1.5061321517207746,96.21457640178873,1.171436118005047,91,26,4.799883683868415,Mar19-Jun19,Mar-Jun
2019-02-25,INR,0,2019-03-20,2019-06-19,0.30262589356224345,1.4999718202650327,96.39001971467452,1.1973459267027893,91,23,4.898772897183932,Mar19-Jun19,Mar-Jun
2019-02-26,INR,0,2019-03-20,2019-06-19,0.2905862546807232,1.492556671769169,96.3280158753081,1.2019704170884458,91,22,4.921462015636549,Mar19-Jun19,Mar-Jun
2019-02-27,INR,0,2019-03-20,2019-06-19,0.2735498216416703,1.4589323820889082,96.31917333208243,1.1853825604472379,91,21,4.854843471380469,Mar19-Jun19,Mar-Jun
2019-02-28,INR,0,2019-03-20,2019-06-19,0.2619168195035215,1.4536383482445445,96.53496617645209,1.191721528741023,91,20,4.870510914344563,Mar19-Jun19,Mar-Jun
2019-03-01,INR,0,2019-03-20,2019-06-19,0.24257450029290933,1.4043786859063174,95.90376896874433,1.161804185613408,91,19,4.780367365798659,Mar19-Jun19,Mar-Jun
2019-03-04,INR,0,2019-03-20,2019-06-19,0.20703798027846537,1.3845664931122372,95.65357807200243,1.1775285128337718,91,16,4.859508261166212,Mar19-Jun19,Mar-Jun
2019-03-05,INR,0,2019-03-20,2019-06-19,0.19055641546435007,1.346598669281407,95.32317611139203,1.156042253817057,91,15,4.788163806558813,Mar19-Jun19,Mar-Jun
2019-03-06,INR,0,2019-03-20,2019-06-19,0.1785561419478771,1.3391710646090782,95.08337194091949,1.160614922661201,91,14,4.819809699940375,Mar19-Jun19,Mar-Jun
2019-03-07,INR,0,2019-03-20,2019-06-19,0.16014199949709224,1.2811359959767379,94.95246808153759,1.1209939964796456,91,13,4.662579988874895,Mar19-Jun19,Mar-Jun
2019-03-08,INR,0,2019-03-20,2019-06-19,0.1472823068250076,1.2641731335813151,94.59938647421654,1.1168908267563076,91,12,4.6634559943856635,Mar19-Jun19,Mar-Jun
2019-03-11,INR,0,2019-03-20,2019-06-19,0.10857964550866687,1.2064405056518541,94.92689788645181,1.0978608601431872,91,9,4.5700678663776015,Mar19-Jun19,Mar-Jun
2019-03-12,INR,0,2019-03-20,2019-06-19,0.09784316720087735,1.2108091941108572,95.18196788054215,1.11296602690998,91,8,4.621065549587603,Mar19-Jun19,Mar-Jun
2019-03-13,INR,0,2019-03-20,2019-06-19,0.08378218670893724,1.1729506139251213,95.78400714173286,1.0891684272161841,91,7,4.494521260775736,Mar19-Jun19,Mar-Jun
2019-03-14,INR,0,2019-03-20,2019-06-19,0.08070301852708821,1.118313256732508,96.03841822717506,1.0376102382054198,91,6,4.270567248621608,Mar19-Jun19,Mar-Jun
2019-03-15,INR,0,2019-03-20,2019-06-19,0.08290713925473535,1.1370121954935133,95.56870114405373,1.054105056238778,91,5,4.35966107795855,Mar19-Jun19,Mar-Jun
2019-03-18,INR,0,2019-03-20,2019-06-19,0.08292794095816541,1.101756929872769,95.90047592271111,1.0188289889146036,91,2,4.199197050317892,Mar19-Jun19,Mar-Jun
2019-03-19,INR,0,2019-03-20,2019-06-19,0.08235106814123083,1.082328324141891,96.28273931884739,0.9999772560006602,91,1,4.105173319400537,Mar19-Jun19,Mar-Jun
2019-03-20,INR,0,2019-06-19,2019-09-18,1.0804089150468026,2.160817830093605,96.23859942371233,1.0804089150468026,91,91,4.391891400649103,Jun19-Sep19,Jun-Sep
2019-03-21,INR,0,2019-06-19,2019-09-18,1.0481499597635964,2.1079460301912327,95.47686645958281,1.0597960704276363,91,90,4.343537037942507,Jun19-Sep19,Jun-Sep
2019-03-22,INR,0,2019-06-19,2019-09-18,1.036415898796331,2.096122042509433,95.13003970211831,1.0597061437131021,91,89,4.359362169295718,Jun19-Sep19,Jun-Sep
2019-03-25,INR,0,2019-06-19,2019-09-18,0.9942150851827094,2.0462333729923206,95.13204746029633,1.0520182878096112,91,86,4.329545827466083,Jun19-Sep19,Jun-Sep
2019-03-26,INR,0,2019-06-19,2019-09-18,0.9697422712816632,2.007936938183209,95.18472069146125,1.0381946669015456,91,85,4.271402086437014,Jun19-Sep19,Jun-Sep
2019-03-27,INR,0,2019-06-19,2019-09-18,0.9385642109338559,1.9553421061121998,94.53492793597196,1.016777895178344,91,84,4.213125503642402,Jun19-Sep19,Jun-Sep
2019-03-28,INR,0,2019-06-19,2019-09-18,0.9392388738225808,1.9690067957244464,94.57394912837367,1.0297679219018656,91,83,4.265177666851809,Jun19-Sep19,Jun-Sep
2019-03-29,INR,0,2019-06-19,2019-09-18,0.9542136047727203,2.0131579710448855,94.8242130555042,1.0589443662721651,91,82,4.373876880267491,Jun19-Sep19,Jun-Sep
2019-04-01,INR,0,2019-06-19,2019-09-18,0.922745230766872,1.9856542940552941,95.30170867128123,1.0629090632884222,91,79,4.3699026652069755,Jun19-Sep19,Jun-Sep
2019-04-02,INR,0,2019-06-19,2019-09-18,0.9012763624131312,1.9527654518951176,95.30270639204504,1.0514890894819864,91,78,4.323871983458623,Jun19-Sep19,Jun-Sep
2019-04-03,INR,0,2019-06-19,2019-09-18,0.8986431727548417,1.960676013283291,95.36509361406254,1.0620328405284494,91,77,4.364518499003545,Jun19-Sep19,Jun-Sep
2019-04-04,INR,0,2019-06-19,2019-09-18,0.8832397412628514,1.9408031156696868,95.17354807972697,1.0575633744068353,91,76,4.355514368492551,Jun19-Sep19,Jun-Sep
2019-04-05,INR,0,2019-06-19,2019-09-18,0.8759378871697348,1.9387425236023461,95.97757092775133,1.0628046364326114,91,75,4.34109399841069,Jun19-Sep19,Jun-Sep
2019-04-08,INR,0,2019-06-19,2019-09-18,0.8376356433378076,1.896314025889759,96.09784535552664,1.0586783825519515,91,72,4.320583313284548,Jun19-Sep19,Jun-Sep
2019-04-09,INR,0,2019-06-19,2019-09-18,0.81494018324506,1.8594409814887285,96.59795097322717,1.0445007982436685,91,71,4.24183187760813,Jun19-Sep19,Jun-Sep
2019-04-10,INR,0,2019-06-19,2019-09-18,0.8164203684822751,1.8777668475092328,96.50961129799478,1.0613464790269578,91,70,4.314090743997076,Jun19-Sep19,Jun-Sep
2019-04-11,INR,0,2019-06-19,2019-09-18,0.8006113088074065,1.8564899914374644,96.67208728520525,1.055878682630058,91,69,4.285407648486819,Jun19-Sep19,Jun-Sep
2019-04-12,INR,0,2019-06-19,2019-09-18,0.7624232241469928,1.7827248917554688,96.5892119893655,1.020301667608476,91,68,4.146163787214762,Jun19-Sep19,Jun-Sep
2019-04-15,INR,0,2019-06-19,2019-09-18,0.7218738923434068,1.7324973416241762,96.52223189279617,1.0106234492807693,91,65,4.1113759606132305,Jun19-Sep19,Jun-Sep
2019-04-16,INR,0,2019-06-19,2019-09-18,0.7248652676990022,1.755533070208521,96.40543987350203,1.0306678025095188,91,64,4.197832102843197,Jun19-Sep19,Jun-Sep
2019-04-17,INR,0,2019-06-19,2019-09-18,0.7061325628990796,1.7261018204199725,95.8324099903136,1.019969257520893,91,63,4.179722533455467,Jun19-Sep19,Jun-Sep
2019-04-18,INR,0,2019-06-19,2019-09-18,0.6855097758637757,1.6916612210831885,95.46729036770168,1.006151445219413,91,62,4.139639550571696,Jun19-Sep19,Jun-Sep
2019-04-19,INR,0,2019-06-19,2019-09-18,0.6607203658766716,1.646385173987772,95.1575770379645,0.9856648081111004,91,61,4.0695080297438215,Jun19-Sep19,Jun-Sep
2019-04-22,INR,0,2019-06-19,2019-09-18,0.6202900169723021,1.5935036642909142,94.63374435647316,0.973213647318612,91,58,4.041903309123873,Jun19-Sep19,Jun-Sep
2019-04-23,INR,0,2019-06-19,2019-09-18,0.6095963740395565,1.5828116378570942,95.12694653660489,0.9732152638175378,91,57,4.021538949812052,Jun19-Sep19,Jun-Sep
2019-04-24,INR,0,2019-06-19,2019-09-18,0.5919400629565041,1.5538426652608235,95.15795234221129,0.9619026023043193,91,56,3.9742383835237587,Jun19-Sep19,Jun-Sep
2019-04-25,INR,0,2019-06-19,2019-09-18,0.5859261861818765,1.555367694228254,95.06547794210901,0.9694415080463774,91,55,4.009510632485011,Jun19-Sep19,Jun-Sep
2019-04-26,INR,0,2019-06-19,2019-09-18,0.5900536215218979,1.5844032429754666,94.90384171941007,0.9943496214535688,91,54,4.119311288016844,Jun19-Sep19,Jun-Sep
2019-04-29,INR,0,2019-06-19,2019-09-18,0.5597996175962255,1.5586577587973338,95.18270374049276,0.9988581412011083,91,51,4.127243986575887,Jun19-Sep19,Jun-Sep
2019-04-30,INR,0,2019-06-19,2019-09-18,0.5523137743257195,1.557524843598529,95.00220726130591,1.0052110692728093,91,50,4.161665122744237,Jun19-Sep19,Jun-Sep
2019-05-01,INR,0,2019-06-19,2019-09-18,0.5462444292956535,1.5606983694161527,95.06869131993044,1.0144539401204993,91,49,4.197277702538456,Jun19-Sep19,Jun-Sep
2019-05-02,INR,0,2019-06-19,2019-09-18,0.5391354391664978,1.5612463759196498,95.09312672184652,1.022110936753152,91,48,4.228192141832653,Jun19-Sep19,Jun-Sep
2019-05-03,INR,0,2019-06-19,2019-09-18,0.5197761370184633,1.526151210820169,95.1029283891873,1.0063750738017057,91,47,4.163513307799696,Jun19-Sep19,Jun-Sep
2019-05-06,INR,0,2019-06-19,2019-09-18,0.4940680120759326,1.5158904915966114,95.1100875701258,1.0218224795206787,91,44,4.2282415650665985,Jun19-Sep19,Jun-Sep
2019-05-07,INR,0,2019-06-19,2019-09-18,0.49888825358920036,1.554675022812857,95.08229327671586,1.0557867692236567,91,43,4.369833894482827,Jun19-Sep19,Jun-Sep
2019-05-08,INR,0,2019-06-19,2019-09-18,0.4841162291452642,1.53303472562667,95.22596973022581,1.0489184964814058,91,42,4.335559452061824,Jun19-Sep19,Jun-Sep
2019-05-09,INR,0,2019-06-19,2019-09-18,0.45444277829267926,1.463084066698382,94.68727158276786,1.0086412884057028,91,41,4.193985046003075,Jun19-Sep19,Jun-Sep
2019-05-10,INR,0,2019-06-19,2019-09-18,0.4479578261766638,1.4670618807285738,95.27703681751146,1.01910405455191,91,40,4.211669533747864,Jun19-Sep19,Jun-Sep
2019-05-13,INR,0,2019-06-19,2019-09-18,0.4012232241150249,1.3880154780195455,95.38853190949972,0.9867922539045206,91,37,4.075376877709582,Jun19-Sep19,Jun-Sep
2019-05-14,INR,0,2019-06-19,2019-09-18,0.3959196077716747,1.3967163940834078,95.38301015718139,1.000796786311733,91,36,4.133681684930946,Jun19-Sep19,Jun-Sep
2019-05-15,INR,0,2019-06-19,2019-09-18,0.37170497826921917,1.3381379217691889,95.31722442318575,0.9664329434999697,91,35,3.9955000322082284,Jun19-Sep19,Jun-Sep
2019-05-16,INR,0,2019-06-19,2019-09-18,0.35590774887539867,1.3084843708654363,95.67896353206523,0.9525766219900377,91,34,3.9240277389119194,Jun19-Sep19,Jun-Sep
2019-05-17,INR,0,2019-06-19,2019-09-18,0.35298268929870186,1.326359196152698,95.41804632980013,0.9733765068539961,91,33,4.020756888940781,Jun19-Sep19,Jun-Sep
2019-05-20,INR,0,2019-06-19,2019-09-18,0.3136020998370212,1.2648618026759855,95.51206001083366,0.9512597028389642,91,30,3.927158044259598,Jun19-Sep19,Jun-Sep
2019-05-21,INR,0,2019-06-19,2019-09-18,0.3089068360849311,1.278235183799715,95.6386054098817,0.9693283477147839,91,29,3.996670118521343,Jun19-Sep19,Jun-Sep
2019-05-22,INR,0,2019-06-19,2019-09-18,0.2932732515018346,1.2464113188827968,95.45213775733468,0.9531380673809622,91,28,3.9382107727229663,Jun19-Sep19,Jun-Sep
2019-05-23,INR,0,2019-06-19,2019-09-18,0.2886461374225098,1.2614905265131906,95.25473047728113,0.9728443890906808,91,27,4.02813392408529,Jun19-Sep19,Jun-Sep
2019-05-24,INR,0,2019-06-19,2019-09-18,0.27642912191639357,1.2439310486237711,95.40713091484098,0.9675019267073776,91,26,4.000143962182423,Jun19-Sep19,Jun-Sep
2019-05-27,INR,0,2019-06-19,2019-09-18,0.2425758378457205,1.202332413670093,95.16301013708708,0.9597565758243725,91,23,3.979682281979828,Jun19-Sep19,Jun-Sep
2019-05-28,INR,0,2019-06-19,2019-09-18,0.2312703454201384,1.1878885923852562,95.28158516171021,0.9566182469651179,91,22,3.962214106210228,Jun19-Sep19,Jun-Sep
2019-05-29,INR,0,2019-06-19,2019-09-18,0.2209901664522076,1.1786142210784405,94.92390805122592,0.9576240546262329,91,21,3.9817193821565477,Jun19-Sep19,Jun-Sep
2019-05-30,INR,0,2019-06-19,2019-09-18,0.2102437205017089,1.1668526487844844,94.20278747399146,0.9566089282827754,91,20,4.008331181778152,Jun19-Sep19,Jun-Sep
2019-05-31,INR,0,2019-06-19,2019-09-18,0.2029790395667568,1.1751418080180656,93.7993460085667,0.9721627684513088,91,19,4.091301616692453,Jun19-Sep19,Jun-Sep
2019-06-03,INR,0,2019-06-19,2019-09-18,0.16585717097069086,1.1091698308664952,93.04928183986576,0.9433126598958044,91,16,4.003412306671186,Jun19-Sep19,Jun-Sep
2019-06-04,INR,0,2019-06-19,2019-09-18,0.15666541074933496,1.1071022359619669,93.0384901870255,0.950436825212632,91,15,4.034512130879222,Jun19-Sep19,Jun-Sep
2019-06-05,INR,0,2019-06-19,2019-09-18,0.14571742954327396,1.0928807215745548,92.82663575125598,0.9471632920312809,91,14,4.030251455010928,Jun19-Sep19,Jun-Sep
2019-06-06,INR,0,2019-06-19,2019-09-18,0.13987864784022497,1.1190291827217997,93.20347696260562,0.9791505348815748,91,13,4.1497999833445425,Jun19-Sep19,Jun-Sep
2019-06-07,INR,0,2019-06-19,2019-09-18,0.13018638956173378,1.1174331770715482,93.21830384400174,0.9872467875098144,91,12,4.183883078430118,Jun19-Sep19,Jun-Sep
2019-06-10,INR,0,2019-06-19,2019-09-18,0.09510906430253775,1.0567673811393083,93.25995061944143,0.9616583168367706,91,9,4.0751541319661495,Jun19-Sep19,Jun-Sep
2019-06-11,INR,0,2019-06-19,2019-09-18,0.08581621313561125,1.0619756375531892,93.33668055370806,0.976159424417578,91,8,4.133618480289865,Jun19-Sep19,Jun-Sep
2019-06-12,INR,0,2019-06-19,2019-09-18,0.07791156649847172,1.090761930978604,94.05886461570307,1.0128503644801323,91,7,4.256445488448857,Jun19-Sep19,Jun-Sep
2019-06-13,INR,0,2019-06-19,2019-09-18,0.07785220382485719,1.0788091101444497,94.56048298057509,1.0009569063195924,91,6,4.18417072932487,Jun19-Sep19,Jun-Sep
2019-06-14,INR,0,2019-06-19,2019-09-18,0.07772098637461033,1.0658878131375134,94.44867577353926,0.988166826762903,91,5,4.135597607203296,Jun19-Sep19,Jun-Sep
2019-06-17,INR,0,2019-06-19,2019-09-18,0.07987993091108417,1.061261939247261,94.42595534527868,0.981382008336177,91,2,4.1080959194767726,Jun19-Sep19,Jun-Sep
2019-06-18,INR,0,2019-06-19,2019-09-18,0.07895337955092199,1.0376729883835463,94.80729950579922,0.9587196088326243,91,1,3.997140574879521,Jun19-Sep19,Jun-Sep
2019-06-19,INR,0,2019-09-18,2019-12-18,1.0441835097087098,2.0883670194174195,94.59870547322114,1.0441835097087098,91,91,4.319020375180335,Sep19-Dec19,Sep-Dec
2019-06-20,INR,0,2019-09-18,2019-12-18,1.0189926623060273,2.0493074653043437,94.8143934415954,1.0303148029983165,91,90,4.253184422394212,Sep19-Dec19,Sep-Dec
2019-06-21,INR,0,2019-09-18,2019-12-18,1.0274997591466086,2.0780894005212307,94.83113145321063,1.050589641374622,91,89,4.335737688383263,Sep19-Dec19,Sep-Dec
2019-06-24,INR,0,2019-09-18,2019-12-18,1.0071169419894288,2.0727871945596386,94.93348735924991,1.0656702525702098,91,86,4.394217018457676,Sep19-Dec19,Sep-Dec
2019-06-25,INR,0,2019-09-18,2019-12-18,0.977896590956882,2.024821176569544,94.75958323197396,1.046924585612662,91,85,4.326079699410212,Sep19-Dec19,Sep-Dec
2019-06-26,INR,0,2019-09-18,2019-12-18,0.9854913993591308,2.0531070819981894,94.79072974900774,1.0676156826390586,91,84,4.409794537768718,Sep19-Dec19,Sep-Dec
2019-06-27,INR,0,2019-09-18,2019-12-18,0.9468580118380503,1.9849794465038646,94.34355630785527,1.0381214346658143,91,83,4.3098291224457785,Sep19-Dec19,Sep-Dec
2019-06-28,INR,0,2019-09-18,2019-12-18,0.9250581546625041,1.9516470823977223,94.32650418052957,1.0265889277352183,91,82,4.263689564079813,Sep19-Dec19,Sep-Dec
2019-07-01,INR,0,2019-09-18,2019-12-18,0.8721082985491472,1.8766887437133548,94.17631421856319,1.0045804451642075,91,79,4.181199743463762,Sep19-Dec19,Sep-Dec
2019-07-02,INR,0,2019-09-18,2019-12-18,0.8755163653111726,1.8969521248408743,94.21451434225193,1.0214357595297017,91,78,4.2494935934995715,Sep19-Dec19,Sep-Dec
2019-07-03,INR,0,2019-09-18,2019-12-18,0.8542427022859349,1.8708561028085113,95.22688422008888,1.0166134005225764,91,77,4.185803630321618,Sep19-Dec19,Sep-Dec
2019-07-04,INR,0,2019-09-18,2019-12-18,0.8379174776443491,1.8477968505771698,94.8016188489974,1.0098793729328208,91,76,4.177275782663341,Sep19-Dec19,Sep-Dec
2019-07-05,INR,0,2019-09-18,2019-12-18,0.8203261654657701,1.8217718993734877,94.37121991414348,1.0014457339077176,91,75,4.161885698986696,Sep19-Dec19,Sep-Dec
2019-07-08,INR,0,2019-09-18,2019-12-18,0.736339999320382,1.671792880595254,94.27295826437208,0.935452881274872,91,72,3.895084780923577,Sep19-Dec19,Sep-Dec
2019-07-09,INR,0,2019-09-18,2019-12-18,0.7433597574848628,1.7004775661408518,94.19622595181262,0.9571178086559889,91,71,3.988220607734034,Sep19-Dec19,Sep-Dec
2019-07-10,INR,0,2019-09-18,2019-12-18,0.7340706543302826,1.6922513328976,93.33187051080334,0.9581806785673175,91,70,4.029731521624737,Sep19-Dec19,Sep-Dec
2019-07-11,INR,0,2019-09-18,2019-12-18,0.732076461766758,1.701041829138976,93.77699787706749,0.968965367372218,91,69,4.055980456930253,Sep19-Dec19,Sep-Dec
2019-07-12,INR,0,2019-09-18,2019-12-18,0.7403898941796621,1.7342355252772488,93.48922177713085,0.9938456310975867,91,68,4.172464400955787,Sep19-Dec19,Sep-Dec
2019-07-15,INR,0,2019-09-18,2019-12-18,0.7150756405132999,1.717911444442191,93.41498935465687,1.0028358039288912,91,65,4.214660343898522,Sep19-Dec19,Sep-Dec
2019-07-16,INR,0,2019-09-18,2019-12-18,0.7091965147429111,1.7188791642129297,93.15756503580357,1.0096826494700186,91,64,4.25533903266428,Sep19-Dec19,Sep-Dec
2019-07-17,INR,0,2019-09-18,2019-12-18,0.6778852085850852,1.6579164192349924,93.27821091670064,0.9800312106499073,91,63,4.126444911521411,Sep19-Dec19,Sep-Dec
2019-07-18,INR,0,2019-09-18,2019-12-18,0.6628653026392383,1.6362137694504821,93.58514289216754,0.9733484668112439,91,62,4.0856134713152334,Sep19-Dec19,Sep-Dec
2019-07-19,INR,0,2019-09-18,2019-12-18,0.6438273867269835,1.604291193155762,93.09006168098745,0.9604638064287785,91,61,4.053642790471076,Sep19-Dec19,Sep-Dec
2019-07-22,INR,0,2019-09-18,2019-12-18,0.6062734700486758,1.5574956385733219,93.06520235768141,0.951222168524646,91,58,4.017313357555731,Sep19-Dec19,Sep-Dec
2019-07-23,INR,0,2019-09-18,2019-12-18,0.5974325745746,1.5512284392463296,93.16489706201848,0.9537958646717296,91,57,4.0242796657878035,Sep19-Dec19,Sep-Dec
2019-07-24,INR,0,2019-09-18,2019-12-18,0.5837297307010115,1.5322905430901552,92.70823965344131,0.9485608123891437,91,56,4.022370085618649,Sep19-Dec19,Sep-Dec
2019-07-25,INR,0,2019-09-18,2019-12-18,0.5757930626430345,1.5284688571978735,92.10157371707633,0.952675794554839,91,55,4.066610273979864,Sep19-Dec19,Sep-Dec
2019-07-26,INR,0,2019-09-18,2019-12-18,0.5688092178764439,1.527358085038599,91.99838045435192,0.9585488671621551,91,54,4.096550263583628,Sep19-Dec19,Sep-Dec
2019-07-29,INR,0,2019-09-18,2019-12-18,0.527558356548669,1.4688879731355096,91.06865091882591,0.9413296165868406,91,51,4.065606393325655,Sep19-Dec19,Sep-Dec
2019-07-30,INR,0,2019-09-18,2019-12-18,0.5046275032631509,1.4230495592020853,90.91786804252843,0.9184220559389344,91,50,3.9742056939091386,Sep19-Dec19,Sep-Dec
2019-07-31,INR,0,2019-09-18,2019-12-18,0.4938301731565772,1.410943351875935,90.70091000745099,0.9171131787193577,91,49,3.9784531876460894,Sep19-Dec19,Sep-Dec
2019-08-01,INR,0,2019-09-18,2019-12-18,0.4659421388003083,1.3492907769425593,90.24877072891712,0.883348638142251,91,48,3.8522593860801293,Sep19-Dec19,Sep-Dec
2019-08-02,INR,0,2019-09-18,2019-12-18,0.44950559537180107,1.3265049131370594,90.1796427191241,0.8769993177652584,91,47,3.8281810157372824,Sep19-Dec19,Sep-Dec
2019-08-05,INR,0,2019-09-18,2019-12-18,0.43865984799039626,1.351297823952142,89.88348154056877,0.9126379759617458,91,44,3.997287811554241,Sep19-Dec19,Sep-Dec
2019-08-06,INR,0,2019-09-18,2019-12-18,0.41313342816647,1.2923988816011875,89.27687492543208,0.8792654534347175,91,43,3.87826118724972,Sep19-Dec19,Sep-Dec
2019-08-07,INR,0,2019-09-18,2019-12-18,0.40274400182170145,1.2799037931459745,89.30200668060955,0.877159791324273,91,42,3.8683377017988567,Sep19-Dec19,Sep-Dec
2019-08-08,INR,0,2019-09-18,2019-12-18,0.38762241826998345,1.2521008055268572,89.54718056604663,0.8644783872568738,91,41,3.8026596885240496,Sep19-Dec19,Sep-Dec
2019-08-09,INR,0,2019-09-18,2019-12-18,0.3668315219422386,1.2050830336002254,89.03518174545383,0.8382515116579867,91,40,3.709267504324385,Sep19-Dec19,Sep-Dec
2019-08-12,INR,0,2019-09-18,2019-12-18,0.3349646055490815,1.1612606187194885,88.70923687004061,0.826296013170407,91,37,3.6710569522060394,Sep19-Dec19,Sep-Dec
2019-08-13,INR,0,2019-09-18,2019-12-18,0.3201307238867053,1.1313954908251498,88.36288331257933,0.8112647669384445,91,36,3.61895579764412,Sep19-Dec19,Sep-Dec
2019-08-14,INR,0,2019-09-18,2019-12-18,0.3172983702720108,1.143911549186855,88.42047521127057,0.8266131789148442,91,35,3.6851477543859636,Sep19-Dec19,Sep-Dec
2019-08-15,INR,0,2019-09-18,2019-12-18,0.3092255535044551,1.1380896633884785,88.63277749703978,0.8288641098840235,91,34,3.686697780378357,Sep19-Dec19,Sep-Dec
2019-08-16,INR,0,2019-09-18,2019-12-18,0.2961535833785417,1.1136358589644586,88.16402254244024,0.8174822755859169,91,33,3.6558776583317103,Sep19-Dec19,Sep-Dec
2019-08-19,INR,0,2019-09-18,2019-12-18,0.26910899822929546,1.0854062928581583,88.31310216247263,0.8162972946288628,91,30,3.6455490740607757,Sep19-Dec19,Sep-Dec
2019-08-20,INR,0,2019-09-18,2019-12-18,0.2641949395913209,1.0932204396882241,88.35901249804547,0.8290255000969032,91,29,3.7006800068396677,Sep19-Dec19,Sep-Dec
2019-08-21,INR,0,2019-09-18,2019-12-18,0.24525263020252322,1.0423236783607237,88.49105767685342,0.7970710481582005,91,28,3.5535037367370728,Sep19-Dec19,Sep-Dec
2019-08-22,INR,0,2019-09-18,2019-12-18,0.23780812721925415,1.039309593032296,88.5615826379746,0.8015014658130418,91,27,3.570717098695391,Sep19-Dec19,Sep-Dec
2019-08-23,INR,0,2019-09-18,2019-12-18,0.2311876777618967,1.0403445499285353,88.29655655389271,0.8091568721666387,91,26,3.615883564422361,Sep19-Dec19,Sep-Dec
2019-08-26,INR,0,2019-09-18,2019-12-18,0.20697377197525357,1.02587000022517,87.74955226459605,0.8188962282499164,91,23,3.683171244221548,Sep19-Dec19,Sep-Dec
2019-08-27,INR,0,2019-09-18,2019-12-18,0.2006496938312582,1.0306097910423717,87.70510359982038,0.8299600972111135,91,22,3.735089574127834,Sep19-Dec19,Sep-Dec
2019-08-28,INR,0,2019-09-18,2019-12-18,0.19187837759172766,1.0233513471558808,87.48117534435642,0.8314729695641532,91,21,3.7518296400285096,Sep19-Dec19,Sep-Dec
2019-08-29,INR,0,2019-09-18,2019-12-18,0.18834001216726817,1.045287067528338,87.25007454118352,0.85694705536107,91,20,3.877151977569658,Sep19-Dec19,Sep-Dec
2019-08-30,INR,0,2019-09-18,2019-12-18,0.17586115964894644,1.0181435558623215,87.22827302366413,0.8422823962133751,91,19,3.8122981412226107,Sep19-Dec19,Sep-Dec
2019-09-02,INR,0,2019-09-18,2019-12-18,0.1456214662911818,0.9800783237035868,86.9750119442566,0.834456857412405,91,16,3.7891689696394435,Sep19-Dec19,Sep-Dec
2019-09-03,INR,0,2019-09-18,2019-12-18,0.13920646708134293,0.9895916088703085,87.28471345282162,0.8503851417889656,91,15,3.8481013017559755,Sep19-Dec19,Sep-Dec
2019-09-04,INR,0,2019-09-18,2019-12-18,0.12914021944352422,0.9740226002321914,87.22264452611282,0.8448823807886672,91,14,3.8263578080550475,Sep19-Dec19,Sep-Dec
2019-09-05,INR,0,2019-09-18,2019-12-18,0.11449641271138264,0.9210484140070395,87.17011299433973,0.8065520012956569,91,13,3.6555759275736177,Sep19-Dec19,Sep-Dec
2019-09-06,INR,0,2019-09-18,2019-12-18,0.10935961320561673,0.9433412130169399,86.88431383837258,0.8339815998113231,91,12,3.792537705884829,Sep19-Dec19,Sep-Dec
2019-09-09,INR,0,2019-09-18,2019-12-18,0.08388433055064656,0.9355551975333868,86.97559153871828,0.8516708669827402,91,9,3.870052458074906,Sep19-Dec19,Sep-Dec
2019-09-10,INR,0,2019-09-18,2019-12-18,0.07355294273233073,0.9133240315863846,86.66759113879098,0.8397710888540539,91,8,3.829983309188554,Sep19-Dec19,Sep-Dec
2019-09-11,INR,0,2019-09-18,2019-12-18,0.06304900185439331,0.8854110384931071,86.88897100760876,0.8223620366387138,91,7,3.7414891159176014,Sep19-Dec19,Sep-Dec
2019-09-12,INR,0,2019-09-18,2019-12-18,0.06366410621040476,0.8845389786904683,86.91274305334136,0.8208748724800635,91,6,3.7336758139318893,Sep19-Dec19,Sep-Dec
2019-09-13,INR,0,2019-09-18,2019-12-18,0.06383035981173456,0.8773298469784545,86.6933474611049,0.8134994871667199,91,5,3.7094795039251163,Sep19-Dec19,Sep-Dec
2019-09-16,INR,0,2019-09-18,2019-12-18,0.06432557567313577,0.8553890598223721,86.8069624136626,0.7910634841492363,91,2,3.6024352668741773,Sep19-Dec19,Sep-Dec
2019-09-17,INR,0,2019-09-18,2019-12-18,0.06434120577307208,0.8460147098260662,86.47525795347777,0.7816735040529941,91,1,3.573317615694055,Sep19-Dec19,Sep-Dec
2019-09-18,INR,0,2019-12-18,2020-03-18,0.8211337671763169,1.6543196735387098,86.77540213974794,0.8331859063623929,91,91,3.76284294236042,Dec19-Mar20,Dec-Mar
2019-09-19,INR,0,2019-12-18,2020-03-18,0.8192326403301862,1.659630246442523,86.84914240506882,0.8403976061123368,91,90,3.7923023765557944,Dec19-Mar20,Dec-Mar
2019-09-20,INR,0,2019-12-18,2020-03-18,0.7888170583234182,1.6074012568076097,86.6945817434444,0.8185841984841915,91,89,3.7016795360962167,Dec19-Mar20,Dec-Mar
2019-09-23,INR,0,2019-12-18,2020-03-18,0.7461890082220655,1.547761627834996,86.40381252592164,0.8015726196129305,91,86,3.638619003245463,Dec19-Mar20,Dec-Mar
2019-09-24,INR,0,2019-12-18,2020-03-18,0.7537895415698381,1.5728069874151074,86.5384614205506,0.8190174458452693,91,85,3.711748730063893,Dec19-Mar20,Dec-Mar
2019-09-25,INR,0,2019-12-18,2020-03-18,0.7877403365437772,1.653242189751006,87.23871805058526,0.8655018532072287,91,84,3.889697981789965,Dec19-Mar20,Dec-Mar
2019-09-26,INR,0,2019-12-18,2020-03-18,0.7704798874644807,1.6273614215833065,87.397379791354,0.8568815341188258,91,83,3.844780883243789,Dec19-Mar20,Dec-Mar
2019-09-27,INR,0,2019-12-18,2020-03-18,0.76529513276258,1.6267255299151797,87.40409137624845,0.8614303971525997,91,82,3.865124450945154,Dec19-Mar20,Dec-Mar
2019-09-30,INR,0,2019-12-18,2020-03-18,0.7404041909170606,1.6054439400595142,87.61751168822065,0.8650397491424536,91,79,3.8730375623773754,Dec19-Mar20,Dec-Mar
2019-10-01,INR,0,2019-12-18,2020-03-18,0.7269109197095064,1.5871855527772298,87.92563252775636,0.8602746330677234,91,78,3.8389019991312576,Dec19-Mar20,Dec-Mar
2019-10-02,INR,0,2019-12-18,2020-03-18,0.7310419304503463,1.5930108616877696,87.54740897137762,0.8619689312374234,91,77,3.862762594816809,Dec19-Mar20,Dec-Mar
2019-10-03,INR,0,2019-12-18,2020-03-18,0.736713735852836,1.6176266284636456,87.90731921908103,0.8809128926108096,91,76,3.9313758731915187,Dec19-Mar20,Dec-Mar
2019-10-04,INR,0,2019-12-18,2020-03-18,0.7418125737447523,1.6414771338354501,87.86589266948361,0.8996645600906978,91,75,4.0167077294733655,Dec19-Mar20,Dec-Mar
2019-10-07,INR,0,2019-12-18,2020-03-18,0.6948442838603834,1.5751180062670362,87.6231261813882,0.8802737224066528,91,72,3.943027133488565,Dec19-Mar20,Dec-Mar
2019-10-08,INR,0,2019-12-18,2020-03-18,0.6574313082031422,1.5030035653408946,88.67910083060293,0.8455722571377524,91,71,3.744404374294193,Dec19-Mar20,Dec-Mar
2019-10-09,INR,0,2019-12-18,2020-03-18,0.6625770694696721,1.5277331190384777,88.39415051376524,0.8651560495688057,91,70,3.8431631767882273,Dec19-Mar20,Dec-Mar
2019-10-10,INR,0,2019-12-18,2020-03-18,0.6566436244196735,1.5273047079957014,87.77937724559169,0.8706610835760279,91,69,3.894763110731029,Dec19-Mar20,Dec-Mar
2019-10-11,INR,0,2019-12-18,2020-03-18,0.6435958709558438,1.510427669781261,87.92343218949894,0.8668317988254173,91,68,3.871897673149005,Dec19-Mar20,Dec-Mar
2019-10-14,INR,0,2019-12-18,2020-03-18,0.6172859089688609,1.489794890522198,87.97456584986544,0.8725089815533371,91,65,3.8961640540760962,Dec19-Mar20,Dec-Mar
2019-10-15,INR,0,2019-12-18,2020-03-18,0.5935120714802068,1.4466500242740288,87.77029718683653,0.853137952793822,91,64,3.8194949608332833,Dec19-Mar20,Dec-Mar
2019-10-16,INR,0,2019-12-18,2020-03-18,0.5776427738078901,1.422223255602273,87.80330865364931,0.8445804817943828,91,63,3.7804498100903543,Dec19-Mar20,Dec-Mar
2019-10-17,INR,0,2019-12-18,2020-03-18,0.577804854888795,1.4371044116723661,88.1121480676219,0.8592995567835712,91,62,3.832933388762763,Dec19-Mar20,Dec-Mar
2019-10-18,INR,0,2019-12-18,2020-03-18,0.5645377101712019,1.4189226315440457,87.88114365215624,0.8543849213728438,91,61,3.821536848685315,Dec19-Mar20,Dec-Mar
2019-10-21,INR,0,2019-12-18,2020-03-18,0.5474656040958619,1.4185914586434394,87.63263888723594,0.8711258545475775,91,58,3.9081516082523047,Dec19-Mar20,Dec-Mar
2019-10-22,INR,0,2019-12-18,2020-03-18,0.5314604482442364,1.392056389663629,87.29278366482595,0.8605959414193927,91,57,3.876555280413094,Dec19-Mar20,Dec-Mar
2019-10-23,INR,0,2019-12-18,2020-03-18,0.542149185399377,1.4353066855750534,87.58853209215802,0.8931575001756764,91,56,4.009239777958072,Dec19-Mar20,Dec-Mar
2019-10-24,INR,0,2019-12-18,2020-03-18,0.5316364720492435,1.4234065085417185,87.50396298828764,0.891770036492475,91,55,4.007335083390466,Dec19-Mar20,Dec-Mar
2019-10-25,INR,0,2019-12-18,2020-03-18,0.5061026470136134,1.3711166416578167,87.38864433975539,0.8650139946442033,91,54,3.8933309472075193,Dec19-Mar20,Dec-Mar
2019-10-28,INR,0,2019-12-18,2020-03-18,0.4706475629133797,1.3225937853605494,87.57587572067324,0.8519462224471697,91,51,3.8279043606653316,Dec19-Mar20,Dec-Mar
2019-10-29,INR,0,2019-12-18,2020-03-18,0.4656529776262124,1.3254063354866323,88.30755778113524,0.85975335786042,91,50,3.8313608868952307,Dec19-Mar20,Dec-Mar
2019-10-30,INR,0,2019-12-18,2020-03-18,0.46578658628428626,1.3430462456519505,88.03747941729743,0.8772596593676643,91,49,3.9212991000605233,Dec19-Mar20,Dec-Mar
2019-10-31,INR,0,2019-12-18,2020-03-18,0.4701704600260262,1.3738058721124742,88.34818766716876,0.903635412086448,91,48,4.024867702837363,Dec19-Mar20,Dec-Mar
2019-11-01,INR,0,2019-12-18,2020-03-18,0.46705027967985147,1.3638206846500212,88.71921747393911,0.8967704049701697,91,47,3.9778132103721884,Dec19-Mar20,Dec-Mar
2019-11-04,INR,0,2019-12-18,2020-03-18,0.4362917206267611,1.3338507329828286,89.08906358897806,0.8975590123560675,91,44,3.966231570647658,Dec19-Mar20,Dec-Mar
2019-11-05,INR,0,2019-12-18,2020-03-18,0.44008340136771357,1.3676214351841,89.20036308986502,0.9275380338163866,91,43,4.093443725806455,Dec19-Mar20,Dec-Mar
2019-11-06,INR,0,2019-12-18,2020-03-18,0.4306883724279543,1.361047734866566,89.24102998008236,0.9303593624386116,91,42,4.10446303510709,Dec19-Mar20,Dec-Mar
2019-11-07,INR,0,2019-12-18,2020-03-18,0.4272763786147692,1.3738511667072963,89.50707474015043,0.9465747880925272,91,41,4.163805512347463,Dec19-Mar20,Dec-Mar
2019-11-08,INR,0,2019-12-18,2020-03-18,0.40992847549628453,1.3418158471106698,89.26853895574183,0.9318873716143853,91,40,4.11089474406495,Dec19-Mar20,Dec-Mar
2019-11-11,INR,0,2019-12-18,2020-03-18,0.38244596405930487,1.3257736038181678,89.40444216429695,0.9433276397588629,91,37,4.156336950337746,Dec19-Mar20,Dec-Mar
2019-11-12,INR,0,2019-12-18,2020-03-18,0.37429134076238135,1.3243468271565217,89.20780729185225,0.9500554863941404,91,36,4.19554947051389,Dec19-Mar20,Dec-Mar
2019-11-13,INR,0,2019-12-18,2020-03-18,0.3762492996873777,1.359712412859909,89.53640504076284,0.9834631131725313,91,35,4.327114279294569,Dec19-Mar20,Dec-Mar
2019-11-14,INR,0,2019-12-18,2020-03-18,0.3738402095089641,1.3810004293805216,90.24226206282044,1.0071602198715575,91,34,4.396978021209201,Dec19-Mar20,Dec-Mar
2019-11-15,INR,0,2019-12-18,2020-03-18,0.3680273498267783,1.390926199831365,90.91653117069566,1.0228988500045866,91,33,4.4329872201717855,Dec19-Mar20,Dec-Mar
2019-11-18,INR,0,2019-12-18,2020-03-18,0.3327518760272058,1.354696422580403,90.69976274884681,1.0219445465531973,91,30,4.441113775076574,Dec19-Mar20,Dec-Mar
2019-11-19,INR,0,2019-12-18,2020-03-18,0.31525163678391455,1.317071346348147,90.58906676520414,1.0018197095642325,91,29,4.359795966503367,Dec19-Mar20,Dec-Mar
2019-11-20,INR,0,2019-12-18,2020-03-18,0.28856407622593283,1.2389456522545186,90.34796371898756,0.9503815760285858,91,28,4.148163418482101,Dec19-Mar20,Dec-Mar
2019-11-21,INR,0,2019-12-18,2020-03-18,0.2762438319273953,1.2197810669502043,89.9511040594283,0.943537235022809,91,27,4.1369660786317795,Dec19-Mar20,Dec-Mar
2019-11-22,INR,0,2019-12-18,2020-03-18,0.27321122468384673,1.241992979374171,90.30577173739978,0.9687817546903243,91,26,4.231161666909652,Dec19-Mar20,Dec-Mar
2019-11-25,INR,0,2019-12-18,2020-03-18,0.2449677087047157,1.2267287706549759,90.2951789405795,0.9817610619502601,91,23,4.289688120842375,Dec19-Mar20,Dec-Mar
2019-11-26,INR,0,2019-12-18,2020-03-18,0.2388336783508907,1.2392444929853423,90.05668102697999,1.0004108146344517,91,22,4.383018547168147,Dec19-Mar20,Dec-Mar
2019-11-27,INR,0,2019-12-18,2020-03-18,0.22356139046408186,1.204797729759836,89.7862604500756,0.9812363392957542,91,21,4.312656119238394,Dec19-Mar20,Dec-Mar
2019-11-28,INR,0,2019-12-18,2020-03-18,0.21522652528319614,1.207046317468054,90.28153545346811,0.9918197921848577,91,20,4.335716116869456,Dec19-Mar20,Dec-Mar
2019-11-29,INR,0,2019-12-18,2020-03-18,0.2011241658943984,1.176972489137474,90.49984871804521,0.9758483232430756,91,19,4.256292670775704,Dec19-Mar20,Dec-Mar
2019-12-02,INR,0,2019-12-18,2020-03-18,0.17187299027268158,1.1514584666309895,90.3099618347033,0.979585476358308,91,16,4.28294056002723,Dec19-Mar20,Dec-Mar
2019-12-03,INR,0,2019-12-18,2020-03-18,0.15856284564749468,1.127528157583978,90.4928024957224,0.9689653119364833,91,15,4.22858425956127,Dec19-Mar20,Dec-Mar
2019-12-04,INR,0,2019-12-18,2020-03-18,0.14393915899308415,1.0921325437871872,90.63972964120295,0.948193384794103,91,14,4.13190473424387,Dec19-Mar20,Dec-Mar
2019-12-05,INR,0,2019-12-18,2020-03-18,0.1372430407918308,1.1105850830954662,91.01344867790364,0.9733420423036354,91,13,4.224415449859958,Dec19-Mar20,Dec-Mar
2019-12-06,INR,0,2019-12-18,2020-03-18,0.12744052079545787,1.1065954837954104,91.66329816765804,0.9791549629999525,91,12,4.220011875657445,Dec19-Mar20,Dec-Mar
2019-12-09,INR,0,2019-12-18,2020-03-18,0.09430514942948087,1.0605751751082753,91.72930642111075,0.9662700256787944,91,9,4.162988832187657,Dec19-Mar20,Dec-Mar
2019-12-10,INR,0,2019-12-18,2020-03-18,0.08492422914685951,1.0637311438743786,92.11541891034136,0.9788069147275191,91,8,4.199770898123035,Dec19-Mar20,Dec-Mar
2019-12-11,INR,0,2019-12-18,2020-03-18,0.071945919148016,1.0199620857840273,91.57836752498395,0.9480161666360113,91,7,4.092068521444289,Dec19-Mar20,Dec-Mar
2019-12-12,INR,0,2019-12-18,2020-03-18,0.07454942431492502,1.0457204636877848,91.28477547438762,0.9711710393728598,91,6,4.205367459595223,Dec19-Mar20,Dec-Mar
2019-12-13,INR,0,2019-12-18,2020-03-18,0.07426054473265234,1.0310921588343962,91.16518372061104,0.9568316141017439,91,5,4.148718741546293,Dec19-Mar20,Dec-Mar
2019-12-16,INR,0,2019-12-18,2020-03-18,0.07473448700460036,1.0055593108608634,91.13953844387332,0.930824823856263,91,2,4.037069857852999,Dec19-Mar20,Dec-Mar
2019-12-17,INR,0,2019-12-18,2020-03-18,0.07514044606709831,1.0002553051283545,91.40512908902085,0.9251148590612561,91,1,4.0006386791765625,Dec19-Mar20,Dec-Mar
2019-12-18,INR,0,2020-03-18,2020-06-17,0.9526010355972542,1.8925695798013973,90.9539380303998,0.9399685442041431,91,91,4.046019919757874,Mar20-Jun20,Mar-Jun
2019-12-19,INR,0,2020-03-18,2020-06-17,0.9664299348155537,1.9307903711554715,91.20143453718875,0.9643604363399177,91,90,4.139243430978306,Mar20-Jun20,Mar-Jun
2019-12-20,INR,0,2020-03-18,2020-06-17,0.9521741038067397,1.9127438661816072,91.55350642154765,0.9605697623748675,91,89,4.107916596278724,Mar20-Jun20,Mar-Jun
2019-12-23,INR,0,2020-03-18,2020-06-17,0.9308014512751381,1.9021599738718005,92.2627877320566,0.9713585225966623,91,86,4.123392012417081,Mar20-Jun20,Mar-Jun
2019-12-24,INR,0,2020-03-18,2020-06-17,0.9046869798170101,1.8594286675078084,92.84611328941025,0.9547416876907984,91,85,4.028765698346943,Mar20-Jun20,Mar-Jun
2019-12-25,INR,0,2020-03-18,2020-06-17,0.8903676304738527,1.8409263701948957,93.08731541957795,0.950558739721043,91,84,4.001431015420387,Mar20-Jun20,Mar-Jun
2019-12-26,INR,0,2020-03-18,2020-06-17,0.8533470463356754,1.7748116206724263,92.81049599442166,0.9214645743367509,91,83,3.8919547198455575,Mar20-Jun20,Mar-Jun
2019-12-27,INR,0,2020-03-18,2020-06-17,0.8272187480333684,1.7310981703564228,91.68475573551397,0.9038794223230544,91,82,3.8652150120410065,Mar20-Jun20,Mar-Jun
2019-12-30,INR,0,2020-03-18,2020-06-17,0.8119842705183129,1.7326041014491114,91.90696934242042,0.9206198309307985,91,79,3.9280129639640338,Mar20-Jun20,Mar-Jun
2019-12-31,INR,0,2020-03-18,2020-06-17,0.7957348048328616,1.7092282526022475,91.73103141982388,0.9134934477693859,91,78,3.905702512243234,Mar20-Jun20,Mar-Jun
2020-01-01,INR,0,2020-03-18,2020-06-17,0.7755922380100647,1.6922012465674139,91.85246784905947,0.9166090085573492,91,77,3.914737634524785,Mar20-Jun20,Mar-Jun
2020-01-02,INR,0,2020-03-18,2020-06-17,0.7703066273852783,1.6926474575439667,92.06611445502931,0.9223408301586884,91,76,3.9303764880408836,Mar20-Jun20,Mar-Jun
2020-01-03,INR,0,2020-03-18,2020-06-17,0.7791468388603854,1.7245116700109866,92.40662366358906,0.9453648311506012,91,75,4.013386170833363,Mar20-Jun20,Mar-Jun
2020-01-06,INR,0,2020-03-18,2020-06-17,0.7409686659269038,1.6774707298067406,92.42203829850155,0.9365020638798368,91,72,3.9767322356277472,Mar20-Jun20,Mar-Jun
2020-01-07,INR,0,2020-03-18,2020-06-17,0.7362942590060975,1.6799953515350392,91.88361444486009,0.9437010925289417,91,71,4.030799701333906,Mar20-Jun20,Mar-Jun
2020-01-08,INR,0,2020-03-18,2020-06-17,0.7163571276715182,1.6476213936444921,92.04244650152724,0.931264265972974,91,70,3.9717226039366436,Mar20-Jun20,Mar-Jun
2020-01-09,INR,0,2020-03-18,2020-06-17,0.7033484292614932,1.630952879446941,92.4943157915584,0.9276044501854478,91,69,3.9374849245801453,Mar20-Jun20,Mar-Jun
2020-01-10,INR,0,2020-03-18,2020-06-17,0.6816964769848195,1.593966762361563,92.7679892715709,0.9122702853767435,91,68,3.861951294789562,Mar20-Jun20,Mar-Jun
2020-01-13,INR,0,2020-03-18,2020-06-17,0.6298383024126207,1.5116119257902896,92.29742879086074,0.8817736233776688,91,65,3.7538338557410227,Mar20-Jun20,Mar-Jun
2020-01-14,INR,0,2020-03-18,2020-06-17,0.6126137609531448,1.4836739523083975,92.5271165667529,0.8710601913552527,91,64,3.6997663545268282,Mar20-Jun20,Mar-Jun
2020-01-15,INR,0,2020-03-18,2020-06-17,0.6225107428969686,1.521692927081479,92.86337736689283,0.8991821841845103,91,63,3.8050708155523694,Mar20-Jun20,Mar-Jun
2020-01-16,INR,0,2020-03-18,2020-06-17,0.6049121958081098,1.4927671928813033,93.56945008138388,0.8878549970731935,91,62,3.729670485770268,Mar20-Jun20,Mar-Jun
2020-01-17,INR,0,2020-03-18,2020-06-17,0.5815659120570735,1.449147846437298,93.26822694521805,0.8675819343802245,91,61,3.657112246478151,Mar20-Jun20,Mar-Jun
2020-01-20,INR,0,2020-03-18,2020-06-17,0.5359476178765747,1.3768309493725799,93.10952440156042,0.8408833314960051,91,58,3.552303543958242,Mar20-Jun20,Mar-Jun
2020-01-21,INR,0,2020-03-18,2020-06-17,0.5241854630671321,1.3610429567357116,93.33724778546066,0.8368574936685795,91,57,3.527162238330374,Mar20-Jun20,Mar-Jun
2020-01-22,INR,0,2020-03-18,2020-06-17,0.5240150901887202,1.3755396117453904,93.08231156632326,0.8515245215566702,91,56,3.5987614910782497,Mar20-Jun20,Mar-Jun
2020-01-23,INR,0,2020-03-18,2020-06-17,0.5136316265553534,1.363458499583302,93.52381133677274,0.8498268730279485,91,55,3.575121099408248,Mar20-Jun20,Mar-Jun
2020-01-24,INR,0,2020-03-18,2020-06-17,0.5000857631440223,1.3428228825163564,93.44960618961578,0.8427371193723341,91,54,3.548606725930719,Mar20-Jun20,Mar-Jun
2020-01-27,INR,0,2020-03-18,2020-06-17,0.47714994079168993,1.3285351292631367,93.61160189153175,0.8513851884714467,91,51,3.579723573249411,Mar20-Jun20,Mar-Jun
2020-01-28,INR,0,2020-03-18,2020-06-17,0.4860395450913325,1.3706315171575578,93.16753474867626,0.8845919720662253,91,50,3.736626979853023,Mar20-Jun20,Mar-Jun
2020-01-29,INR,0,2020-03-18,2020-06-17,0.46038164728315545,1.31537613509473,93.19834718767164,0.8549944878115745,91,49,3.611404743617932,Mar20-Jun20,Mar-Jun
2020-01-30,INR,0,2020-03-18,2020-06-17,0.45998349307622266,1.3320355320332282,93.70575607829991,0.8720520389570056,91,48,3.6636214123893027,Mar20-Jun20,Mar-Jun
2020-01-31,INR,0,2020-03-18,2020-06-17,0.4538249022084165,1.332507159675776,94.36649818913327,0.8786822574673596,91,47,3.6659921845955448,Mar20-Jun20,Mar-Jun
2020-02-03,INR,0,2020-03-18,2020-06-17,0.44436033899059635,1.363378312812057,94.56123730528196,0.9190179738214606,91,44,3.826801358005399,Mar20-Jun20,Mar-Jun
2020-02-04,INR,0,2020-03-18,2020-06-17,0.4388677973504862,1.3676345312782594,94.7049748285304,0.9287667339277732,91,43,3.8617759414839714,Mar20-Jun20,Mar-Jun
2020-02-05,INR,0,2020-03-18,2020-06-17,0.4208497137385532,1.332690760172085,94.66464719173888,0.9118410464335318,91,42,3.793726044469375,Mar20-Jun20,Mar-Jun
2020-02-06,INR,0,2020-03-18,2020-06-17,0.420181320882976,1.352778886745191,94.30334219357057,0.9325975658622151,91,41,3.8949110283968373,Mar20-Jun20,Mar-Jun
2020-02-07,INR,0,2020-03-18,2020-06-17,0.4108112865250635,1.3454069633695829,94.77763734369734,0.9345956768445194,91,40,3.8841914454225974,Mar20-Jun20,Mar-Jun
2020-02-10,INR,0,2020-03-18,2020-06-17,0.38853603638137,1.3441246664004152,94.51812425930073,0.9555886300190451,91,37,3.9832300625409385,Mar20-Jun20,Mar-Jun
2020-02-11,INR,0,2020-03-18,2020-06-17,0.39059037251422163,1.3779160363696152,94.1584531440711,0.9873256638553936,91,36,4.131087507465928,Mar20-Jun20,Mar-Jun
2020-02-12,INR,0,2020-03-18,2020-06-17,0.3783506317285848,1.3620622742229054,94.27059694059547,0.9837116424943206,91,35,4.111621520995895,Mar20-Jun20,Mar-Jun
2020-02-13,INR,0,2020-03-18,2020-06-17,0.3668081651201484,1.348559430588781,94.06800984072804,0.9817512654686325,91,34,4.112732191483784,Mar20-Jun20,Mar-Jun
2020-02-14,INR,0,2020-03-18,2020-06-17,0.3458679144161714,1.2996248905334924,94.33260046400255,0.953756976117321,91,33,3.9851769737370675,Mar20-Jun20,Mar-Jun
2020-02-17,INR,0,2020-03-18,2020-06-17,0.3212597714758782,1.2957477449527088,94.4706514699059,0.9744879734768306,91,30,4.066926394060921,Mar20-Jun20,Mar-Jun
2020-02-18,INR,0,2020-03-18,2020-06-17,0.30407881675517795,1.2582571727800467,93.83255583896528,0.9541783560248687,91,29,4.009885770981015,Mar20-Jun20,Mar-Jun
2020-02-19,INR,0,2020-03-18,2020-06-17,0.2945256830895444,1.2517341531305635,94.0976788676414,0.957208470041019,91,28,4.011728299602032,Mar20-Jun20,Mar-Jun
2020-02-20,INR,0,2020-03-18,2020-06-17,0.28183292566438617,1.2317142677184283,94.32807811925456,0.9498813420540422,91,27,3.9718590797613946,Mar20-Jun20,Mar-Jun
2020-02-21,INR,0,2020-03-18,2020-06-17,0.2729029790837421,1.2280634058768396,94.09631317176176,0.9551604267930975,91,26,4.004119974279743,Mar20-Jun20,Mar-Jun
2020-02-24,INR,0,2020-03-18,2020-06-17,0.24901891742727456,1.234267677683013,94.44113475263146,0.9852487602557385,91,23,4.116254174420989,Mar20-Jun20,Mar-Jun
2020-02-25,INR,0,2020-03-18,2020-06-17,0.24244183550196086,1.245269427805526,95.03021366257839,1.0028275923035652,91,22,4.164080464374763,Mar20-Jun20,Mar-Jun
2020-02-26,INR,0,2020-03-18,2020-06-17,0.22822318588689797,1.2171903247301226,94.89737552600303,0.9889671388432246,91,21,4.112875530167651,Mar20-Jun20,Mar-Jun
2020-02-27,INR,0,2020-03-18,2020-06-17,0.21327431209812786,1.1836724321446095,94.8268856777621,0.9703981200464816,91,20,4.0392794142769795,Mar20-Jun20,Mar-Jun
2020-02-28,INR,0,2020-03-18,2020-06-17,0.20764555474701438,1.2021584748511356,95.48423407430153,0.9945129201041212,91,19,4.111463628927597,Mar20-Jun20,Mar-Jun
2020-03-02,INR,0,2020-03-18,2020-06-17,0.17214407134784995,1.1512134771387466,95.03048618417176,0.9790694057908966,91,16,4.068418692772513,Mar20-Jun20,Mar-Jun
2020-03-03,INR,0,2020-03-18,2020-06-17,0.15980126349008802,1.129262261996622,94.73008171388945,0.9694609985065339,91,15,4.04176947365018,Mar20-Jun20,Mar-Jun
2020-03-04,INR,0,2020-03-18,2020-06-17,0.14780345054245078,1.108525879068381,93.95978625165625,0.9607224285259301,91,14,4.038632982560648,Mar20-Jun20,Mar-Jun
2020-03-05,INR,0,2020-03-18,2020-06-17,0.1392341130716807,1.1138729045734457,93.61159593775692,0.9746387915017649,91,13,4.112725080253761,Mar20-Jun20,Mar-Jun
2020-03-06,INR,0,2020-03-18,2020-06-17,0.12948297087030747,1.111395499970139,93.72648793298202,0.9819125290998315,91,12,4.138776775415322,Mar20-Jun20,Mar-Jun
2020-03-09,INR,0,2020-03-18,2020-06-17,0.09719010745268447,1.0798900828076052,93.91700394096742,0.9826999753549208,91,9,4.1351248473236994,Mar20-Jun20,Mar-Jun
2020-03-10,INR,0,2020-03-18,2020-06-17,0.08512134911202918,1.053376695261361,93.45818393780975,0.9682553461493318,91,8,4.094852858034325,Mar20-Jun20,Mar-Jun
2020-03-11,INR,0,2020-03-18,2020-06-17,0.07751903479370922,1.085266487111929,93.44512736532076,1.00774745231822,91,7,4.262810529233757,Mar20-Jun20,Mar-Jun
2020-03-12,INR,0,2020-03-18,2020-06-17,0.07823684550953701,1.0841391449178701,93.21041067921246,1.005902299408333,91,6,4.265678426617243,Mar20-Jun20,Mar-Jun
2020-03-13,INR,0,2020-03-18,2020-06-17,0.07864366934335514,1.0785417509945847,93.73970202584887,0.9998980816512296,91,5,4.216276393774683,Mar20-Jun20,Mar-Jun
2020-03-16,INR,0,2020-03-18,2020-06-17,0.07897337331037889,1.049217673980748,93.7609314032625,0.970244300670369,91,2,4.090295179531502,Mar20-Jun20,Mar-Jun
2020-03-17,INR,0,2020-03-18,2020-06-17,0.0786670594288464,1.0339099239219811,92.89175057167263,0.9552428644931347,91,1,4.064715268492039,Mar20-Jun20,Mar-Jun
2020-03-18,INR,0,2020-06-17,2020-09-16,1.0233249272912954,2.046649854582591,92.67879456314152,1.0233249272912954,91,91,4.320412831316137,Jun20-Sep20,Jun-Sep
2020-03-19,INR,0,2020-06-17,2020-09-16,1.0396013220616758,2.090753769924037,92.8583784408774,1.051152447862361,91,90,4.42864191407021,Jun20-Sep20,Jun-Sep
2020-03-20,INR,0,2020-06-17,2020-09-16,1.0113136452391633,2.045353439809544,92.72597171169333,1.0340397945703805,91,89,4.364012531451557,Jun20-Sep20,Jun-Sep
2020-03-23,INR,0,2020-06-17,2020-09-16,0.9783137136343019,2.0135061315496676,92.42654005364282,1.0351924179153658,91,86,4.384426015419017,Jun20-Sep20,Jun-Sep
2020-03-24,INR,0,2020-06-17,2020-09-16,0.9746503519627074,2.018099552299253,92.2167588487479,1.0434492003365454,91,85,4.4295187054631935,Jun20-Sep20,Jun-Sep
2020-03-25,INR,0,2020-06-17,2020-09-16,0.983846838441981,2.0496809134207936,92.3267791412535,1.0658340749788127,91,84,4.518763437920903,Jun20-Sep20,Jun-Sep
2020-03-26,INR,0,2020-06-17,2020-09-16,0.9625815526406256,2.0179420501140823,91.73663523041309,1.0553604974734567,91,83,4.503870326378736,Jun20-Sep20,Jun-Sep
2020-03-27,INR,0,2020-06-17,2020-09-16,0.9703542558735889,2.0472108081235474,92.05303865100787,1.0768565522499585,91,82,4.579591995014912,Jun20-Sep20,Jun-Sep
2020-03-30,INR,0,2020-06-17,2020-09-16,0.9421165221854386,2.0273393515382856,92.00615982439605,1.085222829352847,91,79,4.618901375872729,Jun20-Sep20,Jun-Sep
2020-03-31,INR,0,2020-06-17,2020-09-16,0.9138083395037773,1.9799180689248508,92.47844444690398,1.0661097294210735,91,78,4.515981599888886,Jun20-Sep20,Jun-Sep
2020-04-01,INR,0,2020-06-17,2020-09-16,0.8873781950578894,1.9360978801263042,93.28998356655183,1.0487196850684148,91,77,4.405284979421052,Jun20-Sep20,Jun-Sep
2020-04-02,INR,0,2020-06-17,2020-09-16,0.8683113941501053,1.908000037145626,92.80038876045828,1.0396886429955208,91,76,4.391065495198524,Jun20-Sep20,Jun-Sep
2020-04-03,INR,0,2020-06-17,2020-09-16,0.8552439411100179,1.8929399229901729,92.34142708393078,1.037695981880155,91,75,4.404847160501121,Jun20-Sep20,Jun-Sep
2020-04-06,INR,0,2020-06-17,2020-09-16,0.8061672238170482,1.8250730205858174,92.16725292172515,1.0189057967687694,91,72,4.335471485049513,Jun20-Sep20,Jun-Sep
2020-04-07,INR,0,2020-06-17,2020-09-16,0.7710027205002107,1.759189305930058,92.10657929884678,0.9881865854298474,91,71,4.209099207512935,Jun20-Sep20,Jun-Sep
2020-04-08,INR,0,2020-06-17,2020-09-16,0.7668006219441186,1.7636414304714727,91.99259303775645,0.9968408085273541,91,70,4.2513711012169555,Jun20-Sep20,Jun-Sep
2020-04-09,INR,0,2020-06-17,2020-09-16,0.7687787642767917,1.7826753954244448,91.51154522351106,1.0138966311476532,91,69,4.3465599884931345,Jun20-Sep20,Jun-Sep
2020-04-10,INR,0,2020-06-17,2020-09-16,0.7284113014943525,1.7031970137882653,91.3861732949615,0.9747857122939128,91,68,4.186411025411886,Jun20-Sep20,Jun-Sep
2020-04-13,INR,0,2020-06-17,2020-09-16,0.7099004626189882,1.7037611102855719,91.43635273290808,0.9938606476665837,91,65,4.266865197446984,Jun20-Sep20,Jun-Sep
2020-04-14,INR,0,2020-06-17,2020-09-16,0.7067187063898487,1.711584367037915,91.39125252668249,1.0048656606480662,91,64,4.3163738247638905,Jun20-Sep20,Jun-Sep
2020-04-15,INR,0,2020-06-17,2020-09-16,0.7159417885401264,1.750079927542531,91.4729348806235,1.0341381390024047,91,63,4.43773270955091,Jun20-Sep20,Jun-Sep
2020-04-16,INR,0,2020-06-17,2020-09-16,0.7213367273305864,1.7800728916383826,91.79473959468295,1.0587361643077962,91,62,4.527220533301473,Jun20-Sep20,Jun-Sep
2020-04-17,INR,0,2020-06-17,2020-09-16,0.7062142132245905,1.7597468919694714,91.22949552616727,1.0535326787448809,91,61,4.5334088332574565,Jun20-Sep20,Jun-Sep
2020-04-20,INR,0,2020-06-17,2020-09-16,0.6792125188244549,1.744873539738686,91.01984276883884,1.0656610209142312,91,58,4.5974321412082935,Jun20-Sep20,Jun-Sep
2020-04-21,INR,0,2020-06-17,2020-09-16,0.6686424080701758,1.73612414726993,91.57907661247067,1.0674817391997542,91,57,4.577896047064486,Jun20-Sep20,Jun-Sep
2020-04-22,INR,0,2020-06-17,2020-09-16,0.6622532253851974,1.738414716636143,92.20354223705455,1.0761614912509456,91,56,4.584402838515976,Jun20-Sep20,Jun-Sep
2020-04-23,INR,0,2020-06-17,2020-09-16,0.6605118416851863,1.753358707018858,92.71805848104682,1.0928468653336718,91,55,4.629916930129265,Jun20-Sep20,Jun-Sep
2020-04-24,INR,0,2020-06-17,2020-09-16,0.6483434572448445,1.740922246305601,93.11579623627571,1.0925787890607566,91,54,4.609747104909752,Jun20-Sep20,Jun-Sep
2020-04-27,INR,0,2020-06-17,2020-09-16,0.6051174112857767,1.6848367137760842,92.52415190364707,1.0797193024903076,91,51,4.586546262267167,Jun20-Sep20,Jun-Sep
2020-04-28,INR,0,2020-06-17,2020-09-16,0.5870856701963252,1.655581589953637,92.76668548461473,1.0684959197573118,91,50,4.527955082182798,Jun20-Sep20,Jun-Sep
2020-04-29,INR,0,2020-06-17,2020-09-16,0.5816040370977762,1.6617258202793608,92.75382664002026,1.0801217831815846,91,49,4.578121321289958,Jun20-Sep20,Jun-Sep
2020-04-30,INR,0,2020-06-17,2020-09-16,0.5807779842185283,1.6818362459661549,92.84985321068791,1.1010582617476266,91,48,4.662105806127147,Jun20-Sep20,Jun-Sep
2020-05-01,INR,0,2020-06-17,2020-09-16,0.5779886086781852,1.6970729361189267,93.03565628675287,1.1190843274407416,91,47,4.729168269028191,Jun20-Sep20,Jun-Sep
2020-05-04,INR,0,2020-06-17,2020-09-16,0.5453514892481697,1.6732375238296118,92.65410289394963,1.127886034581442,91,44,4.787545978398664,Jun20-Sep20,Jun-Sep
2020-05-05,INR,0,2020-06-17,2020-09-16,0.5250602420430949,1.6362342426459238,92.94720171958349,1.111174000602829,91,43,4.702842422923979,Jun20-Sep20,Jun-Sep
2020-05-06,INR,0,2020-06-17,2020-09-16,0.5071856829210191,1.6060879959165604,93.67350390578113,1.0989023129955413,91,42,4.6159206017644845,Jun20-Sep20,Jun-Sep
2020-05-07,INR,0,2020-06-17,2020-09-16,0.4992184809119635,1.6072399873263217,93.76103172346876,1.1080215064143581,91,41,4.6502972081157266,Jun20-Sep20,Jun-Sep
2020-05-08,INR,0,2020-06-17,2020-09-16,0.4840940041376803,1.585407863550903,93.37942531135172,1.1013138594132228,91,40,4.64168195376853,Jun20-Sep20,Jun-Sep
2020-05-11,INR,0,2020-06-17,2020-09-16,0.44425615340723523,1.5368861523277328,93.41677027128065,1.0926299989204975,91,37,4.605204596702366,Jun20-Sep20,Jun-Sep
2020-05-12,INR,0,2020-06-17,2020-09-16,0.4388055181503372,1.5480083556970228,93.68234449359741,1.1092028375466856,91,36,4.6621351109242415,Jun20-Sep20,Jun-Sep
2020-05-13,INR,0,2020-06-17,2020-09-16,0.4242502284851849,1.5273008225466658,93.6578060765581,1.103050594061481,91,35,4.6382028701616544,Jun20-Sep20,Jun-Sep
2020-05-14,INR,0,2020-06-17,2020-09-16,0.41459240641707634,1.5242367882980747,93.80440917665231,1.1096443818809985,91,34,4.659147174710978,Jun20-Sep20,Jun-Sep
2020-05-15,INR,0,2020-06-17,2020-09-16,0.39974507122249286,1.502072388836034,93.49034876976641,1.102327317613541,91,33,4.644638368146365,Jun20-Sep20,Jun-Sep
2020-05-18,INR,0,2020-06-17,2020-09-16,0.3611999132017759,1.4568396499138294,93.46033996065637,1.0956397367120534,91,30,4.619833531030188,Jun20-Sep20,Jun-Sep
2020-05-19,INR,0,2020-06-17,2020-09-16,0.35101191458621095,1.4524630948394937,93.63477558104931,1.1014511802532827,91,29,4.636221497554395,Jun20-Sep20,Jun-Sep
2020-05-20,INR,0,2020-06-17,2020-09-16,0.3370970931859524,1.4326626460402978,93.23523606748189,1.0955655528543455,91,28,4.631823678455879,Jun20-Sep20,Jun-Sep
2020-05-21,INR,0,2020-06-17,2020-09-16,0.3207879562372796,1.4019621791110741,93.59044878002116,1.0811742228737944,91,27,4.554484530794172,Jun20-Sep20,Jun-Sep
2020-05-22,INR,0,2020-06-17,2020-09-16,0.30840636104403973,1.387828624698179,93.21618948707813,1.0794222636541393,91,26,4.565902566510735,Jun20-Sep20,Jun-Sep
2020-05-25,INR,0,2020-06-17,2020-09-16,0.26818218890444,1.3292508493524418,92.5268936136684,1.0610686604480017,91,23,4.523552812267424,Jun20-Sep20,Jun-Sep
2020-05-26,INR,0,2020-06-17,2020-09-16,0.2618766369623839,1.34509363530679,92.83585200702956,1.083216998344406,91,22,4.6029630602175,Jun20-Sep20,Jun-Sep
2020-05-27,INR,0,2020-06-17,2020-09-16,0.24419007659455716,1.3023470751709714,92.88068123651992,1.0581569985764143,91,21,4.495163901691514,Jun20-Sep20,Jun-Sep
2020-05-28,INR,0,2020-06-17,2020-09-16,0.2301590931874758,1.2773829671904906,92.9371757042577,1.0472238740030149,91,20,4.446691199637191,Jun20-Sep20,Jun-Sep
2020-05-29,INR,0,2020-06-17,2020-09-16,0.2137716348088483,1.23762525415649,92.60289823911653,1.0238536193476417,91,19,4.363881970981781,Jun20-Sep20,Jun-Sep
2020-06-01,INR,0,2020-06-17,2020-09-16,0.1860778938833074,1.244395915344618,92.47280681165158,1.0583180214613106,91,16,4.5184578097175425,Jun20-Sep20,Jun-Sep
2020-06-02,INR,0,2020-06-17,2020-09-16,0.17340720780931612,1.2254109351858338,92.12408663393808,1.0520037273765177,91,15,4.509085582062837,Jun20-Sep20,Jun-Sep
2020-06-03,INR,0,2020-06-17,2020-09-16,0.1621495886643948,1.2161219149829612,92.32977474594823,1.0539723263185663,91,14,4.508026923827124,Jun20-Sep20,Jun-Sep
2020-06-04,INR,0,2020-06-17,2020-09-16,0.14931582300470042,1.1945265840376034,92.56798979418103,1.045210761032903,91,13,4.459684938482432,Jun20-Sep20,Jun-Sep
2020-06-05,INR,0,2020-06-17,2020-09-16,0.13734014671994405,1.1788362593461865,91.99970131061295,1.0414961126262425,91,12,4.471821904012699,Jun20-Sep20,Jun-Sep
2020-06-08,INR,0,2020-06-17,2020-09-16,0.1012166563027102,1.1246295144745577,91.72063323787165,1.0234128581718476,91,9,4.409262345263708,Jun20-Sep20,Jun-Sep
2020-06-09,INR,0,2020-06-17,2020-09-16,0.09087381878841325,1.1245635075066138,91.65301907829276,1.0336896887182005,91,8,4.45732322484503,Jun20-Sep20,Jun-Sep
2020-06-10,INR,0,2020-06-17,2020-09-16,0.08099314535938662,1.1339040350314127,91.7734306372016,1.052910889672026,91,7,4.534742682834883,Jun20-Sep20,Jun-Sep
2020-06-11,INR,0,2020-06-17,2020-09-16,0.08006797964626666,1.1095134322411238,91.94151012313984,1.029445452594857,91,6,4.425626624513971,Jun20-Sep20,Jun-Sep
2020-06-12,INR,0,2020-06-17,2020-09-16,0.07780317140999939,1.067014922194277,91.44404454066984,0.9892117507842777,91,5,4.275880858796591,Jun20-Sep20,Jun-Sep
2020-06-15,INR,0,2020-06-17,2020-09-16,0.07728246559794617,1.0267527572298563,91.58992615272612,0.9494702916319101,91,2,4.097589820033956,Jun20-Sep20,Jun-Sep
2020-06-16,INR,0,2020-06-17,2020-09-16,0.07731726547803187,1.0161697748541334,91.38225390699972,0.9388525093761015,91,1,4.060965678845969,Jun20-Sep20,Jun-Sep
2020-06-17,INR,0,2020-09-16,2020-12-16,0.9953508583725016,1.9907017167450032,91.68329548555447,0.9953508583725016,91,91,4.248715214069122,Sep20-Dec20,Sep-Dec
2020-06-18,INR,0,2020-09-16,2020-12-16,0.9762924100040895,1.963432513452669,91.64553946545986,0.9871401034485794,91,90,4.216251785288709,Sep20-Dec20,Sep-Dec
2020-06-19,INR,0,2020-09-16,2020-12-16,0.9283705272571634,1.8776033135538135,91.47269325308169,0.9492327862966501,91,89,4.064029648007872,Sep20-Dec20,Sep-Dec
2020-06-22,INR,0,2020-09-16,2020-12-16,0.9015673370267758,1.8555513796946432,91.06043153154636,0.9539840426678674,91,86,4.103872091288727,Sep20-Dec20,Sep-Dec
2020-06-23,INR,0,2020-09-16,2020-12-16,0.8686467808888927,1.7986098051346482,90.49150684566526,0.9299630242457555,91,85,4.0268918728508565,Sep20-Dec20,Sep-Dec
2020-06-24,INR,0,2020-09-16,2020-12-16,0.8688967250505601,1.8102015105220004,90.86985197557456,0.9413047854714403,91,84,4.059182363072939,Sep20-Dec20,Sep-Dec
2020-06-25,INR,0,2020-09-16,2020-12-16,0.8953840288640711,1.877070132799378,90.7601783721029,0.9816861039353069,91,83,4.237160600483808,Sep20-Dec20,Sep-Dec
2020-06-26,INR,0,2020-09-16,2020-12-16,0.8788217595334367,1.8540995658449335,90.59178884340108,0.9752778063114969,91,82,4.218012589716599,Sep20-Dec20,Sep-Dec
2020-06-29,INR,0,2020-09-16,2020-12-16,0.8485626398871908,1.8260208706433219,89.8842024056728,0.977458230756131,91,79,4.261820659963952,Sep20-Dec20,Sep-Dec
2020-06-30,INR,0,2020-09-16,2020-12-16,0.8362450488914064,1.8118642725980474,89.71942871345907,0.975619223706641,91,78,4.262121160374618,Sep20-Dec20,Sep-Dec
2020-07-01,INR,0,2020-09-16,2020-12-16,0.8287834293323498,1.8082547549069452,89.64423503495152,0.9794713255745954,91,77,4.282858783127077,Sep20-Dec20,Sep-Dec
2020-07-02,INR,0,2020-09-16,2020-12-16,0.8408682116568817,1.8476972545618322,90.237423423187,1.0068290429049505,91,76,4.373226460947242,Sep20-Dec20,Sep-Dec
2020-07-03,INR,0,2020-09-16,2020-12-16,0.8160919045242707,1.8121395234477153,90.3513821245119,0.9960476189234446,91,75,4.322164461328691,Sep20-Dec20,Sep-Dec
2020-07-06,INR,0,2020-09-16,2020-12-16,0.7820288348210657,1.7750250863129666,90.30167419088548,0.992996251491901,91,72,4.312886596167628,Sep20-Dec20,Sep-Dec
2020-07-07,INR,0,2020-09-16,2020-12-16,0.7749454692078699,1.7723498219963374,89.95072058316414,0.9974043527884675,91,71,4.349128127979874,Sep20-Dec20,Sep-Dec
2020-07-08,INR,0,2020-09-16,2020-12-16,0.7766216930543091,1.7899804459594721,90.01324642947537,1.013358752905163,91,70,4.415571751160967,Sep20-Dec20,Sep-Dec
2020-07-09,INR,0,2020-09-16,2020-12-16,0.7611690447260137,1.7683628452443652,89.99576049092242,1.0071938005183516,91,69,4.390301619382648,Sep20-Dec20,Sep-Dec
2020-07-10,INR,0,2020-09-16,2020-12-16,0.7630741849997286,1.7871777126553916,90.43368456243469,1.024103527655663,91,68,4.442480880450711,Sep20-Dec20,Sep-Dec
2020-07-13,INR,0,2020-09-16,2020-12-16,0.7088371047729891,1.702871754419714,89.78596008517131,0.9940346496467249,91,65,4.345492658079808,Sep20-Dec20,Sep-Dec
2020-07-14,INR,0,2020-09-16,2020-12-16,0.6923239919888312,1.6779706090014233,89.88774505005206,0.985646617012592,91,64,4.304767465145184,Sep20-Dec20,Sep-Dec
2020-07-15,INR,0,2020-09-16,2020-12-16,0.6931115120083885,1.6951035765928517,89.74710181342478,1.001992064584463,91,63,4.382922712532623,Sep20-Dec20,Sep-Dec
2020-07-16,INR,0,2020-09-16,2020-12-16,0.6531196623250712,1.6121496314291002,90.47199321860003,0.9590299691040289,91,62,4.163467778521942,Sep20-Dec20,Sep-Dec
2020-07-17,INR,0,2020-09-16,2020-12-16,0.6279013899367298,1.5646067421374252,90.17743237756088,0.9367053522006954,91,61,4.080869915258183,Sep20-Dec20,Sep-Dec
2020-07-20,INR,0,2020-09-16,2020-12-16,0.5830988919614972,1.4979609465907429,90.4536300748013,0.9148620546292456,91,58,3.9755761689892846,Sep20-Dec20,Sep-Dec
2020-07-21,INR,0,2020-09-16,2020-12-16,0.5733188627996647,1.488617398146498,90.91533578259799,0.9152985353468334,91,57,3.9578254295784516,Sep20-Dec20,Sep-Dec
2020-07-22,INR,0,2020-09-16,2020-12-16,0.566983930618665,1.4883328178739959,90.85254525768133,0.9213488872553308,91,56,3.987000074488222,Sep20-Dec20,Sep-Dec
2020-07-23,INR,0,2020-09-16,2020-12-16,0.5580789052425731,1.481445821189376,91.09166624906007,0.9233669159468029,91,55,3.9856958695218685,Sep20-Dec20,Sep-Dec
2020-07-24,INR,0,2020-09-16,2020-12-16,0.5501151995017532,1.4771611838473004,91.25295064308914,0.9270459843455472,91,54,3.99489344901989,Sep20-Dec20,Sep-Dec
2020-07-27,INR,0,2020-09-16,2020-12-16,0.5106474140047942,1.421802603699623,91.48223409884517,0.9111551896948288,91,51,3.9183140281422593,Sep20-Dec20,Sep-Dec
2020-07-28,INR,0,2020-09-16,2020-12-16,0.4887413455609559,1.3782505944818957,91.92017886925068,0.8895092489209397,91,50,3.8080064996526666,Sep20-Dec20,Sep-Dec
2020-07-29,INR,0,2020-09-16,2020-12-16,0.4866705392869231,1.3904872551054945,91.92114123938563,0.9038167158185715,91,49,3.8693034573195977,Sep20-Dec20,Sep-Dec
2020-07-30,INR,0,2020-09-16,2020-12-16,0.4759822311743811,1.3783652111091451,91.91488370164042,0.902382979934764,91,48,3.86387409379169,Sep20-Dec20,Sep-Dec
2020-07-31,INR,0,2020-09-16,2020-12-16,0.4947850453610705,1.4527731119112284,92.29001817991202,0.9579880665501579,91,47,4.0845513154095,Sep20-Dec20,Sep-Dec
2020-08-03,INR,0,2020-09-16,2020-12-16,0.4586474263407523,1.4127831079653248,92.5379475631319,0.9541356816245725,91,44,4.058861184072445,Sep20-Dec20,Sep-Dec
2020-08-04,INR,0,2020-09-16,2020-12-16,0.44113383746978463,1.3798196519531538,92.22313103769056,0.9386858144833692,91,43,4.007458914193133,Sep20-Dec20,Sep-Dec
2020-08-05,INR,0,2020-09-16,2020-12-16,0.44014308790110795,1.3984659451993704,91.88836715510347,0.9583228572982625,91,42,4.1061719046212035,Sep20-Dec20,Sep-Dec
2020-08-06,INR,0,2020-09-16,2020-12-16,0.4298784269674865,1.388261522578913,92.07398600457743,0.9583830956114265,91,41,4.098645690390555,Sep20-Dec20,Sep-Dec
2020-08-07,INR,0,2020-09-16,2020-12-16,0.41525549361791503,1.363790069348316,91.87986599146106,0.948534575730401,91,40,4.065701864885193,Sep20-Dec20,Sep-Dec
2020-08-10,INR,0,2020-09-16,2020-12-16,0.3789411199891643,1.313490643375527,92.13124503061154,0.9345495233863625,91,37,3.9964453077607422,Sep20-Dec20,Sep-Dec
2020-08-11,INR,0,2020-09-16,2020-12-16,0.3705051060403251,1.3091951967968534,92.25434107852547,0.9386900907565283,91,36,4.009182647101104,Sep20-Dec20,Sep-Dec
2020-08-12,INR,0,2020-09-16,2020-12-16,0.3584565092564887,1.2921468224709218,91.98301396837104,0.9336903132144332,91,35,4.0000661688658425,Sep20-Dec20,Sep-Dec
2020-08-13,INR,0,2020-09-16,2020-12-16,0.3452310424026897,1.2705047062118282,91.65115242200822,0.9252736638091386,91,34,3.9788773727336717,Sep20-Dec20,Sep-Dec
2020-08-14,INR,0,2020-09-16,2020-12-16,0.32869522507119353,1.2359458104357586,91.64891635212528,0.907250585364565,91,33,3.902170466599316,Sep20-Dec20,Sep-Dec
2020-08-17,INR,0,2020-09-16,2020-12-16,0.2992816839852657,1.207102792073905,91.71479435857195,0.9078211080886394,91,30,3.903076966356948,Sep20-Dec20,Sep-Dec
2020-08-18,INR,0,2020-09-16,2020-12-16,0.28913566761056964,1.1964234521816675,91.65306586660036,0.9072877845710978,91,29,3.9038333829862366,Sep20-Dec20,Sep-Dec
2020-08-19,INR,0,2020-09-16,2020-12-16,0.278519323749416,1.1837071259350178,92.04937832634192,0.9051878021856018,91,28,3.878527319545789,Sep20-Dec20,Sep-Dec
2020-08-20,INR,0,2020-09-16,2020-12-16,0.26951944428789687,1.177899793554512,91.83671530360948,0.908380349266615,91,27,3.9015736560519607,Sep20-Dec20,Sep-Dec
2020-08-21,INR,0,2020-09-16,2020-12-16,0.25407773355997226,1.1433498010198755,92.10881300250244,0.8892720674599033,91,26,3.8088883530146047,Sep20-Dec20,Sep-Dec
2020-08-24,INR,0,2020-09-16,2020-12-16,0.22859825378334314,1.1330522144043964,92.24934592889299,0.9044539606210533,91,23,3.869095118904243,Sep20-Dec20,Sep-Dec
2020-08-25,INR,0,2020-09-16,2020-12-16,0.218111113741176,1.1202979933069495,92.0450460965337,0.9021868795657735,91,22,3.868381551255757,Sep20-Dec20,Sep-Dec
2020-08-26,INR,0,2020-09-16,2020-12-16,0.21356109356049574,1.1389924989893108,92.20188250868924,0.9254314054288151,91,21,3.9615103011752293,Sep20-Dec20,Sep-Dec
2020-08-27,INR,0,2020-09-16,2020-12-16,0.20368820073603536,1.1304695140849963,91.5654841424289,0.926781313348961,91,20,3.9952279394417998,Sep20-Dec20,Sep-Dec
2020-08-28,INR,0,2020-09-16,2020-12-16,0.1945560667477224,1.1263772285394458,91.72376028529523,0.9318211617917234,91,19,4.010436245482952,Sep20-Dec20,Sep-Dec
2020-08-31,INR,0,2020-09-16,2020-12-16,0.16375070120251606,1.0950828142918263,91.4057695122484,0.9313321130893102,91,16,4.02359952139996,Sep20-Dec20,Sep-Dec
2020-09-01,INR,0,2020-09-16,2020-12-16,0.15137738560061217,1.0759207941006885,92.06656554267322,0.9245434085000763,91,15,3.966185155682512,Sep20-Dec20,Sep-Dec
2020-09-02,INR,0,2020-09-16,2020-12-16,0.143295004758817,1.0804991390252938,92.25499029899086,0.9372041342664768,91,14,4.012651034330219,Sep20-Dec20,Sep-Dec
2020-09-03,INR,0,2020-09-16,2020-12-16,0.13113103858811764,1.0544184479071417,92.20115922547578,0.923287409319024,91,13,3.9558918823327094,Sep20-Dec20,Sep-Dec
2020-09-04,INR,0,2020-09-16,2020-12-16,0.12272583056954947,1.0583330916599298,91.81665444612318,0.9356072610903804,91,12,4.025808570090744,Sep20-Dec20,Sep-Dec
2020-09-07,INR,0,2020-09-16,2020-12-16,0.09073618933860676,1.011880722954169,91.780867069536,0.9211445336155624,91,9,3.9665012208228134,Sep20-Dec20,Sep-Dec
2020-09-08,INR,0,2020-09-16,2020-12-16,0.08227620587238672,1.0214714838629542,92.16586976149927,0.9391952779905675,91,8,4.027720843683669,Sep20-Dec20,Sep-Dec
2020-09-09,INR,0,2020-09-16,2020-12-16,0.07164809157192609,1.005960411582091,92.05818873829985,0.934312320010165,91,7,4.0119257059567675,Sep20-Dec20,Sep-Dec
2020-09-10,INR,0,2020-09-16,2020-12-16,0.07142344533472808,0.9921890303896957,91.66619537770592,0.9207655850549676,91,6,3.970660209435392,Sep20-Dec20,Sep-Dec
2020-09-11,INR,0,2020-09-16,2020-12-16,0.07188558209666183,0.9879179079239798,91.89127539523936,0.916032325827318,91,5,3.9405606632237897,Sep20-Dec20,Sep-Dec
2020-09-14,INR,0,2020-09-16,2020-12-16,0.07103765354221214,0.944613379273596,92.3390435174052,0.8735757257313839,91,2,3.7397477917299886,Sep20-Dec20,Sep-Dec
2020-09-15,INR,0,2020-09-16,2020-12-16,0.07023781879196288,0.9235388816738882,92.24036080006643,0.8533010628819253,91,1,3.656889417907347,Sep20-Dec20,Sep-Dec
2020-09-16,INR,0,2020-12-16,2021-03-17,0.9366823603614656,1.8861648961000643,92.1612627153591,0.9494825357385988,91,91,4.034669770447609,Dec20-Mar21,Dec-Mar
2020-09-17,INR,0,2020-12-16,2021-03-17,0.9221207098214907,1.8672438222232102,91.84764179192726,0.9451231124017194,91,90,4.030352644768073,Dec20-Mar21,Dec-Mar
2020-09-18,INR,0,2020-12-16,2021-03-17,0.9126909326989668,1.8585558498937782,91.18134645024637,0.9458649171948114,91,89,4.063111245023441,Dec20-Mar21,Dec-Mar
2020-09-21,INR,0,2020-12-16,2021-03-17,0.886310995684068,1.8367685452470466,90.84128275807953,0.9504575495629786,91,86,4.099150201757744,Dec20-Mar21,Dec-Mar
2020-09-22,INR,0,2020-12-16,2021-03-17,0.8975805220015216,1.8711835641270882,91.18004429941016,0.9736030421255666,91,85,4.183010191517478,Dec20-Mar21,Dec-Mar
2020-09-23,INR,0,2020-12-16,2021-03-17,0.8605098685419583,1.8053561482654041,90.91623938153232,0.9448462797234458,91,84,4.0727672802025285,Dec20-Mar21,Dec-Mar
2020-09-24,INR,0,2020-12-16,2021-03-17,0.8615093262025434,1.8187171981214392,91.162816034043,0.9572078719188958,91,83,4.114951564772184,Dec20-Mar21,Dec-Mar
2020-09-25,INR,0,2020-12-16,2021-03-17,0.8604452415561866,1.8279495103662868,90.86339070572926,0.9675042688101002,91,82,4.172840544166256,Dec20-Mar21,Dec-Mar
2020-09-28,INR,0,2020-12-16,2021-03-17,0.8184871904683084,1.773929883812729,90.9240098667194,0.9554426933444207,91,79,4.11998083068905,Dec20-Mar21,Dec-Mar
2020-09-29,INR,0,2020-12-16,2021-03-17,0.7979175600154158,1.741415086600481,90.67468728297692,0.9434975265850651,91,78,4.080476000433029,Dec20-Mar21,Dec-Mar
2020-09-30,INR,0,2020-12-16,2021-03-17,0.7942239698670785,1.7454956371246637,91.03204247656218,0.9512716672575852,91,77,4.098252793502959,Dec20-Mar21,Dec-Mar
2020-10-01,INR,0,2020-12-16,2021-03-17,0.7801674897613742,1.726979327435627,91.18024057498367,0.9468118376742529,91,76,4.073088981189609,Dec20-Mar21,Dec-Mar
2020-10-02,INR,0,2020-12-16,2021-03-17,0.7929197531584915,1.754581015957148,90.78663169015688,0.9616612627986565,91,75,4.154174339684377,Dec20-Mar21,Dec-Mar
2020-10-05,INR,0,2020-12-16,2021-03-17,0.7584870002597515,1.7192797212675281,91.08425070099645,0.9607927210077767,91,72,4.138528894159757,Dec20-Mar21,Dec-Mar
2020-10-06,INR,0,2020-12-16,2021-03-17,0.753710978342274,1.7227770204349875,91.47810046689153,0.9690660420927135,91,71,4.156557047678451,Dec20-Mar21,Dec-Mar
2020-10-07,INR,0,2020-12-16,2021-03-17,0.7376168021236815,1.700453302816967,91.38560359354194,0.9628365006932855,91,70,4.13470512957163,Dec20-Mar21,Dec-Mar
2020-10-08,INR,0,2020-12-16,2021-03-17,0.7337975163416324,1.7064181336755682,91.66291080234396,0.9726206173339358,91,69,4.164358216589749,Dec20-Mar21,Dec-Mar
2020-10-09,INR,0,2020-12-16,2021-03-17,0.6983197222062592,1.638619152941793,91.63492875651492,0.9402994307355339,91,68,4.028739312350874,Dec20-Mar21,Dec-Mar
2020-10-12,INR,0,2020-12-16,2021-03-17,0.6887354260236503,1.6616626135380532,92.09214086074343,0.9729271875144029,91,65,4.148422470101377,Dec20-Mar21,Dec-Mar
2020-10-13,INR,0,2020-12-16,2021-03-17,0.6848971636435436,1.6684737899683095,92.52552146808922,0.983576626324766,91,64,4.174503692823731,Dec20-Mar21,Dec-Mar
2020-10-14,INR,0,2020-12-16,2021-03-17,0.6741732505492839,1.6587650863586014,92.77894367665813,0.9845918358093175,91,63,4.167960052373224,Dec20-Mar21,Dec-Mar
2020-10-15,INR,0,2020-12-16,2021-03-17,0.6727808915266502,1.6721094142100352,93.04415461514711,0.999328522683385,91,62,4.218434524016669,Dec20-Mar21,Dec-Mar
2020-10-16,INR,0,2020-12-16,2021-03-17,0.6454020669332168,1.6211318157392998,93.00117083587007,0.975729748806083,91,61,4.121912479918455,Dec20-Mar21,Dec-Mar
2020-10-19,INR,0,2020-12-16,2021-03-17,0.6174596147769574,1.599216852470525,93.48763549950571,0.9817572376935676,91,58,4.127167377880412,Dec20-Mar21,Dec-Mar
2020-10-20,INR,0,2020-12-16,2021-03-17,0.5909285662128924,1.5472755347235236,93.12981217677213,0.9563469685106313,91,57,4.036833911751398,Dec20-Mar21,Dec-Mar
2020-10-21,INR,0,2020-12-16,2021-03-17,0.5700002711804133,1.5091628745340993,92.96757133570266,0.939162603353686,91,56,3.972060079082055,Dec20-Mar21,Dec-Mar
2020-10-22,INR,0,2020-12-16,2021-03-17,0.564902257820272,1.5124669680205096,92.93938028094287,0.9475647102002376,91,55,4.0090224136997,Dec20-Mar21,Dec-Mar
2020-10-23,INR,0,2020-12-16,2021-03-17,0.5487494264556103,1.4863996863711957,92.92216373080733,0.9376502599155854,91,54,3.9684919279445974,Dec20-Mar21,Dec-Mar
2020-10-26,INR,0,2020-12-16,2021-03-17,0.5202850886282862,1.4615202237677818,92.75983439156383,0.9412351351394956,91,51,3.991812605230928,Dec20-Mar21,Dec-Mar
2020-10-27,INR,0,2020-12-16,2021-03-17,0.4860768033441611,1.3836237283216306,92.78742881589474,0.8975469249774695,91,50,3.8067992236913555,Dec20-Mar21,Dec-Mar
2020-10-28,INR,0,2020-12-16,2021-03-17,0.4785409787983663,1.38016421214789,92.91076361270173,0.9016232333495238,91,49,3.819346507100812,Dec20-Mar21,Dec-Mar
2020-10-29,INR,0,2020-12-16,2021-03-17,0.4698669286914251,1.3735924659807408,93.14029184512259,0.9037255372893157,91,48,3.8192200467841317,Dec20-Mar21,Dec-Mar
2020-10-30,INR,0,2020-12-16,2021-03-17,0.44806167640592476,1.3285209920564092,93.13663904174405,0.8804593156504844,91,47,3.7219072428429048,Dec20-Mar21,Dec-Mar
2020-11-02,INR,0,2020-12-16,2021-03-17,0.43539258755454296,1.3309035956841762,92.60725417933779,0.8955110081296331,91,44,3.8075882774033945,Dec20-Mar21,Dec-Mar
2020-11-03,INR,0,2020-12-16,2021-03-17,0.42550241785923437,1.322038823544369,92.58411349348178,0.8965364056851346,91,43,3.813301876727345,Dec20-Mar21,Dec-Mar
2020-11-04,INR,0,2020-12-16,2021-03-17,0.4095619526320302,1.2940515866114568,92.29628409168693,0.8844896339794266,91,42,3.774389663641166,Dec20-Mar21,Dec-Mar
2020-11-05,INR,0,2020-12-16,2021-03-17,0.39445053063232705,1.2681005727921353,92.91354677615196,0.8736500421598082,91,41,3.704074751085203,Dec20-Mar21,Dec-Mar
2020-11-06,INR,0,2020-12-16,2021-03-17,0.3722852518259142,1.2185026541854003,93.30340887167822,0.8462174023594861,91,40,3.573683943766459,Dec20-Mar21,Dec-Mar
2020-11-09,INR,0,2020-12-16,2021-03-17,0.34339713961312157,1.190772883041914,92.27034829603402,0.8473757434287924,91,37,3.619609241069993,Dec20-Mar21,Dec-Mar
2020-11-10,INR,0,2020-12-16,2021-03-17,0.33841786861435885,1.1979252269387424,92.20483787605149,0.8595073583243835,91,36,3.674226568661055,Dec20-Mar21,Dec-Mar
2020-11-11,INR,0,2020-12-16,2021-03-17,0.32544902564356376,1.1770293479093377,92.93456678829376,0.8515803222657738,91,35,3.6123618011246714,Dec20-Mar21,Dec-Mar
2020-11-12,INR,0,2020-12-16,2021-03-17,0.3029442483070251,1.1205372934239755,92.75971944018782,0.8175930451169504,91,34,3.4755442155245055,Dec20-Mar21,Dec-Mar
2020-11-13,INR,0,2020-12-16,2021-03-17,0.28609812122819833,1.0832467064683013,92.90546782537591,0.797148585240103,91,33,3.383948762611231,Dec20-Mar21,Dec-Mar
2020-11-16,INR,0,2020-12-16,2021-03-17,0.26711692874416876,1.09019136407341,92.30221059789102,0.8230744353292412,91,30,3.5174919514475564,Dec20-Mar21,Dec-Mar
2020-11-17,INR,0,2020-12-16,2021-03-17,0.25115490041845395,1.0521628254047748,92.88841320595864,0.8010079249863209,91,29,3.4022302495178627,Dec20-Mar21,Dec-Mar
2020-11-18,INR,0,2020-12-16,2021-03-17,0.24314887009370728,1.0463853105508283,93.61881109851971,0.8032364404571211,91,28,3.3854382186427974,Dec20-Mar21,Dec-Mar
2020-11-19,INR,0,2020-12-16,2021-03-17,0.24218759052462388,1.071514407164838,94.06754974533268,0.829326816640214,91,27,3.478806572083732,Dec20-Mar21,Dec-Mar
2020-11-20,INR,0,2020-12-16,2021-03-17,0.23263186717968098,1.0598717597331027,93.80417345667351,0.8272398925534217,91,26,3.4801239428157063,Dec20-Mar21,Dec-Mar
2020-11-23,INR,0,2020-12-16,2021-03-17,0.20328700533105643,1.020592783546175,93.57352084849818,0.8173057782151185,91,23,3.4478648379538686,Dec20-Mar21,Dec-Mar
2020-11-24,INR,0,2020-12-16,2021-03-17,0.19664397727490113,1.0230995133048435,94.06468166489415,0.8264555360299424,91,22,3.4685428047785702,Dec20-Mar21,Dec-Mar
2020-11-25,INR,0,2020-12-16,2021-03-17,0.19003032876270026,1.0265768097554357,94.18840575144812,0.8365464809927354,91,21,3.5065368610988354,Dec20-Mar21,Dec-Mar
2020-11-26,INR,0,2020-12-16,2021-03-17,0.18378892736061617,1.0330614264271776,93.83673294545609,0.8492724990665614,91,20,3.5734319168228805,Dec20-Mar21,Dec-Mar
2020-11-27,INR,0,2020-12-16,2021-03-17,0.16987004547822396,0.9965286596982456,94.10761199824421,0.8266586142200216,91,19,3.468800548767447,Dec20-Mar21,Dec-Mar
2020-11-30,INR,0,2020-12-16,2021-03-17,0.13629762471015203,0.9245746645330744,94.20695484431415,0.7882770398229223,91,16,3.305438955587811,Dec20-Mar21,Dec-Mar
2020-12-01,INR,0,2020-12-16,2021-03-17,0.12767782004697256,0.915419667708449,94.77412351086976,0.7877418476614764,91,15,3.2837536607947295,Dec20-Mar21,Dec-Mar
2020-12-02,INR,0,2020-12-16,2021-03-17,0.11852603090773862,0.9020893484901772,94.63764011139074,0.7835633175824386,91,14,3.271355367042456,Dec20-Mar21,Dec-Mar
2020-12-03,INR,0,2020-12-16,2021-03-17,0.11141569241785829,0.9044890523402438,94.77729358111776,0.7930733599223855,91,13,3.306434555007069,Dec20-Mar21,Dec-Mar
2020-12-04,INR,0,2020-12-16,2021-03-17,0.10454297027969651,0.9104602929127436,94.55854568650939,0.805917322633047,91,12,3.367991049640161,Dec20-Mar21,Dec-Mar
2020-12-07,INR,0,2020-12-16,2021-03-17,0.0795195391430848,0.8966340477381954,94.20201226822458,0.8171145085951106,91,9,3.4286045752079586,Dec20-Mar21,Dec-Mar
2020-12-08,INR,0,2020-12-16,2021-03-17,0.07073029074048216,0.8884216166625215,94.56673499319487,0.8176913259220393,91,8,3.4181207390944337,Dec20-Mar21,Dec-Mar
2020-12-09,INR,0,2020-12-16,2021-03-17,0.06211403631891458,0.8827342168984906,94.59150072254384,0.8206201805795761,91,7,3.4297786871214107,Dec20-Mar21,Dec-Mar
2020-12-10,INR,0,2020-12-16,2021-03-17,0.0601614465393776,0.846829657930803,94.78007094445128,0.7866682113914254,91,6,3.28140699851608,Dec20-Mar21,Dec-Mar
2020-12-11,INR,0,2020-12-16,2021-03-17,0.059984295051805546,0.835837821377479,95.01163680242217,0.7758535263256734,91,5,3.2284193938895984,Dec20-Mar21,Dec-Mar
2020-12-14,INR,0,2020-12-16,2021-03-17,0.06018514005064164,0.8128240351005993,95.19451302293767,0.7526388950499576,91,2,3.125801256281747,Dec20-Mar21,Dec-Mar
2020-12-15,INR,0,2020-12-16,2021-03-17,0.05904177192768528,0.7892391656589898,95.48346061633681,0.7301973937313044,91,1,3.0234638134667544,Dec20-Mar21,Dec-Mar
2020-12-16,INR,0,2021-03-17,2021-06-16,0.7638785365739791,1.5144691415377591,95.67310759343368,0.75059060496378,91,91,3.0790773803603857,Mar21-Jun21,Mar-Jun
2020-12-17,INR,0,2021-03-17,2021-06-16,0.7632689096140793,1.5215647338252074,95.80324714652637,0.7582958242111281,91,90,3.106513245771223,Mar21-Jun21,Mar-Jun
2020-12-18,INR,0,2021-03-17,2021-06-16,0.7653233863405103,1.5342366462292265,95.82709663311091,0.7689132598887162,91,89,3.149164969562099,Mar21-Jun21,Mar-Jun
2020-12-21,INR,0,2021-03-17,2021-06-16,0.7279951244614419,1.4842272233652372,95.86252643853305,0.7562320989037953,91,86,3.0972888186380536,Mar21-Jun21,Mar-Jun
2020-12-22,INR,0,2021-03-17,2021-06-16,0.7108667073849202,1.457638151675391,95.9971733278214,0.7467714442904707,91,85,3.0548242500376004,Mar21-Jun21,Mar-Jun
2020-12-23,INR,0,2021-03-17,2021-06-16,0.7057633633156403,1.455872448242081,96.15583605380448,0.7501090849264408,91,84,3.063612958751535,Mar21-Jun21,Mar-Jun
2020-12-24,INR,0,2021-03-17,2021-06-16,0.6978167564769995,1.4483892300838215,95.24646831091606,0.750572473606822,91,83,3.094814553779385,Mar21-Jun21,Mar-Jun
2020-12-25,INR,0,2021-03-17,2021-06-16,0.7111392997901329,1.4856471173771908,95.26432658347278,0.7745078175870579,91,82,3.1924689736863696,Mar21-Jun21,Mar-Jun
2020-12-28,INR,0,2021-03-17,2021-06-16,0.7160570088837725,1.525659764374071,95.1484054699585,0.8096027554902985,91,79,3.340992068213873,Mar21-Jun21,Mar-Jun
2020-12-29,INR,0,2021-03-17,2021-06-16,0.711501689353091,1.5263126036568797,94.26480649601545,0.8148109143037887,91,78,3.3939282905783927,Mar21-Jun21,Mar-Jun
2020-12-30,INR,0,2021-03-17,2021-06-16,0.7211795407153797,1.5580077499267815,94.27775703203986,0.8368282092114018,91,77,3.484806565979301,Mar21-Jun21,Mar-Jun
2020-12-31,INR,0,2021-03-17,2021-06-16,0.7260084858089988,1.5795897950577642,94.51722506737977,0.8535813092487654,91,76,3.5454541529818266,Mar21-Jun21,Mar-Jun
2021-01-01,INR,0,2021-03-17,2021-06-16,0.7025677347835775,1.5550165863209848,94.36015023133706,0.8524488515374073,91,75,3.54747391944237,Mar21-Jun21,Mar-Jun
2021-01-04,INR,0,2021-03-17,2021-06-16,0.661106231940736,1.496671052865833,95.09023183703944,0.8355648209250969,91,72,3.4522036207184095,Mar21-Jun21,Mar-Jun
2021-01-05,INR,0,2021-03-17,2021-06-16,0.6588376223622093,1.5032633073616606,95.1192448382296,0.8444256849994513,91,71,3.487838805756898,Mar21-Jun21,Mar-Jun
2021-01-06,INR,0,2021-03-17,2021-06-16,0.6416023772377099,1.4756854676467328,95.10940953356963,0.834083090409023,91,70,3.446093469721993,Mar21-Jun21,Mar-Jun
2021-01-07,INR,0,2021-03-17,2021-06-16,0.6247674528731522,1.4487361226044109,95.0669822236703,0.8239686697312587,91,69,3.4064130783251385,Mar21-Jun21,Mar-Jun
2021-01-08,INR,0,2021-03-17,2021-06-16,0.6420954662923446,1.501370281477688,95.51258909030068,0.8592748151853433,91,68,3.535271271358641,Mar21-Jun21,Mar-Jun
2021-01-11,INR,0,2021-03-17,2021-06-16,0.6387659555063772,1.5330382932153053,95.45626721403502,0.8942723377089281,91,65,3.681543738487499,Mar21-Jun21,Mar-Jun
2021-01-12,INR,0,2021-03-17,2021-06-16,0.6054594770029574,1.4663471708665379,95.66840456672668,0.8608876938635804,91,64,3.5375224542714268,Mar21-Jun21,Mar-Jun
2021-01-13,INR,0,2021-03-17,2021-06-16,0.589591182252121,1.4412228899496295,95.89500739422262,0.8516317076975085,91,63,3.491844832977879,Mar21-Jun21,Mar-Jun
2021-01-14,INR,0,2021-03-17,2021-06-16,0.5749507693129693,1.4188301242723271,95.27137075571218,0.8438793549593578,91,62,3.4831006226416745,Mar21-Jun21,Mar-Jun
2021-01-15,INR,0,2021-03-17,2021-06-16,0.5758204845307038,1.4348313712896226,94.83013204055585,0.8590108867589188,91,61,3.5619211766110723,Mar21-Jun21,Mar-Jun
2021-01-18,INR,0,2021-03-17,2021-06-16,0.5482999153961058,1.4085635757589612,94.44577689858707,0.8602636603628554,91,58,3.58258216546167,Mar21-Jun21,Mar-Jun
2021-01-19,INR,0,2021-03-17,2021-06-16,0.537291521919181,1.3950727235796276,94.8481078162756,0.8577812016604467,91,57,3.5575886477188527,Mar21-Jun21,Mar-Jun
2021-01-20,INR,0,2021-03-17,2021-06-16,0.5477004387029945,1.4377136515953606,94.80976794102432,0.8900132128923661,91,56,3.692349903461418,Mar21-Jun21,Mar-Jun
2021-01-21,INR,0,2021-03-17,2021-06-16,0.5368965417785458,1.425216274539413,94.6209065189206,0.8883197327608672,91,55,3.6930570029885685,Mar21-Jun21,Mar-Jun
2021-01-22,INR,0,2021-03-17,2021-06-16,0.5358867869707987,1.4389552613104781,95.01067777854232,0.9030684743396794,91,54,3.739096843566573,Mar21-Jun21,Mar-Jun
2021-01-25,INR,0,2021-03-17,2021-06-16,0.5038937823214726,1.4029983743068453,94.5607828706089,0.8991045919853726,91,51,3.7415551308935924,Mar21-Jun21,Mar-Jun
2021-01-26,INR,0,2021-03-17,2021-06-16,0.5109448215654663,1.4408643968146146,94.5927058499491,0.9299195752491484,91,50,3.868203469893969,Mar21-Jun21,Mar-Jun
2021-01-27,INR,0,2021-03-17,2021-06-16,0.5020083517516823,1.434309576433378,94.88585985869322,0.9323012246816956,91,49,3.866555248910096,Mar21-Jun21,Mar-Jun
2021-01-28,INR,0,2021-03-17,2021-06-16,0.5043533568121867,1.4605232624352906,95.30289561758357,0.9561699056231039,91,48,3.9481878632193315,Mar21-Jun21,Mar-Jun
2021-01-29,INR,0,2021-03-17,2021-06-16,0.4898583823141003,1.4383075906243796,95.3290982299248,0.9484492083102793,91,47,3.9158292793091105,Mar21-Jun21,Mar-Jun
2021-02-01,INR,0,2021-03-17,2021-06-16,0.4554514979307449,1.3974080050147857,95.04845546134645,0.9419565070840408,91,44,3.9018522543743064,Mar21-Jun21,Mar-Jun
2021-02-02,INR,0,2021-03-17,2021-06-16,0.45206671933715825,1.4087660556088188,95.39224395080211,0.9566993362716606,91,43,3.9488464161784855,Mar21-Jun21,Mar-Jun
2021-02-03,INR,0,2021-03-17,2021-06-16,0.4407299257320055,1.3956447648180175,94.80258662141729,0.954914839086012,91,42,3.9663518813237175,Mar21-Jun21,Mar-Jun
2021-02-04,INR,0,2021-03-17,2021-06-16,0.4283720048162196,1.3791488935546583,94.55450874371786,0.9507768887384387,91,41,3.9599927214230792,Mar21-Jun21,Mar-Jun
2021-02-05,INR,0,2021-03-17,2021-06-16,0.4149269451093391,1.3588857452330854,94.0329111946758,0.9439588001237462,91,40,3.953867636924756,Mar21-Jun21,Mar-Jun
2021-02-08,INR,0,2021-03-17,2021-06-16,0.39277243765480974,1.3587803248598824,93.71164601983531,0.9660078872050727,91,37,4.0609885553830285,Mar21-Jun21,Mar-Jun
2021-02-09,INR,0,2021-03-17,2021-06-16,0.390977554768303,1.3792819293215133,93.84283749424964,0.9883043745532103,91,36,4.149015452307924,Mar21-Jun21,Mar-Jun
2021-02-10,INR,0,2021-03-17,2021-06-16,0.3934118798290484,1.4162827673845744,94.09230470925111,1.022870887555526,91,35,4.282681381489346,Mar21-Jun21,Mar-Jun
2021-02-11,INR,0,2021-03-17,2021-06-16,0.3886486592192796,1.4288553647767632,94.03255958908325,1.0402067055574835,91,34,4.358240618712939,Mar21-Jun21,Mar-Jun
2021-02-12,INR,0,2021-03-17,2021-06-16,0.3641184478563143,1.3682026525509992,93.55790910800287,1.004084204694685,91,33,4.229254151247129,Mar21-Jun21,Mar-Jun
2021-02-15,INR,0,2021-03-17,2021-06-16,0.3366543842446658,1.3578393497868189,93.24896591062372,1.021184965542153,91,30,4.316745027929766,Mar21-Jun21,Mar-Jun
2021-02-16,INR,0,2021-03-17,2021-06-16,0.32248056362126976,1.3344023322259437,94.1799379939845,1.011921768604674,91,29,4.236089464988255,Mar21-Jun21,Mar-Jun
2021-02-17,INR,0,2021-03-17,2021-06-16,0.31691764635934194,1.3468999970272035,94.28005129735214,1.0299823506678616,91,28,4.3073847911724785,Mar21-Jun21,Mar-Jun
2021-02-18,INR,0,2021-03-17,2021-06-16,0.2974270961720443,1.2998665684556014,94.26965711026796,1.002439472283557,91,27,4.193525314759759,Mar21-Jun21,Mar-Jun
2021-02-19,INR,0,2021-03-17,2021-06-16,0.2759909085608714,1.2419590885239211,93.9421459038646,0.9659681799630497,91,26,4.055920345444178,Mar21-Jun21,Mar-Jun
2021-02-22,INR,0,2021-03-17,2021-06-16,0.23902401577793686,1.1847277303776,93.88155728187678,0.9457037145996632,91,23,3.9749493817071637,Mar21-Jun21,Mar-Jun
2021-02-23,INR,0,2021-03-17,2021-06-16,0.2319490044134329,1.1913744317599053,93.97069040389891,0.9594254273464724,91,22,4.029111272219845,Mar21-Jun21,Mar-Jun
2021-02-24,INR,0,2021-03-17,2021-06-16,0.2198988744451102,1.1727939970405878,94.10064424451394,0.9528951225954776,91,21,3.9966849912359192,Mar21-Jun21,Mar-Jun
2021-02-25,INR,0,2021-03-17,2021-06-16,0.20469580924110947,1.1360617412881575,94.1570865517575,0.931365932047048,91,20,3.904678858485431,Mar21-Jun21,Mar-Jun
2021-02-26,INR,0,2021-03-17,2021-06-16,0.1983628351866084,1.1484164142382594,94.59265233551538,0.9500535790516509,91,19,3.9649894165146993,Mar21-Jun21,Mar-Jun
2021-03-01,INR,0,2021-03-17,2021-06-16,0.17237799573937654,1.1527778465070806,95.48544024827413,0.9803998507677041,91,16,4.054561326333304,Mar21-Jun21,Mar-Jun
2021-03-02,INR,0,2021-03-17,2021-06-16,0.1640025884624941,1.1589516251349583,95.06005719583048,0.9949490366724643,91,15,4.1334743887375485,Mar21-Jun21,Mar-Jun
2021-03-03,INR,0,2021-03-17,2021-06-16,0.15271887684105376,1.1453915763079032,94.99595574371908,0.9926726994668494,91,14,4.127284850489196,Mar21-Jun21,Mar-Jun
2021-03-04,INR,0,2021-03-17,2021-06-16,0.14293452433450343,1.1434761946760275,95.1866747313783,1.000541670341524,91,13,4.152106421738486,Mar21-Jun21,Mar-Jun
2021-03-05,INR,0,2021-03-17,2021-06-16,0.13392026364685924,1.1494822629688752,95.23967571847523,1.015561999322016,91,12,4.212494944784175,Mar21-Jun21,Mar-Jun
2021-03-08,INR,0,2021-03-17,2021-06-16,0.10183448341955699,1.1314942602173,95.67473481225116,1.029659776797743,91,9,4.253001925979836,Mar21-Jun21,Mar-Jun
2021-03-09,INR,0,2021-03-17,2021-06-16,0.09020465074426166,1.116282552960238,95.72158681761779,1.0260779022159763,91,8,4.236648977419629,Mar21-Jun21,Mar-Jun
2021-03-10,INR,0,2021-03-17,2021-06-16,0.07902469952588348,1.1063457933623686,96.29491548248402,1.0273210938364852,91,7,4.217039789504083,Mar21-Jun21,Mar-Jun
2021-03-11,INR,0,2021-03-17,2021-06-16,0.07894406848264075,1.0939392346880217,96.52697428851641,1.0149951662053809,91,6,4.156438405608041,Mar21-Jun21,Mar-Jun
2021-03-12,INR,0,2021-03-17,2021-06-16,0.08017555795867198,1.0995505091475015,97.04057997973258,1.0193749511888295,91,5,4.1522454106405435,Mar21-Jun21,Mar-Jun
2021-03-15,INR,0,2021-03-17,2021-06-16,0.0781781952039485,1.0386531648524588,97.24236146310335,0.9604749696485103,91,2,3.9042952412206193,Mar21-Jun21,Mar-Jun
2021-03-16,INR,0,2021-03-17,2021-06-16,0.07718223847102107,1.0143951341905626,96.48147472914522,0.9372128957195416,91,1,3.839795962449223,Mar21-Jun21,Mar-Jun
2021-03-17,INR,0,2021-06-16,2021-09-15,0.9782850760730791,1.9565701521461583,96.84950129415888,0.9782850760730791,91,91,3.9560731220476377,Jun21-Sep21,Jun-Sep
2021-03-18,INR,0,2021-06-16,2021-09-15,1.0208334075361754,2.053009408489419,96.99802360510212,1.0321760009532437,91,90,4.165865379983134,Jun21-Sep21,Jun-Sep
2021-03-19,INR,0,2021-06-16,2021-09-15,0.9946440661969762,2.0116396844433226,96.77774450737604,1.0169956182463464,91,89,4.114944339177205,Jun21-Sep21,Jun-Sep
2021-03-22,INR,0,2021-06-16,2021-09-15,0.9674824965664703,1.9912139754914564,96.47564189300608,1.023731478924986,91,86,4.156195478319997,Jun21-Sep21,Jun-Sep
2021-03-23,INR,0,2021-06-16,2021-09-15,0.9515933859151957,1.9703580696596994,96.37533988853203,1.0187646837445037,91,85,4.140968726913171,Jun21-Sep21,Jun-Sep
2021-03-24,INR,0,2021-06-16,2021-09-15,0.944501686529474,1.967711846936404,95.84436878345153,1.0232101604069301,91,84,4.182158910611579,Jun21-Sep21,Jun-Sep
2021-03-25,INR,0,2021-06-16,2021-09-15,0.9501368200076925,1.991853092546247,95.47773247343514,1.0417162725385545,91,83,4.273738903581725,Jun21-Sep21,Jun-Sep
2021-03-26,INR,0,2021-06-16,2021-09-15,0.9496780078377159,2.003588967755181,96.26446903184926,1.0539109599174652,91,82,4.2887976803292265,Jun21-Sep21,Jun-Sep
2021-03-29,INR,0,2021-06-16,2021-09-15,0.9144574462627301,1.9678198210716977,96.37382588597269,1.0533623748089678,91,79,4.283298783427536,Jun21-Sep21,Jun-Sep
2021-03-30,INR,0,2021-06-16,2021-09-15,0.9188037443479273,1.990741446087176,96.58250409004881,1.0719377017392486,91,78,4.34930849689089,Jun21-Sep21,Jun-Sep
2021-03-31,INR,0,2021-06-16,2021-09-15,0.9016756292418211,1.967292281982155,95.86717858702472,1.065616652740334,91,77,4.356387551217445,Jun21-Sep21,Jun-Sep
2021-04-01,INR,0,2021-06-16,2021-09-15,0.8623248661116044,1.8948454294820782,95.83323511822313,1.0325205633704737,91,76,4.224285721986152,Jun21-Sep21,Jun-Sep
2021-04-02,INR,0,2021-06-16,2021-09-15,0.8478475841132477,1.876569319503988,95.73331937644824,1.0287217353907403,91,75,4.213728754598052,Jun21-Sep21,Jun-Sep
2021-04-05,INR,0,2021-06-16,2021-09-15,0.8183559689663942,1.8526669852989204,95.8574014066852,1.0343110163325262,91,72,4.23247767165931,Jun21-Sep21,Jun-Sep
2021-04-06,INR,0,2021-06-16,2021-09-15,0.8113950572663362,1.8513521024950206,95.56346243865019,1.0399570452286844,91,71,4.268868344107837,Jun21-Sep21,Jun-Sep
2021-04-07,INR,0,2021-06-16,2021-09-15,0.7848316063928782,1.8051126947036198,95.39442958571745,1.0202810883107416,91,70,4.196618671062033,Jun21-Sep21,Jun-Sep
2021-04-08,INR,0,2021-06-16,2021-09-15,0.7836425051270638,1.8171420408743506,94.76930932023988,1.033499535747287,91,69,4.278852211117003,Jun21-Sep21,Jun-Sep
2021-04-09,INR,0,2021-06-16,2021-09-15,0.8016103704479636,1.87435366031215,95.13662256824406,1.0727432898641864,91,68,4.423491530186787,Jun21-Sep21,Jun-Sep
2021-04-12,INR,0,2021-06-16,2021-09-15,0.7587086692205315,1.8209008061292755,94.5292949665378,1.062192136908744,91,65,4.409871781381719,Jun21-Sep21,Jun-Sep
2021-04-13,INR,0,2021-06-16,2021-09-15,0.7513812811948586,1.819751540393798,94.78394562616006,1.0683702591989395,91,64,4.424038566194224,Jun21-Sep21,Jun-Sep
2021-04-14,INR,0,2021-06-16,2021-09-15,0.7449742895642957,1.8210482633793894,95.14344540296919,1.0760739738150937,91,63,4.439530815105208,Jun21-Sep21,Jun-Sep
2021-04-15,INR,0,2021-06-16,2021-09-15,0.7341076178294452,1.8115881536758893,95.64277643712632,1.077480535846444,91,62,4.422803666447368,Jun21-Sep21,Jun-Sep
2021-04-16,INR,0,2021-06-16,2021-09-15,0.7213516916069531,1.797466510233719,95.84708627383436,1.076114818626766,91,61,4.408435731104257,Jun21-Sep21,Jun-Sep
2021-04-19,INR,0,2021-06-16,2021-09-15,0.695918469678305,1.787790551414956,95.93696047404565,1.091872081736651,91,58,4.470004409413219,Jun21-Sep21,Jun-Sep
2021-04-20,INR,0,2021-06-16,2021-09-15,0.6951746632210173,1.8050149150300097,96.36455675097963,1.1098402518089925,91,57,4.523582289349825,Jun21-Sep21,Jun-Sep
2021-04-21,INR,0,2021-06-16,2021-09-15,0.691857120194588,1.8161249405107935,96.08184543345826,1.1242678203162055,91,56,4.595931330694714,Jun21-Sep21,Jun-Sep
2021-04-22,INR,0,2021-06-16,2021-09-15,0.6732413789225491,1.7871498422307663,95.55661711618284,1.1139084633082172,91,55,4.579317597230769,Jun21-Sep21,Jun-Sep
2021-04-23,INR,0,2021-06-16,2021-09-15,0.6555260119984581,1.7602087359217853,94.99887364304031,1.1046827239233272,91,54,4.56871134948661,Jun21-Sep21,Jun-Sep
2021-04-26,INR,0,2021-06-16,2021-09-15,0.6206593458491225,1.7281103355014784,94.95684885061256,1.1074509896523559,91,51,4.58384496195863,Jun21-Sep21,Jun-Sep
2021-04-27,INR,0,2021-06-16,2021-09-15,0.5974265879424976,1.684742977997843,95.02273489493668,1.0873163900553453,91,50,4.4984983987463405,Jun21-Sep21,Jun-Sep
2021-04-28,INR,0,2021-06-16,2021-09-15,0.598539932558938,1.7101140930255372,95.14645989078792,1.1115741604665992,91,49,4.592862548772246,Jun21-Sep21,Jun-Sep
2021-04-29,INR,0,2021-06-16,2021-09-15,0.5894663602201381,1.70699633480415,95.51014298205423,1.117529974584012,91,48,4.6004325427638975,Jun21-Sep21,Jun-Sep
2021-04-30,INR,0,2021-06-16,2021-09-15,0.5840878814976601,1.714981439291002,95.73151663283383,1.130893557793342,91,47,4.645004977954196,Jun21-Sep21,Jun-Sep
2021-05-03,INR,0,2021-06-16,2021-09-15,0.5458890769593299,1.6748869406706715,96.55527130964214,1.1289978637113416,91,44,4.599703193390562,Jun21-Sep21,Jun-Sep
2021-05-04,INR,0,2021-06-16,2021-09-15,0.5270892824347422,1.642557298750127,97.41097372673225,1.1154680163153847,91,43,4.505746150699137,Jun21-Sep21,Jun-Sep
2021-05-05,INR,0,2021-06-16,2021-09-15,0.520188921936341,1.6472649194650801,97.90224067281405,1.1270759975287392,91,42,4.530229751881286,Jun21-Sep21,Jun-Sep
2021-05-06,INR,0,2021-06-16,2021-09-15,0.5160476149311002,1.6614215895342737,97.78733994276845,1.1453739746031735,91,41,4.609352640039313,Jun21-Sep21,Jun-Sep
2021-05-07,INR,0,2021-06-16,2021-09-15,0.5081501872117427,1.6641918631184573,97.80223329874708,1.1560416759067147,91,40,4.651951831272106,Jun21-Sep21,Jun-Sep
2021-05-10,INR,0,2021-06-16,2021-09-15,0.4664591422396833,1.613696492072418,97.87389390853784,1.1472373498327346,91,37,4.615116016118289,Jun21-Sep21,Jun-Sep
2021-05-11,INR,0,2021-06-16,2021-09-15,0.45328270257564746,1.5990806451974229,97.5025971438246,1.1457979426217755,91,36,4.627416989020107,Jun21-Sep21,Jun-Sep
2021-05-12,INR,0,2021-06-16,2021-09-15,0.43722306736332145,1.5740030425079572,97.2777272932844,1.1367799751446357,91,35,4.602316772842411,Jun21-Sep21,Jun-Sep
2021-05-13,INR,0,2021-06-16,2021-09-15,0.41989824101240947,1.5437435331338587,97.06589162956641,1.1238452921214492,91,34,4.560645588785778,Jun21-Sep21,Jun-Sep
2021-05-14,INR,0,2021-06-16,2021-09-15,0.40888363173732856,1.5364112222857194,97.26968214603798,1.1275275905483908,91,33,4.566558358370847,Jun21-Sep21,Jun-Sep
2021-05-17,INR,0,2021-06-16,2021-09-15,0.3621662746111006,1.460737307598106,97.29179078708381,1.0985710329870053,91,30,4.450403676512119,Jun21-Sep21,Jun-Sep
2021-05-18,INR,0,2021-06-16,2021-09-15,0.34666371557768627,1.4344705472180124,97.73717895627411,1.087806831640326,91,29,4.387482713183897,Jun21-Sep21,Jun-Sep
2021-05-19,INR,0,2021-06-16,2021-09-15,0.33505739699149983,1.4239939372138744,97.71755545891536,1.0889365402223745,91,28,4.393438066553904,Jun21-Sep21,Jun-Sep
2021-05-20,INR,0,2021-06-16,2021-09-15,0.3122347012723413,1.3645812870420844,98.07869182512988,1.052346585769743,91,27,4.2312126709984295,Jun21-Sep21,Jun-Sep
2021-05-21,INR,0,2021-06-16,2021-09-15,0.3039792153574248,1.3679064691084115,98.09332379604577,1.0639272537509867,91,26,4.277498318611643,Jun21-Sep21,Jun-Sep
2021-05-24,INR,0,2021-06-16,2021-09-15,0.2685852650929133,1.3312487052431354,98.74113009345774,1.0626634401502222,91,23,4.24599067322959,Jun21-Sep21,Jun-Sep
2021-05-25,INR,0,2021-06-16,2021-09-15,0.2556933684680815,1.3133341198587822,99.55174090735476,1.0576407513907007,91,22,4.192145938389799,Jun21-Sep21,Jun-Sep
2021-05-26,INR,0,2021-06-16,2021-09-15,0.23507303896492188,1.2537228744795832,99.43576326145885,1.0186498355146614,91,21,4.043132048141307,Jun21-Sep21,Jun-Sep
2021-05-27,INR,0,2021-06-16,2021-09-15,0.22854839878168032,1.2684436132383259,99.75996466954444,1.0398952144566456,91,20,4.1143437899302135,Jun21-Sep21,Jun-Sep
2021-05-28,INR,0,2021-06-16,2021-09-15,0.22260502985218467,1.2887659623021217,99.58596471508743,1.066160932449937,91,19,4.225869104994947,Jun21-Sep21,Jun-Sep
2021-05-31,INR,0,2021-06-16,2021-09-15,0.1855704607673749,1.2410024563818196,99.63767825261539,1.0554319956144447,91,16,4.182728393517158,Jun21-Sep21,Jun-Sep
2021-06-01,INR,0,2021-06-16,2021-09-15,0.1680387826250594,1.1874740638837529,99.75371942960088,1.0194352812586935,91,15,4.0360886909494065,Jun21-Sep21,Jun-Sep
2021-06-02,INR,0,2021-06-16,2021-09-15,0.1585665501591362,1.1892491261935216,99.77934001830272,1.0306825760343854,91,14,4.07995896204554,Jun21-Sep21,Jun-Sep
2021-06-03,INR,0,2021-06-16,2021-09-15,0.15039301686877413,1.203144134950193,99.86169283735478,1.0527511180814189,91,13,4.16422641557042,Jun21-Sep21,Jun-Sep
2021-06-04,INR,0,2021-06-16,2021-09-15,0.13463139635781324,1.1555861520712303,100.06413159246114,1.020954755713417,91,12,4.030929893999873,Jun21-Sep21,Jun-Sep
2021-06-07,INR,0,2021-06-16,2021-09-15,0.09833125198332647,1.0925694664814054,99.97108127926413,0.9942382144980789,91,9,3.9305218046572064,Jun21-Sep21,Jun-Sep
2021-06-08,INR,0,2021-06-16,2021-09-15,0.09012289882758462,1.1152708729913596,100.76316492493078,1.025147974163775,91,8,4.021217884664661,Jun21-Sep21,Jun-Sep
2021-06-09,INR,0,2021-06-16,2021-09-15,0.07935619123273295,1.1109866772582613,101.11546653939351,1.0316304860255283,91,7,4.032988485958221,Jun21-Sep21,Jun-Sep
2021-06-10,INR,0,2021-06-16,2021-09-15,0.07746400077866575,1.0734297250757967,101.23676153584651,0.9959657242971309,91,6,3.8889742907902667,Jun21-Sep21,Jun-Sep
2021-06-11,INR,0,2021-06-16,2021-09-15,0.0791529398983104,1.085526032891114,101.89445035870672,1.0063730929928036,91,5,3.904202718424426,Jun21-Sep21,Jun-Sep
2021-06-14,INR,0,2021-06-16,2021-09-15,0.07996038777731784,1.0623308661843656,101.96004703507975,0.9823704784070477,91,2,3.8086049696108284,Jun21-Sep21,Jun-Sep
2021-06-15,INR,0,2021-06-16,2021-09-15,0.08034090503419626,1.0559090375922937,102.56908311973447,0.9755681325580975,91,1,3.7597779541211227,Jun21-Sep21,Jun-Sep
2021-06-16,INR,0,2021-09-15,2021-12-15,1.0334947909344734,2.0669895818689468,103.00855209308922,1.0334947909344734,91,91,3.929710096761934,Sep21-Dec21,Sep-Dec
2021-06-17,INR,0,2021-09-15,2021-12-15,1.0316487065009294,2.074760176407425,102.4423049020065,1.0431114699064956,91,90,3.9880517580459567,Sep21-Dec21,Sep-Dec
2021-06-18,INR,0,2021-09-15,2021-12-15,0.996278517895534,2.0149453170920912,101.74989902215677,1.0186667991965572,91,89,3.9221805916947585,Sep21-Dec21,Sep-Dec
2021-06-21,INR,0,2021-09-15,2021-12-15,0.9406081833371225,1.935902888961287,102.11900764117827,0.9952947056241646,91,86,3.82053588417351,Sep21-Dec21,Sep-Dec
2021-06-22,INR,0,2021-09-15,2021-12-15,0.9299801199512006,1.9256058954283681,101.68861430942033,0.9956257754771676,91,85,3.8382316123701217,Sep21-Dec21,Sep-Dec
2021-06-23,INR,0,2021-09-15,2021-12-15,0.9172106852134011,1.9108555941945857,101.44350494422464,0.9936449089811846,91,84,3.8402456571907115,Sep21-Dec21,Sep-Dec
2021-06-24,INR,0,2021-09-15,2021-12-15,0.8933434641543339,1.8727923224440253,101.92927475382582,0.9794488582896914,91,83,3.7683758722004255,Sep21-Dec21,Sep-Dec
2021-06-25,INR,0,2021-09-15,2021-12-15,0.8807150126049312,1.8580938680567451,101.49383116412137,0.9773788554518139,91,82,3.7768701872441266,Sep21-Dec21,Sep-Dec
2021-06-28,INR,0,2021-09-15,2021-12-15,0.8475000574608682,1.8237343008651596,101.02917134356407,0.9762342434042914,91,79,3.7908831582260367,Sep21-Dec21,Sep-Dec
2021-06-29,INR,0,2021-09-15,2021-12-15,0.8547972245342161,1.8520606531574684,100.46340816947743,0.9972634286232522,91,78,3.8938885109999295,Sep21-Dec21,Sep-Dec
2021-06-30,INR,0,2021-09-15,2021-12-15,0.848549041589807,1.8513797271050334,100.58342024542105,1.0028306855152263,91,77,3.9112345942354687,Sep21-Dec21,Sep-Dec
2021-07-01,INR,0,2021-09-15,2021-12-15,0.8328880281224327,1.8301618512690299,100.40250811758405,0.9972738231465972,91,76,3.897114280959209,Sep21-Dec21,Sep-Dec
2021-07-02,INR,0,2021-09-15,2021-12-15,0.8107812505351214,1.7945291678510686,100.36212086991196,0.9837479173159472,91,75,3.846632765298614,Sep21-Dec21,Sep-Dec
2021-07-05,INR,0,2021-09-15,2021-12-15,0.786673480929141,1.7860394639729125,100.10836761809855,0.9993659830437714,91,72,3.918463894787331,Sep21-Dec21,Sep-Dec
2021-07-06,INR,0,2021-09-15,2021-12-15,0.7647907055870854,1.7496147463289788,99.34560534919294,0.9848240407418934,91,71,3.891710898847968,Sep21-Dec21,Sep-Dec
2021-07-07,INR,0,2021-09-15,2021-12-15,0.7777776049518117,1.7930413292890048,99.66810959611271,1.0152637243371931,91,70,3.9985986807155927,Sep21-Dec21,Sep-Dec
2021-07-08,INR,0,2021-09-15,2021-12-15,0.7609833117647552,1.7682806492798622,99.4049678933396,1.0072973375151069,91,69,3.978310489815131,Sep21-Dec21,Sep-Dec
2021-07-09,INR,0,2021-09-15,2021-12-15,0.7592619811034832,1.7785567735774612,99.4714522851295,1.019294792473978,91,68,4.02309315334522,Sep21-Dec21,Sep-Dec
2021-07-12,INR,0,2021-09-15,2021-12-15,0.7280412947557307,1.7491335085558866,99.05766167516788,1.021092213800156,91,65,4.048160769268904,Sep21-Dec21,Sep-Dec
2021-07-13,INR,0,2021-09-15,2021-12-15,0.7219553880788613,1.749867919249588,99.5193897189169,1.0279125311707267,91,64,4.056676565881306,Sep21-Dec21,Sep-Dec
2021-07-14,INR,0,2021-09-15,2021-12-15,0.69227834150919,1.6931594049889802,99.73358038368926,1.0008810634797902,91,63,3.94273898392317,Sep21-Dec21,Sep-Dec
2021-07-15,INR,0,2021-09-15,2021-12-15,0.6764051752029188,1.6696540731714127,99.50190008870443,0.9932488979684939,91,62,3.922342556409015,Sep21-Dec21,Sep-Dec
2021-07-16,INR,0,2021-09-15,2021-12-15,0.6625916703452327,1.651048096597957,99.31495219411907,0.9884564262527243,91,61,3.91125538770088,Sep21-Dec21,Sep-Dec
2021-07-19,INR,0,2021-09-15,2021-12-15,0.6322033687045944,1.6241086540859404,99.22561962950888,0.991905285381346,91,58,3.9296079079064024,Sep21-Dec21,Sep-Dec
2021-07-20,INR,0,2021-09-15,2021-12-15,0.6118383732708659,1.5886329691945291,99.47805169457156,0.9767945959236632,91,57,3.8607719070137256,Sep21-Dec21,Sep-Dec
2021-07-21,INR,0,2021-09-15,2021-12-15,0.5979850109108513,1.5697106536409848,99.57905022837838,0.9717256427301335,91,56,3.837395812995444,Sep21-Dec21,Sep-Dec
2021-07-22,INR,0,2021-09-15,2021-12-15,0.5885413240934665,1.5623096966844745,99.50064130862104,0.973768372591008,91,55,3.848837989927101,Sep21-Dec21,Sep-Dec
2021-07-23,INR,0,2021-09-15,2021-12-15,0.5709290704693042,1.5330502818157241,99.1453646819939,0.9621212113464199,91,54,3.81702293566709,Sep21-Dec21,Sep-Dec
2021-07-26,INR,0,2021-09-15,2021-12-15,0.571724556830418,1.5918605307827325,99.62272169026723,1.0201359739523146,91,51,4.027870710662277,Sep21-Dec21,Sep-Dec
2021-07-27,INR,0,2021-09-15,2021-12-15,0.5425211985267009,1.5299097798452965,98.80335455242898,0.9873885813185956,91,50,3.931871957306404,Sep21-Dec21,Sep-Dec
2021-07-28,INR,0,2021-09-15,2021-12-15,0.5309071716654461,1.5168776333298462,98.85617387985778,0.9859704616644,91,49,3.92459708488993,Sep21-Dec21,Sep-Dec
2021-07-29,INR,0,2021-09-15,2021-12-15,0.5097928500186424,1.4762751281789852,98.0930114238788,0.9664822781603428,91,48,3.877624377212578,Sep21-Dec21,Sep-Dec
2021-07-30,INR,0,2021-09-15,2021-12-15,0.4976980463029889,1.4613261785066483,98.19042930788672,0.9636281322036593,91,47,3.862830667154641,Sep21-Dec21,Sep-Dec
2021-08-02,INR,0,2021-09-15,2021-12-15,0.45306981519625944,1.3960112554506316,98.20832286691964,0.9429414402543722,91,44,3.7809295857404197,Sep21-Dec21,Sep-Dec
2021-08-03,INR,0,2021-09-15,2021-12-15,0.45176579635438857,1.4132597677752827,97.76649886706367,0.9614939714208941,91,43,3.872713926933217,Sep21-Dec21,Sep-Dec
2021-08-04,INR,0,2021-09-15,2021-12-15,0.44454529434265877,1.4126956798477952,97.57141061319433,0.9681503855051364,91,42,3.907573461541579,Sep21-Dec21,Sep-Dec
2021-08-05,INR,0,2021-09-15,2021-12-15,0.4237751071129859,1.368873220270538,97.72045051324861,0.9450981131575522,91,41,3.8095462619349143,Sep21-Dec21,Sep-Dec
2021-08-06,INR,0,2021-09-15,2021-12-15,0.4249466224557953,1.3957766120298518,97.83416369093695,0.9708299895740565,91,40,3.9086921307867284,Sep21-Dec21,Sep-Dec
2021-08-09,INR,0,2021-09-15,2021-12-15,0.3756370597299612,1.302217656815236,97.79317951980555,0.9265805970852747,91,37,3.7339693994548147,Sep21-Dec21,Sep-Dec
2021-08-10,INR,0,2021-09-15,2021-12-15,0.3550391488180328,1.2547466110814958,97.08731885242754,0.899707462263463,91,36,3.652705395583225,Sep21-Dec21,Sep-Dec
2021-08-11,INR,0,2021-09-15,2021-12-15,0.3482165887817124,1.2553855033815815,97.51232344050308,0.9071689145998691,91,35,3.66725965403396,Sep21-Dec21,Sep-Dec
2021-08-12,INR,0,2021-09-15,2021-12-15,0.34318760237632207,1.2630710426721203,97.33797277799957,0.9198834402957983,91,34,3.725487402152314,Sep21-Dec21,Sep-Dec
2021-08-13,INR,0,2021-09-15,2021-12-15,0.32956719944357477,1.2392721164918987,97.02691602347234,0.909704917048324,91,33,3.6965516006082,Sep21-Dec21,Sep-Dec
2021-08-16,INR,0,2021-09-15,2021-12-15,0.30301786339465353,1.2221720490251027,97.62021872805715,0.9191541856304491,91,30,3.7133314699416893,Sep21-Dec21,Sep-Dec
2021-08-17,INR,0,2021-09-15,2021-12-15,0.2891807061343029,1.1966098184867704,97.03110658103809,0.9074291123524675,91,29,3.688675357962596,Sep21-Dec21,Sep-Dec
2021-08-18,INR,0,2021-09-15,2021-12-15,0.2789693155407896,1.1856195910483556,97.15109499468704,0.906650275507566,91,28,3.6813568461236725,Sep21-Dec21,Sep-Dec
2021-08-19,INR,0,2021-09-15,2021-12-15,0.2653318362350964,1.1595983953978284,97.09748422745412,0.894266559162732,91,27,3.6335820588362058,Sep21-Dec21,Sep-Dec
2021-08-20,INR,0,2021-09-15,2021-12-15,0.25949354368440425,1.167720946579819,96.5270650558037,0.9082274028954148,91,26,3.712279452776088,Sep21-Dec21,Sep-Dec
2021-08-23,INR,0,2021-09-15,2021-12-15,0.22754534141793667,1.12783343137586,96.4222316155772,0.9002880899579233,91,23,3.6850361885067913,Sep21-Dec21,Sep-Dec
2021-08-24,INR,0,2021-09-15,2021-12-15,0.21756704316602635,1.1175034489891353,96.44623522273059,0.899936405823109,91,22,3.6830622173202827,Sep21-Dec21,Sep-Dec
2021-08-25,INR,0,2021-09-15,2021-12-15,0.20753901877169106,1.1068747667823522,96.92921958297839,0.8993357480106612,91,21,3.662683212395916,Sep21-Dec21,Sep-Dec
2021-08-26,INR,0,2021-09-15,2021-12-15,0.19924088997076855,1.1057869393377655,96.68012762349704,0.906546049366997,91,20,3.701857345380261,Sep21-Dec21,Sep-Dec
2021-08-27,INR,0,2021-09-15,2021-12-15,0.19140287210076562,1.1081218911096955,97.19529858356731,0.9167190190089298,91,19,3.723897288164843,Sep21-Dec21,Sep-Dec
2021-08-30,INR,0,2021-09-15,2021-12-15,0.15750713134810587,1.0533289408904578,96.73610620800443,0.8958218095423519,91,16,3.657527398550431,Sep21-Dec21,Sep-Dec
2021-08-31,INR,0,2021-09-15,2021-12-15,0.14590150223624376,1.0310372824694558,96.8960719200026,0.885135780233212,91,15,3.6083726764643593,Sep21-Dec21,Sep-Dec
2021-09-01,INR,0,2021-09-15,2021-12-15,0.13628683839725092,1.028242995963377,97.11923014483558,0.8919561575661261,91,14,3.628192904268855,Sep21-Dec21,Sep-Dec
2021-09-02,INR,0,2021-09-15,2021-12-15,0.13109238103287763,1.0544235576029204,97.59865266658146,0.9233311765700427,91,13,3.7375915784056164,Sep21-Dec21,Sep-Dec
2021-09-03,INR,0,2021-09-15,2021-12-15,0.12014050240398563,1.0364480664284326,97.5028267725404,0.9163075640244469,91,12,3.7132173931232795,Sep21-Dec21,Sep-Dec
2021-09-06,INR,0,2021-09-15,2021-12-15,0.09307683563918329,1.038110024404124,97.28945131398545,0.9450331887649406,91,9,3.8390796641983553,Sep21-Dec21,Sep-Dec
2021-09-07,INR,0,2021-09-15,2021-12-15,0.08293516410893162,1.0298008612027159,97.04192939576984,0.9468656970937842,91,8,3.8567284856946404,Sep21-Dec21,Sep-Dec
2021-09-08,INR,0,2021-09-15,2021-12-15,0.07458773292415116,1.0472774416903194,97.22530627024888,0.9726897087661683,91,7,3.9547866756618246,Sep21-Dec21,Sep-Dec
2021-09-09,INR,0,2021-09-15,2021-12-15,0.07520206070795542,1.0447079221202795,97.54672307635322,0.9695058614123241,91,6,3.928838524752029,Sep21-Dec21,Sep-Dec
2021-09-10,INR,0,2021-09-15,2021-12-15,0.0726417202607745,0.9984054099681152,97.14126178615864,0.9257636897073407,91,5,3.767323106359768,Sep21-Dec21,Sep-Dec
2021-09-13,INR,0,2021-09-15,2021-12-15,0.07330902320075047,0.9748295091260981,96.73179047984455,0.9015204859253476,91,2,3.6841599129626217,Sep21-Dec21,Sep-Dec
2021-09-14,INR,0,2021-09-15,2021-12-15,0.07520596108561949,0.9888569688539324,97.26297440558967,0.9136510077683129,91,1,3.713284482614781,Sep21-Dec21,Sep-Dec
2021-09-15,INR,0,2021-12-15,2022-03-16,0.9951160477011599,2.0037416454421693,97.26876028691458,1.0086255977410095,91,91,4.060665372356139,Dec21-Mar22,Dec-Mar
2021-09-16,INR,0,2021-12-15,2022-03-16,0.9393871720093611,1.9026701148696072,96.89857636562151,0.9632829428602462,91,90,3.895001006022363,Dec21-Mar22,Dec-Mar
2021-09-17,INR,0,2021-12-15,2022-03-16,0.927378116655553,1.889059636595956,96.93680837181567,0.961681519940403,91,89,3.8874837681786447,Dec21-Mar22,Dec-Mar
2021-09-20,INR,0,2021-12-15,2022-03-16,0.9113424436934097,1.8891002782965125,96.69862881766574,0.9777578346031028,91,86,3.9627641746755544,Dec21-Mar22,Dec-Mar
2021-09-21,INR,0,2021-12-15,2022-03-16,0.8815328062033059,1.8386885179236436,96.45883468753819,0.9571557117203378,91,85,3.890010039861041,Dec21-Mar22,Dec-Mar
2021-09-22,INR,0,2021-12-15,2022-03-16,0.8774488474618564,1.8414086504129084,96.40957104509384,0.963959802951052,91,84,3.919811046268512,Dec21-Mar22,Dec-Mar
2021-09-23,INR,0,2021-12-15,2022-03-16,0.8689311290243016,1.8349987800440954,96.36569292417313,0.9660676510197939,91,83,3.930499170599413,Dec21-Mar22,Dec-Mar
2021-09-24,INR,0,2021-12-15,2022-03-16,0.8636505194622865,1.8354744695501581,96.35414366084494,0.9718239500878716,91,82,3.9546034720284617,Dec21-Mar22,Dec-Mar
2021-09-27,INR,0,2021-12-15,2022-03-16,0.8568315080469482,1.857160484474465,96.09009771659636,1.0003289764275167,91,79,4.081970860657029,Dec21-Mar22,Dec-Mar
2021-09-28,INR,0,2021-12-15,2022-03-16,0.8316001207024308,1.8151003175963292,95.76040373564987,0.9835001968938983,91,78,4.0280456501102595,Dec21-Mar22,Dec-Mar
2021-09-29,INR,0,2021-12-15,2022-03-16,0.8364935861931861,1.8383203719061203,95.35288734383178,1.0018267857129342,91,77,4.120278935473951,Dec21-Mar22,Dec-Mar
2021-09-30,INR,0,2021-12-15,2022-03-16,0.8302842966134572,1.837513303233707,94.12422738767967,1.0072290066202498,91,76,4.196369559816642,Dec21-Mar22,Dec-Mar
2021-10-01,INR,0,2021-12-15,2022-03-16,0.8144099646905539,1.8156688438668425,94.37847853259943,1.0012588791762886,91,75,4.16105047333814,Dec21-Mar22,Dec-Mar
2021-10-04,INR,0,2021-12-15,2022-03-16,0.7704841858115602,1.7465260692769329,94.73083199303952,0.9760418834653727,91,72,4.043153276231011,Dec21-Mar22,Dec-Mar
2021-10-05,INR,0,2021-12-15,2022-03-16,0.7533512777412785,1.7220653295795074,94.75683080100127,0.9687140518382289,91,71,4.012425991136732,Dec21-Mar22,Dec-Mar
2021-10-06,INR,0,2021-12-15,2022-03-16,0.7671203548506025,1.768443833370848,94.45975465848159,1.0013234785202456,91,70,4.1598337598396595,Dec21-Mar22,Dec-Mar
2021-10-07,INR,0,2021-12-15,2022-03-16,0.7399296453565027,1.7207836903665874,94.41971861124475,0.9808540450100847,91,69,4.077675556408222,Dec21-Mar22,Dec-Mar
2021-10-08,INR,0,2021-12-15,2022-03-16,0.7086933194735358,1.6630188793793044,93.91363141759673,0.9543255599057686,91,68,3.989918736254032,Dec21-Mar22,Dec-Mar
2021-10-11,INR,0,2021-12-15,2022-03-16,0.6819174855276854,1.6454605400069484,93.79667372297608,0.963543054479263,91,65,4.034584585039519,Dec21-Mar22,Dec-Mar
2021-10-12,INR,0,2021-12-15,2022-03-16,0.6661401708222586,1.6231592078181944,93.5944809274912,0.9570190369959358,91,64,4.016533450567861,Dec21-Mar22,Dec-Mar
2021-10-13,INR,0,2021-12-15,2022-03-16,0.6415333712134303,1.5790896708839366,93.73336368208557,0.9375562996705062,91,63,3.930085275396643,Dec21-Mar22,Dec-Mar
2021-10-14,INR,0,2021-12-15,2022-03-16,0.6192576393155168,1.540117435556925,93.74706085479497,0.9208597962414081,91,62,3.8604471271304743,Dec21-Mar22,Dec-Mar
2021-10-15,INR,0,2021-12-15,2022-03-16,0.6106041006956088,1.5345856636649924,94.17861771131822,0.9239815629693836,91,61,3.856252438626765,Dec21-Mar22,Dec-Mar
2021-10-18,INR,0,2021-12-15,2022-03-16,0.5945789646437409,1.540526913788943,94.13320566305674,0.9459479491452021,91,58,3.950490008454919,Dec21-Mar22,Dec-Mar
2021-10-19,INR,0,2021-12-15,2022-03-16,0.5756188340087947,1.507601280968383,93.68659981846965,0.9319824469595883,91,57,3.9113905646826637,Dec21-Mar22,Dec-Mar
2021-10-20,INR,0,2021-12-15,2022-03-16,0.5796000485430155,1.5344715005590723,93.75388656232931,0.9548714520160568,91,56,4.004424698229816,Dec21-Mar22,Dec-Mar
2021-10-21,INR,0,2021-12-15,2022-03-16,0.5686437913681563,1.5225622042703626,94.11417099741206,0.9539184129022062,91,55,3.985668550664978,Dec21-Mar22,Dec-Mar
2021-10-22,INR,0,2021-12-15,2022-03-16,0.5584726483239593,1.5127163502246384,94.4198540208508,0.9542437019006791,91,54,3.9746225922112166,Dec21-Mar22,Dec-Mar
2021-10-25,INR,0,2021-12-15,2022-03-16,0.5307428241677674,1.4908739394169608,94.45974754476038,0.9601311152491934,91,51,3.9986327902289607,Dec21-Mar22,Dec-Mar
2021-10-26,INR,0,2021-12-15,2022-03-16,0.5239058876639,1.490551656517851,94.5867838007024,0.9666457688539509,91,50,4.020676502336331,Dec21-Mar22,Dec-Mar
2021-10-27,INR,0,2021-12-15,2022-03-16,0.5142133561377129,1.4823154007769177,94.56755933228523,0.9681020446392048,91,49,4.027958392276598,Dec21-Mar22,Dec-Mar
2021-10-28,INR,0,2021-12-15,2022-03-16,0.5007275842712325,1.4630660385324725,93.90534537860566,0.96233845426124,91,48,4.032635937675258,Dec21-Mar22,Dec-Mar
2021-10-29,INR,0,2021-12-15,2022-03-16,0.4852540099805144,1.4378227679717455,93.84766734041777,0.9525687579912311,91,47,3.9947918752244496,Dec21-Mar22,Dec-Mar
2021-11-01,INR,0,2021-12-15,2022-03-16,0.45496169748925225,1.3908537150020401,94.31502747930531,0.9358920175127878,91,44,3.906753595259286,Dec21-Mar22,Dec-Mar
2021-11-02,INR,0,2021-12-15,2022-03-16,0.4349017496677732,1.3512846163897658,93.64356039383425,0.9163828667219927,91,43,3.8534334200616347,Dec21-Mar22,Dec-Mar
2021-11-03,INR,0,2021-12-15,2022-03-16,0.408673332483519,1.2912066839523717,93.28279159741017,0.8825333514688527,91,42,3.7264234620496004,Dec21-Mar22,Dec-Mar
2021-11-04,INR,0,2021-12-15,2022-03-16,0.41909654386808587,1.3474296034129658,93.87970887492588,0.92833305954488,91,41,3.894563004375455,Dec21-Mar22,Dec-Mar
2021-11-05,INR,0,2021-12-15,2022-03-16,0.4158366564323732,1.3611270844621604,94.1222097039399,0.9452904280297871,91,40,3.955667192717576,Dec21-Mar22,Dec-Mar
2021-11-08,INR,0,2021-12-15,2022-03-16,0.38764505737716276,1.3438974351675967,93.93763882665648,0.9562523777904339,91,37,4.010564595025638,Dec21-Mar22,Dec-Mar
2021-11-09,INR,0,2021-12-15,2022-03-16,0.37793131377450884,1.3374109019898792,94.27086692469531,0.9594795882153704,91,36,4.010345082611063,Dec21-Mar22,Dec-Mar
2021-11-10,INR,0,2021-12-15,2022-03-16,0.35632756657277465,1.2882465078032526,93.86878839461949,0.9319189412304779,91,35,3.9126641101679973,Dec21-Mar22,Dec-Mar
2021-11-11,INR,0,2021-12-15,2022-03-16,0.3566956415551223,1.3182415211917886,93.97627550962906,0.9615458796366663,91,34,4.032437141727731,Dec21-Mar22,Dec-Mar
2021-11-12,INR,0,2021-12-15,2022-03-16,0.35643003860556843,1.347651045850202,94.3404774741193,0.9912210072446336,91,33,4.140910170996923,Dec21-Mar22,Dec-Mar
2021-11-15,INR,0,2021-12-15,2022-03-16,0.3261234657516034,1.3284917962813316,94.51548779902447,1.0023683305297282,91,30,4.181090054081261,Dec21-Mar22,Dec-Mar
2021-11-16,INR,0,2021-12-15,2022-03-16,0.30719826751804685,1.2842807347846497,94.43152715318452,0.9770824672666027,91,29,4.080043479603152,Dec21-Mar22,Dec-Mar
2021-11-17,INR,0,2021-12-15,2022-03-16,0.2940631444240108,1.262819902049307,93.9710753802755,0.9687567576252961,91,28,4.065600895368225,Dec21-Mar22,Dec-Mar
2021-11-18,INR,0,2021-12-15,2022-03-16,0.28127364063156246,1.2423625246431282,94.26628555735566,0.9610888840115658,91,27,4.021372844594735,Dec21-Mar22,Dec-Mar
2021-11-19,INR,0,2021-12-15,2022-03-16,0.2676895591500882,1.2176817708016623,94.16703330911076,0.9499922116515741,91,26,3.979691826316753,Dec21-Mar22,Dec-Mar
2021-11-22,INR,0,2021-12-15,2022-03-16,0.23667322611930303,1.1860613405243214,93.49452139581251,0.9493881144050185,91,23,4.007012955591922,Dec21-Mar22,Dec-Mar
2021-11-23,INR,0,2021-12-15,2022-03-16,0.22538196459843146,1.1705882602563857,93.20063760580237,0.9452062956579543,91,22,4.002394269119697,Dec21-Mar22,Dec-Mar
2021-11-24,INR,0,2021-12-15,2022-03-16,0.2134685557108862,1.1514192031514054,93.02572339208851,0.9379506474405193,91,21,3.97962907266718,Dec21-Mar22,Dec-Mar
2021-11-25,INR,0,2021-12-15,2022-03-16,0.20345473149406434,1.1420226401050524,92.51193825356661,0.938567908610988,91,20,4.004745903191697,Dec21-Mar22,Dec-Mar
2021-11-26,INR,0,2021-12-15,2022-03-16,0.1908879933001359,1.117942941508932,92.17387919548774,0.927054948208796,91,19,3.9706375454678984,Dec21-Mar22,Dec-Mar
2021-11-29,INR,0,2021-12-15,2022-03-16,0.1604956074106309,1.0861344816251681,92.3047708793342,0.9256388742145372,91,16,3.9602633647745895,Dec21-Mar22,Dec-Mar
2021-11-30,INR,0,2021-12-15,2022-03-16,0.15376247327725368,1.0993856954346386,92.1423667827302,0.9456232221573849,91,15,4.053178679177416,Dec21-Mar22,Dec-Mar
2021-12-01,INR,0,2021-12-15,2022-03-16,0.14163384085215494,1.0749674678122987,91.53836223218613,0.9333336269601438,91,14,4.027387665861986,Dec21-Mar22,Dec-Mar
2021-12-02,INR,0,2021-12-15,2022-03-16,0.13031944429193093,1.055192463614907,90.98574681211026,0.9248730193229762,91,13,4.015579763841787,Dec21-Mar22,Dec-Mar
2021-12-03,INR,0,2021-12-15,2022-03-16,0.12040712040886042,1.0461784134996777,91.3245359301064,0.9257712930908173,91,12,4.005024013944411,Dec21-Mar22,Dec-Mar
2021-12-06,INR,0,2021-12-15,2022-03-16,0.08902727687672916,1.001838639836898,91.0560566873322,0.9128113629601687,91,9,3.9619491456773295,Dec21-Mar22,Dec-Mar
2021-12-07,INR,0,2021-12-15,2022-03-16,0.0805782860934728,1.0097846119773024,90.92391530815141,0.9292063258838296,91,8,4.039340173486775,Dec21-Mar22,Dec-Mar
2021-12-08,INR,0,2021-12-15,2022-03-16,0.07090796877725593,1.0054122519225384,91.44496109487731,0.9345042831452824,91,7,4.039670998111349,Dec21-Mar22,Dec-Mar
2021-12-09,INR,0,2021-12-15,2022-03-16,0.07246167409429012,1.016897847987159,92.05976444294336,0.9444361738928689,91,6,4.0552922414486385,Dec21-Mar22,Dec-Mar
2021-12-10,INR,0,2021-12-15,2022-03-16,0.07351693959613391,1.0210965205706701,92.62228398771781,0.9475795809745362,91,5,4.044052089397674,Dec21-Mar22,Dec-Mar
2021-12-13,INR,0,2021-12-15,2022-03-16,0.07281372580627532,0.980296670999416,92.98305978408625,0.9074829451931407,91,2,3.857942852110944,Dec21-Mar22,Dec-Mar
2021-12-14,INR,0,2021-12-15,2022-03-16,0.07350586430066827,0.978993144671379,92.99571123926452,0.9054872803707107,91,1,3.8489068612224924,Dec21-Mar22,Dec-Mar
2021-12-15,INR,0,2022-03-16,2022-06-15,0.9588453695340592,1.9048353078299158,92.55910491505989,0.9459899382958566,91,91,4.0017748105950455,Mar22-Jun22,Mar-Jun
2021-12-16,INR,0,2022-03-16,2022-06-15,0.957808234991808,1.9131961246191749,93.01761635273304,0.9553878896273669,91,90,4.021856249140754,Mar22-Jun22,Mar-Jun
2021-12-17,INR,0,2022-03-16,2022-06-15,0.9300880586943177,1.8678371108489333,93.23190588834596,0.9377490521546157,91,89,3.9397811309610495,Mar22-Jun22,Mar-Jun
2021-12-20,INR,0,2022-03-16,2022-06-15,0.9142928976313603,1.868088155414819,92.90860339065709,0.9537952577834586,91,86,4.0216792639438825,Mar22-Jun22,Mar-Jun
2021-12-21,INR,0,2022-03-16,2022-06-15,0.8963894121901962,1.8422279571935205,92.97970686793525,0.9458385450033243,91,85,3.98586968101902,Mar22-Jun22,Mar-Jun
2021-12-22,INR,0,2022-03-16,2022-06-15,0.8705971767783511,1.7997636468712686,92.91636387889288,0.9291664700929174,91,84,3.9193330893703653,Mar22-Jun22,Mar-Jun
2021-12-23,INR,0,2022-03-16,2022-06-15,0.8785803479750404,1.827676601695888,93.03211834799791,0.9490962537208477,91,83,3.998124335536721,Mar22-Jun22,Mar-Jun
2021-12-24,INR,0,2022-03-16,2022-06-15,0.8801699821395079,1.8425721927631904,93.24293566575338,0.9624022106236825,91,82,4.045027437645292,Mar22-Jun22,Mar-Jun
2021-12-27,INR,0,2022-03-16,2022-06-15,0.8523880887764431,1.8193248807604698,93.30800533858334,0.9669367919840267,91,79,4.0624771335051575,Mar22-Jun22,Mar-Jun
2021-12-28,INR,0,2022-03-16,2022-06-15,0.8228415300593017,1.7677153604679012,93.2376630481885,0.9448738304085995,91,78,3.9739978248813896,Mar22-Jun22,Mar-Jun
2021-12-29,INR,0,2022-03-16,2022-06-15,0.7897995674023972,1.7078517217536056,93.50068340374575,0.9180521543512083,91,77,3.851772270235941,Mar22-Jun22,Mar-Jun
2021-12-30,INR,0,2022-03-16,2022-06-15,0.7534859576838338,1.6401133963450896,93.64247295614047,0.8866274386612558,91,76,3.7157704210416713,Mar22-Jun22,Mar-Jun
2021-12-31,INR,0,2022-03-16,2022-06-15,0.745236541740131,1.6335641881144962,94.30827588985184,0.8883276463743652,91,75,3.697141879901776,Mar22-Jun22,Mar-Jun
2022-01-03,INR,0,2022-03-16,2022-06-15,0.6863605302769445,1.5538439782658608,94.16222435026219,0.8674834479889163,91,72,3.6181906727517967,Mar22-Jun22,Mar-Jun
2022-01-04,INR,0,2022-03-16,2022-06-15,0.6767179484488467,1.5440606711086362,93.71693866075302,0.8673427226597895,91,71,3.6350386869773,Mar22-Jun22,Mar-Jun
2022-01-05,INR,0,2022-03-16,2022-06-15,0.6840242825052236,1.5732558497620144,93.96981559288838,0.8892315672567908,91,70,3.716530857914263,Mar22-Jun22,Mar-Jun
2022-01-06,INR,0,2022-03-16,2022-06-15,0.6694666772042951,1.5523864978650321,93.92218741048848,0.882919820660737,91,69,3.692576955000922,Mar22-Jun22,Mar-Jun
2022-01-07,INR,0,2022-03-16,2022-06-15,0.6750114529359847,1.5783356031885527,94.05857357079924,0.903324150252568,91,68,3.7722525164225864,Mar22-Jun22,Mar-Jun
2022-01-10,INR,0,2022-03-16,2022-06-15,0.6624167029587179,1.5898000871009228,93.84593076767241,0.9273833841422049,91,65,3.881952790372779,Mar22-Jun22,Mar-Jun
2022-01-11,INR,0,2022-03-16,2022-06-15,0.6553051136515715,1.5870670721248996,94.17048440657834,0.9317619584733281,91,64,3.8872244385624026,Mar22-Jun22,Mar-Jun
2022-01-12,INR,0,2022-03-16,2022-06-15,0.6715504187662954,1.6415676903176106,94.92472202924398,0.9700172715513152,91,63,4.014205644331828,Mar22-Jun22,Mar-Jun
2022-01-13,INR,0,2022-03-16,2022-06-15,0.6426945267813943,1.5860042354444084,95.31302758894654,0.9433097086630141,91,62,3.8890590257172097,Mar22-Jun22,Mar-Jun
2022-01-14,INR,0,2022-03-16,2022-06-15,0.6386502273647834,1.5913907304827388,95.81032008558184,0.9527405031179554,91,61,3.907852304496986,Mar22-Jun22,Mar-Jun
2022-01-17,INR,0,2022-03-16,2022-06-15,0.6013697476098043,1.5448981447217387,96.07111154620448,0.9435283971119344,91,58,3.861119279028307,Mar22-Jun22,Mar-Jun
2022-01-18,INR,0,2022-03-16,2022-06-15,0.5808229305244326,1.5081016441687018,95.88456856886886,0.9272787136442693,91,57,3.8027683230868448,Mar22-Jun22,Mar-Jun
2022-01-19,INR,0,2022-03-16,2022-06-15,0.5629354504392843,1.477705557403121,95.94242852536338,0.9147701069638368,91,56,3.749916692435212,Mar22-Jun22,Mar-Jun
2022-01-20,INR,0,2022-03-16,2022-06-15,0.5526364622229745,1.4669986088100777,95.89151303240574,0.9143621465871032,91,55,3.750623404940432,Mar22-Jun22,Mar-Jun
2022-01-21,INR,0,2022-03-16,2022-06-15,0.5507249276743386,1.4787984169033164,95.7300743075143,0.9280734892289778,91,54,3.8133247199791187,Mar22-Jun22,Mar-Jun
2022-01-24,INR,0,2022-03-16,2022-06-15,0.5214826409289495,1.4519712747433495,95.84214053104783,0.9304886338144001,91,51,3.8199621545981013,Mar22-Jun22,Mar-Jun
2022-01-25,INR,0,2022-03-16,2022-06-15,0.5237534790301116,1.4769848108649146,95.82366506474787,0.953231331834803,91,50,3.9139865976828365,Mar22-Jun22,Mar-Jun
2022-01-26,INR,0,2022-03-16,2022-06-15,0.5086148199160448,1.4531851997601284,95.699904673378,0.9445703798440835,91,49,3.884023953305719,Mar22-Jun22,Mar-Jun
2022-01-27,INR,0,2022-03-16,2022-06-15,0.48949095951476185,1.4174842369281646,95.919399079662,0.9279932774134028,91,48,3.8079291182263884,Mar22-Jun22,Mar-Jun
2022-01-28,INR,0,2022-03-16,2022-06-15,0.481560008301099,1.413942152033014,95.66388956126396,0.932382143731915,91,47,3.8364215477146857,Mar22-Jun22,Mar-Jun
2022-01-31,INR,0,2022-03-16,2022-06-15,0.44114131816097235,1.353501771630256,96.05460606693553,0.9123604534692836,91,44,3.740411526402751,Mar22-Jun22,Mar-Jun
2022-02-01,INR,0,2022-03-16,2022-06-15,0.4131513553751103,1.2874949214015063,96.31484336983391,0.8743435660263961,91,43,3.5759467460387855,Mar22-Jun22,Mar-Jun
2022-02-02,INR,0,2022-03-16,2022-06-15,0.40096817818082797,1.2697325642392887,96.60121321777127,0.8687643860584607,91,42,3.5430853711050676,Mar22-Jun22,Mar-Jun
2022-02-03,INR,0,2022-03-16,2022-06-15,0.4072499865294385,1.3111462980947777,96.49910867490519,0.9038963115653391,91,41,3.6900091899558465,Mar22-Jun22,Mar-Jun
2022-02-04,INR,0,2022-03-16,2022-06-15,0.40042547976789467,1.311393446239855,95.93752643065012,0.9109679664719604,91,40,3.740819943174801,Mar22-Jun22,Mar-Jun
2022-02-07,INR,0,2022-03-16,2022-06-15,0.373861679481678,1.2933593236122913,96.13085366972102,0.9194976441306133,91,37,3.7693216175987283,Mar22-Jun22,Mar-Jun
2022-02-08,INR,0,2022-03-16,2022-06-15,0.36124533358818545,1.2743932601583208,96.15437745362853,0.9131479265701353,91,36,3.742869010798423,Mar22-Jun22,Mar-Jun
2022-02-09,INR,0,2022-03-16,2022-06-15,0.35186767132030694,1.2667236167531049,96.33753683844685,0.9148559454327979,91,35,3.7431302343109576,Mar22-Jun22,Mar-Jun
2022-02-10,INR,0,2022-03-16,2022-06-15,0.33884866446443956,1.2457671487663218,95.8604078628328,0.9069184843018823,91,34,3.7295604123810953,Mar22-Jun22,Mar-Jun
2022-02-11,INR,0,2022-03-16,2022-06-15,0.3305219737955721,1.2419613560803313,95.44709912982583,0.9114393822847593,91,33,3.7646521369403274,Mar22-Jun22,Mar-Jun
2022-02-14,INR,0,2022-03-16,2022-06-15,0.29975166289386007,1.208998373671902,95.78619384867481,0.909246710778042,91,30,3.7435443191775732,Mar22-Jun22,Mar-Jun
2022-02-15,INR,0,2022-03-16,2022-06-15,0.28892789546806963,1.1955637053851156,95.83969737812517,0.906635809917046,91,29,3.731137427532352,Mar22-Jun22,Mar-Jun
2022-02-16,INR,0,2022-03-16,2022-06-15,0.2859254834308577,1.215183304581145,95.0494863305904,0.9292578211502873,91,28,3.8560538177981454,Mar22-Jun22,Mar-Jun
2022-02-17,INR,0,2022-03-16,2022-06-15,0.276326762824749,1.2076502967896436,95.43266528068433,0.9313235339648946,91,27,3.8495409459419925,Mar22-Jun22,Mar-Jun
2022-02-18,INR,0,2022-03-16,2022-06-15,0.2636127696245628,1.186257463310533,95.33423922900111,0.9226446936859701,91,26,3.818101440276051,Mar22-Jun22,Mar-Jun
2022-02-21,INR,0,2022-03-16,2022-06-15,0.2342874778168919,1.1612509770054644,94.4916855734841,0.9269634991885725,91,23,3.8712807378102334,Mar22-Jun22,Mar-Jun
2022-02-22,INR,0,2022-03-16,2022-06-15,0.2286483507895612,1.1744210745100188,94.35642021938243,0.9457727237204576,91,22,3.9557178781234263,Mar22-Jun22,Mar-Jun
2022-02-23,INR,0,2022-03-16,2022-06-15,0.20937691963754562,1.1166769047335765,93.54419124496545,0.9072999850960308,91,21,3.828460817679162,Mar22-Jun22,Mar-Jun
2022-02-24,INR,0,2022-03-16,2022-06-15,0.1980537715069661,1.0991984318636618,93.25429607312212,0.9011446603566957,91,20,3.8147439770667964,Mar22-Jun22,Mar-Jun
2022-02-25,INR,0,2022-03-16,2022-06-15,0.18971719563619216,1.0983627115779546,93.57235347526492,0.9086455159417625,91,19,3.833790759746291,Mar22-Jun22,Mar-Jun
2022-02-28,INR,0,2022-03-16,2022-06-15,0.16306402604757955,1.0904906741931883,93.49543928329442,0.9274266481456088,91,16,3.9173598300545946,Mar22-Jun22,Mar-Jun
2022-03-01,INR,0,2022-03-16,2022-06-15,0.15664928544288648,1.1069882837963978,93.82563373935682,0.9503389983535113,91,15,4.0003101963773595,Mar22-Jun22,Mar-Jun
2022-03-02,INR,0,2022-03-16,2022-06-15,0.14368546529293205,1.0776409896969905,94.06797071633444,0.9339555244040585,91,14,3.9217749239112623,Mar22-Jun22,Mar-Jun
2022-03-03,INR,0,2022-03-16,2022-06-15,0.1324643044956571,1.0597144359652568,93.7269430426274,0.9272501314695998,91,13,3.908230812469292,Mar22-Jun22,Mar-Jun
2022-03-04,INR,0,2022-03-16,2022-06-15,0.12251413182424012,1.0515796314913943,94.21593050944122,0.9290654996671542,91,12,3.8959980405692427,Mar22-Jun22,Mar-Jun
2022-03-07,INR,0,2022-03-16,2022-06-15,0.08940277024595526,0.9933641138439472,94.62986850289204,0.903961343597992,91,9,3.7754838712029106,Mar22-Jun22,Mar-Jun
2022-03-08,INR,0,2022-03-16,2022-06-15,0.07784707304653757,0.9633575289509024,94.7863753404377,0.8855104559043648,91,8,3.692770781196279,Mar22-Jun22,Mar-Jun
2022-03-09,INR,0,2022-03-16,2022-06-15,0.06800915271316782,0.9521281379843494,94.97812893537159,0.8841189852711815,91,7,3.6799112919919796,Mar22-Jun22,Mar-Jun
2022-03-10,INR,0,2022-03-16,2022-06-15,0.06899447394821509,0.9560662818538376,94.943052611265,0.8870718079056225,91,6,3.6935264231226292,Mar22-Jun22,Mar-Jun
2022-03-11,INR,0,2022-03-16,2022-06-15,0.06926728116110377,0.9499512844951375,94.71378692681913,0.8806840033340337,91,5,3.6757885232620553,Mar22-Jun22,Mar-Jun
2022-03-14,INR,0,2022-03-16,2022-06-15,0.06971221249519219,0.9261765374361248,94.41756485257649,0.8564643249409326,91,2,3.585890737349165,Mar22-Jun22,Mar-Jun
2022-03-15,INR,0,2022-03-16,2022-06-15,0.06858972233143429,0.9014649220702794,93.73148784626103,0.832875199738845,91,1,3.5126739609103876,Mar22-Jun22,Mar-Jun
2022-03-16,INR,0,2022-06-15,2022-09-21,0.8805901661497194,1.8289180373878788,93.72524663074672,0.9483278712381594,98,91,3.6822816884197183,Jun22-Sep22,Jun-Sep
2022-03-17,INR,0,2022-06-15,2022-09-21,0.8805641644058175,1.8394006989810412,94.30645030609551,0.9588365345752237,98,90,3.70035416828296,Jun22-Sep22,Jun-Sep
2022-03-18,INR,0,2022-06-15,2022-09-21,0.8902375071541907,1.8704990318857715,94.02669056376442,0.9802615247315808,98,89,3.7938024083597193,Jun22-Sep22,Jun-Sep
2022-03-21,INR,0,2022-06-15,2022-09-21,0.8659633522168535,1.8527588000918727,94.39573901636565,0.9867954478750192,98,86,3.8052677829747417,Jun22-Sep22,Jun-Sep
2022-03-22,INR,0,2022-06-15,2022-09-21,0.8520045154598077,1.8343156038722916,94.00105316487492,0.9823110884124839,98,85,3.804294559166097,Jun22-Sep22,Jun-Sep
2022-03-23,INR,0,2022-06-15,2022-09-21,0.8693237206273249,1.8835347280258705,93.7109442683708,1.0142110073985457,98,84,3.9391652906251107,Jun22-Sep22,Jun-Sep
2022-03-24,INR,0,2022-06-15,2022-09-21,0.8699825849548398,1.897190938275012,94.20117881825198,1.0272083533201721,98,83,3.9690463281126505,Jun22-Sep22,Jun-Sep
2022-03-25,INR,0,2022-06-15,2022-09-21,0.8634812694564898,1.8954466890508315,93.38418844479531,1.0319654195943415,98,82,4.022267489047943,Jun22-Sep22,Jun-Sep
2022-03-28,INR,0,2022-06-15,2022-09-21,0.8165361021306322,1.8294543047736949,92.9468237338068,1.0129182026430628,98,79,3.968420090982171,Jun22-Sep22,Jun-Sep
2022-03-29,INR,0,2022-06-15,2022-09-21,0.7934403981756724,1.7903270522938248,93.04148263510297,0.9968866541181525,98,78,3.9026329308820715,Jun22-Sep22,Jun-Sep
2022-03-30,INR,0,2022-06-15,2022-09-21,0.7893940849054386,1.794077465694179,92.84689491479143,1.0046833807887403,98,77,3.9414992660865,Jun22-Sep22,Jun-Sep
2022-03-31,INR,0,2022-06-15,2022-09-21,0.74750690959026,1.7113973982724375,92.24584777602976,0.9638904886821775,98,76,3.8076077750852693,Jun22-Sep22,Jun-Sep
2022-04-01,INR,0,2022-06-15,2022-09-21,0.726978582163541,1.6768972628572345,92.38140034621114,0.9499186806936935,98,75,3.7477799898861526,Jun22-Sep22,Jun-Sep
2022-04-04,INR,0,2022-06-15,2022-09-21,0.6778107593039177,1.600386515023139,92.28539754318143,0.9225757557192212,98,72,3.6455860962674578,Jun22-Sep22,Jun-Sep
2022-04-05,INR,0,2022-06-15,2022-09-21,0.6593583389608952,1.5694585814703002,92.94726024907155,0.9101002425094049,98,71,3.571569437157518,Jun22-Sep22,Jun-Sep
2022-04-06,INR,0,2022-06-15,2022-09-21,0.648005079124365,1.5552121898984759,93.06037207768327,0.9072071107741109,98,70,3.556349657198575,Jun22-Sep22,Jun-Sep
2022-04-07,INR,0,2022-06-15,2022-09-21,0.6528201869141569,1.5800140755748435,93.38291209898351,0.9271938886606866,98,69,3.6220469429144946,Jun22-Sep22,Jun-Sep
2022-04-08,INR,0,2022-06-15,2022-09-21,0.6287594179154112,1.5349126966758568,93.14383812629247,0.9061532787604456,98,68,3.5497857767788887,Jun22-Sep22,Jun-Sep
2022-04-11,INR,0,2022-06-15,2022-09-21,0.5907790268747417,1.481492021239737,93.51385484669008,0.8907129943649952,98,65,3.4769880965390367,Jun22-Sep22,Jun-Sep
2022-04-12,INR,0,2022-06-15,2022-09-21,0.5902399086987038,1.494044768893594,93.55354508341999,0.9038048601948903,98,64,3.5266263053988083,Jun22-Sep22,Jun-Sep
2022-04-13,INR,0,2022-06-15,2022-09-21,0.5936032136954879,1.5169859905551357,93.52370177036798,0.9233827768596479,98,63,3.604032610738898,Jun22-Sep22,Jun-Sep
2022-04-14,INR,0,2022-06-15,2022-09-21,0.5657545268378005,1.460011682162066,93.94533665263113,0.8942571553242654,98,62,3.475810345503891,Jun22-Sep22,Jun-Sep
2022-04-15,INR,0,2022-06-15,2022-09-21,0.5480397360969704,1.4284970170396443,93.8634977231499,0.8804572809426738,98,61,3.4257813777951682,Jun22-Sep22,Jun-Sep
2022-04-18,INR,0,2022-06-15,2022-09-21,0.5145842016522703,1.384054059616451,94.1428012428978,0.8694698579641807,98,58,3.3742437442223725,Jun22-Sep22,Jun-Sep
2022-04-19,INR,0,2022-06-15,2022-09-21,0.5238083319733313,1.4243910781730937,94.22394203677278,0.9005827461997624,98,57,3.4916535077929973,Jun22-Sep22,Jun-Sep
2022-04-20,INR,0,2022-06-15,2022-09-21,0.5304502430753113,1.4587381684571057,94.2215049511097,0.9282879253817944,98,56,3.5989096688550495,Jun22-Sep22,Jun-Sep
2022-04-21,INR,0,2022-06-15,2022-09-21,0.5238839821765129,1.4573499867819355,94.33714419358081,0.9334660046054226,98,55,3.6148235564922646,Jun22-Sep22,Jun-Sep
2022-04-22,INR,0,2022-06-15,2022-09-21,0.5069507687729605,1.4269725343238893,93.90779785518377,0.9200217655509287,98,54,3.5796015358581164,Jun22-Sep22,Jun-Sep
2022-04-25,INR,0,2022-06-15,2022-09-21,0.47663557354904773,1.3925235384080021,93.78597771503948,0.9158879648589544,98,51,3.5692691769770626,Jun22-Sep22,Jun-Sep
2022-04-26,INR,0,2022-06-15,2022-09-21,0.44115741287555926,1.3058259421116554,94.4101665818863,0.864668529236096,98,50,3.348749641997074,Jun22-Sep22,Jun-Sep
2022-04-27,INR,0,2022-06-15,2022-09-21,0.44917291411131394,1.3475187423339416,94.19396123784999,0.8983458282226278,98,49,3.4868307449484064,Jun22-Sep22,Jun-Sep
2022-04-28,INR,0,2022-06-15,2022-09-21,0.45307864054212355,1.3781141983156258,94.10967096228907,0.9250355577735022,98,48,3.593476097446567,Jun22-Sep22,Jun-Sep
2022-04-29,INR,0,2022-06-15,2022-09-21,0.4575906381840066,1.4117157986527864,94.38806314435583,0.9541251604687798,98,47,3.6954245442865234,Jun22-Sep22,Jun-Sep
2022-05-02,INR,0,2022-06-15,2022-09-21,0.429371456124318,1.3856987902193898,94.32539207110229,0.9563273340950718,98,44,3.7075066790307183,Jun22-Sep22,Jun-Sep
2022-05-03,INR,0,2022-06-15,2022-09-21,0.4285063118603575,1.4051020923793116,94.64025795254032,0.9765957805189541,98,43,3.773578768700307,Jun22-Sep22,Jun-Sep
2022-05-04,INR,0,2022-06-15,2022-09-21,0.41576385918283454,1.3858795306094485,93.9644563393653,0.9701156714266139,98,42,3.7758867420209294,Jun22-Sep22,Jun-Sep
2022-05-05,INR,0,2022-06-15,2022-09-21,0.39319175185036515,1.3330159392000183,94.06295725111754,0.9398241873496531,98,41,3.6550456677968954,Jun22-Sep22,Jun-Sep
2022-05-06,INR,0,2022-06-15,2022-09-21,0.3946402857568906,1.3615089858612723,94.22647812444879,0.9668687001043818,98,40,3.7536679247588753,Jun22-Sep22,Jun-Sep
2022-05-09,INR,0,2022-06-15,2022-09-21,0.3707748961496276,1.3528273237891817,94.01447274802014,0.9820524276395541,98,37,3.822143417692626,Jun22-Sep22,Jun-Sep
2022-05-10,INR,0,2022-06-15,2022-09-21,0.3660805183257023,1.3626330404345588,94.11516045991658,0.9965525221088565,98,36,3.8746370658912523,Jun22-Sep22,Jun-Sep
2022-05-11,INR,0,2022-06-15,2022-09-21,0.3569814018538586,1.356529327044663,94.18744974784026,0.9995479251908044,98,35,3.8836858608508695,Jun22-Sep22,Jun-Sep
2022-05-12,INR,0,2022-06-15,2022-09-21,0.3446915773759686,1.3382143592243487,94.33657834467887,0.99352278184838,98,34,3.8546964232333463,Jun22-Sep22,Jun-Sep
2022-05-13,INR,0,2022-06-15,2022-09-21,0.3364750303583932,1.3357039083924092,93.9456817022957,0.9992288780340159,98,33,3.893246423315514,Jun22-Sep22,Jun-Sep
2022-05-16,INR,0,2022-06-15,2022-09-21,0.31394671747304737,1.339505994551669,94.27080866307796,1.0255592770786217,98,30,3.983052654224312,Jun22-Sep22,Jun-Sep
2022-05-17,INR,0,2022-06-15,2022-09-21,0.30932705244646325,1.354639160713822,94.40462125189501,1.0453121082673587,98,29,4.05423076443946,Jun22-Sep22,Jun-Sep
2022-05-18,INR,0,2022-06-15,2022-09-21,0.2885893606440887,1.2986521228983992,93.97510855141931,1.0100627622543104,98,28,3.936228600233757,Jun22-Sep22,Jun-Sep
2022-05-19,INR,0,2022-06-15,2022-09-21,0.2792609060813127,1.2928745651912628,93.23180815839767,1.01361365910995,98,27,3.981858816289842,Jun22-Sep22,Jun-Sep
2022-05-20,INR,0,2022-06-15,2022-09-21,0.26617807714963104,1.2694646756367018,93.49057786619332,1.0032865984870707,98,26,3.9309621686509284,Jun22-Sep22,Jun-Sep
2022-05-23,INR,0,2022-06-15,2022-09-21,0.23876603733829704,1.2561169790406062,93.37847965495425,1.017350941702309,98,23,3.9920075765003435,Jun22-Sep22,Jun-Sep
2022-05-24,INR,0,2022-06-15,2022-09-21,0.23335071817763198,1.2728220991507202,93.6172710278997,1.0394713809730882,98,22,4.068663825992961,Jun22-Sep22,Jun-Sep
2022-05-25,INR,0,2022-06-15,2022-09-21,0.2231098862571597,1.264289355457238,94.47665460850848,1.0411794692000784,98,21,4.038807200494097,Jun22-Sep22,Jun-Sep
2022-05-26,INR,0,2022-06-15,2022-09-21,0.21259087773349714,1.254286178627633,94.80271668865218,1.0416953008941359,98,20,4.027388741050332,Jun22-Sep22,Jun-Sep
2022-05-27,INR,0,2022-06-15,2022-09-21,0.1995355458611996,1.2287188876715975,95.01245933624686,1.029183341810398,98,19,3.9707953868725165,Jun22-Sep22,Jun-Sep
2022-05-30,INR,0,2022-06-15,2022-09-21,0.1689545476534264,1.203801152030663,95.05844320628779,1.0348466043772366,98,16,3.9919995840113054,Jun22-Sep22,Jun-Sep
2022-05-31,INR,0,2022-06-15,2022-09-21,0.15551527286623326,1.1715483889256237,94.79463408766173,1.0160331160593905,98,15,3.9308695920190164,Jun22-Sep22,Jun-Sep
2022-06-01,INR,0,2022-06-15,2022-09-21,0.14167460273890956,1.1333968219112764,95.07087751453369,0.9917222191723669,98,14,3.8262404822413116,Jun22-Sep22,Jun-Sep
2022-06-02,INR,0,2022-06-15,2022-09-21,0.13093554065150873,1.1179880778705744,94.64091478332574,0.9870525372190657,98,13,3.825932771371547,Jun22-Sep22,Jun-Sep
2022-06-03,INR,0,2022-06-15,2022-09-21,0.11976043190128174,1.0978039590950828,93.80999964271994,0.978043527193801,98,12,3.8249996105432644,Jun22-Sep22,Jun-Sep
2022-06-06,INR,0,2022-06-15,2022-09-21,0.09058849461465995,1.0769965470854017,93.81168177086359,0.9864080524707417,98,9,3.858841510798371,Jun22-Sep22,Jun-Sep
2022-06-07,INR,0,2022-06-15,2022-09-21,0.07964080580286162,1.0552406768879166,93.92633115207977,0.975599871085055,98,8,3.8123495629984467,Jun22-Sep22,Jun-Sep
2022-06-08,INR,0,2022-06-15,2022-09-21,0.06818933803557056,1.0228400705335585,94.03449755427314,0.9546507324979879,98,7,3.726652614970151,Jun22-Sep22,Jun-Sep
2022-06-09,INR,0,2022-06-15,2022-09-21,0.06727811540850467,0.9995605717834981,93.94280611760534,0.9322824563749934,98,6,3.642918833841511,Jun22-Sep22,Jun-Sep
2022-06-10,INR,0,2022-06-15,2022-09-21,0.06810054294084289,1.0020508461295452,94.14789579213459,0.9339503031887023,98,5,3.641460030042772,Jun22-Sep22,Jun-Sep
2022-06-13,INR,0,2022-06-15,2022-09-21,0.06779087596509284,0.9684410852156118,94.54175573799269,0.900650209250519,98,2,3.497015989577659,Jun22-Sep22,Jun-Sep
2022-06-14,INR,0,2022-06-15,2022-09-21,0.06493332615340021,0.9183427555980886,94.75647890027662,0.8534094294446884,98,1,3.3061872215111374,Jun22-Sep22,Jun-Sep
2022-06-15,INR,0,2022-09-21,2022-12-21,0.9313404430636608,1.7971659998094605,94.48274570239111,0.8658255567457996,91,98,3.5898724172979914,Sep22-Dec22,Sep-Dec
2022-06-16,INR,0,2022-09-21,2022-12-21,0.9268830189141547,1.7972947811237576,94.09911830166007,0.8704117622096029,91,97,3.6236263162778517,Sep22-Dec22,Sep-Dec
2022-06-17,INR,0,2022-09-21,2022-12-21,0.887543292635449,1.7295767379423845,93.87257830854678,0.8420334453069356,91,96,3.515319805216234,Sep22-Dec22,Sep-Dec
2022-06-20,INR,0,2022-09-21,2022-12-21,0.8636003633722411,1.7089159875189064,94.12328004001267,0.8453156241466653,91,93,3.5205975305782933,Sep22-Dec22,Sep-Dec
2022-06-21,INR,0,2022-09-21,2022-12-21,0.8490808635488912,1.6890756694390896,93.74743286389727,0.8399948058901984,91,92,3.5128740415579105,Sep22-Dec22,Sep-Dec
2022-06-22,INR,0,2022-09-21,2022-12-21,0.8489851508137838,1.6979703016275676,93.63552055307822,0.8489851508137838,91,91,3.5546807909156812,Sep22-Dec22,Sep-Dec
2022-06-23,INR,0,2022-09-21,2022-12-21,0.872533148851915,1.7547611104688512,93.01592468335504,0.8822279616169362,91,90,3.7173180559052756,Sep22-Dec22,Sep-Dec
2022-06-24,INR,0,2022-09-21,2022-12-21,0.8795515733217976,1.7788683505384668,93.46041041705998,0.8993167772166692,91,89,3.771187337810986,Sep22-Dec22,Sep-Dec
2022-06-27,INR,0,2022-09-21,2022-12-21,0.8380343597080446,1.7247916473060918,93.1207061362843,0.8867572875980472,91,86,3.7336077405483876,Sep22-Dec22,Sep-Dec
2022-06-28,INR,0,2022-09-21,2022-12-21,0.8247501259467034,1.7077179078425861,93.65960993622096,0.8829677818958828,91,85,3.696970963927216,Sep22-Dec22,Sep-Dec
2022-06-29,INR,0,2022-09-21,2022-12-21,0.8402698053377076,1.7505620944535574,93.74311576024319,0.9102922891158498,91,84,3.8073878272133217,Sep22-Dec22,Sep-Dec
2022-06-30,INR,0,2022-09-21,2022-12-21,0.8323127755651998,1.7448484692571657,94.77837709151657,0.912535693691966,91,83,3.7757611839462286,Sep22-Dec22,Sep-Dec
2022-07-01,INR,0,2022-09-21,2022-12-21,0.8220163682819311,1.7342540452777326,94.92840415418341,0.9122376769958015,91,82,3.7690198422763705,Sep22-Dec22,Sep-Dec
2022-07-04,INR,0,2022-09-21,2022-12-21,0.8023957088662882,1.7345284383192496,94.2495372078572,0.9321327294529614,91,79,3.879519266392913,Sep22-Dec22,Sep-Dec
2022-07-05,INR,0,2022-09-21,2022-12-21,0.7752745659518752,1.6871606144149074,94.01152047896615,0.9118860484630322,91,78,3.805869044220237,Sep22-Dec22,Sep-Dec
2022-07-06,INR,0,2022-09-21,2022-12-21,0.7556440887437692,1.6556341047215546,93.90725437905778,0.8999900159777854,91,77,3.76113569395922,Sep22-Dec22,Sep-Dec
2022-07-07,INR,0,2022-09-21,2022-12-21,0.7361848302486037,1.624162084530841,93.4961253777681,0.8879772542822374,91,76,3.727890191966111,Sep22-Dec22,Sep-Dec
2022-07-08,INR,0,2022-09-21,2022-12-21,0.7192786658656577,1.5981210636123615,94.38608308689163,0.8788423977467038,91,75,3.6556710282638414,Sep22-Dec22,Sep-Dec
2022-07-11,INR,0,2022-09-21,2022-12-21,0.6886026486465979,1.5637206113354207,94.26880547859304,0.8751179626888228,91,72,3.645850487496173,Sep22-Dec22,Sep-Dec
2022-07-12,INR,0,2022-09-21,2022-12-21,0.631811978833162,1.4459148567064015,93.21898467517269,0.8141028778732395,91,71,3.4316456380032125,Sep22-Dec22,Sep-Dec
2022-07-13,INR,0,2022-09-21,2022-12-21,0.6264359840842666,1.4447012697740993,93.56415312687066,0.8182652856898327,91,70,3.4367482658809805,Sep22-Dec22,Sep-Dec
2022-07-14,INR,0,2022-09-21,2022-12-21,0.6265265578994803,1.4562930908090637,93.90287031203921,0.8297665329095834,91,69,3.4725630186353302,Sep22-Dec22,Sep-Dec
2022-07-15,INR,0,2022-09-21,2022-12-21,0.6518783537937548,1.5272883349626958,93.90941436840573,0.875409981168941,91,68,3.6623445654851388,Sep22-Dec22,Sep-Dec
2022-07-18,INR,0,2022-09-21,2022-12-21,0.6054015655498877,1.454711539436542,94.38023430783095,0.8493099738866543,91,65,3.537279671929592,Sep22-Dec22,Sep-Dec
2022-07-19,INR,0,2022-09-21,2022-12-21,0.5903129067790587,1.430973404408704,94.27199782832655,0.8406604976296452,91,64,3.50580736960894,Sep22-Dec22,Sep-Dec
2022-07-20,INR,0,2022-09-21,2022-12-21,0.5677788922220424,1.3887719116837982,93.73891523104876,0.8209930194617558,91,63,3.443959628518655,Sep22-Dec22,Sep-Dec
2022-07-21,INR,0,2022-09-21,2022-12-21,0.5700617907928829,1.4071986595467938,93.58687947527007,0.8371368687539109,91,62,3.5172661786637036,Sep22-Dec22,Sep-Dec
2022-07-22,INR,0,2022-09-21,2022-12-21,0.5635831718632991,1.404338395462647,94.13188174559835,0.8407552235993478,91,61,3.512380052974685,Sep22-Dec22,Sep-Dec
2022-07-25,INR,0,2022-09-21,2022-12-21,0.5362141044908736,1.37751554429552,94.57625585995852,0.8413014398046464,91,58,3.499252492753308,Sep22-Dec22,Sep-Dec
2022-07-26,INR,0,2022-09-21,2022-12-21,0.5428039425739999,1.4093856754552978,94.58323498792151,0.8665817328812979,91,57,3.603887500548679,Sep22-Dec22,Sep-Dec
2022-07-27,INR,0,2022-09-21,2022-12-21,0.5322529313102398,1.3971639446893793,94.22229451554792,0.8649110133791396,91,56,3.6110414530906,Sep22-Dec22,Sep-Dec
2022-07-28,INR,0,2022-09-21,2022-12-21,0.5059440296093515,1.3430514240539146,94.02523810441947,0.8371073944445632,91,55,3.5032182752742336,Sep22-Dec22,Sep-Dec
2022-07-29,INR,0,2022-09-21,2022-12-21,0.5051270994916724,1.356359804190602,94.52491680461058,0.8512327046989295,91,54,3.543630896360981,Sep22-Dec22,Sep-Dec
2022-08-01,INR,0,2022-09-21,2022-12-21,0.4653513846560436,1.2956842474736898,94.0062500485733,0.8303328628176463,91,51,3.4770589824033804,Sep22-Dec22,Sep-Dec
2022-08-02,INR,0,2022-09-21,2022-12-21,0.4646221807477202,1.3185516072682162,94.55181225702025,0.853929426520496,91,50,3.555366360213277,Sep22-Dec22,Sep-Dec
2022-08-03,INR,0,2022-09-21,2022-12-21,0.4459543800011806,1.2820278328381502,94.46953687446798,0.8360734528369697,91,49,3.484724449286075,Sep22-Dec22,Sep-Dec
2022-08-04,INR,0,2022-09-21,2022-12-21,0.442004662811181,1.287383966770367,94.17766082385953,0.845379303959186,91,48,3.5345270655849754,Sep22-Dec22,Sep-Dec
2022-08-05,INR,0,2022-09-21,2022-12-21,0.43144376354412983,1.2737844490983816,94.39364830232357,0.8423406855542518,91,47,3.5141930320532846,Sep22-Dec22,Sep-Dec
2022-08-08,INR,0,2022-09-21,2022-12-21,0.4016283418561856,1.2379332017621936,94.11661017747333,0.8363048599060079,91,44,3.500339022679471,Sep22-Dec22,Sep-Dec
2022-08-09,INR,0,2022-09-21,2022-12-21,0.3972211018375474,1.2430580062934984,93.71161020938088,0.845836904455951,91,43,3.5556365189639436,Sep22-Dec22,Sep-Dec
2022-08-10,INR,0,2022-09-21,2022-12-21,0.3890954189779999,1.236895431135618,93.46786766741685,0.8478000121576181,91,42,3.573452628062198,Sep22-Dec22,Sep-Dec
2022-08-11,INR,0,2022-09-21,2022-12-21,0.38741895802953935,1.251627031722069,93.46258924980296,0.8642080736925297,91,41,3.642882075326655,Sep22-Dec22,Sep-Dec
2022-08-12,INR,0,2022-09-21,2022-12-21,0.3702420788295296,1.2164347665124269,93.40700029722218,0.8461926876828973,91,40,3.5697098602372135,Sep22-Dec22,Sep-Dec
2022-08-15,INR,0,2022-09-21,2022-12-21,0.3430912864284662,1.1895207349168495,93.9721904559777,0.8464294484883833,91,37,3.55033886560988,Sep22-Dec22,Sep-Dec
2022-08-16,INR,0,2022-09-21,2022-12-21,0.34364347186902267,1.2144641471647273,93.5860446771708,0.8708206752957046,91,36,3.6676421876706398,Sep22-Dec22,Sep-Dec
2022-08-17,INR,0,2022-09-21,2022-12-21,0.3444093584018911,1.2416198047144373,94.29018125200054,0.8972104463125463,91,35,3.7506412196007726,Sep22-Dec22,Sep-Dec
2022-08-18,INR,0,2022-09-21,2022-12-21,0.33931464480158113,1.2487920915482438,94.44814399619466,0.9094774467466626,91,34,3.7957898734129865,Sep22-Dec22,Sep-Dec
2022-08-19,INR,0,2022-09-21,2022-12-21,0.33116695405305757,1.2452624912298185,94.77788074318512,0.914095537176761,91,33,3.802164160665743,Sep22-Dec22,Sep-Dec
2022-08-22,INR,0,2022-09-21,2022-12-21,0.3030925043027115,1.222473100687603,93.87967913410706,0.9193805963848916,91,30,3.8617572920834418,Sep22-Dec22,Sep-Dec
2022-08-23,INR,0,2022-09-21,2022-12-21,0.2903395480127702,1.2014050262597387,93.79434500355757,0.9110654782469685,91,29,3.8308201764800627,Sep22-Dec22,Sep-Dec
2022-08-24,INR,0,2022-09-21,2022-12-21,0.2914261915359424,1.2385613140277552,94.14862164239246,0.9471351224918128,91,28,3.967499236636893,Sep22-Dec22,Sep-Dec
2022-08-25,INR,0,2022-09-21,2022-12-21,0.276981114235064,1.2105100548050944,94.2417850538712,0.9335289405700304,91,27,3.9072468599154835,Sep22-Dec22,Sep-Dec
2022-08-26,INR,0,2022-09-21,2022-12-21,0.2644730976178905,1.1901289392805074,94.68211385375463,0.9256558416626169,91,26,3.8568371074377135,Sep22-Dec22,Sep-Dec
2022-08-29,INR,0,2022-09-21,2022-12-21,0.24290838655701788,1.203980698586958,95.34440936829884,0.9610723120299403,91,23,3.97756145964678,Sep22-Dec22,Sep-Dec
2022-08-30,INR,0,2022-09-21,2022-12-21,0.2334184759835152,1.1989221720971464,95.86099420170032,0.9655036961136312,91,22,3.9748149295213393,Sep22-Dec22,Sep-Dec
2022-08-31,INR,0,2022-09-21,2022-12-21,0.22019969290579516,1.1743983621642409,95.33811690532548,0.9541986692584457,91,21,3.9503122415354044,Sep22-Dec22,Sep-Dec
2022-09-01,INR,0,2022-09-21,2022-12-21,0.20964721321904348,1.172148312635673,96.046076652993,0.9625010994166296,91,20,3.9558132276114675,Sep22-Dec22,Sep-Dec
2022-09-02,INR,0,2022-09-21,2022-12-21,0.1922923562291831,1.1214173692001252,95.69210295010659,0.9291250129709422,91,19,3.833428140449503,Sep22-Dec22,Sep-Dec
2022-09-05,INR,0,2022-09-21,2022-12-21,0.159579985887449,1.0740297908515477,95.3989614477905,0.9144498049640987,91,16,3.785745962379123,Sep22-Dec22,Sep-Dec
2022-09-06,INR,0,2022-09-21,2022-12-21,0.14228048868250223,1.0118456582063897,95.18544816860496,0.8695651695238875,91,15,3.6086436567145546,Sep22-Dec22,Sep-Dec
2022-09-07,INR,0,2022-09-21,2022-12-21,0.13032158943435249,0.9833604713004079,94.83689151035603,0.8530388818660555,91,14,3.5534993633336316,Sep22-Dec22,Sep-Dec
2022-09-08,INR,0,2022-09-21,2022-12-21,0.11843168370607737,0.9529665127704937,94.65470960018733,0.8345348290644163,91,13,3.48353597011087,Sep22-Dec22,Sep-Dec
2022-09-09,INR,0,2022-09-21,2022-12-21,0.11063269230324531,0.9546995808811143,94.90287817561392,0.8440668885778689,91,12,3.514411458489607,Sep22-Dec22,Sep-Dec
2022-09-12,INR,0,2022-09-21,2022-12-21,0.08808607252963654,0.9825923155634585,95.68277336281514,0.894506243033822,91,9,3.694971557383327,Sep22-Dec22,Sep-Dec
2022-09-13,INR,0,2022-09-21,2022-12-21,0.07903065116214891,0.9814501741604497,96.13966220510517,0.9024195229983007,91,8,3.710309497871128,Sep22-Dec22,Sep-Dec
2022-09-14,INR,0,2022-09-21,2022-12-21,0.06919097030349176,0.9716713928498616,95.5872685340045,0.9024804225463698,91,7,3.7323691882007606,Sep22-Dec22,Sep-Dec
2022-09-15,INR,0,2022-09-21,2022-12-21,0.07208322033884049,1.0014415242262287,95.75437683399375,0.9293583038873882,91,6,3.836708878746357,Sep22-Dec22,Sep-Dec
2022-09-16,INR,0,2022-09-21,2022-12-21,0.0732353758091053,1.0065124158489538,95.59868530126701,0.9332770400398485,91,5,3.859110350701759,Sep22-Dec22,Sep-Dec
2022-09-19,INR,0,2022-09-21,2022-12-21,0.07246398606409273,0.9635924850137949,95.60439011013074,0.8911284989497021,91,2,3.6846356891960648,Sep22-Dec22,Sep-Dec
2022-09-20,INR,0,2022-09-21,2022-12-21,0.07060130184387833,0.92833293110265,95.99985312074244,0.8577316292587717,91,1,3.532016214799052,Sep22-Dec22,Sep-Dec
2022-09-21,INR,0,2022-12-21,2023-03-15,0.9155600926200539,1.7740474686678016,96.15587659203754,0.8584873760477477,84,91,3.7902309240414045,Dec22-Mar23,Dec-Mar
2022-09-22,INR,0,2022-12-21,2023-03-15,0.941731465100917,1.8340423558793644,96.20296812665777,0.8923108907784474,84,90,3.9365910317067536,Dec22-Mar23,Dec-Mar
2022-09-23,INR,0,2022-12-21,2023-03-15,0.8995754458726146,1.7619349598475478,95.91850439752659,0.8623595139749332,84,89,3.8172895955403643,Dec22-Mar23,Dec-Mar
2022-09-26,INR,0,2022-12-21,2023-03-15,0.8793189369725096,1.751482065621473,95.71297881935081,0.8721631286489633,84,86,3.869710180571203,Dec22-Mar23,Dec-Mar
2022-09-27,INR,0,2022-12-21,2023-03-15,0.8391489242907642,1.6817086868187663,95.63888536568285,0.8425597625280021,84,85,3.7427901982135685,Dec22-Mar23,Dec-Mar
2022-09-28,INR,0,2022-12-21,2023-03-15,0.8266428299181168,1.666543759669827,95.45831880187075,0.8399009297517102,84,84,3.7384606611643125,Dec22-Mar23,Dec-Mar
2022-09-29,INR,0,2022-12-21,2023-03-15,0.8256568024774379,1.6744976409466013,95.30181844358567,0.8488408384691634,84,83,3.784442791629372,Dec22-Mar23,Dec-Mar
2022-09-30,INR,0,2022-12-21,2023-03-15,0.808710518892527,1.6504279426650532,95.63225815974674,0.8417174237725262,84,82,3.740485435828627,Dec22-Mar23,Dec-Mar
2022-10-03,INR,0,2022-12-21,2023-03-15,0.8020857722018447,1.6517778589980872,95.5646839347437,0.8496920867962424,84,79,3.7788311530157728,Dec22-Mar23,Dec-Mar
2022-10-04,INR,0,2022-12-21,2023-03-15,0.8047787425563417,1.6691141217752834,95.61119773318345,0.8643353792189417,84,78,3.84199239355208,Dec22-Mar23,Dec-Mar
2022-10-05,INR,0,2022-12-21,2023-03-15,0.8029617474630348,1.6773968597783302,95.23743586959047,0.8744351123152954,84,77,3.902086148916993,Dec22-Mar23,Dec-Mar
2022-10-06,INR,0,2022-12-21,2023-03-15,0.8172657138219424,1.7198652037070215,94.96571359886522,0.9025994898850791,84,76,4.038591778869925,Dec22-Mar23,Dec-Mar
2022-10-07,INR,0,2022-12-21,2023-03-15,0.8009678569354635,1.6981926866224677,95.06019551752333,0.8972248296870042,84,75,4.011269146678994,Dec22-Mar23,Dec-Mar
2022-10-10,INR,0,2022-12-21,2023-03-15,0.7707243351070275,1.6726264297763511,95.40324350317636,0.9019020946693236,84,72,4.019065427288471,Dec22-Mar23,Dec-Mar
2022-10-11,INR,0,2022-12-21,2023-03-15,0.7852515124175997,1.717921328316192,96.24285399289828,0.9326698158985923,84,71,4.11958610655559,Dec22-Mar23,Dec-Mar
2022-10-12,INR,0,2022-12-21,2023-03-15,0.7785127824051636,1.7172763454074098,96.31533422222812,0.9387635630022462,84,70,4.143694515137345,Dec22-Mar23,Dec-Mar
2022-10-13,INR,0,2022-12-21,2023-03-15,0.7813781124509869,1.7381300924024339,97.05323508943547,0.956751979951447,84,69,4.191119578407359,Dec22-Mar23,Dec-Mar
2022-10-14,INR,0,2022-12-21,2023-03-15,0.7671549550954515,1.7212585884980367,96.94125221854111,0.9541036334025852,84,68,4.184916825487495,Dec22-Mar23,Dec-Mar
2022-10-17,INR,0,2022-12-21,2023-03-15,0.7213742360187386,1.6629450465556517,96.7799421080238,0.941570810536913,84,65,4.13871691689852,Dec22-Mar23,Dec-Mar
2022-10-18,INR,0,2022-12-21,2023-03-15,0.7215992092440432,1.6790432670367854,96.89065203451871,0.9574440577927422,84,64,4.203705604542941,Dec22-Mar23,Dec-Mar
2022-10-19,INR,0,2022-12-21,2023-03-15,0.7025371185958038,1.6505515213741044,96.33240175742588,0.9480144027783006,84,63,4.187067994385935,Dec22-Mar23,Dec-Mar
2022-10-20,INR,0,2022-12-21,2023-03-15,0.6833519755304829,1.6214792304431418,96.06881783270096,0.9381272549126589,84,62,4.155509262651196,Dec22-Mar23,Dec-Mar
2022-10-21,INR,0,2022-12-21,2023-03-15,0.665676412431406,1.5955972988234213,95.4124436862109,0.9299208863920153,84,61,4.148057042854893,Dec22-Mar23,Dec-Mar
2022-10-24,INR,0,2022-12-21,2023-03-15,0.6285485832111637,1.5521016473950393,95.33752546680431,0.9235530641838756,84,58,4.124462316469346,Dec22-Mar23,Dec-Mar
2022-10-25,INR,0,2022-12-21,2023-03-15,0.6271266989195016,1.5646268280802285,95.8565877376802,0.9375001291607269,84,57,4.1642858796063935,Dec22-Mar23,Dec-Mar
2022-10-26,INR,0,2022-12-21,2023-03-15,0.6040889362126696,1.52353261167934,95.83395226319556,0.9194436754666704,84,56,4.086015068171348,Dec22-Mar23,Dec-Mar
2022-10-27,INR,0,2022-12-21,2023-03-15,0.5966659028296641,1.5213362716608927,96.47141865064671,0.9246703688312286,84,55,4.082570525117798,Dec22-Mar23,Dec-Mar
2022-10-28,INR,0,2022-12-21,2023-03-15,0.5755344102146118,1.4841861545294392,96.3071646631059,0.9086517443148274,84,54,4.0195223694192705,Dec22-Mar23,Dec-Mar
2022-10-31,INR,0,2022-12-21,2023-03-15,0.5437893448928277,1.452717156783496,95.5783673543387,0.9089278118906683,84,51,4.052556706870008,Dec22-Mar23,Dec-Mar
2022-11-01,INR,0,2022-12-21,2023-03-15,0.515410185950452,1.3717311935756467,94.49561880589394,0.8563210076251947,84,50,3.862653856587033,Dec22-Mar23,Dec-Mar
2022-11-02,INR,0,2022-12-21,2023-03-15,0.5182587829046692,1.397988979430931,94.54072971690664,0.8797301965262618,84,49,3.9662448868098235,Dec22-Mar23,Dec-Mar
2022-11-03,INR,0,2022-12-21,2023-03-15,0.512165112959343,1.4005979183491832,94.78329507605565,0.8884328053898403,84,48,3.9955409821247185,Dec22-Mar23,Dec-Mar
2022-11-04,INR,0,2022-12-21,2023-03-15,0.49127635279056064,1.362347067533767,94.75565877601503,0.8710707147432064,84,47,3.9194544170831422,Dec22-Mar23,Dec-Mar
2022-11-07,INR,0,2022-12-21,2023-03-15,0.47210118305688276,1.3692570030284437,94.72613112191604,0.8971558199715609,84,44,4.038891711608951,Dec22-Mar23,Dec-Mar
2022-11-08,INR,0,2022-12-21,2023-03-15,0.45230691136975143,1.3327380076893878,94.92556557186587,0.8804310963196363,84,43,3.956133670047387,Dec22-Mar23,Dec-Mar
2022-11-09,INR,0,2022-12-21,2023-03-15,0.45324646128857615,1.357606436051178,95.21479044153628,0.9043599747626018,84,42,4.051330610248919,Dec22-Mar23,Dec-Mar
2022-11-10,INR,0,2022-12-21,2023-03-15,0.4258676070736053,1.2973002176843829,94.73543538714402,0.8714326106107775,84,41,3.924611234630599,Dec22-Mar23,Dec-Mar
2022-11-11,INR,0,2022-12-21,2023-03-15,0.41400844595036773,1.28342618244614,94.34701791378741,0.8694177364957723,84,40,3.932076462962865,Dec22-Mar23,Dec-Mar
2022-11-14,INR,0,2022-12-21,2023-03-15,0.3793028084010257,1.2438552880882492,94.49234699938206,0.8645524796872235,84,37,3.905513312409324,Dec22-Mar23,Dec-Mar
2022-11-15,INR,0,2022-12-21,2023-03-15,0.3817293070822514,1.277115934655193,95.06110416764382,0.8953866275729416,84,36,4.020596540695864,Dec22-Mar23,Dec-Mar
2022-11-16,INR,0,2022-12-21,2023-03-15,0.36912742777079355,1.2609770404318463,94.76093126344756,0.8918496126610528,84,35,4.017881075945378,Dec22-Mar23,Dec-Mar
2022-11-17,INR,0,2022-12-21,2023-03-15,0.3526154592435088,1.231019241779781,94.35378461608995,0.8784037825362722,84,34,3.97500869682161,Dec22-Mar23,Dec-Mar
2022-11-18,INR,0,2022-12-21,2023-03-15,0.338422126998595,1.2085149088142344,94.86104028276444,0.8700927818156394,84,33,3.917006431059157,Dec22-Mar23,Dec-Mar
2022-11-21,INR,0,2022-12-21,2023-03-15,0.2979232348927266,1.1452619559968187,94.70637651209535,0.8473387211040921,84,30,3.8224076926474435,Dec22-Mar23,Dec-Mar
2022-11-22,INR,0,2022-12-21,2023-03-15,0.29848135129815645,1.176281646708862,95.28208333207819,0.8778002954107055,84,29,3.9359479393201724,Dec22-Mar23,Dec-Mar
2022-11-23,INR,0,2022-12-21,2023-03-15,0.29447690034606966,1.1911424876823256,95.29118134593614,0.8966655873362559,84,28,4.020323328478919,Dec22-Mar23,Dec-Mar
2022-11-24,INR,0,2022-12-21,2023-03-15,0.2897347957810895,1.2043185693714955,94.94374435451711,0.914583773590406,84,27,4.115826470828469,Dec22-Mar23,Dec-Mar
2022-11-25,INR,0,2022-12-21,2023-03-15,0.28131655642854014,1.2034525528498603,95.5232770034636,0.9221359964213202,84,26,4.1250750787473125,Dec22-Mar23,Dec-Mar
2022-11-28,INR,0,2022-12-21,2023-03-15,0.24439644955934983,1.1502868901935352,95.84714241418892,0.9058904406341854,84,23,4.040301205107059,Dec22-Mar23,Dec-Mar
2022-11-29,INR,0,2022-12-21,2023-03-15,0.234499264582466,1.1431832644822006,95.92683475647843,0.9086839998997347,84,22,4.049819024679253,Dec22-Mar23,Dec-Mar
2022-11-30,INR,0,2022-12-21,2023-03-15,0.21824976666000862,1.1045366975114128,95.67262232186218,0.8862869308514042,84,21,3.961140907431921,Dec22-Mar23,Dec-Mar
2022-12-01,INR,0,2022-12-21,2023-03-15,0.20587152160088915,1.083772347918608,95.33113627668996,0.8779008263177189,84,20,3.938193376051676,Dec22-Mar23,Dec-Mar
2022-12-02,INR,0,2022-12-21,2023-03-15,0.1987887746291159,1.0684827052617671,95.03857328095724,0.8696939306326512,84,19,3.9136528167757403,Dec22-Mar23,Dec-Mar
2022-12-05,INR,0,2022-12-21,2023-03-15,0.1701401689154847,1.0662693645475827,95.23119335215321,0.896129195632098,84,16,4.025681354567252,Dec22-Mar23,Dec-Mar
2022-12-06,INR,0,2022-12-21,2023-03-15,0.1613199549349907,1.0725125592756641,95.60198855153014,0.9111926043406734,84,15,4.077878283827615,Dec22-Mar23,Dec-Mar
2022-12-07,INR,0,2022-12-21,2023-03-15,0.1499393923937694,1.0627873183184335,95.12331524674191,0.9128479259246641,84,14,4.10629972875192,Dec22-Mar23,Dec-Mar
2022-12-08,INR,0,2022-12-21,2023-03-15,0.13990137916462878,1.0570755188016359,95.01118086587547,0.9171741396370071,84,13,4.131057913358565,Dec22-Mar23,Dec-Mar
2022-12-09,INR,0,2022-12-21,2023-03-15,0.12946741866660663,1.0488413997993145,94.33476335852178,0.9193739811327079,84,12,4.171075308015875,Dec22-Mar23,Dec-Mar
2022-12-12,INR,0,2022-12-21,2023-03-15,0.09849400095971331,1.0308040873986208,93.8357578673987,0.9323100864389076,84,9,4.253629082782532,Dec22-Mar23,Dec-Mar
2022-12-13,INR,0,2022-12-21,2023-03-15,0.08589867731061027,1.0007792694477693,93.20025870540921,0.914880592137159,84,8,4.2031067989636295,Dec22-Mar23,Dec-Mar
2022-12-14,INR,0,2022-12-21,2023-03-15,0.07206491803856949,0.9497863168471811,93.1851528895986,0.8777213988086116,84,7,4.0336428924036785,Dec22-Mar23,Dec-Mar
2022-12-15,INR,0,2022-12-21,2023-03-15,0.0702136633504775,0.9156287118717524,92.74760388955755,0.8454150485212749,84,6,3.9035687827288106,Dec22-Mar23,Dec-Mar
2022-12-16,INR,0,2022-12-21,2023-03-15,0.06898297997403555,0.8899442227053808,92.69932242703021,0.8209612427313452,84,5,3.7926803885822222,Dec22-Mar23,Dec-Mar
2022-12-19,INR,0,2022-12-21,2023-03-15,0.06939935174336082,0.8654830113773562,92.6093105613904,0.7960836596339953,84,2,3.681306220074613,Dec22-Mar23,Dec-Mar
2022-12-20,INR,0,2022-12-21,2023-03-15,0.07344713314941304,0.9047298441108614,92.6769508209482,0.8312827109614485,84,1,3.841105017789686,Dec22-Mar23,Dec-Mar
2022-12-21,INR,0,2023-03-15,2023-06-21,0.9144921328739473,1.966325984909187,93.0258698463676,1.0518338520352397,98,84,4.113119616581639,Mar23-Jun23,Mar-Jun
2022-12-22,INR,0,2023-03-15,2023-06-21,0.9245625391533037,2.000984030889852,92.87596086540582,1.0764214917365482,98,83,4.215542999863199,Mar23-Jun23,Mar-Jun
2022-12-23,INR,0,2023-03-15,2023-06-21,0.8952555993815975,1.9497832144143337,92.84945926865252,1.054527615032736,98,82,4.132259528250031,Mar23-Jun23,Mar-Jun
2022-12-26,INR,0,2023-03-15,2023-06-21,0.8754676400174856,1.9454938719467436,92.84740892832383,1.070026231929258,98,79,4.193969232496602,Mar23-Jun23,Mar-Jun
2022-12-27,INR,0,2023-03-15,2023-06-21,0.8590201335130229,1.9221377849429206,92.62993024243282,1.0631176514298977,98,78,4.177317353981754,Mar23-Jun23,Mar-Jun
2022-12-28,INR,0,2023-03-15,2023-06-21,0.8468397479680773,1.908171099600152,93.14311042298947,1.0613313516320746,98,77,4.148069259951452,Mar23-Jun23,Mar-Jun
2022-12-29,INR,0,2023-03-15,2023-06-21,0.8295690237431961,1.8826490880404247,92.84175479342548,1.0530800642972287,98,76,4.129820334984948,Mar23-Jun23,Mar-Jun
2022-12-30,INR,0,2023-03-15,2023-06-21,0.8045003587194277,1.838818102076636,93.10073162791532,1.0343177433572084,98,75,4.046137246085905,Mar23-Jun23,Mar-Jun
2023-01-02,INR,0,2023-03-15,2023-06-21,0.7608893808989553,1.7965443715669778,93.01944886629184,1.0356549906680224,98,72,4.0567638969981115,Mar23-Jun23,Mar-Jun
2023-01-03,INR,0,2023-03-15,2023-06-21,0.744469693876563,1.7720475811991432,92.79082139926224,1.0275778873225803,98,71,4.035670246489947,Mar23-Jun23,Mar-Jun
2023-01-04,INR,0,2023-03-15,2023-06-21,0.7626084306370179,1.830260233528843,93.25881632317403,1.0676518028918252,98,70,4.171375008381515,Mar23-Jun23,Mar-Jun
2023-01-05,INR,0,2023-03-15,2023-06-21,0.7325692469671463,1.7730299165726584,92.8989802096598,1.040460669605512,98,69,4.082064689882712,Mar23-Jun23,Mar-Jun
2023-01-06,INR,0,2023-03-15,2023-06-21,0.7378738750012741,1.801280341914875,92.63323049295002,1.063406466913601,98,68,4.183725928263449,Mar23-Jun23,Mar-Jun
2023-01-09,INR,0,2023-03-15,2023-06-21,0.7105972914830354,1.7819593617189964,92.5450335505876,1.071362070235961,98,65,4.220244646544406,Mar23-Jun23,Mar-Jun
2023-01-10,INR,0,2023-03-15,2023-06-21,0.7110302547448589,1.799795332322924,93.15850870308428,1.0887650775780653,98,64,4.260748723541382,Mar23-Jun23,Mar-Jun
2023-01-11,INR,0,2023-03-15,2023-06-21,0.7023508874912497,1.7948967124776385,93.82679740027959,1.0925458249863889,98,63,4.24571014920095,Mar23-Jun23,Mar-Jun
2023-01-12,INR,0,2023-03-15,2023-06-21,0.6963511899273594,1.7970353288447989,93.63263368405427,1.1006841389174395,98,62,4.286412596618589,Mar23-Jun23,Mar-Jun
2023-01-13,INR,0,2023-03-15,2023-06-21,0.6830905687325093,1.7805147611224423,93.04441945678987,1.097424192389933,98,61,4.301142935546398,Mar23-Jun23,Mar-Jun
2023-01-16,INR,0,2023-03-15,2023-06-21,0.6450061866058827,1.734844226043409,93.20677727909244,1.0898380394375262,98,58,4.265754498898791,Mar23-Jun23,Mar-Jun
2023-01-17,INR,0,2023-03-15,2023-06-21,0.6410399804265801,1.7431788941424546,92.97202649527816,1.1021389137158746,98,57,4.324902188349618,Mar23-Jun23,Mar-Jun
2023-01-18,INR,0,2023-03-15,2023-06-21,0.6243988058018197,1.7170967159550043,93.06789936124935,1.0926979101531846,98,56,4.2842286949295465,Mar23-Jun23,Mar-Jun
2023-01-19,INR,0,2023-03-15,2023-06-21,0.6013305882912551,1.6727923637920368,92.99624833924622,1.0714617755007816,98,55,4.205217781860646,Mar23-Jun23,Mar-Jun
2023-01-20,INR,0,2023-03-15,2023-06-21,0.5750754273053136,1.6187308324149565,92.09971534909243,1.043655405109643,98,54,4.136870609490295,Mar23-Jun23,Mar-Jun
2023-01-23,INR,0,2023-03-15,2023-06-21,0.5366241949462366,1.5677844126860638,92.0902253512363,1.0311602177398274,98,51,4.0894573358554,Mar23-Jun23,Mar-Jun
2023-01-24,INR,0,2023-03-15,2023-06-21,0.5147879868892873,1.5237724411922904,92.15216253412086,1.008984454303003,98,50,3.9997793007794087,Mar23-Jun23,Mar-Jun
2023-01-25,INR,0,2023-03-15,2023-06-21,0.4926209792868298,1.4778629378604895,91.73791316910767,0.9852419585736597,98,49,3.924140966731297,Mar23-Jun23,Mar-Jun
2023-01-26,INR,0,2023-03-15,2023-06-21,0.4825306982814378,1.46769754060604,91.47565048281042,0.9851668423246022,98,48,3.9354630448638024,Mar23-Jun23,Mar-Jun
2023-01-27,INR,0,2023-03-15,2023-06-21,0.4778890566472366,1.4743385790180703,91.86943550122324,0.9964495223708337,98,47,3.9637605468240653,Mar23-Jun23,Mar-Jun
2023-01-30,INR,0,2023-03-15,2023-06-21,0.44781476425452105,1.4452203755486817,91.55552472598612,0.9974056112941606,98,44,3.9823978135630234,Mar23-Jun23,Mar-Jun
2023-01-31,INR,0,2023-03-15,2023-06-21,0.43004626358007925,1.4101517015067713,91.3307438869573,0.980105437926692,98,43,3.9236664343118974,Mar23-Jun23,Mar-Jun
2023-02-01,INR,0,2023-03-15,2023-06-21,0.4155825476238092,1.3852751587460308,91.48883243323465,0.9696926111222216,98,42,3.8759140387670197,Mar23-Jun23,Mar-Jun
2023-02-02,INR,0,2023-03-15,2023-06-21,0.40384688240642536,1.3691394305973934,92.0114909088019,0.965292548190968,98,41,3.8369957961080123,Mar23-Jun23,Mar-Jun
2023-02-03,INR,0,2023-03-15,2023-06-21,0.3911352806211184,1.3494167181428585,92.32297127363823,0.9582814375217401,98,40,3.7968521257657595,Mar23-Jun23,Mar-Jun
2023-02-06,INR,0,2023-03-15,2023-06-21,0.3606430269256431,1.3158596928368058,92.09568643959763,0.9552166659111627,98,37,3.7952611802187834,Mar23-Jun23,Mar-Jun
2023-02-07,INR,0,2023-03-15,2023-06-21,0.3418299729773854,1.2723671216380457,91.60549380773122,0.9305371486606603,98,36,3.7176718029622915,Mar23-Jun23,Mar-Jun
2023-02-08,INR,0,2023-03-15,2023-06-21,0.3264614894858686,1.2405536600463007,91.27983127703858,0.9140921705604321,98,35,3.665566529035917,Mar23-Jun23,Mar-Jun
2023-02-09,INR,0,2023-03-15,2023-06-21,0.31979279744634453,1.241548507732867,91.72663058902388,0.9217557102865224,98,34,3.6786235251197654,Mar23-Jun23,Mar-Jun
2023-02-10,INR,0,2023-03-15,2023-06-21,0.3044715222659047,1.2086596792979851,91.91529434519116,0.9041881570320804,98,33,3.6017305882145396,Mar23-Jun23,Mar-Jun
2023-02-13,INR,0,2023-03-15,2023-06-21,0.2720041089897457,1.1605508650229148,92.79211668999537,0.8885467560331691,98,30,3.5073122486453703,Mar23-Jun23,Mar-Jun
2023-02-14,INR,0,2023-03-15,2023-06-21,0.2541637184502247,1.113061801488915,92.44997901288075,0.8588980830386904,98,29,3.403446407339275,Mar23-Jun23,Mar-Jun
2023-02-15,INR,0,2023-03-15,2023-06-21,0.23526473665138015,1.0586913149312105,91.9745485064027,0.8234265782798303,98,28,3.280380061503692,Mar23-Jun23,Mar-Jun
2023-02-16,INR,0,2023-03-15,2023-06-21,0.2343134319944517,1.0847844073817208,92.40286626453366,0.850470975387269,98,27,3.3724894297234775,Mar23-Jun23,Mar-Jun
2023-02-17,INR,0,2023-03-15,2023-06-21,0.22951863300596198,1.0946273266438187,92.03019110599656,0.8651086936378567,98,26,3.444570021030525,Mar23-Jun23,Mar-Jun
2023-02-20,INR,0,2023-03-15,2023-06-21,0.20238507005605105,1.0647214555122688,92.0752054829329,0.8623363854562178,98,23,3.4328663058250553,Mar23-Jun23,Mar-Jun
2023-02-21,INR,0,2023-03-15,2023-06-21,0.19216972623521383,1.0481985067375301,92.28468978043983,0.8560287805023163,98,22,3.4004133974571706,Mar23-Jun23,Mar-Jun
2023-02-22,INR,0,2023-03-15,2023-06-21,0.18359123857631465,1.0403503519324497,92.58047253921336,0.8567591133561351,98,21,3.3927775988049405,Mar23-Jun23,Mar-Jun
2023-02-23,INR,0,2023-03-15,2023-06-21,0.17402331719764944,1.0267375714661315,92.2752148737547,0.8527142542684821,98,20,3.3882590823384815,Mar23-Jun23,Mar-Jun
2023-02-24,INR,0,2023-03-15,2023-06-21,0.16688182014623196,1.0276406819531125,91.86103265084962,0.8607588618068805,98,19,3.435882848440589,Mar23-Jun23,Mar-Jun
2023-02-27,INR,0,2023-03-15,2023-06-21,0.14110673665448525,1.0053854986632076,91.6395769112946,0.8642787620087223,98,16,3.4592263301329633,Mar23-Jun23,Mar-Jun
2023-02-28,INR,0,2023-03-15,2023-06-21,0.1347081487777652,1.0148013874591644,92.31459778959439,0.8800932386813991,98,15,3.4970468819111664,Mar23-Jun23,Mar-Jun
2023-03-01,INR,0,2023-03-15,2023-06-21,0.1252879703698186,1.002303762958549,92.61927641792163,0.8770157925887303,98,14,3.4737245119447113,Mar23-Jun23,Mar-Jun
2023-03-02,INR,0,2023-03-15,2023-06-21,0.11525017182948234,0.9840591594671184,92.33243556681275,0.868808987637636,98,13,3.4522694585521125,Mar23-Jun23,Mar-Jun
2023-03-03,INR,0,2023-03-15,2023-06-21,0.10441184545659923,0.9571085833521595,92.46685059607556,0.8526967378955603,98,12,3.383723286345397,Mar23-Jun23,Mar-Jun
2023-03-06,INR,0,2023-03-15,2023-06-21,0.07868725475845778,0.9355040287949979,91.9426728281783,0.8568167740365402,98,9,3.4203908608843667,Mar23-Jun23,Mar-Jun
2023-03-07,INR,0,2023-03-15,2023-06-21,0.07162378863976122,0.9490151994768361,91.90962471929345,0.8773914108370748,98,8,3.5040516856120862,Mar23-Jun23,Mar-Jun
2023-03-08,INR,0,2023-03-15,2023-06-21,0.06193617485553693,0.9290426228330539,91.85008366944099,0.867106447977517,98,7,3.4655848037791817,Mar23-Jun23,Mar-Jun
2023-03-09,INR,0,2023-03-15,2023-06-21,0.06158066219915652,0.9149126955303254,91.86071717660411,0.8533320333311689,98,6,3.410150938056248,Mar23-Jun23,Mar-Jun
2023-03-10,INR,0,2023-03-15,2023-06-21,0.060674797350064105,0.892786303865229,91.57307261664884,0.8321115065151649,98,5,3.335819207056913,Mar23-Jun23,Mar-Jun
2023-03-13,INR,0,2023-03-15,2023-06-21,0.06056631254161448,0.8652330363087782,91.59745614336418,0.8046667237671637,98,2,3.224942561384546,Mar23-Jun23,Mar-Jun
2023-03-14,INR,0,2023-03-15,2023-06-21,0.06171459436583385,0.8728206917453644,91.59588789517255,0.8111060973795305,98,1,3.2507651717000443,Mar23-Jun23,Mar-Jun
2023-03-15,INR,0,2023-06-21,2023-09-20,0.8733292978953671,1.684277931655351,91.48011739784184,0.8109486337599838,91,98,3.47377229116061,Jun23-Sep23,Jun-Sep
2023-03-16,INR,0,2023-06-21,2023-09-20,0.8273278987396989,1.60348087590787,91.86992586873518,0.7761529771681711,91,97,3.312390787750661,Jun23-Sep23,Jun-Sep
2023-03-17,INR,0,2023-06-21,2023-09-20,0.8524968835524243,1.6605928877531597,91.60711186421467,0.8080960042007355,91,96,3.457578240507983,Jun23-Sep23,Jun-Sep
2023-03-20,INR,0,2023-06-21,2023-09-20,0.8137178051584744,1.6099363026791322,91.02206234186418,0.7962184975206579,91,93,3.4298999472365024,Jun23-Sep23,Jun-Sep
2023-03-21,INR,0,2023-06-21,2023-09-20,0.8100837510071366,1.6113622438511521,91.08416242959379,0.8012784928440155,91,92,3.4495009975855604,Jun23-Sep23,Jun-Sep
2023-03-22,INR,0,2023-06-21,2023-09-20,0.836184319907574,1.672368639815148,90.90857374761535,0.836184319907574,91,91,3.6056358909077635,Jun23-Sep23,Jun-Sep
2023-03-23,INR,0,2023-06-21,2023-09-20,0.7860801527661809,1.580894529451986,91.17122646048699,0.7948143766858051,91,90,3.4193265623675773,Jun23-Sep23,Jun-Sep
2023-03-24,INR,0,2023-06-21,2023-09-20,0.8045429291505561,1.627165474686518,91.21768275604353,0.8226225455359619,91,89,3.5364618983527363,Jun23-Sep23,Jun-Sep
2023-03-27,INR,0,2023-06-21,2023-09-20,0.7640350998016245,1.5724908449405528,90.91967224809129,0.8084557451389283,91,86,3.488391293068007,Jun23-Sep23,Jun-Sep
2023-03-28,INR,0,2023-06-21,2023-09-20,0.7639278209921734,1.581779958760265,91.2024308532791,0.8178521377680916,91,85,3.5180897158432525,Jun23-Sep23,Jun-Sep
2023-03-29,INR,0,2023-06-21,2023-09-20,0.7660371916837014,1.5959108160077111,90.82227166290922,0.8298736243240097,91,84,3.584536691248954,Jun23-Sep23,Jun-Sep
2023-03-30,INR,0,2023-06-21,2023-09-20,0.7562061081527534,1.5852995520310733,91.4333337583474,0.82909344387832,91,83,3.55781156126845,Jun23-Sep23,Jun-Sep
2023-03-31,INR,0,2023-06-21,2023-09-20,0.7386353467204259,1.5583404266174838,91.13996845473905,0.819705079897058,91,82,3.5294281724965653,Jun23-Sep23,Jun-Sep
2023-04-03,INR,0,2023-06-21,2023-09-20,0.7373700960244253,1.5867457762550925,91.50155596447419,0.8493756802306672,91,79,3.642895325974794,Jun23-Sep23,Jun-Sep
2023-04-04,INR,0,2023-06-21,2023-09-20,0.739886007225861,1.6030863489893654,91.16778056372686,0.8632003417635045,91,78,3.7155317094817897,Jun23-Sep23,Jun-Sep
2023-04-05,INR,0,2023-06-21,2023-09-20,0.7445743384131781,1.624525829265116,91.46815527096474,0.8799514908519378,91,77,3.7751043611256563,Jun23-Sep23,Jun-Sep
2023-04-06,INR,0,2023-06-21,2023-09-20,0.7536357070549826,1.6560153036602907,91.60805379773768,0.9023795966053081,91,76,3.86508017376903,Jun23-Sep23,Jun-Sep
2023-04-07,INR,0,2023-06-21,2023-09-20,0.7357147773588226,1.6283820405541942,92.04332956310377,0.8926672631953716,91,75,3.8062807786243464,Jun23-Sep23,Jun-Sep
2023-04-10,INR,0,2023-06-21,2023-09-20,0.7221337820642049,1.634830645506464,91.64439197411753,0.9126968634422592,91,72,3.909066494340248,Jun23-Sep23,Jun-Sep
2023-04-11,INR,0,2023-06-21,2023-09-20,0.7175706158405857,1.6372737995235898,91.74725242043586,0.9197031836830041,91,71,3.9348869134114866,Jun23-Sep23,Jun-Sep
2023-04-12,INR,0,2023-06-21,2023-09-20,0.6955305944769041,1.5997203672968794,91.59860541028054,0.9041897728199753,91,70,3.8756682068044155,Jun23-Sep23,Jun-Sep
2023-04-13,INR,0,2023-06-21,2023-09-20,0.6958785852182174,1.613631501955287,91.07381277751576,0.9177529167370695,91,69,3.9562853764524593,Jun23-Sep23,Jun-Sep
2023-04-14,INR,0,2023-06-21,2023-09-20,0.6991411968643712,1.6347566220799266,90.7536970193674,0.9356154252155554,91,68,4.047261758409301,Jun23-Sep23,Jun-Sep
2023-04-17,INR,0,2023-06-21,2023-09-20,0.6673368331380453,1.6016083995313088,89.8906119302002,0.9342715663932636,91,65,4.081385934649267,Jun23-Sep23,Jun-Sep
2023-04-18,INR,0,2023-06-21,2023-09-20,0.6303568544085945,1.5266455067708151,89.28948775921286,0.8962886523622207,91,64,3.9432422523462374,Jun23-Sep23,Jun-Sep
2023-04-19,INR,0,2023-06-21,2023-09-20,0.6097053774855677,1.4903909227424992,88.76690596059049,0.8806855452569314,91,63,3.898145920200847,Jun23-Sep23,Jun-Sep
2023-04-20,INR,0,2023-06-21,2023-09-20,0.605610505036514,1.4944904398481718,89.20612794354038,0.8888799348116577,91,62,3.9153546680023714,Jun23-Sep23,Jun-Sep
2023-04-21,INR,0,2023-06-21,2023-09-20,0.6195318663308836,1.5437515357753167,89.74661082971598,0.924219669444433,91,61,4.046043715355454,Jun23-Sep23,Jun-Sep
2023-04-24,INR,0,2023-06-21,2023-09-20,0.5940532914140513,1.526102421046442,90.22253440191334,0.9320491296323907,91,58,4.060081334997268,Jun23-Sep23,Jun-Sep
2023-04-25,INR,0,2023-06-21,2023-09-20,0.5916096502196746,1.53610926723705,90.39878775293678,0.9444996170173754,91,57,4.106457503237345,Jun23-Sep23,Jun-Sep
2023-04-26,INR,0,2023-06-21,2023-09-20,0.5884966206153877,1.5448036291153928,89.93113264116637,0.9563070085000052,91,56,4.179416765128327,Jun23-Sep23,Jun-Sep
2023-04-27,INR,0,2023-06-21,2023-09-20,0.5775758256420136,1.5332012826133452,89.76928161401737,0.9556254569713316,91,55,4.184424805055435,Jun23-Sep23,Jun-Sep
2023-04-28,INR,0,2023-06-21,2023-09-20,0.6021029299448251,1.6167578674444378,89.69110264140527,1.0146549374996128,91,54,4.445538850421668,Jun23-Sep23,Jun-Sep
2023-05-01,INR,0,2023-06-21,2023-09-20,0.5640567842839508,1.570511046437667,89.93898812099754,1.0064542621537163,91,51,4.399384910192706,Jun23-Sep23,Jun-Sep
2023-05-02,INR,0,2023-06-21,2023-09-20,0.5547499899035367,1.5643949715279735,89.88373906470176,1.0096449816244366,91,50,4.41648237278022,Jun23-Sep23,Jun-Sep
2023-05-03,INR,0,2023-06-21,2023-09-20,0.5473298425877109,1.5637995502506024,89.95127821947803,1.0164697076628915,91,49,4.4433819807966115,Jun23-Sep23,Jun-Sep
2023-05-04,INR,0,2023-06-21,2023-09-20,0.5408781164373234,1.566292878849749,90.19965135166666,1.0254147624124257,91,48,4.470533616079312,Jun23-Sep23,Jun-Sep
2023-05-05,INR,0,2023-06-21,2023-09-20,0.5210865053935752,1.5299986754109227,90.03374138334249,1.0089121700173476,91,47,4.407606955291707,Jun23-Sep23,Jun-Sep
2023-05-08,INR,0,2023-06-21,2023-09-20,0.492580832190607,1.5113275533120896,89.52359537845147,1.0187467211214827,91,44,4.477202852297714,Jun23-Sep23,Jun-Sep
2023-05-09,INR,0,2023-06-21,2023-09-20,0.47667062647887753,1.4854386964690602,90.08864930027661,1.0087680699901826,91,43,4.406466878891741,Jun23-Sep23,Jun-Sep
2023-05-10,INR,0,2023-06-21,2023-09-20,0.4723226485170259,1.4956883869705817,90.87623722123669,1.0233657384535557,91,42,4.431903305540944,Jun23-Sep23,Jun-Sep
2023-05-11,INR,0,2023-06-21,2023-09-20,0.4628267223802822,1.4900762769316402,90.74049550407577,1.027249554551358,91,41,4.455807411862995,Jun23-Sep23,Jun-Sep
2023-05-12,INR,0,2023-06-21,2023-09-20,0.4429228520658928,1.4505723405157989,90.65925201738128,1.007649488449906,91,40,4.375642704804369,Jun23-Sep23,Jun-Sep
2023-05-15,INR,0,2023-06-21,2023-09-20,0.41262999864274374,1.4274767520613838,90.68362857366411,1.01484675341864,91,37,4.407182499142886,Jun23-Sep23,Jun-Sep
2023-05-16,INR,0,2023-06-21,2023-09-20,0.39333165260764064,1.3875866633658431,90.70606302652426,0.9942550107582024,91,36,4.317609946729292,Jun23-Sep23,Jun-Sep
2023-05-17,INR,0,2023-06-21,2023-09-20,0.3739012865215324,1.346044631477517,90.05805708825137,0.9721433449559845,91,35,4.2527463446974565,Jun23-Sep23,Jun-Sep
2023-05-18,INR,0,2023-06-21,2023-09-20,0.36174141801643,1.3299316838839341,90.20310221644449,0.9681902658675041,91,34,4.229238516708717,Jun23-Sep23,Jun-Sep
2023-05-19,INR,0,2023-06-21,2023-09-20,0.3396235463149173,1.276161204334841,90.40342976720703,0.9365376580199236,91,33,4.082939692161809,Jun23-Sep23,Jun-Sep
2023-05-22,INR,0,2023-06-21,2023-09-20,0.3090009168066745,1.2463036977869204,91.0507011312673,0.9373027809802459,91,30,4.058694280470472,Jun23-Sep23,Jun-Sep
2023-05-23,INR,0,2023-06-21,2023-09-20,0.30271144196651345,1.2525990702062628,91.67994702807961,0.9498876282397494,91,29,4.085332249711515,Jun23-Sep23,Jun-Sep
2023-05-24,INR,0,2023-06-21,2023-09-20,0.2820179727294426,1.1985763841001313,90.50311860436372,0.9165584113706887,91,28,3.993985690141187,Jun23-Sep23,Jun-Sep
2023-05-25,INR,0,2023-06-21,2023-09-20,0.2666184383578537,1.1652213231935828,90.71891689467085,0.8986028848357291,91,27,3.907118311087813,Jun23-Sep23,Jun-Sep
2023-05-26,INR,0,2023-06-21,2023-09-20,0.26198241758868607,1.1789208791490875,90.90194263924205,0.9169384615604015,91,26,3.9790397974406746,Jun23-Sep23,Jun-Sep
2023-05-29,INR,0,2023-06-21,2023-09-20,0.22867908856527464,1.1334528737583178,91.32175414757332,0.9047737851930432,91,23,3.909675506687877,Jun23-Sep23,Jun-Sep
2023-05-30,INR,0,2023-06-21,2023-09-20,0.20582670881154835,1.0572008225320437,90.84264989996926,0.8513741137204953,91,22,3.699208973466138,Jun23-Sep23,Jun-Sep
2023-05-31,INR,0,2023-06-21,2023-09-20,0.19753825886254484,1.0535373806002393,90.72260980799373,0.8559991217376944,91,21,3.724554154310407,Jun23-Sep23,Jun-Sep
2023-06-01,INR,0,2023-06-21,2023-09-20,0.1864812080247575,1.0349707045374041,90.86566862421415,0.8484894965126466,91,20,3.686526623072798,Jun23-Sep23,Jun-Sep
2023-06-02,INR,0,2023-06-21,2023-09-20,0.17058536840784957,0.9875995013086029,90.76765416273845,0.8170141329007533,91,19,3.5542185983901105,Jun23-Sep23,Jun-Sep
2023-06-05,INR,0,2023-06-21,2023-09-20,0.14283792767352668,0.9552286413167096,91.43650927470357,0.8123907136431829,91,16,3.5093647976679723,Jun23-Sep23,Jun-Sep
2023-06-06,INR,0,2023-06-21,2023-09-20,0.1302262240593182,0.9202653166858485,91.95745611078749,0.7900390926265304,91,15,3.3939711568144917,Jun23-Sep23,Jun-Sep
2023-06-07,INR,0,2023-06-21,2023-09-20,0.12054463167488226,0.9040847375616169,91.85663561427221,0.7835401058867346,91,14,3.370095812811999,Jun23-Sep23,Jun-Sep
2023-06-08,INR,0,2023-06-21,2023-09-20,0.11027398280604833,0.8821918624483867,92.04381059736765,0.7719178796423383,91,13,3.31373381465749,Jun23-Sep23,Jun-Sep
2023-06-09,INR,0,2023-06-21,2023-09-20,0.10321249037946637,0.8859072090904196,92.81749434193075,0.7826947187109533,91,12,3.3322763213283415,Jun23-Sep23,Jun-Sep
2023-06-12,INR,0,2023-06-21,2023-09-20,0.07584715089909733,0.8427461211010815,93.17284516953961,0.7668989702019842,91,9,3.2535427151496257,Jun23-Sep23,Jun-Sep
2023-06-13,INR,0,2023-06-21,2023-09-20,0.06711354531551941,0.8305301232795526,92.72578983032858,0.7634165779640332,91,8,3.2546772752355935,Jun23-Sep23,Jun-Sep
2023-06-14,INR,0,2023-06-21,2023-09-20,0.05743475285860748,0.8040865400205048,92.73958499425436,0.7466517871618974,91,7,3.1830626650734763,Jun23-Sep23,Jun-Sep
2023-06-15,INR,0,2023-06-21,2023-09-20,0.058681167010373195,0.8131533142866,92.18996874548199,0.7544721472762268,91,6,3.235521583315177,Jun23-Sep23,Jun-Sep
2023-06-16,INR,0,2023-06-21,2023-09-20,0.05981657029801701,0.8203415355156618,92.70188718795531,0.7605249652176448,91,5,3.243439986732798,Jun23-Sep23,Jun-Sep
2023-06-19,INR,0,2023-06-21,2023-09-20,0.059858837418441585,0.7952674114164383,92.396276385907,0.7354085739979968,91,2,3.1466907386516594,Jun23-Sep23,Jun-Sep
2023-06-20,INR,0,2023-06-21,2023-09-20,0.05872976224090511,0.7718768751661815,92.36098902238442,0.7131471129252764,91,1,3.0526400241845795,Jun23-Sep23,Jun-Sep
2023-06-21,INR,0,2023-09-20,2023-12-20,0.7974352934909906,1.5948705869819813,91.86780189231625,0.7974352934909906,91,91,3.4043932427708534,Sep23-Dec23,Sep-Dec
2023-06-22,INR,0,2023-09-20,2023-12-20,0.8061631699893229,1.6212837085340828,91.79002282388757,0.8151205385447599,91,90,3.4824897433362048,Sep23-Dec23,Sep-Dec
2023-06-23,INR,0,2023-09-20,2023-12-20,0.8158843824623355,1.6501032454294426,91.83033336387356,0.8342188629671071,91,89,3.5621599792609904,Sep23-Dec23,Sep-Dec
2023-06-26,INR,0,2023-09-20,2023-12-20,0.7803847220156062,1.6061406487995613,91.63503359528328,0.8257559267839552,91,86,3.53482871451727,Sep23-Dec23,Sep-Dec
2023-06-27,INR,0,2023-09-20,2023-12-20,0.7739620022781988,1.6025566164819174,91.71737105043225,0.8285946142037186,91,85,3.5440690574360514,Sep23-Dec23,Sep-Dec
2023-06-28,INR,0,2023-09-20,2023-12-20,0.7710881830930972,1.606433714777286,91.26332357770217,0.8353455316841888,91,84,3.5906826355522377,Sep23-Dec23,Sep-Dec
2023-06-29,INR,0,2023-09-20,2023-12-20,0.7563197109499127,1.585537707292588,91.08297660797078,0.8292179963426753,91,83,3.571916351887879,Sep23-Dec23,Sep-Dec
2023-06-30,INR,0,2023-09-20,2023-12-20,0.7833542753029675,1.652686458870895,91.44548606149198,0.8693321835679274,91,82,3.7288946906842493,Sep23-Dec23,Sep-Dec
2023-07-03,INR,0,2023-09-20,2023-12-20,0.7462707656696508,1.6135100961710147,91.33176207638843,0.8672393305013639,91,79,3.726010217614533,Sep23-Dec23,Sep-Dec
2023-07-04,INR,0,2023-09-20,2023-12-20,0.7374341386278553,1.6049602007418735,91.30744014167092,0.8675260621140182,91,78,3.72858484687105,Sep23-Dec23,Sep-Dec
2023-07-05,INR,0,2023-09-20,2023-12-20,0.6947346683357559,1.5225515775591765,91.3524297047939,0.8278169092234205,91,77,3.5578283185008863,Sep23-Dec23,Sep-Dec
2023-07-06,INR,0,2023-09-20,2023-12-20,0.6864014862577033,1.5146314096044142,91.50421734929144,0.828229923346711,91,76,3.5540644198464206,Sep23-Dec23,Sep-Dec
2023-07-07,INR,0,2023-09-20,2023-12-20,0.6865322817927146,1.5255248837478346,92.57297214794463,0.8389926019551199,91,75,3.558984826721681,Sep23-Dec23,Sep-Dec
2023-07-10,INR,0,2023-09-20,2023-12-20,0.6740202553586645,1.5305845487348109,91.8506960302023,0.8565642933761464,91,72,3.662379234231254,Sep23-Dec23,Sep-Dec
2023-07-11,INR,0,2023-09-20,2023-12-20,0.6801662870568008,1.5561743068885796,91.70486443899173,0.8760080198317788,91,71,3.7511772254294176,Sep23-Dec23,Sep-Dec
2023-07-12,INR,0,2023-09-20,2023-12-20,0.6534258663670522,1.5067113640334826,91.96491334230663,0.8532854976664304,91,70,3.6446722805271747,Sep23-Dec23,Sep-Dec
2023-07-13,INR,0,2023-09-20,2023-12-20,0.6241094630743382,1.4505969712605966,91.43879677318972,0.8264875081862584,91,69,3.551507382479519,Sep23-Dec23,Sep-Dec
2023-07-14,INR,0,2023-09-20,2023-12-20,0.6226038936093622,1.4587570654021764,91.4194422420817,0.8361531717928142,91,68,3.5938561130218822,Sep23-Dec23,Sep-Dec
2023-07-17,INR,0,2023-09-20,2023-12-20,0.5953674000350437,1.4305766772601853,91.52552750834002,0.8352092772251416,91,65,3.5867265689122476,Sep23-Dec23,Sep-Dec
2023-07-18,INR,0,2023-09-20,2023-12-20,0.603899576164969,1.4638478921318607,92.05963972750553,0.8599483159668917,91,64,3.671339734544684,Sep23-Dec23,Sep-Dec
2023-07-19,INR,0,2023-09-20,2023-12-20,0.5921512115108332,1.4483350511409607,92.26568436378633,0.8561838396301276,91,63,3.6476199160217195,Sep23-Dec23,Sep-Dec
2023-07-20,INR,0,2023-09-20,2023-12-20,0.5909701447090521,1.4587922545167866,92.97629264603674,0.8678221098077346,91,62,3.6691705090316216,Sep23-Dec23,Sep-Dec
2023-07-21,INR,0,2023-09-20,2023-12-20,0.5932636340222915,1.4782962683834149,92.7837682530189,0.8850326343611233,91,61,3.749560179104268,Sep23-Dec23,Sep-Dec
2023-07-24,INR,0,2023-09-20,2023-12-20,0.5594595895232104,1.4372323937751437,92.53464778534659,0.8777728042519333,91,58,3.730104831509423,Sep23-Dec23,Sep-Dec
2023-07-25,INR,0,2023-09-20,2023-12-20,0.5364910795485185,1.392994381985627,92.28840149974683,0.8565033024371085,91,57,3.6502759322275473,Sep23-Dec23,Sep-Dec
2023-07-26,INR,0,2023-09-20,2023-12-20,0.5300319787056458,1.3913339441023203,92.2942174906946,0.8613019653966745,91,56,3.6707524747178066,Sep23-Dec23,Sep-Dec
2023-07-27,INR,0,2023-09-20,2023-12-20,0.5086093564935522,1.3501266554192477,92.40349443219442,0.8415172989256955,91,55,3.583041701318949,Sep23-Dec23,Sep-Dec
2023-07-28,INR,0,2023-09-20,2023-12-20,0.5021169651803039,1.3482770361322973,92.8274731936362,0.8461600709519934,91,54,3.586693597217247,Sep23-Dec23,Sep-Dec
2023-07-31,INR,0,2023-09-20,2023-12-20,0.49159504454870245,1.3687548299199166,92.28189009023643,0.8771597853712141,91,51,3.7403819230905975,Sep23-Dec23,Sep-Dec
2023-08-01,INR,0,2023-09-20,2023-12-20,0.4636764026765572,1.3075674555478913,91.97748025291524,0.8438910528713341,91,50,3.611454269995128,Sep23-Dec23,Sep-Dec
2023-08-02,INR,0,2023-09-20,2023-12-20,0.45565805622593536,1.3095713406760159,92.2941603658299,0.8539132844500805,91,49,3.642183397667015,Sep23-Dec23,Sep-Dec
2023-08-03,INR,0,2023-09-20,2023-12-20,0.45142269897691206,1.314488308726311,92.03391028380555,0.8630656097493989,91,48,3.6917480631811244,Sep23-Dec23,Sep-Dec
2023-08-04,INR,0,2023-09-20,2023-12-20,0.43707728465456225,1.2901892904602046,92.55581884149453,0.8531120058056423,91,47,3.629254206490873,Sep23-Dec23,Sep-Dec
2023-08-07,INR,0,2023-09-20,2023-12-20,0.409590782359016,1.2622669666988235,92.51405230194145,0.8526761843398075,91,44,3.6301035490611255,Sep23-Dec23,Sep-Dec
2023-08-08,INR,0,2023-09-20,2023-12-20,0.4088917921859492,1.2793963297207758,93.15712677606918,0.8705045375348266,91,43,3.680560813765225,Sep23-Dec23,Sep-Dec
2023-08-09,INR,0,2023-09-20,2023-12-20,0.39142616730212787,1.244254673154097,93.04645151177297,0.8528285058519692,91,42,3.610770214308133,Sep23-Dec23,Sep-Dec
2023-08-10,INR,0,2023-09-20,2023-12-20,0.3752614749715404,1.2124743559491944,93.21395584757437,0.837212880977654,91,41,3.538923662860848,Sep23-Dec23,Sep-Dec
2023-08-11,INR,0,2023-09-20,2023-12-20,0.35960662837872553,1.1816184577908833,93.76199641337519,0.8220118294121577,91,40,3.455014390373326,Sep23-Dec23,Sep-Dec
2023-08-14,INR,0,2023-09-20,2023-12-20,0.34963447809649784,1.212148670360607,93.68523923423207,0.8625141922641092,91,37,3.6285942891218586,Sep23-Dec23,Sep-Dec
2023-08-15,INR,0,2023-09-20,2023-12-20,0.3322628696811174,1.174308971693515,93.28623775755212,0.8420461020123975,91,36,3.558240486931613,Sep23-Dec23,Sep-Dec
2023-08-16,INR,0,2023-09-20,2023-12-20,0.3307952741420017,1.1926017617860407,93.89384324105886,0.861806487644039,91,35,3.6183151248424514,Sep23-Dec23,Sep-Dec
2023-08-17,INR,0,2023-09-20,2023-12-20,0.33114405773484745,1.2187513878607108,94.3199373350818,0.8876073301258633,91,34,3.709850497229765,Sep23-Dec23,Sep-Dec
2023-08-18,INR,0,2023-09-20,2023-12-20,0.309420236189702,1.1635436241475,94.35373967272449,0.8541233879577979,91,33,3.5694452518777258,Sep23-Dec23,Sep-Dec
2023-08-21,INR,0,2023-09-20,2023-12-20,0.27846377615153495,1.1231372304778575,94.32397796692678,0.8446734543263226,91,30,3.532218885949508,Sep23-Dec23,Sep-Dec
2023-08-22,INR,0,2023-09-20,2023-12-20,0.27785454813264693,1.1497429577902631,94.72157175008519,0.8718884096576163,91,29,3.6307891613399,Sep23-Dec23,Sep-Dec
2023-08-23,INR,0,2023-09-20,2023-12-20,0.27345032798202806,1.1621638939236196,94.64889976453169,0.8887135659415916,91,28,3.7038589202341647,Sep23-Dec23,Sep-Dec
2023-08-24,INR,0,2023-09-20,2023-12-20,0.25610104853023863,1.1192564343173392,95.72548119525479,0.8631553857871006,91,27,3.5576415466842364,Sep23-Dec23,Sep-Dec
2023-08-25,INR,0,2023-09-20,2023-12-20,0.2572233612203347,1.157505125491506,95.42948054243377,0.9002817642711713,91,26,3.722099400422072,Sep23-Dec23,Sep-Dec
2023-08-28,INR,0,2023-09-20,2023-12-20,0.2371226821613143,1.175303728973471,95.7846847288405,0.9381810468121566,91,23,3.8652526545662353,Sep23-Dec23,Sep-Dec
2023-08-29,INR,0,2023-09-20,2023-12-20,0.22845142628534057,1.173409598647431,96.67124744152233,0.9449581723620906,91,22,3.857902666536867,Sep23-Dec23,Sep-Dec
2023-08-30,INR,0,2023-09-20,2023-12-20,0.21926639128717598,1.1694207535316052,97.10191797148543,0.9501543622444293,91,21,3.8623167675955146,Sep23-Dec23,Sep-Dec
2023-08-31,INR,0,2023-09-20,2023-12-20,0.20768357361646061,1.1526438335713565,97.12700865392735,0.9449602599548959,91,20,3.8406700011513846,Sep23-Dec23,Sep-Dec
2023-09-01,INR,0,2023-09-20,2023-12-20,0.19682670729734184,1.1477524732508566,96.67415788890852,0.9509257659535147,91,19,3.883416840169339,Sep23-Dec23,Sep-Dec
2023-09-04,INR,0,2023-09-20,2023-12-20,0.16312585295402401,1.0978057187994714,96.27700151363169,0.9346798658454474,91,16,3.834124585981254,Sep23-Dec23,Sep-Dec
2023-09-05,INR,0,2023-09-20,2023-12-20,0.15498684289125017,1.1016985185261121,96.09745196780828,0.9467116756348619,91,15,3.891052578810276,Sep23-Dec23,Sep-Dec
2023-09-06,INR,0,2023-09-20,2023-12-20,0.1424012443122913,1.0740151374943365,95.74969356858837,0.9316138931820452,91,14,3.8433882570615916,Sep23-Dec23,Sep-Dec
2023-09-07,INR,0,2023-09-20,2023-12-20,0.13296710726483896,1.0693272702892676,95.98307665139339,0.9363601630244286,91,13,3.853968410221236,Sep23-Dec23,Sep-Dec
2023-09-08,INR,0,2023-09-20,2023-12-20,0.12412131194415829,1.0705491425371203,96.24659930556939,0.946427830592962,91,12,3.8851116553429925,Sep23-Dec23,Sep-Dec
2023-09-11,INR,0,2023-09-20,2023-12-20,0.09263670786787974,1.0331685532608834,96.02061949859765,0.9405318453930037,91,9,3.871250927594224,Sep23-Dec23,Sep-Dec
2023-09-12,INR,0,2023-09-20,2023-12-20,0.08219898549935971,1.0206677479665507,96.40293729408371,0.938468762467191,91,8,3.847871101033052,Sep23-Dec23,Sep-Dec
2023-09-13,INR,0,2023-09-20,2023-12-20,0.07339770864466087,1.030602063082702,96.74578674610999,0.9572043544380411,91,7,3.911148934375868,Sep23-Dec23,Sep-Dec
2023-09-14,INR,0,2023-09-20,2023-12-20,0.07385785029695244,1.026054765366316,96.57055569505874,0.9521969150693634,91,6,3.897724361539022,Sep23-Dec23,Sep-Dec
2023-09-15,INR,0,2023-09-20,2023-12-20,0.07213838663216668,0.9914900870245008,96.58496920908762,0.9193517003923342,91,5,3.762781473896431,Sep23-Dec23,Sep-Dec
2023-09-18,INR,0,2023-09-20,2023-12-20,0.07445834422236355,0.9900972843384095,96.53364429980785,0.915638940116046,91,2,3.7494866329293157,Sep23-Dec23,Sep-Dec
2023-09-19,INR,0,2023-09-20,2023-12-20,0.07459418781728668,0.9808114268695606,96.12614652999225,0.9062172390522739,91,1,3.726619155596506,Sep23-Dec23,Sep-Dec
2023-09-20,INR,0,2023-12-20,2024-03-20,0.9751944761986365,1.9637271768192395,96.03521583815964,0.9885327006206029,91,91,4.031195005741663,Dec23-Mar24,Dec-Mar
2023-09-21,INR,0,2023-12-20,2024-03-20,0.9624888475117577,1.9489150963181434,95.35018152037952,0.9864262488063857,91,90,4.051746862346954,Dec23-Mar24,Dec-Mar
2023-09-22,INR,0,2023-12-20,2024-03-20,0.95065989866069,1.936034347508653,96.13012605944444,0.985374448847963,91,89,4.015402836239284,Dec23-Mar24,Dec-Mar
2023-09-25,INR,0,2023-12-20,2024-03-20,0.9372943065416769,1.9424990113867755,96.59911155788947,1.0052047048450987,91,86,4.077076617644318,Dec23-Mar24,Dec-Mar
2023-09-26,INR,0,2023-12-20,2024-03-20,0.9056319169915477,1.8885431463922424,96.13694565133362,0.9829112294006948,91,85,4.00694223693778,Dec23-Mar24,Dec-Mar
2023-09-27,INR,0,2023-12-20,2024-03-20,0.8965818070938124,1.8812471284969532,96.25221877087878,0.9846653214031408,91,84,4.009703949290125,Dec23-Mar24,Dec-Mar
2023-09-28,INR,0,2023-12-20,2024-03-20,0.8948691413363454,1.8893801378898116,96.40373658768573,0.9945109965534662,91,83,4.0435617629421925,Dec23-Mar24,Dec-Mar
2023-09-29,INR,0,2023-12-20,2024-03-20,0.8708711235762805,1.8506371582221317,95.8427644845314,0.9797660346458512,91,82,4.007705299595763,Dec23-Mar24,Dec-Mar
2023-10-02,INR,0,2023-12-20,2024-03-20,0.8229026012440767,1.7669272544283443,95.85050451772203,0.9440246531842676,91,79,3.8631130678887358,Dec23-Mar24,Dec-Mar
2023-10-03,INR,0,2023-12-20,2024-03-20,0.8107024748372904,1.7534887091153724,95.8824958436319,0.942786234278082,91,78,3.8572555762124225,Dec23-Mar24,Dec-Mar
2023-10-04,INR,0,2023-12-20,2024-03-20,0.8055188028856778,1.755308041659894,96.25124398972557,0.9497892387742163,91,77,3.8713510212545286,Dec23-Mar24,Dec-Mar
2023-10-05,INR,0,2023-12-20,2024-03-20,0.783643059287928,1.7206319041666411,96.35153704249036,0.9369888448787131,91,76,3.8160932555836684,Dec23-Mar24,Dec-Mar
2023-10-06,INR,0,2023-12-20,2024-03-20,0.7656323532932534,1.6941571437031444,96.863941783135,0.928524790409891,91,75,3.7624714822631007,Dec23-Mar24,Dec-Mar
2023-10-09,INR,0,2023-12-20,2024-03-20,0.7333739317290769,1.6625570597061867,96.61581534952035,0.9291831279771098,91,72,3.775983472108787,Dec23-Mar24,Dec-Mar
2023-10-10,INR,0,2023-12-20,2024-03-20,0.70783629191982,1.6182492273279971,95.80906557612968,0.9104129354081771,91,71,3.7316092009973936,Dec23-Mar24,Dec-Mar
2023-10-11,INR,0,2023-12-20,2024-03-20,0.686234171289837,1.5824619044230492,95.76721060080479,0.8962277331332122,91,70,3.675883547008816,Dec23-Mar24,Dec-Mar
2023-10-12,INR,0,2023-12-20,2024-03-20,0.7032792332605616,1.6358756998818833,95.90016399313885,0.9325964666213217,91,69,3.8191108846490645,Dec23-Mar24,Dec-Mar
2023-10-13,INR,0,2023-12-20,2024-03-20,0.6846943743161871,1.607033923443069,95.97699678173744,0.922339549126882,91,68,3.774831326769302,Dec23-Mar24,Dec-Mar
2023-10-16,INR,0,2023-12-20,2024-03-20,0.655973552401125,1.5833803201375827,95.75782279287336,0.9274067677364577,91,65,3.805328778009391,Dec23-Mar24,Dec-Mar
2023-10-17,INR,0,2023-12-20,2024-03-20,0.6428004857408793,1.5668859747453199,95.99412527468026,0.9240854890044405,91,64,3.782946099410398,Dec23-Mar24,Dec-Mar
2023-10-18,INR,0,2023-12-20,2024-03-20,0.6569716261731086,1.6171072430644313,96.1385528435518,0.9601356168913228,91,63,3.9240850493800266,Dec23-Mar24,Dec-Mar
2023-10-19,INR,0,2023-12-20,2024-03-20,0.6462570056457037,1.6070468358272862,96.11581887510187,0.9607898301815826,91,62,3.9281162233463536,Dec23-Mar24,Dec-Mar
2023-10-20,INR,0,2023-12-20,2024-03-20,0.6464242873571246,1.6240973037854474,96.01304490050912,0.9776730164283227,91,61,4.001384923924316,Dec23-Mar24,Dec-Mar
2023-10-23,INR,0,2023-12-20,2024-03-20,0.6184217456000856,1.6021144919127797,96.55453694836373,0.9836927463126941,91,58,4.004747612873061,Dec23-Mar24,Dec-Mar
2023-10-24,INR,0,2023-12-20,2024-03-20,0.6268234723655796,1.6409370017268805,96.44655010438828,1.014113529361301,91,57,4.132830199210157,Dec23-Mar24,Dec-Mar
2023-10-25,INR,0,2023-12-20,2024-03-20,0.6014361883260801,1.5921884251473903,96.6127016982973,0.9907522368213102,91,56,4.031779207860783,Dec23-Mar24,Dec-Mar
2023-10-26,INR,0,2023-12-20,2024-03-20,0.5842543321746934,1.56435980787992,96.69690797110326,0.9801054757052265,91,55,3.9857051988765644,Dec23-Mar24,Dec-Mar
2023-10-27,INR,0,2023-12-20,2024-03-20,0.5898801236557496,1.5973030741915792,96.23307683487869,1.0074229505358296,91,54,4.116182359886099,Dec23-Mar24,Dec-Mar
2023-10-30,INR,0,2023-12-20,2024-03-20,0.5684312810390071,1.5960330247266359,96.06244990862149,1.0276017436876288,91,51,4.2069756761885255,Dec23-Mar24,Dec-Mar
2023-10-31,INR,0,2023-12-20,2024-03-20,0.5515800270930602,1.5689188979089101,96.9351948466542,1.01733887081585,91,50,4.128393103938294,Dec23-Mar24,Dec-Mar
2023-11-01,INR,0,2023-12-20,2024-03-20,0.5590116236312666,1.587125222607348,96.34012324081847,1.0281135989760815,91,49,4.197418888254849,Dec23-Mar24,Dec-Mar
2023-11-02,INR,0,2023-12-20,2024-03-20,0.5369881263477567,1.545857012371171,96.89894928412751,1.0088688860234143,91,48,4.096157706350228,Dec23-Mar24,Dec-Mar
2023-11-03,INR,0,2023-12-20,2024-03-20,0.5259858195935058,1.5361649250973004,96.98570365647643,1.0101791055037945,91,47,4.0982911549603545,Dec23-Mar24,Dec-Mar
2023-11-06,INR,0,2023-12-20,2024-03-20,0.47558524088382337,1.4540036533184935,96.68326958384736,0.9784184124346701,91,44,3.9838533028994254,Dec23-Mar24,Dec-Mar
2023-11-07,INR,0,2023-12-20,2024-03-20,0.4741633397174623,1.4734850511690194,97.15493359867266,0.9993217114515571,91,43,4.049367187352227,Dec23-Mar24,Dec-Mar
2023-11-08,INR,0,2023-12-20,2024-03-20,0.47258407034864935,1.4934363912570932,98.20262769174238,1.020852320908444,91,42,4.09275701772028,Dec23-Mar24,Dec-Mar
2023-11-09,INR,0,2023-12-20,2024-03-20,0.4579216417713736,1.472344035326445,98.09857704726632,1.0144223935550714,91,41,4.0718771793640425,Dec23-Mar24,Dec-Mar
2023-11-10,INR,0,2023-12-20,2024-03-20,0.42767533662407453,1.3998691613739094,97.89756960537927,0.9721938247498348,91,40,3.911550392550176,Dec23-Mar24,Dec-Mar
2023-11-13,INR,0,2023-12-20,2024-03-20,0.40210207768046846,1.394028191909762,97.79642058831206,0.9919261142292934,91,37,3.996092000677285,Dec23-Mar24,Dec-Mar
2023-11-14,INR,0,2023-12-20,2024-03-20,0.39424523742315104,1.3951119522769881,97.65638656623227,1.000866714853837,91,36,4.038191947637692,Dec23-Mar24,Dec-Mar
2023-11-15,INR,0,2023-12-20,2024-03-20,0.38123176766135275,1.3781401604829637,97.96414373441003,0.9969083928216109,91,35,4.010166621478159,Dec23-Mar24,Dec-Mar
2023-11-16,INR,0,2023-12-20,2024-03-20,0.385361045839904,1.4239578203990229,98.48001536242587,1.038596774559119,91,34,4.1558881805034416,Dec23-Mar24,Dec-Mar
2023-11-17,INR,0,2023-12-20,2024-03-20,0.37066614242037266,1.4015164201376276,98.55092722817115,1.030850277717255,91,33,4.122546829054575,Dec23-Mar24,Dec-Mar
2023-11-20,INR,0,2023-12-20,2024-03-20,0.353715352554849,1.4403420700609795,98.56906624623554,1.0866267175061304,91,30,4.345554167391738,Dec23-Mar24,Dec-Mar
2023-11-21,INR,0,2023-12-20,2024-03-20,0.34532681417594646,1.4426613721405626,98.80438120454217,1.097334557964616,91,29,4.378332354720168,Dec23-Mar24,Dec-Mar
2023-11-22,INR,0,2023-12-20,2024-03-20,0.32650666583338106,1.4013704637935394,98.76336481202301,1.0748637979601583,91,28,4.291264453240262,Dec23-Mar24,Dec-Mar
2023-11-23,INR,0,2023-12-20,2024-03-20,0.31341022250564343,1.3833884050589744,98.42151491370166,1.069978182553331,91,27,4.287115948434297,Dec23-Mar24,Dec-Mar
2023-11-24,INR,0,2023-12-20,2024-03-20,0.30098402886339615,1.3680277766798017,97.91745692053513,1.0670437478164057,91,26,4.29784053644097,Dec23-Mar24,Dec-Mar
2023-11-27,INR,0,2023-12-20,2024-03-20,0.26005400442561505,1.3025185574376732,97.59766431016573,1.0424645530120582,91,23,4.2143181604496505,Dec23-Mar24,Dec-Mar
2023-11-28,INR,0,2023-12-20,2024-03-20,0.24976912069949236,1.296595437488645,98.57094077701663,1.0468263167891527,91,22,4.190711570325562,Dec23-Mar24,Dec-Mar
2023-11-29,INR,0,2023-12-20,2024-03-20,0.23872313252171734,1.2868437975947715,98.30705384840604,1.0481206650730541,91,21,4.207599299835578,Dec23-Mar24,Dec-Mar
2023-11-30,INR,0,2023-12-20,2024-03-20,0.23322814610866227,1.3081093003552067,98.59024405534167,1.0748811542465444,91,20,4.302901931086172,Dec23-Mar24,Dec-Mar
2023-12-01,INR,0,2023-12-20,2024-03-20,0.21985120795304156,1.2865135852262681,98.57377684971453,1.0666623772732267,91,19,4.271290905814416,Dec23-Mar24,Dec-Mar
2023-12-04,INR,0,2023-12-20,2024-03-20,0.18361484112923568,1.2301572743051543,97.99786437736964,1.0465424331759186,91,16,4.216852201111527,Dec23-Mar24,Dec-Mar
2023-12-05,INR,0,2023-12-20,2024-03-20,0.16972665691697944,1.2070137489937975,98.16123370643646,1.037287092076818,91,15,4.17320579004762,Dec23-Mar24,Dec-Mar
2023-12-06,INR,0,2023-12-20,2024-03-20,0.1576247372531817,1.1959295306372424,98.95680891633131,1.0383047933840608,91,14,4.144279749158296,Dec23-Mar24,Dec-Mar
2023-12-07,INR,0,2023-12-20,2024-03-20,0.1459044243906454,1.1808681654333966,98.15594621928125,1.0349637410427512,91,13,4.165091527440472,Dec23-Mar24,Dec-Mar
2023-12-08,INR,0,2023-12-20,2024-03-20,0.13710811625807762,1.1905315942369838,98.54589375708575,1.0534234779789062,91,12,4.223006499702886,Dec23-Mar24,Dec-Mar
2023-12-11,INR,0,2023-12-20,2024-03-20,0.09997393343021947,1.1245032811002538,98.50894950426799,1.0245293476700343,91,9,4.110259997109207,Dec23-Mar24,Dec-Mar
2023-12-12,INR,0,2023-12-20,2024-03-20,0.0868486340238778,1.0883401393437928,97.83571174779509,1.001491505319915,91,8,4.045997573186248,Dec23-Mar24,Dec-Mar
2023-12-13,INR,0,2023-12-20,2024-03-20,0.07754947721564112,1.0992951933832047,97.9380890224491,1.0217457161675636,91,7,4.123904130943655,Dec23-Mar24,Dec-Mar
2023-12-14,INR,0,2023-12-20,2024-03-20,0.07542874065164418,1.0587766163457404,97.55842753100312,0.9833478756940962,91,6,3.984445118611642,Dec23-Mar24,Dec-Mar
2023-12-15,INR,0,2023-12-20,2024-03-20,0.07398485406776839,1.028153690577798,97.23069621135758,0.9541688365100296,91,5,3.879293182393654,Dec23-Mar24,Dec-Mar
2023-12-18,INR,0,2023-12-20,2024-03-20,0.0762477900935248,1.0264492105794754,96.78856665448077,0.9502014204859506,91,2,3.880705917925202,Dec23-Mar24,Dec-Mar
2023-12-19,INR,0,2023-12-20,2024-03-20,0.07696007956167289,1.0248958447140935,96.62769599116888,0.9479357651524205,91,1,3.877864527749661,Dec23-Mar24,Dec-Mar
2023-12-20,INR,0,2024-03-20,2024-06-19,0.9993661260991579,1.9852562736389936,97.02704562711767,0.9858901475398357,91,91,3.9787488797582036,Mar24-Jun24,Mar-Jun
2023-12-21,INR,0,2024-03-20,2024-06-19,1.003533364316055,2.004576555107479,97.13266667073104,1.0010431907914237,91,90,4.0353823189150475,Mar24-Jun24,Mar-Jun
2023-12-22,INR,0,2024-03-20,2024-06-19,0.9699657580130623,1.9479148846276777,97.27213533530677,0.9779491266146154,91,89,3.938036431027952,Mar24-Jun24,Mar-Jun
2023-12-25,INR,0,2024-03-20,2024-06-19,0.9138278211981867,1.866495651985184,97.23151237080407,0.9526678307869973,91,86,3.8400150294751927,Mar24-Jun24,Mar-Jun
2023-12-26,INR,0,2024-03-20,2024-06-19,0.8903920652870638,1.829144358179164,97.45580138592165,0.9387522928921002,91,85,3.7761963164956494,Mar24-Jun24,Mar-Jun
2023-12-27,INR,0,2024-03-20,2024-06-19,0.8770695859443504,1.8125534299026644,97.53147126099006,0.9354838439583141,91,84,3.760664648634804,Mar24-Jun24,Mar-Jun
2023-12-28,INR,0,2024-03-20,2024-06-19,0.8761353114109296,1.8219030198231436,97.28652186046357,0.945767708412214,91,83,3.8115294904197357,Mar24-Jun24,Mar-Jun
2023-12-29,INR,0,2024-03-20,2024-06-19,0.8788286164890482,1.8391787493562024,96.89880306436066,0.9603501328671542,91,82,3.8855383112733586,Mar24-Jun24,Mar-Jun
2024-01-01,INR,0,2024-03-20,2024-06-19,0.8277022883382974,1.7811315065507665,97.495454192052,0.9534292182124691,91,79,3.836133858230407,Mar24-Jun24,Mar-Jun
2024-01-02,INR,0,2024-03-20,2024-06-19,0.8119411119415731,1.7592057425400751,97.04060354628369,0.947264630598502,91,78,3.8296607714620055,Mar24-Jun24,Mar-Jun
2024-01-03,INR,0,2024-03-20,2024-06-19,0.8167538216327171,1.7820083381077465,97.46078044253424,0.9652545164750294,91,77,3.8855159773147636,Mar24-Jun24,Mar-Jun
2024-01-04,INR,0,2024-03-20,2024-06-19,0.8168056901119471,1.7948230295880943,97.72096735167,0.9780173394761471,91,76,3.92649383612539,Mar24-Jun24,Mar-Jun
2024-01-05,INR,0,2024-03-20,2024-06-19,0.7969584454492054,1.7639346925942412,96.1830191988352,0.9669762471450358,91,75,3.944526108458736,Mar24-Jun24,Mar-Jun
2024-01-08,INR,0,2024-03-20,2024-06-19,0.7653192203699516,1.7325976794486404,95.81890160125793,0.9672784590786888,91,72,3.961926771575637,Mar24-Jun24,Mar-Jun
2024-01-09,INR,0,2024-03-20,2024-06-19,0.7602441382556465,1.7346415548931653,95.56432225647495,0.9743974166375188,91,71,4.001844135043556,Mar24-Jun24,Mar-Jun
2024-01-10,INR,0,2024-03-20,2024-06-19,0.7459720000417662,1.7157356000960624,95.47486607458562,0.9697636000542962,91,70,3.9871066450396384,Mar24-Jun24,Mar-Jun
2024-01-11,INR,0,2024-03-20,2024-06-19,0.733770281102408,1.701496304005584,95.08323586990394,0.9677260229031759,91,69,3.9954981248100325,Mar24-Jun24,Mar-Jun
2024-01-12,INR,0,2024-03-20,2024-06-19,0.7231899180471151,1.690988190727813,95.07377970690212,0.967798272680698,91,68,3.9966321714535256,Mar24-Jun24,Mar-Jun
2024-01-15,INR,0,2024-03-20,2024-06-19,0.7097016046027788,1.703283851046669,94.65652767533615,0.9935822464438903,91,65,4.121642504432883,Mar24-Jun24,Mar-Jun
2024-01-16,INR,0,2024-03-20,2024-06-19,0.7180613310623281,1.7390547861665757,94.83177876543422,1.0209934551042477,91,64,4.227212712388116,Mar24-Jun24,Mar-Jun
2024-01-17,INR,0,2024-03-20,2024-06-19,0.7112087588055835,1.7385102993025374,95.39829464557634,1.0273015404969539,91,63,4.228562115463285,Mar24-Jun24,Mar-Jun
2024-01-18,INR,0,2024-03-20,2024-06-19,0.7190073868240137,1.7743246803882917,95.5541900215999,1.055317293564278,91,62,4.33649417833535,Mar24-Jun24,Mar-Jun
2024-01-19,INR,0,2024-03-20,2024-06-19,0.7190952386945775,1.7918438734684552,95.47735293734154,1.0727486347738777,91,61,4.4116397574112955,Mar24-Jun24,Mar-Jun
2024-01-22,INR,0,2024-03-20,2024-06-19,0.6784325589986606,1.7428698498413868,95.0308877918047,1.0644372908427262,91,58,4.399739435607445,Mar24-Jun24,Mar-Jun
2024-01-23,INR,0,2024-03-20,2024-06-19,0.6763145350732942,1.7560447577341676,95.29718036505638,1.0797302226608734,91,57,4.45066653658956,Mar24-Jun24,Mar-Jun
2024-01-24,INR,0,2024-03-20,2024-06-19,0.6570695190301161,1.724807487454055,95.39258033739908,1.067737968423939,91,56,4.3977446486646095,Mar24-Jun24,Mar-Jun
2024-01-25,INR,0,2024-03-20,2024-06-19,0.6326059011659333,1.6792811194586594,95.4236856827802,1.0466752182927261,91,55,4.310694388664102,Mar24-Jun24,Mar-Jun
2024-01-26,INR,0,2024-03-20,2024-06-19,0.6195046752786935,1.6634847762113067,95.01917064468975,1.0439801009326133,91,54,4.318369273421277,Mar24-Jun24,Mar-Jun
2024-01-29,INR,0,2024-03-20,2024-06-19,0.5782422138765708,1.6100077327543736,95.81526687873499,1.0317655188778028,91,51,4.234423856371423,Mar24-Jun24,Mar-Jun
2024-01-30,INR,0,2024-03-20,2024-06-19,0.545429508265058,1.5381112133074637,96.32061363892927,0.9926817050424057,91,50,4.054147699148757,Mar24-Jun24,Mar-Jun
2024-01-31,INR,0,2024-03-20,2024-06-19,0.5313943266460319,1.5182695047029482,96.08030636309131,0.9868751780569163,91,49,4.041044258251588,Mar24-Jun24,Mar-Jun
2024-02-01,INR,0,2024-03-20,2024-06-19,0.53012973000227,1.5351673431315738,96.6382595449526,1.0050376131293037,91,48,4.091837895723833,Mar24-Jun24,Mar-Jun
2024-02-02,INR,0,2024-03-20,2024-06-19,0.5210589280765443,1.5299177037141087,95.90746719614633,1.0088587756375644,91,47,4.138909742041867,Mar24-Jun24,Mar-Jun
2024-02-05,INR,0,2024-03-20,2024-06-19,0.47321604001259965,1.451912850038658,96.89190919458147,0.9786968100260584,91,44,3.976544569499923,Mar24-Jun24,Mar-Jun
2024-02-06,INR,0,2024-03-20,2024-06-19,0.47910988890965345,1.4930401189277573,96.50424006364162,1.013930230018104,91,43,4.1359187533487525,Mar24-Jun24,Mar-Jun
2024-02-07,INR,0,2024-03-20,2024-06-19,0.4632159131537017,1.4668503916533888,96.98522983090366,1.0036344784996871,91,42,4.074382184785247,Mar24-Jun24,Mar-Jun
2024-02-08,INR,0,2024-03-20,2024-06-19,0.44100174202491566,1.4198104865192405,96.15608726781888,0.9788087444943248,91,41,4.008620194947241,Mar24-Jun24,Mar-Jun
2024-02-09,INR,0,2024-03-20,2024-06-19,0.4309927848279065,1.4115013703113937,96.65863728245002,0.9805085854834872,91,40,3.995210467650665,Mar24-Jun24,Mar-Jun
2024-02-12,INR,0,2024-03-20,2024-06-19,0.3899750352722881,1.3491028247257535,96.4557811066589,0.9591277894534653,91,37,3.9179328508524396,Mar24-Jun24,Mar-Jun
2024-02-13,INR,0,2024-03-20,2024-06-19,0.37122922926635704,1.3096142254674263,96.24963954889549,0.9383849962010693,91,36,3.842122659015712,Mar24-Jun24,Mar-Jun
2024-02-14,INR,0,2024-03-20,2024-06-19,0.3510301354878893,1.2637084877564015,95.94091281454499,0.9126783522685122,91,35,3.749634256707836,Mar24-Jun24,Mar-Jun
2024-02-15,INR,0,2024-03-20,2024-06-19,0.33160462725468204,1.2191346590245662,96.45000795703972,0.8875300317698842,91,34,3.6278666207722825,Mar24-Jun24,Mar-Jun
2024-02-16,INR,0,2024-03-20,2024-06-19,0.32655282652976636,1.2270469845360918,96.486956125599,0.9004941580063255,91,33,3.6796460636451784,Mar24-Jun24,Mar-Jun
2024-02-19,INR,0,2024-03-20,2024-06-19,0.29290987251229744,1.1814031524662663,96.52459625926903,0.8884932799539689,91,30,3.6304575593625503,Mar24-Jun24,Mar-Jun
2024-02-20,INR,0,2024-03-20,2024-06-19,0.27401707625911215,1.133863763830809,96.00293385620046,0.8598466875716968,91,29,3.5331315112780466,Mar24-Jun24,Mar-Jun
2024-02-21,INR,0,2024-03-20,2024-06-19,0.262448657035707,1.115406792401755,95.59520734202422,0.852958135366048,91,28,3.520156883667685,Mar24-Jun24,Mar-Jun
2024-02-22,INR,0,2024-03-20,2024-06-19,0.2490306172828185,1.0883560310878735,95.30842898500225,0.839325413805055,91,27,3.474776583908036,Mar24-Jun24,Mar-Jun
2024-02-23,INR,0,2024-03-20,2024-06-19,0.238475099404366,1.0731379473196472,95.35620413880316,0.8346628479152811,91,26,3.4541283480869276,Mar24-Jun24,Mar-Jun
2024-02-26,INR,0,2024-03-20,2024-06-19,0.21060887718997384,1.0438874782459573,95.77383834410928,0.8332786010559834,91,23,3.4343967891048703,Mar24-Jun24,Mar-Jun
2024-02-27,INR,0,2024-03-20,2024-06-19,0.19761844229648523,1.0150401808864924,95.27646830534836,0.8174217385900071,91,22,3.3870513336622046,Mar24-Jun24,Mar-Jun
2024-02-28,INR,0,2024-03-20,2024-06-19,0.18756814774037578,1.0003634546153375,95.27853792870677,0.8127953068749617,91,21,3.368162894052355,Mar24-Jun24,Mar-Jun
2024-02-29,INR,0,2024-03-20,2024-06-19,0.18749091732789197,1.0405745911698003,96.07163374147356,0.8530836738419083,91,20,3.5059912749720543,Mar24-Jun24,Mar-Jun
2024-03-01,INR,0,2024-03-20,2024-06-19,0.1790079956503723,1.0363620800811026,95.85318051140985,0.8573540844307304,91,19,3.53186832106039,Mar24-Jun24,Mar-Jun
2024-03-04,INR,0,2024-03-20,2024-06-19,0.1467966216121903,0.9817024070315225,95.70291971925921,0.8349057854193321,91,16,3.4459402827317795,Mar24-Jun24,Mar-Jun
2024-03-05,INR,0,2024-03-20,2024-06-19,0.1349596565435187,0.9537149062408657,95.52920085664175,0.818755249697347,91,15,3.3858361790547624,Mar24-Jun24,Mar-Jun
2024-03-06,INR,0,2024-03-20,2024-06-19,0.12787016752765754,0.9590262564574314,95.3063089418736,0.8311560889297739,91,14,3.445400854101224,Mar24-Jun24,Mar-Jun
2024-03-07,INR,0,2024-03-20,2024-06-19,0.11739093686101502,0.93912749488812,95.09919880414986,0.821736558027105,91,13,3.4141381797917862,Mar24-Jun24,Mar-Jun
2024-03-08,INR,0,2024-03-20,2024-06-19,0.1103431825652575,0.9471123170184602,94.28276695062523,0.8367691344532027,91,12,3.506924893444959,Mar24-Jun24,Mar-Jun
2024-03-11,INR,0,2024-03-20,2024-06-19,0.08050629882882365,0.8945144314313741,94.30487338518631,0.8140081326025504,91,9,3.4118122572942813,Mar24-Jun24,Mar-Jun
2024-03-12,INR,0,2024-03-20,2024-06-19,0.06988599991309646,0.8648392489245686,94.32992356001242,0.7949532490114721,91,8,3.3314368013560323,Mar24-Jun24,Mar-Jun
2024-03-13,INR,0,2024-03-20,2024-06-19,0.0625395613679269,0.8755538591509767,94.38527050012382,0.8130142977830498,91,7,3.4053942561801596,Mar24-Jun24,Mar-Jun
2024-03-14,INR,0,2024-03-20,2024-06-19,0.06470383128284508,0.8966102334908533,94.91124687670751,0.8319064022080083,91,6,3.465149092919168,Mar24-Jun24,Mar-Jun
2024-03-15,INR,0,2024-03-20,2024-06-19,0.06499480575360374,0.8913573360494226,95.10804026285373,0.8263625302958189,91,5,3.4349293275362442,Mar24-Jun24,Mar-Jun
2024-03-18,INR,0,2024-03-20,2024-06-19,0.06535809965753107,0.8683290383071985,95.48032227396402,0.8029709386496675,91,2,3.324680211917763,Mar24-Jun24,Mar-Jun
2024-03-19,INR,0,2024-03-20,2024-06-19,0.06544814298699445,0.8601755935433557,95.24419331276239,0.7947274505563613,91,1,3.2986974659173955,Mar24-Jun24,Mar-Jun
2024-03-20,INR,0,2024-06-19,2024-09-18,0.8471123010568375,1.694224602113675,95.05094271159108,0.8471123010568375,91,91,3.4945583601715033,Jun24-Sep24,Jun-Sep
2024-03-21,INR,0,2024-06-19,2024-09-18,0.8467111623693313,1.7028302265427664,94.721000545882,0.8561190641734351,91,90,3.543921465668936,Jun24-Sep24,Jun-Sep
2024-03-22,INR,0,2024-06-19,2024-09-18,0.8407662630302635,1.7004261499488473,94.87199094304331,0.8596598869185839,91,89,3.553186011114031,Jun24-Sep24,Jun-Sep
2024-03-25,INR,0,2024-06-19,2024-09-18,0.8109731775641944,1.6690959584751441,94.81190792290238,0.8581227809109497,91,86,3.550166447505032,Jun24-Sep24,Jun-Sep
2024-03-26,INR,0,2024-06-19,2024-09-18,0.8264738225997978,1.711286973853699,94.5301871871606,0.8848131512539013,91,85,3.670807767574781,Jun24-Sep24,Jun-Sep
2024-03-27,INR,0,2024-06-19,2024-09-18,0.7998615548331003,1.6663782392356257,94.64441146206431,0.8665166844025254,91,84,3.5916016580009735,Jun24-Sep24,Jun-Sep
2024-03-28,INR,0,2024-06-19,2024-09-18,0.7985393680114461,1.6740463859517063,94.26281133168159,0.8755070179402602,91,83,3.643483099391545,Jun24-Sep24,Jun-Sep
2024-03-29,INR,0,2024-06-19,2024-09-18,0.7822010210914809,1.650253373766173,94.40800355311795,0.8680523526746922,91,82,3.607570000179273,Jun24-Sep24,Jun-Sep
2024-04-01,INR,0,2024-06-19,2024-09-18,0.7722489896312559,1.6618016232571329,95.19659146469598,0.889552633625877,91,79,3.6669290815422944,Jun24-Sep24,Jun-Sep
2024-04-02,INR,0,2024-06-19,2024-09-18,0.7615178281516688,1.6499552943286155,95.08840506410631,0.8884374661769467,91,78,3.6668758433359234,Jun24-Sep24,Jun-Sep
2024-04-03,INR,0,2024-06-19,2024-09-18,0.7404719550143495,1.6155751745767624,94.7753847099247,0.8751032195624129,91,77,3.624473384360342,Jun24-Sep24,Jun-Sep
2024-04-04,INR,0,2024-06-19,2024-09-18,0.7627495260138106,1.67604172163561,95.14997382833236,0.9132921956217994,91,76,3.7669914316201383,Jun24-Sep24,Jun-Sep
2024-04-05,INR,0,2024-06-19,2024-09-18,0.7776413970744062,1.7211796255246856,95.08820975242907,0.9435382284502795,91,75,3.8936479061099836,Jun24-Sep24,Jun-Sep
2024-04-08,INR,0,2024-06-19,2024-09-18,0.7145421585773692,1.6176440534459886,95.37075480819549,0.9031018948686194,91,72,3.7182700222306484,Jun24-Sep24,Jun-Sep
2024-04-09,INR,0,2024-06-19,2024-09-18,0.7399252723827296,1.6882801989577776,95.59772895666453,0.9483549265750479,91,71,3.8943586549676423,Jun24-Sep24,Jun-Sep
2024-04-10,INR,0,2024-06-19,2024-09-18,0.7301032118042441,1.6792373871497612,96.09982908338753,0.9491341753455171,91,70,3.8777436158930456,Jun24-Sep24,Jun-Sep
2024-04-11,INR,0,2024-06-19,2024-09-18,0.7163049331298248,1.6609969463879994,95.46357201660412,0.9446920132581746,91,69,3.885680921931498,Jun24-Sep24,Jun-Sep
2024-04-12,INR,0,2024-06-19,2024-09-18,0.7004804659937497,1.637888148426562,95.44827272175402,0.9374076824328123,91,68,3.856967327694972,Jun24-Sep24,Jun-Sep
2024-04-15,INR,0,2024-06-19,2024-09-18,0.6881207237395356,1.6514897369748853,95.26498624542948,0.9633690132353497,91,65,3.9718673867166063,Jun24-Sep24,Jun-Sep
2024-04-16,INR,0,2024-06-19,2024-09-18,0.6920285246433351,1.676006583120577,95.70274262999305,0.983978058477242,91,64,4.0382485527914875,Jun24-Sep24,Jun-Sep
2024-04-17,INR,0,2024-06-19,2024-09-18,0.6552051787184653,1.6016126590895818,95.43347962402028,0.9464074803711165,91,63,3.89643130235692,Jun24-Sep24,Jun-Sep
2024-04-18,INR,0,2024-06-19,2024-09-18,0.6246750431045552,1.5415367999193055,95.16324902149015,0.9168617568147502,91,62,3.7866416325389647,Jun24-Sep24,Jun-Sep
2024-04-19,INR,0,2024-06-19,2024-09-18,0.6201487085159386,1.5452885851544702,95.41067847449371,0.9251398766385316,91,61,3.811165773357641,Jun24-Sep24,Jun-Sep
2024-04-22,INR,0,2024-06-19,2024-09-18,0.6000652375632625,1.5415469033952776,95.04178756258771,0.9414816658320151,91,58,3.8942604568980985,Jun24-Sep24,Jun-Sep
2024-04-23,INR,0,2024-06-19,2024-09-18,0.5839584858397268,1.5162430860399922,95.20162714653019,0.9322846002002655,91,57,3.8504320181226936,Jun24-Sep24,Jun-Sep
2024-04-24,INR,0,2024-06-19,2024-09-18,0.5781929765476443,1.5177565634375665,94.99414262838253,0.9395635868899221,91,56,3.889153514673737,Jun24-Sep24,Jun-Sep
2024-04-25,INR,0,2024-06-19,2024-09-18,0.5768948798939586,1.531393681173054,94.5185469992614,0.9544988012790954,91,55,3.970788861415538,Jun24-Sep24,Jun-Sep
2024-04-26,INR,0,2024-06-19,2024-09-18,0.5879290308863812,1.5786983236763934,94.27893126673548,0.9907692927900122,91,54,4.131608087670717,Jun24-Sep24,Jun-Sep
2024-04-29,INR,0,2024-06-19,2024-09-18,0.5579277105525351,1.5534457823227446,94.56046453436005,0.9955180717702095,91,51,4.140432946783458,Jun24-Sep24,Jun-Sep
2024-04-30,INR,0,2024-06-19,2024-09-18,0.5533255873806258,1.5603781564133645,94.0238311093855,1.0070525690327388,91,50,4.212374708951984,Jun24-Sep24,Jun-Sep
2024-05-01,INR,0,2024-06-19,2024-09-18,0.5276822282518759,1.5076635092910742,93.99486535411415,0.9799812810391982,91,49,4.1015071250730735,Jun24-Sep24,Jun-Sep
2024-05-02,INR,0,2024-06-19,2024-09-18,0.4979702754637682,1.4420389226971622,93.91245903705948,0.9440686472333939,91,48,3.955894590432564,Jun24-Sep24,Jun-Sep
2024-05-03,INR,0,2024-06-19,2024-09-18,0.4997962201085499,1.4674867739357422,94.10290314732302,0.9676905538271923,91,47,4.046635447388585,Jun24-Sep24,Jun-Sep
2024-05-06,INR,0,2024-06-19,2024-09-18,0.46359159386650506,1.4223832993631407,94.6318019234714,0.9587917054966356,91,44,3.9886497035668342,Jun24-Sep24,Jun-Sep
2024-05-07,INR,0,2024-06-19,2024-09-18,0.447053268544389,1.393142743836003,94.59785252608539,0.9460894752916139,91,43,3.937898111753061,Jun24-Sep24,Jun-Sep
2024-05-08,INR,0,2024-06-19,2024-09-18,0.4387520119153609,1.3893813710653096,94.75321445523323,0.9506293591499486,91,42,3.9506816281613064,Jun24-Sep24,Jun-Sep
2024-05-09,INR,0,2024-06-19,2024-09-18,0.41968265626963497,1.3511734299412639,95.04622189200515,0.9314907736716289,91,41,3.860036169699664,Jun24-Sep24,Jun-Sep
2024-05-10,INR,0,2024-06-19,2024-09-18,0.4117189303707786,1.3483794969643,95.27301066334792,0.9366605665935213,91,40,3.8725827925423104,Jun24-Sep24,Jun-Sep
2024-05-13,INR,0,2024-06-19,2024-09-18,0.38130114027730566,1.3190958366350034,95.2840598388183,0.9377946963576977,91,37,3.878056804015691,Jun24-Sep24,Jun-Sep
2024-05-14,INR,0,2024-06-19,2024-09-18,0.3728812138857227,1.3154420600968553,94.99223448499664,0.9425608462111326,91,36,3.9100378702743104,Jun24-Sep24,Jun-Sep
2024-05-15,INR,0,2024-06-19,2024-09-18,0.3636175263402087,1.3090230948247514,94.47522003858523,0.9454055684845427,91,35,3.9436016733684123,Jun24-Sep24,Jun-Sep
2024-05-16,INR,0,2024-06-19,2024-09-18,0.36113066105550284,1.3276862538805252,94.90841418747686,0.9665555928250223,91,34,4.013597857799429,Jun24-Sep24,Jun-Sep
2024-05-17,INR,0,2024-06-19,2024-09-18,0.34794091726384263,1.3074143557792874,94.7007287427086,0.9594734385154449,91,33,3.9934478946444365,Jun24-Sep24,Jun-Sep
2024-05-20,INR,0,2024-06-19,2024-09-18,0.3135548150802613,1.2646710874903873,95.15411771083626,0.951116272410126,91,30,3.941289948114816,Jun24-Sep24,Jun-Sep
2024-05-21,INR,0,2024-06-19,2024-09-18,0.3013123410498285,1.2468096871027385,94.89775216604205,0.94549734605291,91,29,3.9290607325553957,Jun24-Sep24,Jun-Sep
2024-05-22,INR,0,2024-06-19,2024-09-18,0.2880564372269233,1.224239858214424,94.85907752704328,0.9361834209875007,91,28,3.892479584027037,Jun24-Sep24,Jun-Sep
2024-05-23,INR,0,2024-06-19,2024-09-18,0.27520735641041394,1.2027580761640317,95.01466837284975,0.9275507197536178,91,27,3.850809323365216,Jun24-Sep24,Jun-Sep
2024-05-24,INR,0,2024-06-19,2024-09-18,0.2676655320895891,1.204494894403151,94.39819507401896,0.936829362313562,91,26,3.914967986237171,Jun24-Sep24,Jun-Sep
2024-05-27,INR,0,2024-06-19,2024-09-18,0.23301422031514957,1.1549400485185672,94.41879439974588,0.9219258282034177,91,23,3.853258753062968,Jun24-Sep24,Jun-Sep
2024-05-28,INR,0,2024-06-19,2024-09-18,0.2242268663354261,1.1517107225410521,94.25242014378047,0.927483856205626,91,22,3.8836760403633943,Jun24-Sep24,Jun-Sep
2024-05-29,INR,0,2024-06-19,2024-09-18,0.20576764607478054,1.0974274457321629,94.01951417498103,0.8916597996573823,91,21,3.7436294093351745,Jun24-Sep24,Jun-Sep
2024-05-30,INR,0,2024-06-19,2024-09-18,0.20326844526643653,1.1281398712287227,93.48214650669328,0.9248714259622862,91,20,3.905444637964292,Jun24-Sep24,Jun-Sep
2024-05-31,INR,0,2024-06-19,2024-09-18,0.19157634419138037,1.1091262032132547,93.1403811743187,0.9175498590218744,91,19,3.8892011596698173,Jun24-Sep24,Jun-Sep
2024-06-03,INR,0,2024-06-19,2024-09-18,0.15636976877997968,1.0457228287161142,93.230644642574,0.8893530599361346,91,16,3.767461482441174,Jun24-Sep24,Jun-Sep
2024-06-04,INR,0,2024-06-19,2024-09-18,0.14492944471674635,1.024168075998341,93.1603882014501,0.8792386312815945,91,15,3.7278761392704003,Jun24-Sep24,Jun-Sep
2024-06-05,INR,0,2024-06-19,2024-09-18,0.13725957484901713,1.0294468113676283,93.00355421414501,0.8921872365186112,91,14,3.7894578983227074,Jun24-Sep24,Jun-Sep
2024-06-06,INR,0,2024-06-19,2024-09-18,0.12609559932538986,1.0087647946031189,92.7915402748677,0.882669195277729,91,13,3.7580359232261142,Jun24-Sep24,Jun-Sep
2024-06-07,INR,0,2024-06-19,2024-09-18,0.11589375168226189,0.9947547019394146,93.46478224313312,0.8788609502571527,91,12,3.7153103602932287,Jun24-Sep24,Jun-Sep
2024-06-10,INR,0,2024-06-19,2024-09-18,0.0876787647201984,0.9742084968910932,93.92102974338037,0.8865297321708948,91,9,3.730665642008825,Jun24-Sep24,Jun-Sep
2024-06-11,INR,0,2024-06-19,2024-09-18,0.07674379409036011,0.9497044518682063,94.7382706301671,0.8729606577778461,91,8,3.642324746809954,Jun24-Sep24,Jun-Sep
2024-06-12,INR,0,2024-06-19,2024-09-18,0.0683499034945893,0.9568986489242504,94.69911972428619,0.888548745429661,91,7,3.709224175567715,Jun24-Sep24,Jun-Sep
2024-06-13,INR,0,2024-06-19,2024-09-18,0.06796192150543037,0.941758055146678,94.47301022555874,0.8737961336412476,91,6,3.656378641769039,Jun24-Sep24,Jun-Sep
2024-06-14,INR,0,2024-06-19,2024-09-18,0.06790005636520222,0.9312007730084875,94.01171158903108,0.8633007166432852,91,5,3.6301761057409987,Jun24-Sep24,Jun-Sep
2024-06-17,INR,0,2024-06-19,2024-09-18,0.0648516929317238,0.861601063235759,93.44846285458243,0.7967493703040353,91,2,3.37061684330688,Jun24-Sep24,Jun-Sep
2024-06-18,INR,0,2024-06-19,2024-09-18,0.0661731318654317,0.8697040188028166,93.47298843640927,0.8035308869373848,91,1,3.3983664761021872,Jun24-Sep24,Jun-Sep
2024-06-19,INR,0,2024-09-18,2024-12-18,0.8755193001924577,1.7510386003849154,93.49629059327087,0.8755193001924577,91,91,3.6701562043117453,Sep24-Dec24,Sep-Dec
2024-06-20,INR,0,2024-09-18,2024-12-18,0.8824634709780429,1.7747320916336196,93.35788972842452,0.8922686206555767,91,90,3.745586433068045,Sep24-Dec24,Sep-Dec
2024-06-21,INR,0,2024-09-18,2024-12-18,0.903261592619938,1.8268211985571778,93.23962204754213,0.9235596059372398,91,89,3.8809544129532725,Sep24-Dec24,Sep-Dec
2024-06-24,INR,0,2024-09-18,2024-12-18,0.8760518159036473,1.8030368769179719,93.20763114300689,0.9269850610143245,91,86,3.8977998443899367,Sep24-Dec24,Sep-Dec
2024-06-25,INR,0,2024-09-18,2024-12-18,0.86168950338871,1.7842041481930937,93.37128589153996,0.9225146448043837,91,85,3.872857107233888,Sep24-Dec24,Sep-Dec
2024-06-26,INR,0,2024-09-18,2024-12-18,0.8587617763280619,1.7890870340167957,93.42923395208187,0.9303252576887338,91,84,3.903368169406929,Sep24-Dec24,Sep-Dec
2024-06-27,INR,0,2024-09-18,2024-12-18,0.8499528240744032,1.7818288119150139,93.8032904607851,0.9318759878406107,91,83,3.894787163694606,Sep24-Dec24,Sep-Dec
2024-06-28,INR,0,2024-09-18,2024-12-18,0.8036755051375934,1.6955592974244351,93.4401726493665,0.8918837922868417,91,82,3.7438321493255966,Sep24-Dec24,Sep-Dec
2024-07-01,INR,0,2024-09-18,2024-12-18,0.7649513072180995,1.6460977497098341,93.86815212142085,0.8811464424917347,91,79,3.6835461713856765,Sep24-Dec24,Sep-Dec
2024-07-02,INR,0,2024-09-18,2024-12-18,0.7373067688383876,1.5974979991498401,93.31781078141957,0.8601912303114525,91,78,3.6180427034150573,Sep24-Dec24,Sep-Dec
2024-07-03,INR,0,2024-09-18,2024-12-18,0.729749013531304,1.5991075755615083,93.52678061286295,0.8693585620302043,91,77,3.648787727053772,Sep24-Dec24,Sep-Dec
2024-07-04,INR,0,2024-09-18,2024-12-18,0.7289951274899944,1.6083396622377628,93.15057585616917,0.8793445347477684,91,76,3.7055193110913223,Sep24-Dec24,Sep-Dec
2024-07-05,INR,0,2024-09-18,2024-12-18,0.7045226705773482,1.565333724655455,92.42044113997588,0.8608110540781069,91,75,3.6568136280936256,Sep24-Dec24,Sep-Dec
2024-07-08,INR,0,2024-09-18,2024-12-18,0.6552557269158565,1.4881444436067677,92.64994156435675,0.8328887166909111,91,72,3.531362099194118,Sep24-Dec24,Sep-Dec
2024-07-09,INR,0,2024-09-18,2024-12-18,0.6532033050176861,1.4946944644465077,92.59754587714396,0.8414911594288216,91,71,3.5699187883411296,Sep24-Dec24,Sep-Dec
2024-07-10,INR,0,2024-09-18,2024-12-18,0.6160664207545701,1.4208161741662653,92.72175433810008,0.8047497534116952,91,70,3.4108632194631903,Sep24-Dec24,Sep-Dec
2024-07-11,INR,0,2024-09-18,2024-12-18,0.6280289263272263,1.459753176360845,93.26385255995405,0.8317242500336186,91,69,3.5043899859663976,Sep24-Dec24,Sep-Dec
2024-07-12,INR,0,2024-09-18,2024-12-18,0.6221188036622867,1.4576924176543993,93.56730573580809,0.8355736139921126,91,68,3.509487356596077,Sep24-Dec24,Sep-Dec
2024-07-15,INR,0,2024-09-18,2024-12-18,0.5987614409513746,1.4387432074060633,92.65045262925628,0.8399817664546887,91,65,3.5635740456410243,Sep24-Dec24,Sep-Dec
2024-07-16,INR,0,2024-09-18,2024-12-18,0.5844526162007786,1.4167575235256362,92.61674383503401,0.8323049073248576,91,64,3.5328246026659396,Sep24-Dec24,Sep-Dec
2024-07-17,INR,0,2024-09-18,2024-12-18,0.5773444399745401,1.4121458742935502,92.82227042482619,0.8348014343190101,91,63,3.5358937759166085,Sep24-Dec24,Sep-Dec
2024-07-18,INR,0,2024-09-18,2024-12-18,0.6028751301999914,1.4881735390527464,93.59245395263414,0.885298408852755,91,62,3.7181030670400532,Sep24-Dec24,Sep-Dec
2024-07-19,INR,0,2024-09-18,2024-12-18,0.5838479513434734,1.4548342394132454,94.22961311052578,0.870986288069772,91,61,3.63414646203792,Sep24-Dec24,Sep-Dec
2024-07-22,INR,0,2024-09-18,2024-12-18,0.5448904966502959,1.3998048965671397,94.38395978782992,0.8549143999168438,91,58,3.5627514023298392,Sep24-Dec24,Sep-Dec
2024-07-23,INR,0,2024-09-18,2024-12-18,0.519026018024396,1.3476465029405367,93.98082268513996,0.8286204849161407,91,57,3.468851121130887,Sep24-Dec24,Sep-Dec
2024-07-24,INR,0,2024-09-18,2024-12-18,0.5012323258127099,1.3157348552583636,93.94447950481867,0.8145025294456537,91,56,3.411703661648926,Sep24-Dec24,Sep-Dec
2024-07-25,INR,0,2024-09-18,2024-12-18,0.498644630584712,1.3236748375521443,93.69400134883621,0.8250302069674323,91,55,3.4650855487596077,Sep24-Dec24,Sep-Dec
2024-07-26,INR,0,2024-09-18,2024-12-18,0.49327163051431955,1.3245256745291916,92.94961400310359,0.831254044014872,91,54,3.5192379970542045,Sep24-Dec24,Sep-Dec
2024-07-29,INR,0,2024-09-18,2024-12-18,0.4513875766913704,1.2568046252975413,92.65909585164151,0.8054170486061709,91,51,3.4220263174615213,Sep24-Dec24,Sep-Dec
2024-07-30,INR,0,2024-09-18,2024-12-18,0.44873716874190916,1.2654388158521839,93.09337747021517,0.8167016471102747,91,50,3.4539604192314908,Sep24-Dec24,Sep-Dec
2024-07-31,INR,0,2024-09-18,2024-12-18,0.4314287708747225,1.2326536310706355,92.83677473675243,0.8012248601959131,91,49,3.398458045083947,Sep24-Dec24,Sep-Dec
2024-08-01,INR,0,2024-09-18,2024-12-18,0.41648325957314225,1.2060661058472246,93.4468454129361,0.7895828462740824,91,48,3.3278432493023917,Sep24-Dec24,Sep-Dec
2024-08-02,INR,0,2024-09-18,2024-12-18,0.42608405221104145,1.257993835733803,93.67020221122893,0.8319097835227616,91,47,3.4975574507426437,Sep24-Dec24,Sep-Dec
2024-08-05,INR,0,2024-09-18,2024-12-18,0.3920168273198788,1.2084181414710804,93.698132680912,0.8164013141512017,91,44,3.432579819922199,Sep24-Dec24,Sep-Dec
2024-08-06,INR,0,2024-09-18,2024-12-18,0.39715116010458534,1.242855669326279,93.99278805302121,0.8457045092216935,91,43,3.5444923899689487,Sep24-Dec24,Sep-Dec
2024-08-07,INR,0,2024-09-18,2024-12-18,0.3758367643598196,1.1949145969148518,93.56419195376226,0.8190778325550322,91,42,3.449336723892099,Sep24-Dec24,Sep-Dec
2024-08-08,INR,0,2024-09-18,2024-12-18,0.36246404476067223,1.1712967395264289,93.7294659262605,0.8088326947657567,91,41,3.4006930185875333,Sep24-Dec24,Sep-Dec
2024-08-09,INR,0,2024-09-18,2024-12-18,0.35867908063366305,1.1785854954725257,93.8761535347006,0.8199064148388626,91,40,3.442024277992048,Sep24-Dec24,Sep-Dec
2024-08-12,INR,0,2024-09-18,2024-12-18,0.3387452827095878,1.1744865015325836,93.99344096272331,0.8357412188229958,91,37,3.5048790122805222,Sep24-Dec24,Sep-Dec
2024-08-13,INR,0,2024-09-18,2024-12-18,0.3382169078985655,1.1953279167053674,93.90923793048994,0.8571110088068019,91,36,3.597729861101553,Sep24-Dec24,Sep-Dec
2024-08-14,INR,0,2024-09-18,2024-12-18,0.33508640193711603,1.208041272302185,93.43216774262872,0.8729548703650689,91,35,3.682999859932458,Sep24-Dec24,Sep-Dec
2024-08-15,INR,0,2024-09-18,2024-12-18,0.316746742002702,1.1658011752686812,92.95879510040028,0.8490544332659793,91,34,3.60104759803948,Sep24-Dec24,Sep-Dec
2024-08-16,INR,0,2024-09-18,2024-12-18,0.3013165372657034,1.1330782863649185,92.72562249300812,0.8317617490992151,91,33,3.537132442164597,Sep24-Dec24,Sep-Dec
2024-08-19,INR,0,2024-09-18,2024-12-18,0.2754701931890641,1.1110631125292252,93.18017722138597,0.835592919340161,91,30,3.537124197112132,Sep24-Dec24,Sep-Dec
2024-08-20,INR,0,2024-09-18,2024-12-18,0.2521190659677413,1.0432513074527223,92.81402485672051,0.7911322414849811,91,29,3.3629349948764617,Sep24-Dec24,Sep-Dec
2024-08-21,INR,0,2024-09-18,2024-12-18,0.24457228967496103,1.0394322311185846,93.13357687569112,0.7948599414436236,91,28,3.3674911050986593,Sep24-Dec24,Sep-Dec
2024-08-22,INR,0,2024-09-18,2024-12-18,0.23157643434221387,1.012074787125231,93.68603680630602,0.780498352783017,91,27,3.287653598391417,Sep24-Dec24,Sep-Dec
2024-08-23,INR,0,2024-09-18,2024-12-18,0.21415436639228616,0.9636946487652878,93.19767737721958,0.7495402823730016,91,26,3.1743455283392694,Sep24-Dec24,Sep-Dec
2024-08-26,INR,0,2024-09-18,2024-12-18,0.19423455756087052,0.9627278070408365,92.62709911459355,0.768493249479966,91,23,3.275317165344537,Sep24-Dec24,Sep-Dec
2024-08-27,INR,0,2024-09-18,2024-12-18,0.18950242442439919,0.9733533618162321,92.44245278052796,0.783850937391833,91,22,3.3476015446800518,Sep24-Dec24,Sep-Dec
2024-08-28,INR,0,2024-09-18,2024-12-18,0.18103935142740563,0.9655432076128301,92.21634304891076,0.7845038561854245,91,21,3.358895737228367,Sep24-Dec24,Sep-Dec
2024-08-29,INR,0,2024-09-18,2024-12-18,0.16736178974328347,0.9288579330752234,91.50962909306365,0.7614961433319398,91,20,3.2860068664667073,Sep24-Dec24,Sep-Dec
2024-08-30,INR,0,2024-09-18,2024-12-18,0.15920345272610556,0.9217041999932427,91.54597228780727,0.7625007472671371,91,19,3.2893306711933668,Sep24-Dec24,Sep-Dec
2024-09-02,INR,0,2024-09-18,2024-12-18,0.1354063532148814,0.9121068837636586,91.7477081159922,0.7767005305487772,91,16,3.3440980503151896,Sep24-Dec24,Sep-Dec
2024-09-03,INR,0,2024-09-18,2024-12-18,0.12874833841715264,0.9160092138786435,92.07182127378339,0.7872608754614909,91,15,3.377895213987011,Sep24-Dec24,Sep-Dec
2024-09-04,INR,0,2024-09-18,2024-12-18,0.12294863131635093,0.9278674960963255,91.7154503663153,0.8049188647799745,91,14,3.4672799666299685,Sep24-Dec24,Sep-Dec
2024-09-05,INR,0,2024-09-18,2024-12-18,0.11873469561212104,0.9552044127553765,91.45788015359274,0.8364697171432555,91,13,3.613489070727697,Sep24-Dec24,Sep-Dec
2024-09-06,INR,0,2024-09-18,2024-12-18,0.11065216364413083,0.9546720691400445,91.28256021934152,0.8440199054959137,91,12,3.6534221293434794,Sep24-Dec24,Sep-Dec
2024-09-09,INR,0,2024-09-18,2024-12-18,0.08552418055963096,0.9539494529637966,91.2833459594039,0.8684252724041657,91,9,3.7600646094316876,Sep24-Dec24,Sep-Dec
2024-09-10,INR,0,2024-09-18,2024-12-18,0.07598039561417659,0.9435364247051709,91.48490853461871,0.8675560290909943,91,8,3.7484233994604876,Sep24-Dec24,Sep-Dec
2024-09-11,INR,0,2024-09-18,2024-12-18,0.06737657634153583,0.9461337784845921,91.24765796140211,0.8787572021430563,91,7,3.8070424393600586,Sep24-Dec24,Sep-Dec
2024-09-12,INR,0,2024-09-18,2024-12-18,0.06586239424362435,0.915117100781535,91.23280783108473,0.8492547065379106,91,6,3.6798881524225107,Sep24-Dec24,Sep-Dec
2024-09-13,INR,0,2024-09-18,2024-12-18,0.06663745896874107,0.9159285635233568,91.21790953953871,0.8492911045546158,91,5,3.6806152317874012,Sep24-Dec24,Sep-Dec
2024-09-16,INR,0,2024-09-18,2024-12-18,0.06827933478484981,0.9079622256047858,91.79011106564113,0.839682890819936,91,2,3.6162427958310253,Sep24-Dec24,Sep-Dec
2024-09-17,INR,0,2024-09-18,2024-12-18,0.06699465498439147,0.8809123399942661,91.77095650757559,0.8139176850098746,91,1,3.506060509561192,Sep24-Dec24,Sep-Dec
2024-09-18,INR,0,2024-12-18,2025-03-19,0.8843404962848532,1.781507140867649,92.34826774518712,0.8971666445827958,91,91,3.806855507757027,Dec24-Mar25,Dec-Mar
2024-09-19,INR,0,2024-12-18,2025-03-19,0.8796790086172925,1.7819195299093293,92.06857056877618,0.9022405212920368,91,90,3.8400972340886823,Dec24-Mar25,Dec-Mar
2024-09-20,INR,0,2024-12-18,2025-03-19,0.85528546241539,1.7426043474253867,92.25737685215874,0.8873188850099967,91,89,3.769919605851489,Dec24-Mar25,Dec-Mar
2024-09-23,INR,0,2024-12-18,2025-03-19,0.8280061926625484,1.7169351767713985,92.03685497323707,0.8889289841088501,91,86,3.786838305453139,Dec24-Mar25,Dec-Mar
2024-09-24,INR,0,2024-12-18,2025-03-19,0.7875640056716734,1.6434497462581605,91.64866732764473,0.8558857405864871,91,85,3.662981021913446,Dec24-Mar25,Dec-Mar
2024-09-25,INR,0,2024-12-18,2025-03-19,0.7699581033160986,1.6168445001598435,91.9088514093973,0.8468863968437449,91,84,3.6149793348715216,Dec24-Mar25,Dec-Mar
2024-09-26,INR,0,2024-12-18,2025-03-19,0.7560071432990414,1.59757804288049,91.40830482339305,0.8415708995814486,91,83,3.612343432970904,Dec24-Mar25,Dec-Mar
2024-09-27,INR,0,2024-12-18,2025-03-19,0.7471619557560762,1.589097647928942,91.93072253022827,0.8419356921728658,91,82,3.5938828609125535,Dec24-Mar25,Dec-Mar
2024-09-30,INR,0,2024-12-18,2025-03-19,0.7379891369185763,1.6008811714324622,92.1836293980684,0.862892034513886,91,79,3.6736755898971665,Dec24-Mar25,Dec-Mar
2024-10-01,INR,0,2024-12-18,2025-03-19,0.7230382565903593,1.5794857410740977,92.90053292389938,0.8564474844837384,91,78,3.6189005097115574,Dec24-Mar25,Dec-Mar
2024-10-02,INR,0,2024-12-18,2025-03-19,0.7195014762527178,1.5677107343528538,92.86940873533402,0.848209258100136,91,77,3.5854174403583787,Dec24-Mar25,Dec-Mar
2024-10-03,INR,0,2024-12-18,2025-03-19,0.7070434328502475,1.5523675107198016,92.46957243497529,0.8453240778695541,91,76,3.589032696678008,Dec24-Mar25,Dec-Mar
2024-10-04,INR,0,2024-12-18,2025-03-19,0.7134319480649471,1.5786419594329386,92.11063517757452,0.8652100113679915,91,75,3.687415281586607,Dec24-Mar25,Dec-Mar
2024-10-07,INR,0,2024-12-18,2025-03-19,0.6901163686478411,1.564516702170688,91.95271064127965,0.874400333522847,91,72,3.733873702089442,Dec24-Mar25,Dec-Mar
2024-10-08,INR,0,2024-12-18,2025-03-19,0.7027423893969779,1.6065061552670161,92.1896223449249,0.9037637658700383,91,71,3.8488945715693292,Dec24-Mar25,Dec-Mar
2024-10-09,INR,0,2024-12-18,2025-03-19,0.678270814416443,1.563957417209393,91.38295861720619,0.8856866027929501,91,70,3.8059616991435314,Dec24-Mar25,Dec-Mar
2024-10-10,INR,0,2024-12-18,2025-03-19,0.6513217692644949,1.5151638213722367,91.5458834821127,0.8638420521077418,91,69,3.706616832798596,Dec24-Mar25,Dec-Mar
2024-10-11,INR,0,2024-12-18,2025-03-19,0.6322710129811763,1.4841402296289858,90.97737105180555,0.8518692166478096,91,68,3.678687079113569,Dec24-Mar25,Dec-Mar
2024-10-14,INR,0,2024-12-18,2025-03-19,0.599216584333749,1.4467278923818714,91.14448215042863,0.8475113080481224,91,65,3.6545201840792325,Dec24-Mar25,Dec-Mar
2024-10-15,INR,0,2024-12-18,2025-03-19,0.5934437988689196,1.4468446013729162,91.18995412217636,0.8534008025039965,91,64,3.678324362901866,Dec24-Mar25,Dec-Mar
2024-10-16,INR,0,2024-12-18,2025-03-19,0.5929446689348995,1.4600710946706443,91.61566929685952,0.8671264257357448,91,63,3.720249234990574,Dec24-Mar25,Dec-Mar
2024-10-17,INR,0,2024-12-18,2025-03-19,0.5699373075449459,1.4181401139698846,91.64866229603271,0.8482028064249387,91,62,3.638666820230823,Dec24-Mar25,Dec-Mar
2024-10-18,INR,0,2024-12-18,2025-03-19,0.5527723158012386,1.3901561140119243,91.84496493707393,0.8373837982106856,91,61,3.5852903028720817,Dec24-Mar25,Dec-Mar
2024-10-21,INR,0,2024-12-18,2025-03-19,0.527336000339721,1.3674785590000609,91.94801851677218,0.8401425586603399,91,58,3.5940828870124135,Dec24-Mar25,Dec-Mar
2024-10-22,INR,0,2024-12-18,2025-03-19,0.5210670348137686,1.3657771720121372,92.38454554788066,0.8447101371983686,91,57,3.5968875722101714,Dec24-Mar25,Dec-Mar
2024-10-23,INR,0,2024-12-18,2025-03-19,0.5007904181009137,1.3273579136279217,92.0380760137671,0.8265674955270079,91,56,3.5335826675048856,Dec24-Mar25,Dec-Mar
2024-10-24,INR,0,2024-12-18,2025-03-19,0.4800714912736546,1.2871321143848522,91.87573944610517,0.8070606231111976,91,55,3.4570291439322145,Dec24-Mar25,Dec-Mar
2024-10-25,INR,0,2024-12-18,2025-03-19,0.4776944394057432,1.295429848592613,91.66908135577715,0.8177354091868698,91,54,3.5107003964494337,Dec24-Mar25,Dec-Mar
2024-10-28,INR,0,2024-12-18,2025-03-19,0.46542139351186795,1.3086678779787382,92.07866798546904,0.8432464844668702,91,51,3.60468202855119,Dec24-Mar25,Dec-Mar
2024-10-29,INR,0,2024-12-18,2025-03-19,0.46139097520956723,1.313842031606661,91.5802669129073,0.8524510563970937,91,50,3.6639212361670634,Dec24-Mar25,Dec-Mar
2024-10-30,INR,0,2024-12-18,2025-03-19,0.4441990705550517,1.2818994868219877,91.86685370010612,0.837700416266936,91,49,3.590013946630597,Dec24-Mar25,Dec-Mar
2024-10-31,INR,0,2024-12-18,2025-03-19,0.44220579360135304,1.2933983641125173,92.47742502191494,0.8511925705111643,91,48,3.623943825913227,Dec24-Mar25,Dec-Mar
2024-11-01,INR,0,2024-12-18,2025-03-19,0.4310309126917633,1.2577259037123758,92.68159737042585,0.8266949910206125,91,47,3.512350347124509,Dec24-Mar25,Dec-Mar
2024-11-04,INR,0,2024-12-18,2025-03-19,0.397108299793136,1.2134811814286517,91.84658325527158,0.8163728816355157,91,44,3.501168426617528,Dec24-Mar25,Dec-Mar
2024-11-05,INR,0,2024-12-18,2025-03-19,0.3879588345340692,1.2050731411647835,91.86604075658528,0.8171143066307143,91,43,3.5039566072696005,Dec24-Mar25,Dec-Mar
2024-11-06,INR,0,2024-12-18,2025-03-19,0.3674240607936549,1.1606456584816212,91.316456551064,0.7932215976879662,91,42,3.422651273479358,Dec24-Mar25,Dec-Mar
2024-11-07,INR,0,2024-12-18,2025-03-19,0.3636749160225685,1.1690543008711893,91.08357840274057,0.8053793848486208,91,41,3.48410272821075,Dec24-Mar25,Dec-Mar
2024-11-08,INR,0,2024-12-18,2025-03-19,0.3547104850717949,1.160963007130882,91.04410638156357,0.8062525220590872,91,40,3.4897283425354573,Dec24-Mar25,Dec-Mar
2024-11-11,INR,0,2024-12-18,2025-03-19,0.3270371409660828,1.1341274138203001,90.66745716720443,0.8070902728542173,91,37,3.5088766855425724,Dec24-Mar25,Dec-Mar
2024-11-12,INR,0,2024-12-18,2025-03-19,0.31963555876723115,1.1316173697762004,91.11436888781692,0.8119818110089693,91,36,3.5131740705245043,Dec24-Mar25,Dec-Mar
2024-11-13,INR,0,2024-12-18,2025-03-19,0.3075622633216904,1.112548454609194,91.4142495790343,0.8049861912875036,91,35,3.4719775948333234,Dec24-Mar25,Dec-Mar
2024-11-14,INR,0,2024-12-18,2025-03-19,0.2908381493792108,1.0759010734277228,90.99945550238111,0.785062924048512,91,34,3.4020521914888815,Dec24-Mar25,Dec-Mar
2024-11-15,INR,0,2024-12-18,2025-03-19,0.2796576049468605,1.0588668385282125,90.8786256069692,0.7792092335813521,91,33,3.3815752890354864,Dec24-Mar25,Dec-Mar
2024-11-18,INR,0,2024-12-18,2025-03-19,0.2525174987715815,1.0312150023641187,91.63985269492792,0.7786975035925372,91,30,3.3523583581316694,Dec24-Mar25,Dec-Mar
2024-11-19,INR,0,2024-12-18,2025-03-19,0.2421735495187332,1.0147971938432572,91.43818242367301,0.772623644324524,91,29,3.333901865870127,Dec24-Mar25,Dec-Mar
2024-11-20,INR,0,2024-12-18,2025-03-19,0.22969730538737265,0.9888590219903094,91.04741347662355,0.7591617166029367,91,28,3.29028503958612,Dec24-Mar25,Dec-Mar
2024-11-21,INR,0,2024-12-18,2025-03-19,0.22577987519963963,0.9994065338740693,91.1869709446403,0.7736266586744297,91,27,3.348002373667987,Dec24-Mar25,Dec-Mar
2024-11-22,INR,0,2024-12-18,2025-03-19,0.21036973222518562,0.9593212068586647,91.13336528637241,0.7489514746334791,91,26,3.2436652103077965,Dec24-Mar25,Dec-Mar
2024-11-25,INR,0,2024-12-18,2025-03-19,0.1813013694364072,0.9113075157011044,91.32002463912389,0.7300061462646972,91,23,3.1561689090005425,Dec24-Mar25,Dec-Mar
2024-11-26,INR,0,2024-12-18,2025-03-19,0.18016275578351215,0.9379925197121317,90.79986440619007,0.7578297639286196,91,22,3.2952373733221845,Dec24-Mar25,Dec-Mar
2024-11-27,INR,0,2024-12-18,2025-03-19,0.16788669406214937,0.9080098366979431,90.82177223865538,0.7401231426357937,91,21,3.217903792031665,Dec24-Mar25,Dec-Mar
2024-11-28,INR,0,2024-12-18,2025-03-19,0.16328282106612063,0.9188295812095716,90.7914549067344,0.7555467601434509,91,20,3.286223751113652,Dec24-Mar25,Dec-Mar
2024-11-29,INR,0,2024-12-18,2025-03-19,0.15909894818064207,0.9336628224196326,90.45827094406366,0.7745638742389905,91,19,3.3814805449516996,Dec24-Mar25,Dec-Mar
2024-12-02,INR,0,2024-12-18,2025-03-19,0.13015885975717711,0.8725002119403102,90.52908898838017,0.7423413521831331,91,16,3.239311034815636,Dec24-Mar25,Dec-Mar
2024-12-03,INR,0,2024-12-18,2025-03-19,0.1177125588006349,0.8388270364380167,90.1606040192547,0.7211144776373818,91,15,3.1599620806028543,Dec24-Mar25,Dec-Mar
2024-12-04,INR,0,2024-12-18,2025-03-19,0.11124442576392009,0.8468286337769707,89.9671719425044,0.7355842080130506,91,14,3.230522446547509,Dec24-Mar25,Dec-Mar
2024-12-05,INR,0,2024-12-18,2025-03-19,0.10493940733016381,0.8520364556141544,90.15261820447455,0.7470970482839906,91,13,3.2745720587232117,Dec24-Mar25,Dec-Mar
2024-12-06,INR,0,2024-12-18,2025-03-19,0.09550399164533747,0.8322538278541928,90.08087686833167,0.7367498362088553,91,12,3.2321265378526567,Dec24-Mar25,Dec-Mar
2024-12-09,INR,0,2024-12-18,2025-03-19,0.07399687842057898,0.8347179128235979,90.21869868358777,0.7607210344030189,91,9,3.332989265248857,Dec24-Mar25,Dec-Mar
2024-12-10,INR,0,2024-12-18,2025-03-19,0.06605213672724117,0.8298896605314625,89.96017342934249,0.7638375238042213,91,8,3.3565494948221177,Dec24-Mar25,Dec-Mar
2024-12-11,INR,0,2024-12-18,2025-03-19,0.05909347552850387,0.8397861690356389,89.83808378340956,0.780692693507135,91,7,3.4355412548501643,Dec24-Mar25,Dec-Mar
2024-12-12,INR,0,2024-12-18,2025-03-19,0.05966059304531474,0.8392336353571214,90.05957702158493,0.7795730423118066,91,6,3.4221607993627403,Dec24-Mar25,Dec-Mar
2024-12-13,INR,0,2024-12-18,2025-03-19,0.05856451581105418,0.8156478463390431,89.83687526958869,0.7570833305279889,91,5,3.3317095295453396,Dec24-Mar25,Dec-Mar
2024-12-16,INR,0,2024-12-18,2025-03-19,0.05838544320550028,0.7881189506368514,89.47176309919107,0.7297335074313511,91,2,3.224453302710168,Dec24-Mar25,Dec-Mar
2024-12-17,INR,0,2024-12-18,2025-03-19,0.057902883171647365,0.7733833661265069,89.09311998239043,0.7154804829548596,91,1,3.1749184129151793,Dec24-Mar25,Dec-Mar
2024-12-18,INR,0,2025-03-19,2025-06-18,0.7530724853809819,1.4937870645233087,88.97692491831548,0.7407145791423267,91,91,3.2656854104053332,Mar25-Jun25,Mar-Jun
2024-12-19,INR,0,2025-03-19,2025-06-18,0.7340322213988546,1.46380473075517,88.41016920480443,0.7297725093563154,91,90,3.238586558337267,Mar25-Jun25,Mar-Jun
2024-12-20,INR,0,2025-03-19,2025-06-18,0.7445618177942552,1.493327445658677,88.2185569590614,0.7487656278644217,91,89,3.329637918873323,Mar25-Jun25,Mar-Jun
2024-12-23,INR,0,2025-03-19,2025-06-18,0.7210247571244978,1.4709776193929553,88.40229177299035,0.7499528622684576,91,86,3.3289228942601787,Mar25-Jun25,Mar-Jun
2024-12-24,INR,0,2025-03-19,2025-06-18,0.7430067620239903,1.5252264043894497,89.00669615887098,0.7822196423654594,91,85,3.4479170267629233,Mar25-Jun25,Mar-Jun
2024-12-25,INR,0,2025-03-19,2025-06-18,0.7525973121641331,1.5545070694013536,89.0850302513088,0.8019097572372206,91,84,3.531248914793102,Mar25-Jun25,Mar-Jun
2024-12-26,INR,0,2025-03-19,2025-06-18,0.7429003475387324,1.5437915103191453,89.40383329453294,0.800891162780413,91,83,3.5146704888348244,Mar25-Jun25,Mar-Jun
2024-12-27,INR,0,2025-03-19,2025-06-18,0.7544110690453609,1.5778654649696886,89.2599679648064,0.8234543959243277,91,82,3.619001565126846,Mar25-Jun25,Mar-Jun
2024-12-30,INR,0,2025-03-19,2025-06-18,0.7311023894376386,1.55911433469156,88.40759449571954,0.8280119452539213,91,79,3.674780724890091,Mar25-Jun25,Mar-Jun
2024-12-31,INR,0,2025-03-19,2025-06-18,0.7142125814484672,1.5331739071141268,88.16926232089398,0.8189613256656596,91,78,3.6450498882870037,Mar25-Jun25,Mar-Jun
2025-01-01,INR,0,2025-03-19,2025-06-18,0.7036826621849983,1.5353076265854508,88.55523818010072,0.8316249644004525,91,77,3.6858443761882285,Mar25-Jun25,Mar-Jun
2025-01-02,INR,0,2025-03-19,2025-06-18,0.703530871414298,1.5459165200814182,88.50412578853899,0.8423856486671202,91,76,3.7356823156679924,Mar25-Jun25,Mar-Jun
2025-01-03,INR,0,2025-03-19,2025-06-18,0.6873580073538819,1.5213523896099252,88.01968908670104,0.8339943822560434,91,75,3.719341972685028,Mar25-Jun25,Mar-Jun
2025-01-06,INR,0,2025-03-19,2025-06-18,0.6683122882998713,1.5129847637899865,88.03684384675444,0.8446724754901151,91,72,3.767043075164437,Mar25-Jun25,Mar-Jun
2025-01-07,INR,0,2025-03-19,2025-06-18,0.6267023922996746,1.429940669754187,88.10326952227419,0.8032382774545124,91,71,3.581254297979941,Mar25-Jun25,Mar-Jun
2025-01-08,INR,0,2025-03-19,2025-06-18,0.6198976884766788,1.425764683496361,87.29356285300763,0.8058669950196823,91,70,3.6263448570751624,Mar25-Jun25,Mar-Jun
2025-01-09,INR,0,2025-03-19,2025-06-18,0.6345857572685616,1.4715032052604327,87.69432095997223,0.8369174479918711,91,69,3.748356381716342,Mar25-Jun25,Mar-Jun
2025-01-10,INR,0,2025-03-19,2025-06-18,0.6170766711250134,1.4428704516011344,88.00744766876099,0.825793780476121,91,68,3.6861991852981455,Mar25-Jun25,Mar-Jun
2025-01-13,INR,0,2025-03-19,2025-06-18,0.5885900454175386,1.4126161090020926,88.25487015042555,0.824026063584554,91,65,3.6692439953154055,Mar25-Jun25,Mar-Jun
2025-01-14,INR,0,2025-03-19,2025-06-18,0.5680447720748866,1.375733432368866,88.8129445736567,0.8076886602939793,91,64,3.57486739217193,Mar25-Jun25,Mar-Jun
2025-01-15,INR,0,2025-03-19,2025-06-18,0.5639286327091615,1.3784922132890616,88.46272219281695,0.8145635805799001,91,63,3.619645690234911,Mar25-Jun25,Mar-Jun
2025-01-16,INR,0,2025-03-19,2025-06-18,0.5633764667461408,1.3902677324541861,88.3725183250391,0.8268912657080453,91,62,3.678175388765542,Mar25-Jun25,Mar-Jun
2025-01-17,INR,0,2025-03-19,2025-06-18,0.5497464263304427,1.3698599475774964,87.6109902611881,0.8201135212470537,91,61,3.680102119040736,Mar25-Jun25,Mar-Jun
2025-01-20,INR,0,2025-03-19,2025-06-18,0.5208944068549735,1.3381597693343283,87.57611593663658,0.8172653624793549,91,58,3.669974367023837,Mar25-Jun25,Mar-Jun
2025-01-21,INR,0,2025-03-19,2025-06-18,0.4983533290731376,1.2939700474179712,87.37256928859087,0.7956167183448335,91,57,3.581952500522492,Mar25-Jun25,Mar-Jun
2025-01-22,INR,0,2025-03-19,2025-06-18,0.5020870421057178,1.317978485527509,87.34900104890822,0.8158914434217912,91,56,3.6740608268765387,Mar25-Jun25,Mar-Jun
2025-01-23,INR,0,2025-03-19,2025-06-18,0.505547931804303,1.3419999644259681,87.23381946769275,0.8364520326216651,91,55,3.7714438868778113,Mar25-Jun25,Mar-Jun
2025-01-24,INR,0,2025-03-19,2025-06-18,0.5100318412217544,1.3695299440213775,87.1023972525476,0.8594981027996231,91,54,3.8809702116265874,Mar25-Jun25,Mar-Jun
2025-01-27,INR,0,2025-03-19,2025-06-18,0.46782069264188436,1.302559575591129,86.45637359857187,0.8347388829492446,91,51,3.7990156131939443,Mar25-Jun25,Mar-Jun
2025-01-28,INR,0,2025-03-19,2025-06-18,0.4688052965191466,1.3220309361839933,86.46847104993707,0.8532256396648467,91,50,3.8825671527670553,Mar25-Jun25,Mar-Jun
2025-01-29,INR,0,2025-03-19,2025-06-18,0.4720283893184475,1.34865254090985,86.66315166338659,0.8766241515914025,91,49,3.979981075987562,Mar25-Jun25,Mar-Jun
2025-01-30,INR,0,2025-03-19,2025-06-18,0.4626380800110375,1.339722773365296,86.83204324474914,0.8770846933542586,91,48,3.974796112920403,Mar25-Jun25,Mar-Jun
2025-01-31,INR,0,2025-03-19,2025-06-18,0.4576625467902353,1.3437751373840954,86.57377455445199,0.88611259059386,91,47,4.0278553074051455,Mar25-Jun25,Mar-Jun
2025-02-03,INR,0,2025-03-19,2025-06-18,0.4269305434511015,1.3099005310431522,86.24425067037888,0.8829699875920507,91,44,4.0302532328062455,Mar25-Jun25,Mar-Jun
2025-02-04,INR,0,2025-03-19,2025-06-18,0.39810692735826264,1.2406122852559813,86.0401426235327,0.8425053578977186,91,43,3.855918238006005,Mar25-Jun25,Mar-Jun
2025-02-05,INR,0,2025-03-19,2025-06-18,0.3730098484324141,1.1811978533693113,85.83726946717036,0.8081880049368972,91,42,3.708638108656669,Mar25-Jun25,Mar-Jun
2025-02-06,INR,0,2025-03-19,2025-06-18,0.3630397670920678,1.1688109574671453,85.82139491439706,0.8057711903750775,91,41,3.6986565606867936,Mar25-Jun25,Mar-Jun
2025-02-07,INR,0,2025-03-19,2025-06-18,0.3556130844057732,1.1646328514289075,86.01222239161953,0.8090197670231343,91,40,3.70568249396548,Mar25-Jun25,Mar-Jun
2025-02-10,INR,0,2025-03-19,2025-06-18,0.3364756081593111,1.1640237255241033,86.42942852814265,0.8275481173647922,91,37,3.7731603913141587,Mar25-Jun25,Mar-Jun
2025-02-11,INR,0,2025-03-19,2025-06-18,0.3234960200359197,1.1412220706822722,86.51437581484358,0.8177260506463525,91,36,3.725287287682967,Mar25-Jun25,Mar-Jun
2025-02-12,INR,0,2025-03-19,2025-06-18,0.31295420567946286,1.1266351404460664,86.07164478042567,0.8136809347666035,91,35,3.726309529606516,Mar25-Jun25,Mar-Jun
2025-02-13,INR,0,2025-03-19,2025-06-18,0.30246735961889304,1.112012351540048,86.14849477495481,0.8095449919211549,91,34,3.7045227645356285,Mar25-Jun25,Mar-Jun
2025-02-14,INR,0,2025-03-19,2025-06-18,0.29674915757195114,1.1150574405733922,86.33046425424092,0.818308283001441,91,33,3.73700527772851,Mar25-Jun25,Mar-Jun
2025-02-17,INR,0,2025-03-19,2025-06-18,0.26458945965097896,1.0671774872589483,86.27926865647095,0.8025880276079693,91,30,3.66874505589007,Mar25-Jun25,Mar-Jun
2025-02-18,INR,0,2025-03-19,2025-06-18,0.25181055963263294,1.0419747295143431,86.12223817570877,0.7901641698817101,91,29,3.6190548368540076,Mar25-Jun25,Mar-Jun
2025-02-19,INR,0,2025-03-19,2025-06-18,0.2419603768291509,1.0283316015238912,86.03425714560447,0.7863712246947403,91,28,3.605766710683172,Mar25-Jun25,Mar-Jun
2025-02-20,INR,0,2025-03-19,2025-06-18,0.2355389677609357,1.0293925257700152,86.02506142511648,0.7938535580090795,91,27,3.64073465271769,Mar25-Jun25,Mar-Jun
2025-02-21,INR,0,2025-03-19,2025-06-18,0.23015599938977516,1.035701997253988,85.89283334967182,0.8055459978642129,91,26,3.7002609875162533,Mar25-Jun25,Mar-Jun
2025-02-24,INR,0,2025-03-19,2025-06-18,0.20472921567942026,1.01474480815017,86.03943024010515,0.8100155924707497,91,23,3.7155644035676456,Mar25-Jun25,Mar-Jun
2025-02-25,INR,0,2025-03-19,2025-06-18,0.1942543852902252,0.9977611608088839,86.29088089306146,0.8035067755186587,91,22,3.675438689782156,Mar25-Jun25,Mar-Jun
2025-02-26,INR,0,2025-03-19,2025-06-18,0.18225102021024303,0.972005441121296,85.81232548039875,0.789754420911053,91,21,3.6331398220003073,Mar25-Jun25,Mar-Jun
2025-02-27,INR,0,2025-03-19,2025-06-18,0.1751671812243721,0.9721778557952654,85.55804746047589,0.7970106745708933,91,20,3.6776986319898577,Mar25-Jun25,Mar-Jun
2025-02-28,INR,0,2025-03-19,2025-06-18,0.1685761309976304,0.9759670741968076,85.37915247919604,0.8073909431991773,91,19,3.733674888741679,Mar25-Jun25,Mar-Jun
2025-03-03,INR,0,2025-03-19,2025-06-18,0.1372931229636525,0.9181477598194262,84.70344648391567,0.7808546368557737,91,16,3.641051788322325,Mar25-Jun25,Mar-Jun
2025-03-04,INR,0,2025-03-19,2025-06-18,0.13048189294999182,0.9220720435132754,85.08490513802688,0.7915901505632836,91,15,3.674882600323631,Mar25-Jun25,Mar-Jun
2025-03-05,INR,0,2025-03-19,2025-06-18,0.11929931417942313,0.8947448563456736,84.7053877715923,0.7754455421662505,91,14,3.6165139604063907,Mar25-Jun25,Mar-Jun
2025-03-06,INR,0,2025-03-19,2025-06-18,0.11122947691601032,0.8898358153280825,84.34798921572232,0.7786063384120723,91,13,3.6469682610041234,Mar25-Jun25,Mar-Jun
2025-03-07,INR,0,2025-03-19,2025-06-18,0.1011476808342109,0.8681842604936434,84.05431302882945,0.7670365796594325,91,12,3.6057439403666383,Mar25-Jun25,Mar-Jun
2025-03-10,INR,0,2025-03-19,2025-06-18,0.07675514756027604,0.852834972891956,83.78124767754976,0.77607982533168,91,9,3.6611960683276297,Mar25-Jun25,Mar-Jun
2025-03-11,INR,0,2025-03-19,2025-06-18,0.06961696168819557,0.8615099008914202,83.79810949010574,0.7918929392032247,91,8,3.735362109487301,Mar25-Jun25,Mar-Jun
2025-03-12,INR,0,2025-03-19,2025-06-18,0.05987559971634774,0.8382583960288683,83.79203852767836,0.7783827963125206,91,7,3.672327088636708,Mar25-Jun25,Mar-Jun
2025-03-13,INR,0,2025-03-19,2025-06-18,0.05944446185243825,0.8237303999552158,83.21701800913345,0.7642859381027776,91,6,3.630736316608408,Mar25-Jun25,Mar-Jun
2025-03-14,INR,0,2025-03-19,2025-06-18,0.05906893906185091,0.8100883071339553,83.90106984052757,0.7510193680721043,91,5,3.538662126003886,Mar25-Jun25,Mar-Jun
2025-03-17,INR,0,2025-03-19,2025-06-18,0.058982138363411644,0.7836198382567547,84.05921491648736,0.7246376998933431,91,2,3.4079410797587397,Mar25-Jun25,Mar-Jun
2025-03-18,INR,0,2025-03-19,2025-06-18,0.059534762523446555,0.7824568788795834,84.42885887498583,0.7229221163561368,91,1,3.384975788948524,Mar25-Jun25,Mar-Jun
2025-03-19,INR,0,2025-06-18,2025-09-17,0.7578555810348923,1.5157111620697845,84.38041488645254,0.7578555810348923,91,91,3.5214598258161445,Jun25-Sep25,Jun-Sep
2025-03-20,INR,0,2025-06-18,2025-09-17,0.7538892355292365,1.516155018119909,85.15620322091458,0.7622657825906726,91,90,3.5101311800424133,Jun25-Sep25,Jun-Sep
2025-03-21,INR,0,2025-06-18,2025-09-17,0.7400988399873021,1.4968291145810604,84.79531286590304,0.7567302745937583,91,89,3.4999050913038037,Jun25-Sep25,Jun-Sep
2025-03-24,INR,0,2025-06-18,2025-09-17,0.7114699968515726,1.464304528403818,84.22016393512126,0.7528345315522454,91,86,3.50663982378328,Jun25-Sep25,Jun-Sep
2025-03-25,INR,0,2025-06-18,2025-09-17,0.6749777930185146,1.3976010773089245,83.7651900667175,0.7226232842904099,91,85,3.385508992666099,Jun25-Sep25,Jun-Sep
2025-03-26,INR,0,2025-06-18,2025-09-17,0.6733650559099074,1.4028438664789737,84.18482846735826,0.7294788105690664,91,84,3.40079150850951,Jun25-Sep25,Jun-Sep
2025-03-27,INR,0,2025-06-18,2025-09-17,0.6752230386488582,1.4155278159626667,84.28772360048684,0.7403047773138085,91,83,3.447006437243532,Jun25-Sep25,Jun-Sep
2025-03-28,INR,0,2025-06-18,2025-09-17,0.6681634813982592,1.4096619790475469,84.30653288951869,0.7414984976492877,91,82,3.4520872392844253,Jun25-Sep25,Jun-Sep
2025-03-31,INR,0,2025-06-18,2025-09-17,0.6370970812452026,1.37096840267955,84.60745421253642,0.7338713214343473,91,79,3.4057627867250537,Jun25-Sep25,Jun-Sep
2025-04-01,INR,0,2025-06-18,2025-09-17,0.6531150227167619,1.415082549219651,84.56539868829037,0.7619675265028891,91,78,3.5372325761815433,Jun25-Sep25,Jun-Sep
2025-04-02,INR,0,2025-06-18,2025-09-17,0.6252911919448023,1.3642716915159323,84.2684411917405,0.73898049957113,91,77,3.4436456695648756,Jun25-Sep25,Jun-Sep
2025-04-03,INR,0,2025-06-18,2025-09-17,0.6133876089739606,1.3478385618243607,84.20941628330384,0.7344509528504001,91,76,3.425399915716602,Jun25-Sep25,Jun-Sep
2025-04-04,INR,0,2025-06-18,2025-09-17,0.6140652297804584,1.3591310419140814,84.36713405373165,0.745065812133623,91,75,3.468429638316523,Jun25-Sep25,Jun-Sep
2025-04-07,INR,0,2025-06-18,2025-09-17,0.6227268894671792,1.4097844858770863,84.68248270224223,0.787057596409907,91,72,3.649993314873149,Jun25-Sep25,Jun-Sep
2025-04-08,INR,0,2025-06-18,2025-09-17,0.6135668038561003,1.3999693271082851,84.80205272326334,0.7864025232521848,91,71,3.6422412743160706,Jun25-Sep25,Jun-Sep
2025-04-09,INR,0,2025-06-18,2025-09-17,0.6219067569655221,1.4303855410207005,85.18288502293075,0.8084787840551784,91,70,3.727504654350388,Jun25-Sep25,Jun-Sep
2025-04-10,INR,0,2025-06-18,2025-09-17,0.5825260106317993,1.3507849521896795,85.10492420628253,0.7682589415578802,91,69,3.5469209723629493,Jun25-Sep25,Jun-Sep
2025-04-11,INR,0,2025-06-18,2025-09-17,0.5827423119508492,1.3625886411791917,84.6815497357828,0.7798463292283424,91,68,3.618286486985267,Jun25-Sep25,Jun-Sep
2025-04-14,INR,0,2025-06-18,2025-09-17,0.5594005005024779,1.3425612012059471,84.0395948454282,0.7831607007034692,91,65,3.6622398929920483,Jun25-Sep25,Jun-Sep
2025-04-15,INR,0,2025-06-18,2025-09-17,0.5477124051692507,1.3264909812692791,83.95559305628379,0.7787785761000284,91,64,3.6458719126465304,Jun25-Sep25,Jun-Sep
2025-04-16,INR,0,2025-06-18,2025-09-17,0.5350554398360547,1.3079132973770229,83.75848089145533,0.7728578575409681,91,63,3.62715789285382,Jun25-Sep25,Jun-Sep
2025-04-17,INR,0,2025-06-18,2025-09-17,0.5201294063930976,1.2835451480345796,83.71815110219941,0.7634157416414821,91,62,3.585194536777774,Jun25-Sep25,Jun-Sep
2025-04-18,INR,0,2025-06-18,2025-09-17,0.5017909545931576,1.2503643458714748,83.30889333838422,0.7485733912783172,91,61,3.5334268717694526,Jun25-Sep25,Jun-Sep
2025-04-21,INR,0,2025-06-18,2025-09-17,0.48056655182106006,1.2345589003678956,83.46326859177162,0.7539923485468356,91,58,3.5533602536383517,Jun25-Sep25,Jun-Sep
2025-04-22,INR,0,2025-06-18,2025-09-17,0.4552395992209516,1.1820256260473831,82.88713433502508,0.7267860268264316,91,57,3.449862696534594,Jun25-Sep25,Jun-Sep
2025-04-23,INR,0,2025-06-18,2025-09-17,0.44492060849681325,1.1679165973041348,82.88663056051806,0.7229959888073215,91,56,3.4323180975763377,Jun25-Sep25,Jun-Sep
2025-04-24,INR,0,2025-06-18,2025-09-17,0.4449682049037969,1.1811883257446245,83.33889282778642,0.7362201208408277,91,55,3.4762293399607223,Jun25-Sep25,Jun-Sep
2025-04-25,INR,0,2025-06-18,2025-09-17,0.43494783160346084,1.1679154737500337,83.14915562438337,0.7329676421465728,91,54,3.469143163348724,Jun25-Sep25,Jun-Sep
2025-04-28,INR,0,2025-06-18,2025-09-17,0.4128200919244874,1.1494206481034748,82.69717548166886,0.7366005561789875,91,51,3.5062258855616464,Jun25-Sep25,Jun-Sep
2025-04-29,INR,0,2025-06-18,2025-09-17,0.4084674983350502,1.1518783453048416,82.86531299997444,0.7434108469697913,91,50,3.5316830464686775,Jun25-Sep25,Jun-Sep
2025-04-30,INR,0,2025-06-18,2025-09-17,0.40158360866333753,1.1473817390381071,82.60678965609425,0.7457981303747696,91,49,3.5543524948833003,Jun25-Sep25,Jun-Sep
2025-05-01,INR,0,2025-06-18,2025-09-17,0.39976161272225563,1.1576430035081986,83.12585027060211,0.757881390785943,91,48,3.5895721417821544,Jun25-Sep25,Jun-Sep
2025-05-02,INR,0,2025-06-18,2025-09-17,0.3877099255956195,1.1383823347275637,83.03467878481625,0.7506724091319441,91,47,3.5598273952862254,Jun25-Sep25,Jun-Sep
2025-05-05,INR,0,2025-06-18,2025-09-17,0.3642139587218638,1.1174746460784455,82.87009517202092,0.7532606873565817,91,44,3.5801731529503513,Jun25-Sep25,Jun-Sep
2025-05-06,INR,0,2025-06-18,2025-09-17,0.3645396204563017,1.13600718932894,82.24474472288118,0.7714675688726383,91,43,3.694451098787019,Jun25-Sep25,Jun-Sep
2025-05-07,INR,0,2025-06-18,2025-09-17,0.35654115308991907,1.1290469847847435,82.0085404013313,0.7725058316948245,91,42,3.710391550411803,Jun25-Sep25,Jun-Sep
2025-05-08,INR,0,2025-06-18,2025-09-17,0.34182903484466215,1.1005227463291563,82.15918033600046,0.758693711484494,91,41,3.638047212628938,Jun25-Sep25,Jun-Sep
2025-05-09,INR,0,2025-06-18,2025-09-17,0.33200447463773525,1.087314654438583,82.0899380667171,0.7553101798008477,91,40,3.6252970745506827,Jun25-Sep25,Jun-Sep
2025-05-12,INR,0,2025-06-18,2025-09-17,0.3123718876061241,1.0806378814482132,82.0684402825098,0.768265993842089,91,37,3.689322745807554,Jun25-Sep25,Jun-Sep
2025-05-13,INR,0,2025-06-18,2025-09-17,0.30560382829011534,1.0781023942456849,82.40651132550062,0.7724985659555695,91,36,3.6947891819946017,Jun25-Sep25,Jun-Sep
2025-05-14,INR,0,2025-06-18,2025-09-17,0.2945532244662511,1.0603916080785039,82.220710409061,0.7658383836122528,91,35,3.671672579574375,Jun25-Sep25,Jun-Sep
2025-05-15,INR,0,2025-06-18,2025-09-17,0.28519551851898,1.048512935731544,82.52657030101857,0.7633174172125639,91,34,3.6464833529662686,Jun25-Sep25,Jun-Sep
2025-05-16,INR,0,2025-06-18,2025-09-17,0.2907396502764972,1.0924762616450197,82.75449295300318,0.8017366113685225,91,33,3.8192502764070686,Jun25-Sep25,Jun-Sep
2025-05-19,INR,0,2025-06-18,2025-09-17,0.2709050799583878,1.0926504891654978,83.12667678971154,0.8217454092071099,91,30,3.8980278404006667,Jun25-Sep25,Jun-Sep
2025-05-20,INR,0,2025-06-18,2025-09-17,0.26587270276735453,1.1001629080028463,82.91180712545886,0.8342902052354918,91,29,3.9679980624904827,Jun25-Sep25,Jun-Sep
2025-05-21,INR,0,2025-06-18,2025-09-17,0.25423837195165433,1.0805130807945311,83.41017467808835,0.8262747088428768,91,28,3.9070124904776042,Jun25-Sep25,Jun-Sep
2025-05-22,INR,0,2025-06-18,2025-09-17,0.24853235612311328,1.0861784452787913,82.95155537731135,0.837646089155678,91,27,3.9828861225786256,Jun25-Sep25,Jun-Sep
2025-05-23,INR,0,2025-06-18,2025-09-17,0.24063347866840665,1.08285065400783,82.86502787857832,0.8422171753394233,91,26,4.009171110323417,Jun25-Sep25,Jun-Sep
2025-05-26,INR,0,2025-06-18,2025-09-17,0.21545250224778478,1.067895011141194,82.8764219155893,0.8524425088934092,91,23,4.058519631203292,Jun25-Sep25,Jun-Sep
2025-05-27,INR,0,2025-06-18,2025-09-17,0.20952077187199786,1.0761748737061707,82.32550990625789,0.8666541018341729,91,22,4.154020048665559,Jun25-Sep25,Jun-Sep
2025-05-28,INR,0,2025-06-18,2025-09-17,0.19578890197724946,1.0442074772119971,82.58166068974968,0.8484185752347477,91,21,4.054704745443475,Jun25-Sep25,Jun-Sep
2025-05-29,INR,0,2025-06-18,2025-09-17,0.1837997493770938,1.0200886090428705,82.16118432030761,0.8362888596657767,91,20,4.017725579967276,Jun25-Sep25,Jun-Sep
2025-05-30,INR,0,2025-06-18,2025-09-17,0.17449873629418905,1.0102558417031997,82.1123474953058,0.8357571054090107,91,19,4.0180077339073135,Jun25-Sep25,Jun-Sep
2025-06-02,INR,0,2025-06-18,2025-09-17,0.1449822486345081,0.9695687877432729,82.10036716403089,0.8245865391087648,91,16,3.9663040130194958,Jun25-Sep25,Jun-Sep
2025-06-03,INR,0,2025-06-18,2025-09-17,0.13267149608084555,0.9375452389713085,81.92982487620354,0.8048737428904629,91,15,3.8801109479965805,Jun25-Sep25,Jun-Sep
2025-06-04,INR,0,2025-06-18,2025-09-17,0.12485393486946522,0.936404511520989,82.1264275987382,0.8115505766515239,91,14,3.9033188224239894,Jun25-Sep25,Jun-Sep
2025-06-05,INR,0,2025-06-18,2025-09-17,0.11625463153581952,0.9300370522865562,82.50858716565571,0.8137824207507367,91,13,3.8963572663144803,Jun25-Sep25,Jun-Sep
2025-06-06,INR,0,2025-06-18,2025-09-17,0.1083160551245924,0.9297128064860847,82.44661466298433,0.8213967513614923,91,12,3.9361448498254217,Jun25-Sep25,Jun-Sep
2025-06-09,INR,0,2025-06-18,2025-09-17,0.08217665683014072,0.9130739647793413,82.56331549783515,0.8308973079492006,91,9,3.977308607533115,Jun25-Sep25,Jun-Sep
2025-06-10,INR,0,2025-06-18,2025-09-17,0.07458691825638421,0.9230131134227547,82.60341470942194,0.8484261951663705,91,8,4.059618345218533,Jun25-Sep25,Jun-Sep
2025-06-11,INR,0,2025-06-18,2025-09-17,0.06483024341480353,0.9076234078072495,81.90028687985586,0.842793164392446,91,7,4.06773871764936,Jun25-Sep25,Jun-Sep
2025-06-12,INR,0,2025-06-18,2025-09-17,0.06322957701816662,0.8761812815374518,81.28288300406064,0.8129517045192851,91,6,3.9535665260139568,Jun25-Sep25,Jun-Sep
2025-06-13,INR,0,2025-06-18,2025-09-17,0.06266526946759786,0.8594094098413421,80.7810847855087,0.7967441403737442,91,5,3.8988231482279985,Jun25-Sep25,Jun-Sep
2025-06-16,INR,0,2025-06-18,2025-09-17,0.06154425773978943,0.8176594242572023,80.62789370810839,0.7561151665174128,91,2,3.7070834919440325,Jun25-Sep25,Jun-Sep
2025-06-17,INR,0,2025-06-18,2025-09-17,0.06115933484333254,0.8038084007980847,81.2866216252355,0.7426490659547521,91,1,3.6115949496812267,Jun25-Sep25,Jun-Sep
2025-06-18,INR,0,2025-09-17,2025-12-17,0.7941602032854023,1.5883204065708045,81.95377038402049,0.7941602032854023,91,91,3.7967507465616825,Sep25-Dec25,Sep-Dec
2025-06-19,INR,0,2025-09-17,2025-12-17,0.8012809045041684,1.6114649301694943,82.19936608393321,0.8101840256653259,91,90,3.8615646194458613,Sep25-Dec25,Sep-Dec
2025-06-20,INR,0,2025-09-17,2025-12-17,0.7853136630997064,1.5882748242465974,81.99243254780198,0.802961161146891,91,89,3.837443991770436,Sep25-Dec25,Sep-Dec
2025-06-23,INR,0,2025-09-17,2025-12-17,0.7632017307600354,1.57077565516891,82.19471988316398,0.8075739244088747,91,86,3.8511065375825853,Sep25-Dec25,Sep-Dec
2025-06-24,INR,0,2025-09-17,2025-12-17,0.7624938466373392,1.5788107883314317,81.70733706293463,0.8163169416940925,91,85,3.915838880458261,Sep25-Dec25,Sep-Dec
2025-06-25,INR,0,2025-09-17,2025-12-17,0.7500952852415441,1.5626985109198834,82.005427441921,0.8126032256783393,91,84,3.8845674266419423,Sep25-Dec25,Sep-Dec
2025-06-26,INR,0,2025-09-17,2025-12-17,0.7479405919371561,1.5679718433381347,82.43204111424699,0.8200312514009785,91,83,3.9000726007984152,Sep25-Dec25,Sep-Dec
2025-06-27,INR,0,2025-09-17,2025-12-17,0.7635858711496164,1.6109799476693127,82.32883250576157,0.8473940765196963,91,82,4.034457391283069,Sep25-Dec25,Sep-Dec
2025-06-30,INR,0,2025-09-17,2025-12-17,0.7234204959515704,1.5567276495160378,82.27586778687626,0.8333071535644674,91,79,3.971840959832541,Sep25-Dec25,Sep-Dec
2025-07-01,INR,0,2025-09-17,2025-12-17,0.7082045601737245,1.5344432137097364,82.42672110810344,0.8262386535360119,91,78,3.93172472976451,Sep25-Dec25,Sep-Dec
2025-07-02,INR,0,2025-09-17,2025-12-17,0.6978192667126464,1.5225147637366827,82.41278527423573,0.8246954970240363,91,77,3.925529906320403,Sep25-Dec25,Sep-Dec
2025-07-03,INR,0,2025-09-17,2025-12-17,0.6919098074782007,1.526092762969355,82.25282592216989,0.8341829554911543,91,76,3.9786303618616077,Sep25-Dec25,Sep-Dec
2025-07-04,INR,0,2025-09-17,2025-12-17,0.7013101350755176,1.5575228746271463,81.61368161143788,0.8562127395516287,91,75,4.114943294681813,Sep25-Dec25,Sep-Dec
2025-07-07,INR,0,2025-09-17,2025-12-17,0.6671657594067765,1.514523201997812,81.17775287397541,0.8473574425910356,91,72,4.095774478543992,Sep25-Dec25,Sep-Dec
2025-07-08,INR,0,2025-09-17,2025-12-17,0.6452711102309899,1.4760794456789001,81.44745032227095,0.8308083354479102,91,71,4.003661027101021,Sep25-Dec25,Sep-Dec
2025-07-09,INR,0,2025-09-17,2025-12-17,0.6212411461270456,1.432261267697011,81.75915851534813,0.8110201215699654,91,70,3.8946536595491965,Sep25-Dec25,Sep-Dec
2025-07-10,INR,0,2025-09-17,2025-12-17,0.6100850274081823,1.4177156612907948,81.69505190439628,0.8076306338826126,91,69,3.8819233002850444,Sep25-Dec25,Sep-Dec
2025-07-11,INR,0,2025-09-17,2025-12-17,0.581136298605688,1.3614835003166421,81.77439776699524,0.7803472017109541,91,68,3.748488630388048,Sep25-Dec25,Sep-Dec
2025-07-14,INR,0,2025-09-17,2025-12-17,0.5667344903442859,1.3616776576914427,81.80356671846958,0.7949431673471568,91,65,3.8179174610637903,Sep25-Dec25,Sep-Dec
2025-07-15,INR,0,2025-09-17,2025-12-17,0.5632858089337128,1.3653431424643705,81.74332461850081,0.8020573335306577,91,64,3.85506589353733,Sep25-Dec25,Sep-Dec
2025-07-16,INR,0,2025-09-17,2025-12-17,0.5453949965492696,1.3339420870118983,81.46630827785499,0.7885470904626287,91,63,3.8037582768437925,Sep25-Dec25,Sep-Dec
2025-07-17,INR,0,2025-09-17,2025-12-17,0.5439840307772738,1.3427895016983589,81.49609059807162,0.7988054709210851,91,62,3.85190965462754,Sep25-Dec25,Sep-Dec
2025-07-18,INR,0,2025-09-17,2025-12-17,0.5540934029109761,1.3806917580732516,81.59816922495786,0.8265983551622755,91,61,3.9804861392902144,Sep25-Dec25,Sep-Dec
2025-07-21,INR,0,2025-09-17,2025-12-17,0.5282222364554561,1.356984710894189,81.64792523906446,0.828762474438733,91,58,3.989747486003832,Sep25-Dec25,Sep-Dec
2025-07-22,INR,0,2025-09-17,2025-12-17,0.517620956518769,1.3439982730662774,81.09002227088637,0.8263773165475083,91,57,4.005978924584026,Sep25-Dec25,Sep-Dec
2025-07-23,INR,0,2025-09-17,2025-12-17,0.5202711549467296,1.365711781735165,81.59225540760414,0.8454406267884353,91,56,4.0731912922599065,Sep25-Dec25,Sep-Dec
2025-07-24,INR,0,2025-09-17,2025-12-17,0.5269768531752196,1.3988840102469466,81.83832549882932,0.8719071570717271,91,55,4.187810814102032,Sep25-Dec25,Sep-Dec
2025-07-25,INR,0,2025-09-17,2025-12-17,0.4999577366061511,1.342479107553554,81.90511664187686,0.8425213709474029,91,54,4.044716423731153,Sep25-Dec25,Sep-Dec
2025-07-28,INR,0,2025-09-17,2025-12-17,0.4562510184571098,1.2703459729590114,81.80170757379732,0.8140949545019016,91,51,3.9152386948566473,Sep25-Dec25,Sep-Dec
2025-07-29,INR,0,2025-09-17,2025-12-17,0.45596163191318634,1.2858118019951854,81.47891709903915,0.8298501700819991,91,50,4.006747554426701,Sep25-Dec25,Sep-Dec
2025-07-30,INR,0,2025-09-17,2025-12-17,0.44707885333839,1.2773681523954,81.3117961858351,0.8302892990570099,91,49,4.017497747771881,Sep25-Dec25,Sep-Dec
2025-07-31,INR,0,2025-09-17,2025-12-17,0.43437269186772975,1.257870920200301,81.04314115115213,0.8234982283325711,91,48,3.998397883475747,Sep25-Dec25,Sep-Dec
2025-08-01,INR,0,2025-09-17,2025-12-17,0.40906775279611335,1.2010925507630563,81.08191795502646,0.792024797966943,91,47,3.8449466377398953,Sep25-Dec25,Sep-Dec
2025-08-04,INR,0,2025-09-17,2025-12-17,0.3782323635331944,1.1653599141987738,80.987594260836,0.7871275506655795,91,44,3.8270503952744472,Sep25-Dec25,Sep-Dec
2025-08-05,INR,0,2025-09-17,2025-12-17,0.36485619830451954,1.141487166218533,80.88177541031087,0.7766309679140135,91,43,3.7815552298748973,Sep25-Dec25,Sep-Dec
2025-08-06,INR,0,2025-09-17,2025-12-17,0.37099596542273855,1.178934729210454,80.7873782095323,0.8079387637877153,91,42,3.9382766052530758,Sep25-Dec25,Sep-Dec
2025-08-07,INR,0,2025-09-17,2025-12-17,0.3647435565400303,1.178031907829259,80.6885162599319,0.8132883512892286,91,41,3.9694942238274593,Sep25-Dec25,Sep-Dec
2025-08-08,INR,0,2025-09-17,2025-12-17,0.35299699988648425,1.1594383117299156,80.95529044031447,0.8064413118434314,91,40,3.9237295213832692,Sep25-Dec25,Sep-Dec
2025-08-11,INR,0,2025-09-17,2025-12-17,0.3318347565292585,1.1502201378062524,81.04501273257085,0.8183853812769939,91,37,3.978488527402354,Sep25-Dec25,Sep-Dec
2025-08-12,INR,0,2025-09-17,2025-12-17,0.3195062734544828,1.12902816130774,81.26049403118094,0.8095218878532572,91,36,3.9255996074631074,Sep25-Dec25,Sep-Dec
2025-08-13,INR,0,2025-09-17,2025-12-17,0.3145392691111546,1.1338463886764258,81.27107331853809,0.8193071195652712,91,35,3.9727776451,Sep25-Dec25,Sep-Dec
2025-08-14,INR,0,2025-09-17,2025-12-17,0.30097392024893516,1.107644034560881,80.8033636652881,0.8066701143119457,91,34,3.934712402871665,Sep25-Dec25,Sep-Dec
2025-08-15,INR,0,2025-09-17,2025-12-17,0.29075395080311117,1.09327375966995,80.32637298293902,0.8025198088668388,91,33,3.938125507849651,Sep25-Dec25,Sep-Dec
2025-08-18,INR,0,2025-09-17,2025-12-17,0.273472217961128,1.1030046124432165,80.69046156449109,0.8295323944820885,91,30,4.053245021852945,Sep25-Dec25,Sep-Dec
2025-08-19,INR,0,2025-09-17,2025-12-17,0.26639088826154267,1.1023071238408664,80.86302729847324,0.8359162355793237,91,29,4.0761063562802295,Sep25-Dec25,Sep-Dec
2025-08-20,INR,0,2025-09-17,2025-12-17,0.25392283040621905,1.0791720292264309,80.8666993798675,0.8252491988202117,91,28,4.024527939098197,Sep25-Dec25,Sep-Dec
2025-08-21,INR,0,2025-09-17,2025-12-17,0.24249578290512028,1.0597963845483034,81.36986811090121,0.8173006016431831,91,27,3.9617491163578036,Sep25-Dec25,Sep-Dec
2025-08-22,INR,0,2025-09-17,2025-12-17,0.23865114736576032,1.0739301631459215,81.155056156146,0.8352790157801612,91,26,4.059773920440249,Sep25-Dec25,Sep-Dec
2025-08-25,INR,0,2025-09-17,2025-12-17,0.20978675745062514,1.0398126238857073,80.65963937740185,0.8300258664350821,91,23,4.060395837105493,Sep25-Dec25,Sep-Dec
2025-08-26,INR,0,2025-09-17,2025-12-17,0.20281783365857614,1.0417461456099593,80.45206456661978,0.8389283119513831,91,22,4.114862212033965,Sep25-Dec25,Sep-Dec
2025-08-27,INR,0,2025-09-17,2025-12-17,0.19458157430631334,1.037768396300338,80.22794937552679,0.8431868219940246,91,21,4.1476985262328325,Sep25-Dec25,Sep-Dec
2025-08-28,INR,0,2025-09-17,2025-12-17,0.18446200381192054,1.023764121156159,80.33283214652498,0.8393021173442384,91,20,4.123730316141895,Sep25-Dec25,Sep-Dec
2025-08-29,INR,0,2025-09-17,2025-12-17,0.17884706064737105,1.0354303511163585,80.20230567733756,0.8565832904689874,91,19,4.215765802904088,Sep25-Dec25,Sep-Dec
2025-09-01,INR,0,2025-09-17,2025-12-17,0.14743347786446034,0.9917314734569196,80.49275882485587,0.8442979955924592,91,16,4.141954386746835,Sep25-Dec25,Sep-Dec
2025-09-02,INR,0,2025-09-17,2025-12-17,0.1362125581856442,0.96800098269192,80.83170411890848,0.8317884245062759,91,15,4.064068466277174,Sep25-Dec25,Sep-Dec
2025-09-03,INR,0,2025-09-17,2025-12-17,0.12806443485885313,0.9655685451373046,81.07395149472997,0.8375041102784515,91,14,4.08019805382901,Sep25-Dec25,Sep-Dec
2025-09-04,INR,0,2025-09-17,2025-12-17,0.1192732729822863,0.9589023876010945,80.97359041491181,0.8396291146188082,91,13,4.096056709737573,Sep25-Dec25,Sep-Dec
2025-09-05,INR,0,2025-09-17,2025-12-17,0.10965105449026966,0.9455203834756489,80.88828327552025,0.8358693289853792,91,12,4.082493997319107,Sep25-Dec25,Sep-Dec
2025-09-08,INR,0,2025-09-17,2025-12-17,0.08070852801853043,0.9000363554631027,81.21833926767742,0.8193278274445722,91,9,3.9868817503570693,Sep25-Dec25,Sep-Dec
2025-09-09,INR,0,2025-09-17,2025-12-17,0.07106438651180089,0.8823281669737051,81.08811053572221,0.8112637804619042,91,8,3.9544452965778785,Sep25-Dec25,Sep-Dec
2025-09-10,INR,0,2025-09-17,2025-12-17,0.0640652209126918,0.8994678524462757,81.46033686133983,0.8354026315335839,91,7,4.0538654034005726,Sep25-Dec25,Sep-Dec
2025-09-11,INR,0,2025-09-17,2025-12-17,0.06477890113887043,0.8998369929972573,81.33801528367412,0.8350580918583869,91,6,4.058247079015265,Sep25-Dec25,Sep-Dec
2025-09-12,INR,0,2025-09-17,2025-12-17,0.06579642356801364,0.9041654919759674,81.00107390598222,0.8383690684079538,91,5,4.091221077768088,Sep25-Dec25,Sep-Dec
2025-09-15,INR,0,2025-09-17,2025-12-17,0.0658597093566117,0.8757190013128707,80.99033645898916,0.809859291956259,91,2,3.9526144929569087,Sep25-Dec25,Sep-Dec
2025-09-16,INR,0,2025-09-17,2025-12-17,0.06502534796169678,0.8549826333651452,81.19445500523598,0.7899572854034485,91,1,3.8458352562307745,Sep25-Dec25,Sep-Dec
2025-09-17,INR,0,2025-12-17,2026-03-18,0.831867453543218,1.6749671162363224,80.87190587918107,0.8430996626931044,91,91,4.082234135450643,Dec25-Mar26,Dec-Mar
2025-09-18,INR,0,2025-12-17,2026-03-18,0.7978777223161404,1.6157978222202427,80.47490084803277,0.8179200999041023,91,90,3.981318129724915,Dec25-Mar26,Dec-Mar
2025-09-19,INR,0,2025-12-17,2026-03-18,0.7611439268997958,1.5505293618014342,80.18748067666951,0.7893854349016384,91,89,3.857809189501787,Dec25-Mar26,Dec-Mar
2025-09-22,INR,0,2025-12-17,2026-03-18,0.7304547511325206,1.5144990286224336,80.07283348519495,0.784044277489913,91,86,3.8385982711040016,Dec25-Mar26,Dec-Mar
2025-09-23,INR,0,2025-12-17,2026-03-18,0.7127754788511614,1.4869537210783519,79.84224117364128,0.7741782422271904,91,85,3.8019769386626554,Dec25-Mar26,Dec-Mar
2025-09-24,INR,0,2025-12-17,2026-03-18,0.6998597478693114,1.4691361399791152,79.88398980995944,0.7692763921098038,91,84,3.7765522970571617,Dec25-Mar26,Dec-Mar
2025-09-25,INR,0,2025-12-17,2026-03-18,0.6892015172907037,1.4559031431641751,79.71153606165642,0.7667016258734715,91,83,3.772484462779477,Dec25-Mar26,Dec-Mar
2025-09-26,INR,0,2025-12-17,2026-03-18,0.6867339953781967,1.459927468463765,79.82088704786659,0.7731934730855684,91,82,3.799376166400137,Dec25-Mar26,Dec-Mar
2025-09-29,INR,0,2025-12-17,2026-03-18,0.6877650565978022,1.4911316965363675,80.14278119210026,0.8033666399385653,91,79,3.9318721546651934,Dec25-Mar26,Dec-Mar
2025-09-30,INR,0,2025-12-17,2026-03-18,0.6693402310999724,1.4613715092949437,80.16726176402577,0.7920312781949713,91,78,3.8761037373762868,Dec25-Mar26,Dec-Mar
2025-10-01,INR,0,2025-12-17,2026-03-18,0.6417463004626106,1.4113033830472674,80.1333834004051,0.7695570825846568,91,77,3.7689839145589543,Dec25-Mar26,Dec-Mar
2025-10-02,INR,0,2025-12-17,2026-03-18,0.6262585623403444,1.3750279490928672,79.73354858841373,0.7487693867525228,91,76,3.6861270726746684,Dec25-Mar26,Dec-Mar
2025-10-03,INR,0,2025-12-17,2026-03-18,0.6230424586072589,1.3786347288189735,80.10525614194803,0.7555922702117146,91,75,3.702736568988026,Dec25-Mar26,Dec-Mar
2025-10-06,INR,0,2025-12-17,2026-03-18,0.6018927663486042,1.3645027322643084,79.85279175167481,0.7626099659157042,91,72,3.7498357796728325,Dec25-Mar26,Dec-Mar
2025-10-07,INR,0,2025-12-17,2026-03-18,0.5989653967474576,1.3693158810744155,80.06115523569247,0.7703504843269579,91,71,3.778249218649855,Dec25-Mar26,Dec-Mar
2025-10-08,INR,0,2025-12-17,2026-03-18,0.5939615728072333,1.369553790878441,79.947253667718,0.7755922180712077,91,70,3.8095736418830697,Dec25-Mar26,Dec-Mar
2025-10-09,INR,0,2025-12-17,2026-03-18,0.5776860831598272,1.3437841005144588,79.65468362515044,0.7660980173546317,91,69,3.777424800378446,Dec25-Mar26,Dec-Mar
2025-10-10,INR,0,2025-12-17,2026-03-18,0.5771119047375631,1.3544521618083658,79.67863682244369,0.7773402570708027,91,68,3.831740746981649,Dec25-Mar26,Dec-Mar
2025-10-13,INR,0,2025-12-17,2026-03-18,0.5596314218461717,1.35069358053009,80.23942693353237,0.7910621586839183,91,65,3.8731598305913906,Dec25-Mar26,Dec-Mar
2025-10-14,INR,0,2025-12-17,2026-03-18,0.5570469691078417,1.3575984714547689,80.76202313414485,0.8005515023469272,91,64,3.8945562564109824,Dec25-Mar26,Dec-Mar
2025-10-15,INR,0,2025-12-17,2026-03-18,0.5556912612697371,1.3677821222457915,81.07775261959196,0.8120908609760544,91,63,3.9354791242318248,Dec25-Mar26,Dec-Mar
2025-10-16,INR,0,2025-12-17,2026-03-18,0.5489329933225823,1.364960626754362,81.08678978893799,0.8160276334317796,91,62,3.95444675098063,Dec25-Mar26,Dec-Mar
2025-10-17,INR,0,2025-12-17,2026-03-18,0.535464732715748,1.3455164927895222,80.95475654169671,0.8100517600737742,91,61,3.9324968314067363,Dec25-Mar26,Dec-Mar
2025-10-20,INR,0,2025-12-17,2026-03-18,0.510384012526079,1.3224489588403987,81.28821678918963,0.8120649463143197,91,58,3.927407793403864,Dec25-Mar26,Dec-Mar
2025-10-21,INR,0,2025-12-17,2026-03-18,0.5092102728171987,1.3334743247692011,81.46309072409309,0.8242640519520025,91,57,3.977959360969923,Dec25-Mar26,Dec-Mar
2025-10-22,INR,0,2025-12-17,2026-03-18,0.5012456683696089,1.3271650915892639,82.04552725708797,0.825919423219655,91,56,3.958208693824989,Dec25-Mar26,Dec-Mar
2025-10-23,INR,0,2025-12-17,2026-03-18,0.48461019453439536,1.2977462788944643,81.55072632093542,0.8131360843600689,91,55,3.9212395884635542,Dec25-Mar26,Dec-Mar
2025-10-24,INR,0,2025-12-17,2026-03-18,0.47539881223049324,1.2878590204776164,81.54124431596746,0.8124602082471231,91,54,3.9188732600751965,Dec25-Mar26,Dec-Mar
2025-10-27,INR,0,2025-12-17,2026-03-18,0.44803321120339573,1.2587553548675006,81.29041515675482,0.8107221436641048,91,51,3.9237990205483744,Dec25-Mar26,Dec-Mar
2025-10-28,INR,0,2025-12-17,2026-03-18,0.4422004138792545,1.2583286527126345,81.52909612658608,0.8161282388333799,91,50,3.9387435881288284,Dec25-Mar26,Dec-Mar
2025-10-29,INR,0,2025-12-17,2026-03-18,0.4407826612379494,1.270730416810431,81.72996985443132,0.8299477555724816,91,49,3.995715874256726,Dec25-Mar26,Dec-Mar
2025-10-30,INR,0,2025-12-17,2026-03-18,0.4180727934724511,1.2219416921567923,81.1624396282993,0.8038688986843412,91,48,3.8981622003678633,Dec25-Mar26,Dec-Mar
2025-10-31,INR,0,2025-12-17,2026-03-18,0.4083099738770669,1.2100617302332854,80.5978609934062,0.8017517563562185,91,47,3.915461195248561,Dec25-Mar26,Dec-Mar
2025-11-03,INR,0,2025-12-17,2026-03-18,0.3849067613625998,1.176649321347527,80.55680282901969,0.7917425599849273,91,44,3.8696592708777318,Dec25-Mar26,Dec-Mar
2025-11-04,INR,0,2025-12-17,2026-03-18,0.36667180745992367,1.1392234088694029,80.44783861218318,0.7725516014094792,91,43,3.7818061108307313,Dec25-Mar26,Dec-Mar
2025-11-05,INR,0,2025-12-17,2026-03-18,0.3625450477664667,1.1455329014243838,80.55659477373827,0.7829878536579171,91,42,3.8279378314598196,Dec25-Mar26,Dec-Mar
2025-11-06,INR,0,2025-12-17,2026-03-18,0.35271281461128645,1.133965411495742,80.78317968912116,0.7812525968844556,91,41,3.8092507750576625,Dec25-Mar26,Dec-Mar
2025-11-07,INR,0,2025-12-17,2026-03-18,0.34623083173763597,1.1332726000371,80.78231731223273,0.7870417682994642,91,40,3.837825157563431,Dec25-Mar26,Dec-Mar
2025-11-10,INR,0,2025-12-17,2026-03-18,0.3186083787476532,1.104658543629066,80.47083361484776,0.7860501648814127,91,37,3.8490784528168764,Dec25-Mar26,Dec-Mar
2025-11-11,INR,0,2025-12-17,2026-03-18,0.3077027462221884,1.0890787910286617,81.07563887248554,0.7813760448064733,91,36,3.7982686849314073,Dec25-Mar26,Dec-Mar
2025-11-12,INR,0,2025-12-17,2026-03-18,0.2978867299859289,1.0771154178874893,81.09353801492814,0.7792286879015604,91,35,3.7874542076272353,Dec25-Mar26,Dec-Mar
2025-11-13,INR,0,2025-12-17,2026-03-18,0.29345705293038027,1.0847985315993238,80.98794195548561,0.7913414786689436,91,34,3.8515351753861657,Dec25-Mar26,Dec-Mar
2025-11-14,INR,0,2025-12-17,2026-03-18,0.2856613397206555,1.0805473340386362,80.93345071326999,0.7948859943179807,91,33,3.871753647730073,Dec25-Mar26,Dec-Mar
2025-11-17,INR,0,2025-12-17,2026-03-18,0.25905109297089557,1.0561205248769916,81.2240392395309,0.797069431906096,91,30,3.869811142130624,Dec25-Mar26,Dec-Mar
2025-11-18,INR,0,2025-12-17,2026-03-18,0.2509732210420861,1.0497739555713552,81.10134285988255,0.7988007345292691,91,29,3.8844509537681358,Dec25-Mar26,Dec-Mar
2025-11-19,INR,0,2025-12-17,2026-03-18,0.2358961979605203,1.0138424228280112,81.24178676975951,0.7779462248674909,91,28,3.7772176980456242,Dec25-Mar26,Dec-Mar
2025-11-20,INR,0,2025-12-17,2026-03-18,0.23162444935335286,1.0235777629093066,81.3105532948371,0.7919533135559538,91,27,3.842185978145871,Dec25-Mar26,Dec-Mar
2025-11-21,INR,0,2025-12-17,2026-03-18,0.21622397337722396,0.9843165110403439,81.42214206842065,0.7680925376631199,91,26,3.722034122717424,Dec25-Mar26,Dec-Mar
2025-11-24,INR,0,2025-12-17,2026-03-18,0.18748875066193835,0.9405549842101347,81.09299312518816,0.7530662335481964,91,23,3.6652872288325935,Dec25-Mar26,Dec-Mar
2025-11-25,INR,0,2025-12-17,2026-03-18,0.18275887988477157,0.9499433595835826,80.83652199042473,0.767184479698811,91,22,3.7460410552662173,Dec25-Mar26,Dec-Mar
2025-11-26,INR,0,2025-12-17,2026-03-18,0.1706592415200947,0.9213509238708057,80.41177749816482,0.750691682350711,91,21,3.685380354542506,Dec25-Mar26,Dec-Mar
2025-11-27,INR,0,2025-12-17,2026-03-18,0.16436360350638585,0.923436107485387,80.77037777960969,0.7590725039790012,91,20,3.7103030667022128,Dec25-Mar26,Dec-Mar
2025-11-28,INR,0,2025-12-17,2026-03-18,0.15403912590750293,0.9030233125593535,80.76849680932949,0.7489841866518506,91,19,3.6615441304853626,Dec25-Mar26,Dec-Mar
2025-12-01,INR,0,2025-12-17,2026-03-18,0.1324836491378436,0.8972841256851877,81.35799894618273,0.7648004765473441,91,16,3.712806951763523,Dec25-Mar26,Dec-Mar
2025-12-02,INR,0,2025-12-17,2026-03-18,0.12607557323663532,0.8972603278276232,81.5806461114318,0.7711847545909879,91,15,3.733892052562144,Dec25-Mar26,Dec-Mar
2025-12-03,INR,0,2025-12-17,2026-03-18,0.11248903307565607,0.8550409693633403,81.88719333062235,0.7425519362876842,91,14,3.582413998349962,Dec25-Mar26,Dec-Mar
2025-12-04,INR,0,2025-12-17,2026-03-18,0.10109615622647483,0.8200959626690321,81.55233257208012,0.7189998064425572,91,13,3.483497120663782,Dec25-Mar26,Dec-Mar
2025-12-05,INR,0,2025-12-17,2026-03-18,0.09592274198863257,0.8346292995609789,81.30550194155516,0.7387065575723463,91,12,3.59005462586807,Dec25-Mar26,Dec-Mar
2025-12-08,INR,0,2025-12-17,2026-03-18,0.07076688717555306,0.7976481388273238,81.71562551248577,0.7268812516517708,91,9,3.5159567478007117,Dec25-Mar26,Dec-Mar
2025-12-09,INR,0,2025-12-17,2026-03-18,0.06502117130888692,0.8159802163592345,81.67119416466582,0.7509590450503475,91,8,3.6346520073096746,Dec25-Mar26,Dec-Mar
2025-12-10,INR,0,2025-12-17,2026-03-18,0.055561648360648516,0.7892849783121255,82.23768909393506,0.733723329951477,91,7,3.5271929577222396,Dec25-Mar26,Dec-Mar
2025-12-11,INR,0,2025-12-17,2026-03-18,0.05505381479360951,0.7742719654366759,81.9604008787973,0.7192181506430664,91,6,3.469173741166804,Dec25-Mar26,Dec-Mar
2025-12-12,INR,0,2025-12-17,2026-03-18,0.05470747754048071,0.7617012802036073,82.27657804021955,0.7069938026631266,91,5,3.397127279620408,Dec25-Mar26,Dec-Mar
2025-12-15,INR,0,2025-12-17,2026-03-18,0.05650143508325083,0.7621513944513701,82.72419265775832,0.7056499593681194,91,2,3.3722624428711,Dec25-Mar26,Dec-Mar
2025-12-16,INR,0,2025-12-17,2026-03-18,0.05636531866962467,0.7522745516640271,82.60718815822601,0.6959092329944024,91,1,3.330424835792027,Dec25-Mar26,Dec-Mar
2025-12-17,INR,0,2026-03-18,2026-06-17,0.7482751226731387,1.4850485621146718,82.8121192675627,0.7367734394415332,91,91,3.4881454705256414,Mar26-Jun26,Mar-Jun
2025-12-18,INR,0,2026-03-18,2026-06-17,0.7760460400694121,1.5490251072718355,83.24098798141134,0.7729790672024234,91,90,3.6396656970451406,Mar26-Jun26,Mar-Jun
2025-12-19,INR,0,2026-03-18,2026-06-17,0.7541894946371082,1.5134810244738208,83.4169732622815,0.7592915298367127,91,89,3.568669564611658,Mar26-Jun26,Mar-Jun
2025-12-22,INR,0,2026-03-18,2026-06-17,0.7337669924124669,1.4979328686566038,83.43541602504034,0.7641658762441369,91,86,3.5916634660738307,Mar26-Jun26,Mar-Jun
2025-12-23,INR,0,2026-03-18,2026-06-17,0.7429498010391152,1.525929570756819,83.48451179773197,0.7829797697177038,91,85,3.677544504964166,Mar26-Jun26,Mar-Jun
2025-12-24,INR,0,2026-03-18,2026-06-17,0.7252662450359941,1.4984891885140528,82.95832452806172,0.7732229434780586,91,84,3.6553211017377567,Mar26-Jun26,Mar-Jun
2025-12-25,INR,0,2026-03-18,2026-06-17,0.7131392177679144,1.482367482593745,83.05499364419042,0.7692282648258305,91,83,3.632766690523119,Mar26-Jun26,Mar-Jun
2025-12-26,INR,0,2026-03-18,2026-06-17,0.706247472957152,1.477175467232017,83.26875232577464,0.770927994274865,91,82,3.6318249950649792,Mar26-Jun26,Mar-Jun
2025-12-29,INR,0,2026-03-18,2026-06-17,0.6686196067843017,1.4254087054890503,83.71348375619313,0.7567890987047486,91,79,3.5480164876340634,Mar26-Jun26,Mar-Jun
2025-12-30,INR,0,2026-03-18,2026-06-17,0.6967629605389363,1.496049516301997,83.95342888545402,0.7992865557630606,91,78,3.7353875745803684,Mar26-Jun26,Mar-Jun
2025-12-31,INR,0,2026-03-18,2026-06-17,0.6712549930553613,1.4508065676985566,83.76789524928714,0.7795515746431954,91,77,3.6522635370450716,Mar26-Jun26,Mar-Jun
2026-01-01,INR,0,2026-03-18,2026-06-17,0.6373618330557086,1.4005187647408333,83.83899050759241,0.7631569316851247,91,76,3.573878705050658,Mar26-Jun26,Mar-Jun
2026-01-02,INR,0,2026-03-18,2026-06-17,0.6221076588733302,1.376931618306304,83.54186824475211,0.7548239594329739,91,75,3.547974926958459,Mar26-Jun26,Mar-Jun
2026-01-05,INR,0,2026-03-18,2026-06-17,0.6174816615976093,1.3979098727834767,83.60754265271211,0.7804282111858674,91,72,3.665666270948706,Mar26-Jun26,Mar-Jun
2026-01-06,INR,0,2026-03-18,2026-06-17,0.6172846038876798,1.4084521947859736,83.78745591560198,0.7911675908982938,91,71,3.7081966568789433,Mar26-Jun26,Mar-Jun
2026-01-07,INR,0,2026-03-18,2026-06-17,0.613970951903642,1.4121331893783766,83.48978352541181,0.7981622374747346,91,70,3.754368535778147,Mar26-Jun26,Mar-Jun
2026-01-08,INR,0,2026-03-18,2026-06-17,0.6257527313988671,1.4510208264321554,83.72931958512562,0.8252680950332882,91,69,3.870302958453939,Mar26-Jun26,Mar-Jun
2026-01-09,INR,0,2026-03-18,2026-06-17,0.599864632992915,1.4026246565569631,83.84869332357266,0.8027600235640481,91,68,3.760578056297459,Mar26-Jun26,Mar-Jun
2026-01-12,INR,0,2026-03-18,2026-06-17,0.5659266741779799,1.3582240180271516,84.00840222286574,0.7922973438491717,91,65,3.706045509790353,Mar26-Jun26,Mar-Jun
2026-01-13,INR,0,2026-03-18,2026-06-17,0.5705599768200706,1.3818249438611083,84.21747501219798,0.8112649670410377,91,64,3.7852037378017096,Mar26-Jun26,Mar-Jun
2026-01-14,INR,0,2026-03-18,2026-06-17,0.569902073267705,1.3930939568766123,84.17911089780924,0.8231918836089073,91,63,3.8426208891977467,Mar26-Jun26,Mar-Jun
2026-01-15,INR,0,2026-03-18,2026-06-17,0.5821833700738229,1.4366783164724988,84.19846676926568,0.8544949463986758,91,62,3.987253651174816,Mar26-Jun26,Mar-Jun
2026-01-16,INR,0,2026-03-18,2026-06-17,0.558510079666462,1.3916972476934792,83.6643938860417,0.8331871680270172,91,61,3.9135732741638654,Mar26-Jun26,Mar-Jun
2026-01-19,INR,0,2026-03-18,2026-06-17,0.5375803435652062,1.3810253653657885,83.5902211288674,0.8434450218005822,91,58,3.966234137050309,Mar26-Jun26,Mar-Jun
2026-01-20,INR,0,2026-03-18,2026-06-17,0.5381917328909267,1.3974101134711778,83.83925267611833,0.8592183805802511,91,57,4.028452989094693,Mar26-Jun26,Mar-Jun
2026-01-21,INR,0,2026-03-18,2026-06-17,0.5221960755465662,1.3707646983097364,83.68005155662968,0.8485686227631701,91,56,3.9867994807397533,Mar26-Jun26,Mar-Jun
2026-01-22,INR,0,2026-03-18,2026-06-17,0.5093806678382229,1.3521741364432824,83.44701273836364,0.8427934686050595,91,55,3.9712615947387944,Mar26-Jun26,Mar-Jun
2026-01-23,INR,0,2026-03-18,2026-06-17,0.5036655888651969,1.3524353775083986,83.2843857167174,0.8487697886432017,91,54,4.007457555240798,Mar26-Jun26,Mar-Jun
2026-01-26,INR,0,2026-03-18,2026-06-17,0.4713454776862443,1.312373682969543,82.96578421988787,0.8410282052832987,91,51,3.9876066691567833,Mar26-Jun26,Mar-Jun
2026-01-27,INR,0,2026-03-18,2026-06-17,0.4736012668042245,1.335555572387913,82.97875231019115,0.8619543055836885,91,50,4.086079031724798,Mar26-Jun26,Mar-Jun
2026-01-28,INR,0,2026-03-18,2026-06-17,0.4601311621652386,1.3146604633292531,83.04795365698895,0.8545293011640145,91,49,4.048177472221156,Mar26-Jun26,Mar-Jun
2026-01-29,INR,0,2026-03-18,2026-06-17,0.45412543974984476,1.3150715859422588,82.66393595526166,0.860946146192414,91,48,4.097714432892538,Mar26-Jun26,Mar-Jun
2026-01-30,INR,0,2026-03-18,2026-06-17,0.4523720506644201,1.328241340248723,82.97562651575024,0.8758692895843029,91,47,4.153254865135131,Mar26-Jun26,Mar-Jun
2026-02-02,INR,0,2026-03-18,2026-06-17,0.4262492137014984,1.3078100874932337,83.11142788381949,0.8815608737917353,91,44,4.174755257531785,Mar26-Jun26,Mar-Jun
2026-02-03,INR,0,2026-03-18,2026-06-17,0.4009282600721878,1.2494043453412362,83.0866674897065,0.8484760852690485,91,43,4.0204879046182285,Mar26-Jun26,Mar-Jun
2026-02-04,INR,0,2026-03-18,2026-06-17,0.3969141671334859,1.2568948625893719,83.3373952164494,0.859980695455886,91,42,4.062995751225179,Mar26-Jun26,Mar-Jun
2026-02-05,INR,0,2026-03-18,2026-06-17,0.37906767344715137,1.2204129974396092,82.98002277596868,0.8413453239924578,91,41,3.9928447707163173,Mar26-Jun26,Mar-Jun
2026-02-06,INR,0,2026-03-18,2026-06-17,0.37082221489563677,1.2144427537832103,83.36930969228032,0.8436205388875735,91,40,3.985424739669848,Mar26-Jun26,Mar-Jun
2026-02-09,INR,0,2026-03-18,2026-06-17,0.34676783029756597,1.199629250759147,83.8992087988579,0.8528614204615811,91,37,4.00488830773726,Mar26-Jun26,Mar-Jun
2026-02-10,INR,0,2026-03-18,2026-06-17,0.3347050276854594,1.1807649587792595,84.07177211365355,0.8460599310938001,91,36,3.9653950623362473,Mar26-Jun26,Mar-Jun
2026-02-11,INR,0,2026-03-18,2026-06-17,0.3194715787009931,1.150097683323575,84.3141367497956,0.8306261046225819,91,35,3.8826105205986665,Mar26-Jun26,Mar-Jun
2026-02-12,INR,0,2026-03-18,2026-06-17,0.3158956998923383,1.1613812496041849,84.41766814973481,0.8454855497118465,91,34,3.9474062542629613,Mar26-Jun26,Mar-Jun
2026-02-13,INR,0,2026-03-18,2026-06-17,0.30348129048403316,1.1403539400006095,84.43014629576672,0.8368726495165764,91,33,3.9071913730219863,Mar26-Jun26,Mar-Jun
2026-02-16,INR,0,2026-03-18,2026-06-17,0.2628140106937629,1.060016509798177,84.8498991159696,0.7972024991044142,91,30,3.7054019458077647,Mar26-Jun26,Mar-Jun
2026-02-17,INR,0,2026-03-18,2026-06-17,0.2511075624790365,1.0390657757753234,85.04110720933784,0.787958213296287,91,29,3.654726677769423,Mar26-Jun26,Mar-Jun
2026-02-18,INR,0,2026-03-18,2026-06-17,0.24835546734095612,1.0555107361990634,85.3354027263545,0.8071552688581073,91,28,3.731013676366466,Mar26-Jun26,Mar-Jun
2026-02-19,INR,0,2026-03-18,2026-06-17,0.23742977836990606,1.0376560684314413,85.200199683636,0.8002262900615352,91,27,3.705311580154782,Mar26-Jun26,Mar-Jun
2026-02-20,INR,0,2026-03-18,2026-06-17,0.2288824043164821,1.0299708194241692,86.0819918604125,0.8010884151076871,91,26,3.671774860168041,Mar26-Jun26,Mar-Jun
2026-02-23,INR,0,2026-03-18,2026-06-17,0.20386930629469313,1.0104826485910876,85.72169689623796,0.8066133422963945,91,23,3.7136768236530315,Mar26-Jun26,Mar-Jun
2026-02-24,INR,0,2026-03-18,2026-06-17,0.19117329545756817,0.9819355630320548,86.18442861424833,0.7907622675744865,91,22,3.621729076430428,Mar26-Jun26,Mar-Jun
2026-02-25,INR,0,2026-03-18,2026-06-17,0.19146249395216547,1.021133301078216,86.0198779133067,0.8296708071260506,91,21,3.807172196293609,Mar26-Jun26,Mar-Jun
2026-02-26,INR,0,2026-03-18,2026-06-17,0.18487406738861709,1.026051074006825,85.86066051786457,0.8411770066182078,91,20,3.867409539652507,Mar26-Jun26,Mar-Jun
2026-02-27,INR,0,2026-03-18,2026-06-17,0.17709200085675064,1.0252694786443457,85.99904204461782,0.848177477787595,91,19,3.893685208579493,Mar26-Jun26,Mar-Jun
2026-03-02,INR,0,2026-03-18,2026-06-17,0.1499828950010898,1.0030106103197882,86.1695529335403,0.8530277153186985,91,16,3.909445417115778,Mar26-Jun26,Mar-Jun
2026-03-03,INR,0,2026-03-18,2026-06-17,0.1404459917120802,0.9924850080987001,85.96667786558461,0.8520390163866199,91,15,3.914546962079567,Mar26-Jun26,Mar-Jun
2026-03-04,INR,0,2026-03-18,2026-06-17,0.12909825734611424,0.9682369300958567,85.93528726798314,0.8391386727497424,91,14,3.857193023980105,Mar26-Jun26,Mar-Jun
2026-03-05,INR,0,2026-03-18,2026-06-17,0.12000704699852283,0.9600563759881824,86.03073790680914,0.8400493289896596,91,13,3.8575082229529616,Mar26-Jun26,Mar-Jun
2026-03-06,INR,0,2026-03-18,2026-06-17,0.11017764059188224,0.9456914150803224,86.01917643392623,0.8355137744884401,91,12,3.837633816337139,Mar26-Jun26,Mar-Jun
2026-03-09,INR,0,2026-03-18,2026-06-17,0.08533073767898348,0.948119307544261,85.70849686063727,0.8627885698652775,91,9,3.9784091731400273,Mar26-Jun26,Mar-Jun
2026-03-10,INR,0,2026-03-18,2026-06-17,0.07483462455461239,0.9260784788633283,85.10357286669482,0.8512438543087159,91,8,3.953534944056688,Mar26-Jun26,Mar-Jun
2026-03-11,INR,0,2026-03-18,2026-06-17,0.06425100873248385,0.899514122254774,85.40905042919285,0.8352631135222901,91,7,3.865929519940271,Mar26-Jun26,Mar-Jun
2026-03-12,INR,0,2026-03-18,2026-06-17,0.06439460702089787,0.8923252687181562,85.76905315922994,0.8279306616972584,91,6,3.815913464353149,Mar26-Jun26,Mar-Jun
2026-03-13,INR,0,2026-03-18,2026-06-17,0.06541098136305391,0.8970648872647394,85.75470450386797,0.8316539059016855,91,5,3.833669285295748,Mar26-Jun26,Mar-Jun
2026-03-16,INR,0,2026-03-18,2026-06-17,0.06481558403234926,0.8611213307154973,85.1294239886705,0.7963057466831481,91,2,3.6976919474004917,Mar26-Jun26,Mar-Jun
2026-03-17,INR,0,2026-03-18,2026-06-17,0.06394112118652495,0.8403690213086136,84.55086607267799,0.7764279001220886,91,1,3.6300772919619493,Mar26-Jun26,Mar-Jun
2026-03-18,INR,0,2026-06-17,2026-09-16,0.8210661247927538,1.6421322495855075,84.86339596244476,0.8210661247927538,91,91,3.790854959434515,Jun26-Sep26,Jun-Sep
2026-03-19,INR,0,2026-06-17,2026-09-16,0.810827317573088,1.6306638275636547,85.31935777976113,0.8198365099905667,91,90,3.7655895742325156,Jun26-Sep26,Jun-Sep
2026-03-20,INR,0,2026-06-17,2026-09-16,0.8258415536701863,1.6702413445015005,85.55457694230662,0.8443997908313142,91,89,3.8671758567118166,Jun26-Sep26,Jun-Sep
2026-03-23,INR,0,2026-06-17,2026-09-16,0.7884503843089247,1.6227409072404613,85.31819894995176,0.8342905229315366,91,86,3.8330256796031392,Jun26-Sep26,Jun-Sep
2026-03-24,INR,0,2026-06-17,2026-09-16,0.797928976016449,1.6521823503399413,85.71815251807176,0.8542533743234924,91,85,3.9061684718736744,Jun26-Sep26,Jun-Sep
2026-03-25,INR,0,2026-06-17,2026-09-16,0.764771988394385,1.5932749758216354,85.175730010907,0.8285029874272504,91,84,3.813794613397272,Jun26-Sep26,Jun-Sep
2026-03-26,INR,0,2026-06-17,2026-09-16,0.75222100997114,1.5769452498190164,85.29798396926856,0.8247242398478764,91,83,3.7915602237557446,Jun26-Sep26,Jun-Sep
2026-03-27,INR,0,2026-06-17,2026-09-16,0.7509293497039278,1.5842777743753598,85.05810633252581,0.833348424671432,91,82,3.8419765150477523,Jun26-Sep26,Jun-Sep
2026-03-30,INR,0,2026-06-17,2026-09-16,0.7163820423277553,1.5415816100723847,84.80017317171524,0.8251995677446294,91,79,3.8174196263347455,Jun26-Sep26,Jun-Sep
2026-03-31,INR,0,2026-06-17,2026-09-16,0.7186488985643693,1.5570726135561335,84.53334606148276,0.8384237149917642,91,78,3.890631617302953,Jun26-Sep26,Jun-Sep
2026-04-01,INR,0,2026-06-17,2026-09-16,0.7036421638718615,1.535219266629516,84.55969783644173,0.8315771027576544,91,77,3.858347059048843,Jun26-Sep26,Jun-Sep
2026-04-02,INR,0,2026-06-17,2026-09-16,0.7003618037381026,1.5389529108455675,84.24236381365641,0.8385911071074649,91,76,3.905576677404509,Jun26-Sep26,Jun-Sep
2026-04-03,INR,0,2026-06-17,2026-09-16,0.718771774033424,1.5908815265273117,84.65640312802354,0.8721097524938878,91,75,4.0411097480250175,Jun26-Sep26,Jun-Sep
2026-04-06,INR,0,2026-06-17,2026-09-16,0.696512317233599,1.5768264959593976,84.33330958216109,0.8803141787257986,91,72,4.0956943203861655,Jun26-Sep26,Jun-Sep
2026-04-07,INR,0,2026-06-17,2026-09-16,0.6908545612043759,1.576316041057872,83.92367791773125,0.8854614798534961,91,71,4.139861597127256,Jun26-Sep26,Jun-Sep
2026-04-08,INR,0,2026-06-17,2026-09-16,0.6718001225032506,1.5451402817574764,83.76120322927787,0.8733401592542258,91,70,4.091968686928513,Jun26-Sep26,Jun-Sep
2026-04-09,INR,0,2026-06-17,2026-09-16,0.6432416677162275,1.4915748816608172,83.95789233681165,0.8483332139445897,91,69,3.966901298932093,Jun26-Sep26,Jun-Sep
2026-04-10,INR,0,2026-06-17,2026-09-16,0.624083832432887,1.45925484348278,83.68399179345406,0.8351710110498929,91,68,3.918928532052258,Jun26-Sep26,Jun-Sep
2026-04-13,INR,0,2026-06-17,2026-09-16,0.5813558142862235,1.3952539542869364,83.64205360516182,0.8138981400007129,91,65,3.8229476101471636,Jun26-Sep26,Jun-Sep
2026-04-14,INR,0,2026-06-17,2026-09-16,0.5714809614682063,1.384055453555812,83.5843859411658,0.8125744920876058,91,64,3.8197935884586807,Jun26-Sep26,Jun-Sep
2026-04-15,INR,0,2026-06-17,2026-09-16,0.5782112053034729,1.4134051685196003,83.97536056455866,0.8351939632161274,91,63,3.907657549108115,Jun26-Sep26,Jun-Sep
2026-04-16,INR,0,2026-06-17,2026-09-16,0.5771908486383435,1.4243580619623637,83.78560462501271,0.8471672133240202,91,62,3.9726406826760923,Jun26-Sep26,Jun-Sep
2026-04-17,INR,0,2026-06-17,2026-09-16,0.5673049082755619,1.4136122304571377,83.30664145084657,0.8463073221815758,91,61,3.991738927529362,Jun26-Sep26,Jun-Sep
2026-04-20,INR,0,2026-06-17,2026-09-16,0.535117876309529,1.3746993718986174,82.901367467307,0.8395814955890883,91,58,3.9807780583673456,Jun26-Sep26,Jun-Sep
2026-04-21,INR,0,2026-06-17,2026-09-16,0.5218627908362005,1.355012158662415,82.93842714498864,0.8331493678262146,91,57,3.949154170929839,Jun26-Sep26,Jun-Sep
2026-04-22,INR,0,2026-06-17,2026-09-16,0.5096145950778792,1.337738312079433,83.3807489465177,0.8281237170015538,91,56,3.9052087596166682,Jun26-Sep26,Jun-Sep
2026-04-23,INR,0,2026-06-17,2026-09-16,0.49570692647954606,1.315876568472977,83.32030892468255,0.8201696419934309,91,55,3.8711302633384057,Jun26-Sep26,Jun-Sep
2026-04-24,INR,0,2026-06-17,2026-09-16,0.4930200247718258,1.3238500665169397,83.4103927532557,0.8308300417451139,91,54,3.9173617095183,Jun26-Sep26,Jun-Sep
2026-04-27,INR,0,2026-06-17,2026-09-16,0.4564489517435703,1.270897081325235,82.96244944376022,0.8144481295816646,91,51,3.8624252567647233,Jun26-Sep26,Jun-Sep
2026-04-28,INR,0,2026-06-17,2026-09-16,0.4552573206369558,1.2838256441962153,82.75294055238952,0.8285683235592595,91,50,3.9393386617842356,Jun26-Sep26,Jun-Sep
2026-04-29,INR,0,2026-06-17,2026-09-16,0.43772370823740303,1.2506391663925802,82.53620300621043,0.8129154581551772,91,49,3.875831134371853,Jun26-Sep26,Jun-Sep
2026-04-30,INR,0,2026-06-17,2026-09-16,0.4445643646647637,1.287384306008378,82.79416028358764,0.8428199413436144,91,48,4.00562688709546,Jun26-Sep26,Jun-Sep
2026-05-01,INR,0,2026-06-17,2026-09-16,0.41977978056012155,1.2325448876020588,82.30209006395452,0.8127651070419373,91,47,3.8869219173118905,Jun26-Sep26,Jun-Sep
2026-05-04,INR,0,2026-06-17,2026-09-16,0.38779537907199346,1.1898267312436164,82.08757153922966,0.8020313521716229,91,44,3.8470532498015664,Jun26-Sep26,Jun-Sep
2026-05-05,INR,0,2026-06-17,2026-09-16,0.38456862494341626,1.1984231568004133,81.73383720764265,0.8138545318569971,91,43,3.920734053722102,Jun26-Sep26,Jun-Sep
2026-05-06,INR,0,2026-06-17,2026-09-16,0.3726365938418035,1.1800158804990444,82.1026916654456,0.8073792866572409,91,42,3.872707165437414,Jun26-Sep26,Jun-Sep
2026-05-07,INR,0,2026-06-17,2026-09-16,0.35565324449837193,1.1450299578971974,82.23440313275646,0.7893767133988254,91,41,3.781095585912797,Jun26-Sep26,Jun-Sep
2026-05-08,INR,0,2026-06-17,2026-09-16,0.3396946751370753,1.1125000610739217,81.96676998724695,0.7728053859368464,91,40,3.714473812931122,Jun26-Sep26,Jun-Sep
2026-05-11,INR,0,2026-06-17,2026-09-16,0.308563987351689,1.0674646048923295,82.1929957367796,0.7589006175406405,91,37,3.6390150820161233,Jun26-Sep26,Jun-Sep
2026-05-12,INR,0,2026-06-17,2026-09-16,0.2966029806363839,1.0463494039116878,81.3640942982726,0.7497464232753039,91,36,3.632138721805829,Jun26-Sep26,Jun-Sep
2026-05-13,INR,0,2026-06-17,2026-09-16,0.2831005326302549,1.0191619174689177,80.86994640867924,0.7360613848386628,91,35,3.5881477067327694,Jun26-Sep26,Jun-Sep
2026-05-14,INR,0,2026-06-17,2026-09-16,0.27431794812297866,1.0085218680991863,80.5068001329795,0.7342039199762076,91,34,3.5955716498123977,Jun26-Sep26,Jun-Sep
2026-05-15,INR,0,2026-06-17,2026-09-16,0.2741499806961335,1.0301393214036534,80.48438835527313,0.7559893407075199,91,33,3.7032951855786367,Jun26-Sep26,Jun-Sep
2026-05-18,INR,0,2026-06-17,2026-09-16,0.2476797362563813,0.9989749362340712,80.47592850236829,0.7512951999776899,91,30,3.681892943004582,Jun26-Sep26,Jun-Sep
2026-05-19,INR,0,2026-06-17,2026-09-16,0.23575840647783097,0.9755520268048179,79.90647438455159,0.7397936203269869,91,29,3.6518274803320474,Jun26-Sep26,Jun-Sep
2026-05-20,INR,0,2026-06-17,2026-09-16,0.22593223244199256,0.9602119878784683,79.76639039797823,0.7342797554364757,91,28,3.6314022308876432,Jun26-Sep26,Jun-Sep
2026-05-21,INR,0,2026-06-17,2026-09-16,0.21862410838034146,0.9554683255140847,79.43551822509818,0.7368442171337433,91,27,3.6595562093106127,Jun26-Sep26,Jun-Sep
2026-05-22,INR,0,2026-06-17,2026-09-16,0.20908560905828463,0.9408852407622809,79.49631577344343,0.7317996317039962,91,26,3.632164771550081,Jun26-Sep26,Jun-Sep
2026-05-25,INR,0,2026-06-17,2026-09-16,0.18284396072686263,0.906270066211406,79.54616481885114,0.7234261054845434,91,23,3.5895410165686275,Jun26-Sep26,Jun-Sep
2026-05-26,INR,0,2026-06-17,2026-09-16,0.17567604807096568,0.9023360650917782,79.55677313286,0.7266600170208125,91,22,3.6054316629740337,Jun26-Sep26,Jun-Sep
2026-05-27,INR,0,2026-06-17,2026-09-16,0.16636806878376298,0.8872963668467359,79.95321615804045,0.7209282980629729,91,21,3.559708982286732,Jun26-Sep26,Jun-Sep
2026-05-28,INR,0,2026-06-17,2026-09-16,0.15378401451512058,0.8535012805589193,79.76299563755906,0.6997172660437987,91,20,3.463743500830996,Jun26-Sep26,Jun-Sep
2026-05-29,INR,0,2026-06-17,2026-09-16,0.14713692201142065,0.8518453379608564,80.03698472059183,0.7047084159494357,91,19,3.4768198648057456,Jun26-Sep26,Jun-Sep
2026-06-01,INR,0,2026-06-17,2026-09-16,0.12397667125428455,0.8290939890130279,79.60635755761714,0.7051173177587433,91,16,3.4986371626312436,Jun26-Sep26,Jun-Sep
2026-06-02,INR,0,2026-06-17,2026-09-16,0.11788207427177988,0.8330333248539111,80.11511826883432,0.7151512505821312,91,15,3.5261921783108976,Jun26-Sep26,Jun-Sep
2026-06-03,INR,0,2026-06-17,2026-09-16,0.1130041897560591,0.847531423170443,80.28018452546807,0.734527233414384,91,14,3.6145127077766674,Jun26-Sep26,Jun-Sep
2026-06-04,INR,0,2026-06-17,2026-09-16,0.10658375353076924,0.8526700282461538,80.39807489335986,0.7460862747153846,91,13,3.6663096861527222,Jun26-Sep26,Jun-Sep
2026-06-05,INR,0,2026-06-17,2026-09-16,0.0993146944505165,0.8524511273669334,80.5660594806094,0.753136432916417,91,12,3.6935808752954222,Jun26-Sep26,Jun-Sep
2026-06-08,INR,0,2026-06-17,2026-09-16,0.07538318632084134,0.8375909591204593,80.4602021433487,0.7622077727996179,91,9,3.744093298000589,Jun26-Sep26,Jun-Sep
2026-06-09,INR,0,2026-06-17,2026-09-16,0.06773111477069312,0.8381725452873272,80.36931454869803,0.770441430516634,91,8,3.789174676346199,Jun26-Sep26,Jun-Sep
2026-06-10,INR,0,2026-06-17,2026-09-16,0.05977613907727138,0.8368659470817994,80.92961911298353,0.777089808004528,91,7,3.795807375387801,Jun26-Sep26,Jun-Sep
2026-06-11,INR,0,2026-06-17,2026-09-16,0.05920721501118834,0.8204428365836098,81.23811466290931,0.7612356215724215,91,6,3.704281408395104,Jun26-Sep26,Jun-Sep
2026-06-12,INR,0,2026-06-17,2026-09-16,0.06092493980733617,0.8355420316434675,81.02615828012077,0.7746170918361314,91,5,3.7791706677810053,Jun26-Sep26,Jun-Sep
2026-06-15,INR,0,2026-06-17,2026-09-16,0.060847601617141846,0.8084038500563131,81.57047456739473,0.7475562484391712,91,2,3.622831653170666,Jun26-Sep26,Jun-Sep
2026-06-16,INR,0,2026-06-17,2026-09-16,0.06066564225919275,0.7973198696922474,81.76425137563177,0.7366542274330546,91,1,3.561551432424332,Jun26-Sep26,Jun-Sep
2026-06-17,INR,0,2026-09-16,2026-12-16,0.767337327999045,1.53467465599809,81.45324850314724,0.767337327999045,91,91,3.692043991162585,Sep26-Dec26,Sep-Dec
2026-06-18,INR,0,2026-09-16,2026-12-16,0.7465990201206074,1.5014935849092215,81.58494864961739,0.754894564788614,91,90,3.6272803864466714,Sep26-Dec26,Sep-Dec
2026-06-19,INR,0,2026-09-16,2026-12-16,0.7649567350000496,1.5471035089888643,81.84420540086266,0.7821467739888147,91,89,3.745597870716675,Sep26-Dec26,Sep-Dec
2026-06-22,INR,0,2026-09-16,2026-12-16,0.7571376071540423,1.558294842630994,82.57258808132728,0.8011572354769516,91,86,3.8034605455176935,Sep26-Dec26,Sep-Dec
2026-06-23,INR,0,2026-09-16,2026-12-16,0.7657024824481791,1.5854545518927001,82.3454022279981,0.8197520694445211,91,85,3.9019758323256952,Sep26-Dec26,Sep-Dec
2026-06-24,INR,0,2026-09-16,2026-12-16,0.7376138376038031,1.536695495007923,81.95669758752064,0.79908165740412,91,84,3.822756495193059,Sep26-Dec26,Sep-Dec
2026-06-25,INR,0,2026-09-16,2026-12-16,0.7372273156364666,1.5455126857921107,81.9782097917338,0.8082853701556441,91,83,3.8657988946032624,Sep26-Dec26,Sep-Dec
2026-06-26,INR,0,2026-09-16,2026-12-16,0.7293921668951626,1.5388395716202823,81.35747033933693,0.8094474047251197,91,82,3.9010012265423653,Sep26-Dec26,Sep-Dec
2026-06-29,INR,0,2026-09-16,2026-12-16,0.6939729077873212,1.4933594218208177,81.07304472422113,0.7993865140334965,91,79,3.86758411761769,Sep26-Dec26,Sep-Dec
2026-06-30,INR,0,2026-09-16,2026-12-16,0.7118763091778842,1.5423986698854157,81.48641950172751,0.8305223607075315,91,78,3.9971424383235137,Sep26-Dec26,Sep-Dec
2026-07-01,INR,0,2026-09-16,2026-12-16,0.7144378483256576,1.5587734872559804,81.79182022241909,0.8443356389303228,91,77,4.04845520735978,Sep26-Dec26,Sep-Dec
2026-07-02,INR,0,2026-09-16,2026-12-16,0.6982604070688792,1.5343353681645104,81.41706166165133,0.8360749610956313,91,76,4.027931953885604,Sep26-Dec26,Sep-Dec
2026-07-03,INR,0,2026-09-16,2026-12-16,0.6985174073570799,1.551329154670525,81.42109282575652,0.8528117473134451,91,75,4.108349697502883,Sep26-Dec26,Sep-Dec
2026-07-06,INR,0,2026-09-16,2026-12-16,0.6712595704627404,1.5238134296374684,81.61553140119472,0.8525538591747279,91,72,4.098762999461057,Sep26-Dec26,Sep-Dec
2026-07-07,INR,0,2026-09-16,2026-12-16,0.6739832982772959,1.5416067155402913,81.7704453616467,0.8676234172629954,91,71,4.163236293556856,Sep26-Dec26,Sep-Dec
2026-07-08,INR,0,2026-09-16,2026-12-16,0.6901825612405892,1.5908307018243573,81.85946330405304,0.9006481405837681,91,70,4.316194934249444,Sep26-Dec26,Sep-Dec
2026-07-09,INR,0,2026-09-16,2026-12-16,0.6935996575219748,1.6113552005354337,81.22055221133753,0.9177555430134589,91,69,4.432300385502119,Sep26-Dec26,Sep-Dec
2026-07-10,INR,0,2026-09-16,2026-12-16,0.6904626857291459,1.6170890599237693,80.99502831625342,0.9266263741946233,91,68,4.487669257022161,Sep26-Dec26,Sep-Dec
2026-07-13,INR,0,2026-09-16,2026-12-16,0.6698855859851476,1.6092195392688118,80.68317684069754,0.9393339532836642,91,65,4.567801503408307,Sep26-Dec26,Sep-Dec
2026-07-14,INR,0,2026-09-16,2026-12-16,0.6767537784014608,1.640146609379623,81.61576657813576,0.9633928309781623,91,64,4.631313234513732,Sep26-Dec26,Sep-Dec
2026-07-15,INR,0,2026-09-16,2026-12-16,0.6722064434556831,1.6439299069013955,81.9288730503579,0.9717234634457124,91,63,4.653911011899595,Sep26-Dec26,Sep-Dec
2026-07-16,INR,0,2026-09-16,2026-12-16,0.6526058911691026,1.6108427983353817,82.05264436982931,0.9582369071662791,91,62,4.583538908461623,Sep26-Dec26,Sep-Dec
2026-07-17,INR,0,2026-09-16,2026-12-16,0.6452884403861167,1.6079318514539302,82.54359398081498,0.9626434110678136,91,61,4.5778468676840935,Sep26-Dec26,Sep-Dec
2026-07-20,INR,0,2026-09-16,2026-12-16,0.6096431341491524,1.5661521894521329,82.46616597137935,0.9565090553029805,91,58,4.554866101064409,Sep26-Dec26,Sep-Dec
2026-07-21,INR,0,2026-09-16,2026-12-16,0.5937921624792968,1.5417761411743145,82.46657786054288,0.9479839786950177,91,57,4.515109056585518,Sep26-Dec26,Sep-Dec
2026-07-22,INR,0,2026-09-16,2026-12-16,0.575867906347963,1.5116532541634031,82.71638322034177,0.9357853478154401,91,56,4.444600691304331,Sep26-Dec26,Sep-Dec
2026-07-23,INR,0,2026-09-16,2026-12-16,0.5718784352526028,1.5180773008523638,82.53546200855733,0.946198865599761,91,55,4.504059790004272,Sep26-Dec26,Sep-Dec
2026-07-24,INR,0,2026-09-16,2026-12-16,0.5718178995223109,1.5354369524210199,82.53315629367333,0.963619052898709,91,54,4.587113307185001,Sep26-Dec26,Sep-Dec
2026-07-27,INR,0,2026-09-16,2026-12-16,0.5346632048189714,1.4886700996920383,82.9044668680274,0.9540068948730669,91,51,4.523169413669455,Sep26-Dec26,Sep-Dec
2026-07-28,INR,0,2026-09-16,2026-12-16,0.506803205661999,1.4291850399668373,82.8453971760433,0.9223818343048383,91,50,4.377788545540678,Sep26-Dec26,Sep-Dec
2026-07-29,INR,0,2026-09-16,2026-12-16,0.4915379857385608,1.4043942449673166,82.32289443938483,0.9128562592287558,91,49,4.360712717948059,Sep26-Dec26,Sep-Dec
2026-07-30,INR,0,2026-09-16,2026-12-16,0.4787299100936515,1.386322031312866,82.12641670806434,0.9075921212192144,91,48,4.34655039388697,Sep26-Dec26,Sep-Dec
2026-07-31,INR,0,2026-09-16,2026-12-16,0.4768645615653162,1.4001555211917796,82.54497175598853,0.9232909596264633,91,47,4.399540870825071,Sep26-Dec26,Sep-Dec
2026-08-03,INR,0,2026-09-16,2026-12-16,0.4413723346153945,1.3591533845686468,82.12672999215718,0.9177810499532523,91,44,4.397318181384394,Sep26-Dec26,Sep-Dec
2026-08-04,INR,0,2026-09-16,2026-12-16,0.44894012041364195,1.4035710363739167,81.87003990016215,0.9546309159602747,91,43,4.587717030013478,Sep26-Dec26,Sep-Dec
2026-08-05,INR,0,2026-09-16,2026-12-16,0.42856412150583045,1.361292000673206,81.92845776585902,0.9327278791673757,91,42,4.4803860125737405,Sep26-Dec26,Sep-Dec
2026-08-06,INR,0,2026-09-16,2026-12-16,0.41602963782871527,1.343222873269338,82.30422414860635,0.9271932354406228,91,41,4.434243159625321,Sep26-Dec26,Sep-Dec
2026-08-07,INR,0,2026-09-16,2026-12-16,0.42248171851880967,1.3870723273395895,82.67278057170861,0.9645906088207798,91,40,4.592274869720274,Sep26-Dec26,Sep-Dec
2026-08-10,INR,0,2026-09-16,2026-12-16,0.39296520908389543,1.3617490867457003,82.86756991033943,0.9687838776618048,91,37,4.603083079444145,Sep26-Dec26,Sep-Dec
2026-08-11,INR,0,2026-09-16,2026-12-16,0.3886349732853556,1.372944998152783,83.25399151202336,0.9843100248674275,91,36,4.655489537304576,Sep26-Dec26,Sep-Dec
2026-08-12,INR,0,2026-09-16,2026-12-16,0.37455173425829624,1.3499238967165557,83.03328288122498,0.9753721624582594,91,35,4.626202281806084,Sep26-Dec26,Sep-Dec
2026-08-13,INR,0,2026-09-16,2026-12-16,0.3681429060456335,1.354622026609298,83.19313908412377,0.9864791205636646,91,34,4.670290677360053,Sep26-Dec26,Sep-Dec
2026-08-14,INR,0,2026-09-16,2026-12-16,0.3538346643512936,1.3303300943448138,83.11003795127056,0.9764954299935201,91,33,4.628420324708661,Sep26-Dec26,Sep-Dec
2026-08-17,INR,0,2026-09-16,2026-12-16,0.31876001359476147,1.285665388165538,82.5150943745905,0.9669053745707765,91,30,4.617822255634111,Sep26-Dec26,Sep-Dec
2026-08-18,INR,0,2026-09-16,2026-12-16,0.2978435004199574,1.2324558638067202,82.42253418659138,0.9346123633867629,91,29,4.469717976155623,Sep26-Dec26,Sep-Dec
2026-08-19,INR,0,2026-09-16,2026-12-16,0.2869334123179099,1.219467002351117,82.54841555352942,0.932533590033207,91,28,4.453586444332933,Sep26-Dec26,Sep-Dec
2026-08-20,INR,0,2026-09-16,2026-12-16,0.2760578541609007,1.206475066332825,82.0139804993241,0.9304172121719243,91,27,4.472924624242992,Sep26-Dec26,Sep-Dec
2026-08-21,INR,0,2026-09-16,2026-12-16,0.2616803149563657,1.1775614173036453,81.89921027823065,0.9158811023472796,91,26,4.40996424605008,Sep26-Dec26,Sep-Dec
2026-08-24,INR,0,2026-09-16,2026-12-16,0.23684934869072388,1.1739489456844576,81.89596755257446,0.9370995969937337,91,23,4.513673506845427,Sep26-Dec26,Sep-Dec
2026-08-25,INR,0,2026-09-16,2026-12-16,0.2305846382722303,1.1843665511255466,81.8292264043377,0.9537819128533163,91,22,4.5981134050725165,Sep26-Dec26,Sep-Dec
2026-08-26,INR,0,2026-09-16,2026-12-16,0.21997877660448636,1.1732201418905939,81.92287498849551,0.9532413652861075,91,21,4.590861613567906,Sep26-Dec26,Sep-Dec
2026-08-27,INR,0,2026-09-16,2026-12-16,0.2103543773220286,1.1674667941372587,81.74862224926255,0.9571124168152301,91,20,4.619846351971507,Sep26-Dec26,Sep-Dec
2026-08-28,INR,0,2026-09-16,2026-12-16,0.19770749265752618,1.1446223259119936,81.73013759184037,0.9469148332544675,91,19,4.572360836686436,Sep26-Dec26,Sep-Dec
