obs_date,ccy,slot,near_date,far_date,near_pts,far_pts,spot,imm_spread_pts,leg_days,days_to_near,ann_pct,pair,quarter_pair
2016-08-29,THB,0,2016-09-21,2016-12-21,-0.02117723998099156,-0.10496545034056685,33.14698431807375,-0.08378821035957529,91,23,-1.000639297328796,Sep16-Dec16,Sep-Dec
2016-08-30,THB,0,2016-09-21,2016-12-21,-0.02027184561458639,-0.10412357065673919,33.21385397672918,-0.0838517250421528,91,22,-0.9993531543132791,Sep16-Dec16,Sep-Dec
2016-08-31,THB,0,2016-09-21,2016-12-21,-0.020155707344460955,-0.1074971058371251,33.50958341725246,-0.08734139849266415,91,21,-1.0317477342771102,Sep16-Dec16,Sep-Dec
2016-09-01,THB,0,2016-09-21,2016-12-21,-0.0187799300655486,-0.1006361212375856,33.41016282374507,-0.08185619117203699,91,20,-0.9697911924822042,Sep16-Dec16,Sep-Dec
2016-09-02,THB,0,2016-09-21,2016-12-21,-0.01744828620496323,-0.09760705021889758,33.3756794458828,-0.08015876401393435,91,19,-0.9506247270227155,Sep16-Dec16,Sep-Dec
2016-09-05,THB,0,2016-09-21,2016-12-21,-0.015903381524313476,-0.10348856617600032,33.30908655121033,-0.08758518465168684,91,16,-1.0407260808145988,Sep16-Dec16,Sep-Dec
2016-09-06,THB,0,2016-09-21,2016-12-21,-0.014527696208596017,-0.09998451502575251,33.20560678590933,-0.08545681881715649,91,15,-1.0185596276358122,Sep16-Dec16,Sep-Dec
2016-09-07,THB,0,2016-09-21,2016-12-21,-0.014962607778187803,-0.10972715868351221,33.113309674194106,-0.0947645509053244,91,14,-1.1326629940279527,Sep16-Dec16,Sep-Dec
2016-09-08,THB,0,2016-09-21,2016-12-21,-0.013174921478135171,-0.10308741712845462,33.07873642865997,-0.08991249565031945,91,13,-1.0757348999291683,Sep16-Dec16,Sep-Dec
2016-09-09,THB,0,2016-09-21,2016-12-21,-0.012361638414852405,-0.10396633008799762,33.13486107869193,-0.09160469167314521,91,12,-1.0940967407735889,Sep16-Dec16,Sep-Dec
2016-09-12,THB,0,2016-09-21,2016-12-21,-0.00877747964109726,-0.0959251658963487,33.11597054223799,-0.08714768625525143,91,9,-1.0413449332338427,Sep16-Dec16,Sep-Dec
2016-09-13,THB,0,2016-09-21,2016-12-21,-0.007608006875614284,-0.09272416128849552,33.12947828562624,-0.08511615441288123,91,8,-1.0166190658708185,Sep16-Dec16,Sep-Dec
2016-09-14,THB,0,2016-09-21,2016-12-21,-0.006125916072282224,-0.08452250389330207,32.95710400981837,-0.07839658782101985,91,7,-0.9412174246890248,Sep16-Dec16,Sep-Dec
2016-09-15,THB,0,2016-09-21,2016-12-21,-0.0061755923421159195,-0.08451129712690306,33.007813743515,-0.07833570478478713,91,6,-0.939042753080037,Sep16-Dec16,Sep-Dec
2016-09-16,THB,0,2016-09-21,2016-12-21,-0.006510486831639881,-0.08839578293131928,33.141242548114676,-0.0818852960996794,91,5,-0.9776503703874627,Sep16-Dec16,Sep-Dec
2016-09-19,THB,0,2016-09-21,2016-12-21,-0.006561324336931815,-0.08681844787375896,32.86923204374137,-0.08025712353682715,91,2,-0.9661439607520352,Sep16-Dec16,Sep-Dec
2016-09-20,THB,0,2016-09-21,2016-12-21,-0.006709860816979798,-0.08801054154136972,32.77331618499019,-0.08130068072438992,91,1,-0.9815757647282033,Sep16-Dec16,Sep-Dec
2016-09-21,THB,0,2016-12-21,2017-03-15,-0.09028879250092281,-0.16816145733455026,32.82501561873061,-0.07787266483362745,84,91,-1.0195288749949174,Dec16-Mar17,Dec-Mar
2016-09-22,THB,0,2016-12-21,2017-03-15,-0.09158781606553677,-0.1716091825176659,32.76357125423088,-0.08002136645212914,84,90,-1.049672157233236,Dec16-Mar17,Dec-Mar
2016-09-23,THB,0,2016-12-21,2017-03-15,-0.09148158155305672,-0.17235059990106402,32.83889106634478,-0.0808690183480073,84,89,-1.0583478591389734,Dec16-Mar17,Dec-Mar
2016-09-26,THB,0,2016-12-21,2017-03-15,-0.09576257314450792,-0.1838450532929842,32.718338467653965,-0.08808248014847628,84,86,-1.1571628945371402,Dec16-Mar17,Dec-Mar
2016-09-27,THB,0,2016-12-21,2017-03-15,-0.09429919288573604,-0.18199997733031723,32.93403703146521,-0.08770078444458118,84,85,-1.1445295532198798,Dec16-Mar17,Dec-Mar
2016-09-28,THB,0,2016-12-21,2017-03-15,-0.09042906458407585,-0.17537838536715752,32.87846280596495,-0.08494932078308168,84,84,-1.11037008352929,Dec16-Mar17,Dec-Mar
2016-09-29,THB,0,2016-12-21,2017-03-15,-0.08987147153080352,-0.1753433316866923,32.894401131233145,-0.08547186015588878,84,83,-1.1166383907848758,Dec16-Mar17,Dec-Mar
2016-09-30,THB,0,2016-12-21,2017-03-15,-0.08862158185399847,-0.1739527113570779,32.71172608414798,-0.08533112950307943,84,82,-1.1209995072717678,Dec16-Mar17,Dec-Mar
2016-10-03,THB,0,2016-12-21,2017-03-15,-0.07573346261349545,-0.15755976184648046,32.76599357623456,-0.08182629923298501,84,79,-1.072748085671609,Dec16-Mar17,Dec-Mar
2016-10-04,THB,0,2016-12-21,2017-03-15,-0.06724345985901808,-0.14062434765664084,32.72113915524214,-0.07338088779762275,84,78,-0.9630995396886817,Dec16-Mar17,Dec-Mar
2016-10-05,THB,0,2016-12-21,2017-03-15,-0.06828789669505833,-0.14340772534967022,32.51062828435685,-0.07511982865461189,84,77,-0.9923517198774696,Dec16-Mar17,Dec-Mar
2016-10-06,THB,0,2016-12-21,2017-03-15,-0.06388058866132469,-0.13477305953066787,32.7875077782133,-0.07089247086934318,84,76,-0.9284572073700672,Dec16-Mar17,Dec-Mar
2016-10-07,THB,0,2016-12-21,2017-03-15,-0.06200501515588289,-0.13139228213596632,32.82187190928674,-0.06938726698008343,84,75,-0.9077387350328354,Dec16-Mar17,Dec-Mar
2016-10-10,THB,0,2016-12-21,2017-03-15,-0.06665343355857956,-0.14329349519781126,32.758370633512975,-0.0766400616392317,84,72,-1.0047113922352833,Dec16-Mar17,Dec-Mar
2016-10-11,THB,0,2016-12-21,2017-03-15,-0.06531419025737281,-0.14110551974124155,32.650630840748775,-0.07579132948386874,84,71,-0.9968292988718566,Dec16-Mar17,Dec-Mar
2016-10-12,THB,0,2016-12-21,2017-03-15,-0.06279407510021841,-0.1363052625994738,32.50063448835373,-0.07351118749925538,84,70,-0.9712358850394771,Dec16-Mar17,Dec-Mar
2016-10-13,THB,0,2016-12-21,2017-03-15,-0.06014074199326509,-0.13115064757591943,32.369966432153014,-0.07100990558265434,84,69,-0.9419059381539878,Dec16-Mar17,Dec-Mar
2016-10-14,THB,0,2016-12-21,2017-03-15,-0.06476192292979496,-0.14218270740055508,32.34618112335649,-0.07742078447076012,84,68,-1.0278462664775136,Dec16-Mar17,Dec-Mar
2016-10-17,THB,0,2016-12-21,2017-03-15,-0.0595958910673875,-0.1328833742147824,32.22032504754692,-0.07328748314739492,84,65,-0.976623421566807,Dec16-Mar17,Dec-Mar
2016-10-18,THB,0,2016-12-21,2017-03-15,-0.059574461874573804,-0.13362971241299046,32.282775976284746,-0.07405525053841666,84,64,-0.9849413784123977,Dec16-Mar17,Dec-Mar
2016-10-19,THB,0,2016-12-21,2017-03-15,-0.06067293484863023,-0.13702897613287762,32.2664578621076,-0.07635604128424739,84,63,-1.0160912943795175,Dec16-Mar17,Dec-Mar
2016-10-20,THB,0,2016-12-21,2017-03-15,-0.05981098340173303,-0.13587777985122157,32.34341928699615,-0.07606679644948855,84,62,-1.009802104976587,Dec16-Mar17,Dec-Mar
2016-10-21,THB,0,2016-12-21,2017-03-15,-0.06354633556124804,-0.1456632577948978,32.33704238283928,-0.08211692223364976,84,61,-1.0904603151765986,Dec16-Mar17,Dec-Mar
2016-10-24,THB,0,2016-12-21,2017-03-15,-0.05866559553795663,-0.13822750254329463,32.412353677112364,-0.079561907005338,84,58,-1.0539126191477945,Dec16-Mar17,Dec-Mar
2016-10-25,THB,0,2016-12-21,2017-03-15,-0.05648918387897944,-0.13432372110765042,32.47608671579237,-0.07783453722867098,84,57,-1.028935006964517,Dec16-Mar17,Dec-Mar
2016-10-26,THB,0,2016-12-21,2017-03-15,-0.05585222155024232,-0.1342346150178615,32.37563314646589,-0.07838239346761917,84,56,-1.0393775385206487,Dec16-Mar17,Dec-Mar
2016-10-27,THB,0,2016-12-21,2017-03-15,-0.056114220344189475,-0.13644657786680542,32.216164927422426,-0.08033235752261594,84,55,-1.0705254645758666,Dec16-Mar17,Dec-Mar
2016-10-28,THB,0,2016-12-21,2017-03-15,-0.05983950737098623,-0.14750485211433811,32.510000335760246,-0.08766534474335189,84,54,-1.1578020285185937,Dec16-Mar17,Dec-Mar
2016-10-31,THB,0,2016-12-21,2017-03-15,-0.05605269782595518,-0.14293959018192443,32.61118908538852,-0.08688689235596925,84,51,-1.1438207211860016,Dec16-Mar17,Dec-Mar
2016-11-01,THB,0,2016-12-21,2017-03-15,-0.051505575724050935,-0.14199008445349112,32.551164664798385,-0.0904845087294402,84,50,-1.1932148292224902,Dec16-Mar17,Dec-Mar
2016-11-02,THB,0,2016-12-21,2017-03-15,-0.051096223116090286,-0.14229390010686188,32.58753782549372,-0.0911976769907716,84,49,-1.2012597808936614,Dec16-Mar17,Dec-Mar
2016-11-03,THB,0,2016-12-21,2017-03-15,-0.052001211414052576,-0.1462451649856487,32.59357021852844,-0.09424395357159614,84,48,-1.2411898703338207,Dec16-Mar17,Dec-Mar
2016-11-04,THB,0,2016-12-21,2017-03-15,-0.04754562050950244,-0.13539126871886908,32.58945689067156,-0.08784564820936665,84,47,-1.156912224187377,Dec16-Mar17,Dec-Mar
2016-11-07,THB,0,2016-12-21,2017-03-15,-0.044034456753598836,-0.12980465320199022,32.59097059674539,-0.08577019644839139,84,44,-1.1294044841158035,Dec16-Mar17,Dec-Mar
2016-11-08,THB,0,2016-12-21,2017-03-15,-0.04330886156212316,-0.12920186561227284,32.43582813360109,-0.08589300405014968,84,43,-1.136413229885415,Dec16-Mar17,Dec-Mar
2016-11-09,THB,0,2016-12-21,2017-03-15,-0.03946685929383564,-0.11927133675053707,32.39222992792138,-0.07980447745670143,84,42,-1.0571560406591145,Dec16-Mar17,Dec-Mar
2016-11-10,THB,0,2016-12-21,2017-03-15,-0.03975704066667321,-0.12165254104127857,32.41425462152064,-0.08189550037460536,84,41,-1.0841271436401614,Dec16-Mar17,Dec-Mar
2016-11-11,THB,0,2016-12-21,2017-03-15,-0.03643963586457986,-0.11296287118019756,32.43072305633859,-0.0765232353156177,84,40,-1.012390731180408,Dec16-Mar17,Dec-Mar
2016-11-14,THB,0,2016-12-21,2017-03-15,-0.033058309738453015,-0.10669730726084474,32.398168014967176,-0.07363899752239172,84,37,-0.975110872608677,Dec16-Mar17,Dec-Mar
2016-11-15,THB,0,2016-12-21,2017-03-15,-0.03273628181523523,-0.10721060977232191,32.301937072179136,-0.07447432795708668,84,36,-0.9891031802063965,Dec16-Mar17,Dec-Mar
2016-11-16,THB,0,2016-12-21,2017-03-15,-0.03254077523137372,-0.10820709623016814,32.3047398221051,-0.07566632099879442,84,35,-1.004840830279233,Dec16-Mar17,Dec-Mar
2016-11-17,THB,0,2016-12-21,2017-03-15,-0.03170530935047662,-0.10704767349279573,32.47189425398729,-0.07534236414231911,84,34,-0.9953574773416805,Dec16-Mar17,Dec-Mar
2016-11-18,THB,0,2016-12-21,2017-03-15,-0.03018304081426159,-0.10346766739175711,32.379154388922174,-0.07328462657749552,84,33,-0.9709024984646066,Dec16-Mar17,Dec-Mar
2016-11-21,THB,0,2016-12-21,2017-03-15,-0.02643379944177826,-0.09500752966629866,32.645449274752345,-0.0685737302245204,84,30,-0.9009696061194379,Dec16-Mar17,Dec-Mar
2016-11-22,THB,0,2016-12-21,2017-03-15,-0.025890142851197145,-0.09541901445008201,32.77959788956547,-0.06952887159888486,84,29,-0.9097622796943357,Dec16-Mar17,Dec-Mar
2016-11-23,THB,0,2016-12-21,2017-03-15,-0.028022301306889638,-0.10657405545363731,33.090898643527524,-0.07855175414674767,84,28,-1.0182126062780859,Dec16-Mar17,Dec-Mar
2016-11-24,THB,0,2016-12-21,2017-03-15,-0.026071908750304233,-0.10165947773216824,33.150216114495,-0.075587568981864,84,27,-0.9779776413116257,Dec16-Mar17,Dec-Mar
2016-11-25,THB,0,2016-12-21,2017-03-15,-0.025724522994647094,-0.10332913362107252,33.032320445375575,-0.07760461062642543,84,26,-1.0076506804309286,Dec16-Mar17,Dec-Mar
2016-11-28,THB,0,2016-12-21,2017-03-15,-0.02201968175393617,-0.09695648292680514,32.89743661425703,-0.07493680117286897,84,23,-0.9768932207663126,Dec16-Mar17,Dec-Mar
2016-11-29,THB,0,2016-12-21,2017-03-15,-0.021326856407274226,-0.09728180424734174,32.84920519896811,-0.07595494784006751,84,22,-0.9915998884607273,Dec16-Mar17,Dec-Mar
2016-11-30,THB,0,2016-12-21,2017-03-15,-0.020113461528141204,-0.09505283863145553,33.086814055503126,-0.07493937710331433,84,21,-0.9712754923988693,Dec16-Mar17,Dec-Mar
2016-12-01,THB,0,2016-12-21,2017-03-15,-0.019003681930357837,-0.0933087169467113,33.062574546896776,-0.07430503501635347,84,20,-0.9637280164769122,Dec16-Mar17,Dec-Mar
2016-12-02,THB,0,2016-12-21,2017-03-15,-0.01602882005083057,-0.09069394115416368,32.856758306075115,-0.0746651211033331,84,19,-0.9743796230023813,Dec16-Mar17,Dec-Mar
2016-12-05,THB,0,2016-12-21,2017-03-15,-0.01459451026638586,-0.09001802501227024,32.85021675816392,-0.07542351474588438,84,16,-0.9844297518860623,Dec16-Mar17,Dec-Mar
2016-12-06,THB,0,2016-12-21,2017-03-15,-0.013627300409189951,-0.08673623813103729,32.72113603012484,-0.07310893772184733,84,15,-0.9579574567941991,Dec16-Mar17,Dec-Mar
2016-12-07,THB,0,2016-12-21,2017-03-15,-0.012914275466989662,-0.08492100477577416,32.87354095892081,-0.0720067293087845,84,14,-0.9391186340995672,Dec16-Mar17,Dec-Mar
2016-12-08,THB,0,2016-12-21,2017-03-15,-0.012688624732204948,-0.08918179713104367,32.96918599399026,-0.07649317239883872,84,13,-0.994729136522543,Dec16-Mar17,Dec-Mar
2016-12-09,THB,0,2016-12-21,2017-03-15,-0.012357668116170213,-0.09337174327459927,32.937609928574545,-0.08101407515842905,84,12,-1.054519420242642,Dec16-Mar17,Dec-Mar
2016-12-12,THB,0,2016-12-21,2017-03-15,-0.008985376072672085,-0.08735865714491745,32.941373636164734,-0.07837328107224537,84,9,-1.0199244818106523,Dec16-Mar17,Dec-Mar
2016-12-13,THB,0,2016-12-21,2017-03-15,-0.008559473132870341,-0.09295446755738847,32.87684082372272,-0.08439499442451813,84,8,-1.100431231526652,Dec16-Mar17,Dec-Mar
2016-12-14,THB,0,2016-12-21,2017-03-15,-0.006640627233416321,-0.08082919673953423,32.993743769267695,-0.07418856950611791,84,7,-0.9638646073287318,Dec16-Mar17,Dec-Mar
2016-12-15,THB,0,2016-12-21,2017-03-15,-0.00687130285430082,-0.08286416235588662,32.88696033931494,-0.0759928595015858,84,6,-0.990519469752942,Dec16-Mar17,Dec-Mar
2016-12-16,THB,0,2016-12-21,2017-03-15,-0.006810610468947528,-0.08108551580963907,33.039189487591216,-0.07427490534069155,84,5,-0.9636636346198759,Dec16-Mar17,Dec-Mar
2016-12-19,THB,0,2016-12-21,2017-03-15,-0.006375023468336261,-0.07281663079834014,33.03051659017495,-0.06644160733000387,84,2,-0.862247229424137,Dec16-Mar17,Dec-Mar
2016-12-20,THB,0,2016-12-21,2017-03-15,-0.0055429871182583615,-0.06177076837359956,33.22159408865469,-0.0562277812553412,84,1,-0.7254811977600584,Dec16-Mar17,Dec-Mar
2016-12-21,THB,0,2017-03-15,2017-06-21,-0.0634696348046978,-0.1439455072888741,33.058106804719756,-0.08047587248417629,98,84,-0.8959809210845536,Mar17-Jun17,Mar-Jun
2016-12-22,THB,0,2017-03-15,2017-06-21,-0.05931659376255834,-0.13586996393190684,33.116542979094355,-0.0765533701693485,98,83,-0.8506958768064449,Mar17-Jun17,Mar-Jun
2016-12-23,THB,0,2017-03-15,2017-06-21,-0.054920506751965595,-0.12715523171811122,33.12476237946821,-0.07223472496614562,98,82,-0.8023989105160901,Mar17-Jun17,Mar-Jun
2016-12-26,THB,0,2017-03-15,2017-06-21,-0.05443688581167953,-0.12884385632848594,33.26546089488459,-0.0744069705168064,98,79,-0.8230150577543496,Mar17-Jun17,Mar-Jun
2016-12-27,THB,0,2017-03-15,2017-06-21,-0.054847505514645706,-0.13071860193937812,33.238162083297034,-0.07587109642473241,98,78,-0.8399105203260413,Mar17-Jun17,Mar-Jun
2016-12-28,THB,0,2017-03-15,2017-06-21,-0.04870696375332329,-0.11773606145995112,33.181106668448514,-0.06902909770662782,98,77,-0.7653423221672203,Mar17-Jun17,Mar-Jun
2016-12-29,THB,0,2017-03-15,2017-06-21,-0.04430149860452422,-0.10860588816528907,33.40327000253605,-0.06430438956076485,98,76,-0.7081160393850203,Mar17-Jun17,Mar-Jun
2016-12-30,THB,0,2017-03-15,2017-06-21,-0.04690846228654123,-0.11545402808573105,33.29927331784868,-0.06854556579918981,98,75,-0.7572394887504146,Mar17-Jun17,Mar-Jun
2017-01-02,THB,0,2017-03-15,2017-06-21,-0.04451302804603209,-0.10510020510868688,33.24770211483832,-0.06058717706265479,98,72,-0.6703125403055797,Mar17-Jun17,Mar-Jun
2017-01-03,THB,0,2017-03-15,2017-06-21,-0.045813425585374726,-0.10904885808349758,33.56229396920169,-0.06323543249812286,98,71,-0.6930722490418562,Mar17-Jun17,Mar-Jun
2017-01-04,THB,0,2017-03-15,2017-06-21,-0.050718728413285834,-0.121724948191886,33.542798260310974,-0.07100621977860017,98,70,-0.7788085372497145,Mar17-Jun17,Mar-Jun
2017-01-05,THB,0,2017-03-15,2017-06-21,-0.04817262230955354,-0.11659170906804989,33.62785197526471,-0.06841908675849634,98,69,-0.7484747489805342,Mar17-Jun17,Mar-Jun
2017-01-06,THB,0,2017-03-15,2017-06-21,-0.052362279223428954,-0.127825563986606,33.67666800593348,-0.07546328476317704,98,68,-0.824439525175837,Mar17-Jun17,Mar-Jun
2017-01-09,THB,0,2017-03-15,2017-06-21,-0.05252284398449976,-0.13171113183805325,33.618160182222006,-0.07918828785355349,98,65,-0.8666474834588777,Mar17-Jun17,Mar-Jun
2017-01-10,THB,0,2017-03-15,2017-06-21,-0.05654603259187609,-0.14313214499818636,33.69372539601937,-0.08658611240631026,98,64,-0.9455948428158939,Mar17-Jun17,Mar-Jun
2017-01-11,THB,0,2017-03-15,2017-06-21,-0.05737407199488389,-0.14662262843136994,33.77027909120159,-0.08924855643648605,98,63,-0.9724817240875314,Mar17-Jun17,Mar-Jun
2017-01-12,THB,0,2017-03-15,2017-06-21,-0.0569872940346193,-0.14706398460546918,33.79554131286298,-0.09007669057084988,98,62,-0.9807591788836936,Mar17-Jun17,Mar-Jun
2017-01-13,THB,0,2017-03-15,2017-06-21,-0.05505500397669092,-0.1435040267589157,33.4600499433084,-0.08844902278222477,98,61,-0.9726532758273657,Mar17-Jun17,Mar-Jun
2017-01-16,THB,0,2017-03-15,2017-06-21,-0.05175714095044018,-0.1392088618667012,33.17890393467502,-0.08745172091626102,98,58,-0.9697521543063506,Mar17-Jun17,Mar-Jun
2017-01-17,THB,0,2017-03-15,2017-06-21,-0.05024844736709452,-0.13664051477016934,33.33618023571387,-0.08639206740307481,98,57,-0.9534316688745181,Mar17-Jun17,Mar-Jun
2017-01-18,THB,0,2017-03-15,2017-06-21,-0.050433905774838556,-0.13869324088080603,33.16229516177172,-0.08825933510596748,98,56,-0.9791595923550316,Mar17-Jun17,Mar-Jun
2017-01-19,THB,0,2017-03-15,2017-06-21,-0.05388439316542594,-0.14989658462382124,33.06735257490575,-0.0960121914583953,98,55,-1.0683453317660139,Mar17-Jun17,Mar-Jun
2017-01-20,THB,0,2017-03-15,2017-06-21,-0.04907009731948271,-0.13812323689928466,32.95559851052532,-0.08905313957980195,98,54,-0.9941309457566081,Mar17-Jun17,Mar-Jun
2017-01-23,THB,0,2017-03-15,2017-06-21,-0.04615529639271311,-0.13484586593165204,33.202216042866446,-0.08869056953893893,98,51,-0.9826320885194824,Mar17-Jun17,Mar-Jun
2017-01-24,THB,0,2017-03-15,2017-06-21,-0.049159523418124865,-0.1455121893176496,33.40674326734958,-0.09635266589952472,98,50,-1.0610737615996866,Mar17-Jun17,Mar-Jun
2017-01-25,THB,0,2017-03-15,2017-06-21,-0.04693849239110042,-0.14081547717330128,33.27855093821411,-0.09387698478220086,98,49,-1.0377294522628697,Mar17-Jun17,Mar-Jun
2017-01-26,THB,0,2017-03-15,2017-06-21,-0.04198104091429095,-0.12769233278096834,33.10479511196503,-0.08571129186667739,98,48,-0.9523019008017507,Mar17-Jun17,Mar-Jun
2017-01-27,THB,0,2017-03-15,2017-06-21,-0.04208727989235873,-0.12984373583812797,33.41844481078085,-0.08775645594576925,98,47,-0.9658652961046873,Mar17-Jun17,Mar-Jun
2017-01-30,THB,0,2017-03-15,2017-06-21,-0.038513184138417714,-0.1242925488103481,33.334463517680916,-0.08577936467193038,98,44,-0.9463849719464663,Mar17-Jun17,Mar-Jun
2017-01-31,THB,0,2017-03-15,2017-06-21,-0.03902936035358051,-0.1279799955780198,33.264673907891776,-0.0889506352244393,98,43,-0.9834495010347083,Mar17-Jun17,Mar-Jun
2017-02-01,THB,0,2017-03-15,2017-06-21,-0.037839243597493924,-0.12613081199164644,33.30444239423541,-0.08829156839415252,98,42,-0.974960900649003,Mar17-Jun17,Mar-Jun
2017-02-02,THB,0,2017-03-15,2017-06-21,-0.03739404700789979,-0.1267749398560505,33.428795179922005,-0.08938089284815072,98,41,-0.9833009774610644,Mar17-Jun17,Mar-Jun
2017-02-03,THB,0,2017-03-15,2017-06-21,-0.033993157388034705,-0.11727639298871972,33.416666110951056,-0.08328323560068501,98,40,-0.9164587177243253,Mar17-Jun17,Mar-Jun
2017-02-06,THB,0,2017-03-15,2017-06-21,-0.03269604816829925,-0.11929639196541617,33.443619219476524,-0.08660034379711692,98,37,-0.9521548096011843,Mar17-Jun17,Mar-Jun
2017-02-07,THB,0,2017-03-15,2017-06-21,-0.033479189597569785,-0.12461698350206532,33.58066948649852,-0.09113779390449553,98,36,-0.9979729837661423,Mar17-Jun17,Mar-Jun
2017-02-08,THB,0,2017-03-15,2017-06-21,-0.032071000367531605,-0.1218698013966201,33.44909976706422,-0.08979880102908849,98,35,-0.9871408644392456,Mar17-Jun17,Mar-Jun
2017-02-09,THB,0,2017-03-15,2017-06-21,-0.03201966815306379,-0.12431165282954179,33.54601093529203,-0.092291984676478,98,34,-1.0116126657126525,Mar17-Jun17,Mar-Jun
2017-02-10,THB,0,2017-03-15,2017-06-21,-0.03262091075043165,-0.12949513055474382,33.52121070109886,-0.09687421980431217,98,33,-1.062643972593813,Mar17-Jun17,Mar-Jun
2017-02-13,THB,0,2017-03-15,2017-06-21,-0.031095902767091337,-0.13267585180625635,33.341610715453626,-0.10157994903916501,98,30,-1.1202193520676897,Mar17-Jun17,Mar-Jun
2017-02-14,THB,0,2017-03-15,2017-06-21,-0.029558503004128087,-0.12944585798359542,33.155852714316325,-0.09988735497946734,98,29,-1.1076794114072979,Mar17-Jun17,Mar-Jun
2017-02-15,THB,0,2017-03-15,2017-06-21,-0.02895866469022812,-0.13031399110602654,33.06766884065035,-0.10135532641579842,98,28,-1.126937725145471,Mar17-Jun17,Mar-Jun
2017-02-16,THB,0,2017-03-15,2017-06-21,-0.029170800566024918,-0.13505000262048572,32.98277582111532,-0.1058792020544608,98,27,-1.180277566914006,Mar17-Jun17,Mar-Jun
2017-02-17,THB,0,2017-03-15,2017-06-21,-0.02804451052908025,-0.13375074252330585,32.982797922922394,-0.1057062319942256,98,26,-1.1783083383039108,Mar17-Jun17,Mar-Jun
2017-02-20,THB,0,2017-03-15,2017-06-21,-0.022920579660033996,-0.12058217995061364,32.90562477456001,-0.09766160029057964,98,23,-1.0910200599690267,Mar17-Jun17,Mar-Jun
2017-02-21,THB,0,2017-03-15,2017-06-21,-0.022320898878543632,-0.12175035751932892,32.788862594275294,-0.09942945864078528,98,22,-1.114707423058106,Mar17-Jun17,Mar-Jun
2017-02-22,THB,0,2017-03-15,2017-06-21,-0.02165305423189249,-0.12270064064739078,32.73486022693418,-0.1010475864154983,98,21,-1.1346952729037627,Mar17-Jun17,Mar-Jun
2017-02-23,THB,0,2017-03-15,2017-06-21,-0.01982922946947159,-0.11699245386988237,32.90682588475508,-0.09716322440041078,98,20,-1.0853108120261281,Mar17-Jun17,Mar-Jun
2017-02-24,THB,0,2017-03-15,2017-06-21,-0.018160144258637288,-0.11182825675055592,32.838322317680955,-0.09366811249191864,98,19,-1.04840110792174,Mar17-Jun17,Mar-Jun
2017-02-27,THB,0,2017-03-15,2017-06-21,-0.015628963458478556,-0.11135636464165971,32.70079854583701,-0.09572740118318115,98,16,-1.0758753352326516,Mar17-Jun17,Mar-Jun
2017-02-28,THB,0,2017-03-15,2017-06-21,-0.01500765654653883,-0.11305767931725917,32.76664638308708,-0.09805002277072034,98,15,-1.0997427033324647,Mar17-Jun17,Mar-Jun
2017-03-01,THB,0,2017-03-15,2017-06-21,-0.015155964090385079,-0.12124771272308062,32.96871848441635,-0.10609174863269553,98,14,-1.1826484333984886,Mar17-Jun17,Mar-Jun
2017-03-02,THB,0,2017-03-15,2017-06-21,-0.014281683609928238,-0.12194360620784882,33.0200445375667,-0.10766192259792058,98,13,-1.1982537069065542,Mar17-Jun17,Mar-Jun
2017-03-03,THB,0,2017-03-15,2017-06-21,-0.013266020548874873,-0.12160518836468634,32.89333377838701,-0.10833916781581146,98,12,-1.2104008404039452,Mar17-Jun17,Mar-Jun
2017-03-06,THB,0,2017-03-15,2017-06-21,-0.009626379038793223,-0.11444695079454166,32.870741949171375,-0.10482057175574844,98,9,-1.1717653368460899,Mar17-Jun17,Mar-Jun
2017-03-07,THB,0,2017-03-15,2017-06-21,-0.007822049972362879,-0.10364216213380814,32.94010974869545,-0.09582011216144526,98,8,-1.0688363103604883,Mar17-Jun17,Mar-Jun
2017-03-08,THB,0,2017-03-15,2017-06-21,-0.00681543376090192,-0.1022315064135288,33.02006967097077,-0.09541607265262687,98,7,-1.0617190885538463,Mar17-Jun17,Mar-Jun
2017-03-09,THB,0,2017-03-15,2017-06-21,-0.0074007459691590735,-0.10995394011322053,33.025166061070685,-0.10255319414406146,98,6,-1.1409797595612008,Mar17-Jun17,Mar-Jun
2017-03-10,THB,0,2017-03-15,2017-06-21,-0.007639865304270568,-0.11241516090569552,33.081605539249,-0.10477529560142496,98,5,-1.1637214744044075,Mar17-Jun17,Mar-Jun
2017-03-13,THB,0,2017-03-15,2017-06-21,-0.007703694968091181,-0.11005278525844543,32.946445435599315,-0.10234909029035424,98,2,-1.1414408388964437,Mar17-Jun17,Mar-Jun
2017-03-14,THB,0,2017-03-15,2017-06-21,-0.007325335636387968,-0.10360117542891553,32.693251145979644,-0.09627583979252756,98,1,-1.0820141742668217,Mar17-Jun17,Mar-Jun
2017-03-15,THB,0,2017-06-21,2017-09-20,-0.1022968143990173,-0.19728671348381907,32.69024873136556,-0.09498989908480177,91,98,-1.1531384884731324,Jun17-Sep17,Jun-Sep
2017-03-16,THB,0,2017-06-21,2017-09-20,-0.09528417066325846,-0.1846744750999236,32.895926620609835,-0.08939030443666514,91,97,-1.07812514384515,Jun17-Sep17,Jun-Sep
2017-03-17,THB,0,2017-06-21,2017-09-20,-0.09149407665682172,-0.17822283682110063,32.98605592803656,-0.08672876016427891,91,96,-1.0430380225559466,Jun17-Sep17,Jun-Sep
2017-03-20,THB,0,2017-06-21,2017-09-20,-0.09538551259210087,-0.18871972383813507,33.050877551787934,-0.0933342112460342,91,93,-1.1204027597368171,Jun17-Sep17,Jun-Sep
2017-03-21,THB,0,2017-06-21,2017-09-20,-0.10278415744975579,-0.20445109579679682,33.11969797190519,-0.10166693834704103,91,92,-1.2181601201055383,Jun17-Sep17,Jun-Sep
2017-03-22,THB,0,2017-06-21,2017-09-20,-0.10319247535200139,-0.20638495070400278,33.05624291852323,-0.10319247535200139,91,91,-1.238835139494977,Jun17-Sep17,Jun-Sep
2017-03-23,THB,0,2017-06-21,2017-09-20,-0.09540389127515425,-0.1918678257866991,33.05315234545484,-0.09646393451154484,91,90,-1.1578933118904586,Jun17-Sep17,Jun-Sep
2017-03-24,THB,0,2017-06-21,2017-09-20,-0.09930373955398164,-0.20083902381704152,33.08669724550605,-0.10153528426305988,91,89,-1.21767137364641,Jun17-Sep17,Jun-Sep
2017-03-27,THB,0,2017-06-21,2017-09-20,-0.09422243039925417,-0.19392290907753473,33.33566441292665,-0.09970047867828057,91,86,-1.1865293818999032,Jun17-Sep17,Jun-Sep
2017-03-28,THB,0,2017-06-21,2017-09-20,-0.10222951381496778,-0.21167522860510976,33.019018169836656,-0.10944571479014198,91,85,-1.315353277730043,Jun17-Sep17,Jun-Sep
2017-03-29,THB,0,2017-06-21,2017-09-20,-0.10318930490667083,-0.21497771855556425,32.950115029550915,-0.11178841364889341,91,84,-1.3463661162044727,Jun17-Sep17,Jun-Sep
2017-03-30,THB,0,2017-06-21,2017-09-20,-0.10317393174305285,-0.2162923388348337,32.966062700246155,-0.11311840709178085,91,83,-1.3617226222719414,Jun17-Sep17,Jun-Sep
2017-03-31,THB,0,2017-06-21,2017-09-20,-0.10038834097139204,-0.2117949144884247,32.843613352457695,-0.11140657351703265,91,82,-1.3460167765117828,Jun17-Sep17,Jun-Sep
2017-04-03,THB,0,2017-06-21,2017-09-20,-0.09846003705304317,-0.21187602910148529,32.97200628316705,-0.11341599204844212,91,79,-1.3648623318665838,Jun17-Sep17,Jun-Sep
2017-04-04,THB,0,2017-06-21,2017-09-20,-0.09824507898805371,-0.21286433780744973,33.122021605820095,-0.11461925881939602,91,78,-1.3730677523520318,Jun17-Sep17,Jun-Sep
2017-04-05,THB,0,2017-06-21,2017-09-20,-0.09792624678003467,-0.2136572657018938,33.17543207760853,-0.11573101892185914,91,77,-1.3841339799747294,Jun17-Sep17,Jun-Sep
2017-04-06,THB,0,2017-06-21,2017-09-20,-0.09463076974684542,-0.20793866510162085,33.10992935707096,-0.11330789535477542,91,76,-1.3577069836419287,Jun17-Sep17,Jun-Sep
2017-04-07,THB,0,2017-06-21,2017-09-20,-0.0879000562131394,-0.1945521244184152,33.11361080709863,-0.10665206820527581,91,75,-1.2775509148180013,Jun17-Sep17,Jun-Sep
2017-04-10,THB,0,2017-06-21,2017-09-20,-0.08939696130290455,-0.20238478739407556,32.99103421798242,-0.11298782609117101,91,72,-1.3585488254806293,Jun17-Sep17,Jun-Sep
2017-04-11,THB,0,2017-06-21,2017-09-20,-0.09096776763159652,-0.2075602585396991,32.877709743888,-0.11659249090810257,91,71,-1.4068034552232722,Jun17-Sep17,Jun-Sep
2017-04-12,THB,0,2017-06-21,2017-09-20,-0.09063292685516326,-0.20845573176687549,32.90478357912205,-0.11782280491171222,91,70,-1.4204609474568985,Jun17-Sep17,Jun-Sep
2017-04-13,THB,0,2017-06-21,2017-09-20,-0.09239273192177243,-0.21424401605048676,33.01132868070719,-0.12185128412871434,91,69,-1.4643518152092365,Jun17-Sep17,Jun-Sep
2017-04-14,THB,0,2017-06-21,2017-09-20,-0.08833547727096136,-0.2065491306776891,32.677568285906396,-0.11821365340672774,91,68,-1.4350089547294653,Jun17-Sep17,Jun-Sep
2017-04-17,THB,0,2017-06-21,2017-09-20,-0.08784051261977945,-0.21081723028747065,32.62937640907775,-0.12297671766769121,91,65,-1.495016406758918,Jun17-Sep17,Jun-Sep
2017-04-18,THB,0,2017-06-21,2017-09-20,-0.0829042495584481,-0.2007837293993665,32.512677963561444,-0.1178794798409184,91,64,-1.4379884604773918,Jun17-Sep17,Jun-Sep
2017-04-19,THB,0,2017-06-21,2017-09-20,-0.07760762734851666,-0.1897075335185963,32.50587855621154,-0.11209990617007963,91,63,-1.3675479560722439,Jun17-Sep17,Jun-Sep
2017-04-20,THB,0,2017-06-21,2017-09-20,-0.07504638895542641,-0.18519512113193934,32.448832361661914,-0.11014873217651293,91,62,-1.3460063847958994,Jun17-Sep17,Jun-Sep
2017-04-21,THB,0,2017-06-21,2017-09-20,-0.07616278954173222,-0.18978268869415243,32.400829933546,-0.11361989915242021,91,61,-1.390533468839184,Jun17-Sep17,Jun-Sep
2017-04-24,THB,0,2017-06-21,2017-09-20,-0.07546554460375049,-0.19386838182687624,32.401393415501936,-0.11840283722312575,91,58,-1.4490127876473995,Jun17-Sep17,Jun-Sep
2017-04-25,THB,0,2017-06-21,2017-09-20,-0.07277210768404047,-0.1889521392497893,32.26269609418478,-0.11618003156574883,91,57,-1.4278173253265285,Jun17-Sep17,Jun-Sep
2017-04-26,THB,0,2017-06-21,2017-09-20,-0.07236955049720892,-0.1899700700551734,32.45417255228869,-0.1176005195579645,91,56,-1.4367106877871865,Jun17-Sep17,Jun-Sep
2017-04-27,THB,0,2017-06-21,2017-09-20,-0.07295206632894694,-0.19365457607320458,32.394839930086086,-0.12070250974425764,91,55,-1.4773407919917783,Jun17-Sep17,Jun-Sep
2017-04-28,THB,0,2017-06-21,2017-09-20,-0.07142960853706132,-0.19180172662729428,32.14170759910919,-0.12037211809023296,91,54,-1.4848558231614442,Jun17-Sep17,Jun-Sep
2017-05-01,THB,0,2017-06-21,2017-09-20,-0.06934953142050079,-0.193090852190414,32.166507560587526,-0.1237413207699132,91,51,-1.5251384677107027,Jun17-Sep17,Jun-Sep
2017-05-02,THB,0,2017-06-21,2017-09-20,-0.0677211983136607,-0.1909737792445232,31.991857262570438,-0.12325258093086248,91,50,-1.5273479190695396,Jun17-Sep17,Jun-Sep
2017-05-03,THB,0,2017-06-21,2017-09-20,-0.067180284855966,-0.19194367101704574,32.051630964207426,-0.12476338616107974,91,49,-1.5431543430469696,Jun17-Sep17,Jun-Sep
2017-05-04,THB,0,2017-06-21,2017-09-20,-0.06830241926927658,-0.1977924224672801,31.943002485964406,-0.12949000319800352,91,48,-1.6071308700872329,Jun17-Sep17,Jun-Sep
2017-05-05,THB,0,2017-06-21,2017-09-20,-0.06530349552060169,-0.1917421783370858,31.919576512744683,-0.1264386828164841,91,47,-1.5702665281227886,Jun17-Sep17,Jun-Sep
2017-05-08,THB,0,2017-06-21,2017-09-20,-0.06181710415265676,-0.18966611501383324,32.11656113623568,-0.12784901086117648,91,44,-1.577851647161238,Jun17-Sep17,Jun-Sep
2017-05-09,THB,0,2017-06-21,2017-09-20,-0.06027120247571051,-0.1878218867847723,32.11262988247767,-0.1275506843090618,91,43,-1.5742869933155994,Jun17-Sep17,Jun-Sep
2017-05-10,THB,0,2017-06-21,2017-09-20,-0.0578793497810692,-0.18328460764005247,31.863261482795632,-0.12540525785898327,91,42,-1.55982629082828,Jun17-Sep17,Jun-Sep
2017-05-11,THB,0,2017-06-21,2017-09-20,-0.05805213555867177,-0.18689955838401642,31.666161284501474,-0.12884742282534464,91,41,-1.6126433438904175,Jun17-Sep17,Jun-Sep
2017-05-12,THB,0,2017-06-21,2017-09-20,-0.05421807669355774,-0.17756420117140162,31.555103651204682,-0.12334612447784388,91,40,-1.5490443565080643,Jun17-Sep17,Jun-Sep
2017-05-15,THB,0,2017-06-21,2017-09-20,-0.05009286594541676,-0.17329423894630663,31.72983803010276,-0.12320137300088987,91,37,-1.5384910595427872,Jun17-Sep17,Jun-Sep
2017-05-16,THB,0,2017-06-21,2017-09-20,-0.04738117924059118,-0.16715027120986334,31.727189868677996,-0.11976909196927216,91,36,-1.495627063442116,Jun17-Sep17,Jun-Sep
2017-05-17,THB,0,2017-06-21,2017-09-20,-0.04262031090804961,-0.15343311926897857,31.83601805913996,-0.11081280836092897,91,35,-1.3788408028610117,Jun17-Sep17,Jun-Sep
2017-05-18,THB,0,2017-06-21,2017-09-20,-0.03730792314090402,-0.13716148213567653,31.810454633064435,-0.09985355899477251,91,34,-1.2432670649752555,Jun17-Sep17,Jun-Sep
2017-05-19,THB,0,2017-06-21,2017-09-20,-0.036636341155364946,-0.13766382737167435,31.725390131129146,-0.1010274862163094,91,33,-1.2612334927692859,Jun17-Sep17,Jun-Sep
2017-05-22,THB,0,2017-06-21,2017-09-20,-0.030191550927021974,-0.12177258873898864,31.508238277926655,-0.09158103781196666,91,30,-1.150956456308683,Jun17-Sep17,Jun-Sep
2017-05-23,THB,0,2017-06-21,2017-09-20,-0.02832604547749386,-0.11721122266549183,31.57008602839339,-0.08888517718799797,91,29,-1.1148194272828613,Jun17-Sep17,Jun-Sep
2017-05-24,THB,0,2017-06-21,2017-09-20,-0.027978304726835844,-0.11890779508905233,31.457745398645056,-0.09092949036221648,91,28,-1.1445234694189077,Jun17-Sep17,Jun-Sep
2017-05-25,THB,0,2017-06-21,2017-09-20,-0.02737426975095588,-0.11963569743010348,31.493992000843104,-0.0922614276791476,91,27,-1.159928488232197,Jun17-Sep17,Jun-Sep
2017-05-26,THB,0,2017-06-21,2017-09-20,-0.02831899077503016,-0.1274354584876357,31.477763323098447,-0.09911646771260554,91,26,-1.2467918316632296,Jun17-Sep17,Jun-Sep
2017-05-29,THB,0,2017-06-21,2017-09-20,-0.026033198860141594,-0.12903411608939747,31.56222525567494,-0.10300091722925588,91,23,-1.2920905458011036,Jun17-Sep17,Jun-Sep
2017-05-30,THB,0,2017-06-21,2017-09-20,-0.024547335142772644,-0.1260840395969686,31.709699336834205,-0.10153670445419595,91,22,-1.2677346977890191,Jun17-Sep17,Jun-Sep
2017-05-31,THB,0,2017-06-21,2017-09-20,-0.023426509560987345,-0.12494138432526583,31.62897565770426,-0.10151487476427848,91,21,-1.2706544185560236,Jun17-Sep17,Jun-Sep
2017-06-01,THB,0,2017-06-21,2017-09-20,-0.021470369833156033,-0.11916055257401599,31.75181059936877,-0.09769018274085996,91,20,-1.2179719921095435,Jun17-Sep17,Jun-Sep
2017-06-02,THB,0,2017-06-21,2017-09-20,-0.019722355100690883,-0.11418205584610512,31.701292902460096,-0.09445970074541424,91,19,-1.1795082180822183,Jun17-Sep17,Jun-Sep
2017-06-05,THB,0,2017-06-21,2017-09-20,-0.0165921601792324,-0.11096007119861669,31.605535972800144,-0.09436791101938428,91,16,-1.1818173036971535,Jun17-Sep17,Jun-Sep
2017-06-06,THB,0,2017-06-21,2017-09-20,-0.016248603354144093,-0.11482346370261826,31.554930022162647,-0.09857486034847417,91,15,-1.2364704640660589,Jun17-Sep17,Jun-Sep
2017-06-07,THB,0,2017-06-21,2017-09-20,-0.014528710755646252,-0.1089653306673469,31.7482414187959,-0.09443661991170064,91,14,-1.1772824152915684,Jun17-Sep17,Jun-Sep
2017-06-08,THB,0,2017-06-21,2017-09-20,-0.01358174029812592,-0.10865392238500735,31.894581932556626,-0.09507218208688142,91,13,-1.1797300243549078,Jun17-Sep17,Jun-Sep
2017-06-09,THB,0,2017-06-21,2017-09-20,-0.012696582441363912,-0.10897899928837357,31.912644064376817,-0.09628241684700965,91,12,-1.1940379320581054,Jun17-Sep17,Jun-Sep
2017-06-12,THB,0,2017-06-21,2017-09-20,-0.009116547471503105,-0.10129497190559006,31.84036083683331,-0.09217842443408696,91,9,-1.1456099408027127,Jun17-Sep17,Jun-Sep
2017-06-13,THB,0,2017-06-21,2017-09-20,-0.00827297883475261,-0.10237811308006355,31.918215871563124,-0.09410513424531093,91,8,-1.1666709928481465,Jun17-Sep17,Jun-Sep
2017-06-14,THB,0,2017-06-21,2017-09-20,-0.007138650332017798,-0.09994110464824918,32.12465839253787,-0.09280245431623138,91,7,-1.143085118186547,Jun17-Sep17,Jun-Sep
2017-06-15,THB,0,2017-06-21,2017-09-20,-0.007049926275189073,-0.09769183552762001,32.00688134322212,-0.09064190925243093,91,6,-1.1205789574018028,Jun17-Sep17,Jun-Sep
2017-06-16,THB,0,2017-06-21,2017-09-20,-0.006687002717585184,-0.09170746584116823,31.993730798545958,-0.08502046312358305,91,5,-1.0515028879410682,Jun17-Sep17,Jun-Sep
2017-06-19,THB,0,2017-06-21,2017-09-20,-0.006262687089673656,-0.08320427133423572,31.97013306611066,-0.07694158424456206,91,2,-0.952276072045769,Jun17-Sep17,Jun-Sep
2017-06-20,THB,0,2017-06-21,2017-09-20,-0.005847995920170472,-0.07685937495081191,32.12966671266551,-0.07101137903064143,91,1,-0.8745041780418286,Jun17-Sep17,Jun-Sep
2017-06-21,THB,0,2017-09-20,2017-12-20,-0.07782012453369438,-0.15564024906738877,32.13583656259133,-0.07782012453369438,91,91,-0.9603209041799408,Sep17-Dec17,Sep-Dec
2017-06-22,THB,0,2017-09-20,2017-12-20,-0.07977052248534727,-0.16042738410942062,32.184040799967946,-0.08065686162407334,91,90,-0.9938929842774774,Sep17-Dec17,Sep-Dec
2017-06-23,THB,0,2017-09-20,2017-12-20,-0.08389986148352187,-0.16968511311274087,32.21529340813557,-0.085785251629219,91,89,-1.0561951685436433,Sep17-Dec17,Sep-Dec
2017-06-26,THB,0,2017-09-20,2017-12-20,-0.08632994546161168,-0.17767907379889847,32.42341233507198,-0.09134912833728678,91,86,-1.1175441330622786,Sep17-Dec17,Sep-Dec
2017-06-27,THB,0,2017-09-20,2017-12-20,-0.07849644745536591,-0.16253382061346353,32.39703182902205,-0.08403737315809762,91,85,-1.028683813294074,Sep17-Dec17,Sep-Dec
2017-06-28,THB,0,2017-09-20,2017-12-20,-0.08176254403371822,-0.17033863340357963,32.36298159938048,-0.08857608936986142,91,84,-1.0854946413296251,Sep17-Dec17,Sep-Dec
2017-06-29,THB,0,2017-09-20,2017-12-20,-0.0839568112697115,-0.1760058453124072,32.57116651543482,-0.09204903404269571,91,83,-1.1209027432652423,Sep17-Dec17,Sep-Dec
2017-06-30,THB,0,2017-09-20,2017-12-20,-0.07869101582505816,-0.1660188504601837,32.615697145490614,-0.08732783463512553,91,82,-1.0617840837166335,Sep17-Dec17,Sep-Dec
2017-07-03,THB,0,2017-09-20,2017-12-20,-0.07282521982222323,-0.1534639361478996,32.48562203720005,-0.08063871632567637,91,79,-0.9842109835221509,Sep17-Dec17,Sep-Dec
2017-07-04,THB,0,2017-09-20,2017-12-20,-0.07496459482698539,-0.15933914720668407,32.65561678359781,-0.08437455237969868,91,78,-1.024502014421529,Sep17-Dec17,Sep-Dec
2017-07-05,THB,0,2017-09-20,2017-12-20,-0.07183464512569329,-0.15384064460459684,32.50676491984823,-0.08200599947890355,91,77,-1.0002159272428182,Sep17-Dec17,Sep-Dec
2017-07-06,THB,0,2017-09-20,2017-12-20,-0.06683354893918089,-0.14415329438224322,32.45562628306171,-0.07731974544306233,91,76,-0.944401707571629,Sep17-Dec17,Sep-Dec
2017-07-07,THB,0,2017-09-20,2017-12-20,-0.06630178194237143,-0.14423479985466492,32.31185371436381,-0.07793301791229348,91,75,-0.9561208477197782,Sep17-Dec17,Sep-Dec
2017-07-10,THB,0,2017-09-20,2017-12-20,-0.06086863304378964,-0.13582464795662996,32.32103028644384,-0.07495601491284032,91,72,-0.919181041158345,Sep17-Dec17,Sep-Dec
2017-07-11,THB,0,2017-09-20,2017-12-20,-0.06131477415560753,-0.1381060078790512,32.31554039893141,-0.07679123372344367,91,71,-0.9418595243391781,Sep17-Dec17,Sep-Dec
2017-07-12,THB,0,2017-09-20,2017-12-20,-0.0548667486322294,-0.12457069988084522,32.45643946564775,-0.06970395124861582,91,70,-0.8510447855658332,Sep17-Dec17,Sep-Dec
2017-07-13,THB,0,2017-09-20,2017-12-20,-0.051584197441326064,-0.11818628066994007,32.15811664770846,-0.066602083228614,91,69,-0.820645360020119,Sep17-Dec17,Sep-Dec
2017-07-14,THB,0,2017-09-20,2017-12-20,-0.049587617076574816,-0.11470081319533668,32.058082396324345,-0.06511319611876186,91,68,-0.8047571988025479,Sep17-Dec17,Sep-Dec
2017-07-17,THB,0,2017-09-20,2017-12-20,-0.046304552164318745,-0.11042286264170771,31.862814869576805,-0.06411831047738897,91,65,-0.7972428531768114,Sep17-Dec17,Sep-Dec
2017-07-18,THB,0,2017-09-20,2017-12-20,-0.04563279034878332,-0.10998556872133551,31.88072427744535,-0.06435277837255218,91,64,-0.799691183669309,Sep17-Dec17,Sep-Dec
2017-07-19,THB,0,2017-09-20,2017-12-20,-0.04767128088436581,-0.11617605856869954,31.836523377521594,-0.06850477768433373,91,63,-0.8525250011997658,Sep17-Dec17,Sep-Dec
2017-07-20,THB,0,2017-09-20,2017-12-20,-0.043360644186117736,-0.10682632585163204,31.779748088208052,-0.0634656816655143,91,62,-0.7911203718819867,Sep17-Dec17,Sep-Dec
2017-07-21,THB,0,2017-09-20,2017-12-20,-0.0386004095232142,-0.09618462700866491,31.561461031042963,-0.05758421748545071,91,61,-0.7226682193662176,Sep17-Dec17,Sep-Dec
2017-07-24,THB,0,2017-09-20,2017-12-20,-0.03432339074701023,-0.0881756072638711,31.532396716469954,-0.05385221651686087,91,58,-0.6763643397106663,Sep17-Dec17,Sep-Dec
2017-07-25,THB,0,2017-09-20,2017-12-20,-0.035002466690031986,-0.09088359772148658,31.712915959404096,-0.05588113103145459,91,57,-0.6978622841581362,Sep17-Dec17,Sep-Dec
2017-07-26,THB,0,2017-09-20,2017-12-20,-0.03211831389253799,-0.08431057396791222,31.54654471570867,-0.05219226007537423,91,56,-0.6551757356800827,Sep17-Dec17,Sep-Dec
2017-07-27,THB,0,2017-09-20,2017-12-20,-0.03210812907534531,-0.08523248809091666,31.304736211588597,-0.053124359015571346,91,55,-0.6720327400937849,Sep17-Dec17,Sep-Dec
2017-07-28,THB,0,2017-09-20,2017-12-20,-0.033333291481640506,-0.08950606045996064,31.29536049708999,-0.05617276897832013,91,54,-0.7108366381661705,Sep17-Dec17,Sep-Dec
2017-07-31,THB,0,2017-09-20,2017-12-20,-0.027992562702372138,-0.07794007654385969,31.265728458262963,-0.04994751384148755,91,51,-0.632550838231936,Sep17-Dec17,Sep-Dec
2017-08-01,THB,0,2017-09-20,2017-12-20,-0.0254190881369117,-0.071681828546091,31.438187917246296,-0.0462627404091793,91,50,-0.5826211486844969,Sep17-Dec17,Sep-Dec
2017-08-02,THB,0,2017-09-20,2017-12-20,-0.024103489217764437,-0.06573291574316728,31.34196307588252,-0.04162942652540284,91,49,-0.5258591850559282,Sep17-Dec17,Sep-Dec
2017-08-03,THB,0,2017-09-20,2017-12-20,-0.022856605756698165,-0.0632261221264263,31.370809877775507,-0.04036951636972813,91,48,-0.5094545722238283,Sep17-Dec17,Sep-Dec
2017-08-04,THB,0,2017-09-20,2017-12-20,-0.02209887428723621,-0.06210183850187291,31.32245155465783,-0.0400029642146367,91,47,-0.5055964909443225,Sep17-Dec17,Sep-Dec
2017-08-07,THB,0,2017-09-20,2017-12-20,-0.019164204264968038,-0.05653039936335421,31.41503615552083,-0.03736619509838617,91,44,-0.47083358764115996,Sep17-Dec17,Sep-Dec
2017-08-08,THB,0,2017-09-20,2017-12-20,-0.021204273362705965,-0.0639798916451319,31.478124370439886,-0.04277561828242594,91,43,-0.5379491242309012,Sep17-Dec17,Sep-Dec
2017-08-09,THB,0,2017-09-20,2017-12-20,-0.02022474174479852,-0.06211965979598936,31.505821023369876,-0.04189491805119084,91,42,-0.5263935161428213,Sep17-Dec17,Sep-Dec
2017-08-10,THB,0,2017-09-20,2017-12-20,-0.020581549311027913,-0.06450389498607167,31.655772275156654,-0.04392234567504376,91,41,-0.5492577289918708,Sep17-Dec17,Sep-Dec
2017-08-11,THB,0,2017-09-20,2017-12-20,-0.020491726426998525,-0.06553932309799979,31.42161900840748,-0.045047596671001264,91,40,-0.5675282640151897,Sep17-Dec17,Sep-Dec
2017-08-14,THB,0,2017-09-20,2017-12-20,-0.019402286648377585,-0.06607604387549662,31.361406161315184,-0.046673757227119035,91,37,-0.5891245369076503,Sep17-Dec17,Sep-Dec
2017-08-15,THB,0,2017-09-20,2017-12-20,-0.018594013869009666,-0.06472098104837125,31.48444362286274,-0.046126967179361586,91,36,-0.579931296907972,Sep17-Dec17,Sep-Dec
2017-08-16,THB,0,2017-09-20,2017-12-20,-0.017252876280991064,-0.061408293880981756,31.592732876373496,-0.04415541759999069,91,35,-0.5532165240956458,Sep17-Dec17,Sep-Dec
2017-08-17,THB,0,2017-09-20,2017-12-20,-0.015735768484690195,-0.057325449871368644,31.59840875248335,-0.04158968138667845,91,34,-0.5209521301978739,Sep17-Dec17,Sep-Dec
2017-08-18,THB,0,2017-09-20,2017-12-20,-0.013439028821401041,-0.050149506311205495,31.37963341076644,-0.03671047748980445,91,33,-0.46300887136189395,Sep17-Dec17,Sep-Dec
2017-08-21,THB,0,2017-09-20,2017-12-20,-0.010719172642915347,-0.04323399632642524,31.26585810116897,-0.03251482368350989,91,30,-0.41154855209293634,Sep17-Dec17,Sep-Dec
2017-08-22,THB,0,2017-09-20,2017-12-20,-0.00997519379385929,-0.041276663974590164,31.12806547301008,-0.03130147018073087,91,29,-0.39793570496345093,Sep17-Dec17,Sep-Dec
2017-08-23,THB,0,2017-09-20,2017-12-20,-0.012100508440172224,-0.05142716087073195,31.00454299593951,-0.03932665243055973,91,28,-0.5019867850754289,Sep17-Dec17,Sep-Dec
2017-08-24,THB,0,2017-09-20,2017-12-20,-0.012280351963272838,-0.05366968635800722,30.909410292883518,-0.041389334394734384,91,27,-0.5299457473559988,Sep17-Dec17,Sep-Dec
2017-08-25,THB,0,2017-09-20,2017-12-20,-0.010820192761264264,-0.048690867425689184,30.89611895400513,-0.03787067466442492,91,26,-0.48507885507490245,Sep17-Dec17,Sep-Dec
2017-08-28,THB,0,2017-09-20,2017-12-20,-0.009956809668130812,-0.04935114357247446,30.93514055508558,-0.039394333904343645,91,23,-0.5039443510751461,Sep17-Dec17,Sep-Dec
2017-08-29,THB,0,2017-09-20,2017-12-20,-0.009548346989594236,-0.04904378226473403,31.10213305635532,-0.039495435275139795,91,22,-0.502517495640945,Sep17-Dec17,Sep-Dec
2017-08-30,THB,0,2017-09-20,2017-12-20,-0.009231020770102044,-0.04923211077387756,31.22519125361498,-0.04000109000377552,91,21,-0.5069396205153582,Sep17-Dec17,Sep-Dec
2017-08-31,THB,0,2017-09-20,2017-12-20,-0.009640058806768943,-0.05350232637756763,31.3942868812651,-0.04386226757079869,91,20,-0.5528851718594912,Sep17-Dec17,Sep-Dec
2017-09-01,THB,0,2017-09-20,2017-12-20,-0.007247507482165539,-0.03873934212689516,31.52124102121721,-0.03149183464472962,91,19,-0.3953262288282334,Sep17-Dec17,Sep-Dec
2017-09-04,THB,0,2017-09-20,2017-12-20,-0.005520317084315281,-0.03420820143324404,31.491184166829903,-0.028687884348928758,91,16,-0.36045144873508483,Sep17-Dec17,Sep-Dec
2017-09-05,THB,0,2017-09-20,2017-12-20,-0.004991081146342388,-0.03272356164027612,31.579639577405125,-0.027732480493933735,91,15,-0.3474651882732057,Sep17-Dec17,Sep-Dec
2017-09-06,THB,0,2017-09-20,2017-12-20,-0.004399039437956394,-0.030624685668946095,31.46203439465679,-0.0262256462309897,91,14,-0.3298080357722873,Sep17-Dec17,Sep-Dec
2017-09-07,THB,0,2017-09-20,2017-12-20,-0.004569154448690585,-0.034366376392631834,31.288908509390126,-0.02979722194394125,91,13,-0.3767991340357486,Sep17-Dec17,Sep-Dec
2017-09-08,THB,0,2017-09-20,2017-12-20,-0.0047768484879474075,-0.03898630434555449,31.232166894575204,-0.03420945585760708,91,12,-0.43338271589557653,Sep17-Dec17,Sep-Dec
2017-09-11,THB,0,2017-09-20,2017-12-20,-0.003304889345101463,-0.03521338594507161,31.157206751078284,-0.03190849659997015,91,9,-0.4051865338762094,Sep17-Dec17,Sep-Dec
2017-09-12,THB,0,2017-09-20,2017-12-20,-0.0029736208953894264,-0.03546652222022375,30.96984537512445,-0.032492901324834324,91,8,-0.41509955193611886,Sep17-Dec17,Sep-Dec
2017-09-13,THB,0,2017-09-20,2017-12-20,-0.0028671447144052514,-0.03896871055876122,31.123524625955387,-0.03610156584435597,91,7,-0.4589214782765806,Sep17-Dec17,Sep-Dec
2017-09-14,THB,0,2017-09-20,2017-12-20,-0.0028615708757048046,-0.03865806148614583,30.849182964386102,-0.03579649061044103,91,6,-0.4590903677636354,Sep17-Dec17,Sep-Dec
2017-09-15,THB,0,2017-09-20,2017-12-20,-0.002939243063876753,-0.0394787473247324,30.908432336620702,-0.03653950426085565,91,5,-0.4677223060328121,Sep17-Dec17,Sep-Dec
2017-09-18,THB,0,2017-09-20,2017-12-20,-0.0028648981935766884,-0.03773067626031163,30.833461540271976,-0.034865778066734944,91,2,-0.44738203478501903,Sep17-Dec17,Sep-Dec
2017-09-19,THB,0,2017-09-20,2017-12-20,-0.003298387599903009,-0.04318491855994606,30.749234927218254,-0.03988653096004305,91,1,-0.5132153627153807,Sep17-Dec17,Sep-Dec
2017-09-20,THB,0,2017-12-20,2018-03-21,-0.03955685692940155,-0.07399829237815231,30.69252888390471,-0.03444143544875076,91,91,-0.4444979508825507,Dec17-Mar18,Dec-Mar
2017-09-21,THB,0,2017-12-20,2018-03-21,-0.033320412050842824,-0.06185189616174188,30.954928443052104,-0.028531484110899057,91,90,-0.36502566477373233,Dec17-Mar18,Dec-Mar
2017-09-22,THB,0,2017-12-20,2018-03-21,-0.03442103531486149,-0.06445602109210835,30.957335695107236,-0.030034985777246864,91,89,-0.38424490466433187,Dec17-Mar18,Dec-Mar
2017-09-25,THB,0,2017-12-20,2018-03-21,-0.03956387218827164,-0.07632233553947577,30.633803785755646,-0.03675846335120413,91,86,-0.47531201031575315,Dec17-Mar18,Dec-Mar
2017-09-26,THB,0,2017-12-20,2018-03-21,-0.03678589720727888,-0.07104403397661709,30.746472033079797,-0.034258136769338206,91,85,-0.44131579304342833,Dec17-Mar18,Dec-Mar
2017-09-27,THB,0,2017-12-20,2018-03-21,-0.03392383152984641,-0.0655245316047805,30.900704494397235,-0.03160070007493409,91,84,-0.4050106809116676,Dec17-Mar18,Dec-Mar
2017-09-28,THB,0,2017-12-20,2018-03-21,-0.03630882125363541,-0.07094245505719438,31.048997232681412,-0.034633633803558966,91,83,-0.4417939388767729,Dec17-Mar18,Dec-Mar
2017-09-29,THB,0,2017-12-20,2018-03-21,-0.039812053812375896,-0.07881665022244957,31.06243838781688,-0.03900459641007368,91,82,-0.4973914723553688,Dec17-Mar18,Dec-Mar
2017-10-02,THB,0,2017-12-20,2018-03-21,-0.03296962132333719,-0.07246753176592104,31.33027422794122,-0.03949791044258385,91,79,-0.49926174744682594,Dec17-Mar18,Dec-Mar
2017-10-03,THB,0,2017-12-20,2018-03-21,-0.034216921275156936,-0.07532428775828115,31.28378036771734,-0.041107366483124214,91,78,-0.5203994257492915,Dec17-Mar18,Dec-Mar
2017-10-04,THB,0,2017-12-20,2018-03-21,-0.034913978183898735,-0.07703249682939838,31.406629032708384,-0.04211851864549964,91,77,-0.5311240103879322,Dec17-Mar18,Dec-Mar
2017-10-05,THB,0,2017-12-20,2018-03-21,-0.03529016707445834,-0.07806026829568832,31.297991230215096,-0.042770101221229984,91,76,-0.5412213106407757,Dec17-Mar18,Dec-Mar
2017-10-06,THB,0,2017-12-20,2018-03-21,-0.03582294724207193,-0.07946005838656989,31.366548994380466,-0.043637111144497955,91,75,-0.5509937099532258,Dec17-Mar18,Dec-Mar
2017-10-09,THB,0,2017-12-20,2018-03-21,-0.02837418710039536,-0.06335062184684676,31.265913870479185,-0.034976434746451394,91,72,-0.4429552220986649,Dec17-Mar18,Dec-Mar
2017-10-10,THB,0,2017-12-20,2018-03-21,-0.02833080995289126,-0.06339721303695049,31.196148262905524,-0.03506640308405923,91,71,-0.44508805337522317,Dec17-Mar18,Dec-Mar
2017-10-11,THB,0,2017-12-20,2018-03-21,-0.02707921657963904,-0.060671385890295845,31.17701115239882,-0.033592169310656804,91,70,-0.42662083065100853,Dec17-Mar18,Dec-Mar
2017-10-12,THB,0,2017-12-20,2018-03-21,-0.025941133825727058,-0.05816729119841443,31.223920881812642,-0.03222615737268737,91,69,-0.40864214968588514,Dec17-Mar18,Dec-Mar
2017-10-13,THB,0,2017-12-20,2018-03-21,-0.03406493167880642,-0.07729082669478048,31.174353725271573,-0.043225895015974056,91,68,-0.5491392255736716,Dec17-Mar18,Dec-Mar
2017-10-16,THB,0,2017-12-20,2018-03-21,-0.03754896516218862,-0.08654605777667156,31.512870111009967,-0.048997092614482936,91,65,-0.6158305778774745,Dec17-Mar18,Dec-Mar
2017-10-17,THB,0,2017-12-20,2018-03-21,-0.03732839692214069,-0.08643364953095709,31.440983870171603,-0.049105252608816395,91,64,-0.6185984875505854,Dec17-Mar18,Dec-Mar
2017-10-18,THB,0,2017-12-20,2018-03-21,-0.0382990957979846,-0.08924337273789679,31.372369577992135,-0.050944276939912186,91,63,-0.6431906093965306,Dec17-Mar18,Dec-Mar
2017-10-19,THB,0,2017-12-20,2018-03-21,-0.039837009105522785,-0.09348547010313643,31.525122680196198,-0.053648460997613646,91,62,-0.6740789081534326,Dec17-Mar18,Dec-Mar
2017-10-20,THB,0,2017-12-20,2018-03-21,-0.03799385159352968,-0.08943145104625495,31.450517547045166,-0.051437599452725274,91,61,-0.6477970582727639,Dec17-Mar18,Dec-Mar
2017-10-23,THB,0,2017-12-20,2018-03-21,-0.03614257795385416,-0.08762778125418386,31.327531280855844,-0.0514852033003297,91,58,-0.6509066416827826,Dec17-Mar18,Dec-Mar
2017-10-24,THB,0,2017-12-20,2018-03-21,-0.03560269225422699,-0.08722413240571789,31.307674368386962,-0.051621440151490894,91,57,-0.6530321637419776,Dec17-Mar18,Dec-Mar
2017-10-25,THB,0,2017-12-20,2018-03-21,-0.03714472979697092,-0.09231423008335718,31.14411380214881,-0.05516950028638626,91,56,-0.7016208093378823,Dec17-Mar18,Dec-Mar
2017-10-26,THB,0,2017-12-20,2018-03-21,-0.03527691174542501,-0.08842531026481043,31.31313275645199,-0.05314839851938542,91,55,-0.6722244701809323,Dec17-Mar18,Dec-Mar
2017-10-27,THB,0,2017-12-20,2018-03-21,-0.03813398819694394,-0.09716943214282837,31.364328093793173,-0.05903544394588443,91,54,-0.7455320312043944,Dec17-Mar18,Dec-Mar
2017-10-30,THB,0,2017-12-20,2018-03-21,-0.03784634102328033,-0.10015835593052938,31.30638504103623,-0.06231201490724905,91,51,-0.7883613376618637,Dec17-Mar18,Dec-Mar
2017-10-31,THB,0,2017-12-20,2018-03-21,-0.0392754062863116,-0.10554658508938827,31.260363828062694,-0.06627117880307667,91,50,-0.8397263183847083,Dec17-Mar18,Dec-Mar
2017-11-01,THB,0,2017-12-20,2018-03-21,-0.03986134914459125,-0.11780588790695942,31.28249838639094,-0.07794453876236818,91,49,-0.9869590108860121,Dec17-Mar18,Dec-Mar
2017-11-02,THB,0,2017-12-20,2018-03-21,-0.042289814222055376,-0.12601291434064152,31.245012165905113,-0.08372310011858614,91,48,-1.061485150149195,Dec17-Mar18,Dec-Mar
2017-11-03,THB,0,2017-12-20,2018-03-21,-0.040245967075435624,-0.12136299181193919,31.408089457469934,-0.08111702473650356,91,47,-1.0230302109846454,Dec17-Mar18,Dec-Mar
2017-11-06,THB,0,2017-12-20,2018-03-21,-0.04146655138905766,-0.12925771313754889,31.59699417958663,-0.08779116174849122,91,44,-1.1006176126139335,Dec17-Mar18,Dec-Mar
2017-11-07,THB,0,2017-12-20,2018-03-21,-0.03917286975028583,-0.12368894320866967,31.588171459207654,-0.08451607345838384,91,43,-1.05977785838611,Dec17-Mar18,Dec-Mar
2017-11-08,THB,0,2017-12-20,2018-03-21,-0.04005313576536802,-0.12802686427808366,31.671398560256502,-0.08797372851271563,91,42,-1.1002628320194927,Dec17-Mar18,Dec-Mar
2017-11-09,THB,0,2017-12-20,2018-03-21,-0.03996802300444178,-0.1294232687758491,31.419596019727965,-0.08945524577140732,91,41,-1.1277663470304935,Dec17-Mar18,Dec-Mar
2017-11-10,THB,0,2017-12-20,2018-03-21,-0.04164615296302465,-0.13668547673400658,31.282625770719132,-0.09503932377098193,91,40,-1.2034825635781314,Dec17-Mar18,Dec-Mar
2017-11-13,THB,0,2017-12-20,2018-03-21,-0.03924054829476184,-0.13462097256800973,30.985819078274236,-0.09538042427324789,91,37,-1.2192919828134055,Dec17-Mar18,Dec-Mar
2017-11-14,THB,0,2017-12-20,2018-03-21,-0.03727906001300835,-0.12986847262246903,31.0922682125155,-0.09258941260946069,91,36,-1.1794812883320522,Dec17-Mar18,Dec-Mar
2017-11-15,THB,0,2017-12-20,2018-03-21,-0.03806172867500396,-0.13485247976964107,31.04402181764643,-0.09679075109463711,91,35,-1.2349511667116293,Dec17-Mar18,Dec-Mar
2017-11-16,THB,0,2017-12-20,2018-03-21,-0.039733837383115256,-0.14336613671070686,30.98243790418669,-0.1036322993275916,91,34,-1.3249453910710227,Dec17-Mar18,Dec-Mar
2017-11-17,THB,0,2017-12-20,2018-03-21,-0.03795978656872752,-0.13933445644659528,31.13613479559066,-0.10137466987786777,91,33,-1.2896018816214905,Dec17-Mar18,Dec-Mar
2017-11-20,THB,0,2017-12-20,2018-03-21,-0.03391381097775587,-0.13160165436194154,31.104299490042813,-0.09768784338418568,91,30,-1.2438126980167297,Dec17-Mar18,Dec-Mar
2017-11-21,THB,0,2017-12-20,2018-03-21,-0.033539203445499315,-0.13361640492821508,30.999035284485558,-0.10007720148271576,91,29,-1.2785514788051373,Dec17-Mar18,Dec-Mar
2017-11-22,THB,0,2017-12-20,2018-03-21,-0.03078741397716516,-0.12567782412829367,31.01211164794954,-0.09489041015112851,91,28,-1.211667489516992,Dec17-Mar18,Dec-Mar
2017-11-23,THB,0,2017-12-20,2018-03-21,-0.03142969390080826,-0.13217743096466605,31.091832055420436,-0.10074773706385778,91,27,-1.283185168233251,Dec17-Mar18,Dec-Mar
2017-11-24,THB,0,2017-12-20,2018-03-21,-0.02796855115866031,-0.12069191117237138,30.999414249600125,-0.09272336001371106,91,26,-1.1843737988142489,Dec17-Mar18,Dec-Mar
2017-11-27,THB,0,2017-12-20,2018-03-21,-0.023541559847608667,-0.11149575049200973,31.131015994216643,-0.08795419064440106,91,23,-1.118543535386122,Dec17-Mar18,Dec-Mar
2017-11-28,THB,0,2017-12-20,2018-03-21,-0.023239503274942237,-0.11418370105329194,31.097030971650167,-0.0909441977783497,91,22,-1.1578221612398567,Dec17-Mar18,Dec-Mar
2017-11-29,THB,0,2017-12-20,2018-03-21,-0.022325434801218083,-0.11388703116733065,31.091726634994654,-0.09156159636611257,91,21,-1.1658470582549785,Dec17-Mar18,Dec-Mar
2017-11-30,THB,0,2017-12-20,2018-03-21,-0.021273482005134757,-0.11292611927200064,30.85023513898359,-0.09165263726686587,91,20,-1.1761079265314751,Dec17-Mar18,Dec-Mar
2017-12-01,THB,0,2017-12-20,2018-03-21,-0.020217303857753367,-0.11189673700288122,30.90486988361903,-0.09167943314512786,91,19,-1.1743304103896381,Dec17-Mar18,Dec-Mar
2017-12-04,THB,0,2017-12-20,2018-03-21,-0.01659638805169178,-0.11013540731891178,31.19315297927201,-0.09353901926722,91,16,-1.1869318240570848,Dec17-Mar18,Dec-Mar
2017-12-05,THB,0,2017-12-20,2018-03-21,-0.015870251112295442,-0.10926413449825506,31.009862994262228,-0.09339388338595962,91,15,-1.192070705321255,Dec17-Mar18,Dec-Mar
2017-12-06,THB,0,2017-12-20,2018-03-21,-0.014293171517750902,-0.10205505163880639,30.86240846595221,-0.08776188012105549,91,14,-1.1254815800257607,Dec17-Mar18,Dec-Mar
2017-12-07,THB,0,2017-12-20,2018-03-21,-0.013479031234002334,-0.10269537798857405,30.821231300667847,-0.08921634675457171,91,13,-1.1456330415540465,Dec17-Mar18,Dec-Mar
2017-12-08,THB,0,2017-12-20,2018-03-21,-0.013056455244920448,-0.10692216409362958,30.874460551625585,-0.09386570884870912,91,12,-1.2032403613620903,Dec17-Mar18,Dec-Mar
2017-12-11,THB,0,2017-12-20,2018-03-21,-0.010022022189847662,-0.10620041414733311,30.932327772512096,-0.09617839195748545,91,9,-1.2304578748998178,Dec17-Mar18,Dec-Mar
2017-12-12,THB,0,2017-12-20,2018-03-21,-0.008615662402586583,-0.10145324165417294,30.99348346701635,-0.09283757925158635,91,8,-1.185319061575281,Dec17-Mar18,Dec-Mar
2017-12-13,THB,0,2017-12-20,2018-03-21,-0.007029335068793817,-0.09325393232053142,30.94055185549213,-0.0862245972517376,91,7,-1.1027140429766922,Dec17-Mar18,Dec-Mar
2017-12-14,THB,0,2017-12-20,2018-03-21,-0.006729968509898005,-0.08809371966031855,30.986492432465752,-0.08136375115042055,91,6,-1.038996268464536,Dec17-Mar18,Dec-Mar
2017-12-15,THB,0,2017-12-20,2018-03-21,-0.006617982677400987,-0.08559208412321491,31.012927001134592,-0.07897410144581392,91,5,-1.007617567517393,Dec17-Mar18,Dec-Mar
2017-12-18,THB,0,2017-12-20,2018-03-21,-0.0066838610928160866,-0.08362735302358366,31.035094685837464,-0.07694349193076758,91,2,-0.9810100746986149,Dec17-Mar18,Dec-Mar
2017-12-19,THB,0,2017-12-20,2018-03-21,-0.00707480852479349,-0.08781469305022799,31.011028225204463,-0.0807398845254345,91,1,-1.030225171273435,Dec17-Mar18,Dec-Mar
2017-12-20,THB,0,2018-03-21,2018-06-20,-0.08875529001863681,-0.1827106186129076,31.200231453804047,-0.09395532859427079,91,91,-1.1947083702063563,Mar18-Jun18,Mar-Jun
2017-12-21,THB,0,2018-03-21,2018-06-20,-0.09252405118023432,-0.1913031957947769,31.017649971923557,-0.09877914461454257,91,90,-1.2636153496579314,Mar18-Jun18,Mar-Jun
2017-12-22,THB,0,2018-03-21,2018-06-20,-0.09806085285323976,-0.20361587913453702,31.045696443339114,-0.10555502628129726,91,89,-1.3493125267332626,Mar18-Jun18,Mar-Jun
2017-12-25,THB,0,2018-03-21,2018-06-20,-0.0902756016110312,-0.19123372880994344,30.812254450721987,-0.10095812719891224,91,86,-1.30002950291839,Mar18-Jun18,Mar-Jun
2017-12-26,THB,0,2018-03-21,2018-06-20,-0.08456397963905382,-0.1805770877961994,30.7115634859434,-0.09601310815714559,91,85,-1.2401870321899533,Mar18-Jun18,Mar-Jun
2017-12-27,THB,0,2018-03-21,2018-06-20,-0.08423750261258031,-0.18104650541574832,30.74792292667954,-0.09680900280316801,91,84,-1.2489714303210082,Mar18-Jun18,Mar-Jun
2017-12-28,THB,0,2018-03-21,2018-06-20,-0.08088160373103494,-0.1751678524623498,30.69446407746975,-0.09428624873131487,91,83,-1.2184152075358818,Mar18-Jun18,Mar-Jun
2017-12-29,THB,0,2018-03-21,2018-06-20,-0.07924814659881509,-0.17286640067709838,30.666955643542494,-0.0936182540782833,91,82,-1.2108064269242482,Mar18-Jun18,Mar-Jun
2018-01-01,THB,0,2018-03-21,2018-06-20,-0.07567723138748643,-0.16284973842876826,30.609752784846965,-0.08717250704128184,91,79,-1.1294210267151488,Mar18-Jun18,Mar-Jun
2018-01-02,THB,0,2018-03-21,2018-06-20,-0.07049674990414967,-0.1527429581256576,30.476726005712013,-0.08224620822150794,91,78,-1.0700755171083292,Mar18-Jun18,Mar-Jun
2018-01-03,THB,0,2018-03-21,2018-06-20,-0.0722715271225308,-0.15768333190370354,30.402223186465545,-0.08541180478117275,91,77,-1.1140566852017617,Mar18-Jun18,Mar-Jun
2018-01-04,THB,0,2018-03-21,2018-06-20,-0.06816830436798288,-0.14979087933490975,30.44849445791617,-0.08162257496692688,91,76,-1.0628671092687745,Mar18-Jun18,Mar-Jun
2018-01-05,THB,0,2018-03-21,2018-06-20,-0.06529910906210752,-0.1445286947241313,30.74812226078542,-0.07922958566202377,91,75,-1.0215348240551525,Mar18-Jun18,Mar-Jun
2018-01-08,THB,0,2018-03-21,2018-06-20,-0.06615747855449121,-0.1497731806164176,30.687811690746486,-0.08361570206192638,91,72,-1.0802401153127799,Mar18-Jun18,Mar-Jun
2018-01-09,THB,0,2018-03-21,2018-06-20,-0.064186107100172,-0.14645280774968822,30.8546677141765,-0.08226670064951622,91,71,-1.0569847137869819,Mar18-Jun18,Mar-Jun
2018-01-10,THB,0,2018-03-21,2018-06-20,-0.06374378434708329,-0.14661070399829154,30.865122369269596,-0.08286691965120825,91,70,-1.064319818472738,Mar18-Jun18,Mar-Jun
2018-01-11,THB,0,2018-03-21,2018-06-20,-0.0630324053896014,-0.14616209945414818,30.82344808647221,-0.08312969406454677,91,69,-1.069116643875778,Mar18-Jun18,Mar-Jun
2018-01-12,THB,0,2018-03-21,2018-06-20,-0.06326706256604583,-0.14793327864707775,30.69245178277103,-0.08466621608103192,91,68,-1.0935428920755201,Mar18-Jun18,Mar-Jun
2018-01-15,THB,0,2018-03-21,2018-06-20,-0.060480898308373866,-0.14515415594009728,30.674554651698323,-0.08467325763172343,91,65,-1.0941736529116537,Mar18-Jun18,Mar-Jun
2018-01-16,THB,0,2018-03-21,2018-06-20,-0.05881823872962431,-0.1424504219233089,30.555637441713127,-0.0836321831936846,91,64,-1.0848757395058568,Mar18-Jun18,Mar-Jun
2018-01-17,THB,0,2018-03-21,2018-06-20,-0.058559300065368795,-0.14314495571534594,30.33708852286273,-0.08458565564997714,91,63,-1.1051546438727544,Mar18-Jun18,Mar-Jun
2018-01-18,THB,0,2018-03-21,2018-06-20,-0.05613786652466779,-0.1385337673915189,30.403891586051344,-0.08239590086685111,91,62,-1.0740887402726247,Mar18-Jun18,Mar-Jun
2018-01-19,THB,0,2018-03-21,2018-06-20,-0.060655876154536596,-0.15114251107359938,30.347116075873394,-0.09048663491906278,91,61,-1.1819443500948634,Mar18-Jun18,Mar-Jun
2018-01-22,THB,0,2018-03-21,2018-06-20,-0.05600660614219684,-0.14387903991702292,30.315772512804465,-0.08787243377482608,91,58,-1.148809979594861,Mar18-Jun18,Mar-Jun
2018-01-23,THB,0,2018-03-21,2018-06-20,-0.054693144549595896,-0.14201027005859987,30.286374091192013,-0.08731712550900397,91,57,-1.1426105853613808,Mar18-Jun18,Mar-Jun
2018-01-24,THB,0,2018-03-21,2018-06-20,-0.05542521027985683,-0.14549117698462416,30.32373371816281,-0.09006596670476733,91,56,-1.1771550535599018,Mar18-Jun18,Mar-Jun
2018-01-25,THB,0,2018-03-21,2018-06-20,-0.055131874622194876,-0.14635006717891727,30.140429334010456,-0.0912181925567224,91,55,-1.1994668818960514,Mar18-Jun18,Mar-Jun
2018-01-26,THB,0,2018-03-21,2018-06-20,-0.05636788051801878,-0.15135819768727268,30.283548995376584,-0.09499031716925391,91,54,-1.2432051427230508,Mar18-Jun18,Mar-Jun
2018-01-29,THB,0,2018-03-21,2018-06-20,-0.053739635803356056,-0.14962800557012862,30.071504867231898,-0.09588836976677256,91,51,-1.2637136800363205,Mar18-Jun18,Mar-Jun
2018-01-30,THB,0,2018-03-21,2018-06-20,-0.05269094512447644,-0.14858846525102354,29.865246408740262,-0.09589752012654709,91,50,-1.2725336657544943,Mar18-Jun18,Mar-Jun
2018-01-31,THB,0,2018-03-21,2018-06-20,-0.053469261884209626,-0.15276931966917034,29.639161640925444,-0.09930005778496072,91,49,-1.3277884066464662,Mar18-Jun18,Mar-Jun
2018-02-01,THB,0,2018-03-21,2018-06-20,-0.050080809395859155,-0.14502567720884213,29.86359214676522,-0.09494486781298297,91,48,-1.2598518377073649,Mar18-Jun18,Mar-Jun
2018-02-02,THB,0,2018-03-21,2018-06-20,-0.04946579796166605,-0.14524000252574287,29.83151028923271,-0.09577420456407681,91,47,-1.272199305261531,Mar18-Jun18,Mar-Jun
2018-02-05,THB,0,2018-03-21,2018-06-20,-0.048105588374297445,-0.14759669160295807,29.83125087547577,-0.09949110322866063,91,44,-1.3215232099020293,Mar18-Jun18,Mar-Jun
2018-02-06,THB,0,2018-03-21,2018-06-20,-0.04331768865297981,-0.13499000649998358,29.660247229151167,-0.09167231784700378,91,43,-1.2245014070728448,Mar18-Jun18,Mar-Jun
2018-02-07,THB,0,2018-03-21,2018-06-20,-0.04205765506245385,-0.13318257436443717,29.369170961702313,-0.09112491930198333,91,42,-1.2292181043539012,Mar18-Jun18,Mar-Jun
2018-02-08,THB,0,2018-03-21,2018-06-20,-0.04054598960381936,-0.1305383079927843,29.37522361267256,-0.08999231838896493,91,41,-1.213626997465509,Mar18-Jun18,Mar-Jun
2018-02-09,THB,0,2018-03-21,2018-06-20,-0.03781686208627539,-0.12385022333255191,29.364307419002078,-0.08603336124627653,91,40,-1.1605608182675187,Mar18-Jun18,Mar-Jun
2018-02-12,THB,0,2018-03-21,2018-06-20,-0.03752715400990104,-0.12982366792614417,29.284693674855937,-0.09229651391624313,91,37,-1.2484254356127937,Mar18-Jun18,Mar-Jun
2018-02-13,THB,0,2018-03-21,2018-06-20,-0.037544997685766954,-0.13245040850256673,29.343129795824886,-0.09490541081679978,91,36,-1.2811550407330772,Mar18-Jun18,Mar-Jun
2018-02-14,THB,0,2018-03-21,2018-06-20,-0.035056967940862147,-0.12620508458710372,29.64455499021517,-0.09114811664624158,91,35,-1.2178050289535396,Mar18-Jun18,Mar-Jun
2018-02-15,THB,0,2018-03-21,2018-06-20,-0.032478455131097525,-0.11940608504079972,29.503722364111695,-0.0869276299097022,91,34,-1.1668646426312126,Mar18-Jun18,Mar-Jun
2018-02-16,THB,0,2018-03-21,2018-06-20,-0.030365701825233016,-0.11410142504026952,29.436476415651747,-0.0837357232150365,91,33,-1.1265080409768988,Mar18-Jun18,Mar-Jun
2018-02-19,THB,0,2018-03-21,2018-06-20,-0.028594739575835342,-0.11533211628920254,29.323866496043802,-0.08673737671336719,91,30,-1.1713046315545914,Mar18-Jun18,Mar-Jun
2018-02-20,THB,0,2018-03-21,2018-06-20,-0.02796551979520296,-0.11571939225601226,29.282654473226366,-0.08775387246080929,91,29,-1.1866753303057036,Mar18-Jun18,Mar-Jun
2018-02-21,THB,0,2018-03-21,2018-06-20,-0.02515371984026271,-0.10690330932111652,29.08819748515546,-0.08174958948085381,91,28,-1.1127704723094807,Mar18-Jun18,Mar-Jun
2018-02-22,THB,0,2018-03-21,2018-06-20,-0.024109773453203823,-0.1053686395362241,28.93169682301282,-0.08125886608302028,91,27,-1.1120390141577183,Mar18-Jun18,Mar-Jun
2018-02-23,THB,0,2018-03-21,2018-06-20,-0.023570517616947933,-0.10606732927626572,29.037960031207483,-0.08249681165931778,91,26,-1.12482467709639,Mar18-Jun18,Mar-Jun
2018-02-26,THB,0,2018-03-21,2018-06-20,-0.02075073552142869,-0.10285147171490741,29.08994582238624,-0.08210073619347871,91,23,-1.117313775749274,Mar18-Jun18,Mar-Jun
2018-02-27,THB,0,2018-03-21,2018-06-20,-0.019007200542852872,-0.09762789369738067,28.968817207734826,-0.0786206931545278,91,22,-1.0743660075720742,Mar18-Jun18,Mar-Jun
2018-02-28,THB,0,2018-03-21,2018-06-20,-0.016670279121479212,-0.08890815531455579,28.820322082889,-0.07223787619307658,91,21,-0.992152715419579,Mar18-Jun18,Mar-Jun
2018-03-01,THB,0,2018-03-21,2018-06-20,-0.015010232418905176,-0.08330678992492373,28.829778607848738,-0.06829655750601855,91,20,-0.9376587034121959,Mar18-Jun18,Mar-Jun
2018-03-02,THB,0,2018-03-21,2018-06-20,-0.014090041504049536,-0.08157392449712889,28.8815989036005,-0.06748388299307935,91,19,-0.9248086099859857,Mar18-Jun18,Mar-Jun
2018-03-05,THB,0,2018-03-21,2018-06-20,-0.01197662979944859,-0.08009371178381244,28.82879505660976,-0.06811708198436385,91,16,-0.9351281133689668,Mar18-Jun18,Mar-Jun
2018-03-06,THB,0,2018-03-21,2018-06-20,-0.011198669611982204,-0.07913726525800759,28.91416059471268,-0.06793859564602538,91,15,-0.9298980200854966,Mar18-Jun18,Mar-Jun
2018-03-07,THB,0,2018-03-21,2018-06-20,-0.01152686712779884,-0.0864515034584913,28.957875807422138,-0.07492463633069246,91,14,-1.0239811429282515,Mar18-Jun18,Mar-Jun
2018-03-08,THB,0,2018-03-21,2018-06-20,-0.009840450769638506,-0.07872360615710804,28.972494630693333,-0.06888315538746953,91,13,-0.9408833487807251,Mar18-Jun18,Mar-Jun
2018-03-09,THB,0,2018-03-21,2018-06-20,-0.009222094042244954,-0.07915630719593585,28.74016964425967,-0.06993421315369089,91,12,-0.9629436021342265,Mar18-Jun18,Mar-Jun
2018-03-12,THB,0,2018-03-21,2018-06-20,-0.006851046839822713,-0.0761227426646968,28.812023229693214,-0.0692716958248741,91,9,-0.9513634282527909,Mar18-Jun18,Mar-Jun
2018-03-13,THB,0,2018-03-21,2018-06-20,-0.005841223604790025,-0.07228514210927657,28.917367775510012,-0.06644391850448654,91,8,-0.9091704713123581,Mar18-Jun18,Mar-Jun
2018-03-14,THB,0,2018-03-21,2018-06-20,-0.005172693281353865,-0.0724177059389541,29.109045022610285,-0.06724501265760023,91,7,-0.914050965067337,Mar18-Jun18,Mar-Jun
2018-03-15,THB,0,2018-03-21,2018-06-20,-0.005101316159187451,-0.07068966677731182,29.079240865310258,-0.06558835061812437,91,6,-0.8924439452836753,Mar18-Jun18,Mar-Jun
2018-03-16,THB,0,2018-03-21,2018-06-20,-0.005237243135549537,-0.07182504871610794,29.15764819771624,-0.0665878055805584,91,5,-0.9036106352356417,Mar18-Jun18,Mar-Jun
2018-03-19,THB,0,2018-03-21,2018-06-20,-0.005278475701974864,-0.0701283200405232,29.020599483135385,-0.06484984433854835,91,2,-0.8841840304995715,Mar18-Jun18,Mar-Jun
2018-03-20,THB,0,2018-03-21,2018-06-20,-0.0050701181059851505,-0.06663583796437626,29.098409477017043,-0.06156571985839111,91,1,-0.8371561990208274,Mar18-Jun18,Mar-Jun
2018-03-21,THB,0,2018-06-20,2018-09-19,-0.06413222480091006,-0.12826444960182012,29.17206749646482,-0.06413222480091006,91,91,-0.8716176463339294,Jun18-Sep18,Jun-Sep
2018-03-22,THB,0,2018-06-20,2018-09-19,-0.06428811628194175,-0.1292905449670162,29.381838753196696,-0.06500242868507444,91,90,-0.8771280667763799,Jun18-Sep18,Jun-Sep
2018-03-23,THB,0,2018-06-20,2018-09-19,-0.06656983766247089,-0.1346356267330872,29.566996225423253,-0.06806578907061632,91,89,-0.9127707170289856,Jun18-Sep18,Jun-Sep
2018-03-26,THB,0,2018-06-20,2018-09-19,-0.06404466354942329,-0.13181285404939444,29.588289052352994,-0.06776819049997115,91,86,-0.9080467459519461,Jun18-Sep18,Jun-Sep
2018-03-27,THB,0,2018-06-20,2018-09-19,-0.05683288214250462,-0.11767749714212722,29.443867542635424,-0.0608446149996226,91,85,-0.8190822048155904,Jun18-Sep18,Jun-Sep
2018-03-28,THB,0,2018-06-20,2018-09-19,-0.049415353732424505,-0.10294865360921772,29.510747182861426,-0.053533299876793214,91,84,-0.7188408475657595,Jun18-Sep18,Jun-Sep
2018-03-29,THB,0,2018-06-20,2018-09-19,-0.04613703845399618,-0.09672102037343777,29.572523760772906,-0.05058398191944159,91,83,-0.6777410924912811,Jun18-Sep18,Jun-Sep
2018-03-30,THB,0,2018-06-20,2018-09-19,-0.0479625462214921,-0.10118927434534308,29.72100825192277,-0.053226728123850986,91,82,-0.7096247489481815,Jun18-Sep18,Jun-Sep
2018-04-02,THB,0,2018-06-20,2018-09-19,-0.046862997195143224,-0.1008444243439791,29.615903510577642,-0.05398142714883587,91,79,-0.722217883648051,Jun18-Sep18,Jun-Sep
2018-04-03,THB,0,2018-06-20,2018-09-19,-0.04880835895052253,-0.10575144439279882,29.659204738780563,-0.05694308544227629,91,78,-0.7607778906865624,Jun18-Sep18,Jun-Sep
2018-04-04,THB,0,2018-06-20,2018-09-19,-0.05015112796885922,-0.10942064284114739,29.85113971859268,-0.05926951487228817,91,77,-0.786795395646509,Jun18-Sep18,Jun-Sep
2018-04-05,THB,0,2018-06-20,2018-09-19,-0.05093136184429631,-0.11191496615786162,29.813361230450276,-0.06098360431356531,91,76,-0.8105985308576594,Jun18-Sep18,Jun-Sep
2018-04-06,THB,0,2018-06-20,2018-09-19,-0.05285679269472067,-0.11698970116431508,29.930155593100746,-0.06413290846959441,91,75,-0.8491818709234175,Jun18-Sep18,Jun-Sep
2018-04-09,THB,0,2018-06-20,2018-09-19,-0.05154065627324472,-0.11668231906304014,29.79715466415693,-0.06514166278979541,91,72,-0.8663572427784965,Jun18-Sep18,Jun-Sep
2018-04-10,THB,0,2018-06-20,2018-09-19,-0.05386894897399006,-0.12291224977163928,29.88874372242221,-0.06904330079764923,91,71,-0.9155001819178172,Jun18-Sep18,Jun-Sep
2018-04-11,THB,0,2018-06-20,2018-09-19,-0.05254028673491668,-0.12084265949030835,29.982553004469295,-0.06830237275539167,91,70,-0.9027967728270105,Jun18-Sep18,Jun-Sep
2018-04-12,THB,0,2018-06-20,2018-09-19,-0.050241214426538935,-0.11650136678617724,29.927591707809054,-0.06626015235963831,91,69,-0.8773471239591905,Jun18-Sep18,Jun-Sep
2018-04-13,THB,0,2018-06-20,2018-09-19,-0.05132204014314135,-0.12000300562881581,30.076330189746184,-0.06868096548567446,91,68,-0.9049287082657034,Jun18-Sep18,Jun-Sep
2018-04-16,THB,0,2018-06-20,2018-09-19,-0.04607461025320249,-0.11057906460768596,30.018336184171087,-0.06450445435448347,91,65,-0.8513954015703266,Jun18-Sep18,Jun-Sep
2018-04-17,THB,0,2018-06-20,2018-09-19,-0.04347564370256678,-0.10529257459215392,29.98030946862881,-0.061816930889587146,91,64,-0.8168883097561228,Jun18-Sep18,Jun-Sep
2018-04-18,THB,0,2018-06-20,2018-09-19,-0.04280122067431226,-0.10462520609276331,29.889582428460198,-0.06182398541845105,91,63,-0.8194464996091743,Jun18-Sep18,Jun-Sep
2018-04-19,THB,0,2018-06-20,2018-09-19,-0.04325994327748037,-0.10675437615249189,29.894176186831043,-0.06349443287501152,91,62,-0.8414708793800216,Jun18-Sep18,Jun-Sep
2018-04-20,THB,0,2018-06-20,2018-09-19,-0.04486333091881688,-0.11179059507639613,29.941097096645954,-0.06692726415757926,91,61,-0.8856205799697642,Jun18-Sep18,Jun-Sep
2018-04-23,THB,0,2018-06-20,2018-09-19,-0.04071636072735935,-0.10459892669614732,30.140867724145725,-0.06388256596878797,91,58,-0.839604545326478,Jun18-Sep18,Jun-Sep
2018-04-24,THB,0,2018-06-20,2018-09-19,-0.0399789034760563,-0.10380487218344445,30.306851412238412,-0.06382596870738814,91,57,-0.8342399356604037,Jun18-Sep18,Jun-Sep
2018-04-25,THB,0,2018-06-20,2018-09-19,-0.03759170961645891,-0.09867823774320465,30.210177786810235,-0.06108652812674574,91,56,-0.8009289948605693,Jun18-Sep18,Jun-Sep
2018-04-26,THB,0,2018-06-20,2018-09-19,-0.03781716405660378,-0.1003873809502573,30.370996925846462,-0.06257021689365352,91,55,-0.8160388403536109,Jun18-Sep18,Jun-Sep
2018-04-27,THB,0,2018-06-20,2018-09-19,-0.03494183568588415,-0.09382529952691114,30.367047060581353,-0.05888346384102699,91,54,-0.7679835260759796,Jun18-Sep18,Jun-Sep
2018-04-30,THB,0,2018-06-20,2018-09-19,-0.030769220539087903,-0.08567116306961729,30.418121124327346,-0.05490194253052939,91,51,-0.7147529623859492,Jun18-Sep18,Jun-Sep
2018-05-01,THB,0,2018-06-20,2018-09-19,-0.030324391810290927,-0.08551478490502042,30.499890067969087,-0.05519039309472949,91,50,-0.71656952171436,Jun18-Sep18,Jun-Sep
2018-05-02,THB,0,2018-06-20,2018-09-19,-0.02876235772765549,-0.08217816493615854,30.438038778707444,-0.053415807208503044,91,49,-0.6949040100100287,Jun18-Sep18,Jun-Sep
2018-05-03,THB,0,2018-06-20,2018-09-19,-0.026021687154533776,-0.07535446905167072,30.370366264739246,-0.04933278189713694,91,48,-0.6431598914915198,Jun18-Sep18,Jun-Sep
2018-05-04,THB,0,2018-06-20,2018-09-19,-0.025071916850086674,-0.07361541543216937,30.31142080155084,-0.0485434985820827,91,47,-0.6340817604061977,Jun18-Sep18,Jun-Sep
2018-05-07,THB,0,2018-06-20,2018-09-19,-0.022777935780563308,-0.06988684841763743,30.36404256133983,-0.04710891263707412,91,44,-0.6142292729509711,Jun18-Sep18,Jun-Sep
2018-05-08,THB,0,2018-06-20,2018-09-19,-0.022526409746738866,-0.07019857921076762,30.42557652020278,-0.04767216946402876,91,43,-0.6203101241306606,Jun18-Sep18,Jun-Sep
2018-05-09,THB,0,2018-06-20,2018-09-19,-0.020953871465604325,-0.06635392630774703,30.491680091726955,-0.045400054842142705,91,42,-0.5894333179460151,Jun18-Sep18,Jun-Sep
2018-05-10,THB,0,2018-06-20,2018-09-19,-0.023143173170485146,-0.07450972825619608,30.516758821931727,-0.05136655508571093,91,41,-0.6663963766391833,Jun18-Sep18,Jun-Sep
2018-05-11,THB,0,2018-06-20,2018-09-19,-0.02351371149849353,-0.07700740515756631,30.50178138074084,-0.05349369365907278,91,40,-0.6943419678015184,Jun18-Sep18,Jun-Sep
2018-05-14,THB,0,2018-06-20,2018-09-19,-0.020962387845754583,-0.0725185309258537,30.75692693786171,-0.051556143080099114,91,37,-0.6635821299737193,Jun18-Sep18,Jun-Sep
2018-05-15,THB,0,2018-06-20,2018-09-19,-0.023227456684563615,-0.08194130552609943,30.888684065000685,-0.05871384884153582,91,36,-0.7525388974257415,Jun18-Sep18,Jun-Sep
2018-05-16,THB,0,2018-06-20,2018-09-19,-0.021700923661633675,-0.07812332518188124,31.255557006193218,-0.056422401520247564,91,35,-0.7146395883039585,Jun18-Sep18,Jun-Sep
2018-05-17,THB,0,2018-06-20,2018-09-19,-0.02257711698704188,-0.08300410657000691,31.263946508906187,-0.06042698958296503,91,34,-0.7651771723664309,Jun18-Sep18,Jun-Sep
2018-05-18,THB,0,2018-06-20,2018-09-19,-0.02403336998453111,-0.09030720842672295,31.2055660773373,-0.06627383844219184,91,33,-0.8408253066766389,Jun18-Sep18,Jun-Sep
2018-05-21,THB,0,2018-06-20,2018-09-19,-0.021517153323611093,-0.08678585173856476,31.04959978276114,-0.06526869841495367,91,30,-0.8321682102211585,Jun18-Sep18,Jun-Sep
2018-05-22,THB,0,2018-06-20,2018-09-19,-0.02071290273475606,-0.08570856304036992,31.071015258682067,-0.06499566030561385,91,29,-0.828093994620487,Jun18-Sep18,Jun-Sep
2018-05-23,THB,0,2018-06-20,2018-09-19,-0.021053876494895013,-0.08947897510330381,31.059095602276635,-0.0684250986084088,91,28,-0.8721320120098276,Jun18-Sep18,Jun-Sep
2018-05-24,THB,0,2018-06-20,2018-09-19,-0.020035140731839443,-0.08756098542063162,31.02174330492688,-0.06752584468879218,91,27,-0.861679002792415,Jun18-Sep18,Jun-Sep
2018-05-25,THB,0,2018-06-20,2018-09-19,-0.01853018124856068,-0.08338581561852304,31.09723054211082,-0.06485563436996236,91,26,-0.8255549214914637,Jun18-Sep18,Jun-Sep
2018-05-28,THB,0,2018-06-20,2018-09-19,-0.016949989158035687,-0.08401298973982904,31.013095101070522,-0.06706300058179335,91,23,-0.8559263649330717,Jun18-Sep18,Jun-Sep
2018-05-29,THB,0,2018-06-20,2018-09-19,-0.014864308227879418,-0.07634849226138064,30.978746453003232,-0.06148418403350123,91,22,-0.7855414689306857,Jun18-Sep18,Jun-Sep
2018-05-30,THB,0,2018-06-20,2018-09-19,-0.01390811705882239,-0.07417662431371942,31.055244766371224,-0.06026850725489703,91,21,-0.7680882642365418,Jun18-Sep18,Jun-Sep
2018-05-31,THB,0,2018-06-20,2018-09-19,-0.013629446432709243,-0.07564342770153629,31.286531577712005,-0.06201398126882704,91,20,-0.7844811932032939,Jun18-Sep18,Jun-Sep
2018-06-01,THB,0,2018-06-20,2018-09-19,-0.013731719477292806,-0.07949942855274783,31.344883856571553,-0.06576770907545502,91,19,-0.8304193438286638,Jun18-Sep18,Jun-Sep
2018-06-04,THB,0,2018-06-20,2018-09-19,-0.011639768550360377,-0.07784095218053502,31.377150746309102,-0.06620118363017465,91,16,-0.8349769674366729,Jun18-Sep18,Jun-Sep
2018-06-05,THB,0,2018-06-20,2018-09-19,-0.0115184235836746,-0.0813968599913005,31.455709202243145,-0.06987843640762591,91,15,-0.8791517897665762,Jun18-Sep18,Jun-Sep
2018-06-06,THB,0,2018-06-20,2018-09-19,-0.010779773355525676,-0.08084830016644258,31.453095258239927,-0.07006852681091691,91,14,-0.8815959248691043,Jun18-Sep18,Jun-Sep
2018-06-07,THB,0,2018-06-20,2018-09-19,-0.00934003252760807,-0.07472026022086457,31.40554615017492,-0.0653802276932565,91,13,-0.8238162714357564,Jun18-Sep18,Jun-Sep
2018-06-08,THB,0,2018-06-20,2018-09-19,-0.009370992137736768,-0.08043434918224057,31.388690845750965,-0.07106335704450381,91,12,-0.8959077680574264,Jun18-Sep18,Jun-Sep
2018-06-11,THB,0,2018-06-20,2018-09-19,-0.00671974523848271,-0.07466383598314123,31.70934574263849,-0.06794409074465853,91,9,-0.8478471454111056,Jun18-Sep18,Jun-Sep
2018-06-12,THB,0,2018-06-20,2018-09-19,-0.005834047270635229,-0.07219633497411095,31.7821679881323,-0.06636228770347571,91,8,-0.826187588748245,Jun18-Sep18,Jun-Sep
2018-06-13,THB,0,2018-06-20,2018-09-19,-0.0053924486290314365,-0.0754942808064401,31.724789118129756,-0.07010183217740867,91,7,-0.8743102284782542,Jun18-Sep18,Jun-Sep
2018-06-14,THB,0,2018-06-20,2018-09-19,-0.005440274690260768,-0.07538666356504206,31.721321834623808,-0.06994638887478129,91,6,-0.872468225208472,Jun18-Sep18,Jun-Sep
2018-06-15,THB,0,2018-06-20,2018-09-19,-0.0054454490011274816,-0.07468044344403403,31.71329764168859,-0.06923499444290655,91,5,-0.8638134164627057,Jun18-Sep18,Jun-Sep
2018-06-18,THB,0,2018-06-20,2018-09-19,-0.0049586879589284425,-0.06587971145433502,31.598785179501782,-0.06092102349540658,91,2,-0.7628270252719604,Jun18-Sep18,Jun-Sep
2018-06-19,THB,0,2018-06-20,2018-09-19,-0.005251044061407461,-0.06901372194992664,31.45499274595257,-0.06376267788851918,91,1,-0.8020668623389194,Jun18-Sep18,Jun-Sep
2018-06-20,THB,0,2018-09-19,2018-12-19,-0.059217995462820264,-0.11843599092564053,31.62895342480207,-0.059217995462820264,91,91,-0.7420682810727992,Sep18-Dec18,Sep-Dec
2018-06-21,THB,0,2018-09-19,2018-12-19,-0.05161930397099259,-0.1038121557638851,31.501737104728758,-0.05219285179289251,91,90,-0.6565228696186372,Sep18-Dec18,Sep-Dec
2018-06-22,THB,0,2018-09-19,2018-12-19,-0.052443802828330714,-0.10606611807976998,31.429397198144436,-0.05362231525143927,91,89,-0.6760765887206855,Sep18-Dec18,Sep-Dec
2018-06-25,THB,0,2018-09-19,2018-12-19,-0.052848961087454786,-0.10877053619162205,31.189118542437512,-0.055921575104167266,91,86,-0.7105161028532411,Sep18-Dec18,Sep-Dec
2018-06-26,THB,0,2018-09-19,2018-12-19,-0.0494885120379156,-0.10247033080791937,31.341778155248676,-0.05298181877000377,91,85,-0.6698084618131037,Sep18-Dec18,Sep-Dec
2018-06-27,THB,0,2018-09-19,2018-12-19,-0.05039656253556579,-0.10499283861576206,31.432649668894094,-0.054596276080196265,91,84,-0.6882401568732109,Sep18-Dec18,Sep-Dec
2018-06-28,THB,0,2018-09-19,2018-12-19,-0.050821904693857445,-0.10654230622567705,31.250141500168542,-0.055720401531819605,91,83,-0.7065293748914613,Sep18-Dec18,Sep-Dec
2018-06-29,THB,0,2018-09-19,2018-12-19,-0.05205394148202937,-0.10982112044379366,31.263628379822098,-0.057767178961764296,91,82,-0.7321947171901337,Sep18-Dec18,Sep-Dec
2018-07-02,THB,0,2018-09-19,2018-12-19,-0.05215512790132572,-0.11223255371171356,31.328663156288027,-0.060077425810387844,91,79,-0.7598960122279523,Sep18-Dec18,Sep-Dec
2018-07-03,THB,0,2018-09-19,2018-12-19,-0.04620725436347056,-0.09716142036965777,31.280796189124565,-0.05095416600618721,91,78,-0.6453644095815304,Sep18-Dec18,Sep-Dec
2018-07-04,THB,0,2018-09-19,2018-12-19,-0.05085903669522641,-0.10818363918381084,31.29223261041276,-0.05732460248858443,91,77,-0.7258920504006522,Sep18-Dec18,Sep-Dec
2018-07-05,THB,0,2018-09-19,2018-12-19,-0.04675948651338738,-0.1001379791294876,31.31807903599476,-0.053378492616100226,91,76,-0.6752758314612402,Sep18-Dec18,Sep-Dec
2018-07-06,THB,0,2018-09-19,2018-12-19,-0.052705152049885344,-0.1142160519575206,31.34594459432953,-0.06151089990763526,91,75,-0.7776114846123866,Sep18-Dec18,Sep-Dec
2018-07-09,THB,0,2018-09-19,2018-12-19,-0.05868816029652647,-0.13094788507533103,31.34600066135953,-0.07225972477880456,91,72,-0.9136695504507433,Sep18-Dec18,Sep-Dec
2018-07-10,THB,0,2018-09-19,2018-12-19,-0.06047484976231644,-0.13624075509660755,31.394040752821304,-0.0757659053342911,91,71,-0.956588384479635,Sep18-Dec18,Sep-Dec
2018-07-11,THB,0,2018-09-19,2018-12-19,-0.0626012670229663,-0.1424135972551628,31.38633795319339,-0.07981233023219651,91,70,-1.0079930430914101,Sep18-Dec18,Sep-Dec
2018-07-12,THB,0,2018-09-19,2018-12-19,-0.06009986929237336,-0.13797342174313806,31.24336516409102,-0.0778735524507647,91,69,-0.9879375799682618,Sep18-Dec18,Sep-Dec
2018-07-13,THB,0,2018-09-19,2018-12-19,-0.05207037519722985,-0.12054525668245777,31.0508326710821,-0.06847488148522793,91,68,-0.873872441921446,Sep18-Dec18,Sep-Dec
2018-07-16,THB,0,2018-09-19,2018-12-19,-0.048588492014232015,-0.11591843312153771,31.227647067861447,-0.0673299411073057,91,65,-0.8542920111920699,Sep18-Dec18,Sep-Dec
2018-07-17,THB,0,2018-09-19,2018-12-19,-0.04852013932286555,-0.11699097537248378,31.12422300487482,-0.06847083604961823,91,64,-0.8716573146914951,Sep18-Dec18,Sep-Dec
2018-07-18,THB,0,2018-09-19,2018-12-19,-0.04872082190087969,-0.11874781903168737,31.277105341666793,-0.07002699713080768,91,63,-0.887109221368442,Sep18-Dec18,Sep-Dec
2018-07-19,THB,0,2018-09-19,2018-12-19,-0.0478327601233464,-0.1178649854185654,31.30607299628971,-0.07003222529521899,91,62,-0.8863280834565936,Sep18-Dec18,Sep-Dec
2018-07-20,THB,0,2018-09-19,2018-12-19,-0.04339424241556512,-0.1081299155273098,31.226491245646688,-0.06473567311174469,91,61,-0.8212691905733994,Sep18-Dec18,Sep-Dec
2018-07-23,THB,0,2018-09-19,2018-12-19,-0.040004187413347866,-0.10276937801015228,31.150472791041803,-0.06276519059680441,91,58,-0.7981295816337146,Sep18-Dec18,Sep-Dec
2018-07-24,THB,0,2018-09-19,2018-12-19,-0.03431841386558955,-0.08910746056328515,31.218477913027627,-0.054789046697695604,91,57,-0.6950576206860759,Sep18-Dec18,Sep-Dec
2018-07-25,THB,0,2018-09-19,2018-12-19,-0.0351188408486447,-0.09218695722769235,31.276808997905977,-0.05706811637904765,91,56,-0.7226368859980978,Sep18-Dec18,Sep-Dec
2018-07-26,THB,0,2018-09-19,2018-12-19,-0.033676621876246066,-0.08939612352603502,31.045606213451013,-0.05571950164978895,91,55,-0.7107871088270349,Sep18-Dec18,Sep-Dec
2018-07-27,THB,0,2018-09-19,2018-12-19,-0.03875050360885221,-0.10405227820895502,31.006301624694892,-0.06530177460010281,91,54,-0.8342173706779495,Sep18-Dec18,Sep-Dec
2018-07-30,THB,0,2018-09-19,2018-12-19,-0.04011078847874258,-0.11168101890159701,31.060935506805617,-0.07157023042285443,91,51,-0.9127254999437007,Sep18-Dec18,Sep-Dec
2018-07-31,THB,0,2018-09-19,2018-12-19,-0.0360943462932746,-0.10178605654703438,31.190001990621752,-0.06569171025375978,91,50,-0.8341788011908728,Sep18-Dec18,Sep-Dec
2018-08-01,THB,0,2018-09-19,2018-12-19,-0.03546898272597791,-0.1013399506456512,31.117997376104057,-0.06587096791967328,91,49,-0.8383759558405512,Sep18-Dec18,Sep-Dec
2018-08-02,THB,0,2018-09-19,2018-12-19,-0.03783586800410167,-0.10663343422650881,31.054590374494897,-0.06879756622240714,91,48,-0.8774812206342733,Sep18-Dec18,Sep-Dec
2018-08-03,THB,0,2018-09-19,2018-12-19,-0.03848385652107732,-0.11023846021299942,31.012795986150866,-0.0717546036919221,91,47,-0.916450912826674,Sep18-Dec18,Sep-Dec
2018-08-06,THB,0,2018-09-19,2018-12-19,-0.03420669619358947,-0.1027159597369834,30.965588089712618,-0.06850926354339393,91,44,-0.8762158227781486,Sep18-Dec18,Sep-Dec
2018-08-07,THB,0,2018-09-19,2018-12-19,-0.03377821545924449,-0.10318900935224075,31.100047462468364,-0.06941079389299626,91,43,-0.8838916236813402,Sep18-Dec18,Sep-Dec
2018-08-08,THB,0,2018-09-19,2018-12-19,-0.032688835281079964,-0.10161056936884079,31.157602165839826,-0.06892173408776082,91,42,-0.8760101809191786,Sep18-Dec18,Sep-Dec
2018-08-09,THB,0,2018-09-19,2018-12-19,-0.031402397992151956,-0.09936587756570957,31.221463069741326,-0.06796347957355761,91,41,-0.8620262571089256,Sep18-Dec18,Sep-Dec
2018-08-10,THB,0,2018-09-19,2018-12-19,-0.026537189990132562,-0.08535023494087378,31.181245536207093,-0.05881304495074122,91,40,-0.7468116485903803,Sep18-Dec18,Sep-Dec
2018-08-13,THB,0,2018-09-19,2018-12-19,-0.023615436532605907,-0.08065281783471609,31.314824018157392,-0.05703738130211018,91,37,-0.7211047377099004,Sep18-Dec18,Sep-Dec
2018-08-14,THB,0,2018-09-19,2018-12-19,-0.022413490994228777,-0.07818979583478075,31.680706214947264,-0.055776304840551974,91,36,-0.6969848803248557,Sep18-Dec18,Sep-Dec
2018-08-15,THB,0,2018-09-19,2018-12-19,-0.02224363796587387,-0.07937550853032807,31.571466606803995,-0.0571318705644542,91,35,-0.7163922593822066,Sep18-Dec18,Sep-Dec
2018-08-16,THB,0,2018-09-19,2018-12-19,-0.02068961948268828,-0.07553712241330655,31.65930579460948,-0.05484750293061827,91,34,-0.685804749713886,Sep18-Dec18,Sep-Dec
2018-08-17,THB,0,2018-09-19,2018-12-19,-0.021019176648094794,-0.07863042718739884,31.56492867161707,-0.05761125053930404,91,33,-0.7225250235152167,Sep18-Dec18,Sep-Dec
2018-08-20,THB,0,2018-09-19,2018-12-19,-0.019654799761020404,-0.07927435903611563,31.456794517282834,-0.05961955927509523,91,30,-0.7502514517908999,Sep18-Dec18,Sep-Dec
2018-08-21,THB,0,2018-09-19,2018-12-19,-0.0187706640896957,-0.07767171347460289,31.4325806443842,-0.058901049384907186,91,29,-0.741760202184904,Sep18-Dec18,Sep-Dec
2018-08-22,THB,0,2018-09-19,2018-12-19,-0.018952257844725377,-0.08054709584008285,31.478711445897986,-0.061594837995357477,91,28,-0.7745510228431011,Sep18-Dec18,Sep-Dec
2018-08-23,THB,0,2018-09-19,2018-12-19,-0.01838034199980742,-0.08032890207323243,31.422619018220285,-0.06194856007342501,91,27,-0.780376270830201,Sep18-Dec18,Sep-Dec
2018-08-24,THB,0,2018-09-19,2018-12-19,-0.016928682249723645,-0.07617907012375641,31.398688587548058,-0.059250387874032764,91,26,-0.7469215861369192,Sep18-Dec18,Sep-Dec
2018-08-27,THB,0,2018-09-19,2018-12-19,-0.014774608587902593,-0.07323066865308242,31.452667146147512,-0.058456060065179824,91,23,-0.7355923837410991,Sep18-Dec18,Sep-Dec
2018-08-28,THB,0,2018-09-19,2018-12-19,-0.013197932149738405,-0.0677893787691109,31.344141803288323,-0.05459144661937249,91,22,-0.6893062760525667,Sep18-Dec18,Sep-Dec
2018-08-29,THB,0,2018-09-19,2018-12-19,-0.012872195452218224,-0.0686517090784972,31.320051261739987,-0.055779513626278976,91,21,-0.7048421938146789,Sep18-Dec18,Sep-Dec
2018-08-30,THB,0,2018-09-19,2018-12-19,-0.01246452215427004,-0.06917809795619873,31.30310815828589,-0.056713575801928685,91,20,-0.7170239173916648,Sep18-Dec18,Sep-Dec
2018-08-31,THB,0,2018-09-19,2018-12-19,-0.009989905242125358,-0.057836293507041545,31.293787494356188,-0.04784638826491619,91,19,-0.6050493536622885,Sep18-Dec18,Sep-Dec
2018-09-03,THB,0,2018-09-19,2018-12-19,-0.00839899470772079,-0.05348916316428749,31.144699594295304,-0.0450901684565667,91,16,-0.5728962174843447,Sep18-Dec18,Sep-Dec
2018-09-04,THB,0,2018-09-19,2018-12-19,-0.008212866271340317,-0.055518764094883766,31.233420360088815,-0.04730589782354345,91,15,-0.5993369658380302,Sep18-Dec18,Sep-Dec
2018-09-05,THB,0,2018-09-19,2018-12-19,-0.008385178981996477,-0.06054241352575732,31.173983149587563,-0.052157234543760846,91,14,-0.6620643463200149,Sep18-Dec18,Sep-Dec
2018-09-06,THB,0,2018-09-19,2018-12-19,-0.007472251281163416,-0.05759397054756792,31.248568040271472,-0.050121719266404505,91,13,-0.634688763510857,Sep18-Dec18,Sep-Dec
2018-09-07,THB,0,2018-09-19,2018-12-19,-0.00690621165153032,-0.057259537632496624,31.291075168648856,-0.050353325980966306,91,12,-0.6367436871586274,Sep18-Dec18,Sep-Dec
2018-09-10,THB,0,2018-09-19,2018-12-19,-0.00544265400980236,-0.05896852349219041,31.11180563453277,-0.05352586948238805,91,9,-0.6807311179079042,Sep18-Dec18,Sep-Dec
2018-09-11,THB,0,2018-09-19,2018-12-19,-0.005374133036942694,-0.06516087557544319,31.248482593801732,-0.05978674253850049,91,8,-0.7570276874595256,Sep18-Dec18,Sep-Dec
2018-09-12,THB,0,2018-09-19,2018-12-19,-0.005374775588046681,-0.07407015938465618,31.266569389643927,-0.0686953837966095,91,7,-0.869326848291725,Sep18-Dec18,Sep-Dec
2018-09-13,THB,0,2018-09-19,2018-12-19,-0.0054115677930683444,-0.07398236933164434,31.201458398527283,-0.068570801538576,91,6,-0.8695624367396397,Sep18-Dec18,Sep-Dec
2018-09-14,THB,0,2018-09-19,2018-12-19,-0.005489327022661172,-0.07444555682339961,31.123095216331386,-0.06895622980073844,91,5,-0.876654447984063,Sep18-Dec18,Sep-Dec
2018-09-17,THB,0,2018-09-19,2018-12-19,-0.005034665006958015,-0.06655465780466215,31.1050591921158,-0.061519992797704134,91,2,-0.7825582113965368,Sep18-Dec18,Sep-Dec
2018-09-18,THB,0,2018-09-19,2018-12-19,-0.005322727006033737,-0.06978899096362624,31.0340418011352,-0.0644662639575925,91,1,-0.8219204063463983,Sep18-Dec18,Sep-Dec
2018-09-19,THB,0,2018-12-19,2019-03-20,-0.07195450588791255,-0.13873329981078958,31.054271790213146,-0.06677879392287703,91,91,-0.8526794224786945,Dec18-Mar19,Dec-Mar
2018-09-20,THB,0,2018-12-19,2019-03-20,-0.07500732720968073,-0.14567784877195106,31.02132236510783,-0.07067052156227033,91,90,-0.90342158462004,Dec18-Mar19,Dec-Mar
2018-09-21,THB,0,2018-12-19,2019-03-20,-0.07750863443410083,-0.15158787017898673,31.026994530898655,-0.0740792357448859,91,89,-0.9469000997861033,Dec18-Mar19,Dec-Mar
2018-09-24,THB,0,2018-12-19,2019-03-20,-0.08157522576629933,-0.16272971566936584,30.98088928391981,-0.0811544899030665,91,86,-1.0390221889153328,Dec18-Mar19,Dec-Mar
2018-09-25,THB,0,2018-12-19,2019-03-20,-0.08178952108368837,-0.16419529953900766,30.942723523305936,-0.0824057784553193,91,85,-1.056354554200404,Dec18-Mar19,Dec-Mar
2018-09-26,THB,0,2018-12-19,2019-03-20,-0.08033992912480112,-0.16221305402551758,30.970789906908166,-0.08187312490071647,91,84,-1.0485236736883214,Dec18-Mar19,Dec-Mar
2018-09-27,THB,0,2018-12-19,2019-03-20,-0.08343116537254675,-0.16975356977505768,30.90191446939854,-0.08632240440251093,91,83,-1.1080857641139148,Dec18-Mar19,Dec-Mar
2018-09-28,THB,0,2018-12-19,2019-03-20,-0.09078337363178535,-0.18637426697370335,30.939054618672273,-0.095590893341918,91,82,-1.2258767204626992,Dec18-Mar19,Dec-Mar
2018-10-01,THB,0,2018-12-19,2019-03-20,-0.08849564609250209,-0.1852542442256332,31.076547486101163,-0.0967585981331311,91,79,-1.2352543790625048,Dec18-Mar19,Dec-Mar
2018-10-02,THB,0,2018-12-19,2019-03-20,-0.07920471031505881,-0.17278813177481478,31.028297062496442,-0.09358342145975597,91,78,-1.1962228960995378,Dec18-Mar19,Dec-Mar
2018-10-03,THB,0,2018-12-19,2019-03-20,-0.07549752242567714,-0.1655667803369251,30.98015163308203,-0.09006925791124795,91,77,-1.15295884596971,Dec18-Mar19,Dec-Mar
2018-10-04,THB,0,2018-12-19,2019-03-20,-0.07276886601387159,-0.16041007242940297,31.011904254458397,-0.08764120641553139,91,76,-1.1206275178267147,Dec18-Mar19,Dec-Mar
2018-10-05,THB,0,2018-12-19,2019-03-20,-0.0744071094266073,-0.16485726360392844,30.927418729838543,-0.09045015417732113,91,75,-1.159772634706727,Dec18-Mar19,Dec-Mar
2018-10-08,THB,0,2018-12-19,2019-03-20,-0.06739952106772172,-0.1517092331628504,30.927210725923974,-0.08430971209512868,91,72,-1.0808002834355244,Dec18-Mar19,Dec-Mar
2018-10-09,THB,0,2018-12-19,2019-03-20,-0.06641418382633443,-0.15029764323823977,31.046509394525398,-0.08388345941190534,91,71,-1.0711608546119358,Dec18-Mar19,Dec-Mar
2018-10-10,THB,0,2018-12-19,2019-03-20,-0.06180563794106167,-0.14054289616635418,31.16266641459975,-0.07873725822529251,91,70,-1.001541586757024,Dec18-Mar19,Dec-Mar
2018-10-11,THB,0,2018-12-19,2019-03-20,-0.06283590830780356,-0.14371224980825217,31.35191980537957,-0.08087634150044862,91,69,-1.0225622553613394,Dec18-Mar19,Dec-Mar
2018-10-12,THB,0,2018-12-19,2019-03-20,-0.06414799275434907,-0.14762477986440548,31.27103245862722,-0.0834767871100564,91,68,-1.0582211097613314,Dec18-Mar19,Dec-Mar
2018-10-15,THB,0,2018-12-19,2019-03-20,-0.062099864584866056,-0.14551817433330086,31.072064738626658,-0.08341830974843481,91,65,-1.0641950142289194,Dec18-Mar19,Dec-Mar
2018-10-16,THB,0,2018-12-19,2019-03-20,-0.06114201331907028,-0.14417758299877165,30.88413433416564,-0.08303556967970137,91,64,-1.0657380702972026,Dec18-Mar19,Dec-Mar
2018-10-17,THB,0,2018-12-19,2019-03-20,-0.062455805583147755,-0.14835785994425593,30.908216812258974,-0.08590205436110818,91,63,-1.1017147636378999,Dec18-Mar19,Dec-Mar
2018-10-18,THB,0,2018-12-19,2019-03-20,-0.06005569118824946,-0.14350299099689992,30.7207708254171,-0.08344729980865045,91,62,-1.0766910837238162,Dec18-Mar19,Dec-Mar
2018-10-19,THB,0,2018-12-19,2019-03-20,-0.06081347108298062,-0.14639282551732785,30.85428669403803,-0.08557935443434722,91,61,-1.0994397592661547,Dec18-Mar19,Dec-Mar
2018-10-22,THB,0,2018-12-19,2019-03-20,-0.05835562944925034,-0.14475545766030326,30.948852790418226,-0.08639982821105292,91,58,-1.1064940664970844,Dec18-Mar19,Dec-Mar
2018-10-23,THB,0,2018-12-19,2019-03-20,-0.05576315475932267,-0.13961298940908373,31.053316638103546,-0.08384983464976106,91,57,-1.0701284272634877,Dec18-Mar19,Dec-Mar
2018-10-24,THB,0,2018-12-19,2019-03-20,-0.057739921535690485,-0.14638499415641817,31.09379924861602,-0.08864507262072768,91,56,-1.1299237447593968,Dec18-Mar19,Dec-Mar
2018-10-25,THB,0,2018-12-19,2019-03-20,-0.0526582989703159,-0.1346169746733719,31.001241014254703,-0.08195867570305598,91,55,-1.0476477279856682,Dec18-Mar19,Dec-Mar
2018-10-26,THB,0,2018-12-19,2019-03-20,-0.05046889890217966,-0.13036664562704878,30.91016410615726,-0.07989774672486911,91,54,-1.024245365709708,Dec18-Mar19,Dec-Mar
2018-10-29,THB,0,2018-12-19,2019-03-20,-0.05110183190275827,-0.13712205021135895,30.96889051910213,-0.08602021830860068,91,51,-1.1006601027654188,Dec18-Mar19,Dec-Mar
2018-10-30,THB,0,2018-12-19,2019-03-20,-0.050097388690793124,-0.1361257679939239,30.893208684676218,-0.08602837930313077,91,50,-1.103429698529489,Dec18-Mar19,Dec-Mar
2018-10-31,THB,0,2018-12-19,2019-03-20,-0.0494066431790474,-0.1360100257858069,30.910871211685404,-0.0866033826067595,91,49,-1.1101442952388594,Dec18-Mar19,Dec-Mar
2018-11-01,THB,0,2018-12-19,2019-03-20,-0.04571835651650051,-0.13592838255195186,31.130384660968488,-0.09021002603545135,91,48,-1.1480735381772986,Dec18-Mar19,Dec-Mar
2018-11-02,THB,0,2018-12-19,2019-03-20,-0.04269284693851514,-0.12854471133037396,31.381182488551687,-0.08585186439185882,91,47,-1.0837591508926383,Dec18-Mar19,Dec-Mar
2018-11-05,THB,0,2018-12-19,2019-03-20,-0.04330216810820541,-0.1348729999002565,31.33686309251228,-0.09157083179205108,91,44,-1.15761270037617,Dec18-Mar19,Dec-Mar
2018-11-06,THB,0,2018-12-19,2019-03-20,-0.04472433656726955,-0.14097308753195956,31.279680875272362,-0.09624875096469002,91,43,-1.2190325575091339,Dec18-Mar19,Dec-Mar
2018-11-07,THB,0,2018-12-19,2019-03-20,-0.042321065564904475,-0.1351984408432874,31.40033987467372,-0.09287737527838291,91,42,-1.1717161768412758,Dec18-Mar19,Dec-Mar
2018-11-08,THB,0,2018-12-19,2019-03-20,-0.04125520922315945,-0.13356910695288232,31.492335777182976,-0.09231389772972287,91,41,-1.1611614945419975,Dec18-Mar19,Dec-Mar
2018-11-09,THB,0,2018-12-19,2019-03-20,-0.03901595270812688,-0.12807505142381445,31.652555813711796,-0.08905909871568757,91,40,-1.1144645957206187,Dec18-Mar19,Dec-Mar
2018-11-12,THB,0,2018-12-19,2019-03-20,-0.03587406708916638,-0.12294621515780826,31.768671485404994,-0.08707214806864189,91,37,-1.085505449033895,Dec18-Mar19,Dec-Mar
2018-11-13,THB,0,2018-12-19,2019-03-20,-0.03392392453160238,-0.11800070543665118,31.689891756200435,-0.0840767809050488,91,36,-1.0507069084467955,Dec18-Mar19,Dec-Mar
2018-11-14,THB,0,2018-12-19,2019-03-20,-0.03076603095170713,-0.1085352294150494,31.798588774147007,-0.07776919846334227,91,35,-0.9684590915604592,Dec18-Mar19,Dec-Mar
2018-11-15,THB,0,2018-12-19,2019-03-20,-0.03182795141884848,-0.11423060013428689,31.778980575806393,-0.08240264871543841,91,34,-1.0268275214146556,Dec18-Mar19,Dec-Mar
2018-11-16,THB,0,2018-12-19,2019-03-20,-0.0313726086374561,-0.11452277293766927,31.700561171848584,-0.08315016430021317,91,33,-1.0386931899671161,Dec18-Mar19,Dec-Mar
2018-11-19,THB,0,2018-12-19,2019-03-20,-0.031688961423869004,-0.12255832409616661,31.522921880630054,-0.09086936267229762,91,30,-1.141534197507016,Dec18-Mar19,Dec-Mar
2018-11-20,THB,0,2018-12-19,2019-03-20,-0.02856645992786358,-0.11293800770820318,31.608200235669678,-0.0843715477803396,91,29,-1.056939273041486,Dec18-Mar19,Dec-Mar
2018-11-21,THB,0,2018-12-19,2019-03-20,-0.028410044441489063,-0.11545919660833946,31.7009536079343,-0.0870491521668504,91,28,-1.087283285657395,Dec18-Mar19,Dec-Mar
2018-11-22,THB,0,2018-12-19,2019-03-20,-0.025932845560620164,-0.10806226470056973,31.643250941732322,-0.08212941913994956,91,27,-1.0276254020461542,Dec18-Mar19,Dec-Mar
2018-11-23,THB,0,2018-12-19,2019-03-20,-0.02228674610657007,-0.09501938885886503,31.625811724201725,-0.07273264275229496,91,26,-0.9104475907885528,Dec18-Mar19,Dec-Mar
2018-11-26,THB,0,2018-12-19,2019-03-20,-0.01809877431348942,-0.08443672063486439,31.6214862093686,-0.06633794632137496,91,23,-0.8304041208884807,Dec18-Mar19,Dec-Mar
2018-11-27,THB,0,2018-12-19,2019-03-20,-0.016542676921637772,-0.07962875436349492,32.042698949503624,-0.06308607744185715,91,22,-0.7792733328664723,Dec18-Mar19,Dec-Mar
2018-11-28,THB,0,2018-12-19,2019-03-20,-0.015476440186044415,-0.0772065112106716,32.007018689391806,-0.06173007102462718,91,21,-0.7633482389840188,Dec18-Mar19,Dec-Mar
2018-11-29,THB,0,2018-12-19,2019-03-20,-0.014980498024098444,-0.07782284051065588,31.91354113854296,-0.06284234248655744,91,20,-0.7793676710973697,Dec18-Mar19,Dec-Mar
2018-11-30,THB,0,2018-12-19,2019-03-20,-0.01564802752663859,-0.08526815567456003,31.954127404296226,-0.06962012814792144,91,19,-0.8623462749416864,Dec18-Mar19,Dec-Mar
2018-12-03,THB,0,2018-12-19,2019-03-20,-0.013147280641509555,-0.0870428892532111,32.16640134890266,-0.07389560861170155,91,16,-0.9091903270688694,Dec18-Mar19,Dec-Mar
2018-12-04,THB,0,2018-12-19,2019-03-20,-0.011359154192169362,-0.0772806583982467,32.13884303015034,-0.06592150420607734,91,15,-0.8117298238936125,Dec18-Mar19,Dec-Mar
2018-12-05,THB,0,2018-12-19,2019-03-20,-0.010205791601370256,-0.0711963424839471,32.08256715797894,-0.06099055088257684,91,14,-0.7523028860847656,Dec18-Mar19,Dec-Mar
2018-12-06,THB,0,2018-12-19,2019-03-20,-0.009731653762255297,-0.07253114272076293,31.932524263676733,-0.06279948895850763,91,13,-0.77824500435402,Dec18-Mar19,Dec-Mar
2018-12-07,THB,0,2018-12-19,2019-03-20,-0.008858308127361832,-0.07070813435305594,31.954062440798705,-0.061849826225694106,91,12,-0.7659385434080728,Dec18-Mar19,Dec-Mar
2018-12-10,THB,0,2018-12-19,2019-03-20,-0.006623419040270458,-0.06825316012316791,32.042308612356344,-0.061629741082897455,91,9,-0.7610574372056822,Dec18-Mar19,Dec-Mar
2018-12-11,THB,0,2018-12-19,2019-03-20,-0.00655169344808709,-0.075744038861981,31.99900534858055,-0.06919234541389391,91,8,-0.8556016454062,Dec18-Mar19,Dec-Mar
2018-12-12,THB,0,2018-12-19,2019-03-20,-0.00534310247686433,-0.06949783002037856,31.833627934332476,-0.06415472754351423,91,7,-0.7974005620816481,Dec18-Mar19,Dec-Mar
2018-12-13,THB,0,2018-12-19,2019-03-20,-0.006074435423233887,-0.07886978885321512,31.827183498155282,-0.07279535342998124,91,6,-0.9050018256655743,Dec18-Mar19,Dec-Mar
2018-12-14,THB,0,2018-12-19,2019-03-20,-0.006018085612615302,-0.07724317038634765,31.74345094854466,-0.07122508477373235,91,5,-0.8878146110768883,Dec18-Mar19,Dec-Mar
2018-12-17,THB,0,2018-12-19,2019-03-20,-0.006528050663221199,-0.08142650084728227,31.819890641653416,-0.07489845018406108,91,2,-0.9313745452724481,Dec18-Mar19,Dec-Mar
2018-12-18,THB,0,2018-12-19,2019-03-20,-0.00629015208211359,-0.07735426122512189,31.897853981654567,-0.0710641091430083,91,1,-0.8815269798910261,Dec18-Mar19,Dec-Mar
2018-12-19,THB,0,2019-03-20,2019-06-19,-0.0800712731875369,-0.1654410797035576,31.791199970902728,-0.08536980651602069,91,91,-1.0650100484145557,Mar19-Jun19,Mar-Jun
2018-12-20,THB,0,2019-03-20,2019-06-19,-0.08029353020665306,-0.16684421134741007,31.836267287650877,-0.08655068114075701,91,90,-1.0782169730761826,Mar19-Jun19,Mar-Jun
2018-12-21,THB,0,2019-03-20,2019-06-19,-0.08162055400028587,-0.1705116467177269,31.90132996656509,-0.08889109271744103,91,89,-1.105154875965385,Mar19-Jun19,Mar-Jun
2018-12-24,THB,0,2019-03-20,2019-06-19,-0.08243859047049439,-0.17529072331452095,31.870660995909535,-0.09285213284402656,91,86,-1.155544699097597,Mar19-Jun19,Mar-Jun
2018-12-25,THB,0,2019-03-20,2019-06-19,-0.080924708354369,-0.17327866275172168,32.0398459468614,-0.09235395439735268,91,85,-1.1432059936684784,Mar19-Jun19,Mar-Jun
2018-12-26,THB,0,2019-03-20,2019-06-19,-0.08134754174039302,-0.17527827647522817,32.1465111659597,-0.09393073473483515,91,84,-1.158871726928766,Mar19-Jun19,Mar-Jun
2018-12-27,THB,0,2019-03-20,2019-06-19,-0.07934613624393949,-0.1721989406312051,32.062705446893816,-0.09285280438726562,91,83,-1.1485027949383362,Mar19-Jun19,Mar-Jun
2018-12-28,THB,0,2019-03-20,2019-06-19,-0.08069767217534979,-0.17619794244521114,32.14509851682217,-0.09550027026986135,91,82,-1.178263922136335,Mar19-Jun19,Mar-Jun
2018-12-31,THB,0,2019-03-20,2019-06-19,-0.07897386395407915,-0.17609471481248481,32.03905041711066,-0.09712085085840566,91,79,-1.2021696956989736,Mar19-Jun19,Mar-Jun
2019-01-01,THB,0,2019-03-20,2019-06-19,-0.08560004732061491,-0.18546676919466565,32.07995084080938,-0.09986672187405074,91,78,-1.2348340618936986,Mar19-Jun19,Mar-Jun
2019-01-02,THB,0,2019-03-20,2019-06-19,-0.0835215674990236,-0.18222887454332423,31.98508718318459,-0.09870730704430063,91,77,-1.2240479045892787,Mar19-Jun19,Mar-Jun
2019-01-03,THB,0,2019-03-20,2019-06-19,-0.08086656568345732,-0.17769363775180752,32.25329344335045,-0.0968270720683502,91,76,-1.1906225001115238,Mar19-Jun19,Mar-Jun
2019-01-04,THB,0,2019-03-20,2019-06-19,-0.08048686775673565,-0.1781442673015749,32.14459849929875,-0.09765739954483925,91,75,-1.2048890350428314,Mar19-Jun19,Mar-Jun
2019-01-07,THB,0,2019-03-20,2019-06-19,-0.07500152165233402,-0.1697951115184784,32.16169764522205,-0.09479358986614438,91,72,-1.1687323830957002,Mar19-Jun19,Mar-Jun
2019-01-08,THB,0,2019-03-20,2019-06-19,-0.07022222973243158,-0.16022536924864672,32.29139069729256,-0.09000313951621514,91,71,-1.1050386843251638,Mar19-Jun19,Mar-Jun
2019-01-09,THB,0,2019-03-20,2019-06-19,-0.06939795165103169,-0.15961528879737288,32.36841250879065,-0.0902173371463412,91,70,-1.1049988869374927,Mar19-Jun19,Mar-Jun
2019-01-10,THB,0,2019-03-20,2019-06-19,-0.06587099724408792,-0.15274434143556617,32.6257285718129,-0.08687334419147826,91,69,-1.055516804528177,Mar19-Jun19,Mar-Jun
2019-01-11,THB,0,2019-03-20,2019-06-19,-0.06607268992734541,-0.1544934955654106,32.61299218543683,-0.08842080563806518,91,68,-1.0747456261759667,Mar19-Jun19,Mar-Jun
2019-01-14,THB,0,2019-03-20,2019-06-19,-0.06190731141190185,-0.14857754738856446,32.44573359618154,-0.08667023597666261,91,65,-1.0587731671647271,Mar19-Jun19,Mar-Jun
2019-01-15,THB,0,2019-03-20,2019-06-19,-0.06041268216500454,-0.14631196461837037,32.38643743981721,-0.08589928245336584,91,64,-1.0512314450223765,Mar19-Jun19,Mar-Jun
2019-01-16,THB,0,2019-03-20,2019-06-19,-0.06003061627607485,-0.14674150645262743,32.49854966660401,-0.08671089017655258,91,63,-1.0574838280192118,Mar19-Jun19,Mar-Jun
2019-01-17,THB,0,2019-03-20,2019-06-19,-0.05790273051178335,-0.14288899626294924,32.544991952716266,-0.08498626575116588,91,62,-1.034901590204122,Mar19-Jun19,Mar-Jun
2019-01-18,THB,0,2019-03-20,2019-06-19,-0.057045142305354804,-0.14214527262973656,32.15240704182071,-0.08510013032438175,91,61,-1.0489361586958346,Mar19-Jun19,Mar-Jun
2019-01-21,THB,0,2019-03-20,2019-06-19,-0.05568547193695776,-0.143054057217357,31.882784660239825,-0.08736858528039924,91,58,-1.0859738165319552,Mar19-Jun19,Mar-Jun
2019-01-22,THB,0,2019-03-20,2019-06-19,-0.05344123358210325,-0.13875969421318035,31.96213135484317,-0.08531846063107709,91,57,-1.0577794927835757,Mar19-Jun19,Mar-Jun
2019-01-23,THB,0,2019-03-20,2019-06-19,-0.05131010387037385,-0.13468902265973137,31.784888804256884,-0.08337891878935752,91,56,-1.039437344436985,Mar19-Jun19,Mar-Jun
2019-01-24,THB,0,2019-03-20,2019-06-19,-0.04767553792246286,-0.12655688248508323,31.556852011000856,-0.07888134456262037,91,55,-0.9903720164447998,Mar19-Jun19,Mar-Jun
2019-01-25,THB,0,2019-03-20,2019-06-19,-0.04759266467763536,-0.12779511811587274,31.565877589921175,-0.08020245343823738,91,54,-1.0066678181785262,Mar19-Jun19,Mar-Jun
2019-01-28,THB,0,2019-03-20,2019-06-19,-0.044004229303226554,-0.12252157962859157,31.55936237582467,-0.07851735032536503,91,51,-0.9856086285141551,Mar19-Jun19,Mar-Jun
2019-01-29,THB,0,2019-03-20,2019-06-19,-0.043881102628214805,-0.12374470941156573,31.703637162795744,-0.07986360678335093,91,50,-0.9979354810021397,Mar19-Jun19,Mar-Jun
2019-01-30,THB,0,2019-03-20,2019-06-19,-0.0394635579733535,-0.11275302278101,31.78720993831201,-0.0732894648076565,91,49,-0.9132501589895357,Mar19-Jun19,Mar-Jun
2019-01-31,THB,0,2019-03-20,2019-06-19,-0.03837012903733419,-0.11111349867061357,31.746023996848074,-0.07274336963327938,91,48,-0.9075914887293005,Mar19-Jun19,Mar-Jun
2019-02-01,THB,0,2019-03-20,2019-06-19,-0.035481727382776836,-0.10418039103879155,32.175193204084415,-0.06869866365601471,91,47,-0.84560476948177,Mar19-Jun19,Mar-Jun
2019-02-04,THB,0,2019-03-20,2019-06-19,-0.03211914651616571,-0.09854738135641752,31.99083732052396,-0.06642823484025182,91,44,-0.822288977673,Mar19-Jun19,Mar-Jun
2019-02-05,THB,0,2019-03-20,2019-06-19,-0.033209121301597366,-0.103488889637536,31.784689754040816,-0.07027976833593863,91,43,-0.8756437407548565,Mar19-Jun19,Mar-Jun
2019-02-06,THB,0,2019-03-20,2019-06-19,-0.03630273119180322,-0.11495864877404353,31.78505794753167,-0.07865591758224032,91,42,-0.980089660958314,Mar19-Jun19,Mar-Jun
2019-02-07,THB,0,2019-03-20,2019-06-19,-0.03432893954178924,-0.11052243950039463,31.546344924755704,-0.07619349995860539,91,41,-0.9565393567409309,Mar19-Jun19,Mar-Jun
2019-02-08,THB,0,2019-03-20,2019-06-19,-0.035138265899885446,-0.11507782082212484,31.2541432883434,-0.07993955492223939,91,40,-1.0129867779950672,Mar19-Jun19,Mar-Jun
2019-02-11,THB,0,2019-03-20,2019-06-19,-0.031780016874736944,-0.10994167999908998,31.03740789602759,-0.07816166312435303,91,37,-0.9972737085106524,Mar19-Jun19,Mar-Jun
2019-02-12,THB,0,2019-03-20,2019-06-19,-0.029626079226874786,-0.10451422393925272,30.784935640266564,-0.07488814471237794,91,36,-0.9632834021089778,Mar19-Jun19,Mar-Jun
2019-02-13,THB,0,2019-03-20,2019-06-19,-0.02645234012777235,-0.09522842445998045,30.642122096619417,-0.0687760843322081,91,35,-0.8886992017710335,Mar19-Jun19,Mar-Jun
2019-02-14,THB,0,2019-03-20,2019-06-19,-0.02589119628909672,-0.09518822165109088,30.557879105566183,-0.06929702536199416,91,34,-0.8978847992791491,Mar19-Jun19,Mar-Jun
2019-02-15,THB,0,2019-03-20,2019-06-19,-0.025445507615771714,-0.0956134225562331,30.64225038115609,-0.07016791494046139,91,33,-0.9066503084008144,Mar19-Jun19,Mar-Jun
2019-02-18,THB,0,2019-03-20,2019-06-19,-0.02435433053691712,-0.09822913316556572,30.47286129582489,-0.07387480262864861,91,30,-0.9598236352810038,Mar19-Jun19,Mar-Jun
2019-02-19,THB,0,2019-03-20,2019-06-19,-0.026792886854274323,-0.11086711801768685,30.635260220191014,-0.08407423116341253,91,29,-1.0866318474261247,Mar19-Jun19,Mar-Jun
2019-02-20,THB,0,2019-03-20,2019-06-19,-0.02529388795847813,-0.10749902382353205,30.652749915504295,-0.08220513586505392,91,28,-1.061815681335836,Mar19-Jun19,Mar-Jun
2019-02-21,THB,0,2019-03-20,2019-06-19,-0.024870416518937066,-0.10869293145313236,30.77287071623523,-0.08382251493419529,91,27,-1.0784621775513683,Mar19-Jun19,Mar-Jun
2019-02-22,THB,0,2019-03-20,2019-06-19,-0.02281436021352302,-0.10266462096085359,30.56126358031598,-0.07985026074733056,91,26,-1.034404658669036,Mar19-Jun19,Mar-Jun
2019-02-25,THB,0,2019-03-20,2019-06-19,-0.02073227157929086,-0.10275995478431121,30.52936450668447,-0.08202768320502035,91,23,-1.063650175697178,Mar19-Jun19,Mar-Jun
2019-02-26,THB,0,2019-03-20,2019-06-19,-0.019407663725006758,-0.09968481822389835,30.645414920367138,-0.0802771544988916,91,22,-1.0369616555055887,Mar19-Jun19,Mar-Jun
2019-02-27,THB,0,2019-03-20,2019-06-19,-0.01852483391680096,-0.09879911422293844,30.662256624821435,-0.08027428030613748,91,21,-1.0363247648745415,Mar19-Jun19,Mar-Jun
2019-02-28,THB,0,2019-03-20,2019-06-19,-0.016661573350493376,-0.09247173209523823,30.62223493183494,-0.07581015874474487,91,20,-0.9799140724992885,Mar19-Jun19,Mar-Jun
2019-03-01,THB,0,2019-03-20,2019-06-19,-0.01476555930147005,-0.08548481700851082,30.740899752086936,-0.07071925770704077,91,19,-0.9105229127507587,Mar19-Jun19,Mar-Jun
2019-03-04,THB,0,2019-03-20,2019-06-19,-0.012562758972169824,-0.08401345062638571,30.71353472609269,-0.07145069165421589,91,16,-0.9206942281063523,Mar19-Jun19,Mar-Jun
2019-03-05,THB,0,2019-03-20,2019-06-19,-0.012174717586921187,-0.08603467094757639,30.645541006196748,-0.0738599533606552,91,15,-0.9538397423686192,Mar19-Jun19,Mar-Jun
2019-03-06,THB,0,2019-03-20,2019-06-19,-0.010790737205940325,-0.08093052904455243,30.82563927127435,-0.0701397918386121,91,14,-0.9004623185946707,Mar19-Jun19,Mar-Jun
2019-03-07,THB,0,2019-03-20,2019-06-19,-0.01016318041317656,-0.08130544330541249,30.601037978786593,-0.07114226289223594,91,13,-0.9200191919620954,Mar19-Jun19,Mar-Jun
2019-03-08,THB,0,2019-03-20,2019-06-19,-0.009689218186406742,-0.08316578943332453,30.817366393457224,-0.0734765712469178,91,12,-0.9435198374044523,Mar19-Jun19,Mar-Jun
2019-03-11,THB,0,2019-03-20,2019-06-19,-0.007056583847059994,-0.0784064871895555,30.96586930675215,-0.0713499033424955,91,9,-0.9117383034316475,Mar19-Jun19,Mar-Jun
2019-03-12,THB,0,2019-03-20,2019-06-19,-0.00644437755639732,-0.07974917226041683,31.057750867010398,-0.07330479470401952,91,8,-0.9339284649306645,Mar19-Jun19,Mar-Jun
2019-03-13,THB,0,2019-03-20,2019-06-19,-0.005707496910157679,-0.0799049567422075,31.259437066773042,-0.07419745983204983,91,7,-0.9391788326134369,Mar19-Jun19,Mar-Jun
2019-03-14,THB,0,2019-03-20,2019-06-19,-0.005270060085212144,-0.07302797546651113,31.09527410710087,-0.06775791538129898,91,6,-0.862184807737464,Mar19-Jun19,Mar-Jun
2019-03-15,THB,0,2019-03-20,2019-06-19,-0.005187962405456292,-0.07114919870340057,30.914202687868556,-0.06596123629794427,91,5,-0.8442376844018171,Mar19-Jun19,Mar-Jun
2019-03-18,THB,0,2019-03-20,2019-06-19,-0.005171903789204369,-0.06871243605657233,30.688512248991763,-0.06354053226736796,91,2,-0.8192365492547538,Mar19-Jun19,Mar-Jun
2019-03-19,THB,0,2019-03-20,2019-06-19,-0.005010551619663867,-0.06585296414415369,31.003437084381474,-0.060842412524489825,91,1,-0.7764757288059728,Mar19-Jun19,Mar-Jun
2019-03-20,THB,0,2019-06-19,2019-09-18,-0.05870993787309922,-0.11741987574619844,30.861251629481412,-0.05870993787309922,91,91,-0.7540257463423884,Jun19-Sep19,Jun-Sep
2019-03-21,THB,0,2019-06-19,2019-09-18,-0.05654334410231447,-0.11371494758354356,30.722377445855663,-0.057171603481229086,91,90,-0.7375419030141905,Jun19-Sep19,Jun-Sep
2019-03-22,THB,0,2019-06-19,2019-09-18,-0.0568203289938249,-0.11491751931335374,30.78447104144535,-0.05809719031952884,91,89,-0.7479746524636739,Jun19-Sep19,Jun-Sep
2019-03-25,THB,0,2019-06-19,2019-09-18,-0.05214131534702994,-0.10731410251656162,30.66491381654217,-0.05517278716953168,91,86,-0.7129898842439188,Jun19-Sep19,Jun-Sep
2019-03-26,THB,0,2019-06-19,2019-09-18,-0.05626900058480857,-0.11650993062266245,30.797541524533987,-0.06024093003785388,91,85,-0.7752306512264743,Jun19-Sep19,Jun-Sep
2019-03-27,THB,0,2019-06-19,2019-09-18,-0.05189544145527524,-0.10811550303182342,30.892656057933205,-0.05622006157654818,91,84,-0.721152884567566,Jun19-Sep19,Jun-Sep
2019-03-28,THB,0,2019-06-19,2019-09-18,-0.05090458648251203,-0.10671563913201318,30.96050048039577,-0.05581105264950115,91,83,-0.7143120805341314,Jun19-Sep19,Jun-Sep
2019-03-29,THB,0,2019-06-19,2019-09-18,-0.052363672115252446,-0.11047457653583749,30.79290475735821,-0.058110904420585044,91,82,-0.747837494388359,Jun19-Sep19,Jun-Sep
2019-04-01,THB,0,2019-06-19,2019-09-18,-0.04009668025785917,-0.08628399549159568,31.075024412023993,-0.046187315233736516,91,79,-0.5887529394479023,Jun19-Sep19,Jun-Sep
2019-04-02,THB,0,2019-06-19,2019-09-18,-0.041649116310345916,-0.09023975200574948,31.08946673427563,-0.04859063569540356,91,78,-0.6191310868558594,Jun19-Sep19,Jun-Sep
2019-04-03,THB,0,2019-06-19,2019-09-18,-0.04289249489240015,-0.09358362521978214,31.094015746420094,-0.05069113032738199,91,77,-0.6458263623259393,Jun19-Sep19,Jun-Sep
2019-04-04,THB,0,2019-06-19,2019-09-18,-0.04233411977092914,-0.09302365791769956,30.82922043034082,-0.05068953814677042,91,76,-0.6513488860071964,Jun19-Sep19,Jun-Sep
2019-04-05,THB,0,2019-06-19,2019-09-18,-0.04445460882575446,-0.09839286753433654,30.700056790915802,-0.053938258708582085,91,75,-0.696062406786728,Jun19-Sep19,Jun-Sep
2019-04-08,THB,0,2019-06-19,2019-09-18,-0.04572284778974964,-0.10351144707957209,30.56417650572534,-0.057788599289822454,91,72,-0.7491016468631033,Jun19-Sep19,Jun-Sep
2019-04-09,THB,0,2019-06-19,2019-09-18,-0.04449622733522933,-0.10152660321559369,30.685830591285747,-0.05703037588036436,91,71,-0.7363082532001513,Jun19-Sep19,Jun-Sep
2019-04-10,THB,0,2019-06-19,2019-09-18,-0.04352435123688367,-0.10010600784483245,30.727680587033987,-0.05658165660794878,91,70,-0.7294954403396567,Jun19-Sep19,Jun-Sep
2019-04-11,THB,0,2019-06-19,2019-09-18,-0.04114268300200035,-0.09540332290318922,30.608429553879883,-0.054260639901188866,91,69,-0.7022457617482316,Jun19-Sep19,Jun-Sep
2019-04-12,THB,0,2019-06-19,2019-09-18,-0.04447360323521089,-0.1039897487411549,30.62275092078113,-0.059516145505944,91,68,-0.7699861089974914,Jun19-Sep19,Jun-Sep
2019-04-15,THB,0,2019-06-19,2019-09-18,-0.0447453570008701,-0.10738885680208823,30.621067750543983,-0.06264349980121814,91,65,-0.8104978603521891,Jun19-Sep19,Jun-Sep
2019-04-16,THB,0,2019-06-19,2019-09-18,-0.0411639930994773,-0.09969404578779657,30.674979758810352,-0.058530052688319276,91,64,-0.7558557606908864,Jun19-Sep19,Jun-Sep
2019-04-17,THB,0,2019-06-19,2019-09-18,-0.037414140134770936,-0.09145678699610674,30.506366099220713,-0.0540426468613358,91,63,-0.7016817866643232,Jun19-Sep19,Jun-Sep
2019-04-18,THB,0,2019-06-19,2019-09-18,-0.032446324665316814,-0.08006915602892697,30.580232832697313,-0.04762283136361016,91,62,-0.6167321293023298,Jun19-Sep19,Jun-Sep
2019-04-19,THB,0,2019-06-19,2019-09-18,-0.03183586753317356,-0.07932871909905542,30.59284619993156,-0.047492851565881865,91,61,-0.6147827128389112,Jun19-Sep19,Jun-Sep
2019-04-22,THB,0,2019-06-19,2019-09-18,-0.030205790294345836,-0.07759763368719878,30.78344252648335,-0.04739184339285295,91,58,-0.6096405956497186,Jun19-Sep19,Jun-Sep
2019-04-23,THB,0,2019-06-19,2019-09-18,-0.031860172226591904,-0.08272465771115092,30.70112605174302,-0.05086448548455902,91,57,-0.6561035440788516,Jun19-Sep19,Jun-Sep
2019-04-24,THB,0,2019-06-19,2019-09-18,-0.0330988717150202,-0.08688453825192805,30.770680013840046,-0.05378566653690785,91,56,-0.6922420474183992,Jun19-Sep19,Jun-Sep
2019-04-25,THB,0,2019-06-19,2019-09-18,-0.03440333180780723,-0.09132520807163375,30.88777386132918,-0.05692187626382651,91,55,-0.7298568704016238,Jun19-Sep19,Jun-Sep
2019-04-26,THB,0,2019-06-19,2019-09-18,-0.03416084181251294,-0.09172818634841438,30.93529246287399,-0.05756734453590144,91,54,-0.7369922506706824,Jun19-Sep19,Jun-Sep
2019-04-29,THB,0,2019-06-19,2019-09-18,-0.034311793890750404,-0.09553479867620701,30.911840029177647,-0.06122300478545661,91,51,-0.7843921191061408,Jun19-Sep19,Jun-Sep
2019-04-30,THB,0,2019-06-19,2019-09-18,-0.03315071832220384,-0.09348502566861486,31.122905292819134,-0.060334307346411015,91,50,-0.7677293538870573,Jun19-Sep19,Jun-Sep
2019-05-01,THB,0,2019-06-19,2019-09-18,-0.03238862519437224,-0.09253892912677782,31.20145917058509,-0.06015030393240558,91,49,-0.7634403020759819,Jun19-Sep19,Jun-Sep
2019-05-02,THB,0,2019-06-19,2019-09-18,-0.03412587554099313,-0.09882284792079261,31.38921543698531,-0.06469697237979949,91,48,-0.8162759862506404,Jun19-Sep19,Jun-Sep
2019-05-03,THB,0,2019-06-19,2019-09-18,-0.03229178350913711,-0.09481417285661534,31.217032286964336,-0.06252238934747822,91,47,-0.7931485608100882,Jun19-Sep19,Jun-Sep
2019-05-06,THB,0,2019-06-19,2019-09-18,-0.03364059302957173,-0.10321545588618598,31.152300560715993,-0.06957486285661425,91,44,-0.8844892935053018,Jun19-Sep19,Jun-Sep
2019-05-07,THB,0,2019-06-19,2019-09-18,-0.031151610387111076,-0.0970771114389043,31.10991117581641,-0.06592550105179322,91,43,-0.8391717804439548,Jun19-Sep19,Jun-Sep
2019-05-08,THB,0,2019-06-19,2019-09-18,-0.03437749366929413,-0.10886206328609808,31.188805775968994,-0.07448456961680396,91,42,-0.9458181314741039,Jun19-Sep19,Jun-Sep
2019-05-09,THB,0,2019-06-19,2019-09-18,-0.03738874795798338,-0.12037353001106844,31.253397769544016,-0.08298478205308507,91,41,-1.051676546023927,Jun19-Sep19,Jun-Sep
2019-05-10,THB,0,2019-06-19,2019-09-18,-0.03688445125667568,-0.12079657786561285,31.181369544769133,-0.08391212660893717,91,40,-1.0658710854051856,Jun19-Sep19,Jun-Sep
2019-05-13,THB,0,2019-06-19,2019-09-18,-0.03514272719049118,-0.12157484001034785,31.363197430554052,-0.08643211281985667,91,37,-1.0914473968037113,Jun19-Sep19,Jun-Sep
2019-05-14,THB,0,2019-06-19,2019-09-18,-0.03455224678252354,-0.12189264837168025,31.545991120730417,-0.08734040158915671,91,36,-1.0964985420290956,Jun19-Sep19,Jun-Sep
2019-05-15,THB,0,2019-06-19,2019-09-18,-0.034050281845722896,-0.12258101464460246,31.40279551034225,-0.08853073279887956,91,35,-1.1164981827038223,Jun19-Sep19,Jun-Sep
2019-05-16,THB,0,2019-06-19,2019-09-18,-0.0353810373001964,-0.13007734301542792,31.462921775492383,-0.09469630571523152,91,34,-1.1920205624908395,Jun19-Sep19,Jun-Sep
2019-05-17,THB,0,2019-06-19,2019-09-18,-0.033704983258903025,-0.12664902800315075,31.267864458645057,-0.09294404474424772,91,33,-1.1772070471449876,Jun19-Sep19,Jun-Sep
2019-05-20,THB,0,2019-06-19,2019-09-18,-0.030953000209766924,-0.1248437675127266,31.099879618766035,-0.09389076730295969,91,30,-1.1955224816017964,Jun19-Sep19,Jun-Sep
2019-05-21,THB,0,2019-06-19,2019-09-18,-0.030643185116317483,-0.1267993866882103,31.151277734099825,-0.09615620157189282,91,29,-1.2223342022987438,Jun19-Sep19,Jun-Sep
2019-05-22,THB,0,2019-06-19,2019-09-18,-0.029256486653757754,-0.12434006827847045,31.26131982452488,-0.0950835816247127,91,28,-1.204386736592394,Jun19-Sep19,Jun-Sep
2019-05-23,THB,0,2019-06-19,2019-09-18,-0.029842363138275332,-0.13042217964135144,31.207312035132105,-0.10057981650307611,91,27,-1.2762362672889653,Jun19-Sep19,Jun-Sep
2019-05-24,THB,0,2019-06-19,2019-09-18,-0.026394083512801987,-0.11877337580760894,31.268078343970206,-0.09237929229480696,91,26,-1.1697722117019527,Jun19-Sep19,Jun-Sep
2019-05-27,THB,0,2019-06-19,2019-09-18,-0.022584863010372762,-0.11194236448619542,31.49798679047336,-0.08935750147582266,91,23,-1.123106241678163,Jun19-Sep19,Jun-Sep
2019-05-28,THB,0,2019-06-19,2019-09-18,-0.019655217109983456,-0.10095634242855138,31.327464094036483,-0.08130112531856792,91,22,-1.0273182217908121,Jun19-Sep19,Jun-Sep
2019-05-29,THB,0,2019-06-19,2019-09-18,-0.019192883704540652,-0.10236204642421681,31.37389576739178,-0.08316916271967616,91,21,-1.049350921062616,Jun19-Sep19,Jun-Sep
2019-05-30,THB,0,2019-06-19,2019-09-18,-0.017921126592199153,-0.0994622525867053,31.475402808030424,-0.08154112599450614,91,20,-1.0254485146848817,Jun19-Sep19,Jun-Sep
2019-05-31,THB,0,2019-06-19,2019-09-18,-0.016135150384775823,-0.09341402854343898,31.549891894950285,-0.07727887815866316,91,19,-0.9694964077571345,Jun19-Sep19,Jun-Sep
2019-06-03,THB,0,2019-06-19,2019-09-18,-0.013690118038752343,-0.0915526643841563,31.565536676061924,-0.07786254634540396,91,16,-0.9762587280128505,Jun19-Sep19,Jun-Sep
2019-06-04,THB,0,2019-06-19,2019-09-18,-0.012554994613645927,-0.08872196193643123,31.631366708574916,-0.0761669673227853,91,15,-0.9529765806931654,Jun19-Sep19,Jun-Sep
2019-06-05,THB,0,2019-06-19,2019-09-18,-0.011746628300142427,-0.0880997122510682,31.481510938542606,-0.07635308395092577,91,14,-0.9598297378765753,Jun19-Sep19,Jun-Sep
2019-06-06,THB,0,2019-06-19,2019-09-18,-0.011432236661702504,-0.09145789329362003,31.51362382325825,-0.08002565663191752,91,13,-1.0049618750393348,Jun19-Sep19,Jun-Sep
2019-06-07,THB,0,2019-06-19,2019-09-18,-0.010719626074270896,-0.09201012380415852,31.66372521088574,-0.08129049772988763,91,12,-1.0159818200090256,Jun19-Sep19,Jun-Sep
2019-06-10,THB,0,2019-06-19,2019-09-18,-0.008489949190803927,-0.09433276878671029,31.600885860016458,-0.08584281959590637,91,9,-1.0749357807199016,Jun19-Sep19,Jun-Sep
2019-06-11,THB,0,2019-06-19,2019-09-18,-0.007829959960269845,-0.09689575450833934,31.468699404075565,-0.0890657945480695,91,8,-1.119956963802364,Jun19-Sep19,Jun-Sep
2019-06-12,THB,0,2019-06-19,2019-09-18,-0.0060280060231373955,-0.08439208432392352,31.292116518740663,-0.07836407830078612,91,7,-0.9908932470314038,Jun19-Sep19,Jun-Sep
2019-06-13,THB,0,2019-06-19,2019-09-18,-0.005750987395978493,-0.07969225391570196,31.203155519786787,-0.07394126651972346,91,6,-0.9376257573410939,Jun19-Sep19,Jun-Sep
2019-06-14,THB,0,2019-06-19,2019-09-18,-0.005358947692474639,-0.07349413978250932,31.159746243594878,-0.06813519209003469,91,5,-0.8651937600362583,Jun19-Sep19,Jun-Sep
2019-06-17,THB,0,2019-06-19,2019-09-18,-0.005110079806565689,-0.0678910602872299,31.25300840062642,-0.0627809804806642,91,2,-0.7948192733959478,Jun19-Sep19,Jun-Sep
2019-06-18,THB,0,2019-06-19,2019-09-18,-0.004920991183171362,-0.06467588412168077,31.12468307029558,-0.059754892938509406,91,1,-0.7596233623267467,Jun19-Sep19,Jun-Sep
2019-06-19,THB,0,2019-09-18,2019-12-18,-0.05833782122787817,-0.11667564245575635,31.221395895108877,-0.05833782122787817,91,91,-0.7405787472146524,Sep19-Dec19,Sep-Dec
2019-06-20,THB,0,2019-09-18,2019-12-18,-0.05492821518315542,-0.1104667438683459,31.290378866687863,-0.055538528685190484,91,90,-0.7034086467455393,Sep19-Dec19,Sep-Dec
2019-06-21,THB,0,2019-09-18,2019-12-18,-0.05497087312332022,-0.11117704676626562,31.3912319286034,-0.0562061736429454,91,89,-0.709574422867033,Sep19-Dec19,Sep-Dec
2019-06-24,THB,0,2019-09-18,2019-12-18,-0.05188252239980226,-0.10678147052052327,31.301072630400228,-0.054898948120721006,91,86,-0.6950024981625192,Sep19-Dec19,Sep-Dec
2019-06-25,THB,0,2019-09-18,2019-12-18,-0.06046874204087078,-0.12520586587286184,31.361345164758234,-0.06473712383199107,91,85,-0.8181972415358344,Sep19-Dec19,Sep-Dec
2019-06-26,THB,0,2019-09-18,2019-12-18,-0.0683471075201977,-0.14238980733374518,31.55572999279713,-0.07404269981354748,91,84,-0.9302652308507204,Sep19-Dec19,Sep-Dec
2019-06-27,THB,0,2019-09-18,2019-12-18,-0.06589252985513033,-0.13813614692521298,31.575797554162435,-0.07224361707008264,91,83,-0.9070129676759962,Sep19-Dec19,Sep-Dec
2019-06-28,THB,0,2019-09-18,2019-12-18,-0.07483740991058713,-0.15788868188453137,31.697937090249948,-0.08305127197394424,91,82,-1.0389698854807823,Sep19-Dec19,Sep-Dec
2019-07-01,THB,0,2019-09-18,2019-12-18,-0.06813977943511292,-0.14662990511353413,31.760131259550302,-0.07849012567842122,91,79,-0.9797755609459845,Sep19-Dec19,Sep-Dec
2019-07-02,THB,0,2019-09-18,2019-12-18,-0.06990986167964147,-0.1514713669725565,31.71710753309789,-0.08156150529291503,91,78,-1.0195559916867252,Sep19-Dec19,Sep-Dec
2019-07-03,THB,0,2019-09-18,2019-12-18,-0.0733042963315446,-0.1571033474003353,31.874615338686397,-0.0837990510687907,91,77,-1.0424498822120032,Sep19-Dec19,Sep-Dec
2019-07-04,THB,0,2019-09-18,2019-12-18,-0.0719157797633044,-0.15537466590718052,31.80957024096595,-0.08345888614387612,91,76,-1.040300638823995,Sep19-Dec19,Sep-Dec
2019-07-05,THB,0,2019-09-18,2019-12-18,-0.07441720929260602,-0.1622189261360504,32.02924840608336,-0.08780171684344439,91,75,-1.0869951060285317,Sep19-Dec19,Sep-Dec
2019-07-08,THB,0,2019-09-18,2019-12-18,-0.06837177247047878,-0.1528199115874684,32.173926906889584,-0.08444813911698963,91,72,-1.0405693000922165,Sep19-Dec19,Sep-Dec
2019-07-09,THB,0,2019-09-18,2019-12-18,-0.06304874853558057,-0.14206997700449256,32.17915659171057,-0.07902122846891199,91,71,-0.9733790122081339,Sep19-Dec19,Sep-Dec
2019-07-10,THB,0,2019-09-18,2019-12-18,-0.05589704428756361,-0.12695713349545917,32.12136731874272,-0.07106008920789555,91,70,-0.8766964401916204,Sep19-Dec19,Sep-Dec
2019-07-11,THB,0,2019-09-18,2019-12-18,-0.05151010242578169,-0.11802179353419781,31.993250303941608,-0.06651169110841612,91,69,-0.8237596698104357,Sep19-Dec19,Sep-Dec
2019-07-12,THB,0,2019-09-18,2019-12-18,-0.04959131416802873,-0.11471644326852823,31.878457735706945,-0.0651251291004995,91,68,-0.8094472167260679,Sep19-Dec19,Sep-Dec
2019-07-15,THB,0,2019-09-18,2019-12-18,-0.04940831789725684,-0.11787381396184583,31.776704620676462,-0.06846549606458899,91,65,-0.8536892312508559,Sep19-Dec19,Sep-Dec
2019-07-16,THB,0,2019-09-18,2019-12-18,-0.04561809491201638,-0.10995031871618555,31.86029393124796,-0.06433222380416917,91,64,-0.7999487609698966,Sep19-Dec19,Sep-Dec
2019-07-17,THB,0,2019-09-18,2019-12-18,-0.044383377771112224,-0.10813684192285779,32.02733658748825,-0.06375346415174557,91,63,-0.7885810446602163,Sep19-Dec19,Sep-Dec
2019-07-18,THB,0,2019-09-18,2019-12-18,-0.041927091224412315,-0.10328862670175408,31.790618205478513,-0.061361535477341765,91,62,-0.7645950842040568,Sep19-Dec19,Sep-Dec
2019-07-19,THB,0,2019-09-18,2019-12-18,-0.03901702934719284,-0.0972227616520215,31.80228253612104,-0.05820573230482866,91,61,-0.7249394286696152,Sep19-Dec19,Sep-Dec
2019-07-22,THB,0,2019-09-18,2019-12-18,-0.03712070887343541,-0.09536182107141167,31.838014120756604,-0.05824111219797626,91,58,-0.7245217828313942,Sep19-Dec19,Sep-Dec
2019-07-23,THB,0,2019-09-18,2019-12-18,-0.03773641082650399,-0.09798225968987,31.831624414088054,-0.06024584886336601,91,57,-0.7496259225930976,Sep19-Dec19,Sep-Dec
2019-07-24,THB,0,2019-09-18,2019-12-18,-0.03666686511098105,-0.09625052091632524,31.912573336869112,-0.05958365580534419,91,56,-0.7394787710165257,Sep19-Dec19,Sep-Dec
2019-07-25,THB,0,2019-09-18,2019-12-18,-0.038624171152477633,-0.10252961796839519,31.843235082363293,-0.06390544681591756,91,55,-0.7948934113363939,Sep19-Dec19,Sep-Dec
2019-07-26,THB,0,2019-09-18,2019-12-18,-0.038440475834934706,-0.1032197962234358,31.816629802140294,-0.0647793203885011,91,54,-0.8064331050083593,Sep19-Dec19,Sep-Dec
2019-07-29,THB,0,2019-09-18,2019-12-18,-0.03402527561111556,-0.09473704189761589,31.800506388542665,-0.06071176628650033,91,51,-0.7560749811243409,Sep19-Dec19,Sep-Dec
2019-07-30,THB,0,2019-09-18,2019-12-18,-0.030043926059811515,-0.08472387148866847,31.895838371771124,-0.05467994542885696,91,50,-0.6788353197946411,Sep19-Dec19,Sep-Dec
2019-07-31,THB,0,2019-09-18,2019-12-18,-0.03009327998750387,-0.08598079996429678,32.09469745481477,-0.05588751997679291,91,49,-0.6895250738696177,Sep19-Dec19,Sep-Dec
2019-08-01,THB,0,2019-09-18,2019-12-18,-0.030023702460393688,-0.08694363837489005,31.826549473794458,-0.056919935914496365,91,48,-0.7081835609095583,Sep19-Dec19,Sep-Dec
2019-08-02,THB,0,2019-09-18,2019-12-18,-0.030865035000172895,-0.08780283429229477,31.74932352590567,-0.05693779929212187,91,47,-0.7101493813913843,Sep19-Dec19,Sep-Dec
2019-08-05,THB,0,2019-09-18,2019-12-18,-0.03164239287081168,-0.09477885510089365,31.92589923364677,-0.06313646223008197,91,44,-0.7831209896447597,Sep19-Dec19,Sep-Dec
2019-08-06,THB,0,2019-09-18,2019-12-18,-0.02828881344197874,-0.08601909797021728,32.05108901365411,-0.05773028452823854,91,43,-0.713190419828189,Sep19-Dec19,Sep-Dec
2019-08-07,THB,0,2019-09-18,2019-12-18,-0.02818337697068157,-0.08728907444775717,32.04467933565503,-0.0591056974770756,91,42,-0.7303258219565747,Sep19-Dec19,Sep-Dec
2019-08-08,THB,0,2019-09-18,2019-12-18,-0.025575252363932453,-0.08057734598502203,31.724836091640068,-0.05500209362108958,91,41,-0.686421999373183,Sep19-Dec19,Sep-Dec
2019-08-09,THB,0,2019-09-18,2019-12-18,-0.026121559526332078,-0.08396100910659633,31.741966842824375,-0.057839449580264254,91,40,-0.7214545375948264,Sep19-Dec19,Sep-Dec
2019-08-12,THB,0,2019-09-18,2019-12-18,-0.023107178349583625,-0.07887243754765734,31.977275256796613,-0.055765259198073715,91,37,-0.6903944927190153,Sep19-Dec19,Sep-Dec
2019-08-13,THB,0,2019-09-18,2019-12-18,-0.022892331214682572,-0.07986833671848764,32.06594239913152,-0.05697600550380507,91,36,-0.703427363297496,Sep19-Dec19,Sep-Dec
2019-08-14,THB,0,2019-09-18,2019-12-18,-0.022935222742507082,-0.08185416910150436,32.06847471845031,-0.05891894635899728,91,35,-0.7273584570832836,Sep19-Dec19,Sep-Dec
2019-08-15,THB,0,2019-09-18,2019-12-18,-0.021324888738720408,-0.07786634609915155,32.038808768644294,-0.05654145736043115,91,34,-0.6986198275157182,Sep19-Dec19,Sep-Dec
2019-08-16,THB,0,2019-09-18,2019-12-18,-0.02043748401357206,-0.07643848027883916,32.12227767611767,-0.056000996265267104,91,33,-0.6901236860002514,Sep19-Dec19,Sep-Dec
2019-08-19,THB,0,2019-09-18,2019-12-18,-0.018084994162834288,-0.07294280979009829,32.40912141799526,-0.054857815627264,91,30,-0.6699999565137277,Sep19-Dec19,Sep-Dec
2019-08-20,THB,0,2019-09-18,2019-12-18,-0.01763474610637322,-0.07297136319878574,32.49916155260251,-0.05533661709241251,91,29,-0.6739648998044734,Sep19-Dec19,Sep-Dec
2019-08-21,THB,0,2019-09-18,2019-12-18,-0.015850750828795578,-0.06736569102238121,32.467187694793864,-0.051514940193585636,91,28,-0.6280029946091001,Sep19-Dec19,Sep-Dec
2019-08-22,THB,0,2019-09-18,2019-12-18,-0.013525173248163071,-0.059110016417897863,32.52914038182333,-0.045584843169734796,91,27,-0.5546124289885084,Sep19-Dec19,Sep-Dec
2019-08-23,THB,0,2019-09-18,2019-12-18,-0.013520107934770098,-0.06084048570646544,32.530076649707524,-0.04732037777169534,91,26,-0.5757113126076402,Sep19-Dec19,Sep-Dec
2019-08-26,THB,0,2019-09-18,2019-12-18,-0.01164972382653189,-0.05774210940107111,32.45170076621334,-0.046092385574539214,91,23,-0.5620937622248074,Sep19-Dec19,Sep-Dec
2019-08-27,THB,0,2019-09-18,2019-12-18,-0.010305379455896829,-0.052932176296197356,32.47708946334978,-0.042626796840300525,91,22,-0.5194030969307669,Sep19-Dec19,Sep-Dec
2019-08-28,THB,0,2019-09-18,2019-12-18,-0.010525337412600371,-0.05613513286720198,32.63905181509922,-0.04560979545460161,91,21,-0.5529957222186438,Sep19-Dec19,Sep-Dec
2019-08-29,THB,0,2019-09-18,2019-12-18,-0.010308792278202045,-0.05721379714402136,32.618477630797095,-0.04690500486581932,91,20,-0.569054527184753,Sep19-Dec19,Sep-Dec
2019-08-30,THB,0,2019-09-18,2019-12-18,-0.010266142126018157,-0.059435559676947226,32.73234833904809,-0.04916941755092907,91,19,-0.5944498762455046,Sep19-Dec19,Sep-Dec
2019-09-02,THB,0,2019-09-18,2019-12-18,-0.008146323709813077,-0.05167865697303065,32.54863797250243,-0.04353233326321758,91,16,-0.5292354699404781,Sep19-Dec19,Sep-Dec
2019-09-03,THB,0,2019-09-18,2019-12-18,-0.007074998683922292,-0.04735638486040304,32.739379074166244,-0.04028138617648075,91,15,-0.48684300975899697,Sep19-Dec19,Sep-Dec
2019-09-04,THB,0,2019-09-18,2019-12-18,-0.007756532046527898,-0.05570525649934707,32.79889257341876,-0.047948724452819176,91,14,-0.578471149435809,Sep19-Dec19,Sep-Dec
2019-09-05,THB,0,2019-09-18,2019-12-18,-0.007107057024151185,-0.05456721273712881,32.753790987000464,-0.047460155712977625,91,13,-0.5733541220928172,Sep19-Dec19,Sep-Dec
2019-09-06,THB,0,2019-09-18,2019-12-18,-0.006658135273051572,-0.055044829122879654,32.61456221426825,-0.048386693849828084,91,12,-0.5870352393512812,Sep19-Dec19,Sep-Dec
2019-09-09,THB,0,2019-09-18,2019-12-18,-0.004084815417757428,-0.043806099144991256,32.66860248855302,-0.039721283727233825,91,9,-0.4810698446182405,Sep19-Dec19,Sep-Dec
2019-09-10,THB,0,2019-09-18,2019-12-18,-0.0038032073443805174,-0.04565804778859937,32.70445203104666,-0.041854840444218847,91,8,-0.5063495512373914,Sep19-Dec19,Sep-Dec
2019-09-11,THB,0,2019-09-18,2019-12-18,-0.0030134292845222805,-0.04096118249218045,32.59855905006514,-0.03794775320765817,91,7,-0.46056286791195494,Sep19-Dec19,Sep-Dec
2019-09-12,THB,0,2019-09-18,2019-12-18,-0.00323703807633654,-0.04381208795234774,32.36434426921686,-0.0405750498760112,91,6,-0.49601727061338696,Sep19-Dec19,Sep-Dec
2019-09-13,THB,0,2019-09-18,2019-12-18,-0.0030279716935283276,-0.04065862974845098,32.283617918817875,-0.037630658054922654,91,5,-0.4611704358686913,Sep19-Dec19,Sep-Dec
2019-09-16,THB,0,2019-09-18,2019-12-18,-0.0032203705475798484,-0.04243758239994723,32.30267480749407,-0.03921721185236738,91,2,-0.4803332335669205,Sep19-Dec19,Sep-Dec
2019-09-17,THB,0,2019-09-18,2019-12-18,-0.0037130043143288167,-0.048625192947290945,32.418372774558,-0.044912188632962126,91,1,-0.5481303634019344,Sep19-Dec19,Sep-Dec
2019-09-18,THB,0,2019-12-18,2020-03-18,-0.049312096919916865,-0.0932013293167206,32.5371871386788,-0.04388923239680373,91,91,-0.5344385631119122,Dec19-Mar20,Dec-Mar
2019-09-19,THB,0,2019-12-18,2020-03-18,-0.04820701498894481,-0.09151181746996936,32.627076046784616,-0.04330480248102456,91,90,-0.5258491384569908,Dec19-Mar20,Dec-Mar
2019-09-20,THB,0,2019-12-18,2020-03-18,-0.047160744555929765,-0.08997884939154562,32.41459039684014,-0.04281810483561585,91,89,-0.5233356700359038,Dec19-Mar20,Dec-Mar
2019-09-23,THB,0,2019-12-18,2020-03-18,-0.043937518586285224,-0.08504196276445522,32.32548781600022,-0.041104444178169997,91,86,-0.5037273193494561,Dec19-Mar20,Dec-Mar
2019-09-24,THB,0,2019-12-18,2020-03-18,-0.03837741935155915,-0.07408859312824852,32.25143929223207,-0.035711173776689364,91,85,-0.4385642499306881,Dec19-Mar20,Dec-Mar
2019-09-25,THB,0,2019-12-18,2020-03-18,-0.042250262338052534,-0.08264150654854198,32.27923993440478,-0.040391244210489445,91,84,-0.49567139848192426,Dec19-Mar20,Dec-Mar
2019-09-26,THB,0,2019-12-18,2020-03-18,-0.04064207793466752,-0.07981839908106415,32.2983930291921,-0.03917632114639663,91,83,-0.48045274056892906,Dec19-Mar20,Dec-Mar
2019-09-27,THB,0,2019-12-18,2020-03-18,-0.04198498441631017,-0.08318587302632897,32.35322311190361,-0.041200888610018804,91,82,-0.5044453131947575,Dec19-Mar20,Dec-Mar
2019-09-30,THB,0,2019-12-18,2020-03-18,-0.04047546717699141,-0.08168664784938233,32.474752404101395,-0.04121118067239092,91,79,-0.5026572429454864,Dec19-Mar20,Dec-Mar
2019-10-01,THB,0,2019-12-18,2020-03-18,-0.0375778781558964,-0.07599315746672854,32.55347122628194,-0.038415279310832134,91,78,-0.46737923485690475,Dec19-Mar20,Dec-Mar
2019-10-02,THB,0,2019-12-18,2020-03-18,-0.03636709525894572,-0.08023189942992973,32.46869171509897,-0.043864804170984005,91,77,-0.5350559833676691,Dec19-Mar20,Dec-Mar
2019-10-03,THB,0,2019-12-18,2020-03-18,-0.03906489568085507,-0.0863757183986963,32.573615678497774,-0.04731082271784123,91,76,-0.5752767128023538,Dec19-Mar20,Dec-Mar
2019-10-04,THB,0,2019-12-18,2020-03-18,-0.043157951472508546,-0.09570255647714984,32.769222202264686,-0.052544605004641295,91,75,-0.6351780203643054,Dec19-Mar20,Dec-Mar
2019-10-07,THB,0,2019-12-18,2020-03-18,-0.04246248059901257,-0.09520127693933854,32.808260602729014,-0.052738796340325966,91,72,-0.636752371279127,Dec19-Mar20,Dec-Mar
2019-10-08,THB,0,2019-12-18,2020-03-18,-0.0396877198896135,-0.08925047347566863,32.69188423938131,-0.04956275358605513,91,71,-0.600487724162617,Dec19-Mar20,Dec-Mar
2019-10-09,THB,0,2019-12-18,2020-03-18,-0.04044014762824977,-0.09132106946094237,32.73425969094385,-0.050880921832692605,91,70,-0.6156734395241121,Dec19-Mar20,Dec-Mar
2019-10-10,THB,0,2019-12-18,2020-03-18,-0.04245625684552281,-0.09636236106254087,32.809712347214266,-0.05390610421701806,91,69,-0.6508171364530931,Dec19-Mar20,Dec-Mar
2019-10-11,THB,0,2019-12-18,2020-03-18,-0.04222946617981058,-0.09626403712666357,32.72438795665269,-0.05403457094685298,91,68,-0.6540667681849742,Dec19-Mar20,Dec-Mar
2019-10-14,THB,0,2019-12-18,2020-03-18,-0.04097150399759764,-0.09461328341844949,32.80876037457229,-0.05364177942085185,91,65,-0.6476153704098555,Dec19-Mar20,Dec-Mar
2019-10-15,THB,0,2019-12-18,2020-03-18,-0.04116378434136046,-0.09556214838217177,32.71040121054161,-0.0543983640408113,91,64,-0.6587307700967316,Dec19-Mar20,Dec-Mar
2019-10-16,THB,0,2019-12-18,2020-03-18,-0.04310380591999015,-0.10077494376234242,32.90116171754982,-0.05767113784235227,91,63,-0.6943488775660153,Dec19-Mar20,Dec-Mar
2019-10-17,THB,0,2019-12-18,2020-03-18,-0.03793712451321913,-0.08859680081856611,32.83427765603818,-0.05065967630534698,91,62,-0.6110800870306264,Dec19-Mar20,Dec-Mar
2019-10-18,THB,0,2019-12-18,2020-03-18,-0.040001926640356227,-0.09421174307356729,32.79113329638109,-0.054209816433211065,91,61,-0.6548061324592186,Dec19-Mar20,Dec-Mar
2019-10-21,THB,0,2019-12-18,2020-03-18,-0.0362712061309277,-0.08768255324547172,32.98154744181378,-0.05141134711454402,91,58,-0.6173435838558687,Dec19-Mar20,Dec-Mar
2019-10-22,THB,0,2019-12-18,2020-03-18,-0.03795363989651833,-0.0930825845803207,32.78225090594019,-0.055128944683802375,91,57,-0.6660473628353039,Dec19-Mar20,Dec-Mar
2019-10-23,THB,0,2019-12-18,2020-03-18,-0.036201180495545826,-0.08955556385828767,32.83520965512073,-0.05335438336274184,91,56,-0.6435325201794695,Dec19-Mar20,Dec-Mar
2019-10-24,THB,0,2019-12-18,2020-03-18,-0.035324892775293396,-0.08832202416143425,32.69705632515833,-0.05299713138614086,91,55,-0.6419101869778449,Dec19-Mar20,Dec-Mar
2019-10-25,THB,0,2019-12-18,2020-03-18,-0.035002698349103314,-0.08851846990787174,32.82154284387871,-0.053515771558768424,91,54,-0.6457245677292752,Dec19-Mar20,Dec-Mar
2019-10-28,THB,0,2019-12-18,2020-03-18,-0.035177070985801626,-0.09248449914655947,32.75701453050565,-0.057307428160757845,91,51,-0.6928422191823347,Dec19-Mar20,Dec-Mar
2019-10-29,THB,0,2019-12-18,2020-03-18,-0.03077693637373486,-0.08135524503102243,32.61429325745925,-0.05057830865728757,91,50,-0.6140835454922994,Dec19-Mar20,Dec-Mar
2019-10-30,THB,0,2019-12-18,2020-03-18,-0.028560296774271896,-0.07615967882636879,32.647014600734096,-0.04759938205209689,91,49,-0.5772966613435331,Dec19-Mar20,Dec-Mar
2019-10-31,THB,0,2019-12-18,2020-03-18,-0.025251710288269988,-0.06772419958484008,32.40326874965057,-0.04247248929657009,91,48,-0.5189417078122512,Dec19-Mar20,Dec-Mar
2019-11-01,THB,0,2019-12-18,2020-03-18,-0.024025004535416263,-0.07383607985200027,32.397293195862446,-0.04981107531658401,91,47,-0.6086960460266747,Dec19-Mar20,Dec-Mar
2019-11-04,THB,0,2019-12-18,2020-03-18,-0.02292706742951241,-0.0724269911341068,32.40272297808626,-0.0494999237045944,91,44,-0.6047717982427177,Dec19-Mar20,Dec-Mar
2019-11-05,THB,0,2019-12-18,2020-03-18,-0.023654642829999104,-0.07536910944907746,32.3565268430903,-0.05171446661907836,91,43,-0.6327452192966747,Dec19-Mar20,Dec-Mar
2019-11-06,THB,0,2019-12-18,2020-03-18,-0.026419901889195747,-0.08487394789358664,32.17601363868825,-0.05845404600439089,91,42,-0.7192836627894135,Dec19-Mar20,Dec-Mar
2019-11-07,THB,0,2019-12-18,2020-03-18,-0.024915236263372137,-0.08097668255082802,32.0955822889594,-0.05606144628745588,91,41,-0.691540170923585,Dec19-Mar20,Dec-Mar
2019-11-08,THB,0,2019-12-18,2020-03-18,-0.02643671377828805,-0.08688319644289112,32.20019447633314,-0.06044648266460308,91,40,-0.7432421918950632,Dec19-Mar20,Dec-Mar
2019-11-11,THB,0,2019-12-18,2020-03-18,-0.026136998233775372,-0.08924377202206024,32.24707129046025,-0.06310677378828487,91,37,-0.7748166728076764,Dec19-Mar20,Dec-Mar
2019-11-12,THB,0,2019-12-18,2020-03-18,-0.027065979092704095,-0.09377738411980627,32.2576103435972,-0.06671140502710217,91,36,-0.8188296408276249,Dec19-Mar20,Dec-Mar
2019-11-13,THB,0,2019-12-18,2020-03-18,-0.024821301108313532,-0.08709876871440755,32.305557018995295,-0.062277467606094025,91,35,-0.763218042717328,Dec19-Mar20,Dec-Mar
2019-11-14,THB,0,2019-12-18,2020-03-18,-0.02296404519179911,-0.08159217049824442,32.3558925603458,-0.05862812530644532,91,34,-0.7173350866255611,Dec19-Mar20,Dec-Mar
2019-11-15,THB,0,2019-12-18,2020-03-18,-0.02271678381856754,-0.08193175995768161,32.323747113966476,-0.05921497613911407,91,33,-0.7252308860370865,Dec19-Mar20,Dec-Mar
2019-11-18,THB,0,2019-12-18,2020-03-18,-0.020022687410558043,-0.07532821876276494,32.579722758915054,-0.055305531352206894,91,30,-0.671969067777662,Dec19-Mar20,Dec-Mar
2019-11-19,THB,0,2019-12-18,2020-03-18,-0.019204180711704988,-0.07403799190380957,32.56550072981832,-0.05483381119210458,91,29,-0.6665119855528783,Dec19-Mar20,Dec-Mar
2019-11-20,THB,0,2019-12-18,2020-03-18,-0.017967007666923638,-0.07092999441787706,32.57872899929043,-0.05296298675095343,91,28,-0.6434858732238087,Dec19-Mar20,Dec-Mar
2019-11-21,THB,0,2019-12-18,2020-03-18,-0.016622889934669427,-0.06723892818946174,32.45554470567236,-0.050616038254792314,91,27,-0.6172809113514519,Dec19-Mar20,Dec-Mar
2019-11-22,THB,0,2019-12-18,2020-03-18,-0.01600679685328972,-0.0666067170777751,32.543212572171925,-0.05059992022448538,91,26,-0.6154094820289542,Dec19-Mar20,Dec-Mar
2019-11-25,THB,0,2019-12-18,2020-03-18,-0.015497131481182716,-0.07134378375011295,32.80851198319088,-0.055846652268930236,91,23,-0.6737160708548965,Dec19-Mar20,Dec-Mar
2019-11-26,THB,0,2019-12-18,2020-03-18,-0.014675644409253572,-0.06993556934561149,32.66326162969125,-0.05525992493635792,91,22,-0.669587014134316,Dec19-Mar20,Dec-Mar
2019-11-27,THB,0,2019-12-18,2020-03-18,-0.01259577696352041,-0.06171075074085616,32.80035838751618,-0.04911497377733575,91,21,-0.5926021774372201,Dec19-Mar20,Dec-Mar
2019-11-28,THB,0,2019-12-18,2020-03-18,-0.011752106349840998,-0.05972295536756765,33.007409244299396,-0.04797084901772665,91,20,-0.5751508040269481,Dec19-Mar20,Dec-Mar
2019-11-29,THB,0,2019-12-18,2020-03-18,-0.012628771790857064,-0.06766122323576752,32.71631226779816,-0.05503245144491046,91,19,-0.6657072649064076,Dec19-Mar20,Dec-Mar
2019-12-02,THB,0,2019-12-18,2020-03-18,-0.009725462242566355,-0.0641482111393765,32.57847251331719,-0.05442274889681014,91,16,-0.6610594706234717,Dec19-Mar20,Dec-Mar
2019-12-03,THB,0,2019-12-18,2020-03-18,-0.009992943179414682,-0.06760338291169816,32.38297314088399,-0.05761043973228348,91,15,-0.704011278900135,Dec19-Mar20,Dec-Mar
2019-12-04,THB,0,2019-12-18,2020-03-18,-0.011226260143456963,-0.07877380789559824,32.53885908197393,-0.06754754775214128,91,14,-0.8215201809923973,Dec19-Mar20,Dec-Mar
2019-12-05,THB,0,2019-12-18,2020-03-18,-0.010303731074357043,-0.07698760902472336,32.65343742079796,-0.06668387795036632,91,13,-0.808146530411634,Dec19-Mar20,Dec-Mar
2019-12-06,THB,0,2019-12-18,2020-03-18,-0.009683536802327988,-0.07767926581355318,32.62655043857239,-0.06799572901122519,91,12,-0.8247085583105175,Dec19-Mar20,Dec-Mar
2019-12-09,THB,0,2019-12-18,2020-03-18,-0.006246275227342745,-0.06392481590336005,32.869453069356055,-0.057678540676017305,91,9,-0.6943292042807726,Dec19-Mar20,Dec-Mar
2019-12-10,THB,0,2019-12-18,2020-03-18,-0.00590307936569723,-0.06756999984404337,32.883643838759156,-0.06166692047834614,91,8,-0.7420128099177014,Dec19-Mar20,Dec-Mar
2019-12-11,THB,0,2019-12-18,2020-03-18,-0.00533838163202657,-0.06921579131268983,33.129309214092906,-0.06387740968066326,91,7,-0.7628971833511747,Dec19-Mar20,Dec-Mar
2019-12-12,THB,0,2019-12-18,2020-03-18,-0.00557395951345121,-0.07169745170469827,33.250209318753726,-0.06612349219124705,91,6,-0.7868561011694472,Dec19-Mar20,Dec-Mar
2019-12-13,THB,0,2019-12-18,2020-03-18,-0.005665963242119345,-0.07214915865855873,33.332880543039494,-0.06648319541643938,91,5,-0.7891761934558686,Dec19-Mar20,Dec-Mar
2019-12-16,THB,0,2019-12-18,2020-03-18,-0.005500865883743668,-0.06754169026468695,33.24745314458791,-0.062040824380943285,91,2,-0.7383327737867101,Dec19-Mar20,Dec-Mar
2019-12-17,THB,0,2019-12-18,2020-03-18,-0.005527981473321118,-0.06712828098906772,33.15113881891605,-0.061600299515746595,91,1,-0.7352210034230844,Dec19-Mar20,Dec-Mar
2019-12-18,THB,0,2020-03-18,2020-06-17,-0.06768550728163264,-0.14093583524672837,33.38892410077847,-0.07325032796509573,91,91,-0.8696601010537701,Mar20-Jun20,Mar-Jun
2019-12-19,THB,0,2020-03-18,2020-06-17,-0.06065230683511604,-0.12759825458137286,33.34782693412453,-0.06694594774625681,91,90,-0.7956250866244433,Mar20-Jun20,Mar-Jun
2019-12-20,THB,0,2020-03-18,2020-06-17,-0.05810809109398656,-0.12319411281460008,33.28481166473576,-0.06508602172061351,91,89,-0.7749284014290642,Mar20-Jun20,Mar-Jun
2019-12-23,THB,0,2020-03-18,2020-06-17,-0.059631694445188385,-0.1286044184900341,33.30791692381879,-0.06897272404484571,91,86,-0.820671280359576,Mar20-Jun20,Mar-Jun
2019-12-24,THB,0,2020-03-18,2020-06-17,-0.06031159622820441,-0.13080669521421892,33.21284551942623,-0.07049509898601451,91,85,-0.84120782719177,Mar20-Jun20,Mar-Jun
2019-12-25,THB,0,2020-03-18,2020-06-17,-0.06335855353667666,-0.13799481191037,33.21872515731872,-0.07463625837369334,91,84,-0.8905475917955892,Mar20-Jun20,Mar-Jun
2019-12-26,THB,0,2020-03-18,2020-06-17,-0.05968946092814409,-0.13121829944198501,33.30676827611114,-0.07152883851384093,91,83,-0.8511160660415968,Mar20-Jun20,Mar-Jun
2019-12-27,THB,0,2020-03-18,2020-06-17,-0.05854988261962389,-0.12969573826163372,33.35741830279323,-0.07114585564200983,91,82,-0.8452423327383394,Mar20-Jun20,Mar-Jun
2019-12-30,THB,0,2020-03-18,2020-06-17,-0.05718982952398318,-0.12942918046973914,33.140718991137476,-0.07223935094575595,91,79,-0.8638197161537603,Mar20-Jun20,Mar-Jun
2019-12-31,THB,0,2020-03-18,2020-06-17,-0.04976068208401264,-0.11421161383596867,32.89784222026948,-0.06445093175195604,91,78,-0.7762119036459686,Mar20-Jun20,Mar-Jun
2020-01-01,THB,0,2020-03-18,2020-06-17,-0.05373009923182404,-0.11722930741488881,33.1688708917468,-0.06349920818306476,91,77,-0.7585824874492925,Mar20-Jun20,Mar-Jun
2020-01-02,THB,0,2020-03-18,2020-06-17,-0.053133749027878846,-0.11675442220599694,33.124827457556435,-0.06362067317811809,91,76,-0.761032022804593,Mar20-Jun20,Mar-Jun
2020-01-03,THB,0,2020-03-18,2020-06-17,-0.05618723421199032,-0.12436107838920524,33.23439499599922,-0.06817384417721492,91,75,-0.8128791228083753,Mar20-Jun20,Mar-Jun
2020-01-06,THB,0,2020-03-18,2020-06-17,-0.05441111495414735,-0.12318071857675025,33.279862729917554,-0.0687696036226029,91,72,-0.8188167851665618,Mar20-Jun20,Mar-Jun
2020-01-07,THB,0,2020-03-18,2020-06-17,-0.049633362790589115,-0.11324795453627375,33.14683613407703,-0.06361459174568462,91,71,-0.7603727811404777,Mar20-Jun20,Mar-Jun
2020-01-08,THB,0,2020-03-18,2020-06-17,-0.04882886581397331,-0.11230639137213862,33.00568094478583,-0.0634775255581653,91,70,-0.7619656171264872,Mar20-Jun20,Mar-Jun
2020-01-09,THB,0,2020-03-18,2020-06-17,-0.050455708562850005,-0.11699874449356522,33.06107887179729,-0.06654303593071521,91,69,-0.7974619982445742,Mar20-Jun20,Mar-Jun
2020-01-10,THB,0,2020-03-18,2020-06-17,-0.04933193789594146,-0.11534967831551018,33.06250591335259,-0.06601774041956873,91,68,-0.7911056451968844,Mar20-Jun20,Mar-Jun
2020-01-13,THB,0,2020-03-18,2020-06-17,-0.05442948454956558,-0.1306307629189574,33.18649735490371,-0.0762012783693918,91,65,-0.9098605252036606,Mar20-Jun20,Mar-Jun
2020-01-14,THB,0,2020-03-18,2020-06-17,-0.05099422111012368,-0.12350162925108078,33.03870099541479,-0.0725074081409571,91,64,-0.8695436021271766,Mar20-Jun20,Mar-Jun
2020-01-15,THB,0,2020-03-18,2020-06-17,-0.04852241099626692,-0.11861033799087467,32.88050640013242,-0.07008792699460775,91,63,-0.8445146661572388,Mar20-Jun20,Mar-Jun
2020-01-16,THB,0,2020-03-18,2020-06-17,-0.048940481325650764,-0.12077247811007366,32.666523842383576,-0.0718319967844229,91,62,-0.8712188563572839,Mar20-Jun20,Mar-Jun
2020-01-17,THB,0,2020-03-18,2020-06-17,-0.04751330587840161,-0.11839381136913185,32.76546063533073,-0.07088050549073024,91,61,-0.8570415268549538,Mar20-Jun20,Mar-Jun
2020-01-20,THB,0,2020-03-18,2020-06-17,-0.047868248439757725,-0.12297187961248107,32.88129178377526,-0.07510363117272334,91,58,-0.9049110150151024,Mar20-Jun20,Mar-Jun
2020-01-21,THB,0,2020-03-18,2020-06-17,-0.046462639304936396,-0.12063983538825593,33.139967874101906,-0.07417719608331953,91,57,-0.8867245888874559,Mar20-Jun20,Mar-Jun
2020-01-22,THB,0,2020-03-18,2020-06-17,-0.04450042057884745,-0.11681360401947453,33.25119320761135,-0.0723131834406271,91,56,-0.8614954043369873,Mar20-Jun20,Mar-Jun
2020-01-23,THB,0,2020-03-18,2020-06-17,-0.04459620603984126,-0.11838265603303316,33.20023530086541,-0.0737864499931919,91,55,-0.8804005819301874,Mar20-Jun20,Mar-Jun
2020-01-24,THB,0,2020-03-18,2020-06-17,-0.04357557997406518,-0.11700850178221206,33.225897868514465,-0.07343292180814688,91,54,-0.8754778040175826,Mar20-Jun20,Mar-Jun
2020-01-27,THB,0,2020-03-18,2020-06-17,-0.04063267439353027,-0.11313411301728035,33.41663021341588,-0.07250143862375008,91,51,-0.8593567210587327,Mar20-Jun20,Mar-Jun
2020-01-28,THB,0,2020-03-18,2020-06-17,-0.040737571960222124,-0.11487995292782638,33.530328223275454,-0.07414238096760425,91,50,-0.875825928024874,Mar20-Jun20,Mar-Jun
2020-01-29,THB,0,2020-03-18,2020-06-17,-0.0397087818380394,-0.11345366239439827,33.38290463790519,-0.07374488055635887,91,49,-0.8749550891088188,Mar20-Jun20,Mar-Jun
2020-01-30,THB,0,2020-03-18,2020-06-17,-0.040164708373260694,-0.11631030133090074,33.42022406206706,-0.07614559295764005,91,48,-0.9024409142223608,Mar20-Jun20,Mar-Jun
2020-01-31,THB,0,2020-03-18,2020-06-17,-0.0400472621712529,-0.1175855782900617,33.33890644786786,-0.0775383161188088,91,47,-0.9211876753285559,Mar20-Jun20,Mar-Jun
2020-02-03,THB,0,2020-03-18,2020-06-17,-0.037203778775727725,-0.11414795760734645,33.34425654966396,-0.07694417883161872,91,44,-0.9139041983493493,Mar20-Jun20,Mar-Jun
2020-02-04,THB,0,2020-03-18,2020-06-17,-0.038990374910107366,-0.12150488925475318,33.6287412608927,-0.08251451434464582,91,43,-0.9718174060506497,Mar20-Jun20,Mar-Jun
2020-02-05,THB,0,2020-03-18,2020-06-17,-0.0403991148841896,-0.1279305304666004,33.75261616267238,-0.08753141558241082,91,42,-1.0271591663280775,Mar20-Jun20,Mar-Jun
2020-02-06,THB,0,2020-03-18,2020-06-17,-0.03703470460727856,-0.11923368312587244,33.610728370300116,-0.08219897851859388,91,41,-0.9685641842075274,Mar20-Jun20,Mar-Jun
2020-02-07,THB,0,2020-03-18,2020-06-17,-0.038971669994444645,-0.1276322192318062,33.797761927366906,-0.08866054923736155,91,40,-1.0389739302740737,Mar20-Jun20,Mar-Jun
2020-02-10,THB,0,2020-03-18,2020-06-17,-0.03546107133445278,-0.12267613867053934,33.92760991214378,-0.08721506733608655,91,37,-1.0180134686398492,Mar20-Jun20,Mar-Jun
2020-02-11,THB,0,2020-03-18,2020-06-17,-0.03482546981217085,-0.12285651850404716,33.77749597830415,-0.0880310486918763,91,36,-1.0320899113010564,Mar20-Jun20,Mar-Jun
2020-02-12,THB,0,2020-03-18,2020-06-17,-0.03349160080379737,-0.12056976289367052,33.6662701496949,-0.08707816208987315,91,35,-1.02425387286482,Mar20-Jun20,Mar-Jun
2020-02-13,THB,0,2020-03-18,2020-06-17,-0.03127446909472798,-0.1149796657894411,33.718460736005056,-0.08370519669471313,91,34,-0.9829893029649499,Mar20-Jun20,Mar-Jun
2020-02-14,THB,0,2020-03-18,2020-06-17,-0.031664844504560884,-0.11898305207774391,33.66317232120052,-0.08731820757318304,91,33,-1.0271162170231296,Mar20-Jun20,Mar-Jun
2020-02-17,THB,0,2020-03-18,2020-06-17,-0.028527546910894826,-0.11506110587394247,33.486611378620694,-0.08653355896304765,91,30,-1.0231624878837058,Mar20-Jun20,Mar-Jun
2020-02-18,THB,0,2020-03-18,2020-06-17,-0.027911247618420627,-0.1154948177313957,33.512300700439184,-0.08758357011297507,91,29,-1.0347641359337825,Mar20-Jun20,Mar-Jun
2020-02-19,THB,0,2020-03-18,2020-06-17,-0.02622022551841465,-0.11143595845326223,33.74598894513357,-0.08521573293484758,91,28,-0.9997612618281819,Mar20-Jun20,Mar-Jun
2020-02-20,THB,0,2020-03-18,2020-06-17,-0.025586346331361136,-0.11182180989261534,33.702143790892556,-0.0862354635612542,91,27,-1.013023035325919,Mar20-Jun20,Mar-Jun
2020-02-21,THB,0,2020-03-18,2020-06-17,-0.02491096437397642,-0.1120993396828939,33.62883511138016,-0.08718837530891749,91,26,-1.026430852745711,Mar20-Jun20,Mar-Jun
2020-02-24,THB,0,2020-03-18,2020-06-17,-0.021009897629187778,-0.1041360143359742,33.52144245098858,-0.08312611670678643,91,23,-0.9816308224184784,Mar20-Jun20,Mar-Jun
2020-02-25,THB,0,2020-03-18,2020-06-17,-0.020575062704101605,-0.10568100388924916,33.30128598857663,-0.08510594118514755,91,22,-1.011645589539388,Mar20-Jun20,Mar-Jun
2020-02-26,THB,0,2020-03-18,2020-06-17,-0.01775661194220161,-0.0947019303584086,33.09569178871595,-0.07694531841620698,91,21,-0.9202480754604477,Mar20-Jun20,Mar-Jun
2020-02-27,THB,0,2020-03-18,2020-06-17,-0.01590875621582745,-0.08829359699784234,33.03354104736294,-0.07238484078201489,91,20,-0.8672869373545897,Mar20-Jun20,Mar-Jun
2020-02-28,THB,0,2020-03-18,2020-06-17,-0.01528904520063635,-0.08851552484578941,33.115731464733194,-0.07322647964515305,91,19,-0.8751761337535169,Mar20-Jun20,Mar-Jun
2020-03-02,THB,0,2020-03-18,2020-06-17,-0.011379542799866298,-0.07610069247410586,33.24649586584848,-0.06472114967423956,91,16,-0.770389098411067,Mar20-Jun20,Mar-Jun
2020-03-03,THB,0,2020-03-18,2020-06-17,-0.010901744304820136,-0.07703899308739563,33.30914873001881,-0.0661372487825755,91,15,-0.7857526656822454,Mar20-Jun20,Mar-Jun
2020-03-04,THB,0,2020-03-18,2020-06-17,-0.0098726505914954,-0.0740448794362155,33.17182983171367,-0.0641722288447201,91,14,-0.7655403349098531,Mar20-Jun20,Mar-Jun
2020-03-05,THB,0,2020-03-18,2020-06-17,-0.00954399306697011,-0.0763519445357609,33.28211565115914,-0.06680795146879079,91,13,-0.794333528948909,Mar20-Jun20,Mar-Jun
2020-03-06,THB,0,2020-03-18,2020-06-17,-0.010152885517533667,-0.08714560069216398,33.17346803428721,-0.07699271517463031,91,12,-0.9184442633663816,Mar20-Jun20,Mar-Jun
2020-03-09,THB,0,2020-03-18,2020-06-17,-0.0074559269104724655,-0.08284363233858295,33.110945025071395,-0.07538770542811049,91,9,-0.9009233906870886,Mar20-Jun20,Mar-Jun
2020-03-10,THB,0,2020-03-18,2020-06-17,-0.006827951834851494,-0.08449590395628724,33.16178875684679,-0.07766795212143575,91,8,-0.9267326068498363,Mar20-Jun20,Mar-Jun
2020-03-11,THB,0,2020-03-18,2020-06-17,-0.005828372710384182,-0.08159721794537855,33.231031288192,-0.07576884523499437,91,7,-0.9021611787016794,Mar20-Jun20,Mar-Jun
2020-03-12,THB,0,2020-03-18,2020-06-17,-0.006232873940706646,-0.08636982460693496,33.02817127466112,-0.08013695066622831,91,6,-0.9600444876731142,Mar20-Jun20,Mar-Jun
2020-03-13,THB,0,2020-03-18,2020-06-17,-0.005839654900524346,-0.0800866957786196,33.124854939572984,-0.07424704087809525,91,5,-0.8868758771818315,Mar20-Jun20,Mar-Jun
2020-03-16,THB,0,2020-03-18,2020-06-17,-0.0061364031635529415,-0.08152649917291764,32.84145200852694,-0.0753900960093647,91,2,-0.9083102390363526,Mar20-Jun20,Mar-Jun
2020-03-17,THB,0,2020-03-18,2020-06-17,-0.0064366350500325254,-0.08459577494328463,32.706573599085104,-0.0781591398932521,91,1,-0.9455648253839787,Mar20-Jun20,Mar-Jun
2020-03-18,THB,0,2020-06-17,2020-09-16,-0.0821182362685895,-0.164236472537179,32.67483724702721,-0.0821182362685895,91,91,-0.9967359647536129,Jun20-Sep20,Jun-Sep
2020-03-19,THB,0,2020-06-17,2020-09-16,-0.0793958443156,-0.15967386467915112,32.69598165609618,-0.08027802036355113,91,90,-0.9736867589240248,Jun20-Sep20,Jun-Sep
2020-03-20,THB,0,2020-06-17,2020-09-16,-0.07949321289520364,-0.16077279012513096,32.91212539493016,-0.08127957722992732,91,89,-0.9793475541879053,Jun20-Sep20,Jun-Sep
2020-03-23,THB,0,2020-06-17,2020-09-16,-0.08573793055925838,-0.1764606245231248,32.67020223893207,-0.09072269396386642,91,86,-1.1014542443760003,Jun20-Sep20,Jun-Sep
2020-03-24,THB,0,2020-06-17,2020-09-16,-0.07909659401083441,-0.1637764770106689,32.27739111707031,-0.0846798829998345,91,85,-1.0404195138351047,Jun20-Sep20,Jun-Sep
2020-03-25,THB,0,2020-06-17,2020-09-16,-0.07396898135106143,-0.154102044481378,32.360463733038316,-0.08013306313031655,91,84,-0.9818653976347846,Jun20-Sep20,Jun-Sep
2020-03-26,THB,0,2020-06-17,2020-09-16,-0.07214370463131664,-0.15124101934757944,32.37628567831193,-0.0790973147162628,91,83,-0.9686449931947653,Jun20-Sep20,Jun-Sep
2020-03-27,THB,0,2020-06-17,2020-09-16,-0.07530828996025081,-0.15888212394052914,32.24424884941792,-0.08357383398027833,91,82,-1.0277670170393807,Jun20-Sep20,Jun-Sep
2020-03-30,THB,0,2020-06-17,2020-09-16,-0.07529213145936908,-0.16202104238092083,32.13801186642916,-0.08672891092155174,91,79,-1.0701006860976394,Jun20-Sep20,Jun-Sep
2020-03-31,THB,0,2020-06-17,2020-09-16,-0.07129265489722185,-0.15446741894398067,32.046174664529595,-0.08317476404675882,91,78,-1.029067198757582,Jun20-Sep20,Jun-Sep
2020-04-01,THB,0,2020-06-17,2020-09-16,-0.07550127550812698,-0.16473005565409524,32.04011741516219,-0.08922878014596826,91,77,-1.1043241528676895,Jun20-Sep20,Jun-Sep
2020-04-02,THB,0,2020-06-17,2020-09-16,-0.0740448561396563,-0.16270382862266586,31.908572223957773,-0.08865897248300955,91,76,-1.1017559274180644,Jun20-Sep20,Jun-Sep
2020-04-03,THB,0,2020-06-17,2020-09-16,-0.07222591047566634,-0.15986001518614149,31.713778095974604,-0.08763410471047514,91,75,-1.095661705376375,Jun20-Sep20,Jun-Sep
2020-04-06,THB,0,2020-06-17,2020-09-16,-0.06959559786499248,-0.15755670072213573,31.70961754880867,-0.08796110285714326,91,72,-1.099803248760351,Jun20-Sep20,Jun-Sep
2020-04-07,THB,0,2020-06-17,2020-09-16,-0.07536374193248412,-0.1719567069445412,31.724601575401895,-0.0965929650120571,91,71,-1.2073782548665908,Jun20-Sep20,Jun-Sep
2020-04-08,THB,0,2020-06-17,2020-09-16,-0.07475774290259504,-0.1719428086759686,31.79597142420441,-0.09718506577337355,91,70,-1.2120229570444052,Jun20-Sep20,Jun-Sep
2020-04-09,THB,0,2020-06-17,2020-09-16,-0.07834238456669736,-0.18166350044451562,31.7984222368275,-0.10332111587781827,91,69,-1.2885934647829305,Jun20-Sep20,Jun-Sep
2020-04-10,THB,0,2020-06-17,2020-09-16,-0.0757060880881819,-0.17701864714736648,31.76814317047115,-0.10131255905918458,91,68,-1.2646453660082533,Jun20-Sep20,Jun-Sep
2020-04-13,THB,0,2020-06-17,2020-09-16,-0.07445534860496199,-0.17869283665190877,31.6840063695892,-0.10423748804694678,91,65,-1.304567990565803,Jun20-Sep20,Jun-Sep
2020-04-14,THB,0,2020-06-17,2020-09-16,-0.06842486513844989,-0.16571647025718333,31.58069272026096,-0.09729160511873344,91,64,-1.2213969117465826,Jun20-Sep20,Jun-Sep
2020-04-15,THB,0,2020-06-17,2020-09-16,-0.06137583358612446,-0.15002981543274865,31.747014002727163,-0.0886539818466242,91,63,-1.1068707128175905,Jun20-Sep20,Jun-Sep
2020-04-16,THB,0,2020-06-17,2020-09-16,-0.05603143624314189,-0.13827112492259208,31.76877834977588,-0.0822396886794502,91,62,-1.025908680299286,Jun20-Sep20,Jun-Sep
2020-04-17,THB,0,2020-06-17,2020-09-16,-0.053268183042506766,-0.13273383315509885,31.69748643096469,-0.07946565011259207,91,61,-0.9934503749722706,Jun20-Sep20,Jun-Sep
2020-04-20,THB,0,2020-06-17,2020-09-16,-0.048079570718923346,-0.12351475926068238,31.642297340202244,-0.07543518854175904,91,58,-0.9445555002533395,Jun20-Sep20,Jun-Sep
2020-04-21,THB,0,2020-06-17,2020-09-16,-0.04622074327890062,-0.12001175447854896,31.726744467344805,-0.07379101119964834,91,57,-0.9214509406768027,Jun20-Sep20,Jun-Sep
2020-04-22,THB,0,2020-06-17,2020-09-16,-0.0443123314169384,-0.1163198699694633,31.45462086671008,-0.0720075385525249,91,56,-0.9069155986170268,Jun20-Sep20,Jun-Sep
2020-04-23,THB,0,2020-06-17,2020-09-16,-0.04696828536570781,-0.12467944842533346,31.39238036838638,-0.07771116305962565,91,55,-0.9807775891569837,Jun20-Sep20,Jun-Sep
2020-04-24,THB,0,2020-06-17,2020-09-16,-0.043973765587839164,-0.11807770389327181,31.3915315669433,-0.07410393830543265,91,54,-0.9351874844922812,Jun20-Sep20,Jun-Sep
2020-04-27,THB,0,2020-06-17,2020-09-16,-0.04149955389901165,-0.11554777752273832,31.33499524942225,-0.07404822362372666,91,51,-0.9360987675286968,Jun20-Sep20,Jun-Sep
2020-04-28,THB,0,2020-06-17,2020-09-16,-0.04061068219764865,-0.11452212379736919,31.380760894859016,-0.07391144159972055,91,50,-0.9329786546617674,Jun20-Sep20,Jun-Sep
2020-04-29,THB,0,2020-06-17,2020-09-16,-0.036449648436717975,-0.10414185267633708,31.329188029357905,-0.06769220423961911,91,49,-0.8557683005994499,Jun20-Sep20,Jun-Sep
2020-04-30,THB,0,2020-06-17,2020-09-16,-0.035434193273022066,-0.10261151801979305,31.32409623707348,-0.06717732474677099,91,48,-0.8493698106222102,Jun20-Sep20,Jun-Sep
2020-05-01,THB,0,2020-06-17,2020-09-16,-0.036065527936256066,-0.10589452883411356,31.424050715049415,-0.06982900089785748,91,47,-0.8801029926316215,Jun20-Sep20,Jun-Sep
2020-05-04,THB,0,2020-06-17,2020-09-16,-0.03146095566277867,-0.09652793214716182,31.505374090830035,-0.06506697648438314,91,44,-0.8178449815046239,Jun20-Sep20,Jun-Sep
2020-05-05,THB,0,2020-06-17,2020-09-16,-0.03357897093243504,-0.10464144430107664,31.537850575996494,-0.0710624733686416,91,43,-0.8923433361536812,Jun20-Sep20,Jun-Sep
2020-05-06,THB,0,2020-06-17,2020-09-16,-0.03173195391022467,-0.10048452071571146,31.618406995362264,-0.06875256680548679,91,42,-0.8610851760003683,Jun20-Sep20,Jun-Sep
2020-05-07,THB,0,2020-06-17,2020-09-16,-0.03518510748126473,-0.11327888262260839,31.690727395564675,-0.07809377514134366,91,41,-0.9759504491852422,Jun20-Sep20,Jun-Sep
2020-05-08,THB,0,2020-06-17,2020-09-16,-0.03581610466833423,-0.11729774278879462,31.36592351109295,-0.08148163812046039,91,40,-1.0288663802949318,Jun20-Sep20,Jun-Sep
2020-05-11,THB,0,2020-06-17,2020-09-16,-0.033938192266943584,-0.11740780027483186,31.439244923323752,-0.08346960800788827,91,37,-1.05144471633648,Jun20-Sep20,Jun-Sep
2020-05-12,THB,0,2020-06-17,2020-09-16,-0.034321563873351404,-0.12107885033098967,31.4906366178146,-0.08675728645763826,91,36,-1.0910866010369102,Jun20-Sep20,Jun-Sep
2020-05-13,THB,0,2020-06-17,2020-09-16,-0.03251260077793368,-0.11704536280056124,31.567765597829723,-0.08453276202262756,91,35,-1.060449149777156,Jun20-Sep20,Jun-Sep
2020-05-14,THB,0,2020-06-17,2020-09-16,-0.03220154564393558,-0.1183880354556455,31.736388726425073,-0.08618648981170993,91,34,-1.0754337910259943,Jun20-Sep20,Jun-Sep
2020-05-15,THB,0,2020-06-17,2020-09-16,-0.030152905113989832,-0.11330182527681028,31.564567286368128,-0.08314892016282044,91,33,-1.043116828125533,Jun20-Sep20,Jun-Sep
2020-05-18,THB,0,2020-06-17,2020-09-16,-0.02707344350612854,-0.10919622214138511,31.54442869391225,-0.08212277863525656,91,30,-1.0308013457739411,Jun20-Sep20,Jun-Sep
2020-05-19,THB,0,2020-06-17,2020-09-16,-0.026090613377973616,-0.10796115880540808,31.461510946489035,-0.08187054542743447,91,29,-1.0303138083860297,Jun20-Sep20,Jun-Sep
2020-05-20,THB,0,2020-06-17,2020-09-16,-0.023855597909158005,-0.10138629111392153,31.395975259143153,-0.07753069320476352,91,28,-0.9776669016075478,Jun20-Sep20,Jun-Sep
2020-05-21,THB,0,2020-06-17,2020-09-16,-0.023843678950247645,-0.10420570800478601,31.488355148551463,-0.08036202905453838,91,27,-1.0103945826198375,Jun20-Sep20,Jun-Sep
2020-05-22,THB,0,2020-06-17,2020-09-16,-0.02280438439809406,-0.10261972979142327,31.589952687475577,-0.07981534539332921,91,26,-1.0002582802579791,Jun20-Sep20,Jun-Sep
2020-05-25,THB,0,2020-06-17,2020-09-16,-0.01985706549460259,-0.09842197679933458,31.676223155260363,-0.07856491130473199,91,23,-0.9818127628511761,Jun20-Sep20,Jun-Sep
2020-05-26,THB,0,2020-06-17,2020-09-16,-0.018762960953901824,-0.0963733903541321,31.52966414500141,-0.07761042940023027,91,22,-0.9743620734979126,Jun20-Sep20,Jun-Sep
2020-05-27,THB,0,2020-06-17,2020-09-16,-0.019452956146167613,-0.10374909944622726,31.685211867984247,-0.08429614330005965,91,21,-1.0531225515499703,Jun20-Sep20,Jun-Sep
2020-05-28,THB,0,2020-06-17,2020-09-16,-0.017180725665950754,-0.09535302744602668,31.336841118069632,-0.07817230178007592,91,20,-0.9874087334041388,Jun20-Sep20,Jun-Sep
2020-05-29,THB,0,2020-06-17,2020-09-16,-0.01748894670556879,-0.10125179671645089,31.49901558249385,-0.0837628500108821,91,19,-1.0525840133491673,Jun20-Sep20,Jun-Sep
2020-06-01,THB,0,2020-06-17,2020-09-16,-0.014365575256268954,-0.09606978452629863,31.63386869531801,-0.08170420927002968,91,16,-1.0222344166470536,Jun20-Sep20,Jun-Sep
2020-06-02,THB,0,2020-06-17,2020-09-16,-0.013887506421677328,-0.09813837871318645,31.597650576184154,-0.08425087229150913,91,15,-1.0552895593348333,Jun20-Sep20,Jun-Sep
2020-06-03,THB,0,2020-06-17,2020-09-16,-0.013002558420871422,-0.09751918815653567,31.722121485908076,-0.08451662973566425,91,14,-1.0544332783751567,Jun20-Sep20,Jun-Sep
2020-06-04,THB,0,2020-06-17,2020-09-16,-0.01228777604389941,-0.0983022083511953,31.75249641728883,-0.08601443230729588,91,13,-1.0720688036677433,Jun20-Sep20,Jun-Sep
2020-06-05,THB,0,2020-06-17,2020-09-16,-0.012228053311159226,-0.10495745758745002,31.85961249637819,-0.0927294042762908,91,12,-1.1518735549243255,Jun20-Sep20,Jun-Sep
2020-06-08,THB,0,2020-06-17,2020-09-16,-0.009444275248855038,-0.10493639165394486,31.89357592215341,-0.09549211640508982,91,9,-1.184824520666793,Jun20-Sep20,Jun-Sep
2020-06-09,THB,0,2020-06-17,2020-09-16,-0.008141208973437,-0.10074746104628288,31.847885156796476,-0.09260625207284588,91,8,-1.1506198178132736,Jun20-Sep20,Jun-Sep
2020-06-10,THB,0,2020-06-17,2020-09-16,-0.007605677116445656,-0.10647947963023918,31.814273951312664,-0.09887380251379353,91,7,-1.229770768424365,Jun20-Sep20,Jun-Sep
2020-06-11,THB,0,2020-06-17,2020-09-16,-0.007530304934807797,-0.10434851123947946,31.722845524373007,-0.09681820630467165,91,6,-1.2076723098494158,Jun20-Sep20,Jun-Sep
2020-06-12,THB,0,2020-06-17,2020-09-16,-0.007552890395985754,-0.1035824968592332,31.765673435962096,-0.09602960646324744,91,5,-1.196221116753856,Jun20-Sep20,Jun-Sep
2020-06-15,THB,0,2020-06-17,2020-09-16,-0.008072277393215612,-0.10724597108129315,31.611634494729714,-0.09917369368807753,91,2,-1.2414280669223399,Jun20-Sep20,Jun-Sep
2020-06-16,THB,0,2020-06-17,2020-09-16,-0.008270289065839882,-0.10869522772246704,31.551747142569706,-0.10042493865662716,91,1,-1.2594853555736258,Jun20-Sep20,Jun-Sep
2020-06-17,THB,0,2020-09-16,2020-12-16,-0.10419316018113695,-0.2083863203622739,31.511163292378534,-0.10419316018113695,91,91,-1.3124243435794878,Sep20-Dec20,Sep-Dec
2020-06-18,THB,0,2020-09-16,2020-12-16,-0.09933697878012843,-0.19977770176892493,31.58253125961881,-0.1004407229887965,91,90,-1.2620952994034298,Sep20-Dec20,Sep-Dec
2020-06-19,THB,0,2020-09-16,2020-12-16,-0.0941462942126102,-0.19040823548617794,31.55880075608007,-0.09626194127356774,91,89,-1.2102992309477776,Sep20-Dec20,Sep-Dec
2020-06-22,THB,0,2020-09-16,2020-12-16,-0.09089345076057515,-0.18707140447234652,31.516603860439307,-0.09617795371177137,91,86,-1.2107418019385339,Sep20-Dec20,Sep-Dec
2020-06-23,THB,0,2020-09-16,2020-12-16,-0.0833692215722123,-0.17262332937305133,31.563543921283603,-0.08925410780083903,91,85,-1.1216366398400066,Sep20-Dec20,Sep-Dec
2020-06-24,THB,0,2020-09-16,2020-12-16,-0.08481948807257977,-0.17670726681787455,31.526370738724268,-0.09188777874529477,91,84,-1.1561518986188535,Sep20-Dec20,Sep-Dec
2020-06-25,THB,0,2020-09-16,2020-12-16,-0.08105407732597805,-0.1699205958400022,31.692484149092287,-0.08886651851402413,91,83,-1.1121289124343214,Sep20-Dec20,Sep-Dec
2020-06-26,THB,0,2020-09-16,2020-12-16,-0.0711622504231826,-0.1501349917464706,31.72006327058288,-0.078972741323288,91,82,-0.9871421311129064,Sep20-Dec20,Sep-Dec
2020-06-29,THB,0,2020-09-16,2020-12-16,-0.07229572035354967,-0.15557306911523347,31.816117990236283,-0.0832773487616838,91,79,-1.0378361164043137,Sep20-Dec20,Sep-Dec
2020-06-30,THB,0,2020-09-16,2020-12-16,-0.0771942033677296,-0.16725410729674747,31.72981635347299,-0.09005990392901787,91,78,-1.1255969155753551,Sep20-Dec20,Sep-Dec
2020-07-01,THB,0,2020-09-16,2020-12-16,-0.07968800426173944,-0.17386473657106788,31.70165598354859,-0.09417673230932844,91,77,-1.178191353859848,Sep20-Dec20,Sep-Dec
2020-07-02,THB,0,2020-09-16,2020-12-16,-0.07649560940974096,-0.16808903646614132,31.844066788038127,-0.09159342705640036,91,76,-1.1406211116435696,Sep20-Dec20,Sep-Dec
2020-07-03,THB,0,2020-09-16,2020-12-16,-0.08264288937826789,-0.180446177262163,31.758230079470554,-0.09780328788389511,91,75,-1.2214899240615755,Sep20-Dec20,Sep-Dec
2020-07-06,THB,0,2020-09-16,2020-12-16,-0.07755621602283534,-0.17363276623146287,31.841827967462322,-0.09607655020862753,91,72,-1.1965741218454755,Sep20-Dec20,Sep-Dec
2020-07-07,THB,0,2020-09-16,2020-12-16,-0.07691327013542805,-0.17371898918929696,31.918697619530747,-0.09680571905386891,91,71,-1.2027205371762404,Sep20-Dec20,Sep-Dec
2020-07-08,THB,0,2020-09-16,2020-12-16,-0.07515511598076616,-0.17125574157647153,32.020503585812904,-0.09610062559570537,91,70,-1.1900896915209576,Sep20-Dec20,Sep-Dec
2020-07-09,THB,0,2020-09-16,2020-12-16,-0.0792678396328245,-0.18238086103219286,32.14399892302486,-0.10311302139936837,91,69,-1.2721754754016434,Sep20-Dec20,Sep-Dec
2020-07-10,THB,0,2020-09-16,2020-12-16,-0.08087130352007717,-0.1878493516706304,32.060172890949644,-0.10697804815055324,91,68,-1.3233868152446895,Sep20-Dec20,Sep-Dec
2020-07-13,THB,0,2020-09-16,2020-12-16,-0.07667726441151773,-0.1833119560993072,32.10653197509076,-0.10663469168778947,91,65,-1.3170572622530203,Sep20-Dec20,Sep-Dec
2020-07-14,THB,0,2020-09-16,2020-12-16,-0.0705600730324528,-0.17035583219248435,31.91068097923625,-0.09979575916003154,91,64,-1.239933764783346,Sep20-Dec20,Sep-Dec
2020-07-15,THB,0,2020-09-16,2020-12-16,-0.06650332851241848,-0.16220947096575017,31.87988581455155,-0.09570614245333169,91,63,-1.1901208762536877,Sep20-Dec20,Sep-Dec
2020-07-16,THB,0,2020-09-16,2020-12-16,-0.0625665106340216,-0.15422179013091608,31.718145160179823,-0.09165527949689448,91,62,-1.1454294312778468,Sep20-Dec20,Sep-Dec
2020-07-17,THB,0,2020-09-16,2020-12-16,-0.06406312514507088,-0.1596327052795209,31.871977258704206,-0.09556958013445001,91,61,-1.1886270136577333,Sep20-Dec20,Sep-Dec
2020-07-20,THB,0,2020-09-16,2020-12-16,-0.06589883315341885,-0.16929182999757597,31.910847108542914,-0.10339299684415712,91,58,-1.2844336775974958,Sep20-Dec20,Sep-Dec
2020-07-21,THB,0,2020-09-16,2020-12-16,-0.06293634523084841,-0.1634136683186941,32.03320534360545,-0.1004773230878457,91,57,-1.2433198692865088,Sep20-Dec20,Sep-Dec
2020-07-22,THB,0,2020-09-16,2020-12-16,-0.0631947752312374,-0.16588628498199817,32.26329554225951,-0.10269150975076077,91,56,-1.2616486185115507,Sep20-Dec20,Sep-Dec
2020-07-23,THB,0,2020-09-16,2020-12-16,-0.061304496047093676,-0.1627355713250123,32.09877818009656,-0.10143107527791861,91,55,-1.2524888705816493,Sep20-Dec20,Sep-Dec
2020-07-24,THB,0,2020-09-16,2020-12-16,-0.06007647921704948,-0.16131647197170693,31.89066763245545,-0.10123999275465745,91,54,-1.2582545499041107,Sep20-Dec20,Sep-Dec
2020-07-27,THB,0,2020-09-16,2020-12-16,-0.05687447501094374,-0.1583563814030198,32.030188963391375,-0.10148190639207606,91,51,-1.2556311062967913,Sep20-Dec20,Sep-Dec
2020-07-28,THB,0,2020-09-16,2020-12-16,-0.05340339861420072,-0.15059758409204604,31.874896473883858,-0.09719418547784532,91,50,-1.2083168728530462,Sep20-Dec20,Sep-Dec
2020-07-29,THB,0,2020-09-16,2020-12-16,-0.05508960724975375,-0.1573988778564393,31.94988451851532,-0.10230927060668554,91,49,-1.2689843993569185,Sep20-Dec20,Sep-Dec
2020-07-30,THB,0,2020-09-16,2020-12-16,-0.04724781256263843,-0.13682179054597376,31.785147175546893,-0.08957397798333533,91,48,-1.116515589664618,Sep20-Dec20,Sep-Dec
2020-07-31,THB,0,2020-09-16,2020-12-16,-0.046179911546739484,-0.13559208071170317,31.688758526381044,-0.0894121691649637,91,47,-1.117856024717287,Sep20-Dec20,Sep-Dec
2020-08-03,THB,0,2020-09-16,2020-12-16,-0.042029116650187714,-0.1266688738380053,31.625968186292944,-0.08463975718781758,91,44,-1.0601546536851596,Sep20-Dec20,Sep-Dec
2020-08-04,THB,0,2020-09-16,2020-12-16,-0.03748060422624126,-0.11470412453098953,31.438469122248332,-0.07722352030474827,91,43,-0.9728981639883428,Sep20-Dec20,Sep-Dec
2020-08-05,THB,0,2020-09-16,2020-12-16,-0.03660968788575241,-0.11401615430092286,31.328574610250776,-0.07740646641517046,91,42,-0.9786006867264027,Sep20-Dec20,Sep-Dec
2020-08-06,THB,0,2020-09-16,2020-12-16,-0.03383016991851844,-0.10716074393828479,31.6062121937963,-0.07333057401976634,91,41,-0.918837780198908,Sep20-Dec20,Sep-Dec
2020-08-07,THB,0,2020-09-16,2020-12-16,-0.031266945371365734,-0.1008125165126768,31.734591570919857,-0.06954557114131106,91,40,-0.8678122551269923,Sep20-Dec20,Sep-Dec
2020-08-10,THB,0,2020-09-16,2020-12-16,-0.028307508940506935,-0.09687424122809729,31.633150496179397,-0.06856673228759036,91,37,-0.8582640545359763,Sep20-Dec20,Sep-Dec
2020-08-11,THB,0,2020-09-16,2020-12-16,-0.029442513920569513,-0.10298143684515072,31.867541486902233,-0.07353892292458121,91,36,-0.913758110421924,Sep20-Dec20,Sep-Dec
2020-08-12,THB,0,2020-09-16,2020-12-16,-0.029679911374163388,-0.10614357762408544,31.68464953062392,-0.07646366624992205,91,35,-0.9555960039241893,Sep20-Dec20,Sep-Dec
2020-08-13,THB,0,2020-09-16,2020-12-16,-0.029185231636008654,-0.10676781768865233,31.849681918063222,-0.07758258605264368,91,34,-0.964535920580818,Sep20-Dec20,Sep-Dec
2020-08-14,THB,0,2020-09-16,2020-12-16,-0.03143219408372009,-0.11775545482358722,31.80561055339821,-0.08632326073986712,91,33,-1.074767725082188,Sep20-Dec20,Sep-Dec
2020-08-17,THB,0,2020-09-16,2020-12-16,-0.030124737927660527,-0.12150310964156413,32.02296520588241,-0.0913783717139036,91,30,-1.1299304777080568,Sep20-Dec20,Sep-Dec
2020-08-18,THB,0,2020-09-16,2020-12-16,-0.028928178989072437,-0.11970280960995494,31.999494494995204,-0.09077463062088251,91,29,-1.1232470056374209,Sep20-Dec20,Sep-Dec
2020-08-19,THB,0,2020-09-16,2020-12-16,-0.02857719875611231,-0.12145309471347734,31.933538834084615,-0.09287589595736503,91,28,-1.1516112480055902,Sep20-Dec20,Sep-Dec
2020-08-20,THB,0,2020-09-16,2020-12-16,-0.026711327067757935,-0.11673839237020135,31.71718969411033,-0.09002706530244342,91,27,-1.123842383965071,Sep20-Dec20,Sep-Dec
2020-08-21,THB,0,2020-09-16,2020-12-16,-0.02738875380148894,-0.12324939210670022,31.739800719019744,-0.09586063830521127,91,26,-1.1958374506668676,Sep20-Dec20,Sep-Dec
2020-08-24,THB,0,2020-09-16,2020-12-16,-0.02216999889478629,-0.10988608147850598,31.586293292558658,-0.08771608258371968,91,23,-1.0993768942185258,Sep20-Dec20,Sep-Dec
2020-08-25,THB,0,2020-09-16,2020-12-16,-0.020975860603402497,-0.10773964764474919,31.771896461190526,-0.0867637870413467,91,22,-1.0810437897100094,Sep20-Dec20,Sep-Dec
2020-08-26,THB,0,2020-09-16,2020-12-16,-0.01933296212223197,-0.10310913131857052,31.772605340820693,-0.08377616919633855,91,21,-1.043741898022562,Sep20-Dec20,Sep-Dec
2020-08-27,THB,0,2020-09-16,2020-12-16,-0.01956587712002018,-0.10859061801611199,31.770860458069567,-0.0890247408960918,91,20,-1.1092013500818698,Sep20-Dec20,Sep-Dec
2020-08-28,THB,0,2020-09-16,2020-12-16,-0.017609698573425807,-0.10195088647772835,31.630432329865407,-0.08434118790430253,91,19,-1.0554497159140408,Sep20-Dec20,Sep-Dec
2020-08-31,THB,0,2020-09-16,2020-12-16,-0.015140554656094691,-0.10125245926263324,31.36880195248103,-0.08611190460653854,91,16,-1.0865157834030728,Sep20-Dec20,Sep-Dec
2020-09-01,THB,0,2020-09-16,2020-12-16,-0.01427576165419317,-0.0983508263587191,31.387161036649744,-0.08407506470452593,91,15,-1.0601659638982335,Sep20-Dec20,Sep-Dec
2020-09-02,THB,0,2020-09-16,2020-12-16,-0.012196066040687174,-0.0891064284676821,31.40831655498134,-0.07691036242699492,91,14,-0.9691030920321784,Sep20-Dec20,Sep-Dec
2020-09-03,THB,0,2020-09-16,2020-12-16,-0.011138043948995521,-0.08691480169124899,31.32740627177112,-0.07577675774225347,91,13,-0.9572538537926084,Sep20-Dec20,Sep-Dec
2020-09-04,THB,0,2020-09-16,2020-12-16,-0.010518242217348185,-0.08825994588281791,31.335313816020687,-0.07774170366546973,91,12,-0.981808791676666,Sep20-Dec20,Sep-Dec
2020-09-07,THB,0,2020-09-16,2020-12-16,-0.008322448749013608,-0.09095122874477674,31.42209645551666,-0.08262877999576312,91,9,-1.0405724750776777,Sep20-Dec20,Sep-Dec
2020-09-08,THB,0,2020-09-16,2020-12-16,-0.007516829525793185,-0.09167086812865623,31.385111133050806,-0.08415403860286304,91,8,-1.0610025503266294,Sep20-Dec20,Sep-Dec
2020-09-09,THB,0,2020-09-16,2020-12-16,-0.006827421380304081,-0.09439984205442183,31.462093169909462,-0.08757242067411775,91,7,-1.1013747214651506,Sep20-Dec20,Sep-Dec
2020-09-10,THB,0,2020-09-16,2020-12-16,-0.006454135551429546,-0.08842616304576183,31.30117460261814,-0.08197202749433229,91,6,-1.036228920066188,Sep20-Dec20,Sep-Dec
2020-09-11,THB,0,2020-09-16,2020-12-16,-0.0067753497112016505,-0.09207593810066907,31.364943889872414,-0.08530058838946741,91,5,-1.0761243173783124,Sep20-Dec20,Sep-Dec
2020-09-14,THB,0,2020-09-16,2020-12-16,-0.006373570926335707,-0.08434177181417027,31.21735583609792,-0.07796820088783456,91,2,-0.9882599248730962,Sep20-Dec20,Sep-Dec
2020-09-15,THB,0,2020-09-16,2020-12-16,-0.006403969759417678,-0.08399915543340811,31.11859269398937,-0.07759518567399043,91,1,-0.9866549988642577,Sep20-Dec20,Sep-Dec
2020-09-16,THB,0,2020-12-16,2021-03-17,-0.08703074094202441,-0.16884311074875094,31.31022681178718,-0.08181236980672653,91,91,-1.0365797606662763,Dec20-Mar21,Dec-Mar
2020-09-17,THB,0,2020-12-16,2021-03-17,-0.08616160565569414,-0.16813193999917248,30.891734917007586,-0.08197033434347833,91,90,-1.052660966497636,Dec20-Mar21,Dec-Mar
2020-09-18,THB,0,2020-12-16,2021-03-17,-0.08364445332849757,-0.16400209507924435,30.998773286077526,-0.08035764175074678,91,89,-1.0282938320905242,Dec20-Mar21,Dec-Mar
2020-09-21,THB,0,2020-12-16,2021-03-17,-0.0781562137119146,-0.1556980950118928,30.94978995251866,-0.0775418812999782,91,86,-0.9936600487438906,Dec20-Mar21,Dec-Mar
2020-09-22,THB,0,2020-12-16,2021-03-17,-0.07857652542840672,-0.15757961012680516,30.720113973257117,-0.07900308469839844,91,85,-1.0199869254670335,Dec20-Mar21,Dec-Mar
2020-09-23,THB,0,2020-12-16,2021-03-17,-0.07882498557185927,-0.15911747203353477,30.607487447032398,-0.0802924864616755,91,84,-1.0404668274722007,Dec20-Mar21,Dec-Mar
2020-09-24,THB,0,2020-12-16,2021-03-17,-0.0682327513371813,-0.1379485288486877,30.561747341817068,-0.06971577751150639,91,83,-0.904450287115842,Dec20-Mar21,Dec-Mar
2020-09-25,THB,0,2020-12-16,2021-03-17,-0.06481623295397973,-0.13165286736619947,30.561451976351155,-0.06683663441221974,91,82,-0.8670092853308435,Dec20-Mar21,Dec-Mar
2020-09-28,THB,0,2020-12-16,2021-03-17,-0.0626525471953297,-0.12975558176302457,30.398131437501835,-0.06710303456769487,91,79,-0.8750893806346305,Dec20-Mar21,Dec-Mar
2020-09-29,THB,0,2020-12-16,2021-03-17,-0.06665614929254512,-0.1394039087008619,30.10648859791531,-0.07274775940831676,91,78,-0.9580390783311861,Dec20-Mar21,Dec-Mar
2020-09-30,THB,0,2020-12-16,2021-03-17,-0.06683884719104051,-0.140819561020362,30.0639061969038,-0.07398071382932149,91,77,-0.9756652288581494,Dec20-Mar21,Dec-Mar
2020-10-01,THB,0,2020-12-16,2021-03-17,-0.057801559519785536,-0.12198725890978959,30.1443759994876,-0.06418569939000406,91,76,-0.8439692881718289,Dec20-Mar21,Dec-Mar
2020-10-02,THB,0,2020-12-16,2021-03-17,-0.05515838104434677,-0.12224965896073656,30.242842768406923,-0.06709127791638979,91,75,-0.8792196218120952,Dec20-Mar21,Dec-Mar
2020-10-05,THB,0,2020-12-16,2021-03-17,-0.05446119730400291,-0.12244558060841836,29.964044180772504,-0.06798438330441545,91,72,-0.8992074841880896,Dec20-Mar21,Dec-Mar
2020-10-06,THB,0,2020-12-16,2021-03-17,-0.055563330267656585,-0.12558714224665088,29.849083711113327,-0.0700238119789943,91,71,-0.9297903524578479,Dec20-Mar21,Dec-Mar
2020-10-07,THB,0,2020-12-16,2021-03-17,-0.0559904289858336,-0.12722930122141,29.974557019495446,-0.0712388722355764,91,70,-0.9419706291421623,Dec20-Mar21,Dec-Mar
2020-10-08,THB,0,2020-12-16,2021-03-17,-0.05361452494311771,-0.12241687403395607,29.97562387348827,-0.06880234909083835,91,69,-0.9096485269819139,Dec20-Mar21,Dec-Mar
2020-10-09,THB,0,2020-12-16,2021-03-17,-0.05531475310633916,-0.12707033478344137,29.953976433769718,-0.07175558167710222,91,68,-0.9494345875343921,Dec20-Mar21,Dec-Mar
2020-10-12,THB,0,2020-12-16,2021-03-17,-0.055076215254772146,-0.12877882500062549,30.036102448479088,-0.07370260974585334,91,65,-0.9725176235183066,Dec20-Mar21,Dec-Mar
2020-10-13,THB,0,2020-12-16,2021-03-17,-0.0546585918386428,-0.1285665264433984,30.16379908603736,-0.07390793460475559,91,64,-0.9710773313279141,Dec20-Mar21,Dec-Mar
2020-10-14,THB,0,2020-12-16,2021-03-17,-0.05133384779788221,-0.1212715372762795,30.186490672746555,-0.06993768947839729,91,63,-0.9181189113030692,Dec20-Mar21,Dec-Mar
2020-10-15,THB,0,2020-12-16,2021-03-17,-0.055205111281168014,-0.13161620353062908,30.176879485381725,-0.07641109224946108,91,62,-1.0035485939921986,Dec20-Mar21,Dec-Mar
2020-10-16,THB,0,2020-12-16,2021-03-17,-0.05368815872483376,-0.12871943264284189,30.365383766692865,-0.07503127391800812,91,61,-0.9792491371534713,Dec20-Mar21,Dec-Mar
2020-10-19,THB,0,2020-12-16,2021-03-17,-0.05054483489931896,-0.12476641556099863,30.48913422006269,-0.07422158066167966,91,58,-0.964643373808189,Dec20-Mar21,Dec-Mar
2020-10-20,THB,0,2020-12-16,2021-03-17,-0.04567327623783182,-0.11348073315338182,30.65716773224714,-0.06780745691555,91,57,-0.8763024637394111,Dec20-Mar21,Dec-Mar
2020-10-21,THB,0,2020-12-16,2021-03-17,-0.046317840696114165,-0.11649306097721182,30.547625100527213,-0.07017522028109766,91,56,-0.9101782218452701,Dec20-Mar21,Dec-Mar
2020-10-22,THB,0,2020-12-16,2021-03-17,-0.04403670453057746,-0.1118054893265165,30.55166710973475,-0.06776878479593904,91,55,-0.8787843825939785,Dec20-Mar21,Dec-Mar
2020-10-23,THB,0,2020-12-16,2021-03-17,-0.04153928467798726,-0.10647212058421139,30.411307417859707,-0.06493283590622413,91,54,-0.8458317887351439,Dec20-Mar21,Dec-Mar
2020-10-26,THB,0,2020-12-16,2021-03-17,-0.03877543536854646,-0.1028829831485049,30.479962559981985,-0.06410754777995845,91,51,-0.8331221640388563,Dec20-Mar21,Dec-Mar
2020-10-27,THB,0,2020-12-16,2021-03-17,-0.03781262524224295,-0.10157863830644602,30.31778926007459,-0.06376601306420307,91,50,-0.8330955919347349,Dec20-Mar21,Dec-Mar
2020-10-28,THB,0,2020-12-16,2021-03-17,-0.039043208847790896,-0.1064924070885331,30.35770914521673,-0.06744919824074219,91,49,-0.8800914710440253,Dec20-Mar21,Dec-Mar
2020-10-29,THB,0,2020-12-16,2021-03-17,-0.037607532250336875,-0.10383232034259758,30.436950794017886,-0.0662247880922607,91,48,-0.8618218177172683,Dec20-Mar21,Dec-Mar
2020-10-30,THB,0,2020-12-16,2021-03-17,-0.0338329762604607,-0.09430076679151256,30.231661882019566,-0.060467790531051856,91,47,-0.79215376049794,Dec20-Mar21,Dec-Mar
2020-11-02,THB,0,2020-12-16,2021-03-17,-0.027414576351564326,-0.08604120895002079,30.002360949030148,-0.05862663259845646,91,44,-0.7737446221613108,Dec20-Mar21,Dec-Mar
2020-11-03,THB,0,2020-12-16,2021-03-17,-0.030003257718973254,-0.09503140429098808,29.975491764384394,-0.06502814657201483,91,43,-0.8590750027728025,Dec20-Mar21,Dec-Mar
2020-11-04,THB,0,2020-12-16,2021-03-17,-0.028622050740386675,-0.09176796258326611,30.064736342820833,-0.06314591184287943,91,42,-0.8316921438828078,Dec20-Mar21,Dec-Mar
2020-11-05,THB,0,2020-12-16,2021-03-17,-0.028958385907097414,-0.0939492625899388,30.22533546860492,-0.06499087668284138,91,41,-0.8514490470000075,Dec20-Mar21,Dec-Mar
2020-11-06,THB,0,2020-12-16,2021-03-17,-0.028697036091890976,-0.0942674293646066,30.252757966534677,-0.06557039327271562,91,40,-0.8582544834029034,Dec20-Mar21,Dec-Mar
2020-11-09,THB,0,2020-12-16,2021-03-17,-0.027132127489294458,-0.09275415177982682,30.388919188662594,-0.06562202429053236,91,37,-0.8550340335859288,Dec20-Mar21,Dec-Mar
2020-11-10,THB,0,2020-12-16,2021-03-17,-0.02733937562677682,-0.09484058780978277,30.390268591572617,-0.06750121218300595,91,36,-0.8794861674346798,Dec20-Mar21,Dec-Mar
2020-11-11,THB,0,2020-12-16,2021-03-17,-0.026231292945042572,-0.09230223672158244,30.48136352201319,-0.06607094377653987,91,35,-0.8582446985662262,Dec20-Mar21,Dec-Mar
2020-11-12,THB,0,2020-12-16,2021-03-17,-0.02692887366213778,-0.0963132914730515,30.705879727664026,-0.06938441781091371,91,34,-0.8947105395838361,Dec20-Mar21,Dec-Mar
2020-11-13,THB,0,2020-12-16,2021-03-17,-0.02908741145663031,-0.10604821028838747,30.64230888724889,-0.07696079883175716,91,33,-0.9945385960489498,Dec20-Mar21,Dec-Mar
2020-11-16,THB,0,2020-12-16,2021-03-17,-0.027855430906300882,-0.10726426875291178,30.51581541501065,-0.0794088378466109,91,30,-1.03038987581768,Dec20-Mar21,Dec-Mar
2020-11-17,THB,0,2020-12-16,2021-03-17,-0.027148527003190228,-0.10725943590646286,30.47577912318712,-0.08011090890327263,91,29,-1.0408424640932616,Dec20-Mar21,Dec-Mar
2020-11-18,THB,0,2020-12-16,2021-03-17,-0.02736438085139506,-0.1111940732518332,30.627272199574715,-0.08382969240043814,91,28,-1.0837743365843313,Dec20-Mar21,Dec-Mar
2020-11-19,THB,0,2020-12-16,2021-03-17,-0.02621379729047427,-0.10945839005346299,30.633677518325047,-0.08324459276298872,91,27,-1.0759443221916887,Dec20-Mar21,Dec-Mar
2020-11-20,THB,0,2020-12-16,2021-03-17,-0.025224862715483104,-0.10843241978891524,30.476774584552526,-0.08320755707343214,91,26,-1.080972089316958,Dec20-Mar21,Dec-Mar
2020-11-23,THB,0,2020-12-16,2021-03-17,-0.021351756136761955,-0.10079046612014397,30.239864041970016,-0.07943870998338201,91,23,-1.0399685647430585,Dec20-Mar21,Dec-Mar
2020-11-24,THB,0,2020-12-16,2021-03-17,-0.019733056981731605,-0.09633490554904989,30.127504597247565,-0.07660184856731828,91,22,-1.0065184653113537,Dec20-Mar21,Dec-Mar
2020-11-25,THB,0,2020-12-16,2021-03-17,-0.017852666662559944,-0.09022175528432917,29.95480149594329,-0.07236908862176923,91,21,-0.9563275712538054,Dec20-Mar21,Dec-Mar
2020-11-26,THB,0,2020-12-16,2021-03-17,-0.018392510636959323,-0.0970858524197665,29.955489692146454,-0.07869334178280718,91,20,-1.0398948076136436,Dec20-Mar21,Dec-Mar
2020-11-27,THB,0,2020-12-16,2021-03-17,-0.017362072370956716,-0.09554783305112187,29.81656826334406,-0.07818576068016515,91,19,-1.0379682734003854,Dec20-Mar21,Dec-Mar
2020-11-30,THB,0,2020-12-16,2021-03-17,-0.014238768055054809,-0.09030035073411896,29.528463804360378,-0.07606158267906415,91,16,-1.0195184324660684,Dec20-Mar21,Dec-Mar
2020-12-01,THB,0,2020-12-16,2021-03-17,-0.01378483453580957,-0.09253413248204304,29.272189426067484,-0.07874929794623346,91,15,-1.0647733139662474,Dec20-Mar21,Dec-Mar
2020-12-02,THB,0,2020-12-16,2021-03-17,-0.012332086881735581,-0.08763007797474093,29.16344182965546,-0.07529799109300535,91,14,-1.021855309091903,Dec20-Mar21,Dec-Mar
2020-12-03,THB,0,2020-12-16,2021-03-17,-0.010996333125533712,-0.08313972950457062,28.9856129981944,-0.07214339637903691,91,13,-0.985008535273737,Dec20-Mar21,Dec-Mar
2020-12-04,THB,0,2020-12-16,2021-03-17,-0.010840409365621329,-0.08818460569701543,29.17344814740593,-0.0773441963313941,91,12,-1.049210150136096,Dec20-Mar21,Dec-Mar
2020-12-07,THB,0,2020-12-16,2021-03-17,-0.008098421698986804,-0.08511464232042443,29.2069260099069,-0.07701622062143762,91,9,-1.0434650267596346,Dec20-Mar21,Dec-Mar
2020-12-08,THB,0,2020-12-16,2021-03-17,-0.006812160426993961,-0.07945217698246557,29.08984980950829,-0.0726400165554716,91,8,-0.9880917596318475,Dec20-Mar21,Dec-Mar
2020-12-09,THB,0,2020-12-16,2021-03-17,-0.00595447511657453,-0.0784988037124132,29.183087517781296,-0.07254432859583868,91,7,-0.9836077871913768,Dec20-Mar21,Dec-Mar
2020-12-10,THB,0,2020-12-16,2021-03-17,-0.005732105500960412,-0.07458530304380659,29.071810531297736,-0.06885319754284618,91,6,-0.9371277129422727,Dec20-Mar21,Dec-Mar
2020-12-11,THB,0,2020-12-16,2021-03-17,-0.0061118911051749455,-0.07898751817214257,28.996216192968657,-0.07287562706696762,91,5,-0.9944744627312603,Dec20-Mar21,Dec-Mar
2020-12-14,THB,0,2020-12-16,2021-03-17,-0.006279595931543767,-0.07858273685803832,29.07708310911604,-0.07230314092649455,91,2,-0.9839232807429241,Dec20-Mar21,Dec-Mar
2020-12-15,THB,0,2020-12-16,2021-03-17,-0.006538008251923399,-0.08105900046893295,29.21464790950468,-0.07452099221700956,91,1,-1.0093372075605032,Dec20-Mar21,Dec-Mar
2020-12-16,THB,0,2021-03-17,2021-06-16,-0.0792749220278292,-0.16338411741658018,29.005640165530657,-0.08410919538875099,91,91,-1.150298944455631,Mar21-Jun21,Mar-Jun
2020-12-17,THB,0,2021-03-17,2021-06-16,-0.07996935048419462,-0.165715493998978,29.00716630343708,-0.08574614351478338,91,90,-1.1726525503229293,Mar21-Jun21,Mar-Jun
2020-12-18,THB,0,2021-03-17,2021-06-16,-0.07873662248853391,-0.1642073529637199,29.13378236274523,-0.085470730475186,91,89,-1.1637426756707452,Mar21-Jun21,Mar-Jun
2020-12-21,THB,0,2021-03-17,2021-06-16,-0.07854640088250622,-0.16684112504390827,29.381788850934665,-0.08829472416140205,91,86,-1.1920107833277338,Mar21-Jun21,Mar-Jun
2020-12-22,THB,0,2021-03-17,2021-06-16,-0.08059160091655687,-0.1721053672532608,29.32974429976885,-0.09151376633670394,91,85,-1.237753742607863,Mar21-Jun21,Mar-Jun
2020-12-23,THB,0,2021-03-17,2021-06-16,-0.07222389944191834,-0.15577450290515038,29.398407144851884,-0.08355060346323204,91,84,-1.127081069802256,Mar21-Jun21,Mar-Jun
2020-12-24,THB,0,2021-03-17,2021-06-16,-0.07838792810485912,-0.1696938967867806,29.34685338839349,-0.09130596868192148,91,83,-1.2341283353066395,Mar21-Jun21,Mar-Jun
2020-12-25,THB,0,2021-03-17,2021-06-16,-0.07148110529573234,-0.15621946719770108,29.259236970316074,-0.08473836190196873,91,82,-1.1485250390527546,Mar21-Jun21,Mar-Jun
2020-12-28,THB,0,2021-03-17,2021-06-16,-0.06513042334726055,-0.14580908758594036,29.45577693988995,-0.08067866423867981,91,79,-1.0859520965742986,Mar21-Jun21,Mar-Jun
2020-12-29,THB,0,2021-03-17,2021-06-16,-0.06471909477257655,-0.14596702434821343,29.531926324959116,-0.08124792957563688,91,78,-1.090773137162141,Mar21-Jun21,Mar-Jun
2020-12-30,THB,0,2021-03-17,2021-06-16,-0.06602657024897635,-0.14990558319561262,29.6878750044492,-0.08387901294663627,91,77,-1.12021727119282,Mar21-Jun21,Mar-Jun
2020-12-31,THB,0,2021-03-17,2021-06-16,-0.06479149465371618,-0.14824379820655956,29.42960812272038,-0.08345230355284337,91,76,-1.1242739407152746,Mar21-Jun21,Mar-Jun
2021-01-01,THB,0,2021-03-17,2021-06-16,-0.06759680114524015,-0.14961425320146488,29.47251850630703,-0.08201745205622472,91,75,-1.1034365224655864,Mar21-Jun21,Mar-Jun
2021-01-04,THB,0,2021-03-17,2021-06-16,-0.06383401752734508,-0.1445131230132951,29.459557170315296,-0.08067910548595003,91,72,-1.0857704910941939,Mar21-Jun21,Mar-Jun
2021-01-05,THB,0,2021-03-17,2021-06-16,-0.06379789488080594,-0.1455670277562051,29.409822548986845,-0.08176913287539915,91,71,-1.1023035921065212,Mar21-Jun21,Mar-Jun
2021-01-06,THB,0,2021-03-17,2021-06-16,-0.06628227782121185,-0.15244923898878726,29.47840410741922,-0.08616696116757541,91,70,-1.1589788996270862,Mar21-Jun21,Mar-Jun
2021-01-07,THB,0,2021-03-17,2021-06-16,-0.06738786009585583,-0.15626170457010047,29.56543150734748,-0.08887384447424464,91,69,-1.1919056039347584,Mar21-Jun21,Mar-Jun
2021-01-08,THB,0,2021-03-17,2021-06-16,-0.07057534645139113,-0.16502176596722337,29.78501380458901,-0.09444641951583224,91,68,-1.2574162813878833,Mar21-Jun21,Mar-Jun
2021-01-11,THB,0,2021-03-17,2021-06-16,-0.0667033387304535,-0.1600880129530884,30.046649800313077,-0.09338467422263488,91,65,-1.2322699659220642,Mar21-Jun21,Mar-Jun
2021-01-12,THB,0,2021-03-17,2021-06-16,-0.06657728968683484,-0.16124187346030314,29.988856354821724,-0.0946645837734683,91,64,-1.2515666125338722,Mar21-Jun21,Mar-Jun
2021-01-13,THB,0,2021-03-17,2021-06-16,-0.06438516808385004,-0.157385966427189,29.803326371081432,-0.09300079834333895,91,63,-1.237149781769467,Mar21-Jun21,Mar-Jun
2021-01-14,THB,0,2021-03-17,2021-06-16,-0.05989981294431704,-0.14781728033033076,29.78302683459189,-0.08791746738601372,91,62,-1.170150654841328,Mar21-Jun21,Mar-Jun
2021-01-15,THB,0,2021-03-17,2021-06-16,-0.05853301488394929,-0.14585275839934905,29.67363608373802,-0.08731974351539976,91,61,-1.1664343790203189,Mar21-Jun21,Mar-Jun
2021-01-18,THB,0,2021-03-17,2021-06-16,-0.059311465793796744,-0.1523691104013054,29.710006390215085,-0.09305764460750866,91,58,-1.2415902340623202,Mar21-Jun21,Mar-Jun
2021-01-19,THB,0,2021-03-17,2021-06-16,-0.05700878537822063,-0.14802281115748514,29.69437608415259,-0.09101402577926451,91,57,-1.2148700084240671,Mar21-Jun21,Mar-Jun
2021-01-20,THB,0,2021-03-17,2021-06-16,-0.05337364599856628,-0.1401058207462365,29.652814708080747,-0.08673217474767023,91,56,-1.1591985638695301,Mar21-Jun21,Mar-Jun
2021-01-21,THB,0,2021-03-17,2021-06-16,-0.051857956729169916,-0.13765930331743287,29.552166086086363,-0.08580134658826295,91,55,-1.1506113668458753,Mar21-Jun21,Mar-Jun
2021-01-22,THB,0,2021-03-17,2021-06-16,-0.05284337450346454,-0.14189424635189551,29.74054231634778,-0.08905087184843097,91,54,-1.1866502824841287,Mar21-Jun21,Mar-Jun
2021-01-25,THB,0,2021-03-17,2021-06-16,-0.0499018326125068,-0.138942357470117,29.81885716259446,-0.08904052485761019,91,51,-1.1832737370235344,Mar21-Jun21,Mar-Jun
2021-01-26,THB,0,2021-03-17,2021-06-16,-0.048007081689927456,-0.13537997036559543,29.838072920288276,-0.08737288867566798,91,50,-1.1602894402456183,Mar21-Jun21,Mar-Jun
2021-01-27,THB,0,2021-03-17,2021-06-16,-0.048888670595079696,-0.13968191598594198,29.55694469848181,-0.09079324539086228,91,49,-1.2172339287233558,Mar21-Jun21,Mar-Jun
2021-01-28,THB,0,2021-03-17,2021-06-16,-0.04545218665072277,-0.13162195717605135,29.364016167495826,-0.08616977052532858,91,48,-1.1627152001821424,Mar21-Jun21,Mar-Jun
2021-01-29,THB,0,2021-03-17,2021-06-16,-0.04558309006429412,-0.13383971125260824,29.545219903160998,-0.08825662118831412,91,47,-1.183563970787194,Mar21-Jun21,Mar-Jun
2021-02-01,THB,0,2021-03-17,2021-06-16,-0.04033790743552937,-0.12376403417719238,29.543347373391853,-0.08342612674166301,91,44,-1.118656809751394,Mar21-Jun21,Mar-Jun
2021-02-02,THB,0,2021-03-17,2021-06-16,-0.041845733410891366,-0.1304029831874289,29.560748706261997,-0.08855724977653753,91,43,-1.1868204352463823,Mar21-Jun21,Mar-Jun
2021-02-03,THB,0,2021-03-17,2021-06-16,-0.04023290389421756,-0.12740419566502229,29.479246403480225,-0.08717129177080472,91,42,-1.171416501287585,Mar21-Jun21,Mar-Jun
2021-02-04,THB,0,2021-03-17,2021-06-16,-0.037229006718669425,-0.11985924114303328,29.449193104889297,-0.08263023442436386,91,41,-1.1114145195809202,Mar21-Jun21,Mar-Jun
2021-02-05,THB,0,2021-03-17,2021-06-16,-0.035419237261354826,-0.11599800203093706,29.472042179309106,-0.08057876476958223,91,40,-1.0829134034150922,Mar21-Jun21,Mar-Jun
2021-02-08,THB,0,2021-03-17,2021-06-16,-0.03206328390224373,-0.11092163079695128,29.53729653748921,-0.07885834689470755,91,37,-1.057327979532261,Mar21-Jun21,Mar-Jun
2021-02-09,THB,0,2021-03-17,2021-06-16,-0.031158972180544253,-0.10992192963692,29.482922565822413,-0.07876295745637575,91,36,-1.057966260033066,Mar21-Jun21,Mar-Jun
2021-02-10,THB,0,2021-03-17,2021-06-16,-0.030875088908104246,-0.11115032006917529,29.28399823857323,-0.08027523116107105,91,35,-1.0856014977615036,Mar21-Jun21,Mar-Jun
2021-02-11,THB,0,2021-03-17,2021-06-16,-0.028654474435638788,-0.10534733248396615,29.378940851274912,-0.07669285804832736,91,34,-1.0337218303710878,Mar21-Jun21,Mar-Jun
2021-02-12,THB,0,2021-03-17,2021-06-16,-0.027887213389240904,-0.1047883169777537,29.342316803044874,-0.07690110358851279,91,33,-1.037796574325296,Mar21-Jun21,Mar-Jun
2021-02-15,THB,0,2021-03-17,2021-06-16,-0.02553808947657114,-0.1030036275555036,29.338573894555388,-0.07746553807893246,91,30,-1.0454634441709678,Mar21-Jun21,Mar-Jun
2021-02-16,THB,0,2021-03-17,2021-06-16,-0.025355655020322325,-0.10491995180823031,29.346798507575063,-0.079564296787908,91,29,-1.0734801046711464,Mar21-Jun21,Mar-Jun
2021-02-17,THB,0,2021-03-17,2021-06-16,-0.02395202008892016,-0.10179608537791068,29.449051700630488,-0.07784406528899052,91,28,-1.046570945701979,Mar21-Jun21,Mar-Jun
2021-02-18,THB,0,2021-03-17,2021-06-16,-0.021833887569371525,-0.09542217530317929,29.499231883511822,-0.07358828773380777,91,27,-0.9875990444103455,Mar21-Jun21,Mar-Jun
2021-02-19,THB,0,2021-03-17,2021-06-16,-0.02147935594614279,-0.09665710175764254,29.59915841731369,-0.07517774581149975,91,26,-1.0055098181623416,Mar21-Jun21,Mar-Jun
2021-02-22,THB,0,2021-03-17,2021-06-16,-0.018844329455569304,-0.09340232860586524,29.789614415687858,-0.07455799915029593,91,23,-0.9907527452562225,Mar21-Jun21,Mar-Jun
2021-02-23,THB,0,2021-03-17,2021-06-16,-0.018012098411370518,-0.09251668729476674,29.767558849089653,-0.07450458888339623,91,22,-0.990749307946972,Mar21-Jun21,Mar-Jun
2021-02-24,THB,0,2021-03-17,2021-06-16,-0.016874869234977163,-0.08999930258654486,29.72762221279363,-0.0731244333515677,91,21,-0.9736660921197569,Mar21-Jun21,Mar-Jun
2021-02-25,THB,0,2021-03-17,2021-06-16,-0.016381125384103093,-0.09091524588177217,29.843975971504594,-0.07453412049766908,91,20,-0.988548551886331,Mar21-Jun21,Mar-Jun
2021-02-26,THB,0,2021-03-17,2021-06-16,-0.014626970168437111,-0.08468245886989906,29.848735020108233,-0.07005548870146194,91,19,-0.9289454613532087,Mar21-Jun21,Mar-Jun
2021-03-01,THB,0,2021-03-17,2021-06-16,-0.011370051087408021,-0.07603721664704115,29.804614380267477,-0.06466716555963313,91,16,-0.858671672813174,Mar21-Jun21,Mar-Jun
2021-03-02,THB,0,2021-03-17,2021-06-16,-0.010772392794781057,-0.07612490908311946,29.892125104240456,-0.06535251628833841,91,15,-0.8652132638416863,Mar21-Jun21,Mar-Jun
2021-03-03,THB,0,2021-03-17,2021-06-16,-0.009672219809084392,-0.07254164856813294,29.828109072561254,-0.06286942875904855,91,14,-0.834095445346009,Mar21-Jun21,Mar-Jun
2021-03-04,THB,0,2021-03-17,2021-06-16,-0.008293133798958362,-0.06634507039166689,29.951535819930815,-0.05805193659270852,91,13,-0.7669710835980811,Mar21-Jun21,Mar-Jun
2021-03-05,THB,0,2021-03-17,2021-06-16,-0.007633541083189326,-0.06552122763070838,30.074894312377623,-0.05788768654751905,91,12,-0.7616464773349266,Mar21-Jun21,Mar-Jun
2021-03-08,THB,0,2021-03-17,2021-06-16,-0.005582396204072821,-0.06202662448969801,29.882438167517137,-0.05644422828562519,91,9,-0.7473873752716542,Mar21-Jun21,Mar-Jun
2021-03-09,THB,0,2021-03-17,2021-06-16,-0.004882989395864718,-0.06042699377382587,29.84785504026034,-0.05554400437796115,91,8,-0.7363024112994299,Mar21-Jun21,Mar-Jun
2021-03-10,THB,0,2021-03-17,2021-06-16,-0.004455474293229773,-0.06237664010521682,29.934187953860288,-0.057921165811987044,91,7,-0.7655887939992975,Mar21-Jun21,Mar-Jun
2021-03-11,THB,0,2021-03-17,2021-06-16,-0.004193194958960849,-0.05810570157417176,29.970828593060045,-0.05391250661521091,91,6,-0.7117257013237702,Mar21-Jun21,Mar-Jun
2021-03-12,THB,0,2021-03-17,2021-06-16,-0.004190827755761977,-0.057474209221878535,29.75473098996837,-0.05328338146611656,91,5,-0.708529653772015,Mar21-Jun21,Mar-Jun
2021-03-15,THB,0,2021-03-17,2021-06-16,-0.004082395120789949,-0.05423753517620932,29.53585837535569,-0.05015514005541937,91,2,-0.6718726933780803,Mar21-Jun21,Mar-Jun
2021-03-16,THB,0,2021-03-17,2021-06-16,-0.0034177772496148317,-0.04491935813779493,29.58108212806012,-0.041501580888180095,91,1,-0.5550880430977918,Mar21-Jun21,Mar-Jun
2021-03-17,THB,0,2021-06-16,2021-09-15,-0.04363996312476961,-0.08727992624953922,29.533837262035853,-0.04363996312476961,91,91,-0.5854203368388633,Jun21-Sep21,Jun-Sep
2021-03-18,THB,0,2021-06-16,2021-09-15,-0.0500665518313178,-0.10068939868298357,29.499363112850258,-0.05062284685166577,91,90,-0.6800373207907404,Jun21-Sep21,Jun-Sep
2021-03-19,THB,0,2021-06-16,2021-09-15,-0.048822454105245126,-0.09874204201060813,29.38739542094387,-0.049919587905363,91,89,-0.673120960056366,Jun21-Sep21,Jun-Sep
2021-03-22,THB,0,2021-06-16,2021-09-15,-0.05284864777031884,-0.10876989134123762,29.42337154708386,-0.05592124357091877,91,86,-0.753227643925794,Jun21-Sep21,Jun-Sep
2021-03-23,THB,0,2021-06-16,2021-09-15,-0.05431202236028754,-0.11245783453424243,29.270624015364277,-0.0581458121739549,91,85,-0.7873252068061123,Jun21-Sep21,Jun-Sep
2021-03-24,THB,0,2021-06-16,2021-09-15,-0.058191422658610964,-0.12123213053877284,29.301982511340537,-0.06304070788016188,91,84,-0.8528026022268105,Jun21-Sep21,Jun-Sep
2021-03-25,THB,0,2021-06-16,2021-09-15,-0.05665627266931408,-0.11877339089711626,29.169757815294947,-0.062117118227802186,91,83,-0.84408062731536,Jun21-Sep21,Jun-Sep
2021-03-26,THB,0,2021-06-16,2021-09-15,-0.05841354670660705,-0.12323833634442706,29.22153369394602,-0.06482478963782001,91,82,-0.8793630995372245,Jun21-Sep21,Jun-Sep
2021-03-29,THB,0,2021-06-16,2021-09-15,-0.06452129721272999,-0.13884329779954555,29.156864188132836,-0.07432200058681555,91,79,-1.0106477237841756,Jun21-Sep21,Jun-Sep
2021-03-30,THB,0,2021-06-16,2021-09-15,-0.06512849764894323,-0.14111174490604367,29.214694016243236,-0.07598324725710044,91,78,-1.031209421904806,Jun21-Sep21,Jun-Sep
2021-03-31,THB,0,2021-06-16,2021-09-15,-0.05907627057891499,-0.12889368126308726,29.076608960420195,-0.06981741068417227,91,77,-0.9518409043110867,Jun21-Sep21,Jun-Sep
2021-04-01,THB,0,2021-06-16,2021-09-15,-0.05422407749024996,-0.1191502755377861,29.21979759160497,-0.06492619804753613,91,76,-0.8806646413127232,Jun21-Sep21,Jun-Sep
2021-04-02,THB,0,2021-06-16,2021-09-15,-0.05388921609561727,-0.11927479829163289,29.01562033518188,-0.06538558219601562,91,75,-0.8931380385909006,Jun21-Sep21,Jun-Sep
2021-04-05,THB,0,2021-06-16,2021-09-15,-0.05448289499836943,-0.12334322062130858,29.051868251233103,-0.06886032562293914,91,72,-0.9394449590720653,Jun21-Sep21,Jun-Sep
2021-04-06,THB,0,2021-06-16,2021-09-15,-0.04976904926411862,-0.11355754902517207,29.138480136887356,-0.06378849976105344,91,71,-0.8675190460817291,Jun21-Sep21,Jun-Sep
2021-04-07,THB,0,2021-06-16,2021-09-15,-0.04976422404574231,-0.1144577153052073,29.20519647331489,-0.064693491259465,91,70,-0.8778134136522897,Jun21-Sep21,Jun-Sep
2021-04-08,THB,0,2021-06-16,2021-09-15,-0.04900503128532468,-0.11363485515437607,29.312145506958508,-0.06462982386905139,91,69,-0.8737217535141114,Jun21-Sep21,Jun-Sep
2021-04-09,THB,0,2021-06-16,2021-09-15,-0.04691571205485754,-0.10969997377532865,29.263002793628818,-0.06278426172047111,91,68,-0.8501388239309786,Jun21-Sep21,Jun-Sep
2021-04-12,THB,0,2021-06-16,2021-09-15,-0.04567674365002741,-0.10962418476006579,29.094228890234135,-0.06394744111003837,91,65,-0.8708829501424405,Jun21-Sep21,Jun-Sep
2021-04-13,THB,0,2021-06-16,2021-09-15,-0.047435976328978134,-0.11488400517174392,29.005401306010267,-0.0674480288427658,91,64,-0.9214299548077163,Jun21-Sep21,Jun-Sep
2021-04-14,THB,0,2021-06-16,2021-09-15,-0.047101473759788536,-0.11513693585726087,29.092015898458428,-0.06803546209747233,91,63,-0.9266726515072555,Jun21-Sep21,Jun-Sep
2021-04-15,THB,0,2021-06-16,2021-09-15,-0.0441742271518243,-0.10901059281014706,29.146178380263,-0.06483636565832276,91,62,-0.8813671771366561,Jun21-Sep21,Jun-Sep
2021-04-16,THB,0,2021-06-16,2021-09-15,-0.04159689726469919,-0.10365128498744715,29.01758881852469,-0.06205438772274796,91,61,-0.8472182286759318,Jun21-Sep21,Jun-Sep
2021-04-19,THB,0,2021-06-16,2021-09-15,-0.04032273583886958,-0.10358771793088908,28.86702836668905,-0.0632649820920195,91,58,-0.8682193978021268,Jun21-Sep21,Jun-Sep
2021-04-20,THB,0,2021-06-16,2021-09-15,-0.03983845437571292,-0.1034401973264125,28.895090439355407,-0.06360174295069959,91,57,-0.8719774511931548,Jun21-Sep21,Jun-Sep
2021-04-21,THB,0,2021-06-16,2021-09-15,-0.03430618510164902,-0.09005373589182866,28.959185650269497,-0.055747550790179644,91,56,-0.7624569762972451,Jun21-Sep21,Jun-Sep
2021-04-22,THB,0,2021-06-16,2021-09-15,-0.034011225454040186,-0.09028434393254305,28.952870441192065,-0.05627311847850286,91,55,-0.7698053667465233,Jun21-Sep21,Jun-Sep
2021-04-23,THB,0,2021-06-16,2021-09-15,-0.03585112920501185,-0.09626692101345775,29.081861686555293,-0.060415791808445904,91,54,-0.8228583665956922,Jun21-Sep21,Jun-Sep
2021-04-26,THB,0,2021-06-16,2021-09-15,-0.034918213309663645,-0.09722326058769094,29.070261745123663,-0.0623050472780273,91,51,-0.8489016341246401,Jun21-Sep21,Jun-Sep
2021-04-27,THB,0,2021-06-16,2021-09-15,-0.03197535539234801,-0.09017050220642141,28.833623312719705,-0.058195146814073395,91,50,-0.7993381460880744,Jun21-Sep21,Jun-Sep
2021-04-28,THB,0,2021-06-16,2021-09-15,-0.029973809352142222,-0.08563945529183492,28.80337165169362,-0.0556656459396927,91,49,-0.7653449320988662,Jun21-Sep21,Jun-Sep
2021-04-29,THB,0,2021-06-16,2021-09-15,-0.0319720920632746,-0.09258584993323268,28.63592533477614,-0.06061375786995808,91,48,-0.8383131116173633,Jun21-Sep21,Jun-Sep
2021-04-30,THB,0,2021-06-16,2021-09-15,-0.03374116358908161,-0.09906979947432472,28.5710925661514,-0.06532863588524311,91,47,-0.9056304893354871,Jun21-Sep21,Jun-Sep
2021-05-03,THB,0,2021-06-16,2021-09-15,-0.03449314657342663,-0.10583124516846806,28.51493680948484,-0.07133809859504144,91,44,-0.990913825370217,Jun21-Sep21,Jun-Sep
2021-05-04,THB,0,2021-06-16,2021-09-15,-0.03499266526507881,-0.10904691036094327,28.61588020821388,-0.07405424509586446,91,43,-1.0250271209760753,Jun21-Sep21,Jun-Sep
2021-05-05,THB,0,2021-06-16,2021-09-15,-0.029849731198420784,-0.09452414879499915,28.55455468813192,-0.06467441759657837,91,42,-0.8969587563828936,Jun21-Sep21,Jun-Sep
2021-05-06,THB,0,2021-06-16,2021-09-15,-0.027558921392514847,-0.08872628350760878,28.356771025675386,-0.06116736211509393,91,41,-0.8541740317796765,Jun21-Sep21,Jun-Sep
2021-05-07,THB,0,2021-06-16,2021-09-15,-0.02893635477939671,-0.09476656190252424,28.324375206575684,-0.06583020712312752,91,40,-0.9203857709315607,Jun21-Sep21,Jun-Sep
2021-05-10,THB,0,2021-06-16,2021-09-15,-0.02766549311832616,-0.09570765186880402,28.14163435588705,-0.06804215875047787,91,37,-0.9574520488193285,Jun21-Sep21,Jun-Sep
2021-05-11,THB,0,2021-06-16,2021-09-15,-0.02760580441387161,-0.09738714334893593,28.431884534222352,-0.06978133893506433,91,36,-0.9718889423832435,Jun21-Sep21,Jun-Sep
2021-05-12,THB,0,2021-06-16,2021-09-15,-0.026138181293152856,-0.09409745265535027,28.32636968426433,-0.06795927136219741,91,35,-0.9499917507789883,Jun21-Sep21,Jun-Sep
2021-05-13,THB,0,2021-06-16,2021-09-15,-0.026676700727194295,-0.09807610561468491,28.375877554724063,-0.07139940488749061,91,34,-0.9963567778330249,Jun21-Sep21,Jun-Sep
2021-05-14,THB,0,2021-06-16,2021-09-15,-0.02829478604205509,-0.10631980209741913,28.506627386050074,-0.07802501605536405,91,33,-1.0838780399171974,Jun21-Sep21,Jun-Sep
2021-05-17,THB,0,2021-06-16,2021-09-15,-0.026003437816983506,-0.10488053252850013,28.405651219537287,-0.07887709471151663,91,30,-1.099524758742096,Jun21-Sep21,Jun-Sep
2021-05-18,THB,0,2021-06-16,2021-09-15,-0.024734792956726086,-0.10235086740714243,28.301950768775786,-0.07761607445041635,91,29,-1.0858657460621512,Jun21-Sep21,Jun-Sep
2021-05-19,THB,0,2021-06-16,2021-09-15,-0.022065687261488276,-0.09377917086132519,28.369320053363907,-0.07171348359983691,91,28,-1.0008083664753034,Jun21-Sep21,Jun-Sep
2021-05-20,THB,0,2021-06-16,2021-09-15,-0.020358197505820172,-0.08897286317358444,28.741272818875856,-0.06861466566776427,91,27,-0.9451044195123095,Jun21-Sep21,Jun-Sep
2021-05-21,THB,0,2021-06-16,2021-09-15,-0.02053928946553235,-0.09242680259489558,28.62315983366125,-0.07188751312936323,91,26,-0.9942800918923637,Jun21-Sep21,Jun-Sep
2021-05-24,THB,0,2021-06-16,2021-09-15,-0.01841273084417994,-0.09126310070593535,28.549901040370635,-0.07285036986175542,91,23,-1.0101094701426057,Jun21-Sep21,Jun-Sep
2021-05-25,THB,0,2021-06-16,2021-09-15,-0.01751248173146509,-0.08995047434797977,28.543870589018926,-0.07243799261651468,91,22,-1.004572268919617,Jun21-Sep21,Jun-Sep
2021-05-26,THB,0,2021-06-16,2021-09-15,-0.016084272635448184,-0.08578278738905698,28.406322458201284,-0.0696985147536088,91,21,-0.971215479891404,Jun21-Sep21,Jun-Sep
2021-05-27,THB,0,2021-06-16,2021-09-15,-0.01707348967127347,-0.09475786767556776,28.503826619792648,-0.07768437800429429,91,20,-1.0788271049323852,Jun21-Sep21,Jun-Sep
2021-05-28,THB,0,2021-06-16,2021-09-15,-0.015056584786076625,-0.08716970139307521,28.411300407555608,-0.0721131166069986,91,19,-1.0046492799722289,Jun21-Sep21,Jun-Sep
2021-05-31,THB,0,2021-06-16,2021-09-15,-0.012694869031005276,-0.08489693664484779,28.331563842571107,-0.07220206761384251,91,16,-1.0086368684586713,Jun21-Sep21,Jun-Sep
2021-06-01,THB,0,2021-06-16,2021-09-15,-0.010980107076091478,-0.07759275667104645,28.304913082115018,-0.06661264959495497,91,15,-0.9313748288676614,Jun21-Sep21,Jun-Sep
2021-06-02,THB,0,2021-06-16,2021-09-15,-0.010249295111867836,-0.07686971333900877,28.285015851801113,-0.06662041822714093,91,14,-0.9321148676795623,Jun21-Sep21,Jun-Sep
2021-06-03,THB,0,2021-06-16,2021-09-15,-0.009917079949221488,-0.07933663959377191,28.15200807790425,-0.06941955964455042,91,13,-0.9758579395646629,Jun21-Sep21,Jun-Sep
2021-06-04,THB,0,2021-06-16,2021-09-15,-0.009530077861060417,-0.0817998349741019,28.392438018660563,-0.07226975711304148,91,12,-1.0073045948221167,Jun21-Sep21,Jun-Sep
2021-06-07,THB,0,2021-06-16,2021-09-15,-0.006825968539067142,-0.0758440948785238,28.25807758768047,-0.06901812633945666,91,9,-0.9664660003158423,Jun21-Sep21,Jun-Sep
2021-06-08,THB,0,2021-06-16,2021-09-15,-0.005939228637488482,-0.07349795438891994,28.279364070025228,-0.06755872575143146,91,8,-0.9452879875229917,Jun21-Sep21,Jun-Sep
2021-06-09,THB,0,2021-06-16,2021-09-15,-0.004843305023555926,-0.06780627032978297,28.258838966095173,-0.06296296530622704,91,7,-0.8815894974369795,Jun21-Sep21,Jun-Sep
2021-06-10,THB,0,2021-06-16,2021-09-15,-0.0048922231008418264,-0.06779223439737961,28.193592724682013,-0.06290001129653779,91,6,-0.8827480696061265,Jun21-Sep21,Jun-Sep
2021-06-11,THB,0,2021-06-16,2021-09-15,-0.00477043492134858,-0.06542310749278053,28.29524336102285,-0.060652672571431955,91,5,-0.8481464391595716,Jun21-Sep21,Jun-Sep
2021-06-14,THB,0,2021-06-16,2021-09-15,-0.005026035877042792,-0.06677447665213994,28.27787147172667,-0.06174844077509715,91,2,-0.8640076446416086,Jun21-Sep21,Jun-Sep
2021-06-15,THB,0,2021-06-16,2021-09-15,-0.004382161932277635,-0.057594128252791775,28.261691247208685,-0.05321196632051414,91,1,-0.7449714235570133,Jun21-Sep21,Jun-Sep
2021-06-16,THB,0,2021-09-15,2021-12-15,-0.05752985306620652,-0.11505970613241304,28.36361979017274,-0.05752985306620652,91,91,-0.8040341425479415,Sep21-Dec21,Sep-Dec
2021-06-17,THB,0,2021-09-15,2021-12-15,-0.05843492384260051,-0.11751912461678547,28.40676303845359,-0.05908420077418496,91,90,-0.8245272681528184,Sep21-Dec21,Sep-Dec
2021-06-18,THB,0,2021-09-15,2021-12-15,-0.05704966869973343,-0.11538135242642715,28.302483042135627,-0.05833168372669372,91,89,-0.8169911992566028,Sep21-Dec21,Sep-Dec
2021-06-21,THB,0,2021-09-15,2021-12-15,-0.055817667344526076,-0.11488054790675715,28.31313503014933,-0.05906288056223108,91,86,-0.8268844090002503,Sep21-Dec21,Sep-Dec
2021-06-22,THB,0,2021-09-15,2021-12-15,-0.057088199971215815,-0.11820615523451745,28.155699488290466,-0.06111795526330164,91,85,-0.8604884954782779,Sep21-Dec21,Sep-Dec
2021-06-23,THB,0,2021-09-15,2021-12-15,-0.0540307326455431,-0.11256402634488147,28.288216100329603,-0.058533293699338365,91,84,-0.8201415403032717,Sep21-Dec21,Sep-Dec
2021-06-24,THB,0,2021-09-15,2021-12-15,-0.0546214673156024,-0.11450765437246768,28.46394368882602,-0.059886187056865284,91,83,-0.8339248170357589,Sep21-Dec21,Sep-Dec
2021-06-25,THB,0,2021-09-15,2021-12-15,-0.05867905642256828,-0.12379849708663795,28.428818190118854,-0.06511944066406967,91,82,-0.908051132375566,Sep21-Dec21,Sep-Dec
2021-06-28,THB,0,2021-09-15,2021-12-15,-0.05821989952401389,-0.12528332808965015,28.340659174444845,-0.06706342856563625,91,79,-0.9380586613118744,Sep21-Dec21,Sep-Dec
2021-06-29,THB,0,2021-09-15,2021-12-15,-0.061974338471707045,-0.13427773335536528,28.290118603812,-0.07230339488365822,91,78,-1.0132986626476768,Sep21-Dec21,Sep-Dec
2021-06-30,THB,0,2021-09-15,2021-12-15,-0.059390275031603074,-0.12957878188713398,28.3095231354604,-0.07018850685553091,91,77,-0.9828938493896642,Sep21-Dec21,Sep-Dec
2021-07-01,THB,0,2021-09-15,2021-12-15,-0.05924997380571799,-0.1301940213888803,28.31021095160255,-0.07094404758316232,91,76,-0.9934450402563488,Sep21-Dec21,Sep-Dec
2021-07-02,THB,0,2021-09-15,2021-12-15,-0.06201980146306892,-0.13727049390492588,28.402711229047735,-0.07525069244185695,91,75,-1.0504156110071752,Sep21-Dec21,Sep-Dec
2021-07-05,THB,0,2021-09-15,2021-12-15,-0.05605830557213189,-0.12518119776842104,28.285811120723547,-0.06912289219628914,91,72,-0.9686701888180673,Sep21-Dec21,Sep-Dec
2021-07-06,THB,0,2021-09-15,2021-12-15,-0.05788317154928132,-0.130496190449512,28.35488511588727,-0.07261301890023067,91,71,-1.015161588904099,Sep21-Dec21,Sep-Dec
2021-07-07,THB,0,2021-09-15,2021-12-15,-0.05323333485005122,-0.12102915173608822,28.15036838059162,-0.067795816886037,91,70,-0.9545572215830334,Sep21-Dec21,Sep-Dec
2021-07-08,THB,0,2021-09-15,2021-12-15,-0.052205520976454055,-0.11980983270714299,28.045075904276814,-0.06760431173068893,91,69,-0.9554062343826578,Sep21-Dec21,Sep-Dec
2021-07-09,THB,0,2021-09-15,2021-12-15,-0.05109288528985406,-0.11837181372458477,28.166758417449294,-0.06727892843473071,91,68,-0.9466551588433659,Sep21-Dec21,Sep-Dec
2021-07-12,THB,0,2021-09-15,2021-12-15,-0.048106936821489386,-0.11482939477856255,28.22641168553957,-0.06672245795707316,91,65,-0.9367383129941182,Sep21-Dec21,Sep-Dec
2021-07-13,THB,0,2021-09-15,2021-12-15,-0.0506212763089629,-0.12212832862387137,28.20449621388876,-0.07150705231490848,91,64,-1.0047819092473078,Sep21-Dec21,Sep-Dec
2021-07-14,THB,0,2021-09-15,2021-12-15,-0.05286620958782002,-0.1289146311824546,28.249302899488253,-0.0760484215946346,91,63,-1.0669819804709686,Sep21-Dec21,Sep-Dec
2021-07-15,THB,0,2021-09-15,2021-12-15,-0.0496528312025897,-0.12237362620935936,28.214561659191983,-0.07272079500676966,91,62,-1.0214365092471214,Sep21-Dec21,Sep-Dec
2021-07-16,THB,0,2021-09-15,2021-12-15,-0.051641500715770734,-0.1286804607999533,28.118301266562145,-0.07703896008418257,91,61,-1.0858773896272524,Sep21-Dec21,Sep-Dec
2021-07-19,THB,0,2021-09-15,2021-12-15,-0.05212757946648823,-0.13391395414666807,28.072089323301327,-0.08178637468017984,91,58,-1.154714257636198,Sep21-Dec21,Sep-Dec
2021-07-20,THB,0,2021-09-15,2021-12-15,-0.05008384634458959,-0.1300422677017414,28.00398345932569,-0.07995842135715181,91,57,-1.131573891028431,Sep21-Dec21,Sep-Dec
2021-07-21,THB,0,2021-09-15,2021-12-15,-0.04752440947179988,-0.1247515748634747,28.077661857870243,-0.07722716539167482,91,56,-1.0899484936617543,Sep21-Dec21,Sep-Dec
2021-07-22,THB,0,2021-09-15,2021-12-15,-0.048155030810636025,-0.12782971815187016,28.217478332615475,-0.07967468734123415,91,55,-1.118935524041415,Sep21-Dec21,Sep-Dec
2021-07-23,THB,0,2021-09-15,2021-12-15,-0.049662665310935744,-0.1333534531497349,28.215621444477183,-0.08369078783879916,91,54,-1.1754772418794115,Sep21-Dec21,Sep-Dec
2021-07-26,THB,0,2021-09-15,2021-12-15,-0.04514353618241158,-0.12569376740985183,28.271944785738626,-0.08055023122744026,91,51,-1.1289279737649007,Sep21-Dec21,Sep-Dec
2021-07-27,THB,0,2021-09-15,2021-12-15,-0.045198329701458775,-0.12745928975811374,28.114359934448924,-0.08226096005665497,91,50,-1.1593790310981638,Sep21-Dec21,Sep-Dec
2021-07-28,THB,0,2021-09-15,2021-12-15,-0.04633032803879615,-0.13237236582513184,28.037836266805638,-0.08604203778633569,91,49,-1.21603347920954,Sep21-Dec21,Sep-Dec
2021-07-29,THB,0,2021-09-15,2021-12-15,-0.045361124426014254,-0.13135825615033295,28.055453996053274,-0.08599713172431869,91,48,-1.2145923069741436,Sep21-Dec21,Sep-Dec
2021-07-30,THB,0,2021-09-15,2021-12-15,-0.04256810171720572,-0.12498719227605085,28.012598681036998,-0.08241909055884512,91,47,-1.1657246642734793,Sep21-Dec21,Sep-Dec
2021-08-02,THB,0,2021-09-15,2021-12-15,-0.04104355421555583,-0.1238954717927579,28.15774622266444,-0.08285191757720206,91,44,-1.1657335201888648,Sep21-Dec21,Sep-Dec
2021-08-03,THB,0,2021-09-15,2021-12-15,-0.037829280695004935,-0.11600924416634804,28.160272317800512,-0.07817996347134311,91,43,-1.0997741965962042,Sep21-Dec21,Sep-Dec
2021-08-04,THB,0,2021-09-15,2021-12-15,-0.03738454124573042,-0.11666745076106608,28.09521573404071,-0.07928290951533565,91,42,-1.1178578730856026,Sep21-Dec21,Sep-Dec
2021-08-05,THB,0,2021-09-15,2021-12-15,-0.03591464740387614,-0.11406679277590862,28.095345438759907,-0.07815214537203247,91,41,-1.1018517255387534,Sep21-Dec21,Sep-Dec
2021-08-06,THB,0,2021-09-15,2021-12-15,-0.03458856727344354,-0.11186718376374984,28.207481135555437,-0.07727861649030629,91,40,-1.085148083239795,Sep21-Dec21,Sep-Dec
2021-08-09,THB,0,2021-09-15,2021-12-15,-0.031506241056644256,-0.10805951899333487,28.051339862492984,-0.07655327793669062,91,37,-1.0808348707149824,Sep21-Dec21,Sep-Dec
2021-08-10,THB,0,2021-09-15,2021-12-15,-0.029060187384139624,-0.10173762893532762,28.08915611393812,-0.072677441551188,91,36,-1.0246406646002957,Sep21-Dec21,Sep-Dec
2021-08-11,THB,0,2021-09-15,2021-12-15,-0.029521424686254277,-0.10565360027966779,28.058786588142286,-0.07613217559341351,91,35,-1.074527752905421,Sep21-Dec21,Sep-Dec
2021-08-12,THB,0,2021-09-15,2021-12-15,-0.02830609520017548,-0.10359916069701454,28.04194645313035,-0.07529306549683906,91,34,-1.0632772923654497,Sep21-Dec21,Sep-Dec
2021-08-13,THB,0,2021-09-15,2021-12-15,-0.028924310656664873,-0.10837225996325227,28.17257083396268,-0.0794479493065874,91,33,-1.1167692125970319,Sep21-Dec21,Sep-Dec
2021-08-16,THB,0,2021-09-15,2021-12-15,-0.029363063762760447,-0.11843102384313381,28.34344375008141,-0.08906796008037336,91,30,-1.244457727788347,Sep21-Dec21,Sep-Dec
2021-08-17,THB,0,2021-09-15,2021-12-15,-0.027786668137695945,-0.11497931643184531,28.258036857296,-0.08719264829414936,91,29,-1.221873511514278,Sep21-Dec21,Sep-Dec
2021-08-18,THB,0,2021-09-15,2021-12-15,-0.026667978436354482,-0.11333890835450655,28.152668458554,-0.08667092991815206,91,28,-1.219064220345838,Sep21-Dec21,Sep-Dec
2021-08-19,THB,0,2021-09-15,2021-12-15,-0.025101139056858457,-0.10970127439664065,28.299985052132385,-0.0846001353397822,91,27,-1.183671894534935,Sep21-Dec21,Sep-Dec
2021-08-20,THB,0,2021-09-15,2021-12-15,-0.023767931509767484,-0.10695569179395367,28.20677764120303,-0.08318776028418619,91,26,-1.167705080752595,Sep21-Dec21,Sep-Dec
2021-08-23,THB,0,2021-09-15,2021-12-15,-0.024234708038853664,-0.12011985723605728,28.201143911604333,-0.09588514919720362,91,23,-1.3462295037951757,Sep21-Dec21,Sep-Dec
2021-08-24,THB,0,2021-09-15,2021-12-15,-0.02421469136567697,-0.12437546019643173,28.242428620518048,-0.10016076883075475,91,22,-1.4042008653009295,Sep21-Dec21,Sep-Dec
2021-08-25,THB,0,2021-09-15,2021-12-15,-0.022300009023033564,-0.11893338145617899,28.403450149840662,-0.09663337243314543,91,21,-1.346971025027241,Sep21-Dec21,Sep-Dec
2021-08-26,THB,0,2021-09-15,2021-12-15,-0.020366335865812882,-0.1130331640552615,28.3275959852426,-0.09266682818944862,91,20,-1.2950544794576775,Sep21-Dec21,Sep-Dec
2021-08-27,THB,0,2021-09-15,2021-12-15,-0.019527280812392113,-0.1130526783875333,28.258741452009435,-0.0935253975751412,91,19,-1.3102014155588864,Sep21-Dec21,Sep-Dec
2021-08-30,THB,0,2021-09-15,2021-12-15,-0.016091206492220966,-0.10760994341672772,28.246491945613432,-0.09151873692450675,91,16,-1.2824902820924027,Sep21-Dec21,Sep-Dec
2021-08-31,THB,0,2021-09-15,2021-12-15,-0.01567164989305666,-0.11074632591093371,28.061495502706936,-0.09507467601787706,91,15,-1.3410894948469056,Sep21-Dec21,Sep-Dec
2021-09-01,THB,0,2021-09-15,2021-12-15,-0.013196639617896622,-0.09686763982098076,27.99509001881204,-0.08367100020308414,91,14,-1.1829297973656374,Sep21-Dec21,Sep-Dec
2021-09-02,THB,0,2021-09-15,2021-12-15,-0.012660515268921707,-0.09933626582578971,27.869328966047235,-0.086675750556868,91,13,-1.2309191952797363,Sep21-Dec21,Sep-Dec
2021-09-03,THB,0,2021-09-15,2021-12-15,-0.01198016397942157,-0.10103071872999528,27.884842447284516,-0.0890505547505737,91,12,-1.2639100545994806,Sep21-Dec21,Sep-Dec
2021-09-06,THB,0,2021-09-15,2021-12-15,-0.009376144679538007,-0.10283062612390535,27.874356888757365,-0.09345448144436734,91,9,-1.3267909275759162,Sep21-Dec21,Sep-Dec
2021-09-07,THB,0,2021-09-15,2021-12-15,-0.008396383032938515,-0.10271150584768302,27.754319799648346,-0.0943151228147445,91,8,-1.3447552852084097,Sep21-Dec21,Sep-Dec
2021-09-08,THB,0,2021-09-15,2021-12-15,-0.007360906315654692,-0.10200811280807734,27.755866237489954,-0.09464720649242264,91,7,-1.3493646044428358,Sep21-Dec21,Sep-Dec
2021-09-09,THB,0,2021-09-15,2021-12-15,-0.007522112973141218,-0.10334295615188777,27.65317503942824,-0.09582084317874655,91,6,-1.3711792900270532,Sep21-Dec21,Sep-Dec
2021-09-10,THB,0,2021-09-15,2021-12-15,-0.0070414003604923545,-0.09582704945329852,27.555041393051233,-0.08878564909280617,91,5,-1.2750106380507777,Sep21-Dec21,Sep-Dec
2021-09-13,THB,0,2021-09-15,2021-12-15,-0.006888580465851513,-0.09122461818508824,27.44371580818417,-0.08433603771923673,91,2,-1.2160191465535548,Sep21-Dec21,Sep-Dec
2021-09-14,THB,0,2021-09-15,2021-12-15,-0.006879357974535717,-0.0902672697442015,27.369779043545503,-0.08338791176966578,91,1,-1.2055968049960264,Sep21-Dec21,Sep-Dec
2021-09-15,THB,0,2021-12-15,2022-03-16,-0.08819425144648546,-0.17182482448946693,27.382070421023908,-0.08363057304298147,91,91,-1.2121628345187119,Dec21-Mar22,Dec-Mar
2021-09-16,THB,0,2021-12-15,2022-03-16,-0.08484331316366107,-0.16607339098420767,27.335632936263984,-0.0812300778205466,91,90,-1.179230997910477,Dec21-Mar22,Dec-Mar
2021-09-17,THB,0,2021-12-15,2022-03-16,-0.0825224040401141,-0.1623637037079449,27.213242508771526,-0.0798412996678308,91,89,-1.1641994380331397,Dec21-Mar22,Dec-Mar
2021-09-20,THB,0,2021-12-15,2022-03-16,-0.0849096605363191,-0.17022817023999987,27.166554020127432,-0.08531850970368077,91,86,-1.2463193525853895,Dec21-Mar22,Dec-Mar
2021-09-21,THB,0,2021-12-15,2022-03-16,-0.0839219618773712,-0.16922835591780794,27.236826169669957,-0.08530639404043673,91,85,-1.242872003572719,Dec21-Mar22,Dec-Mar
2021-09-22,THB,0,2021-12-15,2022-03-16,-0.07523444453699027,-0.15222265244000682,27.09464207233719,-0.07698820790301655,91,84,-1.1272221018199247,Dec21-Mar22,Dec-Mar
2021-09-23,THB,0,2021-12-15,2022-03-16,-0.0750416238137433,-0.15280557196994915,27.063619524257103,-0.07776394815620585,91,83,-1.1398807237502457,Dec21-Mar22,Dec-Mar
2021-09-24,THB,0,2021-12-15,2022-03-16,-0.07842011203261322,-0.16091969193249553,27.165705598350257,-0.08249957989988231,91,82,-1.2048898905132075,Dec21-Mar22,Dec-Mar
2021-09-27,THB,0,2021-12-15,2022-03-16,-0.07709401173504767,-0.16133671461642168,27.370749893224485,-0.08424270288137402,91,79,-1.221045055384778,Dec21-Mar22,Dec-Mar
2021-09-28,THB,0,2021-12-15,2022-03-16,-0.07527459253445799,-0.15852998151469538,27.389813859781352,-0.08325538898023739,91,78,-1.2058119493097315,Dec21-Mar22,Dec-Mar
2021-09-29,THB,0,2021-12-15,2022-03-16,-0.07525819066656189,-0.15968320847088793,27.098881536937206,-0.08442501780432604,91,77,-1.2359152477226527,Dec21-Mar22,Dec-Mar
2021-09-30,THB,0,2021-12-15,2022-03-16,-0.07463478000780482,-0.15949056153587332,27.057282992923593,-0.0848557815280685,91,76,-1.2441076909893722,Dec21-Mar22,Dec-Mar
2021-10-01,THB,0,2021-12-15,2022-03-16,-0.0717748334563253,-0.15435476464234438,27.04120044593345,-0.08257993118601908,91,75,-1.2113340578816352,Dec21-Mar22,Dec-Mar
2021-10-04,THB,0,2021-12-15,2022-03-16,-0.06418122453369118,-0.14453078184224744,27.134046711097085,-0.08034955730855625,91,72,-1.1742444036861206,Dec21-Mar22,Dec-Mar
2021-10-05,THB,0,2021-12-15,2022-03-16,-0.06086846802221647,-0.13780035420568681,27.129413292460594,-0.07693188618347035,91,71,-1.1243527324320741,Dec21-Mar22,Dec-Mar
2021-10-06,THB,0,2021-12-15,2022-03-16,-0.05261590878165273,-0.1196219533825022,26.992970618691707,-0.06700604460084947,91,70,-0.9839471700203375,Dec21-Mar22,Dec-Mar
2021-10-07,THB,0,2021-12-15,2022-03-16,-0.05097319429634693,-0.1164840273299431,26.957438350504134,-0.06551083303359617,91,69,-0.9632024629521504,Dec21-Mar22,Dec-Mar
2021-10-08,THB,0,2021-12-15,2022-03-16,-0.050244779967482486,-0.11544471275948737,26.928067414480886,-0.06519993279200488,91,68,-0.9596528839545191,Dec21-Mar22,Dec-Mar
2021-10-11,THB,0,2021-12-15,2022-03-16,-0.05106262924116357,-0.11948583007039187,27.039530368241387,-0.06842320082922831,91,65,-1.0029661287605915,Dec21-Mar22,Dec-Mar
2021-10-12,THB,0,2021-12-15,2022-03-16,-0.04747494994643224,-0.11156941567560452,26.99067692267753,-0.06409446572917228,91,64,-0.9410927625468333,Dec21-Mar22,Dec-Mar
2021-10-13,THB,0,2021-12-15,2022-03-16,-0.045304769240100295,-0.10697786344364647,27.003307133141085,-0.06167309420354618,91,63,-0.9050428450929016,Dec21-Mar22,Dec-Mar
2021-10-14,THB,0,2021-12-15,2022-03-16,-0.04568812078992334,-0.10863182704730576,26.900794790015567,-0.06294370625738241,91,62,-0.9272280009070849,Dec21-Mar22,Dec-Mar
2021-10-15,THB,0,2021-12-15,2022-03-16,-0.043612258678913586,-0.1041901315552059,26.8982256715382,-0.060577872876292314,91,61,-0.89239313997163,Dec21-Mar22,Dec-Mar
2021-10-18,THB,0,2021-12-15,2022-03-16,-0.04104040305919757,-0.10097443474771238,26.741673150322647,-0.05993403168851481,91,58,-0.8880001686364039,Dec21-Mar22,Dec-Mar
2021-10-19,THB,0,2021-12-15,2022-03-16,-0.03844066635589262,-0.09537430476667623,26.61928936542764,-0.05693363841078361,91,57,-0.847346819811781,Dec21-Mar22,Dec-Mar
2021-10-20,THB,0,2021-12-15,2022-03-16,-0.034217077619468725,-0.08537528489622481,26.6672631292835,-0.05115820727675609,91,56,-0.7598984971777806,Dec21-Mar22,Dec-Mar
2021-10-21,THB,0,2021-12-15,2022-03-16,-0.03342865671681425,-0.08430756781176485,26.581925564488742,-0.0508789110949506,91,55,-0.7581567025301459,Dec21-Mar22,Dec-Mar
2021-10-22,THB,0,2021-12-15,2022-03-16,-0.02849276230229801,-0.07208318968427027,26.550921209179673,-0.04359042738197226,91,54,-0.6501879989278518,Dec21-Mar22,Dec-Mar
2021-10-25,THB,0,2021-12-15,2022-03-16,-0.026056420276767616,-0.0681527180421882,26.379183429341403,-0.04209629776542058,91,51,-0.6319356495699459,Dec21-Mar22,Dec-Mar
2021-10-26,THB,0,2021-12-15,2022-03-16,-0.026794819167437443,-0.0711641875868373,26.383214792017647,-0.04436936841939986,91,50,-0.6659750146259024,Dec21-Mar22,Dec-Mar
2021-10-27,THB,0,2021-12-15,2022-03-16,-0.026872985430094004,-0.07237936095348455,26.40358450927556,-0.04550637552339054,91,49,-0.6825157931003683,Dec21-Mar22,Dec-Mar
2021-10-28,THB,0,2021-12-15,2022-03-16,-0.024753138115858872,-0.06728352233324504,26.384640763577664,-0.04253038421738617,91,48,-0.638288265193112,Dec21-Mar22,Dec-Mar
2021-10-29,THB,0,2021-12-15,2022-03-16,-0.023435700673922474,-0.0644153583020167,26.37508759232131,-0.04097965762809422,91,47,-0.6152074547241787,Dec21-Mar22,Dec-Mar
2021-11-01,THB,0,2021-12-15,2022-03-16,-0.02103178347217552,-0.06621711980467292,26.260124515429236,-0.0451853363324974,91,44,-0.6812551734393139,Dec21-Mar22,Dec-Mar
2021-11-02,THB,0,2021-12-15,2022-03-16,-0.022760944210611006,-0.07227863580220373,26.38326562532202,-0.04951769159159272,91,43,-0.743135106508571,Dec21-Mar22,Dec-Mar
2021-11-03,THB,0,2021-12-15,2022-03-16,-0.024059474746620207,-0.07718288335353485,26.42652542831131,-0.05312340860691464,91,42,-0.7959807235939432,Dec21-Mar22,Dec-Mar
2021-11-04,THB,0,2021-12-15,2022-03-16,-0.02257834551544003,-0.07331751608255606,26.3858483452428,-0.05073917056711603,91,41,-0.7613865391463266,Dec21-Mar22,Dec-Mar
2021-11-05,THB,0,2021-12-15,2022-03-16,-0.025266707725007567,-0.08299689582461861,26.404350108970373,-0.05773018809961104,91,40,-0.8657736822726884,Dec21-Mar22,Dec-Mar
2021-11-08,THB,0,2021-12-15,2022-03-16,-0.02438703282657324,-0.08340116457981499,26.452840226170892,-0.059014131753241744,91,37,-0.8833755707745595,Dec21-Mar22,Dec-Mar
2021-11-09,THB,0,2021-12-15,2022-03-16,-0.02663633203637282,-0.09258213773880902,26.19616119811716,-0.0659458057024362,91,36,-0.9969019590940837,Dec21-Mar22,Dec-Mar
2021-11-10,THB,0,2021-12-15,2022-03-16,-0.02558313339283884,-0.09027169540556573,26.148521108435297,-0.0646885620127269,91,35,-0.9796401730161943,Dec21-Mar22,Dec-Mar
2021-11-11,THB,0,2021-12-15,2022-03-16,-0.02329508668688327,-0.08336409298638381,26.02209643347449,-0.060069006299500544,91,34,-0.9140253281179385,Dec21-Mar22,Dec-Mar
2021-11-12,THB,0,2021-12-15,2022-03-16,-0.021552551022221828,-0.07821312646741893,26.138043808766326,-0.056660575445197106,91,33,-0.8582765763738287,Dec21-Mar22,Dec-Mar
2021-11-15,THB,0,2021-12-15,2022-03-16,-0.018496855387017615,-0.0702604910330882,26.060954167297158,-0.051763635646070574,91,30,-0.7863283233523928,Dec21-Mar22,Dec-Mar
2021-11-16,THB,0,2021-12-15,2022-03-16,-0.01750758275260879,-0.06811612547157667,25.974267235310105,-0.05060854271896788,91,29,-0.7713197726814199,Dec21-Mar22,Dec-Mar
2021-11-17,THB,0,2021-12-15,2022-03-16,-0.01689004297097571,-0.06743588763191896,26.080769968366887,-0.05054584466094325,91,28,-0.7671980681557363,Dec21-Mar22,Dec-Mar
2021-11-18,THB,0,2021-12-15,2022-03-16,-0.01859552973221008,-0.07695695435701676,25.874386835852683,-0.058361424624806674,91,27,-0.8929541487226889,Dec21-Mar22,Dec-Mar
2021-11-19,THB,0,2021-12-15,2022-03-16,-0.01840277088612344,-0.07847672105612062,26.014487588609196,-0.060073950169997184,91,26,-0.9141960766479786,Dec21-Mar22,Dec-Mar
2021-11-22,THB,0,2021-12-15,2022-03-16,-0.016648645789305916,-0.0781710918971768,26.089697307601952,-0.06152244610787089,91,23,-0.9334754222376337,Dec21-Mar22,Dec-Mar
2021-11-23,THB,0,2021-12-15,2022-03-16,-0.016962740517173967,-0.08271567660929566,26.46676173713309,-0.06575293609212168,91,22,-0.9834536188826203,Dec21-Mar22,Dec-Mar
2021-11-24,THB,0,2021-12-15,2022-03-16,-0.01554455030188175,-0.07847463258686516,26.57781413902511,-0.06293008228498341,91,21,-0.9372473645194024,Dec21-Mar22,Dec-Mar
2021-11-25,THB,0,2021-12-15,2022-03-16,-0.014905919526955172,-0.07829614450309418,26.590253229042254,-0.063390224976139,91,20,-0.943635894832999,Dec21-Mar22,Dec-Mar
2021-11-26,THB,0,2021-12-15,2022-03-16,-0.014321095879141325,-0.07847763396652925,26.603842528891587,-0.06415653808738793,91,19,-0.9545342340242317,Dec21-Mar22,Dec-Mar
2021-11-29,THB,0,2021-12-15,2022-03-16,-0.012493430429330417,-0.07909664278877748,26.719039244217917,-0.06660321235944706,91,16,-0.9865942138113105,Dec21-Mar22,Dec-Mar
2021-11-30,THB,0,2021-12-15,2022-03-16,-0.010707021562910106,-0.07123378128248369,26.575026572486397,-0.06052675971957358,91,15,-0.9013839842895995,Dec21-Mar22,Dec-Mar
2021-12-01,THB,0,2021-12-15,2022-03-16,-0.010213940050742727,-0.0721508185765164,26.722390824324364,-0.06193687852577367,91,14,-0.9172783446652365,Dec21-Mar22,Dec-Mar
2021-12-02,THB,0,2021-12-15,2022-03-16,-0.009334474356994665,-0.07024206943228278,26.60235254204729,-0.06090759507528812,91,13,-0.9060766354591363,Dec21-Mar22,Dec-Mar
2021-12-03,THB,0,2021-12-15,2022-03-16,-0.008237273513771385,-0.06625753701805763,26.67436385088056,-0.05802026350428625,91,12,-0.8607576060897434,Dec21-Mar22,Dec-Mar
2021-12-06,THB,0,2021-12-15,2022-03-16,-0.005821725868396948,-0.06022134611872874,26.786981180757493,-0.05439962025033179,91,9,-0.8035771911403718,Dec21-Mar22,Dec-Mar
2021-12-07,THB,0,2021-12-15,2022-03-16,-0.004916684009149626,-0.05635947556786193,26.90693427218819,-0.05144279155871231,91,8,-0.756485806169796,Dec21-Mar22,Dec-Mar
2021-12-08,THB,0,2021-12-15,2022-03-16,-0.004378310466060905,-0.05680277788411915,26.961411844401148,-0.05242446741805824,91,7,-0.7693483677161689,Dec21-Mar22,Dec-Mar
2021-12-09,THB,0,2021-12-15,2022-03-16,-0.004253698872606589,-0.05444790680498483,26.977236863953003,-0.05019420793237824,91,6,-0.7361829120049701,Dec21-Mar22,Dec-Mar
2021-12-10,THB,0,2021-12-15,2022-03-16,-0.0042798544478204435,-0.05420549801889319,26.937892164437418,-0.04992564357107275,91,5,-0.7333143368507214,Dec21-Mar22,Dec-Mar
2021-12-13,THB,0,2021-12-15,2022-03-16,-0.003984515895914647,-0.04843934253413769,26.9867833552272,-0.04445482663822304,91,2,-0.6517679996293778,Dec21-Mar22,Dec-Mar
2021-12-14,THB,0,2021-12-15,2022-03-16,-0.0041652207101093635,-0.05025133606365989,26.94938818666481,-0.046086115353550526,91,1,-0.676627164422858,Dec21-Mar22,Dec-Mar
2021-12-15,THB,0,2022-03-16,2022-06-15,-0.04730364266796302,-0.09911832042816972,27.066210553462106,-0.0518146777602067,91,91,-0.758658162835338,Mar22-Jun22,Mar-Jun
2021-12-16,THB,0,2022-03-16,2022-06-15,-0.04592708301220699,-0.0969115234198719,26.98253291729699,-0.05098444040766491,91,90,-0.7487828591615481,Mar22-Jun22,Mar-Jun
2021-12-17,THB,0,2022-03-16,2022-06-15,-0.04809826334710998,-0.10188223173235618,27.021838793400192,-0.0537839683852462,91,89,-0.7888106687519134,Mar22-Jun22,Mar-Jun
2021-12-20,THB,0,2022-03-16,2022-06-15,-0.044316714942107836,-0.09596890444447631,26.984653020123716,-0.051652189502368474,91,86,-0.7584847114843856,Mar22-Jun22,Mar-Jun
2021-12-21,THB,0,2022-03-16,2022-06-15,-0.05110674806952277,-0.11065768371138679,27.106513531771657,-0.05955093564186402,91,85,-0.8707543039592399,Mar22-Jun22,Mar-Jun
2021-12-22,THB,0,2022-03-16,2022-06-15,-0.050707415709114766,-0.11053086964734471,27.085404480123398,-0.059823453938229944,91,84,-0.875409155938054,Mar22-Jun22,Mar-Jun
2021-12-23,THB,0,2022-03-16,2022-06-15,-0.05073680335149278,-0.11131605444726296,27.100795777785592,-0.06057925109577018,91,83,-0.8859654627207373,Mar22-Jun22,Mar-Jun
2021-12-24,THB,0,2022-03-16,2022-06-15,-0.05211948668744077,-0.11498781410406586,27.18656436963612,-0.0628683274166251,91,82,-0.916583581407323,Mar22-Jun22,Mar-Jun
2021-12-27,THB,0,2022-03-16,2022-06-15,-0.046020228992777856,-0.10424376644956458,27.152876092969183,-0.058223537456786725,91,79,-0.8497292146726867,Mar22-Jun22,Mar-Jun
2021-12-28,THB,0,2022-03-16,2022-06-15,-0.042666016093311505,-0.0977049532766027,27.061294668485722,-0.05503893718329119,91,78,-0.8058753003060193,Mar22-Jun22,Mar-Jun
2021-12-29,THB,0,2022-03-16,2022-06-15,-0.04984626089925184,-0.11410050587032121,27.136293688379553,-0.06425424497106937,91,77,-0.9384494520683765,Mar22-Jun22,Mar-Jun
2021-12-30,THB,0,2022-03-16,2022-06-15,-0.04694654154278685,-0.10853559435657237,26.942817590380052,-0.061589052813785516,91,76,-0.9058974133986033,Mar22-Jun22,Mar-Jun
2021-12-31,THB,0,2022-03-16,2022-06-15,-0.048791254187774524,-0.11342055010167612,26.847894227811224,-0.0646292959139016,91,75,-0.9540481102490636,Mar22-Jun22,Mar-Jun
2022-01-03,THB,0,2022-03-16,2022-06-15,-0.04812269326374321,-0.10894443058319643,26.903041379944696,-0.06082173731945322,91,72,-0.8959754044537782,Mar22-Jun22,Mar-Jun
2022-01-04,THB,0,2022-03-16,2022-06-15,-0.04794202512823534,-0.1093888460672412,26.760038240457302,-0.06144682093900586,91,71,-0.9100233940246399,Mar22-Jun22,Mar-Jun
2022-01-05,THB,0,2022-03-16,2022-06-15,-0.04812281742866589,-0.11068248008593155,26.821155043129153,-0.06255966265726566,91,70,-0.924395762351665,Mar22-Jun22,Mar-Jun
2022-01-06,THB,0,2022-03-16,2022-06-15,-0.04350027916339762,-0.10087021255280608,26.88908168556341,-0.05736993338940846,91,69,-0.8454202380944126,Mar22-Jun22,Mar-Jun
2022-01-07,THB,0,2022-03-16,2022-06-15,-0.04036979801898946,-0.09439408654440183,27.03936682211208,-0.05402428852541237,91,68,-0.7915940725864946,Mar22-Jun22,Mar-Jun
2022-01-10,THB,0,2022-03-16,2022-06-15,-0.03882742405997844,-0.09318581774394827,27.054883247404312,-0.05435839368396983,91,65,-0.7959866392040549,Mar22-Jun22,Mar-Jun
2022-01-11,THB,0,2022-03-16,2022-06-15,-0.03846898456023194,-0.09316707198181173,27.049461017205818,-0.05469808742157979,91,64,-0.8011110361654568,Mar22-Jun22,Mar-Jun
2022-01-12,THB,0,2022-03-16,2022-06-15,-0.0411454119848877,-0.10057767374083659,27.07678873819308,-0.059432261755948894,91,63,-0.8696543192139281,Mar22-Jun22,Mar-Jun
2022-01-13,THB,0,2022-03-16,2022-06-15,-0.04120038638724879,-0.10167192124595266,26.89932227722303,-0.06047153485870387,91,62,-0.8907102699243592,Mar22-Jun22,Mar-Jun
2022-01-14,THB,0,2022-03-16,2022-06-15,-0.0415163409888903,-0.10345055459526764,26.820991418061457,-0.06193421360637734,91,61,-0.9149338092127304,Mar22-Jun22,Mar-Jun
2022-01-17,THB,0,2022-03-16,2022-06-15,-0.0379986864234881,-0.09761731512240908,26.63289638478818,-0.05961862869892098,91,58,-0.886838965906213,Mar22-Jun22,Mar-Jun
2022-01-18,THB,0,2022-03-16,2022-06-15,-0.03547702555756717,-0.09211578565824456,26.523874038478105,-0.05663876010067739,91,57,-0.8459002802804584,Mar22-Jun22,Mar-Jun
2022-01-19,THB,0,2022-03-16,2022-06-15,-0.032824490578241786,-0.08616428776788468,26.629604032598333,-0.05333979718964289,91,56,-0.793383958216886,Mar22-Jun22,Mar-Jun
2022-01-20,THB,0,2022-03-16,2022-06-15,-0.03123612338456705,-0.08291770934812344,26.394111941422548,-0.05168158596355639,91,55,-0.7755399190933505,Mar22-Jun22,Mar-Jun
2022-01-21,THB,0,2022-03-16,2022-06-15,-0.02728627873871702,-0.07326871142803644,26.589970865156946,-0.045982432689319425,91,54,-0.6848273348763362,Mar22-Jun22,Mar-Jun
2022-01-24,THB,0,2022-03-16,2022-06-15,-0.02581347443388837,-0.07187281116886565,26.611160090541073,-0.04605933673497728,91,51,-0.6853879444979621,Mar22-Jun22,Mar-Jun
2022-01-25,THB,0,2022-03-16,2022-06-15,-0.02742892358054304,-0.07734956449713137,26.761391824664685,-0.049920640916588335,91,50,-0.7387167047048446,Mar22-Jun22,Mar-Jun
2022-01-26,THB,0,2022-03-16,2022-06-15,-0.026533883327411134,-0.07581109522117467,26.775907160776967,-0.04927721189376354,91,49,-0.7287752661007753,Mar22-Jun22,Mar-Jun
2022-01-27,THB,0,2022-03-16,2022-06-15,-0.027140213323681703,-0.07859353441649494,26.708538857151474,-0.05145332109281324,91,48,-0.7628970379133152,Mar22-Jun22,Mar-Jun
2022-01-28,THB,0,2022-03-16,2022-06-15,-0.0295358872950919,-0.08672239248346132,26.55286592967688,-0.05718650518836942,91,47,-0.8529559744429686,Mar22-Jun22,Mar-Jun
2022-01-31,THB,0,2022-03-16,2022-06-15,-0.02912801624025608,-0.08937004982805843,26.659633249570536,-0.060242033587802356,91,44,-0.8949140498338946,Mar22-Jun22,Mar-Jun
2022-02-01,THB,0,2022-03-16,2022-06-15,-0.026224576372908395,-0.08172309846441221,26.532136565243597,-0.05549852209150381,91,43,-0.8283231038481208,Mar22-Jun22,Mar-Jun
2022-02-02,THB,0,2022-03-16,2022-06-15,-0.02328649976031889,-0.07374058257434314,26.49541736726467,-0.05045408281402425,91,42,-0.7539950991220665,Mar22-Jun22,Mar-Jun
2022-02-03,THB,0,2022-03-16,2022-06-15,-0.021963049419259573,-0.07071030544737228,26.38977945880984,-0.04874725602811271,91,41,-0.7313699571840848,Mar22-Jun22,Mar-Jun
2022-02-04,THB,0,2022-03-16,2022-06-15,-0.023860345337946638,-0.07814263098177524,26.367347331671734,-0.0542822856438286,91,40,-0.8151658440392516,Mar22-Jun22,Mar-Jun
2022-02-07,THB,0,2022-03-16,2022-06-15,-0.023445015498717043,-0.08110708064421032,26.32893177856988,-0.05766206514549328,91,37,-0.8671714246020836,Mar22-Jun22,Mar-Jun
2022-02-08,THB,0,2022-03-16,2022-06-15,-0.02435081910548943,-0.08590427851103216,26.3741739237266,-0.06155345940554273,91,36,-0.924135961323326,Mar22-Jun22,Mar-Jun
2022-02-09,THB,0,2022-03-16,2022-06-15,-0.022465298773790214,-0.08087507558564477,26.30026067252201,-0.05840977681185456,91,35,-0.8793418216554383,Mar22-Jun22,Mar-Jun
2022-02-10,THB,0,2022-03-16,2022-06-15,-0.022664781105528945,-0.08332640112326818,26.390014275061834,-0.06066162001773924,91,34,-0.910140912305285,Mar22-Jun22,Mar-Jun
2022-02-11,THB,0,2022-03-16,2022-06-15,-0.02141393719986227,-0.08046449129645217,26.35873975529665,-0.059050554096589894,91,33,-0.886979146054186,Mar22-Jun22,Mar-Jun
2022-02-14,THB,0,2022-03-16,2022-06-15,-0.020501020926462072,-0.08268745107006369,26.511497014726352,-0.06218643014360162,91,30,-0.9286636530205392,Mar22-Jun22,Mar-Jun
2022-02-15,THB,0,2022-03-16,2022-06-15,-0.019877915765911282,-0.08225344454859841,26.44364156723901,-0.06237552878268713,91,29,-0.9338576324725676,Mar22-Jun22,Mar-Jun
2022-02-16,THB,0,2022-03-16,2022-06-15,-0.020369869412629422,-0.08657194500367504,26.66701754903624,-0.06620207559104563,91,28,-0.9828565460405072,Mar22-Jun22,Mar-Jun
2022-02-17,THB,0,2022-03-16,2022-06-15,-0.01789699893749514,-0.07821651387497877,26.377670155931035,-0.06031951493748363,91,27,-0.9052682323126026,Mar22-Jun22,Mar-Jun
2022-02-18,THB,0,2022-03-16,2022-06-15,-0.018153234443312415,-0.08168955499490588,26.315399354425477,-0.06353632055159346,91,26,-0.9558129233783685,Mar22-Jun22,Mar-Jun
2022-02-21,THB,0,2022-03-16,2022-06-15,-0.01509888642004669,-0.07483795877762273,26.344029457127103,-0.059739072357576035,91,23,-0.897607274648664,Mar22-Jun22,Mar-Jun
2022-02-22,THB,0,2022-03-16,2022-06-15,-0.01498824098133279,-0.07698505594957296,26.30138691996152,-0.061996814968240166,91,22,-0.9330381393979811,Mar22-Jun22,Mar-Jun
2022-02-23,THB,0,2022-03-16,2022-06-15,-0.014611409164054933,-0.0779275155416263,26.534058102326796,-0.06331610637757137,91,21,-0.9445193289791438,Mar22-Jun22,Mar-Jun
2022-02-24,THB,0,2022-03-16,2022-06-15,-0.014154671745468153,-0.07855842818734825,26.526944262840168,-0.0644037564418801,91,20,-0.9609856048644567,Mar22-Jun22,Mar-Jun
2022-02-25,THB,0,2022-03-16,2022-06-15,-0.01369685764850189,-0.07929759691237938,26.65201046730926,-0.0656007392638775,91,19,-0.9742336240938324,Mar22-Jun22,Mar-Jun
2022-02-28,THB,0,2022-03-16,2022-06-15,-0.012266531992177001,-0.0820324326976837,26.61429106494031,-0.0697659007055067,91,16,-1.0375036286510282,Mar22-Jun22,Mar-Jun
2022-03-01,THB,0,2022-03-16,2022-06-15,-0.011384499088031,-0.08045046022208573,26.69455380665174,-0.06906596113405472,91,15,-1.0239712343139706,Mar22-Jun22,Mar-Jun
2022-03-02,THB,0,2022-03-16,2022-06-15,-0.01113031934370491,-0.08347739507778683,26.642168578649702,-0.07234707573408192,91,14,-1.074716685502285,Mar22-Jun22,Mar-Jun
2022-03-03,THB,0,2022-03-16,2022-06-15,-0.00955213845059343,-0.07641710760474744,26.735505019363803,-0.06686496915415402,91,13,-0.9897523888933779,Mar22-Jun22,Mar-Jun
2022-03-04,THB,0,2022-03-16,2022-06-15,-0.008938553526952709,-0.07672258443967743,26.61691665176621,-0.06778403091272472,91,12,-1.0078052711052745,Mar22-Jun22,Mar-Jun
2022-03-07,THB,0,2022-03-16,2022-06-15,-0.006702736593583369,-0.07447485103981522,26.75787038869126,-0.06777211444623185,91,9,-1.002234621045838,Mar22-Jun22,Mar-Jun
2022-03-08,THB,0,2022-03-16,2022-06-15,-0.006007481326645321,-0.07434258141723583,26.77420703765384,-0.06833510009059052,91,8,-1.0099172308178392,Mar22-Jun22,Mar-Jun
2022-03-09,THB,0,2022-03-16,2022-06-15,-0.0053695429444432915,-0.07517360122220608,26.729034093941124,-0.06980405827776279,91,7,-1.0333460155889804,Mar22-Jun22,Mar-Jun
2022-03-10,THB,0,2022-03-16,2022-06-15,-0.005328999593858102,-0.07384470865774798,26.859605015835186,-0.06851570906388987,91,6,-1.0093407715491678,Mar22-Jun22,Mar-Jun
2022-03-11,THB,0,2022-03-16,2022-06-15,-0.0050166844709482695,-0.06880024417300484,26.784212174698204,-0.06378355970205657,91,5,-0.9422634296327846,Mar22-Jun22,Mar-Jun
2022-03-14,THB,0,2022-03-16,2022-06-15,-0.004835267848829893,-0.0642399871344543,26.726321313586197,-0.0594047192856244,91,2,-0.8794708508656117,Mar22-Jun22,Mar-Jun
2022-03-15,THB,0,2022-03-16,2022-06-15,-0.005301768762285659,-0.06968038944718295,26.85517582947171,-0.06437862068489729,91,1,-0.9485506437872705,Mar22-Jun22,Mar-Jun
2022-03-16,THB,0,2022-06-15,2022-09-21,-0.06809064027438694,-0.1414190221083421,26.67328057400929,-0.07332838183395515,98,91,-1.0124699977393707,Jun22-Sep22,Jun-Sep
2022-03-17,THB,0,2022-06-15,2022-09-21,-0.06511713304161144,-0.13602245568692167,26.867635149759202,-0.07090532264531023,98,90,-0.971806201208387,Jun22-Sep22,Jun-Sep
2022-03-18,THB,0,2022-06-15,2022-09-21,-0.07037570295600948,-0.147868050031166,26.862803647553545,-0.07749234707515651,98,89,-1.0624858835284643,Jun22-Sep22,Jun-Sep
2022-03-21,THB,0,2022-06-15,2022-09-21,-0.06311735241790141,-0.13504177726620767,26.821244668172458,-0.07192442484830626,98,86,-0.9874090581689597,Jun22-Sep22,Jun-Sep
2022-03-22,THB,0,2022-06-15,2022-09-21,-0.06283099601634651,-0.1352714384822519,26.750029364337813,-0.07244044246590539,98,85,-0.9971363204232906,Jun22-Sep22,Jun-Sep
2022-03-23,THB,0,2022-06-15,2022-09-21,-0.060828604452384805,-0.13179530964683375,26.906554282236346,-0.07096670519444895,98,84,-0.9710820344758888,Jun22-Sep22,Jun-Sep
2022-03-24,THB,0,2022-06-15,2022-09-21,-0.0562695860413578,-0.12270837437934654,26.745171007461753,-0.06643878833798873,98,83,-0.9144657221569298,Jun22-Sep22,Jun-Sep
2022-03-25,THB,0,2022-06-15,2022-09-21,-0.05681962869316687,-0.12472601420451263,26.635096439545517,-0.06790638551134576,98,82,-0.9385560628489288,Jun22-Sep22,Jun-Sep
2022-03-28,THB,0,2022-06-15,2022-09-21,-0.05702418525363791,-0.12776304797334062,26.671226104345635,-0.07073886271970271,98,79,-0.9763848922293688,Jun22-Sep22,Jun-Sep
2022-03-29,THB,0,2022-06-15,2022-09-21,-0.05509833512557659,-0.12432444848848051,26.527919851227278,-0.06922611336290392,98,78,-0.960607875202142,Jun22-Sep22,Jun-Sep
2022-03-30,THB,0,2022-06-15,2022-09-21,-0.05605061269654148,-0.12738775612850337,26.510109910540404,-0.07133714343196189,98,77,-0.9906034066709977,Jun22-Sep22,Jun-Sep
2022-03-31,THB,0,2022-06-15,2022-09-21,-0.05370438352874702,-0.12295477281581554,26.634547394053712,-0.06925038928706853,98,76,-0.9570395680658005,Jun22-Sep22,Jun-Sep
2022-04-01,THB,0,2022-06-15,2022-09-21,-0.0520091197109207,-0.11996770279985708,26.863856884740166,-0.06795858308893638,98,75,-0.9310950024788693,Jun22-Sep22,Jun-Sep
2022-04-04,THB,0,2022-06-15,2022-09-21,-0.047816142042083676,-0.11289922426603091,26.61034525316578,-0.06508308222394724,98,72,-0.9000675696588303,Jun22-Sep22,Jun-Sep
2022-04-05,THB,0,2022-06-15,2022-09-21,-0.043678043553388425,-0.10396604733130485,26.587416172669847,-0.060288003777916425,98,71,-0.8343441878825365,Jun22-Sep22,Jun-Sep
2022-04-06,THB,0,2022-06-15,2022-09-21,-0.04435257533654428,-0.10644618080770628,26.51131787293167,-0.062093605471162,98,70,-0.8618251329871165,Jun22-Sep22,Jun-Sep
2022-04-07,THB,0,2022-06-15,2022-09-21,-0.04145083127860203,-0.10032302642792087,26.390425904382894,-0.058872195149318844,98,69,-0.8207727475962674,Jun22-Sep22,Jun-Sep
2022-04-08,THB,0,2022-06-15,2022-09-21,-0.043443859024171624,-0.10605412644136014,26.235780813156556,-0.06261026741718852,98,68,-0.8781075973440889,Jun22-Sep22,Jun-Sep
2022-04-11,THB,0,2022-06-15,2022-09-21,-0.044138452068648866,-0.11068565672599638,26.207679978150907,-0.06654720465734751,98,65,-0.9343502633454065,Jun22-Sep22,Jun-Sep
2022-04-12,THB,0,2022-06-15,2022-09-21,-0.043379547169293986,-0.1098044787722754,26.201177975022595,-0.06642493160298141,98,64,-0.9328382642762747,Jun22-Sep22,Jun-Sep
2022-04-13,THB,0,2022-06-15,2022-09-21,-0.04532230227849697,-0.11582366137838114,26.353125590310388,-0.07050135909988417,98,63,-0.9844401739402547,Jun22-Sep22,Jun-Sep
2022-04-14,THB,0,2022-06-15,2022-09-21,-0.045136218625383084,-0.116480564194537,26.531375213967866,-0.07134434556915392,98,62,-0.9894997529992391,Jun22-Sep22,Jun-Sep
2022-04-15,THB,0,2022-06-15,2022-09-21,-0.047565522503659224,-0.12398226357511176,26.393426582113268,-0.07641674107145253,98,61,-1.0654977584632666,Jun22-Sep22,Jun-Sep
2022-04-18,THB,0,2022-06-15,2022-09-21,-0.044687548957623974,-0.12019409719636794,26.424540276757636,-0.07550654823874396,98,58,-1.0514501213942158,Jun22-Sep22,Jun-Sep
2022-04-19,THB,0,2022-06-15,2022-09-21,-0.04325291821269646,-0.11761758461347283,26.45843871831465,-0.07436466640077637,98,57,-1.0341639374454756,Jun22-Sep22,Jun-Sep
2022-04-20,THB,0,2022-06-15,2022-09-21,-0.03998754910876394,-0.10996576004910084,26.586983126143227,-0.0699782109403369,98,56,-0.968331105315626,Jun22-Sep22,Jun-Sep
2022-04-21,THB,0,2022-06-15,2022-09-21,-0.03994578453434301,-0.11112190970462694,26.665403850685745,-0.07117612517028393,98,55,-0.9820049529380981,Jun22-Sep22,Jun-Sep
2022-04-22,THB,0,2022-06-15,2022-09-21,-0.037950547725696115,-0.1068237639686261,26.609305906471654,-0.06887321624292998,98,54,-0.9521669033769201,Jun22-Sep22,Jun-Sep
2022-04-25,THB,0,2022-06-15,2022-09-21,-0.03595511552267257,-0.10504533750741593,26.535210346984158,-0.06909022198474336,98,51,-0.9577658437465799,Jun22-Sep22,Jun-Sep
2022-04-26,THB,0,2022-06-15,2022-09-21,-0.03423679297366966,-0.1013409072020622,26.456955152428304,-0.06710411422839253,98,50,-0.9329278920396084,Jun22-Sep22,Jun-Sep
2022-04-27,THB,0,2022-06-15,2022-09-21,-0.03527052132636536,-0.10581156397909608,26.67898352927375,-0.07054104265273073,98,49,-0.9725760095368163,Jun22-Sep22,Jun-Sep
2022-04-28,THB,0,2022-06-15,2022-09-21,-0.039016380362657796,-0.11867482360308412,26.627097708874064,-0.07965844324042633,98,48,-1.1005790493281884,Jun22-Sep22,Jun-Sep
2022-04-29,THB,0,2022-06-15,2022-09-21,-0.03732683259849531,-0.11515724950599618,26.580164977561406,-0.07783041690750087,98,47,-1.0771555490202032,Jun22-Sep22,Jun-Sep
2022-05-02,THB,0,2022-06-15,2022-09-21,-0.03264052876488349,-0.10533988828666947,26.729532055739664,-0.07269935952178598,98,44,-1.0003369547456007,Jun22-Sep22,Jun-Sep
2022-05-03,THB,0,2022-06-15,2022-09-21,-0.03188655938328222,-0.1045582528614603,26.867729315955586,-0.07267169347817808,98,43,-0.9947786763023384,Jun22-Sep22,Jun-Sep
2022-05-04,THB,0,2022-06-15,2022-09-21,-0.029821333356026478,-0.09940444452008826,26.721291083581733,-0.06958311116406178,98,42,-0.9576521306541682,Jun22-Sep22,Jun-Sep
2022-05-05,THB,0,2022-06-15,2022-09-21,-0.03023096219551826,-0.10249033524822046,26.661549496943284,-0.07225937305270219,98,41,-0.9967309524729,Jun22-Sep22,Jun-Sep
2022-05-06,THB,0,2022-06-15,2022-09-21,-0.03154103866778919,-0.10881658340387271,26.441537429390955,-0.07727554473608352,98,40,-1.0748556864998573,Jun22-Sep22,Jun-Sep
2022-05-09,THB,0,2022-06-15,2022-09-21,-0.027199946661102987,-0.09924304862834873,26.621231736061887,-0.07204310196724575,98,37,-0.9951410593600631,Jun22-Sep22,Jun-Sep
2022-05-10,THB,0,2022-06-15,2022-09-21,-0.026198387421693458,-0.09751621984741454,26.463232921108617,-0.07131783242572108,98,36,-0.9909729999524058,Jun22-Sep22,Jun-Sep
2022-05-11,THB,0,2022-06-15,2022-09-21,-0.02676589109636557,-0.10171038616618917,26.41659163090795,-0.0749444950698236,98,35,-1.0432289744317556,Jun22-Sep22,Jun-Sep
2022-05-12,THB,0,2022-06-15,2022-09-21,-0.026675384385787614,-0.10356325702717543,26.311500963355282,-0.07688787264138783,98,34,-1.0745562894803544,Jun22-Sep22,Jun-Sep
2022-05-13,THB,0,2022-06-15,2022-09-21,-0.027313794218367594,-0.10842748613958046,26.39028989311943,-0.08111369192121287,98,33,-1.1302542743373618,Jun22-Sep22,Jun-Sep
2022-05-16,THB,0,2022-06-15,2022-09-21,-0.026607794740781628,-0.1135265908940016,26.4959769288892,-0.08691879615321998,98,30,-1.2062755831889351,Jun22-Sep22,Jun-Sep
2022-05-17,THB,0,2022-06-15,2022-09-21,-0.02519668593272888,-0.11034410736057132,26.3635197978347,-0.08514742142784244,98,29,-1.1875716032966084,Jun22-Sep22,Jun-Sep
2022-05-18,THB,0,2022-06-15,2022-09-21,-0.023348888025875637,-0.10506999611644036,26.3799182512459,-0.08172110809056472,98,28,-1.1389949305126135,Jun22-Sep22,Jun-Sep
2022-05-19,THB,0,2022-06-15,2022-09-21,-0.019955772682259853,-0.09238783649194376,26.398777558529027,-0.07243206380968391,98,27,-1.0086764725768007,Jun22-Sep22,Jun-Sep
2022-05-20,THB,0,2022-06-15,2022-09-21,-0.019478389457160978,-0.09289693433415237,26.376731273921944,-0.0734185448769914,98,26,-1.02325070932608,Jun22-Sep22,Jun-Sep
2022-05-23,THB,0,2022-06-15,2022-09-21,-0.018649234262078054,-0.09811118894397584,26.261895702866525,-0.07946195468189779,98,23,-1.1122901976489243,Jun22-Sep22,Jun-Sep
2022-05-24,THB,0,2022-06-15,2022-09-21,-0.018161732447783307,-0.09906399516972714,26.36791395628452,-0.08090226272194383,98,22,-1.127873928318497,Jun22-Sep22,Jun-Sep
2022-05-25,THB,0,2022-06-15,2022-09-21,-0.017064608157614153,-0.09669944622648018,26.319975019191723,-0.07963483806886602,98,21,-1.1121816379760405,Jun22-Sep22,Jun-Sep
2022-05-26,THB,0,2022-06-15,2022-09-21,-0.01651663778692182,-0.09744816294283873,26.202706690222257,-0.08093152515591691,98,20,-1.1353292692418444,Jun22-Sep22,Jun-Sep
2022-05-27,THB,0,2022-06-15,2022-09-21,-0.015165137980740113,-0.09338532335508384,26.302920910251114,-0.07822018537434373,98,19,-1.093054344259679,Jun22-Sep22,Jun-Sep
2022-05-30,THB,0,2022-06-15,2022-09-21,-0.012241720704255707,-0.08722226001782192,26.333115241708143,-0.07498053931356621,98,16,-1.0464649496756022,Jun22-Sep22,Jun-Sep
2022-05-31,THB,0,2022-06-15,2022-09-21,-0.011409445424584809,-0.08595115553187221,26.205391132523783,-0.07454171010728741,98,15,-1.0453801696169651,Jun22-Sep22,Jun-Sep
2022-06-01,THB,0,2022-06-15,2022-09-21,-0.011085333805146896,-0.08868267044117517,26.19356383253788,-0.07759733663602827,98,14,-1.0887106838169618,Jun22-Sep22,Jun-Sep
2022-06-02,THB,0,2022-06-15,2022-09-21,-0.01013665569106224,-0.0865514447467622,26.005806397540592,-0.07641478905569996,98,13,-1.0798236443047888,Jun22-Sep22,Jun-Sep
2022-06-03,THB,0,2022-06-15,2022-09-21,-0.008220090073921087,-0.07535082567760995,26.000996517799084,-0.06713073560368886,98,12,-0.9487355185135268,Jun22-Sep22,Jun-Sep
2022-06-06,THB,0,2022-06-15,2022-09-21,-0.006461712734802009,-0.07682258473597943,26.225999237347732,-0.07036087200117742,98,9,-0.9857859207068496,Jun22-Sep22,Jun-Sep
2022-06-07,THB,0,2022-06-15,2022-09-21,-0.006180684719883189,-0.08189407253845227,26.33412639820732,-0.07571338781856908,98,8,-1.056409092534184,Jun22-Sep22,Jun-Sep
2022-06-08,THB,0,2022-06-15,2022-09-21,-0.005287824455761832,-0.07931736683642747,26.23216463279413,-0.07402954238066564,98,7,-1.0368953181586325,Jun22-Sep22,Jun-Sep
2022-06-09,THB,0,2022-06-15,2022-09-21,-0.005106897684717905,-0.07587390845866601,26.35175473190294,-0.0707670107739481,98,6,-0.9866926881050784,Jun22-Sep22,Jun-Sep
2022-06-10,THB,0,2022-06-15,2022-09-21,-0.005051251877527596,-0.07432556334076319,26.312976771099486,-0.0692743114632356,98,5,-0.967301896654962,Jun22-Sep22,Jun-Sep
2022-06-13,THB,0,2022-06-15,2022-09-21,-0.004985211734201981,-0.07121731048859974,26.545760452364387,-0.06623209875439776,98,2,-0.9167086682855943,Jun22-Sep22,Jun-Sep
2022-06-14,THB,0,2022-06-15,2022-09-21,-0.004686459764621182,-0.06627993095678529,26.504692317982418,-0.06159347119216411,98,1,-0.8538176637414829,Jun22-Sep22,Jun-Sep
2022-06-15,THB,0,2022-09-21,2022-12-21,-0.06759346227166917,-0.13001624392202404,26.72094152035764,-0.06242278165035488,91,98,-0.9265150011516723,Sep22-Dec22,Sep-Dec
2022-06-16,THB,0,2022-09-21,2022-12-21,-0.06234871163848368,-0.1205471430228819,26.722961321651713,-0.05819843138439822,91,97,-0.8635793786786959,Sep22-Dec22,Sep-Dec
2022-06-17,THB,0,2022-09-21,2022-12-21,-0.07015030299281814,-0.13640401321219214,26.528082588445454,-0.066253710219374,91,96,-0.9906389775702693,Sep22-Dec22,Sep-Dec
2022-06-20,THB,0,2022-09-21,2022-12-21,-0.07157209147503305,-0.14150776161347,26.545584617961364,-0.06993567013843696,91,93,-1.0450572420265198,Sep22-Dec22,Sep-Dec
2022-06-21,THB,0,2022-09-21,2022-12-21,-0.07419787632235278,-0.14754075832221492,26.478634079840155,-0.07334288199986214,91,92,-1.098859535640262,Sep22-Dec22,Sep-Dec
2022-06-22,THB,0,2022-09-21,2022-12-21,-0.07088084857160704,-0.14176169714321407,26.527582591423744,-0.07088084857160704,91,91,-1.0598741873284272,Sep22-Dec22,Sep-Dec
2022-06-23,THB,0,2022-09-21,2022-12-21,-0.06315912352459171,-0.12702001508834554,26.418845512054805,-0.06386089156375382,91,90,-0.9585654130726913,Sep22-Dec22,Sep-Dec
2022-06-24,THB,0,2022-09-21,2022-12-21,-0.06392675653908515,-0.12929006940489132,26.20681789320405,-0.06536331286580617,91,89,-0.9891030699627984,Sep22-Dec22,Sep-Dec
2022-06-27,THB,0,2022-09-21,2022-12-21,-0.06360774765504551,-0.13091362017375643,26.210047996070053,-0.06730587251871092,91,86,-1.0183603873191276,Sep22-Dec22,Sep-Dec
2022-06-28,THB,0,2022-09-21,2022-12-21,-0.06445201126723779,-0.13345357627098647,26.280415962462115,-0.06900156500374868,91,85,-1.0412480910441906,Sep22-Dec22,Sep-Dec
2022-06-29,THB,0,2022-09-21,2022-12-21,-0.0612174152891501,-0.12753628185239604,26.250065786775707,-0.06631886656324595,91,84,-1.0018017879887497,Sep22-Dec22,Sep-Dec
2022-06-30,THB,0,2022-09-21,2022-12-21,-0.06045729925710042,-0.1267418080811503,26.38926867725729,-0.06628450882404988,91,83,-0.9959600027057216,Sep22-Dec22,Sep-Dec
2022-07-01,THB,0,2022-09-21,2022-12-21,-0.06087419368522174,-0.1284297013115044,26.364722910108803,-0.06755550762628268,91,82,-1.0160207372070174,Sep22-Dec22,Sep-Dec
2022-07-04,THB,0,2022-09-21,2022-12-21,-0.06233099277061637,-0.13150154325433966,26.284411887588508,-0.06917055048372328,91,79,-1.0435546258704906,Sep22-Dec22,Sep-Dec
2022-07-05,THB,0,2022-09-21,2022-12-21,-0.05587584006921338,-0.11858983299723798,26.20045220531672,-0.0627139929280246,91,78,-0.9489513588450216,Sep22-Dec22,Sep-Dec
2022-07-06,THB,0,2022-09-21,2022-12-21,-0.05828893886566576,-0.12485844624594408,26.070979163106696,-0.06656950738027832,91,77,-1.0123977760791674,Sep22-Dec22,Sep-Dec
2022-07-07,THB,0,2022-09-21,2022-12-21,-0.05631897583660281,-0.12157336400680718,26.162100030840715,-0.06525438817020437,91,76,-0.9888584730798308,Sep22-Dec22,Sep-Dec
2022-07-08,THB,0,2022-09-21,2022-12-21,-0.05525437621699566,-0.12026352357873898,26.136374334146748,-0.06500914736174332,91,75,-0.986073623076131,Sep22-Dec22,Sep-Dec
2022-07-11,THB,0,2022-09-21,2022-12-21,-0.053848050431654665,-0.12031330590787569,26.062317043786365,-0.06646525547622102,91,72,-1.010976356512195,Sep22-Dec22,Sep-Dec
2022-07-12,THB,0,2022-09-21,2022-12-21,-0.05690028268237904,-0.12837730156861915,26.12722390312684,-0.07147701888624011,91,71,-1.0846287628712405,Sep22-Dec22,Sep-Dec
2022-07-13,THB,0,2022-09-21,2022-12-21,-0.054548616649635666,-0.12415138328100842,26.208700263071776,-0.06960276663137274,91,70,-1.0528026600841702,Sep22-Dec22,Sep-Dec
2022-07-14,THB,0,2022-09-21,2022-12-21,-0.05353905058352695,-0.12298385152690702,26.205110219911287,-0.06944480094338007,91,69,-1.0505169393911882,Sep22-Dec22,Sep-Dec
2022-07-15,THB,0,2022-09-21,2022-12-21,-0.054254486021552834,-0.12584274436541174,26.15167837017292,-0.0715882583438589,91,68,-1.0851887067555552,Sep22-Dec22,Sep-Dec
2022-07-18,THB,0,2022-09-21,2022-12-21,-0.0512696335010974,-0.12246679541764798,26.114624324359852,-0.07119716191655057,91,65,-1.08067094749796,Sep22-Dec22,Sep-Dec
2022-07-19,THB,0,2022-09-21,2022-12-21,-0.05014734420898198,-0.12101180576735994,26.327609326098152,-0.07086446155837796,91,64,-1.0668569325285502,Sep22-Dec22,Sep-Dec
2022-07-20,THB,0,2022-09-21,2022-12-21,-0.04953339749468712,-0.12079177043870053,26.088109348117058,-0.07125837294401341,91,63,-1.0826293117460017,Sep22-Dec22,Sep-Dec
2022-07-21,THB,0,2022-09-21,2022-12-21,-0.050045873283092845,-0.1233561770836407,25.942160692690127,-0.07331030380054786,91,62,-1.1201046584596595,Sep22-Dec22,Sep-Dec
2022-07-22,THB,0,2022-09-21,2022-12-21,-0.04964663312742084,-0.12370964320275356,25.917887805767727,-0.07406301007533272,91,61,-1.1326495737361735,Sep22-Dec22,Sep-Dec
2022-07-25,THB,0,2022-09-21,2022-12-21,-0.04709471494365636,-0.12098469873456547,25.943231215262447,-0.07388998379090911,91,58,-1.1287862333619256,Sep22-Dec22,Sep-Dec
2022-07-26,THB,0,2022-09-21,2022-12-21,-0.0425715197519793,-0.11053657760163045,26.007077051534562,-0.06796505784965115,91,57,-1.0355396754972526,Sep22-Dec22,Sep-Dec
2022-07-27,THB,0,2022-09-21,2022-12-21,-0.04104513331176356,-0.10774347494337932,25.826551219644205,-0.06669834163161577,91,56,-1.0232941343345454,Sep22-Dec22,Sep-Dec
2022-07-28,THB,0,2022-09-21,2022-12-21,-0.03760238535101231,-0.09981724111359633,25.80592258554079,-0.062214855762584016,91,55,-0.9551445426151493,Sep22-Dec22,Sep-Dec
2022-07-29,THB,0,2022-09-21,2022-12-21,-0.037404375364765347,-0.10043767459057362,25.815287563163004,-0.06303329922580828,91,54,-0.9673505796232279,Sep22-Dec22,Sep-Dec
2022-08-01,THB,0,2022-09-21,2022-12-21,-0.03287589297250645,-0.09153680004109639,25.83786543392528,-0.058660907068589944,91,51,-0.8993033168894247,Sep22-Dec22,Sep-Dec
2022-08-02,THB,0,2022-09-21,2022-12-21,-0.037587589673585955,-0.10327245734073545,25.811484051571128,-0.0656848676671495,91,50,-1.0081992225053478,Sep22-Dec22,Sep-Dec
2022-08-03,THB,0,2022-09-21,2022-12-21,-0.03653805798052849,-0.10182804669412573,25.66404678812801,-0.06528998871359724,91,49,-1.007862558785369,Sep22-Dec22,Sep-Dec
2022-08-04,THB,0,2022-09-21,2022-12-21,-0.03619265637096728,-0.10240310317503905,25.462562462333192,-0.06621044680407176,91,48,-1.0301566440868724,Sep22-Dec22,Sep-Dec
2022-08-05,THB,0,2022-09-21,2022-12-21,-0.033886804472082206,-0.09722810439383259,25.529866907843356,-0.06334129992175039,91,47,-0.982825393287251,Sep22-Dec22,Sep-Dec
2022-08-08,THB,0,2022-09-21,2022-12-21,-0.03026491281718583,-0.09099870812883482,25.74757530986693,-0.060733795311648985,91,44,-0.934256188383655,Sep22-Dec22,Sep-Dec
2022-08-09,THB,0,2022-09-21,2022-12-21,-0.0312184378875141,-0.0955655583369368,25.797093641374445,-0.0643471204494227,91,43,-0.9879735694300023,Sep22-Dec22,Sep-Dec
2022-08-10,THB,0,2022-09-21,2022-12-21,-0.03053504402381946,-0.09510960677885166,25.931443034890428,-0.0645745627550322,91,42,-0.9862967305675577,Sep22-Dec22,Sep-Dec
2022-08-11,THB,0,2022-09-21,2022-12-21,-0.029174650998324184,-0.09248134487160828,26.042396506618275,-0.0633066938732841,91,41,-0.9627568052298644,Sep22-Dec22,Sep-Dec
2022-08-12,THB,0,2022-09-21,2022-12-21,-0.027424410426754874,-0.08851033751284043,26.092132695635634,-0.061085927086085554,91,40,-0.9271487330836149,Sep22-Dec22,Sep-Dec
2022-08-15,THB,0,2022-09-21,2022-12-21,-0.0262835242016835,-0.09005165770812003,26.253861579767303,-0.06376813350643654,91,37,-0.9618483971790169,Sep22-Dec22,Sep-Dec
2022-08-16,THB,0,2022-09-21,2022-12-21,-0.02529837706337652,-0.08851474201318119,26.363174574295613,-0.06321636494980466,91,36,-0.9495325918079679,Sep22-Dec22,Sep-Dec
2022-08-17,THB,0,2022-09-21,2022-12-21,-0.022901322913195736,-0.08185725534623348,26.437821357202942,-0.05895593243303774,91,35,-0.8829565255995163,Sep22-Dec22,Sep-Dec
2022-08-18,THB,0,2022-09-21,2022-12-21,-0.022817816819593512,-0.08344773029467285,26.478127818197322,-0.060629913475079344,91,34,-0.9066406810053181,Sep22-Dec22,Sep-Dec
2022-08-19,THB,0,2022-09-21,2022-12-21,-0.020661596621649993,-0.07734415170815781,26.402658314703917,-0.05668255508650782,91,33,-0.8499685670471346,Sep22-Dec22,Sep-Dec
2022-08-22,THB,0,2022-09-21,2022-12-21,-0.021142546690898326,-0.08527493831995658,26.338407320680265,-0.06413239162905826,91,30,-0.9640460833206579,Sep22-Dec22,Sep-Dec
2022-08-23,THB,0,2022-09-21,2022-12-21,-0.020839671191425213,-0.08623312217141467,26.275056619445223,-0.06539345097998946,91,29,-0.9853631019509426,Sep22-Dec22,Sep-Dec
2022-08-24,THB,0,2022-09-21,2022-12-21,-0.01945759829549333,-0.08269479275584664,26.339712462595394,-0.06323719446035331,91,28,-0.950481377296165,Sep22-Dec22,Sep-Dec
2022-08-25,THB,0,2022-09-21,2022-12-21,-0.01901838558533975,-0.0831173888544478,26.450003220686515,-0.06409900326910806,91,27,-0.9593985091861927,Sep22-Dec22,Sep-Dec
2022-08-26,THB,0,2022-09-21,2022-12-21,-0.01850458160309794,-0.08327061721394072,26.535514554631234,-0.06476603561084278,91,26,-0.9662374603917142,Sep22-Dec22,Sep-Dec
2022-08-29,THB,0,2022-09-21,2022-12-21,-0.01594587096673006,-0.0790360560959664,26.51587265680408,-0.06309018512923634,91,23,-0.9418423967103243,Sep22-Dec22,Sep-Dec
2022-08-30,THB,0,2022-09-21,2022-12-21,-0.01581569823694197,-0.0812351773079292,26.60970301148373,-0.06541947907098723,91,22,-0.973164741723965,Sep22-Dec22,Sep-Dec
2022-08-31,THB,0,2022-09-21,2022-12-21,-0.014852383999685012,-0.07921271466498674,26.82275489928488,-0.06436033066530172,91,21,-0.9497658274170798,Sep22-Dec22,Sep-Dec
2022-09-01,THB,0,2022-09-21,2022-12-21,-0.01427526262690324,-0.0763522509699423,26.741746467147493,-0.06207698834303906,91,20,-0.9188272720030563,Sep22-Dec22,Sep-Dec
2022-09-02,THB,0,2022-09-21,2022-12-21,-0.013954136318167247,-0.0780666625313612,26.631699955322436,-0.06411252621319395,91,19,-0.9528679609350985,Sep22-Dec22,Sep-Dec
2022-09-05,THB,0,2022-09-21,2022-12-21,-0.011306229958056767,-0.07330962726382058,26.746632375451984,-0.06200339730576381,91,16,-0.9174683855764639,Sep22-Dec22,Sep-Dec
2022-09-06,THB,0,2022-09-21,2022-12-21,-0.011063733552421523,-0.07601829596289071,26.851222147012134,-0.0649545624104692,91,15,-0.9573829635541277,Sep22-Dec22,Sep-Dec
2022-09-07,THB,0,2022-09-21,2022-12-21,-0.011144104920366897,-0.08155487067027142,26.915744231523796,-0.07041076574990453,91,14,-1.0353176890739435,Sep22-Dec22,Sep-Dec
2022-09-08,THB,0,2022-09-21,2022-12-21,-0.010628622354830104,-0.08314904454005612,26.89752150282725,-0.07252042218522602,91,13,-1.0670402829773957,Sep22-Dec22,Sep-Dec
2022-09-09,THB,0,2022-09-21,2022-12-21,-0.00975207354126111,-0.08197560174505068,26.810290336994527,-0.07222352820378958,91,12,-1.0660959471265166,Sep22-Dec22,Sep-Dec
2022-09-12,THB,0,2022-09-21,2022-12-21,-0.007856024705212634,-0.08599412916334516,26.76404071006437,-0.07813810445813252,91,9,-1.155313358438133,Sep22-Dec22,Sep-Dec
2022-09-13,THB,0,2022-09-21,2022-12-21,-0.006873157385495208,-0.0839009577263985,26.838984369184168,-0.07702780034090329,91,8,-1.1356741986519305,Sep22-Dec22,Sep-Dec
2022-09-14,THB,0,2022-09-21,2022-12-21,-0.006049754026386609,-0.08368241004740418,26.947316556221764,-0.07763265602101757,91,7,-1.1399545607802304,Sep22-Dec22,Sep-Dec
2022-09-15,THB,0,2022-09-21,2022-12-21,-0.0056648305985971285,-0.07762795431426955,26.982789112152883,-0.07196312371567243,91,6,-1.055298843798888,Sep22-Dec22,Sep-Dec
2022-09-16,THB,0,2022-09-21,2022-12-21,-0.005392964450704448,-0.07323156751727218,27.12206640829294,-0.06783860306656773,91,5,-0.9896954956652712,Sep22-Dec22,Sep-Dec
2022-09-19,THB,0,2022-09-21,2022-12-21,-0.005139930577692495,-0.06799574853979687,27.146752436375035,-0.06285581796210438,91,2,-0.9161591953981311,Sep22-Dec22,Sep-Dec
2022-09-20,THB,0,2022-09-21,2022-12-21,-0.005692206712532201,-0.07466533495462817,27.253593417877322,-0.06897312824209596,91,1,-1.0014008968873798,Sep22-Dec22,Sep-Dec
2022-09-21,THB,0,2022-12-21,2023-03-15,-0.07388545227734271,-0.13755721955102335,27.18113204781407,-0.06367176727368064,84,91,-1.0066644048105644,Dec22-Mar23,Dec-Mar
2022-09-22,THB,0,2022-12-21,2023-03-15,-0.0744450221572851,-0.1394050473752516,27.131972772997404,-0.06496002521796651,84,90,-1.0289192369703968,Dec22-Mar23,Dec-Mar
2022-09-23,THB,0,2022-12-21,2023-03-15,-0.07065958787116813,-0.13281462277022837,27.209479224388364,-0.06215503489906024,84,89,-0.9815412923763913,Dec22-Mar23,Dec-Mar
2022-09-26,THB,0,2022-12-21,2023-03-15,-0.06313401007502778,-0.12028029470241346,27.116955931197552,-0.05714628462738568,84,86,-0.9052792951663089,Dec22-Mar23,Dec-Mar
2022-09-27,THB,0,2022-12-21,2023-03-15,-0.0612622815787457,-0.1173061603403617,26.986020556043208,-0.056043878761616005,84,85,-0.8920713396461626,Dec22-Mar23,Dec-Mar
2022-09-28,THB,0,2022-12-21,2023-03-15,-0.06413860633575401,-0.12378954823078242,26.925986644353625,-0.05965094189502841,84,84,-0.9517099995280149,Dec22-Mar23,Dec-Mar
2022-09-29,THB,0,2022-12-21,2023-03-15,-0.0649915092665326,-0.12625275309281023,27.079774034291283,-0.06126124382627762,84,83,-0.9718685966977336,Dec22-Mar23,Dec-Mar
2022-09-30,THB,0,2022-12-21,2023-03-15,-0.06580465534590985,-0.12869499687513952,27.115832462897135,-0.06289034152922968,84,82,-0.9964131535939527,Dec22-Mar23,Dec-Mar
2022-10-03,THB,0,2022-12-21,2023-03-15,-0.06565324587199355,-0.1365314253044567,26.969209122488987,-0.07087817943246315,84,79,-1.1290835588137085,Dec22-Mar23,Dec-Mar
2022-10-04,THB,0,2022-12-21,2023-03-15,-0.06490506590418779,-0.13559753752769707,26.950978557369886,-0.07069247162350928,84,78,-1.126857499759096,Dec22-Mar23,Dec-Mar
2022-10-05,THB,0,2022-12-21,2023-03-15,-0.060923657398367685,-0.12790102276362295,26.844301124506778,-0.06697736536525525,84,77,-1.071731345002618,Dec22-Mar23,Dec-Mar
2022-10-06,THB,0,2022-12-21,2023-03-15,-0.05783862870884817,-0.12200072498595664,26.81175827549596,-0.06416209627710848,84,76,-1.0278135549726755,Dec22-Mar23,Dec-Mar
2022-10-07,THB,0,2022-12-21,2023-03-15,-0.05627006026683981,-0.11924479098418371,26.851939603139495,-0.0629747307173439,84,75,-1.0072213446374403,Dec22-Mar23,Dec-Mar
2022-10-10,THB,0,2022-12-21,2023-03-15,-0.05509293456081749,-0.11844650705067215,26.898358313161964,-0.06335357248985465,84,72,-1.0114839116676417,Dec22-Mar23,Dec-Mar
2022-10-11,THB,0,2022-12-21,2023-03-15,-0.05293809887675161,-0.11434154427725983,27.048315168946957,-0.06140344540050822,84,71,-0.9748247726341086,Dec22-Mar23,Dec-Mar
2022-10-12,THB,0,2022-12-21,2023-03-15,-0.05584877216476745,-0.12132651860505358,27.190238072379216,-0.06547774644028614,84,70,-1.0341817912713491,Dec22-Mar23,Dec-Mar
2022-10-13,THB,0,2022-12-21,2023-03-15,-0.05496556225830371,-0.12002945137253562,27.169974641597964,-0.06506388911423192,84,69,-1.0283796632525004,Dec22-Mar23,Dec-Mar
2022-10-14,THB,0,2022-12-21,2023-03-15,-0.0522991305384439,-0.11472476472268488,27.328987014510155,-0.06242563418424098,84,68,-0.9808318127047602,Dec22-Mar23,Dec-Mar
2022-10-17,THB,0,2022-12-21,2023-03-15,-0.04985886653090953,-0.11111272396974661,27.471144691992894,-0.06125385743883708,84,65,-0.9573458135831674,Dec22-Mar23,Dec-Mar
2022-10-18,THB,0,2022-12-21,2023-03-15,-0.043784304954279554,-0.0977433111566668,27.378685269109557,-0.05395900620238725,84,64,-0.8459986155712038,Dec22-Mar23,Dec-Mar
2022-10-19,THB,0,2022-12-21,2023-03-15,-0.03853602742151951,-0.08606477290091773,27.373910323934215,-0.04752874547939822,84,63,-0.7451685909753029,Dec22-Mar23,Dec-Mar
2022-10-20,THB,0,2022-12-21,2023-03-15,-0.03823675436543882,-0.08583537941463322,27.385688714367237,-0.0475986250491944,84,62,-0.74593460353107,Dec22-Mar23,Dec-Mar
2022-10-21,THB,0,2022-12-21,2023-03-15,-0.036267310476907885,-0.08162087114674471,27.529856970513123,-0.045353560669836826,84,61,-0.7069735355556471,Dec22-Mar23,Dec-Mar
2022-10-24,THB,0,2022-12-21,2023-03-15,-0.03144371846298656,-0.07238107728970539,27.61091782150124,-0.040937358826718825,84,58,-0.6361463706218785,Dec22-Mar23,Dec-Mar
2022-10-25,THB,0,2022-12-21,2023-03-15,-0.03186549767568824,-0.07419794336712564,27.763410562724324,-0.0423324456914374,84,57,-0.6542180279657884,Dec22-Mar23,Dec-Mar
2022-10-26,THB,0,2022-12-21,2023-03-15,-0.02849371913211298,-0.06660473113402436,27.777400177548568,-0.03811101200191138,84,56,-0.5886102532522816,Dec22-Mar23,Dec-Mar
2022-10-27,THB,0,2022-12-21,2023-03-15,-0.027501020364527035,-0.06487365341916802,27.77355192163809,-0.03737263305464099,84,55,-0.5772656726787158,Dec22-Mar23,Dec-Mar
2022-10-28,THB,0,2022-12-21,2023-03-15,-0.028172946356995087,-0.06737529036374262,27.733435291468915,-0.03920234400674753,84,54,-0.6064192558452427,Dec22-Mar23,Dec-Mar
2022-10-31,THB,0,2022-12-21,2023-03-15,-0.026717699747171732,-0.066080217970715,27.85862933667271,-0.03936251822354327,84,51,-0.6061261938203095,Dec22-Mar23,Dec-Mar
2022-11-01,THB,0,2022-12-21,2023-03-15,-0.0224967090250331,-0.06367678697089128,27.86384344191504,-0.04118007794585818,84,50,-0.6338991070819556,Dec22-Mar23,Dec-Mar
2022-11-02,THB,0,2022-12-21,2023-03-15,-0.02275565589580334,-0.06485645027104732,27.9486827578792,-0.04210079437524398,84,49,-0.6461091702881783,Dec22-Mar23,Dec-Mar
2022-11-03,THB,0,2022-12-21,2023-03-15,-0.024915991692430372,-0.07131356555916897,28.096942882556455,-0.046397573866738595,84,48,-0.7083448085748297,Dec22-Mar23,Dec-Mar
2022-11-04,THB,0,2022-12-21,2023-03-15,-0.024664469907654044,-0.07123629921001358,28.276953148104294,-0.046571829302359535,84,47,-0.7064686207422114,Dec22-Mar23,Dec-Mar
2022-11-07,THB,0,2022-12-21,2023-03-15,-0.021006875991874348,-0.06258700718745376,28.22514768125483,-0.04158013119557941,84,44,-0.6318241122719329,Dec22-Mar23,Dec-Mar
2022-11-08,THB,0,2022-12-21,2023-03-15,-0.019489300020146705,-0.05868825904852354,28.341040233288233,-0.039198959028376834,84,43,-0.5931721009519204,Dec22-Mar23,Dec-Mar
2022-11-09,THB,0,2022-12-21,2023-03-15,-0.018910193966169594,-0.057493991435105266,28.39883476138877,-0.03858379746893567,84,42,-0.5826623380089498,Dec22-Mar23,Dec-Mar
2022-11-10,THB,0,2022-12-21,2023-03-15,-0.01860720286371117,-0.057117995704799536,28.503544841505846,-0.03851079284108837,84,41,-0.5794158903452536,Dec22-Mar23,Dec-Mar
2022-11-11,THB,0,2022-12-21,2023-03-15,-0.01892933952337707,-0.05868095252246893,28.660678772222504,-0.039751612999091857,84,40,-0.5948102301177594,Dec22-Mar23,Dec-Mar
2022-11-14,THB,0,2022-12-21,2023-03-15,-0.01831083353142447,-0.058631519778946546,28.67166779843002,-0.04032068624752208,84,37,-0.6030809628082874,Dec22-Mar23,Dec-Mar
2022-11-15,THB,0,2022-12-21,2023-03-15,-0.018971043041059777,-0.06154413771888032,28.6215517950296,-0.04257309467782054,84,36,-0.6379009000266889,Dec22-Mar23,Dec-Mar
2022-11-16,THB,0,2022-12-21,2023-03-15,-0.019987723968354486,-0.0658055098313759,28.60084349653291,-0.04581778586302141,84,35,-0.6870400976636747,Dec22-Mar23,Dec-Mar
2022-11-17,THB,0,2022-12-21,2023-03-15,-0.020400228683114627,-0.06816112247366149,28.682612738083478,-0.04776089379054686,84,34,-0.7141442578778578,Dec22-Mar23,Dec-Mar
2022-11-18,THB,0,2022-12-21,2023-03-15,-0.020515167426953414,-0.06959864252192918,28.652687121665004,-0.049083475094975765,84,33,-0.7346901616239109,Dec22-Mar23,Dec-Mar
2022-11-21,THB,0,2022-12-21,2023-03-15,-0.01734743867571709,-0.061135611742977956,28.707931348481956,-0.04378817306726086,84,30,-0.6540947352261517,Dec22-Mar23,Dec-Mar
2022-11-22,THB,0,2022-12-21,2023-03-15,-0.01707535364526118,-0.06174444373130405,28.74332973241973,-0.04466909008604287,84,29,-0.666425058371191,Dec22-Mar23,Dec-Mar
2022-11-23,THB,0,2022-12-21,2023-03-15,-0.015073497407656828,-0.05547055399168563,28.94061383365024,-0.0403970565840288,84,28,-0.5985376262308074,Dec22-Mar23,Dec-Mar
2022-11-24,THB,0,2022-12-21,2023-03-15,-0.015422449315247541,-0.05860376519046513,28.797825299981962,-0.04318131587521759,84,27,-0.6429719689579854,Dec22-Mar23,Dec-Mar
2022-11-25,THB,0,2022-12-21,2023-03-15,-0.015210631939405056,-0.05956824335316711,28.706581419741113,-0.04435761141376205,84,26,-0.6625826640424786,Dec22-Mar23,Dec-Mar
2022-11-28,THB,0,2022-12-21,2023-03-15,-0.014162542283678269,-0.061097214318450145,28.736372616318626,-0.04693467203477188,84,23,-0.7003242226703962,Dec22-Mar23,Dec-Mar
2022-11-29,THB,0,2022-12-21,2023-03-15,-0.013540689427814884,-0.060474738112582305,28.600592964972847,-0.04693404868476742,84,22,-0.7036259667345985,Dec22-Mar23,Dec-Mar
2022-11-30,THB,0,2022-12-21,2023-03-15,-0.013832348397213381,-0.06438788155812006,28.643162567681095,-0.05055553316090668,84,21,-0.756799299983814,Dec22-Mar23,Dec-Mar
2022-12-01,THB,0,2022-12-21,2023-03-15,-0.012018991220762805,-0.05771458847296177,28.704995250028954,-0.04569559725219897,84,20,-0.6825303592473052,Dec22-Mar23,Dec-Mar
2022-12-02,THB,0,2022-12-21,2023-03-15,-0.009481569950873476,-0.05470414011888431,28.562027974445797,-0.04522257016801083,84,19,-0.6787871465475976,Dec22-Mar23,Dec-Mar
2022-12-05,THB,0,2022-12-21,2023-03-15,-0.008302624512597247,-0.050856393697652436,28.388832166775167,-0.042553769185055185,84,16,-0.6426000481625861,Dec22-Mar23,Dec-Mar
2022-12-06,THB,0,2022-12-21,2023-03-15,-0.008038018422892925,-0.05023857096822843,28.721878701598705,-0.04220055254533551,84,15,-0.6298687552952645,Dec22-Mar23,Dec-Mar
2022-12-07,THB,0,2022-12-21,2023-03-15,-0.007875518535386759,-0.050309162984663265,28.91680057826429,-0.042433644449276504,84,14,-0.6290738096814527,Dec22-Mar23,Dec-Mar
2022-12-08,THB,0,2022-12-21,2023-03-15,-0.00786764298676012,-0.053877773109445595,28.961685827510244,-0.046010130122685476,84,13,-0.6810371975733817,Dec22-Mar23,Dec-Mar
2022-12-09,THB,0,2022-12-21,2023-03-15,-0.007069632629813033,-0.05175372196245376,28.820034456303038,-0.044684089332640724,84,12,-0.6646426050528184,Dec22-Mar23,Dec-Mar
2022-12-12,THB,0,2022-12-21,2023-03-15,-0.004771282621238451,-0.044548954499514466,28.525795519697112,-0.039777671878276015,84,9,-0.5977195461289561,Dec22-Mar23,Dec-Mar
2022-12-13,THB,0,2022-12-21,2023-03-15,-0.004359658231970521,-0.04538153173515543,28.527227595033303,-0.04102187350318491,84,8,-0.6163757083927119,Dec22-Mar23,Dec-Mar
2022-12-14,THB,0,2022-12-21,2023-03-15,-0.0038917704224302745,-0.04581802778388417,28.64992624625639,-0.041926257361453896,84,7,-0.6272559654708632,Dec22-Mar23,Dec-Mar
2022-12-15,THB,0,2022-12-21,2023-03-15,-0.004107117930618702,-0.04802981012856004,28.65595101922541,-0.043922692197941336,84,6,-0.6569912570661497,Dec22-Mar23,Dec-Mar
2022-12-16,THB,0,2022-12-21,2023-03-15,-0.004436643448940909,-0.05163090357567314,28.667093079453355,-0.04719426012673223,84,5,-0.705660744601417,Dec22-Mar23,Dec-Mar
2022-12-19,THB,0,2022-12-21,2023-03-15,-0.004633599976941226,-0.052143020674203414,28.70438854073282,-0.04750942069726219,84,2,-0.7094548486862783,Dec22-Mar23,Dec-Mar
2022-12-20,THB,0,2022-12-21,2023-03-15,-0.0048262927347450905,-0.05383052813533441,28.646730433707283,-0.04900423540058932,84,1,-0.7332548516437086,Dec22-Mar23,Dec-Mar
2022-12-21,THB,0,2023-03-15,2023-06-21,-0.04921514650385847,-0.11220424360281202,28.65304891432454,-0.06298909709895355,98,84,-0.8089423321137114,Mar23-Jun23,Mar-Jun
2022-12-22,THB,0,2023-03-15,2023-06-21,-0.04735792725488109,-0.10893057205934868,28.74199884443661,-0.06157264480446759,98,83,-0.7882490199656021,Mar23-Jun23,Mar-Jun
2022-12-23,THB,0,2023-03-15,2023-06-21,-0.05113844229873743,-0.11800256637085389,28.8545405288131,-0.06686412407211646,98,82,-0.8527579908103657,Mar23-Jun23,Mar-Jun
2022-12-26,THB,0,2023-03-15,2023-06-21,-0.04399617620048296,-0.10456900126701005,28.997627302549546,-0.060572825066527086,98,79,-0.7685129980440919,Mar23-Jun23,Mar-Jun
2022-12-27,THB,0,2023-03-15,2023-06-21,-0.044517900338360054,-0.10651861047918536,28.97762190765847,-0.0620007101408253,98,78,-0.7871872670964672,Mar23-Jun23,Mar-Jun
2022-12-28,THB,0,2023-03-15,2023-06-21,-0.04188597508314358,-0.10134198480794772,28.976766775215157,-0.05945600972480414,98,77,-0.7548323186496146,Mar23-Jun23,Mar-Jun
2022-12-29,THB,0,2023-03-15,2023-06-21,-0.041437353269007535,-0.10116372763216329,29.2863570145162,-0.059726374363155754,98,76,-0.7502260577429114,Mar23-Jun23,Mar-Jun
2022-12-30,THB,0,2023-03-15,2023-06-21,-0.04024184558804002,-0.09922813030013328,29.40431545586164,-0.05898628471209326,98,75,-0.7379231984743444,Mar23-Jun23,Mar-Jun
2023-01-02,THB,0,2023-03-15,2023-06-21,-0.045636209126397695,-0.10775216043732791,29.425443974879656,-0.062115951310930215,98,72,-0.7766594235445546,Mar23-Jun23,Mar-Jun
2023-01-03,THB,0,2023-03-15,2023-06-21,-0.04988620221916842,-0.11874321373295019,29.384653879390896,-0.06885701151378176,98,71,-0.862267350168969,Mar23-Jun23,Mar-Jun
2023-01-04,THB,0,2023-03-15,2023-06-21,-0.05121196938012916,-0.12290872651231,29.538336479256003,-0.07169675713218084,98,70,-0.8931893051768096,Mar23-Jun23,Mar-Jun
2023-01-05,THB,0,2023-03-15,2023-06-21,-0.05292022467490582,-0.12808228290883003,29.501109060386053,-0.07516205823392422,98,69,-0.9375976281032381,Mar23-Jun23,Mar-Jun
2023-01-06,THB,0,2023-03-15,2023-06-21,-0.053795618114836026,-0.13132459716268796,29.76785013556568,-0.07752897904785194,98,68,-0.9584701105967646,Mar23-Jun23,Mar-Jun
2023-01-09,THB,0,2023-03-15,2023-06-21,-0.04701705540246767,-0.11790430816311125,29.815256255427236,-0.07088725276064357,98,65,-0.8747650515992472,Mar23-Jun23,Mar-Jun
2023-01-10,THB,0,2023-03-15,2023-06-21,-0.046827549694210796,-0.11853223516347107,30.04645510046368,-0.07170468546926027,98,64,-0.8780274574548337,Mar23-Jun23,Mar-Jun
2023-01-11,THB,0,2023-03-15,2023-06-21,-0.04683116120004359,-0.11967963417788917,30.004078828426586,-0.07284847297784558,98,63,-0.8932951331226039,Mar23-Jun23,Mar-Jun
2023-01-12,THB,0,2023-03-15,2023-06-21,-0.04711854655616402,-0.12159624917719748,29.890190302759052,-0.07447770262103345,98,62,-0.9167674255644733,Mar23-Jun23,Mar-Jun
2023-01-13,THB,0,2023-03-15,2023-06-21,-0.04745456917181811,-0.1236930573494931,29.885713679086493,-0.07623848817767498,98,61,-0.938592802809839,Mar23-Jun23,Mar-Jun
2023-01-16,THB,0,2023-03-15,2023-06-21,-0.04671604152487175,-0.12565004272206884,29.87138973290435,-0.0789340011971971,98,58,-0.972220652106396,Mar23-Jun23,Mar-Jun
2023-01-17,THB,0,2023-03-15,2023-06-21,-0.04994026020926419,-0.13580246197256052,29.761301346165556,-0.08586220176329633,98,57,-1.0615877503229023,Mar23-Jun23,Mar-Jun
2023-01-18,THB,0,2023-03-15,2023-06-21,-0.05216568898791149,-0.1434556447167566,29.703999673657805,-0.0912899557288451,98,56,-1.1309616057907301,Mar23-Jun23,Mar-Jun
2023-01-19,THB,0,2023-03-15,2023-06-21,-0.05188045149921839,-0.14432198326146206,29.839884633432014,-0.09244153176224368,98,55,-1.1399929146369738,Mar23-Jun23,Mar-Jun
2023-01-20,THB,0,2023-03-15,2023-06-21,-0.049747706753220884,-0.14003058197202914,29.82874682562612,-0.09028287521880826,98,54,-1.1137089498237278,Mar23-Jun23,Mar-Jun
2023-01-23,THB,0,2023-03-15,2023-06-21,-0.04083148357622304,-0.11929198142857322,29.56095821552771,-0.07846049785235018,98,51,-0.9763583999003443,Mar23-Jun23,Mar-Jun
2023-01-24,THB,0,2023-03-15,2023-06-21,-0.038735138630809574,-0.11465601034719632,29.435649828481964,-0.07592087171638674,98,50,-0.9487152005040886,Mar23-Jun23,Mar-Jun
2023-01-25,THB,0,2023-03-15,2023-06-21,-0.03446814141810005,-0.10340442425430015,29.352306466364723,-0.0689362828362001,98,49,-0.8637585141771184,Mar23-Jun23,Mar-Jun
2023-01-26,THB,0,2023-03-15,2023-06-21,-0.033950697703663525,-0.10326670551530988,29.349752935713557,-0.06931600781164635,98,48,-0.8685767174651402,Mar23-Jun23,Mar-Jun
2023-01-27,THB,0,2023-03-15,2023-06-21,-0.03312603652253625,-0.1021973467184629,29.56180214668027,-0.06907131019592665,98,47,-0.8592709765596148,Mar23-Jun23,Mar-Jun
2023-01-30,THB,0,2023-03-15,2023-06-21,-0.032507137200726816,-0.10490939732961838,29.579194869827464,-0.07240226012889156,98,44,-0.9001600740988156,Mar23-Jun23,Mar-Jun
2023-01-31,THB,0,2023-03-15,2023-06-21,-0.033614458312875115,-0.11022415400268352,29.5863080860015,-0.07660969568980841,98,43,-0.9522765520705958,Mar23-Jun23,Mar-Jun
2023-02-01,THB,0,2023-03-15,2023-06-21,-0.03235586282221068,-0.10785287607403561,29.453513365458704,-0.07549701325182492,98,42,-0.942641250680454,Mar23-Jun23,Mar-Jun
2023-02-02,THB,0,2023-03-15,2023-06-21,-0.033201197532915054,-0.11256015748963884,29.26553397816433,-0.07935895995672379,98,41,-0.9972611909996593,Mar23-Jun23,Mar-Jun
2023-02-03,THB,0,2023-03-15,2023-06-21,-0.03294757856074278,-0.11366914603456257,29.338918981759996,-0.0807215674738198,98,40,-1.0118354480285536,Mar23-Jun23,Mar-Jun
2023-02-06,THB,0,2023-03-15,2023-06-21,-0.027387963009124175,-0.0999290542224801,29.34997455453218,-0.07254109121335592,98,37,-0.9087788933451133,Mar23-Jun23,Mar-Jun
2023-02-07,THB,0,2023-03-15,2023-06-21,-0.025301165636198625,-0.09417656097918377,29.35850704053293,-0.06887539534298515,98,36,-0.8625434854992033,Mar23-Jun23,Mar-Jun
2023-02-08,THB,0,2023-03-15,2023-06-21,-0.021749607971226166,-0.08264851029065944,29.552279151341153,-0.06089890231943327,98,35,-0.7575558477194767,Mar23-Jun23,Mar-Jun
2023-02-09,THB,0,2023-03-15,2023-06-21,-0.02198516120272764,-0.08535415525764849,29.536315280350767,-0.06336899405492084,98,34,-0.7887153760693365,Mar23-Jun23,Mar-Jun
2023-02-10,THB,0,2023-03-15,2023-06-21,-0.019718980455327797,-0.07827837695902853,29.772698253143325,-0.058559396503700734,98,33,-0.7230070926686539,Mar23-Jun23,Mar-Jun
2023-02-13,THB,0,2023-03-15,2023-06-21,-0.0190022869405884,-0.08107642427984384,29.81496762007776,-0.06207413733925544,98,30,-0.7652963773369126,Mar23-Jun23,Mar-Jun
2023-02-14,THB,0,2023-03-15,2023-06-21,-0.01787074316402349,-0.07826153040796495,29.699249293171487,-0.06039078724394146,98,29,-0.7474171318197872,Mar23-Jun23,Mar-Jun
2023-02-15,THB,0,2023-03-15,2023-06-21,-0.017511099049107623,-0.07879994572098431,29.68141176806068,-0.06128884667187669,98,28,-0.7589787485202534,Mar23-Jun23,Mar-Jun
2023-02-16,THB,0,2023-03-15,2023-06-21,-0.015281818925971443,-0.07074916169431222,29.542133815940083,-0.05546734276834078,98,27,-0.6900755478444635,Mar23-Jun23,Mar-Jun
2023-02-17,THB,0,2023-03-15,2023-06-21,-0.016203306661334467,-0.07727730869251824,29.570900517886965,-0.06107400203118377,98,26,-0.7591127570883325,Mar23-Jun23,Mar-Jun
2023-02-20,THB,0,2023-03-15,2023-06-21,-0.014227777955985212,-0.0748504840293135,29.537599062494955,-0.06062270607332829,98,23,-0.7543029311150301,Mar23-Jun23,Mar-Jun
2023-02-21,THB,0,2023-03-15,2023-06-21,-0.014758038484792256,-0.08049839173523048,29.75308037065938,-0.06574035325043823,98,22,-0.8120672461217173,Mar23-Jun23,Mar-Jun
2023-02-22,THB,0,2023-03-15,2023-06-21,-0.013204035734386546,-0.07482286916152377,29.71975676096353,-0.06161883342713722,98,21,-0.7619695910105756,Mar23-Jun23,Mar-Jun
2023-02-23,THB,0,2023-03-15,2023-06-21,-0.012182022555210364,-0.07187393307574115,29.795734616716164,-0.059691910520530786,98,20,-0.7362332122755656,Mar23-Jun23,Mar-Jun
2023-02-24,THB,0,2023-03-15,2023-06-21,-0.011110120193082211,-0.06841495066266413,29.720965326080087,-0.05730483046958192,98,19,-0.7085444847903374,Mar23-Jun23,Mar-Jun
2023-02-27,THB,0,2023-03-15,2023-06-21,-0.009273285078800032,-0.06607215618645022,29.816947127924532,-0.056798871107650195,98,16,-0.6999838879513024,Mar23-Jun23,Mar-Jun
2023-02-28,THB,0,2023-03-15,2023-06-21,-0.008006944739757143,-0.060318983706170476,29.85279120598555,-0.05231203896641333,98,15,-0.6438869588469435,Mar23-Jun23,Mar-Jun
2023-03-01,THB,0,2023-03-15,2023-06-21,-0.007460551139618895,-0.05968440911695115,29.649823352830943,-0.052223857977332255,98,14,-0.6471911327502444,Mar23-Jun23,Mar-Jun
2023-03-02,THB,0,2023-03-15,2023-06-21,-0.006976052080374972,-0.05956475237858629,29.704780117177794,-0.05258870029821132,98,13,-0.6504958422644886,Mar23-Jun23,Mar-Jun
2023-03-03,THB,0,2023-03-15,2023-06-21,-0.006425745475462511,-0.05890266685840635,29.840512297193417,-0.05247692138294384,98,12,-0.6461480358371139,Mar23-Jun23,Mar-Jun
2023-03-06,THB,0,2023-03-15,2023-06-21,-0.0036761310161753887,-0.043705113192307396,29.791769462301332,-0.04002898217613201,98,9,-0.493637639078354,Mar23-Jun23,Mar-Jun
2023-03-07,THB,0,2023-03-15,2023-06-21,-0.003971420247315031,-0.052621318276924164,29.737828225006503,-0.04864989802960913,98,8,-0.6010451731931918,Mar23-Jun23,Mar-Jun
2023-03-08,THB,0,2023-03-15,2023-06-21,-0.0035307396836071914,-0.052961095254107866,29.901518685730153,-0.04943035557050068,98,7,-0.6073348425377665,Mar23-Jun23,Mar-Jun
2023-03-09,THB,0,2023-03-15,2023-06-21,-0.0030718929876393034,-0.04563955295921251,29.909069731924877,-0.042567659971573205,98,6,-0.5228750321460905,Mar23-Jun23,Mar-Jun
2023-03-10,THB,0,2023-03-15,2023-06-21,-0.0032782694818979797,-0.04823739380507027,29.826960904672703,-0.04495912432317229,98,5,-0.5537745587011218,Mar23-Jun23,Mar-Jun
2023-03-13,THB,0,2023-03-15,2023-06-21,-0.003069825080262283,-0.0438546440037469,29.787110362362213,-0.040784818923484616,98,2,-0.5030270611303406,Mar23-Jun23,Mar-Jun
2023-03-14,THB,0,2023-03-15,2023-06-21,-0.0033642773516871986,-0.04758049397386181,29.64840142947627,-0.04421621662217461,98,1,-0.547905935723421,Mar23-Jun23,Mar-Jun
2023-03-15,THB,0,2023-06-21,2023-09-20,-0.05044890301364477,-0.09729431295488634,29.3969635546558,-0.046845409941241575,91,98,-0.631497481272696,Jun23-Sep23,Jun-Sep
2023-03-16,THB,0,2023-06-21,2023-09-20,-0.045602920370995385,-0.08838504154378486,29.30736144597713,-0.042782121172789477,91,97,-0.5783929620779462,Jun23-Sep23,Jun-Sep
2023-03-17,THB,0,2023-06-21,2023-09-20,-0.0444800043572342,-0.08664334182086245,29.137272097898748,-0.04216333746362825,91,96,-0.5733379450254392,Jun23-Sep23,Jun-Sep
2023-03-20,THB,0,2023-06-21,2023-09-20,-0.03488837938214852,-0.06902647103564868,29.143633641543865,-0.034138091653500166,91,93,-0.46395607210268075,Jun23-Sep23,Jun-Sep
2023-03-21,THB,0,2023-06-21,2023-09-20,-0.03550221825680705,-0.07061854283690967,29.311797563144694,-0.03511632458010262,91,92,-0.4745194771983345,Jun23-Sep23,Jun-Sep
2023-03-22,THB,0,2023-06-21,2023-09-20,-0.03782615693606022,-0.07565231387212044,29.23433196384887,-0.03782615693606022,91,91,-0.5125337275525615,Jun23-Sep23,Jun-Sep
2023-03-23,THB,0,2023-06-21,2023-09-20,-0.03816221687071984,-0.07674845837333656,29.112600064662686,-0.03858624150261672,91,90,-0.5250277521512939,Jun23-Sep23,Jun-Sep
2023-03-24,THB,0,2023-06-21,2023-09-20,-0.0410407333315292,-0.08300373033342985,29.001351068960343,-0.04196299700190065,91,89,-0.5732240391866122,Jun23-Sep23,Jun-Sep
2023-03-27,THB,0,2023-06-21,2023-09-20,-0.040593951414887086,-0.08354801628412807,28.780971907469215,-0.042954064869240985,91,86,-0.591252380095014,Jun23-Sep23,Jun-Sep
2023-03-28,THB,0,2023-06-21,2023-09-20,-0.04211362378332832,-0.08719997395136217,28.929415974390153,-0.04508635016803385,91,85,-0.6174463122845775,Jun23-Sep23,Jun-Sep
2023-03-29,THB,0,2023-06-21,2023-09-20,-0.0392397122474858,-0.08174940051559541,28.88519849205815,-0.042509688268109615,91,84,-0.5829939529140058,Jun23-Sep23,Jun-Sep
2023-03-30,THB,0,2023-06-21,2023-09-20,-0.04023529112308439,-0.08434868259538172,28.64892047733317,-0.044113391472297335,91,83,-0.6100053692740358,Jun23-Sep23,Jun-Sep
2023-03-31,THB,0,2023-06-21,2023-09-20,-0.03958854075357577,-0.08352216524839766,28.662781382639867,-0.04393362449482189,91,82,-0.607211608467032,Jun23-Sep23,Jun-Sep
2023-04-03,THB,0,2023-06-21,2023-09-20,-0.03981083743543669,-0.0856688906838511,28.674745862420416,-0.04585805324841441,91,79,-0.6335494535994327,Jun23-Sep23,Jun-Sep
2023-04-04,THB,0,2023-06-21,2023-09-20,-0.039977249966507235,-0.08661737492743234,28.764104656279297,-0.0466401249609251,91,78,-0.6423533145179132,Jun23-Sep23,Jun-Sep
2023-04-05,THB,0,2023-06-21,2023-09-20,-0.039199780739903704,-0.08552679434160808,29.02148382760794,-0.046327013601704374,91,77,-0.6323576908715007,Jun23-Sep23,Jun-Sep
2023-04-06,THB,0,2023-06-21,2023-09-20,-0.035496362314829846,-0.0779985856128498,28.98176119492249,-0.04250222329801995,91,76,-0.5808717102841983,Jun23-Sep23,Jun-Sep
2023-04-07,THB,0,2023-06-21,2023-09-20,-0.035531549586907955,-0.07864316308568961,29.074511132298277,-0.043111613498781655,91,75,-0.5873189776913135,Jun23-Sep23,Jun-Sep
2023-04-10,THB,0,2023-06-21,2023-09-20,-0.03697405365845436,-0.0837051492545564,28.961449890951055,-0.046731095596102036,91,72,-0.6391482055965694,Jun23-Sep23,Jun-Sep
2023-04-11,THB,0,2023-06-21,2023-09-20,-0.04071226146048535,-0.09289276558589615,29.062025084869312,-0.0521805041254108,91,71,-0.711299206981993,Jun23-Sep23,Jun-Sep
2023-04-12,THB,0,2023-06-21,2023-09-20,-0.04314552743769012,-0.09923471310668729,29.003540732525032,-0.05608918566899716,91,70,-0.7661887291036619,Jun23-Sep23,Jun-Sep
2023-04-13,THB,0,2023-06-21,2023-09-20,-0.04174342833814128,-0.09679635556670442,29.309427288786335,-0.05505292722856314,91,69,-0.7441374625459076,Jun23-Sep23,Jun-Sep
2023-04-14,THB,0,2023-06-21,2023-09-20,-0.040938502316548164,-0.09572385100486998,29.300861741918972,-0.054785348688321814,91,68,-0.7407170749677287,Jun23-Sep23,Jun-Sep
2023-04-17,THB,0,2023-06-21,2023-09-20,-0.0392722323775244,-0.09425335770605857,29.364505000012226,-0.05498112532853417,91,65,-0.7417085152432323,Jun23-Sep23,Jun-Sep
2023-04-18,THB,0,2023-06-21,2023-09-20,-0.04089912317755336,-0.09905256394563705,29.34211584617045,-0.05815344076808369,91,64,-0.7851468082320585,Jun23-Sep23,Jun-Sep
2023-04-19,THB,0,2023-06-21,2023-09-20,-0.04138221079922966,-0.10115651528700584,29.293724734333253,-0.05977430448777618,91,63,-0.808378938559701,Jun23-Sep23,Jun-Sep
2023-04-20,THB,0,2023-06-21,2023-09-20,-0.039898593134448566,-0.09845943144468756,29.141468950831463,-0.058560838310239,91,62,-0.796071303405858,Jun23-Sep23,Jun-Sep
2023-04-21,THB,0,2023-06-21,2023-09-20,-0.03686061201254774,-0.09184939386733208,29.186426943941136,-0.05498878185478434,91,61,-0.7462822452647192,Jun23-Sep23,Jun-Sep
2023-04-24,THB,0,2023-06-21,2023-09-20,-0.040201264433524495,-0.10327566207922673,29.067659699235016,-0.06307439764570223,91,58,-0.8596174210286082,Jun23-Sep23,Jun-Sep
2023-04-25,THB,0,2023-06-21,2023-09-20,-0.03853993880687402,-0.10006861304240974,28.9285652648416,-0.06152867423553572,91,57,-0.8425404169290965,Jun23-Sep23,Jun-Sep
2023-04-26,THB,0,2023-06-21,2023-09-20,-0.03821189945350429,-0.10030623606544876,28.625876284245717,-0.062094336611944474,91,56,-0.8592794491771361,Jun23-Sep23,Jun-Sep
2023-04-27,THB,0,2023-06-21,2023-09-20,-0.03682640428076776,-0.09775736409076533,28.65491831314305,-0.06093095980999756,91,55,-0.8422838114432696,Jun23-Sep23,Jun-Sep
2023-04-28,THB,0,2023-06-21,2023-09-20,-0.037721870741485725,-0.10129020847250798,28.816264408207566,-0.06356833773102226,91,54,-0.8738425093945712,Jun23-Sep23,Jun-Sep
2023-05-01,THB,0,2023-06-21,2023-09-20,-0.03646294285344259,-0.10152427225860487,28.74217469211262,-0.06506132940516228,91,51,-0.8966350711443691,Jun23-Sep23,Jun-Sep
2023-05-02,THB,0,2023-06-21,2023-09-20,-0.03585746115371635,-0.10111804045348012,28.813152739304048,-0.06526057929976377,91,50,-0.8971437996911743,Jun23-Sep23,Jun-Sep
2023-05-03,THB,0,2023-06-21,2023-09-20,-0.030061661818530448,-0.08589046233865842,28.784275338530186,-0.05582880052012797,91,49,-0.7681002560320983,Jun23-Sep23,Jun-Sep
2023-05-04,THB,0,2023-06-21,2023-09-20,-0.031655743529020466,-0.09166975730278844,28.72450194928213,-0.06001401377376797,91,48,-0.8274469349089613,Jun23-Sep23,Jun-Sep
2023-05-05,THB,0,2023-06-21,2023-09-20,-0.02970524366020091,-0.08721965159803671,28.699557297302594,-0.0575144079378358,91,47,-0.7936194629892288,Jun23-Sep23,Jun-Sep
2023-05-08,THB,0,2023-06-21,2023-09-20,-0.025599659715905075,-0.07854441049198148,28.58163797031558,-0.0529447507760764,91,44,-0.7334762582742874,Jun23-Sep23,Jun-Sep
2023-05-09,THB,0,2023-06-21,2023-09-20,-0.024236934183044123,-0.07552905070995145,28.517049907929458,-0.05129211652690732,91,43,-0.712158072163473,Jun23-Sep23,Jun-Sep
2023-05-10,THB,0,2023-06-21,2023-09-20,-0.02394467868644213,-0.07582481584040007,28.664988198660613,-0.05188013715395794,91,42,-0.7165943618063653,Jun23-Sep23,Jun-Sep
2023-05-11,THB,0,2023-06-21,2023-09-20,-0.022783726177888736,-0.07335248428003202,28.605252775965052,-0.050568758102143285,91,41,-0.6999123466421713,Jun23-Sep23,Jun-Sep
2023-05-12,THB,0,2023-06-21,2023-09-20,-0.02326952394640719,-0.07620769092448354,28.717714495152077,-0.05293816697807635,91,40,-0.7298475915035783,Jun23-Sep23,Jun-Sep
2023-05-15,THB,0,2023-06-21,2023-09-20,-0.019521418727710637,-0.06753355667964761,28.595015098940532,-0.04801213795193697,91,37,-0.6646888774245037,Jun23-Sep23,Jun-Sep
2023-05-16,THB,0,2023-06-21,2023-09-20,-0.022153960227209498,-0.07815424857932238,28.650860457777377,-0.056000288352112876,91,36,-0.7738372751526559,Jun23-Sep23,Jun-Sep
2023-05-17,THB,0,2023-06-21,2023-09-20,-0.020557562108005387,-0.07400722358881939,28.6976077474385,-0.05344966148081401,91,35,-0.7373464456324383,Jun23-Sep23,Jun-Sep
2023-05-18,THB,0,2023-06-21,2023-09-20,-0.01974333966242602,-0.0725858075824486,28.772401399551416,-0.05284246792002259,91,34,-0.7270532185303447,Jun23-Sep23,Jun-Sep
2023-05-19,THB,0,2023-06-21,2023-09-20,-0.01966140899125605,-0.07387923378532577,28.693426721181314,-0.05421782479406971,91,33,-0.7480290633307826,Jun23-Sep23,Jun-Sep
2023-05-22,THB,0,2023-06-21,2023-09-20,-0.01594456383634868,-0.06430974080660634,28.712651020862026,-0.04836517697025766,91,30,-0.6667481730794259,Jun23-Sep23,Jun-Sep
2023-05-23,THB,0,2023-06-21,2023-09-20,-0.015004233611391388,-0.06208648390920574,28.909759819676854,-0.047082250297814356,91,29,-0.6446133492038596,Jun23-Sep23,Jun-Sep
2023-05-24,THB,0,2023-06-21,2023-09-20,-0.015101084723503987,-0.06417961007489194,29.00371809496683,-0.04907852535138795,91,28,-0.66976911495744,Jun23-Sep23,Jun-Sep
2023-05-25,THB,0,2023-06-21,2023-09-20,-0.015669193174387284,-0.06848017757695184,29.293468392663627,-0.052810984402564556,91,27,-0.7135870228324731,Jun23-Sep23,Jun-Sep
2023-05-26,THB,0,2023-06-21,2023-09-20,-0.015736869302741784,-0.07081591186233802,29.432029211417188,-0.05507904255959623,91,26,-0.7407293580320525,Jun23-Sep23,Jun-Sep
2023-05-29,THB,0,2023-06-21,2023-09-20,-0.013054326626620073,-0.06470405371455165,29.43818824648562,-0.05164972708793158,91,23,-0.6944015657975512,Jun23-Sep23,Jun-Sep
2023-05-30,THB,0,2023-06-21,2023-09-20,-0.012167372293580014,-0.06249604859884279,29.316056100662355,-0.050328676305262776,91,22,-0.679440389494699,Jun23-Sep23,Jun-Sep
2023-05-31,THB,0,2023-06-21,2023-09-20,-0.011388773415316026,-0.06074012488168547,29.293303352044003,-0.049351351466369445,91,21,-0.6667464149821098,Jun23-Sep23,Jun-Sep
2023-06-01,THB,0,2023-06-21,2023-09-20,-0.009603402933430835,-0.05329888628054113,29.286792623840338,-0.04369548334711029,91,20,-0.5904298103805615,Jun23-Sep23,Jun-Sep
2023-06-02,THB,0,2023-06-21,2023-09-20,-0.00916957673009971,-0.05308702317426148,29.585208641248617,-0.04391744644416177,91,19,-0.5874327802695755,Jun23-Sep23,Jun-Sep
2023-06-05,THB,0,2023-06-21,2023-09-20,-0.009336074949740043,-0.062435001226386545,29.49296345663784,-0.0530989262766465,91,16,-0.7124689362327723,Jun23-Sep23,Jun-Sep
2023-06-06,THB,0,2023-06-21,2023-09-20,-0.0084455896022264,-0.059682166522399896,29.571229128598322,-0.0512365769201735,91,15,-0.685639598808627,Jun23-Sep23,Jun-Sep
2023-06-07,THB,0,2023-06-21,2023-09-20,-0.00782474218208094,-0.058685566365607046,29.42395930833532,-0.05086082418352611,91,14,-0.6840044046513613,Jun23-Sep23,Jun-Sep
2023-06-08,THB,0,2023-06-21,2023-09-20,-0.007238133516889253,-0.057905068135114014,29.455554912299036,-0.05066693461822476,91,13,-0.6806522151110366,Jun23-Sep23,Jun-Sep
2023-06-09,THB,0,2023-06-21,2023-09-20,-0.006850918651547802,-0.0588037184257853,29.58307342892894,-0.0519527997742375,91,12,-0.6949080785249602,Jun23-Sep23,Jun-Sep
2023-06-12,THB,0,2023-06-21,2023-09-20,-0.005278187440334417,-0.05864652711482686,29.784330719082334,-0.05336833967449244,91,9,-0.7089799025305994,Jun23-Sep23,Jun-Sep
2023-06-13,THB,0,2023-06-21,2023-09-20,-0.004950901297609034,-0.061267403557911805,29.81198781622877,-0.05631650226030277,91,8,-0.747442823747487,Jun23-Sep23,Jun-Sep
2023-06-14,THB,0,2023-06-21,2023-09-20,-0.004266366489342244,-0.059729130850791415,29.784685263196653,-0.055462764361449174,91,7,-0.736769803334966,Jun23-Sep23,Jun-Sep
2023-06-15,THB,0,2023-06-21,2023-09-20,-0.003910485947432233,-0.054188162414418095,29.817255894651247,-0.05027767646698586,91,6,-0.6671532341791209,Jun23-Sep23,Jun-Sep
2023-06-16,THB,0,2023-06-21,2023-09-20,-0.0038019339513831593,-0.052140808476111904,29.85447121157535,-0.048338874524728744,91,5,-0.6406245388570462,Jun23-Sep23,Jun-Sep
2023-06-19,THB,0,2023-06-21,2023-09-20,-0.0036298198621524977,-0.0482247495971689,29.78581431704533,-0.04459492973501641,91,2,-0.5923658899671904,Jun23-Sep23,Jun-Sep
2023-06-20,THB,0,2023-06-21,2023-09-20,-0.0036016254329592845,-0.04733564854746489,29.906984436330262,-0.0437340231145056,91,1,-0.5785757381020202,Jun23-Sep23,Jun-Sep
2023-06-21,THB,0,2023-09-20,2023-12-20,-0.04315182959959012,-0.08630365919918025,29.85140438425331,-0.04315182959959012,91,91,-0.5726955458616853,Sep23-Dec23,Sep-Dec
2023-06-22,THB,0,2023-09-20,2023-12-20,-0.04181716838409555,-0.08409897197245882,30.033523270976886,-0.04228180358836327,91,90,-0.5577164332172343,Sep23-Dec23,Sep-Dec
2023-06-23,THB,0,2023-09-20,2023-12-20,-0.04293892906649726,-0.08684277788729783,30.12463090283913,-0.04390384882080057,91,89,-0.5773796099169936,Sep23-Dec23,Sep-Dec
2023-06-26,THB,0,2023-09-20,2023-12-20,-0.04385440045499869,-0.09025847535505545,30.194157842344406,-0.046404074900056755,91,86,-0.608871351487372,Sep23-Dec23,Sep-Dec
2023-06-27,THB,0,2023-09-20,2023-12-20,-0.049424104989922626,-0.10233697033207509,30.02890777685158,-0.05291286534215246,91,85,-0.6982295740145552,Sep23-Dec23,Sep-Dec
2023-06-28,THB,0,2023-09-20,2023-12-20,-0.04782367848923182,-0.09963266351923297,29.979010173722966,-0.05180898503000115,91,84,-0.6847661121932372,Sep23-Dec23,Sep-Dec
2023-06-29,THB,0,2023-09-20,2023-12-20,-0.04973484005856052,-0.10426339964083772,30.075337145016597,-0.0545285595822772,91,83,-0.7184448004615926,Sep23-Dec23,Sep-Dec
2023-06-30,THB,0,2023-09-20,2023-12-20,-0.046618051923641324,-0.09835271930231645,30.154528997451642,-0.05173466737867513,91,82,-0.6797702390299889,Sep23-Dec23,Sep-Dec
2023-07-03,THB,0,2023-09-20,2023-12-20,-0.04571501637640319,-0.09536715321212702,30.06932661145677,-0.04965213683572383,91,79,-0.6542385322684582,Sep23-Dec23,Sep-Dec
2023-07-04,THB,0,2023-09-20,2023-12-20,-0.04709819689131009,-0.09921788616959616,29.945722181389712,-0.05211968927828607,91,78,-0.6896229801985959,Sep23-Dec23,Sep-Dec
2023-07-05,THB,0,2023-09-20,2023-12-20,-0.04100497989285855,-0.08682007404917687,29.760037044197226,-0.04581509415631832,91,77,-0.6098668554901644,Sep23-Dec23,Sep-Dec
2023-07-06,THB,0,2023-09-20,2023-12-20,-0.04083924091570244,-0.08726671501989404,29.665719696372825,-0.046427474104191596,91,76,-0.6199826817881454,Sep23-Dec23,Sep-Dec
2023-07-07,THB,0,2023-09-20,2023-12-20,-0.04103642299846713,-0.08850502642033939,29.8575833520154,-0.04746860342187226,91,75,-0.6298109640798067,Sep23-Dec23,Sep-Dec
2023-07-10,THB,0,2023-09-20,2023-12-20,-0.040210430591159904,-0.0892063017099463,29.874196191575294,-0.048995871118786394,91,72,-0.6496946849926998,Sep23-Dec23,Sep-Dec
2023-07-11,THB,0,2023-09-20,2023-12-20,-0.038953948523976684,-0.08722436440984069,29.816565917459247,-0.048270415885864004,91,71,-0.641286773500257,Sep23-Dec23,Sep-Dec
2023-07-12,THB,0,2023-09-20,2023-12-20,-0.035315837100224914,-0.07974011955005547,29.72611560923667,-0.04442428244983056,91,70,-0.591915392768129,Sep23-Dec23,Sep-Dec
2023-07-13,THB,0,2023-09-20,2023-12-20,-0.030851023436701604,-0.0702199335871506,29.670108377890905,-0.039368910150449,91,69,-0.5254691006396871,Sep23-Dec23,Sep-Dec
2023-07-14,THB,0,2023-09-20,2023-12-20,-0.03551601900742432,-0.0818950438200671,29.56539419088824,-0.04637902481264278,91,68,-0.6213282009811759,Sep23-Dec23,Sep-Dec
2023-07-17,THB,0,2023-09-20,2023-12-20,-0.034326509282250124,-0.08172618472792378,29.584689726442715,-0.04739967544567366,91,65,-0.6345614034835853,Sep23-Dec23,Sep-Dec
2023-07-18,THB,0,2023-09-20,2023-12-20,-0.03033122705253341,-0.0729686180937076,29.389345448805305,-0.042637391041174186,91,64,-0.574526759842445,Sep23-Dec23,Sep-Dec
2023-07-19,THB,0,2023-09-20,2023-12-20,-0.03409021824421746,-0.08300647423824895,29.265332285436585,-0.04891625599403149,91,63,-0.662013808488425,Sep23-Dec23,Sep-Dec
2023-07-20,THB,0,2023-09-20,2023-12-20,-0.03093489555476741,-0.07617738623739467,29.151502725319585,-0.045242490682627264,91,62,-0.6146215378342719,Sep23-Dec23,Sep-Dec
2023-07-21,THB,0,2023-09-20,2023-12-20,-0.0293379360885416,-0.07310436533538235,29.06715844427972,-0.04376642924684075,91,61,-0.5962634759408055,Sep23-Dec23,Sep-Dec
2023-07-24,THB,0,2023-09-20,2023-12-20,-0.02563202677983102,-0.06584779293439348,29.14073385615209,-0.04021576615456246,91,58,-0.5464357966728427,Sep23-Dec23,Sep-Dec
2023-07-25,THB,0,2023-09-20,2023-12-20,-0.024961028056210324,-0.06481109039156366,29.02388532978428,-0.039850062335353334,91,57,-0.5436360211484115,Sep23-Dec23,Sep-Dec
2023-07-26,THB,0,2023-09-20,2023-12-20,-0.025214500397496002,-0.066188063543427,29.231416022753812,-0.040973563145931,91,56,-0.5549958857778188,Sep23-Dec23,Sep-Dec
2023-07-27,THB,0,2023-09-20,2023-12-20,-0.023402354357091402,-0.06212261338427899,29.230372201962773,-0.03872025902718759,91,55,-0.5244605910856652,Sep23-Dec23,Sep-Dec
2023-07-28,THB,0,2023-09-20,2023-12-20,-0.025193017942946982,-0.0676479185505058,29.166378040818667,-0.04245490060755881,91,54,-0.5763439366694794,Sep23-Dec23,Sep-Dec
2023-07-31,THB,0,2023-09-20,2023-12-20,-0.02468457088948958,-0.06872958953544157,29.05934572589776,-0.04404501864595199,91,51,-0.6001242062992016,Sep23-Dec23,Sep-Dec
2023-08-01,THB,0,2023-09-20,2023-12-20,-0.02561307042058581,-0.07222885858605198,29.128381243467167,-0.04661578816546617,91,50,-0.6336651755313379,Sep23-Dec23,Sep-Dec
2023-08-02,THB,0,2023-09-20,2023-12-20,-0.02234029093067028,-0.06091318273211943,29.16219926938508,-0.038572891801449155,91,49,-0.5236677898512893,Sep23-Dec23,Sep-Dec
2023-08-03,THB,0,2023-09-20,2023-12-20,-0.02173733561090172,-0.06020082088475641,29.08461340743336,-0.03846348527385469,91,48,-0.5235656583676673,Sep23-Dec23,Sep-Dec
2023-08-04,THB,0,2023-09-20,2023-12-20,-0.021969960945209855,-0.061928444729337236,29.014876953217772,-0.03995848378412738,91,47,-0.5452282460292766,Sep23-Dec23,Sep-Dec
2023-08-07,THB,0,2023-09-20,2023-12-20,-0.020275189538988454,-0.06011119768794946,29.032202987517003,-0.039836008148961,91,44,-0.5432007151265454,Sep23-Dec23,Sep-Dec
2023-08-08,THB,0,2023-09-20,2023-12-20,-0.020454669844017614,-0.06180539195325814,29.05601340985827,-0.041350722109240526,91,43,-0.5633963366886147,Sep23-Dec23,Sep-Dec
2023-08-09,THB,0,2023-09-20,2023-12-20,-0.019143393165491865,-0.05885089404272018,28.96119787643009,-0.03970750087722832,91,42,-0.5427555909888644,Sep23-Dec23,Sep-Dec
2023-08-10,THB,0,2023-09-20,2023-12-20,-0.014964599580755147,-0.046565914537802754,29.030333535995055,-0.031601314957047606,91,41,-0.4308619728835378,Sep23-Dec23,Sep-Dec
2023-08-11,THB,0,2023-09-20,2023-12-20,-0.018262609902756036,-0.05836397822734016,28.92138408371707,-0.04010136832458412,91,40,-0.5488776564610602,Sep23-Dec23,Sep-Dec
2023-08-14,THB,0,2023-09-20,2023-12-20,-0.019276209230634736,-0.06571796646301627,29.018937072684665,-0.04644175723238153,91,37,-0.6335440744369107,Sep23-Dec23,Sep-Dec
2023-08-15,THB,0,2023-09-20,2023-12-20,-0.01741395525654564,-0.06062361097403012,29.122322516211867,-0.04320965571748448,91,36,-0.5873211969928911,Sep23-Dec23,Sep-Dec
2023-08-16,THB,0,2023-09-20,2023-12-20,-0.01876974300531586,-0.06692095349871524,29.255459418984096,-0.04815121049339938,91,35,-0.6515385543292995,Sep23-Dec23,Sep-Dec
2023-08-17,THB,0,2023-09-20,2023-12-20,-0.020214343778781653,-0.0738307912320566,29.198947866673937,-0.05361644745327495,91,34,-0.7269301895013144,Sep23-Dec23,Sep-Dec
2023-08-18,THB,0,2023-09-20,2023-12-20,-0.01982053662587899,-0.07415319218994612,29.15781638392629,-0.054332655564067134,91,33,-0.7376704107807285,Sep23-Dec23,Sep-Dec
2023-08-21,THB,0,2023-09-20,2023-12-20,-0.01715837926310259,-0.06920546302784712,29.28110694116041,-0.05204708376474453,91,30,-0.7035979807089917,Sep23-Dec23,Sep-Dec
2023-08-22,THB,0,2023-09-20,2023-12-20,-0.015859996584386575,-0.06562757207332376,29.1064543829238,-0.049767575488937184,91,29,-0.6767916585177747,Sep23-Dec23,Sep-Dec
2023-08-23,THB,0,2023-09-20,2023-12-20,-0.01560679950712628,-0.06632889790528668,28.915144061783206,-0.0507220983981604,91,28,-0.694332400497778,Sep23-Dec23,Sep-Dec
2023-08-24,THB,0,2023-09-20,2023-12-20,-0.016346451648566032,-0.07144004794558487,29.127998588260642,-0.055093596297018835,91,27,-0.7486785278443362,Sep23-Dec23,Sep-Dec
2023-08-25,THB,0,2023-09-20,2023-12-20,-0.014765045455111394,-0.06644270454800129,28.92011501413726,-0.05167765909288989,91,26,-0.7072707686931089,Sep23-Dec23,Sep-Dec
2023-08-28,THB,0,2023-09-20,2023-12-20,-0.0131144592724187,-0.065002102480684,28.932283343103126,-0.0518876432082653,91,23,-0.7098053133269272,Sep23-Dec23,Sep-Dec
2023-08-29,THB,0,2023-09-20,2023-12-20,-0.011734628449503248,-0.06027331885426668,28.912060532993596,-0.04853869040476343,91,22,-0.6644257004031411,Sep23-Dec23,Sep-Dec
2023-08-30,THB,0,2023-09-20,2023-12-20,-0.011865561008436824,-0.06328299204499639,29.096422521094116,-0.05141743103655957,91,21,-0.6993732707245082,Sep23-Dec23,Sep-Dec
2023-08-31,THB,0,2023-09-20,2023-12-20,-0.012052588966771787,-0.06689186876558342,29.096494558394433,-0.05483927979881163,91,20,-0.7459197657288377,Sep23-Dec23,Sep-Dec
2023-09-01,THB,0,2023-09-20,2023-12-20,-0.011757314391544291,-0.06508651682625638,29.193634313036455,-0.05332920243471209,91,19,-0.7229578446317024,Sep23-Dec23,Sep-Dec
2023-09-04,THB,0,2023-09-20,2023-12-20,-0.009380751282072787,-0.06021748307908294,29.2518842674288,-0.05083673179701015,91,16,-0.6877398354745263,Sep23-Dec23,Sep-Dec
2023-09-05,THB,0,2023-09-20,2023-12-20,-0.009547799794894833,-0.0650873524718649,29.558699376193143,-0.05553955267697006,91,15,-0.7435641971683659,Sep23-Dec23,Sep-Dec
2023-09-06,THB,0,2023-09-20,2023-12-20,-0.008601731948492524,-0.062279168936714514,29.6779032798692,-0.05367743698822199,91,14,-0.7157239607754667,Sep23-Dec23,Sep-Dec
2023-09-07,THB,0,2023-09-20,2023-12-20,-0.007360456461622144,-0.05680466913698589,29.745442724182677,-0.049444212675363745,91,13,-0.6577541784799262,Sep23-Dec23,Sep-Dec
2023-09-08,THB,0,2023-09-20,2023-12-20,-0.007215891677947422,-0.0600252216266668,29.623320106919625,-0.052809329948719376,91,12,-0.7054136122969247,Sep23-Dec23,Sep-Dec
2023-09-11,THB,0,2023-09-20,2023-12-20,-0.005343599173680897,-0.05794482730651198,29.522268140291693,-0.05260122813283108,91,9,-0.7049947576533403,Sep23-Dec23,Sep-Dec
2023-09-12,THB,0,2023-09-20,2023-12-20,-0.005180074242455512,-0.06283686528198315,29.44736814038879,-0.05765679103952764,91,8,-0.7747141591663205,Sep23-Dec23,Sep-Dec
2023-09-13,THB,0,2023-09-20,2023-12-20,-0.004454495282149279,-0.06125800026674269,29.359666443226043,-0.05680350498459341,91,7,-0.765510271139962,Sep23-Dec23,Sep-Dec
2023-09-14,THB,0,2023-09-20,2023-12-20,-0.004594297030688984,-0.062715845744542,29.38752067373701,-0.05812154871385302,91,6,-0.7825340422444504,Sep23-Dec23,Sep-Dec
2023-09-15,THB,0,2023-09-20,2023-12-20,-0.004177702844306821,-0.05650421036127169,29.38800278762461,-0.05232650751696487,91,5,-0.7044895047057721,Sep23-Dec23,Sep-Dec
2023-09-18,THB,0,2023-09-20,2023-12-20,-0.004214140030881592,-0.05567100358339692,29.467684900500878,-0.051456863552515324,91,2,-0.690908466652934,Sep23-Dec23,Sep-Dec
2023-09-19,THB,0,2023-09-20,2023-12-20,-0.004482728585309554,-0.05875768422152446,29.420956484606837,-0.05427495563621491,91,1,-0.729911110318797,Sep23-Dec23,Sep-Dec
2023-09-20,THB,0,2023-12-20,2024-03-20,-0.05921075452270293,-0.11352877398229178,29.356410378684508,-0.05431801945958885,91,91,-0.7334642059446916,Dec23-Mar24,Dec-Mar
2023-09-21,THB,0,2023-12-20,2024-03-20,-0.06199711841516957,-0.11978485732884822,29.389418236623538,-0.05778773891367865,91,90,-0.7795122330785687,Dec23-Mar24,Dec-Mar
2023-09-22,THB,0,2023-12-20,2024-03-20,-0.06626751923763184,-0.12912997567575274,29.36532321112839,-0.0628624564381209,91,89,-0.8487872219135502,Dec23-Mar24,Dec-Mar
2023-09-25,THB,0,2023-12-20,2024-03-20,-0.07249180460791342,-0.14430290946676166,29.372037311104794,-0.07181110485884824,91,86,-0.9695982734295153,Dec23-Mar24,Dec-Mar
2023-09-26,THB,0,2023-12-20,2024-03-20,-0.07321831013424696,-0.14670330367329976,29.41000739272824,-0.0734849935390528,91,85,-0.9909396141876282,Dec23-Mar24,Dec-Mar
2023-09-27,THB,0,2023-12-20,2024-03-20,-0.07318069639261415,-0.147575257879936,29.30715762806085,-0.07439456148732185,91,84,-1.0067332132825395,Dec23-Mar24,Dec-Mar
2023-09-28,THB,0,2023-12-20,2024-03-20,-0.07507848231597006,-0.15249502030258338,29.390547315496384,-0.07741653798661333,91,83,-1.0447154331475605,Dec23-Mar24,Dec-Mar
2023-09-29,THB,0,2023-12-20,2024-03-20,-0.07566524402676053,-0.15474779154384516,29.324510490312523,-0.07908254751708463,91,82,-1.0696286690950128,Dec23-Mar24,Dec-Mar
2023-10-02,THB,0,2023-12-20,2024-03-20,-0.07416614393082323,-0.16101239475657242,29.148187181549726,-0.08684625082574919,91,79,-1.1816995841054527,Dec23-Mar24,Dec-Mar
2023-10-03,THB,0,2023-12-20,2024-03-20,-0.07135894836974788,-0.15571488782510523,29.07657721716228,-0.08435593945535735,91,78,-1.1505371252379808,Dec23-Mar24,Dec-Mar
2023-10-04,THB,0,2023-12-20,2024-03-20,-0.06602318213289758,-0.14484622718026438,29.173759311221318,-0.0788230450473668,91,77,-1.0712871299015012,Dec23-Mar24,Dec-Mar
2023-10-05,THB,0,2023-12-20,2024-03-20,-0.06302515789446955,-0.1389695060311978,29.18487199569387,-0.07594434813672823,91,76,-1.0316625216641444,Dec23-Mar24,Dec-Mar
2023-10-06,THB,0,2023-12-20,2024-03-20,-0.0630358775692762,-0.13967924183758468,29.158689694870063,-0.07664336426830848,91,75,-1.0420955648167116,Dec23-Mar24,Dec-Mar
2023-10-09,THB,0,2023-12-20,2024-03-20,-0.06556500567203159,-0.14761084408199687,28.9938068521185,-0.08204583840996528,91,72,-1.1220071544035644,Dec23-Mar24,Dec-Mar
2023-10-10,THB,0,2023-12-20,2024-03-20,-0.06402374547200224,-0.14492534490247536,28.993157078333873,-0.08090159943047312,91,71,-1.1063251697818774,Dec23-Mar24,Dec-Mar
2023-10-11,THB,0,2023-12-20,2024-03-20,-0.05972893199350431,-0.1358707047728532,29.145267333032773,-0.07614177277934889,91,70,-1.035635633946,Dec23-Mar24,Dec-Mar
2023-10-12,THB,0,2023-12-20,2024-03-20,-0.05592104646374137,-0.12780904886791977,29.288292678718857,-0.0718880024041784,91,69,-0.9728670016952453,Dec23-Mar24,Dec-Mar
2023-10-13,THB,0,2023-12-20,2024-03-20,-0.05443730355146545,-0.12506716441243967,29.31341449264237,-0.07062986086097423,91,68,-0.9549712977644642,Dec23-Mar24,Dec-Mar
2023-10-16,THB,0,2023-12-20,2024-03-20,-0.050878083814609384,-0.11879304076744145,29.244356361362172,-0.06791495695283206,91,65,-0.9203238902329735,Dec23-Mar24,Dec-Mar
2023-10-17,THB,0,2023-12-20,2024-03-20,-0.04785435219554825,-0.1121695531219101,29.51420913497731,-0.06431520092636185,91,64,-0.8634721321388714,Dec23-Mar24,Dec-Mar
2023-10-18,THB,0,2023-12-20,2024-03-20,-0.04761887470505561,-0.11230490757584578,29.3663431820801,-0.06468603287079017,91,63,-0.8728237514569571,Dec23-Mar24,Dec-Mar
2023-10-19,THB,0,2023-12-20,2024-03-20,-0.049716714751229935,-0.11819305942996534,29.387100767697397,-0.06847634467873541,91,62,-0.9233796340171355,Dec23-Mar24,Dec-Mar
2023-10-20,THB,0,2023-12-20,2024-03-20,-0.05187391373523341,-0.1243715338364384,29.328326924531446,-0.07249762010120499,91,61,-0.9796397525451078,Dec23-Mar24,Dec-Mar
2023-10-23,THB,0,2023-12-20,2024-03-20,-0.052511896737705885,-0.13004119892870353,29.160318212417515,-0.07752930219099764,91,58,-1.053701278697142,Dec23-Mar24,Dec-Mar
2023-10-24,THB,0,2023-12-20,2024-03-20,-0.05288716604214704,-0.13247162303546345,29.096638022773398,-0.0795844569933164,91,57,-1.0840184232281513,Dec23-Mar24,Dec-Mar
2023-10-25,THB,0,2023-12-20,2024-03-20,-0.053811025386194075,-0.13638217664282587,29.230589975601312,-0.0825711512566318,91,56,-1.119572192769395,Dec23-Mar24,Dec-Mar
2023-10-26,THB,0,2023-12-20,2024-03-20,-0.053873629080506816,-0.13813778086651624,29.233297974065632,-0.08426415178600942,91,55,-1.1424237998769826,Dec23-Mar24,Dec-Mar
2023-10-27,THB,0,2023-12-20,2024-03-20,-0.05469500446188217,-0.1419801151722337,29.31660307469954,-0.08728511071035153,91,54,-1.180045176307267,Dec23-Mar24,Dec-Mar
2023-10-30,THB,0,2023-12-20,2024-03-20,-0.05326280225344561,-0.14340054177391098,29.39885759056625,-0.09013773952046537,91,51,-1.215135907837895,Dec23-Mar24,Dec-Mar
2023-10-31,THB,0,2023-12-20,2024-03-20,-0.05426273344011193,-0.14809481667112775,29.55654977992725,-0.09383208323101583,91,50,-1.2582205751173465,Dec23-Mar24,Dec-Mar
2023-11-01,THB,0,2023-12-20,2024-03-20,-0.049378247737585895,-0.1447644924882603,29.425077520830417,-0.09538624475067439,91,49,-1.2845725765625287,Dec23-Mar24,Dec-Mar
2023-11-02,THB,0,2023-12-20,2024-03-20,-0.05154425750280896,-0.15261403373376414,29.49986163453983,-0.10106977623095519,91,48,-1.3577566156936718,Dec23-Mar24,Dec-Mar
2023-11-03,THB,0,2023-12-20,2024-03-20,-0.052916858386573784,-0.15835855431032342,29.359460870946833,-0.10544169592374963,91,47,-1.4233407517972556,Dec23-Mar24,Dec-Mar
2023-11-06,THB,0,2023-12-20,2024-03-20,-0.05113209729534009,-0.15876781594513772,29.332400397372243,-0.10763571864979764,91,44,-1.454211716019998,Dec23-Mar24,Dec-Mar
2023-11-07,THB,0,2023-12-20,2024-03-20,-0.04914303724631824,-0.15464003670732063,29.266389383654765,-0.10549699946100238,91,43,-1.4284397720108337,Dec23-Mar24,Dec-Mar
2023-11-08,THB,0,2023-12-20,2024-03-20,-0.046295064044096064,-0.14769879021644586,29.16889404090737,-0.1014037261723498,91,42,-1.3774787008644553,Dec23-Mar24,Dec-Mar
2023-11-09,THB,0,2023-12-20,2024-03-20,-0.0443925311623194,-0.14361449296166842,29.164078610041944,-0.09922196179934903,91,41,-1.3479762151963204,Dec23-Mar24,Dec-Mar
2023-11-10,THB,0,2023-12-20,2024-03-20,-0.04374753053573305,-0.1435482973041185,29.242898699576262,-0.09980076676838545,91,40,-1.3521496494776477,Dec23-Mar24,Dec-Mar
2023-11-13,THB,0,2023-12-20,2024-03-20,-0.041440007788596314,-0.1422959902674328,29.174105220829727,-0.1008559824788365,91,37,-1.3695647033957588,Dec23-Mar24,Dec-Mar
2023-11-14,THB,0,2023-12-20,2024-03-20,-0.03873120389421582,-0.13508938177464402,29.23728255974402,-0.0963581778804282,91,36,-1.3055345882524854,Dec23-Mar24,Dec-Mar
2023-11-15,THB,0,2023-12-20,2024-03-20,-0.0392015847868571,-0.1390759049782386,29.32791133285653,-0.09987432019138151,91,35,-1.3490085570708987,Dec23-Mar24,Dec-Mar
2023-11-16,THB,0,2023-12-20,2024-03-20,-0.038587606216272795,-0.13929434908325775,29.358088313755214,-0.10070674286698494,91,34,-1.358823621949945,Dec23-Mar24,Dec-Mar
2023-11-17,THB,0,2023-12-20,2024-03-20,-0.039247040467675194,-0.14435710034057297,29.38534478651851,-0.10511005987289779,91,33,-1.4169516529180253,Dec23-Mar24,Dec-Mar
2023-11-20,THB,0,2023-12-20,2024-03-20,-0.036907278492220016,-0.14394212759987443,29.50337391247796,-0.10703484910765441,91,30,-1.437004894947403,Dec23-Mar24,Dec-Mar
2023-11-21,THB,0,2023-12-20,2024-03-20,-0.03643312562041815,-0.14582663346030947,29.586766365766287,-0.10939350783989132,91,29,-1.4645030294700856,Dec23-Mar24,Dec-Mar
2023-11-22,THB,0,2023-12-20,2024-03-20,-0.03442163495931247,-0.14135199976944918,29.639692845772966,-0.10693036481013671,91,28,-1.4288712993454904,Dec23-Mar24,Dec-Mar
2023-11-23,THB,0,2023-12-20,2024-03-20,-0.03355431521735867,-0.1417035907156005,29.64716585046865,-0.10814927549824185,91,27,-1.4447521443848925,Dec23-Mar24,Dec-Mar
2023-11-24,THB,0,2023-12-20,2024-03-20,-0.03316516407832665,-0.1443170921598747,29.55687715557121,-0.11115192808154806,91,26,-1.489385594251623,Dec23-Mar24,Dec-Mar
2023-11-27,THB,0,2023-12-20,2024-03-20,-0.029405018353952428,-0.1407995035088386,29.68265521233611,-0.11139448515488617,91,23,-1.4861152718532429,Dec23-Mar24,Dec-Mar
2023-11-28,THB,0,2023-12-20,2024-03-20,-0.027166154425557032,-0.13460758899994066,29.565952387977177,-0.10744143457438363,91,22,-1.4389319673328052,Dec23-Mar24,Dec-Mar
2023-11-29,THB,0,2023-12-20,2024-03-20,-0.02665701873660688,-0.13725730361814395,29.480777862556437,-0.11060028488153707,91,21,-1.4854953263157877,Dec23-Mar24,Dec-Mar
2023-11-30,THB,0,2023-12-20,2024-03-20,-0.024973095127852382,-0.13367243701639725,29.569445659100715,-0.10869934188854487,91,20,-1.4554985660110045,Dec23-Mar24,Dec-Mar
2023-12-01,THB,0,2023-12-20,2024-03-20,-0.023526890035912768,-0.13130384252546312,29.426809252612045,-0.10777695248955035,91,19,-1.4500774309462385,Dec23-Mar24,Dec-Mar
2023-12-04,THB,0,2023-12-20,2024-03-20,-0.01930316115779973,-0.12828224076839123,29.536895063569226,-0.1089790796105915,91,16,-1.4605731749868478,Dec23-Mar24,Dec-Mar
2023-12-05,THB,0,2023-12-20,2024-03-20,-0.019122436206158826,-0.13237590002632865,29.616528328051977,-0.11325346382016982,91,15,-1.5137667222729583,Dec23-Mar24,Dec-Mar
2023-12-06,THB,0,2023-12-20,2024-03-20,-0.017488649855954486,-0.1262351850272756,29.578133354298277,-0.10874653517132112,91,14,-1.4553338653692203,Dec23-Mar24,Dec-Mar
2023-12-07,THB,0,2023-12-20,2024-03-20,-0.016448368137289733,-0.1266599587728925,29.561917952552093,-0.11021159063560276,91,13,-1.4756979772288277,Dec23-Mar24,Dec-Mar
2023-12-08,THB,0,2023-12-20,2024-03-20,-0.01432017405758759,-0.11796530940229095,29.69710755201518,-0.10364513534470336,91,12,-1.3813551471188645,Dec23-Mar24,Dec-Mar
2023-12-11,THB,0,2023-12-20,2024-03-20,-0.01051757851171033,-0.1119175113579817,29.666832632798297,-0.10139993284627137,91,9,-1.3526380156990008,Dec23-Mar24,Dec-Mar
2023-12-12,THB,0,2023-12-20,2024-03-20,-0.0092492592071964,-0.10951348690944697,29.676574677650965,-0.10026422770225057,91,8,-1.336991745680984,Dec23-Mar24,Dec-Mar
2023-12-13,THB,0,2023-12-20,2024-03-20,-0.007983238100367945,-0.10681905791997551,29.677652911054235,-0.09883581981960757,91,7,-1.317840245435662,Dec23-Mar24,Dec-Mar
2023-12-14,THB,0,2023-12-20,2024-03-20,-0.008210708729191541,-0.10884145725402868,29.613039388610247,-0.10063074852483714,91,6,-1.3447119346595446,Dec23-Mar24,Dec-Mar
2023-12-15,THB,0,2023-12-20,2024-03-20,-0.008378374671631161,-0.1099848259600218,29.511588648376247,-0.10160645128839065,91,5,-1.362426609801048,Dec23-Mar24,Dec-Mar
2023-12-18,THB,0,2023-12-20,2024-03-20,-0.008446782230873974,-0.10728605248427689,29.61289721257836,-0.09883927025340292,91,2,-1.3207895840719666,Dec23-Mar24,Dec-Mar
2023-12-19,THB,0,2023-12-20,2024-03-20,-0.008559887863797883,-0.10755263497456957,29.692490269215394,-0.09899274711077169,91,1,-1.3192985358360536,Dec23-Mar24,Dec-Mar
2023-12-20,THB,0,2024-03-20,2024-06-19,-0.10370328388547628,-0.21236976399243476,29.779177328893404,-0.10866648010695848,91,91,-1.448635230560091,Mar24-Jun24,Mar-Jun
2023-12-21,THB,0,2024-03-20,2024-06-19,-0.09996539572853816,-0.20611831540852957,30.126050103445397,-0.10615291967999141,91,90,-1.3986026496772002,Mar24-Jun24,Mar-Jun
2023-12-22,THB,0,2024-03-20,2024-06-19,-0.09849559651969295,-0.20435321970823106,30.212912999197957,-0.10585762318853811,91,89,-1.3906209933151583,Mar24-Jun24,Mar-Jun
2023-12-25,THB,0,2024-03-20,2024-06-19,-0.09512283399586172,-0.20107791829399083,30.063254242792496,-0.10595508429812911,91,86,-1.3986957182345443,Mar24-Jun24,Mar-Jun
2023-12-26,THB,0,2024-03-20,2024-06-19,-0.09912394122928464,-0.21064869712713416,30.285204359493026,-0.11152475589784952,91,85,-1.4615903436473563,Mar24-Jun24,Mar-Jun
2023-12-27,THB,0,2024-03-20,2024-06-19,-0.10220487474578005,-0.21838031362672083,30.203951481299438,-0.11617543888094078,91,84,-1.5268055665767772,Mar24-Jun24,Mar-Jun
2023-12-28,THB,0,2024-03-20,2024-06-19,-0.10220746833452596,-0.21978924076477896,30.224669885877333,-0.117581772430253,91,83,-1.5442252154416851,Mar24-Jun24,Mar-Jun
2023-12-29,THB,0,2024-03-20,2024-06-19,-0.09856697466671743,-0.21350307360559104,30.010906702177028,-0.1149360989388736,91,82,-1.5200825601757386,Mar24-Jun24,Mar-Jun
2024-01-01,THB,0,2024-03-20,2024-06-19,-0.09992403600063376,-0.21502640658364225,29.898270182106774,-0.11510237058300848,91,79,-1.52810506743763,Mar24-Jun24,Mar-Jun
2024-01-02,THB,0,2024-03-20,2024-06-19,-0.09450078502842775,-0.20475170089492678,29.792498988877686,-0.11025091586649903,91,78,-1.4686426551990597,Mar24-Jun24,Mar-Jun
2024-01-03,THB,0,2024-03-20,2024-06-19,-0.09203569553162219,-0.2008051538871757,29.662480921949353,-0.10876945835555352,91,77,-1.4551581994620808,Mar24-Jun24,Mar-Jun
2024-01-04,THB,0,2024-03-20,2024-06-19,-0.09395586913948678,-0.20645565981966174,29.644516444833677,-0.11249979068017496,91,76,-1.5060767318999035,Mar24-Jun24,Mar-Jun
2024-01-05,THB,0,2024-03-20,2024-06-19,-0.09120806237158366,-0.20187384471577183,29.961862897316617,-0.11066578234418817,91,75,-1.4656481479991406,Mar24-Jun24,Mar-Jun
2024-01-08,THB,0,2024-03-20,2024-06-19,-0.0850454961361786,-0.19253355375273765,29.896380487609452,-0.10748805761655905,91,72,-1.4263952983069186,Mar24-Jun24,Mar-Jun
2024-01-09,THB,0,2024-03-20,2024-06-19,-0.08248937010335702,-0.18821518248934982,29.944874228957286,-0.1057258123859928,91,71,-1.400611381389507,Mar24-Jun24,Mar-Jun
2024-01-10,THB,0,2024-03-20,2024-06-19,-0.08175676963951298,-0.18804057017087988,30.117332004650084,-0.1062838005313669,91,70,-1.3998845816257055,Mar24-Jun24,Mar-Jun
2024-01-11,THB,0,2024-03-20,2024-06-19,-0.07676449276768536,-0.17800462091057476,30.02826912506568,-0.1012401281428894,91,69,-1.3371962509586193,Mar24-Jun24,Mar-Jun
2024-01-12,THB,0,2024-03-20,2024-06-19,-0.0696288892051549,-0.1628087262297004,29.986864704970525,-0.0931798370245455,91,68,-1.2321443510227466,Mar24-Jun24,Mar-Jun
2024-01-15,THB,0,2024-03-20,2024-06-19,-0.06724781289391123,-0.16139475094538694,29.98848744407073,-0.09414693805147571,91,65,-1.2447660252368404,Mar24-Jun24,Mar-Jun
2024-01-16,THB,0,2024-03-20,2024-06-19,-0.06272345666656001,-0.15190837161432505,30.073549668344082,-0.08918491494776504,91,64,-1.1756405547145787,Mar24-Jun24,Mar-Jun
2024-01-17,THB,0,2024-03-20,2024-06-19,-0.06434121476862137,-0.15727852498996336,30.25418031792382,-0.092937310221342,91,63,-1.2178404897616317,Mar24-Jun24,Mar-Jun
2024-01-18,THB,0,2024-03-20,2024-06-19,-0.06675292522844004,-0.16472899290244075,30.16340815830291,-0.09797606767400072,91,62,-1.2878428760839118,Mar24-Jun24,Mar-Jun
2024-01-19,THB,0,2024-03-20,2024-06-19,-0.0682932532470978,-0.170173352353424,30.117532468920377,-0.10188009910632621,91,61,-1.3412723943457046,Mar24-Jun24,Mar-Jun
2024-01-22,THB,0,2024-03-20,2024-06-19,-0.0630356047441156,-0.16193629494609008,30.059767226269905,-0.09890069020197448,91,58,-1.3043270268862877,Mar24-Jun24,Mar-Jun
2024-01-23,THB,0,2024-03-20,2024-06-19,-0.06135680389667218,-0.15931240310013128,29.99329196392769,-0.0979555992034591,91,57,-1.2946595471280251,Mar24-Jun24,Mar-Jun
2024-01-24,THB,0,2024-03-20,2024-06-19,-0.061236625815004664,-0.16074614276438723,29.88209340646079,-0.09950951694938256,91,56,-1.320096286944874,Mar24-Jun24,Mar-Jun
2024-01-25,THB,0,2024-03-20,2024-06-19,-0.05777579607700441,-0.1533684768589572,29.861011405491748,-0.09559268078195278,91,55,-1.268885204296533,Mar24-Jun24,Mar-Jun
2024-01-26,THB,0,2024-03-20,2024-06-19,-0.056537103820851,-0.15181259359302582,29.888694244406175,-0.09527548977217482,91,54,-1.2634487801070318,Mar24-Jun24,Mar-Jun
2024-01-29,THB,0,2024-03-20,2024-06-19,-0.05167829873174971,-0.1438885964687933,29.924876251235982,-0.09221029773704359,91,51,-1.221121326306049,Mar24-Jun24,Mar-Jun
2024-01-30,THB,0,2024-03-20,2024-06-19,-0.05371683093588678,-0.15148146323920073,30.034007656127866,-0.09776463230331395,91,50,-1.290051470792921,Mar24-Jun24,Mar-Jun
2024-01-31,THB,0,2024-03-20,2024-06-19,-0.05207678586018596,-0.14879081674338845,29.91246970694865,-0.09671403088320249,91,49,-1.2813125344708207,Mar24-Jun24,Mar-Jun
2024-02-01,THB,0,2024-03-20,2024-06-19,-0.04605111419967602,-0.13335635153656183,29.83289880396865,-0.0873052373368858,91,48,-1.159516307649433,Mar24-Jun24,Mar-Jun
2024-02-02,THB,0,2024-03-20,2024-06-19,-0.04535563397425474,-0.13317186145632245,29.680556391536086,-0.08781622748206772,91,47,-1.1722709719939075,Mar24-Jun24,Mar-Jun
2024-02-05,THB,0,2024-03-20,2024-06-19,-0.041991139241992485,-0.1288364499470224,29.653153917378305,-0.0868453107050299,91,44,-1.1602511833107236,Mar24-Jun24,Mar-Jun
2024-02-06,THB,0,2024-03-20,2024-06-19,-0.03999109089856267,-0.12462339954435808,29.689491825724602,-0.0846323086457954,91,43,-1.1292235107047883,Mar24-Jun24,Mar-Jun
2024-02-07,THB,0,2024-03-20,2024-06-19,-0.037625859902742115,-0.11914855635868336,29.506782228278276,-0.08152269645594125,91,42,-1.0943895595906068,Mar24-Jun24,Mar-Jun
2024-02-08,THB,0,2024-03-20,2024-06-19,-0.040483854794390865,-0.13033826421608766,29.70518273769555,-0.08985440942169678,91,41,-1.198286201116621,Mar24-Jun24,Mar-Jun
2024-02-09,THB,0,2024-03-20,2024-06-19,-0.0407015352632219,-0.13329752798705172,29.843041627054784,-0.09259599272382982,91,40,-1.2291444773824802,Mar24-Jun24,Mar-Jun
2024-02-12,THB,0,2024-03-20,2024-06-19,-0.04044047139702911,-0.13990217131945204,29.974631718326638,-0.09946169992242293,91,37,-1.314466302396994,Mar24-Jun24,Mar-Jun
2024-02-13,THB,0,2024-03-20,2024-06-19,-0.04030111408819096,-0.14217337470000702,29.904534534281932,-0.10187226061181606,91,36,-1.3494776015559968,Mar24-Jun24,Mar-Jun
2024-02-14,THB,0,2024-03-20,2024-06-19,-0.03660342164516521,-0.13177231792259475,30.003795263195947,-0.09516889627742954,91,35,-1.2563484056577106,Mar24-Jun24,Mar-Jun
2024-02-15,THB,0,2024-03-20,2024-06-19,-0.03451093151246618,-0.1268784246781845,29.922706904232637,-0.09236749316571832,91,34,-1.222589223540626,Mar24-Jun24,Mar-Jun
2024-02-16,THB,0,2024-03-20,2024-06-19,-0.033442450383764664,-0.12566254083596423,29.993755545546573,-0.09222009045219956,91,33,-1.21769999632668,Mar24-Jun24,Mar-Jun
2024-02-19,THB,0,2024-03-20,2024-06-19,-0.029352348920570214,-0.11838780731296653,30.040571244709728,-0.08903545839239631,91,30,-1.1736550530317322,Mar24-Jun24,Mar-Jun
2024-02-20,THB,0,2024-03-20,2024-06-19,-0.028505922570104238,-0.11795554166939683,29.952214558951127,-0.08944961909929258,91,29,-1.1825627274620654,Mar24-Jun24,Mar-Jun
2024-02-21,THB,0,2024-03-20,2024-06-19,-0.02709910818613922,-0.11517120979109169,29.903549688576774,-0.08807210160495246,91,28,-1.166193100190612,Mar24-Jun24,Mar-Jun
2024-02-22,THB,0,2024-03-20,2024-06-19,-0.027448783994354027,-0.1199613522716213,29.799366207279384,-0.09251256827726728,91,27,-1.2292919578808874,Mar24-Jun24,Mar-Jun
2024-02-23,THB,0,2024-03-20,2024-06-19,-0.0279994153600695,-0.12599736912031276,29.835388178666843,-0.09799795376024326,91,26,-1.3006312487027558,Mar24-Jun24,Mar-Jun
2024-02-26,THB,0,2024-03-20,2024-06-19,-0.02467436082218303,-0.1222990058142985,29.78207965173316,-0.09762464499211548,91,23,-1.2978530318970907,Mar24-Jun24,Mar-Jun
2024-02-27,THB,0,2024-03-20,2024-06-19,-0.023208803078470966,-0.1192088521757827,29.87747742279539,-0.09600004909731173,91,22,-1.2721142790298055,Mar24-Jun24,Mar-Jun
2024-02-28,THB,0,2024-03-20,2024-06-19,-0.022104763330096384,-0.11789207109384739,29.823355416975474,-0.09578730776375101,91,21,-1.271553346363204,Mar24-Jun24,Mar-Jun
2024-02-29,THB,0,2024-03-20,2024-06-19,-0.022061747704591097,-0.12244269976048058,29.95992199405418,-0.10038095205588948,91,20,-1.3264523764054337,Mar24-Jun24,Mar-Jun
2024-03-01,THB,0,2024-03-20,2024-06-19,-0.021319579143667125,-0.1234291424107044,29.8907834255877,-0.10210956326703728,91,19,-1.352384236602011,Mar24-Jun24,Mar-Jun
2024-03-04,THB,0,2024-03-20,2024-06-19,-0.01686020569267316,-0.11275262556975177,29.730523336503417,-0.09589241987707861,91,16,-1.276700978990964,Mar24-Jun24,Mar-Jun
2024-03-05,THB,0,2024-03-20,2024-06-19,-0.015572682564633773,-0.11004695679007864,29.789168959187784,-0.09447427422544487,91,15,-1.2552880010825294,Mar24-Jun24,Mar-Jun
2024-03-06,THB,0,2024-03-20,2024-06-19,-0.014591892266552104,-0.10943919199914078,29.851418457800136,-0.09484729973258867,91,14,-1.257573710227079,Mar24-Jun24,Mar-Jun
2024-03-07,THB,0,2024-03-20,2024-06-19,-0.014148000586675395,-0.11318400469340315,29.89440864695122,-0.09903600410672775,91,13,-1.3112027037315253,Mar24-Jun24,Mar-Jun
2024-03-08,THB,0,2024-03-20,2024-06-19,-0.013114333226608255,-0.11256469352838754,29.97391188724674,-0.09945036030177928,91,12,-1.3131492781154488,Mar24-Jun24,Mar-Jun
2024-03-11,THB,0,2024-03-20,2024-06-19,-0.010069778872093265,-0.1118864319121474,30.007760986908636,-0.10181665304005413,91,9,-1.3427405198964608,Mar24-Jun24,Mar-Jun
2024-03-12,THB,0,2024-03-20,2024-06-19,-0.00872976961538025,-0.10803089899033061,30.10691564993419,-0.09930112937495036,91,8,-1.3051937224860592,Mar24-Jun24,Mar-Jun
2024-03-13,THB,0,2024-03-20,2024-06-19,-0.00761329673266925,-0.1065861542573695,29.946318922379813,-0.09897285752470025,91,7,-1.307808626461037,Mar24-Jun24,Mar-Jun
2024-03-14,THB,0,2024-03-20,2024-06-19,-0.007642070433168819,-0.1058972617167679,29.838303880201053,-0.09825519128359908,91,6,-1.3030279318179336,Mar24-Jun24,Mar-Jun
2024-03-15,THB,0,2024-03-20,2024-06-19,-0.007830209813320214,-0.10738573458267722,29.904699876514236,-0.099555524769357,91,5,-1.3173487272925524,Mar24-Jun24,Mar-Jun
2024-03-18,THB,0,2024-03-20,2024-06-19,-0.007812063978380759,-0.10378884999848721,29.87174261181697,-0.09597678602010645,91,2,-1.2713945461637963,Mar24-Jun24,Mar-Jun
2024-03-19,THB,0,2024-03-20,2024-06-19,-0.00785051275909295,-0.1031781676909359,29.88601191771965,-0.09532765493184296,91,1,-1.262194109020226,Mar24-Jun24,Mar-Jun
2024-03-20,THB,0,2024-06-19,2024-09-18,-0.10284315542898062,-0.20568631085796124,29.786286415816516,-0.10284315542898062,91,91,-1.3706362832853722,Jun24-Sep24,Jun-Sep
2024-03-21,THB,0,2024-06-19,2024-09-18,-0.09428494862553932,-0.1896175077913624,29.765782118299672,-0.09533255916582309,91,90,-1.2710507742346313,Jun24-Sep24,Jun-Sep
2024-03-22,THB,0,2024-06-19,2024-09-18,-0.09237948169554387,-0.18683490679997639,29.77745678847958,-0.09445542510443251,91,89,-1.2587799915028253,Jun24-Sep24,Jun-Sep
2024-03-25,THB,0,2024-06-19,2024-09-18,-0.08673064395268913,-0.17850376720495323,29.81211696451183,-0.0917731232522641,91,86,-1.221375243551696,Jun24-Sep24,Jun-Sep
2024-03-26,THB,0,2024-06-19,2024-09-18,-0.08489148522003785,-0.17577531057325485,29.827706718727953,-0.090883825353217,91,85,-1.208831124989437,Jun24-Sep24,Jun-Sep
2024-03-27,THB,0,2024-06-19,2024-09-18,-0.08401021173372752,-0.1750212744452657,29.802273383689712,-0.09101106271153817,91,84,-1.2115235755529496,Jun24-Sep24,Jun-Sep
2024-03-28,THB,0,2024-06-19,2024-09-18,-0.08258049559481127,-0.1731205570300863,29.83248347139253,-0.09054006143527503,91,83,-1.2039718687897767,Jun24-Sep24,Jun-Sep
2024-03-29,THB,0,2024-06-19,2024-09-18,-0.08440734725172563,-0.17807891554327482,29.75143693489483,-0.09367156829154918,91,82,-1.2490931742869495,Jun24-Sep24,Jun-Sep
2024-04-01,THB,0,2024-06-19,2024-09-18,-0.08305987129383671,-0.17873643189812963,29.938780947299577,-0.09567656060429292,91,79,-1.2677659948326572,Jun24-Sep24,Jun-Sep
2024-04-02,THB,0,2024-06-19,2024-09-18,-0.08625000792980106,-0.18687501718123564,30.13428657454776,-0.10062500925143458,91,78,-1.3248019010941114,Jun24-Sep24,Jun-Sep
2024-04-03,THB,0,2024-06-19,2024-09-18,-0.08825197697274959,-0.19254976794054454,30.144634634060672,-0.10429779096779496,91,77,-1.372775461020366,Jun24-Sep24,Jun-Sep
2024-04-04,THB,0,2024-06-19,2024-09-18,-0.0897290513673466,-0.19716778392561687,30.04461092833497,-0.10743873255827027,91,76,-1.4189084448000493,Jun24-Sep24,Jun-Sep
2024-04-05,THB,0,2024-06-19,2024-09-18,-0.08705204825763874,-0.19267520014357375,29.960170586638313,-0.10562315188593502,91,75,-1.398748614409984,Jun24-Sep24,Jun-Sep
2024-04-08,THB,0,2024-06-19,2024-09-18,-0.0781188654015529,-0.17685243139518228,29.92216722483371,-0.09873356599362938,91,72,-1.3087846605244984,Jun24-Sep24,Jun-Sep
2024-04-09,THB,0,2024-06-19,2024-09-18,-0.0820740488377398,-0.18726754805230772,30.009178183139944,-0.10519349921456791,91,71,-1.3905458574119889,Jun24-Sep24,Jun-Sep
2024-04-10,THB,0,2024-06-19,2024-09-18,-0.07932868231672986,-0.18245596932847868,29.672968341035354,-0.10312728701174882,91,70,-1.3785937964742387,Jun24-Sep24,Jun-Sep
2024-04-11,THB,0,2024-06-19,2024-09-18,-0.07684719856561245,-0.1781964024709854,29.72082095793175,-0.10134920390537294,91,69,-1.352524154873222,Jun24-Sep24,Jun-Sep
2024-04-12,THB,0,2024-06-19,2024-09-18,-0.07603328972953781,-0.1777837215734781,29.699715071940624,-0.1017504318439403,91,68,-1.358808752674332,Jun24-Sep24,Jun-Sep
2024-04-15,THB,0,2024-06-19,2024-09-18,-0.06516183807940833,-0.15638841139058,29.61613368385577,-0.09122657331117166,91,65,-1.2212672255306627,Jun24-Sep24,Jun-Sep
2024-04-16,THB,0,2024-06-19,2024-09-18,-0.06546369775287648,-0.15854489299524774,29.635473427016205,-0.09308119524237125,91,64,-1.2452931305447694,Jun24-Sep24,Jun-Sep
2024-04-17,THB,0,2024-06-19,2024-09-18,-0.06328591490318533,-0.15469890309667525,29.846777149333285,-0.09141298819348992,91,63,-1.2142088937804658,Jun24-Sep24,Jun-Sep
2024-04-18,THB,0,2024-06-19,2024-09-18,-0.06542836027997374,-0.16146030843283843,29.910125950311233,-0.09603194815286469,91,62,-1.272945074853678,Jun24-Sep24,Jun-Sep
2024-04-19,THB,0,2024-06-19,2024-09-18,-0.06046303944482274,-0.1506619999280829,29.751647622519272,-0.09019896048326018,91,61,-1.2018080702130658,Jun24-Sep24,Jun-Sep
2024-04-22,THB,0,2024-06-19,2024-09-18,-0.06281337538446871,-0.16136539538423864,29.89957034867363,-0.09855201999976992,91,58,-1.3066973847896526,Jun24-Sep24,Jun-Sep
2024-04-23,THB,0,2024-06-19,2024-09-18,-0.0582701973993319,-0.15129805640528285,29.95769552437216,-0.09302785900595095,91,57,-1.230867467650655,Jun24-Sep24,Jun-Sep
2024-04-24,THB,0,2024-06-19,2024-09-18,-0.057179850016842226,-0.15009710629421086,30.10503422475101,-0.09291725627736863,91,56,-1.22333110885069,Jun24-Sep24,Jun-Sep
2024-04-25,THB,0,2024-06-19,2024-09-18,-0.05825038308750166,-0.154628289650459,30.01739532870817,-0.09637790656295733,91,55,-1.2726505894832154,Jun24-Sep24,Jun-Sep
2024-04-26,THB,0,2024-06-19,2024-09-18,-0.05650746876264407,-0.15173301797376648,30.01597690084081,-0.09522554921112242,91,54,-1.2574203267240374,Jun24-Sep24,Jun-Sep
2024-04-29,THB,0,2024-06-19,2024-09-18,-0.05283264080794557,-0.1471026469554563,29.841857247591598,-0.09427000614751073,91,51,-1.2519251401442855,Jun24-Sep24,Jun-Sep
2024-04-30,THB,0,2024-06-19,2024-09-18,-0.052436361652013,-0.14787053985867665,29.730366658541133,-0.09543417820666365,91,50,-1.2721298288582632,Jun24-Sep24,Jun-Sep
2024-05-01,THB,0,2024-06-19,2024-09-18,-0.054624136841949444,-0.15606896240556983,29.70673271663722,-0.10144482556362039,91,49,-1.3534288395138299,Jun24-Sep24,Jun-Sep
2024-05-02,THB,0,2024-06-19,2024-09-18,-0.054462989981871934,-0.15771574182250414,29.951426151352994,-0.1032527518406322,91,48,-1.366267278249245,Jun24-Sep24,Jun-Sep
2024-05-03,THB,0,2024-06-19,2024-09-18,-0.05261300299485042,-0.1544807321976459,29.83675918162295,-0.10186772920279549,91,47,-1.353046053466575,Jun24-Sep24,Jun-Sep
2024-05-06,THB,0,2024-06-19,2024-09-18,-0.044974994294281215,-0.13799145976654464,29.95920092938037,-0.09301646547226343,91,44,-1.2301077983519795,Jun24-Sep24,Jun-Sep
2024-05-07,THB,0,2024-06-19,2024-09-18,-0.04361216410947506,-0.13590767420161998,30.034966845877214,-0.09229551009214491,91,43,-1.217434486518826,Jun24-Sep24,Jun-Sep
2024-05-08,THB,0,2024-06-19,2024-09-18,-0.04414666156244357,-0.13979776161440463,30.05351164054227,-0.09565110005196106,91,42,-1.2609395650809876,Jun24-Sep24,Jun-Sep
2024-05-09,THB,0,2024-06-19,2024-09-18,-0.043740457196075236,-0.14082293536297394,30.084031317279045,-0.0970824781668987,91,41,-1.2784914526252424,Jun24-Sep24,Jun-Sep
2024-05-10,THB,0,2024-06-19,2024-09-18,-0.04135060064396276,-0.13542321710897803,30.119356499125725,-0.09407261646501527,91,40,-1.2373007939813452,Jun24-Sep24,Jun-Sep
2024-05-13,THB,0,2024-06-19,2024-09-18,-0.03689112609649101,-0.12762335514461756,30.073317428093947,-0.09073222904812656,91,37,-1.1950179516541302,Jun24-Sep24,Jun-Sep
2024-05-14,THB,0,2024-06-19,2024-09-18,-0.034437371032843764,-0.12148739225475438,29.882950341485763,-0.08705002122191062,91,36,-1.1537382470923405,Jun24-Sep24,Jun-Sep
2024-05-15,THB,0,2024-06-19,2024-09-18,-0.03223656655599275,-0.11605163960157391,30.072268902170833,-0.08381507304558117,91,35,-1.1037808130260431,Jun24-Sep24,Jun-Sep
2024-05-16,THB,0,2024-06-19,2024-09-18,-0.03213470157996148,-0.11814228522044665,29.982356210414125,-0.08600758364048516,91,34,-1.136050968219124,Jun24-Sep24,Jun-Sep
2024-05-17,THB,0,2024-06-19,2024-09-18,-0.031268794874013614,-0.11749486558720267,29.842178193570966,-0.08622607071318905,91,33,-1.1442593761103232,Jun24-Sep24,Jun-Sep
2024-05-20,THB,0,2024-06-19,2024-09-18,-0.02693403367118334,-0.10863393580710615,29.823670446450418,-0.0816999021359228,91,30,-1.0847107534756124,Jun24-Sep24,Jun-Sep
2024-05-21,THB,0,2024-06-19,2024-09-18,-0.026169689039942715,-0.10828836844114226,29.800020284410802,-0.08211867940119955,91,29,-1.0911088046298085,Jun24-Sep24,Jun-Sep
2024-05-22,THB,0,2024-06-19,2024-09-18,-0.02352484456080009,-0.09998058938340038,29.75738238762158,-0.07645574482260029,91,28,-1.0172319107006473,Jun24-Sep24,Jun-Sep
2024-05-23,THB,0,2024-06-19,2024-09-18,-0.02184748481841035,-0.09548160031749706,29.637018268355323,-0.0736341154990867,91,27,-0.9836168081149452,Jun24-Sep24,Jun-Sep
2024-05-24,THB,0,2024-06-19,2024-09-18,-0.021037233965235887,-0.09466755284356149,29.420974386461427,-0.0736303188783256,91,26,-0.9907666688854172,Jun24-Sep24,Jun-Sep
2024-05-27,THB,0,2024-06-19,2024-09-18,-0.018647553553218066,-0.09242700456812432,29.423049862660413,-0.07377945101490625,91,23,-0.992622629086239,Jun24-Sep24,Jun-Sep
2024-05-28,THB,0,2024-06-19,2024-09-18,-0.01883828240661161,-0.09676026872486874,29.47966617595256,-0.07792198631825714,91,22,-1.0463480664262403,Jun24-Sep24,Jun-Sep
2024-05-29,THB,0,2024-06-19,2024-09-18,-0.019032759096181295,-0.10150804851296691,29.465037980646308,-0.08247528941678561,91,21,-1.108047994168897,Jun24-Sep24,Jun-Sep
2024-05-30,THB,0,2024-06-19,2024-09-18,-0.0187380048550844,-0.10399592694571842,29.453882092900976,-0.08525792209063401,91,20,-1.1458550580987117,Jun24-Sep24,Jun-Sep
2024-05-31,THB,0,2024-06-19,2024-09-18,-0.01708965860919918,-0.09894012879010051,29.500975402136053,-0.08185047018090133,91,19,-1.0982407837121941,Jun24-Sep24,Jun-Sep
2024-06-03,THB,0,2024-06-19,2024-09-18,-0.013839691031585426,-0.09255293377372754,29.58571364815569,-0.07871324274214211,91,16,-1.0530041101289915,Jun24-Sep24,Jun-Sep
2024-06-04,THB,0,2024-06-19,2024-09-18,-0.013514428107944964,-0.09550195862947776,29.547688306126844,-0.08198753052153279,91,15,-1.0982066941512179,Jun24-Sep24,Jun-Sep
2024-06-05,THB,0,2024-06-19,2024-09-18,-0.012338240302591626,-0.0925368022694372,29.70845752082775,-0.08019856196684558,91,14,-1.0683855131213338,Jun24-Sep24,Jun-Sep
2024-06-06,THB,0,2024-06-19,2024-09-18,-0.01164758165657884,-0.09318065325263072,29.834386818945333,-0.08153307159605189,91,13,-1.0815519410838237,Jun24-Sep24,Jun-Sep
2024-06-07,THB,0,2024-06-19,2024-09-18,-0.01124192853774051,-0.09649321994893938,29.821586729467306,-0.08525129141119886,91,12,-1.1313450360416457,Jun24-Sep24,Jun-Sep
2024-06-10,THB,0,2024-06-19,2024-09-18,-0.008447315335346798,-0.09385905928163107,29.63641625161106,-0.08541174394628427,91,9,-1.1404514907539278,Jun24-Sep24,Jun-Sep
2024-06-11,THB,0,2024-06-19,2024-09-18,-0.007406653142698228,-0.09165733264089058,29.695647268162244,-0.08425067949819236,91,8,-1.122664679741258,Jun24-Sep24,Jun-Sep
2024-06-12,THB,0,2024-06-19,2024-09-18,-0.007071484053901051,-0.09900077675461472,29.55556505062858,-0.09192929270071366,91,7,-1.2307778802755542,Jun24-Sep24,Jun-Sep
2024-06-13,THB,0,2024-06-19,2024-09-18,-0.0069771288577874105,-0.09668307131505412,29.593823061408514,-0.08970594245726671,91,6,-1.1994541502947835,Jun24-Sep24,Jun-Sep
2024-06-14,THB,0,2024-06-19,2024-09-18,-0.007435703112527207,-0.10197535697180171,29.59432501249131,-0.0945396538592745,91,5,-1.2640836363217072,Jun24-Sep24,Jun-Sep
2024-06-17,THB,0,2024-06-19,2024-09-18,-0.007340502365909431,-0.09752381714708244,29.472085513699195,-0.09018331478117302,91,2,-1.2108340229614398,Jun24-Sep24,Jun-Sep
2024-06-18,THB,0,2024-06-19,2024-09-18,-0.00753756252481004,-0.09906510746893196,29.46936349530665,-0.09152754494412192,91,1,-1.229003904285669,Jun24-Sep24,Jun-Sep
2024-06-19,THB,0,2024-09-18,2024-12-18,-0.09286682515531582,-0.18573365031063163,29.538974124648433,-0.09286682515531582,91,91,-1.2476530043039002,Sep24-Dec24,Sep-Dec
2024-06-20,THB,0,2024-09-18,2024-12-18,-0.0954576565338082,-0.1919759536957698,29.588358991055543,-0.09651829716196161,91,90,-1.2946526413401713,Sep24-Dec24,Sep-Dec
2024-06-21,THB,0,2024-09-18,2024-12-18,-0.09144743969726399,-0.1849498780394103,29.729711185686696,-0.0935024383421463,91,89,-1.248047993799517,Sep24-Dec24,Sep-Dec
2024-06-24,THB,0,2024-09-18,2024-12-18,-0.08669439702139163,-0.17842916596263161,29.518814015959684,-0.09173476894123998,91,86,-1.2330297067546832,Sep24-Dec24,Sep-Dec
2024-06-25,THB,0,2024-09-18,2024-12-18,-0.08426064027091199,-0.1744690904433001,29.570091165012595,-0.09020845017238813,91,85,-1.210305383086005,Sep24-Dec24,Sep-Dec
2024-06-26,THB,0,2024-09-18,2024-12-18,-0.08402433915116916,-0.17505070656493574,29.676669560612574,-0.09102636741376657,91,84,-1.2168709757203628,Sep24-Dec24,Sep-Dec
2024-06-27,THB,0,2024-09-18,2024-12-18,-0.08818352742655469,-0.18486667195446405,29.43320803060336,-0.09668314452790935,91,83,-1.3033990464705685,Sep24-Dec24,Sep-Dec
2024-06-28,THB,0,2024-09-18,2024-12-18,-0.08926957645838855,-0.18833703325977097,29.454891212702574,-0.09906745680138242,91,82,-1.3346055417265101,Sep24-Dec24,Sep-Dec
2024-07-01,THB,0,2024-09-18,2024-12-18,-0.08494924430325503,-0.18280217128548548,29.544136543496464,-0.09785292698223046,91,79,-1.3140568897494735,Sep24-Dec24,Sep-Dec
2024-07-02,THB,0,2024-09-18,2024-12-18,-0.08225666089207095,-0.17822276526615372,29.646718346090502,-0.09596610437408276,91,78,-1.284130018116463,Sep24-Dec24,Sep-Dec
2024-07-03,THB,0,2024-09-18,2024-12-18,-0.08281042174382558,-0.17802554977312537,29.83200785533124,-0.0952151280292998,91,77,-1.2661693903008644,Sep24-Dec24,Sep-Dec
2024-07-04,THB,0,2024-09-18,2024-12-18,-0.08413404457195095,-0.1823848926632451,29.863200175134097,-0.09825084809129414,91,76,-1.3052278807656927,Sep24-Dec24,Sep-Dec
2024-07-05,THB,0,2024-09-18,2024-12-18,-0.08818399068606042,-0.19283605562302084,30.143705513051213,-0.10465206493696042,91,75,-1.3774779075894712,Sep24-Dec24,Sep-Dec
2024-07-08,THB,0,2024-09-18,2024-12-18,-0.08072879420065483,-0.18090778440723987,30.325676678514867,-0.10017899020658504,91,72,-1.3103427727672863,Sep24-Dec24,Sep-Dec
2024-07-09,THB,0,2024-09-18,2024-12-18,-0.0781667394278415,-0.17667281533330578,30.230340501704354,-0.09850607590546429,91,71,-1.2924254459788034,Sep24-Dec24,Sep-Dec
2024-07-10,THB,0,2024-09-18,2024-12-18,-0.07920765271129857,-0.18067648105470657,30.02240362560257,-0.10146882834340801,91,70,-1.3405888451527643,Sep24-Dec24,Sep-Dec
2024-07-11,THB,0,2024-09-18,2024-12-18,-0.0784018216908894,-0.18046873516136308,29.983286220081695,-0.10206691347047368,91,69,-1.3502182144153445,Sep24-Dec24,Sep-Dec
2024-07-12,THB,0,2024-09-18,2024-12-18,-0.07696203358741158,-0.17878622307252345,30.063090050487602,-0.10182418948511188,91,68,-1.343357732497621,Sep24-Dec24,Sep-Dec
2024-07-15,THB,0,2024-09-18,2024-12-18,-0.07334201090337697,-0.1753540877793205,30.003227495291945,-0.10201207687594352,91,65,-1.3483655337707976,Sep24-Dec24,Sep-Dec
2024-07-16,THB,0,2024-09-18,2024-12-18,-0.07419020326236028,-0.17918079809218238,29.916026030787428,-0.10499059482982209,91,64,-1.3918292779255899,Sep24-Dec24,Sep-Dec
2024-07-17,THB,0,2024-09-18,2024-12-18,-0.07105618871228692,-0.17336094095091303,29.876831120946026,-0.10230475223862612,91,63,-1.3578647013485596,Sep24-Dec24,Sep-Dec
2024-07-18,THB,0,2024-09-18,2024-12-18,-0.06843470933142069,-0.16871237717339096,30.02847955294272,-0.10027766784197027,91,62,-1.3241063685423822,Sep24-Dec24,Sep-Dec
2024-07-19,THB,0,2024-09-18,2024-12-18,-0.06644699976560008,-0.1655728518749379,29.85449744766606,-0.09912585210933782,91,61,-1.3164548274507568,Sep24-Dec24,Sep-Dec
2024-07-22,THB,0,2024-09-18,2024-12-18,-0.059738926080772456,-0.15346724113853613,29.66619164064231,-0.09372831505776368,91,58,-1.2524071622808206,Sep24-Dec24,Sep-Dec
2024-07-23,THB,0,2024-09-18,2024-12-18,-0.062234389083869746,-0.16159104534057409,29.795533473534555,-0.09935665625670434,91,57,-1.3219498393389943,Sep24-Dec24,Sep-Dec
2024-07-24,THB,0,2024-09-18,2024-12-18,-0.06380899912701424,-0.16749862270841237,29.60354791264299,-0.10368962358139813,91,56,-1.3886402648128002,Sep24-Dec24,Sep-Dec
2024-07-25,THB,0,2024-09-18,2024-12-18,-0.06105905786150688,-0.16208404450509098,29.74095646547772,-0.1010249866435841,91,55,-1.3465655973534785,Sep24-Dec24,Sep-Dec
2024-07-26,THB,0,2024-09-18,2024-12-18,-0.058485307121483296,-0.15704388023361254,29.837531143943018,-0.09855857311212925,91,54,-1.3093167914548949,Sep24-Dec24,Sep-Dec
2024-07-29,THB,0,2024-09-18,2024-12-18,-0.05686493130622556,-0.15832980873498098,29.807451445605967,-0.10146487742875543,91,51,-1.3492154681045678,Sep24-Dec24,Sep-Dec
2024-07-30,THB,0,2024-09-18,2024-12-18,-0.05565930486509655,-0.15695923971957226,29.656211916472937,-0.10129993485447572,91,50,-1.353849707763751,Sep24-Dec24,Sep-Dec
2024-07-31,THB,0,2024-09-18,2024-12-18,-0.052132063955440594,-0.1489487541584017,29.715524154135856,-0.0968166902029611,91,49,-1.291191111782499,Sep24-Dec24,Sep-Dec
2024-08-01,THB,0,2024-09-18,2024-12-18,-0.05218353979084043,-0.15111483397764208,29.78019690169579,-0.09893129418680166,91,48,-1.3165243962545734,Sep24-Dec24,Sep-Dec
2024-08-02,THB,0,2024-09-18,2024-12-18,-0.05166860514576069,-0.14906787255708379,29.69940157947708,-0.0973992674113231,91,47,-1.2996466997974958,Sep24-Dec24,Sep-Dec
2024-08-05,THB,0,2024-09-18,2024-12-18,-0.047036166704855574,-0.14216496289465444,29.776826577495328,-0.09512879618979886,91,44,-1.2658471318243452,Sep24-Dec24,Sep-Dec
2024-08-06,THB,0,2024-09-18,2024-12-18,-0.04303991844417304,-0.1321425240073143,29.728095071397735,-0.08910260556314126,91,43,-1.1874454077635928,Sep24-Dec24,Sep-Dec
2024-08-07,THB,0,2024-09-18,2024-12-18,-0.041012532528618514,-0.12804580119058886,29.899938818778054,-0.08703326866197035,91,42,-1.1531139236694468,Sep24-Dec24,Sep-Dec
2024-08-08,THB,0,2024-09-18,2024-12-18,-0.03994792673181462,-0.126971437733204,29.545191894804702,-0.08702351100138937,91,41,-1.1668055858249982,Sep24-Dec24,Sep-Dec
2024-08-09,THB,0,2024-09-18,2024-12-18,-0.03885605520264493,-0.12577107923599382,29.650031053366316,-0.08691502403334889,91,40,-1.1611820724367263,Sep24-Dec24,Sep-Dec
2024-08-12,THB,0,2024-09-18,2024-12-18,-0.03533179665769584,-0.12124050054910433,29.652528541789735,-0.08590870389140849,91,37,-1.1475043088169037,Sep24-Dec24,Sep-Dec
2024-08-13,THB,0,2024-09-18,2024-12-18,-0.03635331329278248,-0.12741326665034688,29.99318877088702,-0.09105995335756441,91,36,-1.2025208023984242,Sep24-Dec24,Sep-Dec
2024-08-14,THB,0,2024-09-18,2024-12-18,-0.035048257722617736,-0.12550556030070378,30.067537532402408,-0.09045730257808604,91,35,-1.1915531272520163,Sep24-Dec24,Sep-Dec
2024-08-15,THB,0,2024-09-18,2024-12-18,-0.037245810443260245,-0.1364317984865122,30.079688587262844,-0.09918598804325196,91,34,-1.3060992790690098,Sep24-Dec24,Sep-Dec
2024-08-16,THB,0,2024-09-18,2024-12-18,-0.03764245806618125,-0.14111256923998863,29.8636780550444,-0.10347011117380739,91,33,-1.372399314047017,Sep24-Dec24,Sep-Dec
2024-08-19,THB,0,2024-09-18,2024-12-18,-0.03576994378270882,-0.1442721065902589,29.859583687288236,-0.1085021628075501,91,30,-1.4392502886589387,Sep24-Dec24,Sep-Dec
2024-08-20,THB,0,2024-09-18,2024-12-18,-0.03433712343894195,-0.14208464871286322,29.747051843380905,-0.10774752527392127,91,29,-1.4345843190575656,Sep24-Dec24,Sep-Dec
2024-08-21,THB,0,2024-09-18,2024-12-18,-0.030918764292562823,-0.131404748243392,29.52222910027263,-0.10048598395082917,91,28,-1.3479461066564393,Sep24-Dec24,Sep-Dec
2024-08-22,THB,0,2024-09-18,2024-12-18,-0.02993066982996647,-0.13080811259022382,29.503240203194128,-0.10087744276025734,91,27,-1.3540237050105592,Sep24-Dec24,Sep-Dec
2024-08-23,THB,0,2024-09-18,2024-12-18,-0.02907264388534445,-0.13082689748405005,29.34818459628803,-0.1017542535987056,91,26,-1.372975759308168,Sep24-Dec24,Sep-Dec
2024-08-26,THB,0,2024-09-18,2024-12-18,-0.026676453229821623,-0.13222242035650716,29.431387588218634,-0.10554596712668554,91,23,-1.4199917945784184,Sep24-Dec24,Sep-Dec
2024-08-27,THB,0,2024-09-18,2024-12-18,-0.02804927631178755,-0.1440712828741815,29.5180132134852,-0.11602200656239395,91,22,-1.5564215636448404,Sep24-Dec24,Sep-Dec
2024-08-28,THB,0,2024-09-18,2024-12-18,-0.026230006231050512,-0.13989336656560275,29.654951961830278,-0.11366336033455224,91,21,-1.5176397090262423,Sep24-Dec24,Sep-Dec
2024-08-29,THB,0,2024-09-18,2024-12-18,-0.024515434684192632,-0.1360606624972691,29.757459782636076,-0.11154522781307648,91,20,-1.4841376593968554,Sep24-Dec24,Sep-Dec
2024-08-30,THB,0,2024-09-18,2024-12-18,-0.023192424913309598,-0.1342719337086345,29.83899332258054,-0.1110795087953249,91,19,-1.4738340281996818,Sep24-Dec24,Sep-Dec
2024-09-02,THB,0,2024-09-18,2024-12-18,-0.018297600596778096,-0.11980171872114724,29.80051626149791,-0.10150411812436914,91,16,-1.3483036894986329,Sep24-Dec24,Sep-Dec
2024-09-03,THB,0,2024-09-18,2024-12-18,-0.015893920576450993,-0.10991516930430867,29.783181005718216,-0.09402124872785768,91,15,-1.2495333945134632,Sep24-Dec24,Sep-Dec
2024-09-04,THB,0,2024-09-18,2024-12-18,-0.014907222526212571,-0.10955650652973487,29.86180068113208,-0.0946492840035223,91,14,-1.2545249590056213,Sep24-Dec24,Sep-Dec
2024-09-05,THB,0,2024-09-18,2024-12-18,-0.013859439704627264,-0.1087859179695171,29.897349088860512,-0.09492647826488984,91,13,-1.256658191587586,Sep24-Dec24,Sep-Dec
2024-09-06,THB,0,2024-09-18,2024-12-18,-0.012723817778024298,-0.10728122586468798,29.938922648652227,-0.09455740808666369,91,12,-1.2499858898702079,Sep24-Dec24,Sep-Dec
2024-09-09,THB,0,2024-09-18,2024-12-18,-0.01014078989474329,-0.11123605404163776,29.74737748794551,-0.10109526414689447,91,9,-1.3449040769117195,Sep24-Dec24,Sep-Dec
2024-09-10,THB,0,2024-09-18,2024-12-18,-0.009717447002233667,-0.11897059988175931,29.82525742301407,-0.10925315287952565,91,8,-1.449614112223115,Sep24-Dec24,Sep-Dec
2024-09-11,THB,0,2024-09-18,2024-12-18,-0.008501932123040505,-0.11790172638839466,29.90144859372368,-0.10939979426535415,91,7,-1.4478010475021645,Sep24-Dec24,Sep-Dec
2024-09-12,THB,0,2024-09-18,2024-12-18,-0.008558745888899794,-0.11763152626547325,30.01538404485445,-0.10907278037657346,91,6,-1.437995220349219,Sep24-Dec24,Sep-Dec
2024-09-13,THB,0,2024-09-18,2024-12-18,-0.008401211133217842,-0.11440898223380852,30.043746466259165,-0.10600777110059068,91,5,-1.3962596354193806,Sep24-Dec24,Sep-Dec
2024-09-16,THB,0,2024-09-18,2024-12-18,-0.007857118924089142,-0.10406469647282625,30.014881519585675,-0.0962075775487371,91,2,-1.2683743666330227,Sep24-Dec24,Sep-Dec
2024-09-17,THB,0,2024-09-18,2024-12-18,-0.007438784610357889,-0.09760550164028045,30.01701668557449,-0.09016671702992256,91,1,-1.188632166436069,Sep24-Dec24,Sep-Dec
2024-09-18,THB,0,2024-12-18,2025-03-19,-0.09438652315088775,-0.18376446457202114,30.05149037852614,-0.0893779414211334,91,91,-1.1802978908432897,Dec24-Mar25,Dec-Mar
2024-09-19,THB,0,2024-12-18,2025-03-19,-0.09974765395224777,-0.1955974163578397,30.03719287675142,-0.09584976240559193,91,90,-1.2665939609439467,Dec24-Mar25,Dec-Mar
2024-09-20,THB,0,2024-12-18,2025-03-19,-0.10021366517533914,-0.19766397517037843,30.09208593690095,-0.09745030999503929,91,89,-1.285407280938345,Dec24-Mar25,Dec-Mar
2024-09-23,THB,0,2024-12-18,2025-03-19,-0.09570893395956953,-0.191986196602384,29.97686532828712,-0.09627726264281447,91,86,-1.2746397025479805,Dec24-Mar25,Dec-Mar
2024-09-24,THB,0,2024-12-18,2025-03-19,-0.09249741588662223,-0.1865218168608178,30.01346561477643,-0.09402440097419558,91,85,-1.2431571756706108,Dec24-Mar25,Dec-Mar
2024-09-25,THB,0,2024-12-18,2025-03-19,-0.08343684501989904,-0.1688354441915147,29.947897599649938,-0.08539859917161566,91,84,-1.1312463160919801,Dec24-Mar25,Dec-Mar
2024-09-26,THB,0,2024-12-18,2025-03-19,-0.08439213220807361,-0.17186791904864074,30.3031607109124,-0.08747578684056713,91,83,-1.145175909235059,Dec24-Mar25,Dec-Mar
2024-09-27,THB,0,2024-12-18,2025-03-19,-0.09069439692825117,-0.18625286577406486,30.541146959570824,-0.09555846884581369,91,82,-1.2414708856908268,Dec24-Mar25,Dec-Mar
2024-09-30,THB,0,2024-12-18,2025-03-19,-0.08618904143173131,-0.18037884499273366,30.547464984939047,-0.09418980356100234,91,79,-1.223254744120151,Dec24-Mar25,Dec-Mar
2024-10-01,THB,0,2024-12-18,2025-03-19,-0.08129435856307107,-0.17103016815084188,30.645652414872433,-0.0897358095877708,91,78,-1.1614796767738123,Dec24-Mar25,Dec-Mar
2024-10-02,THB,0,2024-12-18,2025-03-19,-0.07853307971101699,-0.17217689243654077,30.50634579180247,-0.09364381272552379,91,77,-1.2175013789489266,Dec24-Mar25,Dec-Mar
2024-10-03,THB,0,2024-12-18,2025-03-19,-0.08180366018164298,-0.18025319613680457,30.425324850218654,-0.0984495359551616,91,76,-1.2835382197456713,Dec24-Mar25,Dec-Mar
2024-10-04,THB,0,2024-12-18,2025-03-19,-0.07902300204434146,-0.17507104404957488,30.42964303160327,-0.09604804200523342,91,75,-1.2519357947040255,Dec24-Mar25,Dec-Mar
2024-10-07,THB,0,2024-12-18,2025-03-19,-0.07631081386904526,-0.17189748426412504,30.430198514243365,-0.09558667039507979,91,72,-1.2457879314422988,Dec24-Mar25,Dec-Mar
2024-10-08,THB,0,2024-12-18,2025-03-19,-0.0805370819663441,-0.1825484340587144,30.37710366318309,-0.1020113520923703,91,71,-1.332036723735836,Dec24-Mar25,Dec-Mar
2024-10-09,THB,0,2024-12-18,2025-03-19,-0.0785324353527434,-0.17905453637363836,30.388353632350654,-0.10052210102089496,91,70,-1.3120164833962344,Dec24-Mar25,Dec-Mar
2024-10-10,THB,0,2024-12-18,2025-03-19,-0.07826483729228535,-0.17954060632117558,30.548080390907835,-0.10127576902889023,91,69,-1.3149124360646292,Dec24-Mar25,Dec-Mar
2024-10-11,THB,0,2024-12-18,2025-03-19,-0.07243608162829725,-0.1670725461546592,30.36967774416256,-0.09463646452636194,91,68,-1.2357098962373858,Dec24-Mar25,Dec-Mar
2024-10-14,THB,0,2024-12-18,2025-03-19,-0.0662155596522539,-0.15548920453234094,30.24828205648619,-0.08927364488008704,91,65,-1.1701334741242153,Dec24-Mar25,Dec-Mar
2024-10-15,THB,0,2024-12-18,2025-03-19,-0.06554626999184998,-0.15491842033295275,30.296034733332718,-0.08937215034110277,91,64,-1.1695482711908947,Dec24-Mar25,Dec-Mar
2024-10-16,THB,0,2024-12-18,2025-03-19,-0.06228645913779684,-0.14801785036575799,30.378144217466964,-0.08573139122796114,91,63,-1.1187450304533466,Dec24-Mar25,Dec-Mar
2024-10-17,THB,0,2024-12-18,2025-03-19,-0.06241724215702786,-0.1494250521659548,30.103847002045487,-0.08700781000892695,91,62,-1.145773432441709,Dec24-Mar25,Dec-Mar
2024-10-18,THB,0,2024-12-18,2025-03-19,-0.057469667029900764,-0.13817771396771586,30.152344575172123,-0.0807080469378151,91,61,-1.0609267600115067,Dec24-Mar25,Dec-Mar
2024-10-21,THB,0,2024-12-18,2025-03-19,-0.0537054020982607,-0.13294647257393494,30.1251210364775,-0.07924107047567425,91,58,-1.042455605473253,Dec24-Mar25,Dec-Mar
2024-10-22,THB,0,2024-12-18,2025-03-19,-0.05334205353380564,-0.13347372593408766,30.17068892213041,-0.08013167240028202,91,57,-1.0525642237675454,Dec24-Mar25,Dec-Mar
2024-10-23,THB,0,2024-12-18,2025-03-19,-0.048489766137711096,-0.12226891192450899,30.10034512189579,-0.0737791457867979,91,56,-0.9712330247723807,Dec24-Mar25,Dec-Mar
2024-10-24,THB,0,2024-12-18,2025-03-19,-0.048042097571781434,-0.12254283078757754,29.922605690544525,-0.0745007332157961,91,55,-0.9865522367948982,Dec24-Mar25,Dec-Mar
2024-10-25,THB,0,2024-12-18,2025-03-19,-0.04468148756520791,-0.1149744472552273,30.021727241430202,-0.07029295969001939,91,54,-0.9276499112602008,Dec24-Mar25,Dec-Mar
2024-10-28,THB,0,2024-12-18,2025-03-19,-0.04557325815159095,-0.12190497384346635,29.91164605989748,-0.07633171569187541,91,51,-1.0110858046915936,Dec24-Mar25,Dec-Mar
2024-10-29,THB,0,2024-12-18,2025-03-19,-0.043386680142284265,-0.11738273213477324,29.806235198810406,-0.07399605199248897,91,50,-0.9835471025980264,Dec24-Mar25,Dec-Mar
2024-10-30,THB,0,2024-12-18,2025-03-19,-0.04640643791016916,-0.1276517433199388,29.628475683267006,-0.08124530540976965,91,49,-1.0865027620530967,Dec24-Mar25,Dec-Mar
2024-10-31,THB,0,2024-12-18,2025-03-19,-0.04768541568616934,-0.13315928043032366,29.578414965250467,-0.08547386474415432,91,48,-1.1450389854178955,Dec24-Mar25,Dec-Mar
2024-11-01,THB,0,2024-12-18,2025-03-19,-0.04117128609963695,-0.12389831307500009,29.62258863461153,-0.08272702697536313,91,47,-1.1063423743752319,Dec24-Mar25,Dec-Mar
2024-11-04,THB,0,2024-12-18,2025-03-19,-0.04172315079350677,-0.1299323803474553,29.844647031595798,-0.08820922955394853,91,44,-1.1708904496748531,Dec24-Mar25,Dec-Mar
2024-11-05,THB,0,2024-12-18,2025-03-19,-0.03796448859488083,-0.11983590727145954,29.879395154825104,-0.08187141867657871,91,43,-1.0853599301280905,Dec24-Mar25,Dec-Mar
2024-11-06,THB,0,2024-12-18,2025-03-19,-0.0372419904659312,-0.11906083809699897,29.969071658333466,-0.08181884763106777,91,42,-1.0813871428943993,Dec24-Mar25,Dec-Mar
2024-11-07,THB,0,2024-12-18,2025-03-19,-0.0347205672866938,-0.11249453786955399,29.96672801277579,-0.07777397058286019,91,41,-1.0279205189367717,Dec24-Mar25,Dec-Mar
2024-11-08,THB,0,2024-12-18,2025-03-19,-0.03253481941565396,-0.10683452351783301,30.07778701218655,-0.07429970410217905,91,40,-0.9783006428549839,Dec24-Mar25,Dec-Mar
2024-11-11,THB,0,2024-12-18,2025-03-19,-0.029593444666715703,-0.1012812386512019,30.052773815124244,-0.07168779398448619,91,37,-0.9446036716133394,Dec24-Mar25,Dec-Mar
2024-11-12,THB,0,2024-12-18,2025-03-19,-0.028888050597058405,-0.10031705837903239,30.142678807098754,-0.07142900778197399,91,36,-0.9383617519527673,Dec24-Mar25,Dec-Mar
2024-11-13,THB,0,2024-12-18,2025-03-19,-0.025105558293446337,-0.08827518662284804,30.115163187840892,-0.0631696283294017,91,35,-0.8305129535966009,Dec24-Mar25,Dec-Mar
2024-11-14,THB,0,2024-12-18,2025-03-19,-0.024420274858406033,-0.08712335170015167,30.33089224942418,-0.06270307684174564,91,34,-0.8184922625547018,Dec24-Mar25,Dec-Mar
2024-11-15,THB,0,2024-12-18,2025-03-19,-0.02372586416121883,-0.08592364985259864,30.436203101537146,-0.062197785691379806,91,33,-0.8090665296456594,Dec24-Mar25,Dec-Mar
2024-11-18,THB,0,2024-12-18,2025-03-19,-0.021392772661733655,-0.08122511134128693,30.354430366232883,-0.059832338679553274,91,30,-0.7803351744085946,Dec24-Mar25,Dec-Mar
2024-11-19,THB,0,2024-12-18,2025-03-19,-0.019434166380823587,-0.07534120227665095,30.456227519162717,-0.055907035895827364,91,29,-0.7266556923146192,Dec24-Mar25,Dec-Mar
2024-11-20,THB,0,2024-12-18,2025-03-19,-0.018118816266384317,-0.07195994019995898,30.270173593046195,-0.05384112393357467,91,28,-0.704077308122313,Dec24-Mar25,Dec-Mar
2024-11-21,THB,0,2024-12-18,2025-03-19,-0.017656409741029912,-0.07213053392150456,30.20709634686816,-0.05447412418047465,91,27,-0.7138324863719455,Dec24-Mar25,Dec-Mar
2024-11-22,THB,0,2024-12-18,2025-03-19,-0.016251335845129472,-0.0680873018633576,30.262256638350223,-0.051835966018228125,91,26,-0.677991549697728,Dec24-Mar25,Dec-Mar
2024-11-25,THB,0,2024-12-18,2025-03-19,-0.014261294366373467,-0.06564168875585188,30.268360795299632,-0.05138039438947842,91,23,-0.6718530778858168,Dec24-Mar25,Dec-Mar
2024-11-26,THB,0,2024-12-18,2025-03-19,-0.014406567116518266,-0.0689416627132737,30.334228493057037,-0.05453509559675544,91,22,-0.7115583853190708,Dec24-Mar25,Dec-Mar
2024-11-27,THB,0,2024-12-18,2025-03-19,-0.013479000902439389,-0.06684854354739919,30.236767593665334,-0.0533695426449598,91,21,-0.6985747297796672,Dec24-Mar25,Dec-Mar
2024-11-28,THB,0,2024-12-18,2025-03-19,-0.012053100656927034,-0.06187597937303435,30.112375637464122,-0.04982287871610731,91,20,-0.6548152365362274,Dec24-Mar25,Dec-Mar
2024-11-29,THB,0,2024-12-18,2025-03-19,-0.010505970670089626,-0.05584146403842434,29.895460098883063,-0.045335493368334714,91,19,-0.6001321058236208,Dec24-Mar25,Dec-Mar
2024-12-02,THB,0,2024-12-18,2025-03-19,-0.008406116942769418,-0.05539647426844306,29.967827614260194,-0.046990357325673644,91,16,-0.6204923519875527,Dec24-Mar25,Dec-Mar
2024-12-03,THB,0,2024-12-18,2025-03-19,-0.00819573127185251,-0.05512743205368253,29.97208406767399,-0.04693170078183002,91,15,-0.6196254275827181,Dec24-Mar25,Dec-Mar
2024-12-04,THB,0,2024-12-18,2025-03-19,-0.008475477801349853,-0.05858570957914983,29.882243585844467,-0.05011023177779998,91,14,-0.6635864576693278,Dec24-Mar25,Dec-Mar
2024-12-05,THB,0,2024-12-18,2025-03-19,-0.007684045076878813,-0.05645912844906146,30.07939299581427,-0.04877508337218264,91,13,-0.6416541676968608,Dec24-Mar25,Dec-Mar
2024-12-06,THB,0,2024-12-18,2025-03-19,-0.007585237393855289,-0.060109483478139075,29.98282491471303,-0.052524246084283785,91,12,-0.6931995490422338,Dec24-Mar25,Dec-Mar
2024-12-09,THB,0,2024-12-18,2025-03-19,-0.00625834229917623,-0.06454884721960397,29.929736627458155,-0.058290504920427734,91,9,-0.7706316675076563,Dec24-Mar25,Dec-Mar
2024-12-10,THB,0,2024-12-18,2025-03-19,-0.005979441514108763,-0.0690102883376119,29.911802396904267,-0.06303084682350314,91,8,-0.8337934755797182,Dec24-Mar25,Dec-Mar
2024-12-11,THB,0,2024-12-18,2025-03-19,-0.005214660224945393,-0.06800807038348591,29.983036594497456,-0.06279341015854052,91,7,-0.8286575698586127,Dec24-Mar25,Dec-Mar
2024-12-12,THB,0,2024-12-18,2025-03-19,-0.005412656072096557,-0.0699979341144888,30.036085878809516,-0.06458527804239225,91,6,-0.8508040993752509,Dec24-Mar25,Dec-Mar
2024-12-13,THB,0,2024-12-18,2025-03-19,-0.005399969733904789,-0.06905712090701237,29.997641233519836,-0.06365715117310758,91,5,-0.8396521151669403,Dec24-Mar25,Dec-Mar
2024-12-16,THB,0,2024-12-18,2025-03-19,-0.005708793693751985,-0.0708468598188512,29.991252674551042,-0.0651380661250992,91,2,-0.859377618183159,Dec24-Mar25,Dec-Mar
2024-12-17,THB,0,2024-12-18,2025-03-19,-0.005824296541808712,-0.07157691026334766,29.825922859686738,-0.06575261372153894,91,1,-0.8722983579559881,Dec24-Mar25,Dec-Mar
2024-12-18,THB,0,2025-03-19,2025-06-18,-0.06508217320529174,-0.13513831690382205,29.843822959431566,-0.07005614369853032,91,91,-0.9306813402617801,Mar25-Jun25,Mar-Jun
2024-12-19,THB,0,2025-03-19,2025-06-18,-0.06964239434215314,-0.14510318849499965,29.93496188704961,-0.07546079415284651,91,90,-0.9995748369594529,Mar25-Jun25,Mar-Jun
2024-12-20,THB,0,2025-03-19,2025-06-18,-0.05779344521873819,-0.1219966920291441,29.99244733324946,-0.0642032468104059,91,89,-0.8484843935484848,Mar25-Jun25,Mar-Jun
2024-12-23,THB,0,2025-03-19,2025-06-18,-0.06254452634555627,-0.13401635438903725,30.001669074312648,-0.07147182804348098,91,86,-0.9444020078336859,Mar25-Jun25,Mar-Jun
2024-12-24,THB,0,2025-03-19,2025-06-18,-0.05738328264713448,-0.12417305908112249,30.016633582400644,-0.06678977643398801,91,85,-0.8819422673917218,Mar25-Jun25,Mar-Jun
2024-12-25,THB,0,2025-03-19,2025-06-18,-0.05931919087346747,-0.12898199257518955,29.909602645656115,-0.06966280170172208,91,84,-0.9232378179947378,Mar25-Jun25,Mar-Jun
2024-12-26,THB,0,2025-03-19,2025-06-18,-0.056747525265447275,-0.12444391329153687,29.985191670971336,-0.0676963880260896,91,83,-0.8948339759754497,Mar25-Jun25,Mar-Jun
2024-12-27,THB,0,2025-03-19,2025-06-18,-0.05706347382972779,-0.12597282127543685,30.183980574258285,-0.06890934744570906,91,82,-0.9048665901286076,Mar25-Jun25,Mar-Jun
2024-12-30,THB,0,2025-03-19,2025-06-18,-0.05084479190796878,-0.1151888083449903,30.08579570766211,-0.06434401643702153,91,79,-0.8475051550683353,Mar25-Jun25,Mar-Jun
2024-12-31,THB,0,2025-03-19,2025-06-18,-0.047804682048087827,-0.10940851676971913,29.99162913700541,-0.061603834721631306,91,78,-0.8138822694015965,Mar25-Jun25,Mar-Jun
2025-01-01,THB,0,2025-03-19,2025-06-18,-0.05186229288342681,-0.1131540935638403,29.90274692409745,-0.0612918006804135,91,77,-0.8122809780426137,Mar25-Jun25,Mar-Jun
2025-01-02,THB,0,2025-03-19,2025-06-18,-0.04750097659776594,-0.10437714594509095,29.817787229296925,-0.05687616934732501,91,76,-0.7558026956123134,Mar25-Jun25,Mar-Jun
2025-01-03,THB,0,2025-03-19,2025-06-18,-0.048359853636990885,-0.10703647604987315,29.86326429028835,-0.05867662241288227,91,75,-0.7785612660632806,Mar25-Jun25,Mar-Jun
2025-01-06,THB,0,2025-03-19,2025-06-18,-0.04785210130873251,-0.10833184046282499,29.85012405226127,-0.06047973915409247,91,72,-0.8028263983948155,Mar25-Jun25,Mar-Jun
2025-01-07,THB,0,2025-03-19,2025-06-18,-0.04587689224161253,-0.10467685272029902,29.867250980273518,-0.058799960478686485,91,71,-0.7800285378556542,Mar25-Jun25,Mar-Jun
2025-01-08,THB,0,2025-03-19,2025-06-18,-0.04407216483963723,-0.10136597913116563,29.819609759889364,-0.0572938142915284,91,70,-0.7612183223331443,Mar25-Jun25,Mar-Jun
2025-01-09,THB,0,2025-03-19,2025-06-18,-0.045805073107832314,-0.10621466227903144,29.965233603199948,-0.060409589171199124,91,69,-0.7987551964352169,Mar25-Jun25,Mar-Jun
2025-01-10,THB,0,2025-03-19,2025-06-18,-0.041041022008561516,-0.09596356616707767,30.101791053439957,-0.054922544158516155,91,68,-0.7227896797042247,Mar25-Jun25,Mar-Jun
2025-01-13,THB,0,2025-03-19,2025-06-18,-0.04181073681352963,-0.10034576835247111,29.924696045609725,-0.05853503153894148,91,65,-0.7749156593935494,Mar25-Jun25,Mar-Jun
2025-01-14,THB,0,2025-03-19,2025-06-18,-0.040352598570064735,-0.09772894966187555,29.934952611241687,-0.057376351091810815,91,64,-0.7592788224642603,Mar25-Jun25,Mar-Jun
2025-01-15,THB,0,2025-03-19,2025-06-18,-0.03907761437241439,-0.0955230573547907,29.956061228931137,-0.05644544298237632,91,63,-0.7464009621878683,Mar25-Jun25,Mar-Jun
2025-01-16,THB,0,2025-03-19,2025-06-18,-0.036137040590600654,-0.08917689048970809,30.076765422087504,-0.053039849899107434,91,62,-0.6984806541266851,Mar25-Jun25,Mar-Jun
2025-01-17,THB,0,2025-03-19,2025-06-18,-0.03848370564258561,-0.0958938238962789,30.1689345730741,-0.05741011825369329,91,61,-0.7537788011621719,Mar25-Jun25,Mar-Jun
2025-01-20,THB,0,2025-03-19,2025-06-18,-0.03751988197706031,-0.09638728301003424,30.117165751611072,-0.05886740103297393,91,58,-0.7742179780766985,Mar25-Jun25,Mar-Jun
2025-01-21,THB,0,2025-03-19,2025-06-18,-0.036858899342691195,-0.09570380881961923,30.194750916916377,-0.05884490947692804,91,57,-0.7719141919617669,Mar25-Jun25,Mar-Jun
2025-01-22,THB,0,2025-03-19,2025-06-18,-0.03388994094660036,-0.08896109498482593,30.330483490728597,-0.05507115403822557,91,56,-0.7191036369395816,Mar25-Jun25,Mar-Jun
2025-01-23,THB,0,2025-03-19,2025-06-18,-0.037342195676168394,-0.09912655579491975,30.63502363011424,-0.06178436011875135,91,55,-0.798824070868143,Mar25-Jun25,Mar-Jun
2025-01-24,THB,0,2025-03-19,2025-06-18,-0.0328476436106131,-0.08820200599146108,30.511702988413674,-0.05535436238084798,91,54,-0.7184793794258121,Mar25-Jun25,Mar-Jun
2025-01-27,THB,0,2025-03-19,2025-06-18,-0.03125772758161616,-0.08703131993312734,30.57421684147179,-0.05577359235151118,91,51,-0.722401461188868,Mar25-Jun25,Mar-Jun
2025-01-28,THB,0,2025-03-19,2025-06-18,-0.0314425777921666,-0.08866806937390981,30.46371923980205,-0.057225491581743206,91,50,-0.7439028062800607,Mar25-Jun25,Mar-Jun
2025-01-29,THB,0,2025-03-19,2025-06-18,-0.027925679084619296,-0.07978765452748371,30.252884921072628,-0.051861975442864416,91,49,-0.6788040733376148,Mar25-Jun25,Mar-Jun
2025-01-30,THB,0,2025-03-19,2025-06-18,-0.028616946156138558,-0.08286990657715124,30.041586964657327,-0.05425296042101268,91,48,-0.715114485633156,Mar25-Jun25,Mar-Jun
2025-01-31,THB,0,2025-03-19,2025-06-18,-0.029017523479493053,-0.0852003880887243,30.069267934102026,-0.05618286460923124,91,47,-0.7398802570966436,Mar25-Jun25,Mar-Jun
2025-02-03,THB,0,2025-03-19,2025-06-18,-0.02934060494212821,-0.09002231061789337,29.822210648931694,-0.060681705675765155,91,44,-0.8057615618320835,Mar25-Jun25,Mar-Jun
2025-02-04,THB,0,2025-03-19,2025-06-18,-0.030453672406739102,-0.09490214191867534,29.982268363207645,-0.06444846951193624,91,43,-0.851237165163448,Mar25-Jun25,Mar-Jun
2025-02-05,THB,0,2025-03-19,2025-06-18,-0.030555335494493033,-0.09675856239922795,30.096632288337368,-0.06620322690473492,91,42,-0.8710909510338084,Mar25-Jun25,Mar-Jun
2025-02-06,THB,0,2025-03-19,2025-06-18,-0.02664000990276176,-0.08576783676011103,30.035954124917982,-0.05912782685734927,91,41,-0.7794656058333389,Mar25-Jun25,Mar-Jun
2025-02-07,THB,0,2025-03-19,2025-06-18,-0.025787029467915216,-0.08445252150742233,30.0752407302423,-0.05866549203950711,91,40,-0.7723377187561494,Mar25-Jun25,Mar-Jun
2025-02-10,THB,0,2025-03-19,2025-06-18,-0.025521660955716743,-0.08829115141437145,30.007259756306663,-0.06276949045865471,91,37,-0.8282337153476071,Mar25-Jun25,Mar-Jun
2025-02-11,THB,0,2025-03-19,2025-06-18,-0.02218949959769599,-0.07827962358076085,29.894806035666615,-0.05609012398306486,91,36,-0.7428040182185999,Mar25-Jun25,Mar-Jun
2025-02-12,THB,0,2025-03-19,2025-06-18,-0.019597114261521803,-0.0705496113414785,29.76759009824329,-0.05095249707995669,91,35,-0.6775930000623679,Mar25-Jun25,Mar-Jun
2025-02-13,THB,0,2025-03-19,2025-06-18,-0.019299673359123356,-0.07095468146736528,29.714850148226198,-0.05165500810824192,91,34,-0.6881484914683179,Mar25-Jun25,Mar-Jun
2025-02-14,THB,0,2025-03-19,2025-06-18,-0.017578679626333076,-0.06605322041410004,29.650355760926104,-0.048474540787766966,91,33,-0.6471462785257496,Mar25-Jun25,Mar-Jun
2025-02-17,THB,0,2025-03-19,2025-06-18,-0.014824137997266206,-0.05979068992230703,29.60790624141797,-0.04496655192504082,91,30,-0.6011190566278682,Mar25-Jun25,Mar-Jun
2025-02-18,THB,0,2025-03-19,2025-06-18,-0.014708028319745332,-0.06086080684032552,29.677528832638266,-0.04615277852058019,91,29,-0.615526155538094,Mar25-Jun25,Mar-Jun
2025-02-19,THB,0,2025-03-19,2025-06-18,-0.014816997756108792,-0.06297224046346236,29.541045902505058,-0.04815524270735357,91,28,-0.645203481551332,Mar25-Jun25,Mar-Jun
2025-02-20,THB,0,2025-03-19,2025-06-18,-0.013838754425397613,-0.06048048230358957,29.50355616290639,-0.04664172787819196,91,27,-0.6256985210001068,Mar25-Jun25,Mar-Jun
2025-02-21,THB,0,2025-03-19,2025-06-18,-0.013159656033181021,-0.05921845214931459,29.60643870773506,-0.046058796116133574,91,26,-0.6157162296194034,Mar25-Jun25,Mar-Jun
2025-02-24,THB,0,2025-03-19,2025-06-18,-0.012186124100010944,-0.060400789017445555,29.670526529274028,-0.04821466491743461,91,23,-0.6431220733646479,Mar25-Jun25,Mar-Jun
2025-02-25,THB,0,2025-03-19,2025-06-18,-0.012087489430577388,-0.0620857411661475,29.5327620654221,-0.04999825173557011,91,22,-0.6700229057507,Mar25-Jun25,Mar-Jun
2025-02-26,THB,0,2025-03-19,2025-06-18,-0.012537222390150178,-0.06686518608080094,29.448381995901126,-0.054327963690650766,91,21,-0.7301431776674314,Mar25-Jun25,Mar-Jun
2025-02-27,THB,0,2025-03-19,2025-06-18,-0.011077366427603087,-0.06147938367319712,29.17625771429921,-0.05040201724559404,91,20,-0.6836665959839048,Mar25-Jun25,Mar-Jun
2025-02-28,THB,0,2025-03-19,2025-06-18,-0.010024646802300932,-0.058037428855426454,29.238748581238106,-0.04801278205312552,91,19,-0.649842520255764,Mar25-Jun25,Mar-Jun
2025-03-03,THB,0,2025-03-19,2025-06-18,-0.008483232918865075,-0.05673162014491019,29.084836649378982,-0.04824838722604512,91,16,-0.656453503438277,Mar25-Jun25,Mar-Jun
2025-03-04,THB,0,2025-03-19,2025-06-18,-0.0072118539431369035,-0.05096376786483412,29.026706399956087,-0.043751913921697215,91,15,-0.5964421411986905,Mar25-Jun25,Mar-Jun
2025-03-05,THB,0,2025-03-19,2025-06-18,-0.006449702947655104,-0.04837277210741328,29.050689231982467,-0.04192306915975818,91,14,-0.571023745353985,Mar25-Jun25,Mar-Jun
2025-03-06,THB,0,2025-03-19,2025-06-18,-0.00557407896401269,-0.04459263171210152,29.024145273512787,-0.039018552748088825,91,13,-0.5319321504074074,Mar25-Jun25,Mar-Jun
2025-03-07,THB,0,2025-03-19,2025-06-18,-0.005016267613462178,-0.04305629701555036,28.947770371481557,-0.038040029402088185,91,12,-0.5199506165301399,Mar25-Jun25,Mar-Jun
2025-03-10,THB,0,2025-03-19,2025-06-18,-0.0032971866241860845,-0.03663540693540094,28.93465373813738,-0.033338220311214854,91,9,-0.4558633976689364,Mar25-Jun25,Mar-Jun
2025-03-11,THB,0,2025-03-19,2025-06-18,-0.00245494987787278,-0.030380004738675654,28.723514649374923,-0.027925054860802875,91,8,-0.38464021056368697,Mar25-Jun25,Mar-Jun
2025-03-12,THB,0,2025-03-19,2025-06-18,-0.0022473931795747096,-0.031463504514045934,28.832924942714282,-0.029216111334471224,91,7,-0.400893182150424,Mar25-Jun25,Mar-Jun
2025-03-13,THB,0,2025-03-19,2025-06-18,-0.002540038021021692,-0.03519766971987201,28.965093573598036,-0.03265763169885032,91,6,-0.44607609043258,Mar25-Jun25,Mar-Jun
2025-03-14,THB,0,2025-03-19,2025-06-18,-0.0027030587855554388,-0.03707052048761744,29.04640094005785,-0.034367461702062,91,5,-0.46811941684148817,Mar25-Jun25,Mar-Jun
2025-03-17,THB,0,2025-03-19,2025-06-18,-0.0026841244259266533,-0.03566051023016839,29.229041200779015,-0.03297638580424174,91,2,-0.44636432591390884,Mar25-Jun25,Mar-Jun
2025-03-18,THB,0,2025-03-19,2025-06-18,-0.0025925748635546287,-0.034073841063860834,29.307006196764583,-0.0314812662003062,91,1,-0.424991520005223,Mar25-Jun25,Mar-Jun
2025-03-19,THB,0,2025-06-18,2025-09-17,-0.029676694716059028,-0.059353389432118056,29.292442039882335,-0.029676694716059028,91,91,-0.40120032191771365,Jun25-Sep25,Jun-Sep
2025-03-20,THB,0,2025-06-18,2025-09-17,-0.03334966686453434,-0.06706988558311906,29.472996047101006,-0.03372021871858472,91,90,-0.45312591644336736,Jun25-Sep25,Jun-Sep
2025-03-21,THB,0,2025-06-18,2025-09-17,-0.03533843826497768,-0.0714709987381571,29.487869081555054,-0.03613256047317942,91,89,-0.4853301035742267,Jun25-Sep25,Jun-Sep
2025-03-24,THB,0,2025-06-18,2025-09-17,-0.03658801805876207,-0.07530324646977775,29.519561096008292,-0.03871522841101568,91,86,-0.5194833809918803,Jun25-Sep25,Jun-Sep
2025-03-25,THB,0,2025-06-18,2025-09-17,-0.04109126376885519,-0.08508308733315897,29.26779219269295,-0.043991823564303784,91,85,-0.595460938783856,Jun25-Sep25,Jun-Sep
2025-03-26,THB,0,2025-06-18,2025-09-17,-0.047657739481179545,-0.09928695725245738,29.340350124718555,-0.05162921777127784,91,84,-0.6972641921514464,Jun25-Sep25,Jun-Sep
2025-03-27,THB,0,2025-06-18,2025-09-17,-0.04790375325947377,-0.10042473574877633,29.307309559782176,-0.052520982489302565,91,83,-0.7101146096958394,Jun25-Sep25,Jun-Sep
2025-03-28,THB,0,2025-06-18,2025-09-17,-0.04848937109222615,-0.102300746328721,29.278581979760048,-0.05381137523649486,91,82,-0.7282911095109229,Jun25-Sep25,Jun-Sep
2025-03-31,THB,0,2025-06-18,2025-09-17,-0.04667571548667344,-0.1004414130725884,29.377788031848777,-0.053765697585914964,91,79,-0.7251667126806556,Jun25-Sep25,Jun-Sep
2025-04-01,THB,0,2025-06-18,2025-09-17,-0.04411969016297554,-0.09559266201978034,29.263159548847764,-0.0514729718568048,91,78,-0.6969063329889236,Jun25-Sep25,Jun-Sep
2025-04-02,THB,0,2025-06-18,2025-09-17,-0.0500942901524699,-0.10929663305993433,29.246989704649852,-0.05920234290746443,91,77,-0.8021642969835356,Jun25-Sep25,Jun-Sep
2025-04-03,THB,0,2025-06-18,2025-09-17,-0.05075983678477673,-0.11153806240865413,29.246711621728135,-0.0607782256238774,91,76,-0.8235433936509486,Jun25-Sep25,Jun-Sep
2025-04-04,THB,0,2025-06-18,2025-09-17,-0.05079885760949693,-0.1124348048423532,29.28173345801712,-0.06163594723285627,91,75,-0.8341659952336553,Jun25-Sep25,Jun-Sep
2025-04-07,THB,0,2025-06-18,2025-09-17,-0.04895545035293886,-0.11082970010456993,29.21354876702083,-0.06187424975163106,91,72,-0.8392959541966416,Jun25-Sep25,Jun-Sep
2025-04-08,THB,0,2025-06-18,2025-09-17,-0.052708043948743295,-0.12026342422107626,29.270195955782572,-0.06755538027233296,91,71,-0.9146989454776768,Jun25-Sep25,Jun-Sep
2025-04-09,THB,0,2025-06-18,2025-09-17,-0.05014961773275899,-0.11534412078534567,29.410811298031103,-0.06519450305258667,91,70,-0.8784281586594087,Jun25-Sep25,Jun-Sep
2025-04-10,THB,0,2025-06-18,2025-09-17,-0.05721589109391735,-0.13267453007285182,29.39837155146814,-0.07545863897893447,91,69,-1.0174026412568016,Jun25-Sep25,Jun-Sep
2025-04-11,THB,0,2025-06-18,2025-09-17,-0.052830508997771766,-0.12353016074478988,29.239725166024588,-0.07069965174701812,91,68,-0.9582757373637328,Jun25-Sep25,Jun-Sep
2025-04-14,THB,0,2025-06-18,2025-09-17,-0.04982278523487782,-0.11957468456370678,29.30023507848312,-0.06975189932882896,91,65,-0.9433767189192576,Jun25-Sep25,Jun-Sep
2025-04-15,THB,0,2025-06-18,2025-09-17,-0.05156841070233074,-0.12489224466970726,29.1611002024076,-0.07332383396737652,91,64,-0.9964856606978011,Jun25-Sep25,Jun-Sep
2025-04-16,THB,0,2025-06-18,2025-09-17,-0.051798566943030304,-0.12661871919407408,29.077620518350095,-0.07482015225104377,91,63,-1.0197534167974902,Jun25-Sep25,Jun-Sep
2025-04-17,THB,0,2025-06-18,2025-09-17,-0.05510621289360195,-0.13598791246324352,29.07448583279554,-0.08088169956964156,91,62,-1.1026133670948632,Jun25-Sep25,Jun-Sep
2025-04-18,THB,0,2025-06-18,2025-09-17,-0.05701026671533494,-0.14205836952017886,29.095966808684445,-0.08504810280484393,91,61,-1.1586298997618591,Jun25-Sep25,Jun-Sep
2025-04-21,THB,0,2025-06-18,2025-09-17,-0.05644733164091775,-0.14501124852580596,29.158603947637516,-0.08856391688488821,91,58,-1.203906475863889,Jun25-Sep25,Jun-Sep
2025-04-22,THB,0,2025-06-18,2025-09-17,-0.052735785496239564,-0.1369280044463764,29.21362155589102,-0.08419221895013684,91,57,-1.1421742177041636,Jun25-Sep25,Jun-Sep
2025-04-23,THB,0,2025-06-18,2025-09-17,-0.05163193541416142,-0.1355338304621737,29.03931800993716,-0.08390189504801229,91,56,-1.145036495676164,Jun25-Sep25,Jun-Sep
2025-04-24,THB,0,2025-06-18,2025-09-17,-0.054141274814804685,-0.14372047496293608,29.111494663289886,-0.0895792001481314,91,55,-1.2195854474269825,Jun25-Sep25,Jun-Sep
2025-04-25,THB,0,2025-06-18,2025-09-17,-0.05821342401671743,-0.15631382374859312,29.230142220096,-0.09810039973187569,91,54,-1.3303525322499143,Jun25-Sep25,Jun-Sep
2025-04-28,THB,0,2025-06-18,2025-09-17,-0.05324160417174331,-0.148241329262501,29.266925517602974,-0.09499972509075769,91,51,-1.2864624995081428,Jun25-Sep25,Jun-Sep
2025-04-29,THB,0,2025-06-18,2025-09-17,-0.053981087157032544,-0.15222666578283178,29.165157048384668,-0.09824557862579925,91,50,-1.3351017768855402,Jun25-Sep25,Jun-Sep
2025-04-30,THB,0,2025-06-18,2025-09-17,-0.053209767229756295,-0.15202790637073227,29.286122342961058,-0.09881813914097598,91,49,-1.3372902925201902,Jun25-Sep25,Jun-Sep
2025-05-01,THB,0,2025-06-18,2025-09-17,-0.048901103999957764,-0.1416094469998777,29.258370505486372,-0.09270834299991995,91,48,-1.2556143179410748,Jun25-Sep25,Jun-Sep
2025-05-02,THB,0,2025-06-18,2025-09-17,-0.05277023718996291,-0.15494239855776346,29.381492164705342,-0.10217216136780055,91,47,-1.3781628891091522,Jun25-Sep25,Jun-Sep
2025-05-05,THB,0,2025-06-18,2025-09-17,-0.04499858948635194,-0.13806385410585256,29.30780722350552,-0.09306526461950063,91,44,-1.2581508570151103,Jun25-Sep25,Jun-Sep
2025-05-06,THB,0,2025-06-18,2025-09-17,-0.04627243543557305,-0.14419782205504159,29.329931704030983,-0.09792538661946854,91,43,-1.3229123120370188,Jun25-Sep25,Jun-Sep
2025-05-07,THB,0,2025-06-18,2025-09-17,-0.0456123353751836,-0.14443906202141474,29.308305565481678,-0.09882672664623113,91,42,-1.3360454267490647,Jun25-Sep25,Jun-Sep
2025-05-08,THB,0,2025-06-18,2025-09-17,-0.043607132687192095,-0.140393695480716,29.303646690899157,-0.0967865627935239,91,41,-1.308582977148169,Jun25-Sep25,Jun-Sep
2025-05-09,THB,0,2025-06-18,2025-09-17,-0.04350886381975109,-0.1424915290096848,29.309571556498295,-0.0989826651899337,91,40,-1.3379995064239265,Jun25-Sep25,Jun-Sep
2025-05-12,THB,0,2025-06-18,2025-09-17,-0.03821882455743798,-0.13221647414465032,29.45885885103745,-0.09399764958721234,91,37,-1.2639386267502797,Jun25-Sep25,Jun-Sep
2025-05-13,THB,0,2025-06-18,2025-09-17,-0.0374535075976403,-0.13212765180278663,29.673598944670225,-0.09467414420514633,91,36,-1.26377796590205,Jun25-Sep25,Jun-Sep
2025-05-14,THB,0,2025-06-18,2025-09-17,-0.037059953568643035,-0.13341583284711492,29.67439071806368,-0.09635587927847189,91,35,-1.2861755226133678,Jun25-Sep25,Jun-Sep
2025-05-15,THB,0,2025-06-18,2025-09-17,-0.03540372819532571,-0.13016076542399158,29.98020234680226,-0.09475703722866587,91,34,-1.2518468038324306,Jun25-Sep25,Jun-Sep
2025-05-16,THB,0,2025-06-18,2025-09-17,-0.032640261806054886,-0.12264825648335774,30.09984573821008,-0.09000799467730286,91,33,-1.184265639911975,Jun25-Sep25,Jun-Sep
2025-05-19,THB,0,2025-06-18,2025-09-17,-0.0293081180656137,-0.11820940953130858,30.26507288266427,-0.08890129146569488,91,30,-1.1631834667503884,Jun25-Sep25,Jun-Sep
2025-05-20,THB,0,2025-06-18,2025-09-17,-0.028315148627349525,-0.11716613225110147,30.312319343713327,-0.08885098362375193,91,29,-1.1606734515323436,Jun25-Sep25,Jun-Sep
2025-05-21,THB,0,2025-06-18,2025-09-17,-0.027988527283315974,-0.11895124095409289,30.344562206809076,-0.0909627136707769,91,28,-1.186982729138861,Jun25-Sep25,Jun-Sep
2025-05-22,THB,0,2025-06-18,2025-09-17,-0.025565454292173946,-0.11173050394357502,30.282456656090133,-0.08616504965140107,91,27,-1.1265953320260569,Jun25-Sep25,Jun-Sep
2025-05-23,THB,0,2025-06-18,2025-09-17,-0.02367832720857082,-0.10655247243856869,30.185017243669847,-0.08287414522999786,91,26,-1.0870000242943703,Jun25-Sep25,Jun-Sep
2025-05-26,THB,0,2025-06-18,2025-09-17,-0.021217601359033802,-0.1051655023882545,30.08527088137808,-0.0839479010292207,91,23,-1.1046467467177399,Jun25-Sep25,Jun-Sep
2025-05-27,THB,0,2025-06-18,2025-09-17,-0.019527530555606416,-0.10030049785379659,30.02368272776548,-0.08077296729819017,91,22,-1.0649905221176246,Jun25-Sep25,Jun-Sep
2025-05-28,THB,0,2025-06-18,2025-09-17,-0.01774381150300681,-0.09463366134936965,29.912851895399065,-0.07688984984636284,91,21,-1.0174896337962593,Jun25-Sep25,Jun-Sep
2025-05-29,THB,0,2025-06-18,2025-09-17,-0.016654382805314095,-0.09243182456949323,30.094833981875755,-0.07577744176417914,91,20,-0.9966656709002814,Jun25-Sep25,Jun-Sep
2025-05-30,THB,0,2025-06-18,2025-09-17,-0.015738160332225994,-0.09111566508130839,30.13338468566495,-0.07537750474908239,91,19,-0.9901063213337444,Jun25-Sep25,Jun-Sep
2025-06-02,THB,0,2025-06-18,2025-09-17,-0.014242037223683739,-0.09524362393338501,30.0394601365688,-0.08100158670970127,91,16,-1.0672556531400228,Jun25-Sep25,Jun-Sep
2025-06-03,THB,0,2025-06-18,2025-09-17,-0.01304501185466784,-0.09218475043965274,30.075255792178837,-0.0791397385849849,91,15,-1.0414413191359155,Jun25-Sep25,Jun-Sep
2025-06-04,THB,0,2025-06-18,2025-09-17,-0.011345289027422214,-0.08508966770566659,30.048882945788343,-0.07374437867824438,91,14,-0.9712380784868385,Jun25-Sep25,Jun-Sep
2025-06-05,THB,0,2025-06-18,2025-09-17,-0.010543618052965428,-0.08434894442372343,30.05376776415826,-0.073805326370758,91,13,-0.9718567950395993,Jun25-Sep25,Jun-Sep
2025-06-06,THB,0,2025-06-18,2025-09-17,-0.00867440794698272,-0.07445533487826833,29.871939590723983,-0.06578092693128561,91,12,-0.871412542522544,Jun25-Sep25,Jun-Sep
2025-06-09,THB,0,2025-06-18,2025-09-17,-0.006982843011063533,-0.07758714456737259,29.75789615734953,-0.07060430155630906,91,9,-0.9388408264694399,Jun25-Sep25,Jun-Sep
2025-06-10,THB,0,2025-06-18,2025-09-17,-0.005630249041512082,-0.06967433188871201,29.793014841689114,-0.06404408284719992,91,8,-0.850565467001697,Jun25-Sep25,Jun-Sep
2025-06-11,THB,0,2025-06-18,2025-09-17,-0.0052761193654471406,-0.07386567111625997,29.77940410233037,-0.06858955175081283,91,7,-0.9113391391573541,Jun25-Sep25,Jun-Sep
2025-06-12,THB,0,2025-06-18,2025-09-17,-0.005392230599106751,-0.07472090973047926,29.680718186393438,-0.06932867913137251,91,6,-0.9242267548020834,Jun25-Sep25,Jun-Sep
2025-06-13,THB,0,2025-06-18,2025-09-17,-0.005489970168466834,-0.07529101945325943,29.488733079944215,-0.0698010492847926,91,5,-0.9365863114871328,Jun25-Sep25,Jun-Sep
2025-06-16,THB,0,2025-06-18,2025-09-17,-0.005202815497905168,-0.06912312018645436,29.42769755906279,-0.0639203046885492,91,2,-0.8594496735764595,Jun25-Sep25,Jun-Sep
2025-06-17,THB,0,2025-06-18,2025-09-17,-0.00538345117138582,-0.07075392968107078,29.428780067517124,-0.06537047850968496,91,1,-0.8789212536674864,Jun25-Sep25,Jun-Sep
2025-06-18,THB,0,2025-09-17,2025-12-17,-0.06725034456798581,-0.13450068913597163,29.40690467269285,-0.06725034456798581,91,91,-0.906777278950537,Sep25-Dec25,Sep-Dec
2025-06-19,THB,0,2025-09-17,2025-12-17,-0.06769385098862699,-0.13613985587712762,29.41723758235504,-0.06844600488850064,91,90,-0.922588120731628,Sep25-Dec25,Sep-Dec
2025-06-20,THB,0,2025-09-17,2025-12-17,-0.06357574645420519,-0.12858016136805545,29.428689352931887,-0.06500441491385026,91,89,-0.8757341319442032,Sep25-Dec25,Sep-Dec
2025-06-23,THB,0,2025-09-17,2025-12-17,-0.056817317161974135,-0.11693796671708631,29.403779882311092,-0.06012064955511218,91,86,-0.8104413933058098,Sep25-Dec25,Sep-Dec
2025-06-24,THB,0,2025-09-17,2025-12-17,-0.053572308615764994,-0.1109261919573487,29.429994630967563,-0.0573538833415837,91,85,-0.772369354781729,Sep25-Dec25,Sep-Dec
2025-06-25,THB,0,2025-09-17,2025-12-17,-0.05115268769904834,-0.10656809937301738,29.367691244163733,-0.05541541167396904,91,84,-0.7477888428139414,Sep25-Dec25,Sep-Dec
2025-06-26,THB,0,2025-09-17,2025-12-17,-0.04901670029234032,-0.1027579018176773,29.42107537137553,-0.05374120152533698,91,83,-0.7238258573075927,Sep25-Dec25,Sep-Dec
2025-06-27,THB,0,2025-09-17,2025-12-17,-0.04748757003484938,-0.10018719043937735,29.616777019653643,-0.05269962040452797,91,82,-0.7050626466434621,Sep25-Dec25,Sep-Dec
2025-06-30,THB,0,2025-09-17,2025-12-17,-0.04879665521084655,-0.1050054605803027,29.428478737707433,-0.056208805369456154,91,79,-0.756864911382952,Sep25-Dec25,Sep-Dec
2025-07-01,THB,0,2025-09-17,2025-12-17,-0.05005922347187022,-0.10846165085571881,29.55200443662868,-0.058402427383848585,91,78,-0.7831435120662259,Sep25-Dec25,Sep-Dec
2025-07-02,THB,0,2025-09-17,2025-12-17,-0.04970584679209564,-0.10844912027366323,29.379864388163316,-0.05874327348156759,91,77,-0.7923277049020511,Sep25-Dec25,Sep-Dec
2025-07-03,THB,0,2025-09-17,2025-12-17,-0.05240628151070714,-0.11268994924429573,29.591505745518617,-0.06028366773358859,91,76,-0.8073531140521641,Sep25-Dec25,Sep-Dec
2025-07-04,THB,0,2025-09-17,2025-12-17,-0.05011294487936088,-0.10863264145102319,29.36584133951414,-0.05851969657166231,91,75,-0.7897006303763964,Sep25-Dec25,Sep-Dec
2025-07-07,THB,0,2025-09-17,2025-12-17,-0.04687154186647644,-0.10432047354872688,29.315279256210253,-0.05744893168225044,91,72,-0.7765044862736766,Sep25-Dec25,Sep-Dec
2025-07-08,THB,0,2025-09-17,2025-12-17,-0.04712177189382954,-0.1058872704966942,29.34021334692606,-0.05876549860286467,91,71,-0.793630453707103,Sep25-Dec25,Sep-Dec
2025-07-09,THB,0,2025-09-17,2025-12-17,-0.04791719624271043,-0.10875483726963028,29.094281772074268,-0.06083764102691985,91,70,-0.8285938209450361,Sep25-Dec25,Sep-Dec
2025-07-10,THB,0,2025-09-17,2025-12-17,-0.04528141951677219,-0.10370540966347684,29.13712692510281,-0.05842399014670465,91,69,-0.79447649020225,Sep25-Dec25,Sep-Dec
2025-07-11,THB,0,2025-09-17,2025-12-17,-0.03894832174651398,-0.08993417117130666,29.21578413537084,-0.05098584942479268,91,68,-0.6913095811662306,Sep25-Dec25,Sep-Dec
2025-07-14,THB,0,2025-09-17,2025-12-17,-0.038307060597200626,-0.09128708687613683,29.24363507150993,-0.05298002627893621,91,65,-0.7176475219641729,Sep25-Dec25,Sep-Dec
2025-07-15,THB,0,2025-09-17,2025-12-17,-0.0367040849001154,-0.08840672663238483,29.15873910492956,-0.05170264173226943,91,64,-0.7023476319418309,Sep25-Dec25,Sep-Dec
2025-07-16,THB,0,2025-09-17,2025-12-17,-0.03750540364739034,-0.09135500844894605,29.23804202073029,-0.053849604801555706,91,63,-0.7295461943186543,Sep25-Dec25,Sep-Dec
2025-07-17,THB,0,2025-09-17,2025-12-17,-0.038393768692765944,-0.09458445540554368,29.062378595272627,-0.056190686712777736,91,62,-0.7658935459215885,Sep25-Dec25,Sep-Dec
2025-07-18,THB,0,2025-09-17,2025-12-17,-0.03905682439087217,-0.0973219230723372,29.063014594810557,-0.058265098681465025,91,61,-0.7941690561651211,Sep25-Dec25,Sep-Dec
2025-07-21,THB,0,2025-09-17,2025-12-17,-0.039727973320815624,-0.1020597935310608,29.115931392678167,-0.06233182021024518,91,58,-0.8480729655640121,Sep25-Dec25,Sep-Dec
2025-07-22,THB,0,2025-09-17,2025-12-17,-0.04534342380642695,-0.11773380216405595,29.19206119861957,-0.072390378357629,91,57,-0.9825446590247332,Sep25-Dec25,Sep-Dec
2025-07-23,THB,0,2025-09-17,2025-12-17,-0.044330107203791144,-0.11636653140995176,28.99942319440157,-0.07203642420616062,91,56,-0.9842111705101143,Sep25-Dec25,Sep-Dec
2025-07-24,THB,0,2025-09-17,2025-12-17,-0.0401612924954597,-0.10660997644249302,29.00482711081319,-0.06644868394703332,91,55,-0.9075675727268036,Sep25-Dec25,Sep-Dec
2025-07-25,THB,0,2025-09-17,2025-12-17,-0.03982803838403505,-0.1069456586237978,29.060519224592884,-0.06711762023976275,91,54,-0.9149342935696365,Sep25-Dec25,Sep-Dec
2025-07-28,THB,0,2025-09-17,2025-12-17,-0.038018176812421464,-0.1058545315169382,28.961119752917714,-0.06783635470451674,91,51,-0.9278520850286966,Sep25-Dec25,Sep-Dec
2025-07-29,THB,0,2025-09-17,2025-12-17,-0.03693106966576762,-0.10414561645746469,28.882184833205486,-0.06721454679169707,91,50,-0.9218282625394364,Sep25-Dec25,Sep-Dec
2025-07-30,THB,0,2025-09-17,2025-12-17,-0.0398962020122296,-0.11398914860637027,28.819957593962187,-0.07409294659414067,91,49,-1.0184653519926958,Sep25-Dec25,Sep-Dec
2025-07-31,THB,0,2025-09-17,2025-12-17,-0.03586793293130732,-0.10386755578024412,28.66333425851606,-0.06799962284893679,91,48,-0.9396902049427536,Sep25-Dec25,Sep-Dec
2025-08-01,THB,0,2025-09-17,2025-12-17,-0.03223488902701355,-0.09464712097293339,28.51697335918833,-0.06241223194591984,91,47,-0.866799367779063,Sep25-Dec25,Sep-Dec
2025-08-04,THB,0,2025-09-17,2025-12-17,-0.03230551231124457,-0.09706947302922905,28.38063421634469,-0.06476396071798449,91,44,-0.9037889959678911,Sep25-Dec25,Sep-Dec
2025-08-05,THB,0,2025-09-17,2025-12-17,-0.03131629216435762,-0.09570151646189588,28.331840289208486,-0.06438522429753826,91,43,-0.9000214182161783,Sep25-Dec25,Sep-Dec
2025-08-06,THB,0,2025-09-17,2025-12-17,-0.03182151491207799,-0.09903876959155998,28.29863394578713,-0.06721725467948199,91,42,-0.9407301044887876,Sep25-Dec25,Sep-Dec
2025-08-07,THB,0,2025-09-17,2025-12-17,-0.03153219872250592,-0.09994303876946618,28.354672019707944,-0.06841084004696027,91,41,-0.9555306791768636,Sep25-Dec25,Sep-Dec
2025-08-08,THB,0,2025-09-17,2025-12-17,-0.03343059182566596,-0.1080725999127402,28.25176632631649,-0.07464200808707423,91,40,-1.046436854881334,Sep25-Dec25,Sep-Dec
2025-08-11,THB,0,2025-09-17,2025-12-17,-0.031993982529216355,-0.10973399481848352,28.436720639840228,-0.07774001228926716,91,37,-1.0827173571148876,Sep25-Dec25,Sep-Dec
2025-08-12,THB,0,2025-09-17,2025-12-17,-0.03164314431485902,-0.11083874779340203,28.484407424622624,-0.07919560347854301,91,36,-1.1011277688171055,Sep25-Dec25,Sep-Dec
2025-08-13,THB,0,2025-09-17,2025-12-17,-0.030276335612907174,-0.10836111879422688,28.516023550752625,-0.07808478318131971,91,35,-1.0844259489857744,Sep25-Dec25,Sep-Dec
2025-08-14,THB,0,2025-09-17,2025-12-17,-0.03067044150870467,-0.11228147187825276,28.65025540145269,-0.08161103036954809,91,34,-1.1280975034817655,Sep25-Dec25,Sep-Dec
2025-08-15,THB,0,2025-09-17,2025-12-17,-0.03008400479639892,-0.11272471881814658,28.63874660353535,-0.08264071402174766,91,33,-1.1427667969466744,Sep25-Dec25,Sep-Dec
2025-08-18,THB,0,2025-09-17,2025-12-17,-0.02853317458038506,-0.1150838041408864,28.62402618007892,-0.08655062956050133,91,30,-1.1973848287867905,Sep25-Dec25,Sep-Dec
2025-08-19,THB,0,2025-09-17,2025-12-17,-0.02926569235110385,-0.12109941662525733,28.539148770683383,-0.09183372427415348,91,29,-1.2742888102262324,Sep25-Dec25,Sep-Dec
2025-08-20,THB,0,2025-09-17,2025-12-17,-0.030829650247190442,-0.13102601355055937,28.275933373166463,-0.10019636330336892,91,28,-1.4033625840157071,Sep25-Dec25,Sep-Dec
2025-08-21,THB,0,2025-09-17,2025-12-17,-0.029253730490816227,-0.1278496369598635,28.32652973980483,-0.09859590646904728,91,27,-1.3784003087405357,Sep25-Dec25,Sep-Dec
2025-08-22,THB,0,2025-09-17,2025-12-17,-0.027726519307846836,-0.12476933688531076,28.292834480535344,-0.09704281757746393,91,26,-1.358231684384212,Sep25-Dec25,Sep-Dec
2025-08-25,THB,0,2025-09-17,2025-12-17,-0.023704556400634742,-0.11749214911618959,28.246048791020737,-0.09378759271555484,91,23,-1.3146598887385883,Sep25-Dec25,Sep-Dec
2025-08-26,THB,0,2025-09-17,2025-12-17,-0.020762994571661614,-0.1066462902998983,28.204955692146882,-0.08588329572823669,91,22,-1.2054916620693534,Sep25-Dec25,Sep-Dec
2025-08-27,THB,0,2025-09-17,2025-12-17,-0.01955838182755651,-0.10431136974696804,28.26616962024012,-0.08475298791941153,91,21,-1.1869974163813601,Sep25-Dec25,Sep-Dec
2025-08-28,THB,0,2025-09-17,2025-12-17,-0.018505320283575384,-0.10270452757384338,28.17029407207758,-0.084199207290268,91,20,-1.1832135003610194,Sep25-Dec25,Sep-Dec
2025-08-29,THB,0,2025-09-17,2025-12-17,-0.017198191020923546,-0.09956847433166263,28.1797480594598,-0.08237028331073909,91,19,-1.1570701622237003,Sep25-Dec25,Sep-Dec
2025-09-01,THB,0,2025-09-17,2025-12-17,-0.013496815277729425,-0.08784498599225436,28.073981814148496,-0.07434817071452493,91,16,-1.0481808543578597,Sep25-Dec25,Sep-Dec
2025-09-02,THB,0,2025-09-17,2025-12-17,-0.012633180438578749,-0.08700389287550399,28.155219574944265,-0.07437071243692524,91,15,-1.0454398302930379,Sep25-Dec25,Sep-Dec
2025-09-03,THB,0,2025-09-17,2025-12-17,-0.011835161378022124,-0.08665198586203343,28.055768000188916,-0.07481682448401131,91,14,-1.055410623080499,Sep25-Dec25,Sep-Dec
2025-09-04,THB,0,2025-09-17,2025-12-17,-0.01171696644066607,-0.09177766426431062,28.015423888410563,-0.08006069782364456,91,13,-1.1310061222409296,Sep25-Dec25,Sep-Dec
2025-09-05,THB,0,2025-09-17,2025-12-17,-0.009917781117855785,-0.08332587364521764,27.927088053856775,-0.07340809252736186,91,12,-1.0402402461655165,Sep25-Dec25,Sep-Dec
2025-09-08,THB,0,2025-09-17,2025-12-17,-0.007012750623339416,-0.07656938312450542,27.901410415938898,-0.069556632501166,91,9,-0.9864672430305201,Sep25-Dec25,Sep-Dec
2025-09-09,THB,0,2025-09-17,2025-12-17,-0.006427607339746207,-0.0783410790903623,27.913060431680773,-0.07191347175061609,91,8,-1.019445294844088,Sep25-Dec25,Sep-Dec
2025-09-10,THB,0,2025-09-17,2025-12-17,-0.005563384815671076,-0.07683683735672932,27.914615950833007,-0.07127345254105824,91,7,-1.010284782991064,Sep25-Dec25,Sep-Dec
2025-09-11,THB,0,2025-09-17,2025-12-17,-0.005689715896387983,-0.07794533168894456,27.834103419670324,-0.07225561579255657,91,6,-1.0271745820265974,Sep25-Dec25,Sep-Dec
2025-09-12,THB,0,2025-09-17,2025-12-17,-0.005690770114239966,-0.07729536561097343,27.880718125183726,-0.07160459549673347,91,5,-1.0162175757948202,Sep25-Dec25,Sep-Dec
2025-09-15,THB,0,2025-09-17,2025-12-17,-0.0053721574016335795,-0.07107246236648322,27.945195164036452,-0.06570030496484965,91,2,-0.9302610625153732,Sep25-Dec25,Sep-Dec
2025-09-16,THB,0,2025-09-17,2025-12-17,-0.005349274282275469,-0.07015501728253157,27.849859491674167,-0.0648057430002561,91,1,-0.9207357784766175,Sep25-Dec25,Sep-Dec
2025-09-17,THB,0,2025-12-17,2026-03-18,-0.07441757847513764,-0.14418603649838774,27.894722711325066,-0.0697684580232501,91,91,-0.9921066119417523,Dec25-Mar26,Dec-Mar
2025-09-18,THB,0,2025-12-17,2026-03-18,-0.07700278415902967,-0.15018895994428338,28.033169186590886,-0.07318617578525372,91,90,-1.0356488948214309,Dec25-Mar26,Dec-Mar
2025-09-19,THB,0,2025-12-17,2026-03-18,-0.07437560726423903,-0.14574361203413932,28.073786731997085,-0.0713680047699003,91,89,-1.0083603639630634,Dec25-Mar26,Dec-Mar
2025-09-22,THB,0,2025-12-17,2026-03-18,-0.06099427202882232,-0.12083416265266944,28.20336006781259,-0.05983989062384712,91,86,-0.841184566182695,Dec25-Mar26,Dec-Mar
2025-09-23,THB,0,2025-12-17,2026-03-18,-0.0600939550213469,-0.11973881495295018,28.146127959267506,-0.059644859931603275,91,85,-0.8401246242378874,Dec25-Mar26,Dec-Mar
2025-09-24,THB,0,2025-12-17,2026-03-18,-0.0505691666743688,-0.10064332136541455,28.25465523712266,-0.05007415469104575,91,84,-0.7023647443307435,Dec25-Mar26,Dec-Mar
2025-09-25,THB,0,2025-12-17,2026-03-18,-0.0533316581106265,-0.10708318483077545,28.323193033348065,-0.05375152672014895,91,83,-0.7521911748589134,Dec25-Mar26,Dec-Mar
2025-09-26,THB,0,2025-12-17,2026-03-18,-0.05223783569610466,-0.10548428532037839,28.34884237720091,-0.053246449624273724,91,82,-0.7444189811111143,Dec25-Mar26,Dec-Mar
2025-09-29,THB,0,2025-12-17,2026-03-18,-0.054324876555105754,-0.11218459605209845,28.30222224700252,-0.057859719496992694,91,79,-0.8103101997741671,Dec25-Mar26,Dec-Mar
2025-09-30,THB,0,2025-12-17,2026-03-18,-0.05568758416507878,-0.1159115481945003,28.469304979022294,-0.06022396402942151,91,78,-0.8385016437601837,Dec25-Mar26,Dec-Mar
2025-10-01,THB,0,2025-12-17,2026-03-18,-0.053695916971233416,-0.11242917682176982,28.353306692800217,-0.05873325985053641,91,77,-0.8210408245223191,Dec25-Mar26,Dec-Mar
2025-10-02,THB,0,2025-12-17,2026-03-18,-0.047200148055064506,-0.10418245082328231,28.35322989894696,-0.05698230276821781,91,76,-0.7963833022558222,Dec25-Mar26,Dec-Mar
2025-10-03,THB,0,2025-12-17,2026-03-18,-0.0453797388438951,-0.10059632723430671,28.430013615607574,-0.05521658839041161,91,75,-0.7695686748106263,Dec25-Mar26,Dec-Mar
2025-10-06,THB,0,2025-12-17,2026-03-18,-0.04181153345250509,-0.09384864382632843,28.533971409490487,-0.052037110373823345,91,72,-0.7225183941126074,Dec25-Mar26,Dec-Mar
2025-10-07,THB,0,2025-12-17,2026-03-18,-0.043916086457208424,-0.09906974609412542,28.39554119465682,-0.05515365963691699,91,71,-0.7695865793500158,Dec25-Mar26,Dec-Mar
2025-10-08,THB,0,2025-12-17,2026-03-18,-0.04268772291860045,-0.09671998222559294,28.292525558479365,-0.05403225930699249,91,70,-0.756655645625526,Dec25-Mar26,Dec-Mar
2025-10-09,THB,0,2025-12-17,2026-03-18,-0.042561288488742764,-0.09690333719846352,28.13374743148701,-0.05434204870972075,91,69,-0.7652917618458307,Dec25-Mar26,Dec-Mar
2025-10-10,THB,0,2025-12-17,2026-03-18,-0.045240236704875765,-0.10364905883079571,28.1673078798328,-0.05840882212591995,91,68,-0.821660308492199,Dec25-Mar26,Dec-Mar
2025-10-13,THB,0,2025-12-17,2026-03-18,-0.04453507491232689,-0.10367769527806983,28.292510395718004,-0.05914262036574294,91,65,-0.8282746044109071,Dec25-Mar26,Dec-Mar
2025-10-14,THB,0,2025-12-17,2026-03-18,-0.04555295349947692,-0.10675064570026054,28.28863516728826,-0.06119769220078362,91,64,-0.8572037517793927,Dec25-Mar26,Dec-Mar
2025-10-15,THB,0,2025-12-17,2026-03-18,-0.04485268048823874,-0.10572450355015368,28.06601319547073,-0.060871823061914944,91,63,-0.8593919855271769,Dec25-Mar26,Dec-Mar
2025-10-16,THB,0,2025-12-17,2026-03-18,-0.047858579649076,-0.11378251966496898,28.24391568511976,-0.06592394001589298,91,62,-0.924944943482434,Dec25-Mar26,Dec-Mar
2025-10-17,THB,0,2025-12-17,2026-03-18,-0.050174965692429865,-0.12032409845760052,28.212273377283026,-0.07014913276517065,91,61,-0.9854132623269273,Dec25-Mar26,Dec-Mar
2025-10-20,THB,0,2025-12-17,2026-03-18,-0.04841028125796193,-0.11966376253563772,28.203484176138655,-0.07125348127767579,91,58,-1.001176217857098,Dec25-Mar26,Dec-Mar
2025-10-21,THB,0,2025-12-17,2026-03-18,-0.04716751615482557,-0.11776596127926313,28.224483999598498,-0.07059844512443755,91,57,-0.9911893217536815,Dec25-Mar26,Dec-Mar
2025-10-22,THB,0,2025-12-17,2026-03-18,-0.041549793035366614,-0.10436743671564641,28.204620013145714,-0.0628176436802798,91,56,-0.8823944181939276,Dec25-Mar26,Dec-Mar
2025-10-23,THB,0,2025-12-17,2026-03-18,-0.04094306323702039,-0.10399736061491636,28.127170776499245,-0.06305429737789597,91,55,-0.8881419555202201,Dec25-Mar26,Dec-Mar
2025-10-24,THB,0,2025-12-17,2026-03-18,-0.042868647831074205,-0.11040846327838683,28.210768719207756,-0.06753981544731262,91,54,-0.9485637126502293,Dec25-Mar26,Dec-Mar
2025-10-27,THB,0,2025-12-17,2026-03-18,-0.04134284012150011,-0.11041940879579787,28.152170431449928,-0.06907656867429776,91,51,-0.9721163175306571,Dec25-Mar26,Dec-Mar
2025-10-28,THB,0,2025-12-17,2026-03-18,-0.03973724349517356,-0.10739917487529849,27.959110686545667,-0.06766193138012493,91,50,-0.9587377569077186,Dec25-Mar26,Dec-Mar
2025-10-29,THB,0,2025-12-17,2026-03-18,-0.039180957598360676,-0.10727577020274359,28.018937612578707,-0.06809481260438291,91,49,-0.9627891877807468,Dec25-Mar26,Dec-Mar
2025-10-30,THB,0,2025-12-17,2026-03-18,-0.03590567086250057,-0.09931642827165017,27.962461606046496,-0.0634107574091496,91,48,-0.8982695330525163,Dec25-Mar26,Dec-Mar
2025-10-31,THB,0,2025-12-17,2026-03-18,-0.03605048319624928,-0.10116000769566799,28.14208332587308,-0.0651095244994187,91,47,-0.9164443175549168,Dec25-Mar26,Dec-Mar
2025-11-03,THB,0,2025-12-17,2026-03-18,-0.02959519676391993,-0.09261221330103991,28.14251504502096,-0.06301701653711998,91,44,-0.8867740837494668,Dec25-Mar26,Dec-Mar
2025-11-04,THB,0,2025-12-17,2026-03-18,-0.030485222299635024,-0.09644187768059197,28.186936658364655,-0.06595665538095694,91,43,-0.9267056556228279,Dec25-Mar26,Dec-Mar
2025-11-05,THB,0,2025-12-17,2026-03-18,-0.02759152091979379,-0.0884308072020182,28.10347397383464,-0.0608392862822244,91,42,-0.8572585071563286,Dec25-Mar26,Dec-Mar
2025-11-06,THB,0,2025-12-17,2026-03-18,-0.023795804176777745,-0.07728165653070972,28.261483728977662,-0.05348585235393197,91,41,-0.7493261612002907,Dec25-Mar26,Dec-Mar
2025-11-07,THB,0,2025-12-17,2026-03-18,-0.022047162791876705,-0.07246943013737214,28.16273764544268,-0.05042226734549544,91,40,-0.7088408370972328,Dec25-Mar26,Dec-Mar
2025-11-10,THB,0,2025-12-17,2026-03-18,-0.017815284687638926,-0.06060299210036964,28.193251826947137,-0.04278770741273071,91,37,-0.6007717078286503,Dec25-Mar26,Dec-Mar
2025-11-11,THB,0,2025-12-17,2026-03-18,-0.017692048767773312,-0.06091935589778699,28.26431892869895,-0.04322730713001368,91,36,-0.6054143308320059,Dec25-Mar26,Dec-Mar
2025-11-12,THB,0,2025-12-17,2026-03-18,-0.016275767242627866,-0.05662220574842002,28.194113573653503,-0.040346438505792157,91,35,-0.566446174100726,Dec25-Mar26,Dec-Mar
2025-11-13,THB,0,2025-12-17,2026-03-18,-0.015091052759225069,-0.05301539570391432,28.15453830402298,-0.03792434294468926,91,34,-0.5331674298845326,Dec25-Mar26,Dec-Mar
2025-11-14,THB,0,2025-12-17,2026-03-18,-0.013486025005489108,-0.04770459617857829,28.004407653590196,-0.034218571173089185,91,33,-0.4836217023148223,Dec25-Mar26,Dec-Mar
2025-11-17,THB,0,2025-12-17,2026-03-18,-0.010883950631939837,-0.03923774644493304,27.96512662334579,-0.0283537958129932,91,30,-0.40125881380570616,Dec25-Mar26,Dec-Mar
2025-11-18,THB,0,2025-12-17,2026-03-18,-0.013037125067579742,-0.049251926039480406,28.168790268545717,-0.03621480097190066,91,29,-0.5088386155900422,Dec25-Mar26,Dec-Mar
2025-11-19,THB,0,2025-12-17,2026-03-18,-0.013141703553684674,-0.05114974287017577,28.21498339790455,-0.0380080393164911,91,28,-0.5331618971863209,Dec25-Mar26,Dec-Mar
2025-11-20,THB,0,2025-12-17,2026-03-18,-0.011455145733530115,-0.04537425332922086,28.133857037242223,-0.03391910759569075,91,27,-0.47714800860893153,Dec25-Mar26,Dec-Mar
2025-11-21,THB,0,2025-12-17,2026-03-18,-0.012218698163360173,-0.0503185640614116,27.99346604225514,-0.03809986589805143,91,26,-0.5386634211069224,Dec25-Mar26,Dec-Mar
2025-11-24,THB,0,2025-12-17,2026-03-18,-0.012000777490378218,-0.05478945366171229,28.155965134887122,-0.04278867617133407,91,23,-0.6014571423028404,Dec25-Mar26,Dec-Mar
2025-11-25,THB,0,2025-12-17,2026-03-18,-0.010835257360868926,-0.05093443092579415,28.316345839286477,-0.040099173564925226,91,22,-0.5604353709315054,Dec25-Mar26,Dec-Mar
2025-11-26,THB,0,2025-12-17,2026-03-18,-0.010463267531196967,-0.05112910359093021,28.049939452721635,-0.04066583605973324,91,21,-0.57374764742057,Dec25-Mar26,Dec-Mar
2025-11-27,THB,0,2025-12-17,2026-03-18,-0.008785404891469194,-0.04407947423865048,28.077137454021315,-0.03529406934718129,91,20,-0.49744598286611136,Dec25-Mar26,Dec-Mar
2025-11-28,THB,0,2025-12-17,2026-03-18,-0.00931953050480205,-0.049272864903291816,28.09387022074143,-0.03995333439848976,91,19,-0.5627903711697968,Dec25-Mar26,Dec-Mar
2025-12-01,THB,0,2025-12-17,2026-03-18,-0.008469673860359942,-0.051958043998065875,28.097399658547435,-0.043488370137705935,91,16,-0.6124900590206026,Dec25-Mar26,Dec-Mar
2025-12-02,THB,0,2025-12-17,2026-03-18,-0.008203950378873935,-0.05535306436239436,28.171540101293136,-0.047149113983520424,91,15,-0.6622935805894276,Dec25-Mar26,Dec-Mar
2025-12-03,THB,0,2025-12-17,2026-03-18,-0.008116022358820451,-0.05618807581633358,28.092551248918873,-0.04807205345751313,91,14,-0.6771549970688449,Dec25-Mar26,Dec-Mar
2025-12-04,THB,0,2025-12-17,2026-03-18,-0.007665900643814115,-0.05664886356786948,28.070049495860516,-0.048982962924055365,91,13,-0.6905284925898192,Dec25-Mar26,Dec-Mar
2025-12-05,THB,0,2025-12-17,2026-03-18,-0.006461875499081073,-0.05077597826175969,28.130718632117258,-0.044314102762678616,91,12,-0.6233357201894956,Dec25-Mar26,Dec-Mar
2025-12-08,THB,0,2025-12-17,2026-03-18,-0.004405374903607354,-0.044273328092009664,28.051691688432378,-0.03986795318840231,91,9,-0.5623338154277934,Dec25-Mar26,Dec-Mar
2025-12-09,THB,0,2025-12-17,2026-03-18,-0.0039923940990267345,-0.044736855303125406,28.01413003398267,-0.04074446120409867,91,8,-0.5754590768566289,Dec25-Mar26,Dec-Mar
2025-12-10,THB,0,2025-12-17,2026-03-18,-0.0031743621347196365,-0.03978884434665261,27.91335323653375,-0.036614482211932975,91,7,-0.5189809126987095,Dec25-Mar26,Dec-Mar
2025-12-11,THB,0,2025-12-17,2026-03-18,-0.0034177260647320074,-0.04271534721914072,27.867426638588302,-0.03929762115440871,91,6,-0.5579352100512898,Dec25-Mar26,Dec-Mar
2025-12-12,THB,0,2025-12-17,2026-03-18,-0.0035553897189464817,-0.04412913754786914,27.78295730038143,-0.04057374782892265,91,5,-0.5778077238266791,Dec25-Mar26,Dec-Mar
2025-12-15,THB,0,2025-12-17,2026-03-18,-0.0036103899594230665,-0.04331609400701171,27.90309272336848,-0.03970570404758864,91,2,-0.5630122761447635,Dec25-Mar26,Dec-Mar
2025-12-16,THB,0,2025-12-17,2026-03-18,-0.003780467175836015,-0.045025745612170306,27.96236647861829,-0.04124527843633429,91,1,-0.5836065329149286,Dec25-Mar26,Dec-Mar
2025-12-17,THB,0,2026-03-18,2026-06-17,-0.03926238363458413,-0.08316832460544177,27.861344017640896,-0.043905940970857635,91,91,-0.6243020730694976,Mar26-Jun26,Mar-Jun
2025-12-18,THB,0,2026-03-18,2026-06-17,-0.034297400949830435,-0.07368283287837096,27.931344206642503,-0.03938543192854053,91,90,-0.5585196921463643,Mar26-Jun26,Mar-Jun
2025-12-19,THB,0,2026-03-18,2026-06-17,-0.03237978095537443,-0.0702282960482358,27.821391845643156,-0.03784851509286137,91,89,-0.5388114878996393,Mar26-Jun26,Mar-Jun
2025-12-22,THB,0,2026-03-18,2026-06-17,-0.036983652413909676,-0.08101355409535668,27.76214340254915,-0.044029901681447006,91,86,-0.6282532833061647,Mar26-Jun26,Mar-Jun
2025-12-23,THB,0,2026-03-18,2026-06-17,-0.03242243806074011,-0.07207820467309684,27.71197572678929,-0.03965576661235672,91,85,-0.5667719930038801,Mar26-Jun26,Mar-Jun
2025-12-24,THB,0,2026-03-18,2026-06-17,-0.03263951222503502,-0.07299819921778301,27.687962301932586,-0.04035868699274799,91,84,-0.5773237252213532,Mar26-Jun26,Mar-Jun
2025-12-25,THB,0,2026-03-18,2026-06-17,-0.03064677089906992,-0.06930442399996445,27.674443223662763,-0.03865765310089453,91,83,-0.5532213173612105,Mar26-Jun26,Mar-Jun
2025-12-26,THB,0,2026-03-18,2026-06-17,-0.030119898362623305,-0.06867176633418673,27.714885011174477,-0.038551867971563424,91,82,-0.550891017719081,Mar26-Jun26,Mar-Jun
2025-12-29,THB,0,2026-03-18,2026-06-17,-0.02686623326367004,-0.06308922326096035,27.480592271997452,-0.03622298999729031,91,79,-0.5219682765335204,Mar26-Jun26,Mar-Jun
2025-12-30,THB,0,2026-03-18,2026-06-17,-0.022617665101831524,-0.05435652721308051,27.52244310400568,-0.03173886211124899,91,78,-0.45658592963027467,Mar26-Jun26,Mar-Jun
2025-12-31,THB,0,2026-03-18,2026-06-17,-0.023181410594386918,-0.05599326315115573,27.494787875735497,-0.032811852556768814,91,77,-0.47250651744200267,Mar26-Jun26,Mar-Jun
2026-01-01,THB,0,2026-03-18,2026-06-17,-0.02800850897711335,-0.06154501314707801,27.520662432954445,-0.03353650416996466,91,76,-0.48257212634073376,Mar26-Jun26,Mar-Jun
2026-01-02,THB,0,2026-03-18,2026-06-17,-0.03230611123305378,-0.07150419286249236,27.30403850603435,-0.03919808162943858,91,75,-0.5686082998827429,Mar26-Jun26,Mar-Jun
2026-01-05,THB,0,2026-03-18,2026-06-17,-0.030815243655284093,-0.06976228771960148,27.553068232482673,-0.038947044064317385,91,72,-0.5598241478958043,Mar26-Jun26,Mar-Jun
2026-01-06,THB,0,2026-03-18,2026-06-17,-0.029249303295271055,-0.06673784695540722,27.38605752968259,-0.03748854366013616,91,71,-0.5421185298383507,Mar26-Jun26,Mar-Jun
2026-01-07,THB,0,2026-03-18,2026-06-17,-0.02872103588740521,-0.06605838254103198,27.420512755482044,-0.03733734665362677,91,70,-0.5392425076675162,Mar26-Jun26,Mar-Jun
2026-01-08,THB,0,2026-03-18,2026-06-17,-0.028469963954160127,-0.0660173077197916,27.48980390510186,-0.03754734376563147,91,69,-0.540902137849063,Mar26-Jun26,Mar-Jun
2026-01-09,THB,0,2026-03-18,2026-06-17,-0.027085109728116577,-0.06333135951133141,27.610368856822816,-0.036246249783214834,91,68,-0.519850206011998,Mar26-Jun26,Mar-Jun
2026-01-12,THB,0,2026-03-18,2026-06-17,-0.026396231692436278,-0.06335095606184707,27.786681995247893,-0.03695472436941079,91,65,-0.5266318770421035,Mar26-Jun26,Mar-Jun
2026-01-13,THB,0,2026-03-18,2026-06-17,-0.02427583021574862,-0.05879302630376619,27.790341943822554,-0.03451719608801757,91,64,-0.49179291155210614,Mar26-Jun26,Mar-Jun
2026-01-14,THB,0,2026-03-18,2026-06-17,-0.027586189630880994,-0.06743290798659798,27.984153192057917,-0.03984671835571699,91,63,-0.5638581064177941,Mar26-Jun26,Mar-Jun
2026-01-15,THB,0,2026-03-18,2026-06-17,-0.031027746914572128,-0.07656847222466993,28.065542615928234,-0.045540725310097806,91,62,-0.6426403736916633,Mar26-Jun26,Mar-Jun
2026-01-16,THB,0,2026-03-18,2026-06-17,-0.03099635687706577,-0.07723682369367209,27.98937174294223,-0.04624046681660632,91,61,-0.6542916630472677,Mar26-Jun26,Mar-Jun
2026-01-19,THB,0,2026-03-18,2026-06-17,-0.02787039025116627,-0.07159807150730646,28.011284008182333,-0.04372768125614019,91,58,-0.6181827260499736,Mar26-Jun26,Mar-Jun
2026-01-20,THB,0,2026-03-18,2026-06-17,-0.02537165119441965,-0.06587726976796682,27.94571954454393,-0.04050561857354717,91,57,-0.5739255404545878,Mar26-Jun26,Mar-Jun
2026-01-21,THB,0,2026-03-18,2026-06-17,-0.029560662516159533,-0.07759673910491877,27.93378415952476,-0.04803607658875923,91,56,-0.68101816372491,Mar26-Jun26,Mar-Jun
2026-01-22,THB,0,2026-03-18,2026-06-17,-0.02815317872205027,-0.07473389260762435,27.768433415246527,-0.04658071388557408,91,55,-0.6642879958819486,Mar26-Jun26,Mar-Jun
2026-01-23,THB,0,2026-03-18,2026-06-17,-0.026504546984209204,-0.07116961690204324,27.726837810472247,-0.04466506991783403,91,54,-0.637887559741479,Mar26-Jun26,Mar-Jun
2026-01-26,THB,0,2026-03-18,2026-06-17,-0.026538190565515138,-0.07389064824123823,27.61046478948296,-0.04735245767572309,91,51,-0.6791216011981034,Mar26-Jun26,Mar-Jun
2026-01-27,THB,0,2026-03-18,2026-06-17,-0.027633757519646966,-0.07792719620540445,27.61693513265282,-0.05029343868575748,91,50,-0.7211601752293106,Mar26-Jun26,Mar-Jun
2026-01-28,THB,0,2026-03-18,2026-06-17,-0.02329557194748831,-0.06655877699282374,27.857728691819812,-0.04326320504533543,91,49,-0.6148899821368828,Mar26-Jun26,Mar-Jun
2026-01-29,THB,0,2026-03-18,2026-06-17,-0.02598555587096566,-0.07524983887633807,27.996210002610614,-0.04926428300537241,91,48,-0.6967826425681606,Mar26-Jun26,Mar-Jun
2026-01-30,THB,0,2026-03-18,2026-06-17,-0.027887783622979286,-0.08188327957385406,28.117360990217026,-0.05399549595087478,91,47,-0.7604576769346965,Mar26-Jun26,Mar-Jun
2026-02-02,THB,0,2026-03-18,2026-06-17,-0.028508276463306073,-0.08746857551241637,28.25553091741271,-0.05896029904911029,91,44,-0.8263341751155973,Mar26-Jun26,Mar-Jun
2026-02-03,THB,0,2026-03-18,2026-06-17,-0.02791768961594945,-0.08699931182644711,28.172820476200254,-0.05908162221049766,91,43,-0.830450530355036,Mar26-Jun26,Mar-Jun
2026-02-04,THB,0,2026-03-18,2026-06-17,-0.028099377046293512,-0.08898136064659612,28.253884030324116,-0.06088198360030261,91,42,-0.853304190521358,Mar26-Jun26,Mar-Jun
2026-02-05,THB,0,2026-03-18,2026-06-17,-0.028553732780901966,-0.09192909090436731,28.33686512737409,-0.06337535812346534,91,41,-0.885661101334182,Mar26-Jun26,Mar-Jun
2026-02-06,THB,0,2026-03-18,2026-06-17,-0.029679013224858053,-0.09719876831141011,28.36110488455407,-0.06751975508655206,91,40,-0.9428085979041464,Mar26-Jun26,Mar-Jun
2026-02-09,THB,0,2026-03-18,2026-06-17,-0.02570178435753742,-0.08891428102067,28.38926722683901,-0.06321249666313258,91,37,-0.8816642459064593,Mar26-Jun26,Mar-Jun
2026-02-10,THB,0,2026-03-18,2026-06-17,-0.02396392861028015,-0.08453941481959942,28.53113471872823,-0.06057548620931927,91,36,-0.8406280927249201,Mar26-Jun26,Mar-Jun
2026-02-11,THB,0,2026-03-18,2026-06-17,-0.021947948990249207,-0.07901261636489715,28.557285089010534,-0.05706466737464794,91,35,-0.791125513476126,Mar26-Jun26,Mar-Jun
2026-02-12,THB,0,2026-03-18,2026-06-17,-0.021027581477230443,-0.07730728484275899,28.450773361254125,-0.05627970336552855,91,34,-0.7831409470622805,Mar26-Jun26,Mar-Jun
2026-02-13,THB,0,2026-03-18,2026-06-17,-0.01891805290978106,-0.07108601699432884,28.56510692889011,-0.05216796408454778,91,33,-0.7229643155252816,Mar26-Jun26,Mar-Jun
2026-02-16,THB,0,2026-03-18,2026-06-17,-0.01797742576797581,-0.07250895059750243,28.473756043988033,-0.05453152482952661,91,30,-0.75812056352438,Mar26-Jun26,Mar-Jun
2026-02-17,THB,0,2026-03-18,2026-06-17,-0.017158838127609988,-0.0710020888039034,28.33224543159789,-0.053843250676293405,91,29,-0.7522712872820263,Mar26-Jun26,Mar-Jun
2026-02-18,THB,0,2026-03-18,2026-06-17,-0.016824791729916945,-0.07150536485214704,28.29210767014666,-0.05468057312223009,91,28,-0.7650453993453648,Mar26-Jun26,Mar-Jun
2026-02-19,THB,0,2026-03-18,2026-06-17,-0.015892896503101685,-0.06945784397651847,28.064475685896006,-0.05356494747341678,91,27,-0.7554937384863645,Mar26-Jun26,Mar-Jun
2026-02-20,THB,0,2026-03-18,2026-06-17,-0.014991469783596726,-0.06746161402618525,28.214179626296744,-0.05247014424258853,91,26,-0.7360999041942792,Mar26-Jun26,Mar-Jun
2026-02-23,THB,0,2026-03-18,2026-06-17,-0.014009579298493377,-0.06943878434905412,28.146865261378654,-0.055429205050560745,91,23,-0.7794458341044255,Mar26-Jun26,Mar-Jun
2026-02-24,THB,0,2026-03-18,2026-06-17,-0.013464718063023465,-0.06915968823280233,27.854784512675987,-0.05569497016977887,91,22,-0.7913839995646595,Mar26-Jun26,Mar-Jun
2026-02-25,THB,0,2026-03-18,2026-06-17,-0.013344343382710504,-0.07116983137445602,27.769790945851113,-0.05782548799174552,91,21,-0.8241695183514312,Mar26-Jun26,Mar-Jun
2026-02-26,THB,0,2026-03-18,2026-06-17,-0.013283426605461343,-0.07372301766031046,27.961369850900166,-0.06043959105484912,91,20,-0.8555207511110693,Mar26-Jun26,Mar-Jun
2026-02-27,THB,0,2026-03-18,2026-06-17,-0.012307224873247848,-0.07125235452932965,28.029190319519206,-0.058945129656081806,91,19,-0.8323178675030225,Mar26-Jun26,Mar-Jun
2026-03-02,THB,0,2026-03-18,2026-06-17,-0.009818759741119896,-0.06566295576873929,28.20259225121129,-0.05584419602761939,91,16,-0.7836124893566786,Mar26-Jun26,Mar-Jun
2026-03-03,THB,0,2026-03-18,2026-06-17,-0.008958449869697967,-0.06330637907919896,28.108386730914912,-0.054347929209500996,91,15,-0.7651500760881109,Mar26-Jun26,Mar-Jun
2026-03-04,THB,0,2026-03-18,2026-06-17,-0.009073161069733961,-0.06804870802300472,28.053963179072465,-0.05897554695327076,91,14,-0.8319157462521755,Mar26-Jun26,Mar-Jun
2026-03-05,THB,0,2026-03-18,2026-06-17,-0.00861616725436571,-0.06892933803492568,27.989878474951816,-0.06031317078055997,91,13,-0.8527190521731657,Mar26-Jun26,Mar-Jun
2026-03-06,THB,0,2026-03-18,2026-06-17,-0.007791989877960552,-0.06688124645249474,28.080468035634386,-0.05908925657453419,91,12,-0.8326947383206527,Mar26-Jun26,Mar-Jun
2026-03-09,THB,0,2026-03-18,2026-06-17,-0.005984651301847252,-0.06649612557608058,28.112886264281254,-0.060511474274233326,91,9,-0.8516984738130574,Mar26-Jun26,Mar-Jun
2026-03-10,THB,0,2026-03-18,2026-06-17,-0.005511502991174778,-0.0682048495157879,28.180408641642906,-0.06269334652461311,91,8,-0.8802787580104882,Mar26-Jun26,Mar-Jun
2026-03-11,THB,0,2026-03-18,2026-06-17,-0.005116288864124209,-0.07162804409773893,28.109492093584176,-0.06651175523361472,91,7,-0.936236510378702,Mar26-Jun26,Mar-Jun
2026-03-12,THB,0,2026-03-18,2026-06-17,-0.004985213506246718,-0.0690808157294188,28.25732357703602,-0.0640956022231721,91,6,-0.8975010015854353,Mar26-Jun26,Mar-Jun
2026-03-13,THB,0,2026-03-18,2026-06-17,-0.004413508333795177,-0.06052811429204814,28.17834424950482,-0.05611460595825296,91,5,-0.7879335325494295,Mar26-Jun26,Mar-Jun
2026-03-16,THB,0,2026-03-18,2026-06-17,-0.004665174219316071,-0.06198017177091351,28.254217713115658,-0.057314997551597434,91,2,-0.802634481882419,Mar26-Jun26,Mar-Jun
2026-03-17,THB,0,2026-03-18,2026-06-17,-0.004636845140654614,-0.06094139327717493,28.16424676176588,-0.05630454813652032,91,1,-0.7910026737329136,Mar26-Jun26,Mar-Jun
2026-03-18,THB,0,2026-06-17,2026-09-16,-0.06506443104798873,-0.13012886209597746,28.212316037636867,-0.06506443104798873,91,91,-0.9144684987310685,Jun26-Sep26,Jun-Sep
2026-03-19,THB,0,2026-06-17,2026-09-16,-0.06434204049617612,-0.12939899255342086,28.195098630085116,-0.06505695205724474,91,90,-0.9148995376823695,Jun26-Sep26,Jun-Sep
2026-03-20,THB,0,2026-06-17,2026-09-16,-0.06382638037542465,-0.12908706143344312,28.30076635717277,-0.06526068105801847,91,89,-0.9143133890535707,Jun26-Sep26,Jun-Sep
2026-03-23,THB,0,2026-06-17,2026-09-16,-0.06367617545971166,-0.13105445414382516,28.389797446444113,-0.0673782786841135,91,86,-0.9410092882358972,Jun26-Sep26,Jun-Sep
2026-03-24,THB,0,2026-06-17,2026-09-16,-0.06288402207714286,-0.13020691630090758,28.314929205569385,-0.06732289422376472,91,85,-0.9427010578084607,Jun26-Sep26,Jun-Sep
2026-03-25,THB,0,2026-06-17,2026-09-16,-0.06445829960241972,-0.13428812417170777,28.2603468116756,-0.06982982456928805,91,84,-0.9797522618258568,Jun26-Sep26,Jun-Sep
2026-03-26,THB,0,2026-06-17,2026-09-16,-0.06141399923183487,-0.1287474200763767,28.309813337667023,-0.06733342084454184,91,83,-0.9429701463097881,Jun26-Sep26,Jun-Sep
2026-03-27,THB,0,2026-06-17,2026-09-16,-0.05996628273905605,-0.12651423065678896,28.163327641282947,-0.06654794791773291,91,82,-0.9367797815653325,Jun26-Sep26,Jun-Sep
2026-03-30,THB,0,2026-06-17,2026-09-16,-0.060092510325294377,-0.1293129969025322,28.439709632910944,-0.06922048657723782,91,79,-0.964915369983486,Jun26-Sep26,Jun-Sep
2026-03-31,THB,0,2026-06-17,2026-09-16,-0.05656639590127313,-0.12256052445275846,28.372847585313256,-0.06599412855148533,91,78,-0.9219984490340036,Jun26-Sep26,Jun-Sep
2026-04-01,THB,0,2026-06-17,2026-09-16,-0.05413778208415391,-0.11811879727451761,28.188225617145456,-0.0639810151903637,91,77,-0.8996620396200217,Jun26-Sep26,Jun-Sep
2026-04-02,THB,0,2026-06-17,2026-09-16,-0.05289485082588,-0.11622947484107841,28.146145198640127,-0.06333462401519842,91,76,-0.891867453717894,Jun26-Sep26,Jun-Sep
2026-04-03,THB,0,2026-06-17,2026-09-16,-0.048238285354157334,-0.10676740491720156,28.21224044503956,-0.05852911956304423,91,75,-0.8221266579484814,Jun26-Sep26,Jun-Sep
2026-04-06,THB,0,2026-06-17,2026-09-16,-0.04929204097214156,-0.11159170386748712,28.138227133511577,-0.06229966289534557,91,72,-0.8774280835095509,Jun26-Sep26,Jun-Sep
2026-04-07,THB,0,2026-06-17,2026-09-16,-0.045868811585594194,-0.10465841516713041,28.224404910588706,-0.05878960358153622,91,71,-0.8253596109812813,Jun26-Sep26,Jun-Sep
2026-04-08,THB,0,2026-06-17,2026-09-16,-0.04745161564274217,-0.10913871597830696,28.11867856392387,-0.06168710033556479,91,70,-0.8693488207622933,Jun26-Sep26,Jun-Sep
2026-04-09,THB,0,2026-06-17,2026-09-16,-0.049566695165659765,-0.11493726415225454,27.98333836552534,-0.06537056898659477,91,69,-0.9257927908710382,Jun26-Sep26,Jun-Sep
2026-04-10,THB,0,2026-06-17,2026-09-16,-0.04976931131072909,-0.11637236027067538,27.95230201011258,-0.06660304895994629,91,68,-0.9443034872006275,Jun26-Sep26,Jun-Sep
2026-04-13,THB,0,2026-06-17,2026-09-16,-0.0490289142520037,-0.1176693942048089,28.050555574176187,-0.0686404799528052,91,65,-0.9697498252689889,Jun26-Sep26,Jun-Sep
2026-04-14,THB,0,2026-06-17,2026-09-16,-0.04956739928273776,-0.12004604513788052,28.21795584592834,-0.07047864585514275,91,64,-0.9898209884939273,Jun26-Sep26,Jun-Sep
2026-04-15,THB,0,2026-06-17,2026-09-16,-0.050469571063315795,-0.12337006259921639,28.278420136224845,-0.07290049153590059,91,63,-1.0216737069433752,Jun26-Sep26,Jun-Sep
2026-04-16,THB,0,2026-06-17,2026-09-16,-0.046731558770284023,-0.11532142728795895,28.32941290517629,-0.06858986851767493,91,62,-0.959401732359745,Jun26-Sep26,Jun-Sep
2026-04-17,THB,0,2026-06-17,2026-09-16,-0.046295427189612624,-0.11535909725936261,28.52828407547137,-0.06906367006974998,91,61,-0.9592690943584157,Jun26-Sep26,Jun-Sep
2026-04-20,THB,0,2026-06-17,2026-09-16,-0.04050425228979511,-0.10405402743412882,28.675399619941683,-0.06354977514433371,91,58,-0.8779696962039368,Jun26-Sep26,Jun-Sep
2026-04-21,THB,0,2026-06-17,2026-09-16,-0.038957935816530176,-0.10115393861134152,28.756989899290428,-0.06219600279481134,91,57,-0.8567791875830655,Jun26-Sep26,Jun-Sep
2026-04-22,THB,0,2026-06-17,2026-09-16,-0.03711470797890481,-0.09742610844462511,28.73054542887525,-0.060311400465720304,91,56,-0.8315302328738561,Jun26-Sep26,Jun-Sep
2026-04-23,THB,0,2026-06-17,2026-09-16,-0.036666698673640294,-0.0973334182972997,28.766446580599393,-0.06066671962365941,91,55,-0.8353708607812078,Jun26-Sep26,Jun-Sep
2026-04-24,THB,0,2026-06-17,2026-09-16,-0.03775520026747753,-0.10137970442193041,28.69003984306324,-0.06362450415445288,91,54,-0.8784686396022263,Jun26-Sep26,Jun-Sep
2026-04-27,THB,0,2026-06-17,2026-09-16,-0.041208300563325154,-0.11473683686259162,28.683300965700447,-0.07352853629926646,91,51,-1.015575660005901,Jun26-Sep26,Jun-Sep
2026-04-28,THB,0,2026-06-17,2026-09-16,-0.03792327438166151,-0.10694363375628546,28.564710688968837,-0.06902035937462395,91,50,-0.95716202311772,Jun26-Sep26,Jun-Sep
2026-04-29,THB,0,2026-06-17,2026-09-16,-0.03505004898946004,-0.10014299711274297,28.561139219205444,-0.06509294812328292,91,49,-0.9027194806397227,Jun26-Sep26,Jun-Sep
2026-04-30,THB,0,2026-06-17,2026-09-16,-0.030654788694178155,-0.08877115892689091,28.4881855263109,-0.05811637023271276,91,48,-0.8079088706822869,Jun26-Sep26,Jun-Sep
2026-05-01,THB,0,2026-06-17,2026-09-16,-0.028055134823072772,-0.0823746511826392,28.431151952263388,-0.05431951635956643,91,47,-0.7565738192940572,Jun26-Sep26,Jun-Sep
2026-05-04,THB,0,2026-06-17,2026-09-16,-0.028386533491589032,-0.08709504594010271,28.5226525522479,-0.05870851244851368,91,44,-0.8150883959860503,Jun26-Sep26,Jun-Sep
2026-05-05,THB,0,2026-06-17,2026-09-16,-0.027607372766572904,-0.08603227792373881,28.617014261609352,-0.058424905157165904,91,43,-0.8084515143251862,Jun26-Sep26,Jun-Sep
2026-05-06,THB,0,2026-06-17,2026-09-16,-0.028449553874916177,-0.09009025393723456,28.58081590832058,-0.061640700062318386,91,42,-0.8540564235576145,Jun26-Sep26,Jun-Sep
2026-05-07,THB,0,2026-06-17,2026-09-16,-0.025483257690335416,-0.08204365890547012,28.44086608425377,-0.056560401215134705,91,41,-0.7874447257820595,Jun26-Sep26,Jun-Sep
2026-05-08,THB,0,2026-06-17,2026-09-16,-0.025819740871628305,-0.08455965135458271,28.35548799047431,-0.058739910482954405,91,40,-0.8202625805471655,Jun26-Sep26,Jun-Sep
2026-05-11,THB,0,2026-06-17,2026-09-16,-0.023839566288827458,-0.08247201310729498,28.12222756640689,-0.05863244681846752,91,37,-0.8255012239965297,Jun26-Sep26,Jun-Sep
2026-05-12,THB,0,2026-06-17,2026-09-16,-0.02256325121423344,-0.0795981362279902,28.087967567251503,-0.05703488501375675,91,36,-0.8039524733068135,Jun26-Sep26,Jun-Sep
2026-05-13,THB,0,2026-06-17,2026-09-16,-0.020540323964603657,-0.07394516627257317,27.816401554237313,-0.053404842307969505,91,35,-0.7600840351218221,Jun26-Sep26,Jun-Sep
2026-05-14,THB,0,2026-06-17,2026-09-16,-0.01970951888726483,-0.07246146649729718,27.969123789590753,-0.05275194761003235,91,34,-0.7466668943075782,Jun26-Sep26,Jun-Sep
2026-05-15,THB,0,2026-06-17,2026-09-16,-0.01970496006472785,-0.0740428802432198,28.13937165644459,-0.05433792017849195,91,33,-0.7644585656976671,Jun26-Sep26,Jun-Sep
2026-05-18,THB,0,2026-06-17,2026-09-16,-0.018573057670277997,-0.07491133260345458,28.241150041119454,-0.05633827493317658,91,30,-0.7897106354747286,Jun26-Sep26,Jun-Sep
2026-05-19,THB,0,2026-06-17,2026-09-16,-0.018749667397845175,-0.07758483061177314,28.149740922792986,-0.05883516321392797,91,29,-0.8273952727872159,Jun26-Sep26,Jun-Sep
2026-05-20,THB,0,2026-06-17,2026-09-16,-0.018839151849346036,-0.08006639535972065,28.147823183671402,-0.06122724351037462,91,28,-0.8610963921073125,Jun26-Sep26,Jun-Sep
2026-05-21,THB,0,2026-06-17,2026-09-16,-0.01693459826452414,-0.0740104664894018,28.111450254780195,-0.05707586822487765,91,27,-0.803696516030253,Jun26-Sep26,Jun-Sep
2026-05-22,THB,0,2026-06-17,2026-09-16,-0.015585254565904995,-0.07013364554657248,28.21908182202153,-0.05454839098066748,91,26,-0.7651385775336946,Jun26-Sep26,Jun-Sep
2026-05-25,THB,0,2026-06-17,2026-09-16,-0.013000716004846017,-0.06443833150228026,27.95064064984142,-0.051437615497434246,91,23,-0.7283702860508408,Jun26-Sep26,Jun-Sep
2026-05-26,THB,0,2026-06-17,2026-09-16,-0.011252430440517167,-0.05779657453538363,28.1220664964367,-0.046544144094866464,91,22,-0.6550172453328628,Jun26-Sep26,Jun-Sep
2026-05-27,THB,0,2026-06-17,2026-09-16,-0.011804073103047428,-0.06295505654958629,28.099690444092467,-0.05115098344653886,91,21,-0.7204370461936703,Jun26-Sep26,Jun-Sep
2026-05-28,THB,0,2026-06-17,2026-09-16,-0.011085666987138696,-0.06152545177861977,28.01934490635848,-0.05043978479148107,91,20,-0.7124398701937461,Jun26-Sep26,Jun-Sep
2026-05-29,THB,0,2026-06-17,2026-09-16,-0.01105273588927862,-0.06398952356950781,28.040570019599663,-0.05293678768022919,91,19,-0.7471418677497377,Jun26-Sep26,Jun-Sep
2026-06-01,THB,0,2026-06-17,2026-09-16,-0.010110048683977437,-0.0676109505740991,27.979486952005225,-0.057500901890121664,91,16,-0.8133041224900646,Jun26-Sep26,Jun-Sep
2026-06-02,THB,0,2026-06-17,2026-09-16,-0.00927533633102966,-0.06554571007260959,28.072287274639784,-0.056270373741579935,91,15,-0.7932436918534387,Jun26-Sep26,Jun-Sep
2026-06-03,THB,0,2026-06-17,2026-09-16,-0.009828929105471396,-0.07371696829103547,28.13001480497277,-0.06388803918556407,91,14,-0.8987987931490128,Jun26-Sep26,Jun-Sep
2026-06-04,THB,0,2026-06-17,2026-09-16,-0.009109397421533928,-0.07287517937227142,28.24213226755891,-0.0637657819507375,91,13,-0.8934935428237655,Jun26-Sep26,Jun-Sep
2026-06-05,THB,0,2026-06-17,2026-09-16,-0.008777590216441375,-0.0753409826911218,28.356305886554914,-0.06656339247468042,91,12,-0.9289265142994366,Jun26-Sep26,Jun-Sep
2026-06-08,THB,0,2026-06-17,2026-09-16,-0.00665340464338899,-0.07392671825987766,28.165817594006825,-0.06727331361648867,91,9,-0.9451139385596182,Jun26-Sep26,Jun-Sep
2026-06-09,THB,0,2026-06-17,2026-09-16,-0.006046195818374093,-0.0748216732523794,28.147040766061036,-0.0687754774340053,91,8,-0.9668414922141642,Jun26-Sep26,Jun-Sep
2026-06-10,THB,0,2026-06-17,2026-09-16,-0.005816303835424495,-0.08142825369594293,28.201145902459874,-0.07561194986051845,91,7,-1.0608998068424913,Jun26-Sep26,Jun-Sep
2026-06-11,THB,0,2026-06-17,2026-09-16,-0.00585499093863595,-0.08113344586395531,28.2721847458793,-0.07527845492531936,91,6,-1.0535675455904436,Jun26-Sep26,Jun-Sep
2026-06-12,THB,0,2026-06-17,2026-09-16,-0.0056765831316348886,-0.07785028294813562,28.362359737002798,-0.07217369981650074,91,5,-1.0068960724181675,Jun26-Sep26,Jun-Sep
2026-06-15,THB,0,2026-06-17,2026-09-16,-0.005249612044719132,-0.06974484573698275,28.704413376025606,-0.06449523369226362,91,2,-0.8890362853085997,Jun26-Sep26,Jun-Sep
2026-06-16,THB,0,2026-06-17,2026-09-16,-0.0051214914589187656,-0.06731103060293235,28.690688359031057,-0.06218953914401359,91,1,-0.8576597129685934,Jun26-Sep26,Jun-Sep
2026-06-17,THB,0,2026-09-16,2026-12-16,-0.06083631573034054,-0.12167263146068108,28.586862379161083,-0.06083631573034054,91,91,-0.8436896840023411,Sep26-Dec26,Sep-Dec
2026-06-18,THB,0,2026-09-16,2026-12-16,-0.058068925748262556,-0.11678306178261692,28.578663150748515,-0.05871413603435437,91,90,-0.8144139675373138,Sep26-Dec26,Sep-Dec
2026-06-19,THB,0,2026-09-16,2026-12-16,-0.05650610895954605,-0.11428201812043022,28.716467076891362,-0.05777590916088417,91,89,-0.7975029571624579,Sep26-Dec26,Sep-Dec
2026-06-22,THB,0,2026-09-16,2026-12-16,-0.05691372839400148,-0.11713639448532863,28.97739198020073,-0.06022266609132715,91,86,-0.8237882933093035,Sep26-Dec26,Sep-Dec
2026-06-23,THB,0,2026-09-16,2026-12-16,-0.061709065351137724,-0.12777406472706163,29.082772516766955,-0.0660649993759239,91,85,-0.9005736193117531,Sep26-Dec26,Sep-Dec
2026-06-24,THB,0,2026-09-16,2026-12-16,-0.06239291160273371,-0.12998523250569524,29.09863981785966,-0.06759232090296152,91,84,-0.9209116916743403,Sep26-Dec26,Sep-Dec
2026-06-25,THB,0,2026-09-16,2026-12-16,-0.056168867861207616,-0.11775160250421837,28.957444745660077,-0.061582734643010756,91,83,-0.8429524226239761,Sep26-Dec26,Sep-Dec
2026-06-26,THB,0,2026-09-16,2026-12-16,-0.05661124147972989,-0.11943591190235696,28.867715448546612,-0.06282467042262707,91,82,-0.8626436388194276,Sep26-Dec26,Sep-Dec
2026-06-29,THB,0,2026-09-16,2026-12-16,-0.05251494963831138,-0.11300685365206246,28.73479957071982,-0.06049190401375108,91,79,-0.8343429905416475,Sep26-Dec26,Sep-Dec
2026-06-30,THB,0,2026-09-16,2026-12-16,-0.042876247080980784,-0.09289853534212503,28.663328995834465,-0.05002228826114424,91,78,-0.6914299116096861,Sep26-Dec26,Sep-Dec
2026-07-01,THB,0,2026-09-16,2026-12-16,-0.03972514896012114,-0.08667305227662794,28.665943597945844,-0.046947903316506806,91,77,-0.6488037164083826,Sep26-Dec26,Sep-Dec
2026-07-02,THB,0,2026-09-16,2026-12-16,-0.03694502279741315,-0.08118182641010521,28.58404169426723,-0.04423680361269206,91,76,-0.6130316563561093,Sep26-Dec26,Sep-Dec
2026-07-03,THB,0,2026-09-16,2026-12-16,-0.029919411039444888,-0.06398817454856312,28.715852812391482,-0.034068763509118236,91,75,-0.46983838414611806,Sep26-Dec26,Sep-Dec
2026-07-06,THB,0,2026-09-16,2026-12-16,-0.028153691276653972,-0.06197763387558289,28.78682705741563,-0.033823942598928916,91,72,-0.46528225410294105,Sep26-Dec26,Sep-Dec
2026-07-07,THB,0,2026-09-16,2026-12-16,-0.03311730843860963,-0.0739653124433769,28.766226821831257,-0.04084800400476726,91,71,-0.5624051907232696,Sep26-Dec26,Sep-Dec
2026-07-08,THB,0,2026-09-16,2026-12-16,-0.03838466965951075,-0.08685366050778363,28.621594181821894,-0.048468990848272886,91,70,-0.6708324977265764,Sep26-Dec26,Sep-Dec
2026-07-09,THB,0,2026-09-16,2026-12-16,-0.03407293581867191,-0.07773999346380975,28.568537603684202,-0.04366705764513784,91,69,-0.60540403153178,Sep26-Dec26,Sep-Dec
2026-07-10,THB,0,2026-09-16,2026-12-16,-0.0338410659455762,-0.0780117208624763,28.71395799512798,-0.04417065491690011,91,68,-0.6092759414125829,Sep26-Dec26,Sep-Dec
2026-07-13,THB,0,2026-09-16,2026-12-16,-0.030916391695978304,-0.07356407080963841,28.587116731928795,-0.0426476791136601,91,65,-0.5908212268674762,Sep26-Dec26,Sep-Dec
2026-07-14,THB,0,2026-09-16,2026-12-16,-0.02642042455859247,-0.06350897728696095,28.679306452810888,-0.03708855272836848,91,64,-0.5120738787527757,Sep26-Dec26,Sep-Dec
2026-07-15,THB,0,2026-09-16,2026-12-16,-0.030144600762894228,-0.07336653607655542,28.82392094674223,-0.0432219353136612,91,63,-0.5938362301338218,Sep26-Dec26,Sep-Dec
2026-07-16,THB,0,2026-09-16,2026-12-16,-0.03321351872877608,-0.0818007516618671,29.095439420264597,-0.048587232933091015,91,62,-0.6613850908636058,Sep26-Dec26,Sep-Dec
2026-07-17,THB,0,2026-09-16,2026-12-16,-0.03528139334356616,-0.08791429161019765,28.931082358024426,-0.052632898266631485,91,61,-0.7205824103345705,Sep26-Dec26,Sep-Dec
2026-07-20,THB,0,2026-09-16,2026-12-16,-0.032001877159419836,-0.08221171890954407,28.863473836577647,-0.05020984175012423,91,58,-0.6889427680594538,Sep26-Dec26,Sep-Dec
2026-07-21,THB,0,2026-09-16,2026-12-16,-0.03404850343326508,-0.08840664049339003,28.82946505756865,-0.054358137060124954,91,57,-0.7467965576196216,Sep26-Dec26,Sep-Dec
2026-07-22,THB,0,2026-09-16,2026-12-16,-0.03445506869689141,-0.09044455532933995,28.706440402860157,-0.05598948663244854,91,56,-0.7725201712153124,Sep26-Dec26,Sep-Dec
2026-07-23,THB,0,2026-09-16,2026-12-16,-0.03325964456042649,-0.0882892382876776,28.713548749686492,-0.05502959372725111,91,55,-0.7590561269110095,Sep26-Dec26,Sep-Dec
2026-07-24,THB,0,2026-09-16,2026-12-16,-0.034621019123553275,-0.09296384764657824,28.703236832054618,-0.05834282852302496,91,54,-0.8050852390750324,Sep26-Dec26,Sep-Dec
2026-07-27,THB,0,2026-09-16,2026-12-16,-0.033566759362598536,-0.09346038881350963,28.673628461742602,-0.05989362945091109,91,51,-0.8273090793484998,Sep26-Dec26,Sep-Dec
2026-07-28,THB,0,2026-09-16,2026-12-16,-0.033332665426366065,-0.0939981165023523,28.676783185777293,-0.06066545107598624,91,50,-0.8378710899349421,Sep26-Dec26,Sep-Dec
2026-07-29,THB,0,2026-09-16,2026-12-16,-0.03277698213046201,-0.09364852037274861,28.686352750518907,-0.060871538242286596,91,49,-0.8404203472020697,Sep26-Dec26,Sep-Dec
2026-07-30,THB,0,2026-09-16,2026-12-16,-0.03275644785887151,-0.09485721359131541,28.64437510374397,-0.0621007657324439,91,48,-0.8586489352324765,Sep26-Dec26,Sep-Dec
2026-07-31,THB,0,2026-09-16,2026-12-16,-0.029890028227129398,-0.087762210539231,28.53134321458836,-0.0578721823121016,91,47,-0.8032744701186714,Sep26-Dec26,Sep-Dec
2026-08-03,THB,0,2026-09-16,2026-12-16,-0.028385771466364156,-0.08503074492145511,28.55025673902881,-0.05664497345509095,91,44,-0.7856777878706898,Sep26-Dec26,Sep-Dec
2026-08-04,THB,0,2026-09-16,2026-12-16,-0.02659201240200203,-0.08096644338207842,28.52532433915126,-0.054374430980076396,91,43,-0.7547972189631638,Sep26-Dec26,Sep-Dec
2026-08-05,THB,0,2026-09-16,2026-12-16,-0.025235624699734567,-0.07817790304107045,28.389411950547295,-0.05294227834133588,91,42,-0.738403180989152,Sep26-Dec26,Sep-Dec
2026-08-06,THB,0,2026-09-16,2026-12-16,-0.023776856451769246,-0.0749597881224504,28.621641342325375,-0.05118293167068115,91,41,-0.708031634978997,Sep26-Dec26,Sep-Dec
2026-08-07,THB,0,2026-09-16,2026-12-16,-0.02587041485843872,-0.08329795123392615,28.553148549213283,-0.057427536375487434,91,40,-0.7963811237748223,Sep26-Dec26,Sep-Dec
2026-08-10,THB,0,2026-09-16,2026-12-16,-0.024996757518160016,-0.08552440516187547,28.525922704126607,-0.06052764764371545,91,37,-0.8401482642460363,Sep26-Dec26,Sep-Dec
2026-08-11,THB,0,2026-09-16,2026-12-16,-0.022883063423399193,-0.07993184014540272,28.602809537199658,-0.05704877672200353,91,36,-0.7896712700008589,Sep26-Dec26,Sep-Dec
2026-08-12,THB,0,2026-09-16,2026-12-16,-0.023150064006619016,-0.08270744672328152,28.475266524611953,-0.059557382716662506,91,35,-0.8280987611599141,Sep26-Dec26,Sep-Dec
2026-08-13,THB,0,2026-09-16,2026-12-16,-0.02262842551852908,-0.08271742457468764,28.518978135450705,-0.06008899905615856,91,34,-0.834193586057786,Sep26-Dec26,Sep-Dec
2026-08-14,THB,0,2026-09-16,2026-12-16,-0.022591375931610026,-0.08457254072286467,28.463922723022648,-0.06198116479125465,91,33,-0.862126351852628,Sep26-Dec26,Sep-Dec
2026-08-17,THB,0,2026-09-16,2026-12-16,-0.020296568242645124,-0.08186282524533534,28.407445207966376,-0.06156625700269021,91,30,-0.8579897262767467,Sep26-Dec26,Sep-Dec
2026-08-18,THB,0,2026-09-16,2026-12-16,-0.018816495589242612,-0.07786136105893496,28.407997840056503,-0.05904486546969234,91,29,-0.82279259955601,Sep26-Dec26,Sep-Dec
2026-08-19,THB,0,2026-09-16,2026-12-16,-0.015528963786375537,-0.06599809609209603,28.42025514163324,-0.05046913230572049,91,28,-0.7029045257283009,Sep26-Dec26,Sep-Dec
2026-08-20,THB,0,2026-09-16,2026-12-16,-0.014391470399110897,-0.0628960558183365,28.43983235264436,-0.0485045854192256,91,27,-0.6750511725852981,Sep26-Dec26,Sep-Dec
2026-08-21,THB,0,2026-09-16,2026-12-16,-0.014499159088957518,-0.06524621590030882,28.611012647255983,-0.050747056811351304,91,26,-0.7020351885506715,Sep26-Dec26,Sep-Dec
2026-08-24,THB,0,2026-09-16,2026-12-16,-0.012530766571205488,-0.062109016918148935,28.671187222268323,-0.04957825034694345,91,23,-0.684378690045907,Sep26-Dec26,Sep-Dec
2026-08-25,THB,0,2026-09-16,2026-12-16,-0.012199569468435471,-0.062661424996964,28.588999269155828,-0.05046185552852853,91,22,-0.698571290950314,Sep26-Dec26,Sep-Dec
2026-08-26,THB,0,2026-09-16,2026-12-16,-0.010692100786305003,-0.05702453752696002,28.768444073916438,-0.046332436740655014,91,21,-0.6373695569386735,Sep26-Dec26,Sep-Dec
2026-08-27,THB,0,2026-09-16,2026-12-16,-0.009954236054214733,-0.05524601010089177,28.60474196408646,-0.04529177404667704,91,20,-0.6266045780092193,Sep26-Dec26,Sep-Dec
2026-08-28,THB,0,2026-09-16,2026-12-16,-0.0086539485147843,-0.050101807190856475,28.663520626578986,-0.041447858676072175,91,19,-0.5722223475985184,Sep26-Dec26,Sep-Dec
