obs_date,ccy,slot,near_date,far_date,near_pts,far_pts,spot,imm_spread_pts,leg_days,days_to_near,ann_pct,pair,quarter_pair
2016-08-29,IDR,0,2016-09-21,2016-12-21,42.010509805857495,208.226005124685,14612.351236819997,166.2154953188275,91,23,4.487099588682495,Sep16-Dec16,Sep-Dec
2016-08-30,IDR,0,2016-09-21,2016-12-21,40.77126914478172,209.41606424365153,14625.133102412488,168.64479509886982,91,22,4.549097044864444,Sep16-Dec16,Sep-Dec
2016-08-31,IDR,0,2016-09-21,2016-12-21,40.726555026180215,217.20829347296115,14643.700256945396,176.48173844678092,91,21,4.754489389843415,Sep16-Dec16,Sep-Dec
2016-09-01,IDR,0,2016-09-21,2016-12-21,38.52669017565394,215.93472395931252,14728.364553921372,177.4080337836586,91,20,4.752753766531882,Sep16-Dec16,Sep-Dec
2016-09-02,IDR,0,2016-09-21,2016-12-21,35.10526818717865,205.25029867017767,14752.288900414173,170.145030482999,91,19,4.551858236946193,Sep16-Dec16,Sep-Dec
2016-09-05,IDR,0,2016-09-21,2016-12-21,28.55792312002366,192.66710230534483,14699.737869126933,164.10917918532118,91,16,4.407998967464848,Sep16-Dec16,Sep-Dec
2016-09-06,IDR,0,2016-09-21,2016-12-21,26.63618983858912,189.80507574627327,14656.808248264604,163.16888590768414,91,15,4.39612985652364,Sep16-Dec16,Sep-Dec
2016-09-07,IDR,0,2016-09-21,2016-12-21,24.770268768180074,187.24767798897943,14654.098625302153,162.47740922079936,91,14,4.378864457337608,Sep16-Dec16,Sep-Dec
2016-09-08,IDR,0,2016-09-21,2016-12-21,23.409841980468467,188.64928071026722,14707.000683035738,165.23943872979876,91,13,4.4377207395338445,Sep16-Dec16,Sep-Dec
2016-09-09,IDR,0,2016-09-21,2016-12-21,21.050039866552183,181.9453760980955,14715.706705949895,160.8953362315433,91,12,4.319193384495254,Sep16-Dec16,Sep-Dec
2016-09-12,IDR,0,2016-09-21,2016-12-21,16.06510224310295,179.45145739716702,14729.981121691662,163.38635515406406,91,9,4.383301076041323,Sep16-Dec16,Sep-Dec
2016-09-13,IDR,0,2016-09-21,2016-12-21,13.851162852918549,172.25040568024662,14687.002483181337,158.39924282732807,91,8,4.262571292232646,Sep16-Dec16,Sep-Dec
2016-09-14,IDR,0,2016-09-21,2016-12-21,11.765149882320106,165.4493496170259,14692.364486277611,153.68419973470577,91,7,4.134766657693216,Sep16-Dec16,Sep-Dec
2016-09-15,IDR,0,2016-09-21,2016-12-21,11.907007852950757,165.62900524462796,14691.59188514367,153.7219973916772,91,6,4.135960992128259,Sep16-Dec16,Sep-Dec
2016-09-16,IDR,0,2016-09-21,2016-12-21,11.800593221064481,162.36164911803587,14645.884207613759,150.5610558969714,91,5,4.063575955480282,Sep16-Dec16,Sep-Dec
2016-09-19,IDR,0,2016-09-21,2016-12-21,11.739409317935074,156.17677861627686,14671.252325975827,144.4373692983418,91,2,3.89158144430541,Sep16-Dec16,Sep-Dec
2016-09-20,IDR,0,2016-09-21,2016-12-21,11.937114903031357,156.99389128831612,14800.311076608408,145.05677638528476,91,1,3.874165326442981,Sep16-Dec16,Sep-Dec
2016-09-21,IDR,0,2016-12-21,2017-03-15,154.14279322373412,299.71873423831323,14806.285790095246,145.57594101457912,84,91,4.170314283363056,Dec16-Mar17,Dec-Mar
2016-09-22,IDR,0,2016-12-21,2017-03-15,147.06839630980755,287.61574573371274,14775.807906381886,140.5473494239052,84,90,4.036391986554667,Dec16-Mar17,Dec-Mar
2016-09-23,IDR,0,2016-12-21,2017-03-15,142.9966576755594,281.2446629033876,14781.904408806044,138.24800522782823,84,89,3.9698182811209417,Dec16-Mar17,Dec-Mar
2016-09-26,IDR,0,2016-12-21,2017-03-15,138.17555589562312,276.42632137651736,14798.675727447979,138.25076548089424,84,86,3.9667214287198513,Dec16-Mar17,Dec-Mar
2016-09-27,IDR,0,2016-12-21,2017-03-15,137.51642385800227,276.71053832532897,14829.889005030529,139.1941144673267,84,85,3.9856353707676497,Dec16-Mar17,Dec-Mar
2016-09-28,IDR,0,2016-12-21,2017-03-15,133.33181745261848,269.9609565782359,14837.947528494988,136.6291391256174,84,84,3.911178462874635,Dec16-Mar17,Dec-Mar
2016-09-29,IDR,0,2016-12-21,2017-03-15,137.3352045110468,279.6237554044558,14844.174138705523,142.28855089340897,84,83,4.070404798923637,Dec16-Mar17,Dec-Mar
2016-09-30,IDR,0,2016-12-21,2017-03-15,132.7464886910907,272.00677108428954,14742.335095830525,139.26028239319885,84,82,4.012279047304025,Dec16-Mar17,Dec-Mar
2016-10-03,IDR,0,2016-12-21,2017-03-15,131.46500827851415,270.469082285711,14777.915942545264,139.00407400719686,84,79,3.9956839771554877,Dec16-Mar17,Dec-Mar
2016-10-04,IDR,0,2016-12-21,2017-03-15,130.08430873878243,269.5946400557195,14763.942827163843,139.51033131693706,84,78,4.014370421606524,Dec16-Mar17,Dec-Mar
2016-10-05,IDR,0,2016-12-21,2017-03-15,131.1075460856341,273.75222848749274,14917.665578081685,142.64468240185863,84,77,4.0623534430794175,Dec16-Mar17,Dec-Mar
2016-10-06,IDR,0,2016-12-21,2017-03-15,128.3559908825258,270.04784389899686,14987.705490411074,141.69185301647107,84,76,4.0172554166540495,Dec16-Mar17,Dec-Mar
2016-10-07,IDR,0,2016-12-21,2017-03-15,126.88223540078484,269.0259578402796,15026.67729104484,142.14372243949475,84,75,4.020094294151892,Dec16-Mar17,Dec-Mar
2016-10-10,IDR,0,2016-12-21,2017-03-15,118.87596752838316,258.24714057901434,14942.185315923058,139.37117305063117,84,72,3.965889362764573,Dec16-Mar17,Dec-Mar
2016-10-11,IDR,0,2016-12-21,2017-03-15,117.68197014675982,257.8096317813547,14844.991902302898,140.1276616345949,84,71,4.013635038834134,Dec16-Mar17,Dec-Mar
2016-10-12,IDR,0,2016-12-21,2017-03-15,117.54662379458406,259.71363554322653,14705.248170992287,142.16701174864247,84,70,4.110474452650115,Dec16-Mar17,Dec-Mar
2016-10-13,IDR,0,2016-12-21,2017-03-15,114.80282868289271,255.89067164891458,14620.780099870408,141.08784296602187,84,69,4.103415433728338,Dec16-Mar17,Dec-Mar
2016-10-14,IDR,0,2016-12-21,2017-03-15,107.66269976954705,242.21730004269085,14668.253197537131,134.55460027314382,84,68,3.9027196459902678,Dec16-Mar17,Dec-Mar
2016-10-17,IDR,0,2016-12-21,2017-03-15,100.99465466180303,233.77741661638828,14689.329606085183,132.78276195458525,84,65,3.847576089428032,Dec16-Mar17,Dec-Mar
2016-10-18,IDR,0,2016-12-21,2017-03-15,98.53839258497086,230.3848943790557,14721.140641818114,131.84650179408484,84,64,3.8128790437945383,Dec16-Mar17,Dec-Mar
2016-10-19,IDR,0,2016-12-21,2017-03-15,98.07586214279175,231.6064578671542,14722.706727095472,133.53059572436246,84,63,3.8612939514501523,Dec16-Mar17,Dec-Mar
2016-10-20,IDR,0,2016-12-21,2017-03-15,99.29651417578582,236.85581449875505,14789.307438647038,137.55930032296925,84,62,3.95967184294158,Dec16-Mar17,Dec-Mar
2016-10-21,IDR,0,2016-12-21,2017-03-15,103.50881059779937,249.3219957278428,14744.080528340286,145.81318513004342,84,61,4.208855971780397,Dec16-Mar17,Dec-Mar
2016-10-24,IDR,0,2016-12-21,2017-03-15,101.40328097059572,251.51875107196673,14649.956716770046,150.11547010137102,84,58,4.361306447803478,Dec16-Mar17,Dec-Mar
2016-10-25,IDR,0,2016-12-21,2017-03-15,96.7314337707302,242.56382803837283,14763.634461654588,145.83239426764263,84,57,4.2057912963311725,Dec16-Mar17,Dec-Mar
2016-10-26,IDR,0,2016-12-21,2017-03-15,99.32317685123647,251.5914103730936,14775.607102510856,152.26823352185713,84,56,4.387100520198813,Dec16-Mar17,Dec-Mar
2016-10-27,IDR,0,2016-12-21,2017-03-15,98.46627909900118,252.1459099428807,14826.45698977686,153.67963084387952,84,55,4.412933838691187,Dec16-Mar17,Dec-Mar
2016-10-28,IDR,0,2016-12-21,2017-03-15,97.08383030315707,251.39377232613992,14807.926981323359,154.30994202298285,84,54,4.436952990599462,Dec16-Mar17,Dec-Mar
2016-10-31,IDR,0,2016-12-21,2017-03-15,89.43536397802391,240.0266852882947,14787.071706158944,150.59132131027076,84,51,4.338326019684852,Dec16-Mar17,Dec-Mar
2016-11-01,IDR,0,2016-12-21,2017-03-15,89.80635583863611,238.28532161348014,14787.69153769959,148.47896577484403,84,50,4.2771871271829145,Dec16-Mar17,Dec-Mar
2016-11-02,IDR,0,2016-12-21,2017-03-15,88.11767988450734,236.98720988522993,14846.528339997525,148.8695300007226,84,49,4.272028078752551,Dec16-Mar17,Dec-Mar
2016-11-03,IDR,0,2016-12-21,2017-03-15,84.9027621023697,231.51838946439747,14811.177364223158,146.61562736202777,84,48,4.218241868771448,Dec16-Mar17,Dec-Mar
2016-11-04,IDR,0,2016-12-21,2017-03-15,83.69241041773608,231.52459119333463,14864.898727038377,147.83218077559854,84,47,4.238302347107346,Dec16-Mar17,Dec-Mar
2016-11-07,IDR,0,2016-12-21,2017-03-15,78.24071651632713,226.57493964983783,14834.706880450161,148.3342231335107,84,44,4.262860142235932,Dec16-Mar17,Dec-Mar
2016-11-08,IDR,0,2016-12-21,2017-03-15,78.78837445568175,231.91023795349224,14907.778868120036,153.1218634978105,84,43,4.378831704591064,Dec16-Mar17,Dec-Mar
2016-11-09,IDR,0,2016-12-21,2017-03-15,77.41576444282593,231.71456120117605,14863.22635171692,154.29879675835014,84,42,4.4260517880991515,Dec16-Mar17,Dec-Mar
2016-11-10,IDR,0,2016-12-21,2017-03-15,77.04330896890662,234.61661047806348,14932.658807930598,157.57330150915686,84,41,4.499184221415201,Dec16-Mar17,Dec-Mar
2016-11-11,IDR,0,2016-12-21,2017-03-15,76.46641343127703,237.0458816369588,14890.663831435057,160.57946820568176,84,40,4.598060614308785,Dec16-Mar17,Dec-Mar
2016-11-14,IDR,0,2016-12-21,2017-03-15,71.0259947300329,233.14128735656212,14918.255484349893,162.1152926265292,84,37,4.635177653524947,Dec16-Mar17,Dec-Mar
2016-11-15,IDR,0,2016-12-21,2017-03-15,67.889794286331,227.46814039930544,14822.840232654684,159.57834611297443,84,36,4.592838607574518,Dec16-Mar17,Dec-Mar
2016-11-16,IDR,0,2016-12-21,2017-03-15,69.0019363278278,236.10162544821034,14897.0249811872,167.09968912038255,84,35,4.785114504662077,Dec16-Mar17,Dec-Mar
2016-11-17,IDR,0,2016-12-21,2017-03-15,67.66224720799515,236.67412301960397,15046.587957342837,169.01187581160883,84,34,4.792408494091856,Dec16-Mar17,Dec-Mar
2016-11-18,IDR,0,2016-12-21,2017-03-15,66.25027171978314,237.07937984904703,15016.540566439873,170.8291081292639,84,33,4.854040323048973,Dec16-Mar17,Dec-Mar
2016-11-21,IDR,0,2016-12-21,2017-03-15,57.5629066731218,222.08280874672948,15046.935249899918,164.51990207360768,84,30,4.668048466703561,Dec16-Mar17,Dec-Mar
2016-11-22,IDR,0,2016-12-21,2017-03-15,55.95024960504118,221.36904153058032,15101.99984749294,165.41879192553915,84,29,4.677002333030605,Dec16-Mar17,Dec-Mar
2016-11-23,IDR,0,2016-12-21,2017-03-15,53.36366665105276,216.80505072054643,15076.728523509337,163.44138406949367,84,28,4.629602158267655,Dec16-Mar17,Dec-Mar
2016-11-24,IDR,0,2016-12-21,2017-03-15,50.63237410338114,211.4941664922877,15024.828302743483,160.86179238890657,84,27,4.5730455370133045,Dec16-Mar17,Dec-Mar
2016-11-25,IDR,0,2016-12-21,2017-03-15,48.89667731213315,210.20198411552943,14991.418154270605,161.30530680339626,84,26,4.596369593787841,Dec16-Mar17,Dec-Mar
2016-11-28,IDR,0,2016-12-21,2017-03-15,44.12230616425885,208.58941277618436,14961.469749758518,164.46710661192552,84,23,4.697309014599067,Dec16-Mar17,Dec-Mar
2016-11-29,IDR,0,2016-12-21,2017-03-15,42.286576404397024,207.0662172777619,14948.116618229613,164.77964087336488,84,22,4.71100377832829,Dec16-Mar17,Dec-Mar
2016-11-30,IDR,0,2016-12-21,2017-03-15,40.75763153512337,207.11946279770166,14990.873049381673,166.36183126257828,84,21,4.743193150326468,Dec16-Mar17,Dec-Mar
2016-12-01,IDR,0,2016-12-21,2017-03-15,38.60394946343612,204.05892773832727,14932.757378067485,165.45497827489115,84,20,4.73632790313659,Dec16-Mar17,Dec-Mar
2016-12-02,IDR,0,2016-12-21,2017-03-15,36.492629430221925,195.52170877273744,14955.650490146641,159.0290793425155,84,19,4.546069176008765,Dec16-Mar17,Dec-Mar
2016-12-05,IDR,0,2016-12-21,2017-03-15,31.090497216132654,195.04371736016137,14978.257906263243,163.9532201440287,84,16,4.681460106537599,Dec16-Mar17,Dec-Mar
2016-12-06,IDR,0,2016-12-21,2017-03-15,29.0612287670139,193.76130297764172,14991.266415446658,164.7000742106278,84,15,4.699347961125255,Dec16-Mar17,Dec-Mar
2016-12-07,IDR,0,2016-12-21,2017-03-15,26.02859252281637,185.4956456911311,14829.74114137429,159.46705316831472,84,14,4.600436329494219,Dec16-Mar17,Dec-Mar
2016-12-08,IDR,0,2016-12-21,2017-03-15,24.28693251831014,184.51805344170936,14850.775545970777,160.2311209233992,84,13,4.616483493433877,Dec16-Mar17,Dec-Mar
2016-12-09,IDR,0,2016-12-21,2017-03-15,23.09370021200212,188.03634938903753,14790.364618592837,164.9426491770354,84,12,4.771992148546543,Dec16-Mar17,Dec-Mar
2016-12-12,IDR,0,2016-12-21,2017-03-15,17.084567209825476,179.82544167887164,14782.11229803778,162.74087446904616,84,9,4.7128293307554205,Dec16-Mar17,Dec-Mar
2016-12-13,IDR,0,2016-12-21,2017-03-15,14.69985733661986,172.3216057314465,14729.608621431458,157.62174839482665,84,8,4.581576543977776,Dec16-Mar17,Dec-Mar
2016-12-14,IDR,0,2016-12-21,2017-03-15,12.70900780748287,168.47038045519335,14639.75531062202,155.7613726477105,84,7,4.555880331195424,Dec16-Mar17,Dec-Mar
2016-12-15,IDR,0,2016-12-21,2017-03-15,12.632996372756661,165.67257225199347,14617.499281620872,153.03957587923682,84,6,4.48310298336715,Dec16-Mar17,Dec-Mar
2016-12-16,IDR,0,2016-12-21,2017-03-15,12.426477974096535,161.24727827761683,14640.69101703839,148.8208003035203,84,5,4.352680786797165,Dec16-Mar17,Dec-Mar
2016-12-19,IDR,0,2016-12-21,2017-03-15,12.658516608785368,158.76974536974302,14628.72164956693,146.11122876095766,84,2,4.276857600151158,Dec16-Mar17,Dec-Mar
2016-12-20,IDR,0,2016-12-21,2017-03-15,12.874039049822475,159.58361409083864,14651.986757760238,146.70957504101617,84,1,4.287496010470975,Dec16-Mar17,Dec-Mar
2016-12-21,IDR,0,2017-03-15,2017-06-21,161.6783540086542,346.5400533534552,14514.6098518541,184.86169934480102,98,84,4.627081343634582,Mar17-Jun17,Mar-Jun
2016-12-22,IDR,0,2017-03-15,2017-06-21,169.4771348412991,365.7635747498901,14555.419991369019,196.286439908591,98,83,4.896823536730649,Mar17-Jun17,Mar-Jun
2016-12-23,IDR,0,2017-03-15,2017-06-21,163.7335508677682,355.5656464508276,14494.41492384534,191.8320955830594,98,82,4.807492105356642,Mar17-Jun17,Mar-Jun
2016-12-26,IDR,0,2017-03-15,2017-06-21,159.4928154473642,353.3612276616224,14450.112960395798,193.86841221425823,98,79,4.874667314427689,Mar17-Jun17,Mar-Jun
2016-12-27,IDR,0,2017-03-15,2017-06-21,153.87291898558485,343.15219883067357,14499.286194048676,189.27927984508872,98,78,4.7451313050220065,Mar17-Jun17,Mar-Jun
2016-12-28,IDR,0,2017-03-15,2017-06-21,154.25489830670526,346.4748672504666,14512.152186160123,192.21996894376136,98,77,4.814500017376389,Mar17-Jun17,Mar-Jun
2016-12-29,IDR,0,2017-03-15,2017-06-21,147.82352676599143,334.29242777902743,14467.460789223824,186.468901013036,98,76,4.686790792638324,Mar17-Jun17,Mar-Jun
2016-12-30,IDR,0,2017-03-15,2017-06-21,143.57211164956135,326.9622504309989,14501.320395116129,183.39013878143754,98,75,4.600088805831461,Mar17-Jun17,Mar-Jun
2017-01-02,IDR,0,2017-03-15,2017-06-21,134.9348859165669,318.59625841411633,14492.475591828466,183.66137249754942,98,72,4.612398282042613,Mar17-Jun17,Mar-Jun
2017-01-03,IDR,0,2017-03-15,2017-06-21,132.18620023335774,314.6403921047529,14445.90794109792,182.45419187139515,98,71,4.597582386348641,Mar17-Jun17,Mar-Jun
2017-01-04,IDR,0,2017-03-15,2017-06-21,131.93946681313437,316.6547203515225,14531.054338699812,184.7152535383881,98,70,4.627607692704461,Mar17-Jun17,Mar-Jun
2017-01-05,IDR,0,2017-03-15,2017-06-21,129.81401098996434,314.18753384527605,14458.352867964386,184.3735228553117,98,69,4.64273885637163,Mar17-Jun17,Mar-Jun
2017-01-06,IDR,0,2017-03-15,2017-06-21,128.5924986308001,313.916981951659,14530.765580411222,185.32448332085892,98,68,4.644022013856141,Mar17-Jun17,Mar-Jun
2017-01-09,IDR,0,2017-03-15,2017-06-21,120.40276830568129,301.93309590501616,14451.53221903672,181.53032759933487,98,65,4.576235770778275,Mar17-Jun17,Mar-Jun
2017-01-10,IDR,0,2017-03-15,2017-06-21,122.25336417349635,309.4538280641626,14434.16469124718,187.20046389066627,98,64,4.724205988435664,Mar17-Jun17,Mar-Jun
2017-01-11,IDR,0,2017-03-15,2017-06-21,118.81083668117135,303.62769374077124,14402.666606219655,184.8168570595999,98,63,4.675275428544297,Mar17-Jun17,Mar-Jun
2017-01-12,IDR,0,2017-03-15,2017-06-21,116.22903624094265,299.9458999766262,14405.96934944306,183.71686373568355,98,62,4.647218396442672,Mar17-Jun17,Mar-Jun
2017-01-13,IDR,0,2017-03-15,2017-06-21,110.88224961869314,289.0209457274133,14369.388445436085,178.13869610872013,98,61,4.519163078584404,Mar17-Jun17,Mar-Jun
2017-01-16,IDR,0,2017-03-15,2017-06-21,105.21573105733302,282.9940352576543,14490.237943705,177.77830420032126,98,58,4.474428632637427,Mar17-Jun17,Mar-Jun
2017-01-17,IDR,0,2017-03-15,2017-06-21,101.836959879379,276.9250663386622,14531.444696906256,175.0881064592832,98,57,4.395328500630166,Mar17-Jun17,Mar-Jun
2017-01-18,IDR,0,2017-03-15,2017-06-21,98.76523382278006,271.6043930126452,14436.740538833541,172.83915918986511,98,56,4.3680582583076655,Mar17-Jun17,Mar-Jun
2017-01-19,IDR,0,2017-03-15,2017-06-21,94.93274164479593,264.0856267573414,14454.565181846358,169.15288511254548,98,55,4.270786171309273,Mar17-Jun17,Mar-Jun
2017-01-20,IDR,0,2017-03-15,2017-06-21,93.62819114648215,263.54601952343126,14483.451478558449,169.9178283769491,98,54,4.281982091884807,Mar17-Jun17,Mar-Jun
2017-01-23,IDR,0,2017-03-15,2017-06-21,89.81106731363455,262.38919666140293,14489.449174625095,172.57812934776837,98,51,4.348372034209367,Mar17-Jun17,Mar-Jun
2017-01-24,IDR,0,2017-03-15,2017-06-21,87.20326129791383,258.1216534418249,14509.45001388371,170.91839214391106,98,50,4.301420808648803,Mar17-Jun17,Mar-Jun
2017-01-25,IDR,0,2017-03-15,2017-06-21,82.42534496486113,247.27603489458335,14510.961485697035,164.85068992972222,98,49,4.149646480519397,Mar17-Jun17,Mar-Jun
2017-01-26,IDR,0,2017-03-15,2017-06-21,77.84075445104963,236.76562812194265,14513.322754184846,158.92487367089302,98,48,4.001090509590569,Mar17-Jun17,Mar-Jun
2017-01-27,IDR,0,2017-03-15,2017-06-21,77.41904135484248,238.84597864791826,14656.87791542547,161.42693729307578,98,47,4.024602695633188,Mar17-Jun17,Mar-Jun
2017-01-30,IDR,0,2017-03-15,2017-06-21,74.11127878625678,239.1773088101923,14760.448963910987,165.06603002393553,98,44,4.087515897545365,Mar17-Jun17,Mar-Jun
2017-01-31,IDR,0,2017-03-15,2017-06-21,71.27199667969052,233.70584957758987,14704.225115682095,162.43385289789936,98,43,4.0384142856102025,Mar17-Jun17,Mar-Jun
2017-02-01,IDR,0,2017-03-15,2017-06-21,71.14533787911817,237.15112626372724,14837.738496054511,166.00578838460905,98,42,4.09029400600081,Mar17-Jun17,Mar-Jun
2017-02-02,IDR,0,2017-03-15,2017-06-21,70.54454069841134,239.16319895315067,14933.299875741279,168.61865825473933,98,41,4.12837844828911,Mar17-Jun17,Mar-Jun
2017-02-03,IDR,0,2017-03-15,2017-06-21,70.67357753116681,243.82384248252555,15022.56204946751,173.15026495135874,98,40,4.214220287151104,Mar17-Jun17,Mar-Jun
2017-02-06,IDR,0,2017-03-15,2017-06-21,65.35543395907118,238.45901579661108,14921.26483088496,173.1035818375399,98,37,4.243056123085011,Mar17-Jun17,Mar-Jun
2017-02-07,IDR,0,2017-03-15,2017-06-21,64.62043982740303,240.5316371353335,14839.358608147211,175.91119730793048,98,36,4.3357843982063615,Mar17-Jun17,Mar-Jun
2017-02-08,IDR,0,2017-03-15,2017-06-21,61.28361656321745,232.87774294022628,14931.812270579225,171.59412637700882,98,35,4.204240239036163,Mar17-Jun17,Mar-Jun
2017-02-09,IDR,0,2017-03-15,2017-06-21,60.28068540010688,234.03089625923846,14858.716807735318,173.75021085913158,98,34,4.278210255083792,Mar17-Jun17,Mar-Jun
2017-02-10,IDR,0,2017-03-15,2017-06-21,59.154059988802814,234.82369268282326,14867.599091963475,175.66963269402044,98,33,4.323224290576977,Mar17-Jun17,Mar-Jun
2017-02-13,IDR,0,2017-03-15,2017-06-21,52.97918438990004,226.04452006357351,14849.710444401688,173.06533567367347,98,30,4.266009884890493,Mar17-Jun17,Mar-Jun
2017-02-14,IDR,0,2017-03-15,2017-06-21,52.12862745757734,228.2874374866318,14790.142593927962,176.15881002905445,98,29,4.359939165460731,Mar17-Jun17,Mar-Jun
2017-02-15,IDR,0,2017-03-15,2017-06-21,51.38511816453956,231.23303174042806,14854.037153802994,179.8479135758885,98,28,4.4323856977548415,Mar17-Jun17,Mar-Jun
2017-02-16,IDR,0,2017-03-15,2017-06-21,50.41580142500166,233.4064880787114,14850.923497902497,182.99068665370973,98,27,4.511075629940319,Mar17-Jun17,Mar-Jun
2017-02-17,IDR,0,2017-03-15,2017-06-21,49.570002412009856,236.41078073420087,14852.866152103403,186.840778322191,98,26,4.605648851197616,Mar17-Jun17,Mar-Jun
2017-02-20,IDR,0,2017-03-15,2017-06-21,43.24461715567405,227.5042902537635,14869.672963730445,184.25967309808942,98,23,4.53883195459443,Mar17-Jun17,Mar-Jun
2017-02-21,IDR,0,2017-03-15,2017-06-21,40.903797262116896,223.1116214297285,14772.758551793146,182.2078241676116,98,22,4.518361823819173,Mar17-Jun17,Mar-Jun
2017-02-22,IDR,0,2017-03-15,2017-06-21,40.071138588264866,227.06978533350093,14703.5256741454,186.99864674523607,98,21,4.659200960900973,Mar17-Jun17,Mar-Jun
2017-02-23,IDR,0,2017-03-15,2017-06-21,38.209886287843815,225.43832909827853,14697.180793339268,187.22844281043473,98,20,4.667524384895338,Mar17-Jun17,Mar-Jun
2017-02-24,IDR,0,2017-03-15,2017-06-21,38.26962840781523,235.66034335338855,14685.267070709375,197.39071494557334,98,19,4.924827258542703,Mar17-Jun17,Mar-Jun
2017-02-27,IDR,0,2017-03-15,2017-06-21,31.758719313190948,226.2808751064855,14673.496272953755,194.52215579329456,98,16,4.859291354842697,Mar17-Jun17,Mar-Jun
2017-02-28,IDR,0,2017-03-15,2017-06-21,30.055151252916794,226.41547277197316,14781.05835249216,196.36032151905636,98,15,4.870151254243019,Mar17-Jun17,Mar-Jun
2017-03-01,IDR,0,2017-03-15,2017-06-21,28.539190716087855,228.31352572870287,14787.216861701561,199.774335012615,98,14,4.9532734038788595,Mar17-Jun17,Mar-Jun
2017-03-02,IDR,0,2017-03-15,2017-06-21,26.19892199670052,223.69848781798137,14734.506345977436,197.49956582128084,98,13,4.915135123749924,Mar17-Jun17,Mar-Jun
2017-03-03,IDR,0,2017-03-15,2017-06-21,24.536671392979493,224.91948776897868,14827.540222520505,200.3828163759992,98,12,4.956210145202288,Mar17-Jun17,Mar-Jun
2017-03-06,IDR,0,2017-03-15,2017-06-21,18.70960946099396,222.43646803626154,14821.212298859275,203.72685857526758,98,9,5.043047955799326,Mar17-Jun17,Mar-Jun
2017-03-07,IDR,0,2017-03-15,2017-06-21,16.35234308570688,216.66854588561617,14838.780611872737,200.3162027999093,98,8,4.953543270787026,Mar17-Jun17,Mar-Jun
2017-03-08,IDR,0,2017-03-15,2017-06-21,14.221930153680319,213.3289523052048,14842.95584281789,199.1070221515245,98,7,4.92296425295054,Mar17-Jun17,Mar-Jun
2017-03-09,IDR,0,2017-03-15,2017-06-21,14.399570377763293,213.9364741839118,14747.388237573798,199.5369038061485,98,6,4.965473812490978,Mar17-Jun17,Mar-Jun
2017-03-10,IDR,0,2017-03-15,2017-06-21,14.408918332055165,212.01694117166886,14761.50358233787,197.60802283961368,98,5,4.912772883862307,Mar17-Jun17,Mar-Jun
2017-03-13,IDR,0,2017-03-15,2017-06-21,13.829442205421294,197.56346007744708,14786.141011439186,183.7340178720258,98,2,4.560423226898608,Mar17-Jun17,Mar-Jun
2017-03-14,IDR,0,2017-03-15,2017-06-21,14.036462999404822,198.5156909915825,14786.793589922485,184.47922799217767,98,1,4.578653996315396,Mar17-Jun17,Mar-Jun
2017-03-15,IDR,0,2017-06-21,2017-09-20,202.84886875763038,391.2085326040015,14797.25283680087,188.35966384637112,91,98,4.96769371534182,Jun17-Sep17,Jun-Sep
2017-03-16,IDR,0,2017-06-21,2017-09-20,196.6192085963552,381.0764042898431,14783.816817238603,184.45719569348788,91,97,4.871158442341588,Jun17-Sep17,Jun-Sep
2017-03-17,IDR,0,2017-06-21,2017-09-20,189.8531893716407,369.8181917968418,14777.380300342329,179.9650024252011,91,96,4.756720476318631,Jun17-Sep17,Jun-Sep
2017-03-20,IDR,0,2017-06-21,2017-09-20,188.14972713551083,372.25322357993537,14817.993491303541,184.10349644442454,91,93,4.853489093057481,Jun17-Sep17,Jun-Sep
2017-03-21,IDR,0,2017-06-21,2017-09-20,190.2817473708938,378.4952148790605,14734.518281500055,188.21346750816667,91,92,4.988882592339064,Jun17-Sep17,Jun-Sep
2017-03-22,IDR,0,2017-06-21,2017-09-20,183.67953771561025,367.3590754312205,14720.11222555871,183.67953771561025,91,91,4.8755668125971505,Jun17-Sep17,Jun-Sep
2017-03-23,IDR,0,2017-06-21,2017-09-20,178.7996900121737,359.5860432467049,14557.45788922468,180.7863532345312,91,90,4.853326946838919,Jun17-Sep17,Jun-Sep
2017-03-24,IDR,0,2017-06-21,2017-09-20,172.84791656427174,349.5800559726844,14678.087498315237,176.73213940841268,91,89,4.707852350127884,Jun17-Sep17,Jun-Sep
2017-03-27,IDR,0,2017-06-21,2017-09-20,171.10787713052505,352.1638866523597,14749.01759815252,181.05600952183462,91,86,4.800666947210776,Jun17-Sep17,Jun-Sep
2017-03-28,IDR,0,2017-06-21,2017-09-20,172.29532398933648,356.7526708485085,14832.592613040888,184.45734685917202,91,85,4.863224405623686,Jun17-Sep17,Jun-Sep
2017-03-29,IDR,0,2017-06-21,2017-09-20,167.68152866954088,349.33651806154353,14766.021589223752,181.65498939200265,91,84,4.812169608544095,Jun17-Sep17,Jun-Sep
2017-03-30,IDR,0,2017-06-21,2017-09-20,169.49181509109656,355.32019067290116,14713.62416191457,185.8283755818046,91,83,4.939457726578618,Jun17-Sep17,Jun-Sep
2017-03-31,IDR,0,2017-06-21,2017-09-20,166.98219685814792,352.29170800560473,14729.623849483845,185.30951114745682,91,82,4.9212053355763095,Jun17-Sep17,Jun-Sep
2017-04-03,IDR,0,2017-06-21,2017-09-20,160.8018678183525,346.0293358116446,14722.170182306805,185.22746799329212,91,79,4.923532764694225,Jun17-Sep17,Jun-Sep
2017-04-04,IDR,0,2017-06-21,2017-09-20,157.39585349346464,341.02434923584,14679.989629403632,183.62849574237538,91,78,4.896027009451444,Jun17-Sep17,Jun-Sep
2017-04-05,IDR,0,2017-06-21,2017-09-20,156.1488497520083,340.68839945892717,14811.178851470502,184.53954970691888,91,77,4.877601298256477,Jun17-Sep17,Jun-Sep
2017-04-06,IDR,0,2017-06-21,2017-09-20,153.1986367934784,336.63384663830124,14902.574605732378,183.43520984482282,91,76,4.8199301460156425,Jun17-Sep17,Jun-Sep
2017-04-07,IDR,0,2017-06-21,2017-09-20,154.671440250186,342.3394544204117,14962.319503625904,187.6680141702257,91,75,4.911181834779375,Jun17-Sep17,Jun-Sep
2017-04-10,IDR,0,2017-06-21,2017-09-20,145.36662096690912,329.09387802230816,14969.884263334536,183.72725705539904,91,72,4.808607613581987,Jun17-Sep17,Jun-Sep
2017-04-11,IDR,0,2017-06-21,2017-09-20,140.61310575179533,320.83553706747665,14839.005212268306,180.22243131568132,91,71,4.759586292611126,Jun17-Sep17,Jun-Sep
2017-04-12,IDR,0,2017-06-21,2017-09-20,139.28983934380608,320.36663049075395,14875.762666531897,181.07679114694787,91,70,4.77086407068105,Jun17-Sep17,Jun-Sep
2017-04-13,IDR,0,2017-06-21,2017-09-20,138.80776995142233,321.8730897424286,14887.842359544762,183.06531979100626,91,69,4.81953359983329,Jun17-Sep17,Jun-Sep
2017-04-14,IDR,0,2017-06-21,2017-09-20,136.6596296876974,319.5423694168219,14961.759332515263,182.8827397291245,91,68,4.791840516423202,Jun17-Sep17,Jun-Sep
2017-04-17,IDR,0,2017-06-21,2017-09-20,131.58431882208612,315.80236517300665,15027.513127966493,184.21804635092053,91,65,4.807507118540079,Jun17-Sep17,Jun-Sep
2017-04-18,IDR,0,2017-06-21,2017-09-20,127.799214520049,309.51372266574367,14978.48082237361,181.71450814569465,91,64,4.758753180264104,Jun17-Sep17,Jun-Sep
2017-04-19,IDR,0,2017-06-21,2017-09-20,127.85275073652708,312.528946244844,14967.199405017032,184.67619550831694,91,63,4.839911379752329,Jun17-Sep17,Jun-Sep
2017-04-20,IDR,0,2017-06-21,2017-09-20,131.52034188525818,324.5582630394275,14930.522637440943,193.03792115416934,91,62,5.070138906902826,Jun17-Sep17,Jun-Sep
2017-04-21,IDR,0,2017-06-21,2017-09-20,131.52560859284145,327.7359427231459,14971.049292701413,196.21033413030446,91,61,5.139631562979621,Jun17-Sep17,Jun-Sep
2017-04-24,IDR,0,2017-06-21,2017-09-20,127.11887960076456,326.5640182847227,14953.6433600566,199.44513868395813,91,58,5.231922119812813,Jun17-Sep17,Jun-Sep
2017-04-25,IDR,0,2017-06-21,2017-09-20,120.925878429703,313.98298258940434,14957.408402878886,193.05710415970134,91,57,5.065164200723962,Jun17-Sep17,Jun-Sep
2017-04-26,IDR,0,2017-06-21,2017-09-20,120.58180157541362,316.52722913546074,14980.514134914178,195.9454275600471,91,56,5.133195151355196,Jun17-Sep17,Jun-Sep
2017-04-27,IDR,0,2017-06-21,2017-09-20,121.44020869885702,322.3685540006022,14966.600577096815,200.9283453017452,91,55,5.268287495466,Jun17-Sep17,Jun-Sep
2017-04-28,IDR,0,2017-06-21,2017-09-20,120.37418221014859,323.226970749473,14986.72378112326,202.85278853932442,91,54,5.31203643489566,Jun17-Sep17,Jun-Sep
2017-05-01,IDR,0,2017-06-21,2017-09-20,117.31930673256629,326.65375600047867,14951.339699322853,209.33444926791236,91,51,5.495753022782728,Jun17-Sep17,Jun-Sep
2017-05-02,IDR,0,2017-06-21,2017-09-20,108.31797326122168,305.4566845966451,14927.008655019506,197.13871133542344,91,50,5.187046658593103,Jun17-Sep17,Jun-Sep
2017-05-03,IDR,0,2017-06-21,2017-09-20,104.31553147663382,298.0443756475252,14952.355991709981,193.7288441708914,91,49,5.090101234614899,Jun17-Sep17,Jun-Sep
2017-05-04,IDR,0,2017-06-21,2017-09-20,104.77395677259365,303.40791648730243,14972.821093715267,198.6339597147088,91,48,5.211737502984747,Jun17-Sep17,Jun-Sep
2017-05-05,IDR,0,2017-06-21,2017-09-20,99.50933775343822,292.1763534037122,14990.92391559533,192.66701565027398,91,47,5.050876737572487,Jun17-Sep17,Jun-Sep
2017-05-08,IDR,0,2017-06-21,2017-09-20,94.46854326599023,289.84666683883364,15022.591256285683,195.3781235728434,91,44,5.112928407721729,Jun17-Sep17,Jun-Sep
2017-05-09,IDR,0,2017-06-21,2017-09-20,93.69521183487932,291.9804275784611,15024.341455542819,198.28521574358177,91,43,5.188669974639786,Jun17-Sep17,Jun-Sep
2017-05-10,IDR,0,2017-06-21,2017-09-20,90.40071067898086,286.26891715010606,15034.486827027295,195.8682064711252,91,42,5.12310079965571,Jun17-Sep17,Jun-Sep
2017-05-11,IDR,0,2017-06-21,2017-09-20,88.73266876027131,285.67590917941004,14986.201260986565,196.94324041913873,91,41,5.168288760499576,Jun17-Sep17,Jun-Sep
2017-05-12,IDR,0,2017-06-21,2017-09-20,86.71456381714083,283.9901965011362,15036.229048502584,197.27563268399538,91,40,5.160576501247428,Jun17-Sep17,Jun-Sep
2017-05-15,IDR,0,2017-06-21,2017-09-20,81.60600307351382,282.3126592813451,15065.16525800071,200.70665620783126,91,37,5.242070013094543,Jun17-Sep17,Jun-Sep
2017-05-16,IDR,0,2017-06-21,2017-09-20,80.38712723191135,283.58792106813166,15073.83816301558,203.20079383622033,91,36,5.304601567699036,Jun17-Sep17,Jun-Sep
2017-05-17,IDR,0,2017-06-21,2017-09-20,75.74815214285631,272.6933477142827,14966.870892448835,196.94519557142638,91,35,5.1794428104749155,Jun17-Sep17,Jun-Sep
2017-05-18,IDR,0,2017-06-21,2017-09-20,69.40477010059674,255.1645959580762,14944.913114568759,185.75982585747948,91,34,4.894488327768894,Jun17-Sep17,Jun-Sep
2017-05-19,IDR,0,2017-06-21,2017-09-20,67.96750571696855,255.39305178497273,14951.81941391341,187.42554606800417,91,33,4.936579344953964,Jun17-Sep17,Jun-Sep
2017-05-22,IDR,0,2017-06-21,2017-09-20,61.81568247305889,249.32325264133755,14955.455315461204,187.50757016827865,91,30,4.939567180872862,Jun17-Sep17,Jun-Sep
2017-05-23,IDR,0,2017-06-21,2017-09-20,60.882984639969536,251.92959161366701,14957.238990029802,191.04660697369746,91,29,5.032511895400396,Jun17-Sep17,Jun-Sep
2017-05-24,IDR,0,2017-06-21,2017-09-20,59.09904791014035,251.17095361809652,14977.202858331784,192.07190570795618,91,28,5.053402801032959,Jun17-Sep17,Jun-Sep
2017-05-25,IDR,0,2017-06-21,2017-09-20,56.23829919508127,245.78219648220704,14985.164019931486,189.5438972871258,91,27,4.985200005681997,Jun17-Sep17,Jun-Sep
2017-05-26,IDR,0,2017-06-21,2017-09-20,54.675500859561055,246.03975386802477,15053.475865579938,191.36425300846372,91,26,5.0108406922548125,Jun17-Sep17,Jun-Sep
2017-05-29,IDR,0,2017-06-21,2017-09-20,49.18081559473912,243.7657816434896,15020.17943457411,194.58496604875046,91,23,5.108290372615865,Jun17-Sep17,Jun-Sep
2017-05-30,IDR,0,2017-06-21,2017-09-20,48.450432241607544,248.85903833189332,15011.315089518886,200.4086060902858,91,22,5.264525889975434,Jun17-Sep17,Jun-Sep
2017-05-31,IDR,0,2017-06-21,2017-09-20,47.674795274278054,254.2655747961496,15095.09383488362,206.59077952187153,91,21,5.397178182292389,Jun17-Sep17,Jun-Sep
2017-06-01,IDR,0,2017-06-21,2017-09-20,45.683195876812064,253.54173711630696,15092.608141671937,207.8585412394949,91,20,5.431904482793312,Jun17-Sep17,Jun-Sep
2017-06-02,IDR,0,2017-06-21,2017-09-20,44.122890494456456,255.44831338895847,15060.866214713496,211.32542289450203,91,19,5.534679013518697,Jun17-Sep17,Jun-Sep
2017-06-05,IDR,0,2017-06-21,2017-09-20,37.85094236147159,253.1281770423412,15065.622617893598,215.2772346808696,91,16,5.638743960026663,Jun17-Sep17,Jun-Sep
2017-06-06,IDR,0,2017-06-21,2017-09-20,34.81563169195804,246.03046395650352,15064.924290255727,211.2148322645455,91,15,5.53370564609845,Jun17-Sep17,Jun-Sep
2017-06-07,IDR,0,2017-06-21,2017-09-20,33.396227152203814,250.47170364152862,15073.482296133288,217.0754764893248,91,14,5.6845636605026515,Jun17-Sep17,Jun-Sep
2017-06-08,IDR,0,2017-06-21,2017-09-20,30.359048128683195,242.8723850294655,15096.402353131783,212.51333690078232,91,13,5.557779882447403,Jun17-Sep17,Jun-Sep
2017-06-09,IDR,0,2017-06-21,2017-09-20,27.825987374728683,238.83972496642122,15116.885957960856,211.01373759169252,91,12,5.5120204613661645,Jun17-Sep17,Jun-Sep
2017-06-12,IDR,0,2017-06-21,2017-09-20,20.886186031904003,232.06873368782226,15172.41835772351,211.18254765591826,91,9,5.498786908865922,Jun17-Sep17,Jun-Sep
2017-06-13,IDR,0,2017-06-21,2017-09-20,18.62106387521157,230.4356654557431,15227.767428676701,211.81460158053153,91,8,5.4960417333840885,Jun17-Sep17,Jun-Sep
2017-06-14,IDR,0,2017-06-21,2017-09-20,16.41371393193544,229.79199504709618,15208.370916445227,213.37828111516075,91,7,5.5444715958242705,Jun17-Sep17,Jun-Sep
2017-06-15,IDR,0,2017-06-21,2017-09-20,16.678499549497324,231.11635090017722,15247.82464453341,214.4378513506799,91,6,5.5575052641772125,Jun17-Sep17,Jun-Sep
2017-06-16,IDR,0,2017-06-21,2017-09-20,16.47242131644207,225.90749233977692,15193.965646163473,209.43507102333484,91,5,5.447143226446016,Jun17-Sep17,Jun-Sep
2017-06-19,IDR,0,2017-06-21,2017-09-20,16.199500641020304,215.22193708784118,15113.50293192443,199.02243644682088,91,2,5.203945750630917,Jun17-Sep17,Jun-Sep
2017-06-20,IDR,0,2017-06-21,2017-09-20,16.189110201542388,212.7711626488428,15166.252727652627,196.5820524473004,91,1,5.122280386491405,Jun17-Sep17,Jun-Sep
2017-06-21,IDR,0,2017-09-20,2017-12-20,211.2996595303537,422.5993190607074,15149.18887171525,211.2996595303537,91,91,5.441954136411957,Sep17-Dec17,Sep-Dec
2017-06-22,IDR,0,2017-09-20,2017-12-20,210.61321851442585,423.56658390123425,15150.623389048726,212.9533653868084,91,90,5.484277702245146,Sep17-Dec17,Sep-Dec
2017-06-23,IDR,0,2017-09-20,2017-12-20,212.65102096809144,430.08071656467934,15136.829639509784,217.4296955965879,91,89,5.603847140862023,Sep17-Dec17,Sep-Dec
2017-06-26,IDR,0,2017-09-20,2017-12-20,203.63701799455364,419.11339750041856,15107.917775434316,215.4763795058649,91,86,5.567259761106966,Sep17-Dec17,Sep-Dec
2017-06-27,IDR,0,2017-09-20,2017-12-20,202.72065816075093,419.7510098387313,15165.558086295478,217.03035167798038,91,85,5.5867128994096324,Sep17-Dec17,Sep-Dec
2017-06-28,IDR,0,2017-09-20,2017-12-20,197.90804264732805,412.30842218193345,15149.49238145048,214.4003795346054,91,84,5.526521118844536,Sep17-Dec17,Sep-Dec
2017-06-29,IDR,0,2017-09-20,2017-12-20,199.54982988370435,418.3333783104163,15127.217138645241,218.78354842671197,91,83,5.64709658737907,Sep17-Dec17,Sep-Dec
2017-06-30,IDR,0,2017-09-20,2017-12-20,194.4435317628837,410.2284267680351,15196.78622999119,215.78489500515138,91,82,5.546369867156218,Sep17-Dec17,Sep-Dec
2017-07-03,IDR,0,2017-09-20,2017-12-20,190.40425070688303,411.77111531146767,15303.369250237,221.36686460458463,91,79,5.652186968745956,Sep17-Dec17,Sep-Dec
2017-07-04,IDR,0,2017-09-20,2017-12-20,188.10200348574995,409.48055293492456,15296.38980193856,221.3785494491746,91,78,5.655873525273785,Sep17-Dec17,Sep-Dec
2017-07-05,IDR,0,2017-09-20,2017-12-20,185.44011414888644,406.41323415525113,15327.74362588552,220.9731200063647,91,77,5.635073950638405,Sep17-Dec17,Sep-Dec
2017-07-06,IDR,0,2017-09-20,2017-12-20,183.0364813012303,403.8952099539002,15269.634377875993,220.85872865266987,91,76,5.6542124438445445,Sep17-Dec17,Sep-Dec
2017-07-07,IDR,0,2017-09-20,2017-12-20,185.38072426318098,411.8986367932191,15325.396946150511,226.51791253003813,91,75,5.777368729289853,Sep17-Dec17,Sep-Dec
2017-07-10,IDR,0,2017-09-20,2017-12-20,175.13589708293503,397.7327666822951,15274.086921620283,222.59686959936008,91,72,5.699982523048167,Sep17-Dec17,Sep-Dec
2017-07-11,IDR,0,2017-09-20,2017-12-20,171.7568225893726,393.032281695173,15341.845096696678,221.27545910580042,91,71,5.642631847656963,Sep17-Dec17,Sep-Dec
2017-07-12,IDR,0,2017-09-20,2017-12-20,170.6047235459579,393.41678874472143,15388.868835273523,222.81206519876352,91,70,5.665065212721267,Sep17-Dec17,Sep-Dec
2017-07-13,IDR,0,2017-09-20,2017-12-20,165.68671544921276,385.11677205960467,15452.315275765422,219.43005661039192,91,69,5.558169026462085,Sep17-Dec17,Sep-Dec
2017-07-14,IDR,0,2017-09-20,2017-12-20,164.7616308951214,386.05873120255035,15568.792595864752,221.29710030742893,91,68,5.564292997905442,Sep17-Dec17,Sep-Dec
2017-07-17,IDR,0,2017-09-20,2017-12-20,157.59674847771512,378.69489744956724,15616.162227969633,221.0981489718521,91,65,5.545120837960192,Sep17-Dec17,Sep-Dec
2017-07-18,IDR,0,2017-09-20,2017-12-20,156.1853857997354,378.6097435554699,15671.804478104583,222.4243577557345,91,64,5.559269014842994,Sep17-Dec17,Sep-Dec
2017-07-19,IDR,0,2017-09-20,2017-12-20,158.40488931140607,387.44457090903205,15701.799977664654,229.039681597626,91,63,5.712984514879572,Sep17-Dec17,Sep-Dec
2017-07-20,IDR,0,2017-09-20,2017-12-20,156.88623606561444,387.2712851897472,15733.082305125885,230.38504912413273,91,62,5.7357783861419565,Sep17-Dec17,Sep-Dec
2017-07-21,IDR,0,2017-09-20,2017-12-20,153.59671655817277,382.7328019154469,15650.806440754923,229.1360853572741,91,61,5.7355688574026304,Sep17-Dec17,Sep-Dec
2017-07-24,IDR,0,2017-09-20,2017-12-20,145.58761136147925,374.00955332517947,15625.112765785703,228.42194196370022,91,58,5.729911933668879,Sep17-Dec17,Sep-Dec
2017-07-25,IDR,0,2017-09-20,2017-12-20,142.67657117023032,370.45846549463306,15540.545890482459,227.78189432440274,91,57,5.745727247965998,Sep17-Dec17,Sep-Dec
2017-07-26,IDR,0,2017-09-20,2017-12-20,138.3254171972897,363.1042201428855,15498.938780571218,224.77880294559577,91,56,5.686639386489526,Sep17-Dec17,Sep-Dec
2017-07-27,IDR,0,2017-09-20,2017-12-20,134.17522584778504,356.17423588684755,15432.706043719427,221.9990100390625,91,55,5.641707074812112,Sep17-Dec17,Sep-Dec
2017-07-28,IDR,0,2017-09-20,2017-12-20,129.27245929980776,347.1204925642987,15508.209059871924,217.8480332644909,91,54,5.511222470673738,Sep17-Dec17,Sep-Dec
2017-07-31,IDR,0,2017-09-20,2017-12-20,125.2581125557916,348.7578820180864,15575.472479650838,223.49976946229478,91,51,5.631425282829902,Sep17-Dec17,Sep-Dec
2017-08-01,IDR,0,2017-09-20,2017-12-20,123.89679930109384,349.38897402908464,15638.559862118089,225.4921747279908,91,50,5.659377685404287,Sep17-Dec17,Sep-Dec
2017-08-02,IDR,0,2017-09-20,2017-12-20,122.30571156946534,351.5336229905874,15665.495940862951,229.22791142112203,91,49,5.743900978097216,Sep17-Dec17,Sep-Dec
2017-08-03,IDR,0,2017-09-20,2017-12-20,119.85486872790312,349.0450821320179,15607.25555928163,229.1902134041148,91,48,5.7651185363777415,Sep17-Dec17,Sep-Dec
2017-08-04,IDR,0,2017-09-20,2017-12-20,116.35129665570581,343.4835495637974,15662.852774594985,227.13225290809157,91,47,5.694489863255064,Sep17-Dec17,Sep-Dec
2017-08-07,IDR,0,2017-09-20,2017-12-20,103.98088523699602,320.5297686460138,15551.035512359653,216.54888340901778,91,44,5.472219764201851,Sep17-Dec17,Sep-Dec
2017-08-08,IDR,0,2017-09-20,2017-12-20,102.39313930738214,320.45969618776894,15458.616859410646,218.0665568803868,91,43,5.5438617701103,Sep17-Dec17,Sep-Dec
2017-08-09,IDR,0,2017-09-20,2017-12-20,99.59150878312144,316.6412552732272,15563.587009204974,217.04974649010578,91,42,5.482018459899064,Sep17-Dec17,Sep-Dec
2017-08-10,IDR,0,2017-09-20,2017-12-20,94.75166412705498,306.20456778455684,15530.799861957394,211.45290365750185,91,41,5.353519714845074,Sep17-Dec17,Sep-Dec
2017-08-11,IDR,0,2017-09-20,2017-12-20,91.7611272823565,301.5476973916252,15450.083128615384,209.78657010926872,91,40,5.33993829223339,Sep17-Dec17,Sep-Dec
2017-08-14,IDR,0,2017-09-20,2017-12-20,83.61179727440292,289.93488098726027,15373.304638210142,206.32308371285734,91,37,5.2806340237487355,Sep17-Dec17,Sep-Dec
2017-08-15,IDR,0,2017-09-20,2017-12-20,81.60098130899893,288.43811611063956,15335.665305120137,206.83713480164062,91,36,5.307405228757956,Sep17-Dec17,Sep-Dec
2017-08-16,IDR,0,2017-09-20,2017-12-20,79.4565666821128,286.49942605054787,15382.777329285656,207.04285936843507,91,35,5.297233620687587,Sep17-Dec17,Sep-Dec
2017-08-17,IDR,0,2017-09-20,2017-12-20,76.85446404888096,282.8945555252595,15362.049373280464,206.0400914763785,91,34,5.279543594390763,Sep17-Dec17,Sep-Dec
2017-08-18,IDR,0,2017-09-20,2017-12-20,77.47704173936168,291.3555284055883,15503.035302749102,213.87848666622662,91,33,5.4305832555183855,Sep17-Dec17,Sep-Dec
2017-08-21,IDR,0,2017-09-20,2017-12-20,70.92268810160982,286.0548420098263,15465.292771224527,215.13215390821648,91,30,5.477989536431338,Sep17-Dec17,Sep-Dec
2017-08-22,IDR,0,2017-09-20,2017-12-20,68.96636819983996,285.3780753096827,15552.614110566832,216.41170710984272,91,29,5.4804584407623365,Sep17-Dec17,Sep-Dec
2017-08-23,IDR,0,2017-09-20,2017-12-20,68.62775585505474,291.6679623839826,15583.039315024751,223.04020652892788,91,28,5.637462495194481,Sep17-Dec17,Sep-Dec
2017-08-24,IDR,0,2017-09-20,2017-12-20,64.60940310481344,282.367020976592,15578.94487978343,217.75761787177856,91,27,5.5067965533030305,Sep17-Dec17,Sep-Dec
2017-08-25,IDR,0,2017-09-20,2017-12-20,60.96795796796255,274.3558108558315,15569.701060035255,213.38785288786897,91,26,5.400739563597328,Sep17-Dec17,Sep-Dec
2017-08-28,IDR,0,2017-09-20,2017-12-20,54.7684072151434,271.46080097940643,15600.984947132982,216.69239376426304,91,23,5.475588528186191,Sep17-Dec17,Sep-Dec
2017-08-29,IDR,0,2017-09-20,2017-12-20,51.50063027734231,264.52596460634913,15584.712990158265,213.02533432900682,91,22,5.389652551530135,Sep17-Dec17,Sep-Dec
2017-08-30,IDR,0,2017-09-20,2017-12-20,48.545859887346346,258.9112527325139,15578.300091227084,210.36539284516755,91,21,5.32554517737844,Sep17-Dec17,Sep-Dec
2017-08-31,IDR,0,2017-09-20,2017-12-20,47.29824172473213,262.5052415722633,15600.015026960731,215.20699984753116,91,20,5.440987448937976,Sep17-Dec17,Sep-Dec
2017-09-01,IDR,0,2017-09-20,2017-12-20,44.527087393251236,259.91472100524766,15611.667520688401,215.38763361199642,91,19,5.44246521895879,Sep17-Dec17,Sep-Dec
2017-09-04,IDR,0,2017-09-20,2017-12-20,36.85877573387959,248.27827946096332,15564.858457485938,211.41950372708374,91,16,5.360851228148605,Sep17-Dec17,Sep-Dec
2017-09-05,IDR,0,2017-09-20,2017-12-20,33.925578662731155,241.4082268273292,15507.479779470146,207.48264816459806,91,15,5.281443069921736,Sep17-Dec17,Sep-Dec
2017-09-06,IDR,0,2017-09-20,2017-12-20,32.266910244295026,243.55750174490444,15501.189308607323,211.29059150060942,91,14,5.381126104186096,Sep17-Dec17,Sep-Dec
2017-09-07,IDR,0,2017-09-20,2017-12-20,29.926934145366843,240.85925818755072,15492.923917994085,210.9323240421839,91,13,5.375671992276999,Sep17-Dec17,Sep-Dec
2017-09-08,IDR,0,2017-09-20,2017-12-20,27.62510265840248,238.44398194773441,15444.015508689676,210.81887928933193,91,12,5.39056441513252,Sep17-Dec17,Sep-Dec
2017-09-11,IDR,0,2017-09-20,2017-12-20,20.14102586155626,224.78593269348352,15449.725036527627,204.64490683192724,91,9,5.233298359162371,Sep17-Dec17,Sep-Dec
2017-09-12,IDR,0,2017-09-20,2017-12-20,18.127459024667708,225.21267942085552,15438.708960959058,207.08522039618782,91,8,5.300167591054992,Sep17-Dec17,Sep-Dec
2017-09-13,IDR,0,2017-09-20,2017-12-20,15.10870113840572,212.29730126756073,15454.314788335949,197.18860012915502,91,7,5.042765622600547,Sep17-Dec17,Sep-Dec
2017-09-14,IDR,0,2017-09-20,2017-12-20,14.753826477211696,205.1082347523575,15399.720459214712,190.3544082751458,91,6,4.885346022226746,Sep17-Dec17,Sep-Dec
2017-09-15,IDR,0,2017-09-20,2017-12-20,14.614037043256507,200.97505713528864,15455.977409091536,186.36102009203213,91,5,4.7655087379446615,Sep17-Dec17,Sep-Dec
2017-09-18,IDR,0,2017-09-20,2017-12-20,15.10625885638699,200.91830439635388,15405.354978782216,185.81204553996687,91,2,4.766917204294454,Sep17-Dec17,Sep-Dec
2017-09-19,IDR,0,2017-09-20,2017-12-20,15.229416554953506,200.26813728810788,15357.713652005454,185.03872073315438,91,1,4.761751276419969,Sep17-Dec17,Sep-Dec
2017-09-20,IDR,0,2017-12-20,2018-03-21,201.09159264002264,405.5762654751862,15268.860878134215,204.48467283516354,91,91,5.2291715543499455,Dec17-Mar18,Dec-Mar
2017-09-21,IDR,0,2017-12-20,2018-03-21,201.68779321470439,409.0006308436982,15228.31020356749,207.31283762899383,91,90,5.315222325262389,Dec17-Mar18,Dec-Mar
2017-09-22,IDR,0,2017-12-20,2018-03-21,196.44965427170476,400.6871805562353,15179.728681925926,204.23752628453056,91,89,5.254703826848912,Dec17-Mar18,Dec-Mar
2017-09-25,IDR,0,2017-12-20,2018-03-21,185.82132519171944,385.8082446188289,15129.129677700528,199.98691942710946,91,86,5.165912994028287,Dec17-Mar18,Dec-Mar
2017-09-26,IDR,0,2017-12-20,2018-03-21,189.46269581614104,395.6735376281775,15184.38889875517,206.21084181203645,91,85,5.306277021103183,Dec17-Mar18,Dec-Mar
2017-09-27,IDR,0,2017-12-20,2018-03-21,186.0405784884435,390.9445097313104,15119.87046173947,204.90393124286692,91,84,5.296051679854292,Dec17-Mar18,Dec-Mar
2017-09-28,IDR,0,2017-12-20,2018-03-21,184.72499913457776,390.6335279931291,15204.197386257072,205.90852885855136,91,83,5.293308853529898,Dec17-Mar18,Dec-Mar
2017-09-29,IDR,0,2017-12-20,2018-03-21,176.67840578138384,376.1212305299664,15177.989814027373,199.44282474858255,91,82,5.138532269978202,Dec17-Mar18,Dec-Mar
2017-10-02,IDR,0,2017-12-20,2018-03-21,171.47962405572605,368.02520365404143,15171.847983422083,196.54557959831538,91,79,5.06762921413555,Dec17-Mar18,Dec-Mar
2017-10-03,IDR,0,2017-12-20,2018-03-21,172.29411101119047,372.53901538449514,15111.277151174512,200.24490437330468,91,78,5.18319723895028,Dec17-Mar18,Dec-Mar
2017-10-04,IDR,0,2017-12-20,2018-03-21,169.27851851071176,368.78349561987955,15164.981096018273,199.50497710916778,91,77,5.146974674575149,Dec17-Mar18,Dec-Mar
2017-10-05,IDR,0,2017-12-20,2018-03-21,170.19359717093062,373.64663542221905,15111.861274059067,203.45303825128843,91,76,5.2667600600495215,Dec17-Mar18,Dec-Mar
2017-10-06,IDR,0,2017-12-20,2018-03-21,167.04365481016447,369.61314625310416,15070.249771700284,202.5694914429397,91,75,5.25929238133254,Dec17-Mar18,Dec-Mar
2017-10-09,IDR,0,2017-12-20,2018-03-21,156.4923953744793,354.8515928483307,15101.695559560432,198.35919747385142,91,72,5.142928548329759,Dec17-Mar18,Dec-Mar
2017-10-10,IDR,0,2017-12-20,2018-03-21,151.80979551777304,347.1845603420894,15066.240990647193,195.37476482431637,91,71,5.07891035722802,Dec17-Mar18,Dec-Mar
2017-10-11,IDR,0,2017-12-20,2018-03-21,152.7726930320606,352.4201683220156,15139.95021691224,199.64747528995503,91,70,5.1646406765578305,Dec17-Mar18,Dec-Mar
2017-10-12,IDR,0,2017-12-20,2018-03-21,154.20949112284865,358.8721551078527,15150.780476096352,204.66266398500403,91,69,5.290134110638904,Dec17-Mar18,Dec-Mar
2017-10-13,IDR,0,2017-12-20,2018-03-21,153.36082434480164,360.1254455013283,15168.818922358872,206.76462115652663,91,68,5.338469743679682,Dec17-Mar18,Dec-Mar
2017-10-16,IDR,0,2017-12-20,2018-03-21,144.9594623898396,350.2080031938284,15255.618473470937,205.24854080398882,91,65,5.272349211283484,Dec17-Mar18,Dec-Mar
2017-10-17,IDR,0,2017-12-20,2018-03-21,143.40789365822906,349.8929104664015,15302.111086780214,206.48501680817242,91,64,5.288678248961098,Dec17-Mar18,Dec-Mar
2017-10-18,IDR,0,2017-12-20,2018-03-21,147.4549788174852,363.27284218935597,15200.071558125708,215.81786337187077,91,63,5.56301337510941,Dec17-Mar18,Dec-Mar
2017-10-19,IDR,0,2017-12-20,2018-03-21,144.61306862188673,359.96510891446883,15187.480509099976,215.3520402925821,91,62,5.55659364523512,Dec17-Mar18,Dec-Mar
2017-10-20,IDR,0,2017-12-20,2018-03-21,140.75001690525204,354.0968728666354,15189.836699983924,213.34685596138337,91,61,5.505396209899773,Dec17-Mar18,Dec-Mar
2017-10-23,IDR,0,2017-12-20,2018-03-21,132.5403765670663,343.89048344834805,15294.718824153077,211.35010688128176,91,58,5.419694464574136,Dec17-Mar18,Dec-Mar
2017-10-24,IDR,0,2017-12-20,2018-03-21,127.69868282011535,334.9751260495957,15329.773219727984,207.27644322948035,91,57,5.304843674553952,Dec17-Mar18,Dec-Mar
2017-10-25,IDR,0,2017-12-20,2018-03-21,124.20649315969399,329.45960058418655,15379.00217995399,205.25310742449255,91,56,5.237562960073461,Dec17-Mar18,Dec-Mar
2017-10-26,IDR,0,2017-12-20,2018-03-21,121.0953113346925,324.85503885420115,15309.13762766993,203.75972751950866,91,55,5.22404581787679,Dec17-Mar18,Dec-Mar
2017-10-27,IDR,0,2017-12-20,2018-03-21,121.60730198927695,329.9452600925457,15332.104712692517,208.33795810326876,91,54,5.333308393387555,Dec17-Mar18,Dec-Mar
2017-10-30,IDR,0,2017-12-20,2018-03-21,114.23925750156829,321.4818873255051,15317.796033358605,207.24262982393682,91,51,5.3127208284393435,Dec17-Mar18,Dec-Mar
2017-10-31,IDR,0,2017-12-20,2018-03-21,113.59237094906302,323.7330515902636,15311.54481257658,210.14068064120056,91,50,5.389422211800164,Dec17-Mar18,Dec-Mar
2017-11-01,IDR,0,2017-12-20,2018-03-21,114.83484978195725,325.52714166911863,15410.902158076104,210.6922918871614,91,49,5.368556529608783,Dec17-Mar18,Dec-Mar
2017-11-02,IDR,0,2017-12-20,2018-03-21,109.43234244488568,314.5630202359503,15418.000668276256,205.13067779106464,91,48,5.226272607418297,Dec17-Mar18,Dec-Mar
2017-11-03,IDR,0,2017-12-20,2018-03-21,107.47700468517014,313.46713010690183,15514.711640392079,205.9901254217317,91,47,5.2163368987108285,Dec17-Mar18,Dec-Mar
2017-11-06,IDR,0,2017-12-20,2018-03-21,101.22744884841224,309.2490347095331,15580.523556290796,208.02158586112085,91,44,5.24777199435743,Dec17-Mar18,Dec-Mar
2017-11-07,IDR,0,2017-12-20,2018-03-21,101.14897054955264,314.1402126038453,15666.604348707502,212.99124205429268,91,43,5.343834969755053,Dec17-Mar18,Dec-Mar
2017-11-08,IDR,0,2017-12-20,2018-03-21,99.54769538986179,314.44723874659473,15686.376188780874,214.89954335673295,91,42,5.385507024428847,Dec17-Mar18,Dec-Mar
2017-11-09,IDR,0,2017-12-20,2018-03-21,97.83081735822657,314.4704959218345,15705.355853323139,216.63967856360796,91,41,5.42318526560769,Dec17-Mar18,Dec-Mar
2017-11-10,IDR,0,2017-12-20,2018-03-21,95.56655111101551,312.78079319245853,15915.889490491054,217.21424208144302,91,40,5.36683913892804,Dec17-Mar18,Dec-Mar
2017-11-13,IDR,0,2017-12-20,2018-03-21,90.28394268685322,313.1070438016416,15904.087512836715,222.82310111478841,91,37,5.511301177938444,Dec17-Mar18,Dec-Mar
2017-11-14,IDR,0,2017-12-20,2018-03-21,87.17484617314739,308.65530813407065,15914.675770444244,221.48046196092326,91,36,5.47553194886369,Dec17-Mar18,Dec-Mar
2017-11-15,IDR,0,2017-12-20,2018-03-21,85.13591519051656,307.9634733193746,15819.070721180517,222.82755812885804,91,35,5.5426569506446555,Dec17-Mar18,Dec-Mar
2017-11-16,IDR,0,2017-12-20,2018-03-21,81.60639297783295,301.86926573185497,15802.255984162592,220.262872754022,91,34,5.4858798559818585,Dec17-Mar18,Dec-Mar
2017-11-17,IDR,0,2017-12-20,2018-03-21,79.54866147568377,301.1535564222903,15864.286918027039,221.60489494660652,91,33,5.498543314196827,Dec17-Mar18,Dec-Mar
2017-11-20,IDR,0,2017-12-20,2018-03-21,70.22747652677181,286.7678275358229,15826.524950294943,216.5403510090511,91,30,5.388793407914106,Dec17-Mar18,Dec-Mar
2017-11-21,IDR,0,2017-12-20,2018-03-21,68.0967193037929,285.32877299568514,15971.60178926694,217.23205369189225,91,29,5.357828593895472,Dec17-Mar18,Dec-Mar
2017-11-22,IDR,0,2017-12-20,2018-03-21,64.30531882370887,276.8385611978357,15934.302886828458,212.53324237412681,91,28,5.255399958201035,Dec17-Mar18,Dec-Mar
2017-11-23,IDR,0,2017-12-20,2018-03-21,62.85737225231739,278.2692995704042,16016.860437910645,215.4119273180868,91,27,5.299713982467289,Dec17-Mar18,Dec-Mar
2017-11-24,IDR,0,2017-12-20,2018-03-21,59.75302463292581,272.45048491638676,16028.433306992563,212.69746028346094,91,26,5.230176260242669,Dec17-Mar18,Dec-Mar
2017-11-27,IDR,0,2017-12-20,2018-03-21,52.43409580586175,263.4434243402204,15987.098730683936,211.00932853435867,91,23,5.204404566189122,Dec17-Mar18,Dec-Mar
2017-11-28,IDR,0,2017-12-20,2018-03-21,49.40961139644425,257.3332950911882,15964.037224351068,207.92368369474394,91,22,5.136653217986571,Dec17-Mar18,Dec-Mar
2017-11-29,IDR,0,2017-12-20,2018-03-21,49.754571093306524,268.9165876982057,16014.93840256929,219.16201660489918,91,21,5.397019243415648,Dec17-Mar18,Dec-Mar
2017-11-30,IDR,0,2017-12-20,2018-03-21,45.67080812630247,257.031134532901,16011.67244364978,211.36032640659852,91,20,5.207279490247059,Dec17-Mar18,Dec-Mar
2017-12-01,IDR,0,2017-12-20,2018-03-21,43.95347666812988,258.0381426774908,16067.90780006149,214.0846660093609,91,19,5.256551893673758,Dec17-Mar18,Dec-Mar
2017-12-04,IDR,0,2017-12-20,2018-03-21,39.07335382905656,261.885771244816,15983.108928007403,222.81241741575946,91,16,5.501471033995291,Dec17-Mar18,Dec-Mar
2017-12-05,IDR,0,2017-12-20,2018-03-21,36.7979559553777,262.0194585584296,15962.801430308813,225.22150260305193,91,15,5.568802959584542,Dec17-Mar18,Dec-Mar
2017-12-06,IDR,0,2017-12-20,2018-03-21,34.48310039511721,262.1690294075371,15955.993998711072,227.68592901241988,91,14,5.632949772312861,Dec17-Mar18,Dec-Mar
2017-12-07,IDR,0,2017-12-20,2018-03-21,31.85243785013556,258.37517896906894,16000.542755929788,226.52274111893337,91,13,5.589519906905349,Dec17-Mar18,Dec-Mar
2017-12-08,IDR,0,2017-12-20,2018-03-21,28.64022409714453,249.3535356216334,15862.25454514283,220.71331152448886,91,12,5.494665811802232,Dec17-Mar18,Dec-Mar
2017-12-11,IDR,0,2017-12-20,2018-03-21,20.78670005999077,234.48886505237607,15864.889736154037,213.7021649923853,91,9,5.321870690280287,Dec17-Mar18,Dec-Mar
2017-12-12,IDR,0,2017-12-20,2018-03-21,18.42087015192443,231.49437508602412,15912.48130181683,213.0735049340997,91,8,5.291151387966159,Dec17-Mar18,Dec-Mar
2017-12-13,IDR,0,2017-12-20,2018-03-21,16.13495857000574,229.44190159311972,15986.167258677544,213.30694302311397,91,7,5.2733139974027,Dec17-Mar18,Dec-Mar
2017-12-14,IDR,0,2017-12-20,2018-03-21,16.16354842337152,227.53707750978904,16004.150679526727,211.37352908641753,91,6,5.219641514590933,Dec17-Mar18,Dec-Mar
2017-12-15,IDR,0,2017-12-20,2018-03-21,16.15715746663079,225.14670896852573,16032.75813200854,208.98955150189494,91,5,5.151574652759269,Dec17-Mar18,Dec-Mar
2017-12-18,IDR,0,2017-12-20,2018-03-21,16.272672548795608,219.73857107391368,15950.218165331322,203.46589852511806,91,2,5.0413083644635295,Dec17-Mar18,Dec-Mar
2017-12-19,IDR,0,2017-12-20,2018-03-21,16.29215538882591,217.67568240273184,15975.952101732326,201.38352701390593,91,1,4.981677818830367,Dec17-Mar18,Dec-Mar
2017-12-20,IDR,0,2018-03-21,2018-06-20,215.37803845342734,427.19263487608754,16035.48913845223,211.8145964226602,91,91,5.156327012324396,Mar18-Jun18,Mar-Jun
2017-12-21,IDR,0,2018-03-21,2018-06-20,210.0539671316464,418.82454693250554,16099.062868804966,208.77057980085914,91,90,5.064073050241028,Mar18-Jun18,Mar-Jun
2017-12-22,IDR,0,2018-03-21,2018-06-20,201.91969886479296,404.72780565863707,16060.108947232684,202.8081067938441,91,89,4.93368817986342,Mar18-Jun18,Mar-Jun
2017-12-25,IDR,0,2018-03-21,2018-06-20,200.0134434991291,407.8681379510414,16107.014945091774,207.85469445191228,91,86,5.042502460455372,Mar18-Jun18,Mar-Jun
2017-12-26,IDR,0,2018-03-21,2018-06-20,200.90339620458548,412.1449590936007,16154.31802999369,211.2415628890152,91,85,5.109566458047122,Mar18-Jun18,Mar-Jun
2017-12-27,IDR,0,2018-03-21,2018-06-20,192.2364267011588,396.6053250874184,16146.957627674248,204.36889838625962,91,84,4.948177630877815,Mar18-Jun18,Mar-Jun
2017-12-28,IDR,0,2018-03-21,2018-06-20,187.53317984044622,389.1908010080844,16216.655368680036,201.65762116763818,91,83,4.863187295432459,Mar18-Jun18,Mar-Jun
2017-12-29,IDR,0,2018-03-21,2018-06-20,183.51693268531974,383.1688289680425,16248.727541909544,199.65189628272273,91,82,4.806596438016209,Mar18-Jun18,Mar-Jun
2018-01-01,IDR,0,2018-03-21,2018-06-20,174.829519819226,376.21542239580276,16243.392835758103,201.38590257657677,91,79,4.852483207171863,Mar18-Jun18,Mar-Jun
2018-01-02,IDR,0,2018-03-21,2018-06-20,173.20356070774483,375.2743815334471,16279.192708641755,202.0708208257023,91,78,4.8588730561374165,Mar18-Jun18,Mar-Jun
2018-01-03,IDR,0,2018-03-21,2018-06-20,173.53508777699852,378.6220096952695,16321.791766795079,205.086921918271,91,77,4.918561996809185,Mar18-Jun18,Mar-Jun
2018-01-04,IDR,0,2018-03-21,2018-06-20,175.0942436972627,384.74656180845886,16375.688568260983,209.65231811119617,91,76,5.011205786200921,Mar18-Jun18,Mar-Jun
2018-01-05,IDR,0,2018-03-21,2018-06-20,178.07103992372558,394.1305683645126,16530.92511482945,216.05952844078703,91,75,5.1154538771662885,Mar18-Jun18,Mar-Jun
2018-01-08,IDR,0,2018-03-21,2018-06-20,170.7895719036305,386.6486141707191,16498.917383277392,215.8590422670886,91,72,5.122752678341078,Mar18-Jun18,Mar-Jun
2018-01-09,IDR,0,2018-03-21,2018-06-20,171.07324611618316,390.3361390256573,16542.08396732207,219.26289290947415,91,71,5.190004684344127,Mar18-Jun18,Mar-Jun
2018-01-10,IDR,0,2018-03-21,2018-06-20,167.23613331610866,384.6431066270499,16560.938790211785,217.40697331094125,91,70,5.141454741478517,Mar18-Jun18,Mar-Jun
2018-01-11,IDR,0,2018-03-21,2018-06-20,164.94535062190135,382.48197245658287,16561.125113414237,217.5366218346815,91,69,5.145168076851774,Mar18-Jun18,Mar-Jun
2018-01-12,IDR,0,2018-03-21,2018-06-20,165.45752326284742,386.8786205704815,16545.413635648303,221.42109730763406,91,68,5.2418068777783695,Mar18-Jun18,Mar-Jun
2018-01-15,IDR,0,2018-03-21,2018-06-20,155.68097810733144,373.6343474575954,16653.383457487667,217.95336935026398,91,65,5.12957227822658,Mar18-Jun18,Mar-Jun
2018-01-16,IDR,0,2018-03-21,2018-06-20,153.23119608225312,371.1068030117068,16670.246157687343,217.87560692945368,91,64,5.123349114085212,Mar18-Jun18,Mar-Jun
2018-01-17,IDR,0,2018-03-21,2018-06-20,149.4070145425605,365.2171466595923,16762.42793349435,215.8101321170318,91,63,5.048265734841101,Mar18-Jun18,Mar-Jun
2018-01-18,IDR,0,2018-03-21,2018-06-20,149.39754832800696,368.674595067501,16785.75969589525,219.27704673949404,91,62,5.122300448369542,Mar18-Jun18,Mar-Jun
2018-01-19,IDR,0,2018-03-21,2018-06-20,150.94801451597775,376.1327574824364,16869.671794543086,225.18474296645863,91,61,5.233891311828944,Mar18-Jun18,Mar-Jun
2018-01-22,IDR,0,2018-03-21,2018-06-20,148.2232138826417,380.78032531920024,16894.329105314097,232.55711143655856,91,58,5.398288577335643,Mar18-Jun18,Mar-Jun
2018-01-23,IDR,0,2018-03-21,2018-06-20,146.4611788353727,380.2851660988624,16837.975034881147,233.82398726348973,91,57,5.44626833621235,Mar18-Jun18,Mar-Jun
2018-01-24,IDR,0,2018-03-21,2018-06-20,149.686233504666,392.92636294974824,16909.548220949386,243.24012944508223,91,56,5.640749275869887,Mar18-Jun18,Mar-Jun
2018-01-25,IDR,0,2018-03-21,2018-06-20,150.1250318278549,398.5137208521239,16891.271445754588,248.388689024269,91,55,5.766173994348259,Mar18-Jun18,Mar-Jun
2018-01-26,IDR,0,2018-03-21,2018-06-20,146.28455872918315,392.8011299209548,16870.200891219763,246.51657119177165,91,54,5.731091736871003,Mar18-Jun18,Mar-Jun
2018-01-29,IDR,0,2018-03-21,2018-06-20,137.8021831591277,383.68450997247317,16830.88458285478,245.88232681334546,91,51,5.732448870682135,Mar18-Jun18,Mar-Jun
2018-01-30,IDR,0,2018-03-21,2018-06-20,134.3766460678366,378.9421419112992,16924.464720218188,244.5654958434626,91,50,5.671615269255876,Mar18-Jun18,Mar-Jun
2018-01-31,IDR,0,2018-03-21,2018-06-20,134.5615059497467,384.4614455707049,16862.11415645339,249.89993962095818,91,49,5.816520626678064,Mar18-Jun18,Mar-Jun
2018-02-01,IDR,0,2018-03-21,2018-06-20,133.6224599326744,386.94837355503626,16773.065913973584,253.32591362236187,91,48,5.927644890183187,Mar18-Jun18,Mar-Jun
2018-02-02,IDR,0,2018-03-21,2018-06-20,131.34752872745565,385.6587013699762,16779.08806083262,254.31117264252055,91,47,5.949380618604531,Mar18-Jun18,Mar-Jun
2018-02-05,IDR,0,2018-03-21,2018-06-20,122.03942782161039,374.43915354357733,16688.587322007592,252.39972572196695,91,44,5.93972148872846,Mar18-Jun18,Mar-Jun
2018-02-06,IDR,0,2018-03-21,2018-06-20,117.34158685266638,365.6691311222627,16618.52738306296,248.3275442695963,91,43,5.869995053097797,Mar18-Jun18,Mar-Jun
2018-02-07,IDR,0,2018-03-21,2018-06-20,118.37530803702913,374.8551421172589,16607.581730128153,256.47983408022975,91,42,6.0662926201773635,Mar18-Jun18,Mar-Jun
2018-02-08,IDR,0,2018-03-21,2018-06-20,116.76912967705039,375.93963700904027,16630.558728940086,259.1705073319899,91,41,6.1221105108300495,Mar18-Jun18,Mar-Jun
2018-02-09,IDR,0,2018-03-21,2018-06-20,112.84909304627921,369.5807797265644,16619.519738235227,256.7316866802852,91,40,6.069922601262225,Mar18-Jun18,Mar-Jun
2018-02-12,IDR,0,2018-03-21,2018-06-20,105.51035782617373,365.0088054527091,16605.559401957133,259.4984476265354,91,37,6.143157081459373,Mar18-Jun18,Mar-Jun
2018-02-13,IDR,0,2018-03-21,2018-06-20,102.11198419763195,360.2283886972016,16559.990880166024,258.1164044995696,91,36,6.128397179447558,Mar18-Jun18,Mar-Jun
2018-02-14,IDR,0,2018-03-21,2018-06-20,99.19976528059138,357.11915501012896,16628.895441025114,257.91938972953756,91,35,6.099561428257907,Mar18-Jun18,Mar-Jun
2018-02-15,IDR,0,2018-03-21,2018-06-20,94.95242355077804,349.0897924660957,16591.346927036288,254.13736891531764,91,34,6.025174193383901,Mar18-Jun18,Mar-Jun
2018-02-16,IDR,0,2018-03-21,2018-06-20,90.78716601698761,341.1396541244383,16646.654421721396,250.3524881074507,91,33,5.917304877608148,Mar18-Jun18,Mar-Jun
2018-02-19,IDR,0,2018-03-21,2018-06-20,82.14538149883754,331.3197053786447,16686.85009847747,249.17432387980716,91,30,5.878375834516271,Mar18-Jun18,Mar-Jun
2018-02-20,IDR,0,2018-03-21,2018-06-20,79.21918226361106,327.80351281494234,16671.448389862348,248.58433055133128,91,29,5.870873708229219,Mar18-Jun18,Mar-Jun
2018-02-21,IDR,0,2018-03-21,2018-06-20,76.80834866978128,326.4354818465704,16582.939419516395,249.6271331767891,91,28,5.927676248222868,Mar18-Jun18,Mar-Jun
2018-02-22,IDR,0,2018-03-21,2018-06-20,73.7706194848345,322.40492960038785,16589.08719281616,248.63431011555335,91,27,5.902998578501107,Mar18-Jun18,Mar-Jun
2018-02-23,IDR,0,2018-03-21,2018-06-20,71.47725227526794,321.6476352387058,16579.78790275467,250.17038296343785,91,26,5.943602616914415,Mar18-Jun18,Mar-Jun
2018-02-26,IDR,0,2018-03-21,2018-06-20,63.50435454019719,314.76071380793394,16666.764240477005,251.25635926773674,91,23,5.94121484573636,Mar18-Jun18,Mar-Jun
2018-02-27,IDR,0,2018-03-21,2018-06-20,60.5148985920411,310.82652458639296,16635.22960908102,250.31162599435186,91,22,5.931114929839683,Mar18-Jun18,Mar-Jun
2018-02-28,IDR,0,2018-03-21,2018-06-20,57.36007188110125,305.92038336587336,16606.886499329088,248.56031148477211,91,21,5.90074993045611,Mar18-Jun18,Mar-Jun
2018-03-01,IDR,0,2018-03-21,2018-06-20,55.23013860587953,306.52726926263136,16698.653696190104,251.29713065675185,91,20,5.933803198761086,Mar18-Jun18,Mar-Jun
2018-03-02,IDR,0,2018-03-21,2018-06-20,53.64207939982147,310.559407051598,16745.282870120867,256.91732765177653,91,19,6.050245740807194,Mar18-Jun18,Mar-Jun
2018-03-05,IDR,0,2018-03-21,2018-06-20,45.33865415121523,303.20224963625185,16571.143154171245,257.8635954850366,91,16,6.13920401544568,Mar18-Jun18,Mar-Jun
2018-03-06,IDR,0,2018-03-21,2018-06-20,41.38166741131098,292.4304497065976,16485.031279366955,251.0487822952866,91,15,6.00953165741311,Mar18-Jun18,Mar-Jun
2018-03-07,IDR,0,2018-03-21,2018-06-20,38.41539596978192,288.11546977336434,16493.651059304233,249.70007380358243,91,14,5.975202618903489,Mar18-Jun18,Mar-Jun
2018-03-08,IDR,0,2018-03-21,2018-06-20,35.60460412784098,284.83683302272783,16597.727388616848,249.23222889488684,91,13,5.927697789000119,Mar18-Jun18,Mar-Jun
2018-03-09,IDR,0,2018-03-21,2018-06-20,32.635805048336415,280.12399333155423,16595.720017440013,247.48818828321782,91,12,5.8879793161870895,Mar18-Jun18,Mar-Jun
2018-03-12,IDR,0,2018-03-21,2018-06-20,24.457794634225504,271.7532737136167,16553.478531217515,247.29547907939119,91,9,5.901288110531823,Mar18-Jun18,Mar-Jun
2018-03-13,IDR,0,2018-03-21,2018-06-20,21.7187104850694,268.7690422527338,16601.48271994253,247.0503317676644,91,8,5.879384761825531,Mar18-Jun18,Mar-Jun
2018-03-14,IDR,0,2018-03-21,2018-06-20,19.399304233978363,271.59025927569706,16547.52424350839,252.1909550417187,91,7,6.022110867999424,Mar18-Jun18,Mar-Jun
2018-03-15,IDR,0,2018-03-21,2018-06-20,19.14063008942749,265.2344455249238,16475.41962230379,246.0938154354963,91,6,5.902297098415396,Mar18-Jun18,Mar-Jun
2018-03-16,IDR,0,2018-03-21,2018-06-20,18.856725861288627,258.6065260976726,16367.811128532336,239.74980023638398,91,5,5.7880025189720605,Mar18-Jun18,Mar-Jun
2018-03-19,IDR,0,2018-03-21,2018-06-20,18.710397368709852,248.58099361285946,16410.129760434727,229.8705962441496,91,2,5.535254918844411,Mar18-Jun18,Mar-Jun
2018-03-20,IDR,0,2018-03-21,2018-06-20,19.62069757550743,257.8720252780976,16623.78835325991,238.2513277025902,91,1,5.663098960666202,Mar18-Jun18,Mar-Jun
2018-03-21,IDR,0,2018-06-20,2018-09-19,247.08991908265708,494.17983816531415,16691.94783717132,247.08991908265708,91,91,5.770685413493683,Jun18-Sep18,Jun-Sep
2018-03-22,IDR,0,2018-06-20,2018-09-19,241.17074099680485,485.02115689357424,16591.53293646469,243.8504158967694,91,90,5.731004255002132,Jun18-Sep18,Jun-Sep
2018-03-23,IDR,0,2018-06-20,2018-09-19,237.28594430941487,479.90415703027725,16658.07026172635,242.61821272086237,91,89,5.680900138214657,Jun18-Sep18,Jun-Sep
2018-03-26,IDR,0,2018-06-20,2018-09-19,225.2756179503201,463.6486555489147,16566.703749063763,238.37303759859458,91,86,5.615860965909688,Jun18-Sep18,Jun-Sep
2018-03-27,IDR,0,2018-06-20,2018-09-19,224.42432138877234,464.690359581458,16536.38762331311,240.26603819268564,91,85,5.670984265981629,Jun18-Sep18,Jun-Sep
2018-03-28,IDR,0,2018-06-20,2018-09-19,214.54897330828044,446.9770277255842,16506.85657987025,232.42805441730377,91,84,5.498913335774249,Jun18-Sep18,Jun-Sep
2018-03-29,IDR,0,2018-06-20,2018-09-19,210.68183547932819,441.67035389642297,16378.560945351102,230.98851841709478,91,83,5.508393265878551,Jun18-Sep18,Jun-Sep
2018-03-30,IDR,0,2018-06-20,2018-09-19,211.24986715219885,445.68569533329753,16426.574036568094,234.43582818109869,91,82,5.5742773004624695,Jun18-Sep18,Jun-Sep
2018-04-02,IDR,0,2018-06-20,2018-09-19,206.51432342803557,444.39791117425375,16477.441921484206,237.88358774621818,91,79,5.640616144821461,Jun18-Sep18,Jun-Sep
2018-04-03,IDR,0,2018-06-20,2018-09-19,203.1463128450373,440.15034449758076,16522.0157488721,237.00403165254346,91,78,5.605914989148033,Jun18-Sep18,Jun-Sep
2018-04-04,IDR,0,2018-06-20,2018-09-19,197.59670695170053,431.12008789461936,16492.165009747623,233.52338094291883,91,77,5.535302273667771,Jun18-Sep18,Jun-Sep
2018-04-05,IDR,0,2018-06-20,2018-09-19,187.0565113577658,411.03207100982746,16364.055037185648,223.97555965206166,91,76,5.353460137492001,Jun18-Sep18,Jun-Sep
2018-04-06,IDR,0,2018-06-20,2018-09-19,184.68213271737494,408.7631204144565,16416.27988356944,224.08098769708158,91,75,5.3398967853411365,Jun18-Sep18,Jun-Sep
2018-04-09,IDR,0,2018-06-20,2018-09-19,182.30947525412466,412.72839536697666,16306.815897833976,230.418920112852,91,72,5.528172996721658,Jun18-Sep18,Jun-Sep
2018-04-10,IDR,0,2018-06-20,2018-09-19,174.55014908022446,398.2693542393854,16331.356900642248,223.71920515916094,91,71,5.361977422717591,Jun18-Sep18,Jun-Sep
2018-04-11,IDR,0,2018-06-20,2018-09-19,176.49624450756272,405.9413623673943,16358.979215256317,229.44511785983156,91,70,5.4893793284740395,Jun18-Sep18,Jun-Sep
2018-04-12,IDR,0,2018-06-20,2018-09-19,173.98985449552632,403.45473506209004,16481.826062287535,229.46488056656372,91,69,5.45018724045215,Jun18-Sep18,Jun-Sep
2018-04-13,IDR,0,2018-06-20,2018-09-19,169.59496053974493,396.5529224385212,16518.207384275793,226.95796189877626,91,68,5.380311049313536,Jun18-Sep18,Jun-Sep
2018-04-16,IDR,0,2018-06-20,2018-09-19,162.19091727030553,389.2582014487332,16581.018414776056,227.06728417842766,91,65,5.365089448353723,Jun18-Sep18,Jun-Sep
2018-04-17,IDR,0,2018-06-20,2018-09-19,157.61075067761777,381.7135367973556,16555.10503809223,224.1027861197378,91,64,5.304706211526266,Jun18-Sep18,Jun-Sep
2018-04-18,IDR,0,2018-06-20,2018-09-19,152.5605446725269,372.9257758661769,16541.11758908463,220.36523119364998,91,63,5.222183715301183,Jun18-Sep18,Jun-Sep
2018-04-19,IDR,0,2018-06-20,2018-09-19,151.2459143747378,373.23588547314336,16509.19224495231,221.98997109840556,91,62,5.271182396692076,Jun18-Sep18,Jun-Sep
2018-04-20,IDR,0,2018-06-20,2018-09-19,146.8102060025315,365.8221526620456,16540.390898978185,219.0119466595141,91,61,5.192128281028474,Jun18-Sep18,Jun-Sep
2018-04-23,IDR,0,2018-06-20,2018-09-19,138.62455886095324,356.1217115565868,16553.151588593588,217.49715269563353,91,58,5.154803711584255,Jun18-Sep18,Jun-Sep
2018-04-24,IDR,0,2018-06-20,2018-09-19,138.1599093024932,358.7309925748946,16623.014494070634,220.57108327240138,91,57,5.20601289538668,Jun18-Sep18,Jun-Sep
2018-04-25,IDR,0,2018-06-20,2018-09-19,134.51475286468974,353.1012262698105,16612.44069073825,218.58647340512078,91,56,5.1635516670440555,Jun18-Sep18,Jun-Sep
2018-04-26,IDR,0,2018-06-20,2018-09-19,130.7833311880119,347.1702973354498,16630.084290576182,216.38696614743787,91,55,5.1073510567119484,Jun18-Sep18,Jun-Sep
2018-04-27,IDR,0,2018-06-20,2018-09-19,128.17783072150564,344.1812121225614,16552.203621114906,216.00338140105578,91,54,5.122897662407061,Jun18-Sep18,Jun-Sep
2018-04-30,IDR,0,2018-06-20,2018-09-19,117.78031280432474,327.93734153361004,16561.115959267743,210.1570287292853,91,51,4.9846850160988865,Jun18-Sep18,Jun-Sep
2018-05-01,IDR,0,2018-06-20,2018-09-19,111.68568597455901,314.9536344482564,16525.103761005877,203.2679484736974,91,50,4.833486302026647,Jun18-Sep18,Jun-Sep
2018-05-02,IDR,0,2018-06-20,2018-09-19,109.42197520294299,312.6342148655514,16520.015148665203,203.21223966260845,91,49,4.834298037409646,Jun18-Sep18,Jun-Sep
2018-05-03,IDR,0,2018-06-20,2018-09-19,105.55718327247908,305.6760098932207,16388.780699717376,200.1188266207416,91,48,4.799700843766763,Jun18-Sep18,Jun-Sep
2018-05-04,IDR,0,2018-06-20,2018-09-19,104.93068853506291,308.0943620816741,16469.65495338643,203.16367354661116,91,47,4.849137349104598,Jun18-Sep18,Jun-Sep
2018-05-07,IDR,0,2018-06-20,2018-09-19,96.2807733066713,295.40691810001425,16346.793671947918,199.12614479334295,91,44,4.790781579337667,Jun18-Sep18,Jun-Sep
2018-05-08,IDR,0,2018-06-20,2018-09-19,94.35909502540716,294.04927286987345,16241.216886905948,199.6901778444663,91,43,4.835967351360803,Jun18-Sep18,Jun-Sep
2018-05-09,IDR,0,2018-06-20,2018-09-19,93.03331560969818,294.6054994307109,16120.808242769092,201.57218382101271,91,42,4.9181954605915434,Jun18-Sep18,Jun-Sep
2018-05-10,IDR,0,2018-06-20,2018-09-19,92.0771211089019,296.4434143018305,16166.858766897018,204.3662931929286,91,41,4.972539682633265,Jun18-Sep18,Jun-Sep
2018-05-11,IDR,0,2018-06-20,2018-09-19,90.25871192239026,295.5972815458281,16212.391991951894,205.33856962343782,91,40,4.982799558531054,Jun18-Sep18,Jun-Sep
2018-05-14,IDR,0,2018-06-20,2018-09-19,83.58011203851412,289.1420092143191,16282.03006456292,205.56189717580497,91,37,4.969028909645862,Jun18-Sep18,Jun-Sep
2018-05-15,IDR,0,2018-06-20,2018-09-19,82.26455014753742,290.2110519093681,16311.316324452233,207.9465017618307,91,36,5.018095239643384,Jun18-Sep18,Jun-Sep
2018-05-16,IDR,0,2018-06-20,2018-09-19,79.26378868084379,285.3496392510376,16273.117334113078,206.08585057019383,91,35,4.985724570949176,Jun18-Sep18,Jun-Sep
2018-05-17,IDR,0,2018-06-20,2018-09-19,77.70044659306953,285.66340659216735,16214.823663389336,207.96295999909782,91,34,5.049620337718968,Jun18-Sep18,Jun-Sep
2018-05-18,IDR,0,2018-06-20,2018-09-19,75.43519182085014,283.45344805410355,16206.365986730087,208.0182562332534,91,33,5.054289487347749,Jun18-Sep18,Jun-Sep
2018-05-21,IDR,0,2018-06-20,2018-09-19,71.0856903938088,286.7122845883622,16269.435647456212,215.62659419455338,91,30,5.22032478088564,Jun18-Sep18,Jun-Sep
2018-05-22,IDR,0,2018-06-20,2018-09-19,67.61564424466877,279.78887273656045,16299.080107282223,212.17322849189168,91,29,5.128503828461346,Jun18-Sep18,Jun-Sep
2018-05-23,IDR,0,2018-06-20,2018-09-19,66.72492490510788,283.5809308467085,16274.089946591139,216.8560059416006,91,28,5.249994558922174,Jun18-Sep18,Jun-Sep
2018-05-24,IDR,0,2018-06-20,2018-09-19,67.84921264246199,296.5261885855746,16456.334651518948,228.67697594311258,91,27,5.474740392644964,Jun18-Sep18,Jun-Sep
2018-05-25,IDR,0,2018-06-20,2018-09-19,67.22501911054636,302.51258599745864,16501.160428814965,235.2875668869123,91,26,5.617976234563022,Jun18-Sep18,Jun-Sep
2018-05-28,IDR,0,2018-06-20,2018-09-19,58.55446713430188,290.22648927436586,16399.092003712085,231.67202214006397,91,23,5.568868577868711,Jun18-Sep18,Jun-Sep
2018-05-29,IDR,0,2018-06-20,2018-09-19,55.21458400006209,283.6021814548643,16402.382775999424,228.38759745480223,91,22,5.489934859765602,Jun18-Sep18,Jun-Sep
2018-05-30,IDR,0,2018-06-20,2018-09-19,52.156681639637554,278.1689687447336,16352.957145736422,226.01228710509605,91,21,5.450218461158873,Jun18-Sep18,Jun-Sep
2018-05-31,IDR,0,2018-06-20,2018-09-19,51.19822605959072,284.15015463072854,16351.088313753506,232.9519285711378,91,20,5.618534140564683,Jun18-Sep18,Jun-Sep
2018-06-01,IDR,0,2018-06-20,2018-09-19,47.89091395012473,277.2631860270379,16335.090574611462,229.37227207691313,91,19,5.538715839162041,Jun18-Sep18,Jun-Sep
2018-06-04,IDR,0,2018-06-20,2018-09-19,39.7068761989691,265.53973458060585,16387.46950764166,225.83285838163675,91,16,5.438577474310468,Jun18-Sep18,Jun-Sep
2018-06-05,IDR,0,2018-06-20,2018-09-19,36.300117732263736,256.52083197466374,16455.423707962145,220.2207142424,91,15,5.28266683812025,Jun18-Sep18,Jun-Sep
2018-06-06,IDR,0,2018-06-20,2018-09-19,32.73782282277172,245.5336711707879,16456.374328353224,212.7958483480162,91,14,5.105367238759313,Jun18-Sep18,Jun-Sep
2018-06-07,IDR,0,2018-06-20,2018-09-19,30.59571036952314,244.76568295618512,16449.60322307793,214.16997258666197,91,13,5.141114066881766,Jun18-Sep18,Jun-Sep
2018-06-08,IDR,0,2018-06-20,2018-09-19,28.217921629681662,242.20382732143423,16418.10071291097,213.98590569175258,91,12,5.147277440633704,Jun18-Sep18,Jun-Sep
2018-06-11,IDR,0,2018-06-20,2018-09-19,21.12231640089784,234.69240445442045,16389.353466171215,213.57008805352262,91,9,5.148495797624471,Jun18-Sep18,Jun-Sep
2018-06-12,IDR,0,2018-06-20,2018-09-19,19.122303727063475,236.63850862241048,16356.259937636198,217.51620489534702,91,8,5.254861566188568,Jun18-Sep18,Jun-Sep
2018-06-13,IDR,0,2018-06-20,2018-09-19,16.778308368977125,234.89631716567976,16269.407303386934,218.11800879670264,91,7,5.298259831827563,Jun18-Sep18,Jun-Sep
2018-06-14,IDR,0,2018-06-20,2018-09-19,17.005219728881183,235.6437591002107,16254.421795755172,218.63853937132953,91,6,5.3157210576254,Jun18-Sep18,Jun-Sep
2018-06-15,IDR,0,2018-06-20,2018-09-19,17.50663789066341,240.0910339290982,16411.800986953516,222.5843960384348,91,5,5.359651634533746,Jun18-Sep18,Jun-Sep
2018-06-18,IDR,0,2018-06-20,2018-09-19,17.50545631756421,232.5724910762102,16289.186683051203,215.067034758646,91,2,5.217579603082938,Jun18-Sep18,Jun-Sep
2018-06-19,IDR,0,2018-06-20,2018-09-19,17.45787359419729,229.44633866659296,16356.6826630755,211.98846507239568,91,1,5.121708123382592,Jun18-Sep18,Jun-Sep
2018-06-20,IDR,0,2018-09-19,2018-12-19,229.80179932278844,459.6035986455769,16398.744186159875,229.80179932278844,91,91,5.467140783641683,Sep18-Dec18,Sep-Dec
2018-06-21,IDR,0,2018-09-19,2018-12-19,226.01483718455827,454.54095033783386,16303.327089034627,228.5261131532756,91,90,5.469421304088278,Sep18-Dec18,Sep-Dec
2018-06-22,IDR,0,2018-09-19,2018-12-19,222.86316345278186,450.73448788203075,16350.48119433097,227.8713244292489,91,89,5.439270169636446,Sep18-Dec18,Sep-Dec
2018-06-25,IDR,0,2018-09-19,2018-12-19,211.07065776807278,434.4128654063823,16332.408436492791,223.34220763830953,91,86,5.340784641626947,Sep18-Dec18,Sep-Dec
2018-06-26,IDR,0,2018-09-19,2018-12-19,214.21809300802127,443.5574631695499,16461.475152111438,229.33937016152865,91,85,5.440713113836967,Sep18-Dec18,Sep-Dec
2018-06-27,IDR,0,2018-09-19,2018-12-19,206.94700833962003,431.1396007075417,16359.438599549541,224.1925923679217,91,84,5.353707024690862,Sep18-Dec18,Sep-Dec
2018-06-28,IDR,0,2018-09-19,2018-12-19,208.37685328384356,436.83822254685276,16425.49187844441,228.4613692630092,91,83,5.433511792349884,Sep18-Dec18,Sep-Dec
2018-06-29,IDR,0,2018-09-19,2018-12-19,198.64539873834087,419.093341240646,16311.440319957319,220.44794250230512,91,82,5.282236357931349,Sep18-Dec18,Sep-Dec
2018-07-02,IDR,0,2018-09-19,2018-12-19,188.39411394817586,405.4050553315177,16394.79778906367,217.01094138334184,91,79,5.1769576573437215,Sep18-Dec18,Sep-Dec
2018-07-03,IDR,0,2018-09-19,2018-12-19,185.0119717879078,402.922291352284,16382.79909384086,217.91031956437618,91,78,5.203238975006604,Sep18-Dec18,Sep-Dec
2018-07-04,IDR,0,2018-09-19,2018-12-19,183.273499485453,401.7997012226274,16286.465810988539,218.5262017371744,91,77,5.249016048904897,Sep18-Dec18,Sep-Dec
2018-07-05,IDR,0,2018-09-19,2018-12-19,185.44121795142132,409.30078275509396,16362.958203921731,223.85956480367264,91,76,5.351564557800283,Sep18-Dec18,Sep-Dec
2018-07-06,IDR,0,2018-09-19,2018-12-19,179.73192976097647,399.4918903408318,16250.327388037169,219.75996057985532,91,75,5.29139942234179,Sep18-Dec18,Sep-Dec
2018-07-09,IDR,0,2018-09-19,2018-12-19,176.4255944521262,400.7308881640113,16236.14524640397,224.30529371188507,91,72,5.406597236361313,Sep18-Dec18,Sep-Dec
2018-07-10,IDR,0,2018-09-19,2018-12-19,178.65016491819742,408.8299689332802,16276.261217623318,230.1798040150828,91,71,5.533918726802653,Sep18-Dec18,Sep-Dec
2018-07-11,IDR,0,2018-09-19,2018-12-19,176.5693941214409,407.1973131187624,16315.599591724926,230.6279189973215,91,70,5.532166119734476,Sep18-Dec18,Sep-Dec
2018-07-12,IDR,0,2018-09-19,2018-12-19,175.88052607704822,408.813054538609,16438.840150184096,232.93252846156076,91,69,5.546234206049607,Sep18-Dec18,Sep-Dec
2018-07-13,IDR,0,2018-09-19,2018-12-19,172.1428288025389,403.35841740347536,16353.889742451624,231.21558860093646,91,68,5.534897912635904,Sep18-Dec18,Sep-Dec
2018-07-16,IDR,0,2018-09-19,2018-12-19,157.32611607003645,378.0677898130308,16372.504516837333,220.74167374299435,91,65,5.282956514506074,Sep18-Dec18,Sep-Dec
2018-07-17,IDR,0,2018-09-19,2018-12-19,157.90824089810275,382.7969309239629,16330.949949164778,224.88869002586017,91,64,5.395580049900604,Sep18-Dec18,Sep-Dec
2018-07-18,IDR,0,2018-09-19,2018-12-19,158.25833624481527,387.095847839667,16344.248783000132,228.83751159485172,91,63,5.485780118859737,Sep18-Dec18,Sep-Dec
2018-07-19,IDR,0,2018-09-19,2018-12-19,154.6497629122105,381.75582266650287,16215.851079371321,227.10605975429237,91,62,5.488173903337892,Sep18-Dec18,Sep-Dec
2018-07-20,IDR,0,2018-09-19,2018-12-19,145.97739121592787,363.7469420462465,16194.71256280916,217.76955083031862,91,61,5.27215140729412,Sep18-Dec18,Sep-Dec
2018-07-23,IDR,0,2018-09-19,2018-12-19,137.73986081286307,353.84895277787234,16231.957528388577,216.10909196500927,91,58,5.222680949974663,Sep18-Dec18,Sep-Dec
2018-07-24,IDR,0,2018-09-19,2018-12-19,137.21079714284474,356.2666311779126,16389.920272628962,219.05583403506785,91,57,5.243466059609153,Sep18-Dec18,Sep-Dec
2018-07-25,IDR,0,2018-09-19,2018-12-19,134.96833582160477,354.2918815317126,16349.52691297177,219.32354571010782,91,56,5.2634525615099435,Sep18-Dec18,Sep-Dec
2018-07-26,IDR,0,2018-09-19,2018-12-19,133.63287515455593,354.73454131936666,16264.047678357763,221.10166616481072,91,55,5.334217283036373,Sep18-Dec18,Sep-Dec
2018-07-27,IDR,0,2018-09-19,2018-12-19,136.22030707003677,365.7767504658394,16241.430257918177,229.55644339580266,91,54,5.544967374064622,Sep18-Dec18,Sep-Dec
2018-07-30,IDR,0,2018-09-19,2018-12-19,123.82883541787048,344.7783260654433,16219.7297497557,220.94949064757282,91,51,5.348198144927073,Sep18-Dec18,Sep-Dec
2018-07-31,IDR,0,2018-09-19,2018-12-19,122.83450394127593,346.3933011143981,16195.06764473871,223.5587971731222,91,50,5.419865987177291,Sep18-Dec18,Sep-Dec
2018-08-01,IDR,0,2018-09-19,2018-12-19,117.74398525181644,336.4113864337612,16216.346953822598,218.66740118194477,91,49,5.2960269050558155,Sep18-Dec18,Sep-Dec
2018-08-02,IDR,0,2018-09-19,2018-12-19,115.90541722617739,337.69035667575656,16260.24143343606,221.78493944957916,91,48,5.357737551160275,Sep18-Dec18,Sep-Dec
2018-08-03,IDR,0,2018-09-19,2018-12-19,112.85727862193775,333.28546115481413,16177.061569940108,220.42818253287638,91,47,5.353148701093309,Sep18-Dec18,Sep-Dec
2018-08-06,IDR,0,2018-09-19,2018-12-19,104.63918474525886,322.61183439160436,16197.822209418373,217.9726496463455,91,44,5.289442878392781,Sep18-Dec18,Sep-Dec
2018-08-07,IDR,0,2018-09-19,2018-12-19,102.59216503980359,321.14626020386646,16204.990142243898,218.55409516406286,91,43,5.301887128028022,Sep18-Dec18,Sep-Dec
2018-08-08,IDR,0,2018-09-19,2018-12-19,101.24309517053199,321.925223207708,16225.631603468368,220.68212803717597,91,42,5.347185024340089,Sep18-Dec18,Sep-Dec
2018-08-09,IDR,0,2018-09-19,2018-12-19,98.49340221171659,318.3034894111502,16237.527994943972,219.81008719943364,91,41,5.32307313881347,Sep18-Dec18,Sep-Dec
2018-08-10,IDR,0,2018-09-19,2018-12-19,96.84467829559223,318.2433835962134,16155.932672233253,221.39870530062115,91,40,5.389005159490379,Sep18-Dec18,Sep-Dec
2018-08-13,IDR,0,2018-09-19,2018-12-19,90.42330487078347,313.5321138222189,16118.019706509755,223.10880895143544,91,37,5.445484520461145,Sep18-Dec18,Sep-Dec
2018-08-14,IDR,0,2018-09-19,2018-12-19,88.35826893011155,312.3045830948095,16098.627966732058,223.94631416469798,91,36,5.4731711618912735,Sep18-Dec18,Sep-Dec
2018-08-15,IDR,0,2018-09-19,2018-12-19,85.38883861128338,307.8800180499083,16206.7179134761,222.49117943862493,91,35,5.402523437176027,Sep18-Dec18,Sep-Dec
2018-08-16,IDR,0,2018-09-19,2018-12-19,82.66703310230811,304.28515003489554,16300.539791383297,221.61811693258744,91,34,5.351400500729058,Sep18-Dec18,Sep-Dec
2018-08-17,IDR,0,2018-09-19,2018-12-19,80.94984624095122,304.41747554424063,16354.961758615518,223.4676293032894,91,33,5.378757111443288,Sep18-Dec18,Sep-Dec
2018-08-20,IDR,0,2018-09-19,2018-12-19,72.97402241100987,294.3285570577399,16411.145582066383,221.35453464673003,91,30,5.312314457450705,Sep18-Dec18,Sep-Dec
2018-08-21,IDR,0,2018-09-19,2018-12-19,68.83532529369973,284.8358288015161,16295.582956018712,216.00050350781635,91,29,5.22174067977942,Sep18-Dec18,Sep-Dec
2018-08-22,IDR,0,2018-09-19,2018-12-19,67.4659676413396,286.73036247569337,16318.06383977523,219.26439483435377,91,28,5.293814689882395,Sep18-Dec18,Sep-Dec
2018-08-23,IDR,0,2018-09-19,2018-12-19,66.05981099215772,288.705840632393,16340.804173459293,222.64602964023527,91,27,5.368469445045399,Sep18-Dec18,Sep-Dec
2018-08-24,IDR,0,2018-09-19,2018-12-19,62.910573339460825,283.0975800275737,16401.990402488096,220.1870066881129,91,26,5.290462896113091,Sep18-Dec18,Sep-Dec
2018-08-27,IDR,0,2018-09-19,2018-12-19,54.376707182124775,269.5193312505315,16315.67356362227,215.1426240684067,91,23,5.199212363759271,Sep18-Dec18,Sep-Dec
2018-08-28,IDR,0,2018-09-19,2018-12-19,51.76620298580751,265.8900426089204,16347.776756246674,214.12383962311287,91,22,5.165286152740312,Sep18-Dec18,Sep-Dec
2018-08-29,IDR,0,2018-09-19,2018-12-19,50.2372875969927,267.9322005172944,16420.49895087473,217.6949129203017,91,21,5.228731928256439,Sep18-Dec18,Sep-Dec
2018-08-30,IDR,0,2018-09-19,2018-12-19,48.28353204843858,267.97360286883406,16227.659305139749,219.69007082039548,91,20,5.339804800039651,Sep18-Dec18,Sep-Dec
2018-08-31,IDR,0,2018-09-19,2018-12-19,45.970683470067506,266.1460621951277,16148.841740413673,220.17537872506017,91,19,5.3784104037562,Sep18-Dec18,Sep-Dec
2018-09-03,IDR,0,2018-09-19,2018-12-19,38.74660561669164,260.9721204886953,16166.26637976628,222.22551487200366,91,16,5.425073745890348,Sep18-Dec18,Sep-Dec
2018-09-04,IDR,0,2018-09-19,2018-12-19,36.34797094928905,258.59986010643036,16190.04820252547,222.2518891571413,91,15,5.418567582225911,Sep18-Dec18,Sep-Dec
2018-09-05,IDR,0,2018-09-19,2018-12-19,34.045294438184236,256.96899982126615,16234.72636545547,222.9237053830819,91,14,5.420790184877638,Sep18-Dec18,Sep-Dec
2018-09-06,IDR,0,2018-09-19,2018-12-19,32.2472852004921,259.4962749784286,16289.236595508197,227.24898977793646,91,13,5.508120457054141,Sep18-Dec18,Sep-Dec
2018-09-07,IDR,0,2018-09-19,2018-12-19,29.557647242152196,255.10371801106226,16281.732997599485,225.54607076891006,91,12,5.470260995913185,Sep18-Dec18,Sep-Dec
2018-09-10,IDR,0,2018-09-19,2018-12-19,22.42124624783832,250.1751325021531,16277.699988995519,227.75388625431478,91,9,5.527593152091413,Sep18-Dec18,Sep-Dec
2018-09-11,IDR,0,2018-09-19,2018-12-19,20.026883673642708,248.76564800492767,16268.534354011135,228.73876433128495,91,8,5.555436069161092,Sep18-Dec18,Sep-Dec
2018-09-12,IDR,0,2018-09-19,2018-12-19,17.778321799638533,249.7152293148585,16316.002104100124,231.93690751521996,91,7,5.61751521836418,Sep18-Dec18,Sep-Dec
2018-09-13,IDR,0,2018-09-19,2018-12-19,17.747723889913264,246.63433864600844,16312.04455871355,228.88661475609518,91,6,5.54499097878816,Sep18-Dec18,Sep-Dec
2018-09-14,IDR,0,2018-09-19,2018-12-19,17.72374992346724,243.65122223452772,16255.986769801651,225.92747231106048,91,5,5.492164864657819,Sep18-Dec18,Sep-Dec
2018-09-17,IDR,0,2018-09-19,2018-12-19,17.78403989203198,236.5072168726636,16289.695491364779,218.72317698063162,91,2,5.306022311310937,Sep18-Dec18,Sep-Dec
2018-09-18,IDR,0,2018-09-19,2018-12-19,17.898724198452427,235.35764556255342,16359.218413561293,217.458921364101,91,1,5.252921160139981,Sep18-Dec18,Sep-Dec
2018-09-19,IDR,0,2018-12-19,2019-03-20,239.01606048467374,481.6435592907112,16251.472446137299,242.62749880603747,91,91,5.8205980364757295,Dec18-Mar19,Dec-Mar
2018-09-20,IDR,0,2018-12-19,2019-03-20,230.3950463969391,466.9530699113817,16213.64470891828,236.5580235144426,91,90,5.691022115630275,Dec18-Mar19,Dec-Mar
2018-09-21,IDR,0,2018-12-19,2019-03-20,231.7731210485561,472.364330832965,16243.667969349097,240.59120978440887,91,89,5.777019238044239,Dec18-Mar19,Dec-Mar
2018-09-24,IDR,0,2018-12-19,2019-03-20,219.28973831561353,454.93201847023204,16214.12301853013,235.6422801546185,91,86,5.672657481360715,Dec18-Mar19,Dec-Mar
2018-09-25,IDR,0,2018-12-19,2019-03-20,210.45213357755645,439.35543568447525,16180.757128083664,228.9033021069188,91,85,5.524616947796796,Dec18-Mar19,Dec-Mar
2018-09-26,IDR,0,2018-12-19,2019-03-20,208.3612415993979,437.6756055306804,16153.584893706324,229.3143639312825,91,84,5.5444364378325,Dec18-Mar19,Dec-Mar
2018-09-27,IDR,0,2018-12-19,2019-03-20,205.42861524817468,434.22462891362426,16051.72481828793,228.79601366544958,91,83,5.567561939601324,Dec18-Mar19,Dec-Mar
2018-09-28,IDR,0,2018-12-19,2019-03-20,202.01773841463074,429.78660472986655,16103.021823545701,227.7688663152358,91,82,5.52628924043549,Dec18-Mar19,Dec-Mar
2018-10-01,IDR,0,2018-12-19,2019-03-20,194.18726216632757,421.4399369095363,16058.759672145701,227.25267474320873,91,79,5.531437308238223,Dec18-Mar19,Dec-Mar
2018-10-02,IDR,0,2018-12-19,2019-03-20,195.9919505301366,423.835847958658,16069.17887504221,227.84389742852142,91,78,5.541660047778025,Dec18-Mar19,Dec-Mar
2018-10-03,IDR,0,2018-12-19,2019-03-20,191.65176938553105,417.56267361124446,16132.638822642955,225.9109042257134,91,77,5.474746128955732,Dec18-Mar19,Dec-Mar
2018-10-04,IDR,0,2018-12-19,2019-03-20,184.5143504064576,405.0922634637591,16130.696779636775,220.5779130573015,91,76,5.348480708167307,Dec18-Mar19,Dec-Mar
2018-10-05,IDR,0,2018-12-19,2019-03-20,183.88545240661165,406.88063859869584,16304.359734744476,222.9951861920842,91,75,5.350349588745512,Dec18-Mar19,Dec-Mar
2018-10-08,IDR,0,2018-12-19,2019-03-20,177.44266929403872,402.3276453952196,16345.437128644428,224.88497610118085,91,72,5.384381302714321,Dec18-Mar19,Dec-Mar
2018-10-09,IDR,0,2018-12-19,2019-03-20,171.42420704208246,392.00664933634624,16345.737016735651,220.58244229426379,91,71,5.283195010480428,Dec18-Mar19,Dec-Mar
2018-10-10,IDR,0,2018-12-19,2019-03-20,167.58908505774795,386.5816229860164,16355.719643169534,218.99253792826843,91,70,5.243163583876253,Dec18-Mar19,Dec-Mar
2018-10-11,IDR,0,2018-12-19,2019-03-20,163.99327745624512,381.66423194076924,16389.275282747876,217.67095448452412,91,69,5.202089610054643,Dec18-Mar19,Dec-Mar
2018-10-12,IDR,0,2018-12-19,2019-03-20,157.38877396720412,369.65714616490084,16291.875499193937,212.26837219769672,91,68,5.10504905840762,Dec18-Mar19,Dec-Mar
2018-10-15,IDR,0,2018-12-19,2019-03-20,156.32260997884356,377.6442859027563,16345.733516019505,221.32167592391272,91,65,5.305752638914611,Dec18-Mar19,Dec-Mar
2018-10-16,IDR,0,2018-12-19,2019-03-20,159.6566203396568,389.44117052428703,16465.245857402577,229.78455018463023,91,64,5.46792850163915,Dec18-Mar19,Dec-Mar
2018-10-17,IDR,0,2018-12-19,2019-03-20,157.12289053256117,387.1466092932279,16496.21862639483,230.02371876066675,91,63,5.464272388967285,Dec18-Mar19,Dec-Mar
2018-10-18,IDR,0,2018-12-19,2019-03-20,155.08147972255136,386.0613152298266,16476.417577241624,230.97983550727525,91,62,5.494191347976992,Dec18-Mar19,Dec-Mar
2018-10-19,IDR,0,2018-12-19,2019-03-20,153.79595340133417,386.8958462499638,16499.63391971326,233.09989284862965,91,61,5.537318313911089,Dec18-Mar19,Dec-Mar
2018-10-22,IDR,0,2018-12-19,2019-03-20,146.04280824820955,378.84610609025003,16502.25446777149,232.80329784204048,91,58,5.5319776197273995,Dec18-Mar19,Dec-Mar
2018-10-23,IDR,0,2018-12-19,2019-03-20,142.8454376247488,374.54924094567684,16435.418324270962,231.70380332092805,91,57,5.529109947128412,Dec18-Mar19,Dec-Mar
2018-10-24,IDR,0,2018-12-19,2019-03-20,141.20427616868614,374.30174723340355,16382.350307711362,233.0974710647174,91,56,5.5807837042178425,Dec18-Mar19,Dec-Mar
2018-10-25,IDR,0,2018-12-19,2019-03-20,136.58780517983712,366.2264315318215,16415.52365405222,229.63862635198439,91,55,5.488487085720425,Dec18-Mar19,Dec-Mar
2018-10-26,IDR,0,2018-12-19,2019-03-20,134.52886008828716,364.8776811230108,16392.505653412045,230.34882103472364,91,54,5.513814716680599,Dec18-Mar19,Dec-Mar
2018-10-29,IDR,0,2018-12-19,2019-03-20,126.18882760256628,354.9863878899858,16366.964366900205,228.79756028741951,91,51,5.4879330523307095,Dec18-Mar19,Dec-Mar
2018-10-30,IDR,0,2018-12-19,2019-03-20,123.07578273196025,350.71677918869557,16393.823480554507,227.6409964567353,91,50,5.452341712722277,Dec18-Mar19,Dec-Mar
2018-10-31,IDR,0,2018-12-19,2019-03-20,119.59631710346558,345.33451781767883,16338.395992140424,225.73820071421324,91,49,5.426118981001734,Dec18-Mar19,Dec-Mar
2018-11-01,IDR,0,2018-12-19,2019-03-20,122.00119589025871,350.8149929039916,16377.708505852346,228.81379701373288,91,48,5.486141605509845,Dec18-Mar19,Dec-Mar
2018-11-02,IDR,0,2018-12-19,2019-03-20,116.75235315571892,340.59325593607355,16310.31277376623,223.8409027803546,91,47,5.390643086380498,Dec18-Mar19,Dec-Mar
2018-11-05,IDR,0,2018-12-19,2019-03-20,107.06784228082486,327.1119698984411,16239.293758560749,220.04412761761623,91,44,5.325370026561864,Dec18-Mar19,Dec-Mar
2018-11-06,IDR,0,2018-12-19,2019-03-20,105.08632513650258,326.3707353246223,16244.058513193995,221.2844101881197,91,43,5.354474880172653,Dec18-Mar19,Dec-Mar
2018-11-07,IDR,0,2018-12-19,2019-03-20,100.41263420773495,317.1549348588542,16309.678350964748,216.74230065111922,91,42,5.225090276980611,Dec18-Mar19,Dec-Mar
2018-11-08,IDR,0,2018-12-19,2019-03-20,101.7412729829782,327.0394343962508,16363.291045326607,225.29816141327257,91,41,5.413226117847677,Dec18-Mar19,Dec-Mar
2018-11-09,IDR,0,2018-12-19,2019-03-20,101.20878944825871,331.2548295142716,16258.201179546482,230.0460400660129,91,40,5.562989424067381,Dec18-Mar19,Dec-Mar
2018-11-12,IDR,0,2018-12-19,2019-03-20,93.6666022476609,324.8264044283642,16257.51682377911,231.15980218070328,91,37,5.5927348771690735,Dec18-Mar19,Dec-Mar
2018-11-13,IDR,0,2018-12-19,2019-03-20,89.9695890411443,318.5383235676534,16252.081099780713,228.56873452650908,91,36,5.533136434234081,Dec18-Mar19,Dec-Mar
2018-11-14,IDR,0,2018-12-19,2019-03-20,86.87576616535895,314.26420584414274,16218.995924203877,227.38843967878378,91,35,5.5167775114827995,Dec18-Mar19,Dec-Mar
2018-11-15,IDR,0,2018-12-19,2019-03-20,83.73120735993629,309.7304688517815,16225.063944242907,225.9992614918452,91,34,5.482091130486326,Dec18-Mar19,Dec-Mar
2018-11-16,IDR,0,2018-12-19,2019-03-20,81.13472957860267,307.1708164083192,16270.81579881467,226.0360868297165,91,33,5.468513946381067,Dec18-Mar19,Dec-Mar
2018-11-19,IDR,0,2018-12-19,2019-03-20,75.05489539215215,306.3392047816191,16280.070149724597,231.28430938946696,91,30,5.594398647298565,Dec18-Mar19,Dec-Mar
2018-11-20,IDR,0,2018-12-19,2019-03-20,72.02899119569393,301.6747969434126,16307.095015193832,229.64580574771867,91,29,5.546626922811662,Dec18-Mar19,Dec-Mar
2018-11-21,IDR,0,2018-12-19,2019-03-20,69.64218330587315,299.6074521982329,16326.779167224091,229.96526889235977,91,28,5.548483371173204,Dec18-Mar19,Dec-Mar
2018-11-22,IDR,0,2018-12-19,2019-03-20,67.2914647706701,297.71596852160155,16323.051190694718,230.42450375093145,91,27,5.561625431206832,Dec18-Mar19,Dec-Mar
2018-11-23,IDR,0,2018-12-19,2019-03-20,64.43907246966995,293.5988847600135,16303.763909244466,229.15981229034355,91,26,5.538581671990251,Dec18-Mar19,Dec-Mar
2018-11-26,IDR,0,2018-12-19,2019-03-20,56.48847553464677,283.6042085810419,16280.332124523558,227.11573304639515,91,23,5.49972265128187,Dec18-Mar19,Dec-Mar
2018-11-27,IDR,0,2018-12-19,2019-03-20,53.93426486735005,280.6512684040888,16313.722134422525,226.71700353673873,91,22,5.479724217651807,Dec18-Mar19,Dec-Mar
2018-11-28,IDR,0,2018-12-19,2019-03-20,51.93761084160443,280.62162214019475,16294.63943236991,228.68401129859032,91,21,5.534394132485296,Dec18-Mar19,Dec-Mar
2018-11-29,IDR,0,2018-12-19,2019-03-20,49.147387372390455,276.34505469033274,16096.746481045446,227.1976673179423,91,20,5.566764936926391,Dec18-Mar19,Dec-Mar
2018-11-30,IDR,0,2018-12-19,2019-03-20,46.143671996561395,270.71392952616765,16048.596641549688,224.57025752960624,91,19,5.5198766348500525,Dec18-Mar19,Dec-Mar
2018-12-03,IDR,0,2018-12-19,2019-03-20,39.20582967293408,262.7756477150127,16091.294462156658,223.56981804207865,91,16,5.4831035083716735,Dec18-Mar19,Dec-Mar
2018-12-04,IDR,0,2018-12-19,2019-03-20,36.3855027625346,259.12041564607597,16088.744881328388,222.73491288354137,91,15,5.464446394692454,Dec18-Mar19,Dec-Mar
2018-12-05,IDR,0,2018-12-19,2019-03-20,33.65629350510825,255.99877486889022,16094.58111260238,222.34248136378199,91,14,5.453767869500268,Dec18-Mar19,Dec-Mar
2018-12-06,IDR,0,2018-12-19,2019-03-20,30.638657186559083,248.69651643195107,16142.665227652944,218.057859245392,91,13,5.333767808222785,Dec18-Mar19,Dec-Mar
2018-12-07,IDR,0,2018-12-19,2019-03-20,28.22381203492627,245.83924465874253,16131.861115314237,217.61543262381628,91,12,5.327300078209158,Dec18-Mar19,Dec-Mar
2018-12-10,IDR,0,2018-12-19,2019-03-20,20.89758800753785,235.7812750040982,16136.337141549602,214.88368699656036,91,9,5.261353971915007,Dec18-Mar19,Dec-Mar
2018-12-11,IDR,0,2018-12-19,2019-03-20,19.006522106491087,238.77917706717022,16080.596997043609,219.77265496067915,91,8,5.400321084471163,Dec18-Mar19,Dec-Mar
2018-12-12,IDR,0,2018-12-19,2019-03-20,17.216099617510547,244.62692914286035,16206.905239707037,227.4108295253498,91,7,5.545121482185436,Dec18-Mar19,Dec-Mar
2018-12-13,IDR,0,2018-12-19,2019-03-20,17.86999879258609,251.2203086137507,16169.321195616687,233.3503098211646,91,6,5.702929382386254,Dec18-Mar19,Dec-Mar
2018-12-14,IDR,0,2018-12-19,2019-03-20,18.01060959575665,250.5863899551704,16126.848317284828,232.57578035941376,91,5,5.698903994021025,Dec18-Mar19,Dec-Mar
2018-12-17,IDR,0,2018-12-19,2019-03-20,17.501302705950703,236.0725738090497,15998.698934956732,218.57127110309898,91,2,5.398768391886987,Dec18-Mar19,Dec-Mar
2018-12-18,IDR,0,2018-12-19,2019-03-20,17.415476276538648,232.44351885527686,15994.809350603264,215.02804257873822,91,1,5.312568349624803,Dec18-Mar19,Dec-Mar
2018-12-19,IDR,0,2019-03-20,2019-06-19,226.44940990027115,449.34181254769913,16006.532637794064,222.89240264742799,91,91,5.431978793241568,Mar19-Jun19,Mar-Jun
2018-12-20,IDR,0,2019-03-20,2019-06-19,224.2219093578908,447.36285153979196,15898.794487761923,223.14094218190115,91,90,5.475125459913058,Mar19-Jun19,Mar-Jun
2018-12-21,IDR,0,2019-03-20,2019-06-19,222.2829840327268,445.9520912763993,15883.566047371687,223.6691072436725,91,89,5.493934645356162,Mar19-Jun19,Mar-Jun
2018-12-24,IDR,0,2019-03-20,2019-06-19,217.68013694017225,444.25857739784504,15979.77604265039,226.5784404576728,91,86,5.533920018082087,Mar19-Jun19,Mar-Jun
2018-12-25,IDR,0,2019-03-20,2019-06-19,216.26553294132586,443.99958331841066,15961.115057560564,227.7340503770848,91,85,5.5690469080552845,Mar19-Jun19,Mar-Jun
2018-12-26,IDR,0,2019-03-20,2019-06-19,211.03229342077043,435.825817162546,15887.606389167986,224.79352374177557,91,84,5.524026462674019,Mar19-Jun19,Mar-Jun
2018-12-27,IDR,0,2019-03-20,2019-06-19,206.98060807822338,430.0458047249611,15864.923741493858,223.06519664673772,91,83,5.490673064026661,Mar19-Jun19,Mar-Jun
2018-12-28,IDR,0,2019-03-20,2019-06-19,203.25719192953744,424.9168081802194,15839.798886196846,221.65961625068195,91,82,5.46588618089498,Mar19-Jun19,Mar-Jun
2018-12-31,IDR,0,2019-03-20,2019-06-19,195.8104617349484,417.3270598756927,15771.796059634826,221.51659814074432,91,79,5.488170052695713,Mar19-Jun19,Mar-Jun
2019-01-01,IDR,0,2019-03-20,2019-06-19,189.79393439999743,411.2201911999944,15754.237860216914,221.426256799997,91,78,5.494043264632812,Mar19-Jun19,Mar-Jun
2019-01-02,IDR,0,2019-03-20,2019-06-19,181.15972810648523,395.2575885959678,15774.71799018238,214.09786048948254,91,77,5.308266721175315,Mar19-Jun19,Mar-Jun
2019-01-03,IDR,0,2019-03-20,2019-06-19,182.91785987006153,401.9379289250036,15774.43830644903,219.02006905494204,91,76,5.429803104012527,Mar19-Jun19,Mar-Jun
2019-01-04,IDR,0,2019-03-20,2019-06-19,182.71619357975771,404.41184178986373,15743.623138203531,221.69564821010601,91,75,5.506838143480838,Mar19-Jun19,Mar-Jun
2019-01-07,IDR,0,2019-03-20,2019-06-19,169.58627937150325,383.9244935771532,15795.84423176384,214.33821420564996,91,72,5.311046239975228,Mar19-Jun19,Mar-Jun
2019-01-08,IDR,0,2019-03-20,2019-06-19,168.9958190761537,385.5960942300972,15863.36580529956,216.6002751539435,91,71,5.34469112833267,Mar19-Jun19,Mar-Jun
2019-01-09,IDR,0,2019-03-20,2019-06-19,170.86720109241426,392.9945625125528,15819.934916651388,222.12736142013856,91,70,5.495319116250309,Mar19-Jun19,Mar-Jun
2019-01-10,IDR,0,2019-03-20,2019-06-19,167.24877162373815,387.8232385477986,15787.0762519856,220.57446692406046,91,69,5.469377648012513,Mar19-Jun19,Mar-Jun
2019-01-11,IDR,0,2019-03-20,2019-06-19,167.77407506055673,392.2952637445371,15837.542774865675,224.5211886839804,91,68,5.549503954376031,Mar19-Jun19,Mar-Jun
2019-01-14,IDR,0,2019-03-20,2019-06-19,155.29902998933483,372.7176719744036,15839.145347616499,217.41864198506875,91,65,5.377602899170277,Mar19-Jun19,Mar-Jun
2019-01-15,IDR,0,2019-03-20,2019-06-19,150.29277320079382,363.9903100956726,15853.722898033808,213.6975368948788,91,64,5.28240453284464,Mar19-Jun19,Mar-Jun
2019-01-16,IDR,0,2019-03-20,2019-06-19,149.23960084324733,364.80791317238237,15935.986224823846,215.56831232913504,91,63,5.301745392616571,Mar19-Jun19,Mar-Jun
2019-01-17,IDR,0,2019-03-20,2019-06-19,149.19248842558721,368.16856014701364,15905.37687184043,218.97607172142642,91,62,5.395840558612437,Mar19-Jun19,Mar-Jun
2019-01-18,IDR,0,2019-03-20,2019-06-19,142.06491200045426,353.9978135093287,15804.268314725454,211.93290150887444,91,61,5.257734566187702,Mar19-Jun19,Mar-Jun
2019-01-21,IDR,0,2019-03-20,2019-06-19,134.99104278797716,346.787334058769,15882.89651095723,211.7962912707918,91,58,5.2308735167667475,Mar19-Jun19,Mar-Jun
2019-01-22,IDR,0,2019-03-20,2019-06-19,130.11505577805252,337.8426009675749,15875.505094348031,207.7275451895224,91,57,5.13431714574569,Mar19-Jun19,Mar-Jun
2019-01-23,IDR,0,2019-03-20,2019-06-19,127.57435067835276,334.88267053067597,15792.61069008124,207.30831985232322,91,56,5.1514528486302,Mar19-Jun19,Mar-Jun
2019-01-24,IDR,0,2019-03-20,2019-06-19,126.76113427240031,336.49319279582625,15712.787994628134,209.73205852342593,91,55,5.238212500609544,Mar19-Jun19,Mar-Jun
2019-01-25,IDR,0,2019-03-20,2019-06-19,123.6531362707565,332.03156961592026,15845.57168891492,208.37843334516376,91,54,5.162143127354072,Mar19-Jun19,Mar-Jun
2019-01-28,IDR,0,2019-03-20,2019-06-19,114.074534145657,317.6192911506528,15792.862526992756,203.54475700499583,91,51,5.062143658701482,Mar19-Jun19,Mar-Jun
2019-01-29,IDR,0,2019-03-20,2019-06-19,111.30394020151931,313.8771113682845,15892.261785862343,202.57317116676518,91,50,5.007561334570418,Mar19-Jun19,Mar-Jun
2019-01-30,IDR,0,2019-03-20,2019-06-19,108.63576530451377,310.38790087003935,15862.27677169964,201.75213556552558,91,49,4.997462196813668,Mar19-Jun19,Mar-Jun
2019-01-31,IDR,0,2019-03-20,2019-06-19,103.78307872304373,300.5384988021475,15924.309583305552,196.75542007910377,91,48,4.8563051564259965,Mar19-Jun19,Mar-Jun
2019-02-01,IDR,0,2019-03-20,2019-06-19,104.00429595260883,305.37431577574506,15882.137098548896,201.37001982313623,91,47,4.9832453635357465,Mar19-Jun19,Mar-Jun
2019-02-04,IDR,0,2019-03-20,2019-06-19,96.08228828791331,294.7979299742795,15973.940184883013,198.71564168636618,91,44,4.89188994338493,Mar19-Jun19,Mar-Jun
2019-02-05,IDR,0,2019-03-20,2019-06-19,95.90332880270816,298.8615362689045,16007.66194373436,202.95820746619634,91,43,4.985924398651342,Mar19-Jun19,Mar-Jun
2019-02-06,IDR,0,2019-03-20,2019-06-19,97.45687140593444,308.6134261187924,15924.14682508151,211.15655471285797,91,42,5.213863904485429,Mar19-Jun19,Mar-Jun
2019-02-07,IDR,0,2019-03-20,2019-06-19,94.87497306827657,305.4511328051831,15888.307048346609,210.5761597369065,91,41,5.2120318901329,Mar19-Jun19,Mar-Jun
2019-02-08,IDR,0,2019-03-20,2019-06-19,91.48669330809513,299.6189205840115,15892.151459059733,208.13222727591636,91,40,5.151394394216056,Mar19-Jun19,Mar-Jun
2019-02-11,IDR,0,2019-03-20,2019-06-19,83.31831533192769,288.2363341212634,15946.625874738455,204.9180187893357,91,37,5.057189720087868,Mar19-Jun19,Mar-Jun
2019-02-12,IDR,0,2019-03-20,2019-06-19,80.97450419174962,285.66005645422786,15820.888193191695,204.68555226247824,91,36,5.09213956457273,Mar19-Jun19,Mar-Jun
2019-02-13,IDR,0,2019-03-20,2019-06-19,76.42994641220884,275.14780708395176,15753.628684736952,198.71786067174293,91,35,4.966100315772257,Mar19-Jun19,Mar-Jun
2019-02-14,IDR,0,2019-03-20,2019-06-19,73.64877758817468,270.7675646624069,15760.860906919004,197.11878707423224,91,34,4.924753603142582,Mar19-Jun19,Mar-Jun
2019-02-15,IDR,0,2019-03-20,2019-06-19,70.7287692674738,265.7687087626288,15684.477534644115,195.039939495155,91,33,4.897343512635714,Mar19-Jun19,Mar-Jun
2019-02-18,IDR,0,2019-03-20,2019-06-19,64.57692696523844,260.4602720931284,15734.536016521877,195.88334512788998,91,30,4.904852103752493,Mar19-Jun19,Mar-Jun
2019-02-19,IDR,0,2019-03-20,2019-06-19,62.440415043322986,258.37413121375033,15688.682332999297,195.93371617042735,91,29,4.921061222366329,Mar19-Jun19,Mar-Jun
2019-02-20,IDR,0,2019-03-20,2019-06-19,59.448467424436814,252.65598655385645,15662.693905054886,193.20751912941964,91,28,4.861534899035867,Mar19-Jun19,Mar-Jun
2019-02-21,IDR,0,2019-03-20,2019-06-19,58.37089442952046,255.1024275067931,15667.811916431578,196.73153307727264,91,27,4.948935172342625,Mar19-Jun19,Mar-Jun
2019-02-22,IDR,0,2019-03-20,2019-06-19,56.33194988323348,253.49377447455058,15651.42915458253,197.1618245913171,91,26,4.965576184599157,Mar19-Jun19,Mar-Jun
2019-02-25,IDR,0,2019-03-20,2019-06-19,49.277710849463446,244.24604507994928,15653.950874981432,194.96833423048582,91,23,4.911749810153185,Mar19-Jun19,Mar-Jun
2019-02-26,IDR,0,2019-03-20,2019-06-19,47.46807331893103,243.81328568360033,15858.66168079085,196.3452123646693,91,22,4.883339333207223,Mar19-Jun19,Mar-Jun
2019-02-27,IDR,0,2019-03-20,2019-06-19,45.32975635260356,241.758700547219,15845.568493444876,196.42894419461544,91,21,4.89010454448737,Mar19-Jun19,Mar-Jun
2019-02-28,IDR,0,2019-03-20,2019-06-19,43.199305424171996,239.7561451041545,15868.585219178234,196.55683967998252,91,20,4.886865432552918,Mar19-Jun19,Mar-Jun
2019-03-01,IDR,0,2019-03-20,2019-06-19,41.30989182771782,239.16253163415576,15890.480738824148,197.85263980643794,91,19,4.912905008855068,Mar19-Jun19,Mar-Jun
2019-03-04,IDR,0,2019-03-20,2019-06-19,33.74918737029548,225.69769053885102,15959.209017830492,191.94850316855553,91,16,4.748069156991334,Mar19-Jun19,Mar-Jun
2019-03-05,IDR,0,2019-03-20,2019-06-19,31.13524669373179,220.022409969038,15960.262955743268,188.8871632753062,91,15,4.6727991585856925,Mar19-Jun19,Mar-Jun
2019-03-06,IDR,0,2019-03-20,2019-06-19,29.692078336854948,222.6905875264121,15855.41379323465,192.99850918955713,91,14,4.806455757850758,Mar19-Jun19,Mar-Jun
2019-03-07,IDR,0,2019-03-20,2019-06-19,27.635586126090175,221.08468900872134,15886.427819030041,193.44910288263117,91,13,4.808911054187465,Mar19-Jun19,Mar-Jun
2019-03-08,IDR,0,2019-03-20,2019-06-19,25.872625530114302,222.0733691334811,15850.89214125572,196.2007436033668,91,12,4.8887715936132965,Mar19-Jun19,Mar-Jun
2019-03-11,IDR,0,2019-03-20,2019-06-19,19.74094850820056,219.34387231333957,15939.230884741368,199.60292380513903,91,9,4.947924895029039,Mar19-Jun19,Mar-Jun
2019-03-12,IDR,0,2019-03-20,2019-06-19,17.679676139180238,218.78599222235542,15931.119189778905,201.1063160831752,91,8,4.988372058307486,Mar19-Jun19,Mar-Jun
2019-03-13,IDR,0,2019-03-20,2019-06-19,15.62368750175933,218.7316250246306,15904.786449684558,203.10793752287128,91,7,5.047005207391736,Mar19-Jun19,Mar-Jun
2019-03-14,IDR,0,2019-03-20,2019-06-19,15.631821737051268,216.61238692771042,15994.365865294933,200.98056519065915,91,6,4.966196533862193,Mar19-Jun19,Mar-Jun
2019-03-15,IDR,0,2019-03-20,2019-06-19,15.500626403807473,212.58001925221677,16030.299147246054,197.0793928484093,91,5,4.858933502455257,Mar19-Jun19,Mar-Jun
2019-03-18,IDR,0,2019-03-20,2019-06-19,15.399248734573233,204.5900189021872,16053.1125123502,189.19077016761398,91,2,4.6578489283214655,Mar19-Jun19,Mar-Jun
2019-03-19,IDR,0,2019-03-20,2019-06-19,15.550464995093618,204.37753993551613,16019.13941008922,188.8270749404225,91,1,4.658700694400497,Mar19-Jun19,Mar-Jun
2019-03-20,IDR,0,2019-06-19,2019-09-18,205.12465315481444,410.2493063096289,16078.56611440313,205.12465315481444,91,91,4.983404290416985,Jun19-Sep19,Jun-Sep
2019-03-21,IDR,0,2019-06-19,2019-09-18,201.24528360069,404.7266259080543,15983.940840815068,203.48134230736432,91,90,4.97356736101065,Jun19-Sep19,Jun-Sep
2019-03-22,IDR,0,2019-06-19,2019-09-18,196.61066319958513,397.6395435497227,16018.633684838409,201.02888035013757,91,89,4.90451497387191,Jun19-Sep19,Jun-Sep
2019-03-25,IDR,0,2019-06-19,2019-09-18,187.71564561700575,386.34499156058155,15978.729449415523,198.6293459435758,91,86,4.86060119521576,Jun19-Sep19,Jun-Sep
2019-03-26,IDR,0,2019-06-19,2019-09-18,187.52634310048916,388.2898398316011,15943.974209093067,200.76349673111196,91,85,4.923467691475061,Jun19-Sep19,Jun-Sep
2019-03-27,IDR,0,2019-06-19,2019-09-18,191.02881332625824,397.9766944297047,15957.028893643428,206.94788110344646,91,84,5.0699280935937745,Jun19-Sep19,Jun-Sep
2019-03-28,IDR,0,2019-06-19,2019-09-18,188.66986780229948,395.52478310361573,15964.08282534639,206.85491530131625,91,83,5.066177592150297,Jun19-Sep19,Jun-Sep
2019-03-29,IDR,0,2019-06-19,2019-09-18,183.28810790705398,386.6932032673212,15930.804824351197,203.40509536026724,91,82,4.993638186842486,Jun19-Sep19,Jun-Sep
2019-04-01,IDR,0,2019-06-19,2019-09-18,179.5400576456501,386.3520227817787,15944.911377237993,206.8119651361286,91,79,5.074015869739045,Jun19-Sep19,Jun-Sep
2019-04-02,IDR,0,2019-06-19,2019-09-18,171.1735498811326,370.876024742454,15869.427113869991,199.70247486132138,91,78,4.925200653286562,Jun19-Sep19,Jun-Sep
2019-04-03,IDR,0,2019-06-19,2019-09-18,168.43187035380444,367.48771713557335,15920.07425241795,199.0558467817689,91,77,4.894635173502094,Jun19-Sep19,Jun-Sep
2019-04-04,IDR,0,2019-06-19,2019-09-18,168.95966919617646,371.2666415231772,15910.794092847002,202.30697232700075,91,76,4.977285641208061,Jun19-Sep19,Jun-Sep
2019-04-05,IDR,0,2019-06-19,2019-09-18,159.19521478615692,352.3520753933606,15856.112832841325,193.1568606072037,91,75,4.7712914962428945,Jun19-Sep19,Jun-Sep
2019-04-08,IDR,0,2019-06-19,2019-09-18,151.72384866276954,343.48593516710326,15867.394450268133,191.76208650433372,91,72,4.735711598836724,Jun19-Sep19,Jun-Sep
2019-04-09,IDR,0,2019-06-19,2019-09-18,150.49852651066837,343.39100415110244,15789.082164568557,192.89247764043407,91,71,4.787397705906182,Jun19-Sep19,Jun-Sep
2019-04-10,IDR,0,2019-06-19,2019-09-18,151.59082450097316,348.65889635223823,15887.98338392272,197.06807185126507,91,70,4.860540214134916,Jun19-Sep19,Jun-Sep
2019-04-11,IDR,0,2019-06-19,2019-09-18,149.79322794396936,347.3466155222478,15916.707229761523,197.55338757827846,91,69,4.864344211002308,Jun19-Sep19,Jun-Sep
2019-04-12,IDR,0,2019-06-19,2019-09-18,148.89120042952524,348.1426598278605,15929.576702939326,199.25145939833524,91,68,4.902503997414905,Jun19-Sep19,Jun-Sep
2019-04-15,IDR,0,2019-06-19,2019-09-18,140.02173345864642,336.05216030075144,15900.182833514016,196.03042684210502,91,65,4.8347574500777295,Jun19-Sep19,Jun-Sep
2019-04-16,IDR,0,2019-06-19,2019-09-18,133.38361851325132,323.03845108678047,15810.790439495782,189.65483257352915,91,64,4.705686549879115,Jun19-Sep19,Jun-Sep
2019-04-17,IDR,0,2019-06-19,2019-09-18,127.32610495245119,311.2415898837695,15754.378211289519,183.9154849313183,91,63,4.581232140440717,Jun19-Sep19,Jun-Sep
2019-04-18,IDR,0,2019-06-19,2019-09-18,122.30677794832471,301.8215649369949,15758.371175545475,179.51478698867018,91,62,4.471902208248048,Jun19-Sep19,Jun-Sep
2019-04-19,IDR,0,2019-06-19,2019-09-18,118.59824233693186,295.523489101863,15677.112072562675,176.92524676493113,91,61,4.431102110525381,Jun19-Sep19,Jun-Sep
2019-04-22,IDR,0,2019-06-19,2019-09-18,114.0075938940646,292.88157741751075,15757.184043529694,178.87398352344616,91,58,4.458602463994365,Jun19-Sep19,Jun-Sep
2019-04-23,IDR,0,2019-06-19,2019-09-18,109.47401837338575,284.2483284080893,15774.612130133253,174.77431003470357,91,57,4.352877757147825,Jun19-Sep19,Jun-Sep
2019-04-24,IDR,0,2019-06-19,2019-09-18,107.79549763061456,282.9631812803632,15736.674212263373,175.16768364974862,91,56,4.373583142161564,Jun19-Sep19,Jun-Sep
2019-04-25,IDR,0,2019-06-19,2019-09-18,101.16029430658736,268.5345994320319,15639.904741161772,167.37430512544452,91,55,4.206450495545288,Jun19-Sep19,Jun-Sep
2019-04-26,IDR,0,2019-06-19,2019-09-18,93.96779808863238,252.32093931206842,15647.203108074415,158.35314122343604,91,54,3.979703866961279,Jun19-Sep19,Jun-Sep
2019-04-29,IDR,0,2019-06-19,2019-09-18,90.06167271346767,250.7599514767139,15708.851750871738,160.6982787632462,91,51,4.0238808670156,Jun19-Sep19,Jun-Sep
2019-04-30,IDR,0,2019-06-19,2019-09-18,88.23401083189859,248.81991054595397,15711.947970276766,160.5858997140554,91,50,4.020744056930776,Jun19-Sep19,Jun-Sep
2019-05-01,IDR,0,2019-06-19,2019-09-18,84.36235370732206,241.03529630663445,15773.818152680777,156.6729425993124,91,49,3.90842472373146,Jun19-Sep19,Jun-Sep
2019-05-02,IDR,0,2019-06-19,2019-09-18,84.65633882946364,245.1506478603218,15792.598157914965,160.49430903085818,91,48,3.998944158457392,Jun19-Sep19,Jun-Sep
2019-05-03,IDR,0,2019-06-19,2019-09-18,84.03926981368997,246.75360072955777,15764.794673682205,162.7143309158678,91,47,4.061529369771906,Jun19-Sep19,Jun-Sep
2019-05-06,IDR,0,2019-06-19,2019-09-18,80.3741729485664,246.60257609219235,15669.68692555366,166.22840314362594,91,44,4.175265514631654,Jun19-Sep19,Jun-Sep
2019-05-07,IDR,0,2019-06-19,2019-09-18,78.43136472045514,244.4140202916509,15757.712315793753,165.98265557119578,91,43,4.1464304355139845,Jun19-Sep19,Jun-Sep
2019-05-08,IDR,0,2019-06-19,2019-09-18,78.21379303166626,247.67701126694317,15684.261618089575,169.4632182352769,91,42,4.253164067100937,Jun19-Sep19,Jun-Sep
2019-05-09,IDR,0,2019-06-19,2019-09-18,76.44237677705024,246.10716425782027,15681.705287444138,169.66478748077003,91,41,4.259392482980426,Jun19-Sep19,Jun-Sep
2019-05-10,IDR,0,2019-06-19,2019-09-18,74.53437243351969,244.100069719777,15661.597928077863,169.56569728625732,91,40,4.26286039727743,Jun19-Sep19,Jun-Sep
2019-05-13,IDR,0,2019-06-19,2019-09-18,65.57830741538388,226.86549592349013,15748.864449077731,161.28718850810625,91,37,4.034661335271096,Jun19-Sep19,Jun-Sep
2019-05-14,IDR,0,2019-06-19,2019-09-18,63.513321236297465,224.06088325027162,15746.241318670722,160.54756201397416,91,36,4.0173502171865945,Jun19-Sep19,Jun-Sep
2019-05-15,IDR,0,2019-06-19,2019-09-18,59.91814212303567,215.70531164292845,15702.89897975334,155.78716951989279,91,35,3.9098397554396187,Jun19-Sep19,Jun-Sep
2019-05-16,IDR,0,2019-06-19,2019-09-18,60.20174460407599,221.3299433973382,15709.217489495722,161.12819879326221,91,34,4.0421922172374805,Jun19-Sep19,Jun-Sep
2019-05-17,IDR,0,2019-06-19,2019-09-18,58.01957508944844,218.01294882095777,15728.707957898356,159.99337373150934,91,33,4.009322501037888,Jun19-Sep19,Jun-Sep
2019-05-20,IDR,0,2019-06-19,2019-09-18,52.59928615556737,212.15045416078837,15787.942257777466,159.551168005221,91,30,3.9846581767184475,Jun19-Sep19,Jun-Sep
2019-05-21,IDR,0,2019-06-19,2019-09-18,51.3996397197439,212.68816435756096,15813.020702430806,161.28852463781706,91,29,4.02198428503183,Jun19-Sep19,Jun-Sep
2019-05-22,IDR,0,2019-06-19,2019-09-18,48.983094083794704,208.1781498561275,15759.291195665268,159.1950557723328,91,28,3.9838797497877088,Jun19-Sep19,Jun-Sep
2019-05-23,IDR,0,2019-06-19,2019-09-18,47.32069740935634,206.8089738631129,15791.413163818459,159.48827645375655,91,27,3.9835421041404433,Jun19-Sep19,Jun-Sep
2019-05-24,IDR,0,2019-06-19,2019-09-18,45.73039990099556,205.78679955447998,15696.348632152902,160.05639965348442,91,26,4.022277814677606,Jun19-Sep19,Jun-Sep
2019-05-27,IDR,0,2019-06-19,2019-09-18,41.87482212163383,207.55346616809805,15689.771065282395,165.67864404646423,91,23,4.166328196786829,Jun19-Sep19,Jun-Sep
2019-05-28,IDR,0,2019-06-19,2019-09-18,40.124310658818146,206.09305020211144,15593.815370800017,165.96873954329328,91,22,4.1997068067311485,Jun19-Sep19,Jun-Sep
2019-05-29,IDR,0,2019-06-19,2019-09-18,36.861046603118254,196.59224854996398,15570.66086964296,159.73120194684572,91,21,4.0487122776082085,Jun19-Sep19,Jun-Sep
2019-05-30,IDR,0,2019-06-19,2019-09-18,34.18498461054527,189.72666458852626,15526.972832383,155.541679977981,91,20,3.954266965391489,Jun19-Sep19,Jun-Sep
2019-05-31,IDR,0,2019-06-19,2019-09-18,33.361043554736575,193.14288373794858,15643.15036614766,159.781840183212,91,19,4.032172507150798,Jun19-Sep19,Jun-Sep
2019-06-03,IDR,0,2019-06-19,2019-09-18,27.94883988391569,186.90786672368614,15698.015923513769,158.95902683977044,91,16,3.998793758280332,Jun19-Sep19,Jun-Sep
2019-06-04,IDR,0,2019-06-19,2019-09-18,26.063926470887118,184.18508039426897,15762.985490155184,158.12115392338185,91,15,3.961823278877006,Jun19-Sep19,Jun-Sep
2019-06-05,IDR,0,2019-06-19,2019-09-18,24.269566732207906,182.02175049155932,15791.866148815798,157.7521837593514,91,14,3.945809421073856,Jun19-Sep19,Jun-Sep
2019-06-06,IDR,0,2019-06-19,2019-09-18,23.54690404061614,188.3752323249291,15882.038098917761,164.82832828431296,91,13,4.0996172839458795,Jun19-Sep19,Jun-Sep
2019-06-07,IDR,0,2019-06-19,2019-09-18,22.356183433814497,191.89057447357445,15906.948177460154,169.53439103975995,91,12,4.2103878977977045,Jun19-Sep19,Jun-Sep
2019-06-10,IDR,0,2019-06-19,2019-09-18,16.48182714853061,183.13141276145123,15962.52581238617,166.64958561292062,91,9,4.1258700215529895,Jun19-Sep19,Jun-Sep
2019-06-11,IDR,0,2019-06-19,2019-09-18,14.317927103050467,177.18434790024955,16036.000084293402,162.86642079719908,91,8,4.01429254660112,Jun19-Sep19,Jun-Sep
2019-06-12,IDR,0,2019-06-19,2019-09-18,12.505010021357041,175.07014029899855,16015.680727507768,162.56513027764152,91,7,4.012399229892521,Jun19-Sep19,Jun-Sep
2019-06-13,IDR,0,2019-06-19,2019-09-18,12.365590236191087,171.3517504157908,16082.561875058687,158.98616017959972,91,6,3.907791690452477,Jun19-Sep19,Jun-Sep
2019-06-14,IDR,0,2019-06-19,2019-09-18,12.651758747606582,173.5098342528903,16191.262148797337,160.85807550528372,91,5,3.9272093212445416,Jun19-Sep19,Jun-Sep
2019-06-17,IDR,0,2019-06-19,2019-09-18,13.136350622492381,174.52580112739878,16184.337984198684,161.3894505049064,91,2,3.9417488618372234,Jun19-Sep19,Jun-Sep
2019-06-18,IDR,0,2019-06-19,2019-09-18,13.440668893641114,176.64879117356892,16171.408352225226,163.2081222799278,91,1,3.9892772856905094,Jun19-Sep19,Jun-Sep
2019-06-19,IDR,0,2019-09-18,2019-12-18,169.12424192012045,338.2484838402409,16084.87520382274,169.12424192012045,91,91,4.116297267647822,Sep19-Dec19,Sep-Dec
2019-06-20,IDR,0,2019-09-18,2019-12-18,165.15721981803398,332.14951985626834,16053.170371416993,166.99230003823436,91,90,4.073347733024951,Sep19-Dec19,Sep-Dec
2019-06-21,IDR,0,2019-09-18,2019-12-18,166.40257602178104,336.54453577438863,16018.533619852102,170.1419597526076,91,89,4.158737874545149,Sep19-Dec19,Sep-Dec
2019-06-24,IDR,0,2019-09-18,2019-12-18,167.81936158778092,345.3956628027584,15999.236786196207,177.5763012149775,91,86,4.345253995140287,Sep19-Dec19,Sep-Dec
2019-06-25,IDR,0,2019-09-18,2019-12-18,169.2096719023341,350.36355593895064,15988.255944421844,181.15388403661655,91,85,4.435427839208238,Sep19-Dec19,Sep-Dec
2019-06-26,IDR,0,2019-09-18,2019-12-18,164.07371479965462,341.8202391659471,15986.327178252423,177.74652436629248,91,84,4.353904699230053,Sep19-Dec19,Sep-Dec
2019-06-27,IDR,0,2019-09-18,2019-12-18,166.64724341061384,349.35687172827477,16127.282556138995,182.70962831766093,91,83,4.43605274914777,Sep19-Dec19,Sep-Dec
2019-06-28,IDR,0,2019-09-18,2019-12-18,167.41959223976963,353.2145055790262,16221.545888000432,185.79491333925657,91,82,4.484803173608923,Sep19-Dec19,Sep-Dec
2019-07-01,IDR,0,2019-09-18,2019-12-18,160.75189211224182,345.92179315292543,16221.071726526321,185.1699010406836,91,79,4.471664967872132,Sep19-Dec19,Sep-Dec
2019-07-02,IDR,0,2019-09-18,2019-12-18,158.52517546173365,343.47121350042295,16174.580227147175,184.9460380386893,91,78,4.479580814193329,Sep19-Dec19,Sep-Dec
2019-07-03,IDR,0,2019-09-18,2019-12-18,158.12141702224466,346.9038437916914,16129.641355619257,188.78242676944672,91,77,4.585231187692831,Sep19-Dec19,Sep-Dec
2019-07-04,IDR,0,2019-09-18,2019-12-18,158.7251409768354,350.5671467002484,16105.808615609723,191.84200572341297,91,76,4.666198359052883,Sep19-Dec19,Sep-Dec
2019-07-05,IDR,0,2019-09-18,2019-12-18,155.6094982500338,346.08531955548875,16100.004491492235,190.47582130545496,91,75,4.635510674179728,Sep19-Dec19,Sep-Dec
2019-07-08,IDR,0,2019-09-18,2019-12-18,146.3749418781092,332.6915985240037,16138.562658489818,186.3166566458945,91,72,4.526126544185561,Sep19-Dec19,Sep-Dec
2019-07-09,IDR,0,2019-09-18,2019-12-18,145.31237676789047,332.7511446938845,16109.918277631283,187.43876792599403,91,71,4.561707063696999,Sep19-Dec19,Sep-Dec
2019-07-10,IDR,0,2019-09-18,2019-12-18,143.9846141361306,332.24921617716626,16269.054960988178,188.26460204103566,91,70,4.537752057639972,Sep19-Dec19,Sep-Dec
2019-07-11,IDR,0,2019-09-18,2019-12-18,141.8290379307961,329.83907948316437,16202.54724724785,188.01004155236828,91,69,4.550653849258766,Sep19-Dec19,Sep-Dec
2019-07-12,IDR,0,2019-09-18,2019-12-18,137.0475412171163,321.2893023210654,16198.157735250474,184.2417611039491,91,68,4.461948859107203,Sep19-Dec19,Sep-Dec
2019-07-15,IDR,0,2019-09-18,2019-12-18,131.75979279374218,316.69995039507,16080.109540495845,184.94015760132783,91,65,4.512936649484453,Sep19-Dec19,Sep-Dec
2019-07-16,IDR,0,2019-09-18,2019-12-18,133.4340161898144,323.51936684085865,16148.64965183391,190.08535065104425,91,64,4.618487522284319,Sep19-Dec19,Sep-Dec
2019-07-17,IDR,0,2019-09-18,2019-12-18,137.0063947224099,335.1440560688542,16168.655450025368,198.13766134644428,91,63,4.807172533672839,Sep19-Dec19,Sep-Dec
2019-07-18,IDR,0,2019-09-18,2019-12-18,132.76243845415118,327.7430171359166,16143.341244021169,194.98057868176542,91,62,4.739167032159408,Sep19-Dec19,Sep-Dec
2019-07-19,IDR,0,2019-09-18,2019-12-18,129.98360745075104,323.8935792215436,16213.742350103756,193.90997177079254,91,61,4.693644361345385,Sep19-Dec19,Sep-Dec
2019-07-22,IDR,0,2019-09-18,2019-12-18,126.31630743528748,324.50223806651445,16128.276133177385,198.18593063122697,91,58,4.8234507011550125,Sep19-Dec19,Sep-Dec
2019-07-23,IDR,0,2019-09-18,2019-12-18,121.77436902794469,316.1860809848388,16100.817758561345,194.4117119568941,91,57,4.740927171331931,Sep19-Dec19,Sep-Dec
2019-07-24,IDR,0,2019-09-18,2019-12-18,118.12061943543218,310.0666260180094,16087.625742149761,191.94600658257724,91,56,4.685664098925798,Sep19-Dec19,Sep-Dec
2019-07-25,IDR,0,2019-09-18,2019-12-18,114.40689755925902,303.69830988457846,16051.06904904911,189.29141232531944,91,55,4.632373028384063,Sep19-Dec19,Sep-Dec
2019-07-26,IDR,0,2019-09-18,2019-12-18,110.45243914464498,296.58525325876894,16229.381518466573,186.13281411412396,91,54,4.506469259160598,Sep19-Dec19,Sep-Dec
2019-07-29,IDR,0,2019-09-18,2019-12-18,105.05719692331219,292.51219535510455,16221.805877477158,187.45499843179238,91,51,4.542086316256774,Sep19-Dec19,Sep-Dec
2019-07-30,IDR,0,2019-09-18,2019-12-18,102.96290933718336,290.355404330857,16272.935154808123,187.39249499367367,91,50,4.526975829501832,Sep19-Dec19,Sep-Dec
2019-07-31,IDR,0,2019-09-18,2019-12-18,100.53199804472032,287.23428012777237,16285.287294705919,186.70228208305204,91,49,4.507570975966031,Sep19-Dec19,Sep-Dec
2019-08-01,IDR,0,2019-09-18,2019-12-18,96.36374528223351,279.05334571313455,16300.706006079765,182.68960043090104,91,48,4.407666129228403,Sep19-Dec19,Sep-Dec
2019-08-02,IDR,0,2019-09-18,2019-12-18,96.55792027978279,285.45816229019357,16433.4905836766,188.90024201041078,91,47,4.520843726028216,Sep19-Dec19,Sep-Dec
2019-08-05,IDR,0,2019-09-18,2019-12-18,92.50876893692205,285.412687043829,16396.935603042137,192.90391810690696,91,44,4.628029678312551,Sep19-Dec19,Sep-Dec
2019-08-06,IDR,0,2019-09-18,2019-12-18,90.09280839901281,282.2080047539833,16353.805540176962,192.11519635497046,91,43,4.6218733860641725,Sep19-Dec19,Sep-Dec
2019-08-07,IDR,0,2019-09-18,2019-12-18,84.49962782519711,268.91055233127764,16303.060859156038,184.41092450608053,91,42,4.4517774558350345,Sep19-Dec19,Sep-Dec
2019-08-08,IDR,0,2019-09-18,2019-12-18,80.933892404929,261.77791332573696,16338.506346633356,180.84402092080796,91,41,4.357194188931431,Sep19-Dec19,Sep-Dec
2019-08-09,IDR,0,2019-09-18,2019-12-18,76.71729732135069,252.33857143274335,16341.340579798038,175.62127411139267,91,40,4.231715378280912,Sep19-Dec19,Sep-Dec
2019-08-12,IDR,0,2019-09-18,2019-12-18,71.45238802481217,247.90646437273065,16196.056184843823,176.4540763479185,91,37,4.291130870646923,Sep19-Dec19,Sep-Dec
2019-08-13,IDR,0,2019-09-18,2019-12-18,71.35936721561363,252.34037480986441,16210.39257914122,180.9810075942508,91,36,4.397369666426997,Sep19-Dec19,Sep-Dec
2019-08-14,IDR,0,2019-09-18,2019-12-18,73.1092006834509,263.675928874737,16294.71648308994,190.5667281912861,91,35,4.605928532288744,Sep19-Dec19,Sep-Dec
2019-08-15,IDR,0,2019-09-18,2019-12-18,71.69748556358681,263.9545656594461,16239.093052254206,192.25708009585927,91,34,4.663032475074877,Sep19-Dec19,Sep-Dec
2019-08-16,IDR,0,2019-09-18,2019-12-18,69.24529464280248,260.4351427194567,16247.4014343351,191.1898480766542,91,33,4.635483353312752,Sep19-Dec19,Sep-Dec
2019-08-19,IDR,0,2019-09-18,2019-12-18,63.754333255526426,257.14247746395665,16200.572050715416,193.38814420843022,91,30,4.703865263183063,Sep19-Dec19,Sep-Dec
2019-08-20,IDR,0,2019-09-18,2019-12-18,60.71823909067572,251.24788589245128,16282.119280399384,190.52964680177556,91,29,4.612073373295497,Sep19-Dec19,Sep-Dec
2019-08-21,IDR,0,2019-09-18,2019-12-18,58.30497503572103,247.79614390181433,16270.923847864471,189.4911688660933,91,28,4.590758090578779,Sep19-Dec19,Sep-Dec
2019-08-22,IDR,0,2019-09-18,2019-12-18,56.232392356110694,245.75638140818745,16211.304396666901,189.52398905207676,91,27,4.608965949416055,Sep19-Dec19,Sep-Dec
2019-08-23,IDR,0,2019-09-18,2019-12-18,55.923342529058786,251.65504138076454,16324.973973065611,195.73169885170574,91,26,4.726988939191686,Sep19-Dec19,Sep-Dec
2019-08-26,IDR,0,2019-09-18,2019-12-18,48.12541433882123,238.53466237502698,16304.012149178356,190.40924803620575,91,23,4.606537536408142,Sep19-Dec19,Sep-Dec
2019-08-27,IDR,0,2019-09-18,2019-12-18,46.04653344688451,236.51173997717947,16416.93400396874,190.46520653029495,91,22,4.5768670346075275,Sep19-Dec19,Sep-Dec
2019-08-28,IDR,0,2019-09-18,2019-12-18,43.8709274851224,233.97827992065282,16440.73457148235,190.10735243553043,91,21,4.562275042913274,Sep19-Dec19,Sep-Dec
2019-08-29,IDR,0,2019-09-18,2019-12-18,43.1359992121353,239.40479562735086,16509.223796448125,196.26879641521555,91,20,4.690859765034839,Sep19-Dec19,Sep-Dec
2019-08-30,IDR,0,2019-09-18,2019-12-18,40.12218847254158,232.2863543147144,16493.724671632026,192.16416584217282,91,19,4.597900859252013,Sep19-Dec19,Sep-Dec
2019-09-02,IDR,0,2019-09-18,2019-12-18,33.09196788266031,223.2028862604578,16568.685675049608,190.11091837779747,91,16,4.530160358740998,Sep19-Dec19,Sep-Dec
2019-09-03,IDR,0,2019-09-18,2019-12-18,30.022967930391754,213.93131693182826,16451.795080656884,183.9083490014365,91,15,4.414255213765733,Sep19-Dec19,Sep-Dec
2019-09-04,IDR,0,2019-09-18,2019-12-18,28.406008508038376,214.71155229344527,16605.367385747486,186.30554378540688,91,14,4.43094241457125,Sep19-Dec19,Sep-Dec
2019-09-05,IDR,0,2019-09-18,2019-12-18,25.225234251973205,203.35935634160796,16712.983419401215,178.13412208963476,91,13,4.21016628266311,Sep19-Dec19,Sep-Dec
2019-09-06,IDR,0,2019-09-18,2019-12-18,23.69102802323914,204.79457853120653,16816.585481445134,181.10355050796738,91,12,4.254405240925402,Sep19-Dec19,Sep-Dec
2019-09-09,IDR,0,2019-09-18,2019-12-18,17.54380705492725,196.0177432645585,16841.583363185404,178.47393620963126,91,9,4.187943595916411,Sep19-Dec19,Sep-Dec
2019-09-10,IDR,0,2019-09-18,2019-12-18,15.76664858327493,196.07439091128046,16776.87496360265,180.30774232800553,91,8,4.247725704733729,Sep19-Dec19,Sep-Dec
2019-09-11,IDR,0,2019-09-18,2019-12-18,13.75874539664493,193.46071872851397,16705.7861400214,179.70197333186903,91,7,4.251963258334493,Sep19-Dec19,Sep-Dec
2019-09-12,IDR,0,2019-09-18,2019-12-18,13.702884988457043,190.60385084350656,16763.62208042073,176.90096585504952,91,6,4.171272823481031,Sep19-Dec19,Sep-Dec
2019-09-13,IDR,0,2019-09-18,2019-12-18,13.34127131026086,183.56448259609095,16697.48194483971,170.2232112858301,91,5,4.029786548964784,Sep19-Dec19,Sep-Dec
2019-09-16,IDR,0,2019-09-18,2019-12-18,13.200594468171396,175.6179662726759,16645.123746172107,162.41737180450448,91,2,3.8571122097570116,Sep19-Dec19,Sep-Dec
2019-09-17,IDR,0,2019-09-18,2019-12-18,12.687954051975643,166.8750487170356,16611.824161413602,154.18709466505996,91,1,3.6691057139790457,Sep19-Dec19,Sep-Dec
2019-09-18,IDR,0,2019-12-18,2020-03-18,161.07386660562162,325.82778844181973,16560.248537594583,164.75392183619812,91,91,3.897860115124099,Dec19-Mar20,Dec-Mar
2019-09-19,IDR,0,2019-12-18,2020-03-18,156.85135543565602,319.1243253029003,16554.697170364376,162.27296986724426,91,90,3.8414094342096403,Dec19-Mar20,Dec-Mar
2019-09-20,IDR,0,2019-12-18,2020-03-18,153.27857997358885,313.6890449252718,16593.40128049865,160.41046495168294,91,89,3.789353206996857,Dec19-Mar20,Dec-Mar
2019-09-23,IDR,0,2019-12-18,2020-03-18,145.16575348998177,302.4638678675819,16616.211743996908,157.29811437760011,91,86,3.712572279777768,Dec19-Mar20,Dec-Mar
2019-09-24,IDR,0,2019-12-18,2020-03-18,144.2107229335878,302.2785275600278,16548.755627166185,158.06780462644,91,85,3.746027937891515,Dec19-Mar20,Dec-Mar
2019-09-25,IDR,0,2019-12-18,2020-03-18,147.00106857768708,309.9311612714586,16555.207805748058,162.93009269377154,91,84,3.8591219479339447,Dec19-Mar20,Dec-Mar
2019-09-26,IDR,0,2019-12-18,2020-03-18,143.48558955749309,304.4658897828629,16491.484462436398,160.98030022536983,91,83,3.8283516096404178,Dec19-Mar20,Dec-Mar
2019-09-27,IDR,0,2019-12-18,2020-03-18,134.270015400474,286.9520380904395,16537.744708575174,152.6820226899655,91,82,3.6229382174824147,Dec19-Mar20,Dec-Mar
2019-09-30,IDR,0,2019-12-18,2020-03-18,134.57380856950763,293.26150014216074,16525.31322613674,158.6876915726531,91,79,3.7681857136051815,Dec19-Mar20,Dec-Mar
2019-10-01,IDR,0,2019-12-18,2020-03-18,134.21684930928782,294.511164896737,16685.961269760643,160.29431558744918,91,78,3.7700632768507187,Dec19-Mar20,Dec-Mar
2019-10-02,IDR,0,2019-12-18,2020-03-18,136.98517335922602,298.27225888579716,16623.2821941402,161.28708552657113,91,77,3.8069726806544337,Dec19-Mar20,Dec-Mar
2019-10-03,IDR,0,2019-12-18,2020-03-18,134.83998100338107,295.92882466242503,16611.691932201593,161.08884365904396,91,76,3.805412067682923,Dec19-Mar20,Dec-Mar
2019-10-04,IDR,0,2019-12-18,2020-03-18,133.20062751965287,294.6962847282431,16569.997864316014,161.49565720859022,91,75,3.8249196340429914,Dec19-Mar20,Dec-Mar
2019-10-07,IDR,0,2019-12-18,2020-03-18,122.33067659741371,277.5703121865131,16612.795440922197,155.23963558909938,91,72,3.6697352490686863,Dec19-Mar20,Dec-Mar
2019-10-08,IDR,0,2019-12-18,2020-03-18,121.82280828342034,278.85333635919505,16753.748714670855,157.03052807577473,91,71,3.6811770828832477,Dec19-Mar20,Dec-Mar
2019-10-09,IDR,0,2019-12-18,2020-03-18,124.8019117466218,288.2024349170521,16810.227578060127,163.4005231704303,91,70,3.8170565483330594,Dec19-Mar20,Dec-Mar
2019-10-10,IDR,0,2019-12-18,2020-03-18,121.79079159759402,283.8358573940443,16772.041920875632,162.04506579645027,91,69,3.7946238373574075,Dec19-Mar20,Dec-Mar
2019-10-11,IDR,0,2019-12-18,2020-03-18,119.57274052220887,281.2818796787994,16762.438125312325,161.7091391565905,91,68,3.7894091390034883,Dec19-Mar20,Dec-Mar
2019-10-14,IDR,0,2019-12-18,2020-03-18,113.65155282354377,275.30701708990216,16830.597662186938,161.6554642663584,91,65,3.7742369948493595,Dec19-Mar20,Dec-Mar
2019-10-15,IDR,0,2019-12-18,2020-03-18,110.35208606174318,270.10755552459324,16915.38068076232,159.75546946285004,91,64,3.7120261904085265,Dec19-Mar20,Dec-Mar
2019-10-16,IDR,0,2019-12-18,2020-03-18,109.72184128995829,271.339583296564,16830.641921013885,161.6177420066057,91,63,3.7742217370647855,Dec19-Mar20,Dec-Mar
2019-10-17,IDR,0,2019-12-18,2020-03-18,107.37931334171095,268.4067040930435,16780.548439211794,161.02739075133258,91,62,3.7721113287153467,Dec19-Mar20,Dec-Mar
2019-10-18,IDR,0,2019-12-18,2020-03-18,109.21259761611246,275.8629291490146,16769.79150792716,166.6503315329021,91,61,3.9058941671620704,Dec19-Mar20,Dec-Mar
2019-10-21,IDR,0,2019-12-18,2020-03-18,103.17372692633123,268.767222595452,16728.641263929374,165.59349566912076,91,58,3.8920053960782623,Dec19-Mar20,Dec-Mar
2019-10-22,IDR,0,2019-12-18,2020-03-18,99.93855655835634,263.19237225896035,16662.540641368447,163.253815700604,91,57,3.8528863378595886,Dec19-Mar20,Dec-Mar
2019-10-23,IDR,0,2019-12-18,2020-03-18,97.31068460291905,259.1521277999471,16702.1132277805,161.84144319702804,91,56,3.8111536832228574,Dec19-Mar20,Dec-Mar
2019-10-24,IDR,0,2019-12-18,2020-03-18,93.52179402219022,251.98874270888405,16789.002688541994,158.46694868669383,91,55,3.713320334480521,Dec19-Mar20,Dec-Mar
2019-10-25,IDR,0,2019-12-18,2020-03-18,91.06329358598839,248.258042725078,16813.06143215758,157.19474913908962,91,54,3.6788023476098552,Dec19-Mar20,Dec-Mar
2019-10-28,IDR,0,2019-12-18,2020-03-18,86.50523701457874,244.56258052973834,16671.87802468917,158.0573435151596,91,51,3.7311582433515746,Dec19-Mar20,Dec-Mar
2019-10-29,IDR,0,2019-12-18,2020-03-18,81.15361379129884,232.5617427458293,16688.483344649394,151.40812895453047,91,50,3.57179594842099,Dec19-Mar20,Dec-Mar
2019-10-30,IDR,0,2019-12-18,2020-03-18,81.24175969238132,235.82748425886035,16686.76883425444,154.58572456647903,91,49,3.6471107764130046,Dec19-Mar20,Dec-Mar
2019-10-31,IDR,0,2019-12-18,2020-03-18,82.59939672362744,242.90726837679435,16709.319140804644,160.3078716531669,91,48,3.776727390276733,Dec19-Mar20,Dec-Mar
2019-11-01,IDR,0,2019-12-18,2020-03-18,84.21935888686146,245.03344437726452,16586.164084853783,160.81408549040304,91,47,3.816274491214127,Dec19-Mar20,Dec-Mar
2019-11-04,IDR,0,2019-12-18,2020-03-18,78.20504713729169,238.53171143197812,16518.831641756402,160.32666429468645,91,44,3.821521535227472,Dec19-Mar20,Dec-Mar
2019-11-05,IDR,0,2019-12-18,2020-03-18,76.74117863308268,238.02340172342673,16477.93875364161,161.28222309034405,91,43,3.8541340967274214,Dec19-Mar20,Dec-Mar
2019-11-06,IDR,0,2019-12-18,2020-03-18,73.55242624101066,232.09040333210993,16453.289591017507,158.53797709109926,91,42,3.7949367787247326,Dec19-Mar20,Dec-Mar
2019-11-07,IDR,0,2019-12-18,2020-03-18,69.52431872737677,223.31234789719682,16496.3052370088,153.78802916982005,91,41,3.6725731196389604,Dec19-Mar20,Dec-Mar
2019-11-08,IDR,0,2019-12-18,2020-03-18,69.14216342853148,226.23237119522304,16597.63293362681,157.09020776669155,91,40,3.728710343603967,Dec19-Mar20,Dec-Mar
2019-11-11,IDR,0,2019-12-18,2020-03-18,66.08325496443014,229.4197286393402,16602.90329517784,163.33647367491005,91,37,3.8764580410417255,Dec19-Mar20,Dec-Mar
2019-11-12,IDR,0,2019-12-18,2020-03-18,64.96603181486634,230.3578169095842,16627.835796192376,165.39178509471785,91,36,3.9196366107066933,Dec19-Mar20,Dec-Mar
2019-11-13,IDR,0,2019-12-18,2020-03-18,62.48337751463582,226.48285491655025,16554.313308357436,163.99947740191442,91,35,3.9044176421910333,Dec19-Mar20,Dec-Mar
2019-11-14,IDR,0,2019-12-18,2020-03-18,60.7662172358766,225.3454416440055,16611.04091501769,164.57922440812888,91,34,3.9052913751058878,Dec19-Mar20,Dec-Mar
2019-11-15,IDR,0,2019-12-18,2020-03-18,58.92413928028988,223.75657439369667,16580.07519343798,164.8324351134068,91,33,3.919011868749625,Dec19-Mar20,Dec-Mar
2019-11-18,IDR,0,2019-12-18,2020-03-18,51.130511353463376,209.92775231536245,16656.104353770574,158.7972409618991,91,30,3.7601007612285846,Dec19-Mar20,Dec-Mar
2019-11-19,IDR,0,2019-12-18,2020-03-18,49.06061119434499,206.71642497780584,16681.497057150616,157.65581378346084,91,29,3.727869337154958,Dec19-Mar20,Dec-Mar
2019-11-20,IDR,0,2019-12-18,2020-03-18,48.33872931919946,209.14171467369601,16659.51780194237,160.80298535449657,91,28,3.8074523631156585,Dec19-Mar20,Dec-Mar
2019-11-21,IDR,0,2019-12-18,2020-03-18,46.3924486150592,206.4461524254363,16622.86315163246,160.0537038103771,91,27,3.798486883793902,Dec19-Mar20,Dec-Mar
2019-11-22,IDR,0,2019-12-18,2020-03-18,46.563186149859405,213.2311078066383,16635.465595219754,166.6679216567789,91,26,3.952430683209618,Dec19-Mar20,Dec-Mar
2019-11-25,IDR,0,2019-12-18,2020-03-18,39.02835028410463,197.16751388553138,16751.91266986189,158.13916360142673,91,23,3.725851229116123,Dec19-Mar20,Dec-Mar
2019-11-26,IDR,0,2019-12-18,2020-03-18,36.04929184370923,188.8661739087143,16667.559747116913,152.81688206500507,91,22,3.6192795297390528,Dec19-Mar20,Dec-Mar
2019-11-27,IDR,0,2019-12-18,2020-03-18,33.96756680889229,184.8619562015014,16657.199493341548,150.89438939260913,91,21,3.5764116134380415,Dec19-Mar20,Dec-Mar
2019-11-28,IDR,0,2019-12-18,2020-03-18,32.66374846310853,184.95808018720777,16534.242976299312,152.29433172409924,91,20,3.6366660389071717,Dec19-Mar20,Dec-Mar
2019-11-29,IDR,0,2019-12-18,2020-03-18,33.349991559199324,196.78162020725563,16662.247679825618,163.4316286480563,91,19,3.8725340623636493,Dec19-Mar20,Dec-Mar
2019-12-02,IDR,0,2019-12-18,2020-03-18,27.855877324695726,186.8892515281568,16541.401213826422,159.03337420346105,91,16,3.797050256181162,Dec19-Mar20,Dec-Mar
2019-12-03,IDR,0,2019-12-18,2020-03-18,25.93542487084745,185.3282170755282,16532.177815393567,159.39279220468075,91,15,3.8081928966697847,Dec19-Mar20,Dec-Mar
2019-12-04,IDR,0,2019-12-18,2020-03-18,25.17825613142336,192.5119232680422,16537.510270651448,167.33366713661886,91,14,3.9968109129626797,Dec19-Mar20,Dec-Mar
2019-12-05,IDR,0,2019-12-18,2020-03-18,24.0835574422385,196.33238799928188,16487.67807618236,172.2488305570434,91,13,4.126900328267659,Dec19-Mar20,Dec-Mar
2019-12-06,IDR,0,2019-12-18,2020-03-18,22.362663071338297,195.6325097673954,16588.43282283778,173.2698466960571,91,12,4.126612300826113,Dec19-Mar20,Dec-Mar
2019-12-09,IDR,0,2019-12-18,2020-03-18,16.934436642336262,191.8364878472503,16542.36319581349,174.90205120491405,91,9,4.178439315039195,Dec19-Mar20,Dec-Mar
2019-12-10,IDR,0,2019-12-18,2020-03-18,14.405507767302579,181.920234282521,16434.340479682214,167.51472651521843,91,8,4.028851937311924,Dec19-Mar20,Dec-Mar
2019-12-11,IDR,0,2019-12-18,2020-03-18,12.716344822903645,181.66920653823627,16381.705579133502,168.95286171533263,91,7,4.07690463589082,Dec19-Mar20,Dec-Mar
2019-12-12,IDR,0,2019-12-18,2020-03-18,12.952338588956493,183.08906194807759,16229.951040704687,170.1367233591211,91,6,4.143768761217896,Dec19-Mar20,Dec-Mar
2019-12-13,IDR,0,2019-12-18,2020-03-18,13.172551184464252,184.25635997408227,16219.032499290744,171.08380878961802,91,5,4.169581801329801,Dec19-Mar20,Dec-Mar
2019-12-16,IDR,0,2019-12-18,2020-03-18,13.540760857557457,183.49938838538654,16203.187893125929,169.9586275278291,91,2,4.14611242227231,Dec19-Mar20,Dec-Mar
2019-12-17,IDR,0,2019-12-18,2020-03-18,13.04637457115648,175.06197851426555,16179.03582008334,162.01560394310906,91,1,3.9583596665260554,Dec19-Mar20,Dec-Mar
2019-12-18,IDR,0,2020-03-18,2020-06-17,180.5245780604017,357.45787581091514,16160.76139449742,176.93329775051345,91,91,4.2833587537987095,Mar20-Jun20,Mar-Jun
2019-12-19,IDR,0,2020-03-18,2020-06-17,187.03961110873936,372.51172274685246,16225.445446076323,185.4721116381131,91,90,4.470595547865868,Mar20-Jun20,Mar-Jun
2019-12-20,IDR,0,2020-03-18,2020-06-17,183.56098013906558,367.5333758259409,16343.702135756464,183.9723956868753,91,89,4.403650374126416,Mar20-Jun20,Mar-Jun
2019-12-23,IDR,0,2020-03-18,2020-06-17,172.4339292192497,351.031612099367,16421.87627118007,178.5976828801173,91,86,4.257726144617573,Mar20-Jun20,Mar-Jun
2019-12-24,IDR,0,2020-03-18,2020-06-17,169.6240107978924,347.34309912726604,16301.990502763887,177.71908832937365,91,85,4.268340087003579,Mar20-Jun20,Mar-Jun
2019-12-25,IDR,0,2020-03-18,2020-06-17,168.9142488381718,348.00186058679446,16211.732508263789,179.08761174862266,91,84,4.32509457389595,Mar20-Jun20,Mar-Jun
2019-12-26,IDR,0,2020-03-18,2020-06-17,164.98192214574522,341.91276512179377,16224.475462951426,176.93084297604855,91,83,4.270709978657488,Mar20-Jun20,Mar-Jun
2019-12-27,IDR,0,2020-03-18,2020-06-17,160.07527643194786,333.67552786192107,16399.26287057723,173.6002514299732,91,82,4.147328953248573,Mar20-Jun20,Mar-Jun
2019-12-30,IDR,0,2020-03-18,2020-06-17,154.1328492319841,327.47188395914475,16432.691373537287,173.33903472716065,91,79,4.1342262477077085,Mar20-Jun20,Mar-Jun
2019-12-31,IDR,0,2020-03-18,2020-06-17,153.9426123237665,329.2626011295692,16507.512920281588,175.3199888058027,91,78,4.162743049258879,Mar20-Jun20,Mar-Jun
2020-01-01,IDR,0,2020-03-18,2020-06-17,147.58943889332667,322.0133212218036,16569.73753871988,174.42388232847694,91,77,4.127624867296872,Mar20-Jun20,Mar-Jun
2020-01-02,IDR,0,2020-03-18,2020-06-17,149.6540141772955,328.84500483695194,16588.96036383311,179.19099065965645,91,76,4.235042516469782,Mar20-Jun20,Mar-Jun
2020-01-03,IDR,0,2020-03-18,2020-06-17,151.9967172038424,336.4194007445045,16524.731425102025,184.42268354066212,91,75,4.374864399975519,Mar20-Jun20,Mar-Jun
2020-01-06,IDR,0,2020-03-18,2020-06-17,148.84199810808164,336.96174571690705,16505.5650331838,188.1197476088254,91,72,4.468546908587782,Mar20-Jun20,Mar-Jun
2020-01-07,IDR,0,2020-03-18,2020-06-17,147.81879000551388,337.27667578722884,16537.466236328783,189.45788578171496,91,71,4.4920043187076955,Mar20-Jun20,Mar-Jun
2020-01-08,IDR,0,2020-03-18,2020-06-17,144.18622552877122,331.6283187161738,16544.363639668467,187.44209318740258,91,70,4.4433408885254,Mar20-Jun20,Mar-Jun
2020-01-09,IDR,0,2020-03-18,2020-06-17,140.91356592396454,326.75609489614965,16410.11332765495,185.8425289721851,91,69,4.44202778621289,Mar20-Jun20,Mar-Jun
2020-01-10,IDR,0,2020-03-18,2020-06-17,138.51340725373305,323.87693754916995,16502.26360669462,185.3635302954369,91,68,4.406682891559537,Mar20-Jun20,Mar-Jun
2020-01-13,IDR,0,2020-03-18,2020-06-17,129.59008054127094,311.01619329905026,16428.818667728676,181.42611275777932,91,65,4.334532911678138,Mar20-Jun20,Mar-Jun
2020-01-14,IDR,0,2020-03-18,2020-06-17,126.83194009945574,307.17110492836935,16467.64824469764,180.33916482891362,91,64,4.299198619749726,Mar20-Jun20,Mar-Jun
2020-01-15,IDR,0,2020-03-18,2020-06-17,122.5549883523776,299.578860416923,16512.877155576476,177.0238720645454,91,63,4.209774733216267,Mar20-Jun20,Mar-Jun
2020-01-16,IDR,0,2020-03-18,2020-06-17,120.74933634632711,297.9782009836782,16589.789582718022,177.2288646373511,91,62,4.195706566861512,Mar20-Jun20,Mar-Jun
2020-01-17,IDR,0,2020-03-18,2020-06-17,119.71163840240679,298.29785306829234,16561.76254297761,178.58621466588556,91,61,4.235206717823131,Mar20-Jun20,Mar-Jun
2020-01-20,IDR,0,2020-03-18,2020-06-17,114.54717377455847,294.2677395242968,16602.172227662817,179.72056574973834,91,58,4.253121924448404,Mar20-Jun20,Mar-Jun
2020-01-21,IDR,0,2020-03-18,2020-06-17,113.90773625417243,295.7604379932898,16793.95463409723,181.85270173911738,91,57,4.254927476029267,Mar20-Jun20,Mar-Jun
2020-01-22,IDR,0,2020-03-18,2020-06-17,112.91081740758537,296.3908956949116,16802.603349792476,183.48007828732622,91,56,4.291062320591621,Mar20-Jun20,Mar-Jun
2020-01-23,IDR,0,2020-03-18,2020-06-17,112.52577377159338,298.7047812845933,16763.713100086872,186.17900751299993,91,55,4.364315668433447,Mar20-Jun20,Mar-Jun
2020-01-24,IDR,0,2020-03-18,2020-06-17,117.43515869009309,315.3351483345092,16845.058520124494,197.8999896444161,91,54,4.615483270079421,Mar20-Jun20,Mar-Jun
2020-01-27,IDR,0,2020-03-18,2020-06-17,109.33905153081454,304.43422190932677,16772.001417441166,195.09517037851222,91,51,4.571941849332789,Mar20-Jun20,Mar-Jun
2020-01-28,IDR,0,2020-03-18,2020-06-17,105.8110124366834,298.3870550714472,16754.43534339252,192.5760426347638,91,50,4.518553723746262,Mar20-Jun20,Mar-Jun
2020-01-29,IDR,0,2020-03-18,2020-06-17,103.69909003753347,296.28311439295277,16733.026327611893,192.5840243554193,91,49,4.525053694723984,Mar20-Jun20,Mar-Jun
2020-01-30,IDR,0,2020-03-18,2020-06-17,104.16779019074508,301.65255909403265,16679.184864452895,197.48476890328757,91,48,4.654960439113646,Mar20-Jun20,Mar-Jun
2020-01-31,IDR,0,2020-03-18,2020-06-17,103.3316819896018,303.39940669287336,16748.168094413384,200.06772470327155,91,47,4.696773127695915,Mar20-Jun20,Mar-Jun
2020-02-03,IDR,0,2020-03-18,2020-06-17,97.4216276898222,298.9072667755908,16801.446280059405,201.4856390857686,91,44,4.716801439517679,Mar20-Jun20,Mar-Jun
2020-02-04,IDR,0,2020-03-18,2020-06-17,97.24433569203683,303.0404879705333,16885.35598631516,205.7961522784965,91,43,4.793957397345271,Mar20-Jun20,Mar-Jun
2020-02-05,IDR,0,2020-03-18,2020-06-17,97.7348570015076,309.4937138381074,16798.241490906603,211.7588568365998,91,42,4.958147007769216,Mar20-Jun20,Mar-Jun
2020-02-06,IDR,0,2020-03-18,2020-06-17,93.61768541877643,301.4032798848412,16896.16708894907,207.78559446606477,91,41,4.838254021796838,Mar20-Jun20,Mar-Jun
2020-02-07,IDR,0,2020-03-18,2020-06-17,87.38336813356273,286.1805306374179,16884.264717033373,198.7971625038552,91,40,4.633906555541983,Mar20-Jun20,Mar-Jun
2020-02-10,IDR,0,2020-03-18,2020-06-17,82.11157987750211,284.0616817383857,16895.535866068858,201.9501018608836,91,37,4.705737249126113,Mar20-Jun20,Mar-Jun
2020-02-11,IDR,0,2020-03-18,2020-06-17,81.44980779493281,287.33682194323524,16904.704054126287,205.88701414830243,91,36,4.795070647365527,Mar20-Jun20,Mar-Jun
2020-02-12,IDR,0,2020-03-18,2020-06-17,77.79712899536483,280.06966438331335,16960.125122250778,202.27253538794852,91,35,4.696576432825676,Mar20-Jun20,Mar-Jun
2020-02-13,IDR,0,2020-03-18,2020-06-17,75.49393786502685,277.551242150834,17062.23699870625,202.05730428580716,91,34,4.664255614426964,Mar20-Jun20,Mar-Jun
2020-02-14,IDR,0,2020-03-18,2020-06-17,73.52600182800015,276.27952202036425,17097.07305069444,202.7535201923641,91,33,4.671367816988358,Mar20-Jun20,Mar-Jun
2020-02-17,IDR,0,2020-03-18,2020-06-17,66.50862062238936,268.2514365103038,16971.502123405662,201.74281588791445,91,30,4.684252519023778,Mar20-Jun20,Mar-Jun
2020-02-18,IDR,0,2020-03-18,2020-06-17,64.65772730978469,267.5492164542815,16910.48375427955,202.89148914449683,91,29,4.728370895956094,Mar20-Jun20,Mar-Jun
2020-02-19,IDR,0,2020-03-18,2020-06-17,62.89615366018678,267.30865305579385,17016.455165175146,204.41249939560709,91,28,4.73475144153765,Mar20-Jun20,Mar-Jun
2020-02-20,IDR,0,2020-03-18,2020-06-17,59.746764108999486,261.11548758747915,17084.44277172043,201.36872347847967,91,27,4.6466093937451,Mar20-Jun20,Mar-Jun
2020-02-21,IDR,0,2020-03-18,2020-06-17,57.01059542024935,256.5476793911221,16985.540797459096,199.53708397087271,91,26,4.631803401100084,Mar20-Jun20,Mar-Jun
2020-02-24,IDR,0,2020-03-18,2020-06-17,51.117889978892045,253.36693293885622,16996.498721054744,202.24904295996419,91,23,4.693360498848799,Mar20-Jun20,Mar-Jun
2020-02-25,IDR,0,2020-03-18,2020-06-17,49.07743211176461,252.07953766497275,16948.117834180473,203.00210555320814,91,22,4.724810418167011,Mar20-Jun20,Mar-Jun
2020-02-26,IDR,0,2020-03-18,2020-06-17,45.21696186605727,241.1571299523054,16820.492914033573,195.94016808624815,91,21,4.595999358506141,Mar20-Jun20,Mar-Jun
2020-02-27,IDR,0,2020-03-18,2020-06-17,43.97381386823251,244.05466696869047,16760.694814718623,200.08085310045794,91,20,4.710171126383901,Mar20-Jun20,Mar-Jun
2020-02-28,IDR,0,2020-03-18,2020-06-17,41.64283844884134,241.09011733539728,16585.827021447345,199.44727888655595,91,19,4.745293233648275,Mar20-Jun20,Mar-Jun
2020-03-02,IDR,0,2020-03-18,2020-06-17,35.446367717370144,237.04758410991283,16567.39603621207,201.60121639254268,91,16,4.8036550262747815,Mar20-Jun20,Mar-Jun
2020-03-03,IDR,0,2020-03-18,2020-06-17,31.929904216065914,225.63798979353248,16447.422757027318,193.70808557746656,91,15,4.6501687107396465,Mar20-Jun20,Mar-Jun
2020-03-04,IDR,0,2020-03-18,2020-06-17,29.658230735171355,222.43673051378516,16404.125934591968,192.77849977861382,91,14,4.6406853785598,Mar20-Jun20,Mar-Jun
2020-03-05,IDR,0,2020-03-18,2020-06-17,26.926870548396693,215.4149643871736,16451.047666629536,188.4880938387769,91,13,4.525235688007372,Mar20-Jun20,Mar-Jun
2020-03-06,IDR,0,2020-03-18,2020-06-17,24.829125898603035,213.1166639630094,16392.319873374625,188.28753806440636,91,12,4.537168889623062,Mar20-Jun20,Mar-Jun
2020-03-09,IDR,0,2020-03-18,2020-06-17,18.949076123400378,210.54529026000418,16344.548505303628,191.5962141366038,91,9,4.632035670640038,Mar20-Jun20,Mar-Jun
2020-03-10,IDR,0,2020-03-18,2020-06-17,17.111039253220085,211.74911075859856,16243.727774628213,194.6380715053785,91,8,4.735283186852419,Mar20-Jun20,Mar-Jun
2020-03-11,IDR,0,2020-03-18,2020-06-17,14.291235277461368,200.07729388445918,16333.514149665383,185.7860586069978,91,7,4.49588062105502,Mar20-Jun20,Mar-Jun
2020-03-12,IDR,0,2020-03-18,2020-06-17,14.204807007411032,196.8380399598386,16368.642180911209,182.63323295242756,91,6,4.410131510884678,Mar20-Jun20,Mar-Jun
2020-03-13,IDR,0,2020-03-18,2020-06-17,14.238850510336373,195.27566414175598,16324.605733828026,181.03681363141962,91,5,4.383355191924174,Mar20-Jun20,Mar-Jun
2020-03-16,IDR,0,2020-03-18,2020-06-17,14.237038805676177,189.14922984684063,16243.32737008547,174.91219104116445,91,2,4.256236043748153,Mar20-Jun20,Mar-Jun
2020-03-17,IDR,0,2020-03-18,2020-06-17,14.412446465767587,189.4207249786597,16189.83483451775,175.0082785128921,91,1,4.272586257561512,Mar20-Jun20,Mar-Jun
2020-03-18,IDR,0,2020-06-17,2020-09-16,190.59463463189425,381.1892692637885,16177.65415188323,190.59463463189425,91,91,4.606483944764404,Jun20-Sep20,Jun-Sep
2020-03-19,IDR,0,2020-06-17,2020-09-16,184.51714457433192,371.0844796439342,16050.371528261272,186.56733506960225,91,90,4.546188108651919,Jun20-Sep20,Jun-Sep
2020-03-20,IDR,0,2020-06-17,2020-09-16,181.7614503894557,367.60742775395533,16059.648039977868,185.84597736449965,91,89,4.526792184779019,Jun20-Sep20,Jun-Sep
2020-03-23,IDR,0,2020-06-17,2020-09-16,177.04706480629014,364.387563612946,16021.94238659057,187.34049880665586,91,86,4.57514495117115,Jun20-Sep20,Jun-Sep
2020-03-24,IDR,0,2020-06-17,2020-09-16,179.40005299995178,371.4636391528413,16125.005568800729,192.06358615288954,91,85,4.660163680915287,Jun20-Sep20,Jun-Sep
2020-03-25,IDR,0,2020-06-17,2020-09-16,182.55760877749208,380.32835161977516,16092.20257554923,197.77074284228308,91,84,4.80738114136396,Jun20-Sep20,Jun-Sep
2020-03-26,IDR,0,2020-06-17,2020-09-16,181.58280370894062,380.66756440187555,15985.359059872388,199.08476069293494,91,83,4.871595821433037,Jun20-Sep20,Jun-Sep
2020-03-27,IDR,0,2020-06-17,2020-09-16,185.13862136220422,390.597335312943,15904.663332516438,205.4587139507388,91,82,5.051670032181127,Jun20-Sep20,Jun-Sep
2020-03-30,IDR,0,2020-06-17,2020-09-16,173.85120477129706,374.110187482538,15976.560718905244,200.25898271124092,91,79,4.905344470111606,Jun20-Sep20,Jun-Sep
2020-03-31,IDR,0,2020-06-17,2020-09-16,169.65907072369572,367.594653234674,15962.928663448081,197.9355825109783,91,78,4.853789595205306,Jun20-Sep20,Jun-Sep
2020-04-01,IDR,0,2020-06-17,2020-09-16,170.15124303124344,371.23907570453116,15919.355616112069,201.08783267328772,91,77,4.944292650144655,Jun20-Sep20,Jun-Sep
2020-04-02,IDR,0,2020-06-17,2020-09-16,170.58435346568027,374.8366714311659,15999.545408278127,204.25231796548562,91,76,4.997060381710807,Jun20-Sep20,Jun-Sep
2020-04-03,IDR,0,2020-06-17,2020-09-16,169.59872024267335,375.3785008037837,15980.834335514575,205.77978056111036,91,75,5.040569837070882,Jun20-Sep20,Jun-Sep
2020-04-06,IDR,0,2020-06-17,2020-09-16,164.4011791265495,372.18600274482736,16026.8969654138,207.78482361827787,91,72,5.076837498109558,Jun20-Sep20,Jun-Sep
2020-04-07,IDR,0,2020-06-17,2020-09-16,166.85684218811014,380.71561175315264,15973.862056776044,213.8587695650425,91,71,5.241617167616241,Jun20-Sep20,Jun-Sep
2020-04-08,IDR,0,2020-06-17,2020-09-16,158.87705654156164,365.41723004559174,15908.791891338195,206.5401735040301,91,70,5.085255413970368,Jun20-Sep20,Jun-Sep
2020-04-09,IDR,0,2020-06-17,2020-09-16,150.6332169274441,349.29441606363844,15924.79258588141,198.66119913619434,91,69,4.8889058727505565,Jun20-Sep20,Jun-Sep
2020-04-10,IDR,0,2020-06-17,2020-09-16,145.1090158289288,339.2990223058776,16011.123617565228,194.1900064769488,91,68,4.754971154967121,Jun20-Sep20,Jun-Sep
2020-04-13,IDR,0,2020-06-17,2020-09-16,136.20107290675003,326.8825749762001,16014.80901929377,190.68150206945006,91,65,4.670571063264438,Jun20-Sep20,Jun-Sep
2020-04-14,IDR,0,2020-06-17,2020-09-16,135.88351732156042,329.09289351315414,16018.311700195027,193.20937619159372,91,64,4.731555949658019,Jun20-Sep20,Jun-Sep
2020-04-15,IDR,0,2020-06-17,2020-09-16,135.23202885562353,330.56718164707974,15986.669832134081,195.3351527914562,91,63,4.793196592229662,Jun20-Sep20,Jun-Sep
2020-04-16,IDR,0,2020-06-17,2020-09-16,128.90835306056803,318.1125486817243,15954.679581485509,189.2041956211563,91,62,4.6538130521083705,Jun20-Sep20,Jun-Sep
2020-04-17,IDR,0,2020-06-17,2020-09-16,128.05719656235084,319.0933422537267,15869.594685998176,191.03614569137585,91,61,4.724114483152164,Jun20-Sep20,Jun-Sep
2020-04-20,IDR,0,2020-06-17,2020-09-16,124.95572718713892,321.006954325581,15857.270285600709,196.05122713844207,91,58,4.852811314115236,Jun20-Sep20,Jun-Sep
2020-04-21,IDR,0,2020-06-17,2020-09-16,121.81619080442219,316.294670860605,15871.360336178497,194.47848005618278,91,57,4.810585403774179,Jun20-Sep20,Jun-Sep
2020-04-22,IDR,0,2020-06-17,2020-09-16,117.93577194494746,309.5814013554871,15922.231609220675,191.64562941053964,91,56,4.726624828254768,Jun20-Sep20,Jun-Sep
2020-04-23,IDR,0,2020-06-17,2020-09-16,113.68253480006581,301.77545601472013,15941.869739910984,188.09292121465433,91,55,4.63455788635755,Jun20-Sep20,Jun-Sep
2020-04-24,IDR,0,2020-06-17,2020-09-16,113.18208728769281,303.91486401324914,15972.067261036671,190.73277672555633,91,54,4.690926651150913,Jun20-Sep20,Jun-Sep
2020-04-27,IDR,0,2020-06-17,2020-09-16,107.33175157560223,298.84526909285324,15918.001288771819,191.51351751725102,91,51,4.727738834302616,Jun20-Sep20,Jun-Sep
2020-04-28,IDR,0,2020-06-17,2020-09-16,103.63088430560418,292.2390937418038,15829.410665767733,188.60820943619962,91,50,4.682987643353727,Jun20-Sep20,Jun-Sep
2020-04-29,IDR,0,2020-06-17,2020-09-16,101.28012064617396,289.37177327478275,15923.924946629933,188.0916526286088,91,49,4.643303111815983,Jun20-Sep20,Jun-Sep
2020-04-30,IDR,0,2020-06-17,2020-09-16,97.7991367761074,283.2100002474777,16018.224665450112,185.4108634713703,91,48,4.551330618657178,Jun20-Sep20,Jun-Sep
2020-05-01,IDR,0,2020-06-17,2020-09-16,93.90657734607646,275.7256951863522,15955.431345382485,181.81911784027574,91,47,4.481707754477798,Jun20-Sep20,Jun-Sep
2020-05-04,IDR,0,2020-06-17,2020-09-16,86.85978487365459,266.50161268053114,16007.424867670266,179.64182780687656,91,44,4.415672908057804,Jun20-Sep20,Jun-Sep
2020-05-05,IDR,0,2020-06-17,2020-09-16,86.51509216775341,269.60517094137106,16108.074044182742,183.09007877361765,91,43,4.472558046676097,Jun20-Sep20,Jun-Sep
2020-05-06,IDR,0,2020-06-17,2020-09-16,87.35413795559703,276.62143685939054,16074.915501830395,189.26729890379352,91,42,4.63270178380115,Jun20-Sep20,Jun-Sep
2020-05-07,IDR,0,2020-06-17,2020-09-16,82.66133614684077,266.1291797898288,15982.793134613683,183.46784364298804,91,41,4.517810904716327,Jun20-Sep20,Jun-Sep
2020-05-08,IDR,0,2020-06-17,2020-09-16,81.95120907280418,268.39020971343365,16012.176660647778,186.43900064062947,91,40,4.582794964882092,Jun20-Sep20,Jun-Sep
2020-05-11,IDR,0,2020-06-17,2020-09-16,75.21935314384564,260.2183027678984,15949.12016911263,184.99894962405278,91,37,4.567202133468342,Jun20-Sep20,Jun-Sep
2020-05-12,IDR,0,2020-06-17,2020-09-16,74.2503440019689,261.9387135625014,15940.426361755151,187.6883695605325,91,36,4.636393563616364,Jun20-Sep20,Jun-Sep
2020-05-13,IDR,0,2020-06-17,2020-09-16,72.40709042978182,260.66552554721454,15970.504993306415,188.25843511743273,91,35,4.642290879195359,Jun20-Sep20,Jun-Sep
2020-05-14,IDR,0,2020-06-17,2020-09-16,72.53417507212907,266.66976129459215,15937.080620736833,194.13558622246308,91,34,4.797172963396151,Jun20-Sep20,Jun-Sep
2020-05-15,IDR,0,2020-06-17,2020-09-16,70.4943936093124,264.88802447135566,16024.502621718924,194.39363086204327,91,33,4.778067046131341,Jun20-Sep20,Jun-Sep
2020-05-18,IDR,0,2020-06-17,2020-09-16,66.73942369045155,269.18234221815453,15990.583230044744,202.442918527703,91,30,4.987587915841801,Jun20-Sep20,Jun-Sep
2020-05-19,IDR,0,2020-06-17,2020-09-16,66.49718758413249,275.1607762102034,16036.372090083809,208.6635886260709,91,29,5.126305842744571,Jun20-Sep20,Jun-Sep
2020-05-20,IDR,0,2020-06-17,2020-09-16,63.97240272331861,271.88271157410406,15981.962437905247,207.91030885078544,91,28,5.125923350042445,Jun20-Sep20,Jun-Sep
2020-05-21,IDR,0,2020-06-17,2020-09-16,61.95972961684493,270.7869664736186,15950.62560724751,208.82723685677365,91,27,5.159252618143275,Jun20-Sep20,Jun-Sep
2020-05-22,IDR,0,2020-06-17,2020-09-16,58.96928395685964,265.3617778058683,15966.392571960228,206.39249384900867,91,26,5.0950348903524745,Jun20-Sep20,Jun-Sep
2020-05-25,IDR,0,2020-06-17,2020-09-16,51.92220141946117,257.3535200790684,16008.408386276016,205.43131865960723,91,23,5.06026524253566,Jun20-Sep20,Jun-Sep
2020-05-26,IDR,0,2020-06-17,2020-09-16,51.45060132903096,264.2689977354772,15929.310504440684,212.81839640644625,91,22,5.2683281182065995,Jun20-Sep20,Jun-Sep
2020-05-27,IDR,0,2020-06-17,2020-09-16,48.563773363149835,259.00679127013245,15930.800043783562,210.44301790698262,91,21,5.209981064385259,Jun20-Sep20,Jun-Sep
2020-05-28,IDR,0,2020-06-17,2020-09-16,46.13862536058596,256.0693707512521,15909.864312723437,209.93074539066615,91,20,5.204907893995896,Jun20-Sep20,Jun-Sep
2020-05-29,IDR,0,2020-06-17,2020-09-16,44.597201889616954,258.19432672936136,15952.49434417324,213.59712483974442,91,19,5.2822077833179915,Jun20-Sep20,Jun-Sep
2020-06-01,IDR,0,2020-06-17,2020-09-16,36.591564863561096,244.70609002506487,15925.351922412894,208.11452516150376,91,16,5.157957175367806,Jun20-Sep20,Jun-Sep
2020-06-02,IDR,0,2020-06-17,2020-09-16,34.034563580473886,240.51091596868216,15886.540693537565,206.47635238820828,91,15,5.130653338460088,Jun20-Sep20,Jun-Sep
2020-06-03,IDR,0,2020-06-17,2020-09-16,30.810476893470614,231.0785767010296,15920.473873489758,200.26809980755897,91,14,4.966806361351534,Jun20-Sep20,Jun-Sep
2020-06-04,IDR,0,2020-06-17,2020-09-16,28.706805294783187,229.6544423582655,15935.8343113109,200.94763706348232,91,13,4.979521047801519,Jun20-Sep20,Jun-Sep
2020-06-05,IDR,0,2020-06-17,2020-09-16,26.534921232189728,227.7580739096285,15948.444841245484,201.22315267743878,91,12,4.983090112173212,Jun20-Sep20,Jun-Sep
2020-06-08,IDR,0,2020-06-17,2020-09-16,20.24814988249627,224.97944313884747,15910.825397998327,204.7312932563512,91,9,5.0839385862203175,Jun20-Sep20,Jun-Sep
2020-06-09,IDR,0,2020-06-17,2020-09-16,17.912608186917236,221.6685263131008,15829.679339157401,203.7559181261836,91,8,5.086371299119311,Jun20-Sep20,Jun-Sep
2020-06-10,IDR,0,2020-06-17,2020-09-16,15.37301541443576,215.2222158021006,15855.381165557625,199.84920038766484,91,7,4.981566800787169,Jun20-Sep20,Jun-Sep
2020-06-11,IDR,0,2020-06-17,2020-09-16,14.736627743490933,204.20755587408865,15852.35528143559,189.4709281305977,91,6,4.723961544859277,Jun20-Sep20,Jun-Sep
2020-06-12,IDR,0,2020-06-17,2020-09-16,14.54378335860519,199.45760034658542,15851.061042168676,184.91381698798023,91,5,4.610774036848007,Jun20-Sep20,Jun-Sep
2020-06-15,IDR,0,2020-06-17,2020-09-16,14.787223166012545,196.45882206273808,15896.625008364585,181.67159889672553,91,2,4.516889012378298,Jun20-Sep20,Jun-Sep
2020-06-16,IDR,0,2020-06-17,2020-09-16,14.614246021698746,192.07294771375496,15867.309176998288,177.45870169205622,91,1,4.420336287849843,Jun20-Sep20,Jun-Sep
2020-06-17,IDR,0,2020-09-16,2020-12-16,193.30145036411676,386.6029007282335,15833.17419537528,193.30145036411676,91,91,4.771535871711063,Sep20-Dec20,Sep-Dec
2020-06-18,IDR,0,2020-09-16,2020-12-16,185.50606492847947,373.07330835616426,15841.167597534697,187.5672434276848,91,90,4.629933043759782,Sep20-Dec20,Sep-Dec
2020-06-19,IDR,0,2020-09-16,2020-12-16,178.04249323161037,360.08594136730187,15762.928478131636,182.0434481356915,91,89,4.5177416358660665,Sep20-Dec20,Sep-Dec
2020-06-22,IDR,0,2020-09-16,2020-12-16,169.34766079221498,348.54111581653547,15796.05715443302,179.19345502432049,91,86,4.440208017998794,Sep20-Dec20,Sep-Dec
2020-06-23,IDR,0,2020-09-16,2020-12-16,163.89273723687052,339.3543735728142,15804.159062845585,175.4616363359437,91,85,4.34701712290794,Sep20-Dec20,Sep-Dec
2020-06-24,IDR,0,2020-09-16,2020-12-16,157.4362943590922,327.9922799147754,15738.699040767175,170.5559855556832,91,84,4.244597580480565,Sep20-Dec20,Sep-Dec
2020-06-25,IDR,0,2020-09-16,2020-12-16,157.2614686943789,329.6806693111075,15648.711260115962,172.41920061672863,91,83,4.315444219781799,Sep20-Dec20,Sep-Dec
2020-06-26,IDR,0,2020-09-16,2020-12-16,156.47669827162093,330.12766830476124,15741.221033747071,173.6509700331403,91,82,4.321197207550256,Sep20-Dec20,Sep-Dec
2020-06-29,IDR,0,2020-09-16,2020-12-16,151.8654522946571,326.7990745581229,15748.368326201333,174.93362226346582,91,79,4.352420905912741,Sep20-Dec20,Sep-Dec
2020-06-30,IDR,0,2020-09-16,2020-12-16,153.49569423072745,332.5740041665762,15809.786013898887,179.07830993584872,91,78,4.437945020537285,Sep20-Dec20,Sep-Dec
2020-07-01,IDR,0,2020-09-16,2020-12-16,155.97634338623266,340.3120219335985,15713.989094983754,184.33567854736583,91,77,4.595095369504948,Sep20-Dec20,Sep-Dec
2020-07-02,IDR,0,2020-09-16,2020-12-16,158.01879205616504,347.22550359709953,15827.457710487559,189.2067115409345,91,76,4.682438258974331,Sep20-Dec20,Sep-Dec
2020-07-03,IDR,0,2020-09-16,2020-12-16,154.86599327226577,344.4156346453551,15867.991954994917,189.54964137308934,91,75,4.679981034253667,Sep20-Dec20,Sep-Dec
2020-07-06,IDR,0,2020-09-16,2020-12-16,148.84862125615294,338.2707859263512,15881.475331425538,189.42216467019827,91,72,4.674655433641118,Sep20-Dec20,Sep-Dec
2020-07-07,IDR,0,2020-09-16,2020-12-16,142.85059716595106,327.104650656648,15711.995105100917,184.25405349069695,91,71,4.597440734375965,Sep20-Dec20,Sep-Dec
2020-07-08,IDR,0,2020-09-16,2020-12-16,138.1823106851788,318.8748315642156,15832.754824565483,180.69252087903678,91,70,4.475802196654466,Sep20-Dec20,Sep-Dec
2020-07-09,IDR,0,2020-09-16,2020-12-16,134.40928514914586,312.6126717430357,15845.068958020565,178.20338659388986,91,69,4.41178629084881,Sep20-Dec20,Sep-Dec
2020-07-10,IDR,0,2020-09-16,2020-12-16,130.23573017748507,305.3447532205228,15871.609883785815,175.10902304303775,91,68,4.329119333920372,Sep20-Dec20,Sep-Dec
2020-07-13,IDR,0,2020-09-16,2020-12-16,121.27005394508106,291.521066195104,15961.61453319466,170.25101225002297,91,65,4.187808998894619,Sep20-Dec20,Sep-Dec
2020-07-14,IDR,0,2020-09-16,2020-12-16,117.70191171675276,285.4148747361337,16000.078370540017,167.71296301938094,91,64,4.116446818880144,Sep20-Dec20,Sep-Dec
2020-07-15,IDR,0,2020-09-16,2020-12-16,116.7796217651357,285.69880244716506,16031.57393625405,168.91918068202938,91,63,4.138203324543831,Sep20-Dec20,Sep-Dec
2020-07-16,IDR,0,2020-09-16,2020-12-16,119.1243593511091,294.0878921065304,16161.524750010572,174.96353275542128,91,62,4.251448585592179,Sep20-Dec20,Sep-Dec
2020-07-17,IDR,0,2020-09-16,2020-12-16,117.24272558957473,292.1458080264813,16245.449439581218,174.90308243690657,91,61,4.228670167374967,Sep20-Dec20,Sep-Dec
2020-07-20,IDR,0,2020-09-16,2020-12-16,110.54913357211544,283.9969121076758,16279.137011967916,173.4477785355604,91,58,4.186578253370487,Sep20-Dec20,Sep-Dec
2020-07-21,IDR,0,2020-09-16,2020-12-16,107.08660173909132,278.049422059395,16359.378546341957,170.96282032030368,91,57,4.107356533136574,Sep20-Dec20,Sep-Dec
2020-07-22,IDR,0,2020-09-16,2020-12-16,106.10108455715807,278.5153469625399,16355.748958393997,172.41426240538186,91,56,4.143388494883343,Sep20-Dec20,Sep-Dec
2020-07-23,IDR,0,2020-09-16,2020-12-16,107.05145317882256,284.17294843832894,16297.018652230452,177.1214952595064,91,55,4.271503451913379,Sep20-Dec20,Sep-Dec
2020-07-24,IDR,0,2020-09-16,2020-12-16,102.95285207079041,276.44747315304835,16133.278240199537,173.49462108225794,91,54,4.227288606808272,Sep20-Dec20,Sep-Dec
2020-07-27,IDR,0,2020-09-16,2020-12-16,95.11904958316507,264.841275309989,16051.302843280879,169.72222572682392,91,51,4.158373847457026,Sep20-Dec20,Sep-Dec
2020-07-28,IDR,0,2020-09-16,2020-12-16,94.78533843622151,267.2946543901446,16040.731947402413,172.5093159539231,91,50,4.229516938634232,Sep20-Dec20,Sep-Dec
2020-07-29,IDR,0,2020-09-16,2020-12-16,88.79890346031976,253.71115274377078,16001.244324497358,164.91224928345102,91,49,4.054682127402936,Sep20-Dec20,Sep-Dec
2020-07-30,IDR,0,2020-09-16,2020-12-16,89.1557326345162,258.18014242078647,15955.869267174447,169.02440978627027,91,48,4.167447509535426,Sep20-Dec20,Sep-Dec
2020-07-31,IDR,0,2020-09-16,2020-12-16,86.88612354670333,255.1124478605332,15880.16644404557,168.22632431382988,91,47,4.168024942186132,Sep20-Dec20,Sep-Dec
2020-08-03,IDR,0,2020-09-16,2020-12-16,82.22168593473971,253.80832280983446,15963.656170953545,171.58663687509477,91,44,4.230396640195235,Sep20-Dec20,Sep-Dec
2020-08-04,IDR,0,2020-09-16,2020-12-16,78.44567481636025,245.87629177672514,15948.868868086334,167.4306169603649,91,43,4.132712804192582,Sep20-Dec20,Sep-Dec
2020-08-05,IDR,0,2020-09-16,2020-12-16,75.35803612000362,239.932950807091,15944.35615052175,164.5749146870874,91,42,4.064152387357808,Sep20-Dec20,Sep-Dec
2020-08-06,IDR,0,2020-09-16,2020-12-16,76.69580066063595,248.09977509247906,15885.578937411638,171.4039744318431,91,41,4.248026476299712,Sep20-Dec20,Sep-Dec
2020-08-07,IDR,0,2020-09-16,2020-12-16,74.79729019268252,246.01397967887536,15792.814467601298,171.21668948619282,91,40,4.268700041031745,Sep20-Dec20,Sep-Dec
2020-08-10,IDR,0,2020-09-16,2020-12-16,69.6821438831745,241.76325887935005,15765.909013955157,172.08111499617553,91,37,4.298926690797755,Sep20-Dec20,Sep-Dec
2020-08-11,IDR,0,2020-09-16,2020-12-16,70.25264403007664,248.4236846609935,15875.14198202464,178.17104063091688,91,36,4.42041407541129,Sep20-Dec20,Sep-Dec
2020-08-12,IDR,0,2020-09-16,2020-12-16,68.37003217493532,246.59782203584436,15717.584455106467,178.22778986090904,91,35,4.466482982998578,Sep20-Dec20,Sep-Dec
2020-08-13,IDR,0,2020-09-16,2020-12-16,65.03650428260963,239.4546159709668,15741.936644120244,174.4181116883572,91,34,4.365198258333512,Sep20-Dec20,Sep-Dec
2020-08-14,IDR,0,2020-09-16,2020-12-16,61.630868124410966,231.8162063967125,15764.652950221012,170.18533827230152,91,33,4.254066757598497,Sep20-Dec20,Sep-Dec
2020-08-17,IDR,0,2020-09-16,2020-12-16,56.95317985676945,229.7111587556368,15825.36158487541,172.75797889886735,91,30,4.3031394881988785,Sep20-Dec20,Sep-Dec
2020-08-18,IDR,0,2020-09-16,2020-12-16,57.26759916004852,236.9693758346835,15730.164565701098,179.70177667463497,91,29,4.503000361809078,Sep20-Dec20,Sep-Dec
2020-08-19,IDR,0,2020-09-16,2020-12-16,55.55858870216849,236.12400198421608,15695.939176606686,180.5654132820476,91,28,4.534963738231025,Sep20-Dec20,Sep-Dec
2020-08-20,IDR,0,2020-09-16,2020-12-16,54.4468348465759,237.95283377392428,15794.509596443806,183.5059989273484,91,27,4.580476961379629,Sep20-Dec20,Sep-Dec
2020-08-21,IDR,0,2020-09-16,2020-12-16,52.01051322141791,234.0473094963806,15816.076967276773,182.03679627496268,91,26,4.538326175515673,Sep20-Dec20,Sep-Dec
2020-08-24,IDR,0,2020-09-16,2020-12-16,45.857630610245806,227.2943430246966,15718.86659558941,181.43671241445077,91,23,4.55302356865082,Sep20-Dec20,Sep-Dec
2020-08-25,IDR,0,2020-09-16,2020-12-16,44.73005917337184,229.74984939050086,15691.550386457307,185.019790217129,91,22,4.651330569291081,Sep20-Dec20,Sep-Dec
2020-08-26,IDR,0,2020-09-16,2020-12-16,41.65191996792307,222.14357316225636,15644.438551995654,180.49165319433328,91,21,4.552013231162073,Sep20-Dec20,Sep-Dec
2020-08-27,IDR,0,2020-09-16,2020-12-16,40.86045568410325,226.77552904677302,15637.00738392328,185.91507336266977,91,20,4.691251449739641,Sep20-Dec20,Sep-Dec
2020-08-28,IDR,0,2020-09-16,2020-12-16,38.991830313369775,225.7421754984566,15605.663394176474,186.75034518508681,91,19,4.722332092062321,Sep20-Dec20,Sep-Dec
2020-08-31,IDR,0,2020-09-16,2020-12-16,32.66841716688494,218.47003980354307,15606.202664969534,185.80162263665812,91,16,4.700079579877854,Sep20-Dec20,Sep-Dec
2020-09-01,IDR,0,2020-09-16,2020-12-16,30.838221721347058,219.6067233567454,15654.59569080335,188.76850163539834,91,15,4.7609552540965705,Sep20-Dec20,Sep-Dec
2020-09-02,IDR,0,2020-09-16,2020-12-16,29.234747743877037,220.83495471392138,15687.239682905778,191.60020697004433,91,14,4.822829980764848,Sep20-Dec20,Sep-Dec
2020-09-03,IDR,0,2020-09-16,2020-12-16,26.67700455436602,214.87705362063042,15677.83826195931,188.2000490662644,91,13,4.740850984578322,Sep20-Dec20,Sep-Dec
2020-09-04,IDR,0,2020-09-16,2020-12-16,24.283738943913377,209.78125392138747,15645.25033877308,185.4975149774741,91,12,4.6832044867968845,Sep20-Dec20,Sep-Dec
2020-09-07,IDR,0,2020-09-16,2020-12-16,18.254525049956918,203.83113932762464,15547.789863379263,185.57661427766772,91,9,4.716350698845464,Sep20-Dec20,Sep-Dec
2020-09-08,IDR,0,2020-09-16,2020-12-16,16.73304945996444,207.96727270754997,15620.262106044747,191.23422324758553,91,8,4.8380842069970775,Sep20-Dec20,Sep-Dec
2020-09-09,IDR,0,2020-09-16,2020-12-16,14.392391096462742,202.28190420923931,15712.26082816414,187.88951311277657,91,7,4.726365885931273,Sep20-Dec20,Sep-Dec
2020-09-10,IDR,0,2020-09-16,2020-12-16,14.806458094134198,205.84939320335445,15674.875292826895,191.04293510922025,91,6,4.817014524462046,Sep20-Dec20,Sep-Dec
2020-09-11,IDR,0,2020-09-16,2020-12-16,15.16945251711798,208.59883671848684,15641.598467382484,193.42938420136886,91,5,4.887440052800126,Sep20-Dec20,Sep-Dec
2020-09-14,IDR,0,2020-09-16,2020-12-16,14.930072272265203,198.58063696038997,15621.383399155999,183.65056468812477,91,2,4.646425820165906,Sep20-Dec20,Sep-Dec
2020-09-15,IDR,0,2020-09-16,2020-12-16,15.296277108649704,201.14921509288718,15684.01797057518,185.85293798423749,91,1,4.683277119152049,Sep20-Dec20,Sep-Dec
2020-09-16,IDR,0,2020-12-16,2021-03-17,199.8978862641116,403.2562220753172,15572.022961923249,203.35833581120562,91,91,5.100802388248974,Dec20-Mar21,Dec-Mar
2020-09-17,IDR,0,2020-12-16,2021-03-17,198.13696604677406,401.9468207373625,15621.150594825931,203.80985469058842,91,90,5.096820831711494,Dec20-Mar21,Dec-Mar
2020-09-18,IDR,0,2020-12-16,2021-03-17,191.41785624758222,390.5944351826388,15557.39022590142,199.17657893505657,91,89,5.003244037081591,Dec20-Mar21,Dec-Mar
2020-09-21,IDR,0,2020-12-16,2021-03-17,184.85894538399674,383.93566701964664,15615.734165695563,199.0767216356499,91,86,4.984346194343268,Dec20-Mar21,Dec-Mar
2020-09-22,IDR,0,2020-12-16,2021-03-17,182.21416276765544,380.75206636675205,15577.040862347956,198.5379035990966,91,85,4.9838946849143895,Dec20-Mar21,Dec-Mar
2020-09-23,IDR,0,2020-12-16,2021-03-17,180.1415333418513,378.7659517182152,15619.907652112843,198.6244183763639,91,84,4.973192935145568,Dec20-Mar21,Dec-Mar
2020-09-24,IDR,0,2020-12-16,2021-03-17,172.11533673451729,364.30092598225167,15663.701099324537,192.18558924773438,91,83,4.80110793057067,Dec20-Mar21,Dec-Mar
2020-09-25,IDR,0,2020-12-16,2021-03-17,165.72013737656738,353.10644439185404,15648.18332849362,187.38630701528666,91,82,4.687700724322303,Dec20-Mar21,Dec-Mar
2020-09-28,IDR,0,2020-12-16,2021-03-17,160.10324016987877,347.9972402751383,15620.761871574847,187.89400010525955,91,79,4.710241917853642,Dec20-Mar21,Dec-Mar
2020-09-29,IDR,0,2020-12-16,2021-03-17,159.40792277157036,348.8687012348894,15681.908534190989,189.46077846331903,91,78,4.731394449340547,Dec20-Mar21,Dec-Mar
2020-09-30,IDR,0,2020-12-16,2021-03-17,159.84622275982667,352.2827686464507,15873.180903457353,192.436545886624,91,77,4.74824515846978,Dec20-Mar21,Dec-Mar
2020-10-01,IDR,0,2020-12-16,2021-03-17,157.01353037672732,348.5348032936678,15832.034846365596,191.52127291694046,91,76,4.738659589516338,Dec20-Mar21,Dec-Mar
2020-10-02,IDR,0,2020-12-16,2021-03-17,155.54442651603333,344.1557214767164,15863.760439907044,188.61129496068307,91,75,4.65784614059502,Dec20-Mar21,Dec-Mar
2020-10-05,IDR,0,2020-12-16,2021-03-17,149.47338036995384,338.99180715659355,15909.074989795869,189.5184267866397,91,72,4.668810714180969,Dec20-Mar21,Dec-Mar
2020-10-06,IDR,0,2020-12-16,2021-03-17,142.32893438261357,325.5987036588134,15940.744356798983,183.26976927619984,91,71,4.507989548665521,Dec20-Mar21,Dec-Mar
2020-10-07,IDR,0,2020-12-16,2021-03-17,142.86861514605542,329.7020905773386,16029.809149517696,186.83347543128318,91,70,4.570185914923397,Dec20-Mar21,Dec-Mar
2020-10-08,IDR,0,2020-12-16,2021-03-17,140.1576567387527,326.36139559078873,16013.94224194777,186.20373885203603,91,69,4.560019934866688,Dec20-Mar21,Dec-Mar
2020-10-09,IDR,0,2020-12-16,2021-03-17,139.96136085806427,328.88464287889406,16063.010582414236,188.9232820208298,91,68,4.6126649519060345,Dec20-Mar21,Dec-Mar
2020-10-12,IDR,0,2020-12-16,2021-03-17,135.38933392907154,327.35713540282484,16032.798351087044,191.9678014737533,91,65,4.697082168826446,Dec20-Mar21,Dec-Mar
2020-10-13,IDR,0,2020-12-16,2021-03-17,132.2645422126243,323.0441516652084,16127.783222156362,190.7796094525841,91,64,4.6416377851311665,Dec20-Mar21,Dec-Mar
2020-10-14,IDR,0,2020-12-16,2021-03-17,133.28071071987014,328.8039304415891,16164.00286954165,195.52321972171896,91,63,4.746180232043009,Dec20-Mar21,Dec-Mar
2020-10-15,IDR,0,2020-12-16,2021-03-17,132.31992202308413,329.8369711333289,16208.23608621006,197.51704911024478,91,62,4.7818821339649435,Dec20-Mar21,Dec-Mar
2020-10-16,IDR,0,2020-12-16,2021-03-17,130.4334485285416,328.60942447545574,16177.184016231837,198.17597594691415,91,61,4.8075255234068095,Dec20-Mar21,Dec-Mar
2020-10-19,IDR,0,2020-12-16,2021-03-17,127.17964860355002,330.31247626234347,16165.55027226485,203.13282765879345,91,58,4.932275923290196,Dec20-Mar21,Dec-Mar
2020-10-20,IDR,0,2020-12-16,2021-03-17,122.46658358184786,321.5738748865034,16157.091980306353,199.10729130465555,91,57,4.838443212565384,Dec20-Mar21,Dec-Mar
2020-10-21,IDR,0,2020-12-16,2021-03-17,123.51746808821993,327.8276947538427,16174.53460019428,204.3102266656228,91,56,4.959244417505926,Dec20-Mar21,Dec-Mar
2020-10-22,IDR,0,2020-12-16,2021-03-17,125.61266593050001,337.04774004979737,16214.43901793372,211.43507411929735,91,55,5.118995112428855,Dec20-Mar21,Dec-Mar
2020-10-23,IDR,0,2020-12-16,2021-03-17,124.99331913872159,339.2485176663014,16282.389905470845,214.2551985275798,91,54,5.165985164012738,Dec20-Mar21,Dec-Mar
2020-10-26,IDR,0,2020-12-16,2021-03-17,115.48448694644057,325.14792451894687,16212.970947505693,209.6634375725063,91,51,5.079707498004002,Dec20-Mar21,Dec-Mar
2020-10-27,IDR,0,2020-12-16,2021-03-17,109.97544619463193,313.74834330988074,16279.132684584136,203.7728971152488,91,50,4.918721211707856,Dec20-Mar21,Dec-Mar
2020-10-28,IDR,0,2020-12-16,2021-03-17,105.99822884448557,306.46722232531283,16268.12960623616,200.46899348082727,91,49,4.84339781649278,Dec20-Mar21,Dec-Mar
2020-10-29,IDR,0,2020-12-16,2021-03-17,105.88071318832499,310.20654371601756,16171.402986719288,204.32583052769257,91,48,4.965951210442592,Dec20-Mar21,Dec-Mar
2020-10-30,IDR,0,2020-12-16,2021-03-17,99.44676345486761,295.58888847757294,16183.187394337976,196.14212502270533,91,47,4.765487332713491,Dec20-Mar21,Dec-Mar
2020-11-02,IDR,0,2020-12-16,2021-03-17,96.9335568638313,296.02281777029003,16184.703733959526,199.08926090645872,91,44,4.837387378517236,Dec20-Mar21,Dec-Mar
2020-11-03,IDR,0,2020-12-16,2021-03-17,93.00539532858798,288.7293902848054,16153.07397039187,195.7239949562174,91,43,4.766028220526271,Dec20-Mar21,Dec-Mar
2020-11-04,IDR,0,2020-12-16,2021-03-17,93.65328699899136,295.7564137903402,16188.54400742357,202.10312679134887,91,42,4.910448134137155,Dec20-Mar21,Dec-Mar
2020-11-05,IDR,0,2020-12-16,2021-03-17,92.60270436099664,297.6208505652021,16263.77511446936,205.01814620420544,91,41,4.958682216528023,Dec20-Mar21,Dec-Mar
2020-11-06,IDR,0,2020-12-16,2021-03-17,87.57716399409159,286.6119724941171,16201.098469338576,199.0348085000255,91,40,4.833974651675104,Dec20-Mar21,Dec-Mar
2020-11-09,IDR,0,2020-12-16,2021-03-17,79.77487708468405,276.7691370801614,16269.704442764934,196.99425999547734,91,37,4.766622449464239,Dec20-Mar21,Dec-Mar
2020-11-10,IDR,0,2020-12-16,2021-03-17,80.64830308598486,285.6563405281831,16272.543812668384,205.0080374421982,91,36,4.959403654790471,Dec20-Mar21,Dec-Mar
2020-11-11,IDR,0,2020-12-16,2021-03-17,76.54285344868207,277.0687084917703,16251.06405183221,200.5258550430882,91,35,4.858575426734359,Dec20-Mar21,Dec-Mar
2020-11-12,IDR,0,2020-12-16,2021-03-17,76.9253817575053,284.7180747730981,16302.318144955707,207.79269301559282,91,34,5.018772850979129,Dec20-Mar21,Dec-Mar
2020-11-13,IDR,0,2020-12-16,2021-03-17,74.89294949028955,283.71266291176516,16241.17270550316,208.81971342147563,91,33,5.063107630552044,Dec20-Mar21,Dec-Mar
2020-11-16,IDR,0,2020-12-16,2021-03-17,66.28365759503677,270.9488188655074,16221.299544865944,204.66516127047063,91,30,4.971052882385072,Dec20-Mar21,Dec-Mar
2020-11-17,IDR,0,2020-12-16,2021-03-17,62.902284552583154,263.89464547689164,16241.985391015505,200.99236092430849,91,29,4.876664166396364,Dec20-Mar21,Dec-Mar
2020-11-18,IDR,0,2020-12-16,2021-03-17,62.55282257617641,269.47216305067207,16302.001958650553,206.91934047449564,91,28,5.002164844788873,Dec20-Mar21,Dec-Mar
2020-11-19,IDR,0,2020-12-16,2021-03-17,60.42952860591622,267.70972896545754,16246.38442820654,207.2802003595413,91,27,5.028631503441872,Dec20-Mar21,Dec-Mar
2020-11-20,IDR,0,2020-12-16,2021-03-17,59.37816643787146,270.8260799161804,16309.489255914781,211.44791347830892,91,26,5.110293941239226,Dec20-Mar21,Dec-Mar
2020-11-23,IDR,0,2020-12-16,2021-03-17,52.135171014939324,262.0532855549916,16398.79670772836,209.91811454005227,91,23,5.04801365911281,Dec20-Mar21,Dec-Mar
2020-11-24,IDR,0,2020-12-16,2021-03-17,51.831800532347394,269.8982207331774,16520.60372208708,218.06642020083004,91,22,5.205513350612694,Dec20-Mar21,Dec-Mar
2020-11-25,IDR,0,2020-12-16,2021-03-17,49.47161360947879,267.54765695456194,16645.729668037857,218.07604334508315,91,21,5.167463384713133,Dec20-Mar21,Dec-Mar
2020-11-26,IDR,0,2020-12-16,2021-03-17,47.72072697801304,268.5405328016656,16607.241331619705,220.8198058236526,91,20,5.24512067412664,Dec20-Mar21,Dec-Mar
2020-11-27,IDR,0,2020-12-16,2021-03-17,44.41136998090079,260.8161216906021,16639.48757897838,216.4047517097013,91,19,5.131334783790143,Dec20-Mar21,Dec-Mar
2020-11-30,IDR,0,2020-12-16,2021-03-17,38.08294050532507,258.4071160374367,16773.53133633888,220.32417553211164,91,16,5.184583161562909,Dec20-Mar21,Dec-Mar
2020-12-01,IDR,0,2020-12-16,2021-03-17,37.126979984012564,266.1106219886936,16859.835457521796,228.98364200468103,91,15,5.361137283319102,Dec20-Mar21,Dec-Mar
2020-12-02,IDR,0,2020-12-16,2021-03-17,34.27987138994685,260.8343445003965,16808.890841078246,226.5544731104497,91,14,5.321203883541143,Dec20-Mar21,Dec-Mar
2020-12-03,IDR,0,2020-12-16,2021-03-17,30.49168189670901,247.65012271537273,16725.003937652655,217.15844081866373,91,13,5.127203377393723,Dec20-Mar21,Dec-Mar
2020-12-04,IDR,0,2020-12-16,2021-03-17,28.554577912880962,248.81654534100548,16753.882149497527,220.2619674281245,91,12,5.19213055376634,Dec20-Mar21,Dec-Mar
2020-12-07,IDR,0,2020-12-16,2021-03-17,22.141165109816946,249.74895586276764,16812.045891607326,227.6077907529507,91,9,5.348796600174629,Dec20-Mar21,Dec-Mar
2020-12-08,IDR,0,2020-12-16,2021-03-17,19.642862454004945,246.82557774415358,16853.19694129074,227.18271529014862,91,8,5.326577020791526,Dec20-Mar21,Dec-Mar
2020-12-09,IDR,0,2020-12-16,2021-03-17,16.880619155068832,240.07424615589434,16855.100932188103,223.1936270008255,91,7,5.233314157185394,Dec20-Mar21,Dec-Mar
2020-12-10,IDR,0,2020-12-16,2021-03-17,16.853521893499376,237.30536663543103,16936.67750051438,220.45184474193167,91,6,5.144162515981862,Dec20-Mar21,Dec-Mar
2020-12-11,IDR,0,2020-12-16,2021-03-17,16.717318276681286,233.02430970430308,16912.03716560452,216.3069914276218,91,5,5.0548312157404425,Dec20-Mar21,Dec-Mar
2020-12-14,IDR,0,2020-12-16,2021-03-17,16.66201158753415,225.13172653251667,16942.505198747538,208.4697149449825,91,2,4.862947252054404,Dec20-Mar21,Dec-Mar
2020-12-15,IDR,0,2020-12-16,2021-03-17,16.23447684916256,217.11599326734833,16868.624624024695,200.88151641818575,91,1,4.706560499909437,Dec20-Mar21,Dec-Mar
2020-12-16,IDR,0,2021-03-17,2021-06-16,217.11273681505236,430.4556557603706,16964.180413803737,213.34291894531822,91,91,4.912284294666185,Mar21-Jun21,Mar-Jun
2020-12-17,IDR,0,2021-03-17,2021-06-16,211.92477045829617,422.3840654361625,17001.967435565166,210.4592949778663,91,90,4.836711023432155,Mar21-Jun21,Mar-Jun
2020-12-18,IDR,0,2021-03-17,2021-06-16,209.01587720954763,418.8656293799108,17001.933770102412,209.84975217036316,91,89,4.823527235642946,Mar21-Jun21,Mar-Jun
2020-12-21,IDR,0,2021-03-17,2021-06-16,199.28165239745292,406.16380690597134,16949.921560003524,206.88215450851843,91,86,4.772436869632171,Mar21-Jun21,Mar-Jun
2020-12-22,IDR,0,2021-03-17,2021-06-16,192.1754491466799,393.89652835926836,16895.973920333425,201.72107921258845,91,85,4.670005153693892,Mar21-Jun21,Mar-Jun
2020-12-23,IDR,0,2021-03-17,2021-06-16,188.7393105578484,389.1508856662671,16848.047059963188,200.41157510841867,91,84,4.653676950488463,Mar21-Jun21,Mar-Jun
2020-12-24,IDR,0,2021-03-17,2021-06-16,184.00652766574407,381.6395307572135,16865.34532371794,197.63300309146942,91,83,4.5857746042784076,Mar21-Jun21,Mar-Jun
2020-12-25,IDR,0,2021-03-17,2021-06-16,177.32885536770058,369.9507784685957,16908.534602671367,192.6219231008951,91,82,4.459948989738194,Mar21-Jun21,Mar-Jun
2020-12-28,IDR,0,2021-03-17,2021-06-16,168.62307658578283,358.53802660070784,16883.35309420012,189.914950014925,91,79,4.406010673743006,Mar21-Jun21,Mar-Jun
2020-12-29,IDR,0,2021-03-17,2021-06-16,164.3786557311663,351.7702634773748,16907.74948344396,187.39160774620848,91,78,4.342337587875941,Mar21-Jun21,Mar-Jun
2020-12-30,IDR,0,2021-03-17,2021-06-16,154.14795988534212,331.9013543185767,16835.58683441543,177.75339443323458,91,77,4.138971268402488,Mar21-Jun21,Mar-Jun
2020-12-31,IDR,0,2021-03-17,2021-06-16,148.52477844928086,321.8865120714468,16826.196441755368,173.36173362216596,91,76,4.040282191432621,Mar21-Jun21,Mar-Jun
2021-01-01,IDR,0,2021-03-17,2021-06-16,135.115872051048,299.05646347298625,16805.211836131028,163.94059142193825,91,75,3.8284748501752937,Mar21-Jun21,Mar-Jun
2021-01-04,IDR,0,2021-03-17,2021-06-16,128.39452716254857,290.67094343743634,16812.892864194066,162.27641627488777,91,72,3.7893969978944466,Mar21-Jun21,Mar-Jun
2021-01-05,IDR,0,2021-03-17,2021-06-16,123.74142784081317,282.33959591847514,16904.82862129924,158.59816807766197,91,71,3.6845214980041776,Mar21-Jun21,Mar-Jun
2021-01-06,IDR,0,2021-03-17,2021-06-16,125.3517323640713,288.30898443736396,16806.345923345267,162.95725207329266,91,70,3.807450766407398,Mar21-Jun21,Mar-Jun
2021-01-07,IDR,0,2021-03-17,2021-06-16,123.64419041192855,286.711166172588,16773.223495186467,163.06697576065943,91,69,3.8178681155096865,Mar21-Jun21,Mar-Jun
2021-01-08,IDR,0,2021-03-17,2021-06-16,124.6485183846137,291.4575650463761,16863.976516482526,166.8090466617624,91,68,3.8843868736013802,Mar21-Jun21,Mar-Jun
2021-01-11,IDR,0,2021-03-17,2021-06-16,114.50555178594014,274.8133242862563,16788.597190934517,160.30777250031616,91,65,3.7518827410539766,Mar21-Jun21,Mar-Jun
2021-01-12,IDR,0,2021-03-17,2021-06-16,111.40010514223516,269.79712964135075,16771.77471172477,158.3970244991156,91,64,3.711538843980083,Mar21-Jun21,Mar-Jun
2021-01-13,IDR,0,2021-03-17,2021-06-16,107.67162853979495,263.1973142083877,16863.59292001503,155.52568566859276,91,63,3.625342395898324,Mar21-Jun21,Mar-Jun
2021-01-14,IDR,0,2021-03-17,2021-06-16,107.34125385540021,264.8905135463908,16860.049608409092,157.5492596909906,91,62,3.6733508506950443,Mar21-Jun21,Mar-Jun
2021-01-15,IDR,0,2021-03-17,2021-06-16,98.92989993573961,246.51384902020368,16881.123514041312,147.58394908446405,91,61,3.4384378867978285,Mar21-Jun21,Mar-Jun
2021-01-18,IDR,0,2021-03-17,2021-06-16,94.36755062953054,242.42698351379397,16841.569316623332,148.05943288426343,91,58,3.4585014645965457,Mar21-Jun21,Mar-Jun
2021-01-19,IDR,0,2021-03-17,2021-06-16,92.77177682069359,240.881104727415,16774.90097780345,148.1093279067214,91,57,3.4736683597237037,Mar21-Jun21,Mar-Jun
2021-01-20,IDR,0,2021-03-17,2021-06-16,90.46231079406598,237.4635658344232,16752.673754706382,147.00125504035722,91,56,3.4527027762036187,Mar21-Jun21,Mar-Jun
2021-01-21,IDR,0,2021-03-17,2021-06-16,87.94830076929358,233.46276204212478,16745.767175955363,145.5144612728312,91,55,3.4196942786119324,Mar21-Jun21,Mar-Jun
2021-01-22,IDR,0,2021-03-17,2021-06-16,87.59980140636685,235.22168896154065,16759.933004442733,147.6218875551738,91,54,3.46637506377016,Mar21-Jun21,Mar-Jun
2021-01-25,IDR,0,2021-03-17,2021-06-16,83.12936787464774,231.45823996470546,16711.68015952845,148.3288720900577,91,51,3.493910049895183,Mar21-Jun21,Mar-Jun
2021-01-26,IDR,0,2021-03-17,2021-06-16,81.7141689365631,230.43395640110796,16662.184533859643,148.71978746454488,91,50,3.513769563387349,Mar21-Jun21,Mar-Jun
2021-01-27,IDR,0,2021-03-17,2021-06-16,83.83359117204148,239.52454620583276,16578.658937746484,155.69095503379128,91,49,3.696447338855123,Mar21-Jun21,Mar-Jun
2021-01-28,IDR,0,2021-03-17,2021-06-16,83.21379274544748,240.97327482535832,16712.074870792247,157.75948207991084,91,48,3.7159435487750074,Mar21-Jun21,Mar-Jun
2021-01-29,IDR,0,2021-03-17,2021-06-16,82.62826128227132,242.61063950964774,16723.050701386186,159.98237822737642,91,47,3.765972930137689,Mar21-Jun21,Mar-Jun
2021-02-01,IDR,0,2021-03-17,2021-06-16,76.99538787360841,236.23584915766216,16764.090367268054,159.24046128405377,91,44,3.7406273774724283,Mar21-Jun21,Mar-Jun
2021-02-02,IDR,0,2021-03-17,2021-06-16,76.8227229301163,239.40104354966476,16774.18687866749,162.57832061954846,91,43,3.8167860435481584,Mar21-Jun21,Mar-Jun
2021-02-03,IDR,0,2021-03-17,2021-06-16,78.7683770784727,249.4331940818302,16625.262484097857,170.6648170033575,91,42,4.041883802936965,Mar21-Jun21,Mar-Jun
2021-02-04,IDR,0,2021-03-17,2021-06-16,76.28854703724976,245.6119075345602,16656.930555768944,169.32336049731043,91,41,4.003118902567273,Mar21-Jun21,Mar-Jun
2021-02-05,IDR,0,2021-03-17,2021-06-16,75.71770160067399,247.97547274220733,16583.278233808185,172.25777114153334,91,40,4.090638577788584,Mar21-Jun21,Mar-Jun
2021-02-08,IDR,0,2021-03-17,2021-06-16,70.05399628030318,242.34896010483263,16640.932403317267,172.29496382452945,91,37,4.0787924422657795,Mar21-Jun21,Mar-Jun
2021-02-09,IDR,0,2021-03-17,2021-06-16,69.22433363890671,244.2080658928098,16588.169296895863,174.9837322539031,91,36,4.155772215889178,Mar21-Jun21,Mar-Jun
2021-02-10,IDR,0,2021-03-17,2021-06-16,66.5211859490176,239.4762694164634,16527.444467091922,172.95508346744577,91,35,4.12329353286975,Mar21-Jun21,Mar-Jun
2021-02-11,IDR,0,2021-03-17,2021-06-16,66.29105663976299,243.7171199991286,16536.938781595112,177.42606335936563,91,34,4.227522671408765,Mar21-Jun21,Mar-Jun
2021-02-12,IDR,0,2021-03-17,2021-06-16,65.3410152092945,245.5238147258339,16584.312587704553,180.18279951653938,91,33,4.281236667204526,Mar21-Jun21,Mar-Jun
2021-02-15,IDR,0,2021-03-17,2021-06-16,60.60773699993505,244.45120589973806,16621.744189800032,183.843468899803,91,30,4.359654125452375,Mar21-Jun21,Mar-Jun
2021-02-16,IDR,0,2021-03-17,2021-06-16,59.69675249971193,247.02104482639413,16547.17885079935,187.3242923266822,91,29,4.462387460359838,Mar21-Jun21,Mar-Jun
2021-02-17,IDR,0,2021-03-17,2021-06-16,56.55988579655076,240.37951463534068,16577.818026595498,183.81962883878992,91,28,4.371660518354503,Mar21-Jun21,Mar-Jun
2021-02-18,IDR,0,2021-03-17,2021-06-16,55.959824831494956,244.56516037468165,16619.90969423978,188.6053355431867,91,27,4.474315398666091,Mar21-Jun21,Mar-Jun
2021-02-19,IDR,0,2021-03-17,2021-06-16,54.44046643036266,244.98209893663196,16703.65036006576,190.5416325062693,91,26,4.49807249200104,Mar21-Jun21,Mar-Jun
2021-02-22,IDR,0,2021-03-17,2021-06-16,48.092184495600975,238.3699579347179,16677.759704391483,190.2777734391169,91,23,4.500501622183229,Mar21-Jun21,Mar-Jun
2021-02-23,IDR,0,2021-03-17,2021-06-16,47.74472615848821,245.23427526859857,16672.26055207912,197.48954911011035,91,22,4.67270987142438,Mar21-Jun21,Mar-Jun
2021-02-24,IDR,0,2021-03-17,2021-06-16,45.18412044307224,240.98197569638523,16697.051302481148,195.797855253313,91,21,4.626532253994207,Mar21-Jun21,Mar-Jun
2021-02-25,IDR,0,2021-03-17,2021-06-16,41.85623318675718,232.30209418650233,16642.544966325648,190.44586099974515,91,20,4.515668188221542,Mar21-Jun21,Mar-Jun
2021-02-26,IDR,0,2021-03-17,2021-06-16,41.51970334177925,240.37722987345882,16703.92234761905,198.85752653167958,91,19,4.697929822069779,Mar21-Jun21,Mar-Jun
2021-03-01,IDR,0,2021-03-17,2021-06-16,34.01985535428528,227.5077826817828,16683.87053183434,193.48792732749752,91,16,4.578608471186028,Mar21-Jun21,Mar-Jun
2021-03-02,IDR,0,2021-03-17,2021-06-16,31.97750298865925,225.974354453192,16670.893201918607,193.99685146453277,91,15,4.5947794560988315,Mar21-Jun21,Mar-Jun
2021-03-03,IDR,0,2021-03-17,2021-06-16,30.8545084294067,231.40881322055026,16632.604936172997,200.55430479114355,91,14,4.76132610977487,Mar21-Jun21,Mar-Jun
2021-03-04,IDR,0,2021-03-17,2021-06-16,29.222031014806173,233.77624811844936,16698.77979397532,204.5542171036432,91,13,4.837550131344804,Mar21-Jun21,Mar-Jun
2021-03-05,IDR,0,2021-03-17,2021-06-16,26.3331702469358,226.02637795286557,16618.73827933391,199.69320770592978,91,12,4.746120254280823,Mar21-Jun21,Mar-Jun
2021-03-08,IDR,0,2021-03-17,2021-06-16,19.94373421317653,221.59704681307255,16626.647688954094,201.65331259989603,91,9,4.7922685686682795,Mar21-Jun21,Mar-Jun
2021-03-09,IDR,0,2021-03-17,2021-06-16,17.413544170040623,215.49260910425275,16632.93955477705,198.0790649342121,91,8,4.706263482792953,Mar21-Jun21,Mar-Jun
2021-03-10,IDR,0,2021-03-17,2021-06-16,15.270861161645373,213.79205626303522,16602.096716520216,198.52119510138985,91,7,4.726131081569473,Mar21-Jun21,Mar-Jun
2021-03-11,IDR,0,2021-03-17,2021-06-16,14.873321645162655,206.10174279725396,16534.298340443016,191.2284211520913,91,6,4.571274352393222,Mar21-Jun21,Mar-Jun
2021-03-12,IDR,0,2021-03-17,2021-06-16,14.859048436761967,203.7812357041641,16565.82975626624,188.92218726740214,91,5,4.507559884302443,Mar21-Jun21,Mar-Jun
2021-03-15,IDR,0,2021-03-17,2021-06-16,14.792785231256577,196.5327180724088,16464.011202017395,181.73993284115224,91,2,4.363005734180773,Mar21-Jun21,Mar-Jun
2021-03-16,IDR,0,2021-03-17,2021-06-16,14.726263448481154,193.5451767514666,16457.388031041348,178.81891330298546,91,1,4.294624652011271,Mar21-Jun21,Mar-Jun
2021-03-17,IDR,0,2021-06-16,2021-09-15,200.8354269797827,401.6708539595654,16499.35673612605,200.8354269797827,91,91,4.75751278370387,Jun21-Sep21,Jun-Sep
2021-03-18,IDR,0,2021-06-16,2021-09-15,195.20934993787716,392.5876926528419,16547.68884112529,197.37834271496473,91,90,4.6636931721193795,Jun21-Sep21,Jun-Sep
2021-03-19,IDR,0,2021-06-16,2021-09-15,195.39409447196996,395.1790674713999,16600.36946729977,199.78497299942993,91,89,4.705699339217318,Jun21-Sep21,Jun-Sep
2021-03-22,IDR,0,2021-06-16,2021-09-15,189.30967809441432,389.62573282222485,16594.103747075365,200.31605472781052,91,86,4.721680253768211,Jun21-Sep21,Jun-Sep
2021-03-23,IDR,0,2021-06-16,2021-09-15,184.93806754243212,382.93058691138884,16398.245316470216,197.99251936895672,91,85,4.723261459838904,Jun21-Sep21,Jun-Sep
2021-03-24,IDR,0,2021-06-16,2021-09-15,182.1097429409242,379.39529779359214,16342.82716318861,197.28555485266793,91,84,4.722985215151911,Jun21-Sep21,Jun-Sep
2021-03-25,IDR,0,2021-06-16,2021-09-15,180.6874843474854,378.7906298368971,16303.112188439844,198.1031454894117,91,83,4.7543938105513295,Jun21-Sep21,Jun-Sep
2021-03-26,IDR,0,2021-06-16,2021-09-15,175.30025150881204,369.8407745246888,16243.169833719816,194.54052301587677,91,82,4.687470003523617,Jun21-Sep21,Jun-Sep
2021-03-29,IDR,0,2021-06-16,2021-09-15,167.08330293093758,359.54634807923276,16293.127462213564,192.46304514829518,91,79,4.625653203256775,Jun21-Sep21,Jun-Sep
2021-03-30,IDR,0,2021-06-16,2021-09-15,166.1306628641022,359.9497695388881,16366.7934348945,193.81910667478593,91,78,4.637757368223633,Jun21-Sep21,Jun-Sep
2021-03-31,IDR,0,2021-06-16,2021-09-15,168.18334039619398,366.9454699553323,16465.562915452796,198.76212955913834,91,77,4.727207625019286,Jun21-Sep21,Jun-Sep
2021-04-01,IDR,0,2021-06-16,2021-09-15,166.24752282384787,365.3070567313499,16460.953465475413,199.05953390750204,91,76,4.736144505391373,Jun21-Sep21,Jun-Sep
2021-04-02,IDR,0,2021-06-16,2021-09-15,163.80598871678924,362.5572550264935,16416.52654833643,198.75126630970428,91,75,4.7421771793989205,Jun21-Sep21,Jun-Sep
2021-04-05,IDR,0,2021-06-16,2021-09-15,154.80010019171158,350.4502268229026,16355.031813613761,195.65012663119103,91,72,4.688118601082487,Jun21-Sep21,Jun-Sep
2021-04-06,IDR,0,2021-06-16,2021-09-15,156.9831364143812,358.1868746356303,16334.53298033302,201.20373822124913,91,71,4.826547340394548,Jun21-Sep21,Jun-Sep
2021-04-07,IDR,0,2021-06-16,2021-09-15,154.8197618104482,356.0854521640309,16354.657331833967,201.26569035358273,91,70,4.822780960087572,Jun21-Sep21,Jun-Sep
2021-04-08,IDR,0,2021-06-16,2021-09-15,149.0444617602012,345.61034611061143,16298.789681894274,196.56588435041024,91,69,4.727815662275963,Jun21-Sep21,Jun-Sep
2021-04-09,IDR,0,2021-06-16,2021-09-15,144.19340162816897,337.1581008658656,16302.28282421223,192.96469923769664,91,68,4.641582924308821,Jun21-Sep21,Jun-Sep
2021-04-12,IDR,0,2021-06-16,2021-09-15,133.15701224394266,319.57682938546236,16314.960018729627,186.4198171415197,91,65,4.483704666623943,Jun21-Sep21,Jun-Sep
2021-04-13,IDR,0,2021-06-16,2021-09-15,128.44759348787292,311.0840154784422,16349.26025828764,182.6364219905693,91,64,4.384819295673094,Jun21-Sep21,Jun-Sep
2021-04-14,IDR,0,2021-06-16,2021-09-15,127.39614940870483,311.41280966572293,16332.3473401155,184.0166602570181,91,63,4.422778502499168,Jun21-Sep21,Jun-Sep
2021-04-15,IDR,0,2021-06-16,2021-09-15,126.82140131139128,312.96249033294947,16394.01612836944,186.14108902155817,91,62,4.457294183011125,Jun21-Sep21,Jun-Sep
2021-04-16,IDR,0,2021-06-16,2021-09-15,128.9463818684326,321.3090171147829,16357.18289480908,192.36263524635027,91,61,4.615971570789266,Jun21-Sep21,Jun-Sep
2021-04-19,IDR,0,2021-06-16,2021-09-15,114.65692108147564,294.54967657137706,16281.125218351532,179.89275548990142,91,58,4.340528814299837,Jun21-Sep21,Jun-Sep
2021-04-20,IDR,0,2021-06-16,2021-09-15,118.99766132514563,308.97638379160617,16277.983657226483,189.97872246646054,91,57,4.583552070892943,Jun21-Sep21,Jun-Sep
2021-04-21,IDR,0,2021-06-16,2021-09-15,114.01122198008898,299.27945769773356,16266.547476159754,185.2682357176446,91,56,4.474385139506535,Jun21-Sep21,Jun-Sep
2021-04-22,IDR,0,2021-06-16,2021-09-15,116.9519759284357,310.45433610093835,16259.797642913249,193.50236017250265,91,55,4.674333187337456,Jun21-Sep21,Jun-Sep
2021-04-23,IDR,0,2021-06-16,2021-09-15,116.5097639482849,312.85029208335754,16251.371187612684,196.34052813507265,91,54,4.745463154050859,Jun21-Sep21,Jun-Sep
2021-04-26,IDR,0,2021-06-16,2021-09-15,110.85474251292464,308.6543811144177,16253.082401930973,197.79963860149303,91,51,4.781881388873483,Jun21-Sep21,Jun-Sep
2021-04-27,IDR,0,2021-06-16,2021-09-15,106.40691665021203,300.06750495359785,16339.062259278691,193.66058830338582,91,50,4.658607131761981,Jun21-Sep21,Jun-Sep
2021-04-28,IDR,0,2021-06-16,2021-09-15,104.32720115564918,298.07771758756905,16312.984086214346,193.7505164319199,91,49,4.668764245827233,Jun21-Sep21,Jun-Sep
2021-04-29,IDR,0,2021-06-16,2021-09-15,106.44981737432265,308.26092947980936,16439.795507198156,201.8111121054867,91,48,4.825104515534873,Jun21-Sep21,Jun-Sep
2021-04-30,IDR,0,2021-06-16,2021-09-15,101.17670023511131,297.0720134562843,16337.20466666453,195.895313221173,91,47,4.714396463914838,Jun21-Sep21,Jun-Sep
2021-05-03,IDR,0,2021-06-16,2021-09-15,95.30566757178082,292.41511641341845,16330.437796717102,197.10944884163763,91,44,4.747265446245554,Jun21-Sep21,Jun-Sep
2021-05-04,IDR,0,2021-06-16,2021-09-15,93.36680991927398,290.9570355623887,16254.983797404635,197.5902256431147,91,43,4.781372975807199,Jun21-Sep21,Jun-Sep
2021-05-05,IDR,0,2021-06-16,2021-09-15,92.36015859521227,292.4738355515055,16229.515813408025,200.1136769562932,91,42,4.850291128315145,Jun21-Sep21,Jun-Sep
2021-05-06,IDR,0,2021-06-16,2021-09-15,86.23987113165744,277.6503168141166,16256.274425233209,191.41044568245917,91,41,4.633486151725169,Jun21-Sep21,Jun-Sep
2021-05-07,IDR,0,2021-06-16,2021-09-15,82.5147676803746,270.2358641532268,16218.771756815566,187.72109647285222,91,40,4.5556705478884645,Jun21-Sep21,Jun-Sep
2021-05-10,IDR,0,2021-06-16,2021-09-15,75.27499883630983,260.4108067850718,16108.920266519519,185.135807948762,91,37,4.525435970553436,Jun21-Sep21,Jun-Sep
2021-05-11,IDR,0,2021-06-16,2021-09-15,72.0162973601285,254.0574934648978,16030.2380975836,182.04119610476928,91,36,4.472435697124596,Jun21-Sep21,Jun-Sep
2021-05-12,IDR,0,2021-06-16,2021-09-15,68.55344896775881,246.79241628393174,15996.03336984532,178.23896731617293,91,35,4.389289294119295,Jun21-Sep21,Jun-Sep
2021-05-13,IDR,0,2021-06-16,2021-09-15,63.59686614836734,233.81200789840932,15901.569874833402,170.215141750042,91,34,4.217798621663565,Jun21-Sep21,Jun-Sep
2021-05-14,IDR,0,2021-06-16,2021-09-15,61.270092145623174,230.22701291082646,15784.77907977972,168.95692076520328,91,33,4.218092459344345,Jun21-Sep21,Jun-Sep
2021-05-17,IDR,0,2021-06-16,2021-09-15,54.81045379166119,221.06883029303344,15799.86161914661,166.25837650137225,91,30,4.148464518686475,Jun21-Sep21,Jun-Sep
2021-05-18,IDR,0,2021-06-16,2021-09-15,53.29688442363674,220.5388320978072,15850.762585975292,167.24194767417043,91,29,4.160047926913537,Jun21-Sep21,Jun-Sep
2021-05-19,IDR,0,2021-06-16,2021-09-15,52.29111719262593,222.23724806866022,15839.732908067688,169.9461308760343,91,28,4.230514394117101,Jun21-Sep21,Jun-Sep
2021-05-20,IDR,0,2021-06-16,2021-09-15,48.620846464208405,212.49110676950338,15920.39891782465,163.87026030529498,91,27,4.059597661127873,Jun21-Sep21,Jun-Sep
2021-05-21,IDR,0,2021-06-16,2021-09-15,46.533261304448715,209.3996758700192,15944.263539441106,162.8664145655705,91,26,4.029234459127378,Jun21-Sep21,Jun-Sep
2021-05-24,IDR,0,2021-06-16,2021-09-15,39.85612724840057,197.5477611442463,15997.018159612664,157.6916338958457,91,23,3.8900038999711257,Jun21-Sep21,Jun-Sep
2021-05-25,IDR,0,2021-06-16,2021-09-15,38.872053599346025,199.6610025784591,15904.265466343875,160.78894897911306,91,22,3.9897300579124226,Jun21-Sep21,Jun-Sep
2021-05-26,IDR,0,2021-06-16,2021-09-15,37.070191755471114,197.70768936251264,15863.330018384753,160.63749760704152,91,21,3.996685574725923,Jun21-Sep21,Jun-Sep
2021-05-27,IDR,0,2021-06-16,2021-09-15,34.52305969857696,191.6029813271021,15756.251505562339,157.07992162852514,91,20,3.935304579304654,Jun21-Sep21,Jun-Sep
2021-05-28,IDR,0,2021-06-16,2021-09-15,33.501171844249626,193.95415278249783,15738.435519124343,160.4529809382482,91,19,4.024610660740744,Jun21-Sep21,Jun-Sep
2021-05-31,IDR,0,2021-06-16,2021-09-15,27.75006314813619,185.57854730316075,15702.129475800803,157.82848415502457,91,16,3.9693655586302814,Jun21-Sep21,Jun-Sep
2021-06-01,IDR,0,2021-06-16,2021-09-15,27.5611308872552,194.7653249366034,15745.879017563775,167.20419404934822,91,15,4.1935502659454915,Jun21-Sep21,Jun-Sep
2021-06-02,IDR,0,2021-06-16,2021-09-15,25.629304336453483,192.21978252340114,15686.936579892823,166.59047818694765,91,14,4.194345208935168,Jun21-Sep21,Jun-Sep
2021-06-03,IDR,0,2021-06-16,2021-09-15,24.464007745862915,195.71206196690332,15622.245149634777,171.2480542210404,91,13,4.32975920413187,Jun21-Sep21,Jun-Sep
2021-06-04,IDR,0,2021-06-16,2021-09-15,22.056319647343983,189.3167436397025,15593.037390221578,167.26042399235854,91,12,4.237499958147097,Jun21-Sep21,Jun-Sep
2021-06-07,IDR,0,2021-06-16,2021-09-15,15.932065324442137,177.0229480493571,15650.534872158369,161.09088272491496,91,9,4.067813218645677,Jun21-Sep21,Jun-Sep
2021-06-08,IDR,0,2021-06-16,2021-09-15,14.111353247272463,174.62799643499673,15575.55528855863,160.51664318772427,91,8,4.073280787315844,Jun21-Sep21,Jun-Sep
2021-06-09,IDR,0,2021-06-16,2021-09-15,12.825971775924002,179.56360486293605,15597.67892960403,166.73763308701206,91,7,4.225496931624759,Jun21-Sep21,Jun-Sep
2021-06-10,IDR,0,2021-06-16,2021-09-15,12.437861731176787,172.35322684630688,15630.41368778036,159.9153651151301,91,6,4.044225642875373,Jun21-Sep21,Jun-Sep
2021-06-11,IDR,0,2021-06-16,2021-09-15,13.018140356022077,178.5344963111599,15712.09285471801,165.5163559551378,91,5,4.163976838114927,Jun21-Sep21,Jun-Sep
2021-06-14,IDR,0,2021-06-16,2021-09-15,13.185892245809137,175.1839969800357,15759.847326243516,161.99810473422656,91,2,4.063084216250639,Jun21-Sep21,Jun-Sep
2021-06-15,IDR,0,2021-06-16,2021-09-15,12.962625925150657,170.36594073055153,15674.699473114422,157.40331480540087,91,1,3.9693258833979512,Jun21-Sep21,Jun-Sep
2021-06-16,IDR,0,2021-09-15,2021-12-15,161.53641854203758,323.07283708407516,15632.323201231131,161.53641854203758,91,91,4.046162164529879,Sep21-Dec21,Sep-Dec
2021-06-17,IDR,0,2021-09-15,2021-12-15,156.96101526374707,315.66604180820246,15713.29174983238,158.7050265444554,91,90,3.956106247002109,Sep21-Dec21,Sep-Dec
2021-06-18,IDR,0,2021-09-15,2021-12-15,157.1399884540359,317.8112126036681,15693.113939899395,160.6712241496322,91,89,4.010171875356019,Sep21-Dec21,Sep-Dec
2021-06-21,IDR,0,2021-09-15,2021-12-15,156.00939007827435,321.08909353319257,15633.303644185744,165.07970345491822,91,86,4.136104982535725,Sep21-Dec21,Sep-Dec
2021-06-22,IDR,0,2021-09-15,2021-12-15,159.12129511341115,329.4746816465925,15680.666430066694,170.35338653318135,91,85,4.254637100438441,Sep21-Dec21,Sep-Dec
2021-06-23,IDR,0,2021-09-15,2021-12-15,155.1403791334007,323.20912319458483,15634.28877505131,168.06874406118413,91,84,4.210965023817382,Sep21-Dec21,Sep-Dec
2021-06-24,IDR,0,2021-09-15,2021-12-15,150.4743678004935,315.45228912392616,15614.110622816539,164.97792132343267,91,83,4.140038630390294,Sep21-Dec21,Sep-Dec
2021-06-25,IDR,0,2021-09-15,2021-12-15,146.99715157025904,310.12813684944894,15611.454484947619,163.1309852791899,91,82,4.095283998979512,Sep21-Dec21,Sep-Dec
2021-06-28,IDR,0,2021-09-15,2021-12-15,137.73715820818975,296.39641639737033,15580.008814233366,158.65925818918058,91,79,3.993339760867866,Sep21-Dec21,Sep-Dec
2021-06-29,IDR,0,2021-09-15,2021-12-15,141.57348875243918,306.7425589636182,15654.277161883385,165.16907021117902,91,78,4.136631298853374,Sep21-Dec21,Sep-Dec
2021-06-30,IDR,0,2021-09-15,2021-12-15,146.14754400540158,318.867368739058,15465.626680770634,172.71982473365642,91,77,4.376742892183107,Sep21-Dec21,Sep-Dec
2021-07-01,IDR,0,2021-09-15,2021-12-15,149.73462404356692,329.0221344115221,15536.196464952149,179.28751036795515,91,76,4.521690601349735,Sep21-Dec21,Sep-Dec
2021-07-02,IDR,0,2021-09-15,2021-12-15,150.20297613136884,332.4492538374297,15613.42196461095,182.24627770606085,91,75,4.573657950762014,Sep21-Dec21,Sep-Dec
2021-07-05,IDR,0,2021-09-15,2021-12-15,138.20966488819954,314.1764090547788,15771.490085377367,175.96674416657925,91,72,4.375520504171107,Sep21-Dec21,Sep-Dec
2021-07-06,IDR,0,2021-09-15,2021-12-15,141.36601293324182,323.7230785426995,15790.147861656684,182.3570656094577,91,71,4.5282110220349665,Sep21-Dec21,Sep-Dec
2021-07-07,IDR,0,2021-09-15,2021-12-15,137.34608039083116,316.94661743486245,15759.488039262118,179.60053704403128,91,70,4.469491307057802,Sep21-Dec21,Sep-Dec
2021-07-08,IDR,0,2021-09-15,2021-12-15,134.14640158746673,311.9948870536456,15706.700390266662,177.84848546617886,91,69,4.44153292601664,Sep21-Dec21,Sep-Dec
2021-07-09,IDR,0,2021-09-15,2021-12-15,136.50087005442822,319.9935867195255,15861.240266686658,183.4927166650973,91,68,4.537548435972049,Sep21-Dec21,Sep-Dec
2021-07-12,IDR,0,2021-09-15,2021-12-15,135.62125939561648,325.9632968907009,15939.259016222215,190.34203749508444,91,65,4.684336393818535,Sep21-Dec21,Sep-Dec
2021-07-13,IDR,0,2021-09-15,2021-12-15,131.9608673862095,319.94556906361146,15877.951318590274,187.98470167740197,91,64,4.645095702342549,Sep21-Dec21,Sep-Dec
2021-07-14,IDR,0,2021-09-15,2021-12-15,136.17162226294462,333.09861799874585,15839.041529477428,196.92699573580123,91,63,4.876628836577645,Sep21-Dec21,Sep-Dec
2021-07-15,IDR,0,2021-09-15,2021-12-15,130.21555950330313,321.4558791999195,15860.118751613969,191.24031969661635,91,62,4.7313276643735405,Sep21-Dec21,Sep-Dec
2021-07-16,IDR,0,2021-09-15,2021-12-15,136.28449162252508,339.59414305940675,15973.955224203755,203.30965143688167,91,61,4.9924888267314005,Sep21-Dec21,Sep-Dec
2021-07-19,IDR,0,2021-09-15,2021-12-15,128.41990654191022,329.90631163352793,16106.024953969412,201.4864050916177,91,58,4.909863453517631,Sep21-Dec21,Sep-Dec
2021-07-20,IDR,0,2021-09-15,2021-12-15,128.44977518095666,333.5187145049401,16136.303985860313,205.06893932398341,91,57,4.987851337338988,Sep21-Dec21,Sep-Dec
2021-07-21,IDR,0,2021-09-15,2021-12-15,125.8433039836905,330.33867295718755,16113.958934486882,204.49536897349705,91,56,4.981542611092614,Sep21-Dec21,Sep-Dec
2021-07-22,IDR,0,2021-09-15,2021-12-15,117.62520522404643,312.2414538674687,16098.148105865712,194.61624864342227,91,55,4.747910688090475,Sep21-Dec21,Sep-Dec
2021-07-23,IDR,0,2021-09-15,2021-12-15,115.89803531941973,311.2076874317752,16110.898703165089,195.30965211235545,91,54,4.761590234033334,Sep21-Dec21,Sep-Dec
2021-07-26,IDR,0,2021-09-15,2021-12-15,110.0518128108381,306.41877292429433,16093.838515513738,196.36696011345623,91,51,4.794134679902434,Sep21-Dec21,Sep-Dec
2021-07-27,IDR,0,2021-09-15,2021-12-15,107.86754592389065,304.1864795053716,16106.73016284882,196.31893358148096,91,50,4.7897970988932475,Sep21-Dec21,Sep-Dec
2021-07-28,IDR,0,2021-09-15,2021-12-15,106.95774182214548,305.5935480632728,16151.936373848632,198.63580624112734,91,49,4.8331207223789505,Sep21-Dec21,Sep-Dec
2021-07-29,IDR,0,2021-09-15,2021-12-15,105.90640043840352,306.6872846028769,16210.314618316619,200.78088416447338,91,48,4.868149324374831,Sep21-Dec21,Sep-Dec
2021-07-30,IDR,0,2021-09-15,2021-12-15,103.69133439280415,304.45540736610576,16207.60476973208,200.7640729733016,91,47,4.8692114495790575,Sep21-Dec21,Sep-Dec
2021-08-02,IDR,0,2021-09-15,2021-12-15,93.83509790153005,289.47656479394374,16339.397938183132,195.6414668924137,91,44,4.709762473104421,Sep21-Dec21,Sep-Dec
2021-08-03,IDR,0,2021-09-15,2021-12-15,89.95408489438788,281.76961054304587,16285.258649039903,191.815525648658,91,43,4.634020108607483,Sep21-Dec21,Sep-Dec
2021-08-04,IDR,0,2021-09-15,2021-12-15,86.43829475051649,275.05519832098133,16370.978862425352,188.61690357046484,91,42,4.53398461162723,Sep21-Dec21,Sep-Dec
2021-08-05,IDR,0,2021-09-15,2021-12-15,85.05746850879156,275.0637973652711,16473.242902707538,190.00632885647957,91,41,4.5395564280825695,Sep21-Dec21,Sep-Dec
2021-08-06,IDR,0,2021-09-15,2021-12-15,79.80112006635888,262.44498931438415,16444.8164558825,182.64386924802528,91,40,4.3725500558558315,Sep21-Dec21,Sep-Dec
2021-08-09,IDR,0,2021-09-15,2021-12-15,73.67975725945628,255.62436234999572,16475.155382090674,181.94460509053943,91,37,4.349435167141881,Sep21-Dec21,Sep-Dec
2021-08-10,IDR,0,2021-09-15,2021-12-15,72.65097692895048,256.9055003870561,16442.957967980103,184.25452345810564,91,36,4.413515701005255,Sep21-Dec21,Sep-Dec
2021-08-11,IDR,0,2021-09-15,2021-12-15,71.3753037443848,257.4368335785555,16393.728333494048,186.0615298341707,91,35,4.470470437173688,Sep21-Dec21,Sep-Dec
2021-08-12,IDR,0,2021-09-15,2021-12-15,69.43601227068785,255.64454440928225,16428.93892890149,186.2085321385944,91,34,4.464979979891023,Sep21-Dec21,Sep-Dec
2021-08-13,IDR,0,2021-09-15,2021-12-15,67.58497859999764,254.19955325016412,16461.635841222836,186.61457465016647,91,33,4.4663657664319265,Sep21-Dec21,Sep-Dec
2021-08-16,IDR,0,2021-09-15,2021-12-15,61.76609927397634,249.12326707170453,16434.662754534314,187.3571677977282,91,30,4.493052392467344,Sep21-Dec21,Sep-Dec
2021-08-17,IDR,0,2021-09-15,2021-12-15,59.70294089280894,247.0466519702439,16599.46597921035,187.34371107743493,91,29,4.448841112454106,Sep21-Dec21,Sep-Dec
2021-08-18,IDR,0,2021-09-15,2021-12-15,57.39039727041552,243.90918839926593,16687.17930149868,186.5187911288504,91,28,4.406661679625965,Sep21-Dec21,Sep-Dec
2021-08-19,IDR,0,2021-09-15,2021-12-15,56.20413763767307,245.63289782390459,16626.777385259233,189.4287601862315,91,27,4.49193389567159,Sep21-Dec21,Sep-Dec
2021-08-20,IDR,0,2021-09-15,2021-12-15,52.53807340694884,236.4213303312698,16614.328985984892,183.88325692432096,91,26,4.364649004404316,Sep21-Dec21,Sep-Dec
2021-08-23,IDR,0,2021-09-15,2021-12-15,45.06533898504695,223.36733236066752,16724.698070652812,178.30199337562055,91,23,4.206204381147153,Sep21-Dec21,Sep-Dec
2021-08-24,IDR,0,2021-09-15,2021-12-15,41.79425522600162,214.6704927517356,16718.233247577064,172.87623752573398,91,22,4.080577997219343,Sep21-Dec21,Sep-Dec
2021-08-25,IDR,0,2021-09-15,2021-12-15,40.12600922531635,214.00538253502057,16756.232454367047,173.87937330970422,91,21,4.095378443807294,Sep21-Dec21,Sep-Dec
2021-08-26,IDR,0,2021-09-15,2021-12-15,38.34997401159516,212.84235576435313,16730.35504047286,174.49238175275798,91,20,4.116594165217033,Sep21-Dec21,Sep-Dec
2021-08-27,IDR,0,2021-09-15,2021-12-15,36.145629842399195,209.26417277178484,16692.377430317087,173.11854292938565,91,19,4.093993014039638,Sep21-Dec21,Sep-Dec
2021-08-30,IDR,0,2021-09-15,2021-12-15,31.443826872293883,210.28059220846535,16613.737011846446,178.83676533617148,91,16,4.250396024421121,Sep21-Dec21,Sep-Dec
2021-08-31,IDR,0,2021-09-15,2021-12-15,28.57539812072398,201.9328133864495,16640.82285258931,173.35741526572554,91,15,4.114183035180482,Sep21-Dec21,Sep-Dec
2021-09-01,IDR,0,2021-09-15,2021-12-15,26.285737983499818,198.80606745453355,16570.93176219561,172.52032947103373,91,14,4.112123051295998,Sep21-Dec21,Sep-Dec
2021-09-02,IDR,0,2021-09-15,2021-12-15,24.697058296649825,199.12510572981986,16618.09155758956,174.42804743317004,91,13,4.146210342141094,Sep21-Dec21,Sep-Dec
2021-09-03,IDR,0,2021-09-15,2021-12-15,23.249538504930605,200.99511706247827,16700.221906202944,177.74557855754767,91,12,4.204685158168173,Sep21-Dec21,Sep-Dec
2021-09-06,IDR,0,2021-09-15,2021-12-15,17.960934719956818,200.64550548786187,16733.244402628956,182.68457076790506,91,9,4.314365309805319,Sep21-Dec21,Sep-Dec
2021-09-07,IDR,0,2021-09-15,2021-12-15,15.97129036922089,198.60597682454204,16761.945188497437,182.63468645532114,91,8,4.3063204446489465,Sep21-Dec21,Sep-Dec
2021-09-08,IDR,0,2021-09-15,2021-12-15,13.736976254022256,193.1533112498807,16653.185036127343,179.41633499585842,91,7,4.258608201014287,Sep21-Dec21,Sep-Dec
2021-09-09,IDR,0,2021-09-15,2021-12-15,13.774332525303217,191.59031473074947,16680.042105627173,177.81598220544626,91,6,4.21382279060051,Sep21-Dec21,Sep-Dec
2021-09-10,IDR,0,2021-09-15,2021-12-15,14.145478708547468,194.58927898046312,16576.57313012968,180.44380027191565,91,5,4.302668391295852,Sep21-Dec21,Sep-Dec
2021-09-13,IDR,0,2021-09-15,2021-12-15,13.836574709589,184.06585250122112,16535.92661353887,170.22927779163211,91,2,4.069148892882737,Sep21-Dec21,Sep-Dec
2021-09-14,IDR,0,2021-09-15,2021-12-15,13.382447353110729,176.00182639904943,16493.44983552664,162.6193790459387,91,1,3.8973523240891197,Sep21-Dec21,Sep-Dec
2021-09-15,IDR,0,2021-12-15,2022-03-16,178.66752454938592,361.02935717623313,16624.386348575983,182.36183262684722,91,91,4.29345422102345,Dec21-Mar22,Dec-Mar
2021-09-16,IDR,0,2021-12-15,2022-03-16,172.7356577016442,351.08568052246494,16627.860151212313,178.35002282082075,91,90,4.199616119960792,Dec21-Mar22,Dec-Mar
2021-09-17,IDR,0,2021-12-15,2022-03-16,168.97655282311814,345.42057085038925,16516.07684106997,176.4440180272711,91,89,4.183506487023796,Dec21-Mar22,Dec-Mar
2021-09-20,IDR,0,2021-12-15,2022-03-16,161.9547578524278,337.0162830973826,16608.568944515468,175.0615252449548,91,86,4.129573418052257,Dec21-Mar22,Dec-Mar
2021-09-21,IDR,0,2021-12-15,2022-03-16,162.0408803201931,339.1662947641986,16408.594514270568,177.1254144440055,91,85,4.228660570865798,Dec21-Mar22,Dec-Mar
2021-09-22,IDR,0,2021-12-15,2022-03-16,165.23375821690334,347.88355856284625,16409.530249338874,182.6498003459429,91,84,4.359462604727382,Dec21-Mar22,Dec-Mar
2021-09-23,IDR,0,2021-12-15,2022-03-16,163.59678129643783,346.58925407769567,16322.971601307654,182.99247278125785,91,83,4.391006358313422,Dec21-Mar22,Dec-Mar
2021-09-24,IDR,0,2021-12-15,2022-03-16,161.11234446585746,343.5236499675672,16271.544772710622,182.41130550170976,91,82,4.3914209217559845,Dec21-Mar22,Dec-Mar
2021-09-27,IDR,0,2021-12-15,2022-03-16,151.47970956343653,329.5827083891746,16261.709067375183,178.1029988257381,91,79,4.292787353106255,Dec21-Mar22,Dec-Mar
2021-09-28,IDR,0,2021-12-15,2022-03-16,151.06612408391481,330.9169807447312,16231.70353312113,179.85085666081636,91,78,4.342964647430288,Dec21-Mar22,Dec-Mar
2021-09-29,IDR,0,2021-12-15,2022-03-16,144.77884672661693,319.50565833064184,16310.42189928511,174.7268116040249,91,77,4.200659461249496,Dec21-Mar22,Dec-Mar
2021-09-30,IDR,0,2021-12-15,2022-03-16,143.25151303685658,318.3940230656092,16279.524226850564,175.1425100287526,91,76,4.218966873929745,Dec21-Mar22,Dec-Mar
2021-10-01,IDR,0,2021-12-15,2022-03-16,142.40524321543262,318.82511516730546,16356.795827165693,176.41987195187284,91,75,4.230051898780479,Dec21-Mar22,Dec-Mar
2021-10-04,IDR,0,2021-12-15,2022-03-16,135.92549313195383,308.3379233663654,16360.051096533947,172.41243023441154,91,72,4.1347727966768675,Dec21-Mar22,Dec-Mar
2021-10-05,IDR,0,2021-12-15,2022-03-16,141.51407211319463,323.7609487899492,16344.974580582091,182.2468766767546,91,71,4.373136513014184,Dec21-Mar22,Dec-Mar
2021-10-06,IDR,0,2021-12-15,2022-03-16,137.64939574559048,317.71591862577196,16291.573706814293,180.06652288018148,91,70,4.335878057526648,Dec21-Mar22,Dec-Mar
2021-10-07,IDR,0,2021-12-15,2022-03-16,135.66106830416427,315.9647996823387,16370.928697515024,180.30373137817443,91,69,4.3212407704457,Dec21-Mar22,Dec-Mar
2021-10-08,IDR,0,2021-12-15,2022-03-16,135.61571650094342,318.7653703581546,16477.61078220992,183.14965385721118,91,68,4.361272515303343,Dec21-Mar22,Dec-Mar
2021-10-11,IDR,0,2021-12-15,2022-03-16,127.24725832315865,307.8861925834784,16496.289316970026,180.6389342603198,91,65,4.298817889141981,Dec21-Mar22,Dec-Mar
2021-10-12,IDR,0,2021-12-15,2022-03-16,123.73686871819514,302.44881759150684,16469.969802327243,178.7119488733117,91,64,4.26060517537493,Dec21-Mar22,Dec-Mar
2021-10-13,IDR,0,2021-12-15,2022-03-16,117.47792495607501,290.22518277049903,16434.336046962533,172.74725781442402,91,63,4.128826884831873,Dec21-Mar22,Dec-Mar
2021-10-14,IDR,0,2021-12-15,2022-03-16,115.51879868088571,288.4094612943776,16371.648670325532,172.89066261349188,91,62,4.148457048030205,Dec21-Mar22,Dec-Mar
2021-10-15,IDR,0,2021-12-15,2022-03-16,114.0278812760017,287.7653367821507,16336.29760516736,173.73745550614902,91,61,4.178111924654415,Dec21-Mar22,Dec-Mar
2021-10-18,IDR,0,2021-12-15,2022-03-16,108.70054468294265,282.89705802095625,16420.98161304344,174.1965133380136,91,58,4.169040016493378,Dec21-Mar22,Dec-Mar
2021-10-19,IDR,0,2021-12-15,2022-03-16,106.07265020762011,279.0599582541906,16394.636033769923,172.98730804657046,91,57,4.1473697134866585,Dec21-Mar22,Dec-Mar
2021-10-20,IDR,0,2021-12-15,2022-03-16,105.18035770513504,279.7518659174152,16440.421236461327,174.57150821228018,91,56,4.173994859178534,Dec21-Mar22,Dec-Mar
2021-10-21,IDR,0,2021-12-15,2022-03-16,103.01063394355737,277.1059618387406,16467.982803110903,174.09532789518323,91,55,4.156231020858141,Dec21-Mar22,Dec-Mar
2021-10-22,IDR,0,2021-12-15,2022-03-16,103.45088005212489,281.4296231975066,16401.837092270434,177.9787431453817,91,54,4.265855477985359,Dec21-Mar22,Dec-Mar
2021-10-25,IDR,0,2021-12-15,2022-03-16,96.12987512615051,271.3221584817109,16498.92482240179,175.1922833555604,91,51,4.176354862015294,Dec21-Mar22,Dec-Mar
2021-10-26,IDR,0,2021-12-15,2022-03-16,94.83296575288257,271.0853572219692,16453.772094781332,176.25239146908666,91,50,4.213419834838126,Dec21-Mar22,Dec-Mar
2021-10-27,IDR,0,2021-12-15,2022-03-16,89.9374078402585,260.5885304561975,16310.28624956482,170.65112261593896,91,49,4.116427655619626,Dec21-Mar22,Dec-Mar
2021-10-28,IDR,0,2021-12-15,2022-03-16,86.50313608805378,254.11166672155198,16258.508099533276,167.60853063349822,91,48,4.056691702658587,Dec21-Mar22,Dec-Mar
2021-10-29,IDR,0,2021-12-15,2022-03-16,87.008735004917,259.084380268118,16253.6593330534,172.075645263201,91,47,4.165917902441956,Dec21-Mar22,Dec-Mar
2021-11-01,IDR,0,2021-12-15,2022-03-16,85.95510203472162,262.33304196594435,16253.322208990312,176.37793993122273,91,44,4.270439077336595,Dec21-Mar22,Dec-Mar
2021-11-02,IDR,0,2021-12-15,2022-03-16,82.42245190440684,255.7461697236971,16209.03266865491,173.32371781929027,91,43,4.208809104183444,Dec21-Mar22,Dec-Mar
2021-11-03,IDR,0,2021-12-15,2022-03-16,80.6155863573896,254.47412860465153,16113.476146852363,173.85854224726194,91,42,4.247178826666854,Dec21-Mar22,Dec-Mar
2021-11-04,IDR,0,2021-12-15,2022-03-16,81.63665590511538,262.31777444860353,16192.656784566889,180.68111854348814,91,41,4.39209511368192,Dec21-Mar22,Dec-Mar
2021-11-05,IDR,0,2021-12-15,2022-03-16,77.6953173635985,254.2499169799628,16122.005898407926,176.55459961636427,91,40,4.311547153993661,Dec21-Mar22,Dec-Mar
2021-11-08,IDR,0,2021-12-15,2022-03-16,71.98276006456466,249.80505501755954,16114.054821781367,177.82229495299487,91,37,4.346170652585621,Dec21-Mar22,Dec-Mar
2021-11-09,IDR,0,2021-12-15,2022-03-16,68.48559985419925,242.74203298863557,16173.33291527337,174.25643313443632,91,36,4.24438992752683,Dec21-Mar22,Dec-Mar
2021-11-10,IDR,0,2021-12-15,2022-03-16,65.63631682077009,237.79272954079903,16117.497196209672,172.15641272002892,91,35,4.208445388446531,Dec21-Mar22,Dec-Mar
2021-11-11,IDR,0,2021-12-15,2022-03-16,63.11824294784944,233.9264234975879,16044.522104575599,170.80818054973847,91,34,4.195056853318414,Dec21-Mar22,Dec-Mar
2021-11-12,IDR,0,2021-12-15,2022-03-16,60.90980616317697,231.1292081391097,15953.122362144673,170.21940197593273,91,33,4.205033618709474,Dec21-Mar22,Dec-Mar
2021-11-15,IDR,0,2021-12-15,2022-03-16,54.45427707665134,223.1673500260074,15907.946175811561,168.71307294935605,91,30,4.181303022166275,Dec21-Mar22,Dec-Mar
2021-11-16,IDR,0,2021-12-15,2022-03-16,53.62341776414828,225.39732923740553,15782.961132460556,171.77391147325724,91,29,4.290982958697159,Dec21-Mar22,Dec-Mar
2021-11-17,IDR,0,2021-12-15,2022-03-16,51.208566850957155,221.12888306956916,15716.132788505585,169.92031621861202,91,28,4.263320142792143,Dec21-Mar22,Dec-Mar
2021-11-18,IDR,0,2021-12-15,2022-03-16,49.962876747592716,221.83734010657543,15664.787776932648,171.87446335898272,91,27,4.326781550366906,Dec21-Mar22,Dec-Mar
2021-11-19,IDR,0,2021-12-15,2022-03-16,48.18230254035165,220.30970216621375,15702.033305840929,172.1273996258621,91,26,4.323391983263427,Dec21-Mar22,Dec-Mar
2021-11-22,IDR,0,2021-12-15,2022-03-16,41.866517484954144,210.9837826186984,15621.653532774071,169.11726513374424,91,23,4.271296186606308,Dec21-Mar22,Dec-Mar
2021-11-23,IDR,0,2021-12-15,2022-03-16,40.141714036583366,209.64087784992591,15562.969070001056,169.49916381334253,91,22,4.297515744387761,Dec21-Mar22,Dec-Mar
2021-11-24,IDR,0,2021-12-15,2022-03-16,38.40558294861915,208.26265609422884,15447.961657170245,169.8570731456097,91,21,4.339055358755975,Dec21-Mar22,Dec-Mar
2021-11-25,IDR,0,2021-12-15,2022-03-16,36.61517930931049,206.66475935884444,15527.313864770562,170.04958004953394,91,20,4.322325111335921,Dec21-Mar22,Dec-Mar
2021-11-26,IDR,0,2021-12-15,2022-03-16,33.52621907761048,197.5737170753505,15635.492975014837,164.04749799774,91,19,4.14179793207968,Dec21-Mar22,Dec-Mar
2021-11-29,IDR,0,2021-12-15,2022-03-16,28.03090063752144,190.95467181979572,15741.107128669664,162.92377118227427,91,16,4.087310283438745,Dec21-Mar22,Dec-Mar
2021-11-30,IDR,0,2021-12-15,2022-03-16,26.698371266288227,192.18961761793264,15845.073012731404,165.4912463516444,91,15,4.124874464659187,Dec21-Mar22,Dec-Mar
2021-12-01,IDR,0,2021-12-15,2022-03-16,24.310633135614033,185.85716128753148,15873.357466917887,161.54652815191744,91,14,4.01999313542804,Dec21-Mar22,Dec-Mar
2021-12-02,IDR,0,2021-12-15,2022-03-16,22.29917960024272,181.9221002029836,15878.985304688142,159.62292060274086,91,13,3.971221890410793,Dec21-Mar22,Dec-Mar
2021-12-03,IDR,0,2021-12-15,2022-03-16,21.751074130658587,190.23495547506943,15922.061341124541,168.48388134441083,91,12,4.18049098373514,Dec21-Mar22,Dec-Mar
2021-12-06,IDR,0,2021-12-15,2022-03-16,16.071208999557058,182.10886290988992,15929.433116651844,166.03765391033286,91,9,4.119357053956716,Dec21-Mar22,Dec-Mar
2021-12-07,IDR,0,2021-12-15,2022-03-16,14.114211133425568,178.2098742024836,15959.301418539957,164.09566306905805,91,8,4.064062885156642,Dec21-Mar22,Dec-Mar
2021-12-08,IDR,0,2021-12-15,2022-03-16,12.379929132283449,176.86869632841476,15973.598144009147,164.4887671961313,91,7,4.070597309254896,Dec21-Mar22,Dec-Mar
2021-12-09,IDR,0,2021-12-15,2022-03-16,12.556436389468715,177.53672386270975,15931.759667466014,164.98028747324105,91,6,4.093429061953202,Dec21-Mar22,Dec-Mar
2021-12-10,IDR,0,2021-12-15,2022-03-16,12.14190086212044,170.062998562209,15954.754610507676,157.92109770008855,91,5,3.9127378551203837,Dec21-Mar22,Dec-Mar
2021-12-13,IDR,0,2021-12-15,2022-03-16,12.240375403696229,166.1631456562758,15934.568817973686,153.92277025257957,91,2,3.8184770230281146,Dec21-Mar22,Dec-Mar
2021-12-14,IDR,0,2021-12-15,2022-03-16,12.284601861373506,164.98567333478923,15889.077062461389,152.7010714734157,91,1,3.7989963604137396,Dec21-Mar22,Dec-Mar
2021-12-15,IDR,0,2022-03-16,2022-06-15,164.89147670001964,326.26800741878293,15817.25691565338,161.3765307187633,91,91,3.994535861666492,Mar22-Jun22,Mar-Jun
2021-12-16,IDR,0,2022-03-16,2022-06-15,168.45875421226242,335.2414555291922,15789.734247966338,166.78270131692977,91,90,4.134551433407614,Mar22-Jun22,Mar-Jun
2021-12-17,IDR,0,2022-03-16,2022-06-15,169.79497710444377,339.7942656154272,15893.715116713087,169.99928851098343,91,89,4.186660660825852,Mar22-Jun22,Mar-Jun
2021-12-20,IDR,0,2022-03-16,2022-06-15,162.00581665141056,329.7168980537037,15793.334242474413,167.71108140229313,91,86,4.158309427968997,Mar22-Jun22,Mar-Jun
2021-12-21,IDR,0,2022-03-16,2022-06-15,161.14923624994614,329.93634357989083,15709.271325814268,168.7871073299447,91,85,4.2073819858742025,Mar22-Jun22,Mar-Jun
2021-12-22,IDR,0,2022-03-16,2022-06-15,155.96287575106723,321.1415896164969,15705.975592632938,165.17871386542967,91,84,4.119636789393114,Mar22-Jun22,Mar-Jun
2021-12-23,IDR,0,2022-03-16,2022-06-15,154.46719674570323,319.9994546419171,15692.513660764545,165.53225789621388,91,83,4.132351103776766,Mar22-Jun22,Mar-Jun
2021-12-24,IDR,0,2022-03-16,2022-06-15,154.60918269401893,322.3046356881843,15745.474267623367,167.69545299416538,91,82,4.172371707020008,Mar22-Jun22,Mar-Jun
2021-12-27,IDR,0,2022-03-16,2022-06-15,143.94699701000064,305.7314945393612,15735.23520777562,161.78449752936058,91,79,4.030601673175287,Mar22-Jun22,Mar-Jun
2021-12-28,IDR,0,2022-03-16,2022-06-15,145.9361696727008,312.12025336696786,15717.012134980854,166.18408369426706,91,78,4.1444473452424715,Mar22-Jun22,Mar-Jun
2021-12-29,IDR,0,2022-03-16,2022-06-15,141.27979725034595,304.10556251335413,15768.673740486967,162.82576526300818,91,77,4.04869745866372,Mar22-Jun22,Mar-Jun
2021-12-30,IDR,0,2022-03-16,2022-06-15,133.7287810274309,289.6467062865579,15802.257056170372,155.917925259127,91,76,3.870599360225988,Mar22-Jun22,Mar-Jun
2021-12-31,IDR,0,2022-03-16,2022-06-15,131.00510052699315,285.71933903332257,15720.144724368134,154.71423850632942,91,75,3.861274007994299,Mar22-Jun22,Mar-Jun
2022-01-03,IDR,0,2022-03-16,2022-06-15,122.50817925687511,277.3449058176478,15668.154385537213,154.83672656077272,91,72,3.8791335941156775,Mar22-Jun22,Mar-Jun
2022-01-04,IDR,0,2022-03-16,2022-06-15,121.3266392689507,276.82979664183114,15632.788192204163,155.50315737288042,91,71,3.9048676009505163,Mar22-Jun22,Mar-Jun
2022-01-05,IDR,0,2022-03-16,2022-06-15,120.64688045069295,277.4878250365938,15666.043712956189,156.84094458590084,91,70,3.9303340191414535,Mar22-Jun22,Mar-Jun
2022-01-06,IDR,0,2022-03-16,2022-06-15,119.13796775360241,276.2619542112519,15661.974741918388,157.1239864576495,91,69,3.93881856375278,Mar22-Jun22,Mar-Jun
2022-01-07,IDR,0,2022-03-16,2022-06-15,115.81112731377509,270.7936653366212,15566.4558455368,154.9825380228461,91,68,3.9096243795560737,Mar22-Jun22,Mar-Jun
2022-01-10,IDR,0,2022-03-16,2022-06-15,109.5356241588396,262.88549798121505,15559.126931756231,153.34987382237546,91,65,3.8717972215573453,Mar22-Jun22,Mar-Jun
2022-01-11,IDR,0,2022-03-16,2022-06-15,102.45792265693044,248.14028143475338,15306.363458074311,145.68235877782294,91,64,3.7402329529624088,Mar22-Jun22,Mar-Jun
2022-01-12,IDR,0,2022-03-16,2022-06-15,100.60547850138937,245.92450300339624,15254.885701095212,145.31902450200687,91,63,3.74386232166407,Mar22-Jun22,Mar-Jun
2022-01-13,IDR,0,2022-03-16,2022-06-15,96.03469395841694,236.9888415425451,15288.227167310637,140.95414758412815,91,62,3.624618513764221,Mar22-Jun22,Mar-Jun
2022-01-14,IDR,0,2022-03-16,2022-06-15,90.78795738346638,226.22572987355557,15367.539342680053,135.43777249008917,91,61,3.4660786440798717,Mar22-Jun22,Mar-Jun
2022-01-17,IDR,0,2022-03-16,2022-06-15,88.60051464726102,227.61166693865334,15293.104717900833,139.0111522913923,91,58,3.575248781139019,Mar22-Jun22,Mar-Jun
2022-01-18,IDR,0,2022-03-16,2022-06-15,86.8552061424557,225.51878086111304,15364.765799214889,138.66357471865734,91,57,3.550172480278961,Mar22-Jun22,Mar-Jun
2022-01-19,IDR,0,2022-03-16,2022-06-15,88.04760067962962,231.1249517840278,15490.991321669533,143.07735110439816,91,56,3.633216996918456,Mar22-Jun22,Mar-Jun
2022-01-20,IDR,0,2022-03-16,2022-06-15,85.06006839602654,225.79581792399773,15361.498644602647,140.7357495279712,91,55,3.60440679159761,Mar22-Jun22,Mar-Jun
2022-01-21,IDR,0,2022-03-16,2022-06-15,83.21294453283627,223.4421658752085,15435.853652907243,140.22922134237223,91,54,3.574654184703019,Mar22-Jun22,Mar-Jun
2022-01-24,IDR,0,2022-03-16,2022-06-15,78.94066772516385,219.79558464653462,15350.371053294159,140.85491692137077,91,51,3.611491250168602,Mar22-Jun22,Mar-Jun
2022-01-25,IDR,0,2022-03-16,2022-06-15,77.17797011194584,217.64187571568726,15340.409224387178,140.4639056037414,91,50,3.6042045865923424,Mar22-Jun22,Mar-Jun
2022-01-26,IDR,0,2022-03-16,2022-06-15,76.80243182770803,219.43551950773727,15311.973732153283,142.63308768002923,91,49,3.6667163030753605,Mar22-Jun22,Mar-Jun
2022-01-27,IDR,0,2022-03-16,2022-06-15,77.81856887983189,225.34960571451316,15414.453246042538,147.5310368346813,91,48,3.7672929675593014,Mar22-Jun22,Mar-Jun
2022-01-28,IDR,0,2022-03-16,2022-06-15,78.40054507070857,230.19734510122942,15428.931658402176,151.79680003052084,91,47,3.8724572700717395,Mar22-Jun22,Mar-Jun
2022-01-31,IDR,0,2022-03-16,2022-06-15,74.88138429742352,229.74970182164034,15489.019921705207,154.86831752421682,91,44,3.9364543598595514,Mar22-Jun22,Mar-Jun
2022-02-01,IDR,0,2022-03-16,2022-06-15,75.8761344387883,236.45120964645656,15526.08463819437,160.57507520766825,91,43,4.071552704329686,Mar22-Jun22,Mar-Jun
2022-02-02,IDR,0,2022-03-16,2022-06-15,72.4572004856394,229.4478015378581,15383.116407020048,156.99060105221872,91,42,4.018367316672899,Mar22-Jun22,Mar-Jun
2022-02-03,IDR,0,2022-03-16,2022-06-15,73.3123483645069,236.02999961255884,15366.225672372819,162.71765124805194,91,41,4.169283950704582,Mar22-Jun22,Mar-Jun
2022-02-04,IDR,0,2022-03-16,2022-06-15,72.07960064470139,236.06069211139703,15394.759569105123,163.98109146669566,91,40,4.19424032720971,Mar22-Jun22,Mar-Jun
2022-02-07,IDR,0,2022-03-16,2022-06-15,67.52164819408931,233.58840456333598,15487.92763825812,166.06675636924666,91,37,4.223390631388291,Mar22-Jun22,Mar-Jun
2022-02-08,IDR,0,2022-03-16,2022-06-15,67.82546502986852,239.27316829981393,15421.101483220906,171.4477032699454,91,36,4.378964744070197,Mar22-Jun22,Mar-Jun
2022-02-09,IDR,0,2022-03-16,2022-06-15,63.498622202722906,228.59503992980248,15390.659001665688,165.09641772707957,91,35,4.226232845619381,Mar22-Jun22,Mar-Jun
2022-02-10,IDR,0,2022-03-16,2022-06-15,62.55962789601858,229.99863197065656,15438.245901513059,167.43900407463798,91,34,4.273300886323305,Mar22-Jun22,Mar-Jun
2022-02-11,IDR,0,2022-03-16,2022-06-15,60.87427973632116,228.73971779708558,15473.179526990767,167.8654380607644,91,33,4.27501449352116,Mar22-Jun22,Mar-Jun
2022-02-14,IDR,0,2022-03-16,2022-06-15,57.78604286200353,233.07037287674757,15677.92219958748,175.28433001474406,91,30,4.406744861177546,Mar22-Jun22,Mar-Jun
2022-02-15,IDR,0,2022-03-16,2022-06-15,56.69761918521453,234.61083800778425,15792.317997707592,177.91321882256972,91,29,4.440859489551982,Mar22-Jun22,Mar-Jun
2022-02-16,IDR,0,2022-03-16,2022-06-15,53.43975475982407,227.1189577292523,15759.85836283086,173.67920296942822,91,28,4.344966850611825,Mar22-Jun22,Mar-Jun
2022-02-17,IDR,0,2022-03-16,2022-06-15,50.92859270455257,222.57681256063717,15854.161005532012,171.6482198560846,91,27,4.269374897470872,Mar22-Jun22,Mar-Jun
2022-02-18,IDR,0,2022-03-16,2022-06-15,49.76520260900979,223.94341174054404,15659.147285355306,174.17820913153423,91,26,4.386405819227121,Mar22-Jun22,Mar-Jun
2022-02-21,IDR,0,2022-03-16,2022-06-15,43.89311883580898,217.55719770792274,15661.93818671396,173.66407887211375,91,23,4.374316241135266,Mar22-Jun22,Mar-Jun
2022-02-22,IDR,0,2022-03-16,2022-06-15,41.84729792939176,214.94293936460312,15667.284425327762,173.09564143521135,91,22,4.359082208875509,Mar22-Jun22,Mar-Jun
2022-02-23,IDR,0,2022-03-16,2022-06-15,39.00897285651192,208.04785523473024,15643.483732066654,169.03888237821832,91,21,4.264151506723422,Mar22-Jun22,Mar-Jun
2022-02-24,IDR,0,2022-03-16,2022-06-15,36.50286645285292,202.59090881333373,15640.009500411627,166.0880423604808,91,20,4.191312332583437,Mar22-Jun22,Mar-Jun
2022-02-25,IDR,0,2022-03-16,2022-06-15,35.02731051139319,202.78969243438164,15775.382354258425,167.76238192298845,91,19,4.197711325196325,Mar22-Jun22,Mar-Jun
2022-02-28,IDR,0,2022-03-16,2022-06-15,30.164994790795678,201.72840266344608,15865.866535941,171.5634078726504,91,16,4.269697008846159,Mar22-Jun22,Mar-Jun
2022-03-01,IDR,0,2022-03-16,2022-06-15,28.476419197774177,201.2333623309375,15723.33412754098,172.7569431331633,91,15,4.338765113500453,Mar22-Jun22,Mar-Jun
2022-03-02,IDR,0,2022-03-16,2022-06-15,27.071395539301268,203.03546654475952,15673.797874442409,175.96407100545824,91,14,4.433650058553945,Mar22-Jun22,Mar-Jun
2022-03-03,IDR,0,2022-03-16,2022-06-15,25.1153415300313,200.9227322402504,15638.116446517886,175.80739071021912,91,13,4.440346506126133,Mar22-Jun22,Mar-Jun
2022-03-04,IDR,0,2022-03-16,2022-06-15,23.146867182839273,198.67727665270374,15748.539177514824,175.53040946986448,91,12,4.402864814308342,Mar22-Jun22,Mar-Jun
2022-03-07,IDR,0,2022-03-16,2022-06-15,17.180167387429837,190.8907487492204,15802.828050757305,173.71058136179056,91,9,4.343908587285009,Mar22-Jun22,Mar-Jun
2022-03-08,IDR,0,2022-03-16,2022-06-15,15.924469718109389,197.06531276160365,15892.178809812056,181.14084304349427,91,8,4.504629651462073,Mar22-Jun22,Mar-Jun
2022-03-09,IDR,0,2022-03-16,2022-06-15,14.055693451838206,196.77970832573484,15961.274592070435,182.72401487389664,91,7,4.524878182462731,Mar22-Jun22,Mar-Jun
2022-03-10,IDR,0,2022-03-16,2022-06-15,13.827228048770142,191.60587439010052,15919.171738611167,177.7786463413304,91,6,4.414110242798372,Mar22-Jun22,Mar-Jun
2022-03-11,IDR,0,2022-03-16,2022-06-15,13.625677064728837,186.86642831628123,15916.272304475862,173.24075125155238,91,5,4.302275053634333,Mar22-Jun22,Mar-Jun
2022-03-14,IDR,0,2022-03-16,2022-06-15,13.48287595403214,179.12963767499843,15997.353798901831,165.64676172096628,91,2,4.092889608783508,Mar22-Jun22,Mar-Jun
2022-03-15,IDR,0,2022-03-16,2022-06-15,13.820546920068823,181.64147380661885,15997.43087922239,167.82092688655,91,1,4.146502642655612,Mar22-Jun22,Mar-Jun
2022-03-16,IDR,0,2022-06-15,2022-09-21,177.2762351262022,368.18910372365076,16003.111828689138,190.91286859744855,98,91,4.3343371973234746,Jun22-Sep22,Jun-Sep
2022-03-17,IDR,0,2022-06-15,2022-09-21,174.9176820822978,365.383602571911,16005.590761235813,190.4659204896132,98,90,4.324157864261213,Jun22-Sep22,Jun-Sep
2022-03-18,IDR,0,2022-06-15,2022-09-21,175.26916967721246,368.2621879734689,16038.42098767323,192.99301829625642,98,89,4.372563789498331,Jun22-Sep22,Jun-Sep
2022-03-21,IDR,0,2022-06-15,2022-09-21,172.7906524762367,369.69162855380875,16136.939919255226,196.90097607757207,98,86,4.434835418395712,Jun22-Sep22,Jun-Sep
2022-03-22,IDR,0,2022-06-15,2022-09-21,174.9905132155916,376.7442813935678,16095.671432983376,201.7537681779762,98,85,4.555046953324358,Jun22-Sep22,Jun-Sep
2022-03-23,IDR,0,2022-06-15,2022-09-21,171.98962778856563,372.6441935418922,16114.270172366143,200.65456575332658,98,84,4.525891235022185,Jun22-Sep22,Jun-Sep
2022-03-24,IDR,0,2022-06-15,2022-09-21,169.78791088559956,370.26038397944,16144.571408471453,200.47247309384045,98,83,4.513995790959434,Jun22-Sep22,Jun-Sep
2022-03-25,IDR,0,2022-06-15,2022-09-21,165.50922813259115,363.3129398032488,16028.388846488304,197.80371167065766,98,82,4.4870350317028835,Jun22-Sep22,Jun-Sep
2022-03-28,IDR,0,2022-06-15,2022-09-21,160.04580005847748,358.5836279791205,16131.803487273783,198.537827920643,98,79,4.476610483654265,Jun22-Sep22,Jun-Sep
2022-03-29,IDR,0,2022-06-15,2022-09-21,160.476342388083,362.1004648756745,16045.167970695447,201.6241224875915,98,78,4.570383179354209,Jun22-Sep22,Jun-Sep
2022-03-30,IDR,0,2022-06-15,2022-09-21,153.09080848696894,347.9336556522021,16069.563013637951,194.84284716523317,98,77,4.41203543102407,Jun22-Sep22,Jun-Sep
2022-03-31,IDR,0,2022-06-15,2022-09-21,155.60628383713902,356.2564919429235,16097.998946649619,200.6502081057845,98,76,4.534885563362588,Jun22-Sep22,Jun-Sep
2022-04-01,IDR,0,2022-06-15,2022-09-21,155.31322850436436,358.25584708340045,16160.814301016524,202.9426185790361,98,75,4.569120310392886,Jun22-Sep22,Jun-Sep
2022-04-04,IDR,0,2022-06-15,2022-09-21,147.39916372581968,348.0258032415187,16173.210917946042,200.62663951569903,98,72,4.515736942069012,Jun22-Sep22,Jun-Sep
2022-04-05,IDR,0,2022-06-15,2022-09-21,145.7494406792704,346.92472499713665,16191.732319191053,201.17528431786624,98,71,4.523409784792154,Jun22-Sep22,Jun-Sep
2022-04-06,IDR,0,2022-06-15,2022-09-21,144.29720995830297,346.3133038999271,16210.660747852791,202.01609394162415,98,70,4.53746159936775,Jun22-Sep22,Jun-Sep
2022-04-07,IDR,0,2022-06-15,2022-09-21,144.33198981195235,349.32525070429045,16254.125797113564,204.9932608923381,98,69,4.592117614770447,Jun22-Sep22,Jun-Sep
2022-04-08,IDR,0,2022-06-15,2022-09-21,139.14058487506236,339.6667219008875,16230.625464083481,200.52613702582516,98,68,4.499921523655673,Jun22-Sep22,Jun-Sep
2022-04-11,IDR,0,2022-06-15,2022-09-21,134.46035198461618,337.18519036142214,16190.5128393112,202.72483837680596,98,65,4.561744017514506,Jun22-Sep22,Jun-Sep
2022-04-12,IDR,0,2022-06-15,2022-09-21,129.17201587578876,326.9666651855903,16108.142775471446,197.7946493098015,98,64,4.4748321913947775,Jun22-Sep22,Jun-Sep
2022-04-13,IDR,0,2022-06-15,2022-09-21,126.03135834903837,322.08013800309806,16125.127684622263,196.04877965405967,98,63,4.431555858026153,Jun22-Sep22,Jun-Sep
2022-04-14,IDR,0,2022-06-15,2022-09-21,126.2263295601757,325.745366606905,16049.659914133244,199.5190370467293,98,62,4.5309855906737955,Jun22-Sep22,Jun-Sep
2022-04-15,IDR,0,2022-06-15,2022-09-21,122.57372105075328,319.49543683720935,16038.170018434765,196.92171578645608,98,61,4.476191853462202,Jun22-Sep22,Jun-Sep
2022-04-18,IDR,0,2022-06-15,2022-09-21,113.81419714293915,306.12094403962936,16058.522467487313,192.3067468966902,98,58,4.368156330363611,Jun22-Sep22,Jun-Sep
2022-04-19,IDR,0,2022-06-15,2022-09-21,113.52152410198354,308.69888132995527,15995.236141386098,195.17735722797173,98,57,4.4508587306889575,Jun22-Sep22,Jun-Sep
2022-04-20,IDR,0,2022-06-15,2022-09-21,112.99133945756247,310.7261835082968,16044.842675599131,197.73484405073432,98,56,4.4954843318481394,Jun22-Sep22,Jun-Sep
2022-04-21,IDR,0,2022-06-15,2022-09-21,112.08196633553558,311.7916518061262,16012.231344780677,199.7096854705906,98,55,4.549821141894158,Jun22-Sep22,Jun-Sep
2022-04-22,IDR,0,2022-06-15,2022-09-21,114.76306854595666,323.03678553676684,15857.951120729836,208.2737169908102,98,54,4.789963149490231,Jun22-Sep22,Jun-Sep
2022-04-25,IDR,0,2022-06-15,2022-09-21,107.22768049752352,313.27302733590204,15708.378434124075,206.04534683837852,98,51,4.785787333186061,Jun22-Sep22,Jun-Sep
2022-04-26,IDR,0,2022-06-15,2022-09-21,100.48516069425239,297.43607565498706,15647.810259611826,196.95091496073468,98,50,4.594104553472751,Jun22-Sep22,Jun-Sep
2022-04-27,IDR,0,2022-06-15,2022-09-21,102.957068597079,308.871205791237,15774.052639353047,205.914137194158,98,49,4.764242722040901,Jun22-Sep22,Jun-Sep
2022-04-28,IDR,0,2022-06-15,2022-09-21,98.59071182168047,299.88008179094476,15743.771477051167,201.28936996926427,98,48,4.66742478076884,Jun22-Sep22,Jun-Sep
2022-04-29,IDR,0,2022-06-15,2022-09-21,93.58076329652738,288.70661017013765,15711.879114247518,195.12584687361027,98,47,4.53507098688337,Jun22-Sep22,Jun-Sep
2022-05-02,IDR,0,2022-06-15,2022-09-21,88.06796620907537,284.219345492925,15679.501141137114,196.15137928384965,98,44,4.56986160808681,Jun22-Sep22,Jun-Sep
2022-05-03,IDR,0,2022-06-15,2022-09-21,88.34427887081615,289.687053971746,15721.781393958689,201.34277510092988,98,43,4.678182426152398,Jun22-Sep22,Jun-Sep
2022-05-04,IDR,0,2022-06-15,2022-09-21,86.56883384355635,288.5627794785212,15664.897139334993,201.99394563496483,98,42,4.71079058333629,Jun22-Sep22,Jun-Sep
2022-05-05,IDR,0,2022-06-15,2022-09-21,85.67583689840471,290.46198363117696,15534.145207923302,204.78614673277224,98,41,4.816160434235987,Jun22-Sep22,Jun-Sep
2022-05-06,IDR,0,2022-06-15,2022-09-21,82.74778748332534,285.47986681747244,15535.055180311158,202.7320793341471,98,40,4.76846896382054,Jun22-Sep22,Jun-Sep
2022-05-09,IDR,0,2022-06-15,2022-09-21,75.08718909116523,273.96677100830556,15606.709404891606,198.87958191714034,98,37,4.65876503144077,Jun22-Sep22,Jun-Sep
2022-05-10,IDR,0,2022-06-15,2022-09-21,73.2931851835851,272.8135226277889,15547.97424365098,199.52033744420385,98,36,4.691884670529083,Jun22-Sep22,Jun-Sep
2022-05-11,IDR,0,2022-06-15,2022-09-21,71.40868848534082,271.35301624429513,15530.969430527626,199.94432775895433,98,35,4.707547539709666,Jun22-Sep22,Jun-Sep
2022-05-12,IDR,0,2022-06-15,2022-09-21,66.8386996528623,259.49142218170067,15507.565210864743,192.65272252883835,98,34,4.544019037540455,Jun22-Sep22,Jun-Sep
2022-05-13,IDR,0,2022-06-15,2022-09-21,64.49687930471994,256.03306633085793,15386.070571414402,191.536187026138,98,33,4.553893065300371,Jun22-Sep22,Jun-Sep
2022-05-16,IDR,0,2022-06-15,2022-09-21,58.421379684215964,249.26455331932146,15301.87887759494,190.8431736351055,98,30,4.564081069172906,Jun22-Sep22,Jun-Sep
2022-05-17,IDR,0,2022-06-15,2022-09-21,57.42386565926698,251.47692892161746,15354.873558083773,194.05306326235046,98,29,4.625189664431177,Jun22-Sep22,Jun-Sep
2022-05-18,IDR,0,2022-06-15,2022-09-21,55.33196195791504,248.99382881061769,15405.12244401362,193.66186685270264,98,28,4.601487904418405,Jun22-Sep22,Jun-Sep
2022-05-19,IDR,0,2022-06-15,2022-09-21,51.97243493409412,240.6131246948802,15313.908476032975,188.6406897607861,98,27,4.509769424456952,Jun22-Sep22,Jun-Sep
2022-05-20,IDR,0,2022-06-15,2022-09-21,51.32239837535563,244.76836148246537,15313.488843903737,193.44596310710972,98,26,4.6249694347260935,Jun22-Sep22,Jun-Sep
2022-05-23,IDR,0,2022-06-15,2022-09-21,45.201823904909546,237.80089967365456,15286.605986189012,192.59907576874502,98,23,4.614633953868159,Jun22-Sep22,Jun-Sep
2022-05-24,IDR,0,2022-06-15,2022-09-21,43.1117837619833,235.15518415627253,15200.018802567352,192.04340039428922,98,22,4.628088360677722,Jun22-Sep22,Jun-Sep
2022-05-25,IDR,0,2022-06-15,2022-09-21,40.7865009144225,231.1235051817275,15155.792478412988,190.337004267305,98,21,4.6010168438838255,Jun22-Sep22,Jun-Sep
2022-05-26,IDR,0,2022-06-15,2022-09-21,40.627974582918874,239.70505003922133,15242.170627762282,199.07707545630245,98,20,4.785141527549257,Jun22-Sep22,Jun-Sep
2022-05-27,IDR,0,2022-06-15,2022-09-21,37.5200570684832,231.0445619480281,15236.50912606239,193.5245048795449,98,19,4.654347166238368,Jun22-Sep22,Jun-Sep
2022-05-30,IDR,0,2022-06-15,2022-09-21,32.00730282441634,228.05203262396643,15266.049305536173,196.04472979955008,98,16,4.707554246830157,Jun22-Sep22,Jun-Sep
2022-05-31,IDR,0,2022-06-15,2022-09-21,29.32988837151475,220.95182573207776,15129.136453094372,191.621937360563,98,15,4.643723877202491,Jun22-Sep22,Jun-Sep
2022-06-01,IDR,0,2022-06-15,2022-09-21,27.71428112533797,221.71424900270372,15055.843539641883,193.99996787736575,98,14,4.724700575893185,Jun22-Sep22,Jun-Sep
2022-06-02,IDR,0,2022-06-15,2022-09-21,25.358221345724743,216.5201976442651,15043.540419714904,191.16197629854037,98,13,4.660112757822856,Jun22-Sep22,Jun-Sep
2022-06-03,IDR,0,2022-06-15,2022-09-21,23.355162197742253,214.0889868126373,15073.709230254373,190.73382461489504,98,12,4.641000711916978,Jun22-Sep22,Jun-Sep
2022-06-06,IDR,0,2022-06-15,2022-09-21,17.69163013046006,210.3338248843585,15072.93976819116,192.64219475389845,98,9,4.689434037180916,Jun22-Sep22,Jun-Sep
2022-06-07,IDR,0,2022-06-15,2022-09-21,16.133448902951933,213.76819796411309,15165.589274815258,197.63474906116116,98,8,4.7821002520260825,Jun22-Sep22,Jun-Sep
2022-06-08,IDR,0,2022-06-15,2022-09-21,14.187917816086923,212.81876724130387,15157.236168088795,198.63084942521695,98,7,4.809465088417325,Jun22-Sep22,Jun-Sep
2022-06-09,IDR,0,2022-06-15,2022-09-21,13.983177977400477,207.7500728070928,15152.461684475806,193.76689482969232,98,6,4.693234063570144,Jun22-Sep22,Jun-Sep
2022-06-10,IDR,0,2022-06-15,2022-09-21,13.639898330879868,200.7013611543752,15083.801200780523,187.06146282349533,98,5,4.551529976502098,Jun22-Sep22,Jun-Sep
2022-06-13,IDR,0,2022-06-15,2022-09-21,13.490630536390624,192.7232933770089,15156.909423125158,179.23266284061827,98,2,4.340068145216292,Jun22-Sep22,Jun-Sep
2022-06-14,IDR,0,2022-06-15,2022-09-21,13.113446374302072,185.46159872227216,15165.623617300314,172.34815234797009,98,1,4.171069431076586,Jun22-Sep22,Jun-Sep
2022-06-15,IDR,0,2022-09-21,2022-12-21,187.02478376749607,360.94853888114807,15086.241635728924,173.923755113652,91,98,4.5049303883780585,Sep22-Dec22,Sep-Dec
2022-06-16,IDR,0,2022-09-21,2022-12-21,184.28220221002417,357.3859310777557,15044.058357650072,173.10372886773152,91,97,4.496917820191884,Sep22-Dec22,Sep-Dec
2022-06-17,IDR,0,2022-09-21,2022-12-21,177.07462748405288,345.11073970304176,15079.557652921172,168.03611221898888,91,96,4.357175515037,Sep22-Dec22,Sep-Dec
2022-06-20,IDR,0,2022-09-21,2022-12-21,172.04827672725364,340.47054620428304,15142.427557558207,168.4222694770294,91,93,4.350693477449348,Sep22-Dec22,Sep-Dec
2022-06-21,IDR,0,2022-09-21,2022-12-21,165.28491183565464,328.8101916722479,15128.211565907657,163.52527983659328,91,92,4.229988844600756,Sep22-Dec22,Sep-Dec
2022-06-22,IDR,0,2022-09-21,2022-12-21,172.35966165440584,344.7193233088117,15091.714402415586,172.35966165440584,91,91,4.467106192564465,Sep22-Dec22,Sep-Dec
2022-06-23,IDR,0,2022-09-21,2022-12-21,169.7383866640069,341.36275540205827,15077.843120320927,171.62436873805137,91,90,4.452860582152022,Sep22-Dec22,Sep-Dec
2022-06-24,IDR,0,2022-09-21,2022-12-21,166.86686407065406,337.4835453114352,15060.265650270267,170.61668124078113,91,89,4.432660515610447,Sep22-Dec22,Sep-Dec
2022-06-27,IDR,0,2022-09-21,2022-12-21,166.0611850922042,341.7770902479087,15136.333124141644,175.7159051557045,91,86,4.542686788253471,Sep22-Dec22,Sep-Dec
2022-06-28,IDR,0,2022-09-21,2022-12-21,166.72113504605198,345.21082080123705,15143.342015600323,178.48968575518506,91,85,4.612084454518909,Sep22-Dec22,Sep-Dec
2022-06-29,IDR,0,2022-09-21,2022-12-21,166.48676990572477,346.84743730359327,15164.45818724121,180.3606673978685,91,84,4.654081859675346,Sep22-Dec22,Sep-Dec
2022-06-30,IDR,0,2022-09-21,2022-12-21,166.6958877118392,349.4588489380725,15212.761737569183,182.7629612262333,91,83,4.701195099099113,Sep22-Dec22,Sep-Dec
2022-07-01,IDR,0,2022-09-21,2022-12-21,169.18486031224654,356.93879065876405,15296.363677186957,187.7539303465175,91,82,4.802692898799333,Sep22-Dec22,Sep-Dec
2022-07-04,IDR,0,2022-09-21,2022-12-21,159.92889787667016,346.18557312911,15260.851724598038,186.25667525243986,91,79,4.778224996803135,Sep22-Dec22,Sep-Dec
2022-07-05,IDR,0,2022-09-21,2022-12-21,155.07221852045615,337.9048813196863,15207.944760248607,182.83266279923015,91,78,4.708020902625294,Sep22-Dec22,Sep-Dec
2022-07-06,IDR,0,2022-09-21,2022-12-21,152.82818946052305,335.2341516854824,15110.121595720202,182.40596222495935,91,77,4.727827939963928,Sep22-Dec22,Sep-Dec
2022-07-07,IDR,0,2022-09-21,2022-12-21,151.54731734563066,334.6949884771889,15207.291419924837,183.1476711315582,91,76,4.71741548848566,Sep22-Dec22,Sep-Dec
2022-07-08,IDR,0,2022-09-21,2022-12-21,146.58094243609284,326.0060999355461,15174.135099584235,179.42515749945326,91,75,4.6330328683146265,Sep22-Dec22,Sep-Dec
2022-07-11,IDR,0,2022-09-21,2022-12-21,148.4156941570069,337.2376023436994,15229.980878561762,188.8219081866925,91,72,4.857383961445028,Sep22-Dec22,Sep-Dec
2022-07-12,IDR,0,2022-09-21,2022-12-21,150.41631906260585,344.3306638609689,15217.62705379868,193.91434479836306,91,71,4.991745878883192,Sep22-Dec22,Sep-Dec
2022-07-13,IDR,0,2022-09-21,2022-12-21,148.4721562758057,342.507878521661,15328.786309617506,194.03572224585528,91,70,4.959624134590164,Sep22-Dec22,Sep-Dec
2022-07-14,IDR,0,2022-09-21,2022-12-21,142.86136124151292,332.17685862248925,15257.310238783344,189.31549738097632,91,69,4.863195350357361,Sep22-Dec22,Sep-Dec
2022-07-15,IDR,0,2022-09-21,2022-12-21,138.60982523385997,324.8938036439425,15263.064719722435,186.2839784100825,91,68,4.784853781619222,Sep22-Dec22,Sep-Dec
2022-07-18,IDR,0,2022-09-21,2022-12-21,130.4701777949581,313.5816852638814,15297.47626439232,183.11150746892332,91,65,4.695357059470245,Sep22-Dec22,Sep-Dec
2022-07-19,IDR,0,2022-09-21,2022-12-21,126.62731820483754,307.0152468801282,15286.977125426687,180.38792867529065,91,64,4.629822813923447,Sep22-Dec22,Sep-Dec
2022-07-20,IDR,0,2022-09-21,2022-12-21,128.15596489742765,313.49603726042244,15248.3070029511,185.3400723629948,91,63,4.768414391641914,Sep22-Dec22,Sep-Dec
2022-07-21,IDR,0,2022-09-21,2022-12-21,124.83451161526759,308.17262384988794,15290.713067902183,183.33811223462035,91,62,4.704948864625309,Sep22-Dec22,Sep-Dec
2022-07-22,IDR,0,2022-09-21,2022-12-21,122.21645058742112,304.53935228341004,15359.01993604541,182.32290169598892,91,61,4.659042697168492,Sep22-Dec22,Sep-Dec
2022-07-25,IDR,0,2022-09-21,2022-12-21,115.41465457707758,296.4962677928373,15251.675260261796,181.0816132157597,91,58,4.661694735196094,Sep22-Dec22,Sep-Dec
2022-07-26,IDR,0,2022-09-21,2022-12-21,112.17723275051816,291.2672008259068,15343.291494360006,179.08996807538864,91,57,4.5840588745780275,Sep22-Dec22,Sep-Dec
2022-07-27,IDR,0,2022-09-21,2022-12-21,112.14354844807823,294.37681467620536,15430.586135343472,182.23326622812712,91,56,4.6383281837792465,Sep22-Dec22,Sep-Dec
2022-07-28,IDR,0,2022-09-21,2022-12-21,111.17096431788318,295.10837800747174,15382.571081552036,183.93741368958857,91,55,4.696505799327066,Sep22-Dec22,Sep-Dec
2022-07-29,IDR,0,2022-09-21,2022-12-21,111.6334440546148,299.7564701466508,15345.338699137259,188.123026092036,91,54,4.814804306236025,Sep22-Dec22,Sep-Dec
2022-08-01,IDR,0,2022-09-21,2022-12-21,101.71026421488888,283.1932846767494,15247.100687933062,181.48302046186052,91,51,4.67759234549874,Sep22-Dec22,Sep-Dec
2022-08-02,IDR,0,2022-09-21,2022-12-21,101.39383372734021,288.078909022526,15264.222002241646,186.68507529518575,91,50,4.806409139009663,Sep22-Dec22,Sep-Dec
2022-08-03,IDR,0,2022-09-21,2022-12-21,97.17202898138119,279.6660081480982,15237.29722399661,182.493979166717,91,49,4.708048197733973,Sep22-Dec22,Sep-Dec
2022-08-04,IDR,0,2022-09-21,2022-12-21,97.99207615351399,285.6852635151173,15219.60607508604,187.6931873616033,91,48,4.8475125938227235,Sep22-Dec22,Sep-Dec
2022-08-05,IDR,0,2022-09-21,2022-12-21,98.21859220012854,290.1926148878164,15239.054221808961,191.97402268768784,91,47,4.951712611367154,Sep22-Dec22,Sep-Dec
2022-08-08,IDR,0,2022-09-21,2022-12-21,91.25924801961087,281.4648020012522,15211.763514039083,190.20555398164134,91,44,4.917077782179568,Sep22-Dec22,Sep-Dec
2022-08-09,IDR,0,2022-09-21,2022-12-21,92.05467462141804,288.21867335752484,15194.447556161856,196.1639987361068,91,43,5.076592341907055,Sep22-Dec22,Sep-Dec
2022-08-10,IDR,0,2022-09-21,2022-12-21,88.20506810872389,280.5532285766451,15183.567397057192,192.34816046792122,91,42,4.982642187807305,Sep22-Dec22,Sep-Dec
2022-08-11,IDR,0,2022-09-21,2022-12-21,87.05858187389586,281.41174734046245,15195.34765032994,194.3531654665666,91,41,5.031077265580182,Sep22-Dec22,Sep-Dec
2022-08-12,IDR,0,2022-09-21,2022-12-21,86.15362609835996,283.1605982059099,15112.091006714216,197.00697210754993,91,40,5.128014847332879,Sep22-Dec22,Sep-Dec
2022-08-15,IDR,0,2022-09-21,2022-12-21,80.336192166365,278.5931589626464,15150.578304645722,198.2569667962814,91,37,5.149482491036193,Sep22-Dec22,Sep-Dec
2022-08-16,IDR,0,2022-09-21,2022-12-21,76.5751938351979,270.7009393690456,15138.15016163225,194.12574553384772,91,36,5.047544167833022,Sep22-Dec22,Sep-Dec
2022-08-17,IDR,0,2022-09-21,2022-12-21,73.98488114933228,266.79475504585065,15159.92315358763,192.80987389651835,91,35,5.007016811146793,Sep22-Dec22,Sep-Dec
2022-08-18,IDR,0,2022-09-21,2022-12-21,70.67488534255406,260.1701067820502,15118.627196180798,189.49522143949613,91,34,4.935390852400186,Sep22-Dec22,Sep-Dec
2022-08-19,IDR,0,2022-09-21,2022-12-21,71.78411506525823,269.9579374877409,15098.868416103089,198.17382242248266,91,33,5.167769486710508,Sep22-Dec22,Sep-Dec
2022-08-22,IDR,0,2022-09-21,2022-12-21,65.31712139833922,263.44572297330154,15169.741213730702,198.12860157496232,91,30,5.144748641839953,Sep22-Dec22,Sep-Dec
2022-08-23,IDR,0,2022-09-21,2022-12-21,61.009674716494246,252.45382641307958,15150.573565512173,191.44415169658532,91,29,4.978847154031369,Sep22-Dec22,Sep-Dec
2022-08-24,IDR,0,2022-09-21,2022-12-21,58.24993917652339,247.56224150022442,15244.619690964668,189.31230232370103,91,28,4.89403495888984,Sep22-Dec22,Sep-Dec
2022-08-25,IDR,0,2022-09-21,2022-12-21,55.87262813590149,244.1840785198658,15239.225432225103,188.3114503839643,91,27,4.870634841341931,Sep22-Dec22,Sep-Dec
2022-08-26,IDR,0,2022-09-21,2022-12-21,54.162871134038184,243.73292010317186,15092.428009139037,189.57004896913367,91,26,4.951262316380537,Sep22-Dec22,Sep-Dec
2022-08-29,IDR,0,2022-09-21,2022-12-21,47.87787889634389,237.30774757318278,15206.989387760703,189.4298686768389,91,23,4.9124838254815275,Sep22-Dec22,Sep-Dec
2022-08-30,IDR,0,2022-09-21,2022-12-21,46.48927635489596,238.78582855014744,15188.449828497049,192.29655219525148,91,22,4.9933485644050695,Sep22-Dec22,Sep-Dec
2022-08-31,IDR,0,2022-09-21,2022-12-21,44.813805575164494,239.006963067544,15158.718251271126,194.1931574923795,91,21,5.05301441882305,Sep22-Dec22,Sep-Dec
2022-09-01,IDR,0,2022-09-21,2022-12-21,41.65168146708649,233.3445034565521,15189.257416699365,191.6928219894656,91,20,4.97898861427603,Sep22-Dec22,Sep-Dec
2022-09-02,IDR,0,2022-09-21,2022-12-21,39.80472457212151,232.50641558032635,15110.127247784998,192.70169100820485,91,19,5.0319457633436455,Sep22-Dec22,Sep-Dec
2022-09-05,IDR,0,2022-09-21,2022-12-21,33.38637669604165,224.9874971606065,14962.273082062264,191.60112046456484,91,16,5.054679033421125,Sep22-Dec22,Sep-Dec
2022-09-06,IDR,0,2022-09-21,2022-12-21,32.03910959407434,228.01195661601548,14900.914006378063,195.97284702194113,91,15,5.191720559148128,Sep22-Dec22,Sep-Dec
2022-09-07,IDR,0,2022-09-21,2022-12-21,29.55001344128891,223.11880190873458,14883.664522853778,193.56878846744567,91,14,5.1348194169117996,Sep22-Dec22,Sep-Dec
2022-09-08,IDR,0,2022-09-21,2022-12-21,28.19857345300449,226.97494277081336,14876.657151957963,198.77636931780887,91,13,5.27591859278058,Sep22-Dec22,Sep-Dec
2022-09-09,IDR,0,2022-09-21,2022-12-21,25.39209348617668,219.22416358405866,14826.07349711489,193.83207009788197,91,12,5.163181941339849,Sep22-Dec22,Sep-Dec
2022-09-12,IDR,0,2022-09-21,2022-12-21,18.51899159653636,206.72292838166086,14823.503845592542,188.2039367851245,91,9,5.016452641191842,Sep22-Dec22,Sep-Dec
2022-09-13,IDR,0,2022-09-21,2022-12-21,16.35310196367926,203.2209259201145,14844.354022740166,186.86782395643525,91,8,4.974577046290212,Sep22-Dec22,Sep-Dec
2022-09-14,IDR,0,2022-09-21,2022-12-21,14.221662570718555,199.84762207143154,14833.754050194397,185.62595950071298,91,7,4.94575468988896,Sep22-Dec22,Sep-Dec
2022-09-15,IDR,0,2022-09-21,2022-12-21,14.607658801297474,203.05845605145103,14834.458678218542,188.45079725015356,91,6,5.020649922039209,Sep22-Dec22,Sep-Dec
2022-09-16,IDR,0,2022-09-21,2022-12-21,14.378741225859173,197.7275048235715,14880.17038604326,183.34876359771232,91,5,4.8698068124191405,Sep22-Dec22,Sep-Dec
2022-09-19,IDR,0,2022-09-21,2022-12-21,14.233383864437236,189.31304453950582,14813.030539352445,175.0796606750686,91,2,4.671278780944238,Sep22-Dec22,Sep-Dec
2022-09-20,IDR,0,2022-09-21,2022-12-21,13.924937981587505,183.11936222713982,14771.879872569345,169.1944242455523,91,1,4.526913401124552,Sep22-Dec22,Sep-Dec
2022-09-21,IDR,0,2022-12-21,2023-03-15,185.1837869817666,359.43126957477995,14888.710359683251,174.24748259301336,84,91,4.954094264777949,Dec22-Mar23,Dec-Mar
2022-09-22,IDR,0,2022-12-21,2023-03-15,176.92234581260945,345.34754885644406,14839.561284296016,168.4252030438346,84,90,4.806866351267512,Dec22-Mar23,Dec-Mar
2022-09-23,IDR,0,2022-12-21,2023-03-15,172.7098862610774,338.99375284809963,14745.523161967902,166.28386658702223,84,89,4.777007707359861,Dec22-Mar23,Dec-Mar
2022-09-26,IDR,0,2022-12-21,2023-03-15,166.83144841710092,333.04962443297563,14699.3792613884,166.21817601587472,84,86,4.791830449616429,Dec22-Mar23,Dec-Mar
2022-09-27,IDR,0,2022-12-21,2023-03-15,167.84298382530912,336.98898478904874,14749.382148983059,169.14600096373962,84,85,4.8595595108864895,Dec22-Mar23,Dec-Mar
2022-09-28,IDR,0,2022-12-21,2023-03-15,165.9599624480254,335.199436599861,14757.802667145625,169.23947415183557,84,84,4.860115039896235,Dec22-Mar23,Dec-Mar
2022-09-29,IDR,0,2022-12-21,2023-03-15,162.1164786268662,329.4555643215445,14712.284168758146,167.3390856946783,84,83,4.821488456048399,Dec22-Mar23,Dec-Mar
2022-09-30,IDR,0,2022-12-21,2023-03-15,165.56516628319844,338.44849546144076,14759.94648441936,172.88332917824232,84,82,4.96417523875078,Dec22-Mar23,Dec-Mar
2022-10-03,IDR,0,2022-12-21,2023-03-15,162.07640272061678,333.62834860144835,14795.929136038867,171.55194588083157,84,79,4.915245039176127,Dec22-Mar23,Dec-Mar
2022-10-04,IDR,0,2022-12-21,2023-03-15,160.78374085325441,333.35216323065936,14836.071598624456,172.56842237740494,84,78,4.931560225823909,Dec22-Mar23,Dec-Mar
2022-10-05,IDR,0,2022-12-21,2023-03-15,161.4331637074808,337.16262724723106,14828.20656814921,175.72946353975027,84,77,5.024312030079248,Dec22-Mar23,Dec-Mar
2022-10-06,IDR,0,2022-12-21,2023-03-15,156.6104077388606,329.53282919554505,14816.496775810923,172.92242145668445,84,76,4.949514371816027,Dec22-Mar23,Dec-Mar
2022-10-07,IDR,0,2022-12-21,2023-03-15,151.90483099140795,322.07315802603296,14730.32429220014,170.168327034625,84,75,4.900427376244997,Dec22-Mar23,Dec-Mar
2022-10-10,IDR,0,2022-12-21,2023-03-15,149.12133385560915,323.77063133012507,14764.06650830289,174.64929747451592,84,72,5.019027434634386,Dec22-Mar23,Dec-Mar
2022-10-11,IDR,0,2022-12-21,2023-03-15,148.18012720750525,324.3850256088888,14760.876972675007,176.20489840138353,84,71,5.0651348722622815,Dec22-Mar23,Dec-Mar
2022-10-12,IDR,0,2022-12-21,2023-03-15,144.5519794011642,319.1253018242064,14703.712168833938,174.5733224230422,84,70,5.038780118293967,Dec22-Mar23,Dec-Mar
2022-10-13,IDR,0,2022-12-21,2023-03-15,140.88464109834283,313.7301730108104,14685.933462680781,172.84553191246758,84,69,4.996126344534676,Dec22-Mar23,Dec-Mar
2022-10-14,IDR,0,2022-12-21,2023-03-15,138.4479398050699,311.0324232538109,14678.197407736092,172.58448344874103,84,68,4.992005739893367,Dec22-Mar23,Dec-Mar
2022-10-17,IDR,0,2022-12-21,2023-03-15,132.47620538697453,305.959081795841,14794.735154735661,173.48287640886645,84,65,4.980823435906493,Dec22-Mar23,Dec-Mar
2022-10-18,IDR,0,2022-12-21,2023-03-15,133.04093803911894,310.177487870232,14753.08480840697,177.1365498311131,84,64,5.099759702853447,Dec22-Mar23,Dec-Mar
2022-10-19,IDR,0,2022-12-21,2023-03-15,131.8119443197047,310.3307186952664,14758.601177131035,178.5187743755617,84,63,5.138074110968687,Dec22-Mar23,Dec-Mar
2022-10-20,IDR,0,2022-12-21,2023-03-15,132.4700771903046,314.9716609584038,14776.884948036779,182.50158376809918,84,62,5.246032731778102,Dec22-Mar23,Dec-Mar
2022-10-21,IDR,0,2022-12-21,2023-03-15,129.45679948073752,311.01138821039103,14787.941025755825,181.55458872965352,84,61,5.215997479394988,Dec22-Mar23,Dec-Mar
2022-10-24,IDR,0,2022-12-21,2023-03-15,121.72840078447028,301.2989316999144,14734.018489674949,179.57053091544412,84,58,5.180405908314541,Dec22-Mar23,Dec-Mar
2022-10-25,IDR,0,2022-12-21,2023-03-15,120.5786676812809,301.54323925479287,14713.61798388852,180.96457157351196,84,57,5.228206608132708,Dec22-Mar23,Dec-Mar
2022-10-26,IDR,0,2022-12-21,2023-03-15,115.4458588329805,291.88219391521204,14703.960747423616,176.43633508223155,84,56,5.102469632365381,Dec22-Mar23,Dec-Mar
2022-10-27,IDR,0,2022-12-21,2023-03-15,108.66541932986658,277.90323647725654,14742.38613253587,169.23781714738996,84,55,4.883862453097164,Dec22-Mar23,Dec-Mar
2022-10-28,IDR,0,2022-12-21,2023-03-15,104.94713760778515,271.48258723399704,14779.560063457719,166.53544962621189,84,54,4.795075482847126,Dec22-Mar23,Dec-Mar
2022-10-31,IDR,0,2022-12-21,2023-03-15,99.99416197879361,267.9617195526921,14720.808533837482,167.9675575738985,84,51,4.857098335397175,Dec22-Mar23,Dec-Mar
2022-11-01,IDR,0,2022-12-21,2023-03-15,103.53299495180619,275.0828658301605,14725.031388268413,171.54987087835428,84,50,4.958091109398076,Dec22-Mar23,Dec-Mar
2022-11-02,IDR,0,2022-12-21,2023-03-15,104.02982290581066,280.1898748004627,14761.339369439836,176.16005189465204,84,49,5.078727889017515,Dec22-Mar23,Dec-Mar
2022-11-03,IDR,0,2022-12-21,2023-03-15,103.19163837163138,281.8199732286688,14757.081346907007,178.62833485703743,84,48,5.151655069113144,Dec22-Mar23,Dec-Mar
2022-11-04,IDR,0,2022-12-21,2023-03-15,100.94292251612862,279.6250994943384,14700.613878393433,178.68217697820975,84,47,5.173650101663485,Dec22-Mar23,Dec-Mar
2022-11-07,IDR,0,2022-12-21,2023-03-15,93.69147645636777,271.5342355259325,14667.911090487814,177.84275906956475,84,44,5.16328257517275,Dec22-Mar23,Dec-Mar
2022-11-08,IDR,0,2022-12-21,2023-03-15,91.13067985608174,268.3728467617693,14723.799905027161,177.24216690568758,84,43,5.127322618127904,Dec22-Mar23,Dec-Mar
2022-11-09,IDR,0,2022-12-21,2023-03-15,89.12862888825053,266.8603723970271,14661.848069512831,177.73174350877656,84,42,5.163776526492882,Dec22-Mar23,Dec-Mar
2022-11-10,IDR,0,2022-12-21,2023-03-15,86.11704649257126,262.28783488701407,14526.217095521853,176.1707883944428,84,41,5.1669887727021955,Dec22-Mar23,Dec-Mar
2022-11-11,IDR,0,2022-12-21,2023-03-15,81.26060768358309,251.90788381910752,14531.645231981607,170.64727613552444,84,40,5.004791498533295,Dec22-Mar23,Dec-Mar
2022-11-14,IDR,0,2022-12-21,2023-03-15,75.42581770932156,247.5155464863655,14671.343882940997,172.08972877704394,84,37,5.001281121328852,Dec22-Mar23,Dec-Mar
2022-11-15,IDR,0,2022-12-21,2023-03-15,73.83495586333294,247.27595852748505,14703.794375850128,173.4410026641521,84,36,5.0300259003733965,Dec22-Mar23,Dec-Mar
2022-11-16,IDR,0,2022-12-21,2023-03-15,70.59218217036715,241.48019210686184,14615.342535863696,170.88800993649468,84,35,4.986929327302318,Dec22-Mar23,Dec-Mar
2022-11-17,IDR,0,2022-12-21,2023-03-15,66.69530679790999,233.26500900315085,14612.530071388446,166.56970220524084,84,34,4.863132310571355,Dec22-Mar23,Dec-Mar
2022-11-18,IDR,0,2022-12-21,2023-03-15,62.96415270951708,225.36040457362662,14549.410723671692,162.39625186410956,84,33,4.762976192770869,Dec22-Mar23,Dec-Mar
2022-11-21,IDR,0,2022-12-21,2023-03-15,56.37765074088781,217.46663963052708,14542.050668190512,161.08898888963927,84,30,4.729148685549316,Dec22-Mar23,Dec-Mar
2022-11-22,IDR,0,2022-12-21,2023-03-15,52.546905018713076,207.96110927199703,14442.191654483417,155.41420425328397,84,29,4.595190679962803,Dec22-Mar23,Dec-Mar
2022-11-23,IDR,0,2022-12-21,2023-03-15,50.710175012437375,206.05154142408293,14448.786184500357,155.34136641164554,84,28,4.5915299172167225,Dec22-Mar23,Dec-Mar
2022-11-24,IDR,0,2022-12-21,2023-03-15,47.633438494542304,199.06486431465441,14573.277266912179,151.4314258201121,84,27,4.438792069931331,Dec22-Mar23,Dec-Mar
2022-11-25,IDR,0,2022-12-21,2023-03-15,45.18332727624303,194.37142285856885,14450.3643350866,149.18809558232581,84,26,4.410854749253813,Dec22-Mar23,Dec-Mar
2022-11-28,IDR,0,2022-12-21,2023-03-15,40.186126847433705,190.15191067192424,14395.768587166445,149.96578382449053,84,23,4.452150999622072,Dec22-Mar23,Dec-Mar
2022-11-29,IDR,0,2022-12-21,2023-03-15,37.40131237448027,183.39124414595716,14332.143991939476,145.9899317714769,84,22,4.354147072250315,Dec22-Mar23,Dec-Mar
2022-11-30,IDR,0,2022-12-21,2023-03-15,35.487189415331514,180.61343192192177,14298.681803689085,145.12624250659024,84,21,4.339069889867637,Dec22-Mar23,Dec-Mar
2022-12-01,IDR,0,2022-12-21,2023-03-15,34.17433522997425,180.91148909377918,14422.256540609033,146.73715386380493,84,20,4.350129862345208,Dec22-Mar23,Dec-Mar
2022-12-02,IDR,0,2022-12-21,2023-03-15,33.147665376041886,177.46301160690467,14472.448106545216,144.3153462308628,84,19,4.263832735409835,Dec22-Mar23,Dec-Mar
2022-12-05,IDR,0,2022-12-21,2023-03-15,26.971609338989683,169.27177191137505,14383.821449613853,142.30016257238537,84,16,4.231951961984924,Dec22-Mar23,Dec-Mar
2022-12-06,IDR,0,2022-12-21,2023-03-15,26.19150658523015,174.73676343829828,14345.004069798762,148.54525685306814,84,15,4.429850849823883,Dec22-Mar23,Dec-Mar
2022-12-07,IDR,0,2022-12-21,2023-03-15,24.554405216132622,175.0696463167422,14349.644117162255,150.51524110060956,84,14,4.487661124189556,Dec22-Mar23,Dec-Mar
2022-12-08,IDR,0,2022-12-21,2023-03-15,22.384764658357582,170.19876537469463,14282.923157426863,147.81400071633703,84,13,4.428346302987147,Dec22-Mar23,Dec-Mar
2022-12-09,IDR,0,2022-12-21,2023-03-15,20.555216102395626,167.59797775527255,14203.120212484098,147.04276165287692,84,12,4.430523372039895,Dec22-Mar23,Dec-Mar
2022-12-12,IDR,0,2022-12-21,2023-03-15,15.915110029232899,167.60521282180406,14170.841338788687,151.69010279257117,84,9,4.582445909218048,Dec22-Mar23,Dec-Mar
2022-12-13,IDR,0,2022-12-21,2023-03-15,13.923383733834743,163.2569341035226,14121.095239903745,149.33355036968786,84,8,4.527768566824226,Dec22-Mar23,Dec-Mar
2022-12-14,IDR,0,2022-12-21,2023-03-15,12.292176253078335,162.9222334897767,14057.7398989126,150.63005723669835,84,7,4.588172825111846,Dec22-Mar23,Dec-Mar
2022-12-15,IDR,0,2022-12-21,2023-03-15,12.412220653782267,162.7168423160174,14090.166881818584,150.30462166223512,84,6,4.567694033737262,Dec22-Mar23,Dec-Mar
2022-12-16,IDR,0,2022-12-21,2023-03-15,12.53991315924117,162.55474810010355,14034.19212531048,150.0148349408624,84,5,4.57701278428581,Dec22-Mar23,Dec-Mar
2022-12-19,IDR,0,2022-12-21,2023-03-15,12.83739677723497,160.8336505645158,14026.777141759294,147.99625378728084,84,2,4.517714196122506,Dec22-Mar23,Dec-Mar
2022-12-20,IDR,0,2022-12-21,2023-03-15,13.090564752508635,162.0658771443264,13990.587458818372,148.97531239181777,84,1,4.559270953400236,Dec22-Mar23,Dec-Mar
2022-12-21,IDR,0,2023-03-15,2023-06-21,160.31296980220165,343.7004433497163,14056.680426636822,183.38747354751465,98,84,4.738472132534614,Mar23-Jun23,Mar-Jun
2022-12-22,IDR,0,2023-03-15,2023-06-21,155.57413187223185,335.5878892345682,14010.752865526323,180.01375736233635,98,83,4.667935641798645,Mar23-Jun23,Mar-Jun
2022-12-23,IDR,0,2023-03-15,2023-06-21,150.4766851770585,326.61158327493376,13943.273111906477,176.13489809787526,98,82,4.590873015297902,Mar23-Jun23,Mar-Jun
2022-12-26,IDR,0,2023-03-15,2023-06-21,149.42107464064134,330.9002632336726,14069.82011938976,181.47918859303127,98,79,4.688423486979192,Mar23-Jun23,Mar-Jun
2022-12-27,IDR,0,2023-03-15,2023-06-21,143.04627323229425,318.8470924625921,14054.274955175719,175.80081923029786,98,78,4.5487378738220166,Mar23-Jun23,Mar-Jun
2022-12-28,IDR,0,2023-03-15,2023-06-21,138.0534887901131,309.79097021662244,14026.033083208082,171.73748142650933,98,77,4.454027992159034,Mar23-Jun23,Mar-Jun
2022-12-29,IDR,0,2023-03-15,2023-06-21,135.05508687705432,305.22076223779226,13904.411626617877,170.16567536073794,98,76,4.452436919726371,Mar23-Jun23,Mar-Jun
2022-12-30,IDR,0,2023-03-15,2023-06-21,138.88308438252724,316.3328359177146,13858.663975191741,177.44975153518735,98,75,4.656931870669344,Mar23-Jun23,Mar-Jun
2023-01-02,IDR,0,2023-03-15,2023-06-21,125.49511528473823,296.3079110889652,13818.672288838403,170.812795804227,98,72,4.49991425259388,Mar23-Jun23,Mar-Jun
2023-01-03,IDR,0,2023-03-15,2023-06-21,127.07310603230694,302.46978759802636,13815.507043665055,175.3966815657194,98,71,4.621198756095944,Mar23-Jun23,Mar-Jun
2023-01-04,IDR,0,2023-03-15,2023-06-21,122.08780040678685,293.01072097628844,13764.940659169008,170.92292056950157,98,70,4.5213424758614185,Mar23-Jun23,Mar-Jun
2023-01-05,IDR,0,2023-03-15,2023-06-21,120.4029726838751,291.4100933073499,13811.914726232993,171.00712062347478,98,69,4.508865188649252,Mar23-Jun23,Mar-Jun
2023-01-06,IDR,0,2023-03-15,2023-06-21,119.93355845254598,292.778980928274,13845.517986011435,172.84542247572801,98,68,4.54652229651599,Mar23-Jun23,Mar-Jun
2023-01-09,IDR,0,2023-03-15,2023-06-21,113.75980226500808,285.2745810645587,13711.187059036678,171.51477879955058,98,65,4.557372232882647,Mar23-Jun23,Mar-Jun
2023-01-10,IDR,0,2023-03-15,2023-06-21,110.69273067883897,280.19097453081116,13695.095764338334,169.49824385197218,98,64,4.5100401928741904,Mar23-Jun23,Mar-Jun
2023-01-11,IDR,0,2023-03-15,2023-06-21,109.13503603870815,278.90064765447636,13757.071174198656,169.7656116157682,98,63,4.497472256713024,Mar23-Jun23,Mar-Jun
2023-01-12,IDR,0,2023-03-15,2023-06-21,108.92314519404397,281.0919875975328,13755.187004099971,172.16884240348884,98,62,4.56182881760105,Mar23-Jun23,Mar-Jun
2023-01-13,IDR,0,2023-03-15,2023-06-21,106.21930811736053,276.8667211583659,13754.240199510747,170.6474130410054,98,61,4.522707544874184,Mar23-Jun23,Mar-Jun
2023-01-16,IDR,0,2023-03-15,2023-06-21,99.8613462181342,268.59258637980923,13770.54194861369,168.73124016167503,98,58,4.4687168232722705,Mar23-Jun23,Mar-Jun
2023-01-17,IDR,0,2023-03-15,2023-06-21,98.6964373117843,268.3850488302906,13818.331531407015,169.68861151850632,98,57,4.479016074875997,Mar23-Jun23,Mar-Jun
2023-01-18,IDR,0,2023-03-15,2023-06-21,97.01846922098952,266.80079035772116,13851.465248557008,169.78232113673164,98,56,4.471383211946289,Mar23-Jun23,Mar-Jun
2023-01-19,IDR,0,2023-03-15,2023-06-21,92.90588353672456,258.4472760203429,13916.723843259046,165.54139248361832,98,55,4.340666024397557,Mar23-Jun23,Mar-Jun
2023-01-20,IDR,0,2023-03-15,2023-06-21,88.00725222527893,247.7241173748592,13895.24838320472,159.71686514958026,98,54,4.195839868282221,Mar23-Jun23,Mar-Jun
2023-01-23,IDR,0,2023-03-15,2023-06-21,87.26492848650723,254.95047734293288,13947.805937726733,167.68554885642567,98,51,4.38891784989746,Mar23-Jun23,Mar-Jun
2023-01-24,IDR,0,2023-03-15,2023-06-21,86.02688398663645,254.6395766004439,13983.27017601356,168.61269261380744,98,50,4.402448552065544,Mar23-Jun23,Mar-Jun
2023-01-25,IDR,0,2023-03-15,2023-06-21,89.2072089995653,267.6216269986959,13963.975784818853,178.4144179991306,98,49,4.66371143919665,Mar23-Jun23,Mar-Jun
2023-01-26,IDR,0,2023-03-15,2023-06-21,91.00845150366135,276.81737332363656,14027.068048458625,185.8089218199752,98,48,4.834676921316343,Mar23-Jun23,Mar-Jun
2023-01-27,IDR,0,2023-03-15,2023-06-21,92.2239502249704,284.5206975025682,14048.190843181557,192.29674727759783,98,47,4.995583402677243,Mar23-Jun23,Mar-Jun
2023-01-30,IDR,0,2023-03-15,2023-06-21,84.75678295084245,273.5332540686279,13996.624915737717,188.77647111778546,98,44,4.924691359259203,Mar23-Jun23,Mar-Jun
2023-01-31,IDR,0,2023-03-15,2023-06-21,85.34142407752391,279.8404836030435,13914.577713084,194.49905952551956,98,43,5.103503342513037,Mar23-Jun23,Mar-Jun
2023-02-01,IDR,0,2023-03-15,2023-06-21,84.15945152219108,280.53150507397027,13916.209970417221,196.37205355177917,98,42,5.152483520917948,Mar23-Jun23,Mar-Jun
2023-02-02,IDR,0,2023-03-15,2023-06-21,85.4198811066527,289.59423106889574,13977.545500547736,204.17434996224304,98,41,5.333357538727459,Mar23-Jun23,Mar-Jun
2023-02-03,IDR,0,2023-03-15,2023-06-21,83.78196992845793,289.04779625317985,13933.31382543721,205.26582632472193,98,40,5.379414825754622,Mar23-Jun23,Mar-Jun
2023-02-06,IDR,0,2023-03-15,2023-06-21,78.76843466627793,287.3983427012843,13983.23273739722,208.6299080350064,98,37,5.45011745596591,Mar23-Jun23,Mar-Jun
2023-02-07,IDR,0,2023-03-15,2023-06-21,77.84228730361707,289.74629163013014,13994.061361288672,211.90400432651307,98,36,5.531752437162497,Mar23-Jun23,Mar-Jun
2023-02-08,IDR,0,2023-03-15,2023-06-21,72.1620579379235,274.21582016410935,13947.67423791992,202.05376222618582,98,35,5.294200977495984,Mar23-Jun23,Mar-Jun
2023-02-09,IDR,0,2023-03-15,2023-06-21,69.91655133216862,271.4407287013605,13881.314095691707,201.52417736919188,98,34,5.306291001763173,Mar23-Jun23,Mar-Jun
2023-02-10,IDR,0,2023-03-15,2023-06-21,67.51027828239428,267.99534712101973,13860.478359706076,200.48506883862547,98,33,5.287739545334827,Mar23-Jun23,Mar-Jun
2023-02-13,IDR,0,2023-03-15,2023-06-21,60.180420001908594,256.7697920081433,13842.709699573928,196.58937200623473,98,30,5.194351921159672,Mar23-Jun23,Mar-Jun
2023-02-14,IDR,0,2023-03-15,2023-06-21,59.316925351903265,259.76722481695566,13908.552070740265,200.4502994650524,98,29,5.271727842359007,Mar23-Jun23,Mar-Jun
2023-02-15,IDR,0,2023-03-15,2023-06-21,55.14528784381348,248.15379529716066,13808.050340994458,193.0085074533472,98,28,5.114339166009395,Mar23-Jun23,Mar-Jun
2023-02-16,IDR,0,2023-03-15,2023-06-21,53.71332304619426,248.67279188052902,13810.973125532326,194.95946883433476,98,27,5.165480252814116,Mar23-Jun23,Mar-Jun
2023-02-17,IDR,0,2023-03-15,2023-06-21,52.88385148788154,252.21529171143504,13763.776349704016,199.3314402235535,98,26,5.299673966181745,Mar23-Jun23,Mar-Jun
2023-02-20,IDR,0,2023-03-15,2023-06-21,46.73975757948803,245.89176813556747,13701.240824300112,199.15201055607946,98,23,5.321354725012438,Mar23-Jun23,Mar-Jun
2023-02-21,IDR,0,2023-03-15,2023-06-21,44.08409623658452,240.4587067450065,13735.69567774659,196.374610508422,98,22,5.235033738325844,Mar23-Jun23,Mar-Jun
2023-02-22,IDR,0,2023-03-15,2023-06-21,42.38803112418716,240.19884303706056,13791.597364690697,197.8108119128734,98,21,5.252658155535983,Mar23-Jun23,Mar-Jun
2023-02-23,IDR,0,2023-03-15,2023-06-21,40.75815375046306,240.47310712773205,13742.245617289014,199.71495337726898,98,20,5.322836586969988,Mar23-Jun23,Mar-Jun
2023-02-24,IDR,0,2023-03-15,2023-06-21,38.33422597258321,236.0581283574861,13734.824566729627,197.72390238490289,98,19,5.273537563679807,Mar23-Jun23,Mar-Jun
2023-02-27,IDR,0,2023-03-15,2023-06-21,32.557577926222976,231.9727427243387,13709.997090721325,199.4151647981157,98,16,5.330490007154615,Mar23-Jun23,Mar-Jun
2023-02-28,IDR,0,2023-03-15,2023-06-21,30.175238793227653,227.320132242315,13719.303226737025,197.14489344908733,98,15,5.267150553041228,Mar23-Jun23,Mar-Jun
2023-03-01,IDR,0,2023-03-15,2023-06-21,28.572249887215,228.57799909772,13797.519574936217,200.005749210505,98,14,5.313974523015315,Mar23-Jun23,Mar-Jun
2023-03-02,IDR,0,2023-03-15,2023-06-21,26.719398284205646,228.14255458052517,13794.19209686673,201.42315629631952,98,13,5.353639656104724,Mar23-Jun23,Mar-Jun
2023-03-03,IDR,0,2023-03-15,2023-06-21,24.662918822390804,226.0767558719157,13721.428768761829,201.41383704952491,98,12,5.382530405642579,Mar23-Jun23,Mar-Jun
2023-03-06,IDR,0,2023-03-15,2023-06-21,18.764787286540674,223.0924710733169,13690.634077590732,204.32768378677622,98,9,5.475013885434453,Mar23-Jun23,Mar-Jun
2023-03-07,IDR,0,2023-03-15,2023-06-21,16.5581957979253,219.39609432251024,13698.609457578743,202.83789852458494,98,8,5.432808622818327,Mar23-Jun23,Mar-Jun
2023-03-08,IDR,0,2023-03-15,2023-06-21,14.818823631516832,222.28235447275247,13719.795548860886,207.46353084123564,98,7,5.548833836552539,Mar23-Jun23,Mar-Jun
2023-03-09,IDR,0,2023-03-15,2023-06-21,15.000527850883678,222.864985213129,13713.367910735753,207.8644573622453,98,6,5.562086451411933,Mar23-Jun23,Mar-Jun
2023-03-10,IDR,0,2023-03-15,2023-06-21,14.988029496902719,220.5381483115686,13806.0973820897,205.55011881466586,98,5,5.463261723873648,Mar23-Jun23,Mar-Jun
2023-03-13,IDR,0,2023-03-15,2023-06-21,14.770065280278716,211.00093257541025,13727.515518872877,196.23086729513153,98,2,5.245474484772351,Mar23-Jun23,Mar-Jun
2023-03-14,IDR,0,2023-03-15,2023-06-21,14.735446090004686,208.40130898720915,13729.291522167496,193.66586289720448,98,1,5.176253076693848,Mar23-Jun23,Mar-Jun
2023-03-15,IDR,0,2023-06-21,2023-09-20,204.33422877526846,394.07315549516056,13685.424134526254,189.7389267198921,91,98,5.404093538874705,Jun23-Sep23,Jun-Sep
2023-03-16,IDR,0,2023-06-21,2023-09-20,205.85099653296922,398.96894173400216,13740.872145472971,193.11794520103294,91,97,5.4778679703990205,Jun23-Sep23,Jun-Sep
2023-03-17,IDR,0,2023-06-21,2023-09-20,199.07063302810812,387.77300391933557,13767.444676604902,188.70237089122745,91,96,5.345033154694804,Jun23-Sep23,Jun-Sep
2023-03-20,IDR,0,2023-06-21,2023-09-20,194.93829457243393,385.68436775621336,13751.004481584452,190.74607318377943,91,93,5.410891626831706,Jun23-Sep23,Jun-Sep
2023-03-21,IDR,0,2023-06-21,2023-09-20,190.5611693440261,379.05102162996496,13778.560159170169,188.48985228593887,91,92,5.338017498561756,Jun23-Sep23,Jun-Sep
2023-03-22,IDR,0,2023-06-21,2023-09-20,195.09248693595242,390.18497387190484,13854.991229113903,195.09248693595242,91,91,5.4931662288311145,Jun23-Sep23,Jun-Sep
2023-03-23,IDR,0,2023-06-21,2023-09-20,188.92867406046983,379.9565556105004,13784.10585828994,191.02788155003057,91,90,5.408379221365617,Jun23-Sep23,Jun-Sep
2023-03-24,IDR,0,2023-06-21,2023-09-20,186.2554996077208,376.6965160605589,13823.601069705266,190.4410164528381,91,89,5.377592756883354,Jun23-Sep23,Jun-Sep
2023-03-27,IDR,0,2023-06-21,2023-09-20,180.83758340415483,372.1889797969233,13834.346987492807,191.3513963927685,91,86,5.401245565842268,Jun23-Sep23,Jun-Sep
2023-03-28,IDR,0,2023-06-21,2023-09-20,180.02519895865623,372.7580590202764,13785.033757847947,192.73286006162016,91,85,5.4597668977703675,Jun23-Sep23,Jun-Sep
2023-03-29,IDR,0,2023-06-21,2023-09-20,177.90724448271703,370.6400926723272,13878.990399945053,192.7328481896102,91,84,5.4240959740778205,Jun23-Sep23,Jun-Sep
2023-03-30,IDR,0,2023-06-21,2023-09-20,170.77028480062168,358.00035608805024,13877.729873688917,187.23007128742856,91,83,5.272380564118186,Jun23-Sep23,Jun-Sep
2023-03-31,IDR,0,2023-06-21,2023-09-20,167.26860969558675,352.8959692358111,13804.317149445387,185.62735954022435,91,82,5.256024666384415,Jun23-Sep23,Jun-Sep
2023-04-03,IDR,0,2023-06-21,2023-09-20,159.10852047789382,342.3854238131892,13802.384397748068,183.2769033352954,91,79,5.193223174403735,Jun23-Sep23,Jun-Sep
2023-04-04,IDR,0,2023-06-21,2023-09-20,160.27223521179667,347.25650962555943,13734.169494764932,186.98427441376276,91,78,5.323841166456711,Jun23-Sep23,Jun-Sep
2023-04-05,IDR,0,2023-06-21,2023-09-20,156.64144640021567,341.76315578228866,13731.435183212123,185.121709382073,91,77,5.2732256529456745,Jun23-Sep23,Jun-Sep
2023-04-06,IDR,0,2023-06-21,2023-09-20,152.62870930721175,335.3815059776889,13796.911492545378,182.75279667047715,91,76,5.1828095138386585,Jun23-Sep23,Jun-Sep
2023-04-07,IDR,0,2023-06-21,2023-09-20,148.41593771137414,328.4939421345081,13795.367461414915,180.07800442313393,91,75,5.1090617275311025,Jun23-Sep23,Jun-Sep
2023-04-10,IDR,0,2023-06-21,2023-09-20,146.14529289433233,330.85670474689124,13748.011912072605,184.7114118525589,91,72,5.25923561747554,Jun23-Sep23,Jun-Sep
2023-04-11,IDR,0,2023-06-21,2023-09-20,143.71083416967977,327.90359345757923,13619.263551461963,184.19275928789946,91,71,5.29445621063329,Jun23-Sep23,Jun-Sep
2023-04-12,IDR,0,2023-06-21,2023-09-20,146.29076098450346,336.468750264358,13553.335674667596,190.17798927985453,91,70,5.491773725342069,Jun23-Sep23,Jun-Sep
2023-04-13,IDR,0,2023-06-21,2023-09-20,139.7238719112459,323.9973841420195,13566.779396191765,184.27351223077358,91,69,5.318600229834091,Jun23-Sep23,Jun-Sep
2023-04-14,IDR,0,2023-06-21,2023-09-20,131.4661277789827,307.39873995379776,13555.186313657316,175.93261217481506,91,68,5.085225551268343,Jun23-Sep23,Jun-Sep
2023-04-17,IDR,0,2023-06-21,2023-09-20,128.0039732480377,307.2095357952905,13602.535257117326,179.20556254725278,91,65,5.163271964124153,Jun23-Sep23,Jun-Sep
2023-04-18,IDR,0,2023-06-21,2023-09-20,126.78437721124858,307.0559135584927,13599.402462544807,180.27153634724414,91,64,5.195631752204501,Jun23-Sep23,Jun-Sep
2023-04-19,IDR,0,2023-06-21,2023-09-20,126.79331389053597,309.9392117324213,13624.845918441342,183.14589784188536,91,63,5.268704406731071,Jun23-Sep23,Jun-Sep
2023-04-20,IDR,0,2023-06-21,2023-09-20,121.65861890180247,300.2220756770286,13616.985373556128,178.56345677522614,91,62,5.141736581381318,Jun23-Sep23,Jun-Sep
2023-04-21,IDR,0,2023-06-21,2023-09-20,118.42480282317693,295.0913119528343,13499.920204100577,176.66650912965736,91,61,5.132051474114021,Jun23-Sep23,Jun-Sep
2023-04-24,IDR,0,2023-06-21,2023-09-20,111.95041195736789,287.5967479594451,13548.79009615521,175.64633600207722,91,58,5.086580961915095,Jun23-Sep23,Jun-Sep
2023-04-25,IDR,0,2023-06-21,2023-09-20,112.11588218449455,291.1079046193894,13620.86159172845,178.99202243489484,91,57,5.156203815805826,Jun23-Sep23,Jun-Sep
2023-04-26,IDR,0,2023-06-21,2023-09-20,108.2926533200573,284.26821496515043,13678.135926683868,175.97556164509314,91,56,5.049654832776944,Jun23-Sep23,Jun-Sep
2023-04-27,IDR,0,2023-06-21,2023-09-20,103.73592970015756,275.37174065860006,13621.116469392975,171.6358109584425,91,55,4.947221236621189,Jun23-Sep23,Jun-Sep
2023-04-28,IDR,0,2023-06-21,2023-09-20,99.78252147401668,267.93454840245215,13627.477919810002,168.15202692843548,91,54,4.845954607418747,Jun23-Sep23,Jun-Sep
2023-05-01,IDR,0,2023-06-21,2023-09-20,93.81903164381899,261.22161751808426,13651.401911703422,167.40258587426527,91,51,4.818052694849857,Jun23-Sep23,Jun-Sep
2023-05-02,IDR,0,2023-06-21,2023-09-20,92.2856376889398,260.2454982828102,13479.841169177154,167.95986059387042,91,50,4.895744055561148,Jun23-Sep23,Jun-Sep
2023-05-03,IDR,0,2023-06-21,2023-09-20,91.34422004143929,260.9834858326837,13433.192001673044,169.6392657912444,91,49,4.9620954178353704,Jun23-Sep23,Jun-Sep
2023-05-04,IDR,0,2023-06-21,2023-09-20,88.33915368487044,255.81546587910395,13387.876866000102,167.47631219423351,91,48,4.916392343880043,Jun23-Sep23,Jun-Sep
2023-05-05,IDR,0,2023-06-21,2023-09-20,88.2224387095345,259.03609663650553,13398.98419694349,170.81365792697102,91,47,5.010276459066378,Jun23-Sep23,Jun-Sep
2023-05-08,IDR,0,2023-06-21,2023-09-20,83.76790994702357,257.01517824654957,13351.430371773276,173.247268299526,91,44,5.101330060680789,Jun23-Sep23,Jun-Sep
2023-05-09,IDR,0,2023-06-21,2023-09-20,85.14438726170454,265.33367193182346,13426.966316559252,180.18928467011892,91,43,5.2755394489295835,Jun23-Sep23,Jun-Sep
2023-05-10,IDR,0,2023-06-21,2023-09-20,82.00770952291947,259.69108015591166,13404.16144131373,177.6833706329922,91,42,5.21217861514482,Jun23-Sep23,Jun-Sep
2023-05-11,IDR,0,2023-06-21,2023-09-20,79.93823313139606,257.3621164230312,13401.929133771726,177.42388329163512,91,41,5.206227461314607,Jun23-Sep23,Jun-Sep
2023-05-12,IDR,0,2023-06-21,2023-09-20,76.91366824647109,251.89226350719284,13460.358926087167,174.97859526072176,91,40,5.113459963183355,Jun23-Sep23,Jun-Sep
2023-05-15,IDR,0,2023-06-21,2023-09-20,68.48518763275494,236.92173018899007,13433.076485666728,168.4365425562351,91,37,4.9352984660602885,Jun23-Sep23,Jun-Sep
2023-05-16,IDR,0,2023-06-21,2023-09-20,65.47636404422728,230.98606204491287,13350.44757730595,165.5096980006856,91,36,4.880496067991076,Jun23-Sep23,Jun-Sep
2023-05-17,IDR,0,2023-06-21,2023-09-20,64.15521248091983,230.95876493131138,13491.703232137967,166.80355245039155,91,35,4.867874566659965,Jun23-Sep23,Jun-Sep
2023-05-18,IDR,0,2023-06-21,2023-09-20,63.06802748697743,231.8677481138876,13534.158018779497,168.79972062691016,91,34,4.911142260162385,Jun23-Sep23,Jun-Sep
2023-05-19,IDR,0,2023-06-21,2023-09-20,59.56164307387262,223.80738609576377,13447.943917472063,164.24574302189114,91,33,4.810387647631993,Jun23-Sep23,Jun-Sep
2023-05-22,IDR,0,2023-06-21,2023-09-20,55.84688259519506,225.2490931339534,13419.216785215698,169.40221053875834,91,30,4.973353801238147,Jun23-Sep23,Jun-Sep
2023-05-23,IDR,0,2023-06-21,2023-09-20,52.96136246409998,219.1504653686896,13446.139834813552,166.18910290458962,91,29,4.87033459856316,Jun23-Sep23,Jun-Sep
2023-05-24,IDR,0,2023-06-21,2023-09-20,51.63344000420071,219.44212001785297,13497.387173117047,167.80868001365226,91,28,4.899678975296691,Jun23-Sep23,Jun-Sep
2023-05-25,IDR,0,2023-06-21,2023-09-20,51.001040975308015,222.89343833653135,13529.24956616864,171.89239736122335,91,27,5.007373570212686,Jun23-Sep23,Jun-Sep
2023-05-26,IDR,0,2023-06-21,2023-09-20,49.16766527005031,221.25449371522637,13497.618899364157,172.08682844517608,91,26,5.025421005470047,Jun23-Sep23,Jun-Sep
2023-05-29,IDR,0,2023-06-21,2023-09-20,43.180527763805834,214.02522456842894,13416.196058149235,170.8446968046231,91,23,5.02154855317355,Jun23-Sep23,Jun-Sep
2023-05-30,IDR,0,2023-06-21,2023-09-20,40.57672102154859,208.41679433795414,13405.761989440954,167.84007331640555,91,22,4.938018608059496,Jun23-Sep23,Jun-Sep
2023-05-31,IDR,0,2023-06-21,2023-09-20,39.29566525031365,209.5768813350061,13288.219212264163,170.28121608469246,91,21,5.054505524178371,Jun23-Sep23,Jun-Sep
2023-06-01,IDR,0,2023-06-21,2023-09-20,36.827855991258524,204.3946007514848,13257.574457578337,167.56674476022627,91,20,4.986319747267077,Jun23-Sep23,Jun-Sep
2023-06-02,IDR,0,2023-06-21,2023-09-20,35.221233810577345,203.9124062717636,13227.689229452038,168.69117246118623,91,19,5.031698699177421,Jun23-Sep23,Jun-Sep
2023-06-05,IDR,0,2023-06-21,2023-09-20,30.334023192139547,202.8587800974332,13204.624148873672,172.52475690529366,91,16,5.15691483833837,Jun23-Sep23,Jun-Sep
2023-06-06,IDR,0,2023-06-21,2023-09-20,28.345665761861277,200.30937138381967,13166.006686343244,171.96370562195838,91,15,5.155963401084465,Jun23-Sep23,Jun-Sep
2023-06-07,IDR,0,2023-06-21,2023-09-20,26.422022667240178,198.16517000430133,13131.708026393957,171.74314733706115,91,14,5.163525801017812,Jun23-Sep23,Jun-Sep
2023-06-08,IDR,0,2023-06-21,2023-09-20,24.32209346787279,194.5767477429823,13045.637135758814,170.2546542751095,91,13,5.153305256892147,Jun23-Sep23,Jun-Sep
2023-06-09,IDR,0,2023-06-21,2023-09-20,22.45657017687222,192.7522273514865,13111.64982789545,170.2956571746143,91,12,5.129371461503066,Jun23-Sep23,Jun-Sep
2023-06-12,IDR,0,2023-06-21,2023-09-20,16.975419646667035,188.61577385185595,13120.937332457004,171.6403542051889,91,9,5.168376428424364,Jun23-Sep23,Jun-Sep
2023-06-13,IDR,0,2023-06-21,2023-09-20,14.915161613701779,184.5751249695595,13043.858674002275,169.65996335585774,91,8,5.139703628115633,Jun23-Sep23,Jun-Sep
2023-06-14,IDR,0,2023-06-21,2023-09-20,13.35878573261115,187.0230002565561,13045.021340484838,173.66421452394493,91,7,5.261167615033871,Jun23-Sep23,Jun-Sep
2023-06-15,IDR,0,2023-06-21,2023-09-20,13.115050720686817,181.7371314152316,13072.248003393819,168.6220806945448,91,6,5.097881964975038,Jun23-Sep23,Jun-Sep
2023-06-16,IDR,0,2023-06-21,2023-09-20,13.298523880424474,182.3797560743928,13061.489313016662,169.0812321939683,91,5,5.115897825996074,Jun23-Sep23,Jun-Sep
2023-06-19,IDR,0,2023-06-21,2023-09-20,13.597545988901379,180.65311099540403,13070.974607407004,167.05556500650266,91,2,5.050827421177563,Jun23-Sep23,Jun-Sep
2023-06-20,IDR,0,2023-06-21,2023-09-20,13.81298514265835,181.54209044636687,13094.427741879097,167.7291053037085,91,1,5.062034845923616,Jun23-Sep23,Jun-Sep
2023-06-21,IDR,0,2023-09-20,2023-12-20,181.08931610522026,362.1786322104405,13021.869053720748,181.08931610522026,91,91,5.426036153529381,Sep23-Dec23,Sep-Dec
2023-06-22,IDR,0,2023-09-20,2023-12-20,181.91354118764,365.8483439440315,13099.785908054113,183.93480275639152,91,90,5.47862242728359,Sep23-Dec23,Sep-Dec
2023-06-23,IDR,0,2023-09-20,2023-12-20,175.40196079929632,354.745538695206,13152.26281866005,179.34357789590968,91,89,5.32344629858855,Sep23-Dec23,Sep-Dec
2023-06-26,IDR,0,2023-09-20,2023-12-20,171.32120700516327,352.6029493013244,13162.674034905453,181.2817422961611,91,86,5.3784220553620345,Sep23-Dec23,Sep-Dec
2023-06-27,IDR,0,2023-09-20,2023-12-20,174.75080819067875,361.8369675477584,13149.97664416675,187.08615935707962,91,85,5.55449312288267,Sep23-Dec23,Sep-Dec
2023-06-28,IDR,0,2023-09-20,2023-12-20,172.13034695587407,358.6048894914043,13096.364391573401,186.47454253553025,91,84,5.559797863216527,Sep23-Dec23,Sep-Dec
2023-06-29,IDR,0,2023-09-20,2023-12-20,163.26312587345893,342.2624566503838,13053.532050380994,178.99933077692486,91,83,5.357798249973723,Sep23-Dec23,Sep-Dec
2023-06-30,IDR,0,2023-09-20,2023-12-20,158.58807914236291,334.5821669710827,13103.031746165516,175.99408782871978,91,82,5.250040014912793,Sep23-Dec23,Sep-Dec
2023-07-03,IDR,0,2023-09-20,2023-12-20,151.7013621372862,328.1870424186585,13058.049468547639,176.4856802813723,91,79,5.285376823184384,Sep23-Dec23,Sep-Dec
2023-07-04,IDR,0,2023-09-20,2023-12-20,151.453661658903,329.7943643731228,13061.362067203132,178.3407027142198,91,78,5.339691959436592,Sep23-Dec23,Sep-Dec
2023-07-05,IDR,0,2023-09-20,2023-12-20,145.23668404444908,318.43036495579344,13080.884405331733,173.19368091134436,91,77,5.180368529550816,Sep23-Dec23,Sep-Dec
2023-07-06,IDR,0,2023-09-20,2023-12-20,140.8743087978635,311.0006400238674,13030.942804427532,170.12633122600388,91,76,5.109600586048206,Sep23-Dec23,Sep-Dec
2023-07-07,IDR,0,2023-09-20,2023-12-20,145.34066504468,323.0386180036078,13030.193938333316,177.69795295892777,91,75,5.335502004027326,Sep23-Dec23,Sep-Dec
2023-07-10,IDR,0,2023-09-20,2023-12-20,140.5650637902259,319.2892067499012,13076.844577169737,178.7241429596753,91,72,5.349312647189858,Sep23-Dec23,Sep-Dec
2023-07-11,IDR,0,2023-09-20,2023-12-20,142.30816081870367,325.6703772109636,13057.871073291599,183.3622163922599,91,71,5.495296503633475,Sep23-Dec23,Sep-Dec
2023-07-12,IDR,0,2023-09-20,2023-12-20,140.75294978779172,324.6103621167679,13178.664072703732,183.85741232897615,91,70,5.460809610433481,Sep23-Dec23,Sep-Dec
2023-07-13,IDR,0,2023-09-20,2023-12-20,139.521203023934,324.3106582822047,13217.022793049302,184.78945525827072,91,69,5.473236249063058,Sep23-Dec23,Sep-Dec
2023-07-14,IDR,0,2023-09-20,2023-12-20,139.28396857427887,326.3645519493627,13227.313966918564,187.08058337508382,91,68,5.536928803618498,Sep23-Dec23,Sep-Dec
2023-07-17,IDR,0,2023-09-20,2023-12-20,134.06450333252178,322.1465419241155,13221.020004633263,188.08203859159374,91,65,5.571367306338648,Sep23-Dec23,Sep-Dec
2023-07-18,IDR,0,2023-09-20,2023-12-20,127.61538408414141,309.36064780121563,13146.27625960517,181.74526371707424,91,64,5.4165897339486655,Sep23-Dec23,Sep-Dec
2023-07-19,IDR,0,2023-09-20,2023-12-20,124.63619467262535,304.86239292517473,13239.40146610999,180.22619825254938,91,63,5.335084952731498,Sep23-Dec23,Sep-Dec
2023-07-20,IDR,0,2023-09-20,2023-12-20,120.34736013411853,297.0839925035893,13198.28523909214,176.73663236947075,91,62,5.249622144674338,Sep23-Dec23,Sep-Dec
2023-07-21,IDR,0,2023-09-20,2023-12-20,117.71286378550874,293.3172999245464,13209.127089296762,175.60443613903763,91,61,5.212780154095515,Sep23-Dec23,Sep-Dec
2023-07-24,IDR,0,2023-09-20,2023-12-20,109.48155532418755,281.25434040179215,13246.329878828781,171.7727850776046,91,58,5.0879775562074405,Sep23-Dec23,Sep-Dec
2023-07-25,IDR,0,2023-09-20,2023-12-20,107.90126686180564,280.1646929043374,13270.37434186537,172.26342604253176,91,57,5.093942637857079,Sep23-Dec23,Sep-Dec
2023-07-26,IDR,0,2023-09-20,2023-12-20,103.24316556786928,271.01330961565685,13296.62236036399,167.77014404778757,91,56,4.953080037112625,Sep23-Dec23,Sep-Dec
2023-07-27,IDR,0,2023-09-20,2023-12-20,103.89679772426254,275.79877214076964,13365.0875462325,171.9019744165071,91,55,5.049020397945329,Sep23-Dec23,Sep-Dec
2023-07-28,IDR,0,2023-09-20,2023-12-20,97.37758797842052,261.4768566087218,13265.006139013018,164.09926863030125,91,54,4.858294246892575,Sep23-Dec23,Sep-Dec
2023-07-31,IDR,0,2023-09-20,2023-12-20,92.99308819401878,258.92193183432676,13409.081175405388,165.92884364030797,91,51,4.861636710044458,Sep23-Dec23,Sep-Dec
2023-08-01,IDR,0,2023-09-20,2023-12-20,90.45178219280169,255.07402578370076,13318.50316576318,164.62224359089907,91,50,4.85685002534407,Sep23-Dec23,Sep-Dec
2023-08-02,IDR,0,2023-09-20,2023-12-20,86.78720440019713,249.7420853289714,13339.831391633044,162.9548809287743,91,49,4.8013330176564315,Sep23-Dec23,Sep-Dec
2023-08-03,IDR,0,2023-09-20,2023-12-20,86.54309562843387,252.29701867364471,13362.121982422057,165.75392304521085,91,48,4.875798465111552,Sep23-Dec23,Sep-Dec
2023-08-04,IDR,0,2023-09-20,2023-12-20,86.0100610997564,254.1193950354079,13324.631929789113,168.1093339356515,91,47,4.959105723070825,Sep23-Dec23,Sep-Dec
2023-08-07,IDR,0,2023-09-20,2023-12-20,81.77710268790797,252.19258606953676,13350.113227142887,170.4154833816288,91,44,5.019182903473682,Sep23-Dec23,Sep-Dec
2023-08-08,IDR,0,2023-09-20,2023-12-20,80.38488075477437,251.69199832818197,13390.61519617851,171.3071175734076,91,43,5.030795659069324,Sep23-Dec23,Sep-Dec
2023-08-09,IDR,0,2023-09-20,2023-12-20,81.6785152091567,259.7468598762039,13478.257397549718,178.06834466704723,91,42,5.195055516597226,Sep23-Dec23,Sep-Dec
2023-08-10,IDR,0,2023-09-20,2023-12-20,78.93542924843452,255.14068802595582,13595.99760137167,176.2052587775213,91,41,5.0974710256285745,Sep23-Dec23,Sep-Dec
2023-08-11,IDR,0,2023-09-20,2023-12-20,77.40185398873626,254.39899568821622,13618.85812657444,176.99714169947995,91,40,5.112406406208506,Sep23-Dec23,Sep-Dec
2023-08-14,IDR,0,2023-09-20,2023-12-20,70.52107107697303,244.5710566548861,13641.080094874282,174.04998557791305,91,37,5.021655641536958,Sep23-Dec23,Sep-Dec
2023-08-15,IDR,0,2023-09-20,2023-12-20,71.4973333967646,252.73050329468586,13602.58291468995,181.23316989792124,91,36,5.243251271029177,Sep23-Dec23,Sep-Dec
2023-08-16,IDR,0,2023-09-20,2023-12-20,69.2822602078998,249.81702887809087,13530.109375741298,180.53476867019106,91,35,5.251731103658753,Sep23-Dec23,Sep-Dec
2023-08-17,IDR,0,2023-09-20,2023-12-20,68.357108153159,251.6128241021115,13496.691609154394,183.25571594895248,91,34,5.344379387044676,Sep23-Dec23,Sep-Dec
2023-08-18,IDR,0,2023-09-20,2023-12-20,66.58060093847891,250.38126607730217,13473.949458244044,183.80066513882326,91,33,5.369978185944031,Sep23-Dec23,Sep-Dec
2023-08-21,IDR,0,2023-09-20,2023-12-20,59.92654656518334,241.70373781290613,13509.660624065073,181.77719124772278,91,30,5.299487373784261,Sep23-Dec23,Sep-Dec
2023-08-22,IDR,0,2023-09-20,2023-12-20,56.99289507567846,235.83266927866953,13636.292964589615,178.83977420299107,91,29,5.166751173434521,Sep23-Dec23,Sep-Dec
2023-08-23,IDR,0,2023-09-20,2023-12-20,54.312576424068176,230.82844980228975,13666.489262421865,176.51587337822158,91,28,5.089385899056638,Sep23-Dec23,Sep-Dec
2023-08-24,IDR,0,2023-09-20,2023-12-20,53.75998427382876,234.95104238191834,13702.605500158841,181.19105810808958,91,27,5.2106771307354,Sep23-Dec23,Sep-Dec
2023-08-25,IDR,0,2023-09-20,2023-12-20,50.36433631618121,226.63951342281547,13744.614499992653,176.27517710663426,91,26,5.055117207993267,Sep23-Dec23,Sep-Dec
2023-08-28,IDR,0,2023-09-20,2023-12-20,44.86915684396433,222.3949513135623,13901.692357289257,177.52579446959797,91,23,5.0356487191603465,Sep23-Dec23,Sep-Dec
2023-08-29,IDR,0,2023-09-20,2023-12-20,42.32817378713071,217.41289263389865,13882.398669168111,175.08471884676794,91,22,4.974193401429804,Sep23-Dec23,Sep-Dec
2023-08-30,IDR,0,2023-09-20,2023-12-20,40.35485391207163,215.2258875310487,13921.161138554306,174.87103361897707,91,21,4.95503135912183,Sep23-Dec23,Sep-Dec
2023-08-31,IDR,0,2023-09-20,2023-12-20,37.56928860129904,208.50955173720968,14013.54211716298,170.94026313591064,91,20,4.8127665868905005,Sep23-Dec23,Sep-Dec
2023-09-01,IDR,0,2023-09-20,2023-12-20,36.0419196943597,210.57120048382723,14004.734549679744,174.52928078946752,91,19,4.917431083144755,Sep23-Dec23,Sep-Dec
2023-09-04,IDR,0,2023-09-20,2023-12-20,30.646175815920024,206.54564069296276,13944.244962353958,175.89946487704273,91,16,4.979402043408805,Sep23-Dec23,Sep-Dec
2023-09-05,IDR,0,2023-09-20,2023-12-20,28.401164773073173,202.20297910609227,13963.15680028892,173.8018143330191,91,15,4.9141605163522435,Sep23-Dec23,Sep-Dec
2023-09-06,IDR,0,2023-09-20,2023-12-20,26.689227635009996,201.56584668045463,13916.51419958601,174.87661904544464,91,14,4.961697614462886,Sep23-Dec23,Sep-Dec
2023-09-07,IDR,0,2023-09-20,2023-12-20,24.79862252934362,199.6893634153757,13954.111822879153,174.8907408860321,91,13,4.94942335564845,Sep23-Dec23,Sep-Dec
2023-09-08,IDR,0,2023-09-20,2023-12-20,22.86711336241395,197.47050544133512,13885.47056215404,174.60339207892116,91,12,4.966364133900304,Sep23-Dec23,Sep-Dec
2023-09-11,IDR,0,2023-09-20,2023-12-20,17.26699986168324,192.74864591045827,13842.924322212148,175.48164604877502,91,9,5.008683423743909,Sep23-Dec23,Sep-Dec
2023-09-12,IDR,0,2023-09-20,2023-12-20,15.179217850516602,188.62878770727767,13705.29619941161,173.44956985676106,91,8,5.001095819514856,Sep23-Dec23,Sep-Dec
2023-09-13,IDR,0,2023-09-20,2023-12-20,13.499908664955989,189.68991360491123,13774.475032296305,176.19000493995523,91,7,5.055241303691116,Sep23-Dec23,Sep-Dec
2023-09-14,IDR,0,2023-09-20,2023-12-20,13.549726143977132,188.35209479895013,13754.791760672988,174.802368654973,91,6,5.022579187782327,Sep23-Dec23,Sep-Dec
2023-09-15,IDR,0,2023-09-20,2023-12-20,13.94089594450285,191.68425555349984,13805.630263153698,177.743359608997,91,5,5.088150242963149,Sep23-Dec23,Sep-Dec
2023-09-18,IDR,0,2023-09-20,2023-12-20,14.329419845583002,190.57463375305016,13814.392370170139,176.24521390746716,91,2,5.041925232480416,Sep23-Dec23,Sep-Dec
2023-09-19,IDR,0,2023-09-20,2023-12-20,14.402819694338255,189.3933890188257,13836.63139230427,174.99056932448744,91,1,4.997968913694168,Sep23-Dec23,Sep-Dec
2023-09-20,IDR,0,2023-12-20,2024-03-20,185.19331814827865,373.46633232815367,13858.632142183587,188.27301417987502,91,91,5.3035145013463225,Dec23-Mar24,Dec-Mar
2023-09-21,IDR,0,2023-12-20,2024-03-20,179.76150067186322,364.5987730113426,13852.897470679749,184.83727233947937,91,90,5.210875398476438,Dec23-Mar24,Dec-Mar
2023-09-22,IDR,0,2023-12-20,2024-03-20,177.49443393532604,362.0876743816331,13995.753957640007,184.59324044630708,91,89,5.152375468338305,Dec23-Mar24,Dec-Mar
2023-09-25,IDR,0,2023-12-20,2024-03-20,175.0227710955757,363.3532443860709,14093.818602132253,188.3304732904952,91,86,5.221472515614788,Dec23-Mar24,Dec-Mar
2023-09-26,IDR,0,2023-12-20,2024-03-20,177.67290494107863,371.0106502730166,14054.506071700838,193.33774533193798,91,85,5.374107648244577,Dec23-Mar24,Dec-Mar
2023-09-27,IDR,0,2023-12-20,2024-03-20,172.03052963723408,361.5176821766446,14043.354445831474,189.48715253941052,91,84,5.273297246927407,Dec23-Mar24,Dec-Mar
2023-09-28,IDR,0,2023-12-20,2024-03-20,172.89422522817682,365.5914981482569,14123.44824953619,192.69727292008008,91,83,5.3322651106550865,Dec23-Mar24,Dec-Mar
2023-09-29,IDR,0,2023-12-20,2024-03-20,172.96075073035666,368.057743793678,14187.35385712837,195.09699306332135,91,82,5.374619577123469,Dec23-Mar24,Dec-Mar
2023-10-02,IDR,0,2023-12-20,2024-03-20,167.4250586682261,359.367251614375,14135.301403593783,191.9421929461489,91,79,5.309000030993634,Dec23-Mar24,Dec-Mar
2023-10-03,IDR,0,2023-12-20,2024-03-20,157.9110857984515,341.4259862877958,14119.67519921414,183.5149004893443,91,78,5.0848441636592,Dec23-Mar24,Dec-Mar
2023-10-04,IDR,0,2023-12-20,2024-03-20,153.05478785992642,333.42219159459273,14177.002744285817,180.3674037346663,91,77,4.979333654531563,Dec23-Mar24,Dec-Mar
2023-10-05,IDR,0,2023-12-20,2024-03-20,150.92315269484942,331.3225961761831,14189.514389961725,180.39944348133366,91,76,4.976613342062739,Dec23-Mar24,Dec-Mar
2023-10-06,IDR,0,2023-12-20,2024-03-20,146.59438742085976,324.3583864612118,14210.259212137476,177.76399904035205,91,75,4.898303023912036,Dec23-Mar24,Dec-Mar
2023-10-09,IDR,0,2023-12-20,2024-03-20,135.19727326037946,306.6089276806993,14231.0053453609,171.41165442031985,91,72,4.720189861348886,Dec23-Mar24,Dec-Mar
2023-10-10,IDR,0,2023-12-20,2024-03-20,136.19414050142714,311.51119855704513,14252.912555031531,175.317058055618,91,71,4.820048961952951,Dec23-Mar24,Dec-Mar
2023-10-11,IDR,0,2023-12-20,2024-03-20,135.63597366162443,312.94077561497755,14197.29957931027,177.30480195335312,91,70,4.893802721381055,Dec23-Mar24,Dec-Mar
2023-10-12,IDR,0,2023-12-20,2024-03-20,134.31837136354258,312.663576307715,14157.458042843155,178.34520494417242,91,69,4.936695409028887,Dec23-Mar24,Dec-Mar
2023-10-13,IDR,0,2023-12-20,2024-03-20,136.00222240683212,319.435959752886,14168.723375234285,183.43373734605387,91,68,5.072952452034997,Dec23-Mar24,Dec-Mar
2023-10-16,IDR,0,2023-12-20,2024-03-20,130.76477180054044,315.9791384810239,14186.158409956572,185.21436668048344,91,65,5.117832697548283,Dec23-Mar24,Dec-Mar
2023-10-17,IDR,0,2023-12-20,2024-03-20,128.24180456923892,312.9695549454234,14156.147159541682,184.72775037618447,91,64,5.1160123280413705,Dec23-Mar24,Dec-Mar
2023-10-18,IDR,0,2023-12-20,2024-03-20,126.55113056826187,311.9683033724695,14091.286769082499,185.41717280420764,91,63,5.1591422760338475,Dec23-Mar24,Dec-Mar
2023-10-19,IDR,0,2023-12-20,2024-03-20,125.03401601270389,311.41290084827085,14029.51339052619,186.37888483556696,91,62,5.20908962830804,Dec23-Mar24,Dec-Mar
2023-10-20,IDR,0,2023-12-20,2024-03-20,123.97928776049541,312.0506869179022,14034.110340742362,188.0713991574068,91,61,5.255078484907599,Dec23-Mar24,Dec-Mar
2023-10-23,IDR,0,2023-12-20,2024-03-20,116.82287923069057,303.22771192169114,14011.935989368265,186.40483269100056,91,58,5.219324065212413,Dec23-Mar24,Dec-Mar
2023-10-24,IDR,0,2023-12-20,2024-03-20,115.37016590417599,302.6570132663907,13947.252818386087,187.28684736221473,91,57,5.268682815300625,Dec23-Mar24,Dec-Mar
2023-10-25,IDR,0,2023-12-20,2024-03-20,112.78729107982628,299.1691112972077,13961.124956986812,186.3818202173814,91,56,5.239017128934655,Dec23-Mar24,Dec-Mar
2023-10-26,IDR,0,2023-12-20,2024-03-20,108.56508930685038,291.30026542502253,13991.85487440723,182.73517611817215,91,55,5.126857149639916,Dec23-Mar24,Dec-Mar
2023-10-27,IDR,0,2023-12-20,2024-03-20,104.3268073615883,283.2574695752811,14043.024136239963,178.9306622136928,91,54,5.003463670501262,Dec23-Mar24,Dec-Mar
2023-10-30,IDR,0,2023-12-20,2024-03-20,99.67358700628405,280.6455834512859,14053.71186381581,180.97199644500188,91,51,5.058388151987169,Dec23-Mar24,Dec-Mar
2023-10-31,IDR,0,2023-12-20,2024-03-20,97.30137222209427,277.49258411541086,13962.215020972752,180.1912118933166,91,50,5.070191141765151,Dec23-Mar24,Dec-Mar
2023-11-01,IDR,0,2023-12-20,2024-03-20,99.73999912041631,282.62255249713,14071.625966343852,182.8825533767137,91,49,5.1053047512497285,Dec23-Mar24,Dec-Mar
2023-11-02,IDR,0,2023-12-20,2024-03-20,98.78415772516806,283.92821003486773,14093.605499405321,185.14405230969967,91,48,5.160780015430956,Dec23-Mar24,Dec-Mar
2023-11-03,IDR,0,2023-12-20,2024-03-20,94.69973985260229,276.141441607311,14109.482569305466,181.44170175470867,91,47,5.0533802789777935,Dec23-Mar24,Dec-Mar
2023-11-06,IDR,0,2023-12-20,2024-03-20,88.61702387482326,270.6780617391256,14179.00982482075,182.06103786430236,91,44,5.048081759581547,Dec23-Mar24,Dec-Mar
2023-11-07,IDR,0,2023-12-20,2024-03-20,88.08383373055264,273.53371353170974,14080.98607642902,185.4498798011571,91,43,5.177812522545382,Dec23-Mar24,Dec-Mar
2023-11-08,IDR,0,2023-12-20,2024-03-20,84.61987968530416,267.25311174942146,14146.10884840227,182.6332320641173,91,42,5.077077271903872,Dec23-Mar24,Dec-Mar
2023-11-09,IDR,0,2023-12-20,2024-03-20,84.38962855454183,271.2432626764679,14225.30013964141,186.85363412192606,91,41,5.165738754000167,Dec23-Mar24,Dec-Mar
2023-11-10,IDR,0,2023-12-20,2024-03-20,80.13715085116243,262.27051146500395,14241.560783514447,182.13336061384152,91,40,5.0310206495936445,Dec23-Mar24,Dec-Mar
2023-11-13,IDR,0,2023-12-20,2024-03-20,75.18376331048164,260.7864578315948,14215.2367562425,185.60269452111316,91,37,5.138074256674787,Dec23-Mar24,Dec-Mar
2023-11-14,IDR,0,2023-12-20,2024-03-20,72.08291604298772,255.2950247424073,14222.124804456405,183.21210869941956,91,36,5.070551439202663,Dec23-Mar24,Dec-Mar
2023-11-15,IDR,0,2023-12-20,2024-03-20,73.4690526375852,265.82777015670837,14370.438635810842,192.35871751912316,91,35,5.268515683207317,Dec23-Mar24,Dec-Mar
2023-11-16,IDR,0,2023-12-20,2024-03-20,70.46669505484225,260.7303177389889,14225.454904715882,190.26362268414664,91,34,5.265076821537168,Dec23-Mar24,Dec-Mar
2023-11-17,IDR,0,2023-12-20,2024-03-20,67.54416478573695,255.82342735911084,14292.143446987611,188.2792625733739,91,33,5.187028150536653,Dec23-Mar24,Dec-Mar
2023-11-20,IDR,0,2023-12-20,2024-03-20,60.882220834281675,248.72676010496585,14258.112330133807,187.84453927068418,91,30,5.189758621756152,Dec23-Mar24,Dec-Mar
2023-11-21,IDR,0,2023-12-20,2024-03-20,58.72299798811052,246.15384757732699,14229.59294005115,187.43084958921645,91,29,5.189447678152012,Dec23-Mar24,Dec-Mar
2023-11-22,IDR,0,2023-12-20,2024-03-20,56.63631593718335,243.84841484041118,14148.324483218797,187.21209890322783,91,28,5.2138073651595045,Dec23-Mar24,Dec-Mar
2023-11-23,IDR,0,2023-12-20,2024-03-20,53.95895278676966,238.98403402332696,14235.414965168016,185.0250812365573,91,27,5.1224592382084895,Dec23-Mar24,Dec-Mar
2023-11-24,IDR,0,2023-12-20,2024-03-20,53.969877499395835,246.01151487355395,14161.797568227272,192.0416373741581,91,26,5.344243015674833,Dec23-Mar24,Dec-Mar
2023-11-27,IDR,0,2023-12-20,2024-03-20,49.42653290034635,248.1368689538456,14189.32864544958,198.71033605349925,91,23,5.520895711046316,Dec23-Mar24,Dec-Mar
2023-11-28,IDR,0,2023-12-20,2024-03-20,47.74523944373567,248.37317619772577,14113.190292511938,200.6279367539901,91,22,5.604805804094952,Dec23-Mar24,Dec-Mar
2023-11-29,IDR,0,2023-12-20,2024-03-20,45.425008468680915,245.40344247664606,14115.287896565611,199.97843400796515,91,21,5.586748919364739,Dec23-Mar24,Dec-Mar
2023-11-30,IDR,0,2023-12-20,2024-03-20,42.499616875480356,239.02070929776522,14165.260374821584,196.52109242228488,91,20,5.471982074349963,Dec23-Mar24,Dec-Mar
2023-12-01,IDR,0,2023-12-20,2024-03-20,39.16897190005149,229.90152168667734,14102.053351864717,190.73254978662584,91,19,5.335792999564092,Dec23-Mar24,Dec-Mar
2023-12-04,IDR,0,2023-12-20,2024-03-20,33.28507937022527,223.11223781197768,14215.392647208928,189.8271584417524,91,16,5.270415944952286,Dec23-Mar24,Dec-Mar
2023-12-05,IDR,0,2023-12-20,2024-03-20,30.43885776262753,216.8535154351142,14122.64347425378,186.41465767248667,91,15,5.210628769783849,Dec23-Mar24,Dec-Mar
2023-12-06,IDR,0,2023-12-20,2024-03-20,28.344569850091666,215.73286352437034,14168.653419072667,187.38829367427869,91,14,5.221641414628157,Dec23-Mar24,Dec-Mar
2023-12-07,IDR,0,2023-12-20,2024-03-20,25.853127353578984,209.96716937392057,14139.677453799011,184.11404202034157,91,13,5.1417999416590465,Dec23-Mar24,Dec-Mar
2023-12-08,IDR,0,2023-12-20,2024-03-20,23.050694043276344,201.002317823993,14177.372786419804,177.95162378071666,91,12,4.957489096676929,Dec23-Mar24,Dec-Mar
2023-12-11,IDR,0,2023-12-20,2024-03-20,17.009159514673836,192.13985046082297,14171.351340011588,175.13069094614914,91,9,4.883049817196585,Dec23-Mar24,Dec-Mar
2023-12-12,IDR,0,2023-12-20,2024-03-20,14.39524239019042,181.28614523342563,14152.592946686273,166.8909028432352,91,8,4.660325389561408,Dec23-Mar24,Dec-Mar
2023-12-13,IDR,0,2023-12-20,2024-03-20,12.90074871889503,183.73551947354102,14062.668340547696,170.834770754646,91,7,4.801438990068465,Dec23-Mar24,Dec-Mar
2023-12-14,IDR,0,2023-12-20,2024-03-20,13.10950799244047,184.80619127531577,14156.398067454262,171.6966832828753,91,6,4.793671357719001,Dec23-Mar24,Dec-Mar
2023-12-15,IDR,0,2023-12-20,2024-03-20,13.686210083860422,190.8638473675517,14252.633692882404,177.17763728369127,91,5,4.913127743452252,Dec23-Mar24,Dec-Mar
2023-12-18,IDR,0,2023-12-20,2024-03-20,13.64837564285949,184.47531457979625,14161.028960983658,170.82693893693676,91,2,4.767649120059636,Dec23-Mar24,Dec-Mar
2023-12-19,IDR,0,2023-12-20,2024-03-20,13.966986349635219,186.72030190485373,14193.880179130309,172.7533155552185,91,1,4.810156682634184,Dec23-Mar24,Dec-Mar
2023-12-20,IDR,0,2024-03-20,2024-06-19,184.59209754034512,366.0166233236255,14254.072906791305,181.42452578328036,91,91,4.970843208065055,Mar24-Jun24,Mar-Jun
2023-12-21,IDR,0,2024-03-20,2024-06-19,176.04040946393883,350.85465862045703,14162.382055968234,174.8142491565182,91,90,4.823214377127588,Mar24-Jun24,Mar-Jun
2023-12-22,IDR,0,2024-03-20,2024-06-19,172.6374112256704,345.92737577256116,14202.077976728204,173.28996454689076,91,89,4.769087236769133,Mar24-Jun24,Mar-Jun
2023-12-25,IDR,0,2024-03-20,2024-06-19,167.79195152795603,342.01209884526907,14149.528998877466,174.22014731731304,91,86,4.81390731690082,Mar24-Jun24,Mar-Jun
2023-12-26,IDR,0,2024-03-20,2024-06-19,165.7989591480776,339.93436360949937,14152.544666417185,174.13540446142176,91,85,4.811222110376522,Mar24-Jun24,Mar-Jun
2023-12-27,IDR,0,2024-03-20,2024-06-19,163.16037809107578,336.5163730716734,14127.568413512434,173.35599498059761,91,84,4.798943050335768,Mar24-Jun24,Mar-Jun
2023-12-28,IDR,0,2024-03-20,2024-06-19,161.32517412986107,334.7537227822836,14143.910818662267,173.42854865242253,91,83,4.796082791277156,Mar24-Jun24,Mar-Jun
2023-12-29,IDR,0,2024-03-20,2024-06-19,158.89947151203333,331.73394293301726,14213.33659158903,172.83447142098393,91,82,4.757372221407211,Mar24-Jun24,Mar-Jun
2024-01-01,IDR,0,2024-03-20,2024-06-19,147.4492539132393,317.2958628512744,14233.12559368322,169.84660893803513,91,79,4.672418577593829,Mar24-Jun24,Mar-Jun
2024-01-02,IDR,0,2024-03-20,2024-06-19,150.39313369183378,325.85178966563984,14230.899083267539,175.45865597380606,91,78,4.826563183816067,Mar24-Jun24,Mar-Jun
2024-01-03,IDR,0,2024-03-20,2024-06-19,148.50019605946613,324.0004277661079,14146.302416739261,175.50023170664178,91,77,4.856916529268898,Mar24-Jun24,Mar-Jun
2024-01-04,IDR,0,2024-03-20,2024-06-19,146.71510363819593,322.3871356260358,14133.215406002257,175.67203198783986,91,76,4.866734329850378,Mar24-Jun24,Mar-Jun
2024-01-05,IDR,0,2024-03-20,2024-06-19,145.87807232011758,322.8768000685269,14208.387446680938,176.99872774840932,91,75,4.878095268682797,Mar24-Jun24,Mar-Jun
2024-01-08,IDR,0,2024-03-20,2024-06-19,137.72128968581063,311.7856974831546,14152.329297137021,174.06440779734396,91,72,4.818782440588595,Mar24-Jun24,Mar-Jun
2024-01-09,IDR,0,2024-03-20,2024-06-19,132.80832938356787,303.0274557765914,14119.3899743552,170.21912639302354,91,71,4.724845471688063,Mar24-Jun24,Mar-Jun
2024-01-10,IDR,0,2024-03-20,2024-06-19,132.2748532461809,304.23216246621604,14185.338197023417,171.95730922003514,91,70,4.751285507221441,Mar24-Jun24,Mar-Jun
2024-01-11,IDR,0,2024-03-20,2024-06-19,137.46565631266898,318.7609421743049,14202.399165456773,181.2952858616359,91,69,5.001526365878868,Mar24-Jun24,Mar-Jun
2024-01-12,IDR,0,2024-03-20,2024-06-19,136.82161437841003,319.92112773775284,14170.246080522265,183.0995133593428,91,68,5.062880379310659,Mar24-Jun24,Mar-Jun
2024-01-15,IDR,0,2024-03-20,2024-06-19,130.9080708347735,314.1793700034564,14179.205327678359,183.27129916868293,91,65,5.066551851838769,Mar24-Jun24,Mar-Jun
2024-01-16,IDR,0,2024-03-20,2024-06-19,127.16649493492969,307.98135492053285,14118.439800980752,180.81485998560316,91,64,5.021278274509573,Mar24-Jun24,Mar-Jun
2024-01-17,IDR,0,2024-03-20,2024-06-19,130.9289925217062,320.04864838639287,14188.173852262596,189.11965586468668,91,63,5.2249479570232085,Mar24-Jun24,Mar-Jun
2024-01-18,IDR,0,2024-03-20,2024-06-19,128.25951220580365,316.51137689496704,14238.044369498679,188.2518646891634,91,62,5.183884857579744,Mar24-Jun24,Mar-Jun
2024-01-19,IDR,0,2024-03-20,2024-06-19,126.46381760336179,315.1229553395245,14215.305479710025,188.65913773616268,91,61,5.203987221670178,Mar24-Jun24,Mar-Jun
2024-01-22,IDR,0,2024-03-20,2024-06-19,122.46220338615205,314.6011776644251,14220.684523000366,192.13897427827305,91,58,5.29946630550536,Mar24-Jun24,Mar-Jun
2024-01-23,IDR,0,2024-03-20,2024-06-19,119.2912736847363,309.7387457077363,14301.51797317132,190.44747202300002,91,57,5.224523518364308,Mar24-Jun24,Mar-Jun
2024-01-24,IDR,0,2024-03-20,2024-06-19,116.69280869358553,306.318622820662,14226.375454362043,189.62581412707644,91,56,5.230178383934661,Mar24-Jun24,Mar-Jun
2024-01-25,IDR,0,2024-03-20,2024-06-19,112.14944769688358,297.7058066135455,14276.335781781432,185.55635891666194,91,55,5.10178174067872,Mar24-Jun24,Mar-Jun
2024-01-26,IDR,0,2024-03-20,2024-06-19,106.89136170678634,287.0231008793337,14326.531874379745,180.13173917254736,91,54,4.937214591363022,Mar24-Jun24,Mar-Jun
2024-01-29,IDR,0,2024-03-20,2024-06-19,102.60061089765607,285.6722891660227,14383.633489252763,183.07167826836667,91,51,4.999502295278248,Mar24-Jun24,Mar-Jun
2024-01-30,IDR,0,2024-03-20,2024-06-19,100.37091449899427,283.0459788871638,14348.388092544257,182.67506438816955,91,50,5.001610062431502,Mar24-Jun24,Mar-Jun
2024-01-31,IDR,0,2024-03-20,2024-06-19,98.58977472744073,281.68507064983066,14380.25115570367,183.09529592238994,91,49,5.002700439173014,Mar24-Jun24,Mar-Jun
2024-02-01,IDR,0,2024-03-20,2024-06-19,95.78473839274355,277.37663826231983,14426.701528165891,181.59189986957628,91,48,4.9467117734503745,Mar24-Jun24,Mar-Jun
2024-02-02,IDR,0,2024-03-20,2024-06-19,97.94899688478466,287.5949270234103,14484.287026184595,189.64593013862566,91,47,5.144942343042195,Mar24-Jun24,Mar-Jun
2024-02-05,IDR,0,2024-03-20,2024-06-19,89.05310096136137,273.2311052223587,14420.514226919893,184.1780042609973,91,44,5.0216265180621615,Mar24-Jun24,Mar-Jun
2024-02-06,IDR,0,2024-03-20,2024-06-19,84.50089049308274,263.3283564203043,14417.952758349804,178.82746592722157,91,43,4.878135334102526,Mar24-Jun24,Mar-Jun
2024-02-07,IDR,0,2024-03-20,2024-06-19,84.90839047175393,268.8765698272208,14424.361264718782,183.96817935546687,91,42,5.016008533436085,Mar24-Jun24,Mar-Jun
2024-02-08,IDR,0,2024-03-20,2024-06-19,81.26677669146599,261.6393786164271,14457.187633578453,180.37260192496112,91,41,4.908100417999791,Mar24-Jun24,Mar-Jun
2024-02-09,IDR,0,2024-03-20,2024-06-19,80.8151503213978,264.66961730257776,14407.843180450363,183.85446698117997,91,40,5.020039373472077,Mar24-Jun24,Mar-Jun
2024-02-12,IDR,0,2024-03-20,2024-06-19,74.17484363438862,256.60486446491194,14470.3610419855,182.43002083052332,91,37,4.962009011377996,Mar24-Jun24,Mar-Jun
2024-02-13,IDR,0,2024-03-20,2024-06-19,71.46278006955431,252.10480746759438,14437.745113500476,180.64202739804006,91,36,4.925339866501233,Mar24-Jun24,Mar-Jun
2024-02-14,IDR,0,2024-03-20,2024-06-19,69.32054451193038,249.55396024294933,14431.738323635782,180.23341573101897,91,35,4.9169603507093935,Mar24-Jun24,Mar-Jun
2024-02-15,IDR,0,2024-03-20,2024-06-19,66.72463811453018,245.3111695387139,14490.854053277164,178.5865314241837,91,34,4.853115914731526,Mar24-Jun24,Mar-Jun
2024-02-16,IDR,0,2024-03-20,2024-06-19,64.3832616495889,241.92498316815224,14415.52788057109,177.54172151856335,91,33,4.850601964753754,Mar24-Jun24,Mar-Jun
2024-02-19,IDR,0,2024-03-20,2024-06-19,59.166370551545384,238.63769455789972,14395.010239242089,179.47132400635434,91,30,4.912050445941537,Mar24-Jun24,Mar-Jun
2024-02-20,IDR,0,2024-03-20,2024-06-19,54.8616828221943,227.01385995390743,14284.16900463433,172.15217713171313,91,29,4.749564979015468,Mar24-Jun24,Mar-Jun
2024-02-21,IDR,0,2024-03-20,2024-06-19,54.04520042430781,229.69210180330813,14339.199224658832,175.64690137900033,91,28,4.827729190697973,Mar24-Jun24,Mar-Jun
2024-02-22,IDR,0,2024-03-20,2024-06-19,52.97052127941102,231.50079670261113,14407.82054728128,178.53027542320012,91,27,4.884059341638122,Mar24-Jun24,Mar-Jun
2024-02-23,IDR,0,2024-03-20,2024-06-19,51.22313674859153,230.50411536866187,14372.841514100737,179.28097862007036,91,26,4.917084393834967,Mar24-Jun24,Mar-Jun
2024-02-26,IDR,0,2024-03-20,2024-06-19,45.50413546875636,225.54223667122716,14349.878190045369,180.03810120247078,91,23,4.9476882656829435,Mar24-Jun24,Mar-Jun
2024-02-27,IDR,0,2024-03-20,2024-06-19,42.88147311435455,220.25483917827563,14186.727555205931,177.37336606392108,91,22,4.931244641956108,Mar24-Jun24,Mar-Jun
2024-02-28,IDR,0,2024-03-20,2024-06-19,39.282929704778695,209.5089584254864,14169.79914402515,170.22602872070772,91,21,4.739374778663276,Mar24-Jun24,Mar-Jun
2024-02-29,IDR,0,2024-03-20,2024-06-19,38.09435024826348,211.42364387786233,14201.344142911208,173.32929362959885,91,20,4.815486964588816,Mar24-Jun24,Mar-Jun
2024-03-01,IDR,0,2024-03-20,2024-06-19,37.62783235518911,217.84534521425275,14171.028309629384,180.21751285906362,91,19,5.017704668161502,Mar24-Jun24,Mar-Jun
2024-03-04,IDR,0,2024-03-20,2024-06-19,31.336531054957533,209.56305143002848,14238.784031385816,178.22652037507095,91,16,4.940896929716909,Mar24-Jun24,Mar-Jun
2024-03-05,IDR,0,2024-03-20,2024-06-19,28.841282550491975,203.8117300234766,14229.246802064557,174.97044747298463,91,15,4.854723698605211,Mar24-Jun24,Mar-Jun
2024-03-06,IDR,0,2024-03-20,2024-06-19,27.41676708462667,205.62575313470003,14258.197457233617,178.20898605007335,91,14,4.935052641810804,Mar24-Jun24,Mar-Jun
2024-03-07,IDR,0,2024-03-20,2024-06-19,24.978744029101446,199.82995223281156,14256.891781709553,174.85120820371012,91,13,4.843336621590711,Mar24-Jun24,Mar-Jun
2024-03-08,IDR,0,2024-03-20,2024-06-19,23.413897932411103,200.96929058652864,14291.52722356317,177.55539265411755,91,12,4.90687968613141,Mar24-Jun24,Mar-Jun
2024-03-11,IDR,0,2024-03-20,2024-06-19,17.50042406282998,194.44915625366647,14303.037351882029,176.9487321908365,91,9,4.888203037242522,Mar24-Jun24,Mar-Jun
2024-03-12,IDR,0,2024-03-20,2024-06-19,14.518813222542962,179.67031362896913,14295.087710870794,165.15150040642615,91,8,4.565790078954147,Mar24-Jun24,Mar-Jun
2024-03-13,IDR,0,2024-03-20,2024-06-19,12.460486874348627,174.44681624088076,14290.263793083692,161.98632936653215,91,7,4.4804404161673705,Mar24-Jun24,Mar-Jun
2024-03-14,IDR,0,2024-03-20,2024-06-19,12.173671030242076,168.6922985619259,14227.103276666485,156.51862753168382,91,6,4.348497277842295,Mar24-Jun24,Mar-Jun
2024-03-15,IDR,0,2024-03-20,2024-06-19,12.355249614079769,169.44342327880824,14225.399685813085,157.08817366472846,91,5,4.364787305377803,Mar24-Jun24,Mar-Jun
2024-03-18,IDR,0,2024-03-20,2024-06-19,12.626801826115173,167.75608140410162,14335.82274102612,155.12927957798644,91,2,4.2771049725415535,Mar24-Jun24,Mar-Jun
2024-03-19,IDR,0,2024-03-20,2024-06-19,13.114732701194976,172.36505835856252,14335.092686141355,159.25032565736754,91,1,4.390801372773055,Mar24-Jun24,Mar-Jun
2024-03-20,IDR,0,2024-06-19,2024-09-18,171.78166002538578,343.56332005077155,14338.660124871885,171.78166002538578,91,91,4.683357047129603,Jun24-Sep24,Jun-Sep
2024-03-21,IDR,0,2024-06-19,2024-09-18,171.262078141446,344.4270682622414,14400.752369470918,173.16499012079538,91,90,4.701122930042273,Jun24-Sep24,Jun-Sep
2024-03-22,IDR,0,2024-06-19,2024-09-18,167.35095154263618,338.4625986255563,14290.718998640023,171.11164708292014,91,89,4.681988671956607,Jun24-Sep24,Jun-Sep
2024-03-25,IDR,0,2024-06-19,2024-09-18,168.17356294517552,346.12465861972174,14279.78284339398,177.95109567454622,91,86,4.872539317780636,Jun24-Sep24,Jun-Sep
2024-03-26,IDR,0,2024-06-19,2024-09-18,166.62724384774924,345.01641079063376,14370.822622075688,178.38916694288451,91,85,4.854464794147601,Jun24-Sep24,Jun-Sep
2024-03-27,IDR,0,2024-06-19,2024-09-18,164.5029939004163,342.7145706258673,14354.348789028703,178.21157672545098,91,84,4.855844260568342,Jun24-Sep24,Jun-Sep
2024-03-28,IDR,0,2024-06-19,2024-09-18,162.16315404678147,339.9564916161443,14302.582228029958,177.79333756936285,91,83,4.86256923255413,Jun24-Sep24,Jun-Sep
2024-03-29,IDR,0,2024-06-19,2024-09-18,159.10019950790308,335.6626160349663,14273.375332527805,176.5624165270632,91,82,4.839701125534337,Jun24-Sep24,Jun-Sep
2024-04-01,IDR,0,2024-06-19,2024-09-18,153.82214325119742,331.009675350678,14327.128895118674,177.18753209948056,91,79,4.840577553167398,Jun24-Sep24,Jun-Sep
2024-04-02,IDR,0,2024-06-19,2024-09-18,156.03718649553363,338.08057074032286,14289.24522660447,182.04338424478922,91,78,4.9855143664500945,Jun24-Sep24,Jun-Sep
2024-04-03,IDR,0,2024-06-19,2024-09-18,153.5480432909656,335.013912634834,14282.300479119991,181.4658693438684,91,77,4.972946027603332,Jun24-Sep24,Jun-Sep
2024-04-04,IDR,0,2024-06-19,2024-09-18,148.60722786132638,326.5448296426514,14293.659070634187,177.93760178132501,91,76,4.8740894228857465,Jun24-Sep24,Jun-Sep
2024-04-05,IDR,0,2024-06-19,2024-09-18,151.15269998775415,334.55130930622914,14313.532803785722,183.398609318475,91,75,5.015891702256189,Jun24-Sep24,Jun-Sep
2024-04-08,IDR,0,2024-06-19,2024-09-18,149.3492273574409,338.11005637865094,14319.438889451718,188.76082902121004,91,72,5.161082813284648,Jun24-Sep24,Jun-Sep
2024-04-09,IDR,0,2024-06-19,2024-09-18,147.86504575184907,337.3822170675993,14307.034762891435,189.51717131575023,91,71,5.18674131315608,Jun24-Sep24,Jun-Sep
2024-04-10,IDR,0,2024-06-19,2024-09-18,148.20673384979034,340.8754878545178,14327.269852166253,192.66875400472748,91,70,5.265498895803167,Jun24-Sep24,Jun-Sep
2024-04-11,IDR,0,2024-06-19,2024-09-18,146.60837862712407,339.9614576860848,14366.77397617533,193.35307905896076,91,69,5.270399835780356,Jun24-Sep24,Jun-Sep
2024-04-12,IDR,0,2024-06-19,2024-09-18,142.44020138034656,333.05870616875154,14373.743856906513,190.61850478840498,91,68,5.1948582406394594,Jun24-Sep24,Jun-Sep
2024-04-15,IDR,0,2024-06-19,2024-09-18,135.45878618455413,325.1010868429299,14444.798219380702,189.64230065837575,91,65,5.145542201646215,Jun24-Sep24,Jun-Sep
2024-04-16,IDR,0,2024-06-19,2024-09-18,135.9464654882119,329.2453461042632,14446.8628050717,193.2988806160513,91,64,5.243837824272866,Jun24-Sep24,Jun-Sep
2024-04-17,IDR,0,2024-06-19,2024-09-18,131.31696411452864,320.99702339107006,14469.334736643925,189.6800592765414,91,63,5.139377799444688,Jun24-Sep24,Jun-Sep
2024-04-18,IDR,0,2024-06-19,2024-09-18,131.09203603986836,323.50131474354606,14419.302864953788,192.4092787036777,91,62,5.231332683970524,Jun24-Sep24,Jun-Sep
2024-04-19,IDR,0,2024-06-19,2024-09-18,126.16950996574425,314.389598603166,14364.163505036187,188.22008863742175,91,61,5.138646180796738,Jun24-Sep24,Jun-Sep
2024-04-22,IDR,0,2024-06-19,2024-09-18,120.7482393004654,310.198063030506,14439.31460473834,189.44982373004058,91,58,5.147449143378298,Jun24-Sep24,Jun-Sep
2024-04-23,IDR,0,2024-06-19,2024-09-18,120.51023938372077,312.90377945246803,14525.210105790691,192.39354006874726,91,57,5.196858081628268,Jun24-Sep24,Jun-Sep
2024-04-24,IDR,0,2024-06-19,2024-09-18,117.68443433391022,308.9216401265143,14589.656847541615,191.2372057926041,91,56,5.1439806668447945,Jun24-Sep24,Jun-Sep
2024-04-25,IDR,0,2024-06-19,2024-09-18,114.91987257762831,305.06002538788607,14550.222067325074,190.14015281025775,91,55,5.129188693902891,Jun24-Sep24,Jun-Sep
2024-04-26,IDR,0,2024-06-19,2024-09-18,112.8732854752373,303.0856739612853,14483.515314804448,190.21238848604798,91,54,5.155306496981659,Jun24-Sep24,Jun-Sep
2024-04-29,IDR,0,2024-06-19,2024-09-18,108.80309533572942,302.9419517190898,14405.76827729169,194.13885638336035,91,51,5.2913849793529195,Jun24-Sep24,Jun-Sep
2024-04-30,IDR,0,2024-06-19,2024-09-18,106.21429855563133,299.52432192688036,14432.582102838656,193.31002337124903,91,50,5.260015536961546,Jun24-Sep24,Jun-Sep
2024-05-01,IDR,0,2024-06-19,2024-09-18,100.20014133368548,286.28611809624425,14371.361989318262,186.08597676255877,91,49,5.086971931777821,Jun24-Sep24,Jun-Sep
2024-05-02,IDR,0,2024-06-19,2024-09-18,97.78557775339087,283.1707355775277,14448.752677985885,185.38515782413683,91,48,5.041693221141923,Jun24-Sep24,Jun-Sep
2024-05-03,IDR,0,2024-06-19,2024-09-18,94.7879363096601,278.3135151219807,14400.502201578156,183.5255788123206,91,47,5.008766640291232,Jun24-Sep24,Jun-Sep
2024-05-06,IDR,0,2024-06-19,2024-09-18,86.55747787658251,265.57407984860544,14424.312439157238,179.01660197202293,91,44,4.880462372773558,Jun24-Sep24,Jun-Sep
2024-05-07,IDR,0,2024-06-19,2024-09-18,86.53378512055713,269.6634233989455,14327.531614174426,183.12963827838837,91,43,5.026124681792885,Jun24-Sep24,Jun-Sep
2024-05-08,IDR,0,2024-06-19,2024-09-18,83.2344170811555,263.57565409032577,14414.570879321971,180.34123700917027,91,42,4.921005946138777,Jun24-Sep24,Jun-Sep
2024-05-09,IDR,0,2024-06-19,2024-09-18,82.96185086519522,267.0966905903846,14419.415822192872,184.13483972518935,91,41,5.022938556794238,Jun24-Sep24,Jun-Sep
2024-05-10,IDR,0,2024-06-19,2024-09-18,81.56299590923715,267.1188116027517,14464.719027950714,185.55581569351455,91,40,5.046423285201389,Jun24-Sep24,Jun-Sep
2024-05-13,IDR,0,2024-06-19,2024-09-18,75.65672976888527,261.73138947073824,14420.125368489955,186.07465970185297,91,37,5.078163619573627,Jun24-Sep24,Jun-Sep
2024-05-14,IDR,0,2024-06-19,2024-09-18,72.7651017021322,256.69910878252193,14432.194606281313,183.93400708038973,91,36,5.0165669651659535,Jun24-Sep24,Jun-Sep
2024-05-15,IDR,0,2024-06-19,2024-09-18,72.09346142661576,259.53646113581675,14480.376494669377,187.442999709201,91,35,5.095579982913541,Jun24-Sep24,Jun-Sep
2024-05-16,IDR,0,2024-06-19,2024-09-18,70.3255034643507,258.54964508952463,14508.674280588963,188.22414162517393,91,34,5.107503867805222,Jun24-Sep24,Jun-Sep
2024-05-17,IDR,0,2024-06-19,2024-09-18,69.59567223424064,261.51101081957086,14558.980744909639,191.91533858533023,91,33,5.190016401000344,Jun24-Sep24,Jun-Sep
2024-05-20,IDR,0,2024-06-19,2024-09-18,61.89358365848792,249.6374540892346,14537.79350591833,187.74387043074668,91,30,5.08725289346857,Jun24-Sep24,Jun-Sep
2024-05-21,IDR,0,2024-06-19,2024-09-18,61.6918420144366,255.2765876459446,14507.562011208967,193.58474563150799,91,29,5.256478956665238,Jun24-Sep24,Jun-Sep
2024-05-22,IDR,0,2024-06-19,2024-09-18,58.014783120128826,246.56282826054752,14553.412566374147,188.5480451404187,91,28,5.1049383236845145,Jun24-Sep24,Jun-Sep
2024-05-23,IDR,0,2024-06-19,2024-09-18,56.45753310031462,246.74032984581945,14629.057667024506,190.2827967455048,91,27,5.125915555198202,Jun24-Sep24,Jun-Sep
2024-05-24,IDR,0,2024-06-19,2024-09-18,54.05524299211013,243.24859346449563,14667.438574156928,189.1933504723855,91,26,5.0841118432432,Jun24-Sep24,Jun-Sep
2024-05-27,IDR,0,2024-06-19,2024-09-18,48.07676132163053,238.29351263764693,14672.475355246655,190.2167513160164,91,23,5.11194025484335,Jun24-Sep24,Jun-Sep
2024-05-28,IDR,0,2024-06-19,2024-09-18,46.475882727111156,238.7170340074345,14673.061427582103,192.24115128032335,91,22,5.16670075011678,Jun24-Sep24,Jun-Sep
2024-05-29,IDR,0,2024-06-19,2024-09-18,43.71880760947964,233.16697391722474,14732.837566435916,189.4481663077451,91,21,5.071988725477188,Jun24-Sep24,Jun-Sep
2024-05-30,IDR,0,2024-06-19,2024-09-18,41.794757849760714,231.96090606617193,14817.81062561664,190.16614821641122,91,20,5.062756526043062,Jun24-Sep24,Jun-Sep
2024-05-31,IDR,0,2024-06-19,2024-09-18,39.44556243932695,228.36904570136653,14927.873446403033,188.92348326203958,91,19,4.9934768121934585,Jun24-Sep24,Jun-Sep
2024-06-03,IDR,0,2024-06-19,2024-09-18,32.02593485760056,214.17343936020376,14844.3399403354,182.1475045026032,91,16,4.843814277905213,Jun24-Sep24,Jun-Sep
2024-06-04,IDR,0,2024-06-19,2024-09-18,31.049445490043475,219.41608146297386,14835.818159246797,188.3666359729304,91,15,5.012398788858638,Jun24-Sep24,Jun-Sep
2024-06-05,IDR,0,2024-06-19,2024-09-18,29.635114166331736,222.263356247488,14906.811846887533,192.62824208115626,91,14,5.101921459872825,Jun24-Sep24,Jun-Sep
2024-06-06,IDR,0,2024-06-19,2024-09-18,27.288467525390708,218.30774020312566,14871.861517811627,191.01927267773496,91,13,5.071971487691395,Jun24-Sep24,Jun-Sep
2024-06-07,IDR,0,2024-06-19,2024-09-18,24.280292714795685,208.40584580199632,14786.907138722161,184.12555308720064,91,12,4.917963430115129,Jun24-Sep24,Jun-Sep
2024-06-10,IDR,0,2024-06-19,2024-09-18,17.79108961636657,197.6787735151841,14808.316259567633,179.88768389881753,91,9,4.799935464475294,Jun24-Sep24,Jun-Sep
2024-06-11,IDR,0,2024-06-19,2024-09-18,15.938985279338127,197.24494283180928,14857.925368110642,181.30595755247117,91,8,4.822246058783926,Jun24-Sep24,Jun-Sep
2024-06-12,IDR,0,2024-06-19,2024-09-18,14.154345481466647,198.16083674053306,14823.217120330959,184.00649125906642,91,7,4.906110016154603,Jun24-Sep24,Jun-Sep
2024-06-13,IDR,0,2024-06-19,2024-09-18,14.288611768436903,197.9993345054828,14881.478382965703,183.7107227370459,91,6,4.8790216348126245,Jun24-Sep24,Jun-Sep
2024-06-14,IDR,0,2024-06-19,2024-09-18,13.516200976977888,185.36504196998243,14933.659480965514,171.84884099300453,91,5,4.548294495426637,Jun24-Sep24,Jun-Sep
2024-06-17,IDR,0,2024-06-19,2024-09-18,12.79454184762941,169.9846274042193,14924.00919299612,157.1900855565899,91,2,4.163212551729274,Jun24-Sep24,Jun-Sep
2024-06-18,IDR,0,2024-06-19,2024-09-18,12.61890067741529,165.84840890317238,14986.846563401436,153.2295082257571,91,1,4.041361816231325,Jun24-Sep24,Jun-Sep
2024-06-19,IDR,0,2024-09-18,2024-12-18,161.50786619780706,323.0157323956141,15085.321380297626,161.50786619780706,91,91,4.190590762156292,Sep24-Dec24,Sep-Dec
2024-06-20,IDR,0,2024-09-18,2024-12-18,157.61247024083556,316.9761901510138,15094.519082903194,159.36371991017822,91,90,4.133519821584396,Sep24-Dec24,Sep-Dec
2024-06-21,IDR,0,2024-09-18,2024-12-18,151.09543411580165,305.58627124544154,14956.11240861968,154.49083712963989,91,89,4.045569167069952,Sep24-Dec24,Sep-Dec
2024-06-24,IDR,0,2024-09-18,2024-12-18,148.31097662099012,305.244684440875,14932.988026118188,156.9337078198849,91,86,4.116599281054369,Sep24-Dec24,Sep-Dec
2024-06-25,IDR,0,2024-09-18,2024-12-18,147.93895155375586,306.3206526289533,14933.740645982483,158.38170107519747,91,85,4.154477405745064,Sep24-Dec24,Sep-Dec
2024-06-26,IDR,0,2024-09-18,2024-12-18,143.9172703244009,299.8276465091685,14976.200242281271,155.9103761847676,91,84,4.07925600363933,Sep24-Dec24,Sep-Dec
2024-06-27,IDR,0,2024-09-18,2024-12-18,145.34213472869112,304.6931499131597,14957.204541547231,159.35101518446857,91,83,4.1741279402914335,Sep24-Dec24,Sep-Dec
2024-06-28,IDR,0,2024-09-18,2024-12-18,142.72436170489428,301.1135923773989,14977.2658258168,158.38923067250462,91,82,4.144147918968455,Sep24-Dec24,Sep-Dec
2024-07-01,IDR,0,2024-09-18,2024-12-18,139.36284299933556,299.8947254416081,15056.164037392366,160.53188244227255,91,79,4.179329800716655,Sep24-Dec24,Sep-Dec
2024-07-02,IDR,0,2024-09-18,2024-12-18,141.1977427402509,305.928442603877,15203.120259417654,164.73069986362609,91,78,4.247056724702534,Sep24-Dec24,Sep-Dec
2024-07-03,IDR,0,2024-09-18,2024-12-18,139.4090200417503,305.9665721657276,15199.629152468668,166.5575521239773,91,77,4.295634380742229,Sep24-Dec24,Sep-Dec
2024-07-04,IDR,0,2024-09-18,2024-12-18,137.04134319218204,302.8133216804297,15147.015941635847,165.77197848824764,91,76,4.290753569936337,Sep24-Dec24,Sep-Dec
2024-07-05,IDR,0,2024-09-18,2024-12-18,131.43631187227652,292.4836714548816,15151.83278377114,161.04735958260505,91,75,4.168679027546688,Sep24-Dec24,Sep-Dec
2024-07-08,IDR,0,2024-09-18,2024-12-18,125.0059260598739,284.23425809023433,15153.5172847888,159.22833203036043,91,72,4.1228741277324055,Sep24-Dec24,Sep-Dec
2024-07-09,IDR,0,2024-09-18,2024-12-18,133.8169830579592,306.45221658715076,15164.896493341925,172.63523352919157,91,71,4.464117674057603,Sep24-Dec24,Sep-Dec
2024-07-10,IDR,0,2024-09-18,2024-12-18,132.2670991302334,305.2235618988267,15138.508489348731,172.9564627685933,91,70,4.48060653651834,Sep24-Dec24,Sep-Dec
2024-07-11,IDR,0,2024-09-18,2024-12-18,131.72046424699988,306.3389721787058,15191.119763491883,174.6185079317059,91,69,4.508292735873432,Sep24-Dec24,Sep-Dec
2024-07-12,IDR,0,2024-09-18,2024-12-18,126.76454547485976,297.19239443770533,15179.017479559549,170.4278489628456,91,68,4.405002375757505,Sep24-Dec24,Sep-Dec
2024-07-15,IDR,0,2024-09-18,2024-12-18,119.44998248410101,287.1307817520903,15215.30292086574,167.68079926798927,91,65,4.32581220362434,Sep24-Dec24,Sep-Dec
2024-07-16,IDR,0,2024-09-18,2024-12-18,113.48873807607949,275.1911483610293,15102.4874860966,161.70241028494985,91,64,4.204145915194471,Sep24-Dec24,Sep-Dec
2024-07-17,IDR,0,2024-09-18,2024-12-18,110.26214555180964,269.7528526932604,15063.540746490537,159.4907071414508,91,63,4.158168209519843,Sep24-Dec24,Sep-Dec
2024-07-18,IDR,0,2024-09-18,2024-12-18,107.43676844156474,265.2371388946518,14974.199801873103,157.80037045308708,91,62,4.1392404523338096,Sep24-Dec24,Sep-Dec
2024-07-19,IDR,0,2024-09-18,2024-12-18,105.83464161573323,263.7191069769091,14942.615849169737,157.88446536117584,91,61,4.1505793923950725,Sep24-Dec24,Sep-Dec
2024-07-22,IDR,0,2024-09-18,2024-12-18,101.37713020159393,260.4343517247844,14925.521984564388,159.05722152319046,91,58,4.1874065638308835,Sep24-Dec24,Sep-Dec
2024-07-23,IDR,0,2024-09-18,2024-12-18,99.90171556567121,259.393928135427,15018.666416498769,159.4922125697558,91,57,4.1733992138745535,Sep24-Dec24,Sep-Dec
2024-07-24,IDR,0,2024-09-18,2024-12-18,104.21496485217966,273.56428273697156,14973.19352407018,169.3493178847919,91,56,4.44342504861186,Sep24-Dec24,Sep-Dec
2024-07-25,IDR,0,2024-09-18,2024-12-18,103.20225003553372,273.9550637306895,14864.05786281824,170.7528136951558,91,55,4.513221735326859,Sep24-Dec24,Sep-Dec
2024-07-26,IDR,0,2024-09-18,2024-12-18,96.18991347349588,258.28773062327593,14823.468569669654,162.09781714978004,91,54,4.298128476250548,Sep24-Dec24,Sep-Dec
2024-07-29,IDR,0,2024-09-18,2024-12-18,92.41282154253497,257.30628743215624,14914.613584529685,164.89346588962127,91,51,4.346802500859367,Sep24-Dec24,Sep-Dec
2024-07-30,IDR,0,2024-09-18,2024-12-18,94.05087181707282,265.22345852414537,14910.382527759402,171.17258670707255,91,50,4.513107953160312,Sep24-Dec24,Sep-Dec
2024-07-31,IDR,0,2024-09-18,2024-12-18,92.77049818823603,265.05856625210293,14902.268768173855,172.2880680638669,91,49,4.545364358541686,Sep24-Dec24,Sep-Dec
2024-08-01,IDR,0,2024-09-18,2024-12-18,90.57496325303535,262.28999775358153,14832.761616265752,171.71503450054618,91,48,4.552013021873925,Sep24-Dec24,Sep-Dec
2024-08-02,IDR,0,2024-09-18,2024-12-18,91.26017779468631,269.7245890832943,14927.40082246886,178.46441128860798,91,47,4.700905464440878,Sep24-Dec24,Sep-Dec
2024-08-05,IDR,0,2024-09-18,2024-12-18,82.83490243193091,255.59214403840642,14949.718122715234,172.7572416064755,91,44,4.5463684071284645,Sep24-Dec24,Sep-Dec
2024-08-06,IDR,0,2024-09-18,2024-12-18,80.0851470672041,250.90000935073627,14988.844642057538,170.81486228353216,91,43,4.484400106681397,Sep24-Dec24,Sep-Dec
2024-08-07,IDR,0,2024-09-18,2024-12-18,76.23881370427489,242.64154058341433,14955.920016674936,166.40272687913944,91,42,4.37925456594474,Sep24-Dec24,Sep-Dec
2024-08-08,IDR,0,2024-09-18,2024-12-18,72.80016103543923,235.4830427191786,14877.492192991544,162.68288168373937,91,41,4.304802980414063,Sep24-Dec24,Sep-Dec
2024-08-09,IDR,0,2024-09-18,2024-12-18,72.09591151955287,237.1106957174885,14948.782364293143,165.01478419793563,91,40,4.3459891472212995,Sep24-Dec24,Sep-Dec
2024-08-12,IDR,0,2024-09-18,2024-12-18,66.238444406472,229.81484484233147,14976.714610853458,163.57640043585945,91,37,4.301784549340449,Sep24-Dec24,Sep-Dec
2024-08-13,IDR,0,2024-09-18,2024-12-18,63.69038165996568,225.23751782750645,14904.12823094287,161.54713616754077,91,36,4.269744230556745,Sep24-Dec24,Sep-Dec
2024-08-14,IDR,0,2024-09-18,2024-12-18,62.20524005090588,224.3791131739988,14858.403437395013,162.17387312309293,91,35,4.2998713019438926,Sep24-Dec24,Sep-Dec
2024-08-15,IDR,0,2024-09-18,2024-12-18,59.086381192808204,217.5592350534568,14845.159477729823,158.4728538606486,91,34,4.206355569055059,Sep24-Dec24,Sep-Dec
2024-08-16,IDR,0,2024-09-18,2024-12-18,55.081505993577174,207.19328434961392,14873.809773458413,152.11177835603675,91,33,4.030847771239061,Sep24-Dec24,Sep-Dec
2024-08-19,IDR,0,2024-09-18,2024-12-18,49.830287031679596,200.982157694441,14863.443925518677,151.1518706627614,91,30,4.009605374766987,Sep24-Dec24,Sep-Dec
2024-08-20,IDR,0,2024-09-18,2024-12-18,50.26070238696662,207.97532022193087,14841.627204334267,157.71461783496426,91,29,4.189703579384298,Sep24-Dec24,Sep-Dec
2024-08-21,IDR,0,2024-09-18,2024-12-18,47.17807929954523,200.50683702306722,14838.234321884143,153.328757723522,91,28,4.0749647301114225,Sep24-Dec24,Sep-Dec
2024-08-22,IDR,0,2024-09-18,2024-12-18,44.588358707862795,194.86764176028925,14860.348774578006,150.27928305242645,91,27,3.9886880710855785,Sep24-Dec24,Sep-Dec
2024-08-23,IDR,0,2024-09-18,2024-12-18,42.35045485262543,190.57704683681447,14834.660615491717,148.22659198418904,91,26,3.941590891956443,Sep24-Dec24,Sep-Dec
2024-08-26,IDR,0,2024-09-18,2024-12-18,38.32148115631779,189.94125442696642,14862.184982893054,151.61977327064864,91,23,4.025463759311079,Sep24-Dec24,Sep-Dec
2024-08-27,IDR,0,2024-09-18,2024-12-18,36.561726928768856,187.7943246795855,14861.143100681056,151.23259775081664,91,22,4.015939443102315,Sep24-Dec24,Sep-Dec
2024-08-28,IDR,0,2024-09-18,2024-12-18,34.426479503362074,183.60789068459775,14809.154497436995,149.18141118123566,91,21,3.975915387092034,Sep24-Dec24,Sep-Dec
2024-08-29,IDR,0,2024-09-18,2024-12-18,32.122757039499895,178.2813015692244,14885.890084900277,146.1585445297245,91,20,3.875915866525103,Sep24-Dec24,Sep-Dec
2024-08-30,IDR,0,2024-09-18,2024-12-18,29.55063853545959,171.08264415266078,14884.297914568599,141.53200561720118,91,19,3.7542746489280283,Sep24-Dec24,Sep-Dec
2024-09-02,IDR,0,2024-09-18,2024-12-18,23.880911819954786,161.4173681219638,14941.93502995351,137.53645630200901,91,16,3.6356204620326835,Sep24-Dec24,Sep-Dec
2024-09-03,IDR,0,2024-09-18,2024-12-18,22.568565354044626,161.0956990890626,14983.886460469503,138.52713373501797,91,15,3.6518913308803693,Sep24-Dec24,Sep-Dec
2024-09-04,IDR,0,2024-09-18,2024-12-18,20.825935131402197,157.68842515601813,14885.762716784408,136.86249002461594,91,14,3.632179294096411,Sep24-Dec24,Sep-Dec
2024-09-05,IDR,0,2024-09-18,2024-12-18,19.017378523247224,153.52235446948754,14844.155119200814,134.5049759462403,91,13,3.580040514442262,Sep24-Dec24,Sep-Dec
2024-09-06,IDR,0,2024-09-18,2024-12-18,17.732236580225134,153.4810523321199,14872.502090304637,135.74881575189477,91,12,3.606580462778769,Sep24-Dec24,Sep-Dec
2024-09-09,IDR,0,2024-09-18,2024-12-18,13.309273325464176,148.83548406796504,14797.374779071957,135.52621074250087,91,9,3.6200059699918836,Sep24-Dec24,Sep-Dec
2024-09-10,IDR,0,2024-09-18,2024-12-18,11.786568753073462,146.70546198598532,14763.872063102861,134.91889323291187,91,8,3.61232676951172,Sep24-Dec24,Sep-Dec
2024-09-11,IDR,0,2024-09-18,2024-12-18,10.472913164843977,147.36322637584666,14795.809784331617,136.89031321100268,91,7,3.6575290860204626,Sep24-Dec24,Sep-Dec
2024-09-12,IDR,0,2024-09-18,2024-12-18,10.337300165729877,143.87905975969412,14731.539589701415,133.54175959396423,91,6,3.583648641675384,Sep24-Dec24,Sep-Dec
2024-09-13,IDR,0,2024-09-18,2024-12-18,10.019171719444996,137.93406732460613,14739.116447728378,127.91489560516113,91,5,3.4309600420213804,Sep24-Dec24,Sep-Dec
2024-09-16,IDR,0,2024-09-18,2024-12-18,9.684270141365944,128.87402743046292,14757.793345426093,119.18975728909697,91,2,3.1929617990334065,Sep24-Dec24,Sep-Dec
2024-09-17,IDR,0,2024-09-18,2024-12-18,9.99676692000382,131.49145441171436,14699.797387150538,121.49468749171054,91,1,3.267471448674438,Sep24-Dec24,Sep-Dec
2024-09-18,IDR,0,2024-12-18,2025-03-19,129.7827729584158,262.86280271623826,14837.655597329953,133.08002975782247,91,91,3.5174385514001836,Dec24-Mar25,Dec-Mar
2024-09-19,IDR,0,2024-12-18,2025-03-19,131.10851034560935,266.94626243713225,14726.162339330462,135.8377520915229,91,90,3.616950404966092,Dec24-Mar25,Dec-Mar
2024-09-20,IDR,0,2024-12-18,2025-03-19,136.08895649323568,278.5165012273637,14761.842494811983,142.427544734128,91,89,3.7820661838946514,Dec24-Mar25,Dec-Mar
2024-09-23,IDR,0,2024-12-18,2025-03-19,135.89242749188386,282.9852510885415,14848.531092791356,147.0928235966576,91,86,3.8834038225048544,Dec24-Mar25,Dec-Mar
2024-09-24,IDR,0,2024-12-18,2025-03-19,134.21911130711538,281.2068254182022,14824.406673258363,146.9877141110868,91,85,3.887321378290471,Dec24-Mar25,Dec-Mar
2024-09-25,IDR,0,2024-12-18,2025-03-19,135.39876396665173,285.38232861919977,14857.06659903912,149.98356465254804,91,84,3.9575984341689936,Dec24-Mar25,Dec-Mar
2024-09-26,IDR,0,2024-12-18,2025-03-19,134.24406393395043,284.7413805576763,14913.296120589204,150.49731662372585,91,83,3.9566201022176304,Dec24-Mar25,Dec-Mar
2024-09-27,IDR,0,2024-12-18,2025-03-19,134.56028129610613,287.1892690137716,14849.52776906225,152.62898771766547,91,82,4.02965453985793,Dec24-Mar25,Dec-Mar
2024-09-30,IDR,0,2024-12-18,2025-03-19,127.90969802442353,278.5682526424913,14937.909186349903,150.65855461806777,91,79,3.956053560694836,Dec24-Mar25,Dec-Mar
2024-10-01,IDR,0,2024-12-18,2025-03-19,124.04244251443777,272.067655419512,14890.6348720352,148.02521290507423,91,78,3.9001454149653316,Dec24-Mar25,Dec-Mar
2024-10-02,IDR,0,2024-12-18,2025-03-19,126.48411499763299,275.42569016099554,14840.420430602178,148.94157516336256,91,77,3.936815501385115,Dec24-Mar25,Dec-Mar
2024-10-03,IDR,0,2024-12-18,2025-03-19,121.14467509939996,265.8742003372019,14832.90958346969,144.72952523780194,91,76,3.828770136032071,Dec24-Mar25,Dec-Mar
2024-10-04,IDR,0,2024-12-18,2025-03-19,119.28483555224696,263.9093714601751,14740.252588932586,144.62453590792816,91,75,3.8503286127296983,Dec24-Mar25,Dec-Mar
2024-10-07,IDR,0,2024-12-18,2025-03-19,114.43654427597852,259.6290434919809,14763.340460891706,145.19249921600237,91,72,3.8607105670885864,Dec24-Mar25,Dec-Mar
2024-10-08,IDR,0,2024-12-18,2025-03-19,114.15953851853423,261.266935343945,14851.897786998858,147.10739682541077,91,71,3.8885547171349746,Dec24-Mar25,Dec-Mar
2024-10-09,IDR,0,2024-12-18,2025-03-19,110.81758301717488,255.90611050654147,14888.75177960216,145.08852748936658,91,70,3.8266204741586844,Dec24-Mar25,Dec-Mar
2024-10-10,IDR,0,2024-12-18,2025-03-19,110.85820984680353,258.3212085237909,14841.42368121002,147.46299867698738,91,69,3.901545656420073,Dec24-Mar25,Dec-Mar
2024-10-11,IDR,0,2024-12-18,2025-03-19,109.13239007839616,256.6565508332513,14649.820513995162,147.52416075485513,91,68,3.9542918004950454,Dec24-Mar25,Dec-Mar
2024-10-14,IDR,0,2024-12-18,2025-03-19,102.99157152625838,249.3919470187335,14639.395736338749,146.40037549247512,91,65,3.9285789237173825,Dec24-Mar25,Dec-Mar
2024-10-15,IDR,0,2024-12-18,2025-03-19,101.87868471159831,249.21238304901726,14696.571789219299,147.33369833741895,91,64,3.938646062005739,Dec24-Mar25,Dec-Mar
2024-10-16,IDR,0,2024-12-18,2025-03-19,98.16626405236443,242.6875171604617,14652.783692206185,144.52125310809728,91,63,3.8759024440701313,Dec24-Mar25,Dec-Mar
2024-10-17,IDR,0,2024-12-18,2025-03-19,94.12704659386723,235.2756494844976,14682.506613308125,141.14860289063034,91,62,3.7788720369022983,Dec24-Mar25,Dec-Mar
2024-10-18,IDR,0,2024-12-18,2025-03-19,93.84531304882542,237.0896431070032,14605.129630750364,143.2443300581778,91,61,3.855240711212128,Dec24-Mar25,Dec-Mar
2024-10-21,IDR,0,2024-12-18,2025-03-19,91.95325982603188,239.5126963588174,14795.742005120195,147.55943653278553,91,58,3.9210341605207657,Dec24-Mar25,Dec-Mar
2024-10-22,IDR,0,2024-12-18,2025-03-19,87.20008483879522,229.68931016143372,14737.746557370632,142.4892253226385,91,57,3.8023316524732427,Dec24-Mar25,Dec-Mar
2024-10-23,IDR,0,2024-12-18,2025-03-19,85.19602873871762,226.91413076488465,14735.498965879153,141.71810202616703,91,56,3.782839071893966,Dec24-Mar25,Dec-Mar
2024-10-24,IDR,0,2024-12-18,2025-03-19,80.53915868684936,217.04105657157103,14607.895349159786,136.50189788472167,91,55,3.676412948070794,Dec24-Mar25,Dec-Mar
2024-10-25,IDR,0,2024-12-18,2025-03-19,79.1100013789577,215.67156502394522,14609.525945347914,136.56156364498753,91,54,3.677969489100488,Dec24-Mar25,Dec-Mar
2024-10-28,IDR,0,2024-12-18,2025-03-19,74.90099867863503,211.81702696706776,14711.167319495464,136.91602828843273,91,51,3.66321739180818,Dec24-Mar25,Dec-Mar
2024-10-29,IDR,0,2024-12-18,2025-03-19,72.15441451977044,206.75211933645699,14745.016758169402,134.59770481668653,91,50,3.593630865376555,Dec24-Mar25,Dec-Mar
2024-10-30,IDR,0,2024-12-18,2025-03-19,72.10740516098664,209.30816883877802,14791.55056181559,137.20076367779137,91,49,3.651673451569205,Dec24-Mar25,Dec-Mar
2024-10-31,IDR,0,2024-12-18,2025-03-19,72.3622763342216,212.82483795798805,14740.857330620798,140.46256162376645,91,48,3.751217376816951,Dec24-Mar25,Dec-Mar
2024-11-01,IDR,0,2024-12-18,2025-03-19,74.75945533796657,217.49514346968667,14833.933129577275,142.7356881317201,91,47,3.7875129098617815,Dec24-Mar25,Dec-Mar
2024-11-04,IDR,0,2024-12-18,2025-03-19,71.40276553498109,217.80596340769046,14828.096085793477,146.40319787270937,91,44,3.8872279656452915,Dec24-Mar25,Dec-Mar
2024-11-05,IDR,0,2024-12-18,2025-03-19,68.77015453054646,213.29698694411678,14813.01333794789,144.52683241357033,91,43,3.841975675461593,Dec24-Mar25,Dec-Mar
2024-11-06,IDR,0,2024-12-18,2025-03-19,67.59857456958237,213.31791022255254,14831.691438133144,145.7193356529702,91,42,3.869124613301673,Dec24-Mar25,Dec-Mar
2024-11-07,IDR,0,2024-12-18,2025-03-19,67.05449831472643,215.41374351071323,14821.137888662948,148.3592451959868,91,41,3.942155501659083,Dec24-Mar25,Dec-Mar
2024-11-08,IDR,0,2024-12-18,2025-03-19,67.78535076474955,221.81132213552652,14803.071916822206,154.02597137077697,91,40,4.097500918412332,Dec24-Mar25,Dec-Mar
2024-11-11,IDR,0,2024-12-18,2025-03-19,63.2901801598398,219.67191946370855,14849.224612877792,156.38173930386876,91,37,4.148549343921135,Dec24-Mar25,Dec-Mar
2024-11-12,IDR,0,2024-12-18,2025-03-19,62.9183701097048,223.0132150517211,14912.604353555025,160.0948449420163,91,36,4.229182883385012,Dec24-Mar25,Dec-Mar
2024-11-13,IDR,0,2024-12-18,2025-03-19,60.21121921679028,218.14710609069817,14880.539152332023,157.9358868739079,91,35,4.181860316063898,Dec24-Mar25,Dec-Mar
2024-11-14,IDR,0,2024-12-18,2025-03-19,58.96379072231905,218.51900794870144,14899.91693186376,159.5552172263824,91,34,4.2196168581695375,Dec24-Mar25,Dec-Mar
2024-11-15,IDR,0,2024-12-18,2025-03-19,58.643382961444345,222.4612597951462,14880.447004441621,163.81787683370186,91,33,4.338086889723709,Dec24-Mar25,Dec-Mar
2024-11-18,IDR,0,2024-12-18,2025-03-19,53.211354562321915,217.91076926048743,14812.376366050466,164.69941469816553,91,30,4.382996059935061,Dec24-Mar25,Dec-Mar
2024-11-19,IDR,0,2024-12-18,2025-03-19,52.581854588105465,220.8818197584013,14857.793134290152,168.29996517029582,91,29,4.465360934993124,Dec24-Mar25,Dec-Mar
2024-11-20,IDR,0,2024-12-18,2025-03-19,51.173465659030015,220.80308041393624,14921.331133763926,169.62961475490624,91,28,4.481963640492504,Dec24-Mar25,Dec-Mar
2024-11-21,IDR,0,2024-12-18,2025-03-19,48.832009012828614,216.71512747979165,14855.229740099803,167.88311846696303,91,27,4.456187899064389,Dec24-Mar25,Dec-Mar
2024-11-22,IDR,0,2024-12-18,2025-03-19,47.73209023125913,218.08891041062728,14825.26966482538,170.35682017936816,91,26,4.531291530388865,Dec24-Mar25,Dec-Mar
2024-11-25,IDR,0,2024-12-18,2025-03-19,40.90868198031662,206.07651765887502,14902.85746917984,165.1678356785584,91,23,4.372466829710823,Dec24-Mar25,Dec-Mar
2024-11-26,IDR,0,2024-12-18,2025-03-19,38.29291096386248,200.00266253182,14923.56206936869,161.7097515679575,91,22,4.275745795990642,Dec24-Mar25,Dec-Mar
2024-11-27,IDR,0,2024-12-18,2025-03-19,37.059530218334885,200.96804838444748,14927.492489976405,163.9085181661126,91,21,4.33310199837662,Dec24-Mar25,Dec-Mar
2024-11-28,IDR,0,2024-12-18,2025-03-19,36.370023413346836,205.19839517845853,15051.443554726098,168.82837176511168,91,20,4.426701432060495,Dec24-Mar25,Dec-Mar
2024-11-29,IDR,0,2024-12-18,2025-03-19,34.62566301945621,203.7940776557313,14983.707628115799,169.1684146362751,91,19,4.456138183258939,Dec24-Mar25,Dec-Mar
2024-12-02,IDR,0,2024-12-18,2025-03-19,29.324183696558936,196.64627364700465,14833.239120459324,167.3220899504457,91,16,4.453697044815991,Dec24-Mar25,Dec-Mar
2024-12-03,IDR,0,2024-12-18,2025-03-19,26.811959607072126,191.29871592044415,14729.384126158335,164.48675631337204,91,15,4.40978714555379,Dec24-Mar25,Dec-Mar
2024-12-04,IDR,0,2024-12-18,2025-03-19,24.192183525909606,184.72407183447842,14772.129255703805,160.53188830856882,91,14,4.292088470122506,Dec24-Mar25,Dec-Mar
2024-12-05,IDR,0,2024-12-18,2025-03-19,22.69377037218063,184.83890902310418,14799.357205466229,162.14513865092354,91,13,4.327695922835109,Dec24-Mar25,Dec-Mar
2024-12-06,IDR,0,2024-12-18,2025-03-19,22.38709165885016,195.4486305288782,14817.4220568645,173.06153887002804,91,12,4.613530052969524,Dec24-Mar25,Dec-Mar
2024-12-09,IDR,0,2024-12-18,2025-03-19,16.21392655552506,183.425767335859,14719.625235112486,167.21184078033394,91,9,4.489037813460709,Dec24-Mar25,Dec-Mar
2024-12-10,IDR,0,2024-12-18,2025-03-19,14.417577720783756,181.6763938378478,14664.9129441699,167.25881611706404,91,8,4.50758450876377,Dec24-Mar25,Dec-Mar
2024-12-11,IDR,0,2024-12-18,2025-03-19,12.760477564848266,181.91587721657032,14711.360889125674,169.15539965172206,91,7,4.544829397686556,Dec24-Mar25,Dec-Mar
2024-12-12,IDR,0,2024-12-18,2025-03-19,12.844146178654269,181.2358708475249,14637.160673492253,168.39172466887064,91,6,4.547200310334567,Dec24-Mar25,Dec-Mar
2024-12-13,IDR,0,2024-12-18,2025-03-19,13.313150564615405,185.8525998650285,14725.121690648877,172.5394493004131,91,5,4.631249199374606,Dec24-Mar25,Dec-Mar
2024-12-16,IDR,0,2024-12-18,2025-03-19,13.738970501626358,185.80173801588555,14713.656081394935,172.06276751425918,91,2,4.621916293318449,Dec24-Mar25,Dec-Mar
2024-12-17,IDR,0,2024-12-18,2025-03-19,13.909806955730527,186.09878754293595,14778.818275720614,172.18898058720544,91,1,4.604878641331276,Dec24-Mar25,Dec-Mar
2024-12-18,IDR,0,2025-03-19,2025-06-18,185.25276390293362,367.2278190054879,14749.689601707247,181.97505510255428,91,91,4.820248376364001,Mar25-Jun25,Mar-Jun
2024-12-19,IDR,0,2025-03-19,2025-06-18,183.1597168246804,365.03795597143034,14760.628409592246,181.87823914674993,91,90,4.8148321069976285,Mar25-Jun25,Mar-Jun
2024-12-20,IDR,0,2025-03-19,2025-06-18,184.69142263059197,370.1745845492873,14781.661744944544,185.48316191869534,91,89,4.902861327942797,Mar25-Jun25,Mar-Jun
2024-12-23,IDR,0,2025-03-19,2025-06-18,178.95150832568697,364.82980677454793,14788.3643918641,185.87829844886096,91,86,4.912989904415803,Mar25-Jun25,Mar-Jun
2024-12-24,IDR,0,2025-03-19,2025-06-18,183.74555374911142,376.91633316816444,14900.89156564113,193.17077941905302,91,85,5.066029022486298,Mar25-Jun25,Mar-Jun
2024-12-25,IDR,0,2025-03-19,2025-06-18,181.751960870439,375.05580036096427,14929.41372556313,193.30383949052526,91,84,5.060618762079585,Mar25-Jun25,Mar-Jun
2024-12-26,IDR,0,2025-03-19,2025-06-18,173.93919317282604,361.02161142227794,14866.114154966419,187.0824182494519,91,83,4.920901893538835,Mar25-Jun25,Mar-Jun
2024-12-27,IDR,0,2025-03-19,2025-06-18,177.64231318037127,371.105428127072,14908.108044279617,193.46311494670073,91,82,5.0733213029994495,Mar25-Jun25,Mar-Jun
2024-12-30,IDR,0,2025-03-19,2025-06-18,167.7102905359303,357.06795025109716,14952.922480457792,189.35765971516685,91,79,4.954205532217212,Mar25-Jun25,Mar-Jun
2024-12-31,IDR,0,2025-03-19,2025-06-18,164.3506386865614,352.2002303323655,15015.163455710603,187.84959164580408,91,78,4.895685310177381,Mar25-Jun25,Mar-Jun
2025-01-01,IDR,0,2025-03-19,2025-06-18,153.28324226328652,334.43616493807974,14997.27175992688,181.15292267479322,91,77,4.730182655115319,Mar25-Jun25,Mar-Jun
2025-01-02,IDR,0,2025-03-19,2025-06-18,151.85243317941618,333.67574132845397,14928.605210779975,181.82330814903779,91,76,4.769755774348451,Mar25-Jun25,Mar-Jun
2025-01-03,IDR,0,2025-03-19,2025-06-18,152.81723366745547,338.23547718396816,14952.952529661417,185.4182435165127,91,75,4.855910907529522,Mar25-Jun25,Mar-Jun
2025-01-06,IDR,0,2025-03-19,2025-06-18,148.22919225005762,335.57442134388043,14984.935399694483,187.3452290938228,91,72,4.897494881175131,Mar25-Jun25,Mar-Jun
2025-01-07,IDR,0,2025-03-19,2025-06-18,147.232842778033,335.9397257752302,15079.597663391534,188.70688299719723,91,71,4.902745345740054,Mar25-Jun25,Mar-Jun
2025-01-08,IDR,0,2025-03-19,2025-06-18,143.7797192353505,330.69335424130617,14949.429314488843,186.91363500595565,91,70,4.899147387512613,Mar25-Jun25,Mar-Jun
2025-01-09,IDR,0,2025-03-19,2025-06-18,139.79190230143968,324.15513577145435,14944.957689071376,184.36323347001468,91,69,4.835009365371893,Mar25-Jun25,Mar-Jun
2025-01-10,IDR,0,2025-03-19,2025-06-18,135.99908573484336,317.99786223294257,14914.21338826287,181.9987764980992,91,68,4.7839534559172305,Mar25-Jun25,Mar-Jun
2025-01-13,IDR,0,2025-03-19,2025-06-18,126.86466790598838,304.47520297437217,14905.932717993292,177.6105350683838,91,65,4.67401419542905,Mar25-Jun25,Mar-Jun
2025-01-14,IDR,0,2025-03-19,2025-06-18,127.33650587688535,308.39310017058176,15015.547499058424,181.0565942936964,91,64,4.730062287501157,Mar25-Jun25,Mar-Jun
2025-01-15,IDR,0,2025-03-19,2025-06-18,126.47994279693134,309.1731935036099,14936.092430633696,182.69325070667858,91,63,4.798267602305689,Mar25-Jun25,Mar-Jun
2025-01-16,IDR,0,2025-03-19,2025-06-18,123.60780776626653,305.0321707780448,14965.85189907711,181.42436301177827,91,62,4.756450984433648,Mar25-Jun25,Mar-Jun
2025-01-17,IDR,0,2025-03-19,2025-06-18,122.40322069864295,305.0047466589136,14947.421810752903,182.60152596027064,91,61,4.7935504336107355,Mar25-Jun25,Mar-Jun
2025-01-20,IDR,0,2025-03-19,2025-06-18,117.063355779174,300.73172432925736,14965.01346195069,183.66836855008336,91,58,4.817639825735752,Mar25-Jun25,Mar-Jun
2025-01-21,IDR,0,2025-03-19,2025-06-18,116.38599132256633,302.1952055392951,15009.55492421967,185.80921421672878,91,57,4.859660783971939,Mar25-Jun25,Mar-Jun
2025-01-22,IDR,0,2025-03-19,2025-06-18,113.966878351475,299.16305567262185,15072.600911909016,185.19617732114685,91,56,4.824290966149914,Mar25-Jun25,Mar-Jun
2025-01-23,IDR,0,2025-03-19,2025-06-18,113.18290669084323,300.44917048842024,15102.235230112585,187.266263797577,91,55,4.868966231531871,Mar25-Jun25,Mar-Jun
2025-01-24,IDR,0,2025-03-19,2025-06-18,111.20016221670298,298.59302817448025,15082.17943820935,187.39286595777727,91,54,4.879325300061791,Mar25-Jun25,Mar-Jun
2025-01-27,IDR,0,2025-03-19,2025-06-18,104.46513433626869,290.86370736765,15148.001254307763,186.39857303138132,91,51,4.834634146809386,Mar25-Jun25,Mar-Jun
2025-01-28,IDR,0,2025-03-19,2025-06-18,98.86899923712528,278.8105778486933,15125.439394063003,179.94157861156802,91,50,4.675790690239649,Mar25-Jun25,Mar-Jun
2025-01-29,IDR,0,2025-03-19,2025-06-18,100.72479150099807,287.7851185742802,15199.715354209244,187.06032707328214,91,49,4.836585544510221,Mar25-Jun25,Mar-Jun
2025-01-30,IDR,0,2025-03-19,2025-06-18,95.29786362375725,275.96673007713036,15309.48581792103,180.6688664533731,91,48,4.63968850165974,Mar25-Jun25,Mar-Jun
2025-01-31,IDR,0,2025-03-19,2025-06-18,90.89817792127123,266.8925224071368,15266.232411337198,175.9943444858656,91,47,4.533668309678992,Mar25-Jun25,Mar-Jun
2025-02-03,IDR,0,2025-03-19,2025-06-18,84.82572359164055,260.26074283798806,15230.970649331879,175.4350192463475,91,44,4.531456482373507,Mar25-Jun25,Mar-Jun
2025-02-04,IDR,0,2025-03-19,2025-06-18,83.08108559154051,258.9038481224751,15272.196009301959,175.8227625309346,91,43,4.529795019308182,Mar25-Jun25,Mar-Jun
2025-02-05,IDR,0,2025-03-19,2025-06-18,81.9151012606965,259.39782065887226,15276.02650430428,177.48271939817576,91,42,4.571767867140356,Mar25-Jun25,Mar-Jun
2025-02-06,IDR,0,2025-03-19,2025-06-18,83.24948286917021,268.02272533488946,15301.448768634438,184.77324246571925,91,41,4.751286357038009,Mar25-Jun25,Mar-Jun
2025-02-07,IDR,0,2025-03-19,2025-06-18,81.99152739304105,268.5222522122095,15326.29835253191,186.53072481916843,91,40,4.7891346300460835,Mar25-Jun25,Mar-Jun
2025-02-10,IDR,0,2025-03-19,2025-06-18,74.0267527241722,256.09254996470384,15316.401030775718,182.06579724053165,91,37,4.679923826080524,Mar25-Jun25,Mar-Jun
2025-02-11,IDR,0,2025-03-19,2025-06-18,72.4864330064745,255.7160275506184,15445.312275595226,183.2295945441439,91,36,4.671180131128713,Mar25-Jun25,Mar-Jun
2025-02-12,IDR,0,2025-03-19,2025-06-18,71.05876598988714,255.81155756359368,15454.88590820103,184.75279157370653,91,35,4.707540699165177,Mar25-Jun25,Mar-Jun
2025-02-13,IDR,0,2025-03-19,2025-06-18,67.28589985820363,247.374631831631,15479.176669410495,180.08873197342737,91,34,4.58264339235218,Mar25-Jun25,Mar-Jun
2025-02-14,IDR,0,2025-03-19,2025-06-18,62.918076386210394,236.4194385421239,15527.223465755731,173.5013621559135,91,33,4.402647745480286,Mar25-Jun25,Mar-Jun
2025-02-17,IDR,0,2025-03-19,2025-06-18,59.32673775169499,239.28450893183646,15640.347946414515,179.95777118014146,91,30,4.534621687023535,Mar25-Jun25,Mar-Jun
2025-02-18,IDR,0,2025-03-19,2025-06-18,57.33525206365903,237.2493188841063,15606.391570187101,179.91406682044726,91,29,4.543924729594205,Mar25-Jun25,Mar-Jun
2025-02-19,IDR,0,2025-03-19,2025-06-18,55.50092800508783,235.87894402162325,15557.157305029526,180.3780160165354,91,28,4.570543653838196,Mar25-Jun25,Mar-Jun
2025-02-20,IDR,0,2025-03-19,2025-06-18,53.27335510266414,232.82429267090257,15640.1546988863,179.55093756823842,91,27,4.5261710757217335,Mar25-Jun25,Mar-Jun
2025-02-21,IDR,0,2025-03-19,2025-06-18,52.029421248498835,234.13239561824471,15737.760561191053,182.10297436974588,91,26,4.5624886203948645,Mar25-Jun25,Mar-Jun
2025-02-24,IDR,0,2025-03-19,2025-06-18,47.22876010691964,234.09037618212344,15806.57689591272,186.8616160752038,91,23,4.662809567179394,Mar25-Jun25,Mar-Jun
2025-02-25,IDR,0,2025-03-19,2025-06-18,44.604398598234404,229.10441098184037,15877.092237980014,184.50001238360596,91,22,4.584248623374484,Mar25-Jun25,Mar-Jun
2025-02-26,IDR,0,2025-03-19,2025-06-18,42.5420346965937,226.8908517151664,15815.709935709157,184.3488170185727,91,21,4.598817226079969,Mar25-Jun25,Mar-Jun
2025-02-27,IDR,0,2025-03-19,2025-06-18,40.224929945705384,223.2483611986649,15799.77200651353,183.0234312529595,91,20,4.571015650616298,Mar25-Jun25,Mar-Jun
2025-02-28,IDR,0,2025-03-19,2025-06-18,36.75900081670318,212.8152678861763,15730.449887597855,176.0562670694731,91,19,4.417308961864609,Mar25-Jun25,Mar-Jun
2025-03-03,IDR,0,2025-03-19,2025-06-18,31.13502578962595,208.21548496812352,15750.605291378704,177.08045917849756,91,16,4.438915266553297,Mar25-Jun25,Mar-Jun
2025-03-04,IDR,0,2025-03-19,2025-06-18,29.256677124711086,206.747185014625,15761.917540840841,177.4905078899139,91,15,4.446536028930752,Mar25-Jun25,Mar-Jun
2025-03-05,IDR,0,2025-03-19,2025-06-18,27.225656971391153,204.1924272854336,15749.736771543005,176.96677031404246,91,14,4.437408818672134,Mar25-Jun25,Mar-Jun
2025-03-06,IDR,0,2025-03-19,2025-06-18,25.13452694440842,201.07621555526737,15730.239221350985,175.94168861085893,91,13,4.41775019091799,Mar25-Jun25,Mar-Jun
2025-03-07,IDR,0,2025-03-19,2025-06-18,22.96148627349256,197.08609051414444,15789.929273306918,174.12460424065188,91,12,4.356221760321971,Mar25-Jun25,Mar-Jun
2025-03-10,IDR,0,2025-03-19,2025-06-18,17.32228699828898,192.46985553654423,15772.59724536009,175.14756853825526,91,9,4.388188796729551,Mar25-Jun25,Mar-Jun
2025-03-11,IDR,0,2025-03-19,2025-06-18,14.779642218471055,182.89807245357932,15742.059322336081,168.11843023510826,91,8,4.220922110883538,Mar25-Jun25,Mar-Jun
2025-03-12,IDR,0,2025-03-19,2025-06-18,13.125669633803408,183.75937487324774,15731.365061253155,170.63370523944434,91,7,4.287432663576937,Mar25-Jun25,Mar-Jun
2025-03-13,IDR,0,2025-03-19,2025-06-18,13.189055973191966,182.7626327713744,15732.026441031636,169.57357679818244,91,6,4.260599187891805,Mar25-Jun25,Mar-Jun
2025-03-14,IDR,0,2025-03-19,2025-06-18,13.41515611670989,183.97928388630706,15726.170671942094,170.56412776959718,91,5,4.2870199645148475,Mar25-Jun25,Mar-Jun
2025-03-17,IDR,0,2025-03-19,2025-06-18,13.791184682344818,183.22573935115258,15772.071823904285,169.43455466880778,91,2,4.246144449485847,Mar25-Jun25,Mar-Jun
2025-03-18,IDR,0,2025-03-19,2025-06-18,13.554601301548082,178.14618853463193,15769.364857492508,164.59158723308386,91,1,4.125545692538619,Mar25-Jun25,Mar-Jun
2025-03-19,IDR,0,2025-06-18,2025-09-17,177.8971726264351,355.7943452528702,15761.271779962548,177.8971726264351,91,91,4.41534333853589,Jun25-Sep25,Jun-Sep
2025-03-20,IDR,0,2025-06-18,2025-09-17,174.62779945847575,351.19590779982343,15687.737969451153,176.56810834134768,91,90,4.403575153984828,Jun25-Sep25,Jun-Sep
2025-03-21,IDR,0,2025-06-18,2025-09-17,177.84725549254748,359.6910785242533,15713.264867513635,181.84382303170585,91,89,4.526946581712323,Jun25-Sep25,Jun-Sep
2025-03-24,IDR,0,2025-06-18,2025-09-17,171.41903907200907,352.80430134587914,15661.80357167878,181.38526227387007,91,86,4.532040559113711,Jun25-Sep25,Jun-Sep
2025-03-25,IDR,0,2025-06-18,2025-09-17,167.77095028323834,347.38455588058764,15660.188818420946,179.6136055973493,91,85,4.489266647313674,Jun25-Sep25,Jun-Sep
2025-03-26,IDR,0,2025-06-18,2025-09-17,165.9482118510928,345.72544135644335,15633.896877418747,179.77722950535056,91,84,4.501351868962146,Jun25-Sep25,Jun-Sep
2025-03-27,IDR,0,2025-06-18,2025-09-17,164.5338945351735,344.92647770024314,15572.076741427161,180.39258316506965,91,83,4.534909103707921,Jun25-Sep25,Jun-Sep
2025-03-28,IDR,0,2025-06-18,2025-09-17,162.07762710323428,341.9442620592626,15499.235702170325,179.86663495602832,91,82,4.543426845191401,Jun25-Sep25,Jun-Sep
2025-03-31,IDR,0,2025-06-18,2025-09-17,159.36945159574995,342.94692115541125,15544.432358230886,183.5774695596613,91,79,4.624616049744691,Jun25-Sep25,Jun-Sep
2025-04-01,IDR,0,2025-06-18,2025-09-17,153.17217855371737,331.8730535330543,15551.2977583923,178.70087497933693,91,78,4.501575151789186,Jun25-Sep25,Jun-Sep
2025-04-02,IDR,0,2025-06-18,2025-09-17,146.58069101984265,319.81241677056573,15506.780606770119,173.2317257507231,91,77,4.378052155149369,Jun25-Sep25,Jun-Sep
2025-04-03,IDR,0,2025-06-18,2025-09-17,142.5189812454909,313.16670878943387,15502.57628103417,170.64772754394298,91,76,4.31502589051343,Jun25-Sep25,Jun-Sep
2025-04-04,IDR,0,2025-06-18,2025-09-17,136.11200816402197,301.26124473636867,15471.817668619644,165.1492365723467,91,75,4.185934026593683,Jun25-Sep25,Jun-Sep
2025-04-07,IDR,0,2025-06-18,2025-09-17,130.48922433156142,295.41310508395156,15548.73658356344,164.92388075239015,91,72,4.161213886780566,Jun25-Sep25,Jun-Sep
2025-04-08,IDR,0,2025-06-18,2025-09-17,124.40821655709898,283.8610011584512,15566.66355718329,159.45278460135222,91,71,4.020134723060998,Jun25-Sep25,Jun-Sep
2025-04-09,IDR,0,2025-06-18,2025-09-17,124.11552999001731,285.4657189770398,15520.18298025817,161.35018898702248,91,70,4.0801346224027455,Jun25-Sep25,Jun-Sep
2025-04-10,IDR,0,2025-06-18,2025-09-17,119.36199917307549,276.7814473578562,15497.95678091127,157.41944818478072,91,69,3.9876131448974306,Jun25-Sep25,Jun-Sep
2025-04-11,IDR,0,2025-06-18,2025-09-17,118.59331677875267,277.299078938554,15614.025831825133,158.7057621598013,91,68,3.9907339347075648,Jun25-Sep25,Jun-Sep
2025-04-14,IDR,0,2025-06-18,2025-09-17,113.29919877236452,271.9180770536749,15514.695764505937,158.61887828131037,91,65,4.015251196418408,Jun25-Sep25,Jun-Sep
2025-04-15,IDR,0,2025-06-18,2025-09-17,113.05794258419607,273.81220469609985,15524.778447927847,160.75426211190378,91,64,4.066744984120401,Jun25-Sep25,Jun-Sep
2025-04-16,IDR,0,2025-06-18,2025-09-17,109.37163571040013,267.3528872920892,15453.437828788195,157.98125158168904,91,63,4.0158608695536815,Jun25-Sep25,Jun-Sep
2025-04-17,IDR,0,2025-06-18,2025-09-17,108.17926100407288,266.9584989294057,15397.583424233471,158.77923792533284,91,62,4.05099482876649,Jun25-Sep25,Jun-Sep
2025-04-18,IDR,0,2025-06-18,2025-09-17,104.0386980472337,259.2439689045823,15410.681193981407,155.20527085734858,91,61,3.957524711979146,Jun25-Sep25,Jun-Sep
2025-04-21,IDR,0,2025-06-18,2025-09-17,101.03964601223544,259.56736647970826,15390.965570368458,158.52772046747282,91,58,4.048169502019339,Jun25-Sep25,Jun-Sep
2025-04-22,IDR,0,2025-06-18,2025-09-17,96.39978099848244,250.3011857504456,15409.657156045367,153.90140475196316,91,57,3.926470311360485,Jun25-Sep25,Jun-Sep
2025-04-23,IDR,0,2025-06-18,2025-09-17,94.72733302553462,248.65924919202834,15416.627258168486,153.93191616649372,91,56,3.9259074570988246,Jun25-Sep25,Jun-Sep
2025-04-24,IDR,0,2025-06-18,2025-09-17,93.24123987745578,247.51310949288265,15330.452588273274,154.27186961542685,91,55,3.9569399145216546,Jun25-Sep25,Jun-Sep
2025-04-25,IDR,0,2025-06-18,2025-09-17,91.19633950117412,244.87905977167125,15240.876210744185,153.68272027049713,91,54,3.9653842928415015,Jun25-Sep25,Jun-Sep
2025-04-28,IDR,0,2025-06-18,2025-09-17,87.60603744047532,243.92269248132345,15116.37624795103,156.31665504084813,91,51,4.067326222798425,Jun25-Sep25,Jun-Sep
2025-04-29,IDR,0,2025-06-18,2025-09-17,86.31637713138326,243.41218351050082,15055.26554932333,157.09580637911756,91,50,4.104445086151449,Jun25-Sep25,Jun-Sep
2025-04-30,IDR,0,2025-06-18,2025-09-17,81.24027033875294,232.11505811072266,15076.130937769723,150.87478777196972,91,49,3.9378021695835117,Jun25-Sep25,Jun-Sep
2025-05-01,IDR,0,2025-06-18,2025-09-17,77.88634337481209,225.54586935622666,15083.065902584318,147.65952598141456,91,48,3.8529741788929375,Jun25-Sep25,Jun-Sep
2025-05-02,IDR,0,2025-06-18,2025-09-17,79.30604688751636,232.85605256334588,15043.01049044896,153.55000567582954,91,47,4.016914805377922,Jun25-Sep25,Jun-Sep
2025-05-05,IDR,0,2025-06-18,2025-09-17,75.97890133760205,233.11708364946088,15124.08562907429,157.13818231185883,91,44,4.089756034619402,Jun25-Sep25,Jun-Sep
2025-05-06,IDR,0,2025-06-18,2025-09-17,74.97389708765147,233.6395862731464,15119.60113990277,158.66568918549493,91,43,4.131003593096584,Jun25-Sep25,Jun-Sep
2025-05-07,IDR,0,2025-06-18,2025-09-17,72.35412992024193,229.12141141409944,15136.01639675387,156.76728149385752,91,42,4.077874453226182,Jun25-Sep25,Jun-Sep
2025-05-08,IDR,0,2025-06-18,2025-09-17,70.8631607268048,228.14481014483493,15088.36586436402,157.28164941803016,91,41,4.10451690878843,Jun25-Sep25,Jun-Sep
2025-05-09,IDR,0,2025-06-18,2025-09-17,68.4853595190313,224.2895524248275,15056.769992322219,155.80419290579619,91,40,4.075093089891194,Jun25-Sep25,Jun-Sep
2025-05-12,IDR,0,2025-06-18,2025-09-17,62.96867876507128,217.83759140348985,14972.817338987472,154.86891263841858,91,37,4.074733606204157,Jun25-Sep25,Jun-Sep
2025-05-13,IDR,0,2025-06-18,2025-09-17,61.62581004655078,217.40216321977638,15030.329457584954,155.7763531732256,91,36,4.083354936700783,Jun25-Sep25,Jun-Sep
2025-05-14,IDR,0,2025-06-18,2025-09-17,61.57364260805844,221.66511338901043,15121.478922216807,160.091470780952,91,35,4.17128830117093,Jun25-Sep25,Jun-Sep
2025-05-15,IDR,0,2025-06-18,2025-09-17,57.29262176603933,210.63463884573284,15110.470703893196,153.3420170796935,91,34,3.9994542824220005,Jun25-Sep25,Jun-Sep
2025-05-16,IDR,0,2025-06-18,2025-09-17,59.211917224834174,222.4932647236193,15138.790690365991,163.28134749878512,91,33,4.250217640998803,Jun25-Sep25,Jun-Sep
2025-05-19,IDR,0,2025-06-18,2025-09-17,52.44479463549021,211.52733836314385,15065.077066272443,159.08254372765364,91,30,4.162967590959979,Jun25-Sep25,Jun-Sep
2025-05-20,IDR,0,2025-06-18,2025-09-17,51.39950512033324,212.68760739448237,15088.854099557542,161.28810227414914,91,29,4.214346990768441,Jun25-Sep25,Jun-Sep
2025-05-21,IDR,0,2025-06-18,2025-09-17,50.55042807382135,214.8393193137407,15148.38161308079,164.28889123991934,91,28,4.276182520423171,Jun25-Sep25,Jun-Sep
2025-05-22,IDR,0,2025-06-18,2025-09-17,49.945930767262126,218.28221594581225,15170.856882865193,168.33628517855013,91,27,4.375234024890195,Jun25-Sep25,Jun-Sep
2025-05-23,IDR,0,2025-06-18,2025-09-17,47.583342408277105,214.12504083724696,15108.082589529786,166.54169842896985,91,26,4.34719452419975,Jun25-Sep25,Jun-Sep
2025-05-26,IDR,0,2025-06-18,2025-09-17,43.25897476411353,214.41404883082365,15086.623333484957,171.1550740667101,91,23,4.47522976394005,Jun25-Sep25,Jun-Sep
2025-05-27,IDR,0,2025-06-18,2025-09-17,40.763501635088204,209.37616748931669,15127.99669777879,168.61266585422848,91,22,4.397453113477585,Jun25-Sep25,Jun-Sep
2025-05-28,IDR,0,2025-06-18,2025-09-17,39.181576361483145,208.9684072612434,15131.099604693527,169.78683089976028,91,21,4.427631618560014,Jun25-Sep25,Jun-Sep
2025-05-29,IDR,0,2025-06-18,2025-09-17,36.9370426011471,205.00058643636635,15167.711195385558,168.06354383521926,91,20,4.372786245456018,Jun25-Sep25,Jun-Sep
2025-05-30,IDR,0,2025-06-18,2025-09-17,36.29964909617385,210.15586318837495,15120.96120091346,173.8562140922011,91,19,4.537645896485906,Jun25-Sep25,Jun-Sep
2025-06-02,IDR,0,2025-06-18,2025-09-17,30.019273303218032,200.7538902152706,15052.798162299146,170.73461691205256,91,16,4.478166312137887,Jun25-Sep25,Jun-Sep
2025-06-03,IDR,0,2025-06-18,2025-09-17,28.333035228607315,200.2201156154917,15143.550258670068,171.88708038688438,91,15,4.481927736420437,Jun25-Sep25,Jun-Sep
2025-06-04,IDR,0,2025-06-18,2025-09-17,26.4358969261811,198.26922694635826,15125.825467516263,171.83333002017716,91,14,4.48632841213034,Jun25-Sep25,Jun-Sep
2025-06-05,IDR,0,2025-06-18,2025-09-17,24.515633748209357,196.12506998567486,15057.010251131616,171.6094362374655,91,13,4.501497250407314,Jun25-Sep25,Jun-Sep
2025-06-06,IDR,0,2025-06-18,2025-09-17,22.449882687515235,192.6948264011724,15067.862040888123,170.24494371365716,91,12,4.463105097073935,Jun25-Sep25,Jun-Sep
2025-06-09,IDR,0,2025-06-18,2025-09-17,16.662711973208175,185.14124414675746,15083.179012758745,168.4785321735493,91,9,4.4140097034041545,Jun25-Sep25,Jun-Sep
2025-06-10,IDR,0,2025-06-18,2025-09-17,14.900529387039352,184.394051164612,15178.61425688845,169.49352177757265,91,8,4.413223877745983,Jun25-Sep25,Jun-Sep
2025-06-11,IDR,0,2025-06-18,2025-09-17,12.902462796588912,180.63447915224478,15263.77112079265,167.73201635565587,91,7,4.34358452386961,Jun25-Sep25,Jun-Sep
2025-06-12,IDR,0,2025-06-18,2025-09-17,12.880049461242084,178.48068539149742,15240.98631402418,165.60063593025532,91,6,4.294802244086472,Jun25-Sep25,Jun-Sep
2025-06-13,IDR,0,2025-06-18,2025-09-17,13.133565799354912,180.11747381972452,15322.756126024453,166.9839080203696,91,5,4.307514551521406,Jun25-Sep25,Jun-Sep
2025-06-16,IDR,0,2025-06-18,2025-09-17,13.18865608338187,175.2207165363591,15288.113428176082,162.03206045297725,91,2,4.189224877141354,Jun25-Sep25,Jun-Sep
2025-06-17,IDR,0,2025-06-18,2025-09-17,13.370099071030399,175.72130207639952,15417.944920044223,162.35120300536911,91,1,4.162111230379641,Jun25-Sep25,Jun-Sep
2025-06-18,IDR,0,2025-09-17,2025-12-17,179.6983888795078,359.3967777590156,15481.911556666722,179.6983888795078,91,91,4.539090985596786,Sep25-Dec25,Sep-Dec
2025-06-19,IDR,0,2025-09-17,2025-12-17,175.63455467513896,353.2206044022239,15397.304776451705,177.58604972708494,91,90,4.511275641434932,Sep25-Dec25,Sep-Dec
2025-06-20,IDR,0,2025-09-17,2025-12-17,171.72671813074942,347.31246363522354,15306.508430716623,175.58574550447412,91,89,4.487752774076268,Sep25-Dec25,Sep-Dec
2025-06-23,IDR,0,2025-09-17,2025-12-17,166.9199142904661,343.54447476061046,15314.81633296134,176.62456047014436,91,86,4.513282707944845,Sep25-Dec25,Sep-Dec
2025-06-24,IDR,0,2025-09-17,2025-12-17,162.23785839357973,335.9278009090592,15243.197448181962,173.6899425154795,91,85,4.460276737656933,Sep25-Dec25,Sep-Dec
2025-06-25,IDR,0,2025-09-17,2025-12-17,158.6024741332596,330.4218211109575,15189.333360376522,171.81934697769793,91,84,4.428770725078135,Sep25-Dec25,Sep-Dec
2025-06-26,IDR,0,2025-09-17,2025-12-17,157.02874844562882,329.19279794625805,15172.874078665096,172.16404950062923,91,83,4.442875830044532,Sep25-Dec25,Sep-Dec
2025-06-27,IDR,0,2025-09-17,2025-12-17,150.17472340147916,316.8320383958036,15159.202217173717,166.65731499432442,91,82,4.306534918259334,Sep25-Dec25,Sep-Dec
2025-06-30,IDR,0,2025-09-17,2025-12-17,141.34399364000848,304.1579609974866,15109.209093425976,162.81396735747813,91,79,4.223448211005234,Sep25-Dec25,Sep-Dec
2025-07-01,IDR,0,2025-09-17,2025-12-17,145.12624018650604,314.4401870707631,15042.91490644961,169.31394688425706,91,78,4.410136960906036,Sep25-Dec25,Sep-Dec
2025-07-02,IDR,0,2025-09-17,2025-12-17,138.0787290328168,301.26268152614574,15080.882650402496,163.18395249332895,91,77,4.241832756451589,Sep25-Dec25,Sep-Dec
2025-07-03,IDR,0,2025-09-17,2025-12-17,136.03365657936027,300.58269628888877,14999.7160897559,164.5490397095285,91,76,4.300832432653945,Sep25-Dec25,Sep-Dec
2025-07-04,IDR,0,2025-09-17,2025-12-17,134.93304630249813,300.2137525379764,15061.596960027015,165.28070623547828,91,75,4.302677905292915,Sep25-Dec25,Sep-Dec
2025-07-07,IDR,0,2025-09-17,2025-12-17,128.98326319795748,293.2252257828587,14990.515073651066,164.2419625849012,91,72,4.297420515793432,Sep25-Dec25,Sep-Dec
2025-07-08,IDR,0,2025-09-17,2025-12-17,127.09799957513073,291.1089824968113,14994.854258912164,164.01098292168055,91,71,4.2906805062023725,Sep25-Dec25,Sep-Dec
2025-07-09,IDR,0,2025-09-17,2025-12-17,124.21677885524218,286.69482953251764,14943.57248190934,162.47805067727546,91,70,4.26585678395019,Sep25-Dec25,Sep-Dec
2025-07-10,IDR,0,2025-09-17,2025-12-17,121.64536354582518,282.96420964156624,14985.072864793436,161.31884609574107,91,69,4.224507510147703,Sep25-Dec25,Sep-Dec
2025-07-11,IDR,0,2025-09-17,2025-12-17,116.91213535580418,274.1475473326433,15032.561137244116,157.2354119768391,91,68,4.105952662737742,Sep25-Dec25,Sep-Dec
2025-07-14,IDR,0,2025-09-17,2025-12-17,107.90749546575374,259.421523944844,14969.30041243065,151.51402847909026,91,65,3.9755116483248685,Sep25-Dec25,Sep-Dec
2025-07-15,IDR,0,2025-09-17,2025-12-17,106.73464017021668,258.8324840105188,15053.730672387135,152.09784384030212,91,64,3.9689135092268333,Sep25-Dec25,Sep-Dec
2025-07-16,IDR,0,2025-09-17,2025-12-17,105.14762720739063,257.2494498796709,14979.377658332982,152.1018226722803,91,63,3.9889985590911703,Sep25-Dec25,Sep-Dec
2025-07-17,IDR,0,2025-09-17,2025-12-17,107.82681854805364,266.1998893419817,15002.20455385046,158.37307079392806,91,62,4.146456179164009,Sep25-Dec25,Sep-Dec
2025-07-18,IDR,0,2025-09-17,2025-12-17,107.14244063661357,266.97788486500434,15003.815400888101,159.83544422839077,91,61,4.18448684545814,Sep25-Dec25,Sep-Dec
2025-07-21,IDR,0,2025-09-17,2025-12-17,101.3917712243364,260.4719640073469,15027.62412061603,159.08019278301052,91,58,4.159743367874713,Sep25-Dec25,Sep-Dec
2025-07-22,IDR,0,2025-09-17,2025-12-17,98.72201699974167,256.330851157224,15034.266271661594,157.60883415748233,91,57,4.120187393887156,Sep25-Dec25,Sep-Dec
2025-07-23,IDR,0,2025-09-17,2025-12-17,97.06187839972213,254.78743079927062,15086.852167330333,157.7255523995485,91,56,4.1094095791421275,Sep25-Dec25,Sep-Dec
2025-07-24,IDR,0,2025-09-17,2025-12-17,93.60633214749234,248.48226351879785,15083.501877444347,154.8759313713055,91,55,4.036974526220389,Sep25-Dec25,Sep-Dec
2025-07-25,IDR,0,2025-09-17,2025-12-17,91.39499447142948,245.41248515476437,15144.445837514359,154.01749068333487,91,54,3.9991226599303356,Sep25-Dec25,Sep-Dec
2025-07-28,IDR,0,2025-09-17,2025-12-17,85.74201398525226,238.73266639031021,15098.596714827032,152.99065240505797,91,51,3.9859341693280426,Sep25-Dec25,Sep-Dec
2025-07-29,IDR,0,2025-09-17,2025-12-17,87.86958629295465,247.79223334613212,15103.868400871908,159.92264705317746,91,50,4.164507193606143,Sep25-Dec25,Sep-Dec
2025-07-30,IDR,0,2025-09-17,2025-12-17,86.24710093362998,246.42028838179993,15043.971587988808,160.17318744816995,91,49,4.187990822555362,Sep25-Dec25,Sep-Dec
2025-07-31,IDR,0,2025-09-17,2025-12-17,84.70534472350869,245.29256076182722,15027.362014738756,160.58721603831853,91,48,4.20385954029336,Sep25-Dec25,Sep-Dec
2025-08-01,IDR,0,2025-09-17,2025-12-17,83.81356055860039,246.09087993801813,14942.571975068744,162.27731937941775,91,47,4.272326215854401,Sep25-Dec25,Sep-Dec
2025-08-04,IDR,0,2025-09-17,2025-12-17,79.21019931182325,244.473090302176,14972.506882774169,165.26289099035273,91,44,4.343605832445876,Sep25-Dec25,Sep-Dec
2025-08-05,IDR,0,2025-09-17,2025-12-17,78.51078749257526,245.99478441574692,14999.181768845736,167.48399692317167,91,43,4.394399549442112,Sep25-Dec25,Sep-Dec
2025-08-06,IDR,0,2025-09-17,2025-12-17,75.00380619323585,238.72226692701514,14852.626139883687,163.7184607337793,91,42,4.33878270976907,Sep25-Dec25,Sep-Dec
2025-08-07,IDR,0,2025-09-17,2025-12-17,74.2275641711683,240.07880369554616,14880.451035680382,165.85123952437786,91,41,4.387354695334829,Sep25-Dec25,Sep-Dec
2025-08-08,IDR,0,2025-09-17,2025-12-17,72.09775069935384,237.11627662179956,14942.146221235867,165.01852592244572,91,40,4.348008087060785,Sep25-Dec25,Sep-Dec
2025-08-11,IDR,0,2025-09-17,2025-12-17,70.11868112363945,243.24069005986382,15028.99564202731,173.12200893622438,91,37,4.535883777369877,Sep25-Dec25,Sep-Dec
2025-08-12,IDR,0,2025-09-17,2025-12-17,65.84349357869712,232.8411550111703,15118.421930697246,166.99766143247317,91,36,4.350886070044495,Sep25-Dec25,Sep-Dec
2025-08-13,IDR,0,2025-09-17,2025-12-17,62.90345895233176,226.90245456706475,15187.578930126396,163.998995614733,91,35,4.254207957799127,Sep25-Dec25,Sep-Dec
2025-08-14,IDR,0,2025-09-17,2025-12-17,59.99834058818176,220.92032350309833,15218.50444758901,160.92198291491655,91,34,4.1667331330252155,Sep25-Dec25,Sep-Dec
2025-08-15,IDR,0,2025-09-17,2025-12-17,57.01362890586614,214.45592850399134,15045.660622460284,157.4422995981252,91,33,4.124095159468082,Sep25-Dec25,Sep-Dec
2025-08-18,IDR,0,2025-09-17,2025-12-17,51.820033550968105,209.0074686555714,15014.183684578475,157.18743510460328,91,30,4.127440920934641,Sep25-Dec25,Sep-Dec
2025-08-19,IDR,0,2025-09-17,2025-12-17,52.10395459195664,215.6025707253378,15050.471358267945,163.49861613338118,91,29,4.282764354932582,Sep25-Dec25,Sep-Dec
2025-08-20,IDR,0,2025-09-17,2025-12-17,50.21570908657004,213.41676361792264,14933.65931041484,163.2010545313526,91,28,4.308835628690646,Sep25-Dec25,Sep-Dec
2025-08-21,IDR,0,2025-09-17,2025-12-17,47.91662979041595,209.41341908404013,15019.284647045992,161.49678929362418,91,27,4.24025925894901,Sep25-Dec25,Sep-Dec
2025-08-22,IDR,0,2025-09-17,2025-12-17,47.156769453216505,212.20546253947424,14861.838220069254,165.04869308625774,91,26,4.379503012749759,Sep25-Dec25,Sep-Dec
2025-08-25,IDR,0,2025-09-17,2025-12-17,42.39821723065863,210.1476854041341,14862.374026588866,167.74946817347546,91,23,4.4524281139045225,Sep25-Dec25,Sep-Dec
2025-08-26,IDR,0,2025-09-17,2025-12-17,40.88037184031545,209.97645536162025,14902.854046043285,169.09608352130482,91,22,4.476468334478751,Sep25-Dec25,Sep-Dec
2025-08-27,IDR,0,2025-09-17,2025-12-17,38.81071169372735,206.99046236654584,14832.063239664025,168.1797506728185,91,21,4.474024111524607,Sep25-Dec25,Sep-Dec
2025-08-28,IDR,0,2025-09-17,2025-12-17,38.219969269349704,212.12082944489083,14795.711275882719,173.90086017554114,91,20,4.637741913986095,Sep25-Dec25,Sep-Dec
2025-08-29,IDR,0,2025-09-17,2025-12-17,37.37707430156013,216.39358806166393,14816.467396845232,179.0165137601038,91,19,4.767770382060867,Sep25-Dec25,Sep-Dec
2025-09-01,IDR,0,2025-09-17,2025-12-17,31.113015211562647,209.7759420394127,14888.597955387648,178.66292682785007,91,16,4.737346408648643,Sep25-Dec25,Sep-Dec
2025-09-02,IDR,0,2025-09-17,2025-12-17,29.4844454949299,209.95981715963643,14908.541657825737,180.47537166470653,91,15,4.779537124588637,Sep25-Dec25,Sep-Dec
2025-09-03,IDR,0,2025-09-17,2025-12-17,27.418988642116275,207.14346990352007,14956.941766206794,179.7244812614038,91,14,4.744933464160229,Sep25-Dec25,Sep-Dec
2025-09-04,IDR,0,2025-09-17,2025-12-17,24.851653851156815,200.21064872613434,14995.369184979676,175.35899487497753,91,13,4.618626445355871,Sep25-Dec25,Sep-Dec
2025-09-05,IDR,0,2025-09-17,2025-12-17,23.260759684614506,200.9479174129172,15031.862644721428,177.6871577283027,91,12,4.669096277164778,Sep25-Dec25,Sep-Dec
2025-09-08,IDR,0,2025-09-17,2025-12-17,17.110346340537255,191.08327436681924,15008.882926503944,173.97292802628198,91,9,4.580359766814632,Sep25-Dec25,Sep-Dec
2025-09-09,IDR,0,2025-09-17,2025-12-17,15.328974388888865,190.55901270646805,15047.771604198011,175.2300383175792,91,8,4.602091915850747,Sep25-Dec25,Sep-Dec
2025-09-10,IDR,0,2025-09-17,2025-12-17,13.207501881204898,185.65864523796867,15018.54810049439,172.45114335676377,91,7,4.538553722105332,Sep25-Dec25,Sep-Dec
2025-09-11,IDR,0,2025-09-17,2025-12-17,13.14315620456284,182.77048256962198,14970.429695090947,169.62732636505913,91,6,4.478592428563285,Sep25-Dec25,Sep-Dec
2025-09-12,IDR,0,2025-09-17,2025-12-17,12.481066350261058,171.70192165090074,14871.026554528027,159.2208553006397,91,5,4.2320984967593045,Sep25-Dec25,Sep-Dec
2025-09-15,IDR,0,2025-09-17,2025-12-17,12.220181257925496,162.56708198861793,14873.858013497564,150.34690073069243,91,2,3.99553824831543,Sep25-Dec25,Sep-Dec
2025-09-16,IDR,0,2025-09-17,2025-12-17,12.3264432045104,162.1113917760746,14885.997521482766,149.7849485715642,91,1,3.9773322281579557,Sep25-Dec25,Sep-Dec
2025-09-17,IDR,0,2025-12-17,2026-03-18,158.49518552566212,320.286040894499,14830.514294286682,161.7908553688369,91,91,4.270140307717528,Dec25-Mar26,Dec-Mar
2025-09-18,IDR,0,2025-12-17,2026-03-18,152.78296299473047,310.5759019437071,14905.743644371325,157.79293894897663,91,90,4.145397612341151,Dec25-Mar26,Dec-Mar
2025-09-19,IDR,0,2025-12-17,2026-03-18,152.86479462463018,312.46778346350334,14863.636305422859,159.60298883887316,91,89,4.204684134845384,Dec25-Mar26,Dec-Mar
2025-09-22,IDR,0,2025-12-17,2026-03-18,148.69705970634473,309.346589763056,14882.816072082562,160.64953005671126,91,86,4.228028122319341,Dec25-Mar26,Dec-Mar
2025-09-23,IDR,0,2025-12-17,2026-03-18,145.94408581764392,305.49880596101093,14889.144853090722,159.554720143367,91,85,4.198215845920248,Dec25-Mar26,Dec-Mar
2025-09-24,IDR,0,2025-12-17,2026-03-18,143.3201548939251,301.8865899463148,14863.202627869014,158.56643505238972,91,84,4.180154164300995,Dec25-Mar26,Dec-Mar
2025-09-25,IDR,0,2025-12-17,2026-03-18,140.14305656823242,297.07461164364065,14763.303084021962,156.93155507540823,91,83,4.165668289817847,Dec25-Mar26,Dec-Mar
2025-09-26,IDR,0,2025-12-17,2026-03-18,141.5478707069551,301.90974321301746,14752.169515108662,160.36187250606235,91,82,4.25950486418982,Dec25-Mar26,Dec-Mar
2025-09-29,IDR,0,2025-12-17,2026-03-18,137.053723390433,298.19915307915386,14730.386404531335,161.14542968872087,91,79,4.287882767167995,Dec25-Mar26,Dec-Mar
2025-09-30,IDR,0,2025-12-17,2026-03-18,139.83801761856841,306.24886169213966,14699.205833586666,166.41084407357124,91,78,4.436462487196973,Dec25-Mar26,Dec-Mar
2025-10-01,IDR,0,2025-12-17,2026-03-18,139.7250754175949,308.129923212913,14738.459448994787,168.40484779531812,91,77,4.477810980204164,Dec25-Mar26,Dec-Mar
2025-10-02,IDR,0,2025-12-17,2026-03-18,135.6575762024973,297.76600187520114,14759.449981055548,162.10842567270385,91,76,4.305494640713823,Dec25-Mar26,Dec-Mar
2025-10-03,IDR,0,2025-12-17,2026-03-18,137.54634344327198,304.32843643471136,14704.563003682211,166.78209299143938,91,75,4.445441517266067,Dec25-Mar26,Dec-Mar
2025-10-06,IDR,0,2025-12-17,2026-03-18,130.27747561529628,295.49176803650545,14779.657766316888,165.21429242120917,91,72,4.3836206689004005,Dec25-Mar26,Dec-Mar
2025-10-07,IDR,0,2025-12-17,2026-03-18,129.73857976549448,296.8079597181783,14748.145936030003,167.06937995268385,91,71,4.44239105432044,Dec25-Mar26,Dec-Mar
2025-10-08,IDR,0,2025-12-17,2026-03-18,132.14418162442385,304.9561130555432,14871.706248896673,172.81193143111935,91,70,4.556507678053564,Dec25-Mar26,Dec-Mar
2025-10-09,IDR,0,2025-12-17,2026-03-18,133.55266984492775,310.9504481595918,14893.361969820788,177.39777831466407,91,69,4.670242864525658,Dec25-Mar26,Dec-Mar
2025-10-10,IDR,0,2025-12-17,2026-03-18,132.05590807375103,310.2816634518555,14892.776359188436,178.22575537810445,91,68,4.692690805681768,Dec25-Mar26,Dec-Mar
2025-10-13,IDR,0,2025-12-17,2026-03-18,124.85495602655466,301.9058123029624,14915.632759617967,177.05085627640773,91,65,4.656903307438242,Dec25-Mar26,Dec-Mar
2025-10-14,IDR,0,2025-12-17,2026-03-18,123.17051174904192,300.82396605466624,14966.397500765672,177.65345430562434,91,64,4.657554633725828,Dec25-Mar26,Dec-Mar
2025-10-15,IDR,0,2025-12-17,2026-03-18,122.37219912689947,301.90754050741015,14921.37305138034,179.53534138051066,91,63,4.7212292573267876,Dec25-Mar26,Dec-Mar
2025-10-16,IDR,0,2025-12-17,2026-03-18,121.54658618293266,302.9983947162074,14968.84954082101,181.45180853327471,91,62,4.75687532931464,Dec25-Mar26,Dec-Mar
2025-10-17,IDR,0,2025-12-17,2026-03-18,120.19071041481396,302.7985368539145,14881.187584701338,182.60782643910056,91,61,4.815588100634112,Dec25-Mar26,Dec-Mar
2025-10-20,IDR,0,2025-12-17,2026-03-18,112.13585284238872,291.3738194443034,14853.061105888795,179.2379666019147,91,58,4.738148628611366,Dec25-Mar26,Dec-Mar
2025-10-21,IDR,0,2025-12-17,2026-03-18,111.77303383500373,293.4922165706863,14735.316074886923,181.71918273568258,91,57,4.841952986841255,Dec25-Mar26,Dec-Mar
2025-10-22,IDR,0,2025-12-17,2026-03-18,107.35770081537271,285.10722567976086,14819.674677333716,177.74952486438815,91,56,4.710815356432197,Dec25-Mar26,Dec-Mar
2025-10-23,IDR,0,2025-12-17,2026-03-18,106.25338343587178,285.3758476423404,14946.352256572774,179.12246420646858,91,55,4.7075991948680525,Dec25-Mar26,Dec-Mar
2025-10-24,IDR,0,2025-12-17,2026-03-18,104.0343049196982,282.6701383238366,14934.438010911694,178.63583340413842,91,54,4.699222063449615,Dec25-Mar26,Dec-Mar
2025-10-27,IDR,0,2025-12-17,2026-03-18,100.12324124779414,282.0941832283652,14938.507717046274,181.97094198057104,91,51,4.786905451661696,Dec25-Mar26,Dec-Mar
2025-10-28,IDR,0,2025-12-17,2026-03-18,93.41025429732245,266.73854149245386,14947.309683020445,173.3282871951314,91,50,4.558919558554245,Dec25-Mar26,Dec-Mar
2025-10-29,IDR,0,2025-12-17,2026-03-18,88.34091726772985,255.7510725890659,15068.033208555738,167.41015532133605,91,49,4.369659442563894,Dec25-Mar26,Dec-Mar
2025-10-30,IDR,0,2025-12-17,2026-03-18,83.21041010166115,244.30389789319406,15031.883882101121,161.0934877915329,91,48,4.216268231052229,Dec25-Mar26,Dec-Mar
2025-10-31,IDR,0,2025-12-17,2026-03-18,82.65950883142071,246.05776887232065,15099.215578373665,163.39826004089994,91,47,4.257779064508811,Dec25-Mar26,Dec-Mar
2025-11-03,IDR,0,2025-12-17,2026-03-18,79.64378473740796,243.07451006720146,15019.454894967006,163.43072532979352,91,44,4.281971704985673,Dec25-Mar26,Dec-Mar
2025-11-04,IDR,0,2025-12-17,2026-03-18,79.42600552197446,246.49053528567725,15004.511763163007,167.0645297637028,91,43,4.381578824947936,Dec25-Mar26,Dec-Mar
2025-11-05,IDR,0,2025-12-17,2026-03-18,79.03344443439174,249.52403035025998,14917.406433040982,170.49058591586822,91,42,4.497522461900542,Dec25-Mar26,Dec-Mar
2025-11-06,IDR,0,2025-12-17,2026-03-18,81.49162125026214,261.8869293713449,15052.05062386851,180.39530812108273,91,41,4.715695485115335,Dec25-Mar26,Dec-Mar
2025-11-07,IDR,0,2025-12-17,2026-03-18,78.37725857179048,256.4967220374573,15050.040016762656,178.1194634656668,91,40,4.657780216348211,Dec25-Mar26,Dec-Mar
2025-11-10,IDR,0,2025-12-17,2026-03-18,72.02376693595595,249.89381219737825,15022.028877842884,177.87004526142232,91,37,4.661847510920912,Dec25-Mar26,Dec-Mar
2025-11-11,IDR,0,2025-12-17,2026-03-18,72.15648975924188,255.61786416956522,15119.95209024863,183.46137441032334,91,36,4.7773569915013026,Dec25-Mar26,Dec-Mar
2025-11-12,IDR,0,2025-12-17,2026-03-18,73.07286279625147,264.48046602336626,15217.947229391635,191.4076032271148,91,35,4.952036471879013,Dec25-Mar26,Dec-Mar
2025-11-13,IDR,0,2025-12-17,2026-03-18,69.37242484022934,256.81089012062,15112.623990255724,187.43846528039066,91,34,4.884171932522254,Dec25-Mar26,Dec-Mar
2025-11-14,IDR,0,2025-12-17,2026-03-18,66.00271783460109,250.15851153012852,15191.543357937022,184.15579369552745,91,33,4.774872780994197,Dec25-Mar26,Dec-Mar
2025-11-17,IDR,0,2025-12-17,2026-03-18,59.11872453438002,241.80529956769934,15118.99775564973,182.68657503331931,91,30,4.761566574841366,Dec25-Mar26,Dec-Mar
2025-11-18,IDR,0,2025-12-17,2026-03-18,56.786459632170434,238.34757098394311,15161.028001122255,181.5611113517727,91,29,4.7198875966594755,Dec25-Mar26,Dec-Mar
2025-11-19,IDR,0,2025-12-17,2026-03-18,54.42747160987865,234.68099743529964,15139.093919919016,180.25352582542098,91,28,4.693387747457004,Dec25-Mar26,Dec-Mar
2025-11-20,IDR,0,2025-12-17,2026-03-18,51.66467506421764,229.1423605028714,15068.679333307693,177.47768543865377,91,27,4.643475865519369,Dec25-Mar26,Dec-Mar
2025-11-21,IDR,0,2025-12-17,2026-03-18,50.20209734124953,229.2431425800101,15001.670449742565,179.04104523876057,91,26,4.705688562568997,Dec25-Mar26,Dec-Mar
2025-11-24,IDR,0,2025-12-17,2026-03-18,43.45249806623612,218.68567955520527,14905.927216722122,175.23318148896914,91,23,4.637183493586855,Dec25-Mar26,Dec-Mar
2025-11-25,IDR,0,2025-12-17,2026-03-18,43.31262712539117,225.79831118795133,14980.087015716997,182.48568406256015,91,22,4.805313076019932,Dec25-Mar26,Dec-Mar
2025-11-26,IDR,0,2025-12-17,2026-03-18,40.83212102191884,221.13242150142747,15124.992230371558,180.30030047950862,91,21,4.703179315929076,Dec25-Mar26,Dec-Mar
2025-11-27,IDR,0,2025-12-17,2026-03-18,38.920898558351496,219.3562353880226,15053.617751273207,180.43533682967112,91,20,4.729556374067902,Dec25-Mar26,Dec-Mar
2025-11-28,IDR,0,2025-12-17,2026-03-18,36.73077265597872,215.98006186754796,14976.99078767812,179.24928921156925,91,19,4.723133197594826,Dec25-Mar26,Dec-Mar
2025-12-01,IDR,0,2025-12-17,2026-03-18,30.6256094780929,208.1216971991987,14908.202165035782,177.4960877211058,91,16,4.700384365153992,Dec25-Mar26,Dec-Mar
2025-12-02,IDR,0,2025-12-17,2026-03-18,28.788111355655616,205.28389874370646,14893.617737606872,176.49578738805084,91,15,4.679038353673127,Dec25-Mar26,Dec-Mar
2025-12-03,IDR,0,2025-12-17,2026-03-18,26.303339242334996,200.58206757626127,14881.604664369628,174.27872833392627,91,14,4.624755597669466,Dec25-Mar26,Dec-Mar
2025-12-04,IDR,0,2025-12-17,2026-03-18,24.276015264095463,197.51407559838177,14876.790685281321,173.2380603342863,91,13,4.599250478605957,Dec25-Mar26,Dec-Mar
2025-12-05,IDR,0,2025-12-17,2026-03-18,22.618573638857928,197.45493773583635,14904.813010376158,174.83636409697843,91,12,4.633485255582843,Dec25-Mar26,Dec-Mar
2025-12-08,IDR,0,2025-12-17,2026-03-18,17.44247292723018,197.096038621296,14808.527434322876,179.65356569406583,91,9,4.793732937486923,Dec25-Mar26,Dec-Mar
2025-12-09,IDR,0,2025-12-17,2026-03-18,15.726418145848106,197.8856862280393,14720.6775292605,182.1592680821912,91,8,4.890135165307886,Dec25-Mar26,Dec-Mar
2025-12-10,IDR,0,2025-12-17,2026-03-18,13.667506979978015,194.61752526797707,14725.92396728169,180.95001828799906,91,7,4.856621891076811,Dec25-Mar26,Dec-Mar
2025-12-11,IDR,0,2025-12-17,2026-03-18,13.759722929725003,193.92141107836053,14629.341449056246,180.16168814863553,91,6,4.867326593868163,Dec25-Mar26,Dec-Mar
2025-12-12,IDR,0,2025-12-17,2026-03-18,13.311038420333087,185.80074889219773,14622.141788619263,172.48971047186464,91,5,4.6624924056416575,Dec25-Mar26,Dec-Mar
2025-12-15,IDR,0,2025-12-17,2026-03-18,13.18031243720915,178.35865826019102,14619.568603426858,165.17834582298187,91,2,4.465687209010334,Dec25-Mar26,Dec-Mar
2025-12-16,IDR,0,2025-12-17,2026-03-18,12.96907856344666,173.71146212802734,14673.218823706344,160.74238356458068,91,1,4.329945518962599,Dec25-Mar26,Dec-Mar
2025-12-17,IDR,0,2026-03-18,2026-06-17,167.19601150919723,331.1314021583319,14672.793870281617,163.9353906491347,91,91,4.370189040054416,Mar26-Jun26,Mar-Jun
2025-12-18,IDR,0,2026-03-18,2026-06-17,169.09354476952174,336.7789170075181,14628.910183853146,167.68537223799635,91,90,4.482839141849894,Mar26-Jun26,Mar-Jun
2025-12-19,IDR,0,2026-03-18,2026-06-17,166.30231990888058,333.0260293487678,14592.905186942415,166.72370943988722,91,89,4.46884646586022,Mar26-Jun26,Mar-Jun
2025-12-22,IDR,0,2026-03-18,2026-06-17,162.75942931173924,331.545216442283,14614.13938062426,168.78578713054375,91,86,4.5187018036214806,Mar26-Jun26,Mar-Jun
2025-12-23,IDR,0,2026-03-18,2026-06-17,167.6675480731477,343.7047109001539,14567.540160704715,176.03716282700617,91,85,4.7261685603932095,Mar26-Jun26,Mar-Jun
2025-12-24,IDR,0,2026-03-18,2026-06-17,165.94501273082062,342.2268907336246,14504.756353968538,176.28187800280398,91,84,4.753548181520706,Mar26-Jun26,Mar-Jun
2025-12-25,IDR,0,2026-03-18,2026-06-17,162.49310108363272,337.11258169717627,14511.526204275367,174.61948061354354,91,83,4.7076559360696795,Mar26-Jun26,Mar-Jun
2025-12-26,IDR,0,2026-03-18,2026-06-17,159.6389672652815,333.2153709451198,14532.572937060131,173.57640367983828,91,82,4.673740667239501,Mar26-Jun26,Mar-Jun
2025-12-29,IDR,0,2026-03-18,2026-06-17,152.71940409410493,324.9281731733966,14487.67658074501,172.20876907929167,91,79,4.653326732414844,Mar26-Jun26,Mar-Jun
2025-12-30,IDR,0,2026-03-18,2026-06-17,146.96340632316515,314.6599243313503,14505.901851243392,167.69651800818514,91,78,4.527543145005857,Mar26-Jun26,Mar-Jun
2025-12-31,IDR,0,2026-03-18,2026-06-17,141.9297593201351,305.835702229716,14580.518938742378,163.9059429095809,91,77,4.404288499184704,Mar26-Jun26,Mar-Jun
2026-01-01,IDR,0,2026-03-18,2026-06-17,138.09432959574713,303.4441189801285,14693.69023690205,165.34978938438138,91,76,4.410332633908233,Mar26-Jun26,Mar-Jun
2026-01-02,IDR,0,2026-03-18,2026-06-17,130.59681000632028,289.05427281398886,14654.420928326794,158.45746280766858,91,75,4.239864294549099,Mar26-Jun26,Mar-Jun
2026-01-05,IDR,0,2026-03-18,2026-06-17,128.9358157648207,291.89636068980235,14599.70706436227,162.96054492498166,91,72,4.377043316692465,Mar26-Jun26,Mar-Jun
2026-01-06,IDR,0,2026-03-18,2026-06-17,128.8985055797877,294.1064493510649,14599.540300213164,165.2079437712772,91,71,4.437468872734516,Mar26-Jun26,Mar-Jun
2026-01-07,IDR,0,2026-03-18,2026-06-17,128.3260816220997,295.14998773082937,14570.47564738764,166.82390610872966,91,70,4.489908209201685,Mar26-Jun26,Mar-Jun
2026-01-08,IDR,0,2026-03-18,2026-06-17,129.3229434590773,299.8792891804691,14447.622358452247,170.55634572139178,91,69,4.628736588368669,Mar26-Jun26,Mar-Jun
2026-01-09,IDR,0,2026-03-18,2026-06-17,133.05402902321106,311.11162668662587,14477.583531962331,178.0575976634148,91,68,4.821170055884574,Mar26-Jun26,Mar-Jun
2026-01-12,IDR,0,2026-03-18,2026-06-17,127.88275983467655,306.9186236032237,14484.558334242793,179.03586376854713,91,65,4.847059722716305,Mar26-Jun26,Mar-Jun
2026-01-13,IDR,0,2026-03-18,2026-06-17,126.60042152253673,306.61039587489364,14403.253113452203,180.0099743523569,91,64,4.90113248113695,Mar26-Jun26,Mar-Jun
2026-01-14,IDR,0,2026-03-18,2026-06-17,123.89801491908246,302.861814246646,14290.269256913345,178.96379932756355,91,63,4.911755520306678,Mar26-Jun26,Mar-Jun
2026-01-15,IDR,0,2026-03-18,2026-06-17,125.68488348102197,310.1578576225219,14335.120799570024,184.4729741414999,91,62,5.046628869795836,Mar26-Jun26,Mar-Jun
2026-01-16,IDR,0,2026-03-18,2026-06-17,125.49137301271587,312.69981472021004,14182.286608146163,187.20844170749416,91,61,5.176239282665737,Mar26-Jun26,Mar-Jun
2026-01-19,IDR,0,2026-03-18,2026-06-17,119.44573308776802,306.85196948409373,14261.44371602363,187.4062363963257,91,58,5.155364773814074,Mar26-Jun26,Mar-Jun
2026-01-20,IDR,0,2026-03-18,2026-06-17,116.06397326487752,301.35908847722584,14208.921265080342,185.29511521234832,91,57,5.117182380461245,Mar26-Jun26,Mar-Jun
2026-01-21,IDR,0,2026-03-18,2026-06-17,111.1705913841486,291.82280238339,14105.556099808502,180.65221099924142,91,56,5.026952427187573,Mar26-Jun26,Mar-Jun
2026-01-22,IDR,0,2026-03-18,2026-06-17,109.45828215739505,290.56198536326684,14171.082383734518,181.1037032058718,91,55,5.01699639563349,Mar26-Jun26,Mar-Jun
2026-01-23,IDR,0,2026-03-18,2026-06-17,106.83836287861783,286.88078921110343,14155.987566403679,180.0424263324856,91,54,4.993791244845944,Mar26-Jun26,Mar-Jun
2026-01-26,IDR,0,2026-03-18,2026-06-17,103.01840014396902,286.83554549889413,14209.708089654852,183.81714535492512,91,51,5.080714058337546,Mar26-Jun26,Mar-Jun
2026-01-27,IDR,0,2026-03-18,2026-06-17,99.42182487085236,280.3695461358036,14180.173215474182,180.94772126495124,91,50,5.013007281002255,Mar26-Jun26,Mar-Jun
2026-01-28,IDR,0,2026-03-18,2026-06-17,91.63706552649211,261.8201872185489,14210.691919861814,170.18312169205677,91,49,4.707288656822049,Mar26-Jun26,Mar-Jun
2026-01-29,IDR,0,2026-03-18,2026-06-17,88.88164164274221,257.386420590441,14089.63203479849,168.50477894769878,91,48,4.7015669451177935,Mar26-Jun26,Mar-Jun
2026-01-30,IDR,0,2026-03-18,2026-06-17,88.25298637507439,259.1257897821333,14052.079104997427,170.87280340705894,91,47,4.7805123444251265,Mar26-Jun26,Mar-Jun
2026-02-02,IDR,0,2026-03-18,2026-06-17,82.68706615936247,253.69895298895307,14187.313110281786,171.0118868295906,91,44,4.740928752199851,Mar26-Jun26,Mar-Jun
2026-02-03,IDR,0,2026-03-18,2026-06-17,80.84100640453454,251.92313623738667,14204.920262782818,171.08212983285213,91,43,4.737643398620775,Mar26-Jun26,Mar-Jun
2026-02-04,IDR,0,2026-03-18,2026-06-17,79.96511222370347,253.222855375061,14177.437447530576,173.25774315135752,91,42,4.807434206610224,Mar26-Jun26,Mar-Jun
2026-02-05,IDR,0,2026-03-18,2026-06-17,76.86926761515664,247.4815445170897,14162.945876114298,170.61227690193306,91,41,4.739876606909486,Mar26-Jun26,Mar-Jun
2026-02-06,IDR,0,2026-03-18,2026-06-17,75.03488588720313,245.73925128059025,14181.510807382501,170.70436539338712,91,40,4.736869558126059,Mar26-Jun26,Mar-Jun
2026-02-09,IDR,0,2026-03-18,2026-06-17,69.54290758532201,240.5808694843572,14145.550751358995,171.0379618990352,91,37,4.759966495183847,Mar26-Jun26,Mar-Jun
2026-02-10,IDR,0,2026-03-18,2026-06-17,69.01752072767438,243.47847590040683,14162.664283386033,174.46095517273244,91,36,4.849568847704614,Mar26-Jun26,Mar-Jun
2026-02-11,IDR,0,2026-03-18,2026-06-17,66.43674278495489,239.1722740258376,14130.406729864791,172.73553124088272,91,35,4.813389368390277,Mar26-Jun26,Mar-Jun
2026-02-12,IDR,0,2026-03-18,2026-06-17,64.75741783572737,238.07874204311537,14128.176464603148,173.321324207388,91,34,4.831043269584719,Mar26-Jun26,Mar-Jun
2026-02-13,IDR,0,2026-03-18,2026-06-17,62.63313068478113,235.34873348220785,14090.16462341825,172.71560279742673,91,33,4.827812340942728,Mar26-Jun26,Mar-Jun
2026-02-16,IDR,0,2026-03-18,2026-06-17,57.2009349859901,230.71043777682675,14157.983275023878,173.50950279083665,91,30,4.828718430173626,Mar26-Jun26,Mar-Jun
2026-02-17,IDR,0,2026-03-18,2026-06-17,56.69725376411404,234.6093259204719,14093.302430279324,177.91207215635785,91,29,4.974049423867536,Mar26-Jun26,Mar-Jun
2026-02-18,IDR,0,2026-03-18,2026-06-17,54.97954995303676,233.66308730040623,14030.118999954033,178.68353734736948,91,28,5.0186367206658655,Mar26-Jun26,Mar-Jun
2026-02-19,IDR,0,2026-03-18,2026-06-17,52.211347535804975,228.18292626759214,13998.782825411137,175.97157873178716,91,27,4.954462950513034,Mar26-Jun26,Mar-Jun
2026-02-20,IDR,0,2026-03-18,2026-06-17,50.282307728451286,226.2703847780308,14117.305341282707,175.98807704957952,91,26,4.914150424164674,Mar26-Jun26,Mar-Jun
2026-02-23,IDR,0,2026-03-18,2026-06-17,44.24580785786346,219.30530851288847,14165.860880564973,175.059500655025,91,23,4.873595214303381,Mar26-Jun26,Mar-Jun
2026-02-24,IDR,0,2026-03-18,2026-06-17,42.672496937786676,219.18146154408612,14191.53881669587,176.50896460629946,91,22,4.905626361957296,Mar26-Jun26,Mar-Jun
2026-02-25,IDR,0,2026-03-18,2026-06-17,41.40234245652087,220.81249310144466,14252.68670563179,179.4101506449238,91,21,4.965370229078826,Mar26-Jun26,Mar-Jun
2026-02-26,IDR,0,2026-03-18,2026-06-17,39.971459499032505,221.8416002196304,14260.767528474536,181.8701407205979,91,20,5.0311125291332255,Mar26-Jun26,Mar-Jun
2026-02-27,IDR,0,2026-03-18,2026-06-17,38.22680113319311,221.31305919217067,14250.908994078045,183.08625805897756,91,19,5.068866970049138,Mar26-Jun26,Mar-Jun
2026-03-02,IDR,0,2026-03-18,2026-06-17,31.5065551603872,210.7000876350894,14200.326876094656,179.1935324747022,91,16,4.981069336800155,Mar26-Jun26,Mar-Jun
2026-03-03,IDR,0,2026-03-18,2026-06-17,29.925321059786825,211.47226882249356,14312.718095829106,181.54694776270674,91,15,5.007498858886628,Mar26-Jun26,Mar-Jun
2026-03-04,IDR,0,2026-03-18,2026-06-17,27.804768015187904,208.53576011390928,14308.337044145315,180.73099209872137,91,14,4.987253602329016,Mar26-Jun26,Mar-Jun
2026-03-05,IDR,0,2026-03-18,2026-06-17,26.142882103883867,209.14305683107094,14264.609643858514,183.00017472718707,91,13,5.065910517093107,Mar26-Jun26,Mar-Jun
2026-03-06,IDR,0,2026-03-18,2026-06-17,23.51947639673859,201.87550573867287,14291.542135967255,178.3560293419343,91,12,4.92896440831763,Mar26-Jun26,Mar-Jun
2026-03-09,IDR,0,2026-03-18,2026-06-17,17.26808991276786,191.86766569742065,14259.22171274581,174.59957578465279,91,9,4.838189261215238,Mar26-Jun26,Mar-Jun
2026-03-10,IDR,0,2026-03-18,2026-06-17,15.128267757924046,187.21231350431006,14364.913840680802,172.084045746386,91,8,4.734145032211556,Mar26-Jun26,Mar-Jun
2026-03-11,IDR,0,2026-03-18,2026-06-17,13.263765806608422,185.69272129251792,14369.134958120123,172.42895548590948,91,7,4.742856461503859,Mar26-Jun26,Mar-Jun
2026-03-12,IDR,0,2026-03-18,2026-06-17,13.02480682061488,180.48660879994907,14337.749680594545,167.46180197933418,91,6,4.61637976521434,Mar26-Jun26,Mar-Jun
2026-03-13,IDR,0,2026-03-18,2026-06-17,13.0252343339037,178.6317851506793,14306.850577962647,165.60655081677558,91,5,4.5750871238521285,Mar26-Jun26,Mar-Jun
2026-03-16,IDR,0,2026-03-18,2026-06-17,13.112432699599056,174.20803443753033,14321.772833340612,161.09560173793128,91,2,4.445806644231652,Mar26-Jun26,Mar-Jun
2026-03-17,IDR,0,2026-03-18,2026-06-17,13.465190793617028,176.9710790018238,14276.488831618639,163.50588820820676,91,1,4.526511980438673,Mar26-Jun26,Mar-Jun
2026-03-18,IDR,0,2026-06-17,2026-09-16,183.4572732759109,366.9145465518218,14388.288899913543,183.4572732759109,91,91,4.9806318920844515,Jun26-Sep26,Jun-Sep
2026-03-19,IDR,0,2026-06-17,2026-09-16,177.545024412295,357.06277131805996,14214.500943353323,179.51774690576497,91,90,4.934531888237443,Jun26-Sep26,Jun-Sep
2026-03-20,IDR,0,2026-06-17,2026-09-16,172.187976980854,348.2453467028507,14232.590744621251,176.05736972199674,91,89,4.835136359027923,Jun26-Sep26,Jun-Sep
2026-03-23,IDR,0,2026-06-17,2026-09-16,163.16964753867475,335.82590249238876,14214.011557436595,172.656254953714,91,86,4.750832059113631,Jun26-Sep26,Jun-Sep
2026-03-24,IDR,0,2026-06-17,2026-09-16,163.24244391403442,338.00788386905947,14261.132541552297,174.76543995502504,91,85,4.793134975734195,Jun26-Sep26,Jun-Sep
2026-03-25,IDR,0,2026-06-17,2026-09-16,157.0889627813919,327.26867246123317,14238.975104726738,170.17970967984127,91,84,4.6765449831509445,Jun26-Sep26,Jun-Sep
2026-03-26,IDR,0,2026-06-17,2026-09-16,150.32063248902546,315.13000063964375,14256.809890209937,164.8093681506183,91,83,4.525488984391679,Jun26-Sep26,Jun-Sep
2026-03-27,IDR,0,2026-06-17,2026-09-16,148.85049710504285,314.03824389234654,14301.691097446144,165.1877467873037,91,82,4.522252560671097,Jun26-Sep26,Jun-Sep
2026-03-30,IDR,0,2026-06-17,2026-09-16,143.37186948774263,308.5217444672943,14240.126202890828,165.14987497955167,91,79,4.542289792556935,Jun26-Sep26,Jun-Sep
2026-03-31,IDR,0,2026-06-17,2026-09-16,145.0925272565626,314.36714238921894,14180.589520487585,169.27461513265635,91,78,4.674526601074964,Jun26-Sep26,Jun-Sep
2026-04-01,IDR,0,2026-06-17,2026-09-16,139.6676952985064,304.72951701492303,14116.951376938257,165.06182171641663,91,77,4.58027123307561,Jun26-Sep26,Jun-Sep
2026-04-02,IDR,0,2026-06-17,2026-09-16,136.08414226270213,299.02699681409547,14159.752530379805,162.94285455139334,91,76,4.50906868684469,Jun26-Sep26,Jun-Sep
2026-04-03,IDR,0,2026-06-17,2026-09-16,133.99142165902148,296.5676799386342,14135.34447529788,162.57625827961274,91,75,4.507279305832711,Jun26-Sep26,Jun-Sep
2026-04-06,IDR,0,2026-06-17,2026-09-16,122.35227915914083,276.99196531861054,14047.077496051501,154.6396861594697,91,72,4.317473642206634,Jun26-Sep26,Jun-Sep
2026-04-07,IDR,0,2026-06-17,2026-09-16,123.10647492388937,280.89083010802926,14075.236823895913,157.78435518413988,91,71,4.396300551039656,Jun26-Sep26,Jun-Sep
2026-04-08,IDR,0,2026-06-17,2026-09-16,121.27677593043148,278.9365846399924,14074.51991820861,157.65980870956093,91,70,4.393618384334919,Jun26-Sep26,Jun-Sep
2026-04-09,IDR,0,2026-06-17,2026-09-16,124.89578680393444,289.61341867579,14029.317058782877,164.71763187185556,91,69,4.603789692365024,Jun26-Sep26,Jun-Sep
2026-04-10,IDR,0,2026-06-17,2026-09-16,120.10149757886536,280.8255605152881,13934.446009059026,160.72406293642274,91,68,4.524026529279327,Jun26-Sep26,Jun-Sep
2026-04-13,IDR,0,2026-06-17,2026-09-16,112.77691553991518,270.6645972957964,13895.606145014468,157.8876817558812,91,65,4.458834445375459,Jun26-Sep26,Jun-Sep
2026-04-14,IDR,0,2026-06-17,2026-09-16,116.13462230758698,281.2635384011872,13876.152912011561,165.1289160936002,91,64,4.668695157085033,Jun26-Sep26,Jun-Sep
2026-04-15,IDR,0,2026-06-17,2026-09-16,115.8585701505577,283.20983814580774,13963.32292082901,167.35126799525005,91,63,4.702325719098583,Jun26-Sep26,Jun-Sep
2026-04-16,IDR,0,2026-06-17,2026-09-16,114.13903720898672,281.6656885963705,13980.909527982516,167.52665138738377,91,62,4.701954687364631,Jun26-Sep26,Jun-Sep
2026-04-17,IDR,0,2026-06-17,2026-09-16,113.51538773361368,282.85801533621765,13982.073262858197,169.34262760260395,91,61,4.7527414075023895,Jun26-Sep26,Jun-Sep
2026-04-20,IDR,0,2026-06-17,2026-09-16,107.16057707695015,275.29182731837193,14009.049011684216,168.13125024142178,91,58,4.7118499633871185,Jun26-Sep26,Jun-Sep
2026-04-21,IDR,0,2026-06-17,2026-09-16,100.35352317271449,260.5670426238903,14034.068082417278,160.2135194511758,91,57,4.484171641312048,Jun26-Sep26,Jun-Sep
2026-04-22,IDR,0,2026-06-17,2026-09-16,97.14004480549988,254.9926176144372,14096.305777910398,157.8525728089373,91,56,4.399718887201743,Jun26-Sep26,Jun-Sep
2026-04-23,IDR,0,2026-06-17,2026-09-16,95.1455143088526,252.56809252895417,14110.224765241133,157.42257822010157,91,55,4.384050727695746,Jun26-Sep26,Jun-Sep
2026-04-24,IDR,0,2026-06-17,2026-09-16,89.92684728457328,241.47023807894675,14055.829443119103,151.54339079437347,91,54,4.2381071957050045,Jun26-Sep26,Jun-Sep
2026-04-27,IDR,0,2026-06-17,2026-09-16,84.80419389813065,236.12148104969708,13997.142549910524,151.31728715156643,91,51,4.250959403351706,Jun26-Sep26,Jun-Sep
2026-04-28,IDR,0,2026-06-17,2026-09-16,84.48240925236522,238.24039409166994,14014.625984985829,153.75798483930473,91,50,4.314268176458678,Jun26-Sep26,Jun-Sep
2026-04-29,IDR,0,2026-06-17,2026-09-16,81.68892348576875,233.39692424505358,13949.508962635009,151.70800075928483,91,49,4.277350546676734,Jun26-Sep26,Jun-Sep
2026-04-30,IDR,0,2026-06-17,2026-09-16,81.91342553326636,237.2076281067505,13991.061622868905,155.29420257348414,91,48,4.365464227617296,Jun26-Sep26,Jun-Sep
2026-05-01,IDR,0,2026-06-17,2026-09-16,81.40602860821245,239.02195633900675,14015.556861390358,157.61592773079428,91,47,4.423190605957076,Jun26-Sep26,Jun-Sep
2026-05-04,IDR,0,2026-06-17,2026-09-16,75.92461934905255,232.95053663913848,13947.086904722491,157.02591729008594,91,44,4.4298717858953385,Jun26-Sep26,Jun-Sep
2026-05-05,IDR,0,2026-06-17,2026-09-16,72.54032301562442,226.05589032775984,13950.560306123567,153.51556731213543,91,43,4.330813479023784,Jun26-Sep26,Jun-Sep
2026-05-06,IDR,0,2026-06-17,2026-09-16,69.78855776090775,220.99709957620786,14057.007049938507,151.20854181530012,91,42,4.234418438280567,Jun26-Sep26,Jun-Sep
2026-05-07,IDR,0,2026-06-17,2026-09-16,65.3780182205475,210.48532695395784,14125.45117784103,145.10730873341032,91,41,4.045224445742249,Jun26-Sep26,Jun-Sep
2026-05-08,IDR,0,2026-06-17,2026-09-16,65.28790723316574,213.8178961886178,14062.280728064134,148.52998895545204,91,40,4.1591811037492565,Jun26-Sep26,Jun-Sep
2026-05-11,IDR,0,2026-06-17,2026-09-16,61.29944690847047,212.0629514671411,14027.61157154477,150.7635045586706,91,37,4.233308381465132,Jun26-Sep26,Jun-Sep
2026-05-12,IDR,0,2026-06-17,2026-09-16,59.2018640205476,208.85102029470966,14117.810887322314,149.64915627416207,91,36,4.175905394099308,Jun26-Sep26,Jun-Sep
2026-05-13,IDR,0,2026-06-17,2026-09-16,59.28982511356789,213.44337040884437,14108.236162985433,154.15354529527647,91,35,4.304479142515061,Jun26-Sep26,Jun-Sep
2026-05-14,IDR,0,2026-06-17,2026-09-16,58.29448271991441,214.3179511761559,14096.160815816445,156.0234684562415,91,34,4.360716723950182,Jun26-Sep26,Jun-Sep
2026-05-15,IDR,0,2026-06-17,2026-09-16,56.95078638362001,213.9968942899661,14047.966464069184,157.0461079063461,91,33,4.404714291983438,Jun26-Sep26,Jun-Sep
2026-05-18,IDR,0,2026-06-17,2026-09-16,52.99143465859003,213.73211978964645,14056.568092486172,160.7406851310564,91,30,4.506853773001937,Jun26-Sep26,Jun-Sep
2026-05-19,IDR,0,2026-06-17,2026-09-16,49.86296449633264,206.32950826068677,14025.794821097108,156.46654376435413,91,29,4.397581514205349,Jun26-Sep26,Jun-Sep
2026-05-20,IDR,0,2026-06-17,2026-09-16,49.06190668851387,208.51310342618396,14006.349206741637,159.4511967376701,91,28,4.487922395491468,Jun26-Sep26,Jun-Sep
2026-05-21,IDR,0,2026-06-17,2026-09-16,49.341870999213846,215.6422510336012,14043.309083452823,166.30038003438736,91,27,4.668331142587543,Jun26-Sep26,Jun-Sep
2026-05-22,IDR,0,2026-06-17,2026-09-16,45.88180289719438,206.46811303737468,14056.557990425195,160.5863101401803,91,26,4.504798538152728,Jun26-Sep26,Jun-Sep
2026-05-25,IDR,0,2026-06-17,2026-09-16,40.01207887954395,198.32073879426133,13919.641623895694,158.3086599147174,91,23,4.4863291782125705,Jun26-Sep26,Jun-Sep
2026-05-26,IDR,0,2026-06-17,2026-09-16,37.75504440506852,193.92363717148828,13877.544607058917,156.16859276641975,91,22,4.43978809664001,Jun26-Sep26,Jun-Sep
2026-05-27,IDR,0,2026-06-17,2026-09-16,36.45254517331813,194.41357425769667,13827.768752457705,157.96102908437854,91,21,4.507290824234856,Jun26-Sep26,Jun-Sep
2026-05-28,IDR,0,2026-06-17,2026-09-16,35.09172275184177,194.75906127272185,13851.376079591682,159.6673385208801,91,20,4.5486801865233675,Jun26-Sep26,Jun-Sep
2026-05-29,IDR,0,2026-06-17,2026-09-16,33.204405874435665,192.23603400989066,13903.020755730116,159.03162813545498,91,19,4.514393991268318,Jun26-Sep26,Jun-Sep
2026-06-01,IDR,0,2026-06-17,2026-09-16,27.86637158635349,186.35635998373897,13918.547797904555,158.48998839738547,91,16,4.495731684668896,Jun26-Sep26,Jun-Sep
2026-06-02,IDR,0,2026-06-17,2026-09-16,25.28340531799068,178.6693975804675,13971.995035628403,153.3859922624768,91,15,4.335140793203737,Jun26-Sep26,Jun-Sep
2026-06-03,IDR,0,2026-06-17,2026-09-16,23.958250918128932,179.68688188596695,13960.796171884538,155.72863096783803,91,14,4.405292296865724,Jun26-Sep26,Jun-Sep
2026-06-04,IDR,0,2026-06-17,2026-09-16,22.97421720286289,183.79373762290314,13986.853305860835,160.81952042004025,91,13,4.54116291384905,Jun26-Sep26,Jun-Sep
2026-06-05,IDR,0,2026-06-17,2026-09-16,20.72872896561922,177.92159028823164,14040.060914263611,157.19286132261243,91,12,4.422666754480769,Jun26-Sep26,Jun-Sep
2026-06-08,IDR,0,2026-06-17,2026-09-16,15.389946823029662,170.99940914477403,14024.338853285328,155.60946232174436,91,9,4.384684930070933,Jun26-Sep26,Jun-Sep
2026-06-09,IDR,0,2026-06-17,2026-09-16,13.951530579040272,172.65019091562334,13993.920368289217,158.69866033658306,91,8,4.481900467033337,Jun26-Sep26,Jun-Sep
2026-06-10,IDR,0,2026-06-17,2026-09-16,12.28214341105915,171.95000775482814,13984.423256515562,159.667864343769,91,7,4.512869790878944,Jun26-Sep26,Jun-Sep
2026-06-11,IDR,0,2026-06-17,2026-09-16,12.123865427602873,168.00213521106835,13954.545280459883,155.87826978346547,91,6,4.415235161756883,Jun26-Sep26,Jun-Sep
2026-06-12,IDR,0,2026-06-17,2026-09-16,12.641228977772208,173.36542598087598,13987.80784733536,160.72419700310377,91,5,4.541511380659094,Jun26-Sep26,Jun-Sep
2026-06-15,IDR,0,2026-06-17,2026-09-16,12.476767599146891,165.76276953152296,13915.192432316031,153.28600193237608,91,2,4.353967291917131,Jun26-Sep26,Jun-Sep
2026-06-16,IDR,0,2026-06-17,2026-09-16,12.232574285198103,160.77097631974652,13903.51485923952,148.53840203454843,91,1,4.222730043185076,Jun26-Sep26,Jun-Sep
2026-06-17,IDR,0,2026-09-16,2026-12-16,155.98401419084337,311.96802838168674,14009.520190334055,155.98401419084337,91,91,4.356213571148763,Sep26-Dec26,Sep-Dec
2026-06-18,IDR,0,2026-09-16,2026-12-16,154.3070809728322,310.3286850675848,13940.589306913127,156.02160409475258,91,90,4.379090891521626,Sep26-Dec26,Sep-Dec
2026-06-19,IDR,0,2026-09-16,2026-12-16,149.77192373392444,302.90950867535275,13979.359848783835,153.13758494142832,91,89,4.287729968865281,Sep26-Dec26,Sep-Dec
2026-06-22,IDR,0,2026-09-16,2026-12-16,147.25893570784305,303.07943744521185,14059.741626056815,155.8205017373688,91,86,4.338936649195816,Sep26-Dec26,Sep-Dec
2026-06-23,IDR,0,2026-09-16,2026-12-16,149.36848897986116,309.28063600535955,14130.613268952866,159.9121470254984,91,85,4.430114081811152,Sep26-Dec26,Sep-Dec
2026-06-24,IDR,0,2026-09-16,2026-12-16,146.0354612591584,304.2405442899134,14161.33970237336,158.20508303075496,91,84,4.374431056579276,Sep26-Dec26,Sep-Dec
2026-06-25,IDR,0,2026-09-16,2026-12-16,152.2388810025403,319.15138908966276,14174.8218256933,166.91250808712246,91,83,4.608853360254061,Sep26-Dec26,Sep-Dec
2026-06-26,IDR,0,2026-09-16,2026-12-16,153.18290991725456,323.1785782400615,14202.776607806127,169.99566832280692,91,82,4.684537702908988,Sep26-Dec26,Sep-Dec
2026-06-29,IDR,0,2026-09-16,2026-12-16,146.81462629993365,315.93020849352814,14164.900092080752,169.1155821935945,91,79,4.674692655455057,Sep26-Dec26,Sep-Dec
2026-06-30,IDR,0,2026-09-16,2026-12-16,143.98887221276846,311.9758897943317,14128.24325496393,167.98701758156324,91,78,4.656342607628671,Sep26-Dec26,Sep-Dec
2026-07-01,IDR,0,2026-09-16,2026-12-16,140.80339927371972,307.20741659720665,14165.541373130209,166.40401732348693,91,77,4.6014661149773834,Sep26-Dec26,Sep-Dec
2026-07-02,IDR,0,2026-09-16,2026-12-16,137.05010467261107,301.1495721095533,14215.289412357271,164.0994674369422,91,76,4.523197807393311,Sep26-Dec26,Sep-Dec
2026-07-03,IDR,0,2026-09-16,2026-12-16,131.54756233893534,292.640307345094,14287.84747955781,161.09274500615868,91,75,4.419672104082342,Sep26-Dec26,Sep-Dec
2026-07-06,IDR,0,2026-09-16,2026-12-16,125.48413102834074,285.2397170824557,14206.750963171144,159.75558605411493,91,72,4.409641039933968,Sep26-Dec26,Sep-Dec
2026-07-07,IDR,0,2026-09-16,2026-12-16,123.95862121646437,283.8926650742443,14276.265820500967,159.93404385777993,91,71,4.393723932081901,Sep26-Dec26,Sep-Dec
2026-07-08,IDR,0,2026-09-16,2026-12-16,121.47700851972708,280.34373904537915,14199.291750103666,158.8667305256521,91,70,4.3886175365691384,Sep26-Dec26,Sep-Dec
2026-07-09,IDR,0,2026-09-16,2026-12-16,122.28667576740497,284.40859669332605,14264.27830142196,162.12192092592107,91,69,4.45805824001859,Sep26-Dec26,Sep-Dec
2026-07-10,IDR,0,2026-09-16,2026-12-16,118.29553792364105,277.33906422083624,14199.3445721046,159.04352629719517,91,68,4.394461490306945,Sep26-Dec26,Sep-Dec
2026-07-13,IDR,0,2026-09-16,2026-12-16,113.24448554905685,272.20996952285833,14283.141922863753,158.9654839738015,91,65,4.368279818654099,Sep26-Dec26,Sep-Dec
2026-07-14,IDR,0,2026-09-16,2026-12-16,110.01756160043688,266.76493519478015,14226.893717493745,156.7473735943433,91,64,4.3251959076979585,Sep26-Dec26,Sep-Dec
2026-07-15,IDR,0,2026-09-16,2026-12-16,105.87822761939661,259.0240759395612,14217.568719938638,153.1458483201646,91,63,4.2297898673301395,Sep26-Dec26,Sep-Dec
2026-07-16,IDR,0,2026-09-16,2026-12-16,105.70714810425503,260.9632022976613,14207.405452224113,155.2560541934063,91,62,4.2911684689531935,Sep26-Dec26,Sep-Dec
2026-07-17,IDR,0,2026-09-16,2026-12-16,102.88034673843231,256.3575853154379,14241.77131888454,153.4772385770056,91,61,4.232676513978712,Sep26-Dec26,Sep-Dec
2026-07-20,IDR,0,2026-09-16,2026-12-16,95.78767456789839,246.07523294167004,14220.420451794318,150.28755837377165,91,58,4.152944562732017,Sep26-Dec26,Sep-Dec
2026-07-21,IDR,0,2026-09-16,2026-12-16,95.66891563036951,248.40350023324015,14234.981845211238,152.73458460287065,91,57,4.216310482899437,Sep26-Dec26,Sep-Dec
2026-07-22,IDR,0,2026-09-16,2026-12-16,94.51762609356084,248.10876849559722,14252.860569878381,153.59114240203638,91,56,4.23501285253667,Sep26-Dec26,Sep-Dec
2026-07-23,IDR,0,2026-09-16,2026-12-16,94.97859260520916,252.12499127928245,14253.480137426732,157.14639867407328,91,55,4.332716651910762,Sep26-Dec26,Sep-Dec
2026-07-24,IDR,0,2026-09-16,2026-12-16,94.65669182926189,254.17074657857358,14145.551387933014,159.5140547493117,91,54,4.4314283096179095,Sep26-Dec26,Sep-Dec
2026-07-27,IDR,0,2026-09-16,2026-12-16,85.56319174062762,238.23476916017884,14124.635435544156,152.67157741955123,91,51,4.250295769621582,Sep26-Dec26,Sep-Dec
2026-07-28,IDR,0,2026-09-16,2026-12-16,82.56572096617765,232.835333124621,14084.364758092755,150.26961215844335,91,50,4.1962032060170715,Sep26-Dec26,Sep-Dec
2026-07-29,IDR,0,2026-09-16,2026-12-16,81.53749752848759,232.9642786528217,14132.570913599959,151.4267811243341,91,49,4.214481731271417,Sep26-Dec26,Sep-Dec
2026-07-30,IDR,0,2026-09-16,2026-12-16,79.37749941782143,229.86400873077454,14170.357218726553,150.4865093129531,91,48,4.177840903070338,Sep26-Dec26,Sep-Dec
2026-07-31,IDR,0,2026-09-16,2026-12-16,77.9401784340998,228.8456302958675,14187.997083808903,150.9054518617677,91,47,4.184713487783618,Sep26-Dec26,Sep-Dec
2026-08-03,IDR,0,2026-09-16,2026-12-16,71.10903093653818,219.54503614931048,14222.772567300924,148.4360052127723,91,44,4.108186829767145,Sep26-Dec26,Sep-Dec
2026-08-04,IDR,0,2026-09-16,2026-12-16,68.55276652323188,214.89244395445652,14207.540213867058,146.33967743122463,91,43,4.055214527016913,Sep26-Dec26,Sep-Dec
2026-08-05,IDR,0,2026-09-16,2026-12-16,66.41103597710547,211.46493158528912,14277.080345585538,145.05389560818367,91,42,4.000696704562553,Sep26-Dec26,Sep-Dec
2026-08-06,IDR,0,2026-09-16,2026-12-16,64.53267018047353,208.8197371492095,14256.25001179514,144.28706696873596,91,41,3.9858574205961887,Sep26-Dec26,Sep-Dec
2026-08-07,IDR,0,2026-09-16,2026-12-16,62.160796162589946,204.52675679651108,14252.240460435047,142.36596063392113,91,40,3.934541082202981,Sep26-Dec26,Sep-Dec
2026-08-10,IDR,0,2026-09-16,2026-12-16,60.13608342628917,208.67462906996758,14316.444136086193,148.53854564367842,91,37,4.0873768779566015,Sep26-Dec26,Sep-Dec
2026-08-11,IDR,0,2026-09-16,2026-12-16,61.14749691939819,216.24666534303282,14360.882689208058,155.09916842363464,91,36,4.254457381596436,Sep26-Dec26,Sep-Dec
2026-08-12,IDR,0,2026-09-16,2026-12-16,58.99211325908138,212.7952111126295,14296.614072857788,153.8030978535481,91,35,4.238426492033458,Sep26-Dec26,Sep-Dec
2026-08-13,IDR,0,2026-09-16,2026-12-16,55.93242404814434,205.95140883632715,14287.360257901883,150.01898478818282,91,34,4.137694957657749,Sep26-Dec26,Sep-Dec
2026-08-14,IDR,0,2026-09-16,2026-12-16,52.90199271557226,198.9943938980296,14252.52662185336,146.09240118245737,91,33,4.040060429459793,Sep26-Dec26,Sep-Dec
2026-08-17,IDR,0,2026-09-16,2026-12-16,48.10209043071604,194.01176473722137,14279.351540533598,145.90967430650534,91,30,4.028804420075711,Sep26-Dec26,Sep-Dec
2026-08-18,IDR,0,2026-09-16,2026-12-16,49.38070265813633,204.3339420336676,14208.647661452225,154.95323937553127,91,29,4.299344975663137,Sep26-Dec26,Sep-Dec
2026-08-19,IDR,0,2026-09-16,2026-12-16,46.15213419643375,196.14657033484346,14148.948022830693,149.9944361384097,91,28,4.180207085272512,Sep26-Dec26,Sep-Dec
2026-08-20,IDR,0,2026-09-16,2026-12-16,43.34674364898839,189.44132409557886,14061.759011425254,146.09458044659047,91,27,4.097499104383493,Sep26-Dec26,Sep-Dec
2026-08-21,IDR,0,2026-09-16,2026-12-16,41.68061230901519,187.56275539056838,14044.497710705682,145.88214308155318,91,26,4.097038651637671,Sep26-Dec26,Sep-Dec
2026-08-24,IDR,0,2026-09-16,2026-12-16,36.6106957224892,181.46170923320733,14132.535290879889,144.85101351071813,91,23,4.044259104026147,Sep26-Dec26,Sep-Dec
2026-08-25,IDR,0,2026-09-16,2026-12-16,35.81097895404129,183.93821008212115,14110.34425579993,148.12723112807987,91,22,4.14245303904273,Sep26-Dec26,Sep-Dec
2026-08-26,IDR,0,2026-09-16,2026-12-16,34.99989935435778,186.66612988990815,14197.16899473698,151.66623053555037,91,21,4.215789449317444,Sep26-Dec26,Sep-Dec
2026-08-27,IDR,0,2026-09-16,2026-12-16,32.8566606167011,182.3544664226911,14192.596754495153,149.49780580599,91,20,4.157476558689871,Sep26-Dec26,Sep-Dec
2026-08-28,IDR,0,2026-09-16,2026-12-16,30.661579811300193,177.5144094338432,14085.587824101593,146.85282962254303,91,19,4.115514202343179,Sep26-Dec26,Sep-Dec
