obs_date,ccy,near_date,far_date,near_pts,far_pts,spot,imm_spread_pts,leg_days,days_to_near,ann_pct,pair,quarter_pair
2016-08-29,PHP,2016-09-21,2016-12-21,0.08348904175451816,0.41381525043543776,52.271400055002665,0.3303262086809196,91,23,2.496013312070984,Sep16-Dec16,Sep-Dec
2016-08-30,PHP,2016-09-21,2016-12-21,0.08610517484532018,0.4422674889782354,52.13406591845971,0.3561623141329152,91,22,2.698179153183235,Sep16-Dec16,Sep-Dec
2016-08-31,PHP,2016-09-21,2016-12-21,0.07963539836903594,0.42472212463485837,52.05926538218856,0.34508672626582243,91,21,2.6183487517327717,Sep16-Dec16,Sep-Dec
2016-09-01,PHP,2016-09-21,2016-12-21,0.07923915729755716,0.4462999306951524,51.994501329860746,0.36706077339759524,91,20,2.7885620286072785,Sep16-Dec16,Sep-Dec
2016-09-02,PHP,2016-09-21,2016-12-21,0.07607435740233502,0.44661661544349546,51.907637179750836,0.3705422580411604,91,19,2.8198861086225557,Sep16-Dec16,Sep-Dec
2016-09-05,PHP,2016-09-21,2016-12-21,0.06651710813574664,0.45004481270628277,51.930390054468766,0.38352770457053614,91,16,2.9179667415543253,Sep16-Dec16,Sep-Dec
2016-09-06,PHP,2016-09-21,2016-12-21,0.06137322575175577,0.4385856795909273,51.8839129031248,0.37721245383917157,91,15,2.8727708698198797,Sep16-Dec16,Sep-Dec
2016-09-07,PHP,2016-09-21,2016-12-21,0.05632658107580925,0.42699140182403883,51.723681950039456,0.3706648207482296,91,14,2.831915956441023,Sep16-Dec16,Sep-Dec
2016-09-08,PHP,2016-09-21,2016-12-21,0.053112817604697944,0.42911703602460344,51.68545745839783,0.3760042184199055,91,13,2.875010283028685,Sep16-Dec16,Sep-Dec
2016-09-09,PHP,2016-09-21,2016-12-21,0.047504639689494095,0.4116639010556854,52.02345229144015,0.3641592613661913,91,12,2.766667120926096,Sep16-Dec16,Sep-Dec
2016-09-12,PHP,2016-09-21,2016-12-21,0.0334507662813611,0.3746177178682991,52.124940510225045,0.341166951586938,91,9,2.587640116568093,Sep16-Dec16,Sep-Dec
2016-09-13,PHP,2016-09-21,2016-12-21,0.032001637364823546,0.3986307782621016,52.02385202874643,0.36662914089727805,91,8,2.7862399611371917,Sep16-Dec16,Sep-Dec
2016-09-14,PHP,2016-09-21,2016-12-21,0.027012057166116554,0.380445246461221,51.847222190155726,0.3534331892951045,91,7,2.695359753572492,Sep16-Dec16,Sep-Dec
2016-09-15,PHP,2016-09-21,2016-12-21,0.027050637368037162,0.3767996634147954,51.95025248851335,0.3497490260467583,91,6,2.6619744338670737,Sep16-Dec16,Sep-Dec
2016-09-16,PHP,2016-09-21,2016-12-21,0.026909523011376633,0.3706651275067084,51.662525451260265,0.34375560449533177,91,5,2.6309288971661,Sep16-Dec16,Sep-Dec
2016-09-19,PHP,2016-09-21,2016-12-21,0.026888067310378263,0.35787610946117265,51.72895001165342,0.3309880421507944,91,2,2.5299624009096697,Sep16-Dec16,Sep-Dec
2016-09-20,PHP,2016-09-21,2016-12-21,0.026878063110560395,0.35357912508721534,51.74754069121297,0.32670106197665494,91,1,2.4962979648283494,Sep16-Dec16,Sep-Dec
2016-09-21,PHP,2016-12-21,2017-03-15,0.33743756417683507,0.6589602571770752,51.64387472219399,0.3215226930002401,84,91,2.650864970436175,Dec16-Mar17,Dec-Mar
2016-09-22,PHP,2016-12-21,2017-03-15,0.33860777272969067,0.664671864302352,51.58373327117204,0.32606409157266136,84,90,2.6913608038779797,Dec16-Mar17,Dec-Mar
2016-09-23,PHP,2016-12-21,2017-03-15,0.33635260516687127,0.663896589523399,51.879049524391995,0.32754398435652776,84,89,2.6884020340846186,Dec16-Mar17,Dec-Mar
2016-09-26,PHP,2016-12-21,2017-03-15,0.31941329079702585,0.6414723744411778,51.809188691175855,0.3220590836441519,84,86,2.647784830475849,Dec16-Mar17,Dec-Mar
2016-09-27,PHP,2016-12-21,2017-03-15,0.3186312435840256,0.6435778129776815,51.757347473097525,0.32494656939365585,84,85,2.6742236802131787,Dec16-Mar17,Dec-Mar
2016-09-28,PHP,2016-12-21,2017-03-15,0.3165298882852826,0.6431830585357429,52.06259296376937,0.32665317025046026,84,84,2.67271019824143,Dec16-Mar17,Dec-Mar
2016-09-29,PHP,2016-12-21,2017-03-15,0.32155124705902416,0.6571672814828848,52.40919062307459,0.3356160344238607,84,83,2.7277341115122016,Dec16-Mar17,Dec-Mar
2016-09-30,PHP,2016-12-21,2017-03-15,0.3154522224750402,0.6488173954436929,52.55482550338124,0.3333651729686527,84,82,2.70228934971655,Dec16-Mar17,Dec-Mar
2016-10-03,PHP,2016-12-21,2017-03-15,0.3101667607947448,0.6375491376075758,52.194566775205296,0.327382376812831,84,79,2.6722682598433627,Dec16-Mar17,Dec-Mar
2016-10-04,PHP,2016-12-21,2017-03-15,0.30156309124355374,0.6245289840698963,52.15901515668999,0.3229658928263426,84,78,2.6384374456239916,Dec16-Mar17,Dec-Mar
2016-10-05,PHP,2016-12-21,2017-03-15,0.3020629302590891,0.6304211551484167,52.029565686399245,0.3283582248893276,84,77,2.689099446050891,Dec16-Mar17,Dec-Mar
2016-10-06,PHP,2016-12-21,2017-03-15,0.3015174511549558,0.6342464234818024,51.51085736908989,0.33272897232684656,84,76,2.752202181273176,Dec16-Mar17,Dec-Mar
2016-10-07,PHP,2016-12-21,2017-03-15,0.28256463674887455,0.5991442668724729,51.703536628454664,0.31657963012359835,84,75,2.609870350664226,Dec16-Mar17,Dec-Mar
2016-10-10,PHP,2016-12-21,2017-03-15,0.2662393217907507,0.5789341851780143,52.09823170421908,0.3126948633872636,84,72,2.559217761261477,Dec16-Mar17,Dec-Mar
2016-10-11,PHP,2016-12-21,2017-03-15,0.275423849180141,0.6040356443925938,52.093807701599545,0.3286117952124528,84,71,2.6892437095064534,Dec16-Mar17,Dec-Mar
2016-10-12,PHP,2016-12-21,2017-03-15,0.28179207894179936,0.6233745328268702,51.91198721714867,0.3415824538850708,84,70,2.8047878925568765,Dec16-Mar17,Dec-Mar
2016-10-13,PHP,2016-12-21,2017-03-15,0.2820267934911812,0.6294695181357141,51.665169704597815,0.34744272464453285,84,69,2.866449681324625,Dec16-Mar17,Dec-Mar
2016-10-14,PHP,2016-12-21,2017-03-15,0.26799773014571593,0.6038505748303965,51.56306130321852,0.3358528446846806,84,68,2.77704017862414,Dec16-Mar17,Dec-Mar
2016-10-17,PHP,2016-12-21,2017-03-15,0.25122797577229655,0.5828297361199353,51.38653875728004,0.3316017603476387,84,65,2.7521531069240206,Dec16-Mar17,Dec-Mar
2016-10-18,PHP,2016-12-21,2017-03-15,0.24339241175505977,0.5705427267182059,51.497306991255044,0.32715031496314617,84,64,2.709806389536202,Dec16-Mar17,Dec-Mar
2016-10-19,PHP,2016-12-21,2017-03-15,0.23781571007924598,0.5633603714379489,51.50532943581793,0.32554466135870297,84,63,2.6963792051857283,Dec16-Mar17,Dec-Mar
2016-10-20,PHP,2016-12-21,2017-03-15,0.24394887441802687,0.5837300581429515,51.734136940952204,0.33978118372492466,84,62,2.801575029675707,Dec16-Mar17,Dec-Mar
2016-10-21,PHP,2016-12-21,2017-03-15,0.2371230077156303,0.5737044150188585,51.692728585065694,0.33658140730322816,84,61,2.7777698209054007,Dec16-Mar17,Dec-Mar
2016-10-24,PHP,2016-12-21,2017-03-15,0.22997803670388486,0.5730909484838379,51.64082956648819,0.34311291177995307,84,58,2.8348968824188754,Dec16-Mar17,Dec-Mar
2016-10-25,PHP,2016-12-21,2017-03-15,0.23655714558915925,0.595221754320841,51.70668886163723,0.35866460873168177,84,57,2.9592567957875207,Dec16-Mar17,Dec-Mar
2016-10-26,PHP,2016-12-21,2017-03-15,0.2324851777487001,0.5912910083035574,51.83004307786502,0.3588058305548573,84,56,2.953639259039845,Dec16-Mar17,Dec-Mar
2016-10-27,PHP,2016-12-21,2017-03-15,0.23246398823202696,0.5975045354635871,51.452423648933824,0.3650405472315601,84,55,3.0269186210057124,Dec16-Mar17,Dec-Mar
2016-10-28,PHP,2016-12-21,2017-03-15,0.23464140486568869,0.6097193417211367,51.841007759652186,0.37507793685544805,84,54,3.0868110105728745,Dec16-Mar17,Dec-Mar
2016-10-31,PHP,2016-12-21,2017-03-15,0.2190117240416537,0.5898192280884523,51.85188775339351,0.37080750404679863,84,51,3.0519446241409502,Dec16-Mar17,Dec-Mar
2016-11-01,PHP,2016-12-21,2017-03-15,0.21360599882845321,0.5650942231347881,51.989612880029775,0.35148822430633486,84,50,2.885603869879492,Dec16-Mar17,Dec-Mar
2016-11-02,PHP,2016-12-21,2017-03-15,0.20692339110239824,0.5549345358535738,52.03868139596648,0.34801114475117556,84,49,2.8547402996415006,Dec16-Mar17,Dec-Mar
2016-11-03,PHP,2016-12-21,2017-03-15,0.20118265375750394,0.547215069084935,52.02739214665755,0.34603241532743106,84,48,2.839434296945839,Dec16-Mar17,Dec-Mar
2016-11-04,PHP,2016-12-21,2017-03-15,0.18889870017917096,0.5211281692085363,52.32275325935677,0.33222946902936534,84,47,2.71147550766753,Dec16-Mar17,Dec-Mar
2016-11-07,PHP,2016-12-21,2017-03-15,0.1737262856128588,0.5022036465526513,52.151063719716284,0.32847736093979246,84,44,2.690426694822921,Dec16-Mar17,Dec-Mar
2016-11-08,PHP,2016-12-21,2017-03-15,0.1711109210241899,0.5029560171114251,52.12924953163195,0.3318450960872352,84,43,2.7192800520614253,Dec16-Mar17,Dec-Mar
2016-11-09,PHP,2016-12-21,2017-03-15,0.1686822658740399,0.5044186824173579,51.913616243267626,0.335736416543318,84,42,2.762685975469565,Dec16-Mar17,Dec-Mar
2016-11-10,PHP,2016-12-21,2017-03-15,0.166096561800117,0.5055684047043486,51.761600912288515,0.3394718429042316,84,41,2.8017404920724434,Dec16-Mar17,Dec-Mar
2016-11-11,PHP,2016-12-21,2017-03-15,0.15911225898824016,0.4932480028635444,51.596151200477514,0.33413574387530426,84,40,2.766888303091543,Dec16-Mar17,Dec-Mar
2016-11-14,PHP,2016-12-21,2017-03-15,0.1483377289722586,0.4877182311028274,51.394109142876175,0.3393805021305688,84,37,2.821922424230675,Dec16-Mar17,Dec-Mar
2016-11-15,PHP,2016-12-21,2017-03-15,0.144757089154568,0.48604943487702823,51.10126841260492,0.34129234572246026,84,36,2.854233996385704,Dec16-Mar17,Dec-Mar
2016-11-16,PHP,2016-12-21,2017-03-15,0.14704291238031778,0.5044352129217434,51.12317229375304,0.3573923005414257,84,35,2.9874680296864766,Dec16-Mar17,Dec-Mar
2016-11-17,PHP,2016-12-21,2017-03-15,0.1381391803746182,0.484902556357274,51.023616408365115,0.3467633759826558,84,34,2.9047649696729887,Dec16-Mar17,Dec-Mar
2016-11-18,PHP,2016-12-21,2017-03-15,0.13677122463068975,0.491459520749045,51.228505031337335,0.35468829611835523,84,33,2.9593780243194003,Dec16-Mar17,Dec-Mar
2016-11-21,PHP,2016-12-21,2017-03-15,0.12358705121755002,0.47959860368243684,51.2630180009834,0.3560115524648868,84,30,2.969185831070531,Dec16-Mar17,Dec-Mar
2016-11-22,PHP,2016-12-21,2017-03-15,0.11837369548751953,0.4711670574376814,51.00598385078786,0.35279336195016187,84,29,2.957438731325685,Dec16-Mar17,Dec-Mar
2016-11-23,PHP,2016-12-21,2017-03-15,0.11430809349885732,0.46714722910863504,50.990683439343954,0.35283913560977775,84,28,2.9589433021823504,Dec16-Mar17,Dec-Mar
2016-11-24,PHP,2016-12-21,2017-03-15,0.10723303034837536,0.450757425343603,50.968402972879765,0.3435243949952277,84,27,2.8824847272178125,Dec16-Mar17,Dec-Mar
2016-11-25,PHP,2016-12-21,2017-03-15,0.10442822680069044,0.45167724613284504,50.736946426421646,0.3472490193321546,84,26,2.927163344820746,Dec16-Mar17,Dec-Mar
2016-11-28,PHP,2016-12-21,2017-03-15,0.09206848462408421,0.4382240160375159,50.942127373234115,0.3461555314134317,84,23,2.9069209010160586,Dec16-Mar17,Dec-Mar
2016-11-29,PHP,2016-12-21,2017-03-15,0.08432427475788513,0.4161974015032565,50.953957886295676,0.3318731267453714,84,22,2.7867579787445504,Dec16-Mar17,Dec-Mar
2016-11-30,PHP,2016-12-21,2017-03-15,0.08054830359711179,0.4126394520439677,50.90366087181611,0.3320911484468559,84,21,2.7915462494695182,Dec16-Mar17,Dec-Mar
2016-12-01,PHP,2016-12-21,2017-03-15,0.07430068555336217,0.39622538211468455,50.717917219892094,0.3219246965613224,84,20,2.7163162544812103,Dec16-Mar17,Dec-Mar
2016-12-02,PHP,2016-12-21,2017-03-15,0.07285294259556628,0.38807669719704857,50.851729306199275,0.3152237546014823,84,19,2.6528621122346836,Dec16-Mar17,Dec-Mar
2016-12-05,PHP,2016-12-21,2017-03-15,0.05973763303607952,0.3755267603590208,50.93612395549712,0.31578912732294123,84,16,2.6539054975894656,Dec16-Mar17,Dec-Mar
2016-12-06,PHP,2016-12-21,2017-03-15,0.056082546483149955,0.37594272315655247,50.753796775551955,0.3198601766734025,84,15,2.6979582453088606,Dec16-Mar17,Dec-Mar
2016-12-07,PHP,2016-12-21,2017-03-15,0.05209959700501668,0.37453345639757074,50.58656929262041,0.3224338593925541,84,14,2.7288620094035716,Dec16-Mar17,Dec-Mar
2016-12-08,PHP,2016-12-21,2017-03-15,0.048939078379839296,0.3749856905271201,50.527928179047976,0.3260466121472808,84,13,2.7628097572277417,Dec16-Mar17,Dec-Mar
2016-12-09,PHP,2016-12-21,2017-03-15,0.04493674374169329,0.369275937872232,50.30736654181218,0.3243391941305387,84,12,2.760598874334124,Dec16-Mar17,Dec-Mar
2016-12-12,PHP,2016-12-21,2017-03-15,0.03321242976479604,0.352934677058773,50.08921451595676,0.31972224729397697,84,9,2.7337826322183987,Dec16-Mar17,Dec-Mar
2016-12-13,PHP,2016-12-21,2017-03-15,0.030430145765978262,0.3597149899212479,50.23704143570294,0.32928484415526965,84,8,2.8074234017883004,Dec16-Mar17,Dec-Mar
2016-12-14,PHP,2016-12-21,2017-03-15,0.026125248045678968,0.3493540254489583,50.01840439782069,0.3232287774032794,84,7,2.768067156737957,Dec16-Mar17,Dec-Mar
2016-12-15,PHP,2016-12-21,2017-03-15,0.026588019908690027,0.35155201658740154,49.916809711622236,0.3249639966787115,84,6,2.788562465043411,Dec16-Mar17,Dec-Mar
2016-12-16,PHP,2016-12-21,2017-03-15,0.026563084485458393,0.34743943981126346,49.93094165366726,0.32087635532580505,84,5,2.7527083011363387,Dec16-Mar17,Dec-Mar
2016-12-19,PHP,2016-12-21,2017-03-15,0.026571678463436967,0.3361898199892187,50.07996152004639,0.30961814152578176,84,2,2.648227302009452,Dec16-Mar17,Dec-Mar
2016-12-20,PHP,2016-12-21,2017-03-15,0.02689543069565666,0.33636255850643276,50.272383977789524,0.3094671278107761,84,1,2.6367926264841492,Dec16-Mar17,Dec-Mar
2016-12-21,PHP,2017-03-15,2017-06-21,0.33106153547456996,0.7058099462982462,50.650004115867716,0.37474841082367627,98,84,2.7002707724576682,Mar17-Jun17,Mar-Jun
2016-12-22,PHP,2017-03-15,2017-06-21,0.3242027631294888,0.6954311768083877,50.37441435610316,0.3712284136788989,98,83,2.6898094879140606,Mar17-Jun17,Mar-Jun
2016-12-23,PHP,2017-03-15,2017-06-21,0.30819673531526176,0.6648413764548816,50.296066396625996,0.35664464113961986,98,82,2.5889581044137864,Mar17-Jun17,Mar-Jun
2016-12-26,PHP,2017-03-15,2017-06-21,0.2912340951393341,0.6404157976322034,50.14741364701246,0.34918170249286923,98,79,2.5431060353344836,Mar17-Jun17,Mar-Jun
2016-12-27,PHP,2017-03-15,2017-06-21,0.29244611434602014,0.6476450764574104,50.07464402911785,0.3551989621113903,98,78,2.5906053142279677,Mar17-Jun17,Mar-Jun
2016-12-28,PHP,2017-03-15,2017-06-21,0.2795402921583105,0.6229585122773913,49.94583755747415,0.3434182201190808,98,77,2.511750777827171,Mar17-Jun17,Mar-Jun
2016-12-29,PHP,2017-03-15,2017-06-21,0.2761497934328382,0.6197862047854161,49.66071395102077,0.34363641135257794,98,76,2.527867677236596,Mar17-Jun17,Mar-Jun
2016-12-30,PHP,2017-03-15,2017-06-21,0.2684295431556425,0.6066337129247157,49.3705100242115,0.3382041697690732,98,75,2.5028388504790016,Mar17-Jun17,Mar-Jun
2017-01-02,PHP,2017-03-15,2017-06-21,0.2585253558285364,0.610407090150711,49.508754485222376,0.3518817343221746,98,72,2.597342638117118,Mar17-Jun17,Mar-Jun
2017-01-03,PHP,2017-03-15,2017-06-21,0.24447270047869082,0.5819138926887147,49.628822113865496,0.3374411922100239,98,71,2.4854581883260627,Mar17-Jun17,Mar-Jun
2017-01-04,PHP,2017-03-15,2017-06-21,0.23849131027229023,0.5723791446534966,49.667159151620325,0.3338878343812064,98,70,2.45769111752137,Mar17-Jun17,Mar-Jun
2017-01-05,PHP,2017-03-15,2017-06-21,0.2488386676729304,0.6022617029185418,49.9100563526896,0.35342303524561136,98,69,2.5883518773194667,Mar17-Jun17,Mar-Jun
2017-01-06,PHP,2017-03-15,2017-06-21,0.24655770238052413,0.6018908616936324,49.88970839492213,0.35533315931310827,98,68,2.603515548321337,Mar17-Jun17,Mar-Jun
2017-01-09,PHP,2017-03-15,2017-06-21,0.23895856357905337,0.5992345517443953,50.404021621706384,0.36027598816534195,98,65,2.613319375807822,Mar17-Jun17,Mar-Jun
2017-01-10,PHP,2017-03-15,2017-06-21,0.229698572358159,0.5814245112815899,50.292475688718106,0.3517259389234309,98,64,2.5574007619661816,Mar17-Jun17,Mar-Jun
2017-01-11,PHP,2017-03-15,2017-06-21,0.22061329180706227,0.563789523506937,50.366277605349566,0.34317623169987477,98,63,2.49204360931679,Mar17-Jun17,Mar-Jun
2017-01-12,PHP,2017-03-15,2017-06-21,0.2215281932294452,0.5716856599469554,50.2294552565548,0.35015746671751025,98,62,2.549589020719418,Mar17-Jun17,Mar-Jun
2017-01-13,PHP,2017-03-15,2017-06-21,0.22435191881899186,0.5847861490527821,50.202951898794765,0.3604342302337903,98,61,2.625649223388464,Mar17-Jun17,Mar-Jun
2017-01-16,PHP,2017-03-15,2017-06-21,0.22246078736070418,0.5983428073839631,49.976240176408396,0.3758820200232589,98,58,2.7506510476428065,Mar17-Jun17,Mar-Jun
2017-01-17,PHP,2017-03-15,2017-06-21,0.21994330433471465,0.5980914416119434,50.44399698230721,0.37814813727722874,98,57,2.7418230766602525,Mar17-Jun17,Mar-Jun
2017-01-18,PHP,2017-03-15,2017-06-21,0.21367557411279908,0.5876078288101975,50.22008504437815,0.3739322546973984,98,56,2.7236293186939404,Mar17-Jun17,Mar-Jun
2017-01-19,PHP,2017-03-15,2017-06-21,0.210665140398971,0.5860321178371374,50.2534150780284,0.3753669774381664,98,55,2.7324368042077447,Mar17-Jun17,Mar-Jun
2017-01-20,PHP,2017-03-15,2017-06-21,0.2017277248849425,0.5678261885650233,50.365265913074474,0.3660984636800808,98,54,2.6595441066984935,Mar17-Jun17,Mar-Jun
2017-01-23,PHP,2017-03-15,2017-06-21,0.1930158691875234,0.5639091080184507,50.48796482273665,0.37089323883092734,98,51,2.688316090907513,Mar17-Jun17,Mar-Jun
2017-01-24,PHP,2017-03-15,2017-06-21,0.1837748060369208,0.5439734258692855,50.277336910611595,0.36019861983236473,98,50,2.6221748955825217,Mar17-Jun17,Mar-Jun
2017-01-25,PHP,2017-03-15,2017-06-21,0.17923407801582142,0.5377022340474643,49.8828494425388,0.3584681560316429,98,49,2.630377533381311,Mar17-Jun17,Mar-Jun
2017-01-26,PHP,2017-03-15,2017-06-21,0.1697608119422516,0.5163558029910154,49.655997982967264,0.3465949910487638,98,48,2.555317009435984,Mar17-Jun17,Mar-Jun
2017-01-27,PHP,2017-03-15,2017-06-21,0.16873350317235722,0.5205608076593999,49.74870203521382,0.3518273044870427,98,47,2.58912906656769,Mar17-Jun17,Mar-Jun
2017-01-30,PHP,2017-03-15,2017-06-21,0.1576847954523356,0.5088918398689012,49.7091050426868,0.3512070444165656,98,44,2.5871894513680527,Mar17-Jun17,Mar-Jun
2017-01-31,PHP,2017-03-15,2017-06-21,0.15093060624318688,0.49491198791370583,49.782349424877914,0.34398138167051895,98,43,2.5305869647192942,Mar17-Jun17,Mar-Jun
2017-02-01,PHP,2017-03-15,2017-06-21,0.14779167795461587,0.49263892651538627,49.83554564132148,0.3448472485607704,98,42,2.5344162254468205,Mar17-Jun17,Mar-Jun
2017-02-02,PHP,2017-03-15,2017-06-21,0.14082496098801695,0.47743096530083795,49.630101442024255,0.336606004312821,98,41,2.484405941262295,Mar17-Jun17,Mar-Jun
2017-02-03,PHP,2017-03-15,2017-06-21,0.1364839766320924,0.47086971938071875,49.403019151502114,0.3343857427486263,98,40,2.4795480619005814,Mar17-Jun17,Mar-Jun
2017-02-06,PHP,2017-03-15,2017-06-21,0.12475369438330622,0.45518239842557673,49.316548606897264,0.33042870404227054,98,37,2.4550723234153935,Mar17-Jun17,Mar-Jun
2017-02-07,PHP,2017-03-15,2017-06-21,0.12209974577999788,0.4544823870699921,49.31695911466934,0.33238264128999423,98,36,2.4697020654185353,Mar17-Jun17,Mar-Jun
2017-02-08,PHP,2017-03-15,2017-06-21,0.1161607695819401,0.4414109244113724,49.335614428358625,0.3252501548294323,98,35,2.4160841190151694,Mar17-Jun17,Mar-Jun
2017-02-09,PHP,2017-03-15,2017-06-21,0.11628423283383857,0.45145643335490265,49.13321037050458,0.3351722005210641,98,34,2.5000151334693994,Mar17-Jun17,Mar-Jun
2017-02-10,PHP,2017-03-15,2017-06-21,0.11615020478118551,0.4610811159495546,49.530506323240104,0.34493091116836905,98,33,2.552222509389572,Mar17-Jun17,Mar-Jun
2017-02-13,PHP,2017-03-15,2017-06-21,0.10559413147455878,0.45053496095811746,49.55604387790618,0.3449408294835587,98,30,2.551525943335429,Mar17-Jun17,Mar-Jun
2017-02-14,PHP,2017-03-15,2017-06-21,0.10467161680863478,0.4583894942998834,49.38280550801115,0.3537178774912486,98,29,2.6256577832579304,Mar17-Jun17,Mar-Jun
2017-02-15,PHP,2017-03-15,2017-06-21,0.09981813210312421,0.4491815944640589,49.00062668428281,0.34936346236093474,98,28,2.6137766958777986,Mar17-Jun17,Mar-Jun
2017-02-16,PHP,2017-03-15,2017-06-21,0.09665857550298187,0.4474934051063976,49.02366538943474,0.3508348296034157,98,27,2.6237225300597475,Mar17-Jun17,Mar-Jun
2017-02-17,PHP,2017-03-15,2017-06-21,0.09469733461105236,0.4516334419911727,49.23495304923274,0.3569361073801204,98,26,2.658023832811796,Mar17-Jun17,Mar-Jun
2017-02-20,PHP,2017-03-15,2017-06-21,0.08355277342076392,0.4395602427788015,49.3506350407126,0.3560074693580376,98,23,2.645502228975708,Mar17-Jun17,Mar-Jun
2017-02-21,PHP,2017-03-15,2017-06-21,0.0784824137495222,0.428085893179212,49.36247320429854,0.3496034794296898,98,22,2.597558367316113,Mar17-Jun17,Mar-Jun
2017-02-22,PHP,2017-03-15,2017-06-21,0.07687791165766444,0.4356414993934319,49.61759340559397,0.35876358773576744,98,21,2.652019474309316,Mar17-Jun17,Mar-Jun
2017-02-23,PHP,2017-03-15,2017-06-21,0.07377976530857251,0.4353006153205778,49.62584979138024,0.3615208500120053,98,20,2.6721240930770556,Mar17-Jun17,Mar-Jun
2017-02-24,PHP,2017-03-15,2017-06-21,0.07002124888792845,0.4311834799940857,49.68779355754428,0.36116223110615725,98,19,2.6663518185896833,Mar17-Jun17,Mar-Jun
2017-02-27,PHP,2017-03-15,2017-06-21,0.05895530880024277,0.42005657520172973,49.929310517809405,0.361101266401487,98,16,2.65361165479628,Mar17-Jun17,Mar-Jun
2017-02-28,PHP,2017-03-15,2017-06-21,0.05411176976997301,0.4076419989337967,50.02474073755969,0.3535302291638237,98,15,2.5932752238867143,Mar17-Jun17,Mar-Jun
2017-03-01,PHP,2017-03-15,2017-06-21,0.05104454727138648,0.4083563781710918,50.00408548499663,0.35731183089970536,98,14,2.6222568432978295,Mar17-Jun17,Mar-Jun
2017-03-02,PHP,2017-03-15,2017-06-21,0.048377513492241286,0.41306953827990633,50.16771319268907,0.36469202478766505,98,13,2.6678400691414588,Mar17-Jun17,Mar-Jun
2017-03-03,PHP,2017-03-15,2017-06-21,0.043176187259320126,0.3957817165437678,50.32111327300841,0.35260552928444766,98,12,2.5718333995388325,Mar17-Jun17,Mar-Jun
2017-03-06,PHP,2017-03-15,2017-06-21,0.03413000562927447,0.4057678447035965,50.35029448591583,0.371637839074322,98,9,2.709567964600027,Mar17-Jun17,Mar-Jun
2017-03-07,PHP,2017-03-15,2017-06-21,0.03121927640353572,0.4136554123468483,50.31323594740279,0.38243613594331255,98,8,2.790510756177196,Mar17-Jun17,Mar-Jun
2017-03-08,PHP,2017-03-15,2017-06-21,0.027349682783709847,0.41024524175564764,49.67373399134741,0.3828955589719378,98,7,2.830029066997731,Mar17-Jun17,Mar-Jun
2017-03-09,PHP,2017-03-15,2017-06-21,0.02788626704304499,0.4143102532109541,49.43832108548686,0.38642398616790913,98,6,2.8696695377627934,Mar17-Jun17,Mar-Jun
2017-03-10,PHP,2017-03-15,2017-06-21,0.02859669485539192,0.42077993858648105,49.7326614801441,0.39218324373108915,98,5,2.895170245033011,Mar17-Jun17,Mar-Jun
2017-03-13,PHP,2017-03-15,2017-06-21,0.027981009747509514,0.39972871067870736,49.62244522169804,0.37174770093119786,98,2,2.7504372127105965,Mar17-Jun17,Mar-Jun
2017-03-14,PHP,2017-03-15,2017-06-21,0.028239485751201082,0.39938701276698674,49.403921574386096,0.3711475270157857,98,1,2.7581215338225906,Mar17-Jun17,Mar-Jun
2017-03-15,PHP,2017-06-21,2017-09-20,0.3968823468800764,0.7654159546972902,49.39037059691883,0.3685336078172138,91,98,2.9283301760997507,Jun17-Sep17,Jun-Sep
2017-03-16,PHP,2017-06-21,2017-09-20,0.3872825421838352,0.75060946320166,49.27515878924642,0.3633269210178248,91,97,2.8942138795963834,Jun17-Sep17,Jun-Sep
2017-03-17,PHP,2017-06-21,2017-09-20,0.3866525252613913,0.7531668981654185,49.239164531964235,0.36651437290402716,91,96,2.9217593899929715,Jun17-Sep17,Jun-Sep
2017-03-20,PHP,2017-06-21,2017-09-20,0.38798441867950667,0.7676250864196691,49.45310705086645,0.3796406677401624,91,93,3.013327206125997,Jun17-Sep17,Jun-Sep
2017-03-21,PHP,2017-06-21,2017-09-20,0.3728072372433118,0.7415622219078919,49.366090232166556,0.3687549846645801,91,92,2.932937806352826,Jun17-Sep17,Jun-Sep
2017-03-22,PHP,2017-06-21,2017-09-20,0.3592636082397097,0.7185272164794194,49.23778400247612,0.3592636082397097,91,91,2.8656194158141934,Jun17-Sep17,Jun-Sep
2017-03-23,PHP,2017-06-21,2017-09-20,0.35358689499680546,0.7111025332713532,49.128477104693715,0.35751563827454774,91,90,2.8583035258918446,Jun17-Sep17,Jun-Sep
2017-03-24,PHP,2017-06-21,2017-09-20,0.3461861752865232,0.7001518151862267,48.90460402181939,0.35396563989970353,91,89,2.8432104840719807,Jun17-Sep17,Jun-Sep
2017-03-27,PHP,2017-06-21,2017-09-20,0.33577971082570796,0.691081497862213,49.14593958079816,0.355301787036505,91,86,2.8406237844999924,Jun17-Sep17,Jun-Sep
2017-03-28,PHP,2017-06-21,2017-09-20,0.322315968024195,0.6673836514383331,48.961558137075976,0.3450676834141381,91,85,2.7698774663807124,Jun17-Sep17,Jun-Sep
2017-03-29,PHP,2017-06-21,2017-09-20,0.32922621471097846,0.6858879473145384,48.59872966181351,0.35666173260355993,91,84,2.883769547166963,Jun17-Sep17,Jun-Sep
2017-03-30,PHP,2017-06-21,2017-09-20,0.319595010462677,0.6699943592832024,48.72506999927828,0.35039934882052537,91,83,2.8263935044267456,Jun17-Sep17,Jun-Sep
2017-03-31,PHP,2017-06-21,2017-09-20,0.3258054717714183,0.68737008068848,48.868485532895534,0.36156460891706177,91,82,2.907584308289028,Jun17-Sep17,Jun-Sep
2017-04-03,PHP,2017-06-21,2017-09-20,0.30516732948336567,0.6566891900274958,48.6226931694543,0.35152186054413015,91,79,2.8422169243494855,Jun17-Sep17,Jun-Sep
2017-04-04,PHP,2017-06-21,2017-09-20,0.2949677612778895,0.6390968161020938,48.48760002132002,0.3441290548242043,91,78,2.7907298227996957,Jun17-Sep17,Jun-Sep
2017-04-05,PHP,2017-06-21,2017-09-20,0.298873252902995,0.6520870972428982,48.60806640688724,0.35321384433990316,91,77,2.8571190587923216,Jun17-Sep17,Jun-Sep
2017-04-06,PHP,2017-06-21,2017-09-20,0.2935541524363829,0.6450466244325781,48.74640294138005,0.3514924719961952,91,76,2.835483046560042,Jun17-Sep17,Jun-Sep
2017-04-07,PHP,2017-06-21,2017-09-20,0.27771475713962857,0.6146753291357112,48.739319882974044,0.33696057199608265,91,75,2.7195256589009285,Jun17-Sep17,Jun-Sep
2017-04-10,PHP,2017-06-21,2017-09-20,0.26146894741248444,0.5919366448365967,48.764578884411456,0.33046769742411225,91,72,2.6666329326545886,Jun17-Sep17,Jun-Sep
2017-04-11,PHP,2017-06-21,2017-09-20,0.2537833543336917,0.5790549774937754,48.85465293287957,0.32527162316008373,91,71,2.620300983214387,Jun17-Sep17,Jun-Sep
2017-04-12,PHP,2017-06-21,2017-09-20,0.25660353968895755,0.5901881412846024,48.894257521686946,0.33358460159564485,91,70,2.684948581722408,Jun17-Sep17,Jun-Sep
2017-04-13,PHP,2017-06-21,2017-09-20,0.2510312655125653,0.5821014852465284,48.89579721140651,0.33107021973396306,91,69,2.664929523213835,Jun17-Sep17,Jun-Sep
2017-04-14,PHP,2017-06-21,2017-09-20,0.2462493246982752,0.5757888621621434,48.526414126537034,0.3295395374638682,91,68,2.672958176181868,Jun17-Sep17,Jun-Sep
2017-04-17,PHP,2017-06-21,2017-09-20,0.23789734446407734,0.5709536267137856,48.3440480153065,0.33305628224970824,91,65,2.712088374928427,Jun17-Sep17,Jun-Sep
2017-04-18,PHP,2017-06-21,2017-09-20,0.2324393185718299,0.5629389746661505,48.47109369655627,0.33049965609432064,91,64,2.684550967915298,Jun17-Sep17,Jun-Sep
2017-04-19,PHP,2017-06-21,2017-09-20,0.23821427138224752,0.5823015522677161,48.442462838866,0.3440872808854686,91,63,2.7962314591799213,Jun17-Sep17,Jun-Sep
2017-04-20,PHP,2017-06-21,2017-09-20,0.24607894425983212,0.6072593301895857,48.408365246133656,0.36118038592975354,91,62,2.9367214168713454,Jun17-Sep17,Jun-Sep
2017-04-21,PHP,2017-06-21,2017-09-20,0.24213429504600523,0.6033510302785704,48.211980018265336,0.36121673523256514,91,61,2.9491598442985523,Jun17-Sep17,Jun-Sep
2017-04-24,PHP,2017-06-21,2017-09-20,0.23832496320358157,0.6122486123678216,48.469633438585056,0.37392364916424004,91,58,3.036995269019026,Jun17-Sep17,Jun-Sep
2017-04-25,PHP,2017-06-21,2017-09-20,0.2348247144117901,0.6097203111042971,48.556354572956955,0.37489559669250705,91,57,3.0396958653278916,Jun17-Sep17,Jun-Sep
2017-04-26,PHP,2017-06-21,2017-09-20,0.23499297351611736,0.6168565554798081,48.70456969615984,0.38186358196369075,91,56,3.0868055067373774,Jun17-Sep17,Jun-Sep
2017-04-27,PHP,2017-06-21,2017-09-20,0.2251064231548494,0.5975552323746911,48.66213506236794,0.3724488092198417,91,55,3.0139230929735543,Jun17-Sep17,Jun-Sep
2017-04-28,PHP,2017-06-21,2017-09-20,0.22935180586382461,0.6158520713010105,48.856991453160624,0.38650026543718585,91,54,3.1149438674291505,Jun17-Sep17,Jun-Sep
2017-05-01,PHP,2017-06-21,2017-09-20,0.21396579290730702,0.5957478939772077,48.720809651301785,0.38178210106990074,91,51,3.0864487672683794,Jun17-Sep17,Jun-Sep
2017-05-02,PHP,2017-06-21,2017-09-20,0.21785747572375813,0.6143580815409979,48.43811492666409,0.3965006058172398,91,50,3.2238053167221357,Jun17-Sep17,Jun-Sep
2017-05-03,PHP,2017-06-21,2017-09-20,0.21630977731467999,0.6180279351847999,48.53562773307206,0.40171815787011994,91,49,3.259798013436097,Jun17-Sep17,Jun-Sep
2017-05-04,PHP,2017-06-21,2017-09-20,0.21004357855899214,0.6082511962437481,48.57733856913662,0.398207617684756,91,48,3.2289636579052567,Jun17-Sep17,Jun-Sep
2017-05-05,PHP,2017-06-21,2017-09-20,0.21353097295818663,0.6269632823027607,48.59669459619828,0.41343230934457403,91,47,3.350847838837672,Jun17-Sep17,Jun-Sep
2017-05-08,PHP,2017-06-21,2017-09-20,0.2013896781648599,0.6179001489149111,48.528775999104795,0.4165104707500512,91,44,3.3813423523990895,Jun17-Sep17,Jun-Sep
2017-05-09,PHP,2017-06-21,2017-09-20,0.1993034727527405,0.6210852406713308,48.304849393410365,0.42178176791859023,91,43,3.4400914460830183,Jun17-Sep17,Jun-Sep
2017-05-10,PHP,2017-06-21,2017-09-20,0.19466883886160535,0.6164513230617503,48.43556083104877,0.42178248420014497,91,42,3.431178628419329,Jun17-Sep17,Jun-Sep
2017-05-11,PHP,2017-06-21,2017-09-20,0.18781536873711224,0.6046738700804588,48.50037552237899,0.41685850134334657,91,41,3.387085296417977,Jun17-Sep17,Jun-Sep
2017-05-12,PHP,2017-06-21,2017-09-20,0.17805382892775168,0.5831262897383868,48.643334287586356,0.4050724608106351,91,40,3.2823410438994483,Jun17-Sep17,Jun-Sep
2017-05-15,PHP,2017-06-21,2017-09-20,0.16715119918067628,0.5782527971655828,48.53151941942468,0.4111015979849065,91,37,3.3395901189278923,Jun17-Sep17,Jun-Sep
2017-05-16,PHP,2017-06-21,2017-09-20,0.16307656943278592,0.5752978977212171,48.45647969479515,0.41222132828843117,91,36,3.354135289646127,Jun17-Sep17,Jun-Sep
2017-05-17,PHP,2017-06-21,2017-09-20,0.15697936068006746,0.5651256984482428,48.476958389143874,0.4081463377681753,91,35,3.3199961331839987,Jun17-Sep17,Jun-Sep
2017-05-18,PHP,2017-06-21,2017-09-20,0.14930518761957717,0.5489161309543279,48.15410381490968,0.3996109433347507,91,34,3.2728092898488694,Jun17-Sep17,Jun-Sep
2017-05-19,PHP,2017-06-21,2017-09-20,0.1398985011369578,0.5256792163934171,48.22760421499109,0.3857807152564593,91,33,3.1553530392209823,Jun17-Sep17,Jun-Sep
2017-05-22,PHP,2017-06-21,2017-09-20,0.12885858471690217,0.5197296250248389,48.23912517345617,0.39087104030793673,91,30,3.1969557059353977,Jun17-Sep17,Jun-Sep
2017-05-23,PHP,2017-06-21,2017-09-20,0.12565274622065162,0.5199423981544203,48.213986402772875,0.39428965193376875,91,29,3.226807692245103,Jun17-Sep17,Jun-Sep
2017-05-24,PHP,2017-06-21,2017-09-20,0.11934846846156656,0.5072309909616578,48.33681547455239,0.38788252250009125,91,28,3.1667391388970962,Jun17-Sep17,Jun-Sep
2017-05-25,PHP,2017-06-21,2017-09-20,0.11405249777484117,0.4984516569418984,48.46347335962326,0.38439915916705725,91,27,3.1304599060793676,Jun17-Sep17,Jun-Sep
2017-05-26,PHP,2017-06-21,2017-09-20,0.10896477693279613,0.49034149619758255,48.18354193031936,0.38137671926478645,91,26,3.1241763331302854,Jun17-Sep17,Jun-Sep
2017-05-29,PHP,2017-06-21,2017-09-20,0.09868867742310372,0.48915257505364446,48.137207161853965,0.39046389763054073,91,23,3.2023710048251477,Jun17-Sep17,Jun-Sep
2017-05-30,PHP,2017-06-21,2017-09-20,0.09275413827587409,0.47641898296244417,48.13449704128095,0.3836648446865701,91,22,3.147172921628634,Jun17-Sep17,Jun-Sep
2017-05-31,PHP,2017-06-21,2017-09-20,0.08866748811014943,0.472893269920797,48.07250185430886,0.3842257818106476,91,21,3.1560987879700657,Jun17-Sep17,Jun-Sep
2017-06-01,PHP,2017-06-21,2017-09-20,0.08433138380169009,0.46803918009938006,48.06702114225222,0.38370779629769,91,20,3.15248654253086,Jun17-Sep17,Jun-Sep
2017-06-02,PHP,2017-06-21,2017-09-20,0.0784338222196611,0.45409054969277474,48.17851357084671,0.3756567274731136,91,19,3.0795866845087794,Jun17-Sep17,Jun-Sep
2017-06-05,PHP,2017-06-21,2017-09-20,0.06723812129236068,0.44965493614266205,48.08854878749031,0.3824168148503014,91,16,3.141590712542626,Jun17-Sep17,Jun-Sep
2017-06-06,PHP,2017-06-21,2017-09-20,0.062169579360391414,0.439331694146766,48.077932198053325,0.37716211478637457,91,15,3.099432384975584,Jun17-Sep17,Jun-Sep
2017-06-07,PHP,2017-06-21,2017-09-20,0.057777391833414724,0.4333304387506104,47.8538823364518,0.37555304691719565,91,14,3.100924430204139,Jun17-Sep17,Jun-Sep
2017-06-08,PHP,2017-06-21,2017-09-20,0.054337583846551976,0.4347006707724158,47.959271125998846,0.38036308692586385,91,13,3.1339720791007926,Jun17-Sep17,Jun-Sep
2017-06-09,PHP,2017-06-21,2017-09-20,0.047984006548830706,0.4118627228774635,47.8723432912632,0.3638787163286328,91,12,3.0039865702892445,Jun17-Sep17,Jun-Sep
2017-06-12,PHP,2017-06-21,2017-09-20,0.03529263371397532,0.39214037459972584,47.57480521307804,0.3568477408857505,91,9,2.9651385155768,Jun17-Sep17,Jun-Sep
2017-06-13,PHP,2017-06-21,2017-09-20,0.03100313972539074,0.3836638541017105,47.80387712865398,0.35266071437631974,91,8,2.916577359063246,Jun17-Sep17,Jun-Sep
2017-06-14,PHP,2017-06-21,2017-09-20,0.026875923841073728,0.3762629337750322,47.70360226912446,0.3493870099339585,91,7,2.8958234262425897,Jun17-Sep17,Jun-Sep
2017-06-15,PHP,2017-06-21,2017-09-20,0.026356007010770652,0.3652189542921076,47.25792641749283,0.3388629472813369,91,6,2.835100049704625,Jun17-Sep17,Jun-Sep
2017-06-16,PHP,2017-06-21,2017-09-20,0.026617495090411343,0.36503993266849843,47.353799771921494,0.3384224375780871,91,5,2.8256695824893168,Jun17-Sep17,Jun-Sep
2017-06-19,PHP,2017-06-21,2017-09-20,0.025824502201158006,0.343096957815385,47.17609645494336,0.317272455614227,91,2,2.6590947041995117,Jun17-Sep17,Jun-Sep
2017-06-20,PHP,2017-06-21,2017-09-20,0.025841506405394454,0.3396312270423272,46.81000463217182,0.3137897206369327,91,1,2.650461196156266,Jun17-Sep17,Jun-Sep
2017-06-21,PHP,2017-09-20,2017-12-20,0.34462102977934356,0.6892420595586871,47.099952131129506,0.34462102977934356,91,91,2.873534002214431,Sep17-Dec17,Sep-Dec
2017-06-22,PHP,2017-09-20,2017-12-20,0.32985221520813907,0.6633694550297019,47.17673482225007,0.33351723982156284,91,90,2.777317721839744,Sep17-Dec17,Sep-Dec
2017-06-23,PHP,2017-09-20,2017-12-20,0.3233574583326244,0.6539813764030605,47.18037989705319,0.3306239180704361,91,89,2.753389155512067,Sep17-Dec17,Sep-Dec
2017-06-26,PHP,2017-09-20,2017-12-20,0.30840028486234966,0.6347308188446034,47.09451467373594,0.3263305339822537,91,86,2.7234146629181235,Sep17-Dec17,Sep-Dec
2017-06-27,PHP,2017-09-20,2017-12-20,0.2961056407542946,0.6131128561500688,47.293176799218024,0.31700721539577426,91,85,2.635245614536557,Sep17-Dec17,Sep-Dec
2017-06-28,PHP,2017-09-20,2017-12-20,0.29033240341173466,0.6048591737744472,47.09290818085975,0.31452677036271254,91,84,2.6259954227792828,Sep17-Dec17,Sep-Dec
2017-06-29,PHP,2017-09-20,2017-12-20,0.2814874729554768,0.5901062686054575,47.14372516743357,0.3086187956499806,91,83,2.574389134552701,Sep17-Dec17,Sep-Dec
2017-06-30,PHP,2017-09-20,2017-12-20,0.2621599444526903,0.55309354134531,47.29107767308152,0.29093359689261966,91,82,2.4203317276820253,Sep17-Dec17,Sep-Dec
2017-07-03,PHP,2017-09-20,2017-12-20,0.24851826220097017,0.5403478921698759,47.672214168744595,0.2918296299689057,91,79,2.4091677761742556,Sep17-Dec17,Sep-Dec
2017-07-04,PHP,2017-09-20,2017-12-20,0.24009456546876323,0.5254515612945228,47.61683194267734,0.2853569958257595,91,78,2.358874463990464,Sep17-Dec17,Sep-Dec
2017-07-05,PHP,2017-09-20,2017-12-20,0.2389362167579842,0.5262589710193672,47.67032251877649,0.28732275426138304,91,77,2.3725298103737793,Sep17-Dec17,Sep-Dec
2017-07-06,PHP,2017-09-20,2017-12-20,0.24524425505437514,0.5435383247821299,47.79095946242209,0.2982940697277548,91,76,2.456614720452806,Sep17-Dec17,Sep-Dec
2017-07-07,PHP,2017-09-20,2017-12-20,0.24356908553954915,0.5434113097146085,47.51706549019356,0.29984222417505935,91,75,2.483612349902102,Sep17-Dec17,Sep-Dec
2017-07-10,PHP,2017-09-20,2017-12-20,0.23691148036915055,0.5397306638516194,47.539577365920145,0.30281918348246883,91,72,2.50743834366773,Sep17-Dec17,Sep-Dec
2017-07-11,PHP,2017-09-20,2017-12-20,0.23492200483423903,0.5390977912396063,47.49792081580517,0.3041757864053673,91,71,2.5209744701472947,Sep17-Dec17,Sep-Dec
2017-07-12,PHP,2017-09-20,2017-12-20,0.24270833891236526,0.5610000100461244,47.499952246017905,0.31829167113375917,91,70,2.6374228549912084,Sep17-Dec17,Sep-Dec
2017-07-13,PHP,2017-09-20,2017-12-20,0.2499099726158466,0.5819826303675525,47.85257426804341,0.3320726577517059,91,69,2.731031570206671,Sep17-Dec17,Sep-Dec
2017-07-14,PHP,2017-09-20,2017-12-20,0.24896172789039128,0.5842897966794233,47.5794582229473,0.335328068789032,91,68,2.7736073681470605,Sep17-Dec17,Sep-Dec
2017-07-17,PHP,2017-09-20,2017-12-20,0.22569458162639452,0.5429012191078944,47.60575217540421,0.3172066374814998,91,65,2.6235530934285665,Sep17-Dec17,Sep-Dec
2017-07-18,PHP,2017-09-20,2017-12-20,0.2225252556245253,0.5398554065430912,47.67701541140392,0.31733015091856587,91,64,2.6208435574331714,Sep17-Dec17,Sep-Dec
2017-07-19,PHP,2017-09-20,2017-12-20,0.21829923515694594,0.5342393044604112,47.74771449335027,0.3159400693034653,91,63,2.605746662031327,Sep17-Dec17,Sep-Dec
2017-07-20,PHP,2017-09-20,2017-12-20,0.2244129784128124,0.5541036476912831,47.87948496588228,0.3296906692784707,91,62,2.7113619380149907,Sep17-Dec17,Sep-Dec
2017-07-21,PHP,2017-09-20,2017-12-20,0.22228910451091452,0.5539007194370329,47.78833324899826,0.33161161492611835,91,61,2.732458070055728,Sep17-Dec17,Sep-Dec
2017-07-24,PHP,2017-09-20,2017-12-20,0.2177379067470593,0.5593611742295145,47.8168983383917,0.3416232674824552,91,58,2.813546157965784,Sep17-Dec17,Sep-Dec
2017-07-25,PHP,2017-09-20,2017-12-20,0.21093140006011551,0.5476815299806508,47.914673997897324,0.33675012992053527,91,57,2.768169470603022,Sep17-Dec17,Sep-Dec
2017-07-26,PHP,2017-09-20,2017-12-20,0.20465615951474556,0.537222418726207,48.25915461227076,0.33256625921146143,91,56,2.7146993164301096,Sep17-Dec17,Sep-Dec
2017-07-27,PHP,2017-09-20,2017-12-20,0.1914350667500999,0.5081730862820834,47.96622389612513,0.31673801953198344,91,55,2.601931976769853,Sep17-Dec17,Sep-Dec
2017-07-28,PHP,2017-09-20,2017-12-20,0.18912077142554184,0.5078242936426587,48.31949768261106,0.31870352221711684,91,54,2.5991363659049402,Sep17-Dec17,Sep-Dec
2017-07-31,PHP,2017-09-20,2017-12-20,0.17340657371446244,0.48281830328340525,48.25182836426801,0.3094117295689428,91,51,2.5277035914393884,Sep17-Dec17,Sep-Dec
2017-08-01,PHP,2017-09-20,2017-12-20,0.16115524986866522,0.4544578046296359,48.07682390503378,0.29330255476097067,91,50,2.405403002742616,Sep17-Dec17,Sep-Dec
2017-08-02,PHP,2017-09-20,2017-12-20,0.1515275429401221,0.43854668232045313,48.09296013150583,0.287019139380331,91,49,2.3535545434259073,Sep17-Dec17,Sep-Dec
2017-08-03,PHP,2017-09-20,2017-12-20,0.14299908659507793,0.41938566457069076,47.95692781714109,0.27638657797561283,91,48,2.2731790289834244,Sep17-Dec17,Sep-Dec
2017-08-04,PHP,2017-09-20,2017-12-20,0.13924001152672655,0.4137968140048016,47.871383157370936,0.27455680247807507,91,47,2.262330099763822,Sep17-Dec17,Sep-Dec
2017-08-07,PHP,2017-09-20,2017-12-20,0.12805778529386724,0.39695392141374447,48.05825417964456,0.2688961361198772,91,44,2.2076081167503228,Sep17-Dec17,Sep-Dec
2017-08-08,PHP,2017-09-20,2017-12-20,0.12345731885138772,0.3884548302460201,47.923347855023756,0.2649975113946324,91,43,2.1819178185221513,Sep17-Dec17,Sep-Dec
2017-08-09,PHP,2017-09-20,2017-12-20,0.11804316653973593,0.37722118656567005,47.938336688659426,0.25917802002593415,91,42,2.13357652564025,Sep17-Dec17,Sep-Dec
2017-08-10,PHP,2017-09-20,2017-12-20,0.11681648762555111,0.37918808769970447,47.76656705378042,0.2623716000741534,91,41,2.167669671491321,Sep17-Dec17,Sep-Dec
2017-08-11,PHP,2017-09-20,2017-12-20,0.1090182505964834,0.3598182331534442,47.71649914218948,0.2507999825569608,91,40,2.0745740124916554,Sep17-Dec17,Sep-Dec
2017-08-14,PHP,2017-09-20,2017-12-20,0.10042021169186392,0.34925929094803315,47.81930630639432,0.24883907925616922,91,37,2.0543070819641724,Sep17-Dec17,Sep-Dec
2017-08-15,PHP,2017-09-20,2017-12-20,0.09401890186678073,0.333224975308457,47.74163487711428,0.23920607344167627,91,36,1.9782519236806697,Sep17-Dec17,Sep-Dec
2017-08-16,PHP,2017-09-20,2017-12-20,0.09028796919286083,0.326278154095257,47.885078608379395,0.23599018490239618,91,35,1.9459727173929897,Sep17-Dec17,Sep-Dec
2017-08-17,PHP,2017-09-20,2017-12-20,0.09385625521020106,0.3459904969748038,47.86638030483613,0.2521342417646027,91,34,2.079752342330079,Sep17-Dec17,Sep-Dec
2017-08-18,PHP,2017-09-20,2017-12-20,0.09384275134392893,0.3532424315401489,47.91991366222302,0.25939968019621995,91,33,2.1372969200760275,Sep17-Dec17,Sep-Dec
2017-08-21,PHP,2017-09-20,2017-12-20,0.08377192469075842,0.3378800962527256,47.98726249692298,0.2541081715619672,91,30,2.091203379299713,Sep17-Dec17,Sep-Dec
2017-08-22,PHP,2017-09-20,2017-12-20,0.08375809106355983,0.3465852044009373,47.5294894877525,0.2628271133373775,91,29,2.1837527706583226,Sep17-Dec17,Sep-Dec
2017-08-23,PHP,2017-09-20,2017-12-20,0.08044226151053986,0.3418796114197944,47.853457938245135,0.26143734990925455,91,28,2.157674722237406,Sep17-Dec17,Sep-Dec
2017-08-24,PHP,2017-09-20,2017-12-20,0.08149489062001633,0.3561628553022935,47.948461199385875,0.27466796468227717,91,27,2.2623350718122657,Sep17-Dec17,Sep-Dec
2017-08-25,PHP,2017-09-20,2017-12-20,0.07641361090342987,0.34386124906543447,48.12726391776353,0.2674476381620046,91,26,2.194925090268874,Sep17-Dec17,Sep-Dec
2017-08-28,PHP,2017-09-20,2017-12-20,0.06814648423699524,0.33776953056597636,47.87605971759714,0.26962304632898115,91,23,2.224753953271443,Sep17-Dec17,Sep-Dec
2017-08-29,PHP,2017-09-20,2017-12-20,0.06700058988944456,0.3441393935230561,48.000439448458216,0.27713880363361154,91,22,2.2809063437231534,Sep17-Dec17,Sep-Dec
2017-08-30,PHP,2017-09-20,2017-12-20,0.06371524431162415,0.3398146363286621,47.99452387894817,0.2760993920170379,91,21,2.2727868331899566,Sep17-Dec17,Sep-Dec
2017-08-31,PHP,2017-09-20,2017-12-20,0.06136349775949107,0.3405674125651754,47.9896830601405,0.27920391480568435,91,20,2.298686581862281,Sep17-Dec17,Sep-Dec
2017-09-01,PHP,2017-09-20,2017-12-20,0.05634221753710106,0.3319304855272388,48.15330046103869,0.27558826799013775,91,19,2.2614548487900588,Sep17-Dec17,Sep-Dec
2017-09-04,PHP,2017-09-20,2017-12-20,0.04707721490023613,0.3196691225567694,48.22961311756569,0.27259190765653324,91,16,2.233760353753813,Sep17-Dec17,Sep-Dec
2017-09-05,PHP,2017-09-20,2017-12-20,0.045055590205088265,0.32293351459616276,48.26091138961432,0.2778779243910745,91,15,2.2756966727622414,Sep17-Dec17,Sep-Dec
2017-09-06,PHP,2017-09-20,2017-12-20,0.042889635750211444,0.32591624617502796,48.329382674095285,0.2830266104248165,91,14,2.3146849591822507,Sep17-Dec17,Sep-Dec
2017-09-07,PHP,2017-09-20,2017-12-20,0.039816698196816734,0.3224802252504407,48.40054811331839,0.28266352705362396,91,13,2.308465970778001,Sep17-Dec17,Sep-Dec
2017-09-08,PHP,2017-09-20,2017-12-20,0.03722155696383936,0.32313407627611007,48.48017818478096,0.2859125193122707,91,12,2.3312924847648646,Sep17-Dec17,Sep-Dec
2017-09-11,PHP,2017-09-20,2017-12-20,0.027439662637394762,0.30762970951901936,48.618081262389886,0.2801900468816246,91,9,2.278615010039835,Sep17-Dec17,Sep-Dec
2017-09-12,PHP,2017-09-20,2017-12-20,0.024989873008367535,0.31169915841200235,48.8146358166936,0.28670928540363483,91,8,2.322365332750502,Sep17-Dec17,Sep-Dec
2017-09-13,PHP,2017-09-20,2017-12-20,0.022931137801293324,0.3231799941064241,48.8321717420899,0.3002488563051308,91,7,2.4312663432828705,Sep17-Dec17,Sep-Dec
2017-09-14,PHP,2017-09-20,2017-12-20,0.022583752351732125,0.31479482849133905,49.1185054239273,0.29221107613960695,91,6,2.352409930322005,Sep17-Dec17,Sep-Dec
2017-09-15,PHP,2017-09-20,2017-12-20,0.022121335835624513,0.3049125450658491,48.919861097735684,0.28279120923022455,91,5,2.285838044292569,Sep17-Dec17,Sep-Dec
2017-09-18,PHP,2017-09-20,2017-12-20,0.020879852492684543,0.2780141757676646,48.65929169645099,0.25713432327498004,91,2,2.0896283910189073,Sep17-Dec17,Sep-Dec
2017-09-19,PHP,2017-09-20,2017-12-20,0.02107454758906959,0.2772820487148038,48.19213255293942,0.2562075011257342,91,1,2.1022624240868972,Sep17-Dec17,Sep-Dec
2017-09-20,PHP,2017-12-20,2018-03-21,0.27142623404595717,0.5522674752982776,48.42003706129727,0.2808412412523204,91,91,2.281755814823472,Dec17-Mar18,Dec-Mar
2017-09-21,PHP,2017-12-20,2018-03-21,0.27190548600943404,0.556278079046866,48.579094086307975,0.28437259303743195,91,90,2.302901655645477,Dec17-Mar18,Dec-Mar
2017-09-22,PHP,2017-12-20,2018-03-21,0.2520096935444606,0.5190589871843224,48.22179898950911,0.2670492936398618,91,89,2.1794424097711174,Dec17-Mar18,Dec-Mar
2017-09-25,PHP,2017-12-20,2018-03-21,0.24267704773370613,0.5088789984703007,48.42397193500913,0.2662019507365946,91,86,2.1639184951321595,Dec17-Mar18,Dec-Mar
2017-09-26,PHP,2017-12-20,2018-03-21,0.2450119465757638,0.5167228210955818,48.36325890494267,0.27171087451981796,91,85,2.211352397658856,Dec17-Mar18,Dec-Mar
2017-09-27,PHP,2017-12-20,2018-03-21,0.2413412339405583,0.5122223914789379,48.48764967141267,0.2708811575383796,91,84,2.1991380206647126,Dec17-Mar18,Dec-Mar
2017-09-28,PHP,2017-12-20,2018-03-21,0.24877230002763595,0.5309685070081333,48.57867739619776,0.2821962069804973,91,83,2.286379087970297,Dec17-Mar18,Dec-Mar
2017-09-29,PHP,2017-12-20,2018-03-21,0.2418494448443076,0.5196279605056457,48.26375770438729,0.27777851566133815,91,82,2.265519560697425,Dec17-Mar18,Dec-Mar
2017-10-02,PHP,2017-12-20,2018-03-21,0.22695050183981735,0.4856572457880335,47.99915676096159,0.25870674394821613,91,79,2.122201663938995,Dec17-Mar18,Dec-Mar
2017-10-03,PHP,2017-12-20,2018-03-21,0.2271482375435589,0.49002785970115204,48.016460794779896,0.26287962215759314,91,78,2.1556499633078317,Dec17-Mar18,Dec-Mar
2017-10-04,PHP,2017-12-20,2018-03-21,0.23717595855337764,0.5159408249412741,48.21123122013665,0.2787648663878965,91,77,2.276248341382653,Dec17-Mar18,Dec-Mar
2017-10-05,PHP,2017-12-20,2018-03-21,0.23934409805061668,0.5250040552713087,48.107090628702025,0.285659957220692,91,76,2.3374698747359326,Dec17-Mar18,Dec-Mar
2017-10-06,PHP,2017-12-20,2018-03-21,0.2462235164954164,0.5446673644577564,48.060842123520366,0.29844384796234,91,75,2.4440668571097977,Dec17-Mar18,Dec-Mar
2017-10-09,PHP,2017-12-20,2018-03-21,0.23481535473685003,0.533186014240322,48.131342721823216,0.29837065950347197,91,72,2.4404821286841387,Dec17-Mar18,Dec-Mar
2017-10-10,PHP,2017-12-20,2018-03-21,0.2345913210744532,0.5374946780337976,47.897584438448774,0.30290335695934434,91,71,2.48960072063089,Dec17-Mar18,Dec-Mar
2017-10-11,PHP,2017-12-20,2018-03-21,0.2364339331665769,0.5466974236897957,48.10027034105173,0.3102634905232188,91,70,2.539304292452818,Dec17-Mar18,Dec-Mar
2017-10-12,PHP,2017-12-20,2018-03-21,0.23798708268131696,0.5554125106542276,47.95161060062661,0.3174254279729106,91,69,2.605850652830595,Dec17-Mar18,Dec-Mar
2017-10-13,PHP,2017-12-20,2018-03-21,0.24449153332218104,0.5759040749041735,47.820798101028025,0.33141254158199246,91,68,2.727711810448854,Dec17-Mar18,Dec-Mar
2017-10-16,PHP,2017-12-20,2018-03-21,0.23170903659694514,0.5623670087793684,47.38478026915909,0.33065797218242327,91,65,2.7471522815771343,Dec17-Mar18,Dec-Mar
2017-10-17,PHP,2017-12-20,2018-03-21,0.22232543127642296,0.545413216965656,47.29350623396574,0.3230877856892331,91,64,2.689944460726962,Dec17-Mar18,Dec-Mar
2017-10-18,PHP,2017-12-20,2018-03-21,0.21703739284934973,0.5382921124520441,47.6554228402776,0.32125471960269436,91,63,2.654757632354553,Dec17-Mar18,Dec-Mar
2017-10-19,PHP,2017-12-20,2018-03-21,0.2165862926656076,0.5430764305064297,48.17798867231803,0.32649013784082215,91,62,2.6689134834796966,Dec17-Mar18,Dec-Mar
2017-10-20,PHP,2017-12-20,2018-03-21,0.20975162926326477,0.5320084297877328,48.078680293387634,0.32225680052446803,91,61,2.6400982952831122,Dec17-Mar18,Dec-Mar
2017-10-23,PHP,2017-12-20,2018-03-21,0.20570321793629567,0.5377879567944756,48.052198957081245,0.3320847388581799,91,58,2.722335130295884,Dec17-Mar18,Dec-Mar
2017-10-24,PHP,2017-12-20,2018-03-21,0.20079033994367773,0.5306442464746834,47.79714923843439,0.3298539065310057,91,57,2.7186928538434856,Dec17-Mar18,Dec-Mar
2017-10-25,PHP,2017-12-20,2018-03-21,0.19466572986075786,0.5203174884050528,47.93115867718339,0.3256517585442949,91,56,2.6769259270614567,Dec17-Mar18,Dec-Mar
2017-10-26,PHP,2017-12-20,2018-03-21,0.18725311677482492,0.5064173098541063,48.06205647441724,0.31916419307928134,91,55,2.616882164149,Dec17-Mar18,Dec-Mar
2017-10-27,PHP,2017-12-20,2018-03-21,0.18917908577556747,0.5173344585058538,48.10412589131733,0.32815537273028633,91,54,2.6881512448750216,Dec17-Mar18,Dec-Mar
2017-10-30,PHP,2017-12-20,2018-03-21,0.17590327715485968,0.49916717467466765,48.328795201813,0.323263897519808,91,51,2.6365408467490297,Dec17-Mar18,Dec-Mar
2017-10-31,PHP,2017-12-20,2018-03-21,0.16764520516375545,0.4821316033421823,48.199498870587504,0.31448639817842683,91,50,2.5722461777426324,Dec17-Mar18,Dec-Mar
2017-11-01,PHP,2017-12-20,2018-03-21,0.16549107683969272,0.4658400401778534,47.868923043427685,0.3003489633381607,91,49,2.47363004812141,Dec17-Mar18,Dec-Mar
2017-11-02,PHP,2017-12-20,2018-03-21,0.1594451428736009,0.4553628634036464,48.02627167060201,0.2959177205300455,91,48,2.4294824010209144,Dec17-Mar18,Dec-Mar
2017-11-03,PHP,2017-12-20,2018-03-21,0.1586865701321421,0.4602017480979078,48.28847849581812,0.3015151779657657,91,47,2.462078629003907,Dec17-Mar18,Dec-Mar
2017-11-06,PHP,2017-12-20,2018-03-21,0.1517221190611504,0.4618980881061107,48.18325350094046,0.3101759690449603,91,44,2.5386787764150824,Dec17-Mar18,Dec-Mar
2017-11-07,PHP,2017-12-20,2018-03-21,0.14669627748542957,0.4542895071357524,47.887967813691176,0.3075932296503228,91,43,2.5332795806970516,Dec17-Mar18,Dec-Mar
2017-11-08,PHP,2017-12-20,2018-03-21,0.1470131286011065,0.46343566724891405,47.96309850045485,0.31642253864780756,91,42,2.601909305938399,Dec17-Mar18,Dec-Mar
2017-11-09,PHP,2017-12-20,2018-03-21,0.14635465798322098,0.46986665040327,47.81288158818029,0.323511992420049,91,41,2.6685739025367265,Dec17-Mar18,Dec-Mar
2017-11-10,PHP,2017-12-20,2018-03-21,0.14072932774559332,0.4603655463723741,47.64654904486617,0.31963621862678077,91,40,2.646091122770291,Dec17-Mar18,Dec-Mar
2017-11-13,PHP,2017-12-20,2018-03-21,0.13154507959890135,0.45710428393633257,47.694115967660515,0.32555920433743124,91,37,2.692961256470463,Dec17-Mar18,Dec-Mar
2017-11-14,PHP,2017-12-20,2018-03-21,0.12377342576939017,0.4395685865207529,47.39804314388988,0.31579516075136277,91,36,2.6288968461612736,Dec17-Mar18,Dec-Mar
2017-11-15,PHP,2017-12-20,2018-03-21,0.1163982825086539,0.422898280026961,47.39275498154522,0.3064999975183071,91,35,2.552197585948616,Dec17-Mar18,Dec-Mar
2017-11-16,PHP,2017-12-20,2018-03-21,0.11976064412153736,0.4451816068815028,47.79810122673592,0.32542096275996546,91,34,2.686638306955724,Dec17-Mar18,Dec-Mar
2017-11-17,PHP,2017-12-20,2018-03-21,0.11505939700184768,0.4382576767732181,47.78892374377552,0.3231982797713704,91,33,2.669061145783795,Dec17-Mar18,Dec-Mar
2017-11-20,PHP,2017-12-20,2018-03-21,0.10377096731765868,0.4278309780128079,47.76725056243483,0.3240600106951492,91,30,2.6780202421819985,Dec17-Mar18,Dec-Mar
2017-11-21,PHP,2017-12-20,2018-03-21,0.09991149989712642,0.42274634683570916,47.92860364972529,0.3228348469385828,91,29,2.659147052647989,Dec17-Mar18,Dec-Mar
2017-11-22,PHP,2017-12-20,2018-03-21,0.09502745693951149,0.4132188489629066,48.096807274197076,0.31819139202339514,91,28,2.612017451300888,Dec17-Mar18,Dec-Mar
2017-11-23,PHP,2017-12-20,2018-03-21,0.09159181286866477,0.409668575082565,48.231925471773835,0.31807676221390024,91,27,2.603961225136733,Dec17-Mar18,Dec-Mar
2017-11-24,PHP,2017-12-20,2018-03-21,0.086719791431415,0.3995687556432277,47.98128446670963,0.3128489642118127,91,26,2.574777699066101,Dec17-Mar18,Dec-Mar
2017-11-27,PHP,2017-12-20,2018-03-21,0.08088520983689537,0.4102751683036778,48.167317918177524,0.32938995846678243,91,23,2.700786909963684,Dec17-Mar18,Dec-Mar
2017-11-28,PHP,2017-12-20,2018-03-21,0.07775372498313565,0.4087105120630358,48.02969040602921,0.33095678707990017,91,22,2.7215738039908524,Dec17-Mar18,Dec-Mar
2017-11-29,PHP,2017-12-20,2018-03-21,0.0774939310156208,0.4226192935679469,47.922830492413226,0.3451253625523261,91,21,2.844420576324668,Dec17-Mar18,Dec-Mar
2017-11-30,PHP,2017-12-20,2018-03-21,0.07565585930072372,0.4292247600250096,48.00723894510608,0.3535689007242859,91,20,2.909005621323767,Dec17-Mar18,Dec-Mar
2017-12-01,PHP,2017-12-20,2018-03-21,0.07571730353504605,0.44769662062227183,47.99974817181628,0.37197931708722576,91,19,3.06095118286638,Dec17-Mar18,Dec-Mar
2017-12-04,PHP,2017-12-20,2018-03-21,0.06349704580235943,0.4261659670760554,47.944305040513036,0.362668921273696,91,16,2.9885438026723117,Dec17-Mar18,Dec-Mar
2017-12-05,PHP,2017-12-20,2018-03-21,0.05842560179921628,0.4180698627112898,47.857217881230234,0.3596442609120735,91,15,2.969319414881716,Dec17-Mar18,Dec-Mar
2017-12-06,PHP,2017-12-20,2018-03-21,0.05342328249304906,0.40991251766250614,47.50919467528167,0.3564892351694571,91,14,2.9651166078345423,Dec17-Mar18,Dec-Mar
2017-12-07,PHP,2017-12-20,2018-03-21,0.049123736340015614,0.40222869043324644,47.51382709605384,0.35310495409323084,91,13,2.936947130156419,Dec17-Mar18,Dec-Mar
2017-12-08,PHP,2017-12-20,2018-03-21,0.04505545491882891,0.39599143035362805,47.65084611606818,0.35093597543479915,91,12,2.9107703153717117,Dec17-Mar18,Dec-Mar
2017-12-11,PHP,2017-12-20,2018-03-21,0.0339595118236872,0.3865432164150065,47.39300878076445,0.35258370459131927,91,9,2.9410200224964687,Dec17-Mar18,Dec-Mar
2017-12-12,PHP,2017-12-20,2018-03-21,0.02984507953181303,0.3785680673855214,47.495356350866,0.34872298785370837,91,8,2.9028040427197124,Dec17-Mar18,Dec-Mar
2017-12-13,PHP,2017-12-20,2018-03-21,0.026829403944717552,0.3848680030086673,47.60407431062487,0.35803859906394975,91,7,2.9737341209088344,Dec17-Mar18,Dec-Mar
2017-12-14,PHP,2017-12-20,2018-03-21,0.026021595229316637,0.36979653317228756,47.37379221719928,0.3437749379429709,91,6,2.869185880920205,Dec17-Mar18,Dec-Mar
2017-12-15,PHP,2017-12-20,2018-03-21,0.026253009778732676,0.36929659258639463,47.59876605043497,0.34304358280766195,91,5,2.849543200623394,Dec17-Mar18,Dec-Mar
2017-12-18,PHP,2017-12-20,2018-03-21,0.026718443562777777,0.3642528326492861,47.721730192655116,0.33753438908650835,91,2,2.7965324906699425,Dec17-Mar18,Dec-Mar
2017-12-19,PHP,2017-12-20,2018-03-21,0.027253072258083464,0.3674655027618748,47.73737504530621,0.3402124305037913,91,1,2.8177657452976357,Dec17-Mar18,Dec-Mar
2017-12-20,PHP,2018-03-21,2018-06-20,0.3676105383460521,0.7259426941010461,47.71739618258549,0.35833215575499394,91,91,2.9480660515612893,Mar18-Jun18,Mar-Jun
2017-12-21,PHP,2018-03-21,2018-06-20,0.38133682029404653,0.7574587085628377,48.07614645590632,0.37612188826879117,91,90,3.0706397076803627,Mar18-Jun18,Mar-Jun
2017-12-22,PHP,2018-03-21,2018-06-20,0.3662479877765584,0.731210746916113,47.86142491816741,0.36496275913955456,91,89,2.9937349875681494,Mar18-Jun18,Mar-Jun
2017-12-25,PHP,2018-03-21,2018-06-20,0.34724432560985397,0.7048571072546929,47.728789207943755,0.3576127816448389,91,86,2.9426967647876787,Mar18-Jun18,Mar-Jun
2017-12-26,PHP,2018-03-21,2018-06-20,0.34782754540862926,0.71025111017335,47.82877641856225,0.3624235647647207,91,85,2.976057743687506,Mar18-Jun18,Mar-Jun
2017-12-27,PHP,2018-03-21,2018-06-20,0.3427311899699352,0.7039779216851902,47.68800884548867,0.36124673171525506,91,84,2.9754027287269054,Mar18-Jun18,Mar-Jun
2017-12-28,PHP,2018-03-21,2018-06-20,0.3268905355289999,0.6751056704380781,47.765418029320784,0.34821513490907824,91,83,2.864396451258986,Mar18-Jun18,Mar-Jun
2017-12-29,PHP,2018-03-21,2018-06-20,0.313808612115556,0.6517271658084985,47.88295571270804,0.33791855369294255,91,82,2.7736730270159082,Mar18-Jun18,Mar-Jun
2018-01-01,PHP,2018-03-21,2018-06-20,0.2831076420303984,0.6092189765211106,47.78500610375343,0.32611133449071217,91,79,2.6839221955584796,Mar18-Jun18,Mar-Jun
2018-01-02,PHP,2018-03-21,2018-06-20,0.2824828624518154,0.6120462019789334,47.745750258014326,0.329563339527118,91,78,2.714584678140831,Mar18-Jun18,Mar-Jun
2018-01-03,PHP,2018-03-21,2018-06-20,0.28677861396337406,0.625698794101907,47.99236133417048,0.3389201801385329,91,77,2.777147918663828,Mar18-Jun18,Mar-Jun
2018-01-04,PHP,2018-03-21,2018-06-20,0.2764919366707578,0.6075546503160072,48.0707950244049,0.3310627136452494,91,76,2.708939280175551,Mar18-Jun18,Mar-Jun
2018-01-05,PHP,2018-03-21,2018-06-20,0.2699090703773521,0.597398742435206,47.99297470392829,0.32748967205785384,91,75,2.684388988999918,Mar18-Jun18,Mar-Jun
2018-01-08,PHP,2018-03-21,2018-06-20,0.2552863978904348,0.5779400396686232,48.21279423897303,0.3226536417781884,91,72,2.633551757527967,Mar18-Jun18,Mar-Jun
2018-01-09,PHP,2018-03-21,2018-06-20,0.25949276880633054,0.5920820922059936,48.207545808360145,0.3325893233996631,91,71,2.7147067807436724,Mar18-Jun18,Mar-Jun
2018-01-10,PHP,2018-03-21,2018-06-20,0.26546068506856213,0.6105595756576929,48.10916874253159,0.3450988905891308,91,70,2.8221950152525763,Mar18-Jun18,Mar-Jun
2018-01-11,PHP,2018-03-21,2018-06-20,0.24418845161151337,0.5662340906933644,47.89693465661368,0.322045639081851,91,69,2.64644159047965,Mar18-Jun18,Mar-Jun
2018-01-12,PHP,2018-03-21,2018-06-20,0.23684940350832745,0.5538096346738833,48.067899801164884,0.3169602311655559,91,68,2.5958288314381446,Mar18-Jun18,Mar-Jun
2018-01-15,PHP,2018-03-21,2018-06-20,0.2276136391743668,0.5462727340184803,48.030588497824354,0.3186590948441135,91,65,2.6122593266482435,Mar18-Jun18,Mar-Jun
2018-01-16,PHP,2018-03-21,2018-06-20,0.2286238673097388,0.5536984286407737,48.0667427940617,0.32507456133103485,91,64,2.6628004765639113,Mar18-Jun18,Mar-Jun
2018-01-17,PHP,2018-03-21,2018-06-20,0.22321058436594848,0.5456258728945407,48.04019454453002,0.3224152885285922,91,63,2.6427663985027037,Mar18-Jun18,Mar-Jun
2018-01-18,PHP,2018-03-21,2018-06-20,0.2143151564041468,0.5288744988682977,47.79487722379901,0.31455934246415096,91,62,2.592025659830964,Mar18-Jun18,Mar-Jun
2018-01-19,PHP,2018-03-21,2018-06-20,0.20483602044743418,0.5104110673444262,47.82170105258299,0.305575046896992,91,61,2.517084076989517,Mar18-Jun18,Mar-Jun
2018-01-22,PHP,2018-03-21,2018-06-20,0.19924369536172876,0.5118501829120273,47.995292166941454,0.3126064875502986,91,58,2.5660274210894407,Mar18-Jun18,Mar-Jun
2018-01-23,PHP,2018-03-21,2018-06-20,0.1993762066686642,0.517678571701093,47.69784121910999,0.3183023650324288,91,57,2.6290006289661294,Mar18-Jun18,Mar-Jun
2018-01-24,PHP,2018-03-21,2018-06-20,0.1929583483684289,0.5065156644671258,47.66619234317117,0.3135573160986969,91,56,2.591869072688942,Mar18-Jun18,Mar-Jun
2018-01-25,PHP,2018-03-21,2018-06-20,0.19057777790297914,0.5058973740697266,47.59027881290569,0.31531959616674743,91,55,2.6107070313127188,Mar18-Jun18,Mar-Jun
2018-01-26,PHP,2018-03-21,2018-06-20,0.18947157120602634,0.5087662560161819,47.43294191454703,0.31929468481015555,91,54,2.652414515736459,Mar18-Jun18,Mar-Jun
2018-01-29,PHP,2018-03-21,2018-06-20,0.18623404861508436,0.5185340177125879,47.33587575863754,0.33229996909750353,91,51,2.7662771911299515,Mar18-Jun18,Mar-Jun
2018-01-30,PHP,2018-03-21,2018-06-20,0.18540025522769762,0.5228287197421073,47.07048131783632,0.33742846451440967,91,50,2.824795122223097,Mar18-Jun18,Mar-Jun
2018-01-31,PHP,2018-03-21,2018-06-20,0.17903042225576032,0.5115154921593152,46.977403331398484,0.3324850699035549,91,49,2.7892812211755467,Mar18-Jun18,Mar-Jun
2018-02-01,PHP,2018-03-21,2018-06-20,0.17261125892028711,0.4998534372899981,46.84055019450472,0.327242178369711,91,48,2.7536638717323885,Mar18-Jun18,Mar-Jun
2018-02-02,PHP,2018-03-21,2018-06-20,0.1648567327031472,0.48404742793690037,46.72567637674095,0.31919069523375315,91,47,2.6929367976211873,Mar18-Jun18,Mar-Jun
2018-02-05,PHP,2018-03-21,2018-06-20,0.1522055766707125,0.46699438296695883,46.99168342422269,0.31478880629624634,91,44,2.641526571036516,Mar18-Jun18,Mar-Jun
2018-02-06,PHP,2018-03-21,2018-06-20,0.1522641394218422,0.4744975507564385,46.815002331839956,0.3222334113345963,91,43,2.7141659183543356,Mar18-Jun18,Mar-Jun
2018-02-07,PHP,2018-03-21,2018-06-20,0.1488694527459196,0.4714199336954121,47.169928289369864,0.32255048094949246,91,42,2.6966532151419917,Mar18-Jun18,Mar-Jun
2018-02-08,PHP,2018-03-21,2018-06-20,0.1400701979191944,0.45095771037399174,47.03995604967936,0.31088751245479734,91,41,2.6067909716750983,Mar18-Jun18,Mar-Jun
2018-02-09,PHP,2018-03-21,2018-06-20,0.13538801730891248,0.4433957566866883,47.138730459788526,0.3080077393777758,91,40,2.577503706114677,Mar18-Jun18,Mar-Jun
2018-02-12,PHP,2018-03-21,2018-06-20,0.12223390423175001,0.42286323626118927,47.06027302227162,0.30062933202943926,91,37,2.5206436229367437,Mar18-Jun18,Mar-Jun
2018-02-13,PHP,2018-03-21,2018-06-20,0.12017689262966101,0.4239573712213041,47.01124842432616,0.3037804785916431,91,36,2.549825128806929,Mar18-Jun18,Mar-Jun
2018-02-14,PHP,2018-03-21,2018-06-20,0.11554636278067221,0.4159669060104199,47.1018084477488,0.3004205432297477,91,35,2.5170339996480346,Mar18-Jun18,Mar-Jun
2018-02-15,PHP,2018-03-21,2018-06-20,0.11319978212628738,0.4161756695819389,47.20969885881362,0.3029758874556515,91,34,2.532782147370522,Mar18-Jun18,Mar-Jun
2018-02-16,PHP,2018-03-21,2018-06-20,0.11166433024346448,0.4195871803087757,47.2417484373595,0.30792285006531117,91,33,2.5724784312950226,Mar18-Jun18,Mar-Jun
2018-02-19,PHP,2018-03-21,2018-06-20,0.09964742727935062,0.4019112900267142,47.19422715980981,0.3022638627473636,91,30,2.5283805520105047,Mar18-Jun18,Mar-Jun
2018-02-20,PHP,2018-03-21,2018-06-20,0.09734695905068273,0.40281500296834233,47.23458890606501,0.3054680439176596,91,29,2.5531282142120344,Mar18-Jun18,Mar-Jun
2018-02-21,PHP,2018-03-21,2018-06-20,0.09175721422212496,0.38996816044403104,47.00926620095712,0.2982109462219061,91,28,2.504692097724462,Mar18-Jun18,Mar-Jun
2018-02-22,PHP,2018-03-21,2018-06-20,0.09067984161497632,0.39630449298397064,46.93908885339128,0.3056246513689943,91,27,2.5708494607049563,Mar18-Jun18,Mar-Jun
2018-02-23,PHP,2018-03-21,2018-06-20,0.08732015093547466,0.39294067920963593,46.780791835239626,0.3056205282741613,91,26,2.579681989491297,Mar18-Jun18,Mar-Jun
2018-02-26,PHP,2018-03-21,2018-06-20,0.07928486515573875,0.39297715772844427,46.874671769579095,0.31369229257270553,91,23,2.642973216812522,Mar18-Jun18,Mar-Jun
2018-02-27,PHP,2018-03-21,2018-06-20,0.07569934147811663,0.38881934486487185,47.16720447064478,0.3131200033867552,91,22,2.6220160002035575,Mar18-Jun18,Mar-Jun
2018-02-28,PHP,2018-03-21,2018-06-20,0.07349494363693664,0.3919730327303287,47.40078663022126,0.31847808909339204,91,21,2.653886015168478,Mar18-Jun18,Mar-Jun
2018-03-01,PHP,2018-03-21,2018-06-20,0.0709536700439454,0.39379286874389696,47.536619394090636,0.3228391986999516,91,20,2.6826951650537603,Mar18-Jun18,Mar-Jun
2018-03-02,PHP,2018-03-21,2018-06-20,0.06751357502689517,0.3908680659451826,47.46560328892923,0.3233544909182874,91,19,2.6911859853798044,Mar18-Jun18,Mar-Jun
2018-03-05,PHP,2018-03-21,2018-06-20,0.058203882063378835,0.389238461298846,47.756490117866484,0.33103457923546714,91,16,2.738880534146915,Mar18-Jun18,Mar-Jun
2018-03-06,PHP,2018-03-21,2018-06-20,0.056662941617545676,0.40041812076398936,47.52517891962722,0.3437551791464437,91,15,2.8580453080962154,Mar18-Jun18,Mar-Jun
2018-03-07,PHP,2018-03-21,2018-06-20,0.051103707362144576,0.38327780521608434,47.40805582318563,0.33217409785393975,91,14,2.7688971847965425,Mar18-Jun18,Mar-Jun
2018-03-08,PHP,2018-03-21,2018-06-20,0.04598337070249853,0.3678669656199882,47.290101867783456,0.3218835949174897,91,13,2.690094974705912,Mar18-Jun18,Mar-Jun
2018-03-09,PHP,2018-03-21,2018-06-20,0.042526061335033075,0.36501535979236716,47.48320234359744,0.3224892984573341,91,12,2.684402497066408,Mar18-Jun18,Mar-Jun
2018-03-12,PHP,2018-03-21,2018-06-20,0.03266421260243084,0.3629356955825649,47.47571642092725,0.33027148298013403,91,9,2.7501853076741365,Mar18-Jun18,Mar-Jun
2018-03-13,PHP,2018-03-21,2018-06-20,0.02996626352398916,0.37083251110936594,47.446186274028065,0.34086624758537676,91,8,2.8403351714587464,Mar18-Jun18,Mar-Jun
2018-03-14,PHP,2018-03-21,2018-06-20,0.025780037019000692,0.3609205182660097,47.33152751490367,0.335140481247009,91,7,2.799632292881604,Mar18-Jun18,Mar-Jun
2018-03-15,PHP,2018-03-21,2018-06-20,0.025139192358988094,0.3483573798316921,47.283913199810044,0.32321818747270403,91,6,2.7027921557916184,Mar18-Jun18,Mar-Jun
2018-03-16,PHP,2018-03-21,2018-06-20,0.025238331942512224,0.34612569521159625,47.33034293932866,0.320887363269084,91,5,2.680665045076053,Mar18-Jun18,Mar-Jun
2018-03-19,PHP,2018-03-21,2018-06-20,0.024560215975095195,0.3263000122405505,47.60232863920837,0.30173979626545533,91,2,2.506348674051565,Mar18-Jun18,Mar-Jun
2018-03-20,PHP,2018-03-21,2018-06-20,0.024044189784704736,0.31600935145611936,47.557407821763704,0.2919651616714146,91,1,2.4274732366831553,Mar18-Jun18,Mar-Jun
2018-03-21,PHP,2018-06-20,2018-09-19,0.31388760417559936,0.6277752083511987,47.47964196316679,0.31388760417559936,91,91,2.59816165622652,Jun18-Sep18,Jun-Sep
2018-03-22,PHP,2018-06-20,2018-09-19,0.31069065618702846,0.624833430776135,47.38840826712538,0.3141427745891065,91,90,2.605421596634661,Jun18-Sep18,Jun-Sep
2018-03-23,PHP,2018-06-20,2018-09-19,0.31165478981151207,0.6303130580457548,47.37576394992399,0.3186582682342427,91,89,2.643519295878972,Jun18-Sep18,Jun-Sep
2018-03-26,PHP,2018-06-20,2018-09-19,0.3065548409173696,0.6309326377020281,47.469715155924625,0.3243777967846585,91,86,2.685962764631139,Jun18-Sep18,Jun-Sep
2018-03-27,PHP,2018-06-20,2018-09-19,0.3073542639914524,0.6364041230881838,47.424017257110705,0.32904985909673146,91,85,2.7272120302289196,Jun18-Sep18,Jun-Sep
2018-03-28,PHP,2018-06-20,2018-09-19,0.320606589271284,0.667930394315175,47.4318634378846,0.347323805043891,91,84,2.877397208883017,Jun18-Sep18,Jun-Sep
2018-03-29,PHP,2018-06-20,2018-09-19,0.3129828342011318,0.6561326885662281,47.13832419599927,0.34314985436509626,91,83,2.860860937959895,Jun18-Sep18,Jun-Sep
2018-03-30,PHP,2018-06-20,2018-09-19,0.30989645633802243,0.6538059383716814,47.51757271872571,0.343909482033659,91,82,2.8446435725994768,Jun18-Sep18,Jun-Sep
2018-04-02,PHP,2018-06-20,2018-09-19,0.30609467225153625,0.6586847377564704,47.62261937912812,0.35259006550493416,91,79,2.9102842110611498,Jun18-Sep18,Jun-Sep
2018-04-03,PHP,2018-06-20,2018-09-19,0.3073992540948409,0.6660317172054887,47.59420313348457,0.3586324631106478,91,78,2.9618336703031365,Jun18-Sep18,Jun-Sep
2018-04-04,PHP,2018-06-20,2018-09-19,0.30062757189569217,0.6559147023178739,47.65219381076319,0.3552871304221817,91,77,2.9310715499945834,Jun18-Sep18,Jun-Sep
2018-04-05,PHP,2018-06-20,2018-09-19,0.30120783651781763,0.661864588137836,47.71655205414491,0.36065675162001837,91,76,2.971346363723806,Jun18-Sep18,Jun-Sep
2018-04-06,PHP,2018-06-20,2018-09-19,0.29963528037373066,0.6631927538938572,47.89430549131627,0.3635574735201266,91,75,2.9842949606618685,Jun18-Sep18,Jun-Sep
2018-04-09,PHP,2018-06-20,2018-09-19,0.2914784081276928,0.6598747295113047,47.71632699347882,0.36839632138361184,91,72,3.035739768661985,Jun18-Sep18,Jun-Sep
2018-04-10,PHP,2018-06-20,2018-09-19,0.2957664609646426,0.6748474179756634,47.797268047062396,0.3790809570110208,91,71,3.118249751083009,Jun18-Sep18,Jun-Sep
2018-04-11,PHP,2018-06-20,2018-09-19,0.30027003371679656,0.6906210775486321,48.11702647256766,0.39035104383183555,91,70,3.1894508762709552,Jun18-Sep18,Jun-Sep
2018-04-12,PHP,2018-06-20,2018-09-19,0.278431465434716,0.645638180718182,48.02629021894196,0.36720671528346605,91,69,3.0073372870415676,Jun18-Sep18,Jun-Sep
2018-04-13,PHP,2018-06-20,2018-09-19,0.2740240996516782,0.640732821244365,47.7622500385788,0.36670872159268686,91,68,3.020042348644172,Jun18-Sep18,Jun-Sep
2018-04-16,PHP,2018-06-20,2018-09-19,0.25568186101616563,0.6136364664387977,47.72311685055159,0.357954605422632,91,65,2.9514789685196536,Jun18-Sep18,Jun-Sep
2018-04-17,PHP,2018-06-20,2018-09-19,0.2518084644003799,0.6098486247196702,47.65824357002845,0.35804016031929026,91,64,2.9564205257683227,Jun18-Sep18,Jun-Sep
2018-04-18,PHP,2018-06-20,2018-09-19,0.2502481652353968,0.611717737242081,47.58661221701268,0.3614695720066842,91,63,2.989304699773945,Jun18-Sep18,Jun-Sep
2018-04-19,PHP,2018-06-20,2018-09-19,0.2404783071241513,0.5934384030644378,47.33817710952015,0.35296009594028654,91,62,2.9347732550272805,Jun18-Sep18,Jun-Sep
2018-04-20,PHP,2018-06-20,2018-09-19,0.24397014010731943,0.6079255950215173,47.35337511628368,0.3639554549141979,91,61,3.0250085796312343,Jun18-Sep18,Jun-Sep
2018-04-23,PHP,2018-06-20,2018-09-19,0.22537721238086372,0.5789862869784258,47.2940551706804,0.3536090745975621,91,58,2.9438336533301075,Jun18-Sep18,Jun-Sep
2018-04-24,PHP,2018-06-20,2018-09-19,0.21802472674629228,0.5660992904991449,47.512576906520366,0.3480745637528526,91,57,2.8849380210354822,Jun18-Sep18,Jun-Sep
2018-04-25,PHP,2018-06-20,2018-09-19,0.20664809757372748,0.5424512561310346,47.8374952182698,0.33580315855730714,91,56,2.765065550441511,Jun18-Sep18,Jun-Sep
2018-04-26,PHP,2018-06-20,2018-09-19,0.2016396045627074,0.5352614957482779,48.14518850148416,0.33362189118557045,91,55,2.7299058034038155,Jun18-Sep18,Jun-Sep
2018-04-27,PHP,2018-06-20,2018-09-19,0.1991028804775754,0.534628104986082,47.88203322559354,0.33552522450850664,91,54,2.7606513572993356,Jun18-Sep18,Jun-Sep
2018-04-30,PHP,2018-06-20,2018-09-19,0.18513613301743126,0.5154770762446125,47.47401905793467,0.3303409432271812,91,51,2.742061387055105,Jun18-Sep18,Jun-Sep
2018-05-01,PHP,2018-06-20,2018-09-19,0.17469031647023103,0.4926266924460516,47.29524479069045,0.3179363759758206,91,50,2.64961448914205,Jun18-Sep18,Jun-Sep
2018-05-02,PHP,2018-06-20,2018-09-19,0.16696452799023925,0.47704150854354077,47.56526419050667,0.3100769805533015,91,49,2.5699159619398118,Jun18-Sep18,Jun-Sep
2018-05-03,PHP,2018-06-20,2018-09-19,0.16646815402688814,0.48206402936953024,47.48384436739503,0.3155958753426421,91,48,2.6201531304550763,Jun18-Sep18,Jun-Sep
2018-05-04,PHP,2018-06-20,2018-09-19,0.16148889539670575,0.4741588843562849,47.797203751138014,0.31266998895957915,91,47,2.5791700144462566,Jun18-Sep18,Jun-Sep
2018-05-07,PHP,2018-06-20,2018-09-19,0.1552514951401848,0.47633981463465785,47.69165877741164,0.32108831949447303,91,44,2.6547994394135546,Jun18-Sep18,Jun-Sep
2018-05-08,PHP,2018-06-20,2018-09-19,0.1547208230290909,0.48215326246274837,47.37322914014123,0.32743243943365746,91,43,2.7254218287092358,Jun18-Sep18,Jun-Sep
2018-05-09,PHP,2018-06-20,2018-09-19,0.15092138139102695,0.47791770773825204,47.437993628602506,0.3269963263472251,91,42,2.7183049670765596,Jun18-Sep18,Jun-Sep
2018-05-10,PHP,2018-06-20,2018-09-19,0.15065137183718816,0.48502392884167894,47.4556917260775,0.33437255700449076,91,41,2.778605637664545,Jun18-Sep18,Jun-Sep
2018-05-11,PHP,2018-06-20,2018-09-19,0.1480718030240899,0.48493515490389444,47.60862618251991,0.33686335187980454,91,40,2.7904907236681686,Jun18-Sep18,Jun-Sep
2018-05-14,PHP,2018-06-20,2018-09-19,0.13091874696354466,0.45290809760361395,47.633561679098726,0.3219893506400693,91,37,2.6668436736833483,Jun18-Sep18,Jun-Sep
2018-05-15,PHP,2018-06-20,2018-09-19,0.12506265838595262,0.44119326708377726,47.6637107309448,0.3161306086978246,91,36,2.616988248831577,Jun18-Sep18,Jun-Sep
2018-05-16,PHP,2018-06-20,2018-09-19,0.11853793764646876,0.42673657552728755,47.5047206056944,0.3081986378808188,91,35,2.560193056801835,Jun18-Sep18,Jun-Sep
2018-05-17,PHP,2018-06-20,2018-09-19,0.1183788407404774,0.4352163262517551,47.622064555146764,0.3168374855112777,91,34,2.6254951367147514,Jun18-Sep18,Jun-Sep
2018-05-18,PHP,2018-06-20,2018-09-19,0.11560396168798837,0.43439064391850174,47.3876459589744,0.3187866822305134,91,33,2.654837573453656,Jun18-Sep18,Jun-Sep
2018-05-21,PHP,2018-06-20,2018-09-19,0.10378659118113569,0.418605917763914,47.43244376616124,0.3148193265827783,91,30,2.6199786664010594,Jun18-Sep18,Jun-Sep
2018-05-22,PHP,2018-06-20,2018-09-19,0.09992037056891634,0.41346360235413654,47.40192468016842,0.3135432317852202,91,29,2.6112476383549277,Jun18-Sep18,Jun-Sep
2018-05-23,PHP,2018-06-20,2018-09-19,0.09341453548809808,0.3970117758244168,47.88693824902012,0.30359724033631874,91,28,2.5031996598655395,Jun18-Sep18,Jun-Sep
2018-05-24,PHP,2018-06-20,2018-09-19,0.08610779041420036,0.37632293588428306,47.994310347754876,0.2902151454700827,91,27,2.3878824616084,Jun18-Sep18,Jun-Sep
2018-05-25,PHP,2018-06-20,2018-09-19,0.08326479120392091,0.3746915604176441,48.04272728738813,0.29142676921372324,91,26,2.395580972324962,Jun18-Sep18,Jun-Sep
2018-05-28,PHP,2018-06-20,2018-09-19,0.07213792478183723,0.35755319239693234,48.04053941665959,0.2854152676150951,91,23,2.346814616859512,Jun18-Sep18,Jun-Sep
2018-05-29,PHP,2018-06-20,2018-09-19,0.06988600979560286,0.35895995940468745,47.8131666576652,0.2890739496090846,91,22,2.38829645875503,Jun18-Sep18,Jun-Sep
2018-05-30,PHP,2018-06-20,2018-09-19,0.0676697653881768,0.3609054154036096,48.00937515575085,0.2932356500154328,91,21,2.412904376387939,Jun18-Sep18,Jun-Sep
2018-05-31,PHP,2018-06-20,2018-09-19,0.06340568069084587,0.3519015278341946,47.94982072027097,0.28849584714334875,91,20,2.3770580275195563,Jun18-Sep18,Jun-Sep
2018-06-01,PHP,2018-06-20,2018-09-19,0.062268040331402,0.36049918086601157,47.93970227226331,0.2982311405346096,91,19,2.457848070262428,Jun18-Sep18,Jun-Sep
2018-06-04,PHP,2018-06-20,2018-09-19,0.0508094372053185,0.3397881113105674,48.31376384437205,0.2889786741052489,91,16,2.3637391163650157,Jun18-Sep18,Jun-Sep
2018-06-05,PHP,2018-06-20,2018-09-19,0.046091024659642855,0.32570990759480956,48.16044478078988,0.2796188829351667,91,15,2.2946776269004365,Jun18-Sep18,Jun-Sep
2018-06-06,PHP,2018-06-20,2018-09-19,0.04442471403768921,0.33318535528266907,48.259475571803584,0.28876064124497985,91,14,2.3649224654337715,Jun18-Sep18,Jun-Sep
2018-06-07,PHP,2018-06-20,2018-09-19,0.04127481485796115,0.3301985188636892,48.388689922950675,0.2889237040057281,91,13,2.360098503432049,Jun18-Sep18,Jun-Sep
2018-06-08,PHP,2018-06-20,2018-09-19,0.038586315173609706,0.33119920524015,48.32738137268392,0.2926128900665403,91,12,2.3933966599802483,Jun18-Sep18,Jun-Sep
2018-06-11,PHP,2018-06-20,2018-09-19,0.029584420719108717,0.32871578576787464,48.27045028518247,0.2991313650487659,91,9,2.450053785612994,Jun18-Sep18,Jun-Sep
2018-06-12,PHP,2018-06-20,2018-09-19,0.027331724510389965,0.33823009081607575,48.58080592978478,0.3108983663056858,91,8,2.530291556765472,Jun18-Sep18,Jun-Sep
2018-06-13,PHP,2018-06-20,2018-09-19,0.02333105544690793,0.32663477625671106,48.38492211491718,0.3033037208098031,91,7,2.4786741370990324,Jun18-Sep18,Jun-Sep
2018-06-14,PHP,2018-06-20,2018-09-19,0.023285694629095095,0.3226731970031748,48.5607544008311,0.29938750237407974,91,6,2.4378172687058273,Jun18-Sep18,Jun-Sep
2018-06-15,PHP,2018-06-20,2018-09-19,0.02362987659764372,0.32406687905339965,48.438238798121276,0.30043700245575594,91,5,2.4525302474707287,Jun18-Sep18,Jun-Sep
2018-06-18,PHP,2018-06-20,2018-09-19,0.024256249780402746,0.3222616042253508,48.37500906181704,0.298005354444948,91,2,2.435826812102858,Jun18-Sep18,Jun-Sep
2018-06-19,PHP,2018-06-20,2018-09-19,0.023934677478549268,0.3145700468609332,48.30654706561498,0.29063536938238393,91,1,2.3789671755591266,Jun18-Sep18,Jun-Sep
2018-06-20,PHP,2018-09-19,2018-12-19,0.30960841505316095,0.6192168301063219,48.23265213016298,0.30960841505316095,91,91,2.523212733305847,Sep18-Dec18,Sep-Dec
2018-06-21,PHP,2018-09-19,2018-12-19,0.2944889226945875,0.592249944530226,47.8811378511382,0.29776102183563846,91,90,2.4451278990274212,Sep18-Dec18,Sep-Dec
2018-06-22,PHP,2018-09-19,2018-12-19,0.27943118613173834,0.565141724760819,47.94158312373642,0.2857105386290807,91,89,2.343964484567753,Sep18-Dec18,Sep-Dec
2018-06-25,PHP,2018-09-19,2018-12-19,0.250381341109296,0.5153197369342487,47.99359355395236,0.2649383958249527,91,86,2.172515722029757,Sep18-Dec18,Sep-Dec
2018-06-26,PHP,2018-09-19,2018-12-19,0.24990957917482834,0.5174598345267034,48.00951726205251,0.26755025535187504,91,85,2.193230711390441,Sep18-Dec18,Sep-Dec
2018-06-27,PHP,2018-09-19,2018-12-19,0.2434566782355288,0.507201412990685,48.16539823932296,0.2637447347551562,91,84,2.1553613809775793,Sep18-Dec18,Sep-Dec
2018-06-28,PHP,2018-09-19,2018-12-19,0.2528431196285336,0.5300566604260825,48.409199283726316,0.27721354079754884,91,83,2.2536434938662873,Sep18-Dec18,Sep-Dec
2018-06-29,PHP,2018-09-19,2018-12-19,0.258008286775675,0.5443345562462412,48.347240819048835,0.28632626947056616,91,82,2.330446461305927,Sep18-Dec18,Sep-Dec
2018-07-02,PHP,2018-09-19,2018-12-19,0.23620897038807134,0.508297784379394,48.25511613323447,0.2720888139913227,91,79,2.219768805652076,Sep18-Dec18,Sep-Dec
2018-07-03,PHP,2018-09-19,2018-12-19,0.23691883637343986,0.5186300867359203,48.154761016341155,0.2817112503624804,91,78,2.3030035178321184,Sep18-Dec18,Sep-Dec
2018-07-04,PHP,2018-09-19,2018-12-19,0.2337564356433084,0.5149936424495958,48.017581515133784,0.2812372068062874,91,77,2.305815339951173,Sep18-Dec18,Sep-Dec
2018-07-05,PHP,2018-09-19,2018-12-19,0.22245965878824542,0.493501997869365,48.09773509643323,0.2710423390811196,91,76,2.219062677180162,Sep18-Dec18,Sep-Dec
2018-07-06,PHP,2018-09-19,2018-12-19,0.2225145617226272,0.49687721816465863,48.250890572074034,0.2743626564420314,91,75,2.2391468595733053,Sep18-Dec18,Sep-Dec
2018-07-09,PHP,2018-09-19,2018-12-19,0.20976928133773431,0.47833084477485394,48.200253065998965,0.2685615634371196,91,72,2.194672297893622,Sep18-Dec18,Sep-Dec
2018-07-10,PHP,2018-09-19,2018-12-19,0.2137498865983166,0.4908132636853709,47.86336019170522,0.2770633770870543,91,71,2.2798269209218134,Sep18-Dec18,Sep-Dec
2018-07-11,PHP,2018-09-19,2018-12-19,0.2242761259326288,0.5186216311599892,47.76928311330816,0.29434550522736036,91,70,2.426250053968303,Sep18-Dec18,Sep-Dec
2018-07-12,PHP,2018-09-19,2018-12-19,0.22101042351579006,0.5149622361952512,47.71859672401432,0.29395181267946113,91,69,2.4257317927951614,Sep18-Dec18,Sep-Dec
2018-07-13,PHP,2018-09-19,2018-12-19,0.2204142887946089,0.5175412342253654,47.62502091854597,0.29712694543075646,91,68,2.4567594621206004,Sep18-Dec18,Sep-Dec
2018-07-16,PHP,2018-09-19,2018-12-19,0.21183713574288252,0.5096454607544479,47.6872060447286,0.2978083250115654,91,65,2.4596374916773405,Sep18-Dec18,Sep-Dec
2018-07-17,PHP,2018-09-19,2018-12-19,0.21124141555724982,0.5125245958988632,47.5350478019435,0.3012831803416134,91,64,2.496297668743786,Sep18-Dec18,Sep-Dec
2018-07-18,PHP,2018-09-19,2018-12-19,0.20648659760112464,0.5053583552778066,47.31471664728459,0.29887175767668195,91,63,2.4880468714063917,Sep18-Dec18,Sep-Dec
2018-07-19,PHP,2018-09-19,2018-12-19,0.20153784630162533,0.49765155263498545,47.54433538720687,0.2961137063333601,91,62,2.453487095131262,Sep18-Dec18,Sep-Dec
2018-07-20,PHP,2018-09-19,2018-12-19,0.19689934961474098,0.4906344449416497,47.63596926213738,0.2937350953269087,91,61,2.429352414503804,Sep18-Dec18,Sep-Dec
2018-07-23,PHP,2018-09-19,2018-12-19,0.19134478258114063,0.49155814835499917,47.479670879354714,0.30021336577385854,91,58,2.4913613748355616,Sep18-Dec18,Sep-Dec
2018-07-24,PHP,2018-09-19,2018-12-19,0.19578982368702275,0.5083665597487608,47.31522970163573,0.312576736061738,91,57,2.602695795315233,Sep18-Dec18,Sep-Dec
2018-07-25,PHP,2018-09-19,2018-12-19,0.19581880278092303,0.5140243572999229,47.34088561636165,0.3182055545189999,91,56,2.648133008201577,Sep18-Dec18,Sep-Dec
2018-07-26,PHP,2018-09-19,2018-12-19,0.20203984055154456,0.5363239403731911,47.4541779694324,0.33428409982164653,91,55,2.7749633803796714,Sep18-Dec18,Sep-Dec
2018-07-27,PHP,2018-09-19,2018-12-19,0.2007186996948953,0.5389668788103671,47.681831977436396,0.3382481791154718,91,54,2.794597709832773,Sep18-Dec18,Sep-Dec
2018-07-30,PHP,2018-09-19,2018-12-19,0.18055667565924868,0.5027264302669276,47.347269762369976,0.32216975460767894,91,51,2.68162423164394,Sep18-Dec18,Sep-Dec
2018-07-31,PHP,2018-09-19,2018-12-19,0.17947829262914244,0.5061287852141816,47.39451033566169,0.32665049258503914,91,50,2.7162820360228577,Sep18-Dec18,Sep-Dec
2018-08-01,PHP,2018-09-19,2018-12-19,0.1823049576900861,0.5208713076859601,47.73644908986607,0.33856634999587404,91,49,2.7951130809699243,Sep18-Dec18,Sep-Dec
2018-08-02,PHP,2018-09-19,2018-12-19,0.18245932258996295,0.5336221735144928,47.65055458439562,0.35116285092452987,91,48,2.904303033650742,Sep18-Dec18,Sep-Dec
2018-08-03,PHP,2018-09-19,2018-12-19,0.1786169766164093,0.529392780871157,47.664012558946204,0.35077580425474775,91,47,2.9005188757799054,Sep18-Dec18,Sep-Dec
2018-08-06,PHP,2018-09-19,2018-12-19,0.1640997380707936,0.5075137083240285,47.77962258644597,0.34341397025323495,91,44,2.833657245563146,Sep18-Dec18,Sep-Dec
2018-08-07,PHP,2018-09-19,2018-12-19,0.1608998293303507,0.5051128943292189,47.62444960148757,0.34421306499886817,91,43,2.8496642414462094,Sep18-Dec18,Sep-Dec
2018-08-08,PHP,2018-09-19,2018-12-19,0.15968347431187857,0.509060947503847,47.6407942536373,0.34937747319196844,91,42,2.8915038235922492,Sep18-Dec18,Sep-Dec
2018-08-09,PHP,2018-09-19,2018-12-19,0.1532217209972945,0.4963870951293417,47.64182123796097,0.3431653741320472,91,41,2.840414445122248,Sep18-Dec18,Sep-Dec
2018-08-10,PHP,2018-09-19,2018-12-19,0.14785827765177084,0.48701836592951303,47.700113485090625,0.3391600882777422,91,40,2.804156932744384,Sep18-Dec18,Sep-Dec
2018-08-13,PHP,2018-09-19,2018-12-19,0.13307333780585892,0.4622212927536403,47.81508375387912,0.3291479549477814,91,37,2.715690981251929,Sep18-Dec18,Sep-Dec
2018-08-14,PHP,2018-09-19,2018-12-19,0.13224376268651875,0.4680786197059982,47.89066990976061,0.33583485701947946,91,36,2.7665490382418056,Sep18-Dec18,Sep-Dec
2018-08-15,PHP,2018-09-19,2018-12-19,0.1215046580288535,0.43866602801167137,48.18570844366545,0.31716136998281785,91,35,2.597343626861307,Sep18-Dec18,Sep-Dec
2018-08-16,PHP,2018-09-19,2018-12-19,0.11656080442592061,0.4294772324543692,48.5929667018995,0.3129164280284486,91,34,2.541414805733881,Sep18-Dec18,Sep-Dec
2018-08-17,PHP,2018-09-19,2018-12-19,0.10966270668828061,0.4126943189154681,48.4758581228225,0.3030316122271875,91,33,2.4674148955782833,Sep18-Dec18,Sep-Dec
2018-08-20,PHP,2018-09-19,2018-12-19,0.09990328332779969,0.4029432427554588,48.61914581750753,0.3030399594276591,91,30,2.460720030582539,Sep18-Dec18,Sep-Dec
2018-08-21,PHP,2018-09-19,2018-12-19,0.09515694005061262,0.3937528553818453,48.71609512856499,0.29859591533123264,91,29,2.4200538115371586,Sep18-Dec18,Sep-Dec
2018-08-22,PHP,2018-09-19,2018-12-19,0.09009871739726441,0.3829195489383738,48.86083445435593,0.2928208315411094,91,28,2.366475990881484,Sep18-Dec18,Sep-Dec
2018-08-23,PHP,2018-09-19,2018-12-19,0.08755121804578134,0.38263124923711844,48.93115523138742,0.2950800311913371,91,27,2.381436921735137,Sep18-Dec18,Sep-Dec
2018-08-24,PHP,2018-09-19,2018-12-19,0.08395466654576561,0.3777959994559452,48.89660999211842,0.2938413329101796,91,26,2.373286705035188,Sep18-Dec18,Sep-Dec
2018-08-27,PHP,2018-09-19,2018-12-19,0.07543713862582996,0.3739058175367224,48.91436902206338,0.29846867891089246,91,23,2.4102059301907226,Sep18-Dec18,Sep-Dec
2018-08-28,PHP,2018-09-19,2018-12-19,0.07307368239696009,0.37533300503893136,48.59284324403562,0.30225932264197125,91,22,2.4570607974022503,Sep18-Dec18,Sep-Dec
2018-08-29,PHP,2018-09-19,2018-12-19,0.06835292650283323,0.36454894134844384,48.58183710556575,0.29619601484561064,91,21,2.4085506214095127,Sep18-Dec18,Sep-Dec
2018-08-30,PHP,2018-09-19,2018-12-19,0.06841243937895367,0.37968903855319297,48.6065800439069,0.31127659917423933,91,20,2.529890290674436,Sep18-Dec18,Sep-Dec
2018-08-31,PHP,2018-09-19,2018-12-19,0.06252285750322599,0.3619744381765715,48.454152652761394,0.2994515806733455,91,19,2.441724630534469,Sep18-Dec18,Sep-Dec
2018-09-03,PHP,2018-09-19,2018-12-19,0.05065072008544531,0.3435912491479393,48.47185153036186,0.292940529062494,91,16,2.388346758162746,Sep18-Dec18,Sep-Dec
2018-09-04,PHP,2018-09-19,2018-12-19,0.0463926258575133,0.33239820409010146,48.43420192247928,0.28600557823258815,91,15,2.3338217068146827,Sep18-Dec18,Sep-Dec
2018-09-05,PHP,2018-09-19,2018-12-19,0.043651314434232244,0.3316532555150421,48.60746265574582,0.28800194108080984,91,14,2.341875129601352,Sep18-Dec18,Sep-Dec
2018-09-06,PHP,2018-09-19,2018-12-19,0.04047645018314785,0.3277430988818743,48.21484743986496,0.2872666486987265,91,13,2.35505514779476,Sep18-Dec18,Sep-Dec
2018-09-07,PHP,2018-09-19,2018-12-19,0.03648421392273739,0.3167925621480542,48.3120737062734,0.2803083482253168,91,12,2.293578535797823,Sep18-Dec18,Sep-Dec
2018-09-10,PHP,2018-09-19,2018-12-19,0.026594919195233987,0.2982161251120422,48.130120700597885,0.2716212059168082,91,9,2.2313511546018128,Sep18-Dec18,Sep-Dec
2018-09-11,PHP,2018-09-19,2018-12-19,0.024746155369921734,0.30864705570939277,48.095275631753154,0.283900900339471,91,8,2.3340065095398055,Sep18-Dec18,Sep-Dec
2018-09-12,PHP,2018-09-19,2018-12-19,0.02177855269352973,0.3070056854346355,47.96403390499524,0.2852271327411058,91,7,2.351468104400928,Sep18-Dec18,Sep-Dec
2018-09-13,PHP,2018-09-19,2018-12-19,0.02248583890516522,0.31340327828559034,48.195159200974764,0.29091743938042514,91,6,2.3868485837847833,Sep18-Dec18,Sep-Dec
2018-09-14,PHP,2018-09-19,2018-12-19,0.02240979829176582,0.3088307708031145,47.713598886968256,0.2864209725113487,91,5,2.373667150638033,Sep18-Dec18,Sep-Dec
2018-09-17,PHP,2018-09-19,2018-12-19,0.022303278857399366,0.2969114672145937,47.547712537151284,0.27460818835719436,91,2,2.2837117986937288,Sep18-Dec18,Sep-Dec
2018-09-18,PHP,2018-09-19,2018-12-19,0.022192527981837237,0.2919708160940653,47.44453827847669,0.26977828811222804,91,1,2.248426946675328,Sep18-Dec18,Sep-Dec
2018-09-19,PHP,2018-12-19,2019-03-20,0.2941836521535884,0.5976274250545116,47.62347812915135,0.3034437729009232,91,91,2.50520759811409,Dec18-Mar19,Dec-Mar
2018-09-20,PHP,2018-12-19,2019-03-20,0.28539040241878755,0.5832106517668896,47.616904069686676,0.29782024934810203,91,90,2.4595690256698837,Dec18-Mar19,Dec-Mar
2018-09-21,PHP,2018-12-19,2019-03-20,0.27314433572420393,0.5616781861086833,47.57883274378749,0.2885338503844793,91,89,2.3853823072575984,Dec18-Mar19,Dec-Mar
2018-09-24,PHP,2018-12-19,2019-03-20,0.27150951385923505,0.5680802190184391,47.70388001668041,0.29657070515920403,91,86,2.445517914842406,Dec18-Mar19,Dec-Mar
2018-09-25,PHP,2018-12-19,2019-03-20,0.2745703304882512,0.5777844229855602,47.634824138243026,0.303214092497309,91,85,2.5037433499482087,Dec18-Mar19,Dec-Mar
2018-09-26,PHP,2018-12-19,2019-03-20,0.27091165866384714,0.5736083394258247,47.36083136302162,0.30269668076197753,91,84,2.514040634410157,Dec18-Mar19,Dec-Mar
2018-09-27,PHP,2018-12-19,2019-03-20,0.264187728697407,0.5630790348337037,47.51845700955147,0.2988913061362967,91,83,2.4745954344550967,Dec18-Mar19,Dec-Mar
2018-09-28,PHP,2018-12-19,2019-03-20,0.26609214296445255,0.5706188333779361,47.46503440602255,0.3045266904134835,91,82,2.523973474265041,Dec18-Mar19,Dec-Mar
2018-10-01,PHP,2018-12-19,2019-03-20,0.2498246346178356,0.5468092105536299,47.37546284515234,0.29698457593579425,91,79,2.4669332172916643,Dec18-Mar19,Dec-Mar
2018-10-02,PHP,2018-12-19,2019-03-20,0.2439004584686146,0.5263507588629375,47.41992845823925,0.28245030039432284,91,78,2.344305585920104,Dec18-Mar19,Dec-Mar
2018-10-03,PHP,2018-12-19,2019-03-20,0.23617487023504657,0.5137837944029006,47.35756345488963,0.277608924167854,91,77,2.3075159574475803,Dec18-Mar19,Dec-Mar
2018-10-04,PHP,2018-12-19,2019-03-20,0.23957072000660887,0.5255134967261121,47.50936451599645,0.2859427767195033,91,76,2.3690626566321753,Dec18-Mar19,Dec-Mar
2018-10-05,PHP,2018-12-19,2019-03-20,0.22530155588155543,0.4983624636659577,47.68992568084622,0.2730609077844023,91,75,2.2544836290462613,Dec18-Mar19,Dec-Mar
2018-10-08,PHP,2018-12-19,2019-03-20,0.22450501291804806,0.5098357382245579,47.86474513368368,0.2853307253065098,91,72,2.34726240871155,Dec18-Mar19,Dec-Mar
2018-10-09,PHP,2018-12-19,2019-03-20,0.2301198185769886,0.5272945635995129,47.95061024670468,0.2971747450225243,91,71,2.4400550849735034,Dec18-Mar19,Dec-Mar
2018-10-10,PHP,2018-12-19,2019-03-20,0.22483813167341413,0.5200083710478434,47.78988717219921,0.2951702393744292,91,70,2.4319756784843483,Dec18-Mar19,Dec-Mar
2018-10-11,PHP,2018-12-19,2019-03-20,0.22993584222716898,0.5367283241709779,47.75428216392099,0.3067924819438089,91,69,2.5293410925192634,Dec18-Mar19,Dec-Mar
2018-10-12,PHP,2018-12-19,2019-03-20,0.2317743759498871,0.5461564961714671,47.68642945260205,0.31438212022158,91,68,2.595484361310294,Dec18-Mar19,Dec-Mar
2018-10-15,PHP,2018-12-19,2019-03-20,0.21007218518131293,0.5104336925809407,47.34792715303178,0.3003615073996278,91,65,2.4985141143685365,Dec18-Mar19,Dec-Mar
2018-10-16,PHP,2018-12-19,2019-03-20,0.2105908214710723,0.5169902774361248,47.271915770981714,0.30639945596505247,91,64,2.552792181570234,Dec18-Mar19,Dec-Mar
2018-10-17,PHP,2018-12-19,2019-03-20,0.20470105019860982,0.5080834613072626,47.328881913794255,0.3033824111086527,91,63,2.5249393775882556,Dec18-Mar19,Dec-Mar
2018-10-18,PHP,2018-12-19,2019-03-20,0.19817465114591767,0.4974805545162099,47.277477199261746,0.2993059033702923,91,62,2.4940517167983955,Dec18-Mar19,Dec-Mar
2018-10-19,PHP,2018-12-19,2019-03-20,0.1915663440634413,0.4864351347756083,46.745951410034834,0.294868790712167,91,61,2.48524837515724,Dec18-Mar19,Dec-Mar
2018-10-22,PHP,2018-12-19,2019-03-20,0.18148711166801862,0.47534001757403616,46.8302702151132,0.29385290590601754,91,58,2.472775064107625,Dec18-Mar19,Dec-Mar
2018-10-23,PHP,2018-12-19,2019-03-20,0.1808059243440962,0.4786446515553815,47.230225780195774,0.2978387272112853,91,57,2.4852087252663964,Dec18-Mar19,Dec-Mar
2018-10-24,PHP,2018-12-19,2019-03-20,0.17158502514061108,0.45952734498643866,46.885649103434595,0.2879423198458276,91,56,2.420695765932559,Dec18-Mar19,Dec-Mar
2018-10-25,PHP,2018-12-19,2019-03-20,0.16954998179646047,0.45919981693501694,46.91151482892801,0.28964983513855647,91,55,2.433818105592282,Dec18-Mar19,Dec-Mar
2018-10-26,PHP,2018-12-19,2019-03-20,0.16012600625589363,0.4389987105303339,46.44375824128131,0.2788727042744403,91,54,2.367254777285728,Dec18-Mar19,Dec-Mar
2018-10-29,PHP,2018-12-19,2019-03-20,0.15242411589027938,0.4334109318715775,46.359637213188115,0.2809868159812981,91,51,2.3899095488935047,Dec18-Mar19,Dec-Mar
2018-10-30,PHP,2018-12-19,2019-03-20,0.1429361425394138,0.4120987731753582,46.38266338737158,0.26916263063594437,91,50,2.28867378148594,Dec18-Mar19,Dec-Mar
2018-10-31,PHP,2018-12-19,2019-03-20,0.1357444011282402,0.39683634419137853,46.26101885498873,0.2610919430631383,91,49,2.226213922779457,Dec18-Mar19,Dec-Mar
2018-11-01,PHP,2018-12-19,2019-03-20,0.15219197953799685,0.434597209214447,46.22785723481599,0.28240522967645015,91,48,2.408810514308275,Dec18-Mar19,Dec-Mar
2018-11-02,PHP,2018-12-19,2019-03-20,0.14863372225240185,0.43089797291984167,46.49233827034713,0.2822642506674398,91,47,2.3941391766822617,Dec18-Mar19,Dec-Mar
2018-11-05,PHP,2018-12-19,2019-03-20,0.14103797132977228,0.42923991635179054,46.54641716598945,0.28820194502201824,91,44,2.442068344421535,Dec18-Mar19,Dec-Mar
2018-11-06,PHP,2018-12-19,2019-03-20,0.13105745442145456,0.40563152392529966,46.5981117271112,0.2745740695038451,91,43,2.3245161580496396,Dec18-Mar19,Dec-Mar
2018-11-07,PHP,2018-12-19,2019-03-20,0.1291340776650728,0.4068857170643429,46.436127031846155,0.2777516393992701,91,42,2.3596940469047025,Dec18-Mar19,Dec-Mar
2018-11-08,PHP,2018-12-19,2019-03-20,0.1259945493756324,0.40435014967523447,46.61689746103378,0.27835560029960205,91,41,2.355838380626934,Dec18-Mar19,Dec-Mar
2018-11-09,PHP,2018-12-19,2019-03-20,0.12084604323396018,0.39526055303373236,46.48377389026729,0.27441450979977217,91,40,2.3293739214977514,Dec18-Mar19,Dec-Mar
2018-11-12,PHP,2018-12-19,2019-03-20,0.11081773244518597,0.3853576824071704,46.726225171856285,0.2745399499619844,91,37,2.318874212359749,Dec18-Mar19,Dec-Mar
2018-11-13,PHP,2018-12-19,2019-03-20,0.10990408555986377,0.39060563384139046,46.830545052902316,0.2807015482815267,91,36,2.3656945851875752,Dec18-Mar19,Dec-Mar
2018-11-14,PHP,2018-12-19,2019-03-20,0.10474499144057245,0.3808741365346848,46.50614023147771,0.27612914509411235,91,35,2.3436135793448964,Dec18-Mar19,Dec-Mar
2018-11-15,PHP,2018-12-19,2019-03-20,0.1032316978369802,0.3843156307796343,46.84127025366304,0.2810839329426541,91,34,2.368712730635952,Dec18-Mar19,Dec-Mar
2018-11-16,PHP,2018-12-19,2019-03-20,0.09576064038856183,0.3656297692498476,46.8888923420334,0.2698691288612858,91,33,2.2722614053443726,Dec18-Mar19,Dec-Mar
2018-11-19,PHP,2018-12-19,2019-03-20,0.08380153233278734,0.3471347851540986,46.98139583240417,0.26333325282131126,91,30,2.213435790305828,Dec18-Mar19,Dec-Mar
2018-11-20,PHP,2018-12-19,2019-03-20,0.08050370906587825,0.3422346487116184,46.881527538598625,0.2617309396457401,91,29,2.2048005045495724,Dec18-Mar19,Dec-Mar
2018-11-21,PHP,2018-12-19,2019-03-20,0.08033756571661163,0.3505448657037039,46.85251581310872,0.27020729998709225,91,28,2.2776197887750516,Dec18-Mar19,Dec-Mar
2018-11-22,PHP,2018-12-19,2019-03-20,0.07796927303682472,0.3498107754238688,46.57461297126478,0.2718415023870441,91,27,2.305160573724792,Dec18-Mar19,Dec-Mar
2018-11-23,PHP,2018-12-19,2019-03-20,0.07259312353436746,0.3357596839467382,46.75180135929231,0.26316656041237074,91,26,2.223410451434804,Dec18-Mar19,Dec-Mar
2018-11-26,PHP,2018-12-19,2019-03-20,0.06594217578716766,0.33596126240436525,46.889663604213425,0.2700190866171976,91,23,2.274930453742405,Dec18-Mar19,Dec-Mar
2018-11-27,PHP,2018-12-19,2019-03-20,0.06405771327720068,0.33814804990448294,46.92518125128677,0.27409033662728227,91,22,2.3075781679335736,Dec18-Mar19,Dec-Mar
2018-11-28,PHP,2018-12-19,2019-03-20,0.06368135612523171,0.34869437755954763,46.59674515703225,0.28501302143431595,91,21,2.416446065963664,Dec18-Mar19,Dec-Mar
2018-11-29,PHP,2018-12-19,2019-03-20,0.06178694388455773,0.3519060907362775,46.22683976733638,0.29011914685171974,91,20,2.4794948111025996,Dec18-Mar19,Dec-Mar
2018-11-30,PHP,2018-12-19,2019-03-20,0.058147750922833766,0.34564231841808285,46.27257250787222,0.2874945674952491,91,19,2.454831567007949,Dec18-Mar19,Dec-Mar
2018-12-03,PHP,2018-12-19,2019-03-20,0.05125255522167594,0.3442355324644022,46.521033229927866,0.29298297724272626,91,16,2.4887194536507957,Dec18-Mar19,Dec-Mar
2018-12-04,PHP,2018-12-19,2019-03-20,0.04914889702694242,0.35234687082827504,46.313333773240295,0.3031979738013326,91,15,2.5871446968709146,Dec18-Mar19,Dec-Mar
2018-12-05,PHP,2018-12-19,2019-03-20,0.043685731348233885,0.3366440327091438,46.291101929432614,0.2929583013609099,91,14,2.501265196155618,Dec18-Mar19,Dec-Mar
2018-12-06,PHP,2018-12-19,2019-03-20,0.040297842816535645,0.33140375065412364,46.393756055168744,0.291105907837588,91,13,2.4801361729038063,Dec18-Mar19,Dec-Mar
2018-12-07,PHP,2018-12-19,2019-03-20,0.0374818172067458,0.33076624328500176,46.52903448222975,0.29328442607825594,91,12,2.4915887495813185,Dec18-Mar19,Dec-Mar
2018-12-10,PHP,2018-12-19,2019-03-20,0.028328478421649674,0.3237842797872442,46.40610052584616,0.2954558013655946,91,9,2.517175643880729,Dec18-Mar19,Dec-Mar
2018-12-11,PHP,2018-12-19,2019-03-20,0.02566933486985575,0.326708555290353,46.54561513313905,0.30103922042049724,91,8,2.5572075197856323,Dec18-Mar19,Dec-Mar
2018-12-12,PHP,2018-12-19,2019-03-20,0.022088721153175835,0.31828517550356195,46.507265275372475,0.2961964543503861,91,7,2.518337549070637,Dec18-Mar19,Dec-Mar
2018-12-13,PHP,2018-12-19,2019-03-20,0.022239569912758904,0.3171750994652764,46.27646795705228,0.2949355295525175,91,6,2.520109051487659,Dec18-Mar19,Dec-Mar
2018-12-14,PHP,2018-12-19,2019-03-20,0.022319919139283897,0.3151189036953152,46.373942568454986,0.2927989845560313,91,5,2.496592594065928,Dec18-Mar19,Dec-Mar
2018-12-17,PHP,2018-12-19,2019-03-20,0.021546508202218814,0.29525070137371834,46.23402622751876,0.2737041931714995,91,2,2.3408764719581776,Dec18-Mar19,Dec-Mar
2018-12-18,PHP,2018-12-19,2019-03-20,0.02299586378483636,0.311233574667082,46.2971420556459,0.28823771088224565,91,1,2.461739332519021,Dec18-Mar19,Dec-Mar
2018-12-19,PHP,2019-03-20,2019-06-19,0.3105766154164569,0.612113001704673,46.49260694523858,0.30153638628821605,91,91,2.5487394398222367,Mar19-Jun19,Mar-Jun
2018-12-20,PHP,2019-03-20,2019-06-19,0.3052760101399342,0.6047794291012697,46.61402163845715,0.2995034189613355,91,90,2.525290764730584,Mar19-Jun19,Mar-Jun
2018-12-21,PHP,2019-03-20,2019-06-19,0.29530276414323997,0.5879738219871282,46.61504866787475,0.29267105784388825,91,89,2.4681536892133438,Mar19-Jun19,Mar-Jun
2018-12-24,PHP,2019-03-20,2019-06-19,0.27835868116851326,0.5633386080681905,46.47595891153637,0.2849799268996772,91,86,2.4113133833467155,Mar19-Jun19,Mar-Jun
2018-12-25,PHP,2019-03-20,2019-06-19,0.26957536701141116,0.5485221243723074,46.392189646845196,0.27894675736089625,91,85,2.364946189214865,Mar19-Jun19,Mar-Jun
2018-12-26,PHP,2019-03-20,2019-06-19,0.26481204244738965,0.5419592641175274,46.20259454811978,0.2771472216701377,91,84,2.3595175019840418,Mar19-Jun19,Mar-Jun
2018-12-27,PHP,2019-03-20,2019-06-19,0.2541334606074915,0.5229534208331353,46.00812526831756,0.26881996022564386,91,83,2.298771413531794,Mar19-Jun19,Mar-Jun
2018-12-28,PHP,2019-03-20,2019-06-19,0.25108672663962195,0.5198427776735616,45.82771400190231,0.2687560510339396,91,82,2.3073750499857937,Mar19-Jun19,Mar-Jun
2018-12-31,PHP,2019-03-20,2019-06-19,0.24649341252828785,0.5201560185719571,45.86494168677445,0.2736626060436693,91,79,2.3478369222359525,Mar19-Jun19,Mar-Jun
2019-01-01,PHP,2019-03-20,2019-06-19,0.23343850875683472,0.5057834356398085,46.03157059808791,0.27234492688297385,91,78,2.328776158816815,Mar19-Jun19,Mar-Jun
2019-01-02,PHP,2019-03-20,2019-06-19,0.2265809247383021,0.49435838124720455,46.04581267827285,0.26777745650890244,91,77,2.2893550687594812,Mar19-Jun19,Mar-Jun
2019-01-03,PHP,2019-03-20,2019-06-19,0.23713749539648193,0.5210784438317432,46.16839793806952,0.28394094843526124,91,76,2.420579490007582,Mar19-Jun19,Mar-Jun
2019-01-04,PHP,2019-03-20,2019-06-19,0.22318845780052843,0.49399045326516955,46.28586953515219,0.2708019954646411,91,75,2.3034321563874496,Mar19-Jun19,Mar-Jun
2019-01-07,PHP,2019-03-20,2019-06-19,0.20857657677599578,0.47219419464565704,46.015793393781,0.26361761786966126,91,72,2.2561321756126835,Mar19-Jun19,Mar-Jun
2019-01-08,PHP,2019-03-20,2019-06-19,0.22033767537952417,0.502742301570182,45.80837433705466,0.28240462619065776,91,71,2.4271917804230108,Mar19-Jun19,Mar-Jun
2019-01-09,PHP,2019-03-20,2019-06-19,0.21537848046177385,0.49537050506207986,45.75983697796111,0.27999202460030603,91,70,2.4092562603914836,Mar19-Jun19,Mar-Jun
2019-01-10,PHP,2019-03-20,2019-06-19,0.21343528615688717,0.49492240268263693,45.54252963729066,0.28148711652574976,91,69,2.433727291947678,Mar19-Jun19,Mar-Jun
2019-01-11,PHP,2019-03-20,2019-06-19,0.21681441804497525,0.5069631245463393,45.63429093269171,0.29014870650136404,91,68,2.503409738823725,Mar19-Jun19,Mar-Jun
2019-01-14,PHP,2019-03-20,2019-06-19,0.21366537302987054,0.5127968952716894,45.466587406902704,0.2991315222418188,91,65,2.5905667736296696,Mar19-Jun19,Mar-Jun
2019-01-15,PHP,2019-03-20,2019-06-19,0.20412040904612572,0.49435411565858567,45.426602927176205,0.29023370661245995,91,64,2.516237343914741,Mar19-Jun19,Mar-Jun
2019-01-16,PHP,2019-03-20,2019-06-19,0.2020881313821222,0.49399321004518765,45.57417627818082,0.2919050786630655,91,63,2.5226814312579515,Mar19-Jun19,Mar-Jun
2019-01-17,PHP,2019-03-20,2019-06-19,0.19598729468739282,0.48364606592211457,45.115031094933,0.2876587712347217,91,62,2.51150996775397,Mar19-Jun19,Mar-Jun
2019-01-18,PHP,2019-03-20,2019-06-19,0.1924721708019041,0.4796027862604823,45.277491528916855,0.2871306154585782,91,61,2.4981355678695985,Mar19-Jun19,Mar-Jun
2019-01-21,PHP,2019-03-20,2019-06-19,0.1853212748378138,0.47608396466955616,45.24958276189347,0.29076268983174236,91,58,2.531687930543485,Mar19-Jun19,Mar-Jun
2019-01-22,PHP,2019-03-20,2019-06-19,0.18251450899736338,0.47389732160718917,45.54810380477951,0.2913828126098258,91,57,2.520681454186525,Mar19-Jun19,Mar-Jun
2019-01-23,PHP,2019-03-20,2019-06-19,0.17602056891710854,0.46205399340741,45.60936562106196,0.28603342449030145,91,56,2.47144535482604,Mar19-Jun19,Mar-Jun
2019-01-24,PHP,2019-03-20,2019-06-19,0.1770742670248514,0.47005169064778735,45.24606680888646,0.29297742362293594,91,55,2.551632358589808,Mar19-Jun19,Mar-Jun
2019-01-25,PHP,2019-03-20,2019-06-19,0.17370266374124393,0.46642381930519206,45.62613788883146,0.2927211555639481,91,54,2.528431855446466,Mar19-Jun19,Mar-Jun
2019-01-28,PHP,2019-03-20,2019-06-19,0.15908149079791234,0.44293277830006966,45.11420432620158,0.2838512875021573,91,51,2.48033282778994,Mar19-Jun19,Mar-Jun
2019-01-29,PHP,2019-03-20,2019-06-19,0.15569955100141797,0.4390727338239987,45.186158823508066,0.2833731828225807,91,50,2.472410279152679,Mar19-Jun19,Mar-Jun
2019-01-30,PHP,2019-03-20,2019-06-19,0.15526393249499978,0.44361123569999933,45.58863000666348,0.28834730320499957,91,49,2.4936980826401314,Mar19-Jun19,Mar-Jun
2019-01-31,PHP,2019-03-20,2019-06-19,0.15706965533041994,0.4548475435610077,45.65168599794096,0.29777788823058776,91,48,2.5716097243388947,Mar19-Jun19,Mar-Jun
2019-02-01,PHP,2019-03-20,2019-06-19,0.15305268294691618,0.4493887286526475,45.7457450327851,0.29633604570573135,91,47,2.5541375393593633,Mar19-Jun19,Mar-Jun
2019-02-04,PHP,2019-03-20,2019-06-19,0.1437610264843926,0.4410849676225682,45.742905913876974,0.2973239411381756,91,44,2.563329739890662,Mar19-Jun19,Mar-Jun
2019-02-05,PHP,2019-03-20,2019-06-19,0.13650414925691778,0.42538502326574384,45.847877091925746,0.28888087400882606,91,43,2.4852469573209297,Mar19-Jun19,Mar-Jun
2019-02-06,PHP,2019-03-20,2019-06-19,0.1354764839090376,0.4290088657119524,46.11968008119324,0.2935323818029148,91,42,2.510481189919268,Mar19-Jun19,Mar-Jun
2019-02-07,PHP,2019-03-20,2019-06-19,0.1259214336964039,0.4054055914128125,45.98957488191844,0.2794841577164086,91,41,2.3975706677359425,Mar19-Jun19,Mar-Jun
2019-02-08,PHP,2019-03-20,2019-06-19,0.1267128944133939,0.414984729203865,46.25459943593449,0.2882718347904711,91,40,2.4587834893458953,Mar19-Jun19,Mar-Jun
2019-02-11,PHP,2019-03-20,2019-06-19,0.11882169444877522,0.411058834849817,46.45632988345183,0.29223714040104176,91,37,2.4822312624822023,Mar19-Jun19,Mar-Jun
2019-02-12,PHP,2019-03-20,2019-06-19,0.11077075897084646,0.39077462192493057,46.655158340671576,0.2800038629540841,91,36,2.368620940574774,Mar19-Jun19,Mar-Jun
2019-02-13,PHP,2019-03-20,2019-06-19,0.10465514577672541,0.37675852479621147,46.41069309595907,0.27210337901948606,91,35,2.3141886897093498,Mar19-Jun19,Mar-Jun
2019-02-14,PHP,2019-03-20,2019-06-19,0.10242558041707452,0.37656463388630335,46.20544097662003,0.27413905346922884,91,34,2.3419479803863603,Mar19-Jun19,Mar-Jun
2019-02-15,PHP,2019-03-20,2019-06-19,0.10117580900152627,0.3801757671572502,45.940189003238466,0.2789999581557239,91,33,2.3972705906951006,Mar19-Jun19,Mar-Jun
2019-02-18,PHP,2019-03-20,2019-06-19,0.09495574304905573,0.3829881636311914,46.41912712747486,0.2880324205821357,91,30,2.449728869771509,Mar19-Jun19,Mar-Jun
2019-02-19,PHP,2019-03-20,2019-06-19,0.09537484209900854,0.3946545190303801,46.51635669372169,0.2992796769313716,91,29,2.540054870481032,Mar19-Jun19,Mar-Jun
2019-02-20,PHP,2019-03-20,2019-06-19,0.09314021030458525,0.39584589379448737,46.5733385812071,0.3027056834899021,91,28,2.5661181658476098,Mar19-Jun19,Mar-Jun
2019-02-21,PHP,2019-03-20,2019-06-19,0.0858793953027153,0.37532476465631137,46.47193971485675,0.2894453693535961,91,27,2.4594335085303074,Mar19-Jun19,Mar-Jun
2019-02-22,PHP,2019-03-20,2019-06-19,0.08306954321650628,0.37381294447427826,46.3705138133594,0.290743401257772,91,26,2.4760063534316497,Mar19-Jun19,Mar-Jun
2019-02-25,PHP,2019-03-20,2019-06-19,0.07297140156110743,0.36168433817244555,46.32481340161062,0.2887129366113381,91,23,2.4616715491014607,Mar19-Jun19,Mar-Jun
2019-02-26,PHP,2019-03-20,2019-06-19,0.0707513447152521,0.36340463421924946,46.65893986726291,0.2926532895039974,91,22,2.4775453188997667,Mar19-Jun19,Mar-Jun
2019-02-27,PHP,2019-03-20,2019-06-19,0.06705620598825135,0.3576330986040072,46.66675862297489,0.29057689261575587,91,21,2.4597498920335275,Mar19-Jun19,Mar-Jun
2019-02-28,PHP,2019-03-20,2019-06-19,0.06349619249501492,0.35240386834733284,46.56178241553139,0.2889076758523179,91,20,2.451312890843533,Mar19-Jun19,Mar-Jun
2019-03-01,PHP,2019-03-20,2019-06-19,0.0601759239788357,0.34838692829852247,46.533134776179416,0.28821100431968677,91,19,2.4470796012793654,Mar19-Jun19,Mar-Jun
2019-03-04,PHP,2019-03-20,2019-06-19,0.0513696851910625,0.34353476971523045,46.46458238470968,0.29216508452416795,91,16,2.4847775125875575,Mar19-Jun19,Mar-Jun
2019-03-05,PHP,2019-03-20,2019-06-19,0.044866946896090054,0.317059758065703,46.55131024143281,0.27219281116961297,91,15,2.3109336226317567,Mar19-Jun19,Mar-Jun
2019-03-06,PHP,2019-03-20,2019-06-19,0.04064473094473528,0.3048354820855146,46.749788171769374,0.2641907511407793,91,14,2.2336835961023254,Mar19-Jun19,Mar-Jun
2019-03-07,PHP,2019-03-20,2019-06-19,0.037901969564651763,0.30321575651721405,46.73496635250022,0.2653137869525623,91,13,2.244021033949857,Mar19-Jun19,Mar-Jun
2019-03-08,PHP,2019-03-20,2019-06-19,0.03498903369460381,0.30032253921201607,46.33502387972156,0.26533350551741225,91,12,2.2636849655360995,Mar19-Jun19,Mar-Jun
2019-03-11,PHP,2019-03-20,2019-06-19,0.026337138712154835,0.29263487457949816,46.284314118342095,0.26629773586734334,91,9,2.2748234367049753,Mar19-Jun19,Mar-Jun
2019-03-12,PHP,2019-03-20,2019-06-19,0.02470666894307908,0.3057450281706036,46.50319068944802,0.2810383592275245,91,8,2.389534377353604,Mar19-Jun19,Mar-Jun
2019-03-13,PHP,2019-03-20,2019-06-19,0.02164553014833695,0.3030374220767173,46.48202438211785,0.2813918919283803,91,7,2.39378676014868,Mar19-Jun19,Mar-Jun
2019-03-14,PHP,2019-03-20,2019-06-19,0.021969941165136106,0.30444061328831457,46.465865029945164,0.28247067212317845,91,6,2.4037824000773647,Mar19-Jun19,Mar-Jun
2019-03-15,PHP,2019-03-20,2019-06-19,0.022333860877575423,0.30629294917817723,46.59165695688549,0.2839590883006018,91,5,2.409908731966538,Mar19-Jun19,Mar-Jun
2019-03-18,PHP,2019-03-20,2019-06-19,0.022196610132402265,0.2948978203304873,46.73393548748925,0.272701210198085,91,2,2.307329383357776,Mar19-Jun19,Mar-Jun
2019-03-19,PHP,2019-03-20,2019-06-19,0.022642692589543805,0.2975896740340043,46.80614790138793,0.2749469814444605,91,1,2.32272140787637,Mar19-Jun19,Mar-Jun
2019-03-20,PHP,2019-06-19,2019-09-18,0.306742542962901,0.613485085925802,46.709964596984626,0.306742542962901,91,91,2.580969738135719,Jun19-Sep19,Jun-Sep
2019-03-21,PHP,2019-06-19,2019-09-18,0.31050649757097887,0.6244630673371908,47.13718974582095,0.31395656976621195,91,90,2.617673962319942,Jun19-Sep19,Jun-Sep
2019-03-22,PHP,2019-06-19,2019-09-18,0.30560360605130016,0.6180747088677981,46.96226822413798,0.312471102816498,91,89,2.6152000711529437,Jun19-Sep19,Jun-Sep
2019-03-25,PHP,2019-06-19,2019-09-18,0.29193497254500833,0.6008429086100753,47.17471666282654,0.30890793606506695,91,86,2.574551461585659,Jun19-Sep19,Jun-Sep
2019-03-26,PHP,2019-06-19,2019-09-18,0.2927460286563015,0.6061564828648125,47.447518535777874,0.313410454208511,91,85,2.5971065398247983,Jun19-Sep19,Jun-Sep
2019-03-27,PHP,2019-06-19,2019-09-18,0.2988254071030935,0.6225529314647782,47.85818314819254,0.32372752436168467,91,84,2.659385112523362,Jun19-Sep19,Jun-Sep
2019-03-28,PHP,2019-06-19,2019-09-18,0.29733453388247905,0.623327818018691,47.89016099807707,0.3259932841362119,91,83,2.6763037737926854,Jun19-Sep19,Jun-Sep
2019-03-29,PHP,2019-06-19,2019-09-18,0.2934796435087854,0.6191704674026814,47.80026814246608,0.32569082389389603,91,82,2.6790326699807383,Jun19-Sep19,Jun-Sep
2019-04-01,PHP,2019-06-19,2019-09-18,0.2859749215395412,0.615389071667367,47.95283006874392,0.3294141501278258,91,79,2.7015114862630396,Jun19-Sep19,Jun-Sep
2019-04-02,PHP,2019-06-19,2019-09-18,0.2885094389549073,0.6251037844022992,47.828310194076096,0.33659434544739186,91,78,2.7673940964951576,Jun19-Sep19,Jun-Sep
2019-04-03,PHP,2019-06-19,2019-09-18,0.2876057524016703,0.6275034597854624,48.04255256035447,0.3398977073837921,91,77,2.7822178074967137,Jun19-Sep19,Jun-Sep
2019-04-04,PHP,2019-06-19,2019-09-18,0.2840289833907862,0.6241163187665959,48.182394746705555,0.3400873353758097,91,76,2.7759433110496423,Jun19-Sep19,Jun-Sep
2019-04-05,PHP,2019-06-19,2019-09-18,0.2843655492372562,0.6293957489784604,48.01740884766511,0.3450301997412042,91,75,2.8258892212174453,Jun19-Sep19,Jun-Sep
2019-04-08,PHP,2019-06-19,2019-09-18,0.26728550011945207,0.6051046738815372,47.91869307978896,0.33781917376208515,91,72,2.7734779701132344,Jun19-Sep19,Jun-Sep
2019-04-09,PHP,2019-06-19,2019-09-18,0.2667652282163572,0.6086755911415473,47.68073052949411,0.34191036292519017,91,71,2.8210283006104038,Jun19-Sep19,Jun-Sep
2019-04-10,PHP,2019-06-19,2019-09-18,0.26552722312132915,0.6107126131790569,47.39380474000212,0.34518539005772775,91,70,2.8652700736744503,Jun19-Sep19,Jun-Sep
2019-04-11,PHP,2019-06-19,2019-09-18,0.259474956034335,0.6016810574709217,47.495029439882764,0.3422061014365867,91,69,2.834878921757463,Jun19-Sep19,Jun-Sep
2019-04-12,PHP,2019-06-19,2019-09-18,0.24917672583175784,0.5826338148124927,47.546502490078566,0.3334570889807348,91,68,2.760021246906198,Jun19-Sep19,Jun-Sep
2019-04-15,PHP,2019-06-19,2019-09-18,0.23562764106145298,0.5655063385474871,47.372569366645926,0.32987869748603416,91,65,2.7411553250084397,Jun19-Sep19,Jun-Sep
2019-04-16,PHP,2019-06-19,2019-09-18,0.22593593616376875,0.5471885953966275,47.45916130856895,0.32125265923285873,91,64,2.6651715406988328,Jun19-Sep19,Jun-Sep
2019-04-17,PHP,2019-06-19,2019-09-18,0.21917467086900097,0.535760306568669,47.56385360005038,0.316585635699668,91,63,2.621070149800898,Jun19-Sep19,Jun-Sep
2019-04-18,PHP,2019-06-19,2019-09-18,0.21355304276540477,0.5269937990823698,47.41437626141263,0.313440756316965,91,62,2.6034837703867986,Jun19-Sep19,Jun-Sep
2019-04-19,PHP,2019-06-19,2019-09-18,0.20915305633166728,0.5211682715149741,47.35275699276756,0.3120152151833069,91,61,2.5952404033930416,Jun19-Sep19,Jun-Sep
2019-04-22,PHP,2019-06-19,2019-09-18,0.20680956941681736,0.5312866524673412,47.33996923261161,0.3244770830505238,91,58,2.699753033999503,Jun19-Sep19,Jun-Sep
2019-04-23,PHP,2019-06-19,2019-09-18,0.19897248249900193,0.5166303054360051,47.4400723162975,0.3176578229370032,91,57,2.637895692131375,Jun19-Sep19,Jun-Sep
2019-04-24,PHP,2019-06-19,2019-09-18,0.1942269109735815,0.5098456413056515,47.224546821684214,0.31561873033207,91,56,2.633137620942986,Jun19-Sep19,Jun-Sep
2019-04-25,PHP,2019-06-19,2019-09-18,0.19059784864690898,0.5059506527717947,47.14029032636873,0.31535280412488575,91,55,2.6358042345765402,Jun19-Sep19,Jun-Sep
2019-04-26,PHP,2019-06-19,2019-09-18,0.17959655297366872,0.4822500033552215,47.324363801617345,0.3026534503815528,91,54,2.5204432308811793,Jun19-Sep19,Jun-Sep
2019-04-29,PHP,2019-06-19,2019-09-18,0.17252496919845786,0.4803636397290395,47.17917687254607,0.30783867053058167,91,51,2.5718680947502897,Jun19-Sep19,Jun-Sep
2019-04-30,PHP,2019-06-19,2019-09-18,0.16136145428851492,0.4550393010936121,47.17865793611847,0.29367784680509723,91,50,2.4541655999252376,Jun19-Sep19,Jun-Sep
2019-05-01,PHP,2019-06-19,2019-09-18,0.15247333689269757,0.43563810540770737,46.99412635438718,0.2831647685150098,91,49,2.3760192217119407,Jun19-Sep19,Jun-Sep
2019-05-02,PHP,2019-06-19,2019-09-18,0.14837741379529207,0.4296762607821999,47.04063735932481,0.2812988469869078,91,48,2.3582408084064603,Jun19-Sep19,Jun-Sep
2019-05-03,PHP,2019-06-19,2019-09-18,0.13997734501264752,0.41099731088819913,46.87133462091268,0.2710199658755516,91,47,2.280657257015849,Jun19-Sep19,Jun-Sep
2019-05-06,PHP,2019-06-19,2019-09-18,0.13399823594089488,0.4111309511822911,46.92075478992177,0.2771327152413962,91,44,2.3299435926275365,Jun19-Sep19,Jun-Sep
2019-05-07,PHP,2019-06-19,2019-09-18,0.1302492584412193,0.405893037933102,47.07067455891957,0.2756437794918827,91,43,2.310249079232912,Jun19-Sep19,Jun-Sep
2019-05-08,PHP,2019-06-19,2019-09-18,0.1255598825506617,0.3976062947437621,47.023391777703345,0.2720464121931004,91,42,2.282611864787662,Jun19-Sep19,Jun-Sep
2019-05-09,PHP,2019-06-19,2019-09-18,0.12035262550108652,0.38747674551569317,46.899913051768074,0.2671241200146066,91,41,2.247445320174365,Jun19-Sep19,Jun-Sep
2019-05-10,PHP,2019-06-19,2019-09-18,0.11738039413970874,0.38442079080754615,47.165638728501364,0.2670403966678374,91,40,2.234255694453963,Jun19-Sep19,Jun-Sep
2019-05-13,PHP,2019-06-19,2019-09-18,0.10870730094191633,0.37606850055581864,47.014146365789514,0.2673611996139023,91,37,2.244542882087746,Jun19-Sep19,Jun-Sep
2019-05-14,PHP,2019-06-19,2019-09-18,0.1040672030184269,0.36712596620389487,47.02982703583673,0.26305876318546795,91,36,2.2079058965732763,Jun19-Sep19,Jun-Sep
2019-05-15,PHP,2019-06-19,2019-09-18,0.10366096775659361,0.373179483923737,46.977668669874426,0.2695185161671434,91,35,2.2646495014718804,Jun19-Sep19,Jun-Sep
2019-05-16,PHP,2019-06-19,2019-09-18,0.09696098264554921,0.35647420090275445,46.752289145025046,0.25951321825720525,91,34,2.1913812831629107,Jun19-Sep19,Jun-Sep
2019-05-17,PHP,2019-06-19,2019-09-18,0.09403580931065446,0.3533466774097319,46.65960949041986,0.25931086809907744,91,33,2.1941501799556384,Jun19-Sep19,Jun-Sep
2019-05-20,PHP,2019-06-19,2019-09-18,0.09029400219142285,0.36418580883873874,46.727177158828795,0.2738918066473159,91,30,2.3143668366249424,Jun19-Sep19,Jun-Sep
2019-05-21,PHP,2019-06-19,2019-09-18,0.08796925372289907,0.3640107050602721,46.487920677034516,0.276041451337373,91,29,2.3446296287721715,Jun19-Sep19,Jun-Sep
2019-05-22,PHP,2019-06-19,2019-09-18,0.08220525889576455,0.3493723503069993,46.379605308265894,0.26716709141123474,91,28,2.274824730955045,Jun19-Sep19,Jun-Sep
2019-05-23,PHP,2019-06-19,2019-09-18,0.08045016984729578,0.3515970385918852,46.47230347377195,0.2711468687445894,91,27,2.3042008202329027,Jun19-Sep19,Jun-Sep
2019-05-24,PHP,2019-06-19,2019-09-18,0.07571010194922446,0.3406954587715101,46.3385101246964,0.26498535682228563,91,26,2.2585615231237965,Jun19-Sep19,Jun-Sep
2019-05-27,PHP,2019-06-19,2019-09-18,0.06870450262400686,0.34053536083203406,46.71055885408249,0.2718308582080272,91,23,2.298828041561971,Jun19-Sep19,Jun-Sep
2019-05-28,PHP,2019-06-19,2019-09-18,0.0667758153879267,0.342984869947078,46.94073716795522,0.2762090545591513,91,22,2.3245117461980085,Jun19-Sep19,Jun-Sep
2019-05-29,PHP,2019-06-19,2019-09-18,0.06427067400942289,0.34277692805025545,47.067580314563585,0.27850625404083257,91,21,2.337661177970285,Jun19-Sep19,Jun-Sep
2019-05-30,PHP,2019-06-19,2019-09-18,0.06217841286269043,0.34509019138793184,47.15061293695986,0.2829117785252414,91,20,2.3705682285032177,Jun19-Sep19,Jun-Sep
2019-05-31,PHP,2019-06-19,2019-09-18,0.06198636155874091,0.35886840902428946,47.455310531393074,0.2968820474655485,91,19,2.471686115016023,Jun19-Sep19,Jun-Sep
2019-06-03,PHP,2019-06-19,2019-09-18,0.054190763720966116,0.3624007323839609,47.389035942972136,0.3082099686629948,91,16,2.570002650240745,Jun19-Sep19,Jun-Sep
2019-06-04,PHP,2019-06-19,2019-09-18,0.05028740385492439,0.3553643205747991,47.37339542518254,0.3050769167198747,91,15,2.5449261223955753,Jun19-Sep19,Jun-Sep
2019-06-05,PHP,2019-06-19,2019-09-18,0.04500904994147004,0.3375678745610253,47.335285759366634,0.2925588246195553,91,14,2.4427361091390787,Jun19-Sep19,Jun-Sep
2019-06-06,PHP,2019-06-19,2019-09-18,0.04216616732136175,0.337329338570894,47.0677887946367,0.29516317124953223,91,13,2.478623638276502,Jun19-Sep19,Jun-Sep
2019-06-07,PHP,2019-06-19,2019-09-18,0.040176157187937135,0.3448453491964604,46.91930284863218,0.30466919200852327,91,12,2.5666483980555523,Jun19-Sep19,Jun-Sep
2019-06-10,PHP,2019-06-19,2019-09-18,0.031201914034885394,0.34668793372094886,46.960375364417516,0.3154860196860635,91,9,2.6559580113683237,Jun19-Sep19,Jun-Sep
2019-06-11,PHP,2019-06-19,2019-09-18,0.027990363810042013,0.3463807521492699,46.93931277595663,0.3183903883392279,91,8,2.6817941147347435,Jun19-Sep19,Jun-Sep
2019-06-12,PHP,2019-06-19,2019-09-18,0.024722601015971186,0.34611641422359657,46.92582896063932,0.3213938132076254,91,7,2.7080577542955666,Jun19-Sep19,Jun-Sep
2019-06-13,PHP,2019-06-19,2019-09-18,0.025048468079370424,0.3471002005284187,47.106247847868715,0.3220517324490483,91,6,2.7031949241281916,Jun19-Sep19,Jun-Sep
2019-06-14,PHP,2019-06-19,2019-09-18,0.02388932089936313,0.32762497233412297,46.86258363057901,0.30373565143475983,91,5,2.5627681342911863,Jun19-Sep19,Jun-Sep
2019-06-17,PHP,2019-06-19,2019-09-18,0.023834005084631075,0.31665178183867,47.09183569792866,0.2928177767540389,91,2,2.4586300125879115,Jun19-Sep19,Jun-Sep
2019-06-18,PHP,2019-06-19,2019-09-18,0.024128898346607017,0.31712266398397787,47.30429062925032,0.29299376563737084,91,1,2.449049064552974,Jun19-Sep19,Jun-Sep
2019-06-19,PHP,2019-09-18,2019-12-18,0.3194324673311457,0.6388649346622914,47.31404273189199,0.3194324673311457,91,91,2.652942865210521,Sep19-Dec19,Sep-Dec
2019-06-20,PHP,2019-09-18,2019-12-18,0.3220263603558376,0.6476307913822956,46.86673033766083,0.32560443102645803,91,90,2.7296871788053028,Sep19-Dec19,Sep-Dec
2019-06-21,PHP,2019-09-18,2019-12-18,0.3194805103374304,0.6461403579858143,47.13194015487979,0.32665984764838385,91,89,2.7233762400688697,Sep19-Dec19,Sep-Dec
2019-06-24,PHP,2019-09-18,2019-12-18,0.3136613342976119,0.6455587926822942,47.545854689345376,0.3318974583846823,91,86,2.7434479981377624,Sep19-Dec19,Sep-Dec
2019-06-25,PHP,2019-09-18,2019-12-18,0.31695793430265373,0.6562893698502007,47.96040456984073,0.33933143554754697,91,85,2.780620160387512,Sep19-Dec19,Sep-Dec
2019-06-26,PHP,2019-09-18,2019-12-18,0.2957856942602217,0.616220196375462,47.99216371347379,0.32043450211524027,91,84,2.625195293958589,Sep19-Dec19,Sep-Dec
2019-06-27,PHP,2019-09-18,2019-12-18,0.28127731309179305,0.5896656925056866,48.053082081110425,0.3083883794138935,91,83,2.524080177714809,Sep19-Dec19,Sep-Dec
2019-06-28,PHP,2019-09-18,2019-12-18,0.28426697428146647,0.5997339823255329,48.14926968994086,0.3154670080440664,91,82,2.576729754748385,Sep19-Dec19,Sep-Dec
2019-07-01,PHP,2019-09-18,2019-12-18,0.268561275806881,0.5779166694578453,47.88343671141953,0.30935539365096426,91,79,2.5415841221108875,Sep19-Dec19,Sep-Dec
2019-07-02,PHP,2019-09-18,2019-12-18,0.26116011861366767,0.5658469236629466,47.99176770202688,0.304686805049279,91,78,2.49799224221566,Sep19-Dec19,Sep-Dec
2019-07-03,PHP,2019-09-18,2019-12-18,0.24817834172690983,0.546419964690867,47.63519721266028,0.2982416229639571,91,77,2.4640221294073323,Sep19-Dec19,Sep-Dec
2019-07-04,PHP,2019-09-18,2019-12-18,0.24707839111518365,0.547553565329199,47.6363434443764,0.3004751742140153,91,76,2.4824729547827493,Sep19-Dec19,Sep-Dec
2019-07-05,PHP,2019-09-18,2019-12-18,0.25097191591346,0.5598251587463402,47.83575149502636,0.3088532428328802,91,75,2.5409030142728017,Sep19-Dec19,Sep-Dec
2019-07-08,PHP,2019-09-18,2019-12-18,0.23422000592232484,0.5336499128523559,47.7141740319496,0.299429906930031,91,72,2.4704849814859786,Sep19-Dec19,Sep-Dec
2019-07-09,PHP,2019-09-18,2019-12-18,0.22837513569980655,0.5241704281918375,47.66090376497882,0.2957952924920309,91,71,2.443509708125443,Sep19-Dec19,Sep-Dec
2019-07-10,PHP,2019-09-18,2019-12-18,0.21862463924269485,0.5056091568997141,47.52834242598763,0.28698451765701927,91,70,2.3777915883205827,Sep19-Dec19,Sep-Dec
2019-07-11,PHP,2019-09-18,2019-12-18,0.2284366613912398,0.5321652549562733,47.38605355467181,0.3037285935650335,91,69,2.5235252155347743,Sep19-Dec19,Sep-Dec
2019-07-12,PHP,2019-09-18,2019-12-18,0.23231205829696636,0.5453700027769705,47.82303516976065,0.3130579444800041,91,68,2.5771762365469946,Sep19-Dec19,Sep-Dec
2019-07-15,PHP,2019-09-18,2019-12-18,0.21423121753495156,0.5153955622616946,47.85326400127674,0.301164344726743,91,65,2.4786383819431856,Sep19-Dec19,Sep-Dec
2019-07-16,PHP,2019-09-18,2019-12-18,0.20276929242692066,0.4920147350480261,47.975397509707875,0.28924544262110546,91,64,2.3750751866378277,Sep19-Dec19,Sep-Dec
2019-07-17,PHP,2019-09-18,2019-12-18,0.19395099403963087,0.4747262964979992,48.12685380097422,0.28077530245836835,91,63,2.298718829309455,Sep19-Dec19,Sep-Dec
2019-07-18,PHP,2019-09-18,2019-12-18,0.19387204995555715,0.4787380446879941,48.11506371386187,0.2848659947324369,91,62,2.3327824944298774,Sep19-Dec19,Sep-Dec
2019-07-19,PHP,2019-09-18,2019-12-18,0.19563713514302777,0.4874892547826265,48.24830529872535,0.29185211963959873,91,61,2.383331652940827,Sep19-Dec19,Sep-Dec
2019-07-22,PHP,2019-09-18,2019-12-18,0.1955962404014771,0.5024799968934498,48.52908937996189,0.3068837564919727,91,58,2.491643844636166,Sep19-Dec19,Sep-Dec
2019-07-23,PHP,2019-09-18,2019-12-18,0.18946264555228837,0.49193809722348564,48.383627051700586,0.30247545167119727,91,57,2.4635167124301387,Sep19-Dec19,Sep-Dec
2019-07-24,PHP,2019-09-18,2019-12-18,0.19189531849412883,0.5037252110470882,48.42211436728819,0.3118298925529594,91,56,2.5375663717547403,Sep19-Dec19,Sep-Dec
2019-07-25,PHP,2019-09-18,2019-12-18,0.1847236313392469,0.49035727591872824,48.60013837446873,0.30563364457948133,91,55,2.478433027561686,Sep19-Dec19,Sep-Dec
2019-07-26,PHP,2019-09-18,2019-12-18,0.1817077331120154,0.4879189129859673,48.337754651778944,0.30621117987395186,91,54,2.496698907757668,Sep19-Dec19,Sep-Dec
2019-07-29,PHP,2019-09-18,2019-12-18,0.1729945316760823,0.48167104898046453,48.23330692773611,0.3086765173043822,91,51,2.5226836875331182,Sep19-Dec19,Sep-Dec
2019-07-30,PHP,2019-09-18,2019-12-18,0.16908004845921243,0.47680573665497905,48.19956945413046,0.3077256881957666,91,50,2.516870661938084,Sep19-Dec19,Sep-Dec
2019-07-31,PHP,2019-09-18,2019-12-18,0.1694114991291896,0.48403285465482737,48.16446555194034,0.31462135552563775,91,49,2.57512119430117,Sep19-Dec19,Sep-Dec
2019-08-01,PHP,2019-09-18,2019-12-18,0.16544609518197478,0.47910431729780195,47.97412590271333,0.31365822211582717,91,48,2.5776002202908446,Sep19-Dec19,Sep-Dec
2019-08-02,PHP,2019-09-18,2019-12-18,0.16214082885919395,0.48102162396738085,47.718179979100164,0.3188807951081869,91,47,2.6347075811081972,Sep19-Dec19,Sep-Dec
2019-08-05,PHP,2019-09-18,2019-12-18,0.1497629059613036,0.4635276971616003,47.80331667362205,0.3137647912002967,91,44,2.5885038390231454,Sep19-Dec19,Sep-Dec
2019-08-06,PHP,2019-09-18,2019-12-18,0.14930718688103947,0.4689838925640709,47.58468583926332,0.3196767056830314,91,43,2.6493804922473982,Sep19-Dec19,Sep-Dec
2019-08-07,PHP,2019-09-18,2019-12-18,0.14261262629818677,0.45501459520602666,47.79975172350697,0.3124019689078399,91,42,2.577836820763948,Sep19-Dec19,Sep-Dec
2019-08-08,PHP,2019-09-18,2019-12-18,0.13860185198076141,0.449345101928836,48.05613067299902,0.31074324994807456,91,41,2.5507226442253983,Sep19-Dec19,Sep-Dec
2019-08-09,PHP,2019-09-18,2019-12-18,0.13146682190355455,0.4333638778305563,48.17204736711635,0.3018970559270018,91,40,2.4725282280165417,Sep19-Dec19,Sep-Dec
2019-08-12,PHP,2019-09-18,2019-12-18,0.11923971440599607,0.414386694228101,48.38750442086159,0.2951469798221049,91,37,2.4071177039089897,Sep19-Dec19,Sep-Dec
2019-08-13,PHP,2019-09-18,2019-12-18,0.11689772423853237,0.41395438571929555,48.29734937230991,0.29705666148076315,91,36,2.4273210485128693,Sep19-Dec19,Sep-Dec
2019-08-14,PHP,2019-09-18,2019-12-18,0.11301065323159346,0.4080886672060255,48.2264577882927,0.295078013974432,91,35,2.4148829753002548,Sep19-Dec19,Sep-Dec
2019-08-15,PHP,2019-09-18,2019-12-18,0.10758045572903868,0.3964540460002574,48.22275309415544,0.2888735902712187,91,34,2.3645535565643407,Sep19-Dec19,Sep-Dec
2019-08-16,PHP,2019-09-18,2019-12-18,0.099280025113921,0.37367561910467856,48.09112907887833,0.2743955939907575,91,33,2.2525665404287376,Sep19-Dec19,Sep-Dec
2019-08-19,PHP,2019-09-18,2019-12-18,0.0935277535519443,0.377228605992842,48.43677233123515,0.2837008524408977,91,30,2.312643937215517,Sep19-Dec19,Sep-Dec
2019-08-20,PHP,2019-09-18,2019-12-18,0.09148091739995312,0.3785417271722198,48.110450087683354,0.28706080977226667,91,29,2.355974455456755,Sep19-Dec19,Sep-Dec
2019-08-21,PHP,2019-09-18,2019-12-18,0.08837123518289085,0.3755777495272862,48.15356553696149,0.2872065143443953,91,28,2.3552155473672416,Sep19-Dec19,Sep-Dec
2019-08-22,PHP,2019-09-18,2019-12-18,0.08863974060349933,0.3873884959708489,47.968189129252906,0.29874875536734957,91,27,2.4593033619577556,Sep19-Dec19,Sep-Dec
2019-08-23,PHP,2019-09-18,2019-12-18,0.08653986511634855,0.3894293930235685,47.7816060032949,0.30288952790721996,91,26,2.5032185067712898,Sep19-Dec19,Sep-Dec
2019-08-26,PHP,2019-09-18,2019-12-18,0.07398430865841782,0.366704834219984,48.01625349600693,0.2927205255615662,91,23,2.4080048650653074,Sep19-Dec19,Sep-Dec
2019-08-27,PHP,2019-09-18,2019-12-18,0.07074077389831618,0.3633503386595331,47.96058442398908,0.2926095647612169,91,22,2.4100444769847535,Sep19-Dec19,Sep-Dec
2019-08-28,PHP,2019-09-18,2019-12-18,0.06726759473691243,0.358760505263533,48.043253144167146,0.2914929105266205,91,21,2.3968952096292644,Sep19-Dec19,Sep-Dec
2019-08-29,PHP,2019-09-18,2019-12-18,0.06445692025333126,0.3577359074059885,48.235197125522085,0.2932789871526572,91,20,2.4021384572658584,Sep19-Dec19,Sep-Dec
2019-08-30,PHP,2019-09-18,2019-12-18,0.05924723393875576,0.34301030175069125,48.21071602915222,0.2837630678119355,91,19,2.325626732399573,Sep19-Dec19,Sep-Dec
2019-09-02,PHP,2019-09-18,2019-12-18,0.050256820480622404,0.3409263900000919,48.166390965155166,0.2906695695194695,91,16,2.384864246091325,Sep19-Dec19,Sep-Dec
2019-09-03,PHP,2019-09-18,2019-12-18,0.04659446157780827,0.3337716767416503,47.87266149004428,0.28717721516384204,91,15,2.370833319092873,Sep19-Dec19,Sep-Dec
2019-09-04,PHP,2019-09-18,2019-12-18,0.043161239100693444,0.32791114861942766,47.84969986201201,0.28474990951873425,91,14,2.3520899203691386,Sep19-Dec19,Sep-Dec
2019-09-05,PHP,2019-09-18,2019-12-18,0.03904712520749992,0.31629031614775105,47.991856794844686,0.2772431909402511,91,13,2.2835011635407167,Sep19-Dec19,Sep-Dec
2019-09-06,PHP,2019-09-18,2019-12-18,0.03647803777006521,0.31670430446281767,47.84380929821229,0.28022626669275247,91,12,2.3153316121424403,Sep19-Dec19,Sep-Dec
2019-09-09,PHP,2019-09-18,2019-12-18,0.02807476184132535,0.3146531354097855,48.02940134740193,0.28657837356846017,91,9,2.359084859369824,Sep19-Dec19,Sep-Dec
2019-09-10,PHP,2019-09-18,2019-12-18,0.024899356167432243,0.3105391027424665,48.01929125481401,0.28563974657503427,91,8,2.352008387848272,Sep19-Dec19,Sep-Dec
2019-09-11,PHP,2019-09-18,2019-12-18,0.02221588730963705,0.31311711149159976,47.707614262370086,0.29090122418196274,91,7,2.4111085795233205,Sep19-Dec19,Sep-Dec
2019-09-12,PHP,2019-09-18,2019-12-18,0.022969811352208568,0.3200987218046295,47.90202802205465,0.29712891045242096,91,6,2.4526970965073813,Sep19-Dec19,Sep-Dec
2019-09-13,PHP,2019-09-18,2019-12-18,0.022580779877137268,0.31118797062444625,48.10609633141024,0.288607190747309,91,5,2.372271172105263,Sep19-Dec19,Sep-Dec
2019-09-16,PHP,2019-09-18,2019-12-18,0.02265986782481002,0.30165304763415784,47.86986037407232,0.27899317980934785,91,2,2.3045546093369373,Sep19-Dec19,Sep-Dec
2019-09-17,PHP,2019-09-18,2019-12-18,0.022459441006720694,0.29548084783201445,47.7684943197889,0.27302140682529374,91,1,2.2600191068541693,Sep19-Dec19,Sep-Dec
2019-09-18,PHP,2019-12-18,2020-03-18,0.2921245306036126,0.5935661387710017,47.916398899422404,0.30144160816738913,91,91,2.473662678803391,Dec19-Mar20,Dec-Mar
2019-09-19,PHP,2019-12-18,2020-03-18,0.28550078374311144,0.5835793660285474,48.3714905752059,0.298078582285436,91,90,2.423520116928801,Dec19-Mar20,Dec-Mar
2019-09-20,PHP,2019-12-18,2020-03-18,0.2793627203886715,0.574368242030014,48.16279188695591,0.2950055216413425,91,89,2.409171970876512,Dec19-Mar20,Dec-Mar
2019-09-23,PHP,2019-12-18,2020-03-18,0.26743050314079925,0.5598109297063971,48.35128298643298,0.2923804265655979,91,86,2.3790629911019674,Dec19-Mar20,Dec-Mar
2019-09-24,PHP,2019-12-18,2020-03-18,0.27112320629502823,0.5707978352580958,48.41132908315035,0.29967462896306757,91,85,2.435222444507153,Dec19-Mar20,Dec-Mar
2019-09-25,PHP,2019-12-18,2020-03-18,0.2662864553835558,0.5641715833333409,48.384692319084294,0.29788512794978517,91,84,2.422246560514364,Dec19-Mar20,Dec-Mar
2019-09-26,PHP,2019-12-18,2020-03-18,0.2770591118732836,0.5902471609134994,48.46857148930773,0.3131880490402158,91,83,2.5417369171970976,Dec19-Mar20,Dec-Mar
2019-09-27,PHP,2019-12-18,2020-03-18,0.28442974056184234,0.6095194346590431,48.55914093090828,0.3250896940972008,91,82,2.633036655235016,Dec19-Mar20,Dec-Mar
2019-09-30,PHP,2019-12-18,2020-03-18,0.27047436558483534,0.59147274375161,48.5449653714045,0.3209983781667746,91,79,2.601397632979539,Dec19-Mar20,Dec-Mar
2019-10-01,PHP,2019-12-18,2020-03-18,0.2867030577883116,0.630612080542534,48.456627434703165,0.3439090227542224,91,78,2.7911905016531775,Dec19-Mar20,Dec-Mar
2019-10-02,PHP,2019-12-18,2020-03-18,0.2888905548581833,0.6287689486402503,48.328233010414664,0.339878393782067,91,77,2.7656384559778853,Dec19-Mar20,Dec-Mar
2019-10-03,PHP,2019-12-18,2020-03-18,0.28117725679709404,0.6169242261069987,48.2473378167753,0.33574696930990466,91,76,2.7370088837147373,Dec19-Mar20,Dec-Mar
2019-10-04,PHP,2019-12-18,2020-03-18,0.2727682011175227,0.6034170262400138,48.463264301834286,0.3306488251224911,91,75,2.683971630476177,Dec19-Mar20,Dec-Mar
2019-10-07,PHP,2019-12-18,2020-03-18,0.2603408398243167,0.5909852892283568,48.50706412000985,0.3306444494040401,91,72,2.682209514206575,Dec19-Mar20,Dec-Mar
2019-10-08,PHP,2019-12-18,2020-03-18,0.2527555123445864,0.5789594200601483,48.32041747992489,0.32620390771556196,91,71,2.656768990079059,Dec19-Mar20,Dec-Mar
2019-10-09,PHP,2019-12-18,2020-03-18,0.2398882583266524,0.5546326521946308,47.9390274469545,0.31474439386797837,91,70,2.5844140301473195,Dec19-Mar20,Dec-Mar
2019-10-10,PHP,2019-12-18,2020-03-18,0.23755731956362178,0.554412628946729,47.90674295052569,0.31685530938310724,91,69,2.603617717140707,Dec19-Mar20,Dec-Mar
2019-10-11,PHP,2019-12-18,2020-03-18,0.24291882481690794,0.5722239144172122,47.7891319526358,0.32930508960030425,91,68,2.7122419058137504,Dec19-Mar20,Dec-Mar
2019-10-14,PHP,2019-12-18,2020-03-18,0.22645459741502097,0.5498379456298629,48.00185420530572,0.32338334821484194,91,65,2.652630315990697,Dec19-Mar20,Dec-Mar
2019-10-15,PHP,2019-12-18,2020-03-18,0.23068248066590152,0.5657697865727486,48.086439316294616,0.33508730590684704,91,64,2.743582527225852,Dec19-Mar20,Dec-Mar
2019-10-16,PHP,2019-12-18,2020-03-18,0.2246378691200577,0.5569962718408261,48.42477370433507,0.33235840272076844,91,63,2.7026523195221976,Dec19-Mar20,Dec-Mar
2019-10-17,PHP,2019-12-18,2020-03-18,0.2253009659686395,0.564610650623422,48.33856800454768,0.3393096846547825,91,62,2.764038483055471,Dec19-Mar20,Dec-Mar
2019-10-18,PHP,2019-12-18,2020-03-18,0.21697902631067023,0.5500511773541928,48.250944959765796,0.3330721510435226,91,61,2.718598119533243,Dec19-Mar20,Dec-Mar
2019-10-21,PHP,2019-12-18,2020-03-18,0.20162765229133353,0.5273629541407697,48.283550135994915,0.3257353018494362,91,58,2.6577672413174773,Dec19-Mar20,Dec-Mar
2019-10-22,PHP,2019-12-18,2020-03-18,0.19346869199370753,0.5117099174244303,48.18937246229922,0.31824122543072275,91,57,2.602113159114321,Dec19-Mar20,Dec-Mar
2019-10-23,PHP,2019-12-18,2020-03-18,0.18540609932618002,0.49604024956194265,48.08179970084709,0.31063415023576263,91,56,2.5459985350480583,Dec19-Mar20,Dec-Mar
2019-10-24,PHP,2019-12-18,2020-03-18,0.18015044699507854,0.4876222236561263,48.36689203375851,0.30747177666104775,91,55,2.505552967920251,Dec19-Mar20,Dec-Mar
2019-10-25,PHP,2019-12-18,2020-03-18,0.16973860025506127,0.4651422537856881,48.15092070888276,0.2954036535306268,91,54,2.4184890166060775,Dec19-Mar20,Dec-Mar
2019-10-28,PHP,2019-12-18,2020-03-18,0.16473960382431355,0.46802327941427424,48.01648810845016,0.3032836755899607,91,51,2.49018883235891,Dec19-Mar20,Dec-Mar
2019-10-29,PHP,2019-12-18,2020-03-18,0.16337196884782004,0.4700931944485828,48.261817531184505,0.30672122560076276,91,50,2.5057261794039123,Dec19-Mar20,Dec-Mar
2019-10-30,PHP,2019-12-18,2020-03-18,0.1547552210181752,0.45149845061171,48.03776369519932,0.29674322959353483,91,49,2.4359159602579137,Dec19-Mar20,Dec-Mar
2019-10-31,PHP,2019-12-18,2020-03-18,0.15104383671689403,0.4467244659562788,47.96582809854758,0.29568062923938476,91,48,2.4310091640941565,Dec19-Mar20,Dec-Mar
2019-11-01,PHP,2019-12-18,2020-03-18,0.15640652576038,0.4535283419346742,48.10985507746667,0.2971218161742942,91,47,2.435297298862131,Dec19-Mar20,Dec-Mar
2019-11-04,PHP,2019-12-18,2020-03-18,0.14232894214647188,0.43308628272422883,48.074306598838625,0.29075734057775693,91,44,2.3855849894177967,Dec19-Mar20,Dec-Mar
2019-11-05,PHP,2019-12-18,2020-03-18,0.14044691592473613,0.4348027052023964,48.089897937877176,0.29435578927766026,91,43,2.414422796743983,Dec19-Mar20,Dec-Mar
2019-11-06,PHP,2019-12-18,2020-03-18,0.1393992652168193,0.43931749018873695,48.13641276752968,0.29991822497191767,91,42,2.4577311727097797,Dec19-Mar20,Dec-Mar
2019-11-07,PHP,2019-12-18,2020-03-18,0.1446517924092037,0.46437850533364006,48.02048408727527,0.31972671292443633,91,41,2.626075702163654,Dec19-Mar20,Dec-Mar
2019-11-08,PHP,2019-12-18,2020-03-18,0.14600763177894835,0.47764973553948364,47.85212463793551,0.33164210376053527,91,40,2.733420402233893,Dec19-Mar20,Dec-Mar
2019-11-11,PHP,2019-12-18,2020-03-18,0.1368003778931649,0.47529794458365726,48.003612103333694,0.33849756669049236,91,37,2.781677978691408,Dec19-Mar20,Dec-Mar
2019-11-12,PHP,2019-12-18,2020-03-18,0.13059140554562007,0.46367479747066453,48.27182098046697,0.33308339192504444,91,36,2.7223695566555812,Dec19-Mar20,Dec-Mar
2019-11-13,PHP,2019-12-18,2020-03-18,0.1258764102397443,0.4571153405230343,48.56762906054464,0.33123893028329,91,35,2.69110994471303,Dec19-Mar20,Dec-Mar
2019-11-14,PHP,2019-12-18,2020-03-18,0.11663487918394548,0.4337610234150186,48.4947463380795,0.3171261442310731,91,34,2.5808050188528457,Dec19-Mar20,Dec-Mar
2019-11-15,PHP,2019-12-18,2020-03-18,0.11099994728810461,0.423121618880952,48.73958188076165,0.3121216715928474,91,33,2.527640421564519,Dec19-Mar20,Dec-Mar
2019-11-18,PHP,2019-12-18,2020-03-18,0.10089357722781868,0.41641090464500674,48.72073624871027,0.3155173274171881,91,30,2.556654541452355,Dec19-Mar20,Dec-Mar
2019-11-19,PHP,2019-12-18,2020-03-18,0.09697565613272986,0.4107292284840667,48.60334997030862,0.31375357235133683,91,29,2.5486953272316453,Dec19-Mar20,Dec-Mar
2019-11-20,PHP,2019-12-18,2020-03-18,0.09704883884012491,0.4219143640526731,48.634966193874256,0.3248655252125482,91,28,2.6372443180964016,Dec19-Mar20,Dec-Mar
2019-11-21,PHP,2019-12-18,2020-03-18,0.09119104474793456,0.40796806023614085,48.494161165624135,0.3167770154882063,91,27,2.5793448859021217,Dec19-Mar20,Dec-Mar
2019-11-22,PHP,2019-12-18,2020-03-18,0.08824042898513428,0.4065090586867309,48.48237387579416,0.3182686297015966,91,26,2.5922766408279165,Dec19-Mar20,Dec-Mar
2019-11-25,PHP,2019-12-18,2020-03-18,0.07800906442518896,0.39608761915320956,48.517691042745454,0.3180785547280206,91,23,2.5893911214447467,Dec19-Mar20,Dec-Mar
2019-11-26,PHP,2019-12-18,2020-03-18,0.07685736607188941,0.40429790424384293,49.01412325115231,0.3274405381719535,91,22,2.638711114979037,Dec19-Mar20,Dec-Mar
2019-11-27,PHP,2019-12-18,2020-03-18,0.0715865562432949,0.3913315316640917,49.04519159923989,0.3197449754207968,91,21,2.5753423269837086,Dec19-Mar20,Dec-Mar
2019-11-28,PHP,2019-12-18,2020-03-18,0.06667638163572354,0.3795130153169182,48.64678579878493,0.3128366336811947,91,20,2.5405615173068874,Dec19-Mar20,Dec-Mar
2019-11-29,PHP,2019-12-18,2020-03-18,0.06552917246448633,0.388786534725217,48.37944956904214,0.32325736226073065,91,19,2.6397376311007243,Dec19-Mar20,Dec-Mar
2019-12-02,PHP,2019-12-18,2020-03-18,0.05588696500581095,0.3752846335350611,48.291685105381156,0.3193976685292501,91,16,2.613473980286134,Dec19-Mar20,Dec-Mar
2019-12-03,PHP,2019-12-18,2020-03-18,0.0521068194947923,0.3734695860916043,48.34035475204922,0.321362766596812,91,15,2.6271142016888853,Dec19-Mar20,Dec-Mar
2019-12-04,PHP,2019-12-18,2020-03-18,0.04958054722875194,0.38129227712208213,48.53917494741902,0.3317117298933302,91,14,2.7007610522932173,Dec19-Mar20,Dec-Mar
2019-12-05,PHP,2019-12-18,2020-03-18,0.046870332239002915,0.38440184368470787,48.54438397380617,0.3375315114457049,91,13,2.748003760962859,Dec19-Mar20,Dec-Mar
2019-12-06,PHP,2019-12-18,2020-03-18,0.043384849431381885,0.38179208313524415,48.37093122454082,0.3384072337038623,91,12,2.765202527141384,Dec19-Mar20,Dec-Mar
2019-12-09,PHP,2019-12-18,2020-03-18,0.032255100999999106,0.36778711425153665,48.32795900795415,0.33553201325153753,91,9,2.7447756746743854,Dec19-Mar20,Dec-Mar
2019-12-10,PHP,2019-12-18,2020-03-18,0.028489455951781723,0.3619616217508355,48.36653664447407,0.3334721657990538,91,8,2.7259630840587867,Dec19-Mar20,Dec-Mar
2019-12-11,PHP,2019-12-18,2020-03-18,0.023913463056323962,0.34414672969732396,48.128126959483644,0.320233266641,91,7,2.6309516022634183,Dec19-Mar20,Dec-Mar
2019-12-12,PHP,2019-12-18,2020-03-18,0.025150643735072715,0.35790669437147943,48.294674668140914,0.33275605063640673,91,6,2.7243425539323454,Dec19-Mar20,Dec-Mar
2019-12-13,PHP,2019-12-18,2020-03-18,0.02512784899898267,0.3539883020528736,48.22869340489883,0.32886045305389094,91,5,2.69613136095549,Dec19-Mar20,Dec-Mar
2019-12-16,PHP,2019-12-18,2020-03-18,0.025240618137150467,0.3447726097884022,48.51241109178741,0.31953199165125173,91,2,2.6043340783957696,Dec19-Mar20,Dec-Mar
2019-12-17,PHP,2019-12-18,2020-03-18,0.025135322696424624,0.3397524983629051,48.35593503864774,0.3146171756664805,91,1,2.5725751145378846,Dec19-Mar20,Dec-Mar
2019-12-18,PHP,2020-03-18,2020-06-17,0.33178784735765715,0.6541990253206131,48.22287117274906,0.322411177962956,91,91,2.6268803399755942,Mar20-Jun20,Mar-Jun
2019-12-19,PHP,2020-03-18,2020-06-17,0.3313087287775865,0.6567680242995881,48.476103585694176,0.32545929552200165,91,90,2.6379830807100344,Mar20-Jun20,Mar-Jun
2019-12-20,PHP,2020-03-18,2020-06-17,0.3265182952334332,0.6507907405759855,48.202543653357914,0.32427244534255234,91,89,2.643438789045508,Mar20-Jun20,Mar-Jun
2019-12-23,PHP,2020-03-18,2020-06-17,0.32678198733258906,0.6625947518941463,48.44814979431773,0.33581276456155723,91,86,2.723714845063023,Mar20-Jun20,Mar-Jun
2019-12-24,PHP,2020-03-18,2020-06-17,0.3294412453632071,0.6720540372113932,48.437012173339006,0.3426127918481861,91,85,2.7793517252877877,Mar20-Jun20,Mar-Jun
2019-12-25,PHP,2020-03-18,2020-06-17,0.3174822546739077,0.6512748337091785,48.16814334232777,0.33379257903527076,91,84,2.7234837100802216,Mar20-Jun20,Mar-Jun
2019-12-26,PHP,2020-03-18,2020-06-17,0.31198871215523705,0.6437281895175289,48.41045943803448,0.3317394773622918,91,83,2.693575557522951,Mar20-Jun20,Mar-Jun
2019-12-27,PHP,2020-03-18,2020-06-17,0.3055027337655143,0.6340943210718034,48.390251315006005,0.3285915873062891,91,82,2.6694786606405043,Mar20-Jun20,Mar-Jun
2019-12-30,PHP,2020-03-18,2020-06-17,0.28823858557007165,0.6093843492604516,48.55738523094781,0.32114576369037995,91,79,2.600983789722469,Mar20-Jun20,Mar-Jun
2019-12-31,PHP,2020-03-18,2020-06-17,0.2902288594873923,0.6178722138203657,48.30016438572588,0.3276433543329734,91,78,2.6675468648827714,Mar20-Jun20,Mar-Jun
2020-01-01,PHP,2020-03-18,2020-06-17,0.2816988803078119,0.6146157388534078,48.35885967218396,0.3329168585455959,91,77,2.707686271104633,Mar20-Jun20,Mar-Jun
2020-01-02,PHP,2020-03-18,2020-06-17,0.272828738671698,0.5995052547128101,48.26541029132096,0.32667651604111214,91,76,2.6625330516572525,Mar20-Jun20,Mar-Jun
2020-01-03,PHP,2020-03-18,2020-06-17,0.2784316102914278,0.6162619641116936,48.13110479874161,0.3378303538202658,91,75,2.760761264281576,Mar20-Jun20,Mar-Jun
2020-01-06,PHP,2020-03-18,2020-06-17,0.2555787339319495,0.5786018559848303,48.33987592829815,0.32302312205288075,91,72,2.6296567828039423,Mar20-Jun20,Mar-Jun
2020-01-07,PHP,2020-03-18,2020-06-17,0.2542317794423688,0.5800781446431514,48.51881452980186,0.32584636520078264,91,71,2.642981403044171,Mar20-Jun20,Mar-Jun
2020-01-08,PHP,2020-03-18,2020-06-17,0.24196254955649535,0.5565138639799393,48.1034944339224,0.314551314423444,91,70,2.573931252145898,Mar20-Jun20,Mar-Jun
2020-01-09,PHP,2020-03-18,2020-06-17,0.23703205619365275,0.5496395505939774,48.114658838385,0.31260749440032465,91,69,2.557695431030138,Mar20-Jun20,Mar-Jun
2020-01-10,PHP,2020-03-18,2020-06-17,0.23795017758927098,0.5563835034807955,47.8442995836732,0.3184333258915245,91,68,2.6199610886574036,Mar20-Jun20,Mar-Jun
2020-01-13,PHP,2020-03-18,2020-06-17,0.23464754918916536,0.5631541180539968,47.81998253273304,0.3285065688648315,91,65,2.7043937786285235,Mar20-Jun20,Mar-Jun
2020-01-14,PHP,2020-03-18,2020-06-17,0.22823724333674117,0.5527620737061699,48.083956389572876,0.32452483036942875,91,64,2.657371560323046,Mar20-Jun20,Mar-Jun
2020-01-15,PHP,2020-03-18,2020-06-17,0.22585476994003822,0.5520894376312047,47.99972895217636,0.32623466769116644,91,63,2.6761701689466415,Mar20-Jun20,Mar-Jun
2020-01-16,PHP,2020-03-18,2020-06-17,0.2209199789394937,0.5451734964152023,47.84112986381618,0.32425351747570863,91,62,2.6689689104659498,Mar20-Jun20,Mar-Jun
2020-01-17,PHP,2020-03-18,2020-06-17,0.226475879955621,0.5643333402172851,47.86559793292188,0.3378574602616641,91,61,2.779208417738576,Mar20-Jun20,Mar-Jun
2020-01-20,PHP,2020-03-18,2020-06-17,0.21663303873422715,0.5565228064034456,47.653055423105044,0.3398897676692185,91,58,2.8089150030313403,Mar20-Jun20,Mar-Jun
2020-01-21,PHP,2020-03-18,2020-06-17,0.20842807906386843,0.5411816789728514,47.5846123502723,0.332753599908983,91,57,2.7543505413055467,Mar20-Jun20,Mar-Jun
2020-01-22,PHP,2020-03-18,2020-06-17,0.20723867494974618,0.5440015217430837,47.51290601915851,0.3367628467933375,91,56,2.7917950232900584,Mar20-Jun20,Mar-Jun
2020-01-23,PHP,2020-03-18,2020-06-17,0.2092920034838687,0.555575136520815,47.684935304502616,0.34628313303694636,91,55,2.860284782801674,Mar20-Jun20,Mar-Jun
2020-01-24,PHP,2020-03-18,2020-06-17,0.21174648438953242,0.5685785228978185,47.725629753255724,0.3568320385082861,91,54,2.9447653168697423,Mar20-Jun20,Mar-Jun
2020-01-27,PHP,2020-03-18,2020-06-17,0.20308345659073185,0.5654480556055672,47.976460748738994,0.36236459901483536,91,51,2.975391954119677,Mar20-Jun20,Mar-Jun
2020-01-28,PHP,2020-03-18,2020-06-17,0.19293584970313182,0.5440790961628317,48.242463589181995,0.35114324645969985,91,50,2.8680224256544493,Mar20-Jun20,Mar-Jun
2020-01-29,PHP,2020-03-18,2020-06-17,0.18626808684628787,0.5321945338465368,47.77656642600995,0.34592644700024894,91,49,2.8532513638747545,Mar20-Jun20,Mar-Jun
2020-01-30,PHP,2020-03-18,2020-06-17,0.18128527831809693,0.5249719517961556,47.78012856415532,0.3436866734780587,91,48,2.8348613571971955,Mar20-Jun20,Mar-Jun
2020-01-31,PHP,2020-03-18,2020-06-17,0.17418362508546315,0.5114327715275301,48.047113144248975,0.33724914644206694,91,47,2.7667701551974084,Mar20-Jun20,Mar-Jun
2020-02-03,PHP,2020-03-18,2020-06-17,0.1576859049575948,0.4838090265744386,47.758413839195555,0.32612312161684376,91,44,2.692534265283,Mar20-Jun20,Mar-Jun
2020-02-04,PHP,2020-03-18,2020-06-17,0.14729018590946236,0.4589973235318129,47.95690984671059,0.3117071376223505,91,43,2.5634500459636342,Mar20-Jun20,Mar-Jun
2020-02-05,PHP,2020-03-18,2020-06-17,0.15069796267851732,0.4772102151486382,48.21375021160313,0.3265122524701209,91,42,2.670756871460857,Mar20-Jun20,Mar-Jun
2020-02-06,PHP,2020-03-18,2020-06-17,0.14466342317404712,0.4657456550969322,48.55287246902289,0.3210822319228851,91,41,2.6083771996257585,Mar20-Jun20,Mar-Jun
2020-02-07,PHP,2020-03-18,2020-06-17,0.1410866784106733,0.462058871794955,48.630142711309645,0.3209721933842817,91,40,2.6035433627262137,Mar20-Jun20,Mar-Jun
2020-02-10,PHP,2020-03-18,2020-06-17,0.12938281984490058,0.4475946200039803,48.767558602076264,0.31821180015907974,91,37,2.5745165896958437,Mar20-Jun20,Mar-Jun
2020-02-11,PHP,2020-03-18,2020-06-17,0.12693219678243195,0.44778858309357933,48.68225917790182,0.3208563863111474,91,36,2.6005797926057417,Mar20-Jun20,Mar-Jun
2020-02-12,PHP,2020-03-18,2020-06-17,0.12246805862876814,0.4408850110635653,48.78570125909654,0.3184169524347972,91,35,2.5755849743594834,Mar20-Jun20,Mar-Jun
2020-02-13,PHP,2020-03-18,2020-06-17,0.11573555135678525,0.42549835057641633,48.98730518192197,0.30976279921963107,91,34,2.4956402523348262,Mar20-Jun20,Mar-Jun
2020-02-14,PHP,2020-03-18,2020-06-17,0.11223569237213488,0.42173411679226436,49.23875039201656,0.3094984244201295,91,33,2.4809825871335,Mar20-Jun20,Mar-Jun
2020-02-17,PHP,2020-03-18,2020-06-17,0.10402125347174997,0.41955238900272485,49.137300929472566,0.3155311355309749,91,30,2.534974664212713,Mar20-Jun20,Mar-Jun
2020-02-18,PHP,2020-03-18,2020-06-17,0.09691423466462011,0.4010244193018763,49.182893010987414,0.3041101846372562,91,29,2.441310802837611,Mar20-Jun20,Mar-Jun
2020-02-19,PHP,2020-03-18,2020-06-17,0.09292027041459722,0.3949111492620382,48.938320916043764,0.30199087884744097,91,28,2.4365876982424473,Mar20-Jun20,Mar-Jun
2020-02-20,PHP,2020-03-18,2020-06-17,0.09502248032508626,0.41528343253185845,48.99721660000478,0.3202609522067722,91,27,2.580787570640916,Mar20-Jun20,Mar-Jun
2020-02-21,PHP,2020-03-18,2020-06-17,0.08766867661706104,0.3945090447767746,49.04529602152899,0.3068403681597136,91,26,2.470589738246256,Mar20-Jun20,Mar-Jun
2020-02-24,PHP,2020-03-18,2020-06-17,0.08203708590738688,0.40661859971487413,49.064981813812096,0.32458151380748723,91,23,2.6126889579238544,Mar20-Jun20,Mar-Jun
2020-02-25,PHP,2020-03-18,2020-06-17,0.08051962659227385,0.41357808204213387,49.19881512644287,0.33305845544986,91,22,2.6737249930318856,Mar20-Jun20,Mar-Jun
2020-02-26,PHP,2020-03-18,2020-06-17,0.07646376083627111,0.40780672446011257,48.914102472534395,0.33134296362384147,91,21,2.6756321255354982,Mar20-Jun20,Mar-Jun
2020-02-27,PHP,2020-03-18,2020-06-17,0.0742716549515042,0.4122076849808483,48.88890250315852,0.33793603002934414,91,20,2.7303985334162992,Mar20-Jun20,Mar-Jun
2020-02-28,PHP,2020-03-18,2020-06-17,0.0721002852093176,0.41742270384341773,49.10827671144863,0.3453224186341001,91,19,2.7777555816962485,Mar20-Jun20,Mar-Jun
2020-03-02,PHP,2020-03-18,2020-06-17,0.061147085593640224,0.408921134907469,49.30774274349166,0.34777404931382877,91,16,2.786794336716744,Mar20-Jun20,Mar-Jun
2020-03-03,PHP,2020-03-18,2020-06-17,0.053375938390450614,0.377189964625851,48.99783850507647,0.3238140262354004,91,15,2.6116020488080007,Mar20-Jun20,Mar-Jun
2020-03-04,PHP,2020-03-18,2020-06-17,0.050023715148733466,0.375177863615501,48.97219172158016,0.3251541484667675,91,14,2.623961590403362,Mar20-Jun20,Mar-Jun
2020-03-05,PHP,2020-03-18,2020-06-17,0.04681316769208831,0.37450534153670656,49.187216703008765,0.32769217384461824,91,13,2.6330662900953836,Mar20-Jun20,Mar-Jun
2020-03-06,PHP,2020-03-18,2020-06-17,0.04314406694717237,0.37031990796322956,49.265705464365766,0.3271758410160572,91,12,2.6249284270833533,Mar20-Jun20,Mar-Jun
2020-03-09,PHP,2020-03-18,2020-06-17,0.031452683423287595,0.34947426025875106,49.067731309246604,0.31802157683546345,91,9,2.562379320029696,Mar20-Jun20,Mar-Jun
2020-03-10,PHP,2020-03-18,2020-06-17,0.02849428827958758,0.35261681745989626,49.04529166255229,0.3241225291803087,91,8,2.612887813192457,Mar20-Jun20,Mar-Jun
2020-03-11,PHP,2020-03-18,2020-06-17,0.02505273258831987,0.35073825623647814,48.80424402880007,0.3256855236481583,91,7,2.6386336336059832,Mar20-Jun20,Mar-Jun
2020-03-12,PHP,2020-03-18,2020-06-17,0.024182288210558324,0.33509742234630824,48.50670404459225,0.3109151341357499,91,6,2.5344559520417387,Mar20-Jun20,Mar-Jun
2020-03-13,PHP,2020-03-18,2020-06-17,0.024756542565235632,0.33951829803751726,48.47402137987422,0.31476175547228163,91,5,2.56751075732526,Mar20-Jun20,Mar-Jun
2020-03-16,PHP,2020-03-18,2020-06-17,0.0246018029556779,0.3268525249825778,48.21952592558777,0.3022507220268999,91,2,2.478471885350321,Mar20-Jun20,Mar-Jun
2020-03-17,PHP,2020-03-18,2020-06-17,0.024726117952372558,0.3249718359454679,47.69736822432176,0.30024571799309535,91,1,2.4889629727387677,Mar20-Jun20,Mar-Jun
2020-03-18,PHP,2020-06-17,2020-09-16,0.33337391428048146,0.6667478285609629,47.763047648856976,0.33337391428048146,91,91,2.742078965190272,Jun20-Sep20,Jun-Sep
2020-03-19,PHP,2020-06-17,2020-09-16,0.3304538900081855,0.6645794899053509,47.90472199112234,0.3341255998971654,91,90,2.740356049058838,Jun20-Sep20,Jun-Sep
2020-03-20,PHP,2020-06-17,2020-09-16,0.32425656146470117,0.6557997872319798,47.9354111545588,0.3315432257672787,91,89,2.717796529768656,Jun20-Sep20,Jun-Sep
2020-03-23,PHP,2020-06-17,2020-09-16,0.3106739106681392,0.6394102580030308,47.80352526454186,0.32873634733489154,91,86,2.702934814045971,Jun20-Sep20,Jun-Sep
2020-03-24,PHP,2020-06-17,2020-09-16,0.3059556771410828,0.6335082256097715,48.120105262999225,0.3275525484686887,91,85,2.6758572853119484,Jun20-Sep20,Jun-Sep
2020-03-25,PHP,2020-06-17,2020-09-16,0.30051808650259104,0.6260793468803979,47.91603598212762,0.32556126037780686,91,84,2.671146209674043,Jun20-Sep20,Jun-Sep
2020-03-26,PHP,2020-06-17,2020-09-16,0.2943117373765267,0.6169908711266946,47.934501445971975,0.3226791337501679,91,83,2.6468261451115684,Jun20-Sep20,Jun-Sep
2020-03-27,PHP,2020-06-17,2020-09-16,0.2783718791118142,0.5872967693456569,47.8063684236256,0.3089248902338427,91,82,2.541597265965771,Jun20-Sep20,Jun-Sep
2020-03-30,PHP,2020-06-17,2020-09-16,0.268417317617607,0.577606886012572,47.87698762354075,0.30918956839496503,91,79,2.540569603299949,Jun20-Sep20,Jun-Sep
2020-03-31,PHP,2020-06-17,2020-09-16,0.2702854554728449,0.5856184868578306,48.073769294372184,0.3153330313849857,91,78,2.580402780458956,Jun20-Sep20,Jun-Sep
2020-04-01,PHP,2020-06-17,2020-09-16,0.2756815072843203,0.6014869249839715,48.21451794773238,0.3258054176996512,91,77,2.658064037729452,Jun20-Sep20,Jun-Sep
2020-04-02,PHP,2020-06-17,2020-09-16,0.25916327957640894,0.5694772064376354,48.54132128992579,0.3103139268612265,91,76,2.515580625203066,Jun20-Sep20,Jun-Sep
2020-04-03,PHP,2020-06-17,2020-09-16,0.2530885805640954,0.5601693916485312,48.64965011682439,0.3070808110844358,91,75,2.484165956890485,Jun20-Sep20,Jun-Sep
2020-04-06,PHP,2020-06-17,2020-09-16,0.242989765949229,0.5501018312461713,48.80488199711163,0.3071120652969423,91,72,2.477067375349799,Jun20-Sep20,Jun-Sep
2020-04-07,PHP,2020-06-17,2020-09-16,0.2426290165393096,0.5536042349206782,48.793246821726115,0.31097521838136866,91,71,2.508839930206867,Jun20-Sep20,Jun-Sep
2020-04-08,PHP,2020-06-17,2020-09-16,0.23821746331143742,0.5479001656163062,48.45864344958282,0.3096827023048687,91,70,2.515805659292802,Jun20-Sep20,Jun-Sep
2020-04-09,PHP,2020-06-17,2020-09-16,0.23537234997124376,0.545790956455058,48.60991812549725,0.31041860648381425,91,69,2.514120890816776,Jun20-Sep20,Jun-Sep
2020-04-10,PHP,2020-06-17,2020-09-16,0.23338794153433212,0.5457159221170413,48.52674103461168,0.3123279805827092,91,68,2.534003182173899,Jun20-Sep20,Jun-Sep
2020-04-13,PHP,2020-06-17,2020-09-16,0.2258500787594184,0.5420401890226042,48.36965515536181,0.3161901102631858,91,65,2.5740281300527372,Jun20-Sep20,Jun-Sep
2020-04-14,PHP,2020-06-17,2020-09-16,0.22890273328616006,0.5543738071774189,48.44415788352765,0.32547107389125884,91,64,2.6453604076211548,Jun20-Sep20,Jun-Sep
2020-04-15,PHP,2020-06-17,2020-09-16,0.22145285919927923,0.541329211376016,48.39723372987223,0.3198763521767367,91,63,2.6027953416466745,Jun20-Sep20,Jun-Sep
2020-04-16,PHP,2020-06-17,2020-09-16,0.21489094618450377,0.5302953994553077,48.40508538256864,0.3154044532708039,91,62,2.566339960008142,Jun20-Sep20,Jun-Sep
2020-04-17,PHP,2020-06-17,2020-09-16,0.2097486551633387,0.522652386636516,48.274289634275526,0.3129037314731773,91,61,2.5531308021998806,Jun20-Sep20,Jun-Sep
2020-04-20,PHP,2020-06-17,2020-09-16,0.19714529169310657,0.5064594562460841,47.987241670744055,0.30931416455297756,91,58,2.5395371993681986,Jun20-Sep20,Jun-Sep
2020-04-21,PHP,2020-06-17,2020-09-16,0.192083600882755,0.4987433847482059,47.97949690111013,0.3066597838654509,91,57,2.5184134958421462,Jun20-Sep20,Jun-Sep
2020-04-22,PHP,2020-06-17,2020-09-16,0.19025776341160386,0.4994266289554602,48.142972864947374,0.30916886554385636,91,56,2.530527353605284,Jun20-Sep20,Jun-Sep
2020-04-23,PHP,2020-06-17,2020-09-16,0.18067779645399668,0.4796174233142457,47.97919755118916,0.29893962686024905,91,55,2.455609146671903,Jun20-Sep20,Jun-Sep
2020-04-24,PHP,2020-06-17,2020-09-16,0.1762523057813286,0.47327008033875273,48.078704213085366,0.2970177745574241,91,54,2.435014880629155,Jun20-Sep20,Jun-Sep
2020-04-27,PHP,2020-06-17,2020-09-16,0.16683477713955674,0.4645203598787659,48.066073538624295,0.29768558273920914,91,51,2.441605309568262,Jun20-Sep20,Jun-Sep
2020-04-28,PHP,2020-06-17,2020-09-16,0.16543672529778725,0.4665315653397601,48.36828738837864,0.30109484004197284,91,50,2.4542613283788857,Jun20-Sep20,Jun-Sep
2020-04-29,PHP,2020-06-17,2020-09-16,0.16152292523775702,0.46149407210787724,48.65918263941061,0.2999711468701202,91,49,2.430728988526575,Jun20-Sep20,Jun-Sep
2020-04-30,PHP,2020-06-17,2020-09-16,0.15847716727741185,0.45892346357417185,48.278920402330385,0.30044629629676,91,48,2.453845198583472,Jun20-Sep20,Jun-Sep
2020-05-01,PHP,2020-06-17,2020-09-16,0.15455386463775006,0.45379645361722354,48.01491574431956,0.2992425889794735,91,47,2.4576082010732136,Jun20-Sep20,Jun-Sep
2020-05-04,PHP,2020-06-17,2020-09-16,0.15209278245837216,0.46664830981546,48.15329740782779,0.31455552735708786,91,44,2.5761006958835186,Jun20-Sep20,Jun-Sep
2020-05-05,PHP,2020-06-17,2020-09-16,0.1475474659483756,0.45979907993214725,48.14741663181252,0.31225161398377166,91,43,2.5577845088878433,Jun20-Sep20,Jun-Sep
2020-05-06,PHP,2020-06-17,2020-09-16,0.14102563204631702,0.44658116814667054,47.981703855784566,0.3055555361003535,91,42,2.5118922901728804,Jun20-Sep20,Jun-Sep
2020-05-07,PHP,2020-06-17,2020-09-16,0.13859191284225958,0.44619835354093323,47.98234639261266,0.30760644069867366,91,41,2.5288463679608886,Jun20-Sep20,Jun-Sep
2020-05-08,PHP,2020-06-17,2020-09-16,0.1342557232699338,0.4396874937090332,47.80174373853008,0.3054317704390994,91,40,2.5206557138592927,Jun20-Sep20,Jun-Sep
2020-05-11,PHP,2020-06-17,2020-09-16,0.12192102032415864,0.4217808270673596,47.89692969166288,0.29985980674320095,91,37,2.4704018495611617,Jun20-Sep20,Jun-Sep
2020-05-12,PHP,2020-06-17,2020-09-16,0.11754605155910786,0.41467634855574154,47.89032635514247,0.2971302969966337,91,36,2.4484745035837103,Jun20-Sep20,Jun-Sep
2020-05-13,PHP,2020-06-17,2020-09-16,0.10921447338895038,0.39317210420022136,47.67422903661308,0.283957630811271,91,35,2.3509165238548553,Jun20-Sep20,Jun-Sep
2020-05-14,PHP,2020-06-17,2020-09-16,0.10491759981125032,0.3857264698943026,47.84237407894575,0.2808088700830523,91,34,2.3169029874272775,Jun20-Sep20,Jun-Sep
2020-05-15,PHP,2020-06-17,2020-09-16,0.10188012995703276,0.38282230650521404,47.499118187765305,0.28094217654818127,91,33,2.3348661557744417,Jun20-Sep20,Jun-Sep
2020-05-18,PHP,2020-06-17,2020-09-16,0.0951882510358732,0.3839259458446886,47.760660014869,0.2887376948088154,91,30,2.3868744444433645,Jun20-Sep20,Jun-Sep
2020-05-19,PHP,2020-06-17,2020-09-16,0.08907969541155925,0.36860563618576236,47.789355029986424,0.2795259407742031,91,29,2.309634629660722,Jun20-Sep20,Jun-Sep
2020-05-20,PHP,2020-06-17,2020-09-16,0.08615895835138901,0.36617557299340325,47.63259577424149,0.2800166146420142,91,28,2.3214311483065906,Jun20-Sep20,Jun-Sep
2020-05-21,PHP,2020-06-17,2020-09-16,0.08167509345217769,0.3569504084206284,47.34281888909715,0.2752753149684507,91,27,2.2962843766551324,Jun20-Sep20,Jun-Sep
2020-05-22,PHP,2020-06-17,2020-09-16,0.07848019943160925,0.35316089744224166,47.191541535857844,0.27468069801063244,91,26,2.2988119643610383,Jun20-Sep20,Jun-Sep
2020-05-25,PHP,2020-06-17,2020-09-16,0.06813073322761104,0.33769146034555036,47.03201421363017,0.2695607271179393,91,23,2.2640993706175143,Jun20-Sep20,Jun-Sep
2020-05-26,PHP,2020-06-17,2020-09-16,0.0648689694282782,0.3331906156997926,47.28369560305538,0.2683216462715144,91,22,2.2418678086496424,Jun20-Sep20,Jun-Sep
2020-05-27,PHP,2020-06-17,2020-09-16,0.0594380668190494,0.3170030230349301,47.25556635214977,0.2575649562158807,91,21,2.15352043361125,Jun20-Sep20,Jun-Sep
2020-05-28,PHP,2020-06-17,2020-09-16,0.05741897862599636,0.3186753313742798,47.07544624603071,0.2612563527482834,91,20,2.192825771023225,Jun20-Sep20,Jun-Sep
2020-05-29,PHP,2020-06-17,2020-09-16,0.055823848644104904,0.3231907026763968,46.955880642647685,0.26736685403229193,91,19,2.249897208336406,Jun20-Sep20,Jun-Sep
2020-06-01,PHP,2020-06-17,2020-09-16,0.04715727911314406,0.31536430406915095,47.15908838670705,0.2682070249560069,91,16,2.247666098162081,Jun20-Sep20,Jun-Sep
2020-06-02,PHP,2020-06-17,2020-09-16,0.04555277252029227,0.32190625914339877,47.22022440657726,0.2763534866231065,91,15,2.313019283157976,Jun20-Sep20,Jun-Sep
2020-06-03,PHP,2020-06-17,2020-09-16,0.044044668437465254,0.33033501328098946,47.16496594651985,0.2862903448435242,91,14,2.3990699521948997,Jun20-Sep20,Jun-Sep
2020-06-04,PHP,2020-06-17,2020-09-16,0.042313312188367036,0.3385064975069363,47.51705384018609,0.29619318531856925,91,13,2.4637696646525598,Jun20-Sep20,Jun-Sep
2020-06-05,PHP,2020-06-17,2020-09-16,0.03744619184309769,0.3214131466532552,47.24602130701597,0.28396695481015755,91,12,2.3758531569623846,Jun20-Sep20,Jun-Sep
2020-06-08,PHP,2020-06-17,2020-09-16,0.02841169062512677,0.3156854513902974,47.1330215209805,0.28727376076517064,91,9,2.409739373071894,Jun20-Sep20,Jun-Sep
2020-06-09,PHP,2020-06-17,2020-09-16,0.02546704578451729,0.3151546915834014,46.94572591886171,0.2896876457988841,91,8,2.4398295805811134,Jun20-Sep20,Jun-Sep
2020-06-10,PHP,2020-06-17,2020-09-16,0.022059059171132486,0.3088268283958548,47.14622625408962,0.2867677692247223,91,7,2.4051455182126547,Jun20-Sep20,Jun-Sep
2020-06-11,PHP,2020-06-17,2020-09-16,0.022235760048096475,0.30812410352362263,47.127092021885154,0.28588834347552616,91,6,2.3987337816153502,Jun20-Sep20,Jun-Sep
2020-06-12,PHP,2020-06-17,2020-09-16,0.022392684517225803,0.3070996733790967,47.1281491689267,0.2847069888618709,91,5,2.388760167446958,Jun20-Sep20,Jun-Sep
2020-06-15,PHP,2020-06-17,2020-09-16,0.022492631262329508,0.2988306724852348,47.10533171714347,0.2763380412229053,91,2,2.319660313030987,Jun20-Sep20,Jun-Sep
2020-06-16,PHP,2020-06-17,2020-09-16,0.022176275263786578,0.29145961775262363,47.36928608988742,0.26928334248883706,91,1,2.247866358940678,Jun20-Sep20,Jun-Sep
2020-06-17,PHP,2020-09-16,2020-12-16,0.2760144344977229,0.5520288689954458,47.54549153623044,0.2760144344977229,91,91,2.283335108777107,Sep20-Dec20,Sep-Dec
2020-06-18,PHP,2020-09-16,2020-12-16,0.27482793768267555,0.5527095191173809,47.11593062270828,0.2778815814347053,91,90,2.319675363140366,Sep20-Dec20,Sep-Dec
2020-06-19,PHP,2020-09-16,2020-12-16,0.26513699668110285,0.5362321281190845,46.806703517886476,0.27109513143798164,91,89,2.2783563262334154,Sep20-Dec20,Sep-Dec
2020-06-22,PHP,2020-09-16,2020-12-16,0.24723211564267616,0.5088381914971358,46.66984691530631,0.26160607585445966,91,86,2.2058601187975215,Sep20-Dec20,Sep-Dec
2020-06-23,PHP,2020-09-16,2020-12-16,0.24442564742561504,0.5061048699636265,46.80312187023011,0.26167922253801146,91,85,2.2003580661782967,Sep20-Dec20,Sep-Dec
2020-06-24,PHP,2020-09-16,2020-12-16,0.24135008305025488,0.5028126730213643,46.73296487105093,0.2614625899711095,91,84,2.2019639877611756,Sep20-Dec20,Sep-Dec
2020-06-25,PHP,2020-09-16,2020-12-16,0.25308310772204434,0.5305597679956111,46.837686111560224,0.27747666027356677,91,83,2.331051038276655,Sep20-Dec20,Sep-Dec
2020-06-26,PHP,2020-09-16,2020-12-16,0.2507021742801373,0.528920440859314,46.910260394438104,0.2782182665791767,91,82,2.333802433226068,Sep20-Dec20,Sep-Dec
2020-06-29,PHP,2020-09-16,2020-12-16,0.2467778612269681,0.5310409671972731,47.086104260825856,0.284263105970305,91,79,2.375848019143072,Sep20-Dec20,Sep-Dec
2020-06-30,PHP,2020-09-16,2020-12-16,0.2396721405502915,0.5192896378589649,46.66187538433068,0.27961749730867336,91,78,2.3585130312497604,Sep20-Dec20,Sep-Dec
2020-07-01,PHP,2020-09-16,2020-12-16,0.23793543983662244,0.5191318687344489,46.730636727557936,0.2811964288978265,91,77,2.368446349694735,Sep20-Dec20,Sep-Dec
2020-07-02,PHP,2020-09-16,2020-12-16,0.23814845738905754,0.5232998997891133,46.80440936390179,0.28515144240005574,91,76,2.397981088845963,Sep20-Dec20,Sep-Dec
2020-07-03,PHP,2020-09-16,2020-12-16,0.23826622333287212,0.531626035221986,46.98507943721733,0.2933598118891139,91,75,2.457564779743297,Sep20-Dec20,Sep-Dec
2020-07-06,PHP,2020-09-16,2020-12-16,0.22670234933174357,0.516580753397878,47.01259160513194,0.2898784040661344,91,72,2.4275801189977586,Sep20-Dec20,Sep-Dec
2020-07-07,PHP,2020-09-16,2020-12-16,0.21508682477161087,0.49379949033868825,46.87204368804309,0.2787126655670774,91,71,2.3416155201673576,Sep20-Dec20,Sep-Dec
2020-07-08,PHP,2020-09-16,2020-12-16,0.20739236740582423,0.47973506186538917,46.844859977031945,0.27234269445956494,91,70,2.2897940411068323,Sep20-Dec20,Sep-Dec
2020-07-09,PHP,2020-09-16,2020-12-16,0.2116541305510101,0.4932213290545015,46.8477437699024,0.28156719850349143,91,69,2.366992064403862,Sep20-Dec20,Sep-Dec
2020-07-10,PHP,2020-09-16,2020-12-16,0.2078353227378935,0.4880864548153441,46.694964312062346,0.28025113207745056,91,68,2.363794498115366,Sep20-Dec20,Sep-Dec
2020-07-13,PHP,2020-09-16,2020-12-16,0.20359205998509147,0.48983047627854837,46.653389266969796,0.2862384162934569,91,65,2.4166553727905673,Sep20-Dec20,Sep-Dec
2020-07-14,PHP,2020-09-16,2020-12-16,0.19667114631321828,0.47721341488431157,46.31052378785546,0.2805422685710933,91,64,2.386378167005143,Sep20-Dec20,Sep-Dec
2020-07-15,PHP,2020-09-16,2020-12-16,0.19255081044920777,0.47127706942066105,46.07824202896391,0.2787262589714533,91,63,2.383043956090396,Sep20-Dec20,Sep-Dec
2020-07-16,PHP,2020-09-16,2020-12-16,0.18705432545637987,0.46190019974437024,46.03833288207501,0.27484587428799034,91,62,2.352175775054346,Sep20-Dec20,Sep-Dec
2020-07-17,PHP,2020-09-16,2020-12-16,0.19031870556390576,0.4742367745198963,46.47014663581373,0.2839180689559906,91,61,2.407160649786701,Sep20-Dec20,Sep-Dec
2020-07-20,PHP,2020-09-16,2020-12-16,0.1886154587002909,0.48454660941971284,46.36999485715927,0.29593115071942194,91,58,2.5145008243725138,Sep20-Dec20,Sep-Dec
2020-07-21,PHP,2020-09-16,2020-12-16,0.19171040095783687,0.4977743744168396,46.52271676985622,0.3060639734590027,91,57,2.5919241778089694,Sep20-Dec20,Sep-Dec
2020-07-22,PHP,2020-09-16,2020-12-16,0.18682168992882237,0.49040693606315866,46.220605969456074,0.3035852461343363,91,56,2.5879404196431595,Sep20-Dec20,Sep-Dec
2020-07-23,PHP,2020-09-16,2020-12-16,0.18195463253990296,0.48300684274228795,46.28229167513898,0.301052210202385,91,55,2.5632090720644256,Sep20-Dec20,Sep-Dec
2020-07-24,PHP,2020-09-16,2020-12-16,0.1688098917111045,0.4532858203353731,46.03069252984152,0.2844759286242686,91,54,2.4359554087946584,Sep20-Dec20,Sep-Dec
2020-07-27,PHP,2020-09-16,2020-12-16,0.17041448843569193,0.4744873991738873,45.82195755381189,0.3040729107381954,91,51,2.615489802564553,Sep20-Dec20,Sep-Dec
2020-07-28,PHP,2020-09-16,2020-12-16,0.16301798000196807,0.45971070360554994,45.64347365383053,0.2966927236035819,91,50,2.562364883555614,Sep20-Dec20,Sep-Dec
2020-07-29,PHP,2020-09-16,2020-12-16,0.16279406813048924,0.465125908944255,45.6504795345159,0.30233184081376574,91,49,2.6106801752360598,Sep20-Dec20,Sep-Dec
2020-07-30,PHP,2020-09-16,2020-12-16,0.1615133722854767,0.46771580724335954,45.78526944019759,0.30620243495788285,91,48,2.636420262730479,Sep20-Dec20,Sep-Dec
2020-07-31,PHP,2020-09-16,2020-12-16,0.15926736353538265,0.4676360886783576,46.02463803441186,0.308368725142975,91,47,2.6414401745007887,Sep20-Dec20,Sep-Dec
2020-08-03,PHP,2020-09-16,2020-12-16,0.15112355624271395,0.4675170704859489,45.60356875739201,0.316393514243235,91,44,2.735602812436427,Sep20-Dec20,Sep-Dec
2020-08-04,PHP,2020-09-16,2020-12-16,0.1492410533154223,0.4686330075863437,45.72304443573785,0.3193919542709214,91,43,2.754448784994687,Sep20-Dec20,Sep-Dec
2020-08-05,PHP,2020-09-16,2020-12-16,0.14541470121017092,0.46374177132378885,45.751102479316806,0.31832707011361794,91,42,2.743815781957513,Sep20-Dec20,Sep-Dec
2020-08-06,PHP,2020-09-16,2020-12-16,0.14017636983979626,0.45426323019301923,45.725626684855314,0.314086860353223,91,41,2.7090802794654216,Sep20-Dec20,Sep-Dec
2020-08-07,PHP,2020-09-16,2020-12-16,0.13460302283019454,0.44347438936019673,45.41982156530699,0.3088713665300022,91,40,2.6823052070210385,Sep20-Dec20,Sep-Dec
2020-08-10,PHP,2020-09-16,2020-12-16,0.1238108742691575,0.43009395448097476,45.6493964552229,0.30628308021181727,91,37,2.6471147621106157,Sep20-Dec20,Sep-Dec
2020-08-11,PHP,2020-09-16,2020-12-16,0.12150088110414989,0.4301016159354063,45.46823438364956,0.3086007348312564,91,36,2.67787927429312,Sep20-Dec20,Sep-Dec
2020-08-12,PHP,2020-09-16,2020-12-16,0.11862875281844298,0.42824184416710787,45.45002651322222,0.3096130913486649,91,35,2.687906833306938,Sep20-Dec20,Sep-Dec
2020-08-13,PHP,2020-09-16,2020-12-16,0.11194569464465975,0.41244248007498363,45.12477776516894,0.3004967854303239,91,34,2.627905827150244,Sep20-Dec20,Sep-Dec
2020-08-14,PHP,2020-09-16,2020-12-16,0.10497824428818313,0.39504804112221764,45.07729550292257,0.2900697968340345,91,33,2.539776712027487,Sep20-Dec20,Sep-Dec
2020-08-17,PHP,2020-09-16,2020-12-16,0.0923157828640269,0.37234032421824176,44.60852856856627,0.28002454135421484,91,30,2.4782292380409547,Sep20-Dec20,Sep-Dec
2020-08-18,PHP,2020-09-16,2020-12-16,0.09302230103736128,0.384919866361495,44.75596543644097,0.2918975653241337,91,29,2.5747729376721846,Sep20-Dec20,Sep-Dec
2020-08-19,PHP,2020-09-16,2020-12-16,0.09036617755517104,0.38405625460947695,44.44316652811141,0.29369007705430594,91,28,2.6089348490715,Sep20-Dec20,Sep-Dec
2020-08-20,PHP,2020-09-16,2020-12-16,0.08821794278655953,0.3855450832894084,44.66193332290165,0.29732714050284886,91,27,2.62845868424134,Sep20-Dec20,Sep-Dec
2020-08-21,PHP,2020-09-16,2020-12-16,0.08725507718943976,0.3926478473524789,44.43835322387365,0.3053927701630391,91,26,2.7133761193199866,Sep20-Dec20,Sep-Dec
2020-08-24,PHP,2020-09-16,2020-12-16,0.0768068974414996,0.38069505688395455,44.41709303763803,0.30388815944245495,91,23,2.701931991193696,Sep20-Dec20,Sep-Dec
2020-08-25,PHP,2020-09-16,2020-12-16,0.0745206436583541,0.38276512424518244,44.44284532452345,0.30824448058682835,91,22,2.7392202748046754,Sep20-Dec20,Sep-Dec
2020-08-26,PHP,2020-09-16,2020-12-16,0.07260875160628844,0.38724667523353834,44.52866922527567,0.3146379236272499,91,21,2.7907753153463046,Sep20-Dec20,Sep-Dec
2020-08-27,PHP,2020-09-16,2020-12-16,0.06952889258996493,0.3858853538743054,44.380028257536544,0.3163564612843405,91,20,2.8155962553067275,Sep20-Dec20,Sep-Dec
2020-08-28,PHP,2020-09-16,2020-12-16,0.06642440728665464,0.38456235797536886,44.415366385780494,0.3181379506887142,91,19,2.829399838835767,Sep20-Dec20,Sep-Dec
2020-08-31,PHP,2020-09-16,2020-12-16,0.05635289388626756,0.37685997786441433,44.52535373040547,0.32050708397814676,91,16,2.8440815941086566,Sep20-Dec20,Sep-Dec
2020-09-01,PHP,2020-09-16,2020-12-16,0.05281848562698305,0.37740767452329427,44.183425898641424,0.3245891888963112,91,15,2.902798636737589,Sep20-Dec20,Sep-Dec
2020-09-02,PHP,2020-09-16,2020-12-16,0.05161092360243003,0.39096024106065247,44.16529052396751,0.33934931745822244,91,14,3.0361259436283636,Sep20-Dec20,Sep-Dec
2020-09-03,PHP,2020-09-16,2020-12-16,0.04822054216658142,0.38934712916356,43.938414102132725,0.3411265869969786,91,13,3.0680041418222355,Sep20-Dec20,Sep-Dec
2020-09-04,PHP,2020-09-16,2020-12-16,0.042017768652443416,0.36396499895462153,44.008725138121044,0.3219472303021781,91,12,2.8912960612207224,Sep20-Dec20,Sep-Dec
2020-09-07,PHP,2020-09-16,2020-12-16,0.030970060608982195,0.34660750785109,44.20995572122568,0.3156374472421078,91,9,2.8224445881193887,Sep20-Dec20,Sep-Dec
2020-09-08,PHP,2020-09-16,2020-12-16,0.026881017856161888,0.3348694614763288,44.17896259034335,0.3079884436201669,91,8,2.756232483003586,Sep20-Dec20,Sep-Dec
2020-09-09,PHP,2020-09-16,2020-12-16,0.02393409261393082,0.33701550125182883,44.14359993848536,0.313081408637898,91,7,2.804240357905405,Sep20-Dec20,Sep-Dec
2020-09-10,PHP,2020-09-16,2020-12-16,0.02350868173185926,0.32743523768071237,44.42946232821789,0.3039265559488531,91,6,2.704761430846907,Sep20-Dec20,Sep-Dec
2020-09-11,PHP,2020-09-16,2020-12-16,0.023270443040039647,0.320527456089722,44.31959769477862,0.29725701304968233,91,5,2.6519750734480114,Sep20-Dec20,Sep-Dec
2020-09-14,PHP,2020-09-16,2020-12-16,0.02213617933269576,0.29464745543287113,44.04225775267283,0.2725112761001754,91,2,2.4465707810107213,Sep20-Dec20,Sep-Dec
2020-09-15,PHP,2020-09-16,2020-12-16,0.021588305449109793,0.28400736112178104,43.89812270107873,0.26241905567267126,91,1,2.363725296348939,Sep20-Dec20,Sep-Dec
2020-09-16,PHP,2020-12-16,2021-03-17,0.28469132184799717,0.5779406616308714,44.012663665082165,0.29324933978287426,91,91,2.6189086878984256,Dec20-Mar21,Dec-Mar
2020-09-17,PHP,2020-12-16,2021-03-17,0.28538020796262464,0.5824952448569969,44.04310833683858,0.29711503689437224,91,90,2.651568290599024,Dec20-Mar21,Dec-Mar
2020-09-18,PHP,2020-12-16,2021-03-17,0.28990997476035313,0.5949031603212953,44.06595380793236,0.3049931855609422,91,89,2.72019603605094,Dec20-Mar21,Dec-Mar
2020-09-21,PHP,2020-12-16,2021-03-17,0.2687312719460093,0.5616715376696493,44.151853463891946,0.29294026572363996,91,86,2.608890843264677,Dec20-Mar21,Dec-Mar
2020-09-22,PHP,2020-12-16,2021-03-17,0.2586893101896203,0.5442155797865371,44.10790720230167,0.2855262695969168,91,85,2.5459570080221083,Dec20-Mar21,Dec-Mar
2020-09-23,PHP,2020-12-16,2021-03-17,0.2581051492083839,0.5462838710285945,44.047595200087606,0.28817872182021065,91,84,2.57313998363514,Dec20-Mar21,Dec-Mar
2020-09-24,PHP,2020-12-16,2021-03-17,0.2585674712986511,0.5506483650178238,44.18360491997687,0.2920808937191727,91,83,2.5999738358884987,Dec20-Mar21,Dec-Mar
2020-09-25,PHP,2020-12-16,2021-03-17,0.24752781568633694,0.5307540489911726,43.87232844500855,0.28322623330483565,91,82,2.539571801499381,Dec20-Mar21,Dec-Mar
2020-09-28,PHP,2020-12-16,2021-03-17,0.23937255843844868,0.5235959654978356,43.66522284364976,0.2842234070593869,91,79,2.561008207377797,Dec20-Mar21,Dec-Mar
2020-09-29,PHP,2020-12-16,2021-03-17,0.2398970074271488,0.528247957190974,43.565697079635946,0.28835094976382514,91,78,2.604071593608721,Dec20-Mar21,Dec-Mar
2020-09-30,PHP,2020-12-16,2021-03-17,0.2310684466223564,0.5126349452478429,43.64026540818042,0.28156649862548655,91,77,2.5389915173273705,Dec20-Mar21,Dec-Mar
2020-10-01,PHP,2020-12-16,2021-03-17,0.23382027040466746,0.5223003122266497,43.77103116400978,0.2884800418219823,91,76,2.593440697305939,Dec20-Mar21,Dec-Mar
2020-10-02,PHP,2020-12-16,2021-03-17,0.23097429938071506,0.5109434491708457,43.731679799405384,0.2799691497901306,91,75,2.5193434873546927,Dec20-Mar21,Dec-Mar
2020-10-05,PHP,2020-12-16,2021-03-17,0.22274906423042223,0.5057243304701468,43.74413010318554,0.2829752662397245,91,72,2.5461497675442106,Dec20-Mar21,Dec-Mar
2020-10-06,PHP,2020-12-16,2021-03-17,0.2154885252243505,0.4937085403753086,43.61302597375568,0.27822001515095807,91,71,2.511266060395484,Dec20-Mar21,Dec-Mar
2020-10-07,PHP,2020-12-16,2021-03-17,0.21217776807069919,0.4906385592982341,43.62623893204337,0.27846079122753487,91,70,2.5128716159313904,Dec20-Mar21,Dec-Mar
2020-10-08,PHP,2020-12-16,2021-03-17,0.21505721344216425,0.5019221941659728,43.644742575464136,0.2868649807238086,91,69,2.5874501905048213,Dec20-Mar21,Dec-Mar
2020-10-09,PHP,2020-12-16,2021-03-17,0.2139131483697473,0.5040302806343244,43.58421509196789,0.29011713226457714,91,68,2.620468439523514,Dec20-Mar21,Dec-Mar
2020-10-12,PHP,2020-12-16,2021-03-17,0.2026548018776083,0.4921561147890645,43.749002138857946,0.2895013129114562,91,65,2.6057718842191817,Dec20-Mar21,Dec-Mar
2020-10-13,PHP,2020-12-16,2021-03-17,0.19479767262350992,0.4781954365600388,43.5678132404835,0.28339776393652893,91,64,2.5618535726845204,Dec20-Mar21,Dec-Mar
2020-10-14,PHP,2020-12-16,2021-03-17,0.19006090317267654,0.47166532896257096,43.45128832705114,0.2816044257898944,91,63,2.552715500990546,Dec20-Mar21,Dec-Mar
2020-10-15,PHP,2020-12-16,2021-03-17,0.1804680329815387,0.4530931188348265,43.39923569424359,0.2726250858532878,91,62,2.4748144914121974,Dec20-Mar21,Dec-Mar
2020-10-16,PHP,2020-12-16,2021-03-17,0.1710908669489675,0.4346751462351044,42.944724092597895,0.2635842792861369,91,61,2.418488426941497,Dec20-Mar21,Dec-Mar
2020-10-19,PHP,2020-12-16,2021-03-17,0.1623429458840948,0.42531216585471293,42.47349897132067,0.2629692199706181,91,58,2.4400076238921087,Dec20-Mar21,Dec-Mar
2020-10-20,PHP,2020-12-16,2021-03-17,0.15526776926378213,0.4114353912754165,42.60337909705129,0.25616762201163434,91,57,2.3700711951005626,Dec20-Mar21,Dec-Mar
2020-10-21,PHP,2020-12-16,2021-03-17,0.15481265138030637,0.41469924324053065,42.768171602878795,0.2598865918602243,91,56,2.3952732990216,Dec20-Mar21,Dec-Mar
2020-10-22,PHP,2020-12-16,2021-03-17,0.15132104971676244,0.4100152925403586,42.82296602235517,0.2586942428235962,91,55,2.381437518833771,Dec20-Mar21,Dec-Mar
2020-10-23,PHP,2020-12-16,2021-03-17,0.1510332089444798,0.41395115312005965,43.19494966987112,0.26291794417557984,91,54,2.399564792195875,Dec20-Mar21,Dec-Mar
2020-10-26,PHP,2020-12-16,2021-03-17,0.1497063632353006,0.4252728863531937,43.423222648758724,0.2755665231178931,91,51,2.5019049740000345,Dec20-Mar21,Dec-Mar
2020-10-27,PHP,2020-12-16,2021-03-17,0.14388313885379558,0.4141731831518656,43.316905289976134,0.27029004429807,91,50,2.460331104842398,Dec20-Mar21,Dec-Mar
2020-10-28,PHP,2020-12-16,2021-03-17,0.14520579809100875,0.4233252418646341,43.46502702778569,0.27811944377362535,91,49,2.522923344601199,Dec20-Mar21,Dec-Mar
2020-10-29,PHP,2020-12-16,2021-03-17,0.13997506752235672,0.4137819639445379,43.39284468538228,0.2738068964221812,91,48,2.4882195177394895,Dec20-Mar21,Dec-Mar
2020-10-30,PHP,2020-12-16,2021-03-17,0.1377540324326245,0.4128505203520535,43.10348726564176,0.275096487919429,91,47,2.5167959237354682,Dec20-Mar21,Dec-Mar
2020-11-02,PHP,2020-12-16,2021-03-17,0.12526849085150232,0.3811313236367112,42.87841277302373,0.2558628327852089,91,44,2.3537627093020044,Dec20-Mar21,Dec-Mar
2020-11-03,PHP,2020-12-16,2021-03-17,0.13000249629154872,0.40255533522373904,43.055493785040625,0.2725528389321903,91,43,2.496743360632456,Dec20-Mar21,Dec-Mar
2020-11-04,PHP,2020-12-16,2021-03-17,0.12979682694525413,0.4091413033933726,42.86309872498416,0.2793444764481185,91,42,2.5704224233328117,Dec20-Mar21,Dec-Mar
2020-11-05,PHP,2020-12-16,2021-03-17,0.12513085092958487,0.40167529904968413,42.79473466586926,0.27654444812009926,91,41,2.548987466269705,Dec20-Mar21,Dec-Mar
2020-11-06,PHP,2020-12-16,2021-03-17,0.12105806102881489,0.3959957963042263,42.75906764890199,0.27493773527541143,91,40,2.536526532786754,Dec20-Mar21,Dec-Mar
2020-11-09,PHP,2020-12-16,2021-03-17,0.11565446480700153,0.40192233094301755,42.78195819494847,0.286267866136016,91,37,2.6399796898241195,Dec20-Mar21,Dec-Mar
2020-11-10,PHP,2020-12-16,2021-03-17,0.11430846975347451,0.40588724415005123,42.678727148106404,0.2915787743965767,91,36,2.6955284464111786,Dec20-Mar21,Dec-Mar
2020-11-11,PHP,2020-12-16,2021-03-17,0.11349232883178761,0.412073360623301,42.935056494658525,0.2985810317915134,91,35,2.7438780597492283,Dec20-Mar21,Dec-Mar
2020-11-12,PHP,2020-12-16,2021-03-17,0.11303591066278408,0.4199687005741689,43.007436082486926,0.30693278991138484,91,34,2.8159237418216447,Dec20-Mar21,Dec-Mar
2020-11-13,PHP,2020-12-16,2021-03-17,0.11013088910003554,0.4191421187662719,42.969715318178636,0.30901122966623634,91,33,2.837665672223983,Dec20-Mar21,Dec-Mar
2020-11-16,PHP,2020-12-16,2021-03-17,0.10106627049406143,0.4159838349604764,42.94222611991823,0.314917564466415,91,30,2.894359744276806,Dec20-Mar21,Dec-Mar
2020-11-17,PHP,2020-12-16,2021-03-17,0.09840598618795729,0.4155178906629384,42.79220453267075,0.31711190447498117,91,29,2.924902718594422,Dec20-Mar21,Dec-Mar
2020-11-18,PHP,2020-12-16,2021-03-17,0.09380015731575447,0.40699268032246316,42.90177461403442,0.3131925230067087,91,28,2.881699789589591,Dec20-Mar21,Dec-Mar
2020-11-19,PHP,2020-12-16,2021-03-17,0.08911620344386571,0.39778666161083887,42.767210879331785,0.30867045816697314,91,27,2.8493200037470285,Dec20-Mar21,Dec-Mar
2020-11-20,PHP,2020-12-16,2021-03-17,0.08469632406594345,0.3894326368486761,42.6814896956425,0.3047363127827326,91,26,2.8189332754986816,Dec20-Mar21,Dec-Mar
2020-11-23,PHP,2020-12-16,2021-03-17,0.07358806166161011,0.37300871857007123,42.520583333981584,0.2994206569084611,91,23,2.7809468790337593,Dec20-Mar21,Dec-Mar
2020-11-24,PHP,2020-12-16,2021-03-17,0.07042696023769983,0.36999598173050297,42.46716417919088,0.2995690214928031,91,22,2.7860256896308955,Dec20-Mar21,Dec-Mar
2020-11-25,PHP,2020-12-16,2021-03-17,0.06648070168874629,0.36284797602879937,42.604630399641664,0.29636727434005306,91,21,2.7476246438438863,Dec20-Mar21,Dec-Mar
2020-11-26,PHP,2020-12-16,2021-03-17,0.06515575325418466,0.36989265166698704,42.57370854649114,0.3047368984128024,91,20,2.8273561806775485,Dec20-Mar21,Dec-Mar
2020-11-27,PHP,2020-12-16,2021-03-17,0.062394504046184955,0.36952869983313685,42.672140323106234,0.3071341957869519,91,19,2.843218918497271,Dec20-Mar21,Dec-Mar
2020-11-30,PHP,2020-12-16,2021-03-17,0.05223988443877242,0.3576210801628334,42.51524388964879,0.30538119572406097,91,16,2.8380851450963323,Dec20-Mar21,Dec-Mar
2020-12-01,PHP,2020-12-16,2021-03-17,0.0498406547050346,0.36045292439784066,42.406103051637466,0.3106122696928061,91,15,2.8942844862679262,Dec20-Mar21,Dec-Mar
2020-12-02,PHP,2020-12-16,2021-03-17,0.045958032359994024,0.35289276500805483,42.21011472736956,0.3069347326480608,91,14,2.873545066283477,Dec20-Mar21,Dec-Mar
2020-12-03,PHP,2020-12-16,2021-03-17,0.04248552975403122,0.34808537223482733,42.177261613255745,0.3055998424807961,91,13,2.8635093566975733,Dec20-Mar21,Dec-Mar
2020-12-04,PHP,2020-12-16,2021-03-17,0.0379201776306647,0.3337022241897593,42.27788327942032,0.2957820465590946,91,12,2.765224058156069,Dec20-Mar21,Dec-Mar
2020-12-07,PHP,2020-12-16,2021-03-17,0.027432797895643492,0.31302816511397036,42.27068369221945,0.28559536721832685,91,9,2.6711067066597325,Dec20-Mar21,Dec-Mar
2020-12-08,PHP,2020-12-16,2021-03-17,0.024817234848201485,0.3154080636918289,42.65888114743913,0.2905908288436274,91,8,2.693276673995265,Dec20-Mar21,Dec-Mar
2020-12-09,PHP,2020-12-16,2021-03-17,0.021116522253759696,0.3039536091482135,42.8003876343996,0.2828370868944538,91,7,2.6129767512615865,Dec20-Mar21,Dec-Mar
2020-12-10,PHP,2020-12-16,2021-03-17,0.021181009125403563,0.3018679490507151,42.992638670835866,0.2806869399253116,91,6,2.581518871129916,Dec20-Mar21,Dec-Mar
2020-12-11,PHP,2020-12-16,2021-03-17,0.021090596696863712,0.29763415562418755,43.15724557008655,0.27654355892732385,91,5,2.533720777594353,Dec20-Mar21,Dec-Mar
2020-12-14,PHP,2020-12-16,2021-03-17,0.020505434659653723,0.2808545868049997,43.329808864066095,0.260349152145346,91,2,2.3758828660581397,Dec20-Mar21,Dec-Mar
2020-12-15,PHP,2020-12-16,2021-03-17,0.019763379250388118,0.2681474185866356,43.200763398912535,0.24838403933624748,91,1,2.2734988461326275,Dec20-Mar21,Dec-Mar
2020-12-16,PHP,2021-03-17,2021-06-16,0.2607255144800806,0.5130187074265484,43.366225030008465,0.25229319294646785,91,91,2.2877669620504855,Mar21-Jun21,Mar-Jun
2020-12-17,PHP,2021-03-17,2021-06-16,0.26078409672483216,0.5160086246432563,43.016060305896346,0.2552245279184241,91,90,2.33307087206365,Mar21-Jun21,Mar-Jun
2020-12-18,PHP,2021-03-17,2021-06-16,0.24490162979677205,0.4867718468085497,42.92867175587049,0.24187021701177763,91,89,2.2162844886824464,Mar21-Jun21,Mar-Jun
2020-12-21,PHP,2021-03-17,2021-06-16,0.2333882287840987,0.471536247140601,42.81565567500178,0.2381480183565023,91,86,2.188490017963435,Mar21-Jun21,Mar-Jun
2020-12-22,PHP,2021-03-17,2021-06-16,0.2338176709367663,0.4752093774175673,42.90120589889341,0.241391706480801,91,85,2.213876619115679,Mar21-Jun21,Mar-Jun
2020-12-23,PHP,2021-03-17,2021-06-16,0.2255262791026935,0.46078348732065916,43.02400736153149,0.23525720821796567,91,84,2.1519026411236717,Mar21-Jun21,Mar-Jun
2020-12-24,PHP,2021-03-17,2021-06-16,0.2307484987791299,0.4745600669791957,43.05041792563946,0.24381156820006583,91,83,2.228519609044755,Mar21-Jun21,Mar-Jun
2020-12-25,PHP,2021-03-17,2021-06-16,0.22725444803708414,0.4701875196925747,42.931152656953294,0.24293307165549058,91,82,2.226805793615052,Mar21-Jun21,Mar-Jun
2020-12-28,PHP,2021-03-17,2021-06-16,0.2270132149412015,0.4789160999368965,42.83122012499123,0.251902884995695,91,79,2.3143979870930815,Mar21-Jun21,Mar-Jun
2020-12-29,PHP,2021-03-17,2021-06-16,0.23240003802188214,0.4937917235376259,42.9429695941559,0.26139168551574377,91,78,2.395062292353901,Mar21-Jun21,Mar-Jun
2020-12-30,PHP,2021-03-17,2021-06-16,0.22978446858576185,0.4914613063374546,43.0231159172111,0.26167683775169276,91,77,2.393377237574147,Mar21-Jun21,Mar-Jun
2020-12-31,PHP,2021-03-17,2021-06-16,0.2334445952226049,0.5029436469301063,43.03781550632658,0.2694990517075014,91,76,2.463875773816125,Mar21-Jun21,Mar-Jun
2021-01-01,PHP,2021-03-17,2021-06-16,0.21755922890345697,0.4815310933063181,42.87222934392005,0.26397186440286113,91,75,2.4235075950110567,Mar21-Jun21,Mar-Jun
2021-01-04,PHP,2021-03-17,2021-06-16,0.2238967708302424,0.5068774117406877,42.87018723346103,0.2829806409104453,91,72,2.597766909350542,Mar21-Jun21,Mar-Jun
2021-01-05,PHP,2021-03-17,2021-06-16,0.22506123450797924,0.5135199998632766,42.98653568992537,0.28845876535529735,91,71,2.640854854883838,Mar21-Jun21,Mar-Jun
2021-01-06,PHP,2021-03-17,2021-06-16,0.22512320777959885,0.5177833778930774,42.90946581706186,0.29266017011347856,91,70,2.6841023024131845,Mar21-Jun21,Mar-Jun
2021-01-07,PHP,2021-03-17,2021-06-16,0.22622016843144935,0.5245685065077086,43.07656600502441,0.29834833807625927,91,69,2.725642490796256,Mar21-Jun21,Mar-Jun
2021-01-08,PHP,2021-03-17,2021-06-16,0.22137208211468506,0.5176200155328665,43.288919870274185,0.29624793341818145,91,68,2.6935462712407165,Mar21-Jun21,Mar-Jun
2021-01-11,PHP,2021-03-17,2021-06-16,0.20934193085748104,0.5024206340579545,43.15130395001007,0.2930787032004734,91,65,2.673927495515063,Mar21-Jun21,Mar-Jun
2021-01-12,PHP,2021-03-17,2021-06-16,0.21152399228042867,0.5122846688041632,43.20562190006448,0.30076067652373456,91,64,2.740443739732813,Mar21-Jun21,Mar-Jun
2021-01-13,PHP,2021-03-17,2021-06-16,0.20906309390460376,0.5110431184334759,42.86043699627533,0.3019800245288722,91,63,2.7737639127040703,Mar21-Jun21,Mar-Jun
2021-01-14,PHP,2021-03-17,2021-06-16,0.20375498931179004,0.5028147316887721,42.79467526838896,0.2990597423769821,91,62,2.7514806453071605,Mar21-Jun21,Mar-Jun
2021-01-15,PHP,2021-03-17,2021-06-16,0.1951164025644681,0.4861916916360517,42.772290607037014,0.2910752890715836,91,61,2.6799537561763613,Mar21-Jun21,Mar-Jun
2021-01-18,PHP,2021-03-17,2021-06-16,0.18959746230666868,0.4870693428223041,43.00844941080296,0.2974718805156354,91,58,2.7242246355805153,Mar21-Jun21,Mar-Jun
2021-01-19,PHP,2021-03-17,2021-06-16,0.1931176406859279,0.5014282600266198,43.19071757549448,0.30831061934069187,91,57,2.8113935896843603,Mar21-Jun21,Mar-Jun
2021-01-20,PHP,2021-03-17,2021-06-16,0.19537566451557933,0.5128611193533957,43.2186371465169,0.3174854548378164,91,56,2.893043820229011,Mar21-Jun21,Mar-Jun
2021-01-21,PHP,2021-03-17,2021-06-16,0.1891836072706648,0.5021964847548556,43.045134438712516,0.31301287748419077,91,55,2.8641430190208017,Mar21-Jun21,Mar-Jun
2021-01-22,PHP,2021-03-17,2021-06-16,0.1829187951918841,0.4911708389411702,42.93063599629277,0.3082520437492861,91,54,2.8284808351118333,Mar21-Jun21,Mar-Jun
2021-01-25,PHP,2021-03-17,2021-06-16,0.1711421005710585,0.4765132996292216,42.79196473188692,0.3053711990581631,91,51,2.81185876779112,Mar21-Jun21,Mar-Jun
2021-01-26,PHP,2021-03-17,2021-06-16,0.16917734271808263,0.477080106464993,42.74145053966988,0.3079027637469104,91,50,2.83863678459516,Mar21-Jun21,Mar-Jun
2021-01-27,PHP,2021-03-17,2021-06-16,0.16113035301963569,0.46037243719895915,42.69450630000176,0.29924208417932346,91,49,2.7623317046863725,Mar21-Jun21,Mar-Jun
2021-01-28,PHP,2021-03-17,2021-06-16,0.1608044199028948,0.46566279930213283,42.66082002662821,0.30485837939923804,91,48,2.8164114856912894,Mar21-Jun21,Mar-Jun
2021-01-29,PHP,2021-03-17,2021-06-16,0.1616279486319966,0.47456716832373474,42.27066247228618,0.31293921969173816,91,47,2.917592466468237,Mar21-Jun21,Mar-Jun
2021-02-01,PHP,2021-03-17,2021-06-16,0.15237694222144677,0.46752016363398435,42.275873379381025,0.3151432214125376,91,44,2.9384205733379507,Mar21-Jun21,Mar-Jun
2021-02-02,PHP,2021-03-17,2021-06-16,0.14439162740283318,0.44996460632510804,42.320247873430276,0.30557297892227486,91,43,2.8467453170587387,Mar21-Jun21,Mar-Jun
2021-02-03,PHP,2021-03-17,2021-06-16,0.1384522683940329,0.4384321832477709,42.47662522230747,0.299979914853738,91,42,2.7847743075221025,Mar21-Jun21,Mar-Jun
2021-02-04,PHP,2021-03-17,2021-06-16,0.14060047699842573,0.45266495033639503,42.48809786001072,0.3120644733379693,91,41,2.8960320671412574,Mar21-Jun21,Mar-Jun
2021-02-05,PHP,2021-03-17,2021-06-16,0.1309698704254264,0.4289263256432715,42.57472781225353,0.2979564552178451,91,40,2.760120774954419,Mar21-Jun21,Mar-Jun
2021-02-08,PHP,2021-03-17,2021-06-16,0.12233918271565394,0.42322744290820824,42.464329522795516,0.3008882601925543,91,37,2.7950699581845817,Mar21-Jun21,Mar-Jun
2021-02-09,PHP,2021-03-17,2021-06-16,0.11821912351898287,0.41705079685863405,42.78432088006288,0.2988316733396512,91,36,2.755527376913148,Mar21-Jun21,Mar-Jun
2021-02-10,PHP,2021-03-17,2021-06-16,0.11574402014053997,0.4166784725059439,42.92688995900353,0.30093445236540395,91,35,2.7658853824382623,Mar21-Jun21,Mar-Jun
2021-02-11,PHP,2021-03-17,2021-06-16,0.11202747949468664,0.4118657334363479,42.93308264651451,0.2998382539416613,91,34,2.7556517077649594,Mar21-Jun21,Mar-Jun
2021-02-12,PHP,2021-03-17,2021-06-16,0.10995422010241356,0.41316131189997823,43.03455429553179,0.30320709179756467,91,33,2.780192947384604,Mar21-Jun21,Mar-Jun
2021-02-15,PHP,2021-03-17,2021-06-16,0.09777747252348337,0.3943691391780495,42.801599048120295,0.29659166665456616,91,30,2.735073946161346,Mar21-Jun21,Mar-Jun
2021-02-16,PHP,2021-03-17,2021-06-16,0.09533617362072694,0.3944945115340425,42.68635695745732,0.2991583379133156,91,29,2.7663316899966457,Mar21-Jun21,Mar-Jun
2021-02-17,PHP,2021-03-17,2021-06-16,0.09073833985922766,0.38563794440171756,42.802845427428245,0.29489960454248987,91,28,2.7198375508082187,Mar21-Jun21,Mar-Jun
2021-02-18,PHP,2021-03-17,2021-06-16,0.08843070007130813,0.38647491142275403,42.81877353847974,0.2980442113514459,91,27,2.747967437811779,Mar21-Jun21,Mar-Jun
2021-02-19,PHP,2021-03-17,2021-06-16,0.08496219510581299,0.38232987797615847,42.80746069802097,0.2973676828703455,91,26,2.7426746851611195,Mar21-Jun21,Mar-Jun
2021-02-22,PHP,2021-03-17,2021-06-16,0.07351062308693278,0.36435700138740595,42.95857031101092,0.29084637830047316,91,23,2.673821558327514,Mar21-Jun21,Mar-Jun
2021-02-23,PHP,2021-03-17,2021-06-16,0.07055406755594043,0.36239134699187586,42.868646328925806,0.2918372794359354,91,22,2.6887345241655587,Mar21-Jun21,Mar-Jun
2021-02-24,PHP,2021-03-17,2021-06-16,0.06499084865147131,0.34661785947451373,42.93167466261104,0.2816270108230424,91,21,2.591198226135426,Mar21-Jun21,Mar-Jun
2021-02-25,PHP,2021-03-17,2021-06-16,0.060655581205643724,0.33663847569132266,43.16180718831732,0.2759828944856789,91,20,2.5260024342514367,Mar21-Jun21,Mar-Jun
2021-02-26,PHP,2021-03-17,2021-06-16,0.056225827118472155,0.3255179464753651,43.288925373978046,0.2692921193568929,91,19,2.4577869304217215,Mar21-Jun21,Mar-Jun
2021-03-01,PHP,2021-03-17,2021-06-16,0.04875559051330382,0.32605301155771926,43.41197964239364,0.27729742104441546,91,16,2.524119255393397,Mar21-Jun21,Mar-Jun
2021-03-02,PHP,2021-03-17,2021-06-16,0.04585035015453824,0.32400914109207024,43.337809552411876,0.278158790937532,91,15,2.536458210718663,Mar21-Jun21,Mar-Jun
2021-03-03,PHP,2021-03-17,2021-06-16,0.04449809012576547,0.33373567594324105,43.37825554364883,0.2892375858174756,91,14,2.635108341779527,Mar21-Jun21,Mar-Jun
2021-03-04,PHP,2021-03-17,2021-06-16,0.041192574800973374,0.32954059840778704,43.24352581686323,0.28834802360681366,91,13,2.6353814889243417,Mar21-Jun21,Mar-Jun
2021-03-05,PHP,2021-03-17,2021-06-16,0.039537294135479996,0.33936177466287,43.58124501367193,0.29982448052738997,91,12,2.7191599079875046,Mar21-Jun21,Mar-Jun
2021-03-08,PHP,2021-03-17,2021-06-16,0.029707461371486346,0.33008290412762603,43.7623358657617,0.3003754427561397,91,9,2.713503103709232,Mar21-Jun21,Mar-Jun
2021-03-09,PHP,2021-03-17,2021-06-16,0.024893736787952685,0.3080599927509145,43.76088972666353,0.2831662559629618,91,8,2.558406100904735,Mar21-Jun21,Mar-Jun
2021-03-10,PHP,2021-03-17,2021-06-16,0.02191562940374817,0.3068188116524743,43.64579635786392,0.28490318224872613,91,7,2.581059233241726,Mar21-Jun21,Mar-Jun
2021-03-11,PHP,2021-03-17,2021-06-16,0.022526274766673276,0.312149807481044,43.411179285325055,0.2896235327143707,91,6,2.637959187105401,Mar21-Jun21,Mar-Jun
2021-03-12,PHP,2021-03-17,2021-06-16,0.022277376810314727,0.30551831054145906,43.56198737977214,0.28324093373114434,91,5,2.5709131271328665,Mar21-Jun21,Mar-Jun
2021-03-15,PHP,2021-03-17,2021-06-16,0.02258093670020519,0.30000387330272604,43.37752496887069,0.2774229366025209,91,2,2.528789524159838,Mar21-Jun21,Mar-Jun
2021-03-16,PHP,2021-03-17,2021-06-16,0.022651530284916704,0.2977058266017624,43.09628373362463,0.27505429631684575,91,1,2.523547670804682,Mar21-Jun21,Mar-Jun
2021-03-17,PHP,2021-06-16,2021-09-15,0.28988962271467905,0.5797792454293581,43.27339562032897,0.28988962271467905,91,91,2.6325289368376694,Jun21-Sep21,Jun-Sep
2021-03-18,PHP,2021-06-16,2021-09-15,0.2684626886416205,0.5399082960459257,43.3970063953954,0.27144560740430523,91,90,2.4592676480808886,Jun21-Sep21,Jun-Sep
2021-03-19,PHP,2021-06-16,2021-09-15,0.26284670140544586,0.5316000702582051,43.62405615205418,0.26875336885275924,91,89,2.422590958552013,Jun21-Sep21,Jun-Sep
2021-03-22,PHP,2021-06-16,2021-09-15,0.25230512916950854,0.5192791611977094,43.695917418319404,0.2669740320282009,91,86,2.4031939054750406,Jun21-Sep21,Jun-Sep
2021-03-23,PHP,2021-06-16,2021-09-15,0.24637325310122676,0.5101375593625401,43.42004997997921,0.26376430626131336,91,85,2.389623679584357,Jun21-Sep21,Jun-Sep
2021-03-24,PHP,2021-06-16,2021-09-15,0.24477191962341094,0.5099414992154394,43.170416512884984,0.26516957959202847,91,84,2.4162569610921216,Jun21-Sep21,Jun-Sep
2021-03-25,PHP,2021-06-16,2021-09-15,0.2542260263850992,0.532955766156714,43.52187012451427,0.2787297397716148,91,83,2.518879478408086,Jun21-Sep21,Jun-Sep
2021-03-26,PHP,2021-06-16,2021-09-15,0.25493203879292176,0.5378444233070179,43.498700384439395,0.2829123845140961,91,82,2.557990655543194,Jun21-Sep21,Jun-Sep
2021-03-29,PHP,2021-06-16,2021-09-15,0.25412838751249484,0.5468585554066345,43.46618341938419,0.2927301678941397,91,79,2.648776652289758,Jun21-Sep21,Jun-Sep
2021-03-30,PHP,2021-06-16,2021-09-15,0.2547577278090333,0.5519750769195721,43.52207965807088,0.2972173491105389,91,78,2.685906446863195,Jun21-Sep21,Jun-Sep
2021-03-31,PHP,2021-06-16,2021-09-15,0.2450799332450576,0.534719854352853,43.42929089778079,0.28963992110779535,91,77,2.623571301715313,Jun21-Sep21,Jun-Sep
2021-04-01,PHP,2021-06-16,2021-09-15,0.25048754253630257,0.5504134158363491,43.591928674542054,0.2999258733000465,91,76,2.7063288037205067,Jun21-Sep21,Jun-Sep
2021-04-02,PHP,2021-06-16,2021-09-15,0.25826332515335115,0.5716228263394172,43.579884644136406,0.31335950118606604,91,75,2.827820102264585,Jun21-Sep21,Jun-Sep
2021-04-05,PHP,2021-06-16,2021-09-15,0.24753060092271842,0.5603817770889319,43.3838791824211,0.3128511761662135,91,72,2.836610164006363,Jun21-Sep21,Jun-Sep
2021-04-06,PHP,2021-06-16,2021-09-15,0.2457718696892687,0.5607752519670638,43.19889078080359,0.3150033822777951,91,71,2.868401204121942,Jun21-Sep21,Jun-Sep
2021-04-07,PHP,2021-06-16,2021-09-15,0.25033163059616975,0.5757627503711905,43.04019776014708,0.32543111977502076,91,70,2.9739063777072863,Jun21-Sep21,Jun-Sep
2021-04-08,PHP,2021-06-16,2021-09-15,0.23806602721430495,0.55203716455491,42.940061948887596,0.3139711373406051,91,69,2.8766500042244307,Jun21-Sep21,Jun-Sep
2021-04-09,PHP,2021-06-16,2021-09-15,0.2311505577355053,0.5404843923521373,43.16150271790553,0.309333834616632,91,68,2.820150773130975,Jun21-Sep21,Jun-Sep
2021-04-12,PHP,2021-06-16,2021-09-15,0.22073447263756474,0.5297627343301554,43.29704437336033,0.3090282616925907,91,65,2.8092642118570645,Jun21-Sep21,Jun-Sep
2021-04-13,PHP,2021-06-16,2021-09-15,0.21073915318029338,0.5103838866085231,43.2926498837888,0.2996447334282297,91,64,2.7248629655767607,Jun21-Sep21,Jun-Sep
2021-04-14,PHP,2021-06-16,2021-09-15,0.19915600788161567,0.4868257970439494,42.94346589388342,0.28766978916233377,91,63,2.637842302082071,Jun21-Sep21,Jun-Sep
2021-04-15,PHP,2021-06-16,2021-09-15,0.19270759774251592,0.4755526202355634,42.64123824157573,0.28284502249304744,91,62,2.6122910691632333,Jun21-Sep21,Jun-Sep
2021-04-16,PHP,2021-06-16,2021-09-15,0.19132237352640072,0.4767377176395558,42.615382521083376,0.28541534411315506,91,61,2.637707456859698,Jun21-Sep21,Jun-Sep
2021-04-19,PHP,2021-06-16,2021-09-15,0.19002197350203825,0.4881598974448913,42.784428135161946,0.29813792394285304,91,58,2.7445301315066972,Jun21-Sep21,Jun-Sep
2021-04-20,PHP,2021-06-16,2021-09-15,0.18135773658640436,0.4708937721892604,42.862013167897246,0.289536035602856,91,57,2.661077094183372,Jun21-Sep21,Jun-Sep
2021-04-21,PHP,2021-06-16,2021-09-15,0.1690996547811707,0.44388659380057305,42.62299624171349,0.2747869390194023,91,56,2.540350470182408,Jun21-Sep21,Jun-Sep
2021-04-22,PHP,2021-06-16,2021-09-15,0.16086055291553386,0.427011649557599,42.67460621363294,0.26615109664206515,91,55,2.458022561079125,Jun21-Sep21,Jun-Sep
2021-04-23,PHP,2021-06-16,2021-09-15,0.15261336842217754,0.4097951559484397,42.58605158796325,0.25718178752626214,91,54,2.380566770595423,Jun21-Sep21,Jun-Sep
2021-04-26,PHP,2021-06-16,2021-09-15,0.14074100566272418,0.39186711380601635,42.376136069651125,0.25112610814329217,91,51,2.3366389788349267,Jun21-Sep21,Jun-Sep
2021-04-27,PHP,2021-06-16,2021-09-15,0.14389219098537753,0.4057759785787647,42.25279641214752,0.26188378759338715,91,50,2.443643145795499,Jun21-Sep21,Jun-Sep
2021-04-28,PHP,2021-06-16,2021-09-15,0.14314729097335985,0.40899225992388527,42.35043441103608,0.26584496895052545,91,49,2.474948781763169,Jun21-Sep21,Jun-Sep
2021-04-29,PHP,2021-06-16,2021-09-15,0.14290159174536307,0.41381919276261386,42.60209343682513,0.2709176010172508,91,48,2.5073390168226077,Jun21-Sep21,Jun-Sep
2021-04-30,PHP,2021-06-16,2021-09-15,0.14030678257910778,0.4119645956578058,42.609656906324695,0.271657813078698,91,47,2.5138974558264424,Jun21-Sep21,Jun-Sep
2021-05-03,PHP,2021-06-16,2021-09-15,0.12900019232533738,0.3957960446345579,42.670142436571545,0.26679585230922054,91,44,2.4660683700539714,Jun21-Sep21,Jun-Sep
2021-05-04,PHP,2021-06-16,2021-09-15,0.1201830277568964,0.37452385394009574,42.49417962814149,0.2543408261831993,91,43,2.3611370098902844,Jun21-Sep21,Jun-Sep
2021-05-05,PHP,2021-06-16,2021-09-15,0.1160529553573515,0.3675010252982797,42.58325530372926,0.2514480699409282,91,42,2.3296387175945372,Jun21-Sep21,Jun-Sep
2021-05-06,PHP,2021-06-16,2021-09-15,0.11283716841206276,0.3632806397656655,42.87553301830961,0.25044347135360273,91,41,2.3047288763813367,Jun21-Sep21,Jun-Sep
2021-05-07,PHP,2021-06-16,2021-09-15,0.1111972968016538,0.36417114702541614,42.82727420078532,0.25297385022376234,91,40,2.3307202988609323,Jun21-Sep21,Jun-Sep
2021-05-10,PHP,2021-06-16,2021-09-15,0.10632228816735376,0.3678176455519266,42.957893922241055,0.26149535738457286,91,37,2.4021965779206087,Jun21-Sep21,Jun-Sep
2021-05-11,PHP,2021-06-16,2021-09-15,0.10275934265440076,0.36251212547524714,42.59738178494262,0.25975278282084635,91,36,2.4065340287128145,Jun21-Sep21,Jun-Sep
2021-05-12,PHP,2021-06-16,2021-09-15,0.0957253350635226,0.34461120622868135,42.280945854249076,0.24888587116515876,91,35,2.323456323336726,Jun21-Sep21,Jun-Sep
2021-05-13,PHP,2021-06-16,2021-09-15,0.09366168815922399,0.3443444417618529,42.27874293173683,0.2506827536026289,91,34,2.340466634287915,Jun21-Sep21,Jun-Sep
2021-05-14,PHP,2021-06-16,2021-09-15,0.09173933280998495,0.3447174929829737,42.19681568693214,0.2529781601729888,91,33,2.3665805584897703,Jun21-Sep21,Jun-Sep
2021-05-17,PHP,2021-06-16,2021-09-15,0.08359504088233372,0.3371666648920793,42.0914497169945,0.2535716240097456,91,30,2.3785167184693004,Jun21-Sep21,Jun-Sep
2021-05-18,PHP,2021-06-16,2021-09-15,0.08390209143012266,0.34718106798671444,42.11317745750539,0.26327897655659177,91,29,2.4682826752317815,Jun21-Sep21,Jun-Sep
2021-05-19,PHP,2021-06-16,2021-09-15,0.08173135019872016,0.3473582383445607,41.88208740642429,0.26562688814584057,91,28,2.504137317689364,Jun21-Sep21,Jun-Sep
2021-05-20,PHP,2021-06-16,2021-09-15,0.07908809339245358,0.34564426001146376,41.69894341908398,0.26655616661901016,91,27,2.5240727571964556,Jun21-Sep21,Jun-Sep
2021-05-21,PHP,2021-06-16,2021-09-15,0.07502899500346437,0.33763047751558967,41.71182301352502,0.2626014825121253,91,26,2.4861001913430902,Jun21-Sep21,Jun-Sep
2021-05-24,PHP,2021-06-16,2021-09-15,0.06715014695761537,0.33283116318122397,41.763789692632244,0.2656810162236086,91,23,2.5126037868082913,Jun21-Sep21,Jun-Sep
2021-05-25,PHP,2021-06-16,2021-09-15,0.06913924428429916,0.3551243001875366,41.82543615211566,0.2859850559032374,91,22,2.700515379903094,Jun21-Sep21,Jun-Sep
2021-05-26,PHP,2021-06-16,2021-09-15,0.06578157340344282,0.35083505815169497,41.64987200554349,0.28505348474825215,91,21,2.7032636881823344,Jun21-Sep21,Jun-Sep
2021-05-27,PHP,2021-06-16,2021-09-15,0.06296473863534985,0.3494542994261916,41.47354325843782,0.28648956079084176,91,20,2.7286003327871082,Jun21-Sep21,Jun-Sep
2021-05-28,PHP,2021-06-16,2021-09-15,0.060981222344666186,0.3530491819954358,41.55881528915178,0.2920679596507696,91,19,2.7761637090449693,Jun21-Sep21,Jun-Sep
2021-05-31,PHP,2021-06-16,2021-09-15,0.0504473687332361,0.3373667784035165,41.67061512567119,0.2869194096702804,91,16,2.720606160617336,Jun21-Sep21,Jun-Sep
2021-06-01,PHP,2021-06-16,2021-09-15,0.04843418701856543,0.34226825493119567,41.691727218412616,0.2938340679126302,91,15,2.784896965669917,Jun21-Sep21,Jun-Sep
2021-06-02,PHP,2021-06-16,2021-09-15,0.04397072052130607,0.32978040390979557,42.035503969821995,0.2858096833884895,91,14,2.6870004411137254,Jun21-Sep21,Jun-Sep
2021-06-03,PHP,2021-06-16,2021-09-15,0.04062343073841114,0.3249874459072891,41.83785104211425,0.284364015168878,91,13,2.686240503470275,Jun21-Sep21,Jun-Sep
2021-06-04,PHP,2021-06-16,2021-09-15,0.036811040272148134,0.3159614290026048,41.767646483215,0.27915038873045667,91,12,2.6416589846764813,Jun21-Sep21,Jun-Sep
2021-06-07,PHP,2021-06-16,2021-09-15,0.027244176143601986,0.3027130682622443,42.035548403982304,0.27546889211864234,91,9,2.5908100221072057,Jun21-Sep21,Jun-Sep
2021-06-08,PHP,2021-06-16,2021-09-15,0.023541248382331983,0.2913229487313583,41.82917795635586,0.2677817003490263,91,8,2.5311525686603966,Jun21-Sep21,Jun-Sep
2021-06-09,PHP,2021-06-16,2021-09-15,0.020201666591528798,0.2828233322814032,41.785803852170375,0.26262166568987444,91,7,2.48515216985356,Jun21-Sep21,Jun-Sep
2021-06-10,PHP,2021-06-16,2021-09-15,0.02017217978420738,0.27952877700973083,41.91627466442096,0.25935659722552346,91,6,2.4466214382107387,Jun21-Sep21,Jun-Sep
2021-06-11,PHP,2021-06-16,2021-09-15,0.019660136508678722,0.26962472926187964,41.91430245046073,0.2499645927532009,91,5,2.3581623471318838,Jun21-Sep21,Jun-Sep
2021-06-14,PHP,2021-06-16,2021-09-15,0.019246470341951052,0.25570310597163537,41.71950055619749,0.23645663562968433,91,2,2.2411617762614844,Jun21-Sep21,Jun-Sep
2021-06-15,PHP,2021-06-16,2021-09-15,0.01933556594090474,0.25412458093760515,41.722650072841766,0.2347890149967004,91,1,2.2251832286104984,Jun21-Sep21,Jun-Sep
2021-06-16,PHP,2021-09-15,2021-12-15,0.25989578135137487,0.5197915627027497,41.60270586207015,0.25989578135137487,91,91,2.4560325795661893,Sep21-Dec21,Sep-Dec
2021-06-17,PHP,2021-09-15,2021-12-15,0.25427129605776866,0.5113678287384014,41.5212430621752,0.2570965326806327,91,90,2.434644312238501,Sep21-Dec21,Sep-Dec
2021-06-18,PHP,2021-09-15,2021-12-15,0.24711071010382246,0.49977446987289936,41.63308495495577,0.2526637597690769,91,89,2.386686413167101,Sep21-Dec21,Sep-Dec
2021-06-21,PHP,2021-09-15,2021-12-15,0.23563130728999387,0.48496210918987104,41.555790112506486,0.24933080189987716,91,86,2.360205942754543,Sep21-Dec21,Sep-Dec
2021-06-22,PHP,2021-09-15,2021-12-15,0.22852459791000318,0.47318034390777125,41.35863557928415,0.24465574599776807,91,85,2.3273262255514076,Sep21-Dec21,Sep-Dec
2021-06-23,PHP,2021-09-15,2021-12-15,0.22663395426920804,0.4721540713941834,41.06150542448024,0.24552011712497537,91,84,2.3524634194084832,Sep21-Dec21,Sep-Dec
2021-06-24,PHP,2021-09-15,2021-12-15,0.22079539352086036,0.46287227075457477,41.17144829228859,0.2420768772337144,91,83,2.3136382128682724,Sep21-Dec21,Sep-Dec
2021-06-25,PHP,2021-09-15,2021-12-15,0.22430965461610702,0.47323866156812827,41.04944026534028,0.24892900695202125,91,82,2.385957407180974,Sep21-Dec21,Sep-Dec
2021-06-28,PHP,2021-09-15,2021-12-15,0.22622230783281275,0.4868074978680781,41.2920966750222,0.26058519003526537,91,79,2.482967738889622,Sep21-Dec21,Sep-Dec
2021-06-29,PHP,2021-09-15,2021-12-15,0.22808713561935617,0.49418879384193837,41.47024928463068,0.2661016582225822,91,78,2.5245847846185874,Sep21-Dec21,Sep-Dec
2021-06-30,PHP,2021-09-15,2021-12-15,0.23780233531411776,0.518841458867166,41.511705203329846,0.2810391235530483,91,77,2.6630329115015816,Sep21-Dec21,Sep-Dec
2021-07-01,PHP,2021-09-15,2021-12-15,0.2256017074643774,0.49573006771777667,41.45508220696866,0.27012836025339926,91,76,2.563872678122003,Sep21-Dec21,Sep-Dec
2021-07-02,PHP,2021-09-15,2021-12-15,0.22981201918966088,0.508650602473116,41.90944560324388,0.2788385832834551,91,75,2.617743535005049,Sep21-Dec21,Sep-Dec
2021-07-05,PHP,2021-09-15,2021-12-15,0.229507987081397,0.5225693665257186,41.9206160228623,0.29306137944432165,91,72,2.7505582157412,Sep21-Dec21,Sep-Dec
2021-07-06,PHP,2021-09-15,2021-12-15,0.22425595171721524,0.514392282451633,41.80662091493867,0.2901363307344178,91,71,2.730830673059841,Sep21-Dec21,Sep-Dec
2021-07-07,PHP,2021-09-15,2021-12-15,0.21750390106685683,0.5026942810617879,41.74814756600912,0.28519037999493113,91,70,2.688450291272073,Sep21-Dec21,Sep-Dec
2021-07-08,PHP,2021-09-15,2021-12-15,0.21062152467549808,0.49057266472253863,41.94500807389015,0.2799511400470406,91,69,2.6271675363815037,Sep21-Dec21,Sep-Dec
2021-07-09,PHP,2021-09-15,2021-12-15,0.20960274367297188,0.49200768126131683,42.03510453432764,0.28240493758834495,91,68,2.6446066702541287,Sep21-Dec21,Sep-Dec
2021-07-12,PHP,2021-09-15,2021-12-15,0.19917308847592696,0.4791033286263398,41.96248524444126,0.27993024015041285,91,65,2.626595770774951,Sep21-Dec21,Sep-Dec
2021-07-13,PHP,2021-09-15,2021-12-15,0.18949305701994168,0.45974362319342404,41.920751481573014,0.27025056617348236,91,64,2.538867039701537,Sep21-Dec21,Sep-Dec
2021-07-14,PHP,2021-09-15,2021-12-15,0.1806286889106458,0.442081943379982,42.05429473397494,0.2614532544693362,91,63,2.4489699123521365,Sep21-Dec21,Sep-Dec
2021-07-15,PHP,2021-09-15,2021-12-15,0.1723430469086045,0.4255693003736643,41.83244664230211,0.2532262534650598,91,62,2.3849046666919937,Sep21-Dec21,Sep-Dec
2021-07-16,PHP,2021-09-15,2021-12-15,0.17305657271562783,0.4312229352914005,42.02660432871509,0.25816636257577263,91,61,2.420203045487279,Sep21-Dec21,Sep-Dec
2021-07-19,PHP,2021-09-15,2021-12-15,0.16533738085380764,0.4247460301244368,42.11775505975987,0.2594086492706291,91,58,2.4270505297925657,Sep21-Dec21,Sep-Dec
2021-07-20,PHP,2021-09-15,2021-12-15,0.1653220187888987,0.4292571715922282,42.27464521471423,0.26393515280332946,91,57,2.460273025872808,Sep21-Dec21,Sep-Dec
2021-07-21,PHP,2021-09-15,2021-12-15,0.16334405715734415,0.42877815003802844,42.25170891835462,0.2654340928806843,91,56,2.4756987559932284,Sep21-Dec21,Sep-Dec
2021-07-22,PHP,2021-09-15,2021-12-15,0.1633347067769444,0.4335794034442524,42.35800989969493,0.270244696667308,91,55,2.51426644382484,Sep21-Dec21,Sep-Dec
2021-07-23,PHP,2021-09-15,2021-12-15,0.15835246920710344,0.42520570435240734,42.32690595127147,0.2668532351453039,91,54,2.484822188438181,Sep21-Dec21,Sep-Dec
2021-07-26,PHP,2021-09-15,2021-12-15,0.15088399453085471,0.42010837692904646,42.102620883023356,0.26922438239819174,91,51,2.520651230927289,Sep21-Dec21,Sep-Dec
2021-07-27,PHP,2021-09-15,2021-12-15,0.14952607255340827,0.4216635246006113,42.01468441578973,0.272137452047203,91,50,2.553321193295385,Sep21-Dec21,Sep-Dec
2021-07-28,PHP,2021-09-15,2021-12-15,0.1513979353288993,0.4325655295111409,41.94840527669872,0.2811675941822416,91,49,2.6420820923986144,Sep21-Dec21,Sep-Dec
2021-07-29,PHP,2021-09-15,2021-12-15,0.14351448885588294,0.41559404064516103,42.01144032979268,0.2720795517892781,91,48,2.553338441589167,Sep21-Dec21,Sep-Dec
2021-07-30,PHP,2021-09-15,2021-12-15,0.13845032137882984,0.406513709580394,42.09364080460083,0.26806338820156417,91,47,2.511053841894953,Sep21-Dec21,Sep-Dec
2021-08-02,PHP,2021-09-15,2021-12-15,0.12415875821778437,0.38449347097543196,42.15354460528626,0.2603347127576476,91,44,2.4360253396412666,Sep21-Dec21,Sep-Dec
2021-08-03,PHP,2021-09-15,2021-12-15,0.12068309740084598,0.3793315187127389,41.77681981427534,0.2586484213118929,91,43,2.4422088496020367,Sep21-Dec21,Sep-Dec
2021-08-04,PHP,2021-09-15,2021-12-15,0.12115596046076935,0.3866401242923176,41.79155142690734,0.26548416383154827,91,42,2.505843900858914,Sep21-Dec21,Sep-Dec
2021-08-05,PHP,2021-09-15,2021-12-15,0.11593990211405719,0.3759949626084383,42.04337941521063,0.2600550604943811,91,41,2.440241604860687,Sep21-Dec21,Sep-Dec
2021-08-06,PHP,2021-09-15,2021-12-15,0.11320600908184159,0.37320026352684704,42.010007722556914,0.25999425444500546,91,40,2.4417621728865533,Sep21-Dec21,Sep-Dec
2021-08-09,PHP,2021-09-15,2021-12-15,0.10757337845899555,0.37378873893266595,42.248500371806905,0.2662153604736704,91,37,2.4864430872829524,Sep21-Dec21,Sep-Dec
2021-08-10,PHP,2021-09-15,2021-12-15,0.109707616724808,0.3883864391127593,42.03812915033096,0.2786788223879513,91,36,2.615711162303444,Sep21-Dec21,Sep-Dec
2021-08-11,PHP,2021-09-15,2021-12-15,0.10883496384552102,0.3928942952332035,41.982122159789114,0.28405933138768247,91,35,2.6698162215539676,Sep21-Dec21,Sep-Dec
2021-08-12,PHP,2021-09-15,2021-12-15,0.10669499510391725,0.39307555022279506,41.890567440062604,0.28638055511887783,91,34,2.697637889982821,Sep21-Dec21,Sep-Dec
2021-08-13,PHP,2021-09-15,2021-12-15,0.09928709806560126,0.3736234037782202,42.01285218710946,0.2743363057126189,91,33,2.5771345330819617,Sep21-Dec21,Sep-Dec
2021-08-16,PHP,2021-09-15,2021-12-15,0.0904684617705968,0.3648894624747404,42.15116439587903,0.2744210007041436,91,30,2.5700274061506825,Sep21-Dec21,Sep-Dec
2021-08-17,PHP,2021-09-15,2021-12-15,0.08942570177677196,0.3700373866625047,41.863760789770296,0.28061168488573274,91,29,2.6460735234287904,Sep21-Dec21,Sep-Dec
2021-08-18,PHP,2021-09-15,2021-12-15,0.08335475144150606,0.3542576936264008,41.75969327430651,0.27090294218489475,91,28,2.561247322244781,Sep21-Dec21,Sep-Dec
2021-08-19,PHP,2021-09-15,2021-12-15,0.0785963856746753,0.34349531517080323,41.727908205027,0.2648989294961279,91,27,2.506671675270304,Sep21-Dec21,Sep-Dec
2021-08-20,PHP,2021-09-15,2021-12-15,0.07619062590518806,0.34285781657334624,41.74397992161172,0.2666671906681582,91,26,2.5225796884767187,Sep21-Dec21,Sep-Dec
2021-08-23,PHP,2021-09-15,2021-12-15,0.06976266874260192,0.3457801842024617,41.636418427409225,0.27601751545985975,91,23,2.618166888212133,Sep21-Dec21,Sep-Dec
2021-08-24,PHP,2021-09-15,2021-12-15,0.06744067006080551,0.3463998053123192,41.745033355778645,0.27895913525151367,91,22,2.6393429872458984,Sep21-Dec21,Sep-Dec
2021-08-25,PHP,2021-09-15,2021-12-15,0.06244898763449763,0.33306126738398734,41.749399737746856,0.2706122797494897,91,21,2.560408368368565,Sep21-Dec21,Sep-Dec
2021-08-26,PHP,2021-09-15,2021-12-15,0.05949186288280279,0.3301798389995555,41.73566531951435,0.2706879761167527,91,20,2.5621473971665405,Sep21-Dec21,Sep-Dec
2021-08-27,PHP,2021-09-15,2021-12-15,0.054731294006861025,0.3168653863555112,41.79792164898226,0.26213409234865015,91,19,2.477773614784996,Sep21-Dec21,Sep-Dec
2021-08-30,PHP,2021-09-15,2021-12-15,0.04567674693122989,0.30546324510259987,41.64691468415547,0.25978649817137,91,16,2.4650106186164993,Sep21-Dec21,Sep-Dec
2021-08-31,PHP,2021-09-15,2021-12-15,0.04318662126565065,0.30518545694393123,41.72538203041035,0.2619988356782806,91,15,2.481480557830969,Sep21-Dec21,Sep-Dec
2021-09-01,PHP,2021-09-15,2021-12-15,0.039373613895914594,0.29898720984294924,41.96508036659404,0.25961359594703465,91,14,2.4450806993709304,Sep21-Dec21,Sep-Dec
2021-09-02,PHP,2021-09-15,2021-12-15,0.03642077874586773,0.2948033875025829,42.15239351401544,0.25838260875671515,91,13,2.422853011762002,Sep21-Dec21,Sep-Dec
2021-09-03,PHP,2021-09-15,2021-12-15,0.03383002086435538,0.29355110693591246,42.205541438310846,0.2597210860715571,91,12,2.4324889251810955,Sep21-Dec21,Sep-Dec
2021-09-06,PHP,2021-09-15,2021-12-15,0.024953762439963577,0.2796489384247447,42.247000420106964,0.25469517598478114,91,9,2.3835787369492887,Sep21-Dec21,Sep-Dec
2021-09-07,PHP,2021-09-15,2021-12-15,0.022577953381784865,0.2815322524296047,42.44943807676785,0.25895429904781986,91,8,2.4120225159844253,Sep21-Dec21,Sep-Dec
2021-09-08,PHP,2021-09-15,2021-12-15,0.019195341957247335,0.2705929094838339,42.31967844747491,0.2513975675265866,91,7,2.348999249540511,Sep21-Dec21,Sep-Dec
2021-09-09,PHP,2021-09-15,2021-12-15,0.01964793811119605,0.2738667992786339,42.58108690984099,0.25421886116743786,91,6,2.360759721219122,Sep21-Dec21,Sep-Dec
2021-09-10,PHP,2021-09-15,2021-12-15,0.018320347720752958,0.252585284680817,42.56110414674811,0.234264936960064,91,5,2.176549821837719,Sep21-Dec21,Sep-Dec
2021-09-13,PHP,2021-09-15,2021-12-15,0.01778550563268621,0.23682728068528996,42.578143961722034,0.21904177505260375,91,2,2.034323234998556,Sep21-Dec21,Sep-Dec
2021-09-14,PHP,2021-09-15,2021-12-15,0.01775909727850703,0.2336731303384968,42.7032331727169,0.21591403305998977,91,1,1.999404414845369,Sep21-Dec21,Sep-Dec
2021-09-15,PHP,2021-12-15,2022-03-16,0.238055840516239,0.48445272567774567,42.89680103280493,0.24639688516150668,91,91,2.2597893652317835,Dec21-Mar22,Dec-Mar
2021-09-16,PHP,2021-12-15,2022-03-16,0.22956411078678218,0.4700927471579863,43.27103953206834,0.24052863637120414,91,90,2.187422192997754,Dec21-Mar22,Dec-Mar
2021-09-17,PHP,2021-12-15,2022-03-16,0.23009667200886302,0.47383728719198215,43.57661885341695,0.24374061518311912,91,89,2.201143308673675,Dec21-Mar22,Dec-Mar
2021-09-20,PHP,2021-12-15,2022-03-16,0.22317800770266988,0.46778000973826706,43.44957652535313,0.24460200203559718,91,86,2.21569782381543,Dec21-Mar22,Dec-Mar
2021-09-21,PHP,2021-12-15,2022-03-16,0.2185673672849108,0.4610092184378337,43.43759546651449,0.2424418511529229,91,85,2.1969650049111777,Dec21-Mar22,Dec-Mar
2021-09-22,PHP,2021-12-15,2022-03-16,0.21584796128085545,0.45808338506653545,43.200680904445846,0.24223542378568,91,84,2.2072100401456756,Dec21-Mar22,Dec-Mar
2021-09-23,PHP,2021-12-15,2022-03-16,0.22378862630010124,0.4775924224100223,43.43236319675105,0.2538037961099211,91,83,2.299925512654788,Dec21-Mar22,Dec-Mar
2021-09-24,PHP,2021-12-15,2022-03-16,0.2044435605134919,0.4397879285170989,43.51824060008448,0.235344368003607,91,82,2.1294041811566253,Dec21-Mar22,Dec-Mar
2021-09-27,PHP,2021-12-15,2022-03-16,0.20183908046199786,0.4427853577728763,43.44735095593772,0.24094627731087845,91,79,2.183761172411462,Dec21-Mar22,Dec-Mar
2021-09-28,PHP,2021-12-15,2022-03-16,0.2020736760483904,0.44626055229311595,43.37616439681763,0.24418687624472554,91,78,2.216734908598053,Dec21-Mar22,Dec-Mar
2021-09-29,PHP,2021-12-15,2022-03-16,0.1985690342833129,0.44169755452079257,43.488129473396235,0.24312852023747966,91,77,2.2016475171689387,Dec21-Mar22,Dec-Mar
2021-09-30,PHP,2021-12-15,2022-03-16,0.19117971109639498,0.42857869296536333,43.6445128603524,0.23739898186896835,91,76,2.1424568708774334,Dec21-Mar22,Dec-Mar
2021-10-01,PHP,2021-12-15,2022-03-16,0.19282224857653188,0.43530134200623344,43.82450652090605,0.24247909342970156,91,75,2.1792734335452266,Dec21-Mar22,Dec-Mar
2021-10-04,PHP,2021-12-15,2022-03-16,0.18876554272764828,0.4287859085231578,43.638032302668314,0.2400203657955095,91,72,2.1665537162499624,Dec21-Mar22,Dec-Mar
2021-10-05,PHP,2021-12-15,2022-03-16,0.18926548338740684,0.4338911463813981,43.94513475207581,0.24462566299399124,91,71,2.1927337188622538,Dec21-Mar22,Dec-Mar
2021-10-06,PHP,2021-12-15,2022-03-16,0.1807662291974763,0.4184140462074452,43.991652496308404,0.2376478170099689,91,70,2.1283534777471607,Dec21-Mar22,Dec-Mar
2021-10-07,PHP,2021-12-15,2022-03-16,0.18114612151390697,0.4233366106682268,44.30279012534104,0.24219048915431984,91,69,2.153847662026603,Dec21-Mar22,Dec-Mar
2021-10-08,PHP,2021-12-15,2022-03-16,0.17653545254493822,0.41669604894812473,44.3041953665424,0.24016059640318652,91,68,2.135949338928258,Dec21-Mar22,Dec-Mar
2021-10-11,PHP,2021-12-15,2022-03-16,0.17520519078964758,0.4263328714488133,44.171194943640664,0.25112768065916574,91,65,2.240254316597149,Dec21-Mar22,Dec-Mar
2021-10-12,PHP,2021-12-15,2022-03-16,0.17124925768761978,0.42124754399645015,44.133971931967146,0.24999828630883036,91,64,2.232252052957465,Dec21-Mar22,Dec-Mar
2021-10-13,PHP,2021-12-15,2022-03-16,0.17582980531192197,0.43694038163249244,43.83333454902759,0.26111057632057044,91,63,2.3471586713058956,Dec21-Mar22,Dec-Mar
2021-10-14,PHP,2021-12-15,2022-03-16,0.17113081159801705,0.4301532120933221,43.97052249665328,0.259022400495305,91,62,2.3213992344230987,Dec21-Mar22,Dec-Mar
2021-10-15,PHP,2021-12-15,2022-03-16,0.16799738968820982,0.4271689430324948,43.98426820954209,0.259171553344285,91,61,2.322177680513105,Dec21-Mar22,Dec-Mar
2021-10-18,PHP,2021-12-15,2022-03-16,0.15948265770723186,0.4182478652209728,43.932430147289274,0.25876520751374094,91,58,2.321710422831064,Dec21-Mar22,Dec-Mar
2021-10-19,PHP,2021-12-15,2022-03-16,0.1582435546949872,0.419428277510691,43.972847210642364,0.2611847228157038,91,57,2.3413385578895425,Dec21-Mar22,Dec-Mar
2021-10-20,PHP,2021-12-15,2022-03-16,0.16117017930564703,0.43158127451326705,43.763419727709405,0.27041109520762,91,56,2.435442609954784,Dec21-Mar22,Dec-Mar
2021-10-21,PHP,2021-12-15,2022-03-16,0.15935544701543414,0.4314358112643265,43.30045919544023,0.27208036424889237,91,55,2.4766830908053934,Dec21-Mar22,Dec-Mar
2021-10-22,PHP,2021-12-15,2022-03-16,0.15506439371286657,0.42482237973440967,43.435373075473564,0.2697579860215431,91,54,2.448184767472124,Dec21-Mar22,Dec-Mar
2021-10-25,PHP,2021-12-15,2022-03-16,0.1426985522558503,0.4056972898251761,43.09586831125122,0.2629987375693258,91,51,2.406265150953548,Dec21-Mar22,Dec-Mar
2021-10-26,PHP,2021-12-15,2022-03-16,0.1413925955289034,0.40711735715374237,43.14979420577888,0.26572476162483893,91,50,2.428251371397884,Dec21-Mar22,Dec-Mar
2021-10-27,PHP,2021-12-15,2022-03-16,0.13344900512582597,0.3896519221540045,43.04083045335546,0.25620291702817855,91,49,2.3475782668355576,Dec21-Mar22,Dec-Mar
2021-10-28,PHP,2021-12-15,2022-03-16,0.13567161519059295,0.401267177566094,43.12178696572397,0.265595562375501,91,48,2.4289631285718745,Dec21-Mar22,Dec-Mar
2021-10-29,PHP,2021-12-15,2022-03-16,0.12815702182297806,0.384675181278435,43.119520688622835,0.2565181594554569,91,47,2.346477702510609,Dec21-Mar22,Dec-Mar
2021-11-01,PHP,2021-12-15,2022-03-16,0.12468423042341983,0.37932459012468545,43.06667086091303,0.25464035970126564,91,44,2.3323381584827647,Dec21-Mar22,Dec-Mar
2021-11-02,PHP,2021-12-15,2022-03-16,0.12704001535005727,0.39333235960382135,42.905617478446096,0.2662923442537641,91,43,2.4480575460108023,Dec21-Mar22,Dec-Mar
2021-11-03,PHP,2021-12-15,2022-03-16,0.11951053641301113,0.37656629138908176,42.903152925837524,0.25705575497607064,91,42,2.3636934211004763,Dec21-Mar22,Dec-Mar
2021-11-04,PHP,2021-12-15,2022-03-16,0.11593534484852028,0.3720606533422404,43.14148855380251,0.25612530849372017,91,41,2.342356264742926,Dec21-Mar22,Dec-Mar
2021-11-05,PHP,2021-12-15,2022-03-16,0.11211386749742966,0.3666972833343681,43.33111144497424,0.25458341583693844,91,40,2.3182974475001403,Dec21-Mar22,Dec-Mar
2021-11-08,PHP,2021-12-15,2022-03-16,0.10893428420335455,0.378696916621697,43.31727448054684,0.2697626324183425,91,37,2.457485610420947,Dec21-Mar22,Dec-Mar
2021-11-09,PHP,2021-12-15,2022-03-16,0.10507595821305933,0.3733656468364214,43.46752132636834,0.2682896886233621,91,36,2.43585617404299,Dec21-Mar22,Dec-Mar
2021-11-10,PHP,2021-12-15,2022-03-16,0.10140184766078938,0.3685970184437296,43.54076287049262,0.2671951707829402,91,35,2.422051809955915,Dec21-Mar22,Dec-Mar
2021-11-11,PHP,2021-12-15,2022-03-16,0.09855810255569494,0.3668298312581917,43.87205021696331,0.2682717287024967,91,34,2.413645822679819,Dec21-Mar22,Dec-Mar
2021-11-12,PHP,2021-12-15,2022-03-16,0.10055074968054499,0.38328109561742757,44.07751713980374,0.28273034593688257,91,33,2.5317849549958695,Dec21-Mar22,Dec-Mar
2021-11-15,PHP,2021-12-15,2022-03-16,0.09015063588963347,0.37224635192974576,44.42804832800918,0.2820957160401123,91,30,2.5068018887541674,Dec21-Mar22,Dec-Mar
2021-11-16,PHP,2021-12-15,2022-03-16,0.08526359510966224,0.3614525876717668,44.42251554474667,0.27618899256210455,91,29,2.4548872486264735,Dec21-Mar22,Dec-Mar
2021-11-17,PHP,2021-12-15,2022-03-16,0.08057622855351446,0.3511068082070797,44.526018109593736,0.2705305796535652,91,28,2.3992660288084826,Dec21-Mar22,Dec-Mar
2021-11-18,PHP,2021-12-15,2022-03-16,0.0776459235254755,0.34801187402381506,44.59078526417121,0.27036595049833956,91,27,2.3944865667985833,Dec21-Mar22,Dec-Mar
2021-11-19,PHP,2021-12-15,2022-03-16,0.07744060011975192,0.35714564374139157,44.5522793271835,0.27970504362163967,91,26,2.479346608261919,Dec21-Mar22,Dec-Mar
2021-11-22,PHP,2021-12-15,2022-03-16,0.06652167350240773,0.33837649844079914,44.53908481428753,0.2718548249383914,91,23,2.4110638141717193,Dec21-Mar22,Dec-Mar
2021-11-23,PHP,2021-12-15,2022-03-16,0.0662291206420278,0.3488706102877078,44.710782961658694,0.28264148964568003,91,22,2.497134366144995,Dec21-Mar22,Dec-Mar
2021-11-24,PHP,2021-12-15,2022-03-16,0.0612693523238955,0.3354459158152383,44.61961759437781,0.2741765634913428,91,21,2.4275582044345834,Dec21-Mar22,Dec-Mar
2021-11-25,PHP,2021-12-15,2022-03-16,0.05996089608113139,0.34147801084519347,44.71733620241565,0.28151711476406205,91,20,2.4871846952608814,Dec21-Mar22,Dec-Mar
2021-11-26,PHP,2021-12-15,2022-03-16,0.05789639965768855,0.3438310272597702,44.44120301681306,0.28593462760208166,91,19,2.542006400539025,Dec21-Mar22,Dec-Mar
2021-11-29,PHP,2021-12-15,2022-03-16,0.04913872879908993,0.33723642756520456,44.33749056663753,0.28809769876611463,91,16,2.5677263131828187,Dec21-Mar22,Dec-Mar
2021-11-30,PHP,2021-12-15,2022-03-16,0.04449479183868076,0.32299555015207765,44.052108816344344,0.2785007583133969,91,15,2.498517236086893,Dec21-Mar22,Dec-Mar
2021-12-01,PHP,2021-12-15,2022-03-16,0.04158754636606762,0.32049294030350656,44.15833315542567,0.27890539393743896,91,14,2.4962985916613523,Dec21-Mar22,Dec-Mar
2021-12-02,PHP,2021-12-15,2022-03-16,0.04084783251168661,0.33541324070903544,44.38584316564735,0.29456540819734883,91,13,2.62300359666004,Dec21-Mar22,Dec-Mar
2021-12-03,PHP,2021-12-15,2022-03-16,0.03883562125035119,0.34195888599465907,44.330418492743284,0.3031232647443079,91,12,2.7027025434034275,Dec21-Mar22,Dec-Mar
2021-12-06,PHP,2021-12-15,2022-03-16,0.028147531267292317,0.32133124970612975,44.13035464339232,0.29318371843883745,91,9,2.6265557485462545,Dec21-Mar22,Dec-Mar
2021-12-07,PHP,2021-12-15,2022-03-16,0.02525170633559667,0.3211231096172317,44.39953910171763,0.295871403281635,91,8,2.634745725142239,Dec21-Mar22,Dec-Mar
2021-12-08,PHP,2021-12-15,2022-03-16,0.02241214696657045,0.3223769424344663,44.263979498468544,0.29996479546789584,91,7,2.679545278011047,Dec21-Mar22,Dec-Mar
2021-12-09,PHP,2021-12-15,2022-03-16,0.022464112619138464,0.31985782639473065,44.07124460082843,0.2973937137755922,91,6,2.6681870005382,Dec21-Mar22,Dec-Mar
2021-12-10,PHP,2021-12-15,2022-03-16,0.021618992003589084,0.30500540120216485,43.79846405187038,0.2833864091985758,91,5,2.558391069712444,Dec21-Mar22,Dec-Mar
2021-12-13,PHP,2021-12-15,2022-03-16,0.021825112966867805,0.2984788695750246,43.79993713944467,0.27665375660815683,91,2,2.497513485291972,Dec21-Mar22,Dec-Mar
2021-12-14,PHP,2021-12-15,2022-03-16,0.022544910425300792,0.30481012590535705,43.7430285623212,0.2822652154800563,91,1,2.55144286044068,Dec21-Mar22,Dec-Mar
2021-12-15,PHP,2022-03-16,2022-06-15,0.304288729468749,0.6000151200530301,44.03488569154964,0.29572639058428113,91,91,2.6385394301771896,Mar22-Jun22,Mar-Jun
2021-12-16,PHP,2022-03-16,2022-06-15,0.2976378786930565,0.5899017078777403,44.155233971864476,0.2922638291846838,91,90,2.6009760604517953,Mar22-Jun22,Mar-Jun
2021-12-17,PHP,2022-03-16,2022-06-15,0.2887717932402216,0.5752574207615536,44.13884470426657,0.286485627521332,91,89,2.551002787450499,Mar22-Jun22,Mar-Jun
2021-12-20,PHP,2022-03-16,2022-06-15,0.2772639839507309,0.561557358812313,44.18292441308739,0.28429337486158207,91,86,2.5296273540744707,Mar22-Jun22,Mar-Jun
2021-12-21,PHP,2022-03-16,2022-06-15,0.2672952345092965,0.5442478340431689,44.24526480189215,0.2769525995338724,91,85,2.4614101202012186,Mar22-Jun22,Mar-Jun
2021-12-22,PHP,2022-03-16,2022-06-15,0.26507733846191006,0.5429427883859129,44.157363000050914,0.27786544992400286,91,84,2.474532973399692,Mar22-Jun22,Mar-Jun
2021-12-23,PHP,2022-03-16,2022-06-15,0.26586083732790067,0.5478932256689182,44.34431196741346,0.2820323883410175,91,83,2.5010719644343564,Mar22-Jun22,Mar-Jun
2021-12-24,PHP,2022-03-16,2022-06-15,0.2683865750530098,0.5566702318199578,44.30308492563495,0.288283656766948,91,82,2.5587282169078804,Mar22-Jun22,Mar-Jun
2021-12-27,PHP,2022-03-16,2022-06-15,0.25286819267551236,0.5342143461889685,44.34495857568219,0.2813461535134561,91,79,2.4956771009137837,Mar22-Jun22,Mar-Jun
2021-12-28,PHP,2022-03-16,2022-06-15,0.2567895180389307,0.5463029002463132,44.40955079624228,0.28951338220738254,91,78,2.564185151092754,Mar22-Jun22,Mar-Jun
2021-12-29,PHP,2022-03-16,2022-06-15,0.2571585896503764,0.5508503117835906,44.486791116740314,0.29369172213321415,91,77,2.596680377815029,Mar22-Jun22,Mar-Jun
2021-12-30,PHP,2022-03-16,2022-06-15,0.2500652343124552,0.5391664168600278,44.321620341357374,0.28910118254757255,91,76,2.5659720316405448,Mar22-Jun22,Mar-Jun
2021-12-31,PHP,2022-03-16,2022-06-15,0.2412996303129673,0.5236402293046304,44.2354342665472,0.2823405989916631,91,75,2.5113170917113603,Mar22-Jun22,Mar-Jun
2022-01-03,PHP,2022-03-16,2022-06-15,0.21848236736350085,0.49461980389237,44.36143645869462,0.27613743652886913,91,72,2.4504572138856724,Mar22-Jun22,Mar-Jun
2022-01-04,PHP,2022-03-16,2022-06-15,0.21769285473310473,0.4967076403769432,44.40028022108628,0.27901478564383847,91,71,2.473879202261191,Mar22-Jun22,Mar-Jun
2022-01-05,PHP,2022-03-16,2022-06-15,0.21938519674223728,0.5045859525071458,44.35514723076848,0.2852007557649085,91,70,2.531191388126807,Mar22-Jun22,Mar-Jun
2022-01-06,PHP,2022-03-16,2022-06-15,0.21039327827620913,0.48786847136512257,44.62194288609298,0.27747519308891344,91,69,2.448465002017759,Mar22-Jun22,Mar-Jun
2022-01-07,PHP,2022-03-16,2022-06-15,0.2045262618801473,0.47823052410210914,44.71352144942787,0.27370426222196187,91,68,2.410581375365716,Mar22-Jun22,Mar-Jun
2022-01-10,PHP,2022-03-16,2022-06-15,0.18666083109785936,0.4479859946348624,44.6270232333366,0.261325163537003,91,65,2.3069155222460656,Mar22-Jun22,Mar-Jun
2022-01-11,PHP,2022-03-16,2022-06-15,0.18403459977483116,0.4457087963296693,44.70036566674424,0.26167419655483815,91,64,2.3063572590622528,Mar22-Jun22,Mar-Jun
2022-01-12,PHP,2022-03-16,2022-06-15,0.18301025395286064,0.44735839855143716,44.72576258054511,0.26434814459857653,91,63,2.32866055722478,Mar22-Jun22,Mar-Jun
2022-01-13,PHP,2022-03-16,2022-06-15,0.17738698060324437,0.43774529084349023,44.808354415510834,0.26035831024024586,91,62,2.2895897403631253,Mar22-Jun22,Mar-Jun
2022-01-14,PHP,2022-03-16,2022-06-15,0.18270828134660155,0.4552730945030071,44.663796145794535,0.27256481315640557,91,61,2.4043755371601985,Mar22-Jun22,Mar-Jun
2022-01-17,PHP,2022-03-16,2022-06-15,0.17393857961224293,0.4468422131417964,44.43822435339125,0.2729036335295535,91,58,2.420009923366347,Mar22-Jun22,Mar-Jun
2022-01-18,PHP,2022-03-16,2022-06-15,0.17224858867226694,0.4472419495350089,44.40071288150892,0.27499336086274195,91,57,2.440685535155761,Mar22-Jun22,Mar-Jun
2022-01-19,PHP,2022-03-16,2022-06-15,0.16666906873753923,0.4375063054360404,44.52617842815207,0.2708372366985012,91,56,2.3973500757303574,Mar22-Jun22,Mar-Jun
2022-01-20,PHP,2022-03-16,2022-06-15,0.15963254383792874,0.4237518436425018,44.28674743254771,0.26411929980457305,91,55,2.350849630997097,Mar22-Jun22,Mar-Jun
2022-01-21,PHP,2022-03-16,2022-06-15,0.1561462675191672,0.4192816442644304,44.060125498188334,0.2631353767452632,91,54,2.354280619384473,Mar22-Jun22,Mar-Jun
2022-01-24,PHP,2022-03-16,2022-06-15,0.1445444257934174,0.4024570286797111,44.17976879591681,0.2579126028862937,91,51,2.301927587083579,Mar22-Jun22,Mar-Jun
2022-01-25,PHP,2022-03-16,2022-06-15,0.14585636754449077,0.411314956475464,44.0172065325269,0.26545858893097324,91,50,2.377928018028465,Mar22-Jun22,Mar-Jun
2022-01-26,PHP,2022-03-16,2022-06-15,0.14050833907345595,0.4014523973527313,43.98136189377115,0.26094405827927536,91,49,2.339670007580194,Mar22-Jun22,Mar-Jun
2022-01-27,PHP,2022-03-16,2022-06-15,0.13296060483218913,0.3850317514932144,43.78531179811118,0.25207114666102526,91,48,2.2705914456110623,Mar22-Jun22,Mar-Jun
2022-01-28,PHP,2022-03-16,2022-06-15,0.1304315446662701,0.3829692162541548,43.70813697424385,0.2525376715878847,91,47,2.2789296345926195,Mar22-Jun22,Mar-Jun
2022-01-31,PHP,2022-03-16,2022-06-15,0.11781456108801502,0.36147649424731887,43.40028381344767,0.24366193315930385,91,44,2.2150262856083223,Mar22-Jun22,Mar-Jun
2022-02-01,PHP,2022-03-16,2022-06-15,0.11347394400975541,0.3536164766815634,43.36587592259831,0.24014253267180796,91,43,2.184978427414366,Mar22-Jun22,Mar-Jun
2022-02-02,PHP,2022-03-16,2022-06-15,0.10671563156211941,0.3379328332800448,43.49323218832067,0.2312172017179254,91,42,2.0979507066576484,Mar22-Jun22,Mar-Jun
2022-02-03,PHP,2022-03-16,2022-06-15,0.09501996361790578,0.30591793164789177,43.430373017131885,0.210897968029986,91,41,1.9168618009628557,Mar22-Jun22,Mar-Jun
2022-02-04,PHP,2022-03-16,2022-06-15,0.08868562174849857,0.29044541122633283,43.18351834659906,0.20175978947783424,91,40,1.8445341871662309,Mar22-Jun22,Mar-Jun
2022-02-07,PHP,2022-03-16,2022-06-15,0.08129561276170819,0.2812388765810446,43.246222345424364,0.1999432638193364,91,37,1.8255934742154727,Mar22-Jun22,Mar-Jun
2022-02-08,PHP,2022-03-16,2022-06-15,0.08154246346539151,0.28766369055846447,43.043791068200484,0.20612122709307296,91,36,1.8908251087616628,Mar22-Jun22,Mar-Jun
2022-02-09,PHP,2022-03-16,2022-06-15,0.07876914605059845,0.2835689257821545,43.13742068872519,0.20479977973155603,91,35,1.8747532670133942,Mar22-Jun22,Mar-Jun
2022-02-10,PHP,2022-03-16,2022-06-15,0.07454443470928908,0.2740604217253275,43.241680625850755,0.19951598701603845,91,34,1.8221671289810355,Mar22-Jun22,Mar-Jun
2022-02-11,PHP,2022-03-16,2022-06-15,0.07166846388774413,0.269299682487281,43.09693127232255,0.19763121859953686,91,33,1.81112612557244,Mar22-Jun22,Mar-Jun
2022-02-14,PHP,2022-03-16,2022-06-15,0.0636409287750969,0.25668507939289087,43.084024308900545,0.19304415061779395,91,30,1.7699477853423042,Mar22-Jun22,Mar-Jun
2022-02-15,PHP,2022-03-16,2022-06-15,0.06261084325825383,0.2590793514134641,43.17262209851805,0.19646850815521028,91,29,1.7976960024410409,Mar22-Jun22,Mar-Jun
2022-02-16,PHP,2022-03-16,2022-06-15,0.05952083054746364,0.25296352982672043,43.035135548964035,0.19344269927925678,91,28,1.7757835555880725,Mar22-Jun22,Mar-Jun
2022-02-17,PHP,2022-03-16,2022-06-15,0.05727016371061967,0.25029182658715265,43.08758822481154,0.193021662876533,91,27,1.7698567368838611,Mar22-Jun22,Mar-Jun
2022-02-18,PHP,2022-03-16,2022-06-15,0.055878211162692815,0.2514519502321177,43.2077747585863,0.19557373906942488,91,26,1.7883332897190012,Mar22-Jun22,Mar-Jun
2022-02-21,PHP,2022-03-16,2022-06-15,0.04951292758695367,0.24541190195272689,43.37153642638225,0.19589897436577322,91,23,1.7848139671089631,Mar22-Jun22,Mar-Jun
2022-02-22,PHP,2022-03-16,2022-06-15,0.04841001408224778,0.24865143596790903,43.223802873653725,0.20024142188566124,91,22,1.830652545677711,Mar22-Jun22,Mar-Jun
2022-02-23,PHP,2022-03-16,2022-06-15,0.04805692655060684,0.25630360826990317,43.22225385842879,0.20824668171929633,91,21,1.903922138844007,Mar22-Jun22,Mar-Jun
2022-02-24,PHP,2022-03-16,2022-06-15,0.04526021388758904,0.2511941870761191,43.30613930906733,0.20593397318853007,91,20,1.8792561692159746,Mar22-Jun22,Mar-Jun
2022-02-25,PHP,2022-03-16,2022-06-15,0.045260861769115396,0.2620365681369839,43.42782487332216,0.2167757063678685,91,19,1.9726555143094946,Mar22-Jun22,Mar-Jun
2022-02-28,PHP,2022-03-16,2022-06-15,0.03456265836206653,0.23113777779632,43.31448430866734,0.19657511943425346,91,16,1.793949042842798,Mar22-Jun22,Mar-Jun
2022-03-01,PHP,2022-03-16,2022-06-15,0.03088518209389035,0.2182552867968251,43.20159498029127,0.18737010470293475,91,15,1.7145543523508129,Mar22-Jun22,Mar-Jun
2022-03-02,PHP,2022-03-16,2022-06-15,0.028872566067508352,0.21654424550631263,43.287662766900894,0.18767167943880428,91,14,1.7139815256633661,Mar22-Jun22,Mar-Jun
2022-03-03,PHP,2022-03-16,2022-06-15,0.02681147713258874,0.21449181706070994,43.46051711209195,0.1876803399281212,91,13,1.707328774904115,Mar22-Jun22,Mar-Jun
2022-03-04,PHP,2022-03-16,2022-06-15,0.025678494470942784,0.22040707754225888,43.388612238009415,0.1947285830713161,91,12,1.7744268560673455,Mar22-Jun22,Mar-Jun
2022-03-07,PHP,2022-03-16,2022-06-15,0.018752164735478246,0.2083573859497583,43.28710273918945,0.18960522121428006,91,9,1.732067386923151,Mar22-Jun22,Mar-Jun
2022-03-08,PHP,2022-03-16,2022-06-15,0.01753274382689678,0.2169677048578476,43.495857647642,0.19943496103095082,91,8,1.813173979578108,Mar22-Jun22,Mar-Jun
2022-03-09,PHP,2022-03-16,2022-06-15,0.015693120849901702,0.21970369189862382,43.18423488884072,0.2040105710487221,91,7,1.8682317859079276,Mar22-Jun22,Mar-Jun
2022-03-10,PHP,2022-03-16,2022-06-15,0.01570116459559465,0.2175732808246687,43.012786122635035,0.20187211622907406,91,6,1.856014504927283,Mar22-Jun22,Mar-Jun
2022-03-11,PHP,2022-03-16,2022-06-15,0.016254457881612817,0.22291827951926146,42.95989975386286,0.20666382163764865,91,5,1.902383257688403,Mar22-Jun22,Mar-Jun
2022-03-14,PHP,2022-03-16,2022-06-15,0.017718947365610655,0.23540887214311298,42.78809969038787,0.21768992477750232,91,2,2.0118547866017056,Mar22-Jun22,Mar-Jun
2022-03-15,PHP,2022-03-16,2022-06-15,0.018351288199324352,0.24118835919112006,42.86962182752221,0.2228370709917957,91,1,2.055478922962827,Mar22-Jun22,Mar-Jun
2022-03-16,PHP,2022-06-15,2022-09-21,0.2460106476238678,0.5109451912188023,42.9236746057386,0.2649345435949345,98,91,2.2544267579042994,Jun22-Sep22,Jun-Sep
2022-03-17,PHP,2022-06-15,2022-09-21,0.22952532453461383,0.4794529001389711,42.608750503228435,0.2499275756043573,98,90,2.143179855860247,Jun22-Sep22,Jun-Sep
2022-03-18,PHP,2022-06-15,2022-09-21,0.2226289216440172,0.46777088030821595,42.35266368924031,0.24514195866419874,98,89,2.115126932978607,Jun22-Sep22,Jun-Sep
2022-03-21,PHP,2022-06-15,2022-09-21,0.22145423239844625,0.47380905536411755,42.644789442783,0.2523548229656713,98,86,2.1625821101592786,Jun22-Sep22,Jun-Sep
2022-03-22,PHP,2022-06-15,2022-09-21,0.2142866875736531,0.46134663324680614,42.58685738151808,0.24705994567315304,98,85,2.120427308918965,Jun22-Sep22,Jun-Sep
2022-03-23,PHP,2022-06-15,2022-09-21,0.20162218105376956,0.4368480589498341,42.34652442317448,0.23522587789606453,98,84,2.030864163594727,Jun22-Sep22,Jun-Sep
2022-03-24,PHP,2022-06-15,2022-09-21,0.20631064073413985,0.4499063370226423,42.31929018403709,0.24359569628850247,98,83,2.104241482658701,Jun22-Sep22,Jun-Sep
2022-03-25,PHP,2022-06-15,2022-09-21,0.21291785336091387,0.4673806537190792,42.23593473286715,0.2544628003581654,98,82,2.202088514735089,Jun22-Sep22,Jun-Sep
2022-03-28,PHP,2022-06-15,2022-09-21,0.20328808178435687,0.4554682338712806,42.1700988455115,0.25218015208692374,98,79,2.1862214377156226,Jun22-Sep22,Jun-Sep
2022-03-29,PHP,2022-06-15,2022-09-21,0.20478944927226167,0.4620890137425392,42.13209323993545,0.2572995644702775,98,78,2.2325263777751525,Jun22-Sep22,Jun-Sep
2022-03-30,PHP,2022-06-15,2022-09-21,0.21052295343738764,0.47846125781224463,42.234951248528596,0.267938304374857,98,77,2.31888835602275,Jun22-Sep22,Jun-Sep
2022-03-31,PHP,2022-06-15,2022-09-21,0.19832263182789367,0.4540544465533355,41.954954634121414,0.2557318147254418,98,76,2.2285882707103766,Jun22-Sep22,Jun-Sep
2022-04-01,PHP,2022-06-15,2022-09-21,0.19611464461318792,0.45237111357442017,41.969725820501665,0.2562564689612322,98,75,2.232495033324689,Jun22-Sep22,Jun-Sep
2022-04-04,PHP,2022-06-15,2022-09-21,0.183737016143109,0.43382351033789623,41.926375393577565,0.25008649419478723,98,72,2.1816258094420204,Jun22-Sep22,Jun-Sep
2022-04-05,PHP,2022-06-15,2022-09-21,0.18970249620807605,0.45154537829809654,41.790227300619385,0.2618428820900205,98,71,2.2912658892344098,Jun22-Sep22,Jun-Sep
2022-04-06,PHP,2022-06-15,2022-09-21,0.18871034552002888,0.4529048292480693,41.7117729234724,0.26419448372804044,98,70,2.3162270997168126,Jun22-Sep22,Jun-Sep
2022-04-07,PHP,2022-06-15,2022-09-21,0.18463938693492396,0.44688083504539566,41.7260744639592,0.2622414481104717,98,69,2.298543363545747,Jun22-Sep22,Jun-Sep
2022-04-08,PHP,2022-06-15,2022-09-21,0.17722338941972826,0.43263356828933663,41.98953243280669,0.2554101788696084,98,68,2.225073888430411,Jun22-Sep22,Jun-Sep
2022-04-11,PHP,2022-06-15,2022-09-21,0.166574382165919,0.41771729681607384,42.228759947525845,0.2511429146501548,98,65,2.1761022138532646,Jun22-Sep22,Jun-Sep
2022-04-12,PHP,2022-06-15,2022-09-21,0.16029830651280244,0.4057550883605312,42.454544345374,0.24545678184772876,98,64,2.1158777506235618,Jun22-Sep22,Jun-Sep
2022-04-13,PHP,2022-06-15,2022-09-21,0.1474647027551373,0.37685424037423976,42.65680300103107,0.22938953761910247,98,63,1.968624834669349,Jun22-Sep22,Jun-Sep
2022-04-14,PHP,2022-06-15,2022-09-21,0.15008460564741766,0.38731511134817453,42.68626301220427,0.23723050570075688,98,62,2.034391466582951,Jun22-Sep22,Jun-Sep
2022-04-15,PHP,2022-06-15,2022-09-21,0.14298121976865508,0.372688753167478,42.523677548103514,0.22970753339882294,98,61,1.9777119100610152,Jun22-Sep22,Jun-Sep
2022-04-18,PHP,2022-06-15,2022-09-21,0.13601573158654937,0.3658354159914087,42.57080807352468,0.2298196844048593,98,58,1.9768165837323473,Jun22-Sep22,Jun-Sep
2022-04-19,PHP,2022-06-15,2022-09-21,0.1368262778707227,0.37207145736775477,42.36357874404759,0.23524517949703205,98,57,2.033312306208909,Jun22-Sep22,Jun-Sep
2022-04-20,PHP,2022-06-15,2022-09-21,0.13018528222460404,0.3580095261176612,42.47450284469346,0.22782424389305714,98,56,1.9643504565424752,Jun22-Sep22,Jun-Sep
2022-04-21,PHP,2022-06-15,2022-09-21,0.1293432725049958,0.359809467150261,42.34014061401075,0.23046619464526522,98,55,1.9934560853248513,Jun22-Sep22,Jun-Sep
2022-04-22,PHP,2022-06-15,2022-09-21,0.12987013915259588,0.36556039168878846,42.158368801400776,0.23569025253619258,98,54,2.0473799556918486,Jun22-Sep22,Jun-Sep
2022-04-25,PHP,2022-06-15,2022-09-21,0.12229512222128673,0.3572935923719946,41.921592120107,0.23499847015070785,98,51,2.0532347099409347,Jun22-Sep22,Jun-Sep
2022-04-26,PHP,2022-06-15,2022-09-21,0.12015143945646846,0.35564826079114664,41.940431243386506,0.2354968213346782,98,50,2.0567721817117097,Jun22-Sep22,Jun-Sep
2022-04-27,PHP,2022-06-15,2022-09-21,0.11311341444272555,0.3393402433281767,41.80611777297423,0.22622682888545115,98,49,1.982472738786956,Jun22-Sep22,Jun-Sep
2022-04-28,PHP,2022-06-15,2022-09-21,0.1134047801456281,0.3449395396096187,41.48148376329707,0.2315347594639906,98,48,2.0448085831601315,Jun22-Sep22,Jun-Sep
2022-04-29,PHP,2022-06-15,2022-09-21,0.11342698596138723,0.34993431839151384,41.28123266414569,0.23650733243012662,98,47,2.0988273680839957,Jun22-Sep22,Jun-Sep
2022-05-02,PHP,2022-06-15,2022-09-21,0.10428492393168326,0.33655589087043236,41.3567729632059,0.2322709669387491,98,44,2.057931780313993,Jun22-Sep22,Jun-Sep
2022-05-03,PHP,2022-06-15,2022-09-21,0.10452735049621116,0.34275247488292493,41.36797004873726,0.23822512438671378,98,43,2.110103699337237,Jun22-Sep22,Jun-Sep
2022-05-04,PHP,2022-06-15,2022-09-21,0.1024155250359585,0.341385083453195,41.32931760464878,0.23896955841723652,98,42,2.118780198509513,Jun22-Sep22,Jun-Sep
2022-05-05,PHP,2022-06-15,2022-09-21,0.10075066605516787,0.3415693312602033,41.37932898526291,0.24081866520503542,98,41,2.1326863450287976,Jun22-Sep22,Jun-Sep
2022-05-06,PHP,2022-06-15,2022-09-21,0.10238146221557379,0.3532160446437296,41.40730783848668,0.2508345824281558,98,40,2.219802594197137,Jun22-Sep22,Jun-Sep
2022-05-09,PHP,2022-06-15,2022-09-21,0.09151002609294973,0.3338879330418436,41.37644566335146,0.24237790694889388,98,37,2.147122535079678,Jun22-Sep22,Jun-Sep
2022-05-10,PHP,2022-06-15,2022-09-21,0.08833019107765137,0.328784600122369,41.34669002295123,0.2404544090447176,98,36,2.1317762274855907,Jun22-Sep22,Jun-Sep
2022-05-11,PHP,2022-06-15,2022-09-21,0.08437056215459401,0.32060813618745726,41.6994618698886,0.23623757403286325,98,35,2.076907372866438,Jun22-Sep22,Jun-Sep
2022-05-12,PHP,2022-06-15,2022-09-21,0.08233034482029994,0.31963545636116447,41.847862824761826,0.23730511154086453,98,34,2.0790103667720676,Jun22-Sep22,Jun-Sep
2022-05-13,PHP,2022-06-15,2022-09-21,0.07964791291136061,0.3161780785269164,41.98367154982979,0.23653016561555576,98,33,2.0656627526484637,Jun22-Sep22,Jun-Sep
2022-05-16,PHP,2022-06-15,2022-09-21,0.07034607652598321,0.30014325984419504,41.81719233872033,0.22979718331821183,98,30,2.015284139983162,Jun22-Sep22,Jun-Sep
2022-05-17,PHP,2022-06-15,2022-09-21,0.06546548309882697,0.2866936673638285,41.93038741476357,0.22122818426500154,98,29,1.9351314630580652,Jun22-Sep22,Jun-Sep
2022-05-18,PHP,2022-06-15,2022-09-21,0.061501708786219314,0.2767576895379869,42.05155388260465,0.2152559807517676,98,28,1.8776511101333895,Jun22-Sep22,Jun-Sep
2022-05-19,PHP,2022-06-15,2022-09-21,0.05944827063282021,0.2752234751519454,42.199182921991266,0.21577520451912519,98,27,1.875696363246013,Jun22-Sep22,Jun-Sep
2022-05-20,PHP,2022-06-15,2022-09-21,0.05815831122149073,0.27737040736403273,42.152947218564165,0.219212096142542,98,26,1.9077181573390063,Jun22-Sep22,Jun-Sep
2022-05-23,PHP,2022-06-15,2022-09-21,0.0504190955826954,0.2652482854567889,42.14141681592039,0.2148291898740935,98,23,1.870429279858778,Jun22-Sep22,Jun-Sep
2022-05-24,PHP,2022-06-15,2022-09-21,0.04968299416350784,0.27099814998277,42.402534583187126,0.22131515581926214,98,22,1.915081228600116,Jun22-Sep22,Jun-Sep
2022-05-25,PHP,2022-06-15,2022-09-21,0.04882048004892753,0.27664938694392266,42.50312485242863,0.22782890689499513,98,21,1.9668255084114814,Jun22-Sep22,Jun-Sep
2022-05-26,PHP,2022-06-15,2022-09-21,0.04573618931031315,0.26984351693084757,42.65022923910473,0.22410732762053442,98,20,1.9281714310124265,Jun22-Sep22,Jun-Sep
2022-05-27,PHP,2022-06-15,2022-09-21,0.04246320527091496,0.26148394824721316,42.613924756959534,0.2190207429762982,98,19,1.88615593828337,Jun22-Sep22,Jun-Sep
2022-05-30,PHP,2022-06-15,2022-09-21,0.03683596418193155,0.2624562447962623,42.489646899766115,0.22562028061433073,98,16,1.9489248540609156,Jun22-Sep22,Jun-Sep
2022-05-31,PHP,2022-06-15,2022-09-21,0.034550203958263644,0.26027820315225275,42.76300459107218,0.22572799919398912,98,15,1.9375053060148817,Jun22-Sep22,Jun-Sep
2022-06-01,PHP,2022-06-15,2022-09-21,0.03356898137623227,0.2685518510098582,42.77214795276243,0.2349828696336259,98,14,2.016558628311504,Jun22-Sep22,Jun-Sep
2022-06-02,PHP,2022-06-15,2022-09-21,0.03217695099774756,0.27474165851922916,43.15312853572185,0.2425647075214816,98,13,2.0633269061948973,Jun22-Sep22,Jun-Sep
2022-06-03,PHP,2022-06-15,2022-09-21,0.029487141867225387,0.27029880044956606,43.09410547560953,0.24081165858234066,98,12,2.05134637984277,Jun22-Sep22,Jun-Sep
2022-06-06,PHP,2022-06-15,2022-09-21,0.022112185026848925,0.26288931087475953,43.13944684566821,0.2407771258479106,98,9,2.049248036765679,Jun22-Sep22,Jun-Sep
2022-06-07,PHP,2022-06-15,2022-09-21,0.01987436816413621,0.26333537817480485,43.352321493705695,0.24346101001066864,98,8,2.062027410911762,Jun22-Sep22,Jun-Sep
2022-06-08,PHP,2022-06-15,2022-09-21,0.017035781327092565,0.2555367199063885,43.59478626135826,0.2385009385792959,98,7,2.0089183523778718,Jun22-Sep22,Jun-Sep
2022-06-09,PHP,2022-06-15,2022-09-21,0.016702727886965016,0.24815481432062308,43.51296119039657,0.23145208643365806,98,6,1.953224715546151,Jun22-Sep22,Jun-Sep
2022-06-10,PHP,2022-06-15,2022-09-21,0.017359294344625614,0.2554296167852055,43.66384257331699,0.23807032244057988,98,5,2.002106178918832,Jun22-Sep22,Jun-Sep
2022-06-13,PHP,2022-06-15,2022-09-21,0.01688712953014062,0.2412447075734374,43.768175779108745,0.22435757804329678,98,2,1.8823101763554375,Jun22-Sep22,Jun-Sep
2022-06-14,PHP,2022-06-15,2022-09-21,0.017336785319683544,0.24519167809266723,43.930939222121175,0.22785489277298368,98,1,1.9045524636962698,Jun22-Sep22,Jun-Sep
2022-06-15,PHP,2022-09-21,2022-12-21,0.23401080013763703,0.4519649531797331,44.01941524928227,0.2179541530420961,91,98,1.9484055514118888,Sep22-Dec22,Sep-Dec
2022-06-16,PHP,2022-09-21,2022-12-21,0.24435838565055779,0.47416331603841255,43.796721307728376,0.22980493038785477,91,97,2.0642509499299644,Sep22-Dec22,Sep-Dec
2022-06-17,PHP,2022-09-21,2022-12-21,0.2553796046191923,0.4979265815821526,43.84162389524249,0.2425469769629603,91,96,2.1759449080798654,Sep22-Dec22,Sep-Dec
2022-06-20,PHP,2022-09-21,2022-12-21,0.2472341602942216,0.48933906510263075,43.90031328436279,0.24210490480840915,91,93,2.1694923066713336,Sep22-Dec22,Sep-Dec
2022-06-21,PHP,2022-09-21,2022-12-21,0.2507098648007222,0.4987874085947262,43.423950668252814,0.24807754379400399,91,92,2.2470825320181893,Sep22-Dec22,Sep-Dec
2022-06-22,PHP,2022-09-21,2022-12-21,0.2507738961451825,0.501547792290365,43.4146360722886,0.2507738961451825,91,91,2.2719872706930415,Sep22-Dec22,Sep-Dec
2022-06-23,PHP,2022-09-21,2022-12-21,0.24758673094163636,0.497924425560402,43.47498010358935,0.25033769461876565,91,90,2.2650704097829863,Sep22-Dec22,Sep-Dec
2022-06-24,PHP,2022-09-21,2022-12-21,0.2548303651726679,0.5153872554053957,43.67907672956083,0.26055689023272777,91,89,2.3461935870810526,Sep22-Dec22,Sep-Dec
2022-06-27,PHP,2022-09-21,2022-12-21,0.2515127778017002,0.517648391522104,43.627803037332576,0.26613561372040373,91,86,2.399408848083043,Sep22-Dec22,Sep-Dec
2022-06-28,PHP,2022-09-21,2022-12-21,0.2429193542138619,0.502985956960467,43.85588324600705,0.2600666027466051,91,85,2.333022330088024,Sep22-Dec22,Sep-Dec
2022-06-29,PHP,2022-09-21,2022-12-21,0.24555916040729053,0.5115815841818553,43.93662396802997,0.26602242377456475,91,84,2.3819474892995394,Sep22-Dec22,Sep-Dec
2022-06-30,PHP,2022-09-21,2022-12-21,0.24987509972904934,0.5238345464199348,43.9238821014813,0.27395944669088546,91,83,2.453482977112281,Sep22-Dec22,Sep-Dec
2022-07-01,PHP,2022-09-21,2022-12-21,0.2516832497446427,0.5309902708027218,43.85338017102839,0.2793070210580791,91,82,2.5052698416867596,Sep22-Dec22,Sep-Dec
2022-07-04,PHP,2022-09-21,2022-12-21,0.2434030762458825,0.5289146639168024,44.021933558122726,0.2855115876709199,91,79,2.5516498385987214,Sep22-Dec22,Sep-Dec
2022-07-05,PHP,2022-09-21,2022-12-21,0.23220523210221483,0.5079459918781628,43.87754713641319,0.275740759775948,91,78,2.473019020902961,Sep22-Dec22,Sep-Dec
2022-07-06,PHP,2022-09-21,2022-12-21,0.23248901121736262,0.5117690892674692,43.58896894764184,0.2792800780501066,91,77,2.521240315305929,Sep22-Dec22,Sep-Dec
2022-07-07,PHP,2022-09-21,2022-12-21,0.22361303716711017,0.4955971174582747,43.579450816440314,0.27198408029116455,91,76,2.4564057449772005,Sep22-Dec22,Sep-Dec
2022-07-08,PHP,2022-09-21,2022-12-21,0.22380629621061837,0.4993080549951517,43.531927886752214,0.2755017587845333,91,75,2.4908668271035643,Sep22-Dec22,Sep-Dec
2022-07-11,PHP,2022-09-21,2022-12-21,0.2130899312510694,0.4855184608953207,43.57215400106113,0.2724285296442513,91,72,2.4614211121426415,Sep22-Dec22,Sep-Dec
2022-07-12,PHP,2022-09-21,2022-12-21,0.21094462832677804,0.4841379560279859,43.627021362751194,0.27319332770120786,91,71,2.465362587999281,Sep22-Dec22,Sep-Dec
2022-07-13,PHP,2022-09-21,2022-12-21,0.20720311002170108,0.4791115884664992,43.61889285577255,0.27190847844479815,91,70,2.454432385645786,Sep22-Dec22,Sep-Dec
2022-07-14,PHP,2022-09-21,2022-12-21,0.21151642384835806,0.49273658023297184,43.657328665836985,0.2812201563846138,91,69,2.5360122832243484,Sep22-Dec22,Sep-Dec
2022-07-15,PHP,2022-09-21,2022-12-21,0.20890211884351947,0.4904558999866873,43.94041032807708,0.28155378114316787,91,68,2.5228912353547726,Sep22-Dec22,Sep-Dec
2022-07-18,PHP,2022-09-21,2022-12-21,0.19398369789301548,0.466702268796787,44.025191494064536,0.2727185709037715,91,65,2.439861552010661,Sep22-Dec22,Sep-Dec
2022-07-19,PHP,2022-09-21,2022-12-21,0.20303360334095258,0.4925867101215584,44.47039012400279,0.28955310678060586,91,64,2.5641303541551292,Sep22-Dec22,Sep-Dec
2022-07-20,PHP,2022-09-21,2022-12-21,0.2025795418983664,0.49576962832827387,44.371998774890756,0.29319008642990746,91,63,2.6020949904447632,Sep22-Dec22,Sep-Dec
2022-07-21,PHP,2022-09-21,2022-12-21,0.19343573225576294,0.4776378980052525,44.500581772913094,0.2842021657494896,91,62,2.5155855813987835,Sep22-Dec22,Sep-Dec
2022-07-22,PHP,2022-09-21,2022-12-21,0.19000851950315822,0.47346385187672213,44.68464851586479,0.2834553323735639,91,61,2.4988753753841,Sep22-Dec22,Sep-Dec
2022-07-25,PHP,2022-09-21,2022-12-21,0.1819761404295911,0.4674904297242944,44.63825458194192,0.2855142892947033,91,58,2.520083141751237,Sep22-Dec22,Sep-Dec
2022-07-26,PHP,2022-09-21,2022-12-21,0.1681853060101866,0.43669167174574763,44.50139018264876,0.268506365735561,91,57,2.377956301817051,Sep22-Dec22,Sep-Dec
2022-07-27,PHP,2022-09-21,2022-12-21,0.16106425651523246,0.4227936733524852,44.64744986727275,0.2617294168372527,91,56,2.3107507531659888,Sep22-Dec22,Sep-Dec
2022-07-28,PHP,2022-09-21,2022-12-21,0.1552587137146117,0.41214131276969646,44.56606213105838,0.25688259905508476,91,55,2.2723811242787426,Sep22-Dec22,Sep-Dec
2022-07-29,PHP,2022-09-21,2022-12-21,0.15642919097540003,0.4200413461376482,44.265113575368616,0.2636121551622482,91,54,2.3476475786866735,Sep22-Dec22,Sep-Dec
2022-08-01,PHP,2022-09-21,2022-12-21,0.14513277992829263,0.4040951911728932,44.5356105021674,0.2589624112446006,91,51,2.2928595331969808,Sep22-Dec22,Sep-Dec
2022-08-02,PHP,2022-09-21,2022-12-21,0.14358437513213826,0.4104187536727981,44.74948168557693,0.26683437854065983,91,50,2.3513843520133975,Sep22-Dec22,Sep-Dec
2022-08-03,PHP,2022-09-21,2022-12-21,0.13647223256810134,0.39512115570693473,44.57563908553019,0.25864892313883336,91,49,2.28847728044202,Sep22-Dec22,Sep-Dec
2022-08-04,PHP,2022-09-21,2022-12-21,0.12965129277722054,0.38035900986473237,44.56565120297178,0.2507077170875118,91,48,2.2190491920532125,Sep22-Dec22,Sep-Dec
2022-08-05,PHP,2022-09-21,2022-12-21,0.12760537093538454,0.37926334973138787,44.28251294748009,0.2516579787960033,91,47,2.24176395763693,Sep22-Dec22,Sep-Dec
2022-08-08,PHP,2022-09-21,2022-12-21,0.118370119365375,0.3669077272142285,44.22871971739813,0.24853760784885348,91,44,2.2171143698475526,Sep22-Dec22,Sep-Dec
2022-08-09,PHP,2022-09-21,2022-12-21,0.11832082997070067,0.37215711911751537,44.182197801111684,0.25383628914681466,91,43,2.2667624410142446,Sep22-Dec22,Sep-Dec
2022-08-10,PHP,2022-09-21,2022-12-21,0.11589176977661252,0.37014906609635456,44.30050322140407,0.25425729631974203,91,42,2.264598557774707,Sep22-Dec22,Sep-Dec
2022-08-11,PHP,2022-09-21,2022-12-21,0.1132167456204427,0.3673774812035627,44.353871792141064,0.25416073558311997,91,41,2.2611578021651346,Sep22-Dec22,Sep-Dec
2022-08-12,PHP,2022-09-21,2022-12-21,0.10650842342624997,0.35140078470246844,44.326251111424874,0.24489236127621847,91,40,2.1803843737147104,Sep22-Dec22,Sep-Dec
2022-08-15,PHP,2022-09-21,2022-12-21,0.10151210078634965,0.35289367531466553,44.14314856438818,0.2513815745283159,91,37,2.247675863307784,Sep22-Dec22,Sep-Dec
2022-08-16,PHP,2022-09-21,2022-12-21,0.10142938929223193,0.35925254076045343,44.193451939601545,0.2578231514682215,91,36,2.3026582067592836,Sep22-Dec22,Sep-Dec
2022-08-17,PHP,2022-09-21,2022-12-21,0.1064902518936397,0.3845098533368914,44.1622229061302,0.2780196014432517,91,35,2.4845035816270933,Sep22-Dec22,Sep-Dec
2022-08-18,PHP,2022-09-21,2022-12-21,0.10066169579181053,0.3709346843812209,43.9673369523939,0.2702729885894104,91,34,2.426277243781869,Sep22-Dec22,Sep-Dec
2022-08-19,PHP,2022-09-21,2022-12-21,0.09341201535457584,0.35157376465442425,44.05167965126151,0.2581617492998484,91,33,2.3135057362940343,Sep22-Dec22,Sep-Dec
2022-08-22,PHP,2022-09-21,2022-12-21,0.08451157899651571,0.34086336861928,43.789174166360084,0.2563517896227643,91,30,2.3114970414025597,Sep22-Dec22,Sep-Dec
2022-08-23,PHP,2022-09-21,2022-12-21,0.07879265682657399,0.32603857997203034,43.99974578099214,0.24724592314545635,91,29,2.2190294292445922,Sep22-Dec22,Sep-Dec
2022-08-24,PHP,2022-09-21,2022-12-21,0.07753015146811715,0.32950314373949796,43.827743206692695,0.2519729922713808,91,28,2.2703792891344117,Sep22-Dec22,Sep-Dec
2022-08-25,PHP,2022-09-21,2022-12-21,0.07526351593655861,0.3289294400190339,44.15135435751903,0.2536659240824753,91,27,2.2690261975087664,Sep22-Dec22,Sep-Dec
2022-08-26,PHP,2022-09-21,2022-12-21,0.07321530426119034,0.32946886917535656,44.18854783970944,0.25625356491416623,91,26,2.2903524276607943,Sep22-Dec22,Sep-Dec
2022-08-29,PHP,2022-09-21,2022-12-21,0.06309738738840251,0.3127435722729515,44.26909009139721,0.249646184884549,91,23,2.2277521977333783,Sep22-Dec22,Sep-Dec
2022-08-30,PHP,2022-09-21,2022-12-21,0.06109568013498023,0.3138096297842166,44.55100850662965,0.2527139496492364,91,22,2.2409781187018187,Sep22-Dec22,Sep-Dec
2022-08-31,PHP,2022-09-21,2022-12-21,0.057961547668427135,0.3091282542316114,44.64328319025239,0.25116670656318424,91,21,2.222816248818726,Sep22-Dec22,Sep-Dec
2022-09-01,PHP,2022-09-21,2022-12-21,0.05370635391228462,0.3036603411465794,44.56089898338665,0.2499539872342948,91,20,2.2163794860707755,Sep22-Dec22,Sep-Dec
2022-09-02,PHP,2022-09-21,2022-12-21,0.049979006138755395,0.2946871875798638,44.766257162571776,0.2447081814411084,91,19,2.1601017955641617,Sep22-Dec22,Sep-Dec
2022-09-05,PHP,2022-09-21,2022-12-21,0.04291203603357738,0.2914785819855571,44.88254078826222,0.24856654595197972,91,16,2.1888264223711498,Sep22-Dec22,Sep-Dec
2022-09-06,PHP,2022-09-21,2022-12-21,0.040127617631959774,0.28777814508970584,44.74253549927742,0.24765052745774607,91,15,2.187713512710634,Sep22-Dec22,Sep-Dec
2022-09-07,PHP,2022-09-21,2022-12-21,0.03660754728238792,0.27849478389800103,44.84702118961419,0.24188723661561312,91,14,2.1319945988920614,Sep22-Dec22,Sep-Dec
2022-09-08,PHP,2022-09-21,2022-12-21,0.033371582701321796,0.2706181683905661,44.70753369748085,0.23724658568924434,91,13,2.097762473804344,Sep22-Dec22,Sep-Dec
2022-09-09,PHP,2022-09-21,2022-12-21,0.031439003399672656,0.27322408922239516,44.8079762705791,0.2417850858227225,91,12,2.1331955860397707,Sep22-Dec22,Sep-Dec
2022-09-12,PHP,2022-09-21,2022-12-21,0.024151633566022932,0.2708610620547717,44.45538149906138,0.24670942848874874,91,9,2.194252670237746,Sep22-Dec22,Sep-Dec
2022-09-13,PHP,2022-09-21,2022-12-21,0.021211680884840094,0.2647187863616351,44.325834276796556,0.243507105476795,91,8,2.1722412216463662,Sep22-Dec22,Sep-Dec
2022-09-14,PHP,2022-09-21,2022-12-21,0.018558468318082933,0.2617677638431026,44.39419279948455,0.24320929552501963,91,7,2.166374827386504,Sep22-Dec22,Sep-Dec
2022-09-15,PHP,2022-09-21,2022-12-21,0.018341071461052683,0.25583076344198846,44.53148369707111,0.23748969198093578,91,6,2.1089188688516893,Sep22-Dec22,Sep-Dec
2022-09-16,PHP,2022-09-21,2022-12-21,0.018470582457843623,0.25470136595551557,44.33774955491024,0.23623078349767196,91,5,2.1068958545009258,Sep22-Dec22,Sep-Dec
2022-09-19,PHP,2022-09-21,2022-12-21,0.01919415286953103,0.25556446450165254,44.35570065329881,0.23637031163212152,91,2,2.107253091652435,Sep22-Dec22,Sep-Dec
2022-09-20,PHP,2022-09-21,2022-12-21,0.01972549663708582,0.2595273532902988,44.31618736610596,0.239801856653213,91,1,2.139725167265636,Sep22-Dec22,Sep-Dec
2022-09-21,PHP,2022-12-21,2023-03-15,0.25804650015282815,0.5048712532020405,44.372487483622294,0.24682475304921236,84,91,2.3701718885896623,Dec22-Mar23,Dec-Mar
2022-09-22,PHP,2022-12-21,2023-03-15,0.25420225210326386,0.5000628566601182,44.25515619672749,0.24586060455685432,84,90,2.367341031111517,Dec22-Mar23,Dec-Mar
2022-09-23,PHP,2022-12-21,2023-03-15,0.2555453158463339,0.505355602575466,44.33888212010535,0.24981028672913208,84,89,2.40078318325998,Dec22-Mar23,Dec-Mar
2022-09-26,PHP,2022-12-21,2023-03-15,0.2500400089046242,0.5028746338461769,44.27742839113565,0.25283462494155273,84,86,2.4335022918891953,Dec22-Mar23,Dec-Mar
2022-09-27,PHP,2022-12-21,2023-03-15,0.2513160418809599,0.5083057970283212,44.38477328219008,0.25698975514736133,84,85,2.46747571661321,Dec22-Mar23,Dec-Mar
2022-09-28,PHP,2022-12-21,2023-03-15,0.2615139796037466,0.5316567852515466,44.37681965513264,0.27014280564779997,84,84,2.593633738260318,Dec22-Mar23,Dec-Mar
2022-09-29,PHP,2022-12-21,2023-03-15,0.24761961859473783,0.5068102833899644,44.16519755189285,0.25919066479522657,84,83,2.501118383399519,Dec22-Mar23,Dec-Mar
2022-09-30,PHP,2022-12-21,2023-03-15,0.2447040739376789,0.503918111897004,43.92808443969827,0.25921403795932507,84,82,2.5149358755040145,Dec22-Mar23,Dec-Mar
2022-10-03,PHP,2022-12-21,2023-03-15,0.2352776852262093,0.4834150040636026,43.89958473031869,0.24813731883739332,84,79,2.409536574845455,Dec22-Mar23,Dec-Mar
2022-10-04,PHP,2022-12-21,2023-03-15,0.22982679252157248,0.4758217216292664,43.917801768433414,0.2459949291076939,84,78,2.388042158220305,Dec22-Mar23,Dec-Mar
2022-10-05,PHP,2022-12-21,2023-03-15,0.2164714922707982,0.4516464088557165,43.58094285983348,0.2351749165849183,84,77,2.3012602788530234,Dec22-Mar23,Dec-Mar
2022-10-06,PHP,2022-12-21,2023-03-15,0.21703806088193056,0.45647467930531,43.732432163992925,0.23943661842337943,84,76,2.33485621294105,Dec22-Mar23,Dec-Mar
2022-10-07,PHP,2022-12-21,2023-03-15,0.21288553975821561,0.45140871709245256,44.05474528493136,0.23852317733423695,84,75,2.3092317558706426,Dec22-Mar23,Dec-Mar
2022-10-10,PHP,2022-12-21,2023-03-15,0.2085864511911063,0.4536920247650746,43.90172106004363,0.24510557357396828,84,72,2.381421752515798,Dec22-Mar23,Dec-Mar
2022-10-11,PHP,2022-12-21,2023-03-15,0.20963096986012814,0.45996970941004833,43.90467068400618,0.2503387395499202,84,71,2.4320464614286306,Dec22-Mar23,Dec-Mar
2022-10-12,PHP,2022-12-21,2023-03-15,0.1971646833733338,0.4366582165333461,43.8037277447168,0.2394935331600123,84,70,2.332681906571527,Dec22-Mar23,Dec-Mar
2022-10-13,PHP,2022-12-21,2023-03-15,0.19838170690959195,0.443401675278191,44.191082740597935,0.24501996836859907,84,69,2.365618940873488,Dec22-Mar23,Dec-Mar
2022-10-14,PHP,2022-12-21,2023-03-15,0.19811298949190712,0.4469747759276927,44.43782042422082,0.24886178643578558,84,68,2.389443732274645,Dec22-Mar23,Dec-Mar
2022-10-17,PHP,2022-12-21,2023-03-15,0.1963965064416501,0.4562112351415222,44.51391541934101,0.2598147286998721,84,65,2.490458344992952,Dec22-Mar23,Dec-Mar
2022-10-18,PHP,2022-12-21,2023-03-15,0.19379962750679047,0.45483007861066566,44.611166558636185,0.2610304511038752,84,64,2.4968257506425524,Dec22-Mar23,Dec-Mar
2022-10-19,PHP,2022-12-21,2023-03-15,0.18851341142377961,0.4471975908736957,44.65940614097819,0.25868417944991606,84,63,2.472013182376046,Dec22-Mar23,Dec-Mar
2022-10-20,PHP,2022-12-21,2023-03-15,0.18984172587530188,0.455020408877626,44.501020372415454,0.26517868300232417,84,62,2.5429808615247445,Dec22-Mar23,Dec-Mar
2022-10-21,PHP,2022-12-21,2023-03-15,0.19047830512317562,0.46140728653162455,44.38793555145351,0.2709289814084489,84,61,2.604678151564415,Dec22-Mar23,Dec-Mar
2022-10-24,PHP,2022-12-21,2023-03-15,0.18249830541573958,0.45543800178919464,44.39214396694015,0.27293969637345505,84,58,2.624230944443687,Dec22-Mar23,Dec-Mar
2022-10-25,PHP,2022-12-21,2023-03-15,0.17797712584587694,0.44889352302087976,44.405058759834716,0.2709163971750028,84,57,2.6042871476593517,Dec22-Mar23,Dec-Mar
2022-10-26,PHP,2022-12-21,2023-03-15,0.17264126946266123,0.44020362968737853,44.2309167294449,0.2675623602247173,84,56,2.5824413204967707,Dec22-Mar23,Dec-Mar
2022-10-27,PHP,2022-12-21,2023-03-15,0.17150349978753787,0.44195704699298966,43.82192236176606,0.2704535472054518,84,55,2.634681451106204,Dec22-Mar23,Dec-Mar
2022-10-28,PHP,2022-12-21,2023-03-15,0.1672969271902009,0.4359939334103738,43.49490018213947,0.2686970062201729,84,54,2.6374270520627925,Dec22-Mar23,Dec-Mar
2022-10-31,PHP,2022-12-21,2023-03-15,0.15980466399880192,0.431460855620575,43.44947867002331,0.2716561916217731,84,51,2.669708677207045,Dec22-Mar23,Dec-Mar
2022-11-01,PHP,2022-12-21,2023-03-15,0.1565193839892463,0.41335909367555623,43.12229231249241,0.2568397096863099,84,50,2.5433730035402706,Dec22-Mar23,Dec-Mar
2022-11-02,PHP,2022-12-21,2023-03-15,0.15228189144028495,0.40780264413943734,42.88786714535456,0.2555207526991524,84,49,2.544342816292376,Dec22-Mar23,Dec-Mar
2022-11-03,PHP,2022-12-21,2023-03-15,0.1498152619266688,0.4070131057598992,42.906662740533044,0.2571978438332304,84,48,2.5600711547006303,Dec22-Mar23,Dec-Mar
2022-11-04,PHP,2022-12-21,2023-03-15,0.14306354790240705,0.3943454168886356,42.87804127970124,0.25128186898622856,84,47,2.5032418390246645,Dec22-Mar23,Dec-Mar
2022-11-07,PHP,2022-12-21,2023-03-15,0.1300414030415859,0.37568002882990487,42.978039392795544,0.24563862578831896,84,44,2.4420873029584733,Dec22-Mar23,Dec-Mar
2022-11-08,PHP,2022-12-21,2023-03-15,0.1272775207972091,0.373922697187583,42.89990341074228,0.24664517639037387,84,43,2.456704652904453,Dec22-Mar23,Dec-Mar
2022-11-09,PHP,2022-12-21,2023-03-15,0.1216363924684472,0.3635681281442737,42.76031358147698,0.2419317356758265,84,42,2.417917786815993,Dec22-Mar23,Dec-Mar
2022-11-10,PHP,2022-12-21,2023-03-15,0.12043722062361838,0.36650458132147146,42.86903028779911,0.24606736069785307,84,41,2.4530994778760387,Dec22-Mar23,Dec-Mar
2022-11-11,PHP,2022-12-21,2023-03-15,0.11336084213046088,0.3514186106044288,42.736430308129286,0.23805776847396792,84,40,2.380986118687169,Dec22-Mar23,Dec-Mar
2022-11-14,PHP,2022-12-21,2023-03-15,0.10504704316960432,0.3457030257146045,42.68419826512295,0.24065598254500015,84,37,2.410378530644059,Dec22-Mar23,Dec-Mar
2022-11-15,PHP,2022-12-21,2023-03-15,0.1038401399510258,0.3490891607306662,42.83354230659113,0.2452490207796404,84,36,2.44790709638936,Dec22-Mar23,Dec-Mar
2022-11-16,PHP,2022-12-21,2023-03-15,0.10252920072575536,0.35233949318426705,42.59260367179467,0.2498102924585117,84,35,2.5075821693881624,Dec22-Mar23,Dec-Mar
2022-11-17,PHP,2022-12-21,2023-03-15,0.09976007020488062,0.3507936472883292,42.540507503201276,0.25103357708344853,84,34,2.5231037437754646,Dec22-Mar23,Dec-Mar
2022-11-18,PHP,2022-12-21,2023-03-15,0.09311214260729803,0.3355517228591398,42.48727996094442,0.24243958025184179,84,33,2.4401531342901985,Dec22-Mar23,Dec-Mar
2022-11-21,PHP,2022-12-21,2023-03-15,0.07891830533487874,0.3081679934369351,42.57479913117842,0.22924968810205631,84,30,2.303430327630553,Dec22-Mar23,Dec-Mar
2022-11-22,PHP,2022-12-21,2023-03-15,0.07828227366882573,0.313325322441178,42.65688346702805,0.23504304877235227,84,29,2.3571392187728017,Dec22-Mar23,Dec-Mar
2022-11-23,PHP,2022-12-21,2023-03-15,0.07710491083555271,0.31674998278187755,42.84174568971423,0.23964507194632484,84,28,2.39300515733817,Dec22-Mar23,Dec-Mar
2022-11-24,PHP,2022-12-21,2023-03-15,0.07535085042279568,0.3181226759270281,42.927210114178926,0.2427718255042324,84,27,2.4195086464475453,Dec22-Mar23,Dec-Mar
2022-11-25,PHP,2022-12-21,2023-03-15,0.07347777699816381,0.319215323735764,42.931571999705454,0.24573754673760018,84,26,2.4489238358241,Dec22-Mar23,Dec-Mar
2022-11-28,PHP,2022-12-21,2023-03-15,0.06737889949549666,0.32182058865510016,43.0057549675141,0.2544416891596035,84,23,2.531657867011594,Dec22-Mar23,Dec-Mar
2022-11-29,PHP,2022-12-21,2023-03-15,0.06196970848074766,0.3068937028578538,42.74938377199411,0.2449239943771061,84,22,2.4518595565891563,Dec22-Mar23,Dec-Mar
2022-11-30,PHP,2022-12-21,2023-03-15,0.05867469206562784,0.301668890763315,42.662213666618406,0.24299419869768715,84,21,2.4376920722265334,Dec22-Mar23,Dec-Mar
2022-12-01,PHP,2022-12-21,2023-03-15,0.05632433916357879,0.30116935021110297,42.59718802539366,0.24484501104752418,84,20,2.4601391619607504,Dec22-Mar23,Dec-Mar
2022-12-02,PHP,2022-12-21,2023-03-15,0.055128651184190317,0.2931094282399899,42.57483737115349,0.23798077705579962,84,19,2.392489863630181,Dec22-Mar23,Dec-Mar
2022-12-05,PHP,2022-12-21,2023-03-15,0.044009550200869094,0.2768784546228277,42.75955671918509,0.23286890442195857,84,16,2.331603829687477,Dec22-Mar23,Dec-Mar
2022-12-06,PHP,2022-12-21,2023-03-15,0.04169400642815957,0.2800376982288794,42.51944289579215,0.23834369180071985,84,15,2.400013343644877,Dec22-Mar23,Dec-Mar
2022-12-07,PHP,2022-12-21,2023-03-15,0.037651721954280314,0.271846784914484,42.607189206111826,0.23419506296020368,84,14,2.353609733625988,Dec22-Mar23,Dec-Mar
2022-12-08,PHP,2022-12-21,2023-03-15,0.035908762651478514,0.2762324065120121,42.67436339185368,0.24032364386053356,84,13,2.411500610349972,Dec22-Mar23,Dec-Mar
2022-12-09,PHP,2022-12-21,2023-03-15,0.032149597773732094,0.2655251512256469,42.831612184063566,0.2333755534519148,84,12,2.3333951612925268,Dec22-Mar23,Dec-Mar
2022-12-12,PHP,2022-12-21,2023-03-15,0.023250855857097318,0.2485943375589545,42.8682533260227,0.22534348170185717,84,9,2.251629540962157,Dec22-Mar23,Dec-Mar
2022-12-13,PHP,2022-12-21,2023-03-15,0.020107082485373105,0.23956370112701778,42.85158451831066,0.21945661864164467,84,8,2.1938214483460277,Dec22-Mar23,Dec-Mar
2022-12-14,PHP,2022-12-21,2023-03-15,0.017820226773418393,0.24001632336077985,42.960215861180814,0.22219609658736145,84,7,2.2157107956854993,Dec22-Mar23,Dec-Mar
2022-12-15,PHP,2022-12-21,2023-03-15,0.016995105277377208,0.22684250532625969,42.86061721459764,0.20984740004888247,84,6,2.0974722041428504,Dec22-Mar23,Dec-Mar
2022-12-16,PHP,2022-12-21,2023-03-15,0.01678339601385556,0.22176114629906118,43.0573069177592,0.20497775028520562,84,5,2.0394535700037433,Dec22-Mar23,Dec-Mar
2022-12-19,PHP,2022-12-21,2023-03-15,0.016919693648811317,0.21625401016195778,43.11508212435747,0.19933431651314645,84,2,1.9806405729049397,Dec22-Mar23,Dec-Mar
2022-12-20,PHP,2022-12-21,2023-03-15,0.016838451574871165,0.21283077768605363,43.01416648530088,0.19599232611118247,84,1,1.9520044050499612,Dec22-Mar23,Dec-Mar
2022-12-21,PHP,2023-03-15,2023-06-21,0.21146919782012896,0.4483696740397589,43.25989769862138,0.23690047621962995,98,84,2.001884710482018,Mar23-Jun23,Mar-Jun
2022-12-22,PHP,2023-03-15,2023-06-21,0.21830462708170828,0.4661339555082279,43.24298980441101,0.2478293284265196,98,83,2.0947223576089438,Mar23-Jun23,Mar-Jun
2022-12-23,PHP,2023-03-15,2023-06-21,0.21807368674957955,0.46865749114762356,43.207837127537346,0.250583804398044,98,82,2.1197297126594314,Mar23-Jun23,Mar-Jun
2022-12-26,PHP,2023-03-15,2023-06-21,0.20375508370099815,0.4460872600170804,43.22919220726482,0.24233217631608223,98,79,2.0495957260316287,Mar23-Jun23,Mar-Jun
2022-12-27,PHP,2023-03-15,2023-06-21,0.2018078832050672,0.4447687299294581,43.35882557636618,0.2429608467243909,98,78,2.0488894719436006,Mar23-Jun23,Mar-Jun
2022-12-28,PHP,2023-03-15,2023-06-21,0.19901071717419963,0.4415777326613659,43.31493186610976,0.24256701548716628,98,77,2.0477632063924935,Mar23-Jun23,Mar-Jun
2022-12-29,PHP,2023-03-15,2023-06-21,0.18712147210772723,0.4174962162054427,43.52660895730598,0.23037474409771547,98,76,1.9359468108570563,Mar23-Jun23,Mar-Jun
2022-12-30,PHP,2023-03-15,2023-06-21,0.19183990938742054,0.43142389238307083,43.63621899499104,0.23958398299565029,98,75,2.0080844311429487,Mar23-Jun23,Mar-Jun
2023-01-02,PHP,2023-03-15,2023-06-21,0.17905467079677875,0.4227679727146165,44.245405034408925,0.24371330191783777,98,72,2.0152712265378283,Mar23-Jun23,Mar-Jun
2023-01-03,PHP,2023-03-15,2023-06-21,0.18313839789790753,0.4359209752781179,44.47096198822919,0.25278257738021037,98,71,2.079515770633523,Mar23-Jun23,Mar-Jun
2023-01-04,PHP,2023-03-15,2023-06-21,0.177055538487395,0.424933292369748,44.34251352086812,0.24787775388235297,98,70,2.045328290528374,Mar23-Jun23,Mar-Jun
2023-01-05,PHP,2023-03-15,2023-06-21,0.1739522162479934,0.4210147842523898,44.3584859676567,0.2470625680043964,98,69,2.0380127777336536,Mar23-Jun23,Mar-Jun
2023-01-06,PHP,2023-03-15,2023-06-21,0.17955429497841818,0.4383237200943738,44.77594689343849,0.25876942511595563,98,68,2.114494414524259,Mar23-Jun23,Mar-Jun
2023-01-09,PHP,2023-03-15,2023-06-21,0.16798345267006112,0.4212508120803071,44.36659387038132,0.25326735941024603,98,65,2.089095591863933,Mar23-Jun23,Mar-Jun
2023-01-10,PHP,2023-03-15,2023-06-21,0.15839767332306354,0.4009441105990046,44.22915991752604,0.24254643727594105,98,64,2.0072897920067416,Mar23-Jun23,Mar-Jun
2023-01-11,PHP,2023-03-15,2023-06-21,0.15447304673491793,0.39476445276701244,44.11006705238024,0.2402914060320945,98,63,1.9941540615197335,Mar23-Jun23,Mar-Jun
2023-01-12,PHP,2023-03-15,2023-06-21,0.15924765147963957,0.4109616812377795,44.04744077114807,0.25171402975813995,98,62,2.091682991372213,Mar23-Jun23,Mar-Jun
2023-01-13,PHP,2023-03-15,2023-06-21,0.15616806232425837,0.40706101491077185,44.36737762518154,0.25089295258651345,98,61,2.0700228759829247,Mar23-Jun23,Mar-Jun
2023-01-16,PHP,2023-03-15,2023-06-21,0.15127532929169485,0.4068784718880068,44.07668898181333,0.25560314259631195,98,58,2.1229788310781528,Mar23-Jun23,Mar-Jun
2023-01-17,PHP,2023-03-15,2023-06-21,0.14898967163106508,0.40514735268096647,44.2690604104574,0.2561576810499014,98,57,2.118479757747367,Mar23-Jun23,Mar-Jun
2023-01-18,PHP,2023-03-15,2023-06-21,0.15382218398069014,0.4230110059468979,44.49250200572175,0.26918882196620775,98,56,2.214867438620608,Mar23-Jun23,Mar-Jun
2023-01-19,PHP,2023-03-15,2023-06-21,0.15213365060961107,0.42320815533219075,44.57019329112532,0.27107450472257966,98,55,2.2265923152804628,Mar23-Jun23,Mar-Jun
2023-01-20,PHP,2023-03-15,2023-06-21,0.14974414825239662,0.421502046932672,44.44677144191618,0.2717578986802754,98,54,2.2385029603136544,Mar23-Jun23,Mar-Jun
2023-01-23,PHP,2023-03-15,2023-06-21,0.14224805869658363,0.4155874656037444,44.44089176901663,0.27333940690716074,98,51,2.2522055369380385,Mar23-Jun23,Mar-Jun
2023-01-24,PHP,2023-03-15,2023-06-21,0.13740279756920418,0.4067122808048444,44.32743738054541,0.2693094832356402,98,50,2.224904303119964,Mar23-Jun23,Mar-Jun
2023-01-25,PHP,2023-03-15,2023-06-21,0.14346340604626706,0.43039021813880113,43.94121962490935,0.28692681209253407,98,49,2.3908913216139003,Mar23-Jun23,Mar-Jun
2023-01-26,PHP,2023-03-15,2023-06-21,0.1392362376382998,0.42351022281649525,44.01563270906879,0.28427398517819547,98,48,2.3650206810661207,Mar23-Jun23,Mar-Jun
2023-01-27,PHP,2023-03-15,2023-06-21,0.1305579948901229,0.4027853033844217,43.97078921635921,0.27222730849429877,98,47,2.2675467927874706,Mar23-Jun23,Mar-Jun
2023-01-30,PHP,2023-03-15,2023-06-21,0.1254589199558898,0.4048901507667353,43.80592422124148,0.2794312308108455,98,44,2.336557601810963,Mar23-Jun23,Mar-Jun
2023-01-31,PHP,2023-03-15,2023-06-21,0.12287877229701216,0.402928067299505,44.252938990069666,0.2800492950024928,98,43,2.3182727984035054,Mar23-Jun23,Mar-Jun
2023-02-01,PHP,2023-03-15,2023-06-21,0.11876851075192058,0.39589503583973523,44.38576596752306,0.27712652508781466,98,42,2.287442882796541,Mar23-Jun23,Mar-Jun
2023-02-02,PHP,2023-03-15,2023-06-21,0.11619808652059302,0.3939398543015227,44.32032421678215,0.2777417677809296,98,41,2.296029996857831,Mar23-Jun23,Mar-Jun
2023-02-03,PHP,2023-03-15,2023-06-21,0.11087956400473716,0.3825344958163432,44.56389957945522,0.27165493181160605,98,40,2.2337347720021197,Mar23-Jun23,Mar-Jun
2023-02-06,PHP,2023-03-15,2023-06-21,0.1015112745257448,0.3703789746209608,44.267171501959346,0.268867700095216,98,37,2.2260684876120376,Mar23-Jun23,Mar-Jun
2023-02-07,PHP,2023-03-15,2023-06-21,0.09530720006477454,0.354754578018883,44.079715687415074,0.25944737795410844,98,36,2.157490677651436,Mar23-Jun23,Mar-Jun
2023-02-08,PHP,2023-03-15,2023-06-21,0.09527314101801221,0.36203793586844635,43.94805715344909,0.26676479485043414,98,35,2.224973227641972,Mar23-Jun23,Mar-Jun
2023-02-09,PHP,2023-03-15,2023-06-21,0.09404812285820767,0.36512800639068865,43.87299511414572,0.27107988353248097,98,34,2.2648865615659592,Mar23-Jun23,Mar-Jun
2023-02-10,PHP,2023-03-15,2023-06-21,0.08854645363057939,0.3515025886547243,43.80632852761192,0.2629561350241449,98,33,2.2006243616057386,Mar23-Jun23,Mar-Jun
2023-02-13,PHP,2023-03-15,2023-06-21,0.07903242097975446,0.3372049961802857,43.45762213210047,0.2581725752005313,98,30,2.178369150070457,Mar23-Jun23,Mar-Jun
2023-02-14,PHP,2023-03-15,2023-06-21,0.07532738365004214,0.329881990467426,43.37351937920412,0.25455460681738384,98,29,2.1521826822228545,Mar23-Jun23,Mar-Jun
2023-02-15,PHP,2023-03-15,2023-06-21,0.0756688011834512,0.34050960532553043,43.439429670854665,0.2648408041420792,98,28,2.235740285109377,Mar23-Jun23,Mar-Jun
2023-02-16,PHP,2023-03-15,2023-06-21,0.07382597071347582,0.34178690145127694,43.48303071223157,0.26796093073780114,98,27,2.2599111853842984,Mar23-Jun23,Mar-Jun
2023-02-17,PHP,2023-03-15,2023-06-21,0.07140779302958988,0.3405602436795825,43.42995208147625,0.2691524506499926,98,26,2.2728560462346397,Mar23-Jun23,Mar-Jun
2023-02-20,PHP,2023-03-15,2023-06-21,0.06389689187911357,0.3361532137988148,43.30358397894794,0.2722563219197012,98,23,2.306164075275163,Mar23-Jun23,Mar-Jun
2023-02-21,PHP,2023-03-15,2023-06-21,0.059284625869936144,0.323370686563288,43.24435877270055,0.26408606069335183,98,22,2.2402550537395904,Mar23-Jun23,Mar-Jun
2023-02-22,PHP,2023-03-15,2023-06-21,0.05573312471231928,0.31582104003647593,43.12569992047543,0.26008791532415665,98,21,2.212582880397928,Mar23-Jun23,Mar-Jun
2023-02-23,PHP,2023-03-15,2023-06-21,0.05233692177909434,0.3087878384966566,43.16840986633515,0.25645091671756226,98,20,2.179658293832972,Mar23-Jun23,Mar-Jun
2023-02-24,PHP,2023-03-15,2023-06-21,0.04847356962555615,0.29849513927316157,42.917481768069436,0.2500215696476054,98,19,2.1376147118348823,Mar23-Jun23,Mar-Jun
2023-02-27,PHP,2023-03-15,2023-06-21,0.041232379039189235,0.2937807006542233,42.83777257182044,0.25254832161503404,98,16,2.1635962155487376,Mar23-Jun23,Mar-Jun
2023-02-28,PHP,2023-03-15,2023-06-21,0.03718011282085236,0.2800901832504211,42.660769857335936,0.24291007042956875,98,15,2.089849063770433,Mar23-Jun23,Mar-Jun
2023-03-01,PHP,2023-03-15,2023-06-21,0.036892312418307024,0.29513849934645625,42.90515968221906,0.2582461869281492,98,14,2.209161924314864,Mar23-Jun23,Mar-Jun
2023-03-02,PHP,2023-03-15,2023-06-21,0.034969271769259194,0.29858378202982855,43.06713355745875,0.26361451026056937,98,13,2.2467113436368265,Mar23-Jun23,Mar-Jun
2023-03-03,PHP,2023-03-15,2023-06-21,0.03250056047200711,0.2979218043267319,43.01882953403233,0.26542124385472476,98,12,2.264777445946236,Mar23-Jun23,Mar-Jun
2023-03-06,PHP,2023-03-15,2023-06-21,0.02462405722357278,0.29275268032469864,43.10168395984112,0.26812862310112584,98,9,2.283901252463211,Mar23-Jun23,Mar-Jun
2023-03-07,PHP,2023-03-15,2023-06-21,0.021367242134158356,0.2831159582775982,43.10119381669071,0.26174871614343986,98,8,2.2297513701133704,Mar23-Jun23,Mar-Jun
2023-03-08,PHP,2023-03-15,2023-06-21,0.018497366458509,0.27746049687763497,42.86532205531395,0.25896313041912594,98,7,2.2183031851610213,Mar23-Jun23,Mar-Jun
2023-03-09,PHP,2023-03-15,2023-06-21,0.018637014094852182,0.2768927808378039,42.8995773995971,0.2582557667429517,98,6,2.210470930120573,Mar23-Jun23,Mar-Jun
2023-03-10,PHP,2023-03-15,2023-06-21,0.019687513878755055,0.28968770421596723,42.75386304380507,0.2700001903372122,98,5,2.3188101547806146,Mar23-Jun23,Mar-Jun
2023-03-13,PHP,2023-03-15,2023-06-21,0.019175467357076086,0.27393524795822977,42.83795232558471,0.2547597806011537,98,2,2.1836560298463836,Mar23-Jun23,Mar-Jun
2023-03-14,PHP,2023-03-15,2023-06-21,0.019237601177521116,0.2720746452249415,43.141356463814176,0.2528370440474204,98,1,2.151937806972981,Mar23-Jun23,Mar-Jun
2023-03-15,PHP,2023-06-21,2023-09-20,0.275469668480218,0.5312629320689919,42.996826891537374,0.2557932635887739,91,98,2.338515574308843,Jun23-Sep23,Jun-Sep
2023-03-16,PHP,2023-06-21,2023-09-20,0.2788459449325073,0.5404436870856842,42.92204992683758,0.26159774215317694,91,97,2.395534041311601,Jun23-Sep23,Jun-Sep
2023-03-17,PHP,2023-06-21,2023-09-20,0.26893958798947576,0.5238719057711664,42.727945756978066,0.2549323177816906,91,96,2.3455732825042057,Jun23-Sep23,Jun-Sep
2023-03-20,PHP,2023-06-21,2023-09-20,0.2589552019656768,0.5123414748568229,42.78367051076216,0.2533862728911461,91,93,2.3288710129017534,Jun23-Sep23,Jun-Sep
2023-03-21,PHP,2023-06-21,2023-09-20,0.2650074630116737,0.5271344101210466,42.69725808526049,0.26212694710937284,91,92,2.413712851486236,Jun23-Sep23,Jun-Sep
2023-03-22,PHP,2023-06-21,2023-09-20,0.2706533002127137,0.5413066004254274,42.6725373301114,0.2706533002127137,91,91,2.4933320900794778,Jun23-Sep23,Jun-Sep
2023-03-23,PHP,2023-06-21,2023-09-20,0.2723708945112189,0.5477681322947847,42.60929229627519,0.27539723778356584,91,90,2.540674724293266,Jun23-Sep23,Jun-Sep
2023-03-24,PHP,2023-06-21,2023-09-20,0.2673202394801836,0.5406476753531803,42.25515471273863,0.2733274358729967,91,89,2.5428796228849726,Jun23-Sep23,Jun-Sep
2023-03-27,PHP,2023-06-21,2023-09-20,0.2627260184051907,0.5407268053223111,42.27433600082068,0.2780007869171204,91,86,2.585470835672344,Jun23-Sep23,Jun-Sep
2023-03-28,PHP,2023-06-21,2023-09-20,0.25468637498459523,0.527350611732809,41.94504114950122,0.2726642367482137,91,85,2.5561105938213298,Jun23-Sep23,Jun-Sep
2023-03-29,PHP,2023-06-21,2023-09-20,0.24204960547960674,0.5042700114158474,41.82747310613266,0.26222040593624063,91,84,2.465812267865636,Jun23-Sep23,Jun-Sep
2023-03-30,PHP,2023-06-21,2023-09-20,0.24263763364659266,0.5086620271627365,41.83011187234161,0.2660243935161438,91,83,2.501391533681465,Jun23-Sep23,Jun-Sep
2023-03-31,PHP,2023-06-21,2023-09-20,0.24009993829376539,0.5065523088392855,41.84600888684442,0.26645237054552007,91,82,2.5046204543399626,Jun23-Sep23,Jun-Sep
2023-04-03,PHP,2023-06-21,2023-09-20,0.22246238310287883,0.4787165206011316,41.80544416037007,0.25625413749825277,91,79,2.4120940471127863,Jun23-Sep23,Jun-Sep
2023-04-04,PHP,2023-06-21,2023-09-20,0.21188779634725843,0.45909022541905997,41.98343466020565,0.24720242907180154,91,78,2.31765896908565,Jun23-Sep23,Jun-Sep
2023-04-05,PHP,2023-06-21,2023-09-20,0.20728452931682703,0.45225715487307716,41.58524574778828,0.24497262555625013,91,77,2.3188892089142525,Jun23-Sep23,Jun-Sep
2023-04-06,PHP,2023-06-21,2023-09-20,0.20137051486686558,0.4424852102995599,41.881656840893875,0.24111469543269431,91,76,2.2666152924697305,Jun23-Sep23,Jun-Sep
2023-04-07,PHP,2023-06-21,2023-09-20,0.203758050866582,0.45098448591803475,41.6794702635691,0.24722643505145275,91,75,2.3351558213637147,Jun23-Sep23,Jun-Sep
2023-04-10,PHP,2023-06-21,2023-09-20,0.19413240341712734,0.43949419106932996,41.887647118228905,0.24536178765220262,91,72,2.3066087701598277,Jun23-Sep23,Jun-Sep
2023-04-11,PHP,2023-06-21,2023-09-20,0.1896450271298825,0.43271118866254876,41.76724148012357,0.24306616153266628,91,71,2.2918297788466195,Jun23-Sep23,Jun-Sep
2023-04-12,PHP,2023-06-21,2023-09-20,0.1838101432511286,0.42276332947759576,41.72334001968406,0.23895318622646716,91,70,2.255723198722176,Jun23-Sep23,Jun-Sep
2023-04-13,PHP,2023-06-21,2023-09-20,0.18208754567417038,0.4222319899690907,41.51423940130701,0.24014444429492035,91,69,2.2784308522869634,Jun23-Sep23,Jun-Sep
2023-04-14,PHP,2023-06-21,2023-09-20,0.18369405298863065,0.42951991801753336,41.39456425445259,0.24582586502890272,91,68,2.3389578283822057,Jun23-Sep23,Jun-Sep
2023-04-17,PHP,2023-06-21,2023-09-20,0.17371802977985862,0.4169232714716607,41.58488920672971,0.24320524169180208,91,65,2.3040294927074614,Jun23-Sep23,Jun-Sep
2023-04-18,PHP,2023-06-21,2023-09-20,0.16934654988154513,0.4101361754943671,41.74334586656271,0.24078962561282197,91,64,2.272758651768101,Jun23-Sep23,Jun-Sep
2023-04-19,PHP,2023-06-21,2023-09-20,0.16208199065073006,0.3962004215906735,41.64191424602673,0.23411843093994342,91,63,2.2155365206588407,Jun23-Sep23,Jun-Sep
2023-04-20,PHP,2023-06-21,2023-09-20,0.16718539374024283,0.4125704071331799,41.81249958558893,0.24538501339293706,91,62,2.3124373125117965,Jun23-Sep23,Jun-Sep
2023-04-21,PHP,2023-06-21,2023-09-20,0.1608927784652522,0.4009131528970219,41.90774117756576,0.24002037443176968,91,61,2.257100034649643,Jun23-Sep23,Jun-Sep
2023-04-24,PHP,2023-06-21,2023-09-20,0.14611420242403045,0.37536234760656106,41.816941554639165,0.22924814518253062,91,58,2.161224255054352,Jun23-Sep23,Jun-Sep
2023-04-25,PHP,2023-06-21,2023-09-20,0.1473128100906464,0.382496419182731,41.71566448682379,0.23518360909208458,91,57,2.2224809494806297,Jun23-Sep23,Jun-Sep
2023-04-26,PHP,2023-06-21,2023-09-20,0.13821821105275783,0.3628228040134892,41.73687541389792,0.22460459296073138,91,56,2.1218952975727845,Jun23-Sep23,Jun-Sep
2023-04-27,PHP,2023-06-21,2023-09-20,0.13100864344214913,0.34776839895552314,41.70965091483529,0.216759755513374,91,55,2.0494684590663925,Jun23-Sep23,Jun-Sep
2023-04-28,PHP,2023-06-21,2023-09-20,0.1330310865954676,0.35721310289523706,41.868678889977566,0.22418201629976944,91,54,2.111518581341367,Jun23-Sep23,Jun-Sep
2023-05-01,PHP,2023-06-21,2023-09-20,0.12507795843023478,0.3482562764135948,42.02360855985738,0.22317831798336002,91,51,2.0947348752968846,Jun23-Sep23,Jun-Sep
2023-05-02,PHP,2023-06-21,2023-09-20,0.11644575629687867,0.3283770327571979,42.02752518423456,0.2119312764603192,91,50,1.9893935636027174,Jun23-Sep23,Jun-Sep
2023-05-03,PHP,2023-06-21,2023-09-20,0.10981015919124258,0.3137433119749788,41.69480912145995,0.2039331527837362,91,49,1.9298549547621522,Jun23-Sep23,Jun-Sep
2023-05-04,PHP,2023-06-21,2023-09-20,0.11051825226602657,0.3200424388537019,41.545389334638195,0.20952418658767535,91,48,1.9898423537308547,Jun23-Sep23,Jun-Sep
2023-05-05,PHP,2023-06-21,2023-09-20,0.10511834119996928,0.3086453422467183,41.60812549394305,0.20352700104674903,91,47,1.9302305175901975,Jun23-Sep23,Jun-Sep
2023-05-08,PHP,2023-06-21,2023-09-20,0.09574289656107243,0.293756614448745,41.689264357326486,0.19801371788767258,91,44,1.8747178075228417,Jun23-Sep23,Jun-Sep
2023-05-09,PHP,2023-06-21,2023-09-20,0.09815607521558496,0.30588172276484615,41.75157516415112,0.2077256475492612,91,43,1.9636250178102503,Jun23-Sep23,Jun-Sep
2023-05-10,PHP,2023-06-21,2023-09-20,0.0919419459481931,0.2911494955026115,41.828971970537836,0.19920754955441838,91,42,1.8799061107852857,Jun23-Sep23,Jun-Sep
2023-05-11,PHP,2023-06-21,2023-09-20,0.0901798683588647,0.29033518593585705,41.665352693356624,0.20015531757699234,91,41,1.8963313022057136,Jun23-Sep23,Jun-Sep
2023-05-12,PHP,2023-06-21,2023-09-20,0.08086025080662215,0.26481732139168757,41.55343634794191,0.1839570705850654,91,40,1.7479393594018016,Jun23-Sep23,Jun-Sep
2023-05-15,PHP,2023-06-21,2023-09-20,0.07504993521715951,0.25963220831882206,41.58337297613142,0.18458227310166253,91,37,1.7528642105598058,Jun23-Sep23,Jun-Sep
2023-05-16,PHP,2023-06-21,2023-09-20,0.07266054246078789,0.2563302470144462,41.41828961943886,0.18366970455365828,91,36,1.7512383345588527,Jun23-Sep23,Jun-Sep
2023-05-17,PHP,2023-06-21,2023-09-20,0.07670771411429436,0.27614777081145975,41.27565938108887,0.19944005669716539,91,35,1.9079769462131728,Jun23-Sep23,Jun-Sep
2023-05-18,PHP,2023-06-21,2023-09-20,0.07572853589811859,0.2784137349195537,41.40480142362216,0.2026851990214351,91,34,1.9330311289435735,Jun23-Sep23,Jun-Sep
2023-05-19,PHP,2023-06-21,2023-09-20,0.0731728476884857,0.2749525185870372,41.25809152986637,0.20177967089855148,91,33,1.9313448536653919,Jun23-Sep23,Jun-Sep
2023-05-22,PHP,2023-06-21,2023-09-20,0.06354590331900555,0.25630181005332237,41.42577657666701,0.1927559067343168,91,30,1.8379447873508112,Jun23-Sep23,Jun-Sep
2023-05-23,PHP,2023-06-21,2023-09-20,0.06167240352846162,0.2551961525315653,41.622512630446884,0.19352374900310368,91,29,1.836640099766117,Jun23-Sep23,Jun-Sep
2023-05-24,PHP,2023-06-21,2023-09-20,0.06189103867732774,0.26303691437864285,41.63341555867454,0.20114587570131512,91,28,1.9084688200899231,Jun23-Sep23,Jun-Sep
2023-05-25,PHP,2023-06-21,2023-09-20,0.057314591075596256,0.25048599062667987,41.390151634172824,0.19317139955108362,91,27,1.8437666213938826,Jun23-Sep23,Jun-Sep
2023-05-26,PHP,2023-06-21,2023-09-20,0.05556727417702889,0.25005273379663,41.44710718165233,0.19448545961960112,91,26,1.8538396311914964,Jun23-Sep23,Jun-Sep
2023-05-29,PHP,2023-06-21,2023-09-20,0.05037907919053883,0.2497050012052794,41.814489663540414,0.19932592201474056,91,23,1.883541338478921,Jun23-Sep23,Jun-Sep
2023-05-30,PHP,2023-06-21,2023-09-20,0.05173377830627587,0.2657234976640533,41.92277273098729,0.2139897193577774,91,22,2.0168259410827316,Jun23-Sep23,Jun-Sep
2023-05-31,PHP,2023-06-21,2023-09-20,0.04869801567159564,0.25972275024851005,41.83982290571512,0.2110247345769144,91,21,1.9929639610944863,Jun23-Sep23,Jun-Sep
2023-06-01,PHP,2023-06-21,2023-09-20,0.04748293219220853,0.2635302736667574,41.94782595508845,0.21604734147454888,91,20,2.035210127287835,Jun23-Sep23,Jun-Sep
2023-06-02,PHP,2023-06-21,2023-09-20,0.04438244950285976,0.2569510234376091,41.86171541597263,0.21256857393474937,91,19,2.0067022819898988,Jun23-Sep23,Jun-Sep
2023-06-05,PHP,2023-06-21,2023-09-20,0.03720765632110295,0.24882620164737598,41.5549603989635,0.21161854532627303,91,16,2.0128122826202652,Jun23-Sep23,Jun-Sep
2023-06-06,PHP,2023-06-21,2023-09-20,0.03541819412595901,0.25028857182344366,41.67970193402595,0.21487037769748465,91,15,2.0377183534690495,Jun23-Sep23,Jun-Sep
2023-06-07,PHP,2023-06-21,2023-09-20,0.029918179491762863,0.22438634618822148,41.93919166255333,0.1944681666964586,91,14,1.833073463787735,Jun23-Sep23,Jun-Sep
2023-06-08,PHP,2023-06-21,2023-09-20,0.028819179775288403,0.23055343820230725,41.93475481816644,0.20173425842701886,91,13,1.9018151166446537,Jun23-Sep23,Jun-Sep
2023-06-09,PHP,2023-06-21,2023-09-20,0.025702957385387054,0.22061705089123887,42.28664289373846,0.19491409350585182,91,12,1.8223728938941877,Jun23-Sep23,Jun-Sep
2023-06-12,PHP,2023-06-21,2023-09-20,0.01963720106152223,0.2181911229058026,42.322214098628265,0.19855392184428036,91,9,1.8551102947797355,Jun23-Sep23,Jun-Sep
2023-06-13,PHP,2023-06-21,2023-09-20,0.017782281073478373,0.2200557282842949,42.01189286715913,0.20227344721081653,91,8,1.9038991985646168,Jun23-Sep23,Jun-Sep
2023-06-14,PHP,2023-06-21,2023-09-20,0.015912361292245332,0.22277305809143466,41.800510096383775,0.20686069679918934,91,7,1.9570062698304045,Jun23-Sep23,Jun-Sep
2023-06-15,PHP,2023-06-21,2023-09-20,0.016623910609079105,0.2303599041543819,42.04119784139646,0.2137359935453028,91,6,2.0104440749208714,Jun23-Sep23,Jun-Sep
2023-06-16,PHP,2023-06-21,2023-09-20,0.01721081143361138,0.23603398537524176,41.70902626261158,0.21882317394163037,91,5,2.0746517189603435,Jun23-Sep23,Jun-Sep
2023-06-19,PHP,2023-06-21,2023-09-20,0.017187896349023686,0.2283534800656004,41.48342646058096,0.21116558371657673,91,2,2.012934854413684,Jun23-Sep23,Jun-Sep
2023-06-20,PHP,2023-06-21,2023-09-20,0.017334510051006263,0.22782498924179662,41.35840690684282,0.21049047919079036,91,1,2.0125550853996454,Jun23-Sep23,Jun-Sep
2023-06-21,PHP,2023-09-20,2023-12-20,0.223784927435782,0.447569854871564,41.27133403021092,0.223784927435782,91,91,2.1335111981235793,Sep23-Dec23,Sep-Dec
2023-06-22,PHP,2023-09-20,2023-12-20,0.2250165843153803,0.4525333529009315,41.14599153545808,0.2275167685855512,91,90,2.175596820497371,Sep23-Dec23,Sep-Dec
2023-06-23,PHP,2023-09-20,2023-12-20,0.22939420053390921,0.46394332692251306,40.927034448897956,0.23454912638860384,91,89,2.2545363732813506,Sep23-Dec23,Sep-Dec
2023-06-26,PHP,2023-09-20,2023-12-20,0.21941298075977822,0.4515825301683808,40.7509532001625,0.23216954940860257,91,86,2.2417982271855355,Sep23-Dec23,Sep-Dec
2023-06-27,PHP,2023-09-20,2023-12-20,0.21824298926998503,0.4518913660178514,40.556810385208856,0.23364837674786637,91,85,2.266884215169224,Sep23-Dec23,Sep-Dec
2023-06-28,PHP,2023-09-20,2023-12-20,0.21944922300813835,0.45718588126695486,40.672060689484915,0.2377366582588165,91,84,2.2999802943141723,Sep23-Dec23,Sep-Dec
2023-06-29,PHP,2023-09-20,2023-12-20,0.21436090183770432,0.4493830954188018,40.728057078171126,0.23502219358109747,91,83,2.270892082892286,Sep23-Dec23,Sep-Dec
2023-06-30,PHP,2023-09-20,2023-12-20,0.21194298977796838,0.44714801501937235,40.64182286354137,0.23520502524140396,91,82,2.2775903251568685,Sep23-Dec23,Sep-Dec
2023-07-03,PHP,2023-09-20,2023-12-20,0.20447972678859333,0.4447586125492107,40.61954835371955,0.24027888576061734,91,79,2.32841754837051,Sep23-Dec23,Sep-Dec
2023-07-04,PHP,2023-09-20,2023-12-20,0.20818437986358967,0.4555702259865515,40.877270459460426,0.24738584612296183,91,78,2.382033459755788,Sep23-Dec23,Sep-Dec
2023-07-05,PHP,2023-09-20,2023-12-20,0.21075488136769696,0.464069811983418,40.89516340284255,0.2533149306157211,91,77,2.4379092891423726,Sep23-Dec23,Sep-Dec
2023-07-06,PHP,2023-09-20,2023-12-20,0.20007644628783283,0.44362682897730454,40.99025939644336,0.2435503826894717,91,76,2.339131254257273,Sep23-Dec23,Sep-Dec
2023-07-07,PHP,2023-09-20,2023-12-20,0.20221993967109844,0.45130363729759265,41.034535628637045,0.2490836976264942,91,75,2.3895819226420136,Sep23-Dec23,Sep-Dec
2023-07-10,PHP,2023-09-20,2023-12-20,0.19773403137409254,0.4505674798845444,40.95028007339805,0.25283344851045186,91,72,2.4307861694583006,Sep23-Dec23,Sep-Dec
2023-07-11,PHP,2023-09-20,2023-12-20,0.1983672719922159,0.4552773605679757,41.11269629663659,0.2569100885757598,91,71,2.460231026171509,Sep23-Dec23,Sep-Dec
2023-07-12,PHP,2023-09-20,2023-12-20,0.1959435656877703,0.45306713621860906,41.09031662978243,0.2571235705308388,91,70,2.463754630085298,Sep23-Dec23,Sep-Dec
2023-07-13,PHP,2023-09-20,2023-12-20,0.20106111171568739,0.46834386147582463,40.793077822896294,0.2672827497601372,91,69,2.5793499612955904,Sep23-Dec23,Sep-Dec
2023-07-14,PHP,2023-09-20,2023-12-20,0.19066613601115143,0.4476705563751953,40.73733023992192,0.2570044203640439,91,68,2.4841694533954612,Sep23-Dec23,Sep-Dec
2023-07-17,PHP,2023-09-20,2023-12-20,0.17623377047018365,0.424009535157173,40.44160396538334,0.24777576468698934,91,65,2.4132545477153906,Sep23-Dec23,Sep-Dec
2023-07-18,PHP,2023-09-20,2023-12-20,0.1814701729400373,0.44028609728588936,40.526855832163626,0.25881592434585204,91,64,2.5151787698368517,Sep23-Dec23,Sep-Dec
2023-07-19,PHP,2023-09-20,2023-12-20,0.17828545519161512,0.4363327893743921,40.415058462826934,0.25804733418277703,91,63,2.514812770361378,Sep23-Dec23,Sep-Dec
2023-07-20,PHP,2023-09-20,2023-12-20,0.17963530855418053,0.44355447366762435,40.25154675423049,0.2639191651134438,91,62,2.5823529384074897,Sep23-Dec23,Sep-Dec
2023-07-21,PHP,2023-09-20,2023-12-20,0.17197229800627173,0.4285211360156279,40.21107569000719,0.2565488380093562,91,61,2.5132290171317173,Sep23-Dec23,Sep-Dec
2023-07-24,PHP,2023-09-20,2023-12-20,0.16210962261057427,0.41645403049957863,40.098140682106255,0.25434440788900436,91,58,2.4992334870431963,Sep23-Dec23,Sep-Dec
2023-07-25,PHP,2023-09-20,2023-12-20,0.1589425292309931,0.41269288291556105,40.00203554887331,0.25375035368456794,91,57,2.499559525382117,Sep23-Dec23,Sep-Dec
2023-07-26,PHP,2023-09-20,2023-12-20,0.1573157600695671,0.4129538701826136,40.02613154287974,0.2556381101130465,91,56,2.5167467410716364,Sep23-Dec23,Sep-Dec
2023-07-27,PHP,2023-09-20,2023-12-20,0.1578250998771979,0.418953901492198,40.03036208632584,0.26112880161500013,91,55,2.570499168304508,Sep23-Dec23,Sep-Dec
2023-07-28,PHP,2023-09-20,2023-12-20,0.1497330774419713,0.40206104127936737,40.11455628747078,0.2523279638373961,91,54,2.4791708286044516,Sep23-Dec23,Sep-Dec
2023-07-31,PHP,2023-09-20,2023-12-20,0.14370663721530674,0.40012436244261873,39.69851533342122,0.256417725227312,91,51,2.5460422183673495,Sep23-Dec23,Sep-Dec
2023-08-01,PHP,2023-09-20,2023-12-20,0.13875493651629114,0.39128892097594103,39.92752827779425,0.2525339844596499,91,50,2.4934569986777553,Sep23-Dec23,Sep-Dec
2023-08-02,PHP,2023-09-20,2023-12-20,0.1319859522539382,0.3817641571958873,39.95516974585341,0.2497782049419491,91,49,2.4649630057409233,Sep23-Dec23,Sep-Dec
2023-08-03,PHP,2023-09-20,2023-12-20,0.12605881370893612,0.36945695779839427,40.03844157620248,0.24339814408945815,91,48,2.3973751633650964,Sep23-Dec23,Sep-Dec
2023-08-04,PHP,2023-09-20,2023-12-20,0.12359886556334816,0.36708101486774747,40.2464648794551,0.24348214930439932,91,47,2.3859909938317974,Sep23-Dec23,Sep-Dec
2023-08-07,PHP,2023-09-20,2023-12-20,0.11665177803743346,0.3612707403874902,39.89918715178156,0.24461896235005673,91,44,2.418350816625124,Sep23-Dec23,Sep-Dec
2023-08-08,PHP,2023-09-20,2023-12-20,0.10878551561870944,0.3421279766161679,40.139372567886134,0.23334246099745845,91,43,2.293553485360055,Sep23-Dec23,Sep-Dec
2023-08-09,PHP,2023-09-20,2023-12-20,0.11194567842998326,0.35736083961361503,40.201124054045316,0.24541516118363177,91,42,2.4083335046547836,Sep23-Dec23,Sep-Dec
2023-08-10,PHP,2023-09-20,2023-12-20,0.1082178620369254,0.3510160376610686,40.227085591648205,0.2427981756241432,91,41,2.381338859441818,Sep23-Dec23,Sep-Dec
2023-08-11,PHP,2023-09-20,2023-12-20,0.10688671636894319,0.3524067957513804,40.3337081672819,0.2455200793824372,91,40,2.4017654263562243,Sep23-Dec23,Sep-Dec
2023-08-14,PHP,2023-09-20,2023-12-20,0.10074365999431364,0.35010216251345655,40.7199848287033,0.2493585025191429,91,37,2.4165987068363526,Sep23-Dec23,Sep-Dec
2023-08-15,PHP,2023-09-20,2023-12-20,0.09623621894343012,0.34081387363008675,40.54255274356799,0.24457765468665663,91,36,2.3808779181365614,Sep23-Dec23,Sep-Dec
2023-08-16,PHP,2023-09-20,2023-12-20,0.088188527782562,0.31852582607823926,40.38914806776175,0.23033729829567726,91,35,2.251196727391408,Sep23-Dec23,Sep-Dec
2023-08-17,PHP,2023-09-20,2023-12-20,0.0860339460009978,0.3170861834959941,40.36687372297039,0.23105223749499632,91,34,2.259547855378613,Sep23-Dec23,Sep-Dec
2023-08-18,PHP,2023-09-20,2023-12-20,0.08624387543699327,0.3245935478927509,40.550321159097,0.23834967245575764,91,33,2.3203776705593557,Sep23-Dec23,Sep-Dec
2023-08-21,PHP,2023-09-20,2023-12-20,0.07672993610831308,0.30947740897019604,40.65432196116486,0.23274747286188296,91,30,2.2605829960443677,Sep23-Dec23,Sep-Dec
2023-08-22,PHP,2023-09-20,2023-12-20,0.07693120722908076,0.3183360299134376,40.82033467690539,0.24140482268435687,91,29,2.3351392057502145,Sep23-Dec23,Sep-Dec
2023-08-23,PHP,2023-09-20,2023-12-20,0.07142218845905429,0.3035443009509807,40.82480874630171,0.23212211249192644,91,28,2.245403205133341,Sep23-Dec23,Sep-Dec
2023-08-24,PHP,2023-09-20,2023-12-20,0.07070553728005376,0.30900938514986453,40.81659716847674,0.2383038478698108,91,27,2.3057047901930776,Sep23-Dec23,Sep-Dec
2023-08-25,PHP,2023-09-20,2023-12-20,0.06679914271891621,0.30059614223512293,40.831743964062696,0.23379699951620672,91,26,2.2614771495954806,Sep23-Dec23,Sep-Dec
2023-08-28,PHP,2023-09-20,2023-12-20,0.0615338934430495,0.30499408054381055,41.1002152983598,0.24346018710076106,91,23,2.3398889032372234,Sep23-Dec23,Sep-Dec
2023-08-29,PHP,2023-09-20,2023-12-20,0.05947583105682597,0.3054894958827879,40.912681072726905,0.24601366482596193,91,22,2.3753713384543045,Sep23-Dec23,Sep-Dec
2023-08-30,PHP,2023-09-20,2023-12-20,0.057401149310961574,0.30613946299179506,40.84173026310388,0.2487383136808335,91,21,2.4059672381573143,Sep23-Dec23,Sep-Dec
2023-08-31,PHP,2023-09-20,2023-12-20,0.05593670921578554,0.31044873614760976,40.90645972511369,0.25451202693182423,91,20,2.458012356523946,Sep23-Dec23,Sep-Dec
2023-09-01,PHP,2023-09-20,2023-12-20,0.051780278423795234,0.30462848287938527,40.67881743940779,0.25284820445559003,91,19,2.4558407366439816,Sep23-Dec23,Sep-Dec
2023-09-04,PHP,2023-09-20,2023-12-20,0.045100619428010844,0.30570507187901,40.80055598993968,0.26060445245099917,91,16,2.5240447935422945,Sep23-Dec23,Sep-Dec
2023-09-05,PHP,2023-09-20,2023-12-20,0.04421214918141331,0.3162584388742202,40.66404266030302,0.2720462896928069,91,15,2.6437563711344865,Sep23-Dec23,Sep-Dec
2023-09-06,PHP,2023-09-20,2023-12-20,0.04192445117571093,0.3179987040388087,40.60099353683621,0.2760742528630978,91,14,2.6872132551618675,Sep23-Dec23,Sep-Dec
2023-09-07,PHP,2023-09-20,2023-12-20,0.039303838597843456,0.3177501274294065,40.70847483155243,0.278446288831563,91,13,2.703327135773164,Sep23-Dec23,Sep-Dec
2023-09-08,PHP,2023-09-20,2023-12-20,0.03656913777955205,0.31695292232809125,40.758220569294735,0.2803837845485392,91,12,2.719000598362321,Sep23-Dec23,Sep-Dec
2023-09-11,PHP,2023-09-20,2023-12-20,0.026593665838166143,0.2977868498406658,40.77250839559946,0.27119318400249964,91,9,2.629597472213657,Sep23-Dec23,Sep-Dec
2023-09-12,PHP,2023-09-20,2023-12-20,0.023061202503267368,0.2874400811585127,41.00702502725395,0.26437887865524534,91,8,2.5490915596741943,Sep23-Dec23,Sep-Dec
2023-09-13,PHP,2023-09-20,2023-12-20,0.020463473792567882,0.2882876244916564,40.972946889956724,0.2678241506990885,91,7,2.584620560363721,Sep23-Dec23,Sep-Dec
2023-09-14,PHP,2023-09-20,2023-12-20,0.02102350204930848,0.2928675438006144,40.96975621992589,0.27184404175130594,91,6,2.623582634072871,Sep23-Dec23,Sep-Dec
2023-09-15,PHP,2023-09-20,2023-12-20,0.021030733308517943,0.28970823496824305,41.028929920557964,0.2686775016597251,91,5,2.589283861995161,Sep23-Dec23,Sep-Dec
2023-09-18,PHP,2023-09-20,2023-12-20,0.020885294563051587,0.27799091345286414,41.04146718139942,0.25710561888981254,91,2,2.4770162164220673,Sep23-Dec23,Sep-Dec
2023-09-19,PHP,2023-09-20,2023-12-20,0.020837083949432438,0.27411553252924004,40.927691067267006,0.2532784485798076,91,1,2.4469272057841973,Sep23-Dec23,Sep-Dec
2023-09-20,PHP,2023-12-20,2024-03-20,0.26281697147802385,0.5336351354746551,41.14899009569511,0.2708181639966313,91,91,2.5871089352076577,Dec23-Mar24,Dec-Mar
2023-09-21,PHP,2023-12-20,2024-03-20,0.2610157322793235,0.5329166031189764,41.065527894303344,0.27190087083965286,91,90,2.6028109353824718,Dec23-Mar24,Dec-Mar
2023-09-22,PHP,2023-12-20,2024-03-20,0.25538282514087174,0.524419757082101,40.70657267769282,0.26903693194122924,91,89,2.5983181600914205,Dec23-Mar24,Dec-Mar
2023-09-25,PHP,2023-12-20,2024-03-20,0.2394290372008269,0.5006775101799702,40.62416357727353,0.26124847297914333,91,86,2.5291717551745014,Dec23-Mar24,Dec-Mar
2023-09-26,PHP,2023-12-20,2024-03-20,0.22258861948856612,0.46878026956880514,40.58173411930886,0.24619165008023902,91,85,2.386867184545539,Dec23-Mar24,Dec-Mar
2023-09-27,PHP,2023-12-20,2024-03-20,0.2201589792613746,0.4665868265471804,40.74318729934293,0.24642784728580583,91,84,2.37988222257399,Dec23-Mar24,Dec-Mar
2023-09-28,PHP,2023-12-20,2024-03-20,0.2176194765967893,0.4641396066836211,40.75859443781684,0.2465201300868318,91,83,2.3800258186619776,Dec23-Mar24,Dec-Mar
2023-09-29,PHP,2023-12-20,2024-03-20,0.2098169981089093,0.45061982401227585,40.92239766890426,0.24080282590336655,91,82,2.3160108730476336,Dec23-Mar24,Dec-Mar
2023-10-02,PHP,2023-12-20,2024-03-20,0.21404786871474885,0.4582976369112471,40.83526185513166,0.24424976819649824,91,79,2.353907594888434,Dec23-Mar24,Dec-Mar
2023-10-03,PHP,2023-12-20,2024-03-20,0.20066612230979392,0.43297143400568106,40.75771732645639,0.23230531169588714,91,78,2.2437653708697,Dec23-Mar24,Dec-Mar
2023-10-04,PHP,2023-12-20,2024-03-20,0.19303706424219735,0.41987599548887233,40.72454695754522,0.22683893124667498,91,77,2.193151928217576,Dec23-Mar24,Dec-Mar
2023-10-05,PHP,2023-12-20,2024-03-20,0.188919833758307,0.4143459163295372,40.67835194910503,0.2254260825712302,91,76,2.1821752531680594,Dec23-Mar24,Dec-Mar
2023-10-06,PHP,2023-12-20,2024-03-20,0.18927052930652116,0.4186579294870314,40.78804174432919,0.22938740018051024,91,75,2.2145587099928217,Dec23-Mar24,Dec-Mar
2023-10-09,PHP,2023-12-20,2024-03-20,0.18396616739405558,0.4178356419929061,41.064777469380005,0.23386947459885055,91,72,2.2429723669574937,Dec23-Mar24,Dec-Mar
2023-10-10,PHP,2023-12-20,2024-03-20,0.18638184907379132,0.42717494975600223,41.010317462108475,0.2407931006822109,91,71,2.312292262580346,Dec23-Mar24,Dec-Mar
2023-10-11,PHP,2023-12-20,2024-03-20,0.18079247950232935,0.41830064651813753,41.10874279266524,0.23750816701580818,91,70,2.275619578763716,Dec23-Mar24,Dec-Mar
2023-10-12,PHP,2023-12-20,2024-03-20,0.17606201827766405,0.41130631265716744,41.05418821551008,0.2352442943795034,91,69,2.257169829668462,Dec23-Mar24,Dec-Mar
2023-10-13,PHP,2023-12-20,2024-03-20,0.1618745844091187,0.38214513796214267,41.24445942454862,0.22027055355302397,91,68,2.1045089185856307,Dec23-Mar24,Dec-Mar
2023-10-16,PHP,2023-12-20,2024-03-20,0.1465318213818918,0.3571004624305702,41.02253783720135,0.2105686410486784,91,65,2.023409337789987,Dec23-Mar24,Dec-Mar
2023-10-17,PHP,2023-12-20,2024-03-20,0.14370069332595614,0.3540568734490196,40.93421993433297,0.21035618012306345,91,64,2.0258530185483923,Dec23-Mar24,Dec-Mar
2023-10-18,PHP,2023-12-20,2024-03-20,0.14219545095943922,0.3542873704664412,41.1563376343444,0.21209191950700199,91,63,2.031658012061526,Dec23-Mar24,Dec-Mar
2023-10-19,PHP,2023-12-20,2024-03-20,0.1382052808754512,0.34840111863798023,41.166481893012076,0.21019583776252904,91,62,2.013195185489062,Dec23-Mar24,Dec-Mar
2023-10-20,PHP,2023-12-20,2024-03-20,0.13157205806860484,0.3358800767609698,41.28886842080593,0.20430801869236498,91,61,1.95133488001285,Dec23-Mar24,Dec-Mar
2023-10-23,PHP,2023-12-20,2024-03-20,0.12281808056520424,0.3235630390292996,41.387786555226405,0.20074495846409537,91,58,1.9131397545422437,Dec23-Mar24,Dec-Mar
2023-10-24,PHP,2023-12-20,2024-03-20,0.11348618987418813,0.3026969968269854,41.302801602254824,0.1892108069527973,91,57,1.8073234207293813,Dec23-Mar24,Dec-Mar
2023-10-25,PHP,2023-12-20,2024-03-20,0.1091759638725519,0.294599338837476,41.206801741854235,0.18542337496492411,91,56,1.7754463589460356,Dec23-Mar24,Dec-Mar
2023-10-26,PHP,2023-12-20,2024-03-20,0.09915820635279526,0.2711813559314449,40.94429130900998,0.17202314957864961,91,55,1.6580749162799446,Dec23-Mar24,Dec-Mar
2023-10-27,PHP,2023-12-20,2024-03-20,0.09546711306599662,0.2643258963072779,41.034952954618575,0.16885878324128126,91,54,1.6241331057823536,Dec23-Mar24,Dec-Mar
2023-10-30,PHP,2023-12-20,2024-03-20,0.09602101988409203,0.27530801624956264,40.91334506083618,0.1792869963654706,91,51,1.7295249991741208,Dec23-Mar24,Dec-Mar
2023-10-31,PHP,2023-12-20,2024-03-20,0.08971394901093385,0.26092567982318615,40.794910006385194,0.1712117308122523,91,50,1.6566647002124193,Dec23-Mar24,Dec-Mar
2023-11-01,PHP,2023-12-20,2024-03-20,0.09601923770251286,0.26837684175416543,40.83216278400256,0.17235760405165257,91,49,1.665977387964973,Dec23-Mar24,Dec-Mar
2023-11-02,PHP,2023-12-20,2024-03-20,0.09466521893993371,0.2687000511688144,41.0148044276174,0.1740348322288807,91,48,1.6747709277194422,Dec23-Mar24,Dec-Mar
2023-11-03,PHP,2023-12-20,2024-03-20,0.08956605690087227,0.25810045003742266,41.13843577480986,0.1685343931365504,91,47,1.6171762824571192,Dec23-Mar24,Dec-Mar
2023-11-06,PHP,2023-12-20,2024-03-20,0.08253248117792522,0.25014249503017666,41.10443734503447,0.16761001385225144,91,44,1.60990863146876,Dec23-Mar24,Dec-Mar
2023-11-07,PHP,2023-12-20,2024-03-20,0.08507962210159027,0.2626638318567742,41.36746224845747,0.17758420975518396,91,43,1.6947837406077304,Dec23-Mar24,Dec-Mar
2023-11-08,PHP,2023-12-20,2024-03-20,0.0805018418740294,0.25310580299032,41.376184604546324,0.1726039611162906,91,42,1.6470898079272294,Dec23-Mar24,Dec-Mar
2023-11-09,PHP,2023-12-20,2024-03-20,0.07734635327762879,0.24787701762211373,41.187983991015614,0.17053066434448494,91,41,1.6348513349378215,Dec23-Mar24,Dec-Mar
2023-11-10,PHP,2023-12-20,2024-03-20,0.0727096257412195,0.23767187560009315,41.191669541164025,0.16496224985887364,91,40,1.5815042530750545,Dec23-Mar24,Dec-Mar
2023-11-13,PHP,2023-12-20,2024-03-20,0.06893338555676502,0.24023946453671846,41.53199182550353,0.17130607897995342,91,37,1.6290367941193242,Dec23-Mar24,Dec-Mar
2023-11-14,PHP,2023-12-20,2024-03-20,0.069371756384388,0.24728998260359192,41.53533704997086,0.17791822621920392,91,36,1.6917612061186624,Dec23-Mar24,Dec-Mar
2023-11-15,PHP,2023-12-20,2024-03-20,0.06850651594335497,0.2500045396125266,41.46470058853595,0.18149802366917164,91,35,1.728771288391368,Dec23-Mar24,Dec-Mar
2023-11-16,PHP,2023-12-20,2024-03-20,0.06751330581501247,0.252468153307318,41.65689734363935,0.1849548474923055,91,34,1.7536245453775936,Dec23-Mar24,Dec-Mar
2023-11-17,PHP,2023-12-20,2024-03-20,0.0644236368188233,0.24722468295095254,41.60414004424781,0.18280104613212925,91,33,1.735526521251578,Dec23-Mar24,Dec-Mar
2023-11-20,PHP,2023-12-20,2024-03-20,0.057350665408296,0.2394362130169896,41.76957876100673,0.1820855476086936,91,30,1.7221881691497236,Dec23-Mar24,Dec-Mar
2023-11-21,PHP,2023-12-20,2024-03-20,0.057137611277514974,0.24453642197300285,41.68248187660233,0.18739881069548786,91,29,1.776149235469086,Dec23-Mar24,Dec-Mar
2023-11-22,PHP,2023-12-20,2024-03-20,0.0585435342829404,0.2569088378013212,41.65105936538309,0.19836530351838078,91,28,1.881441695717991,Dec23-Mar24,Dec-Mar
2023-11-23,PHP,2023-12-20,2024-03-20,0.05629647000413904,0.2541604019388008,41.780455592231505,0.19786393193466176,91,27,1.87098274475221,Dec23-Mar24,Dec-Mar
2023-11-24,PHP,2023-12-20,2024-03-20,0.056202337539559735,0.2609746649651778,41.4727510482462,0.20477232742561807,91,26,1.9506591479727688,Dec23-Mar24,Dec-Mar
2023-11-27,PHP,2023-12-20,2024-03-20,0.05114012950450851,0.2615254811329395,41.391347152614976,0.21038535162843097,91,23,2.00831019886427,Dec23-Mar24,Dec-Mar
2023-11-28,PHP,2023-12-20,2024-03-20,0.05016652472242918,0.2657029121980406,41.294051233806876,0.2155363874756114,91,22,2.0623716427783085,Dec23-Mar24,Dec-Mar
2023-11-29,PHP,2023-12-20,2024-03-20,0.05127328474157567,0.2815552433037761,41.645441221916,0.23028195856220046,91,21,2.1848377291464725,Dec23-Mar24,Dec-Mar
2023-11-30,PHP,2023-12-20,2024-03-20,0.05235472837640716,0.29867957505803344,41.712853211864875,0.2463248466816263,91,20,2.3332145797827812,Dec23-Mar24,Dec-Mar
2023-12-01,PHP,2023-12-20,2024-03-20,0.048210920296885826,0.2872293216477677,41.72640324364803,0.23901840135088187,91,19,2.2634973918287637,Dec23-Mar24,Dec-Mar
2023-12-04,PHP,2023-12-20,2024-03-20,0.04135536034965697,0.2778958086513804,41.74899136416048,0.23654044830172344,91,16,2.2391879565697046,Dec23-Mar24,Dec-Mar
2023-12-05,PHP,2023-12-20,2024-03-20,0.03717302650042194,0.2672111746846024,41.6505791739899,0.2300381481841805,91,15,2.182993751754506,Dec23-Mar24,Dec-Mar
2023-12-06,PHP,2023-12-20,2024-03-20,0.03537449135711104,0.27343364704272927,41.78551815975302,0.23805915568561822,91,14,2.251918656753062,Dec23-Mar24,Dec-Mar
2023-12-07,PHP,2023-12-20,2024-03-20,0.031349741935785665,0.25890290872350435,41.68271950569761,0.2275531667877187,91,13,2.1580496613868485,Dec23-Mar24,Dec-Mar
2023-12-08,PHP,2023-12-20,2024-03-20,0.02978890676198456,0.26381688270470943,41.805083988044494,0.23402797594272487,91,12,2.213045948774376,Dec23-Mar24,Dec-Mar
2023-12-11,PHP,2023-12-20,2024-03-20,0.021841045068861933,0.25081350893995624,41.838327756235614,0.22897246387109432,91,9,2.1639309103061035,Dec23-Mar24,Dec-Mar
2023-12-12,PHP,2023-12-20,2024-03-20,0.019448452707819867,0.24884216298032194,42.004597993976795,0.22939371027250208,91,8,2.1594579242371816,Dec23-Mar24,Dec-Mar
2023-12-13,PHP,2023-12-20,2024-03-20,0.017246460820177417,0.2496223915458462,42.027120325863606,0.23237593072566878,91,7,2.1864745899052327,Dec23-Mar24,Dec-Mar
2023-12-14,PHP,2023-12-20,2024-03-20,0.017338317454302157,0.24838385747784597,41.78219457130708,0.23104554002354383,91,6,2.186690254681819,Dec23-Mar24,Dec-Mar
2023-12-15,PHP,2023-12-20,2024-03-20,0.017082245981061787,0.24236872618733826,41.6464671155042,0.22528648020627648,91,5,2.1391437648908647,Dec23-Mar24,Dec-Mar
2023-12-18,PHP,2023-12-20,2024-03-20,0.01820233923511818,0.24994123747773628,41.709389494160675,0.2317388982426181,91,2,2.1970337311421257,Dec23-Mar24,Dec-Mar
2023-12-19,PHP,2023-12-20,2024-03-20,0.01750150258750722,0.23813023840541933,41.71109200697454,0.22062873581791212,91,1,2.0916520386963806,Dec23-Mar24,Dec-Mar
2023-12-20,PHP,2024-03-20,2024-06-19,0.22705443529220257,0.44601688962156755,41.615902094592805,0.21896245432936498,91,91,2.0701813779137326,Mar24-Jun24,Mar-Jun
2023-12-21,PHP,2024-03-20,2024-06-19,0.244590243429726,0.48372766969973735,41.55789067652348,0.23913742627001136,91,90,2.2631148894510362,Mar24-Jun24,Mar-Jun
2023-12-22,PHP,2024-03-20,2024-06-19,0.2431583789416758,0.48349317809656367,41.686268321301604,0.24033479915488787,91,89,2.267560289867251,Mar24-Jun24,Mar-Jun
2023-12-25,PHP,2024-03-20,2024-06-19,0.24795399885684466,0.501705656440516,41.88723449917783,0.25375165758367135,91,86,2.3824569133393703,Mar24-Jun24,Mar-Jun
2023-12-26,PHP,2024-03-20,2024-06-19,0.2535387131179693,0.5162400840883752,41.957031405064065,0.26270137097040586,91,85,2.4620803935179802,Mar24-Jun24,Mar-Jun
2023-12-27,PHP,2024-03-20,2024-06-19,0.2453188799926806,0.5022894539935389,41.7356908593821,0.25697057400085827,91,84,2.421539864020425,Mar24-Jun24,Mar-Jun
2023-12-28,PHP,2024-03-20,2024-06-19,0.23667515501056707,0.4872455788071096,41.826344600547046,0.25057042379654254,91,83,2.35662493179109,Mar24-Jun24,Mar-Jun
2023-12-29,PHP,2024-03-20,2024-06-19,0.24665037983146276,0.5113495972304802,41.812487544697625,0.2646992173990175,91,82,2.48973657291776,Mar24-Jun24,Mar-Jun
2024-01-01,PHP,2024-03-20,2024-06-19,0.23217798898609923,0.4996235206029983,41.682532073366865,0.2674455316168991,91,79,2.5242361866514793,Mar24-Jun24,Mar-Jun
2024-01-02,PHP,2024-03-20,2024-06-19,0.23249379202293058,0.5037365493830163,41.582637551037635,0.2712427573600857,91,78,2.5661721879372683,Mar24-Jun24,Mar-Jun
2024-01-03,PHP,2024-03-20,2024-06-19,0.23156073831107982,0.505223429042356,41.7691466203469,0.27366269073127614,91,77,2.5776271442700227,Mar24-Jun24,Mar-Jun
2024-01-04,PHP,2024-03-20,2024-06-19,0.2172367130048532,0.47734909305013795,41.68367451928766,0.26011238004528475,91,76,2.45583205402303,Mar24-Jun24,Mar-Jun
2024-01-05,PHP,2024-03-20,2024-06-19,0.21156279286218388,0.4682589815349669,41.676008599115484,0.25669618867278304,91,75,2.4243501640034792,Mar24-Jun24,Mar-Jun
2024-01-08,PHP,2024-03-20,2024-06-19,0.19997517973819692,0.45272158746286245,42.0167853323014,0.2527464077246655,91,72,2.368433500258319,Mar24-Jun24,Mar-Jun
2024-01-09,PHP,2024-03-20,2024-06-19,0.19349086340641666,0.4414861953780211,41.88906151396772,0.24799533197160442,91,71,2.331323502851162,Mar24-Jun24,Mar-Jun
2024-01-10,PHP,2024-03-20,2024-06-19,0.1929950159306517,0.4438885366404989,41.68045081353142,0.25089352070984716,91,70,2.370346592103084,Mar24-Jun24,Mar-Jun
2024-01-11,PHP,2024-03-20,2024-06-19,0.18874783516981422,0.4376761395242069,41.77003550738661,0.2489283043543927,91,69,2.346996827552639,Mar24-Jun24,Mar-Jun
2024-01-12,PHP,2024-03-20,2024-06-19,0.1915561271486555,0.44790329730347384,41.99059743031572,0.25634717015481834,91,68,2.404146274225672,Mar24-Jun24,Mar-Jun
2024-01-15,PHP,2024-03-20,2024-06-19,0.17511870092505297,0.4202848822201271,41.882458033748925,0.24516618129507414,91,65,2.3060962257941093,Mar24-Jun24,Mar-Jun
2024-01-16,PHP,2024-03-20,2024-06-19,0.17778547203531342,0.4305741900855246,41.90907206167337,0.2527887180502112,91,64,2.376141481690961,Mar24-Jun24,Mar-Jun
2024-01-17,PHP,2024-03-20,2024-06-19,0.17111218149111507,0.41827422142272574,41.829469119403726,0.24716203993161068,91,63,2.3280246700159575,Mar24-Jun24,Mar-Jun
2024-01-18,PHP,2024-03-20,2024-06-19,0.1649838316003291,0.4071375199169412,41.85021187349719,0.2421536883166121,91,62,2.2800575339994587,Mar24-Jun24,Mar-Jun
2024-01-19,PHP,2024-03-20,2024-06-19,0.16400324754333614,0.4086638299440507,42.04257483421963,0.24466058240071456,91,61,2.293216039484593,Mar24-Jun24,Mar-Jun
2024-01-22,PHP,2024-03-20,2024-06-19,0.14668557084672118,0.376830173382094,41.97602163744599,0.23014460253537283,91,58,2.1614521577970955,Mar24-Jun24,Mar-Jun
2024-01-23,PHP,2024-03-20,2024-06-19,0.1530981441324345,0.39751798827368956,41.75206492907933,0.24441984414125506,91,57,2.307437977184103,Mar24-Jun24,Mar-Jun
2024-01-24,PHP,2024-03-20,2024-06-19,0.15034703421820678,0.3946609648227928,41.57810562328941,0.244313930604586,91,56,2.3162053395040223,Mar24-Jun24,Mar-Jun
2024-01-25,PHP,2024-03-20,2024-06-19,0.14881466479971728,0.39503529201379495,41.596435441263814,0.24622062721407767,91,55,2.3333424082231855,Mar24-Jun24,Mar-Jun
2024-01-26,PHP,2024-03-20,2024-06-19,0.14840396361175726,0.3984921245130519,41.54308237285274,0.2500881609012946,91,54,2.37304985825467,Mar24-Jun24,Mar-Jun
2024-01-29,PHP,2024-03-20,2024-06-19,0.1382802794190876,0.38501567995118513,41.36058521835448,0.24673540053209753,91,51,2.3521030715152444,Mar24-Jun24,Mar-Jun
2024-01-30,PHP,2024-03-20,2024-06-19,0.1424951327390563,0.40183627432413876,41.46199971540385,0.2593411415850825,91,50,2.465995463869936,Mar24-Jun24,Mar-Jun
2024-01-31,PHP,2024-03-20,2024-06-19,0.13757968655034714,0.39308481871527756,41.65349478078565,0.2555051321649304,91,49,2.418673237581695,Mar24-Jun24,Mar-Jun
2024-02-01,PHP,2024-03-20,2024-06-19,0.13232422451507875,0.38318890015824886,41.71613520961308,0.2508646756431701,91,48,2.3714891713641784,Mar24-Jun24,Mar-Jun
2024-02-02,PHP,2024-03-20,2024-06-19,0.1292368183237289,0.3794612963547785,41.503962729228846,0.2502244780310496,91,47,2.377667449839725,Mar24-Jun24,Mar-Jun
2024-02-05,PHP,2024-03-20,2024-06-19,0.1219225543176363,0.37408056438365683,41.72640280173062,0.25215801006602057,91,44,2.3837230359937385,Mar24-Jun24,Mar-Jun
2024-02-06,PHP,2024-03-20,2024-06-19,0.11780115189171375,0.3671012640346429,41.64268307073434,0.24930011214292913,91,43,2.3616637121026782,Mar24-Jun24,Mar-Jun
2024-02-07,PHP,2024-03-20,2024-06-19,0.11578170118740559,0.3666420537601177,41.66156119352098,0.2508603525727121,91,42,2.3754851621547477,Mar24-Jun24,Mar-Jun
2024-02-08,PHP,2024-03-20,2024-06-19,0.11487531011662855,0.3698424618389017,41.64663441933821,0.25496715172227313,91,41,2.4152892606016567,Mar24-Jun24,Mar-Jun
2024-02-09,PHP,2024-03-20,2024-06-19,0.11629621015119329,0.38087008824515806,41.665041706282196,0.26457387809396476,91,40,2.505103818011249,Mar24-Jun24,Mar-Jun
2024-02-12,PHP,2024-03-20,2024-06-19,0.11311143126484802,0.391304410862177,41.63313757255361,0.27819297959732897,91,37,2.6362695614861162,Mar24-Jun24,Mar-Jun
2024-02-13,PHP,2024-03-20,2024-06-19,0.11118490190205911,0.39223562615448637,41.526307369836964,0.2810507242524273,91,36,2.6703073560827058,Mar24-Jun24,Mar-Jun
2024-02-14,PHP,2024-03-20,2024-06-19,0.11235382381281286,0.4044737657261263,41.279036754875364,0.2921199419133135,91,35,2.7919799612654095,Mar24-Jun24,Mar-Jun
2024-02-15,PHP,2024-03-20,2024-06-19,0.10951342214005794,0.4026228755149189,41.2002239709864,0.29310945337486094,91,34,2.8069747102190314,Mar24-Jun24,Mar-Jun
2024-02-16,PHP,2024-03-20,2024-06-19,0.10787751893069263,0.40535794992139046,41.288295249612716,0.2974804309906978,91,33,2.8428851808164395,Mar24-Jun24,Mar-Jun
2024-02-19,PHP,2024-03-20,2024-06-19,0.09867338906696153,0.39798266923674486,41.32186005630981,0.2993092801697833,91,30,2.858680394266418,Mar24-Jun24,Mar-Jun
2024-02-20,PHP,2024-03-20,2024-06-19,0.09699624807728399,0.401363785147382,41.461848892749146,0.304367537070098,91,29,2.897316687607611,Mar24-Jun24,Mar-Jun
2024-02-21,PHP,2024-03-20,2024-06-19,0.09474252000995773,0.4026557100423203,41.99706190164709,0.3079131900323626,91,28,2.8939555601161158,Mar24-Jun24,Mar-Jun
2024-02-22,PHP,2024-03-20,2024-06-19,0.09269929843860747,0.40513026725021045,41.979844611111666,0.312430968811603,91,27,2.93776066525777,Mar24-Jun24,Mar-Jun
2024-02-23,PHP,2024-03-20,2024-06-19,0.0877100761015179,0.3946953424568305,42.12145833118766,0.30698526635531265,91,26,2.877211879279134,Mar24-Jun24,Mar-Jun
2024-02-26,PHP,2024-03-20,2024-06-19,0.07810850437845333,0.3871464999627687,42.2170004261798,0.30903799558431533,91,23,2.890565660030643,Mar24-Jun24,Mar-Jun
2024-02-27,PHP,2024-03-20,2024-06-19,0.0764094411346329,0.3924666749187963,42.35669082048355,0.3160572337841634,91,22,2.946606073482549,Mar24-Jun24,Mar-Jun
2024-02-28,PHP,2024-03-20,2024-06-19,0.07072965575753011,0.3772248307068272,42.389127215474225,0.3064951749492971,91,21,2.855658199913357,Mar24-Jun24,Mar-Jun
2024-02-29,PHP,2024-03-20,2024-06-19,0.06808503500530838,0.37787194427946147,42.308785426831854,0.3097869092741531,91,20,2.8919800276408387,Mar24-Jun24,Mar-Jun
2024-03-01,PHP,2024-03-20,2024-06-19,0.06259954580621288,0.36241842308860095,42.556481876544396,0.2998188772823881,91,19,2.7830178825929104,Mar24-Jun24,Mar-Jun
2024-03-04,PHP,2024-03-20,2024-06-19,0.05318587574368615,0.35568054403590116,42.68608703280415,0.302494668292215,91,16,2.799959200975518,Mar24-Jun24,Mar-Jun
2024-03-05,PHP,2024-03-20,2024-06-19,0.05192568771449714,0.3669415265157797,42.86772250210198,0.3150158388012826,91,15,2.9036037286149736,Mar24-Jun24,Mar-Jun
2024-03-06,PHP,2024-03-20,2024-06-19,0.048187346588999,0.36140509941749255,42.699895575292814,0.31321775282849357,91,14,2.8986169982574466,Mar24-Jun24,Mar-Jun
2024-03-07,PHP,2024-03-20,2024-06-19,0.04560867669857525,0.364869413588602,42.989184168717415,0.3192607368900267,91,13,2.934856717244462,Mar24-Jun24,Mar-Jun
2024-03-08,PHP,2024-03-20,2024-06-19,0.041544862366463584,0.35659340197881245,42.81600021802289,0.31504853961234885,91,12,2.9081130724031925,Mar24-Jun24,Mar-Jun
2024-03-11,PHP,2024-03-20,2024-06-19,0.03246242034508693,0.36069355938985487,42.73168696650323,0.3282311390447679,91,9,3.0364144556160264,Mar24-Jun24,Mar-Jun
2024-03-12,PHP,2024-03-20,2024-06-19,0.02894990008221965,0.3582550135174682,42.845806442887614,0.32930511343524854,91,8,3.038490745647185,Mar24-Jun24,Mar-Jun
2024-03-13,PHP,2024-03-20,2024-06-19,0.025106306887142715,0.351488296419998,42.782564682231815,0.3263819895328553,91,7,3.016238602145034,Mar24-Jun24,Mar-Jun
2024-03-14,PHP,2024-03-20,2024-06-19,0.024795468395434745,0.34359434776531,42.89111394998675,0.3187988793698753,91,6,2.938729242877461,Mar24-Jun24,Mar-Jun
2024-03-15,PHP,2024-03-20,2024-06-19,0.02453154078589618,0.3364325593494333,43.089403876019425,0.3119010185635371,91,5,2.861938089027401,Mar24-Jun24,Mar-Jun
2024-03-18,PHP,2024-03-20,2024-06-19,0.024562913648030583,0.3263358527524063,43.08468254764543,0.3017729391043757,91,2,2.7693062104586734,Mar24-Jun24,Mar-Jun
2024-03-19,PHP,2024-03-20,2024-06-19,0.024207412240956926,0.31815456088114824,43.147128861882834,0.29394714864019134,91,1,2.6936109491505134,Mar24-Jun24,Mar-Jun
2024-03-20,PHP,2024-06-19,2024-09-18,0.32555441465488194,0.6511088293097639,43.16180845280561,0.32555441465488194,91,91,2.9615674291037637,Jun24-Sep24,Jun-Sep
2024-03-21,PHP,2024-06-19,2024-09-18,0.30883693668930967,0.6211053948973894,42.923603714331435,0.3122684582080797,91,90,2.8574554851741074,Jun24-Sep24,Jun-Sep
2024-03-22,PHP,2024-06-19,2024-09-18,0.31202472281057875,0.6310612371449907,42.86692000797203,0.319036514334412,91,89,2.92300444616981,Jun24-Sep24,Jun-Sep
2024-03-25,PHP,2024-06-19,2024-09-18,0.31368062304862865,0.6455984916233404,42.887655980935286,0.3319178685747117,91,86,3.0394468808099653,Jun24-Sep24,Jun-Sep
2024-03-26,PHP,2024-06-19,2024-09-18,0.30428791137639954,0.6300549694381921,43.01845857919412,0.3257670580617925,91,85,2.9747624643420982,Jun24-Sep24,Jun-Sep
2024-03-27,PHP,2024-06-19,2024-09-18,0.2994489444815829,0.6238519676699643,43.10717195106701,0.32440302318838143,91,84,2.956582642760856,Jun24-Sep24,Jun-Sep
2024-03-28,PHP,2024-06-19,2024-09-18,0.2967357790078014,0.6220725969561138,43.199120102463034,0.32533681794831243,91,83,2.959010062545419,Jun24-Sep24,Jun-Sep
2024-03-29,PHP,2024-06-19,2024-09-18,0.29491446977165336,0.6221976008597077,43.361182303313896,0.3272831310880543,91,82,2.9657861063159876,Jun24-Sep24,Jun-Sep
2024-04-01,PHP,2024-06-19,2024-09-18,0.2857936774691353,0.6149990527816835,43.53047422178625,0.32920537531254823,91,79,2.972300010345081,Jun24-Sep24,Jun-Sep
2024-04-02,PHP,2024-06-19,2024-09-18,0.27685080739363566,0.5998434160195439,43.2227647514235,0.3229926086259083,91,78,2.937435057267793,Jun24-Sep24,Jun-Sep
2024-04-03,PHP,2024-06-19,2024-09-18,0.2750146360189462,0.6000319331322462,43.248411690921884,0.3250172971133,91,77,2.954231370012574,Jun24-Sep24,Jun-Sep
2024-04-04,PHP,2024-06-19,2024-09-18,0.2709394003594864,0.5953536823688713,43.276536282053,0.32441428200938494,91,76,2.9471218239083887,Jun24-Sep24,Jun-Sep
2024-04-05,PHP,2024-06-19,2024-09-18,0.2568370434601961,0.568465989525234,43.24119021838373,0.3116289460650379,91,75,2.8341924593219088,Jun24-Sep24,Jun-Sep
2024-04-08,PHP,2024-06-19,2024-09-18,0.24461427836343236,0.5537795468505482,43.202783322110704,0.30916526848711584,91,72,2.815062487894129,Jun24-Sep24,Jun-Sep
2024-04-09,PHP,2024-06-19,2024-09-18,0.2410368299079903,0.5499713583816116,43.06669047181964,0.3089345284736213,91,71,2.82203350378218,Jun24-Sep24,Jun-Sep
2024-04-10,PHP,2024-06-19,2024-09-18,0.23553862013773963,0.5417388263168011,43.218792500553846,0.3062002061790615,91,70,2.787619654366922,Jun24-Sep24,Jun-Sep
2024-04-11,PHP,2024-06-19,2024-09-18,0.23987060408486993,0.5562216906315824,43.17410269640478,0.3163510865467125,91,69,2.8827096641415735,Jun24-Sep24,Jun-Sep
2024-04-12,PHP,2024-06-19,2024-09-18,0.23010224947466246,0.5380332009775196,43.09832941791175,0.30793095150285715,91,68,2.8115219792012245,Jun24-Sep24,Jun-Sep
2024-04-15,PHP,2024-06-19,2024-09-18,0.22229189654683307,0.5335005517123993,43.495184908720276,0.31120865516556623,91,65,2.8161623435412135,Jun24-Sep24,Jun-Sep
2024-04-16,PHP,2024-06-19,2024-09-18,0.2174600105947221,0.5266609631590926,43.257285645354095,0.3092009525643705,91,64,2.813616367708331,Jun24-Sep24,Jun-Sep
2024-04-17,PHP,2024-06-19,2024-09-18,0.21137888282593875,0.5167039357967391,43.396788842593025,0.30532505297080037,91,63,2.7698465526903795,Jun24-Sep24,Jun-Sep
2024-04-18,PHP,2024-06-19,2024-09-18,0.2101461951518968,0.5185865783587129,43.464818778058714,0.3084403832068161,91,62,2.7938287175127536,Jun24-Sep24,Jun-Sep
2024-04-19,PHP,2024-06-19,2024-09-18,0.21182744196783893,0.5278323144116642,43.694224607335734,0.3160048724438253,91,61,2.8472821111494984,Jun24-Sep24,Jun-Sep
2024-04-22,PHP,2024-06-19,2024-09-18,0.19818803492103998,0.509138227641982,44.1039373011754,0.31095019272094204,91,58,2.776689879350098,Jun24-Sep24,Jun-Sep
2024-04-23,PHP,2024-06-19,2024-09-18,0.19282484772808184,0.5006680256799317,44.03984831543913,0.3078431779518499,91,57,2.753261461393843,Jun24-Sep24,Jun-Sep
2024-04-24,PHP,2024-06-19,2024-09-18,0.18986264002998782,0.498389430078718,44.12982294301525,0.3085267900487302,91,56,2.753958036915414,Jun24-Sep24,Jun-Sep
2024-04-25,PHP,2024-06-19,2024-09-18,0.1868494547145563,0.4960003706968221,43.94157146258233,0.30915091598226585,91,55,2.7714896369602524,Jun24-Sep24,Jun-Sep
2024-04-26,PHP,2024-06-19,2024-09-18,0.18331061226403605,0.49222294033861536,43.86302272554784,0.3089123280745793,91,54,2.774511873790456,Jun24-Sep24,Jun-Sep
2024-04-29,PHP,2024-06-19,2024-09-18,0.16582318841335508,0.46170377950385133,43.88939954776408,0.29588059109049625,91,51,2.6569304418316855,Jun24-Sep24,Jun-Sep
2024-04-30,PHP,2024-06-19,2024-09-18,0.158667383103394,0.4474420203515711,43.998625672198195,0.2887746372481771,91,50,2.58712678993643,Jun24-Sep24,Jun-Sep
2024-05-01,PHP,2024-06-19,2024-09-18,0.15552410227359523,0.4443545779245578,44.09565366664242,0.28883047565096254,91,49,2.5821370529100554,Jun24-Sep24,Jun-Sep
2024-05-02,PHP,2024-06-19,2024-09-18,0.1492659797379594,0.4322493996578408,44.09795325724499,0.2829834199198814,91,48,2.5300908561932665,Jun24-Sep24,Jun-Sep
2024-05-03,PHP,2024-06-19,2024-09-18,0.1445373894734401,0.4243863776028667,43.900864832774374,0.2798489881294266,91,47,2.513531134323992,Jun24-Sep24,Jun-Sep
2024-05-06,PHP,2024-06-19,2024-09-18,0.13767165041587065,0.4224016546850577,44.07043621594149,0.28473000426918704,91,44,2.5479588855027715,Jun24-Sep24,Jun-Sep
2024-05-07,PHP,2024-06-19,2024-09-18,0.1363552735669493,0.4249210850690978,43.70124706514613,0.28856581150214855,91,43,2.604109197609689,Jun24-Sep24,Jun-Sep
2024-05-08,PHP,2024-06-19,2024-09-18,0.13648745616391858,0.4322102778524089,43.65284496605205,0.2957228216884903,91,42,2.6716380832776925,Jun24-Sep24,Jun-Sep
2024-05-09,PHP,2024-06-19,2024-09-18,0.13207647378431772,0.4252218180373156,43.68991644379879,0.2931453442529979,91,41,2.646378656387339,Jun24-Sep24,Jun-Sep
2024-05-10,PHP,2024-06-19,2024-09-18,0.1268789798151416,0.4155286588945888,43.69145375586124,0.28864967907944716,91,40,2.6060115642112547,Jun24-Sep24,Jun-Sep
2024-05-13,PHP,2024-06-19,2024-09-18,0.11716466720519915,0.40532641627744564,43.71685695238642,0.2881617490722465,91,37,2.600675237315636,Jun24-Sep24,Jun-Sep
2024-05-14,PHP,2024-06-19,2024-09-18,0.115008037393717,0.40572279858339044,43.847406677064306,0.29071476118967343,91,36,2.616053693608742,Jun24-Sep24,Jun-Sep
2024-05-15,PHP,2024-06-19,2024-09-18,0.11264246468999906,0.4055128728839965,44.217982727410316,0.29287040819399746,91,35,2.6135616252180616,Jun24-Sep24,Jun-Sep
2024-05-16,PHP,2024-06-19,2024-09-18,0.1033468223170205,0.37995155263610486,44.05587970805796,0.2766047303190844,91,34,2.477988310867007,Jun24-Sep24,Jun-Sep
2024-05-17,PHP,2024-06-19,2024-09-18,0.10156099343541361,0.38162312684822086,44.13393910651243,0.2800621334128073,91,33,2.504635660727672,Jun24-Sep24,Jun-Sep
2024-05-20,PHP,2024-06-19,2024-09-18,0.09197577127082132,0.37096894412564596,44.011716488955,0.2789931728548246,91,30,2.5025325515550567,Jun24-Sep24,Jun-Sep
2024-05-21,PHP,2024-06-19,2024-09-18,0.09055721909213518,0.37471952727780067,44.2415962388068,0.28416230818566546,91,29,2.5357635353783787,Jun24-Sep24,Jun-Sep
2024-05-22,PHP,2024-06-19,2024-09-18,0.08633879872236694,0.36693989457005954,44.19607720118758,0.2806010958476926,91,28,2.506796985263455,Jun24-Sep24,Jun-Sep
2024-05-23,PHP,2024-06-19,2024-09-18,0.08689288504421881,0.37975409019325257,44.36086842030037,0.29286120514903374,91,27,2.6065920230053403,Jun24-Sep24,Jun-Sep
2024-05-24,PHP,2024-06-19,2024-09-18,0.08385889566012175,0.3773650304705479,44.43480192522555,0.2935061348104262,91,26,2.608171830123607,Jun24-Sep24,Jun-Sep
2024-05-27,PHP,2024-06-19,2024-09-18,0.07659345558060876,0.3796371276604086,44.21245260883202,0.3030436720797998,91,23,2.706886225558074,Jun24-Sep24,Jun-Sep
2024-05-28,PHP,2024-06-19,2024-09-18,0.07187965495688715,0.3692000459149204,44.095426430879044,0.29732039095803325,91,22,2.6630841676697705,Jun24-Sep24,Jun-Sep
2024-05-29,PHP,2024-06-19,2024-09-18,0.0675671268540496,0.36035800988826455,43.98090394152403,0.29279088303421497,91,21,2.629588667025957,Jun24-Sep24,Jun-Sep
2024-05-30,PHP,2024-06-19,2024-09-18,0.061985748660420614,0.3440209050653344,43.98679561116174,0.2820351564049138,91,20,2.5329724034210845,Jun24-Sep24,Jun-Sep
2024-05-31,PHP,2024-06-19,2024-09-18,0.05909186829608933,0.3421108164510435,44.09196034462489,0.2830189481549542,91,19,2.535920081575483,Jun24-Sep24,Jun-Sep
2024-06-03,PHP,2024-06-19,2024-09-18,0.04906683951189953,0.32813448923582816,44.35885593663857,0.2790676497239286,91,16,2.4860516322340933,Jun24-Sep24,Jun-Sep
2024-06-04,PHP,2024-06-19,2024-09-18,0.04624097254759504,0.3267695393363383,44.22308263062964,0.28052856678874327,91,15,2.5068902138424214,Jun24-Sep24,Jun-Sep
2024-06-05,PHP,2024-06-19,2024-09-18,0.04279165558759877,0.3209374169069908,44.302730408009666,0.278145761319392,91,14,2.4813257500696335,Jun24-Sep24,Jun-Sep
2024-06-06,PHP,2024-06-19,2024-09-18,0.04009129108777489,0.32073032870219914,44.29540954535722,0.28063903761442427,91,13,2.5041340407547725,Jun24-Sep24,Jun-Sep
2024-06-07,PHP,2024-06-19,2024-09-18,0.03816141351377551,0.32755213265990646,44.413029555874445,0.28939071914613096,91,12,2.5755044588156246,Jun24-Sep24,Jun-Sep
2024-06-10,PHP,2024-06-19,2024-09-18,0.02942158170654165,0.3269064634060183,44.803082717773684,0.2974848816994767,91,9,2.625022373053829,Jun24-Sep24,Jun-Sep
2024-06-11,PHP,2024-06-19,2024-09-18,0.02585204063437493,0.31991900285038977,44.656659559835795,0.29406696221601486,91,8,2.603573046539862,Jun24-Sep24,Jun-Sep
2024-06-12,PHP,2024-06-19,2024-09-18,0.0227932220489472,0.31910510868526076,44.80155764289215,0.2963118866363136,91,7,2.6151474045069545,Jun24-Sep24,Jun-Sep
2024-06-13,PHP,2024-06-19,2024-09-18,0.02247526570573816,0.31144296763665735,44.71320311715434,0.2889677019309192,91,6,2.555385258567404,Jun24-Sep24,Jun-Sep
2024-06-14,PHP,2024-06-19,2024-09-18,0.02354885465213958,0.3229557209436285,44.92348315764859,0.29940686629148894,91,5,2.635250139467141,Jun24-Sep24,Jun-Sep
2024-06-17,PHP,2024-06-19,2024-09-18,0.022916427292348027,0.304461105455481,45.22547354632717,0.28154467816313294,91,2,2.4615309474059877,Jun24-Sep24,Jun-Sep
2024-06-18,PHP,2024-06-19,2024-09-18,0.023767512066707845,0.31237301573387455,45.05875685986969,0.2886055036671667,91,1,2.5325468668170643,Jun24-Sep24,Jun-Sep
2024-06-19,PHP,2024-09-18,2024-12-18,0.29602306670529777,0.5920461334105955,44.73524804344782,0.29602306670529777,91,91,2.60059339880604,Sep24-Dec24,Sep-Dec
2024-06-20,PHP,2024-09-18,2024-12-18,0.2906859308400702,0.5846017053561412,44.820006448580656,0.293915774516071,91,90,2.5775346420768646,Sep24-Dec24,Sep-Dec
2024-06-21,PHP,2024-09-18,2024-12-18,0.281333463693905,0.5689890276955382,44.58866215694562,0.28765556400163317,91,89,2.536167074791517,Sep24-Dec24,Sep-Dec
2024-06-24,PHP,2024-09-18,2024-12-18,0.268772699930842,0.5531717196251051,44.850376983092474,0.2843990196942631,91,86,2.4936086581207375,Sep24-Dec24,Sep-Dec
2024-06-25,PHP,2024-09-18,2024-12-18,0.26066246264348747,0.5397246285323977,44.80223879624524,0.2790621658889102,91,85,2.4498693246200522,Sep24-Dec24,Sep-Dec
2024-06-26,PHP,2024-09-18,2024-12-18,0.26193439172673927,0.5456966494307068,44.93890320713449,0.28376225770396757,91,84,2.483529120645033,Sep24-Dec24,Sep-Dec
2024-06-27,PHP,2024-09-18,2024-12-18,0.258389144879245,0.5416832675781763,45.04707860167303,0.2832941226989313,91,83,2.473705840883103,Sep24-Dec24,Sep-Dec
2024-06-28,PHP,2024-09-18,2024-12-18,0.256256116663918,0.5406379046689977,45.138052714250904,0.28438178800507974,91,82,2.4783433928622864,Sep24-Dec24,Sep-Dec
2024-07-01,PHP,2024-09-18,2024-12-18,0.2505148431629224,0.5390825738948963,45.12785529065257,0.28856773073197395,91,79,2.515706544120293,Sep24-Dec24,Sep-Dec
2024-07-02,PHP,2024-09-18,2024-12-18,0.2542836100449992,0.550947821764165,45.27438111769807,0.2966642117191658,91,78,2.577753309402518,Sep24-Dec24,Sep-Dec
2024-07-03,PHP,2024-09-18,2024-12-18,0.2505069847983105,0.5512555985096775,45.27229246977448,0.300748613711367,91,77,2.61357989802164,Sep24-Dec24,Sep-Dec
2024-07-04,PHP,2024-09-18,2024-12-18,0.2556843304263201,0.5662562103806948,45.49923713738597,0.31057187995437474,91,76,2.685254327176681,Sep24-Dec24,Sep-Dec
2024-07-05,PHP,2024-09-18,2024-12-18,0.2527909268225041,0.5636594222683723,45.721883401309555,0.3108684954458682,91,75,2.6749714935567503,Sep24-Dec24,Sep-Dec
2024-07-08,PHP,2024-09-18,2024-12-18,0.23715854268803319,0.5401527166536318,45.614248229626554,0.3029941739655987,91,72,2.6142235429881513,Sep24-Dec24,Sep-Dec
2024-07-09,PHP,2024-09-18,2024-12-18,0.23812847727358097,0.5462774830708499,45.39215655674901,0.3081490057972689,91,71,2.671583162446381,Sep24-Dec24,Sep-Dec
2024-07-10,PHP,2024-09-18,2024-12-18,0.23202580491755403,0.5363119101145055,45.47243664225115,0.3042861051969515,91,70,2.6338111049091646,Sep24-Dec24,Sep-Dec
2024-07-11,PHP,2024-09-18,2024-12-18,0.2239490564846623,0.5216587815112727,45.44912983188175,0.29770972502661036,91,69,2.5786585599487775,Sep24-Dec24,Sep-Dec
2024-07-12,PHP,2024-09-18,2024-12-18,0.22723363313196154,0.5333950579562505,45.610316592618446,0.306161424824289,91,68,2.642349009239859,Sep24-Dec24,Sep-Dec
2024-07-15,PHP,2024-09-18,2024-12-18,0.2135678665790965,0.5137434993342116,45.538182426087005,0.3001756327551151,91,65,2.5955465968323486,Sep24-Dec24,Sep-Dec
2024-07-16,PHP,2024-09-18,2024-12-18,0.20970292052709,0.5087616038392642,45.63479251121107,0.29905868331217417,91,64,2.5806572533471686,Sep24-Dec24,Sep-Dec
2024-07-17,PHP,2024-09-18,2024-12-18,0.20162007890978528,0.4934372232486736,45.37091333816834,0.29181714433888833,91,63,2.5331956851432507,Sep24-Dec24,Sep-Dec
2024-07-18,PHP,2024-09-18,2024-12-18,0.1950903172002393,0.48172657074726405,45.362126887688916,0.2866362535470247,91,62,2.48905812953409,Sep24-Dec24,Sep-Dec
2024-07-19,PHP,2024-09-18,2024-12-18,0.19394379949093046,0.4832697954528103,45.286621431005564,0.2893259959618798,91,61,2.5166493684733884,Sep24-Dec24,Sep-Dec
2024-07-22,PHP,2024-09-18,2024-12-18,0.18111404718070787,0.46527574189526677,45.524663357252734,0.2841616947145589,91,58,2.45954935842684,Sep24-Dec24,Sep-Dec
2024-07-23,PHP,2024-09-18,2024-12-18,0.180534985676306,0.46875750666830335,45.54159292795866,0.28822252099199736,91,57,2.4938055471082246,Sep24-Dec24,Sep-Dec
2024-07-24,PHP,2024-09-18,2024-12-18,0.17780565538763649,0.4667398453925457,45.62307201078746,0.2889341900049092,91,56,2.4956647433582773,Sep24-Dec24,Sep-Dec
2024-07-25,PHP,2024-09-18,2024-12-18,0.18264958717667795,0.4848516314144542,45.97319762136948,0.30220204423777625,91,55,2.5901909355259973,Sep24-Dec24,Sep-Dec
2024-07-26,PHP,2024-09-18,2024-12-18,0.17979733136502413,0.48278913051719435,46.23189143084153,0.3029917991521702,91,54,2.58264438923606,Sep24-Dec24,Sep-Dec
2024-07-29,PHP,2024-09-18,2024-12-18,0.16811292414715637,0.4680791221352197,46.04988678479688,0.29996619798806334,91,51,2.567569933881223,Sep24-Dec24,Sep-Dec
2024-07-30,PHP,2024-09-18,2024-12-18,0.16916230828308162,0.4770377093582902,46.11451694656909,0.3078754010752086,91,50,2.631529384108995,Sep24-Dec24,Sep-Dec
2024-07-31,PHP,2024-09-18,2024-12-18,0.1632739992567652,0.4664971407336148,46.619071800797244,0.3032231414768496,91,49,2.564138363858535,Sep24-Dec24,Sep-Dec
2024-08-01,PHP,2024-09-18,2024-12-18,0.1567154864248051,0.4538219294384981,46.61010170985251,0.297106443013693,91,48,2.51324810763382,Sep24-Dec24,Sep-Dec
2024-08-02,PHP,2024-09-18,2024-12-18,0.14904464611269772,0.4424442347212185,46.515064174123886,0.2933995886085208,91,47,2.4873541969736785,Sep24-Dec24,Sep-Dec
2024-08-05,PHP,2024-09-18,2024-12-18,0.13866851204154118,0.429378426724958,46.50194363469066,0.29070991468341684,91,44,2.4657935391741588,Sep24-Dec24,Sep-Dec
2024-08-06,PHP,2024-09-18,2024-12-18,0.13919186723603671,0.4373886804464586,46.64543010362845,0.2981968132104219,91,43,2.52151166540858,Sep24-Dec24,Sep-Dec
2024-08-07,PHP,2024-09-18,2024-12-18,0.1371938471360009,0.4377796112955682,46.74055836481312,0.3005857641595673,91,42,2.536662786645236,Sep24-Dec24,Sep-Dec
2024-08-08,PHP,2024-09-18,2024-12-18,0.1336194447789738,0.43321059914135734,46.6122934804174,0.29959115436238354,91,41,2.535399784353561,Sep24-Dec24,Sep-Dec
2024-08-09,PHP,2024-09-18,2024-12-18,0.1285838166718756,0.4238214189233164,46.44718839297887,0.2952376022514408,91,40,2.507683451229406,Sep24-Dec24,Sep-Dec
2024-08-12,PHP,2024-09-18,2024-12-18,0.12057941951032078,0.41895553390096,46.69509753900787,0.29837611439063927,91,37,2.521354171614134,Sep24-Dec24,Sep-Dec
2024-08-13,PHP,2024-09-18,2024-12-18,0.12256907309218956,0.4339102121296548,46.71030339385505,0.31134113903746524,91,36,2.6299459471042708,Sep24-Dec24,Sep-Dec
2024-08-14,PHP,2024-09-18,2024-12-18,0.12033481799048748,0.43441758022864396,46.75765356857734,0.31408276223815645,91,35,2.6505514763212363,Sep24-Dec24,Sep-Dec
2024-08-15,PHP,2024-09-18,2024-12-18,0.11756581182328447,0.4331369699599191,46.785631351297965,0.31557115813663467,91,34,2.6616807560185283,Sep24-Dec24,Sep-Dec
2024-08-16,PHP,2024-09-18,2024-12-18,0.1094978049296099,0.4120516022051075,46.69494895384391,0.3025537972754976,91,33,2.5572700971313993,Sep24-Dec24,Sep-Dec
2024-08-19,PHP,2024-09-18,2024-12-18,0.10397311745787798,0.41935824041344116,47.040888929131405,0.3153851229555632,91,30,2.6464758943648325,Sep24-Dec24,Sep-Dec
2024-08-20,PHP,2024-09-18,2024-12-18,0.10455176388457273,0.43262798848788714,46.92820082278968,0.3280762246033144,91,29,2.759532228252759,Sep24-Dec24,Sep-Dec
2024-08-21,PHP,2024-09-18,2024-12-18,0.10673476526772831,0.4536227523878452,47.09973359420178,0.3468879871201169,91,28,2.907025610178923,Sep24-Dec24,Sep-Dec
2024-08-22,PHP,2024-09-18,2024-12-18,0.10336361401663458,0.45173727607269926,47.02129501000308,0.3483736620560647,91,27,2.9245443053869136,Sep24-Dec24,Sep-Dec
2024-08-23,PHP,2024-09-18,2024-12-18,0.10261777077967449,0.46177996850853525,47.07281756817408,0.35916219772886077,91,26,3.011867153648747,Sep24-Dec24,Sep-Dec
2024-08-26,PHP,2024-09-18,2024-12-18,0.09256982823156631,0.45882436601732873,47.12222896140484,0.36625453778576245,91,23,3.0687815848514863,Sep24-Dec24,Sep-Dec
2024-08-27,PHP,2024-09-18,2024-12-18,0.08761039874952511,0.449998866304379,47.03471633410025,0.3623884675548539,91,22,3.0423470278494955,Sep24-Dec24,Sep-Dec
2024-08-28,PHP,2024-09-18,2024-12-18,0.08446525690012123,0.45048137013397993,46.996237399033475,0.3660161132338587,91,21,3.0755187388669896,Sep24-Dec24,Sep-Dec
2024-08-29,PHP,2024-09-18,2024-12-18,0.07978765276228562,0.4428214728306852,47.09361175615235,0.36303382006839957,91,20,3.044465244643287,Sep24-Dec24,Sep-Dec
2024-08-30,PHP,2024-09-18,2024-12-18,0.07737566992514178,0.4479644048297682,46.924505125099195,0.3705887349046264,91,19,3.119163106027565,Sep24-Dec24,Sep-Dec
2024-09-02,PHP,2024-09-18,2024-12-18,0.06560177947537535,0.4434374588618971,47.08681625251812,0.37783567938652174,91,16,3.1700061591764586,Sep24-Dec24,Sep-Dec
2024-09-03,PHP,2024-09-18,2024-12-18,0.06101993691662757,0.4356549647829606,47.26962093802247,0.37463502786633307,91,15,3.1313174939443535,Sep24-Dec24,Sep-Dec
2024-09-04,PHP,2024-09-18,2024-12-18,0.05561270127404577,0.4212318831381556,47.1068563103926,0.36561918186410985,91,14,3.0668571534485936,Sep24-Dec24,Sep-Dec
2024-09-05,PHP,2024-09-18,2024-12-18,0.05226418593430894,0.42195677331563125,47.13304394213431,0.3696925873813223,91,13,3.0995243729988484,Sep24-Dec24,Sep-Dec
2024-09-06,PHP,2024-09-18,2024-12-18,0.04775535834304818,0.4134334535489834,46.94234038817838,0.36567809520593525,91,12,3.078603257590067,Sep24-Dec24,Sep-Dec
2024-09-09,PHP,2024-09-18,2024-12-18,0.03589323275251888,0.4014881512717613,47.376042667484086,0.3655949185192424,91,9,3.050517850213345,Sep24-Dec24,Sep-Dec
2024-09-10,PHP,2024-09-18,2024-12-18,0.03216436624774679,0.40041591259159115,47.467471209085126,0.3682515463438444,91,8,3.0670115392925705,Sep24-Dec24,Sep-Dec
2024-09-11,PHP,2024-09-18,2024-12-18,0.02794177561006487,0.393281170751096,47.74458013407303,0.3653393951410311,91,7,3.025376614583726,Sep24-Dec24,Sep-Dec
2024-09-12,PHP,2024-09-18,2024-12-18,0.028604149175109905,0.39817104968566425,47.809128028610616,0.36956690051055435,91,6,3.056212818963025,Sep24-Dec24,Sep-Dec
2024-09-13,PHP,2024-09-18,2024-12-18,0.028565984349240757,0.3932559433674395,47.633185086447014,0.3646899590181988,91,5,3.0270174212878587,Sep24-Dec24,Sep-Dec
2024-09-16,PHP,2024-09-18,2024-12-18,0.028670536173296433,0.38151145386176294,48.05988993879353,0.3528409176884665,91,2,2.902674078990352,Sep24-Dec24,Sep-Dec
2024-09-17,PHP,2024-09-18,2024-12-18,0.029647225672933007,0.389949815748129,47.91849659196264,0.360302590075196,91,1,2.972738400959177,Sep24-Dec24,Sep-Dec
2024-09-18,PHP,2024-12-18,2025-03-19,0.3828481501866379,0.7750517711548268,48.11384973369057,0.3922036209681889,91,91,3.1993410520133327,Dec24-Mar25,Dec-Mar
2024-09-19,PHP,2024-12-18,2025-03-19,0.36694289051161144,0.7472869908935879,47.95234273264266,0.3803441003819764,91,90,3.1139905322029167,Dec24-Mar25,Dec-Mar
2024-09-20,PHP,2024-12-18,2025-03-19,0.35375435678096007,0.7248274643842408,48.18453281940149,0.37107310760328077,91,89,3.024378506097667,Dec24-Mar25,Dec-Mar
2024-09-23,PHP,2024-12-18,2025-03-19,0.33464593940510273,0.6980303115328801,47.73740633967138,0.36338437212777736,91,86,2.990437231036738,Dec24-Mar25,Dec-Mar
2024-09-24,PHP,2024-12-18,2025-03-19,0.3290174448955306,0.6905069765165577,47.55767610518376,0.3614895316210271,91,85,2.9863587788682233,Dec24-Mar25,Dec-Mar
2024-09-25,PHP,2024-12-18,2025-03-19,0.32409762515874424,0.6844623910899674,47.6177417618584,0.3603647659312232,91,84,2.973642380979423,Dec24-Mar25,Dec-Mar
2024-09-26,PHP,2024-12-18,2025-03-19,0.32140869767485947,0.6830816017844233,47.75171066529698,0.3616729041095639,91,83,2.976286800871803,Dec24-Mar25,Dec-Mar
2024-09-27,PHP,2024-12-18,2025-03-19,0.321235479619622,0.6869829504990671,47.59425575303229,0.3657474708794451,91,82,3.0197187472952023,Dec24-Mar25,Dec-Mar
2024-09-30,PHP,2024-12-18,2025-03-19,0.2961695283494584,0.6465972158839435,47.67625402395899,0.35042768753448506,91,79,2.88980049921734,Dec24-Mar25,Dec-Mar
2024-10-01,PHP,2024-12-18,2025-03-19,0.28807855805750937,0.6334943728557654,47.95284204597499,0.345415814798256,91,78,2.832616229841257,Dec24-Mar25,Dec-Mar
2024-10-02,PHP,2024-12-18,2025-03-19,0.29327313794873083,0.6383346015293996,48.21341127469735,0.34506146358066875,91,77,2.8142066067622715,Dec24-Mar25,Dec-Mar
2024-10-03,PHP,2024-12-18,2025-03-19,0.2933803299176158,0.6437405875118707,48.1580196614757,0.3503602575942549,91,76,2.8606822088525123,Dec24-Mar25,Dec-Mar
2024-10-04,PHP,2024-12-18,2025-03-19,0.2965778085083196,0.6561171881891514,48.21866032868971,0.3595393796808318,91,75,2.9317666872495063,Dec24-Mar25,Dec-Mar
2024-10-07,PHP,2024-12-18,2025-03-19,0.2875729184181109,0.652633993021586,48.455717802369016,0.3650610746034751,91,72,2.9628645017930184,Dec24-Mar25,Dec-Mar
2024-10-08,PHP,2024-12-18,2025-03-19,0.2739486244724765,0.6273360845569393,48.761800034071086,0.35338746008446287,91,71,2.8510145431730813,Dec24-Mar25,Dec-Mar
2024-10-09,PHP,2024-12-18,2025-03-19,0.2713686762801979,0.6270987450782776,48.953192081846694,0.35573006879807967,91,70,2.858905731158597,Dec24-Mar25,Dec-Mar
2024-10-10,PHP,2024-12-18,2025-03-19,0.2609539485592457,0.6087482404126857,49.01927025600096,0.34779429185344,91,69,2.791970873594486,Dec24-Mar25,Dec-Mar
2024-10-11,PHP,2024-12-18,2025-03-19,0.25507774272251194,0.6007611622628499,48.99827034580759,0.345683419540338,91,68,2.7765397798319644,Dec24-Mar25,Dec-Mar
2024-10-14,PHP,2024-12-18,2025-03-19,0.2493511582474929,0.60495115000657,49.222967994355656,0.3555999917590771,91,65,2.843548113902712,Dec24-Mar25,Dec-Mar
2024-10-15,PHP,2024-12-18,2025-03-19,0.24208481729230724,0.5935653332834647,49.311479805680214,0.3514805159911575,91,64,2.8059986835122785,Dec24-Mar25,Dec-Mar
2024-10-16,PHP,2024-12-18,2025-03-19,0.24508788665719575,0.6071271360207116,49.29682373346816,0.36203924936351584,91,63,2.8909727894178134,Dec24-Mar25,Dec-Mar
2024-10-17,PHP,2024-12-18,2025-03-19,0.24578014575844345,0.6153489236236507,49.464611324332374,0.36956877786520725,91,62,2.94109598975067,Dec24-Mar25,Dec-Mar
2024-10-18,PHP,2024-12-18,2025-03-19,0.24604716181477307,0.6226921387526594,49.32521604309549,0.37664497693788634,91,61,3.0058223015827257,Dec24-Mar25,Dec-Mar
2024-10-21,PHP,2024-12-18,2025-03-19,0.23599878085782178,0.6158306041535898,49.154780668324534,0.37983182329576803,91,58,3.0423317988095766,Dec24-Mar25,Dec-Mar
2024-10-22,PHP,2024-12-18,2025-03-19,0.24206306066445807,0.6380788377405096,49.18743815361674,0.3960157770760515,91,57,3.1694752787574485,Dec24-Mar25,Dec-Mar
2024-10-23,PHP,2024-12-18,2025-03-19,0.23966773748944067,0.6386401133455046,48.92041252657458,0.39897237585606393,91,56,3.2106380780009767,Dec24-Mar25,Dec-Mar
2024-10-24,PHP,2024-12-18,2025-03-19,0.2403109414178834,0.6474034448259446,48.79094198175365,0.4070925034080612,91,55,3.284590422728494,Dec24-Mar25,Dec-Mar
2024-10-25,PHP,2024-12-18,2025-03-19,0.23161315411152011,0.6314183382271302,48.826944580439786,0.3998051841156101,91,54,3.2239979225921145,Dec24-Mar25,Dec-Mar
2024-10-28,PHP,2024-12-18,2025-03-19,0.21635393805476966,0.6118983966781255,48.863095140212806,0.39554445862335585,91,51,3.1882820493527135,Dec24-Mar25,Dec-Mar
2024-10-29,PHP,2024-12-18,2025-03-19,0.2204407210641584,0.6311734913100702,49.01481210416623,0.41073277024591176,91,50,3.300230627530973,Dec24-Mar25,Dec-Mar
2024-10-30,PHP,2024-12-18,2025-03-19,0.21644791312067835,0.6278897819057115,48.688318231650904,0.4114418687850332,91,49,3.3282688919359695,Dec24-Mar25,Dec-Mar
2024-10-31,PHP,2024-12-18,2025-03-19,0.20816115419786593,0.612209951586479,48.393990283674725,0.404048797388613,91,48,3.2888149095607564,Dec24-Mar25,Dec-Mar
2024-11-01,PHP,2024-12-18,2025-03-19,0.20855412714367288,0.6066658075970154,47.91404034454882,0.3981116804533425,91,47,3.2727813713668374,Dec24-Mar25,Dec-Mar
2024-11-04,PHP,2024-12-18,2025-03-19,0.18911866215010698,0.5766688511532435,47.76490290772668,0.38755018900313654,91,44,3.1971574701727152,Dec24-Mar25,Dec-Mar
2024-11-05,PHP,2024-12-18,2025-03-19,0.1816905449411228,0.5633419728979182,47.87853903247292,0.3816514279567954,91,43,3.141536855232981,Dec24-Mar25,Dec-Mar
2024-11-06,PHP,2024-12-18,2025-03-19,0.18022409414050466,0.5686061502296637,47.90785788242618,0.388382056089159,91,42,3.1950878938697675,Dec24-Mar25,Dec-Mar
2024-11-07,PHP,2024-12-18,2025-03-19,0.17778706293297458,0.5710635916000205,47.81540452392856,0.39327652866704593,91,41,3.2417498875260145,Dec24-Mar25,Dec-Mar
2024-11-08,PHP,2024-12-18,2025-03-19,0.1739117170748138,0.5690377761209495,47.65523149038127,0.39512605904613574,91,40,3.2681665464608005,Dec24-Mar25,Dec-Mar
2024-11-11,PHP,2024-12-18,2025-03-19,0.1553357929620658,0.5393931003071006,47.36058328720954,0.38405730734503485,91,37,3.197554880361955,Dec24-Mar25,Dec-Mar
2024-11-12,PHP,2024-12-18,2025-03-19,0.15239048141646888,0.5405069022976744,47.13381541259042,0.3881164208812055,91,36,3.2470476157680417,Dec24-Mar25,Dec-Mar
2024-11-13,PHP,2024-12-18,2025-03-19,0.14767616125692998,0.5354495985573222,46.79128048494091,0.38777343730039227,91,35,3.2681782309510994,Dec24-Mar25,Dec-Mar
2024-11-14,PHP,2024-12-18,2025-03-19,0.14156829779091923,0.5252251798711577,46.510232903035124,0.38365688208023846,91,34,3.2533866870745944,Dec24-Mar25,Dec-Mar
2024-11-15,PHP,2024-12-18,2025-03-19,0.13330343312490672,0.5066524195004083,46.50713535307015,0.37334898637550157,91,33,3.166747653933069,Dec24-Mar25,Dec-Mar
2024-11-18,PHP,2024-12-18,2025-03-19,0.11887649131472547,0.4884815063224292,46.35252695847331,0.3696050150077037,91,30,3.146394507591406,Dec24-Mar25,Dec-Mar
2024-11-19,PHP,2024-12-18,2025-03-19,0.1138883488993526,0.4803008413256805,46.484783737967355,0.3664124924263279,91,29,3.1106979258550815,Dec24-Mar25,Dec-Mar
2024-11-20,PHP,2024-12-18,2025-03-19,0.10946014558116299,0.4742249385609345,46.385073467958094,0.3647647929797715,91,28,3.103645617008731,Dec24-Mar25,Dec-Mar
2024-11-21,PHP,2024-12-18,2025-03-19,0.10804587098425877,0.4813031659340684,46.81384839567845,0.37325729494980964,91,27,3.1469792275300716,Dec24-Mar25,Dec-Mar
2024-11-22,PHP,2024-12-18,2025-03-19,0.10782105800303254,0.4942938371912771,46.79524891352944,0.3864727791882446,91,26,3.2597083798803106,Dec24-Mar25,Dec-Mar
2024-11-25,PHP,2024-12-18,2025-03-19,0.09434100389756057,0.47663590849651266,46.45374061816085,0.3822949045989521,91,23,3.249060743350566,Dec24-Mar25,Dec-Mar
2024-11-26,PHP,2024-12-18,2025-03-19,0.08986655797231113,0.4706406724845381,46.56009595060048,0.380774114512227,91,22,3.229068263575229,Dec24-Mar25,Dec-Mar
2024-11-27,PHP,2024-12-18,2025-03-19,0.08899915125685912,0.48371391135575564,46.551966784321294,0.3947147600988965,91,21,3.347934395714259,Dec24-Mar25,Dec-Mar
2024-11-28,PHP,2024-12-18,2025-03-19,0.08303467050241714,0.46983313965772333,46.23798018501306,0.3867984691553062,91,20,3.3034503904586328,Dec24-Mar25,Dec-Mar
2024-11-29,PHP,2024-12-18,2025-03-19,0.07769139046366812,0.45878975988609366,46.27285357866361,0.38109836942242553,91,19,3.2526950913219714,Dec24-Mar25,Dec-Mar
2024-12-02,PHP,2024-12-18,2025-03-19,0.06659988384593402,0.44685283271052034,45.95804444744626,0.3802529488645863,91,16,3.2684606301256496,Dec24-Mar25,Dec-Mar
2024-12-03,PHP,2024-12-18,2025-03-19,0.06310944714791074,0.45097036758733394,46.027261078599516,0.3878609204394232,91,15,3.329100704957158,Dec24-Mar25,Dec-Mar
2024-12-04,PHP,2024-12-18,2025-03-19,0.06110403602340107,0.46729117356324035,46.34178885119412,0.40618713753983926,91,14,3.4629180865788833,Dec24-Mar25,Dec-Mar
2024-12-05,PHP,2024-12-18,2025-03-19,0.058604243839051134,0.4778490852114877,46.36354885240422,0.41924484137243656,91,13,3.5727576387408964,Dec24-Mar25,Dec-Mar
2024-12-06,PHP,2024-12-18,2025-03-19,0.0534711893207805,0.46794760863543783,46.216630107797904,0.41447641931465734,91,12,3.543728860724635,Dec24-Mar25,Dec-Mar
2024-12-09,PHP,2024-12-18,2025-03-19,0.0396432686280943,0.44944869627170436,46.12080207766229,0.40980542764361005,91,9,3.512115780125981,Dec24-Mar25,Dec-Mar
2024-12-10,PHP,2024-12-18,2025-03-19,0.03475186691237547,0.43900096894010054,46.01116748290639,0.40424910202772507,91,8,3.473113881521977,Dec24-Mar25,Dec-Mar
2024-12-11,PHP,2024-12-18,2025-03-19,0.02941105669190207,0.4207292446594218,46.15431928864855,0.3913181879675197,91,7,3.3519855170278325,Dec24-Mar25,Dec-Mar
2024-12-12,PHP,2024-12-18,2025-03-19,0.02953314586260268,0.41821265436319954,46.11925606770848,0.38867950850059685,91,6,3.331903711115679,Dec24-Mar25,Dec-Mar
2024-12-13,PHP,2024-12-18,2025-03-19,0.03104061812650748,0.4346491972835495,46.02492796417594,0.403608579157042,91,5,3.4668541979056915,Dec24-Mar25,Dec-Mar
2024-12-16,PHP,2024-12-18,2025-03-19,0.030249132176799195,0.41089092912763087,46.33509412733222,0.38064179695083167,91,2,3.2477613113243216,Dec24-Mar25,Dec-Mar
2024-12-17,PHP,2024-12-18,2025-03-19,0.030372959480363296,0.40819727002322165,46.33612748752265,0.37782431054285837,91,1,3.223641132627596,Dec24-Mar25,Dec-Mar
2024-12-18,PHP,2025-03-19,2025-06-18,0.39915212061808,0.7892805266278488,46.4076751284571,0.3901284060097688,91,91,3.2973077078333093,Mar25-Jun25,Mar-Jun
2024-12-19,PHP,2025-03-19,2025-06-18,0.40058910872808356,0.7964334963311176,46.77253431612441,0.39584438760303403,91,90,3.319639836029757,Mar25-Jun25,Mar-Jun
2024-12-20,PHP,2025-03-19,2025-06-18,0.4014478835083522,0.8026621125479438,46.55082657850899,0.40121422903959164,91,89,3.3804989088545443,Mar25-Jun25,Mar-Jun
2024-12-23,PHP,2025-03-19,2025-06-18,0.3893002169456483,0.7916499297757347,46.5821032841382,0.40234971283008636,91,86,3.388685521438074,Mar25-Jun25,Mar-Jun
2024-12-24,PHP,2025-03-19,2025-06-18,0.3817226797054143,0.7806453944113564,46.81317380652131,0.3989227147059421,91,85,3.3439119734093934,Mar25-Jun25,Mar-Jun
2024-12-25,PHP,2025-03-19,2025-06-18,0.388153842504875,0.7987857368642067,46.84637284670431,0.41063189435933173,91,84,3.4391745566282843,Mar25-Jun25,Mar-Jun
2024-12-26,PHP,2025-03-19,2025-06-18,0.3742637592301458,0.7746598031245653,46.63217595201291,0.40039604389441946,91,83,3.3697177646354994,Mar25-Jun25,Mar-Jun
2024-12-27,PHP,2025-03-19,2025-06-18,0.3718173946397034,0.7743284598736933,46.87773982563686,0.40251106523398983,91,82,3.3700875956068854,Mar25-Jun25,Mar-Jun
2024-12-30,PHP,2025-03-19,2025-06-18,0.3687504807887459,0.7829795945065687,47.03135894889053,0.41422911371782284,91,79,3.45718311931736,Mar25-Jun25,Mar-Jun
2024-12-31,PHP,2025-03-19,2025-06-18,0.36364590812424025,0.7772232450902313,47.06253189090739,0.4135773369659911,91,78,3.449846055893816,Mar25-Jun25,Mar-Jun
2025-01-01,PHP,2025-03-19,2025-06-18,0.3500526192876654,0.7637511693549064,47.06374338053478,0.413698550067241,91,77,3.4517583207717784,Mar25-Jun25,Mar-Jun
2025-01-02,PHP,2025-03-19,2025-06-18,0.3578027319905632,0.7862244242424218,47.181303992523745,0.42842169225185855,91,76,3.5651806755491706,Mar25-Jun25,Mar-Jun
2025-01-03,PHP,2025-03-19,2025-06-18,0.347964150192988,0.7701606524271467,47.22599760085903,0.4221965022341587,91,75,3.5108026732488584,Mar25-Jun25,Mar-Jun
2025-01-06,PHP,2025-03-19,2025-06-18,0.3252188009101955,0.7362592298383593,47.45698821430789,0.41104042892816384,91,72,3.403137079945052,Mar25-Jun25,Mar-Jun
2025-01-07,PHP,2025-03-19,2025-06-18,0.31678178388236794,0.7227978730837128,47.51981987971361,0.40601608920134485,91,71,3.3577165598783183,Mar25-Jun25,Mar-Jun
2025-01-08,PHP,2025-03-19,2025-06-18,0.31466848130039293,0.7237375069909038,47.794463633604735,0.40906902569051085,91,70,3.3638001259771984,Mar25-Jun25,Mar-Jun
2025-01-09,PHP,2025-03-19,2025-06-18,0.31047653073309256,0.719945578511519,47.693052594780134,0.4094690477784264,91,69,3.3744967946325555,Mar25-Jun25,Mar-Jun
2025-01-10,PHP,2025-03-19,2025-06-18,0.3108993290685593,0.726955784145602,47.777356450376516,0.4160564550770427,91,68,3.422743449106665,Mar25-Jun25,Mar-Jun
2025-01-13,PHP,2025-03-19,2025-06-18,0.2852342890685268,0.6845622937644644,47.71791506563582,0.3993280046959376,91,65,3.2909489495851854,Mar25-Jun25,Mar-Jun
2025-01-14,PHP,2025-03-19,2025-06-18,0.27560070331706465,0.667470453346016,47.62971798216479,0.3918697500289513,91,64,3.2360789964398897,Mar25-Jun25,Mar-Jun
2025-01-15,PHP,2025-03-19,2025-06-18,0.26729415035356613,0.6533857008642728,47.57328452324683,0.3860915505107067,91,63,3.192676985156045,Mar25-Jun25,Mar-Jun
2025-01-16,PHP,2025-03-19,2025-06-18,0.26946327812454113,0.6649658315008836,47.3888850495823,0.3955025533763425,91,62,3.2830040082921066,Mar25-Jun25,Mar-Jun
2025-01-17,PHP,2025-03-19,2025-06-18,0.2654303073968242,0.6614001102347096,47.263864294555724,0.39596980283788535,91,61,3.295807266679656,Mar25-Jun25,Mar-Jun
2025-01-20,PHP,2025-03-19,2025-06-18,0.25037417134440465,0.6432026125916602,47.128557747028715,0.3928284412472556,91,58,3.28003717651502,Mar25-Jun25,Mar-Jun
2025-01-21,PHP,2025-03-19,2025-06-18,0.2447728956546624,0.6355506764366672,46.91476195126349,0.39077778078200476,91,57,3.2780944147075926,Mar25-Jun25,Mar-Jun
2025-01-22,PHP,2025-03-19,2025-06-18,0.23876583323546663,0.6267603122430999,46.73215822064828,0.3879944790076333,91,56,3.2678156637832503,Mar25-Jun25,Mar-Jun
2025-01-23,PHP,2025-03-19,2025-06-18,0.22957117215839662,0.6094071115477437,46.53731877522851,0.3798359393893471,91,55,3.2130587986501395,Mar25-Jun25,Mar-Jun
2025-01-24,PHP,2025-03-19,2025-06-18,0.23041983938936567,0.6187199391010745,46.66948262782919,0.3883000997117088,91,54,3.2753421260726148,Mar25-Jun25,Mar-Jun
2025-01-27,PHP,2025-03-19,2025-06-18,0.22187381994082236,0.6177663221881721,46.52401755735482,0.39589250224734973,91,51,3.3503867283605744,Mar25-Jun25,Mar-Jun
2025-01-28,PHP,2025-03-19,2025-06-18,0.21365888369930258,0.6025180520320332,46.59040063375561,0.38885916833273065,91,50,3.2867746483855402,Mar25-Jun25,Mar-Jun
2025-01-29,PHP,2025-03-19,2025-06-18,0.20998278676337978,0.5999508193239422,46.66058035396528,0.38996803256056245,91,49,3.29147032782502,Mar25-Jun25,Mar-Jun
2025-01-30,PHP,2025-03-19,2025-06-18,0.20633730438872588,0.5975184439590188,46.63422900928924,0.3911811395702929,91,48,3.3038238106517737,Mar25-Jun25,Mar-Jun
2025-01-31,PHP,2025-03-19,2025-06-18,0.20273318503917398,0.5952591390511917,46.72106653276569,0.3925259540120177,91,47,3.3093013295989375,Mar25-Jun25,Mar-Jun
2025-02-03,PHP,2025-03-19,2025-06-18,0.18524951498911968,0.5683791937166173,46.557932113036706,0.3831296787274976,91,44,3.242564577594388,Mar25-Jun25,Mar-Jun
2025-02-04,PHP,2025-03-19,2025-06-18,0.174513783656851,0.5438336513957682,46.390979099183234,0.36931986773891723,91,43,3.137614444007973,Mar25-Jun25,Mar-Jun
2025-02-05,PHP,2025-03-19,2025-06-18,0.17304744907733602,0.5479835887448974,46.351050515254855,0.37493613966756134,91,42,3.1881625096126727,Mar25-Jun25,Mar-Jun
2025-02-06,PHP,2025-03-19,2025-06-18,0.16505868005529478,0.531408433348754,46.19690143369201,0.3663497532934592,91,41,3.1260449811849513,Mar25-Jun25,Mar-Jun
2025-02-07,PHP,2025-03-19,2025-06-18,0.16528117465357103,0.5412958469904451,46.40460866615875,0.376014672336874,91,40,3.1941895868057806,Mar25-Jun25,Mar-Jun
2025-02-10,PHP,2025-03-19,2025-06-18,0.15243809010769946,0.5273533928050144,46.34049163787319,0.3749153026973149,91,37,3.190122510974939,Mar25-Jun25,Mar-Jun
2025-02-11,PHP,2025-03-19,2025-06-18,0.15005932901215402,0.5293759662373211,46.714706404874924,0.37931663722516706,91,36,3.2019647737969907,Mar25-Jun25,Mar-Jun
2025-02-12,PHP,2025-03-19,2025-06-18,0.14704610724212644,0.5293659860716553,46.95079125077928,0.3823198788295289,91,35,3.2113454263763663,Mar25-Jun25,Mar-Jun
2025-02-13,PHP,2025-03-19,2025-06-18,0.13870948536708416,0.5099613432613388,46.89984428304514,0.37125185789425463,91,34,3.122308300173394,Mar25-Jun25,Mar-Jun
2025-02-14,PHP,2025-03-19,2025-06-18,0.13288442611941031,0.499323298145663,46.72503296915251,0.3664388720262527,91,33,3.093710445367127,Mar25-Jun25,Mar-Jun
2025-02-17,PHP,2025-03-19,2025-06-18,0.11715876866624071,0.47254036695383755,46.52840951920778,0.35538159828759686,91,30,3.0140167128382065,Mar25-Jun25,Mar-Jun
2025-02-18,PHP,2025-03-19,2025-06-18,0.11391639360819786,0.4713781804477153,46.43047946667434,0.35746178683951746,91,29,3.038248784210452,Mar25-Jun25,Mar-Jun
2025-02-19,PHP,2025-03-19,2025-06-18,0.10436988359178181,0.4435720052650727,46.76072785183362,0.3392021216732909,91,28,2.8633216789572358,Mar25-Jun25,Mar-Jun
2025-02-20,PHP,2025-03-19,2025-06-18,0.09654093809107024,0.4219196553609737,46.6751872112697,0.3253787172699035,91,27,2.752116628597456,Mar25-Jun25,Mar-Jun
2025-02-21,PHP,2025-03-19,2025-06-18,0.09282176561259056,0.4176979452566575,46.54786712915092,0.3248761796440669,91,26,2.755586329017181,Mar25-Jun25,Mar-Jun
2025-02-24,PHP,2025-03-19,2025-06-18,0.08099360453039534,0.4014465615854378,46.380124047198116,0.32045295705504245,91,23,2.7285740163567547,Mar25-Jun25,Mar-Jun
2025-02-25,PHP,2025-03-19,2025-06-18,0.07704398165576404,0.39572590577733346,46.185951660704056,0.3186819241215694,91,22,2.725114710615993,Mar25-Jun25,Mar-Jun
2025-02-26,PHP,2025-03-19,2025-06-18,0.07047995997963971,0.3758931198914118,46.10892239927014,0.3054131599117721,91,21,2.616378349736745,Mar25-Jun25,Mar-Jun
2025-02-27,PHP,2025-03-19,2025-06-18,0.06747889757287168,0.3745078815294378,45.95795482554157,0.30702898395656614,91,20,2.63901946827657,Mar25-Jun25,Mar-Jun
2025-02-28,PHP,2025-03-19,2025-06-18,0.06758371780329026,0.3912741557032594,46.18351888716625,0.32369043789996915,91,19,2.768655293302806,Mar25-Jun25,Mar-Jun
2025-03-03,PHP,2025-03-19,2025-06-18,0.055796907154547375,0.3731418165960355,46.01677465170196,0.31734490944148813,91,16,2.724897631063506,Mar25-Jun25,Mar-Jun
2025-03-04,PHP,2025-03-19,2025-06-18,0.05135619804081397,0.3629171328217521,45.76773216916747,0.3115609347809381,91,15,2.6900333396018588,Mar25-Jun25,Mar-Jun
2025-03-05,PHP,2025-03-19,2025-06-18,0.04955487122445861,0.37166153418343956,45.808660712259886,0.32210666295898094,91,14,2.7787128238354293,Mar25-Jun25,Mar-Jun
2025-03-06,PHP,2025-03-19,2025-06-18,0.046931764370599774,0.3754541149647982,45.681963600529464,0.32852235059419843,91,13,2.842073592906244,Mar25-Jun25,Mar-Jun
2025-03-07,PHP,2025-03-19,2025-06-18,0.044708991724853896,0.3837521789716626,45.698719748442535,0.3390431872468087,91,12,2.932158320191319,Mar25-Jun25,Mar-Jun
2025-03-10,PHP,2025-03-19,2025-06-18,0.033193606615850586,0.3688178512872287,45.519484887539534,0.33562424467137814,91,9,2.9147446616215285,Mar25-Jun25,Mar-Jun
2025-03-11,PHP,2025-03-19,2025-06-18,0.029074662362000372,0.3597989467297546,45.72615650806744,0.33072428436775425,91,8,2.8594758955902204,Mar25-Jun25,Mar-Jun
2025-03-12,PHP,2025-03-19,2025-06-18,0.026087495539639658,0.3652249375549553,45.72920030631698,0.3391374420153156,91,7,2.9322132855176752,Mar25-Jun25,Mar-Jun
2025-03-13,PHP,2025-03-19,2025-06-18,0.025722652114155704,0.3564424650104433,45.68821518675052,0.3307198128962876,91,6,2.8620201601622557,Mar25-Jun25,Mar-Jun
2025-03-14,PHP,2025-03-19,2025-06-18,0.0250096668998215,0.34298971748326623,45.72840855815275,0.31798005058344475,91,5,2.7493968889179214,Mar25-Jun25,Mar-Jun
2025-03-17,PHP,2025-03-19,2025-06-18,0.02462986374677109,0.3272253326356731,45.789113910771725,0.302595468888902,91,2,2.612929826725945,Mar25-Jun25,Mar-Jun
2025-03-18,PHP,2025-03-19,2025-06-18,0.02495229029892708,0.32794438678589877,45.889220335950924,0.3029920964869717,91,1,2.610631932309044,Mar25-Jun25,Mar-Jun
2025-03-19,PHP,2025-06-18,2025-09-17,0.31647363848568133,0.6329472769713627,45.655303574647455,0.31647363848568133,91,91,2.7233744281282064,Jun25-Sep25,Jun-Sep
2025-03-20,PHP,2025-06-18,2025-09-17,0.30211801016141066,0.6075928871023926,45.33053781778203,0.3054748769409819,91,90,2.6482614669681896,Jun25-Sep25,Jun-Sep
2025-03-21,PHP,2025-06-18,2025-09-17,0.2901705003620496,0.5868616861254936,45.45284053735914,0.296691185763444,91,89,2.5659075465825483,Jun25-Sep25,Jun-Sep
2025-03-24,PHP,2025-06-18,2025-09-17,0.27500467142487073,0.5659979865372339,45.23569308650934,0.29099331511236315,91,86,2.5294763697591347,Jun25-Sep25,Jun-Sep
2025-03-25,PHP,2025-06-18,2025-09-17,0.2773734481300489,0.5743261984810424,45.650633539315464,0.2969527503509935,91,85,2.5578251927583575,Jun25-Sep25,Jun-Sep
2025-03-26,PHP,2025-06-18,2025-09-17,0.270483717685945,0.563507745179052,45.71638907936381,0.293024027493107,91,84,2.520753994418456,Jun25-Sep25,Jun-Sep
2025-03-27,PHP,2025-06-18,2025-09-17,0.26529685462553343,0.556164490419793,45.99533881470522,0.29086763579425956,91,83,2.4873958948980888,Jun25-Sep25,Jun-Sep
2025-03-28,PHP,2025-06-18,2025-09-17,0.2698450454600461,0.569307230055951,46.10387734269296,0.29946218459590485,91,82,2.554648418167544,Jun25-Sep25,Jun-Sep
2025-03-31,PHP,2025-06-18,2025-09-17,0.260193263841679,0.5599095551023472,46.32281548252693,0.2997162912606682,91,79,2.5453289825597922,Jun25-Sep25,Jun-Sep
2025-04-01,PHP,2025-06-18,2025-09-17,0.25479264368755494,0.5520507279897024,46.072541321493134,0.2972580843021475,91,78,2.5383848953461516,Jun25-Sep25,Jun-Sep
2025-04-02,PHP,2025-06-18,2025-09-17,0.25230544336778815,0.5504846037115378,46.2237387895494,0.2981791603437497,91,77,2.5381029830862856,Jun25-Sep25,Jun-Sep
2025-04-03,PHP,2025-06-18,2025-09-17,0.2510955447984392,0.5517494208070968,46.17167074695988,0.30065387600865756,91,76,2.5621048551266714,Jun25-Sep25,Jun-Sep
2025-04-04,PHP,2025-06-18,2025-09-17,0.24135718364827594,0.5342038998081841,46.13923108915209,0.2928467161599081,91,75,2.4978434397977116,Jun25-Sep25,Jun-Sep
2025-04-07,PHP,2025-06-18,2025-09-17,0.23675159509853433,0.535979305570293,46.154394664694884,0.2992277104717587,91,72,2.551689429839864,Jun25-Sep25,Jun-Sep
2025-04-08,PHP,2025-06-18,2025-09-17,0.23360423073321568,0.5330124701236753,46.531735536743874,0.2994082393904596,91,71,2.5327992092428766,Jun25-Sep25,Jun-Sep
2025-04-09,PHP,2025-06-18,2025-09-17,0.24109800586329258,0.5545254134855728,46.46731563815021,0.3134274076222803,91,70,2.6546236638065617,Jun25-Sep25,Jun-Sep
2025-04-10,PHP,2025-06-18,2025-09-17,0.22505453327180458,0.5218655843983874,46.4350436205033,0.2968110511265828,91,69,2.5164918449734737,Jun25-Sep25,Jun-Sep
2025-04-11,PHP,2025-06-18,2025-09-17,0.21576727741780818,0.5045146633739926,46.07410501713485,0.28874738595618443,91,68,2.4677046930844515,Jun25-Sep25,Jun-Sep
2025-04-14,PHP,2025-06-18,2025-09-17,0.20167018997733036,0.48400845594559283,46.06226245633636,0.2823382659682625,91,65,2.4142837125037704,Jun25-Sep25,Jun-Sep
2025-04-15,PHP,2025-06-18,2025-09-17,0.19898796253648846,0.48192397176805796,46.233948899753365,0.2829360092315695,91,64,2.4105890449862595,Jun25-Sep25,Jun-Sep
2025-04-16,PHP,2025-06-18,2025-09-17,0.201898459273388,0.4935295671127263,46.144644391509274,0.29163110783933827,91,63,2.489302136896537,Jun25-Sep25,Jun-Sep
2025-04-17,PHP,2025-06-18,2025-09-17,0.21048283856253652,0.519417327420453,46.258785672698544,0.30893448885791647,91,62,2.6300358422119805,Jun25-Sep25,Jun-Sep
2025-04-18,PHP,2025-06-18,2025-09-17,0.20947826222655958,0.5219786206301157,46.56831060918809,0.3125003584035561,91,61,2.6428464960630245,Jun25-Sep25,Jun-Sep
2025-04-21,PHP,2025-06-18,2025-09-17,0.19955203061849602,0.5126422855544122,46.4421866280177,0.31309025493591613,91,58,2.655558832831242,Jun25-Sep25,Jun-Sep
2025-04-22,PHP,2025-06-18,2025-09-17,0.19714340357679105,0.5118811180590365,46.86746553207115,0.3147377144822454,91,57,2.6455467521658727,Jun25-Sep25,Jun-Sep
2025-04-23,PHP,2025-06-18,2025-09-17,0.18749730027389921,0.4921804132189854,46.782921760154714,0.3046831129450862,91,56,2.566167838367334,Jun25-Sep25,Jun-Sep
2025-04-24,PHP,2025-06-18,2025-09-17,0.18803178175812962,0.49913891157612594,46.76266193104533,0.3111071298179963,91,55,2.621374431924615,Jun25-Sep25,Jun-Sep
2025-04-25,PHP,2025-06-18,2025-09-17,0.178535949600633,0.47940208689058855,46.852178559116176,0.3008661372899556,91,54,2.5307709577399504,Jun25-Sep25,Jun-Sep
2025-04-28,PHP,2025-06-18,2025-09-17,0.168246566767017,0.4684512251160081,46.5982021064854,0.3002046583489911,91,51,2.539476179890025,Jun25-Sep25,Jun-Sep
2025-04-29,PHP,2025-06-18,2025-09-17,0.17178609277085355,0.484436781613807,47.01442072742068,0.31265068884295344,91,50,2.6212318202718423,Jun25-Sep25,Jun-Sep
2025-04-30,PHP,2025-06-18,2025-09-17,0.17230047051596717,0.492287058617049,47.12899065784896,0.3199865881010818,91,49,2.676208149238696,Jun25-Sep25,Jun-Sep
2025-05-01,PHP,2025-06-18,2025-09-17,0.17448981331416719,0.5052934177222758,47.31624585781499,0.3308036044081086,91,48,2.755639771341418,Jun25-Sep25,Jun-Sep
2025-05-02,PHP,2025-06-18,2025-09-17,0.16776690386991897,0.49259218583082587,47.28355364568495,0.3248252819609069,91,47,2.708087106089529,Jun25-Sep25,Jun-Sep
2025-05-05,PHP,2025-06-18,2025-09-17,0.1526115808580706,0.4682400776327167,47.220944831845614,0.3156284967746461,91,44,2.6357324667432818,Jun25-Sep25,Jun-Sep
2025-05-06,PHP,2025-06-18,2025-09-17,0.14459798595867807,0.4506076771735549,47.18155066044363,0.3060096912148768,91,43,2.5579681086378403,Jun25-Sep25,Jun-Sep
2025-05-07,PHP,2025-06-18,2025-09-17,0.1377728505146727,0.4362806932964635,47.08863238243589,0.2985078427817908,91,42,2.5005293996941442,Jun25-Sep25,Jun-Sep
2025-05-08,PHP,2025-06-18,2025-09-17,0.1336786358198423,0.43037999824924833,47.28480709543799,0.29670136242940603,91,41,2.475329217050749,Jun25-Sep25,Jun-Sep
2025-05-09,PHP,2025-06-18,2025-09-17,0.13026760765717296,0.4266264150772414,47.24143055534926,0.2963588074200685,91,40,2.474913322465868,Jun25-Sep25,Jun-Sep
2025-05-12,PHP,2025-06-18,2025-09-17,0.12215217689141591,0.422580503840574,47.53282561837678,0.3004283269491581,91,37,2.4939843056008923,Jun25-Sep25,Jun-Sep
2025-05-13,PHP,2025-06-18,2025-09-17,0.11800905167001777,0.41630971005811823,47.356491712509566,0.2983006583881005,91,36,2.485735495275811,Jun25-Sep25,Jun-Sep
2025-05-14,PHP,2025-06-18,2025-09-17,0.11284402610336093,0.4062384939720993,47.20997268805284,0.2933944678687384,91,35,2.4526887703234195,Jun25-Sep25,Jun-Sep
2025-05-15,PHP,2025-06-18,2025-09-17,0.10914557699673809,0.40127050366447825,47.25128097180206,0.29212492666774015,91,34,2.440136491091218,Jun25-Sep25,Jun-Sep
2025-05-16,PHP,2025-06-18,2025-09-17,0.10177604642978177,0.38243120476645276,47.33592179934652,0.280655158336671,91,33,2.340510170792778,Jun25-Sep25,Jun-Sep
2025-05-19,PHP,2025-06-18,2025-09-17,0.09296132822264626,0.37494402383133996,47.76096588723151,0.2819826956086937,91,30,2.3311272524180264,Jun25-Sep25,Jun-Sep
2025-05-20,PHP,2025-06-18,2025-09-17,0.0881787635838599,0.364877642415972,47.864206347892654,0.2766988788321121,91,29,2.2827496999433468,Jun25-Sep25,Jun-Sep
2025-05-21,PHP,2025-06-18,2025-09-17,0.08454538688329974,0.35931789425402394,48.05833721781012,0.27477250737072423,91,28,2.257887476320369,Jun25-Sep25,Jun-Sep
2025-05-22,PHP,2025-06-18,2025-09-17,0.07869387595915231,0.3439213838214805,48.278723716447836,0.2652275078623282,91,27,2.1697843509743597,Jun25-Sep25,Jun-Sep
2025-05-23,PHP,2025-06-18,2025-09-17,0.07392041212508785,0.33264185456289525,48.24358196110982,0.25872144243780737,91,26,2.118307752641679,Jun25-Sep25,Jun-Sep
2025-05-26,PHP,2025-06-18,2025-09-17,0.06216892909870078,0.30814164857616905,48.30163904815449,0.24597271947746827,91,23,2.011998084803757,Jun25-Sep25,Jun-Sep
2025-05-27,PHP,2025-06-18,2025-09-17,0.05943389951934663,0.30527412025846223,48.42835941478735,0.2458402207391156,91,22,2.005772283970908,Jun25-Sep25,Jun-Sep
2025-05-28,PHP,2025-06-18,2025-09-17,0.05573224329635783,0.29723863091390834,48.60555414061814,0.2415063876175505,91,21,1.9633880566631943,Jun25-Sep25,Jun-Sep
2025-05-29,PHP,2025-06-18,2025-09-17,0.05413618454937202,0.3004558242490147,48.71715396834332,0.24631963969964266,91,20,1.998001936864674,Jun25-Sep25,Jun-Sep
2025-05-30,PHP,2025-06-18,2025-09-17,0.05318261390782778,0.3078993436768977,48.63152258531527,0.2547167297690699,91,19,2.069788807763631,Jun25-Sep25,Jun-Sep
2025-06-02,PHP,2025-06-18,2025-09-17,0.04544539358304403,0.30391606958660694,48.814779761123596,0.2584706760035629,91,16,2.0927479404379548,Jun25-Sep25,Jun-Sep
2025-06-03,PHP,2025-06-18,2025-09-17,0.04164203264245314,0.2942703640066689,48.74041590488072,0.25262833136421575,91,15,2.048722062318204,Jun25-Sep25,Jun-Sep
2025-06-04,PHP,2025-06-18,2025-09-17,0.04033336232566445,0.30250021744248334,48.999775824266806,0.2621668551168189,91,14,2.1148884451169097,Jun25-Sep25,Jun-Sep
2025-06-05,PHP,2025-06-18,2025-09-17,0.038385653945666565,0.30708523156533246,49.55503299778053,0.2686995776196659,91,13,2.143404042174959,Jun25-Sep25,Jun-Sep
2025-06-06,PHP,2025-06-18,2025-09-17,0.034609392368786046,0.2970639511654136,49.71036366168955,0.2624545587966276,91,12,2.087209435082516,Jun25-Sep25,Jun-Sep
2025-06-09,PHP,2025-06-18,2025-09-17,0.026083386055715727,0.28981540061906363,49.51814874149292,0.2637320145633479,91,9,2.1058666113597493,Jun25-Sep25,Jun-Sep
2025-06-10,PHP,2025-06-18,2025-09-17,0.02244484049407997,0.27775490111423956,49.32741608808839,0.2553100606201596,91,8,2.0466477579242826,Jun25-Sep25,Jun-Sep
2025-06-11,PHP,2025-06-18,2025-09-17,0.01864365571711199,0.26101118003956786,49.608555189514654,0.24236752432245587,91,7,1.9320384830249677,Jun25-Sep25,Jun-Sep
2025-06-12,PHP,2025-06-18,2025-09-17,0.018311947776319167,0.2537512763289942,49.433879646419044,0.23543932855267502,91,6,1.8834520831331254,Jun25-Sep25,Jun-Sep
2025-06-13,PHP,2025-06-18,2025-09-17,0.019142913304411143,0.2625313824604957,49.230842593202006,0.24338846915608453,91,5,1.9550370877743948,Jun25-Sep25,Jun-Sep
2025-06-16,PHP,2025-06-18,2025-09-17,0.01930232043353933,0.25644511433130823,49.39676817325254,0.2371427938977689,91,2,1.8984660397845965,Jun25-Sep25,Jun-Sep
2025-06-17,PHP,2025-06-18,2025-09-17,0.019974732263724607,0.262525052608952,49.57620447582391,0.2425503203452274,91,1,1.9347049392905138,Jun25-Sep25,Jun-Sep
2025-06-18,PHP,2025-09-17,2025-12-17,0.2694872735799319,0.5389745471598638,49.542439430677696,0.2694872735799319,91,91,2.140257505408873,Sep25-Dec25,Sep-Dec
2025-06-19,PHP,2025-09-17,2025-12-17,0.26609263266382843,0.5351418501350327,49.70205716701403,0.26904921747120425,91,90,2.130097942233959,Sep25-Dec25,Sep-Dec
2025-06-20,PHP,2025-09-17,2025-12-17,0.26571830214467135,0.5374078020903466,49.8947401768273,0.2716894999456752,91,89,2.142754745017556,Sep25-Dec25,Sep-Dec
2025-06-23,PHP,2025-09-17,2025-12-17,0.2633344903200643,0.5419791254261788,50.01725513784331,0.2786446351061145,91,86,2.192357792037903,Sep25-Dec25,Sep-Dec
2025-06-24,PHP,2025-09-17,2025-12-17,0.25739559861576855,0.5329602983102972,50.22611157653377,0.2755646996945287,91,85,2.159410321758036,Sep25-Dec25,Sep-Dec
2025-06-25,PHP,2025-09-17,2025-12-17,0.24276197717489262,0.5057541191143596,49.80658466925546,0.262992141939467,91,84,2.0787653452432933,Sep25-Dec25,Sep-Dec
2025-06-26,PHP,2025-09-17,2025-12-17,0.23606908668216436,0.494891820273453,49.84181241495262,0.25882273359128866,91,83,2.0446434238181235,Sep25-Dec25,Sep-Dec
2025-06-27,PHP,2025-09-17,2025-12-17,0.22215796725161402,0.46869912603084424,49.9346502698002,0.24654115877923022,91,82,1.944556871511926,Sep25-Dec25,Sep-Dec
2025-06-30,PHP,2025-09-17,2025-12-17,0.21732019521376864,0.467651052991654,49.70949192507715,0.25033085777788533,91,79,1.9835431802405175,Sep25-Dec25,Sep-Dec
2025-07-01,PHP,2025-09-17,2025-12-17,0.2149521675089982,0.4657296962694961,49.80789561584966,0.2507775287604979,91,78,1.983267588565147,Sep25-Dec25,Sep-Dec
2025-07-02,PHP,2025-09-17,2025-12-17,0.22049124346442556,0.481071803922383,50.00072589238507,0.26058056045795747,91,77,2.0526546548518434,Sep25-Dec25,Sep-Dec
2025-07-03,PHP,2025-09-17,2025-12-17,0.2061773027426742,0.45788555542757037,49.76291564238876,0.25170825268489616,91,76,1.9927696362507095,Sep25-Dec25,Sep-Dec
2025-07-04,PHP,2025-09-17,2025-12-17,0.20063469871291245,0.44859903980068294,49.89570593256676,0.2479643410877705,91,75,1.958142691688384,Sep25-Dec25,Sep-Dec
2025-07-07,PHP,2025-09-17,2025-12-17,0.2045623680357192,0.46668187788709536,50.14854897051429,0.26211950985137616,91,72,2.0593688754142323,Sep25-Dec25,Sep-Dec
2025-07-08,PHP,2025-09-17,2025-12-17,0.20456009067341008,0.4700078870157341,50.376521558685816,0.265447796342324,91,71,2.076118414479402,Sep25-Dec25,Sep-Dec
2025-07-09,PHP,2025-09-17,2025-12-17,0.21082739001598172,0.4878575299887591,50.64913632002024,0.27703013997277737,91,70,2.1548253890418216,Sep25-Dec25,Sep-Dec
2025-07-10,PHP,2025-09-17,2025-12-17,0.21054044496014762,0.4908158352741353,50.260651013213376,0.2802753903139877,91,69,2.196860687939941,Sep25-Dec25,Sep-Dec
2025-07-11,PHP,2025-09-17,2025-12-17,0.1996787718073178,0.4691777461948086,50.29261278335299,0.2694989743874908,91,68,2.111510006672919,Sep25-Dec25,Sep-Dec
2025-07-14,PHP,2025-09-17,2025-12-17,0.19132390680937306,0.4604767187300773,50.11749209244345,0.2691528119207042,91,65,2.1164885988709368,Sep25-Dec25,Sep-Dec
2025-07-15,PHP,2025-09-17,2025-12-17,0.18144185602582516,0.440411864583715,50.5218610887284,0.2589700085578899,91,64,2.0205719896954015,Sep25-Dec25,Sep-Dec
2025-07-16,PHP,2025-09-17,2025-12-17,0.18000338473138525,0.4406661794934321,50.75272586068302,0.2606627947620469,91,63,2.024618529306046,Sep25-Dec25,Sep-Dec
2025-07-17,PHP,2025-09-17,2025-12-17,0.17728199265061279,0.4378164307750887,50.94870763291513,0.2605344381244759,91,62,2.0159721050528967,Sep25-Dec25,Sep-Dec
2025-07-18,PHP,2025-09-17,2025-12-17,0.175615294813446,0.4375987674039966,50.75875840688063,0.2619834725905506,91,61,2.034810792796295,Sep25-Dec25,Sep-Dec
2025-07-21,PHP,2025-09-17,2025-12-17,0.17340852461364986,0.44548052012816935,50.79870943399647,0.2720719955145195,91,58,2.111603002916328,Sep25-Dec25,Sep-Dec
2025-07-22,PHP,2025-09-17,2025-12-17,0.16411092265031307,0.426112571092041,50.827023277127566,0.2620016484417279,91,57,2.0326867681165512,Sep25-Dec25,Sep-Dec
2025-07-23,PHP,2025-09-17,2025-12-17,0.16497587201445227,0.43306166403793717,50.538394431707374,0.2680857920234849,91,56,2.091693650506554,Sep25-Dec25,Sep-Dec
2025-07-24,PHP,2025-09-17,2025-12-17,0.16456225954872603,0.4368379980748,50.5491370006678,0.272275738526074,91,55,2.1239523156191433,Sep25-Dec25,Sep-Dec
2025-07-25,PHP,2025-09-17,2025-12-17,0.16202242491825794,0.4350602150582852,50.478952313673936,0.27303779014002727,91,54,2.132955585927767,Sep25-Dec25,Sep-Dec
2025-07-28,PHP,2025-09-17,2025-12-17,0.1487550936948067,0.41418084911103037,50.40730211758194,0.2654257554162237,91,51,2.0769735881588773,Sep25-Dec25,Sep-Dec
2025-07-29,PHP,2025-09-17,2025-12-17,0.14788173666201712,0.41702649738688824,50.70155956494972,0.26914476072487115,91,50,2.093923702427702,Sep25-Dec25,Sep-Dec
2025-07-30,PHP,2025-09-17,2025-12-17,0.1498912151552525,0.4282606147292929,50.69792377541404,0.2783693995740404,91,49,2.165759887493124,Sep25-Dec25,Sep-Dec
2025-07-31,PHP,2025-09-17,2025-12-17,0.1487830459594851,0.4308509039243423,50.573181284216666,0.28206785796485717,91,48,2.1999795540889324,Sep25-Dec25,Sep-Dec
2025-08-01,PHP,2025-09-17,2025-12-17,0.14585591403307344,0.4282577901396624,50.62729352388114,0.28240187610658896,91,47,2.200364262439647,Sep25-Dec25,Sep-Dec
2025-08-04,PHP,2025-09-17,2025-12-17,0.13157089129767163,0.4079462604507732,50.59199436069366,0.27637536915310157,91,44,2.1555131294613363,Sep25-Dec25,Sep-Dec
2025-08-05,PHP,2025-09-17,2025-12-17,0.13283353518767393,0.4179017774070887,50.855296352443425,0.2850682422194148,91,43,2.211774582000847,Sep25-Dec25,Sep-Dec
2025-08-06,PHP,2025-09-17,2025-12-17,0.12226024132249522,0.3907873038343391,50.912504131851335,0.2685270625118439,91,42,2.0815318258677444,Sep25-Dec25,Sep-Dec
2025-08-07,PHP,2025-09-17,2025-12-17,0.1230799161993937,0.3995597768790084,50.952636521576906,0.2764798606796147,91,41,2.1414608704353117,Sep25-Dec25,Sep-Dec
2025-08-08,PHP,2025-09-17,2025-12-17,0.11997440182826108,0.3958802418884778,50.812729730105225,0.27590584006021673,91,40,2.143015277924541,Sep25-Dec25,Sep-Dec
2025-08-11,PHP,2025-09-17,2025-12-17,0.11365435676274352,0.39516807981910873,51.05417676314083,0.28151372305636524,91,37,2.1765250515130266,Sep25-Dec25,Sep-Dec
2025-08-12,PHP,2025-09-17,2025-12-17,0.1111945312722667,0.3939244414186025,51.06378813584571,0.2827299101463358,91,36,2.185622532601135,Sep25-Dec25,Sep-Dec
2025-08-13,PHP,2025-09-17,2025-12-17,0.10988703800145654,0.39690544992187554,50.6100773558092,0.287018411920419,91,35,2.2386795166789875,Sep25-Dec25,Sep-Dec
2025-08-14,PHP,2025-09-17,2025-12-17,0.10597656974501495,0.39059937110449583,50.38094030821934,0.28462280135948087,91,34,2.23024177885951,Sep25-Dec25,Sep-Dec
2025-08-15,PHP,2025-09-17,2025-12-17,0.10730931392089876,0.40387491048251667,50.2997604115445,0.2965655965616179,91,33,2.327503943867251,Sep25-Dec25,Sep-Dec
2025-08-18,PHP,2025-09-17,2025-12-17,0.09995678482646358,0.4031590321334031,50.21288614471646,0.3032022473069395,91,30,2.384046195913222,Sep25-Dec25,Sep-Dec
2025-08-19,PHP,2025-09-17,2025-12-17,0.09867034032674181,0.4082910634210006,50.10575371982591,0.30962072309425875,91,29,2.439771420931797,Sep25-Dec25,Sep-Dec
2025-08-20,PHP,2025-09-17,2025-12-17,0.09477561765116548,0.4027963750174533,50.13375340932785,0.3080207573662878,91,28,2.425999086814695,Sep25-Dec25,Sep-Dec
2025-08-21,PHP,2025-09-17,2025-12-17,0.09011717788503545,0.393845444090155,49.571828872150306,0.3037282662051195,91,27,2.4194830597050765,Sep25-Dec25,Sep-Dec
2025-08-22,PHP,2025-09-17,2025-12-17,0.08310145016741025,0.3739565257533461,49.2433581068891,0.2908550755859358,91,26,2.3326942054810664,Sep25-Dec25,Sep-Dec
2025-08-25,PHP,2025-09-17,2025-12-17,0.07067522083554346,0.35030326848921545,49.076347165719326,0.279628047653672,91,23,2.2508400186687165,Sep25-Dec25,Sep-Dec
2025-08-26,PHP,2025-09-17,2025-12-17,0.06739912103553984,0.34618639440981824,48.99123790734774,0.2787872733742784,91,22,2.248115265037203,Sep25-Dec25,Sep-Dec
2025-08-27,PHP,2025-09-17,2025-12-17,0.06477207501023116,0.3454510667212329,49.09983152776508,0.28067899171100175,91,21,2.2584915719408407,Sep25-Dec25,Sep-Dec
2025-08-28,PHP,2025-09-17,2025-12-17,0.06399328604769708,0.35516273756471883,48.82287178385111,0.2911694515170218,91,20,2.3562139793819328,Sep25-Dec25,Sep-Dec
2025-08-29,PHP,2025-09-17,2025-12-17,0.06131344184793108,0.3549725580669694,49.09242336126795,0.29365911621903834,91,19,2.3634589095612335,Sep25-Dec25,Sep-Dec
2025-09-01,PHP,2025-09-17,2025-12-17,0.05247394365330568,0.35587577460556324,49.385754368525895,0.3034018309522576,91,16,2.4278195650786554,Sep25-Dec25,Sep-Dec
2025-09-02,PHP,2025-09-17,2025-12-17,0.05103262006517016,0.36524527857153866,49.048342894087234,0.3142126585063685,91,15,2.531680037841433,Sep25-Dec25,Sep-Dec
2025-09-03,PHP,2025-09-17,2025-12-17,0.046621242955331425,0.3539762228134867,49.15980738497013,0.30735497985815524,91,14,2.4710385295830966,Sep25-Dec25,Sep-Dec
2025-09-04,PHP,2025-09-17,2025-12-17,0.04174474331714977,0.3379803630941344,49.329855797151204,0.2962356197769846,91,13,2.3736745828668435,Sep25-Dec25,Sep-Dec
2025-09-05,PHP,2025-09-17,2025-12-17,0.0373855202328834,0.3246040774356834,49.31252508848325,0.28721855720280004,91,12,2.3024342359904955,Sep25-Dec25,Sep-Dec
2025-09-08,PHP,2025-09-17,2025-12-17,0.027435125127915,0.30762643162097913,49.45311274391663,0.2801913064930641,91,9,2.240171486220394,Sep25-Dec25,Sep-Dec
2025-09-09,PHP,2025-09-17,2025-12-17,0.02449948409102503,0.3056726597405392,49.65291484536755,0.28117317564951416,91,8,2.2391129996279524,Sep25-Dec25,Sep-Dec
2025-09-10,PHP,2025-09-17,2025-12-17,0.020995626264144793,0.2961241357672674,49.77287276065715,0.2751285095031226,91,7,2.1858524200161735,Sep25-Dec25,Sep-Dec
2025-09-11,PHP,2025-09-17,2025-12-17,0.020128506213026587,0.28079704189650395,49.78039701678414,0.26066853568347736,91,6,2.070693379822383,Sep25-Dec25,Sep-Dec
2025-09-12,PHP,2025-09-17,2025-12-17,0.019798558481437346,0.2730857492070873,49.82657689181434,0.2532871907256499,91,5,2.0102068625083453,Sep25-Dec25,Sep-Dec
2025-09-15,PHP,2025-09-17,2025-12-17,0.019434054604409914,0.258818148274328,49.65015343422498,0.23938409366991806,91,2,1.9066274652450588,Sep25-Dec25,Sep-Dec
2025-09-16,PHP,2025-09-17,2025-12-17,0.019791720713071278,0.26043126709525694,49.66345909577663,0.24063954638218565,91,1,1.9160997064516658,Sep25-Dec25,Sep-Dec
2025-09-17,PHP,2025-12-17,2026-03-18,0.24393635900960162,0.4975530121652643,49.78436989402834,0.25361665315566273,91,91,2.0055018908572944,Dec25-Mar26,Dec-Mar
2025-09-18,PHP,2025-12-17,2026-03-18,0.24103949951435202,0.4944796875263988,50.00128373018075,0.2534401880120468,91,90,1.9955695906416886,Dec25-Mar26,Dec-Mar
2025-09-19,PHP,2025-12-17,2026-03-18,0.24606604498245083,0.5074106597769286,50.137692518456156,0.26134461479447774,91,89,2.0520318715416463,Dec25-Mar26,Dec-Mar
2025-09-22,PHP,2025-12-17,2026-03-18,0.2392674060147672,0.5021551574282681,49.93431274388969,0.2628877514135009,91,86,2.072795078585451,Dec25-Mar26,Dec-Mar
2025-09-23,PHP,2025-12-17,2026-03-18,0.23200615582438883,0.4900807940282739,49.84239734989991,0.2580746382038851,91,85,2.0388752360434905,Dec25-Mar26,Dec-Mar
2025-09-24,PHP,2025-12-17,2026-03-18,0.24108746801961994,0.5119416286692531,49.76264723165923,0.27085416064963314,91,84,2.1428618715037877,Dec25-Mar26,Dec-Mar
2025-09-25,PHP,2025-12-17,2026-03-18,0.23303045184573107,0.4981916391461254,49.73126920303472,0.26516118730039434,91,83,2.099477666339598,Dec25-Mar26,Dec-Mar
2025-09-26,PHP,2025-12-17,2026-03-18,0.2437022709233967,0.5238303815896548,49.7727232434606,0.2801281106662581,91,82,2.2156703677286194,Dec25-Mar26,Dec-Mar
2025-09-29,PHP,2025-12-17,2026-03-18,0.23330402230710967,0.5117596489710593,49.952667548249046,0.27845562666394963,91,79,2.1950012412166635,Dec25-Mar26,Dec-Mar
2025-09-30,PHP,2025-12-17,2026-03-18,0.23739305302760894,0.5239757067632499,49.49532961764303,0.28658265373564096,91,78,2.279653142510372,Dec25-Mar26,Dec-Mar
2025-10-01,PHP,2025-12-17,2026-03-18,0.2276475924983031,0.5063358023799271,49.629322388536345,0.278688209881624,91,77,2.2113313519500317,Dec25-Mar26,Dec-Mar
2025-10-02,PHP,2025-12-17,2026-03-18,0.2325676499165401,0.5100780309842807,49.9660671475635,0.2775103810677406,91,76,2.186998252425788,Dec25-Mar26,Dec-Mar
2025-10-03,PHP,2025-12-17,2026-03-18,0.22575728748297544,0.4993570136265033,49.90037876653005,0.2735997261435279,91,75,2.1592977799426967,Dec25-Mar26,Dec-Mar
2025-10-06,PHP,2025-12-17,2026-03-18,0.2176172820436905,0.49431583262310586,50.0789465945659,0.2766985505794154,91,72,2.176354693635244,Dec25-Mar26,Dec-Mar
2025-10-07,PHP,2025-12-17,2026-03-18,0.20748349830643187,0.47572591896803834,49.67803999323986,0.2682424206616065,91,71,2.127227966631996,Dec25-Mar26,Dec-Mar
2025-10-08,PHP,2025-12-17,2026-03-18,0.20597391266304466,0.4767447379331373,49.848201425276265,0.27077082527009266,91,70,2.1400438216207585,Dec25-Mar26,Dec-Mar
2025-10-09,PHP,2025-12-17,2026-03-18,0.20055439828142316,0.4687760000944978,50.160488971438824,0.26822160181307464,91,69,2.1069786798163235,Dec25-Mar26,Dec-Mar
2025-10-10,PHP,2025-12-17,2026-03-18,0.20013203091042986,0.4723803980625541,50.07614205192746,0.27224836715212425,91,68,2.142216238300448,Dec25-Mar26,Dec-Mar
2025-10-13,PHP,2025-12-17,2026-03-18,0.18721935582225388,0.4559380144497762,50.00339856075898,0.2687186586275223,91,65,2.118050881753515,Dec25-Mar26,Dec-Mar
2025-10-14,PHP,2025-12-17,2026-03-18,0.1780520392952789,0.438613635609238,50.17801819154041,0.2605615963139591,91,64,2.047008679489445,Dec25-Mar26,Dec-Mar
2025-10-15,PHP,2025-12-17,2026-03-18,0.18080616010844833,0.4501430352004573,50.21235017175175,0.269336875092009,91,63,2.1143913070868265,Dec25-Mar26,Dec-Mar
2025-10-16,PHP,2025-12-17,2026-03-18,0.18219001314749103,0.4585552217666822,50.19498510382596,0.2763652086191911,91,62,2.1702545064905494,Dec25-Mar26,Dec-Mar
2025-10-17,PHP,2025-12-17,2026-03-18,0.1797902247424323,0.4577771213348514,50.27271349120332,0.27798689659241904,91,61,2.1797300453422146,Dec25-Mar26,Dec-Mar
2025-10-20,PHP,2025-12-17,2026-03-18,0.17119677709714803,0.44961674474858737,50.49322829051308,0.27841996765143934,91,58,2.173994136516063,Dec25-Mar26,Dec-Mar
2025-10-21,PHP,2025-12-17,2026-03-18,0.17051982907221824,0.4525032807462572,50.143064647971855,0.28198345167403893,91,57,2.217172442182976,Dec25-Mar26,Dec-Mar
2025-10-22,PHP,2025-12-17,2026-03-18,0.15869946758409476,0.4262846450171348,49.878219131414255,0.26758517743304006,91,56,2.115595351493334,Dec25-Mar26,Dec-Mar
2025-10-23,PHP,2025-12-17,2026-03-18,0.15305646306452336,0.4159729048927259,49.77034239081164,0.26291644182820256,91,55,2.0834098328990374,Dec25-Mar26,Dec-Mar
2025-10-24,PHP,2025-12-17,2026-03-18,0.15131007440624744,0.41597869770201734,49.798941619339175,0.2646686232957699,91,54,2.0961670302750544,Dec25-Mar26,Dec-Mar
2025-10-27,PHP,2025-12-17,2026-03-18,0.14953288122845937,0.426052666121178,49.91766430979924,0.2765197848927186,91,51,2.184912447919971,Dec25-Mar26,Dec-Mar
2025-10-28,PHP,2025-12-17,2026-03-18,0.14386356882953355,0.41539551295389926,49.886994109446775,0.2715319441243657,91,50,2.1470595473970855,Dec25-Mar26,Dec-Mar
2025-10-29,PHP,2025-12-17,2026-03-18,0.1411499214314534,0.4129509579928295,49.70812211319518,0.2718010365613761,91,49,2.157016148978446,Dec25-Mar26,Dec-Mar
2025-10-30,PHP,2025-12-17,2026-03-18,0.1370376914765083,0.40648797003332315,49.6267978248062,0.26945027855681486,91,48,2.1420317282221113,Dec25-Mar26,Dec-Mar
2025-10-31,PHP,2025-12-17,2026-03-18,0.12990353239692498,0.39104348366709996,49.497949595166055,0.261139951270175,91,47,2.0816558863599095,Dec25-Mar26,Dec-Mar
2025-11-03,PHP,2025-12-17,2026-03-18,0.12275322956453152,0.3729221446199437,49.43850537061477,0.25016891505541217,91,44,1.9968807337581402,Dec25-Mar26,Dec-Mar
2025-11-04,PHP,2025-12-17,2026-03-18,0.1212432857440669,0.37488092862555195,49.3957109422835,0.25363764288148505,91,43,2.026380014259023,Dec25-Mar26,Dec-Mar
2025-11-05,PHP,2025-12-17,2026-03-18,0.11631685853355792,0.3661877478239353,48.94390787922157,0.2498708892903774,91,42,2.0148709604417987,Dec25-Mar26,Dec-Mar
2025-11-06,PHP,2025-12-17,2026-03-18,0.11567528165399912,0.37105551842406437,49.20346487958115,0.25538023677006527,91,41,2.048485514679321,Dec25-Mar26,Dec-Mar
2025-11-07,PHP,2025-12-17,2026-03-18,0.10934205496101371,0.35755607098958153,49.11848592947226,0.24821401602856782,91,40,1.994696085770265,Dec25-Mar26,Dec-Mar
2025-11-10,PHP,2025-12-17,2026-03-18,0.09642333811664747,0.3356730211214404,49.36219969246351,0.2392496830047929,91,37,1.9136850248566828,Dec25-Mar26,Dec-Mar
2025-11-11,PHP,2025-12-17,2026-03-18,0.08921463252137579,0.3177665147525433,49.24100087915609,0.2285518822311675,91,36,1.8328752124122427,Dec25-Mar26,Dec-Mar
2025-11-12,PHP,2025-12-17,2026-03-18,0.08765863920789976,0.3195784233657334,49.14474279670758,0.23191978415783362,91,35,1.8635793372762173,Dec25-Mar26,Dec-Mar
2025-11-13,PHP,2025-12-17,2026-03-18,0.08604631995189453,0.3213738117375052,49.186766188399,0.23532749178561063,91,34,1.8894109229337925,Dec25-Mar26,Dec-Mar
2025-11-14,PHP,2025-12-17,2026-03-18,0.08565937568448623,0.32795225392905036,49.141664028335676,0.24229287824456414,91,33,1.9471326293836213,Dec25-Mar26,Dec-Mar
2025-11-17,PHP,2025-12-17,2026-03-18,0.08406106668154117,0.34866749368259653,49.48041291624204,0.26460642700105536,91,30,2.1119858078763665,Dec25-Mar26,Dec-Mar
2025-11-18,PHP,2025-12-17,2026-03-18,0.08418585517134872,0.3580214887645554,49.712019359454956,0.27383563359320673,91,29,2.1754786304633478,Dec25-Mar26,Dec-Mar
2025-11-19,PHP,2025-12-17,2026-03-18,0.08249183248812092,0.36018512321737867,49.34486644901807,0.27769329072925775,91,28,2.222588668742272,Dec25-Mar26,Dec-Mar
2025-11-20,PHP,2025-12-17,2026-03-18,0.08141965395125109,0.36540351461609455,49.214424454652374,0.2839838606648435,91,27,2.2790007066764857,Dec25-Mar26,Dec-Mar
2025-11-21,PHP,2025-12-17,2026-03-18,0.07939127552672381,0.3668330357419427,49.22895019723991,0.2874417602152189,91,26,2.306166064908293,Dec25-Mar26,Dec-Mar
2025-11-24,PHP,2025-12-17,2026-03-18,0.07160027469117695,0.36443504437426794,49.097449747227145,0.29283476968309097,91,23,2.356090305197896,Dec25-Mar26,Dec-Mar
2025-11-25,PHP,2025-12-17,2026-03-18,0.07035989993899867,0.3709708816835984,49.25237234781337,0.3006109817445997,91,22,2.41111999123964,Dec25-Mar26,Dec-Mar
2025-11-26,PHP,2025-12-17,2026-03-18,0.06753147263144166,0.3697389511726451,49.22278528263241,0.30220747854120344,91,21,2.425519143831669,Dec25-Mar26,Dec-Mar
2025-11-27,PHP,2025-12-17,2026-03-18,0.06400717525071936,0.3648555676311406,49.452402803904356,0.3008483923804212,91,20,2.4035859321447166,Dec25-Mar26,Dec-Mar
2025-11-28,PHP,2025-12-17,2026-03-18,0.058728676322959666,0.34963401635354324,49.504578548144934,0.29090534003058355,91,19,2.3219481843631966,Dec25-Mar26,Dec-Mar
2025-12-01,PHP,2025-12-17,2026-03-18,0.047601085784254635,0.3279609886904228,49.519170042273466,0.28035990290616813,91,16,2.2376202326020938,Dec25-Mar26,Dec-Mar
2025-12-02,PHP,2025-12-17,2026-03-18,0.04661588727698713,0.33482292592338364,49.776616625062395,0.2882070386463965,91,15,2.2884097555172036,Dec25-Mar26,Dec-Mar
2025-12-03,PHP,2025-12-17,2026-03-18,0.042450053341282885,0.328043308448437,49.72067171390726,0.2855932551071541,91,14,2.2703950850148837,Dec25-Mar26,Dec-Mar
2025-12-04,PHP,2025-12-17,2026-03-18,0.03881885442166652,0.3202637771073236,49.95227177481271,0.28144492268565713,91,13,2.2272138321757935,Dec25-Mar26,Dec-Mar
2025-12-05,PHP,2025-12-17,2026-03-18,0.038536074054706354,0.34050018790005426,50.05141164252725,0.30196411384534794,91,12,2.384876331433283,Dec25-Mar26,Dec-Mar
2025-12-08,PHP,2025-12-17,2026-03-18,0.028197917220198144,0.3230392055696485,50.034930346869636,0.29484128834945034,91,9,2.329868582350865,Dec25-Mar26,Dec-Mar
2025-12-09,PHP,2025-12-17,2026-03-18,0.02566390268432931,0.32728306020204656,49.84593162928107,0.30161915751771723,91,8,2.3925816537396427,Dec25-Mar26,Dec-Mar
2025-12-10,PHP,2025-12-17,2026-03-18,0.022607763179102645,0.3262363645378556,50.028068727867186,0.30362860135875297,91,7,2.399903812493424,Dec25-Mar26,Dec-Mar
2025-12-11,PHP,2025-12-17,2026-03-18,0.02316014280071662,0.330662307224974,50.03434205287754,0.3075021644242574,91,6,2.430189333630069,Dec25-Mar26,Dec-Mar
2025-12-12,PHP,2025-12-17,2026-03-18,0.022244807206291326,0.3148837075150622,50.46205283373125,0.2926389003087708,91,5,2.2931731389110377,Dec25-Mar26,Dec-Mar
2025-12-15,PHP,2025-12-17,2026-03-18,0.021349866788371148,0.29345185404387986,50.41863697124717,0.2721019872555087,91,2,2.1341151923100248,Dec25-Mar26,Dec-Mar
2025-12-16,PHP,2025-12-17,2026-03-18,0.02189609678033721,0.2975601620968338,50.31200636582175,0.27566406531649656,91,1,2.166609593412903,Dec25-Mar26,Dec-Mar
2025-12-17,PHP,2026-03-18,2026-06-17,0.2997047410047192,0.5896157611128281,50.36770746828184,0.2899110201081089,91,91,2.263586571486708,Mar26-Jun26,Mar-Jun
2025-12-18,PHP,2026-03-18,2026-06-17,0.301640444818728,0.5967335751965894,50.34906562304716,0.29509313037786145,91,90,2.3048077421413256,Mar26-Jun26,Mar-Jun
2025-12-19,PHP,2026-03-18,2026-06-17,0.3065712351102643,0.6099390975629334,50.7641050594561,0.3033678624526691,91,89,2.349952430219864,Mar26-Jun26,Mar-Jun
2025-12-22,PHP,2026-03-18,2026-06-17,0.3063149320424332,0.6200733431943231,50.37939787246489,0.31375841115188985,91,86,2.448899300050899,Mar26-Jun26,Mar-Jun
2025-12-23,PHP,2026-03-18,2026-06-17,0.2927910900880348,0.59576919621014,50.34632087089527,0.30297810612210524,91,85,2.366934685705937,Mar26-Jun26,Mar-Jun
2025-12-24,PHP,2026-03-18,2026-06-17,0.28995080385915595,0.5934260518664622,50.50185787833667,0.3034752480073063,91,84,2.363691019944104,Mar26-Jun26,Mar-Jun
2025-12-25,PHP,2026-03-18,2026-06-17,0.2936652899487218,0.6048325819740996,50.67444474126226,0.3111672920253778,91,83,2.415219014756033,Mar26-Jun26,Mar-Jun
2025-12-26,PHP,2026-03-18,2026-06-17,0.2876969147286689,0.5960772643627552,50.48084855776496,0.30838034963408634,91,82,2.4029961996717515,Mar26-Jun26,Mar-Jun
2025-12-29,PHP,2026-03-18,2026-06-17,0.27773526551619127,0.5863818737084491,50.345017476078134,0.3086466081922578,91,79,2.411997536216896,Mar26-Jun26,Mar-Jun
2025-12-30,PHP,2026-03-18,2026-06-17,0.27331298809364013,0.5807377552643016,50.43108756600897,0.3074247671706615,91,78,2.3985805547705996,Mar26-Jun26,Mar-Jun
2025-12-31,PHP,2026-03-18,2026-06-17,0.26815129256285847,0.5734178779068589,50.65095739773119,0.3052665853440005,91,77,2.371699075248167,Mar26-Jun26,Mar-Jun
2026-01-01,PHP,2026-03-18,2026-06-17,0.27076667803333787,0.5949741477837819,50.460210695934485,0.324207469750444,91,76,2.5281969076919397,Mar26-Jun26,Mar-Jun
2026-01-02,PHP,2026-03-18,2026-06-17,0.26654159547928974,0.5899453979941613,50.75406764022634,0.3234038025148716,91,75,2.5076134477148604,Mar26-Jun26,Mar-Jun
2026-01-05,PHP,2026-03-18,2026-06-17,0.2558930803623647,0.579313501375909,50.95826658919371,0.3234204210135443,91,72,2.498264952636499,Mar26-Jun26,Mar-Jun
2026-01-06,PHP,2026-03-18,2026-06-17,0.2367096064583184,0.5400979752992616,51.263601039298074,0.3033883688409432,91,71,2.3305057927570636,Mar26-Jun26,Mar-Jun
2026-01-07,PHP,2026-03-18,2026-06-17,0.22655493339692526,0.5210763468129281,51.13958653998071,0.2945214134160029,91,70,2.2683028626430035,Mar26-Jun26,Mar-Jun
2026-01-08,PHP,2026-03-18,2026-06-17,0.21304316812828658,0.49401314348588193,51.33202380094192,0.2809699753575954,91,69,2.156422793106845,Mar26-Jun26,Mar-Jun
2026-01-09,PHP,2026-03-18,2026-06-17,0.2087253384169513,0.4880489530631655,51.79220635612681,0.2793236146462142,91,68,2.1249936520222725,Mar26-Jun26,Mar-Jun
2026-01-12,PHP,2026-03-18,2026-06-17,0.20559187004960486,0.49342048811905165,51.728022702767475,0.2878286180694468,91,65,2.192534978079742,Mar26-Jun26,Mar-Jun
2026-01-13,PHP,2026-03-18,2026-06-17,0.2037603114384763,0.49348200426505984,51.86638844985055,0.28972169282658355,91,64,2.2011685756763195,Mar26-Jun26,Mar-Jun
2026-01-14,PHP,2026-03-18,2026-06-17,0.20663151583151315,0.5050992609214766,51.636574261036934,0.29846774508996343,91,63,2.2775434145009377,Mar26-Jun26,Mar-Jun
2026-01-15,PHP,2026-03-18,2026-06-17,0.20860307889774857,0.5147785656670246,51.36976154950903,0.3061754867692761,91,62,2.348356123054203,Mar26-Jun26,Mar-Jun
2026-01-16,PHP,2026-03-18,2026-06-17,0.2062979686239979,0.5140539546040603,51.07897635711685,0.30775598598006243,91,61,2.3739684037561326,Mar26-Jun26,Mar-Jun
2026-01-19,PHP,2026-03-18,2026-06-17,0.19734008245302984,0.5069598669914043,51.388060317517564,0.30961978453837447,91,58,2.3744498788369484,Mar26-Jun26,Mar-Jun
2026-01-20,PHP,2026-03-18,2026-06-17,0.19484085904440798,0.5059025813784628,51.39029713012477,0.3110617223340548,91,57,2.385520121812356,Mar26-Jun26,Mar-Jun
2026-01-21,PHP,2026-03-18,2026-06-17,0.18629997659949174,0.4890374385736658,51.07800501562492,0.30273746197417406,91,56,2.3362117303505108,Mar26-Jun26,Mar-Jun
2026-01-22,PHP,2026-03-18,2026-06-17,0.18310929271157714,0.4860719406525502,51.32858195678478,0.30296264794097305,91,55,2.32672141648168,Mar26-Jun26,Mar-Jun
2026-01-23,PHP,2026-03-18,2026-06-17,0.1775721294003657,0.4768140511676487,51.02394118146267,0.299241921767283,91,54,2.3120687640911797,Mar26-Jun26,Mar-Jun
2026-01-26,PHP,2026-03-18,2026-06-17,0.16911802748012306,0.4708776451407348,50.899957711269096,0.30175961766061177,91,51,2.337567881062328,Mar26-Jun26,Mar-Jun
2026-01-27,PHP,2026-03-18,2026-06-17,0.16059103424792653,0.4528667165791528,50.62983828343923,0.29227568233122625,91,50,2.2765222939007304,Mar26-Jun26,Mar-Jun
2026-01-28,PHP,2026-03-18,2026-06-17,0.1595792857857589,0.4559408165307397,51.02547112946417,0.29636153074498084,91,49,2.2905501371906847,Mar26-Jun26,Mar-Jun
2026-01-29,PHP,2026-03-18,2026-06-17,0.16154630902363426,0.46781118654760756,51.29664703710053,0.3062648775239733,91,48,2.3545275084331947,Mar26-Jun26,Mar-Jun
2026-01-30,PHP,2026-03-18,2026-06-17,0.15760028319656266,0.46274125704522656,51.70532688932349,0.3051409738486639,91,47,2.327579971180224,Mar26-Jun26,Mar-Jun
2026-02-02,PHP,2026-03-18,2026-06-17,0.1460585819346489,0.4481342854813092,51.272312422733975,0.30207570354666025,91,44,2.324120227719799,Mar26-Jun26,Mar-Jun
2026-02-03,PHP,2026-03-18,2026-06-17,0.14583270262162623,0.4544553988673934,50.98075074791781,0.30862269624576716,91,43,2.388043303073821,Mar26-Jun26,Mar-Jun
2026-02-04,PHP,2026-03-18,2026-06-17,0.14508205477005306,0.4594265067718347,50.941118865039755,0.3143444520017816,91,42,2.4342394757629497,Mar26-Jun26,Mar-Jun
2026-02-05,PHP,2026-03-18,2026-06-17,0.14298739747836858,0.46034966993035736,51.189046964452565,0.3173622724519888,91,41,2.4458393582413374,Mar26-Jun26,Mar-Jun
2026-02-06,PHP,2026-03-18,2026-06-17,0.14059075416674335,0.4604347198960844,51.13273501874757,0.31984396572934104,91,40,2.467787623343683,Mar26-Jun26,Mar-Jun
2026-02-09,PHP,2026-03-18,2026-06-17,0.12457193517692933,0.4309515595309988,50.777302351759246,0.30637962435406946,91,37,2.381152517780596,Mar26-Jun26,Mar-Jun
2026-02-10,PHP,2026-03-18,2026-06-17,0.12544519848157418,0.44254278353222,50.878493402501164,0.3170975850506458,91,36,2.459519831653902,Mar26-Jun26,Mar-Jun
2026-02-11,PHP,2026-03-18,2026-06-17,0.12216187444394487,0.43978274799820155,51.20851698271378,0.31762087355425667,91,35,2.4478969791815195,Mar26-Jun26,Mar-Jun
2026-02-12,PHP,2026-03-18,2026-06-17,0.11582554430677672,0.4258292070102085,51.18778337383898,0.31000366270343177,91,34,2.390451942954071,Mar26-Jun26,Mar-Jun
2026-02-13,PHP,2026-03-18,2026-06-17,0.11404231958312094,0.42852265540324236,51.470526961103964,0.3144803358201214,91,33,2.411763923134347,Mar26-Jun26,Mar-Jun
2026-02-16,PHP,2026-03-18,2026-06-17,0.09876365769785742,0.39834675271469144,51.53916241811249,0.299583095016834,91,30,2.29514231581328,Mar26-Jun26,Mar-Jun
2026-02-17,PHP,2026-03-18,2026-06-17,0.09794207152993292,0.40527753736523975,51.50171560175299,0.3073354658353068,91,29,2.356280384249999,Mar26-Jun26,Mar-Jun
2026-02-18,PHP,2026-03-18,2026-06-17,0.09131224104703198,0.3880770244498858,51.042108477908606,0.29676478340285384,91,28,2.295982766731547,Mar26-Jun26,Mar-Jun
2026-02-19,PHP,2026-03-18,2026-06-17,0.09057862228569616,0.3958621270263758,51.05657503380962,0.30528350474067967,91,27,2.3612554706948785,Mar26-Jun26,Mar-Jun
2026-02-20,PHP,2026-03-18,2026-06-17,0.09063932866751326,0.40787697900380976,50.84440006816335,0.3172376503362965,91,26,2.463934658938486,Mar26-Jun26,Mar-Jun
2026-02-23,PHP,2026-03-18,2026-06-17,0.08050355884377983,0.3990176394865609,50.62351739030503,0.3185140806427811,91,23,2.4851198781759205,Mar26-Jun26,Mar-Jun
2026-02-24,PHP,2026-03-18,2026-06-17,0.07938679037691027,0.4077594232995846,50.6879794407705,0.3283726329226743,91,22,2.5588417643911203,Mar26-Jun26,Mar-Jun
2026-02-25,PHP,2026-03-18,2026-06-17,0.074156858844116,0.39550324716861873,51.1852645478214,0.32134638832450274,91,21,2.480052256622674,Mar26-Jun26,Mar-Jun
2026-02-26,PHP,2026-03-18,2026-06-17,0.06693844046137225,0.371508344560616,50.93502516444767,0.3045699040992437,91,20,2.362442233868677,Mar26-Jun26,Mar-Jun
2026-02-27,PHP,2026-03-18,2026-06-17,0.06601960792708551,0.3822187827357582,51.111010858201816,0.3161991748086727,91,19,2.444256384191387,Mar26-Jun26,Mar-Jun
2026-03-02,PHP,2026-03-18,2026-06-17,0.056385585202746724,0.37707860104336877,51.02607090524216,0.32069301584062204,91,16,2.4835839037989587,Mar26-Jun26,Mar-Jun
2026-03-03,PHP,2026-03-18,2026-06-17,0.051700926303663665,0.3653532125458899,50.80030515735468,0.31365228624222624,91,15,2.440065450410364,Mar26-Jun26,Mar-Jun
2026-03-04,PHP,2026-03-18,2026-06-17,0.04791645536548109,0.35937341524110816,51.03817045258086,0.31145695987562705,91,14,2.411884523283291,Mar26-Jun26,Mar-Jun
2026-03-05,PHP,2026-03-18,2026-06-17,0.04384501454726747,0.35076011637813975,50.79882213674919,0.3069151018308723,91,13,2.388091934680694,Mar26-Jun26,Mar-Jun
2026-03-06,PHP,2026-03-18,2026-06-17,0.040001355047079815,0.34334496415410176,50.6407280015936,0.30334360910702196,91,12,2.3678440832365792,Mar26-Jun26,Mar-Jun
2026-03-09,PHP,2026-03-18,2026-06-17,0.03006485444678742,0.334053938297638,50.59049012311862,0.3039890838508506,91,9,2.375703266004278,Mar26-Jun26,Mar-Jun
2026-03-10,PHP,2026-03-18,2026-06-17,0.027352864923904225,0.3384917034333147,50.63268193993124,0.3111388385094105,91,8,2.429684318846407,Mar26-Jun26,Mar-Jun
2026-03-11,PHP,2026-03-18,2026-06-17,0.023594548464539972,0.3303236785035596,50.68010153285952,0.30672913003901964,91,7,2.3931863252873766,Mar26-Jun26,Mar-Jun
2026-03-12,PHP,2026-03-18,2026-06-17,0.02382841182714376,0.3301937067475635,50.8400277737134,0.30636529492041975,91,6,2.382820855914787,Mar26-Jun26,Mar-Jun
2026-03-13,PHP,2026-03-18,2026-06-17,0.023911992042367367,0.3279358908667524,50.94640065252971,0.304023898824385,91,5,2.3596714342799627,Mar26-Jun26,Mar-Jun
2026-03-16,PHP,2026-03-18,2026-06-17,0.023592404440753487,0.3134419447128678,51.07593905731185,0.2898495402721143,91,2,2.243968758918784,Mar26-Jun26,Mar-Jun
2026-03-17,PHP,2026-03-18,2026-06-17,0.023702010209056008,0.3115121341761647,51.743333175557645,0.2878101239671087,91,1,2.1994489298497912,Mar26-Jun26,Mar-Jun
2026-03-18,PHP,2026-06-17,2026-09-16,0.3183916871315066,0.6367833742630132,51.93967191277629,0.3183916871315066,91,91,2.4102912024727936,Jun26-Sep26,Jun-Sep
2026-03-19,PHP,2026-06-17,2026-09-16,0.31334793961568985,0.6301775230048874,51.888199657580614,0.31682958338919753,91,90,2.401062451508748,Jun26-Sep26,Jun-Sep
2026-03-20,PHP,2026-06-17,2026-09-16,0.31645577527659574,0.6400229162897442,52.09471756390317,0.32356714101314843,91,89,2.4423147795139997,Jun26-Sep26,Jun-Sep
2026-03-23,PHP,2026-06-17,2026-09-16,0.31075507207914654,0.6395772995117319,52.23837997519287,0.3288222274325854,91,86,2.475464504367922,Jun26-Sep26,Jun-Sep
2026-03-24,PHP,2026-06-17,2026-09-16,0.3002291287240655,0.6216509018286532,51.89178079717752,0.32142177310458775,91,85,2.4363090531225464,Jun26-Sep26,Jun-Sep
2026-03-25,PHP,2026-06-17,2026-09-16,0.29963799950156556,0.6242458322949282,51.96855316305325,0.3246078327933627,91,84,2.456872576693781,Jun26-Sep26,Jun-Sep
2026-03-26,PHP,2026-06-17,2026-09-16,0.3090784142793864,0.6479475190917258,52.04407164746384,0.33886910481233934,91,83,2.5606502615446476,Jun26-Sep26,Jun-Sep
2026-03-27,PHP,2026-06-17,2026-09-16,0.3127350192372368,0.6597946137566094,52.259386113560296,0.3470595945193726,91,82,2.6116180623894945,Jun26-Sep26,Jun-Sep
2026-03-30,PHP,2026-06-17,2026-09-16,0.30441495477325287,0.655070155841177,52.367068309575345,0.35065520106792414,91,79,2.633697216913427,Jun26-Sep26,Jun-Sep
2026-03-31,PHP,2026-06-17,2026-09-16,0.2879130929703765,0.6238117014358157,52.17176352469789,0.3358986084654392,91,78,2.533049659356272,Jun26-Sep26,Jun-Sep
2026-04-01,PHP,2026-06-17,2026-09-16,0.2780108674847858,0.6065691654213509,52.33485603447077,0.32855829793656505,91,77,2.4704813580719702,Jun26-Sep26,Jun-Sep
2026-04-02,PHP,2026-06-17,2026-09-16,0.27407968286145734,0.6022540399718865,52.1466638970976,0.3281743571104292,91,76,2.4766382414912407,Jun26-Sep26,Jun-Sep
2026-04-03,PHP,2026-06-17,2026-09-16,0.2615100973071106,0.5788090153730715,52.0985716096141,0.3172989180659609,91,75,2.3973386330836153,Jun26-Sep26,Jun-Sep
2026-04-06,PHP,2026-06-17,2026-09-16,0.2435531072730843,0.5513771734098991,52.05986214134517,0.3078240661368148,91,72,2.328271548955051,Jun26-Sep26,Jun-Sep
2026-04-07,PHP,2026-06-17,2026-09-16,0.24037545047576223,0.5484622954517392,52.0124934846613,0.30808684497597694,91,71,2.3325132683466925,Jun26-Sep26,Jun-Sep
2026-04-08,PHP,2026-06-17,2026-09-16,0.2479095986466695,0.5701920768873399,51.86993088563449,0.32228247824067036,91,70,2.4463094371060503,Jun26-Sep26,Jun-Sep
2026-04-09,PHP,2026-06-17,2026-09-16,0.2402625033829347,0.5571304426270949,51.73667309567593,0.3168679392441602,91,69,2.411730282794163,Jun26-Sep26,Jun-Sep
2026-04-10,PHP,2026-06-17,2026-09-16,0.24467424816657085,0.572105962624776,51.57359024681402,0.3274317144582051,91,68,2.4997638721091726,Jun26-Sep26,Jun-Sep
2026-04-13,PHP,2026-06-17,2026-09-16,0.23503999021231967,0.5640959765095671,51.63780495944993,0.3290559862972474,91,65,2.5095210163517123,Jun26-Sep26,Jun-Sep
2026-04-14,PHP,2026-06-17,2026-09-16,0.23794601252914796,0.5762754990940302,51.76867754093975,0.33832948656488226,91,64,2.5736074157945805,Jun26-Sep26,Jun-Sep
2026-04-15,PHP,2026-06-17,2026-09-16,0.23443911722799307,0.5730733976684275,51.51396237873972,0.3386342804404344,91,63,2.588779671870785,Jun26-Sep26,Jun-Sep
2026-04-16,PHP,2026-06-17,2026-09-16,0.2376494153298948,0.586457428152805,51.8089494981066,0.3488080128229102,91,62,2.6512776238132623,Jun26-Sep26,Jun-Sep
2026-04-17,PHP,2026-06-17,2026-09-16,0.23436083503724706,0.5839810971419926,51.95585405271642,0.3496202621047456,91,61,2.6501387813494133,Jun26-Sep26,Jun-Sep
2026-04-20,PHP,2026-06-17,2026-09-16,0.22606837327726598,0.5807618554881488,51.89149492613402,0.35469348221088287,91,58,2.6923419241367377,Jun26-Sep26,Jun-Sep
2026-04-21,PHP,2026-06-17,2026-09-16,0.22723583437568748,0.5900158506596798,51.69154648183526,0.36278001628399226,91,57,2.7642668544360025,Jun26-Sep26,Jun-Sep
2026-04-22,PHP,2026-06-17,2026-09-16,0.22885629351454156,0.6007477704756715,51.65404464719423,0.37189147696112995,91,56,2.8356529859763393,Jun26-Sep26,Jun-Sep
2026-04-23,PHP,2026-06-17,2026-09-16,0.2299902777027104,0.6105196462653768,51.619417769294586,0.3805293685626664,91,55,2.903390733477666,Jun26-Sep26,Jun-Sep
2026-04-24,PHP,2026-06-17,2026-09-16,0.22406105365828272,0.6016454218602038,51.6534208842845,0.37758436820192104,91,54,2.8793617228930333,Jun26-Sep26,Jun-Sep
2026-04-27,PHP,2026-06-17,2026-09-16,0.20967856914841748,0.583810918021084,51.934049647643036,0.3741323488726665,91,51,2.83846987573401,Jun26-Sep26,Jun-Sep
2026-04-28,PHP,2026-06-17,2026-09-16,0.19946552773706802,0.5624927882185318,51.828098255838746,0.3630272604814637,91,50,2.760367188594505,Jun26-Sep26,Jun-Sep
2026-04-29,PHP,2026-06-17,2026-09-16,0.18859461151912169,0.5388417471974905,51.82031776118139,0.35024713567836874,91,49,2.6641454339456847,Jun26-Sep26,Jun-Sep
2026-04-30,PHP,2026-06-17,2026-09-16,0.19041825702068943,0.5514195359557464,51.56643562155666,0.361001278935057,91,48,2.7593194343025624,Jun26-Sep26,Jun-Sep
2026-05-01,PHP,2026-06-17,2026-09-16,0.18159948508033988,0.5332069987465299,51.43637041128418,0.35160751366619003,91,47,2.6947491002290396,Jun26-Sep26,Jun-Sep
2026-05-04,PHP,2026-06-17,2026-09-16,0.16952197727742593,0.5201242484648296,51.620944611379926,0.3506022711874037,91,44,2.6780951925426417,Jun26-Sep26,Jun-Sep
2026-05-05,PHP,2026-06-17,2026-09-16,0.155596190016362,0.4848811502835466,51.5449336255327,0.3292849602671846,91,43,2.5196371904285977,Jun26-Sep26,Jun-Sep
2026-05-06,PHP,2026-06-17,2026-09-16,0.14958594876281722,0.4736888377489212,51.25261025952704,0.32410288898610395,91,42,2.4943783917603777,Jun26-Sep26,Jun-Sep
2026-05-07,PHP,2026-06-17,2026-09-16,0.14365766968266463,0.4625076194661397,51.482661588567986,0.3188499497834751,91,41,2.443297207410748,Jun26-Sep26,Jun-Sep
2026-05-08,PHP,2026-06-17,2026-09-16,0.15045718857413914,0.49274729258030575,51.414154061637824,0.3422901040061666,91,40,2.6260543119321778,Jun26-Sep26,Jun-Sep
2026-05-11,PHP,2026-06-17,2026-09-16,0.1351812938837282,0.46765420586803275,51.064458739100985,0.3324729119843045,91,37,2.56891933841035,Jun26-Sep26,Jun-Sep
2026-05-12,PHP,2026-06-17,2026-09-16,0.13532163670176403,0.47738466280900094,51.119368883053696,0.34206302610723693,91,36,2.640180544053983,Jun26-Sep26,Jun-Sep
2026-05-13,PHP,2026-06-17,2026-09-16,0.12890258945886424,0.46404932205191124,51.23801714649407,0.335146732593047,91,35,2.581146022923014,Jun26-Sep26,Jun-Sep
2026-05-14,PHP,2026-06-17,2026-09-16,0.1202392939701789,0.4420562278315401,51.39966700461989,0.3218169338613612,91,34,2.471126264819491,Jun26-Sep26,Jun-Sep
2026-05-15,PHP,2026-06-17,2026-09-16,0.11365204401263883,0.42705616538082475,51.432809028254624,0.3134041213681859,91,33,2.4052872968323564,Jun26-Sep26,Jun-Sep
2026-05-18,PHP,2026-06-17,2026-09-16,0.10416288539450602,0.42012363775784095,51.631104028466,0.31596075236333493,91,30,2.416059101067845,Jun26-Sep26,Jun-Sep
2026-05-19,PHP,2026-06-17,2026-09-16,0.10441026749948312,0.43204248620475766,51.51591034111867,0.32763221870527454,91,29,2.5108861071232984,Jun26-Sep26,Jun-Sep
2026-05-20,PHP,2026-06-17,2026-09-16,0.10166449266906447,0.43207409384352397,51.789080794833225,0.3304096011744595,91,28,2.518975008940406,Jun26-Sep26,Jun-Sep
2026-05-21,PHP,2026-06-17,2026-09-16,0.09637548012396754,0.4211965427640063,51.73950036016843,0.32482106264003874,91,27,2.478990430511944,Jun26-Sep26,Jun-Sep
2026-05-22,PHP,2026-06-17,2026-09-16,0.09722986089029076,0.43753437400630835,51.6933372235489,0.3403045131160176,91,26,2.599430143586155,Jun26-Sep26,Jun-Sep
2026-05-25,PHP,2026-06-17,2026-09-16,0.08630243165033305,0.4277598786146943,51.880467504122116,0.3414574469643612,91,23,2.5993931717885754,Jun26-Sep26,Jun-Sep
2026-05-26,PHP,2026-06-17,2026-09-16,0.08443627686121552,0.4336954220598797,51.89054176076145,0.3492591451986642,91,22,2.658364818271024,Jun26-Sep26,Jun-Sep
2026-05-27,PHP,2026-06-17,2026-09-16,0.0790429262734293,0.42156227345828967,51.670940262893204,0.3425193471848604,91,21,2.618400064606107,Jun26-Sep26,Jun-Sep
2026-05-28,PHP,2026-06-17,2026-09-16,0.07861954470391438,0.4363384731067248,51.63580085918251,0.3577189284028104,91,20,2.7364742631130587,Jun26-Sep26,Jun-Sep
2026-05-29,PHP,2026-06-17,2026-09-16,0.0723851873722467,0.4190721374182703,51.87024629046334,0.3466869500460236,91,19,2.6404299788972247,Jun26-Sep26,Jun-Sep
2026-06-01,PHP,2026-06-17,2026-09-16,0.06179425081118378,0.4132490522997916,51.77800324048621,0.3514548014886078,91,16,2.6820526131203417,Jun26-Sep26,Jun-Sep
2026-06-02,PHP,2026-06-17,2026-09-16,0.05716720961364531,0.4039816146030935,51.423301262055105,0.3468144049894482,91,15,2.665113724601253,Jun26-Sep26,Jun-Sep
2026-06-03,PHP,2026-06-17,2026-09-16,0.05347537477522506,0.40106531081418795,51.227674896300826,0.3475899360389629,91,14,2.6814551904157162,Jun26-Sep26,Jun-Sep
2026-06-04,PHP,2026-06-17,2026-09-16,0.04985348656450051,0.3988278925160041,51.1949353549299,0.3489744059515036,91,13,2.6940458155631952,Jun26-Sep26,Jun-Sep
2026-06-05,PHP,2026-06-17,2026-09-16,0.04436737847799681,0.38081999860280596,51.09590819467804,0.33645262012480914,91,12,2.6026870982262063,Jun26-Sep26,Jun-Sep
2026-06-08,PHP,2026-06-17,2026-09-16,0.03326352252560604,0.369594694728956,51.00625265218117,0.33633117220334996,91,9,2.6068838436277764,Jun26-Sep26,Jun-Sep
2026-06-09,PHP,2026-06-17,2026-09-16,0.029361083697404377,0.3633434107553792,50.90882606372663,0.3339823270579748,91,8,2.5938276180879463,Jun26-Sep26,Jun-Sep
2026-06-10,PHP,2026-06-17,2026-09-16,0.025564192505753855,0.357898695080554,50.47192494362912,0.33233450257480013,91,7,2.6035549940939946,Jun26-Sep26,Jun-Sep
2026-06-11,PHP,2026-06-17,2026-09-16,0.02555296301387624,0.3540910589065707,50.319261693123686,0.3285380958926945,91,6,2.581618697901029,Jun26-Sep26,Jun-Sep
2026-06-12,PHP,2026-06-17,2026-09-16,0.026537671073654727,0.36394520329583624,50.53008936559957,0.3374075322221815,91,5,2.6402058578849266,Jun26-Sep26,Jun-Sep
2026-06-15,PHP,2026-06-17,2026-09-16,0.026447486455509962,0.3513737486232038,50.334370137169834,0.3249262621676938,91,2,2.552425945931144,Jun26-Sep26,Jun-Sep
2026-06-16,PHP,2026-06-17,2026-09-16,0.026388057403875825,0.3468144687366537,50.25444186736209,0.3204264113327779,91,1,2.521082030281896,Jun26-Sep26,Jun-Sep
2026-06-17,PHP,2026-09-16,2026-12-16,0.3421830668323417,0.6843661336646834,50.20964104029863,0.3421830668323417,91,91,2.6778286981966666,Sep26-Dec26,Sep-Dec
2026-06-18,PHP,2026-09-16,2026-12-16,0.3352760677149174,0.6742774250711118,50.1696597289471,0.33900135735619435,91,90,2.655392487298904,Sep26-Dec26,Sep-Dec
2026-06-19,PHP,2026-09-16,2026-12-16,0.3337512063971157,0.6750024399042789,50.57478484436034,0.3412512335071632,91,89,2.6518242018637745,Sep26-Dec26,Sep-Dec
2026-06-22,PHP,2026-09-16,2026-12-16,0.32766228961443494,0.6743747123459882,50.4650791890916,0.3467124227315533,91,86,2.700404712369232,Sep26-Dec26,Sep-Dec
2026-06-23,PHP,2026-09-16,2026-12-16,0.3177003481921233,0.6578266033154553,50.585648637104626,0.340126255123332,91,85,2.6433514546580503,Sep26-Dec26,Sep-Dec
2026-06-24,PHP,2026-09-16,2026-12-16,0.3169854759762575,0.6603864082838697,50.59763106233116,0.34340093230761226,91,84,2.668210575116972,Sep26-Dec26,Sep-Dec
2026-06-25,PHP,2026-09-16,2026-12-16,0.31463780611607506,0.6596021477614104,50.659320887839954,0.3449643416453353,91,83,2.6772378166864406,Sep26-Dec26,Sep-Dec
2026-06-26,PHP,2026-09-16,2026-12-16,0.2992913588795401,0.6314317693434199,51.03948309746069,0.3321404104638798,91,82,2.5593950718301954,Sep26-Dec26,Sep-Dec
2026-06-29,PHP,2026-09-16,2026-12-16,0.2851633191468492,0.6136425855058781,50.97834290221365,0.3284792663590289,91,79,2.5348996043192034,Sep26-Dec26,Sep-Dec
2026-06-30,PHP,2026-09-16,2026-12-16,0.2695846535553843,0.5841000827033327,51.14641990300562,0.3145154291479484,91,78,2.4199407816579006,Sep26-Dec26,Sep-Dec
2026-07-01,PHP,2026-09-16,2026-12-16,0.2540366379431642,0.5542617555123583,51.40330416630457,0.3002251175691941,91,77,2.2991964807343295,Sep26-Dec26,Sep-Dec
2026-07-02,PHP,2026-09-16,2026-12-16,0.23948694721377148,0.5262410550618399,51.16296451441014,0.28675410784806843,91,76,2.2069216991918372,Sep26-Dec26,Sep-Dec
2026-07-03,PHP,2026-09-16,2026-12-16,0.24521747351329676,0.5473938993833941,51.19961885592997,0.30217642587009735,91,75,2.323699147504444,Sep26-Dec26,Sep-Dec
2026-07-06,PHP,2026-09-16,2026-12-16,0.22987599500902517,0.5240765869545508,51.375404075952616,0.29420059194552567,91,72,2.2553321521174086,Sep26-Dec26,Sep-Dec
2026-07-07,PHP,2026-09-16,2026-12-16,0.22519987696333293,0.5171608324114784,51.292184267088594,0.29196095544814543,91,71,2.2419817938966418,Sep26-Dec26,Sep-Dec
2026-07-08,PHP,2026-09-16,2026-12-16,0.21925438791250274,0.5072886305849368,51.48922947737935,0.28803424267243405,91,70,2.2036541002178445,Sep26-Dec26,Sep-Dec
2026-07-09,PHP,2026-09-16,2026-12-16,0.20923355152403628,0.4878495319120032,51.498295737321534,0.2786159803879669,91,69,2.131637462532631,Sep26-Dec26,Sep-Dec
2026-07-10,PHP,2026-09-16,2026-12-16,0.21580370922283568,0.5069299217320641,51.35669395481436,0.29112621250922843,91,68,2.2331826954470424,Sep26-Dec26,Sep-Dec
2026-07-13,PHP,2026-09-16,2026-12-16,0.21963670319521095,0.5284640560901664,51.53021054975224,0.3088273528949555,91,65,2.3608467420385075,Sep26-Dec26,Sep-Dec
2026-07-14,PHP,2026-09-16,2026-12-16,0.2191559572415799,0.5317604402108818,51.022607987847,0.3126044829693019,91,64,2.413416284435846,Sep26-Dec26,Sep-Dec
2026-07-15,PHP,2026-09-16,2026-12-16,0.21520579598751088,0.5267198945845447,51.013196019962734,0.31151409859703383,91,63,2.405625440756119,Sep26-Dec26,Sep-Dec
2026-07-16,PHP,2026-09-16,2026-12-16,0.213586142807117,0.5274059959954839,50.99367375480852,0.3138198531883669,91,62,2.4244318793364408,Sep26-Dec26,Sep-Dec
2026-07-17,PHP,2026-09-16,2026-12-16,0.22074051782160795,0.5500419460472854,51.13198037495309,0.32930142822567743,91,61,2.5368294068954045,Sep26-Dec26,Sep-Dec
2026-07-20,PHP,2026-09-16,2026-12-16,0.21412335801891627,0.5500755231865263,51.05598490451944,0.33595216516761006,91,58,2.5922346910711056,Sep26-Dec26,Sep-Dec
2026-07-21,PHP,2026-09-16,2026-12-16,0.21814838382639146,0.5664203650229112,51.061417319375224,0.3482719811965197,91,57,2.686799795158841,Sep26-Dec26,Sep-Dec
2026-07-22,PHP,2026-09-16,2026-12-16,0.21112398449958475,0.5542004593114099,51.47675803131632,0.3430764748118252,91,56,2.6258100771567405,Sep26-Dec26,Sep-Dec
2026-07-23,PHP,2026-09-16,2026-12-16,0.2049412322297693,0.5440258164644783,51.73019285419182,0.33908458423470905,91,55,2.582901813283501,Sep26-Dec26,Sep-Dec
2026-07-24,PHP,2026-09-16,2026-12-16,0.20792652875590514,0.5583212346223378,51.54303178385452,0.35039470586643273,91,54,2.678553023113635,Sep26-Dec26,Sep-Dec
2026-07-27,PHP,2026-09-16,2026-12-16,0.1939074258151269,0.5398991071715298,51.481527619468544,0.3459916813564029,91,51,2.648760090112458,Sep26-Dec26,Sep-Dec
2026-07-28,PHP,2026-09-16,2026-12-16,0.19368413184647676,0.5461892518070646,51.56224563822858,0.3525051199605878,91,50,2.6944270067020692,Sep26-Dec26,Sep-Dec
2026-07-29,PHP,2026-09-16,2026-12-16,0.1929311166342691,0.5512317618121974,51.96846551403385,0.35830064517792826,91,49,2.7174370192561312,Sep26-Dec26,Sep-Dec
2026-07-30,PHP,2026-09-16,2026-12-16,0.18826368055096918,0.5451802415955149,51.902028883064254,0.3569165610445457,91,48,2.7106348124420516,Sep26-Dec26,Sep-Dec
2026-07-31,PHP,2026-09-16,2026-12-16,0.18843532290230408,0.5532781821386801,51.75805588959207,0.364842859236376,91,47,2.778502175024156,Sep26-Dec26,Sep-Dec
2026-08-03,PHP,2026-09-16,2026-12-16,0.176195334621329,0.5449875741380275,52.08035345886525,0.3687922395166985,91,44,2.7919147817082735,Sep26-Dec26,Sep-Dec
2026-08-04,PHP,2026-09-16,2026-12-16,0.17223849925279078,0.5407569419629566,51.60486514280876,0.36851844271016587,91,43,2.815675376615617,Sep26-Dec26,Sep-Dec
2026-08-05,PHP,2026-09-16,2026-12-16,0.1596021775758424,0.5090691562884121,51.36677249485721,0.3494669787125697,91,42,2.683104988002261,Sep26-Dec26,Sep-Dec
2026-08-06,PHP,2026-09-16,2026-12-16,0.15587970520364372,0.5051698869472042,51.11910111176031,0.3492901817435605,91,41,2.694895815416731,Sep26-Dec26,Sep-Dec
2026-08-07,PHP,2026-09-16,2026-12-16,0.15049940516172383,0.4958779526902608,51.29829918197585,0.34537854752853697,91,40,2.6557135502072953,Sep26-Dec26,Sep-Dec
2026-08-10,PHP,2026-09-16,2026-12-16,0.13901054774733027,0.4829005305694705,51.40738800843405,0.3438899828221402,91,37,2.639260794534097,Sep26-Dec26,Sep-Dec
2026-08-11,PHP,2026-09-16,2026-12-16,0.13630566142686343,0.48253513792032,51.81082621702709,0.3462294764934566,91,36,2.6367173284774257,Sep26-Dec26,Sep-Dec
2026-08-12,PHP,2026-09-16,2026-12-16,0.12412700033454915,0.44819315827932,51.52977289065867,0.32406615794477084,91,35,2.4819422506360107,Sep26-Dec26,Sep-Dec
2026-08-13,PHP,2026-09-16,2026-12-16,0.12509119121970955,0.4608966848716073,51.562260258586264,0.3358054936518977,91,34,2.5701864311194362,Sep26-Dec26,Sep-Dec
2026-08-14,PHP,2026-09-16,2026-12-16,0.12372039586930475,0.4655563528970526,51.500005267666666,0.3418359570277478,91,33,2.6195669808336652,Sep26-Dec26,Sep-Dec
2026-08-17,PHP,2026-09-16,2026-12-16,0.10991096410840141,0.443307555237219,51.456829485225285,0.3333965911288176,91,30,2.557717547799477,Sep26-Dec26,Sep-Dec
2026-08-18,PHP,2026-09-16,2026-12-16,0.10795403150701005,0.4467063372703864,51.2824155215569,0.33875230576337634,91,29,2.607724021963647,Sep26-Dec26,Sep-Dec
2026-08-19,PHP,2026-09-16,2026-12-16,0.10758802495692135,0.4572491060669157,51.23279678655967,0.3496610811099944,91,28,2.6943206827672697,Sep26-Dec26,Sep-Dec
2026-08-20,PHP,2026-09-16,2026-12-16,0.1054523019637787,0.46086561598984754,51.4553941778585,0.35541331402606885,91,27,2.726934852399308,Sep26-Dec26,Sep-Dec
2026-08-21,PHP,2026-09-16,2026-12-16,0.10018621491519676,0.4508379671183854,51.213185767533865,0.35065175220318867,91,26,2.703376705499158,Sep26-Dec26,Sep-Dec
2026-08-24,PHP,2026-09-16,2026-12-16,0.08585861416995835,0.42556008762501096,51.34953509850178,0.33970147345505264,91,23,2.612741662731757,Sep26-Dec26,Sep-Dec
2026-08-25,PHP,2026-09-16,2026-12-16,0.08220887700920611,0.4222546864563768,51.67703443799972,0.3400458094471707,91,22,2.5990259576523775,Sep26-Dec26,Sep-Dec
2026-08-26,PHP,2026-09-16,2026-12-16,0.07910300997004782,0.42188271984025505,51.920468461238855,0.3427797098702072,91,21,2.6078130283003653,Sep26-Dec26,Sep-Dec
2026-08-27,PHP,2026-09-16,2026-12-16,0.07311245130775251,0.40577410475802644,52.059754589326786,0.33266165345027393,91,20,2.5243655264801728,Sep26-Dec26,Sep-Dec
2026-08-28,PHP,2026-09-16,2026-12-16,0.06993304940021083,0.4048755491591153,51.85670185165843,0.33494249975890444,91,19,2.551767997903567,Sep26-Dec26,Sep-Dec
