obs_date,ccy,slot,near_date,far_date,near_pts,far_pts,spot,imm_spread_pts,leg_days,days_to_near,ann_pct,pair,quarter_pair
2016-08-29,KRW,0,2016-09-21,2016-12-21,0.3986442587072363,1.9758889344619537,1247.9298533443919,1.5772446757547174,91,23,0.49984032878382056,Sep16-Dec16,Sep-Dec
2016-08-30,KRW,0,2016-09-21,2016-12-21,0.29600056766517807,1.5203665520984146,1245.177305759441,1.2243659844332366,91,22,0.3888999971414048,Sep16-Dec16,Sep-Dec
2016-08-31,KRW,0,2016-09-21,2016-12-21,0.19516612533965463,1.0408860018114914,1236.774511346518,0.8457198764718368,91,21,0.2704759111525644,Sep16-Dec16,Sep-Dec
2016-09-01,KRW,0,2016-09-21,2016-12-21,0.23612774833697422,1.5094033185179738,1233.1447545361573,1.2732755701809997,91,20,0.4084005351585547,Sep16-Dec16,Sep-Dec
2016-09-02,KRW,0,2016-09-21,2016-12-21,0.30791038194261866,1.9713769121853435,1231.762868175486,1.663466530242725,91,19,0.5341208336061298,Sep16-Dec16,Sep-Dec
2016-09-05,KRW,0,2016-09-21,2016-12-21,0.2298958185910573,1.6970150562770332,1236.7974632323671,1.4671192376859759,91,16,0.4691883449931074,Sep16-Dec16,Sep-Dec
2016-09-06,KRW,0,2016-09-21,2016-12-21,0.20438535029964627,1.594707994070924,1243.1814428149698,1.3903226437712777,91,15,0.44235484812931225,Sep16-Dec16,Sep-Dec
2016-09-07,KRW,0,2016-09-21,2016-12-21,0.14340164319624998,1.2149368575497093,1234.90301168939,1.0715352143534593,91,14,0.34322923921478704,Sep16-Dec16,Sep-Dec
2016-09-08,KRW,0,2016-09-21,2016-12-21,0.08719321368574956,0.8274801876759865,1239.3750227352873,0.7402869739902369,91,13,0.23628052323885354,Sep16-Dec16,Sep-Dec
2016-09-09,KRW,0,2016-09-21,2016-12-21,0.09409850266158824,0.9278044532662333,1241.29826712743,0.833705950604645,91,12,0.2656837175999002,Sep16-Dec16,Sep-Dec
2016-09-12,KRW,0,2016-09-21,2016-12-21,0.053658853772658596,0.6866820851231039,1246.5113606965103,0.6330232313504454,91,9,0.20089347038812883,Sep16-Dec16,Sep-Dec
2016-09-13,KRW,0,2016-09-21,2016-12-21,-0.0009848451870586872,0.06740159115087986,1233.6302802813323,0.06838643633793855,91,8,0.02193039263505906,Sep16-Dec16,Sep-Dec
2016-09-14,KRW,0,2016-09-21,2016-12-21,0.017657553426428968,0.3167138270879316,1231.2859729461193,0.29905627366150267,91,7,0.09608351138011974,Sep16-Dec16,Sep-Dec
2016-09-15,KRW,0,2016-09-21,2016-12-21,0.025919238677662305,0.41898162877672745,1236.1774038875524,0.39306239009906513,91,6,0.12578611168647766,Sep16-Dec16,Sep-Dec
2016-09-16,KRW,0,2016-09-21,2016-12-21,0.003972959154756822,0.10472896675182518,1246.0182103531156,0.10075600759706836,91,5,0.031989414011086986,Sep16-Dec16,Sep-Dec
2016-09-19,KRW,0,2016-09-21,2016-12-21,0.007473646110792127,0.1193630409296498,1244.3594698058023,0.11188939481885768,91,2,0.035571449920557885,Sep16-Dec16,Sep-Dec
2016-09-20,KRW,0,2016-09-21,2016-12-21,0.01169057635728513,0.16375044864303367,1252.756334034925,0.15205987228574855,91,1,0.04801811084692148,Sep16-Dec16,Sep-Dec
2016-09-21,KRW,0,2016-12-21,2017-03-15,0.27478136952189003,0.8420703400895142,1254.57851788198,0.5672889705676242,84,91,0.19374682656054482,Dec16-Mar17,Dec-Mar
2016-09-22,KRW,0,2016-12-21,2017-03-15,0.10257577343996344,0.5119700924544928,1254.627721882254,0.40939431901452933,84,90,0.13983459909822876,Dec16-Mar17,Dec-Mar
2016-09-23,KRW,0,2016-12-21,2017-03-15,0.0035054780854755713,0.3206545057021082,1255.3619460090047,0.3171490276166326,84,89,0.10827206665174419,Dec16-Mar17,Dec-Mar
2016-09-26,KRW,0,2016-12-21,2017-03-15,-0.03806381334930236,0.23686190267303173,1248.4172976400992,0.27492571602233407,84,86,0.0943826232238733,Dec16-Mar17,Dec-Mar
2016-09-27,KRW,0,2016-12-21,2017-03-15,-0.04053421085230855,0.23060458296029085,1244.7845263842291,0.2711387938125994,84,85,0.09335440936933789,Dec16-Mar17,Dec-Mar
2016-09-28,KRW,0,2016-12-21,2017-03-15,-0.03291969329095405,0.24604247121705994,1247.5274311958722,0.278962164508014,84,84,0.09583626401418346,Dec16-Mar17,Dec-Mar
2016-09-29,KRW,0,2016-12-21,2017-03-15,-0.2636333724142439,-0.2178226653794541,1250.4815405630866,0.04581070703478979,84,83,0.015703790551173973,Dec16-Mar17,Dec-Mar
2016-09-30,KRW,0,2016-12-21,2017-03-15,-0.7333759775117705,-1.1732921792308688,1245.3879790254969,-0.4399162017190983,84,82,-0.15147617223348103,Dec16-Mar17,Dec-Mar
2016-10-03,KRW,0,2016-12-21,2017-03-15,-0.7296408499005618,-1.579939800453994,1251.869298313614,-0.8502989505534322,84,79,-0.2912655144272477,Dec16-Mar17,Dec-Mar
2016-10-04,KRW,0,2016-12-21,2017-03-15,-0.920328468683339,-1.9670940512068196,1258.0069760669626,-1.0467655825234807,84,78,-0.356867859457956,Dec16-Mar17,Dec-Mar
2016-10-05,KRW,0,2016-12-21,2017-03-15,-0.9096543203611972,-1.9385535029325833,1269.597359844891,-1.028899182571386,84,77,-0.3475692170819159,Dec16-Mar17,Dec-Mar
2016-10-06,KRW,0,2016-12-21,2017-03-15,-0.7162736356098525,-1.5246041168124125,1266.1311801669735,-0.80833048120256,84,76,-0.2737658196523115,Dec16-Mar17,Dec-Mar
2016-10-07,KRW,0,2016-12-21,2017-03-15,-0.7835394013464538,-1.6577059039688216,1274.1100821227046,-0.8741665026223677,84,75,-0.2942236529818335,Dec16-Mar17,Dec-Mar
2016-10-10,KRW,0,2016-12-21,2017-03-15,-0.6531385319083081,-1.3500005202336205,1267.4523029392956,-0.6968619883253124,84,72,-0.2357557111220781,Dec16-Mar17,Dec-Mar
2016-10-11,KRW,0,2016-12-21,2017-03-15,-0.37490748588310896,-0.7323607757156133,1264.767979877244,-0.35745328983250435,84,71,-0.1211603182713469,Dec16-Mar17,Dec-Mar
2016-10-12,KRW,0,2016-12-21,2017-03-15,-0.3968129224569863,-0.7657745299038666,1261.3399941353334,-0.36896160744688034,84,70,-0.12540327395195647,Dec16-Mar17,Dec-Mar
2016-10-13,KRW,0,2016-12-21,2017-03-15,-0.28011618781451286,-0.49298323203060673,1254.1749965260437,-0.21286704421609387,84,69,-0.07275628496934099,Dec16-Mar17,Dec-Mar
2016-10-14,KRW,0,2016-12-21,2017-03-15,-0.28022038140125993,-0.4762390210297054,1255.2349847915837,-0.19601863962844546,84,68,-0.06694104902788782,Dec16-Mar17,Dec-Mar
2016-10-17,KRW,0,2016-12-21,2017-03-15,-0.23222274233561588,-0.3144265117332822,1255.2554220392994,-0.0822037693976663,84,65,-0.028071343146830942,Dec16-Mar17,Dec-Mar
2016-10-18,KRW,0,2016-12-21,2017-03-15,-0.30528347830268215,-0.46439923337553113,1256.9434026636557,-0.15911575507284897,84,64,-0.0542657949163924,Dec16-Mar17,Dec-Mar
2016-10-19,KRW,0,2016-12-21,2017-03-15,-0.24247407486293024,-0.2991530134232605,1262.936027006416,-0.056678938560330266,84,63,-0.019237425907734997,Dec16-Mar17,Dec-Mar
2016-10-20,KRW,0,2016-12-21,2017-03-15,-0.34838910718349847,-0.5300726220619016,1260.231534255744,-0.18168351487840317,84,62,-0.061802845620374997,Dec16-Mar17,Dec-Mar
2016-10-21,KRW,0,2016-12-21,2017-03-15,-0.3160158297154379,-0.4374475562996799,1254.950450784133,-0.121431726584242,84,61,-0.04147994593977395,Dec16-Mar17,Dec-Mar
2016-10-24,KRW,0,2016-12-21,2017-03-15,-0.3557046576964442,-0.5555549200970332,1261.2328294667004,-0.199850262400589,84,58,-0.06792899226429736,Dec16-Mar17,Dec-Mar
2016-10-25,KRW,0,2016-12-21,2017-03-15,-0.48675034590396016,-0.8872957432063597,1267.083607697956,-0.4005453973023996,84,57,-0.1355303482186075,Dec16-Mar17,Dec-Mar
2016-10-26,KRW,0,2016-12-21,2017-03-15,-0.14771924630280991,-0.05203459012736241,1269.0541025186494,0.0956846561754475,84,56,0.032317364251735876,Dec16-Mar17,Dec-Mar
2016-10-27,KRW,0,2016-12-21,2017-03-15,-0.21415461225218546,-0.22323416591684053,1271.9717801910951,-0.009079553664655071,84,55,-0.0030597318282841813,Dec16-Mar17,Dec-Mar
2016-10-28,KRW,0,2016-12-21,2017-03-15,-0.2461440610611252,-0.3089592691890618,1280.3022140908101,-0.06281520812793659,84,54,-0.021030956466423185,Dec16-Mar17,Dec-Mar
2016-10-31,KRW,0,2016-12-21,2017-03-15,-0.42991068086444145,-0.8170068061266494,1283.9682199404294,-0.387096125262208,84,51,-0.1292507891672409,Dec16-Mar17,Dec-Mar
2016-11-01,KRW,0,2016-12-21,2017-03-15,-0.3447432186052703,-1.1577400259471737,1282.9511863073512,-0.8129968073419034,84,50,-0.27165558462920775,Dec16-Mar17,Dec-Mar
2016-11-02,KRW,0,2016-12-21,2017-03-15,-0.09660588477285138,-0.4747330668157287,1281.0058157723236,-0.3781271820428773,84,49,-0.12651521695601037,Dec16-Mar17,Dec-Mar
2016-11-03,KRW,0,2016-12-21,2017-03-15,-0.0983091174227483,-0.4607406821502587,1276.1316511067519,-0.3624315647275104,84,48,-0.12172708058904341,Dec16-Mar17,Dec-Mar
2016-11-04,KRW,0,2016-12-21,2017-03-15,-0.10542915961104558,-0.4622862346661067,1274.8219570288902,-0.3568570750550611,84,47,-0.11997863298110875,Dec16-Mar17,Dec-Mar
2016-11-07,KRW,0,2016-12-21,2017-03-15,-0.24864458934157313,-0.8232950350068099,1274.3242732890312,-0.5746504456652368,84,44,-0.19329995557585253,Dec16-Mar17,Dec-Mar
2016-11-08,KRW,0,2016-12-21,2017-03-15,-0.10344550027413427,-0.3815127478708817,1274.1076519826247,-0.2780672475967474,84,43,-0.09354103929570812,Dec16-Mar17,Dec-Mar
2016-11-09,KRW,0,2016-12-21,2017-03-15,0.019662763384983906,0.007675551332244774,1272.5559228031318,-0.011987212052739131,84,42,-0.004036991320804135,Dec16-Mar17,Dec-Mar
2016-11-10,KRW,0,2016-12-21,2017-03-15,0.16050542239516685,0.46341312520510725,1267.708832522316,0.3029077028099404,84,41,0.10239035130307375,Dec16-Mar17,Dec-Mar
2016-11-11,KRW,0,2016-12-21,2017-03-15,0.21516014469719139,0.6669964485612934,1269.390405794253,0.451836303864102,84,40,0.15252306340061775,Dec16-Mar17,Dec-Mar
2016-11-14,KRW,0,2016-12-21,2017-03-15,0.1477626003298625,0.5662263148592483,1269.3875907499169,0.41846371452938586,84,37,0.1412655358260993,Dec16-Mar17,Dec-Mar
2016-11-15,KRW,0,2016-12-21,2017-03-15,0.2558613615917883,0.965723786464641,1272.1563694251195,0.7098624248728527,84,36,0.2390944901000352,Dec16-Mar17,Dec-Mar
2016-11-16,KRW,0,2016-12-21,2017-03-15,0.18861982017425016,0.7846711370569126,1269.7932006852345,0.5960513168826624,84,35,0.20114505597934595,Dec16-Mar17,Dec-Mar
2016-11-17,KRW,0,2016-12-21,2017-03-15,0.21386354701598553,0.9170254157448565,1266.1988536811252,0.703161868728871,84,34,0.2379596181390577,Dec16-Mar17,Dec-Mar
2016-11-18,KRW,0,2016-12-21,2017-03-15,0.11241334288390467,0.6067786166654464,1267.9245845763655,0.4943652737815417,84,33,0.16708568596054565,Dec16-Mar17,Dec-Mar
2016-11-21,KRW,0,2016-12-21,2017-03-15,0.17034992066091983,0.9630341414464623,1262.8177717398669,0.7926842207855425,84,30,0.26898258430284117,Dec16-Mar17,Dec-Mar
2016-11-22,KRW,0,2016-12-21,2017-03-15,0.22850799746823391,1.2033160685729616,1251.691348235235,0.9748080711047277,84,29,0.33370737394761946,Dec16-Mar17,Dec-Mar
2016-11-23,KRW,0,2016-12-21,2017-03-15,0.21058785325680693,1.1555912965235187,1252.959533985164,0.9450034432667117,84,28,0.32318156061011166,Dec16-Mar17,Dec-Mar
2016-11-24,KRW,0,2016-12-21,2017-03-15,0.3045857474897512,1.5637126817065272,1246.1073236613117,1.2591269342167761,84,27,0.4329434153160149,Dec16-Mar17,Dec-Mar
2016-11-25,KRW,0,2016-12-21,2017-03-15,0.2449623875692278,1.350390538121257,1256.0448243904038,1.1054281505520294,84,26,0.3771064022419462,Dec16-Mar17,Dec-Mar
2016-11-28,KRW,0,2016-12-21,2017-03-15,0.31236200549273513,1.7660919432023883,1251.7182792925696,1.453729937709653,84,23,0.49761331361294503,Dec16-Mar17,Dec-Mar
2016-11-29,KRW,0,2016-12-21,2017-03-15,0.27774912556590736,1.649570170000075,1245.2975327300858,1.3718210444341676,84,22,0.472009450831098,Dec16-Mar17,Dec-Mar
2016-11-30,KRW,0,2016-12-21,2017-03-15,0.29005079101201015,1.7625329750282859,1249.1160798729422,1.4724821840162758,84,21,0.5050910009657882,Dec16-Mar17,Dec-Mar
2016-12-01,KRW,0,2016-12-21,2017-03-15,0.32591285854520163,2.0071372790008226,1249.5616582630958,1.681224420455621,84,20,0.5764716509479216,Dec16-Mar17,Dec-Mar
2016-12-02,KRW,0,2016-12-21,2017-03-15,0.3466201699214674,1.662836348784935,1246.0244549755064,1.3162161788634674,84,19,0.4525880448713604,Dec16-Mar17,Dec-Mar
2016-12-05,KRW,0,2016-12-21,2017-03-15,0.3479091106475388,2.242701292074684,1248.3538382183672,1.8947921814271451,84,16,0.6503184557698256,Dec16-Mar17,Dec-Mar
2016-12-06,KRW,0,2016-12-21,2017-03-15,0.3325796513170254,2.3770497732696128,1239.312848185502,2.044470121952587,84,15,0.7068162082167285,Dec16-Mar17,Dec-Mar
2016-12-07,KRW,0,2016-12-21,2017-03-15,0.33454542392946546,2.650313299313084,1233.9813272273025,2.315767875383618,84,14,0.8040664213943798,Dec16-Mar17,Dec-Mar
2016-12-08,KRW,0,2016-12-21,2017-03-15,0.27283137720283956,2.3455086914105827,1239.067507588351,2.072677314207743,84,13,0.7167444241013803,Dec16-Mar17,Dec-Mar
2016-12-09,KRW,0,2016-12-21,2017-03-15,0.2527813307535677,2.33192276962668,1238.6884943925565,2.0791414388731124,84,12,0.7192113412637369,Dec16-Mar17,Dec-Mar
2016-12-12,KRW,0,2016-12-21,2017-03-15,0.18907663450197482,2.264732847217735,1243.7638294559783,2.07565621271576,84,9,0.7151130432280376,Dec16-Mar17,Dec-Mar
2016-12-13,KRW,0,2016-12-21,2017-03-15,0.1858075513691677,2.4483931087397344,1246.4250719772213,2.2625855573705667,84,8,0.7778526086296303,Dec16-Mar17,Dec-Mar
2016-12-14,KRW,0,2016-12-21,2017-03-15,0.146042132876949,2.211525279101364,1251.91020680411,2.065483146224415,84,7,0.7070026314066613,Dec16-Mar17,Dec-Mar
2016-12-15,KRW,0,2016-12-21,2017-03-15,0.14618766901885324,2.1934541963498275,1255.5938072868587,2.0472665273309745,84,6,0.6987114719680309,Dec16-Mar17,Dec-Mar
2016-12-16,KRW,0,2016-12-21,2017-03-15,0.13697962847028108,2.0553611910925222,1255.0522307386502,1.9183815626222411,84,5,0.6550116269702525,Dec16-Mar17,Dec-Mar
2016-12-19,KRW,0,2016-12-21,2017-03-15,0.17750763027016705,2.4937198297988994,1251.6472030616728,2.3162121995287324,84,2,0.7929723408942126,Dec16-Mar17,Dec-Mar
2016-12-20,KRW,0,2016-12-21,2017-03-15,0.15773414418670414,2.2244454002763554,1236.4088834655072,2.0667112560896514,84,1,0.7162844143238724,Dec16-Mar17,Dec-Mar
2016-12-21,KRW,0,2017-03-15,2017-06-21,2.0771126883373254,4.140694675443569,1233.3125118421804,2.063581987106244,98,84,0.6136125080084871,Mar17-Jun17,Mar-Jun
2016-12-22,KRW,0,2017-03-15,2017-06-21,2.4712342300545886,5.02421724068943,1236.0557005166513,2.5529830106348417,98,83,0.7572144516133571,Mar17-Jun17,Mar-Jun
2016-12-23,KRW,0,2017-03-15,2017-06-21,2.648531968877066,5.445004409151517,1234.5058305080636,2.796472440274451,98,82,0.8303536094301176,Mar17-Jun17,Mar-Jun
2016-12-26,KRW,0,2017-03-15,2017-06-21,2.421392491537312,5.04395363752313,1229.148311746,2.6225611459858182,98,79,0.78224545911992,Mar17-Jun17,Mar-Jun
2016-12-27,KRW,0,2017-03-15,2017-06-21,2.353236436720721,4.926023570857749,1222.0316055486737,2.5727871341370285,98,78,0.7719023018234801,Mar17-Jun17,Mar-Jun
2016-12-28,KRW,0,2017-03-15,2017-06-21,2.166156403833059,4.534055256481974,1222.6577927213625,2.367898852648915,98,77,0.7101758546375477,Mar17-Jun17,Mar-Jun
2016-12-29,KRW,0,2017-03-15,2017-06-21,2.461830879794228,5.244060133908329,1216.7348125372523,2.782229254114101,98,76,0.8382924977598664,Mar17-Jun17,Mar-Jun
2016-12-30,KRW,0,2017-03-15,2017-06-21,2.811457568851195,6.0870132004128505,1218.6191583793036,3.2755556315616556,98,75,0.985127864270079,Mar17-Jun17,Mar-Jun
2017-01-02,KRW,0,2017-03-15,2017-06-21,2.108570740576595,4.978569804139182,1218.7516804592872,2.869999063562587,98,72,0.8635594198861871,Mar17-Jun17,Mar-Jun
2017-01-03,KRW,0,2017-03-15,2017-06-21,1.7991258745398007,4.282426377425723,1209.585833593051,2.483300502885922,98,71,0.753049499802084,Mar17-Jun17,Mar-Jun
2017-01-04,KRW,0,2017-03-15,2017-06-21,1.984493566832389,4.762784560397734,1213.539200608117,2.7782909935653453,98,70,0.8396353739582698,Mar17-Jun17,Mar-Jun
2017-01-05,KRW,0,2017-03-15,2017-06-21,2.196476417571726,5.316109590354757,1224.863092126761,3.119633172783031,98,69,0.9339299619201105,Mar17-Jun17,Mar-Jun
2017-01-06,KRW,0,2017-03-15,2017-06-21,2.41497151870966,5.895371648614758,1228.2847810096741,3.480400129905098,98,68,1.038851540197275,Mar17-Jun17,Mar-Jun
2017-01-09,KRW,0,2017-03-15,2017-06-21,2.3808637287312147,5.970473658202892,1219.5234066914163,3.5896099294716777,98,65,1.0791616421278756,Mar17-Jun17,Mar-Jun
2017-01-10,KRW,0,2017-03-15,2017-06-21,2.4584367477707065,6.2229180177946,1208.9595919235346,3.764481270023894,98,64,1.141530535200746,Mar17-Jun17,Mar-Jun
2017-01-11,KRW,0,2017-03-15,2017-06-21,2.293074300411929,5.860078767719375,1209.7369917427004,3.567004467307446,98,63,1.0811020356464727,Mar17-Jun17,Mar-Jun
2017-01-12,KRW,0,2017-03-15,2017-06-21,2.262717651447406,5.839271358573952,1217.9858719859274,3.576553707126546,98,62,1.0766954101291728,Mar17-Jun17,Mar-Jun
2017-01-13,KRW,0,2017-03-15,2017-06-21,1.84279602410919,4.803353571038708,1218.20429835558,2.9605575469295182,98,61,0.8914014524055929,Mar17-Jun17,Mar-Jun
2017-01-16,KRW,0,2017-03-15,2017-06-21,1.9039240693949122,5.120899221131143,1208.9124211422104,3.2169751517362313,98,58,0.9759910978908432,Mar17-Jun17,Mar-Jun
2017-01-17,KRW,0,2017-03-15,2017-06-21,1.7778091887031369,4.834393407876952,1211.3748433845117,3.056584219173815,98,57,0.9255445748244832,Mar17-Jun17,Mar-Jun
2017-01-18,KRW,0,2017-03-15,2017-06-21,1.6772079477152695,4.612321856216991,1211.2922279057225,2.9351139085017217,98,56,0.8888971785896019,Mar17-Jun17,Mar-Jun
2017-01-19,KRW,0,2017-03-15,2017-06-21,1.6426081274688888,4.569437154595272,1213.3847681530722,2.9268290271263835,98,55,0.8848867971399003,Mar17-Jun17,Mar-Jun
2017-01-20,KRW,0,2017-03-15,2017-06-21,1.6415367367983367,4.620621925802725,1206.5083670426745,2.9790851890043886,98,54,0.9058129468112713,Mar17-Jun17,Mar-Jun
2017-01-23,KRW,0,2017-03-15,2017-06-21,1.4854373963380882,4.339807295183826,1211.5800985299845,2.854369898845738,98,51,0.8643754301974276,Mar17-Jun17,Mar-Jun
2017-01-24,KRW,0,2017-03-15,2017-06-21,1.4713286866839823,4.355132912584588,1212.1903416836662,2.8838042259006054,98,50,0.8728599413452865,Mar17-Jun17,Mar-Jun
2017-01-25,KRW,0,2017-03-15,2017-06-21,1.5117331744840339,4.535199523452102,1212.4457678423041,3.0234663489680678,98,49,0.9149093826216634,Mar17-Jun17,Mar-Jun
2017-01-26,KRW,0,2017-03-15,2017-06-21,1.5237425740185722,4.634716995973157,1205.2924362742629,3.110974421954585,98,48,0.946960233500124,Mar17-Jun17,Mar-Jun
2017-01-27,KRW,0,2017-03-15,2017-06-21,1.331810054930644,4.1087757013817745,1204.6994002005633,2.7769656464511305,98,47,0.8458403237280196,Mar17-Jun17,Mar-Jun
2017-01-30,KRW,0,2017-03-15,2017-06-21,1.2154639137045502,3.9226335396828667,1206.6694202764568,2.7071696259783167,98,44,0.8233156055396617,Mar17-Jun17,Mar-Jun
2017-01-31,KRW,0,2017-03-15,2017-06-21,1.2953558388717978,4.2475621693238015,1213.4214000731624,2.952206330452004,98,43,0.8927875184458218,Mar17-Jun17,Mar-Jun
2017-02-01,KRW,0,2017-03-15,2017-06-21,1.3301675997501192,4.433891999167065,1205.0325955776464,3.1037243994169454,98,42,0.9451084630013885,Mar17-Jun17,Mar-Jun
2017-02-02,KRW,0,2017-03-15,2017-06-21,1.3202407044849458,4.47593799813189,1205.5205923940794,3.155697293646944,98,41,0.9605539593377568,Mar17-Jun17,Mar-Jun
2017-02-03,KRW,0,2017-03-15,2017-06-21,1.371582781643317,4.731960596669444,1210.5506586205747,3.3603778150261263,98,40,1.0185674140700285,Mar17-Jun17,Mar-Jun
2017-02-06,KRW,0,2017-03-15,2017-06-21,1.1607881398234996,4.235308077734391,1213.8228801530877,3.0745199379108916,98,37,0.9295725669980843,Mar17-Jun17,Mar-Jun
2017-02-07,KRW,0,2017-03-15,2017-06-21,1.103359279218686,4.1069484282028865,1211.4779756410062,3.003589148984201,98,36,0.9099259962559765,Mar17-Jun17,Mar-Jun
2017-02-08,KRW,0,2017-03-15,2017-06-21,1.0690818637443809,4.062511082228647,1212.9925316739846,2.993429218484266,98,35,0.9057423837387434,Mar17-Jun17,Mar-Jun
2017-02-09,KRW,0,2017-03-15,2017-06-21,1.1518125127319807,4.471742696488867,1220.5991470409228,3.3199301837568864,98,34,0.9982117717321958,Mar17-Jun17,Mar-Jun
2017-02-10,KRW,0,2017-03-15,2017-06-21,1.1856286961086089,4.706586642128114,1226.3528407630236,3.520957946019505,98,33,1.0536640237413373,Mar17-Jun17,Mar-Jun
2017-02-13,KRW,0,2017-03-15,2017-06-21,1.1829717861906153,5.047346287746625,1223.1959903243626,3.86437450155601,98,30,1.1594172942842529,Mar17-Jun17,Mar-Jun
2017-02-14,KRW,0,2017-03-15,2017-06-21,1.0241004223224939,4.484853573619198,1226.7269214286662,3.4607531512967036,98,29,1.035468147336458,Mar17-Jun17,Mar-Jun
2017-02-15,KRW,0,2017-03-15,2017-06-21,0.9218138244300679,4.148162209935306,1223.6841670698739,3.2263483855052377,98,28,0.9678126853284832,Mar17-Jun17,Mar-Jun
2017-02-16,KRW,0,2017-03-15,2017-06-21,0.8574337310522657,3.9696006067234526,1216.6931083241907,3.112166875671187,98,27,0.9389712666930105,Mar17-Jun17,Mar-Jun
2017-02-17,KRW,0,2017-03-15,2017-06-21,0.8602896183594604,4.1029197183297335,1217.384410530267,3.242630099970273,98,26,0.9777758447543656,Mar17-Jun17,Mar-Jun
2017-02-20,KRW,0,2017-03-15,2017-06-21,0.7517046871918704,3.954620310878971,1216.2635541776194,3.2029156236871,98,23,0.966776086780668,Mar17-Jun17,Mar-Jun
2017-02-21,KRW,0,2017-03-15,2017-06-21,0.7042631450210974,3.841435336478713,1218.6586135488778,3.1371721914576156,98,22,0.9451088129468488,Mar17-Jun17,Mar-Jun
2017-02-22,KRW,0,2017-03-15,2017-06-21,0.6297402798913514,3.568528252717658,1220.3128142334258,2.9387879728263067,98,21,0.884197836775631,Mar17-Jun17,Mar-Jun
2017-02-23,KRW,0,2017-03-15,2017-06-21,0.609101960217779,3.593701565284896,1219.2577521549513,2.984599605067117,98,20,0.8987731117485402,Mar17-Jun17,Mar-Jun
2017-02-24,KRW,0,2017-03-15,2017-06-21,0.5942968950426213,3.6596177221045623,1220.210388600826,3.065320827061941,98,19,0.9223721333676028,Mar17-Jun17,Mar-Jun
2017-02-27,KRW,0,2017-03-15,2017-06-21,0.5526281546670022,3.9374756020023907,1219.452340091415,3.3848474473353884,98,16,1.0191871183839338,Mar17-Jun17,Mar-Jun
2017-02-28,KRW,0,2017-03-15,2017-06-21,0.5278962889713648,3.9768187102509485,1217.3094833124385,3.4489224212795837,98,15,1.0403286306960868,Mar17-Jun17,Mar-Jun
2017-03-01,KRW,0,2017-03-15,2017-06-21,0.5411209630489286,4.328967704391429,1219.2011488315427,3.7878467413425003,98,14,1.1407769816956814,Mar17-Jun17,Mar-Jun
2017-03-02,KRW,0,2017-03-15,2017-06-21,0.5410682028236574,4.619890039494306,1218.725879551423,4.078821836670649,98,13,1.228888159620382,Mar17-Jun17,Mar-Jun
2017-03-03,KRW,0,2017-03-15,2017-06-21,0.4622719088647363,4.237492497926749,1223.528356301796,3.775220589062013,98,12,1.1330280597177247,Mar17-Jun17,Mar-Jun
2017-03-06,KRW,0,2017-03-15,2017-06-21,0.35376953099884667,4.2059266463196225,1218.0925755384376,3.852157115320776,98,9,1.1613791035786147,Mar17-Jun17,Mar-Jun
2017-03-07,KRW,0,2017-03-15,2017-06-21,0.35838000082485405,4.7485350109293165,1220.275148749875,4.390155010104462,98,8,1.3212073613629702,Mar17-Jun17,Mar-Jun
2017-03-08,KRW,0,2017-03-15,2017-06-21,0.3192335970823686,4.7885039562355285,1222.9619043650612,4.4692703591531595,98,7,1.3421058610697376,Mar17-Jun17,Mar-Jun
2017-03-09,KRW,0,2017-03-15,2017-06-21,0.32424286771623184,4.817322606069729,1223.6161309893303,4.493079738353497,98,6,1.3485289992983795,Mar17-Jun17,Mar-Jun
2017-03-10,KRW,0,2017-03-15,2017-06-21,0.3448973431632452,5.0749180494020365,1221.228459593703,4.730020706238792,98,5,1.4223940108996465,Mar17-Jun17,Mar-Jun
2017-03-13,KRW,0,2017-03-15,2017-06-21,0.35950594843115213,5.135799263302173,1220.8566438303367,4.776293314871022,98,2,1.4367290575297864,Mar17-Jun17,Mar-Jun
2017-03-14,KRW,0,2017-03-15,2017-06-21,0.34710589702127037,4.90906911501511,1223.5211247172897,4.561963217993839,98,1,1.3692840299444338,Mar17-Jun17,Mar-Jun
2017-03-15,KRW,0,2017-06-21,2017-09-20,4.986386322364503,9.61660219313154,1225.4873872818314,4.630215870767037,91,98,1.4886410343450585,Jun17-Sep17,Jun-Sep
2017-03-16,KRW,0,2017-06-21,2017-09-20,4.661865511797855,9.035368208432958,1222.1811543597516,4.373502696635103,91,97,1.4102675427518787,Jun17-Sep17,Jun-Sep
2017-03-17,KRW,0,2017-06-21,2017-09-20,4.759756395891453,9.271608812830227,1214.0749624083753,4.5118524169387735,91,96,1.4644386321801233,Jun17-Sep17,Jun-Sep
2017-03-20,KRW,0,2017-06-21,2017-09-20,4.191555684705623,8.292970386944457,1208.1933755934383,4.101414702238834,91,93,1.3383024174439737,Jun17-Sep17,Jun-Sep
2017-03-21,KRW,0,2017-06-21,2017-09-20,3.9348285274193535,7.8268871795406705,1204.5629082550593,3.892058652121317,91,92,1.2740739712336144,Jun17-Sep17,Jun-Sep
2017-03-22,KRW,0,2017-06-21,2017-09-20,4.305452221276399,8.610904442552798,1201.1199184525412,4.305452221276399,91,91,1.4129915175499548,Jun17-Sep17,Jun-Sep
2017-03-23,KRW,0,2017-06-21,2017-09-20,3.710283771330911,7.4617929178988325,1199.8312533944923,3.7515091465679213,91,90,1.2331219677113598,Jun17-Sep17,Jun-Sep
2017-03-24,KRW,0,2017-06-21,2017-09-20,3.5638289455185133,7.207743934756543,1203.8197940690104,3.64391498923803,91,89,1.1939442936554912,Jun17-Sep17,Jun-Sep
2017-03-27,KRW,0,2017-06-21,2017-09-20,3.6637351611723767,7.54047818055245,1204.1418784091352,3.876743019380073,91,86,1.2697875898771218,Jun17-Sep17,Jun-Sep
2017-03-28,KRW,0,2017-06-21,2017-09-20,3.456386600645043,7.156753431923854,1205.840295161379,3.700366831278811,91,85,1.210522947660449,Jun17-Sep17,Jun-Sep
2017-03-29,KRW,0,2017-06-21,2017-09-20,3.7340762449785467,7.779325510371972,1198.151668682922,4.0452492653934256,91,84,1.3315062579439283,Jun17-Sep17,Jun-Sep
2017-03-30,KRW,0,2017-06-21,2017-09-20,3.665394672195531,7.684080397132799,1198.9853920540443,4.018685724937269,91,83,1.321921338167901,Jun17-Sep17,Jun-Sep
2017-03-31,KRW,0,2017-06-21,2017-09-20,3.2115199359878934,6.775523767389092,1198.1496366169256,3.564003831401198,91,82,1.1736150898193007,Jun17-Sep17,Jun-Sep
2017-04-03,KRW,0,2017-06-21,2017-09-20,3.3934733762764986,7.302411062873478,1191.9986400474072,3.9089376865969796,91,79,1.2936281857611218,Jun17-Sep17,Jun-Sep
2017-04-04,KRW,0,2017-06-21,2017-09-20,3.35786211653814,7.27536791916597,1198.112416089225,3.91750580262783,91,78,1.2899049967675285,Jun17-Sep17,Jun-Sep
2017-04-05,KRW,0,2017-06-21,2017-09-20,3.077589251703517,6.714740185534946,1192.7401634965458,3.6371509338314287,91,77,1.2032543367026673,Jun17-Sep17,Jun-Sep
2017-04-06,KRW,0,2017-06-21,2017-09-20,2.467896206963819,5.422877191617865,1197.3670995831967,2.9549809846540462,91,76,0.9743035255331943,Jun17-Sep17,Jun-Sep
2017-04-07,KRW,0,2017-06-21,2017-09-20,2.521425140999523,5.580754312078945,1204.9383438758332,3.0593291710794217,91,75,1.0023390416271625,Jun17-Sep17,Jun-Sep
2017-04-10,KRW,0,2017-06-21,2017-09-20,2.3123328103111502,5.234864556676632,1207.1581769991956,2.9225317463654816,91,72,0.9559277351357446,Jun17-Sep17,Jun-Sep
2017-04-11,KRW,0,2017-06-21,2017-09-20,2.1787676087575143,4.971272572094611,1204.8041017284957,2.7925049633370964,91,71,0.915279964867991,Jun17-Sep17,Jun-Sep
2017-04-12,KRW,0,2017-06-21,2017-09-20,1.8115941973319205,4.166666653863417,1196.006029484814,2.3550724565314964,91,70,0.7778120786924144,Jun17-Sep17,Jun-Sep
2017-04-13,KRW,0,2017-06-21,2017-09-20,1.6386096658297005,3.7996745874311895,1207.194730395735,2.161064921601489,91,69,0.707232960772227,Jun17-Sep17,Jun-Sep
2017-04-14,KRW,0,2017-06-21,2017-09-20,1.6547011722698266,3.869080682219154,1203.662460158698,2.2143795099493273,91,68,0.726794818639234,Jun17-Sep17,Jun-Sep
2017-04-17,KRW,0,2017-06-21,2017-09-20,1.7118416947788593,4.108420067469263,1217.4106028266583,2.3965783726904037,91,65,0.777688035280916,Jun17-Sep17,Jun-Sep
2017-04-18,KRW,0,2017-06-21,2017-09-20,1.56588422130455,3.7923758484719574,1213.4097707454655,2.226491627167407,91,64,0.7249609248408319,Jun17-Sep17,Jun-Sep
2017-04-19,KRW,0,2017-06-21,2017-09-20,1.3720007322133927,3.353779567632737,1210.3827628555919,1.9817788354193444,91,63,0.6469959450263423,Jun17-Sep17,Jun-Sep
2017-04-20,KRW,0,2017-06-21,2017-09-20,1.363738240504806,3.3653540451166988,1201.020977584031,2.001615804611893,91,62,0.6585646009918382,Jun17-Sep17,Jun-Sep
2017-04-21,KRW,0,2017-06-21,2017-09-20,1.418392884867413,3.534356040981095,1197.6148824054737,2.115963156113682,91,61,0.6981326896809884,Jun17-Sep17,Jun-Sep
2017-04-24,KRW,0,2017-06-21,2017-09-20,1.583523278349014,4.068016697827639,1204.0744522678253,2.4844934194786252,91,58,0.8152200188869365,Jun17-Sep17,Jun-Sep
2017-04-25,KRW,0,2017-06-21,2017-09-20,1.731085745177964,4.494748952391907,1206.8402770876296,2.763663207213943,91,57,0.9046361235809595,Jun17-Sep17,Jun-Sep
2017-04-26,KRW,0,2017-06-21,2017-09-20,1.9834948297571788,5.206673928112593,1211.0165576510115,3.2231790983554145,91,56,1.0511984863660448,Jun17-Sep17,Jun-Sep
2017-04-27,KRW,0,2017-06-21,2017-09-20,2.1363984513336796,5.671166798085768,1208.3531072839187,3.534768346752088,91,55,1.1552102589844553,Jun17-Sep17,Jun-Sep
2017-04-28,KRW,0,2017-06-21,2017-09-20,1.901390782034118,5.105586359165688,1212.009859646903,3.20419557713157,91,54,1.044222841036811,Jun17-Sep17,Jun-Sep
2017-05-01,KRW,0,2017-06-21,2017-09-20,1.673648725126596,4.659963117019149,1203.363840312524,2.986314391892553,91,51,0.9803836899985501,Jun17-Sep17,Jun-Sep
2017-05-02,KRW,0,2017-06-21,2017-09-20,1.5623520576654981,4.405832802616704,1201.8388665910381,2.843480744951206,91,50,0.9347617935623465,Jun17-Sep17,Jun-Sep
2017-05-03,KRW,0,2017-06-21,2017-09-20,1.397175359787945,3.991929599394129,1204.4710737724406,2.594754239606184,91,49,0.8512506929674679,Jun17-Sep17,Jun-Sep
2017-05-04,KRW,0,2017-06-21,2017-09-20,1.2515853665200285,3.624382623880916,1191.2814364904762,2.3727972573608875,91,48,0.7871388109893092,Jun17-Sep17,Jun-Sep
2017-05-05,KRW,0,2017-06-21,2017-09-20,1.4571452717941702,4.278426542714797,1189.7604537795398,2.821281270920627,91,47,0.9369499517984022,Jun17-Sep17,Jun-Sep
2017-05-08,KRW,0,2017-06-21,2017-09-20,1.2851350477473042,3.943027987406502,1183.6872416843073,2.657892939659198,91,44,0.8873406255046025,Jun17-Sep17,Jun-Sep
2017-05-09,KRW,0,2017-06-21,2017-09-20,1.158291990325783,3.60956108613151,1183.87387600832,2.4512690958057273,91,43,0.8183177261320245,Jun17-Sep17,Jun-Sep
2017-05-10,KRW,0,2017-06-21,2017-09-20,1.2068881943511238,3.821812615445225,1184.6860999629678,2.614924421094101,91,42,0.8723178275684159,Jun17-Sep17,Jun-Sep
2017-05-11,KRW,0,2017-06-21,2017-09-20,1.0894531015722428,3.50750754652527,1186.5182124262017,2.418054444953027,91,41,0.8054789430893452,Jun17-Sep17,Jun-Sep
2017-05-12,KRW,0,2017-06-21,2017-09-20,1.1539804719659252,3.779286045688405,1187.078956187318,2.6253055737224797,91,40,0.8740562500222298,Jun17-Sep17,Jun-Sep
2017-05-15,KRW,0,2017-06-21,2017-09-20,1.103385670387929,3.817117994855538,1179.6681729289087,2.713732324467609,91,37,0.9092058732568548,Jun17-Sep17,Jun-Sep
2017-05-16,KRW,0,2017-06-21,2017-09-20,1.153330644695543,4.068694218787054,1176.8346419884988,2.9153635740915114,91,36,0.9790682685133183,Jun17-Sep17,Jun-Sep
2017-05-17,KRW,0,2017-06-21,2017-09-20,1.1037954966562782,3.973663787962602,1173.4066787485094,2.869868291306324,91,35,0.9666431553760023,Jun17-Sep17,Jun-Sep
2017-05-18,KRW,0,2017-06-21,2017-09-20,0.9326011535384253,3.428680711538329,1173.6162249715806,2.496079557999904,91,34,0.840714343209345,Jun17-Sep17,Jun-Sep
2017-05-19,KRW,0,2017-06-21,2017-09-20,0.8527857307988613,3.204406988456328,1168.7321977495128,2.3516212576574667,91,33,0.7954203580468361,Jun17-Sep17,Jun-Sep
2017-05-22,KRW,0,2017-06-21,2017-09-20,0.6513338831378472,2.627046661989317,1163.8712427166106,1.97571277885147,91,30,0.671176905859227,Jun17-Sep17,Jun-Sep
2017-05-23,KRW,0,2017-06-21,2017-09-20,0.6196356900734856,2.5640097520282166,1156.7498385508732,1.944374061954731,91,29,0.6646131099258109,Jun17-Sep17,Jun-Sep
2017-05-24,KRW,0,2017-06-21,2017-09-20,0.7031564546685225,2.9884149323412204,1151.9028302212157,2.2852584776726976,91,28,0.7843602317795154,Jun17-Sep17,Jun-Sep
2017-05-25,KRW,0,2017-06-21,2017-09-20,0.7066000873381939,3.088104085403958,1153.3849765262967,2.381503998065764,91,27,0.8163420207507501,Jun17-Sep17,Jun-Sep
2017-05-26,KRW,0,2017-06-21,2017-09-20,0.5974017286029519,2.688307778713284,1149.6143522547036,2.0909060501103323,91,26,0.7191472538468983,Jun17-Sep17,Jun-Sep
2017-05-29,KRW,0,2017-06-21,2017-09-20,0.5506383334559707,2.7292508701730727,1154.2271775248248,2.178612536717102,91,23,0.7463502363902841,Jun17-Sep17,Jun-Sep
2017-05-30,KRW,0,2017-06-21,2017-09-20,0.5603783920445525,2.8783071955015656,1158.3836844456657,2.317928803457013,91,22,0.7912226765287627,Jun17-Sep17,Jun-Sep
2017-05-31,KRW,0,2017-06-21,2017-09-20,0.4912734857154676,2.6201252571491604,1154.0713408950078,2.128851771433693,91,21,0.7294391035007265,Jun17-Sep17,Jun-Sep
2017-06-01,KRW,0,2017-06-21,2017-09-20,0.5187401160476228,2.8790076440643064,1152.1447705641567,2.3602675280166836,91,20,0.8100648630185966,Jun17-Sep17,Jun-Sep
2017-06-02,KRW,0,2017-06-21,2017-09-20,0.5013560457202347,2.9025876331171485,1153.9343678275054,2.401231587396914,91,19,0.8228589528147217,Jun17-Sep17,Jun-Sep
2017-06-05,KRW,0,2017-06-21,2017-09-20,0.434321226937269,2.9045232051429863,1147.241494411196,2.470201978205717,91,16,0.8514797883629573,Jun17-Sep17,Jun-Sep
2017-06-06,KRW,0,2017-06-21,2017-09-20,0.4165843413090878,2.94386267858422,1152.4732201109027,2.527278337275132,91,15,0.8672142084012244,Jun17-Sep17,Jun-Sep
2017-06-07,KRW,0,2017-06-21,2017-09-20,0.2979505217944226,2.2346289134581694,1162.276627961643,1.936678391663747,91,14,0.6590187836496509,Jun17-Sep17,Jun-Sep
2017-06-08,KRW,0,2017-06-21,2017-09-20,0.2426304602557817,1.9410436820462535,1167.6638924432195,1.698413221790472,91,13,0.5753026658526121,Jun17-Sep17,Jun-Sep
2017-06-09,KRW,0,2017-06-21,2017-09-20,0.2178380078883923,1.869776234375367,1170.4577795176824,1.6519382264869746,91,12,0.5582366403483642,Jun17-Sep17,Jun-Sep
2017-06-12,KRW,0,2017-06-21,2017-09-20,0.14722972450249347,1.635885827805483,1170.2486441232866,1.4886561033029897,91,9,0.5031792329152842,Jun17-Sep17,Jun-Sep
2017-06-13,KRW,0,2017-06-21,2017-09-20,0.11308370586077521,1.3994108600270931,1168.3375732050336,1.286327154166318,91,8,0.435514048765066,Jun17-Sep17,Jun-Sep
2017-06-14,KRW,0,2017-06-21,2017-09-20,0.09632498627471905,1.348549807846067,1165.776696893123,1.2522248215713478,91,7,0.42490531507451273,Jun17-Sep17,Jun-Sep
2017-06-15,KRW,0,2017-06-21,2017-09-20,0.1160783577729189,1.6085143862818765,1169.2275684249303,1.4924360285089575,91,6,0.5049108144222123,Jun17-Sep17,Jun-Sep
2017-06-16,KRW,0,2017-06-21,2017-09-20,0.07752375086112849,1.0631828689526193,1176.2252340490818,0.9856591180914908,91,5,0.3314887065417873,Jun17-Sep17,Jun-Sep
2017-06-19,KRW,0,2017-06-21,2017-09-20,0.0889288288449433,1.1814830117971038,1171.772008720298,1.0925541829521606,91,2,0.36883150838339995,Jun17-Sep17,Jun-Sep
2017-06-20,KRW,0,2017-06-21,2017-09-20,0.08936400337281777,1.174498330042748,1173.0139763374164,1.0851343266699303,91,1,0.3659386983990526,Jun17-Sep17,Jun-Sep
2017-06-21,KRW,0,2017-09-20,2017-12-20,1.1657927712338614,2.3315855424677228,1173.6147999575867,1.1657927712338614,91,91,0.3925777694307543,Sep17-Dec17,Sep-Dec
2017-06-22,KRW,0,2017-09-20,2017-12-20,1.2229543448470572,2.4594970713035265,1177.1658014297514,1.2365427264564692,91,90,0.4151276355461498,Sep17-Dec17,Sep-Dec
2017-06-23,KRW,0,2017-09-20,2017-12-20,1.5369445382426992,3.1084271559964702,1175.6245218379552,1.571482617753771,91,89,0.5281224784846886,Sep17-Dec17,Sep-Dec
2017-06-26,KRW,0,2017-09-20,2017-12-20,1.2243819135552856,2.5199488220847157,1172.0608838000205,1.2955669085294301,91,86,0.4368349103081086,Sep17-Dec17,Sep-Dec
2017-06-27,KRW,0,2017-09-20,2017-12-20,1.346032428879015,2.787078911561255,1168.8806679222732,1.44104648268224,91,85,0.4871571659135381,Sep17-Dec17,Sep-Dec
2017-06-28,KRW,0,2017-09-20,2017-12-20,1.2098272281405245,2.520473391959426,1167.1099310234636,1.3106461638189018,91,84,0.44379749621347053,Sep17-Dec17,Sep-Dec
2017-06-29,KRW,0,2017-09-20,2017-12-20,1.3376220684744413,2.804171565235576,1167.9420722859556,1.4665494967611346,91,83,0.4961801954581673,Sep17-Dec17,Sep-Dec
2017-06-30,KRW,0,2017-09-20,2017-12-20,1.4255870268257276,3.007640922449401,1180.281876633981,1.5820538956236736,91,82,0.5296297894683213,Sep17-Dec17,Sep-Dec
2017-07-03,KRW,0,2017-09-20,2017-12-20,1.2463600186770964,2.8592717575459696,1181.5414068375685,1.6129117388688732,91,79,0.5394670045619971,Sep17-Dec17,Sep-Dec
2017-07-04,KRW,0,2017-09-20,2017-12-20,1.1985807757499003,2.765202844822683,1187.8435108087012,1.5666220690727826,91,78,0.5212284587420962,Sep17-Dec17,Sep-Dec
2017-07-05,KRW,0,2017-09-20,2017-12-20,1.5114665470167488,3.4557520497106133,1185.0514216464394,1.9442855026938646,91,77,0.6482318795143701,Sep17-Dec17,Sep-Dec
2017-07-06,KRW,0,2017-09-20,2017-12-20,1.6153999919392659,3.698328265885467,1189.594689835588,2.082928273946201,91,76,0.6917466431308725,Sep17-Dec17,Sep-Dec
2017-07-07,KRW,0,2017-09-20,2017-12-20,1.4382789332225954,3.322079026240031,1188.7570346344553,1.8838000930174357,91,75,0.6261489931461536,Sep17-Dec17,Sep-Dec
2017-07-10,KRW,0,2017-09-20,2017-12-20,1.378937746088463,3.2305228297604165,1186.483504595527,1.8515850836719534,91,72,0.6166498508802322,Sep17-Dec17,Sep-Dec
2017-07-11,KRW,0,2017-09-20,2017-12-20,1.612991308161005,3.7792000501527974,1186.2442206364672,2.1662087419917926,91,71,0.7214349431155125,Sep17-Dec17,Sep-Dec
2017-07-12,KRW,0,2017-09-20,2017-12-20,1.3586967434823942,3.213349125896669,1177.9548784954839,1.8546523824142749,91,70,0.6221488925476176,Sep17-Dec17,Sep-Dec
2017-07-13,KRW,0,2017-09-20,2017-12-20,1.4592965401133857,3.4623649751107717,1177.3341009785922,2.003068434997386,91,69,0.6722320291659306,Sep17-Dec17,Sep-Dec
2017-07-14,KRW,0,2017-09-20,2017-12-20,1.594137481739024,3.7962540621384284,1179.18066275,2.2021165803994043,91,68,0.7377926753419292,Sep17-Dec17,Sep-Dec
2017-07-17,KRW,0,2017-09-20,2017-12-20,1.634592382443947,3.962150520190624,1173.8640697545245,2.327558137746677,91,65,0.7833205259828934,Sep17-Dec17,Sep-Dec
2017-07-18,KRW,0,2017-09-20,2017-12-20,1.7525508970539057,4.273896028458048,1177.4729862248105,2.5213451314041424,91,64,0.8458561873191323,Sep17-Dec17,Sep-Dec
2017-07-19,KRW,0,2017-09-20,2017-12-20,1.535074839880132,3.7720058488760184,1176.041083475081,2.2369310089958865,91,63,0.7514925752988227,Sep17-Dec17,Sep-Dec
2017-07-20,KRW,0,2017-09-20,2017-12-20,1.7162095002148925,4.244923353160283,1171.343928501307,2.5287138529453905,91,62,0.8527868973155488,Sep17-Dec17,Sep-Dec
2017-07-21,KRW,0,2017-09-20,2017-12-20,1.6555941802911667,4.125415006627169,1169.9264330408234,2.4698208263360026,91,61,0.8339765825627886,Sep17-Dec17,Sep-Dec
2017-07-24,KRW,0,2017-09-20,2017-12-20,1.4617806967437499,3.7552642037037716,1166.5921484348287,2.2934835069600217,91,58,0.7767724879570715,Sep17-Dec17,Sep-Dec
2017-07-25,KRW,0,2017-09-20,2017-12-20,1.4564620005321167,3.7816908083991803,1166.1220753482844,2.3252288078670635,91,57,0.7878448496209124,Sep17-Dec17,Sep-Dec
2017-07-26,KRW,0,2017-09-20,2017-12-20,1.4603717861353298,3.8334759386052406,1163.5732938045187,2.373104152469911,91,56,0.8058225797862892,Sep17-Dec17,Sep-Dec
2017-07-27,KRW,0,2017-09-20,2017-12-20,1.573139439340392,4.175970148067223,1165.3039841852835,2.602830708726831,91,55,0.8824333329871178,Sep17-Dec17,Sep-Dec
2017-07-28,KRW,0,2017-09-20,2017-12-20,1.3410834666538367,3.601057456755673,1172.9447448717829,2.259973990101836,91,54,0.7613611804384018,Sep17-Dec17,Sep-Dec
2017-07-31,KRW,0,2017-09-20,2017-12-20,1.4590030204680446,4.062322135420831,1180.2664238676832,2.6033191149527863,91,51,0.8715091184491405,Sep17-Dec17,Sep-Dec
2017-08-01,KRW,0,2017-09-20,2017-12-20,1.4994136231318635,4.228346417231855,1183.7128842361046,2.728932794099991,91,50,0.9108729386329715,Sep17-Dec17,Sep-Dec
2017-08-02,KRW,0,2017-09-20,2017-12-20,1.4665247993317667,4.367067786268239,1179.9795402307964,2.9005429869364727,91,49,0.9712398976437955,Sep17-Dec17,Sep-Dec
2017-08-03,KRW,0,2017-09-20,2017-12-20,1.373613913287586,4.144544234374495,1177.3219563237164,2.770930321086909,91,48,0.930004525863364,Sep17-Dec17,Sep-Dec
2017-08-04,KRW,0,2017-09-20,2017-12-20,1.4372564389604476,4.376503905145749,1173.5577072300696,2.9392474661853014,91,47,0.989603575628107,Sep17-Dec17,Sep-Dec
2017-08-07,KRW,0,2017-09-20,2017-12-20,1.3373058977876218,4.2301939188144235,1173.1964111550335,2.8928880210268018,91,44,0.9743774916748894,Sep17-Dec17,Sep-Dec
2017-08-08,KRW,0,2017-09-20,2017-12-20,1.5775208544752801,5.033335288604855,1173.4006768188888,3.4558144341295747,91,43,1.16354106249962,Sep17-Dec17,Sep-Dec
2017-08-09,KRW,0,2017-09-20,2017-12-20,1.7232792450302654,5.564529472671648,1172.4930553724457,3.8412502276413827,91,42,1.2941528999989833,Sep17-Dec17,Sep-Dec
2017-08-10,KRW,0,2017-09-20,2017-12-20,1.477642982391874,4.854586694433176,1167.565111034005,3.376943712041302,91,41,1.1427586986039746,Sep17-Dec17,Sep-Dec
2017-08-11,KRW,0,2017-09-20,2017-12-20,1.4642536086727413,4.882841902441162,1165.4844538391258,3.4185882937684204,91,40,1.1589271637605063,Sep17-Dec17,Sep-Dec
2017-08-14,KRW,0,2017-09-20,2017-12-20,1.4413690609837262,5.044684835274363,1166.5400536402578,3.6033157742906363,91,37,1.2204710891404429,Sep17-Dec17,Sep-Dec
2017-08-15,KRW,0,2017-09-20,2017-12-20,1.3495512975391368,4.809677051100629,1170.2393681015146,3.4601257535614924,91,36,1.1683628402315227,Sep17-Dec17,Sep-Dec
2017-08-16,KRW,0,2017-09-20,2017-12-20,1.3268200351955166,4.815389544416746,1165.1225313866114,3.4885695092212297,91,35,1.1831576146337646,Sep17-Dec17,Sep-Dec
2017-08-17,KRW,0,2017-09-20,2017-12-20,1.1697845946617325,4.329814169993942,1165.42052597352,3.16002957533221,91,34,1.0716029259942494,Sep17-Dec17,Sep-Dec
2017-08-18,KRW,0,2017-09-20,2017-12-20,1.002807282224087,3.7877096252985454,1175.1175255731396,2.7849023430744584,91,33,0.936740550666715,Sep17-Dec17,Sep-Dec
2017-08-21,KRW,0,2017-09-20,2017-12-20,0.9490956818122268,3.828019249975981,1173.3954103024207,2.878923568163754,91,30,0.9698302434856463,Sep17-Dec17,Sep-Dec
2017-08-22,KRW,0,2017-09-20,2017-12-20,0.8613706332353651,3.5642922754566833,1153.8244383306858,2.7029216422213183,91,29,0.9260421097549059,Sep17-Dec17,Sep-Dec
2017-08-23,KRW,0,2017-09-20,2017-12-20,0.8006628518738967,3.4028171204640607,1155.9137090870686,2.602154268590164,91,28,0.8899549375957195,Sep17-Dec17,Sep-Dec
2017-08-24,KRW,0,2017-09-20,2017-12-20,0.7219286704127084,3.155095670692578,1158.1870924698762,2.4331670002798695,91,27,0.8305842330946411,Sep17-Dec17,Sep-Dec
2017-08-25,KRW,0,2017-09-20,2017-12-20,0.7034754376709977,3.1656394695194896,1160.3338066793249,2.462164031848492,91,26,0.8389419777479177,Sep17-Dec17,Sep-Dec
2017-08-28,KRW,0,2017-09-20,2017-12-20,0.6316615313076338,3.130844111698707,1159.5045015262672,2.499182580391073,91,23,0.8522168739356665,Sep17-Dec17,Sep-Dec
2017-08-29,KRW,0,2017-09-20,2017-12-20,0.5327718350924551,2.73650988024761,1164.2941829287618,2.203738045155155,91,22,0.7484446113292553,Sep17-Dec17,Sep-Dec
2017-08-30,KRW,0,2017-09-20,2017-12-20,0.5000241503984342,2.6667954687916486,1170.9766232144998,2.1667713183932147,91,21,0.7317126293161612,Sep17-Dec17,Sep-Dec
2017-08-31,KRW,0,2017-09-20,2017-12-20,0.4650407742754872,2.580976297228954,1173.256897581494,2.1159355229534667,91,20,0.7131786212231509,Sep17-Dec17,Sep-Dec
2017-09-01,KRW,0,2017-09-20,2017-12-20,0.4979171664899745,3.0611599308968023,1164.8272749850773,2.563242764406828,91,19,0.8701692123623097,Sep17-Dec17,Sep-Dec
2017-09-04,KRW,0,2017-09-20,2017-12-20,0.37821713036744026,2.678933280836608,1159.4482166587204,2.3007161504691678,91,16,0.7847496794759369,Sep17-Dec17,Sep-Dec
2017-09-05,KRW,0,2017-09-20,2017-12-20,0.3040770729257244,2.28774833002901,1148.5459880810588,1.9836712571032855,91,15,0.683073529389565,Sep17-Dec17,Sep-Dec
2017-09-06,KRW,0,2017-09-20,2017-12-20,0.22033641669826787,1.7822540510902116,1149.0453432712222,1.5619176343919436,91,14,0.5376489463300356,Sep17-Dec17,Sep-Dec
2017-09-07,KRW,0,2017-09-20,2017-12-20,0.2119220830887178,1.8149527203931326,1140.5716080569498,1.6030306373044148,91,13,0.5559038587525152,Sep17-Dec17,Sep-Dec
2017-09-08,KRW,0,2017-09-20,2017-12-20,0.18344247686186327,1.6843745248181738,1134.8748503453155,1.5009320479563106,91,12,0.5231231906148568,Sep17-Dec17,Sep-Dec
2017-09-11,KRW,0,2017-09-20,2017-12-20,0.11358339254839342,1.3448527194984916,1141.007004447384,1.2312693269500983,91,9,0.4268572165859668,Sep17-Dec17,Sep-Dec
2017-09-12,KRW,0,2017-09-20,2017-12-20,0.11093173298623786,1.4464192972657757,1141.4060741967735,1.3354875642795379,91,8,0.4628268768310197,Sep17-Dec17,Sep-Dec
2017-09-13,KRW,0,2017-09-20,2017-12-20,0.07664071052143114,1.1376691695884815,1146.1005091096044,1.0610284590670505,91,7,0.3662152245263237,Sep17-Dec17,Sep-Dec
2017-09-14,KRW,0,2017-09-20,2017-12-20,0.08639323879832639,1.2526271568995697,1146.2499029180174,1.1662339181012433,91,6,0.4024711298512355,Sep17-Dec17,Sep-Dec
2017-09-15,KRW,0,2017-09-20,2017-12-20,0.10543007130942765,1.4921306616425798,1146.5670125237896,1.3867005903331522,91,5,0.47841460956487386,Sep17-Dec17,Sep-Dec
2017-09-18,KRW,0,2017-09-20,2017-12-20,0.10458779608828289,1.4079837672964952,1144.531823091394,1.3033959712082124,91,2,0.45047420344003697,Sep17-Dec17,Sep-Dec
2017-09-19,KRW,0,2017-09-20,2017-12-20,0.09674388250079666,1.280678032379761,1139.1886480777594,1.1839341498789644,91,1,0.4111081886097195,Sep17-Dec17,Sep-Dec
2017-09-20,KRW,0,2017-12-20,2018-03-21,1.201799994310013,2.6878014799976344,1136.805965510431,1.4860014856876214,91,91,0.5165770721713303,Dec17-Mar18,Dec-Mar
2017-09-21,KRW,0,2017-12-20,2018-03-21,0.9241341005558907,2.1410557683997777,1130.0776424606127,1.216921667843887,91,90,0.425657652253266,Dec17-Mar18,Dec-Mar
2017-09-22,KRW,0,2017-12-20,2018-03-21,0.5429300481570136,1.3817794804671086,1134.8748356543908,0.838849432310095,91,89,0.2922734985274718,Dec17-Mar18,Dec-Mar
2017-09-25,KRW,0,2017-12-20,2018-03-21,0.4700180333237899,1.2523845642316287,1140.0874709585703,0.7823665309078388,91,86,0.27136522410138475,Dec17-Mar18,Dec-Mar
2017-09-26,KRW,0,2017-12-20,2018-03-21,0.5924106475772577,1.5104953658263685,1135.4273939597165,0.9180847182491108,91,85,0.3197112837324792,Dec17-Mar18,Dec-Mar
2017-09-27,KRW,0,2017-12-20,2018-03-21,0.667632308337501,1.6762266739878449,1141.304126472203,1.0085943656503438,91,84,0.34939950254038343,Dec17-Mar18,Dec-Mar
2017-09-28,KRW,0,2017-12-20,2018-03-21,0.7388649740447816,1.8339477341560746,1140.007539815046,1.0950827601112931,91,83,0.3797685021243916,Dec17-Mar18,Dec-Mar
2017-09-29,KRW,0,2017-12-20,2018-03-21,0.7505429176182534,1.8677703583016416,1137.2314455013052,1.1172274406833882,91,82,0.38838935143274184,Dec17-Mar18,Dec-Mar
2017-10-02,KRW,0,2017-12-20,2018-03-21,0.8701213776481607,1.7898576409328872,1134.2400985198674,0.9197362632847266,91,79,0.3205430646066348,Dec17-Mar18,Dec-Mar
2017-10-03,KRW,0,2017-12-20,2018-03-21,1.100560101015163,2.3201397404022077,1131.052304733297,1.2195796393870446,91,78,0.42615364154185137,Dec17-Mar18,Dec-Mar
2017-10-04,KRW,0,2017-12-20,2018-03-21,1.431695002331016,3.077481674296545,1129.7369748497601,1.645786671965529,91,77,0.5755821028368453,Dec17-Mar18,Dec-Mar
2017-10-05,KRW,0,2017-12-20,2018-03-21,1.3353383408879131,2.9063903541000027,1128.4458755633684,1.5710520132120895,91,76,0.5501198590495882,Dec17-Mar18,Dec-Mar
2017-10-06,KRW,0,2017-12-20,2018-03-21,1.3659612592433032,3.0140565255737912,1127.5615400334843,1.648095266330488,91,75,0.5775337486141402,Dec17-Mar18,Dec-Mar
2017-10-09,KRW,0,2017-12-20,2018-03-21,1.493206249184801,3.4284224397803835,1129.30693637004,1.9352161905955825,91,72,0.6770250573820981,Dec17-Mar18,Dec-Mar
2017-10-10,KRW,0,2017-12-20,2018-03-21,1.7838202948734754,4.137535428144235,1126.147677350019,2.35371513327076,91,71,0.8255289037203615,Dec17-Mar18,Dec-Mar
2017-10-11,KRW,0,2017-12-20,2018-03-21,1.6613836692042068,3.9085224636107827,1126.9680573046207,2.2471387944065757,91,70,0.7876615231952241,Dec17-Mar18,Dec-Mar
2017-10-12,KRW,0,2017-12-20,2018-03-21,1.8217046609437795,4.331373602755575,1122.8404312602538,2.509668941811796,91,69,0.8827860680837216,Dec17-Mar18,Dec-Mar
2017-10-13,KRW,0,2017-12-20,2018-03-21,1.7146450665632411,4.13644813723757,1119.7291583947544,2.421803070674329,91,68,0.8543236291376065,Dec17-Mar18,Dec-Mar
2017-10-16,KRW,0,2017-12-20,2018-03-21,1.7669352758744188,4.4304094717121725,1116.263585962164,2.663474195837754,91,65,0.9424448433532702,Dec17-Mar18,Dec-Mar
2017-10-17,KRW,0,2017-12-20,2018-03-21,1.6459772314121703,4.198419897494011,1119.3734078952825,2.5524426660818404,91,64,0.9007493997225077,Dec17-Mar18,Dec-Mar
2017-10-18,KRW,0,2017-12-20,2018-03-21,1.4413606581004133,3.7592975600284353,1127.6514488744178,2.317936901928022,91,63,0.8121440676927872,Dec17-Mar18,Dec-Mar
2017-10-19,KRW,0,2017-12-20,2018-03-21,1.4028397927874974,3.720224539625912,1126.1464436076942,2.3173847468384148,91,62,0.813062103494978,Dec17-Mar18,Dec-Mar
2017-10-20,KRW,0,2017-12-20,2018-03-21,1.343042592747993,3.6288850820699072,1129.1485841684832,2.2858424893219143,91,61,0.7999080356090548,Dec17-Mar18,Dec-Mar
2017-10-23,KRW,0,2017-12-20,2018-03-21,1.0262055911876438,2.916671085642725,1121.5372331254573,1.8904654944550812,91,58,0.6662220000678909,Dec17-Mar18,Dec-Mar
2017-10-24,KRW,0,2017-12-20,2018-03-21,1.0319691188136852,2.9591836480295446,1118.7395335620095,1.9272145292158593,91,57,0.6808661742195329,Dec17-Mar18,Dec-Mar
2017-10-25,KRW,0,2017-12-20,2018-03-21,0.8637390065679349,2.5463355473020752,1116.0826202449848,1.6825965407341403,91,56,0.5959485717731404,Dec17-Mar18,Dec-Mar
2017-10-26,KRW,0,2017-12-20,2018-03-21,0.8025178304285505,2.4079677487776125,1110.5907592872977,1.605449918349062,91,55,0.5714656168055017,Dec17-Mar18,Dec-Mar
2017-10-27,KRW,0,2017-12-20,2018-03-21,0.7708924455605336,2.3465553265462615,1106.2654094237603,1.5756628809857278,91,54,0.5630702088595207,Dec17-Mar18,Dec-Mar
2017-10-30,KRW,0,2017-12-20,2018-03-21,0.7333358028712673,2.3196431862508673,1111.2249796921003,1.5863073833796,91,51,0.5643648371524418,Dec17-Mar18,Dec-Mar
2017-10-31,KRW,0,2017-12-20,2018-03-21,0.6501752327327688,2.1105089544797724,1108.059192693457,1.4603337217470036,91,50,0.5210693226602896,Dec17-Mar18,Dec-Mar
2017-11-01,KRW,0,2017-12-20,2018-03-21,0.6937634024808432,1.774393621157284,1106.5004600488876,1.0806302186764407,91,49,0.3861129831392301,Dec17-Mar18,Dec-Mar
2017-11-02,KRW,0,2017-12-20,2018-03-21,0.6776554276158564,1.7731709405143146,1110.6070142462513,1.0955155128984582,91,48,0.3899907595077241,Dec17-Mar18,Dec-Mar
2017-11-03,KRW,0,2017-12-20,2018-03-21,0.6220191603637578,1.656741626750845,1111.9253896970756,1.034722466387087,91,47,0.36793106763304223,Dec17-Mar18,Dec-Mar
2017-11-06,KRW,0,2017-12-20,2018-03-21,0.598933962212211,1.7298537519493506,1118.00847299763,1.1309197897371397,91,44,0.39995876758224136,Dec17-Mar18,Dec-Mar
2017-11-07,KRW,0,2017-12-20,2018-03-21,0.5421942605424761,1.6040758122032692,1115.3242115059986,1.0618815516607931,91,43,0.3764653253089786,Dec17-Mar18,Dec-Mar
2017-11-08,KRW,0,2017-12-20,2018-03-21,0.4593189006642784,1.3915467730558695,1115.3459717017306,0.9322278723915911,91,42,0.33051774097959297,Dec17-Mar18,Dec-Mar
2017-11-09,KRW,0,2017-12-20,2018-03-21,0.5435206009297833,1.7103556031795064,1109.929886486645,1.1668350022497231,91,41,0.41568312477263486,Dec17-Mar18,Dec-Mar
2017-11-10,KRW,0,2017-12-20,2018-03-21,0.4598549279109859,1.4903309247307654,1112.0294617351235,1.0304759968197796,91,40,0.3664402235605848,Dec17-Mar18,Dec-Mar
2017-11-13,KRW,0,2017-12-20,2018-03-21,0.5376636292266221,1.9207211271248463,1109.4478412902345,1.3830574978982242,91,37,0.49292862214611477,Dec17-Mar18,Dec-Mar
2017-11-14,KRW,0,2017-12-20,2018-03-21,0.5127062606309003,1.8962667037239203,1104.0575508705117,1.38356044309302,91,36,0.4955253768045372,Dec17-Mar18,Dec-Mar
2017-11-15,KRW,0,2017-12-20,2018-03-21,0.577467364498734,2.1949435213892974,1107.043472310613,1.6174761568905633,91,35,0.5777072774002937,Dec17-Mar18,Dec-Mar
2017-11-16,KRW,0,2017-12-20,2018-03-21,0.5318040221313596,2.100243801877116,1104.0893965304092,1.5684397797457565,91,34,0.5617144327827084,Dec17-Mar18,Dec-Mar
2017-11-17,KRW,0,2017-12-20,2018-03-21,0.5126249601694787,2.1009588087478677,1098.3134528884339,1.5883338485783889,91,33,0.5718392244704826,Dec17-Mar18,Dec-Mar
2017-11-20,KRW,0,2017-12-20,2018-03-21,0.49815509658562435,2.2864251374766322,1108.7983249917909,1.788270040891008,91,30,0.6377442833387809,Dec17-Mar18,Dec-Mar
2017-11-21,KRW,0,2017-12-20,2018-03-21,0.537515694737702,2.5006284280387265,1105.702213048115,1.9631127333010245,91,29,0.7020323047368245,Dec17-Mar18,Dec-Mar
2017-11-22,KRW,0,2017-12-20,2018-03-21,0.4789059371935307,2.3123619977861205,1108.0470588544615,1.8334560605925898,91,28,0.6543132950920824,Dec17-Mar18,Dec-Mar
2017-11-23,KRW,0,2017-12-20,2018-03-21,0.442630182333689,2.2099274861917526,1101.8786091558559,1.7672973038580637,91,27,0.6342530260649955,Dec17-Mar18,Dec-Mar
2017-11-24,KRW,0,2017-12-20,2018-03-21,0.4665885197245689,2.3764881747179953,1107.3593438297414,1.9098996549934264,91,26,0.6820247446963634,Dec17-Mar18,Dec-Mar
2017-11-27,KRW,0,2017-12-20,2018-03-21,0.4361834655984124,2.4368752295637433,1099.689600303841,2.0006917639653308,91,23,0.7194472375352498,Dec17-Mar18,Dec-Mar
2017-11-28,KRW,0,2017-12-20,2018-03-21,0.3865055241716657,2.2599234230774234,1098.7620138736504,1.8734178989057577,91,22,0.674278627984787,Dec17-Mar18,Dec-Mar
2017-11-29,KRW,0,2017-12-20,2018-03-21,0.427529522608188,2.557468299310222,1109.243381599544,2.129938776702034,91,21,0.7593360644008137,Dec17-Mar18,Dec-Mar
2017-11-30,KRW,0,2017-12-20,2018-03-21,0.3753547323999693,2.3621534772603985,1115.7388497622762,1.9867987448604292,91,20,0.7042167490413002,Dec17-Mar18,Dec-Mar
2017-12-01,KRW,0,2017-12-20,2018-03-21,0.4556586630107636,2.916032270909221,1112.0337297034123,2.460373607898457,91,19,0.8749158637305327,Dec17-Mar18,Dec-Mar
2017-12-04,KRW,0,2017-12-20,2018-03-21,0.4227751250613758,2.872920377800511,1112.0573916052904,2.4501452527391354,91,16,0.8712858537529152,Dec17-Mar18,Dec-Mar
2017-12-05,KRW,0,2017-12-20,2018-03-21,0.32269264225495925,2.435717175847242,1112.9970429530492,2.1130245335922826,91,15,0.7508371286188584,Dec17-Mar18,Dec-Mar
2017-12-06,KRW,0,2017-12-20,2018-03-21,0.29658271242019923,2.5020582377792913,1110.7515785111896,2.205475525359092,91,14,0.7852907215733025,Dec17-Mar18,Dec-Mar
2017-12-07,KRW,0,2017-12-20,2018-03-21,0.3097012286275689,2.7573676950316783,1119.0314640445113,2.4476664664041095,91,13,0.8650692417326782,Dec17-Mar18,Dec-Mar
2017-12-08,KRW,0,2017-12-20,2018-03-21,0.2969251257559178,2.830357561439315,1127.0009281374146,2.5334324356833973,91,12,0.8890613998970306,Dec17-Mar18,Dec-Mar
2017-12-11,KRW,0,2017-12-20,2018-03-21,0.22461351589736028,2.777194274229664,1125.9541681470887,2.552580758332304,91,9,0.8966712786404475,Dec17-Mar18,Dec-Mar
2017-12-12,KRW,0,2017-12-20,2018-03-21,0.228556253272801,3.1087588249449962,1121.500762776336,2.880202571672195,91,8,1.0157716110784558,Dec17-Mar18,Dec-Mar
2017-12-13,KRW,0,2017-12-20,2018-03-21,0.17169123756471627,2.6835546347026185,1119.5092351863627,2.511863397137902,91,7,0.8874887279175734,Dec17-Mar18,Dec-Mar
2017-12-14,KRW,0,2017-12-20,2018-03-21,0.17550757674346476,2.7118771503196655,1119.3743474980454,2.536369573576201,91,6,0.8962521388714013,Dec17-Mar18,Dec-Mar
2017-12-15,KRW,0,2017-12-20,2018-03-21,0.17324325472428898,2.654958535779671,1116.2041696719753,2.481715281055382,91,5,0.8794315098604331,Dec17-Mar18,Dec-Mar
2017-12-18,KRW,0,2017-12-20,2018-03-21,0.17430760192892736,2.5935082492727384,1110.8290088679541,2.419200647343811,91,2,0.8614253402763241,Dec17-Mar18,Dec-Mar
2017-12-19,KRW,0,2017-12-20,2018-03-21,0.17357723743694378,2.5611904616638856,1119.558507113355,2.387613224226942,91,1,0.8435502560909268,Dec17-Mar18,Dec-Mar
2017-12-20,KRW,0,2018-03-21,2018-06-20,2.591420723253017,4.902907397585303,1119.7361956829286,2.3114866743322864,91,91,0.8147659162793759,Mar18-Jun18,Mar-Jun
2017-12-21,KRW,0,2018-03-21,2018-06-20,2.4717724780135577,4.687745481015598,1120.6033067714375,2.21597300300204,91,90,0.7805788559694145,Mar18-Jun18,Mar-Jun
2017-12-22,KRW,0,2018-03-21,2018-06-20,2.0276282538201698,3.813969326231962,1122.189699032346,1.7863410724117923,91,89,0.6286012171691163,Mar18-Jun18,Mar-Jun
2017-12-25,KRW,0,2018-03-21,2018-06-20,2.5134387622194723,4.874621376435454,1127.9658259075914,2.3611826142159815,91,86,0.8262816048035377,Mar18-Jun18,Mar-Jun
2017-12-26,KRW,0,2018-03-21,2018-06-20,2.633060612363333,5.150793572410951,1125.3280932314615,2.517732960047618,91,85,0.8830323833038981,Mar18-Jun18,Mar-Jun
2017-12-27,KRW,0,2018-03-21,2018-06-20,2.721914143033048,5.365672094440933,1126.0887515492327,2.6437579514078853,91,84,0.9265347132857072,Mar18-Jun18,Mar-Jun
2017-12-28,KRW,0,2018-03-21,2018-06-20,2.323592590342751,4.562595806009254,1125.6992888294767,2.239003215666503,91,83,0.7852318676152877,Mar18-Jun18,Mar-Jun
2017-12-29,KRW,0,2018-03-21,2018-06-20,2.21807139995313,4.367200218092002,1125.9751344328506,2.149128818138872,91,82,0.753598588238511,Mar18-Jun18,Mar-Jun
2018-01-01,KRW,0,2018-03-21,2018-06-20,2.1232854030586905,4.5690951711389545,1120.6718047300408,2.445809768080264,91,79,0.8617539420751065,Mar18-Jun18,Mar-Jun
2018-01-02,KRW,0,2018-03-21,2018-06-20,2.1935702327747855,4.7527355043453685,1117.8199128539593,2.559165271570583,91,78,0.9039328952730222,Mar18-Jun18,Mar-Jun
2018-01-03,KRW,0,2018-03-21,2018-06-20,2.228590702806101,4.8623797152133115,1119.485670009681,2.6337890124072105,91,77,0.9288805062895952,Mar18-Jun18,Mar-Jun
2018-01-04,KRW,0,2018-03-21,2018-06-20,2.25187607523391,4.948201375842935,1121.1121522831882,2.6963253006090246,91,76,0.9495391644853154,Mar18-Jun18,Mar-Jun
2018-01-05,KRW,0,2018-03-21,2018-06-20,1.944779833569262,4.304446031633301,1119.7792984487617,2.3596661980640388,91,75,0.8321960259091972,Mar18-Jun18,Mar-Jun
2018-01-08,KRW,0,2018-03-21,2018-06-20,1.9263563527842809,4.3610567431088585,1119.7616093340253,2.4347003903245774,91,72,0.8586863779022326,Mar18-Jun18,Mar-Jun
2018-01-09,KRW,0,2018-03-21,2018-06-20,2.103154328865254,4.798746496847482,1128.0318527830086,2.6955921679822277,91,71,0.9435935562564421,Mar18-Jun18,Mar-Jun
2018-01-10,KRW,0,2018-03-21,2018-06-20,1.912193615526434,4.398045315710799,1126.2657443075875,2.4858517001843645,91,70,0.8716832924636044,Mar18-Jun18,Mar-Jun
2018-01-11,KRW,0,2018-03-21,2018-06-20,1.8377807267021846,4.261520525686225,1138.0486983214116,2.4237397989840406,91,69,0.8411733412962681,Mar18-Jun18,Mar-Jun
2018-01-12,KRW,0,2018-03-21,2018-06-20,1.4909658604605174,3.486228997253269,1136.2681405395413,1.9952631367927516,91,68,0.6937627331326298,Mar18-Jun18,Mar-Jun
2018-01-15,KRW,0,2018-03-21,2018-06-20,1.456285765108307,3.4950858362599373,1141.8893886203516,2.0388000711516305,91,65,0.7054369365062139,Mar18-Jun18,Mar-Jun
2018-01-16,KRW,0,2018-03-21,2018-06-20,1.3233553687438842,3.2050012836765944,1139.9003778966944,1.8816459149327103,91,64,0.652271218360019,Mar18-Jun18,Mar-Jun
2018-01-17,KRW,0,2018-03-21,2018-06-20,1.1995827153422884,2.9323133041700387,1141.0129179596786,1.7327305888277502,91,63,0.6001298680703853,Mar18-Jun18,Mar-Jun
2018-01-18,KRW,0,2018-03-21,2018-06-20,0.9096566575978244,2.2447978808462445,1137.6768598963756,1.33514122324842,91,62,0.4638977618215497,Mar18-Jun18,Mar-Jun
2018-01-19,KRW,0,2018-03-21,2018-06-20,1.1769356830572506,2.932692193847575,1131.0510840539678,1.7557565107903246,91,61,0.6134674121922712,Mar18-Jun18,Mar-Jun
2018-01-22,KRW,0,2018-03-21,2018-06-20,1.351159785380407,3.4710828969255276,1127.6322609081224,2.1199231115451207,91,58,0.7428372161173595,Mar18-Jun18,Mar-Jun
2018-01-23,KRW,0,2018-03-21,2018-06-20,1.2672167581405125,3.2903171965753657,1130.3775710192,2.023100438434853,91,57,0.7072426213936288,Mar18-Jun18,Mar-Jun
2018-01-24,KRW,0,2018-03-21,2018-06-20,1.3187465732664383,3.461709754824401,1131.0739114489572,2.142963181557963,91,56,0.7486499035797073,Mar18-Jun18,Mar-Jun
2018-01-25,KRW,0,2018-03-21,2018-06-20,1.185542352532887,3.1470760630872996,1135.891434998017,1.9615337105544126,91,55,0.6824439976171832,Mar18-Jun18,Mar-Jun
2018-01-26,KRW,0,2018-03-21,2018-06-20,1.1625454051506634,3.1216496990156704,1137.1973799271534,1.959104293865007,91,54,0.6808305992274378,Mar18-Jun18,Mar-Jun
2018-01-29,KRW,0,2018-03-21,2018-06-20,1.102917495159095,3.070868319854735,1136.6093222107481,1.96795082469564,91,51,0.6842942964067091,Mar18-Jun18,Mar-Jun
2018-01-30,KRW,0,2018-03-21,2018-06-20,1.148383727511466,3.2384421115823336,1132.803031932924,2.0900583840708675,91,50,0.7291637652100976,Mar18-Jun18,Mar-Jun
2018-01-31,KRW,0,2018-03-21,2018-06-20,1.138761717595419,3.253604907415483,1131.8875002480381,2.114843189820064,91,49,0.7384129476888208,Mar18-Jun18,Mar-Jun
2018-02-01,KRW,0,2018-03-21,2018-06-20,1.1718392166085805,3.393451064762348,1135.1204490813589,2.221611848153768,91,48,0.7734624458051396,Mar18-Jun18,Mar-Jun
2018-02-02,KRW,0,2018-03-21,2018-06-20,1.1973835053215187,3.5157217815823314,1143.5652884049823,2.3183382762608127,91,47,0.8011658967323593,Mar18-Jun18,Mar-Jun
2018-02-05,KRW,0,2018-03-21,2018-06-20,1.1866346538153079,3.6408108696606036,1143.0950087690837,2.4541762158452958,91,44,0.8484649772689116,Mar18-Jun18,Mar-Jun
2018-02-06,KRW,0,2018-03-21,2018-06-20,1.2973491491772617,4.042901999761699,1145.4820452074946,2.745552850584437,91,43,0.947133146445041,Mar18-Jun18,Mar-Jun
2018-02-07,KRW,0,2018-03-21,2018-06-20,1.1932916994529013,3.778757048267521,1143.1451744754143,2.5854653488146195,91,42,0.8938102553634322,Mar18-Jun18,Mar-Jun
2018-02-08,KRW,0,2018-03-21,2018-06-20,1.23549006902531,3.9776753441790462,1144.9432010815913,2.7421852751537363,91,41,0.9464672103819124,Mar18-Jun18,Mar-Jun
2018-02-09,KRW,0,2018-03-21,2018-06-20,1.3085571379377412,4.285524626746103,1149.6611523616723,2.9769674888083615,91,40,1.0232253850156043,Mar18-Jun18,Mar-Jun
2018-02-12,KRW,0,2018-03-21,2018-06-20,1.3398496367990163,4.635155500277678,1154.4711449927627,3.295305863478662,91,37,1.1278984976872408,Mar18-Jun18,Mar-Jun
2018-02-13,KRW,0,2018-03-21,2018-06-20,1.2438386969011592,4.387986514067978,1149.0451688339572,3.144147817166819,91,36,1.0813271175833479,Mar18-Jun18,Mar-Jun
2018-02-14,KRW,0,2018-03-21,2018-06-20,1.1815224232950703,4.253480723862253,1151.4205573639356,3.071958300567183,91,35,1.0543796754575356,Mar18-Jun18,Mar-Jun
2018-02-15,KRW,0,2018-03-21,2018-06-20,1.0809586646259968,3.9741127375955765,1147.2568510518781,2.8931540729695797,91,34,0.99669666777761,Mar18-Jun18,Mar-Jun
2018-02-16,KRW,0,2018-03-21,2018-06-20,1.0852153317572288,4.077778822360496,1148.9383842002956,2.992563490603267,91,33,1.029432153818084,Mar18-Jun18,Mar-Jun
2018-02-19,KRW,0,2018-03-21,2018-06-20,0.8732625872116055,3.5221591017534757,1148.4433399572097,2.64889651454187,91,30,0.9117723544008567,Mar18-Jun18,Mar-Jun
2018-02-20,KRW,0,2018-03-21,2018-06-20,0.8206257103734722,3.395692594648851,1149.8715698299245,2.5750668842753788,91,29,0.8852999806054772,Mar18-Jun18,Mar-Jun
2018-02-21,KRW,0,2018-03-21,2018-06-20,0.759066511500655,3.2260326738777834,1146.472050115648,2.4669661623771284,91,28,0.8506940262507895,Mar18-Jun18,Mar-Jun
2018-02-22,KRW,0,2018-03-21,2018-06-20,0.7013788346063956,3.065285277168692,1140.7490288352144,2.363906442562296,91,27,0.8192837579201263,Mar18-Jun18,Mar-Jun
2018-02-23,KRW,0,2018-03-21,2018-06-20,0.6479776418750869,2.9158993884378903,1149.2540789739157,2.2679217465628034,91,26,0.7802402010372733,Mar18-Jun18,Mar-Jun
2018-02-26,KRW,0,2018-03-21,2018-06-20,0.5181340463192199,2.5681426643648293,1154.6575682127568,2.0500086180456094,91,23,0.7020511414321928,Mar18-Jun18,Mar-Jun
2018-02-27,KRW,0,2018-03-21,2018-06-20,0.42946375450635754,2.2058820117826548,1162.0017555450975,1.7764182572762972,91,22,0.6045595294953031,Mar18-Jun18,Mar-Jun
2018-02-28,KRW,0,2018-03-21,2018-06-20,0.42221856812603015,2.2518323633388273,1164.6187082935446,1.829613795212797,91,21,0.6212685262433654,Mar18-Jun18,Mar-Jun
2018-03-01,KRW,0,2018-03-21,2018-06-20,0.3754160028288076,2.083558815699882,1163.239446254308,1.7081428128710743,91,20,0.580732360001852,Mar18-Jun18,Mar-Jun
2018-03-02,KRW,0,2018-03-21,2018-06-20,0.3142325563023048,1.8192411154343961,1167.5915776005045,1.5050085591320914,91,19,0.509791111780622,Mar18-Jun18,Mar-Jun
2018-03-05,KRW,0,2018-03-21,2018-06-20,0.271299938267643,1.8143183371648626,1171.2142468263824,1.5430183988972197,91,16,0.5210690501372744,Mar18-Jun18,Mar-Jun
2018-03-06,KRW,0,2018-03-21,2018-06-20,0.31615410754584955,2.2341556933240034,1170.1639155424164,1.9180015857781538,91,15,0.6482552567827549,Mar18-Jun18,Mar-Jun
2018-03-07,KRW,0,2018-03-21,2018-06-20,0.24011019893627084,1.8008264920220314,1170.457005495755,1.5607162930857605,91,14,0.5274004843428536,Mar18-Jun18,Mar-Jun
2018-03-08,KRW,0,2018-03-21,2018-06-20,0.2168591130902416,1.7348729047219333,1172.2143922551688,1.5180137916316918,91,13,0.5122116353148451,Mar18-Jun18,Mar-Jun
2018-03-09,KRW,0,2018-03-21,2018-06-20,0.1739617662978804,1.49317182739014,1163.604354578842,1.3192100610922597,91,12,0.44844047321027614,Mar18-Jun18,Mar-Jun
2018-03-12,KRW,0,2018-03-21,2018-06-20,0.09782464950127272,1.0869405500141414,1168.6646833710247,0.9891159005128687,91,9,0.3347973564516175,Mar18-Jun18,Mar-Jun
2018-03-13,KRW,0,2018-03-21,2018-06-20,0.08011127948166423,0.991377083585595,1164.1359540760054,0.9112658041039308,91,8,0.30965107628665944,Mar18-Jun18,Mar-Jun
2018-03-14,KRW,0,2018-03-21,2018-06-20,0.06838776977485718,0.9574287768480004,1161.7537199630963,0.8890410070731433,91,7,0.30272149921221886,Mar18-Jun18,Mar-Jun
2018-03-15,KRW,0,2018-03-21,2018-06-20,0.050266269255852127,0.6965468739739509,1160.3500327809513,0.6462806047180988,91,6,0.22033038790976958,Mar18-Jun18,Mar-Jun
2018-03-16,KRW,0,2018-03-21,2018-06-20,0.04894184940134083,0.6712025060755313,1160.9274981801068,0.6222606566741905,91,5,0.21203621581303075,Mar18-Jun18,Mar-Jun
2018-03-19,KRW,0,2018-03-21,2018-06-20,0.0814300559669785,1.0818564578470002,1159.1793056460183,1.0004264018800217,91,2,0.3414012653699672,Mar18-Jun18,Mar-Jun
2018-03-20,KRW,0,2018-03-21,2018-06-20,0.07660937949191617,1.0068661304651838,1157.380796249191,0.9302567509732677,91,1,0.3179500670487771,Mar18-Jun18,Mar-Jun
2018-03-21,KRW,0,2018-06-20,2018-09-19,0.8987084756164327,1.7974169512328655,1159.3129072063234,0.8987084756164327,91,91,0.306438082945649,Jun18-Sep18,Jun-Sep
2018-03-22,KRW,0,2018-06-20,2018-09-19,0.6711291400146382,1.3497152704738835,1154.6899246471633,0.6785861304592453,91,90,0.23235304247600091,Jun18-Sep18,Jun-Sep
2018-03-23,KRW,0,2018-06-20,2018-09-19,0.8450569709850592,1.7091039862619173,1149.8746691122162,0.8640470152768581,91,89,0.2970495677655932,Jun18-Sep18,Jun-Sep
2018-03-26,KRW,0,2018-06-20,2018-09-19,1.1286415544418689,2.322901803909428,1153.9429082960082,1.194260249467559,91,86,0.40902626702751155,Jun18-Sep18,Jun-Sep
2018-03-27,KRW,0,2018-06-20,2018-09-19,1.6090441086725114,3.3316678014866117,1158.3061041644437,1.7226236928141003,91,85,0.5875235838277865,Jun18-Sep18,Jun-Sep
2018-03-28,KRW,0,2018-06-20,2018-09-19,1.6128144020017148,3.360030004170239,1158.2381490718892,1.7472156021685241,91,84,0.5959439566409519,Jun18-Sep18,Jun-Sep
2018-03-29,KRW,0,2018-06-20,2018-09-19,1.5716999866770087,3.2948891286963797,1158.3722412261197,1.723189142019371,91,83,0.5877018490461975,Jun18-Sep18,Jun-Sep
2018-03-30,KRW,0,2018-06-20,2018-09-19,1.533135503440822,3.2345419767714905,1159.7745471430324,1.7014064733306684,91,82,0.5795913431188529,Jun18-Sep18,Jun-Sep
2018-04-02,KRW,0,2018-06-20,2018-09-19,1.4674975078723769,3.1579060295987853,1158.4789716492419,1.6904085217264084,91,79,0.5765206062034706,Jun18-Sep18,Jun-Sep
2018-04-03,KRW,0,2018-06-20,2018-09-19,1.4127247200374953,3.06090356008124,1155.214824312071,1.648178840043745,91,78,0.5637309905069418,Jun18-Sep18,Jun-Sep
2018-04-04,KRW,0,2018-06-20,2018-09-19,1.4237309202587893,3.106322007837359,1154.8668470132857,1.6825910875785695,91,77,0.5756688179890909,Jun18-Sep18,Jun-Sep
2018-04-05,KRW,0,2018-06-20,2018-09-19,1.4973597011068578,3.2902509221690166,1145.867606599298,1.7928912210621588,91,76,0.6181778847402908,Jun18-Sep18,Jun-Sep
2018-04-06,KRW,0,2018-06-20,2018-09-19,1.753205528849926,3.8804282371878362,1143.5906303430559,2.1272227083379103,91,75,0.734747616821342,Jun18-Sep18,Jun-Sep
2018-04-09,KRW,0,2018-06-20,2018-09-19,1.796916985990955,4.068020398840634,1139.2416711151402,2.271103412849679,91,72,0.7874041267006001,Jun18-Sep18,Jun-Sep
2018-04-10,KRW,0,2018-06-20,2018-09-19,1.851716158062662,4.225042501495088,1133.530742418976,2.373326343432426,91,71,0.8269445476921667,Jun18-Sep18,Jun-Sep
2018-04-11,KRW,0,2018-06-20,2018-09-19,1.6253980627407576,3.7384155443037423,1136.6370526800267,2.1130174815629847,91,70,0.734381603425311,Jun18-Sep18,Jun-Sep
2018-04-12,KRW,0,2018-06-20,2018-09-19,1.5627694813341788,3.6238132900502693,1128.4353878521968,2.0610438087160903,91,69,0.721556920221291,Jun18-Sep18,Jun-Sep
2018-04-13,KRW,0,2018-06-20,2018-09-19,1.5231281461185742,3.561431988718431,1138.783392006608,2.0383038425998565,91,68,0.7071449171419066,Jun18-Sep18,Jun-Sep
2018-04-16,KRW,0,2018-06-20,2018-09-19,1.4306914014372523,3.4336593634494053,1137.0067548816653,2.002967962012153,91,65,0.6960267624837901,Jun18-Sep18,Jun-Sep
2018-04-17,KRW,0,2018-06-20,2018-09-19,1.1446799639887952,2.772271787785364,1131.5669233169795,1.6275918237965687,91,64,0.5684434395114982,Jun18-Sep18,Jun-Sep
2018-04-18,KRW,0,2018-06-20,2018-09-19,1.23557566407632,3.0202960677421156,1129.7271217388206,1.7847204036657955,91,63,0.624285167173386,Jun18-Sep18,Jun-Sep
2018-04-19,KRW,0,2018-06-20,2018-09-19,1.2727302795156359,3.1407698833208437,1124.9414076189128,1.8680396038052078,91,62,0.6561848706743316,Jun18-Sep18,Jun-Sep
2018-04-20,KRW,0,2018-06-20,2018-09-19,1.4413617609998115,3.591589961835597,1119.805391074508,2.1502282008357856,91,61,0.7586552430604107,Jun18-Sep18,Jun-Sep
2018-04-23,KRW,0,2018-06-20,2018-09-19,1.6395983296375176,4.212071570965347,1114.0827034376584,2.5724732413278293,91,58,0.9121281525267634,Jun18-Sep18,Jun-Sep
2018-04-24,KRW,0,2018-06-20,2018-09-19,1.6297964911024634,4.231752292687098,1115.5947715911288,2.6019558015846345,91,57,0.921341314613367,Jun18-Sep18,Jun-Sep
2018-04-25,KRW,0,2018-06-20,2018-09-19,1.6489293571045651,4.328439562399483,1122.7442969717224,2.6795102052949176,91,56,0.9427538253165381,Jun18-Sep18,Jun-Sep
2018-04-26,KRW,0,2018-06-20,2018-09-19,1.5328384707328695,4.068989395036344,1118.041347818092,2.5361509243034748,91,55,0.8961554007389078,Jun18-Sep18,Jun-Sep
2018-04-27,KRW,0,2018-06-20,2018-09-19,1.5773090843224795,4.235366985680732,1125.4988384404999,2.6580579013582524,91,54,0.9329798983481081,Jun18-Sep18,Jun-Sep
2018-04-30,KRW,0,2018-06-20,2018-09-19,1.3039375335963022,3.630571171974017,1125.310682424796,2.326633638377715,91,51,0.8169843334158717,Jun18-Sep18,Jun-Sep
2018-05-01,KRW,0,2018-06-20,2018-09-19,1.1540013161162426,3.2542837114478034,1121.3246342169045,2.100282395331561,91,50,0.7402198325219609,Jun18-Sep18,Jun-Sep
2018-05-02,KRW,0,2018-06-20,2018-09-19,1.0725908523517513,3.064545292433575,1120.4354835658626,1.9919544400818237,91,49,0.7026484697837215,Jun18-Sep18,Jun-Sep
2018-05-03,KRW,0,2018-06-20,2018-09-19,0.9667279693305857,2.7994830778531545,1114.3882098369804,1.8327551085225688,91,48,0.6500585171783536,Jun18-Sep18,Jun-Sep
2018-05-04,KRW,0,2018-06-20,2018-09-19,0.8321199604272167,2.443245841254381,1116.5258200020749,1.6111258808271642,91,47,0.5704246218079577,Jun18-Sep18,Jun-Sep
2018-05-07,KRW,0,2018-06-20,2018-09-19,0.7206872244448325,2.2111994386375544,1115.130309401235,1.490512214192722,91,44,0.5284336218901465,Jun18-Sep18,Jun-Sep
2018-05-08,KRW,0,2018-06-20,2018-09-19,0.6580268238981908,2.0505952186594785,1112.4740494722084,1.3925683947612877,91,43,0.4949153742657703,Jun18-Sep18,Jun-Sep
2018-05-09,KRW,0,2018-06-20,2018-09-19,0.6910744875852536,2.1884025440199695,1115.0404809868476,1.497328056434716,91,42,0.530906881571072,Jun18-Sep18,Jun-Sep
2018-05-10,KRW,0,2018-06-20,2018-09-19,0.6230654202398598,2.005966718821012,1116.5278403449222,1.3829012985811522,91,41,0.4897116670473253,Jun18-Sep18,Jun-Sep
2018-05-11,KRW,0,2018-06-20,2018-09-19,0.6620993398066578,2.168375337866804,1123.653285420139,1.5062759980601461,91,40,0.5300020029106309,Jun18-Sep18,Jun-Sep
2018-05-14,KRW,0,2018-06-20,2018-09-19,0.5714180163686786,1.9767974620321853,1116.8952182701935,1.4053794456635067,91,37,0.4975309938954043,Jun18-Sep18,Jun-Sep
2018-05-15,KRW,0,2018-06-20,2018-09-19,0.6671348822293234,2.353503612309002,1124.082725581054,1.6863687300796788,91,36,0.5931406668097411,Jun18-Sep18,Jun-Sep
2018-05-16,KRW,0,2018-06-20,2018-09-19,0.6651884266179827,2.3946783358247377,1114.645597972409,1.7294899092067548,91,35,0.6134557457698936,Jun18-Sep18,Jun-Sep
2018-05-17,KRW,0,2018-06-20,2018-09-19,0.7473852816739844,2.7477400061543547,1122.4438842280258,2.00035472448037,91,34,0.7045541959366058,Jun18-Sep18,Jun-Sep
2018-05-18,KRW,0,2018-06-20,2018-09-19,0.7964704805104185,2.992798169190663,1128.0438310223324,2.1963276886802445,91,33,0.7697075367284588,Jun18-Sep18,Jun-Sep
2018-05-21,KRW,0,2018-06-20,2018-09-19,0.6897168379152467,2.781857912924828,1125.8818707044222,2.0921410750095815,91,30,0.7346716486112458,Jun18-Sep18,Jun-Sep
2018-05-22,KRW,0,2018-06-20,2018-09-19,0.6162821660741431,2.5501331009964536,1132.3430697551128,1.9338509349223105,91,29,0.6752580567005,Jun18-Sep18,Jun-Sep
2018-05-23,KRW,0,2018-06-20,2018-09-19,0.602941896751207,2.5625030611926296,1147.98210133434,1.9595611644414226,91,28,0.674926958763125,Jun18-Sep18,Jun-Sep
2018-05-24,KRW,0,2018-06-20,2018-09-19,0.6617602227629167,2.892137269852747,1143.0055682831005,2.2303770470898305,91,27,0.7715066625507584,Jun18-Sep18,Jun-Sep
2018-05-25,KRW,0,2018-06-20,2018-09-19,0.7001501888412841,3.1506758497857787,1138.715564199502,2.4505256609444945,91,26,0.8508209170446618,Jun18-Sep18,Jun-Sep
2018-05-28,KRW,0,2018-06-20,2018-09-19,0.6215963296752602,3.0809557209991154,1139.0487872298045,2.459359391323855,91,23,0.8536971738617328,Jun18-Sep18,Jun-Sep
2018-05-29,KRW,0,2018-06-20,2018-09-19,0.6083841424245688,3.1248821860898306,1144.5011841272394,2.516498043665262,91,22,0.8693820357367125,Jun18-Sep18,Jun-Sep
2018-05-30,KRW,0,2018-06-20,2018-09-19,0.590772747100157,3.150787984534171,1140.3092016911655,2.5600152374340137,91,21,0.8876792912909184,Jun18-Sep18,Jun-Sep
2018-05-31,KRW,0,2018-06-20,2018-09-19,0.60240500327014,3.343347768149277,1134.1179395838972,2.7409427648791373,91,20,0.9555914028145422,Jun18-Sep18,Jun-Sep
2018-06-01,KRW,0,2018-06-20,2018-09-19,0.6095092492682268,3.5287377589213134,1133.8116656156733,2.9192285096530863,91,19,1.0180166377182995,Jun18-Sep18,Jun-Sep
2018-06-04,KRW,0,2018-06-20,2018-09-19,0.5340056604020479,3.5711628539386955,1136.925727771599,3.0371571935366477,91,16,1.0563123252542181,Jun18-Sep18,Jun-Sep
2018-06-05,KRW,0,2018-06-20,2018-09-19,0.509958734456562,3.6037083901597047,1131.94938024014,3.0937496557031428,91,15,1.080746054691831,Jun18-Sep18,Jun-Sep
2018-06-06,KRW,0,2018-06-20,2018-09-19,0.4362781306686648,3.272085980014986,1126.5564279905916,2.8358078493463212,91,14,0.9954439316221841,Jun18-Sep18,Jun-Sep
2018-06-07,KRW,0,2018-06-20,2018-09-19,0.3936438388455391,3.149150710764313,1117.75050068432,2.7555068719187736,91,13,0.9749106463497599,Jun18-Sep18,Jun-Sep
2018-06-08,KRW,0,2018-06-20,2018-09-19,0.397986430862661,3.41605019823784,1125.1570089712102,3.018063767375179,91,12,1.0607738382089889,Jun18-Sep18,Jun-Sep
2018-06-11,KRW,0,2018-06-20,2018-09-19,0.30139889799445846,3.3488766443828726,1122.4847545333803,3.047477746388414,91,9,1.0737535267009108,Jun18-Sep18,Jun-Sep
2018-06-12,KRW,0,2018-06-20,2018-09-19,0.27514919201056764,3.404971251130775,1117.9565106941768,3.1298220591202073,91,8,1.1072583691411595,Jun18-Sep18,Jun-Sep
2018-06-13,KRW,0,2018-06-20,2018-09-19,0.23855156497108163,3.3397219095951427,1119.3070280109455,3.101170344624061,91,7,1.095834454829491,Jun18-Sep18,Jun-Sep
2018-06-14,KRW,0,2018-06-20,2018-09-19,0.2549515919340081,3.5329006310855413,1116.4761447643639,3.277949039151533,91,6,1.1612205057123652,Jun18-Sep18,Jun-Sep
2018-06-15,KRW,0,2018-06-20,2018-09-19,0.2442756845087047,3.350066530405093,1115.7952638127044,3.1057908458963883,91,5,1.1009148573875638,Jun18-Sep18,Jun-Sep
2018-06-18,KRW,0,2018-06-20,2018-09-19,0.24681750539028965,3.2791468573281333,1114.9956297138385,3.0323293519378436,91,2,1.0756430797070173,Jun18-Sep18,Jun-Sep
2018-06-19,KRW,0,2018-06-20,2018-09-19,0.2655282247725917,3.489799525582634,1124.757098467747,3.224271300810042,91,1,1.133786884777166,Jun18-Sep18,Jun-Sep
2018-06-20,KRW,0,2018-09-19,2018-12-19,3.589572133200939,7.179144266401878,1119.7497938642332,3.589572133200939,91,91,1.2641331348451852,Sep18-Dec18,Sep-Dec
2018-06-21,KRW,0,2018-09-19,2018-12-19,3.105764458806222,6.24603741159918,1118.5952124687374,3.140272952792958,91,90,1.107519569899325,Sep18-Dec18,Sep-Dec
2018-06-22,KRW,0,2018-09-19,2018-12-19,3.020899887402515,6.109685165533176,1120.8627842307474,3.0887852781306613,91,89,1.0872451040744449,Sep18-Dec18,Sep-Dec
2018-06-25,KRW,0,2018-09-19,2018-12-19,2.8870576432460533,5.941967475052924,1125.489189045765,3.054909831806871,91,86,1.071039700794935,Sep18-Dec18,Sep-Dec
2018-06-26,KRW,0,2018-09-19,2018-12-19,2.9788240738119587,6.167918082245937,1130.3041600824565,3.1890940084339787,91,85,1.113243228187574,Sep18-Dec18,Sep-Dec
2018-06-27,KRW,0,2018-09-19,2018-12-19,2.634966409012901,5.48951335211021,1126.9369898000552,2.854546943097309,91,84,0.9997338478005188,Sep18-Dec18,Sep-Dec
2018-06-28,KRW,0,2018-09-19,2018-12-19,2.505927840169837,5.253390893850019,1131.8734963729835,2.7474630536801823,91,83,0.9581524819621554,Sep18-Dec18,Sep-Dec
2018-06-29,KRW,0,2018-09-19,2018-12-19,2.6007027406248637,5.4868484649768465,1131.0965091377652,2.886145724351983,91,82,1.0071224688086373,Sep18-Dec18,Sep-Dec
2018-07-02,KRW,0,2018-09-19,2018-12-19,2.5705996972024328,5.531670234486248,1131.4583481626544,2.9610705372838155,91,79,1.0329652717021442,Sep18-Dec18,Sep-Dec
2018-07-03,KRW,0,2018-09-19,2018-12-19,2.690967707481723,5.990675556798784,1131.144874741538,3.2997078493170613,91,78,1.1512944647970902,Sep18-Dec18,Sep-Dec
2018-07-04,KRW,0,2018-09-19,2018-12-19,2.3028061677280443,5.17594468326925,1137.3023798786483,2.873138515541206,91,77,0.9973859717783016,Sep18-Dec18,Sep-Dec
2018-07-05,KRW,0,2018-09-19,2018-12-19,2.330446080909007,5.263448234831726,1140.7968774112678,2.933002153922719,91,76,1.0150300150855773,Sep18-Dec18,Sep-Dec
2018-07-06,KRW,0,2018-09-19,2018-12-19,2.2769389921405447,5.172316035145596,1137.351993210205,2.8953770430050514,91,75,1.0050849471953176,Sep18-Dec18,Sep-Dec
2018-07-09,KRW,0,2018-09-19,2018-12-19,2.327517853717271,5.373278291512078,1134.9434595385394,3.0457604377948067,91,72,1.0594803183252566,Sep18-Dec18,Sep-Dec
2018-07-10,KRW,0,2018-09-19,2018-12-19,2.3495384192501683,5.45606309057777,1141.7333260553735,3.1065246713276014,91,71,1.0741833945700356,Sep18-Dec18,Sep-Dec
2018-07-11,KRW,0,2018-09-19,2018-12-19,2.4100741405876898,5.628453047613796,1137.1003234947827,3.218378907026106,91,70,1.1173262174545224,Sep18-Dec18,Sep-Dec
2018-07-12,KRW,0,2018-09-19,2018-12-19,2.3017896610733883,5.412877610945322,1130.9150833663325,3.1110879498719335,91,69,1.086076370177267,Sep18-Dec18,Sep-Dec
2018-07-13,KRW,0,2018-09-19,2018-12-19,2.432784904237091,5.754387906879003,1130.8179564894376,3.3216030026419125,91,68,1.1595322202762537,Sep18-Dec18,Sep-Dec
2018-07-16,KRW,0,2018-09-19,2018-12-19,2.489113459398046,6.01163933148945,1133.0108680241588,3.522525872091404,91,65,1.2272362319274226,Sep18-Dec18,Sep-Dec
2018-07-17,KRW,0,2018-09-19,2018-12-19,2.4072180582027856,5.858452812084513,1138.8630949856458,3.4512347538817276,91,64,1.19631924469923,Sep18-Dec18,Sep-Dec
2018-07-18,KRW,0,2018-09-19,2018-12-19,2.54211467784831,6.2330192217924445,1137.667223127848,3.6909045439441344,91,63,1.2805877069473246,Sep18-Dec18,Sep-Dec
2018-07-19,KRW,0,2018-09-19,2018-12-19,2.486186141499448,6.144797547911448,1143.8096537309352,3.658611406412,91,62,1.262643293153675,Sep18-Dec18,Sep-Dec
2018-07-20,KRW,0,2018-09-19,2018-12-19,2.5262371511108985,6.294886015882894,1144.249799769021,3.7686488647719956,91,61,1.30007430256155,Sep18-Dec18,Sep-Dec
2018-07-23,KRW,0,2018-09-19,2018-12-19,2.3425512310150625,6.017933334849039,1152.0785569520683,3.675382103833977,91,58,1.2595034043433575,Sep18-Dec18,Sep-Dec
2018-07-24,KRW,0,2018-09-19,2018-12-19,2.402684754614374,6.238549889174164,1146.746986603056,3.8358651345597905,91,57,1.3205286882992444,Sep18-Dec18,Sep-Dec
2018-07-25,KRW,0,2018-09-19,2018-12-19,2.6359769411388534,6.919439470489491,1139.4614034435156,4.283462529350637,91,56,1.4837233970777257,Sep18-Dec18,Sep-Dec
2018-07-26,KRW,0,2018-09-19,2018-12-19,2.711506151618578,7.197816329751134,1141.3657004246868,4.486310178132556,91,55,1.5512974267052446,Sep18-Dec18,Sep-Dec
2018-07-27,KRW,0,2018-09-19,2018-12-19,2.6302138518911358,7.06261126896694,1138.347778196941,4.432397417075804,91,54,1.5368183378472577,Sep18-Dec18,Sep-Dec
2018-07-30,KRW,0,2018-09-19,2018-12-19,2.468650643868562,6.873497871163448,1132.1423228772767,4.404847227294885,91,51,1.5358364811823624,Sep18-Dec18,Sep-Dec
2018-07-31,KRW,0,2018-09-19,2018-12-19,2.3498547321017824,6.626590344527027,1126.1286650442344,4.276735612425244,91,50,1.4992712554676653,Sep18-Dec18,Sep-Dec
2018-08-01,KRW,0,2018-09-19,2018-12-19,2.379972247541364,6.799920707261039,1125.1957597221265,4.419948459719675,91,49,1.5507171619909883,Sep18-Dec18,Sep-Dec
2018-08-02,KRW,0,2018-09-19,2018-12-19,2.3580053796933176,6.987330881372367,1121.9315483091918,4.62932550167905,91,48,1.628923359768708,Sep18-Dec18,Sep-Dec
2018-08-03,KRW,0,2018-09-19,2018-12-19,2.309151609335035,6.929375127882141,1119.8471684402919,4.620223518547106,91,47,1.6288111557677165,Sep18-Dec18,Sep-Dec
2018-08-06,KRW,0,2018-09-19,2018-12-19,2.130925420879445,6.659557420082942,1121.4534262079133,4.528631999203498,91,44,1.5944924138205565,Sep18-Dec18,Sep-Dec
2018-08-07,KRW,0,2018-09-19,2018-12-19,2.1612468432223126,6.846543588202366,1114.9528606771705,4.685296744980054,91,43,1.6592073938975611,Sep18-Dec18,Sep-Dec
2018-08-08,KRW,0,2018-09-19,2018-12-19,2.2158051295737073,7.118753086426688,1113.1291939267003,4.90294795685298,91,42,1.7390383825559332,Sep18-Dec18,Sep-Dec
2018-08-09,KRW,0,2018-09-19,2018-12-19,1.8730594919197971,6.123393690288322,1116.669766363299,4.250334198368525,91,41,1.5032512415218853,Sep18-Dec18,Sep-Dec
2018-08-10,KRW,0,2018-09-19,2018-12-19,1.8852852109500087,6.257785642981752,1113.021028272986,4.372500432031744,91,40,1.5515029108487037,Sep18-Dec18,Sep-Dec
2018-08-13,KRW,0,2018-09-19,2018-12-19,1.8769409308415428,6.549050675047315,1116.992340017941,4.672109744205772,91,37,1.6519419944987104,Sep18-Dec18,Sep-Dec
2018-08-14,KRW,0,2018-09-19,2018-12-19,1.8183612314176587,6.461498773461061,1121.3863030370555,4.6431375420434025,91,36,1.6353614612386713,Sep18-Dec18,Sep-Dec
2018-08-15,KRW,0,2018-09-19,2018-12-19,1.7049119024323616,6.174820938611739,1114.142695657125,4.469909036179377,91,35,1.5847286409761736,Sep18-Dec18,Sep-Dec
2018-08-16,KRW,0,2018-09-19,2018-12-19,1.5850081558561393,5.854952441919539,1108.6629920552202,4.269944286063399,91,34,1.521469733096928,Sep18-Dec18,Sep-Dec
2018-08-17,KRW,0,2018-09-19,2018-12-19,1.50274799124273,5.665098134505317,1104.5227719580494,4.162350143262587,91,33,1.488793868693664,Sep18-Dec18,Sep-Dec
2018-08-20,KRW,0,2018-09-19,2018-12-19,1.368141148515818,5.518169299013799,1110.1328365295767,4.150028150497981,91,30,1.4770741647466608,Sep18-Dec18,Sep-Dec
2018-08-21,KRW,0,2018-09-19,2018-12-19,1.2197053951171952,5.047056807381498,1106.6924470900888,3.827351412264303,91,29,1.3666399802710611,Sep18-Dec18,Sep-Dec
2018-08-22,KRW,0,2018-09-19,2018-12-19,1.1768130787318816,5.001455584610497,1105.1144906002248,3.8246425058786153,91,28,1.3676735792005834,Sep18-Dec18,Sep-Dec
2018-08-23,KRW,0,2018-09-19,2018-12-19,1.034207352090641,4.519869168396134,1102.209355304389,3.4856618163054933,91,27,1.2498991000686646,Sep18-Dec18,Sep-Dec
2018-08-24,KRW,0,2018-09-19,2018-12-19,0.9447786104299561,4.251503746934803,1099.5348590018073,3.306725136504847,91,26,1.1887134975938776,Sep18-Dec18,Sep-Dec
2018-08-27,KRW,0,2018-09-19,2018-12-19,0.8163296866238452,4.046155838048623,1095.794116062625,3.2298261514247777,91,23,1.1651661968883513,Sep18-Dec18,Sep-Dec
2018-08-28,KRW,0,2018-09-19,2018-12-19,0.75129886416264,3.8589441659262875,1102.912259014232,3.1076453017636476,91,22,1.1139247396373972,Sep18-Dec18,Sep-Dec
2018-08-29,KRW,0,2018-09-19,2018-12-19,0.7107829301012661,3.7908422938734194,1092.0478024817999,3.080059363772153,91,21,1.1150541750915695,Sep18-Dec18,Sep-Dec
2018-08-30,KRW,0,2018-09-19,2018-12-19,0.678609742762538,3.7662840723320863,1090.5861269391357,3.0876743295695483,91,20,1.1193411606854256,Sep18-Dec18,Sep-Dec
2018-08-31,KRW,0,2018-09-19,2018-12-19,0.6823568092042365,3.9504867901297898,1094.3572620496132,3.2681299809255533,91,19,1.1806756245112384,Sep18-Dec18,Sep-Dec
2018-09-03,KRW,0,2018-09-19,2018-12-19,0.6099283537529987,4.219735757305314,1091.5091597615406,3.609807403552315,91,16,1.307600692700102,Sep18-Dec18,Sep-Dec
2018-09-04,KRW,0,2018-09-19,2018-12-19,0.5157062835415623,3.7757892382071465,1086.7759653111025,3.260082954665584,91,15,1.1861611567475996,Sep18-Dec18,Sep-Dec
2018-09-05,KRW,0,2018-09-19,2018-12-19,0.4814707614543344,3.7335328933465104,1085.0193301740217,3.252062131892176,91,14,1.1851949561404294,Sep18-Dec18,Sep-Dec
2018-09-06,KRW,0,2018-09-19,2018-12-19,0.5064049326229226,4.165126192075021,1086.3042042587135,3.658721259452098,91,13,1.3317924947452222,Sep18-Dec18,Sep-Dec
2018-09-07,KRW,0,2018-09-19,2018-12-19,0.4660855888808827,4.10537311798441,1082.986516487277,3.639287529103527,91,12,1.3288242980105822,Sep18-Dec18,Sep-Dec
2018-09-10,KRW,0,2018-09-19,2018-12-19,0.31079811799491375,3.5317202869203763,1080.2861366198804,3.220922168925463,91,9,1.17917322080474,Sep18-Dec18,Sep-Dec
2018-09-11,KRW,0,2018-09-19,2018-12-19,0.26388232709148884,3.3347949055620782,1073.3921709760111,3.0709125784705895,91,8,1.1315229964217042,Sep18-Dec18,Sep-Dec
2018-09-12,KRW,0,2018-09-19,2018-12-19,0.22796682682053085,3.2522143655008486,1074.88142309482,3.0242475386803176,91,7,1.1128222215461567,Sep18-Dec18,Sep-Dec
2018-09-13,KRW,0,2018-09-19,2018-12-19,0.23891458488109063,3.362481438242014,1070.6967010550043,3.1235668533609235,91,6,1.1538478682636897,Sep18-Dec18,Sep-Dec
2018-09-14,KRW,0,2018-09-19,2018-12-19,0.24784319177203679,3.4422381661899912,1072.496382816754,3.1943949744179543,91,5,1.1780223678093327,Sep18-Dec18,Sep-Dec
2018-09-17,KRW,0,2018-09-19,2018-12-19,0.2432329740357398,3.248672423505564,1063.2147873341798,3.005439449469824,91,2,1.1180178570551471,Sep18-Dec18,Sep-Dec
2018-09-18,KRW,0,2018-09-19,2018-12-19,0.2621780266848268,3.4543535466916806,1064.564301124933,3.192175520006854,91,1,1.1859572352686,Sep18-Dec18,Sep-Dec
2018-09-19,KRW,0,2018-12-19,2019-03-20,3.496986388583387,7.2627849690584325,1075.2487675666343,3.7657985804750456,91,91,1.3810172285124052,Dec18-Mar19,Dec-Mar
2018-09-20,KRW,0,2018-12-19,2019-03-20,2.7696503763912945,5.840108930166002,1080.137137249598,3.0704585537747073,91,90,1.1216910949992898,Dec18-Mar19,Dec-Mar
2018-09-21,KRW,0,2018-12-19,2019-03-20,2.517959952452404,5.361138536537663,1074.541047659294,2.843178584085259,91,89,1.0443011361526962,Dec18-Mar19,Dec-Mar
2018-09-24,KRW,0,2018-12-19,2019-03-20,2.2467528217571404,4.893435687909024,1077.219521356383,2.6466828661518838,91,86,0.9699602485661053,Dec18-Mar19,Dec-Mar
2018-09-25,KRW,0,2018-12-19,2019-03-20,2.4707646381012873,5.3857448627553115,1079.2346836882305,2.914980224654024,91,85,1.066074865165197,Dec18-Mar19,Dec-Mar
2018-09-26,KRW,0,2018-12-19,2019-03-20,2.505840243415027,5.489470165627104,1075.878634049863,2.983629922212077,91,84,1.0945420118900944,Dec18-Mar19,Dec-Mar
2018-09-27,KRW,0,2018-12-19,2019-03-20,2.2892719538766073,5.068978878173705,1079.1290078982083,2.7797069242970975,91,83,1.0168722854345975,Dec18-Mar19,Dec-Mar
2018-09-28,KRW,0,2018-12-19,2019-03-20,2.194105749989023,4.899205318528817,1080.7093351835117,2.705099568539794,91,82,0.9882222545524751,Dec18-Mar19,Dec-Mar
2018-10-01,KRW,0,2018-12-19,2019-03-20,1.9747826127689343,4.519735841242233,1080.8145461983554,2.5449532284732985,91,79,0.9298158533729858,Dec18-Mar19,Dec-Mar
2018-10-02,KRW,0,2018-12-19,2019-03-20,1.6998135845231834,3.6212411658667767,1083.3061568801766,1.9214275813435933,91,78,0.7005723633848375,Dec18-Mar19,Dec-Mar
2018-10-03,KRW,0,2018-12-19,2019-03-20,1.6937546301337325,3.6513974899692334,1077.197185662263,1.957642859835501,91,77,0.717822433623,Dec18-Mar19,Dec-Mar
2018-10-04,KRW,0,2018-12-19,2019-03-20,1.4642468815030716,3.1908773850948573,1078.6922366953575,1.7266305035917857,91,76,0.6323737599052528,Dec18-Mar19,Dec-Mar
2018-10-05,KRW,0,2018-12-19,2019-03-20,1.5373258722445255,3.393720400198279,1081.726666573498,1.8563945279537535,91,75,0.6779490875316371,Dec18-Mar19,Dec-Mar
2018-10-08,KRW,0,2018-12-19,2019-03-20,1.3852696716903266,3.182084200072797,1082.6504369650702,1.7968145283824706,91,72,0.6557235349001779,Dec18-Mar19,Dec-Mar
2018-10-09,KRW,0,2018-12-19,2019-03-20,1.3212175036436542,3.0797060818150204,1087.5049926104675,1.7584885781713662,91,71,0.6389135425677366,Dec18-Mar19,Dec-Mar
2018-10-10,KRW,0,2018-12-19,2019-03-20,1.2996351519269214,3.0729546126899456,1081.2098484906603,1.7733194607630243,91,70,0.6480617344137242,Dec18-Mar19,Dec-Mar
2018-10-11,KRW,0,2018-12-19,2019-03-20,1.1440279669755429,2.755742866938456,1078.7518636961952,1.611714899962913,91,69,0.5904286735496245,Dec18-Mar19,Dec-Mar
2018-10-12,KRW,0,2018-12-19,2019-03-20,1.1041995496851449,2.704892173339563,1082.8400501168032,1.6006926236544183,91,68,0.5842007447561107,Dec18-Mar19,Dec-Mar
2018-10-15,KRW,0,2018-12-19,2019-03-20,0.9870353514716966,2.552421594092503,1079.6279444731233,1.5653862426208063,91,65,0.5730752302730691,Dec18-Mar19,Dec-Mar
2018-10-16,KRW,0,2018-12-19,2019-03-20,0.8451906390050017,2.2507355386888768,1075.672200438175,1.405544899683875,91,64,0.5165171925163377,Dec18-Mar19,Dec-Mar
2018-10-17,KRW,0,2018-12-19,2019-03-20,1.0327482498079135,2.7493154143146685,1074.3595927741173,1.716567164506755,91,63,0.631473267684331,Dec18-Mar19,Dec-Mar
2018-10-18,KRW,0,2018-12-19,2019-03-20,0.7483711159178847,2.095226709053262,1082.83129883064,1.3468555931353774,91,62,0.49172387381073634,Dec18-Mar19,Dec-Mar
2018-10-19,KRW,0,2018-12-19,2019-03-20,0.4253529259010887,1.3327527555129368,1091.4277606113862,0.9073998296118482,91,61,0.32877257637907,Dec18-Mar19,Dec-Mar
2018-10-22,KRW,0,2018-12-19,2019-03-20,0.3289218046485327,1.1190972592494806,1096.433940954379,0.7901754546009478,91,58,0.28501774973710914,Dec18-Mar19,Dec-Mar
2018-10-23,KRW,0,2018-12-19,2019-03-20,0.3676227319916744,1.228090476317741,1094.2451098486613,0.8604677443260665,91,57,0.31098196814193124,Dec18-Mar19,Dec-Mar
2018-10-24,KRW,0,2018-12-19,2019-03-20,0.17442847994728372,0.7303367248413396,1089.8478599188793,0.5559082448940559,91,56,0.20175710861464494,Dec18-Mar19,Dec-Mar
2018-10-25,KRW,0,2018-12-19,2019-03-20,0.07767184502665148,0.48073967297155684,1098.224919239601,0.40306782794490537,91,55,0.14518349110354783,Dec18-Mar19,Dec-Mar
2018-10-26,KRW,0,2018-12-19,2019-03-20,0.1622136391808815,0.7080669710280485,1089.973241058282,0.545853331847167,91,54,0.19808728952313198,Dec18-Mar19,Dec-Mar
2018-10-29,KRW,0,2018-12-19,2019-03-20,0.23350870458398756,0.9206606889429559,1081.9967909932961,0.6871519843589684,91,51,0.25118530273694106,Dec18-Mar19,Dec-Mar
2018-10-30,KRW,0,2018-12-19,2019-03-20,0.17120356339566234,0.7552822186293172,1089.952679414198,0.5840786552336549,91,50,0.21196130733141533,Dec18-Mar19,Dec-Mar
2018-10-31,KRW,0,2018-12-19,2019-03-20,0.055369419365032965,0.4323410660431072,1096.5709000006234,0.3769716466780742,91,49,0.13599130770685036,Dec18-Mar19,Dec-Mar
2018-11-01,KRW,0,2018-12-19,2019-03-20,0.2623801091052037,0.5738211364969483,1091.716130283486,0.3114410273917446,91,48,0.11282954585201488,Dec18-Mar19,Dec-Mar
2018-11-02,KRW,0,2018-12-19,2019-03-20,0.20395732275664497,0.43216685287212797,1092.7438565499967,0.228209530115483,91,47,0.08260293134457106,Dec18-Mar19,Dec-Mar
2018-11-05,KRW,0,2018-12-19,2019-03-20,0.36539492049297984,1.0155561658176853,1094.7462516182318,0.6501612453247054,91,44,0.2348679674032125,Dec18-Mar19,Dec-Mar
2018-11-06,KRW,0,2018-12-19,2019-03-20,0.39987164122828184,1.1623578608767458,1091.8706025778094,0.7624862196484639,91,43,0.27616136039600614,Dec18-Mar19,Dec-Mar
2018-11-07,KRW,0,2018-12-19,2019-03-20,0.4840734528256907,1.4708872026916597,1098.4994298745867,0.986813749865969,91,42,0.3552263122311289,Dec18-Mar19,Dec-Mar
2018-11-08,KRW,0,2018-12-19,2019-03-20,0.37332681134937185,1.1627029533554456,1101.8311232454885,0.7893761420060738,91,41,0.28332372596275346,Dec18-Mar19,Dec-Mar
2018-11-09,KRW,0,2018-12-19,2019-03-20,0.3389784249197267,1.0946281611936497,1100.1407839362544,0.755649736273923,91,40,0.27164366618229335,Dec18-Mar19,Dec-Mar
2018-11-12,KRW,0,2018-12-19,2019-03-20,0.27838379342462394,1.0227546728376762,1091.198684237558,0.7443708794130522,91,37,0.2697962242916607,Dec18-Mar19,Dec-Mar
2018-11-13,KRW,0,2018-12-19,2019-03-20,0.21635430601462002,0.8500584379644548,1094.6702145624022,0.6337041319498348,91,36,0.2289699656934179,Dec18-Mar19,Dec-Mar
2018-11-14,KRW,0,2018-12-19,2019-03-20,0.2407701497917927,0.9809551197512746,1089.126152469366,0.7401849699594819,91,35,0.2687987138183181,Dec18-Mar19,Dec-Mar
2018-11-15,KRW,0,2018-12-19,2019-03-20,0.25918376657893183,1.0957424106538816,1087.1870421359604,0.8365586440749497,91,34,0.30433346393954464,Dec18-Mar19,Dec-Mar
2018-11-16,KRW,0,2018-12-19,2019-03-20,0.17928711078256648,0.8463892062180428,1085.5699177442232,0.6671020954354763,91,33,0.24306582044093697,Dec18-Mar19,Dec-Mar
2018-11-19,KRW,0,2018-12-19,2019-03-20,0.14250224050907068,0.8457687212948537,1084.0387382997415,0.703266480785783,91,30,0.2566132863003102,Dec18-Mar19,Dec-Mar
2018-11-20,KRW,0,2018-12-19,2019-03-20,0.07346952442507124,0.5746419757818861,1082.52060229878,0.5011724513568149,91,29,0.18313976574677374,Dec18-Mar19,Dec-Mar
2018-11-21,KRW,0,2018-12-19,2019-03-20,0.03634217318650283,0.4266377774528536,1088.7341656408662,0.39029560426635074,91,28,0.14181377574493206,Dec18-Mar19,Dec-Mar
2018-11-22,KRW,0,2018-12-19,2019-03-20,0.0657619170524932,0.5604279197304154,1092.0959437817808,0.4946660026779222,91,27,0.1791786362718846,Dec18-Mar19,Dec-Mar
2018-11-23,KRW,0,2018-12-19,2019-03-20,-0.03335209991909691,0.12170849769011749,1087.1717893042144,0.1550605976092144,91,26,0.056425798132030296,Dec18-Mar19,Dec-Mar
2018-11-26,KRW,0,2018-12-19,2019-03-20,-0.09286019983405905,-0.18930911114265808,1083.817952139408,-0.09644891130859903,91,23,-0.03520783411649796,Dec18-Mar19,Dec-Mar
2018-11-27,KRW,0,2018-12-19,2019-03-20,-0.06292656404652357,-0.05291594866002638,1081.1910666793783,0.010010615386497189,91,22,0.0036630657390862393,Dec18-Mar19,Dec-Mar
2018-11-28,KRW,0,2018-12-19,2019-03-20,-0.054533500147615155,-0.018736649741183886,1088.434737517721,0.03579685040643127,91,21,0.013011437838897508,Dec18-Mar19,Dec-Mar
2018-11-29,KRW,0,2018-12-19,2019-03-20,-0.06734958400807364,-0.10114497872641229,1090.5808500735857,-0.033795394718338645,91,20,-0.012259918557366734,Dec18-Mar19,Dec-Mar
2018-11-30,KRW,0,2018-12-19,2019-03-20,-0.06455535517602672,-0.10220602391167613,1086.1420242191775,-0.037650668735649415,91,19,-0.013714279576103251,Dec18-Mar19,Dec-Mar
2018-12-03,KRW,0,2018-12-19,2019-03-20,0.05241818514153317,0.3953782801637681,1093.0387390114129,0.3429600950222349,91,16,0.12412187237493016,Dec18-Mar19,Dec-Mar
2018-12-04,KRW,0,2018-12-19,2019-03-20,0.057663605502369306,0.559493047162521,1088.980787671245,0.5018294416601518,91,15,0.18229469559296338,Dec18-Mar19,Dec-Mar
2018-12-05,KRW,0,2018-12-19,2019-03-20,0.04068044784972447,0.5761620556593511,1084.2347871456698,0.5354816078096266,91,14,0.19537367038740544,Dec18-Mar19,Dec-Mar
2018-12-06,KRW,0,2018-12-19,2019-03-20,0.07685515941898206,0.8861249439703511,1085.1346744739783,0.8092697845513691,91,13,0.2950122397856027,Dec18-Mar19,Dec-Mar
2018-12-07,KRW,0,2018-12-19,2019-03-20,0.06508542218858326,0.8316743095124398,1092.0977429084014,0.7665888873238565,91,12,0.2776746521490131,Dec18-Mar19,Dec-Mar
2018-12-10,KRW,0,2018-12-19,2019-03-20,0.0445917221323876,0.7692319397219282,1095.073441892708,0.7246402175895406,91,9,0.26177165064477226,Dec18-Mar19,Dec-Mar
2018-12-11,KRW,0,2018-12-19,2019-03-20,0.056619928575094916,0.9734590612435254,1091.1497805069043,0.9168391326684305,91,8,0.3323895376722688,Dec18-Mar19,Dec-Mar
2018-12-12,KRW,0,2018-12-19,2019-03-20,0.07664033214173269,1.3469264971544583,1095.8473886808042,1.2702861650127257,91,7,0.45854527982845106,Dec18-Mar19,Dec-Mar
2018-12-13,KRW,0,2018-12-19,2019-03-20,0.04764309952945636,0.9360645175887565,1103.4691250080166,0.8884214180593002,91,6,0.3184939534140848,Dec18-Mar19,Dec-Mar
2018-12-14,KRW,0,2018-12-19,2019-03-20,0.07002496332675635,1.2345666027642195,1096.8969942748158,1.164541639437463,91,5,0.41997414994834675,Dec18-Mar19,Dec-Mar
2018-12-17,KRW,0,2018-12-19,2019-03-20,0.0663440438052938,1.1561712680309244,1098.9730298995137,1.0898272242256306,91,2,0.3922884389538148,Dec18-Mar19,Dec-Mar
2018-12-18,KRW,0,2018-12-19,2019-03-20,0.05031911047968594,0.9356395680303842,1097.210749760905,0.8853204575506982,91,1,0.3191917351864039,Dec18-Mar19,Dec-Mar
2018-12-19,KRW,0,2019-03-20,2019-06-19,0.834656908729617,1.396086840206853,1092.9079090095242,0.561429931477236,91,91,0.2030680304828462,Mar19-Jun19,Mar-Jun
2018-12-20,KRW,0,2019-03-20,2019-06-19,1.005042809988378,1.7445405256636994,1094.6857713478437,0.7394977156753215,91,90,0.2669991781261662,Mar19-Jun19,Mar-Jun
2018-12-21,KRW,0,2019-03-20,2019-06-19,0.7549488872287297,1.2464712704456173,1096.9167750114896,0.4915223832168877,91,89,0.17714623698960785,Mar19-Jun19,Mar-Jun
2018-12-24,KRW,0,2019-03-20,2019-06-19,0.6621699867009292,1.074144209921993,1091.3268392427706,0.4119742232210639,91,86,0.14924949995324818,Mar19-Jun19,Mar-Jun
2018-12-25,KRW,0,2019-03-20,2019-06-19,0.21114417335040947,0.1452247158966214,1090.8691718004068,-0.06591945745378808,91,85,-0.02390110676808355,Mar19-Jun19,Mar-Jun
2018-12-26,KRW,0,2019-03-20,2019-06-19,-0.029663291483552123,-0.3569411449660177,1089.7573700010491,-0.3272778534824656,91,84,-0.1188118432012452,Mar19-Jun19,Mar-Jun
2018-12-27,KRW,0,2019-03-20,2019-06-19,0.06224495346573743,-0.16847012695583866,1090.7095578185902,-0.2307150804215761,91,83,-0.08367643875193423,Mar19-Jun19,Mar-Jun
2018-12-28,KRW,0,2019-03-20,2019-06-19,0.36644380416733624,0.4726627768769192,1082.9200183315074,0.10621897270958297,91,82,0.038790009816609454,Mar19-Jun19,Mar-Jun
2018-12-31,KRW,0,2019-03-20,2019-06-19,0.6299180486904498,1.042445678876121,1087.158665765401,0.4125276301856712,91,79,0.15002707900977622,Mar19-Jun19,Mar-Jun
2019-01-01,KRW,0,2019-03-20,2019-06-19,0.6585432208679647,1.4268436452139235,1085.4632937344288,0.7683004243459588,91,78,0.2798424768513547,Mar19-Jun19,Mar-Jun
2019-01-02,KRW,0,2019-03-20,2019-06-19,0.893400517815849,1.9492374934163978,1082.7447475518422,1.055836975600549,91,77,0.3854550057445511,Mar19-Jun19,Mar-Jun
2019-01-03,KRW,0,2019-03-20,2019-06-19,0.7705134253519406,1.6931018688654484,1081.4101793833763,0.9225884435135079,91,76,0.33726349584049475,Mar19-Jun19,Mar-Jun
2019-01-04,KRW,0,2019-03-20,2019-06-19,0.6141366212649961,1.3592890550665246,1082.0605109651904,0.7451524338015285,91,75,0.27227531268451693,Mar19-Jun19,Mar-Jun
2019-01-07,KRW,0,2019-03-20,2019-06-19,0.7275480308268844,1.6470879031219743,1084.0963854641843,0.9195398722950899,91,72,0.33533000534144763,Mar19-Jun19,Mar-Jun
2019-01-08,KRW,0,2019-03-20,2019-06-19,1.0056569948144796,2.2945976501400804,1083.105566961018,1.2889406553256009,91,71,0.4703489620367221,Mar19-Jun19,Mar-Jun
2019-01-09,KRW,0,2019-03-20,2019-06-19,0.9049986778525574,2.081496959060882,1083.8313413237574,1.1764982812083244,91,70,0.4290700645894397,Mar19-Jun19,Mar-Jun
2019-01-10,KRW,0,2019-03-20,2019-06-19,0.813522409396171,1.886428775411411,1081.5499700166242,1.07290636601524,91,69,0.3921478111906661,Mar19-Jun19,Mar-Jun
2019-01-11,KRW,0,2019-03-20,2019-06-19,1.019229153158653,2.3831975787092037,1080.953518883255,1.3639684255505506,91,68,0.498711178809947,Mar19-Jun19,Mar-Jun
2019-01-14,KRW,0,2019-03-20,2019-06-19,0.9421736863730962,2.261216847295431,1080.4368880328782,1.3190431609223348,91,65,0.48254982080300923,Mar19-Jun19,Mar-Jun
2019-01-15,KRW,0,2019-03-20,2019-06-19,0.729330849063138,1.7663481500747873,1087.2040461154536,1.0370173010116492,91,64,0.37708982120081264,Mar19-Jun19,Mar-Jun
2019-01-16,KRW,0,2019-03-20,2019-06-19,0.8163326051874782,1.9954797015693913,1095.7176083811507,1.179147096381913,91,63,0.42540933477468656,Mar19-Jun19,Mar-Jun
2019-01-17,KRW,0,2019-03-20,2019-06-19,0.8414932523539567,2.0765881872605707,1105.256762607025,1.235094934906614,91,62,0.4417410321817918,Mar19-Jun19,Mar-Jun
2019-01-18,KRW,0,2019-03-20,2019-06-19,0.7166289583272456,1.7856983879629726,1102.200575590743,1.069069429635727,91,61,0.3834635671887773,Mar19-Jun19,Mar-Jun
2019-01-21,KRW,0,2019-03-20,2019-06-19,0.423254618562163,1.0873265200993496,1099.5173448170412,0.6640719015371865,91,58,0.23883995497599497,Mar19-Jun19,Mar-Jun
2019-01-22,KRW,0,2019-03-20,2019-06-19,0.4737478235379108,1.2300820681335227,1100.4458683264247,0.7563342445956119,91,57,0.27178110673916295,Mar19-Jun19,Mar-Jun
2019-01-23,KRW,0,2019-03-20,2019-06-19,0.44599677289746154,1.1707415288558365,1092.8893653081564,0.724744755958375,91,56,0.26223629189367703,Mar19-Jun19,Mar-Jun
2019-01-24,KRW,0,2019-03-20,2019-06-19,0.6667050833841952,1.7697989486198638,1095.6201697419442,1.1030938652356685,91,55,0.398060755694979,Mar19-Jun19,Mar-Jun
2019-01-25,KRW,0,2019-03-20,2019-06-19,0.6045181780373556,1.6232432558410477,1100.8502884617726,1.018725077803692,91,54,0.3658907440070348,Mar19-Jun19,Mar-Jun
2019-01-28,KRW,0,2019-03-20,2019-06-19,0.6811323406191852,1.8964861248612603,1096.0595735417778,1.2153537842420752,91,51,0.4383892169606362,Mar19-Jun19,Mar-Jun
2019-01-29,KRW,0,2019-03-20,2019-06-19,0.8541309961129722,2.4086494090385817,1096.4729231202882,1.5545184129256095,91,50,0.5604293769067564,Mar19-Jun19,Mar-Jun
2019-01-30,KRW,0,2019-03-20,2019-06-19,0.8338260075715855,2.3823600216331013,1088.9495064737634,1.5485340140615158,91,49,0.5621363847718377,Mar19-Jun19,Mar-Jun
2019-01-31,KRW,0,2019-03-20,2019-06-19,0.875184488057748,2.5343884133338954,1084.3418224937216,1.6592039252761475,91,48,0.6048452630399962,Mar19-Jun19,Mar-Jun
2019-02-01,KRW,0,2019-03-20,2019-06-19,0.9447182696669777,2.773853642851977,1093.0114828615879,1.8291353731849993,91,47,0.6614652332873361,Mar19-Jun19,Mar-Jun
2019-02-04,KRW,0,2019-03-20,2019-06-19,0.9669369941921009,2.9667385049075823,1088.9658127913933,1.9998015107154814,91,44,0.7258523685346393,Mar19-Jun19,Mar-Jun
2019-02-05,KRW,0,2019-03-20,2019-06-19,1.0450230986268398,3.256583609674338,1091.0979404814536,2.211560511047498,91,43,0.801088400045665,Mar19-Jun19,Mar-Jun
2019-02-06,KRW,0,2019-03-20,2019-06-19,0.8457184019396573,2.6781082728089145,1091.1912627885042,1.8323898708692572,91,42,0.6638067207088717,Mar19-Jun19,Mar-Jun
2019-02-07,KRW,0,2019-03-20,2019-06-19,1.0337466111796636,3.3281598213589167,1099.2121095831942,2.294413210179253,91,41,0.8249792045745549,Mar19-Jun19,Mar-Jun
2019-02-08,KRW,0,2019-03-20,2019-06-19,0.9958437438185683,3.2613882610058114,1095.1324158174414,2.265544517187243,91,40,0.8176592124314008,Mar19-Jun19,Mar-Jun
2019-02-11,KRW,0,2019-03-20,2019-06-19,1.111410031494963,3.844877946793386,1098.9667302553034,2.733467915298423,91,37,0.9829955554372919,Mar19-Jun19,Mar-Jun
2019-02-12,KRW,0,2019-03-20,2019-06-19,1.0205215072534604,3.6001730950330404,1096.9413358464221,2.57965158777958,91,36,0.9294689978695456,Mar19-Jun19,Mar-Jun
2019-02-13,KRW,0,2019-03-20,2019-06-19,0.8504123963128,3.06148462672608,1095.697504234768,2.21107223041328,91,35,0.7976941819721152,Mar19-Jun19,Mar-Jun
2019-02-14,KRW,0,2019-03-20,2019-06-19,0.7851862933345346,2.886714313729907,1094.4620764689903,2.1015280203953726,91,34,0.7590740014792965,Mar19-Jun19,Mar-Jun
2019-02-15,KRW,0,2019-03-20,2019-06-19,0.7665528988791166,2.88038058972759,1102.1222456186647,2.113827690848473,91,33,0.7582265112983185,Mar19-Jun19,Mar-Jun
2019-02-18,KRW,0,2019-03-20,2019-06-19,0.7782637036970738,3.138996938244864,1094.237150396953,2.3607332345477903,91,30,0.8528797242580771,Mar19-Jun19,Mar-Jun
2019-02-19,KRW,0,2019-03-20,2019-06-19,0.6260183675340402,2.5904208311753387,1094.3951374068306,1.9644024636412984,91,29,0.7096906258428022,Mar19-Jun19,Mar-Jun
2019-02-20,KRW,0,2019-03-20,2019-06-19,0.5678727897536333,2.4134593564529414,1092.169906343659,1.845586566699308,91,28,0.6681586124290915,Mar19-Jun19,Mar-Jun
2019-02-21,KRW,0,2019-03-20,2019-06-19,0.5370864851010859,2.3472668608121534,1093.5256388975188,1.8101803757110675,91,27,0.6545468526200375,Mar19-Jun19,Mar-Jun
2019-02-22,KRW,0,2019-03-20,2019-06-19,0.4329665057949962,1.9483492760774828,1088.8910156915356,1.5153827702824865,91,26,0.5503340555650578,Mar19-Jun19,Mar-Jun
2019-02-25,KRW,0,2019-03-20,2019-06-19,0.3652351592197208,1.8102960065673117,1084.0707840226796,1.445060847347591,91,23,0.5271610431731928,Mar19-Jun19,Mar-Jun
2019-02-26,KRW,0,2019-03-20,2019-06-19,0.34270768906600935,1.7602713120208662,1085.210413199577,1.417563622954857,91,22,0.5165978426102376,Mar19-Jun19,Mar-Jun
2019-02-27,KRW,0,2019-03-20,2019-06-19,0.2860954060118575,1.5258421653965732,1081.4922606385,1.2397467593847158,91,21,0.4533731560707759,Mar19-Jun19,Mar-Jun
2019-02-28,KRW,0,2019-03-20,2019-06-19,0.30405368124655063,1.687497930918356,1081.5789299937812,1.3834442496718053,91,20,0.5058741421227227,Mar19-Jun19,Mar-Jun
2019-03-01,KRW,0,2019-03-20,2019-06-19,0.31660560248853664,1.8329798038810017,1078.3754477172324,1.516374201392465,91,19,0.5561219234032474,Mar19-Jun19,Mar-Jun
2019-03-04,KRW,0,2019-03-20,2019-06-19,0.29665922405920186,1.9839085608959126,1075.3951082968283,1.6872493368367107,91,16,0.6205153504815191,Mar19-Jun19,Mar-Jun
2019-03-05,KRW,0,2019-03-20,2019-06-19,0.26921800634766985,1.9024739115235338,1068.523159477648,1.633255905175864,91,15,0.6045357628348392,Mar19-Jun19,Mar-Jun
2019-03-06,KRW,0,2019-03-20,2019-06-19,0.25223441424027376,1.8917581068020535,1071.29326454404,1.6395236925617798,91,14,0.6052965367363855,Mar19-Jun19,Mar-Jun
2019-03-07,KRW,0,2019-03-20,2019-06-19,0.2633021518924572,2.106417215139657,1079.5138631131215,1.8431150632472,91,13,0.6752730508486648,Mar19-Jun19,Mar-Jun
2019-03-08,KRW,0,2019-03-20,2019-06-19,0.2215386720107983,1.9015402680926854,1088.3601559601705,1.680001596081887,91,12,0.6105338894724991,Mar19-Jun19,Mar-Jun
2019-03-11,KRW,0,2019-03-20,2019-06-19,0.14161056789749307,1.5734507544165899,1091.7019936350434,1.4318401865190968,91,9,0.5187943304421194,Mar19-Jun19,Mar-Jun
2019-03-12,KRW,0,2019-03-20,2019-06-19,0.12490131742071241,1.545653803081316,1090.010346724984,1.4207524856606037,91,8,0.5155836667078582,Mar19-Jun19,Mar-Jun
2019-03-13,KRW,0,2019-03-20,2019-06-19,0.07529683799187525,1.0541557318862536,1085.042568778149,0.9788588938943783,91,7,0.35686527092727316,Mar19-Jun19,Mar-Jun
2019-03-14,KRW,0,2019-03-20,2019-06-19,0.09705388993943763,1.3448896177322072,1078.4232183595275,1.2478357277927696,91,6,0.4577098007415704,Mar19-Jun19,Mar-Jun
2019-03-15,KRW,0,2019-03-20,2019-06-19,0.13172970340936663,1.806578789614171,1081.094338466984,1.6748490862048042,91,5,0.6128021511707038,Mar19-Jun19,Mar-Jun
2019-03-18,KRW,0,2019-03-20,2019-06-19,0.12319642778227702,1.6367525405359662,1082.7096384713357,1.5135561127536892,91,2,0.5529657320144776,Mar19-Jun19,Mar-Jun
2019-03-19,KRW,0,2019-03-20,2019-06-19,0.14488910379144815,1.9042567926876042,1080.6601428704091,1.759367688896156,91,1,0.6439770084529979,Mar19-Jun19,Mar-Jun
2019-03-20,KRW,0,2019-06-19,2019-09-18,2.0856433193428994,4.171286638685799,1074.620073049032,2.0856433193428994,91,91,0.7663093566345709,Jun19-Sep19,Jun-Sep
2019-03-21,KRW,0,2019-06-19,2019-09-18,2.0793775934163174,4.1818593823150385,1073.3084858564525,2.102481788898721,91,90,0.7734428345678461,Jun19-Sep19,Jun-Sep
2019-03-22,KRW,0,2019-06-19,2019-09-18,2.0972259894943863,4.241580652909995,1076.3842870618412,2.144354663415609,91,89,0.7865838406278629,Jun19-Sep19,Jun-Sep
2019-03-25,KRW,0,2019-06-19,2019-09-18,1.9905225975899916,4.096773253179401,1071.3025240278992,2.106250655589409,91,86,0.7763415781138794,Jun19-Sep19,Jun-Sep
2019-03-26,KRW,0,2019-06-19,2019-09-18,1.92981332360422,3.995848764168738,1072.8952702166373,2.066035440564518,91,85,0.7604332223710916,Jun19-Sep19,Jun-Sep
2019-03-27,KRW,0,2019-06-19,2019-09-18,1.4399416133034533,2.999878361048861,1072.1774570193256,1.5599367477454076,91,84,0.5748023784439252,Jun19-Sep19,Jun-Sep
2019-03-28,KRW,0,2019-06-19,2019-09-18,1.4993008170860191,3.1431125563008115,1070.5075020157428,1.6438117392147924,91,83,0.6066184914694941,Jun19-Sep19,Jun-Sep
2019-03-29,KRW,0,2019-06-19,2019-09-18,1.4406724885964126,3.0394675674046265,1068.3209173019013,1.598795078808214,91,82,0.5912442238378499,Jun19-Sep19,Jun-Sep
2019-04-01,KRW,0,2019-06-19,2019-09-18,1.1246148296829432,2.42005722843165,1069.1980645645483,1.2954423987487067,91,79,0.47881140618953033,Jun19-Sep19,Jun-Sep
2019-04-02,KRW,0,2019-06-19,2019-09-18,1.0939611435949324,2.370249144455687,1068.4867591739217,1.2762880008607544,91,78,0.4720589419822314,Jun19-Sep19,Jun-Sep
2019-04-03,KRW,0,2019-06-19,2019-09-18,0.942687116510283,2.0567718905678904,1066.1641386068677,1.1140847740576074,91,77,0.41302034910550844,Jun19-Sep19,Jun-Sep
2019-04-04,KRW,0,2019-06-19,2019-09-18,0.906970872482834,1.9929491540083326,1061.8689431735081,1.0859782815254986,91,76,0.4042411725975436,Jun19-Sep19,Jun-Sep
2019-04-05,KRW,0,2019-06-19,2019-09-18,0.5917048011326982,1.3096399598403718,1061.0875020410915,0.7179351587076737,91,75,0.2675180061107848,Jun19-Sep19,Jun-Sep
2019-04-08,KRW,0,2019-06-19,2019-09-18,0.34560056546131673,0.7824012801415919,1056.087893167053,0.4368007146802752,91,72,0.1635694852121045,Jun19-Sep19,Jun-Sep
2019-04-09,KRW,0,2019-06-19,2019-09-18,0.5555492260958388,1.2675911919369842,1059.627560176809,0.7120419658411454,91,71,0.2656964905809906,Jun19-Sep19,Jun-Sep
2019-04-10,KRW,0,2019-06-19,2019-09-18,0.6370446182110927,1.465202621885513,1052.3126138444231,0.8281580036744203,91,70,0.31114777793543097,Jun19-Sep19,Jun-Sep
2019-04-11,KRW,0,2019-06-19,2019-09-18,0.4773714990853773,1.1069484036762371,1049.7396704831826,0.6295769045908599,91,69,0.2371542080073416,Jun19-Sep19,Jun-Sep
2019-04-12,KRW,0,2019-06-19,2019-09-18,0.5293680068000636,1.2377869570766191,1043.738782646609,0.7084189502765555,91,68,0.26837326263713185,Jun19-Sep19,Jun-Sep
2019-04-15,KRW,0,2019-06-19,2019-09-18,0.6287347126473903,1.5089633103537368,1041.991744039075,0.8802285977063464,91,65,0.3339875913489096,Jun19-Sep19,Jun-Sep
2019-04-16,KRW,0,2019-06-19,2019-09-18,0.595493924531465,1.4422118484746418,1043.1084097982714,0.8467179239431768,91,64,0.32093904349139357,Jun19-Sep19,Jun-Sep
2019-04-17,KRW,0,2019-06-19,2019-09-18,0.43209868107318017,1.0562412204011071,1044.6814967933794,0.624142539327927,91,63,0.23625521006610883,Jun19-Sep19,Jun-Sep
2019-04-18,KRW,0,2019-06-19,2019-09-18,0.31406905835876314,0.7750413859498511,1044.957448209837,0.4609723275910879,91,62,0.17446441047551553,Jun19-Sep19,Jun-Sep
2019-04-19,KRW,0,2019-06-19,2019-09-18,0.3579528090675695,0.891947983250337,1052.4142185913158,0.5339951741827675,91,61,0.2006614953139901,Jun19-Sep19,Jun-Sep
2019-04-22,KRW,0,2019-06-19,2019-09-18,0.30479223915015385,0.7830007522995333,1055.3545740125621,0.4782085131493794,91,58,0.17920685011211576,Jun19-Sep19,Jun-Sep
2019-04-23,KRW,0,2019-06-19,2019-09-18,0.4739574322232062,1.2306263152462196,1052.8949061915343,0.7566688830230134,91,57,0.28417541706255306,Jun19-Sep19,Jun-Sep
2019-04-24,KRW,0,2019-06-19,2019-09-18,0.46665063537315676,1.2249579178545364,1052.8469136246158,0.7583072824813797,91,56,0.284805687828768,Jun19-Sep19,Jun-Sep
2019-04-25,KRW,0,2019-06-19,2019-09-18,0.3039735163903096,0.8069115162360946,1056.2378584550006,0.502937999845785,91,55,0.18831671159135455,Jun19-Sep19,Jun-Sep
2019-04-26,KRW,0,2019-06-19,2019-09-18,0.18468819746434312,0.49592201170981015,1057.7377815594427,0.31123381424546703,91,54,0.11638420441582055,Jun19-Sep19,Jun-Sep
2019-04-29,KRW,0,2019-06-19,2019-09-18,-0.005438967484855382,-0.015143791820577731,1058.946823336385,-0.00970482433572235,91,51,-0.003625574769680343,Jun19-Sep19,Jun-Sep
2019-04-30,KRW,0,2019-06-19,2019-09-18,0.024374942544454506,0.06873733797536172,1062.511705475979,0.04436239543090721,91,50,0.016517047237622012,Jun19-Sep19,Jun-Sep
2019-05-01,KRW,0,2019-06-19,2019-09-18,0.08418900883610889,0.24054002524602536,1061.912248254699,0.15635101640991647,91,49,0.05824233225146338,Jun19-Sep19,Jun-Sep
2019-05-02,KRW,0,2019-06-19,2019-09-18,-0.005326464395060256,-0.015424553144028658,1060.6364419051738,-0.010098088748968403,91,48,-0.003766482274685064,Jun19-Sep19,Jun-Sep
2019-05-03,KRW,0,2019-06-19,2019-09-18,0.0432038617948061,0.12685389207836684,1063.033131459398,0.08365003028356074,91,47,0.031128827322230795,Jun19-Sep19,Jun-Sep
2019-05-06,KRW,0,2019-06-19,2019-09-18,0.3019831722880947,0.9265392786111994,1068.8623703806934,0.6245561063231048,91,44,0.23109369494214135,Jun19-Sep19,Jun-Sep
2019-05-07,KRW,0,2019-06-19,2019-09-18,0.306274483307671,0.9544367619355328,1071.5933565981488,0.6481622786278618,91,43,0.23921628392711744,Jun19-Sep19,Jun-Sep
2019-05-08,KRW,0,2019-06-19,2019-09-18,0.23080187551531925,0.730872605798511,1066.2666954467252,0.5000707302831917,91,42,0.18549521167176142,Jun19-Sep19,Jun-Sep
2019-05-09,KRW,0,2019-06-19,2019-09-18,0.17335090271571937,0.5581053453286575,1068.1879297949356,0.3847544426129381,91,41,0.14247104558726467,Jun19-Sep19,Jun-Sep
2019-05-10,KRW,0,2019-06-19,2019-09-18,-0.007677323297602345,-0.02514323379964768,1073.1199578556589,-0.017465910502045334,91,40,-0.006438833189351398,Jun19-Sep19,Jun-Sep
2019-05-13,KRW,0,2019-06-19,2019-09-18,0.07149485206942288,0.2473335422942197,1078.133713437026,0.1758386902247968,91,37,0.06451699382956423,Jun19-Sep19,Jun-Sep
2019-05-14,KRW,0,2019-06-19,2019-09-18,0.148053669601836,0.5223004455398104,1082.0083256251755,0.3742467759379744,91,36,0.1368135626556388,Jun19-Sep19,Jun-Sep
2019-05-15,KRW,0,2019-06-19,2019-09-18,0.15635061940311853,0.5628622298512267,1082.3621828120217,0.40651161044810813,91,35,0.1485589160748144,Jun19-Sep19,Jun-Sep
2019-05-16,KRW,0,2019-06-19,2019-09-18,0.20954076051013457,0.7703704430519653,1082.9339514008698,0.5608296825418307,91,34,0.20483591435906065,Jun19-Sep19,Jun-Sep
2019-05-17,KRW,0,2019-06-19,2019-09-18,0.22165731164859453,0.8328941407401735,1078.6045762339231,0.6112368290915791,91,33,0.22413987426795767,Jun19-Sep19,Jun-Sep
2019-05-20,KRW,0,2019-06-19,2019-09-18,0.19349442669401623,0.7804275209991989,1077.0049792488348,0.5869330943051827,91,30,0.215552953060288,Jun19-Sep19,Jun-Sep
2019-05-21,KRW,0,2019-06-19,2019-09-18,0.1461672542662936,0.6048300176536286,1080.0340956229472,0.458662763387335,91,29,0.16798030063314395,Jun19-Sep19,Jun-Sep
2019-05-22,KRW,0,2019-06-19,2019-09-18,0.20609697562668378,0.875912146413406,1076.6268361322257,0.6698151707867221,91,28,0.24607515024729515,Jun19-Sep19,Jun-Sep
2019-05-23,KRW,0,2019-06-19,2019-09-18,0.0687297041368031,0.30037426252380606,1078.7430940884235,0.23164455838700296,91,27,0.08494493988165308,Jun19-Sep19,Jun-Sep
2019-05-24,KRW,0,2019-06-19,2019-09-18,0.054947180652102176,0.2472623129344598,1079.6788114727697,0.19231513228235764,91,26,0.07046247379259986,Jun19-Sep19,Jun-Sep
2019-05-27,KRW,0,2019-06-19,2019-09-18,-0.020663262310159566,-0.10241790884166045,1072.4994899953458,-0.08175464653150089,91,23,-0.03015677020637583,Jun19-Sep19,Jun-Sep
2019-05-28,KRW,0,2019-06-19,2019-09-18,-0.06664544789625045,-0.3423152551034681,1073.1657165470037,-0.2756698072072177,91,22,-0.10162732445092497,Jun19-Sep19,Jun-Sep
2019-05-29,KRW,0,2019-06-19,2019-09-18,-0.1451189031318033,-0.7739674833696177,1070.2346462127764,-0.6288485802378144,91,21,-0.23248079358103613,Jun19-Sep19,Jun-Sep
2019-05-30,KRW,0,2019-06-19,2019-09-18,-0.10634082942052986,-0.5901916032839407,1073.5999857865045,-0.48385077386341085,91,20,-0.17830892046372177,Jun19-Sep19,Jun-Sep
2019-05-31,KRW,0,2019-06-19,2019-09-18,-0.07903367749658971,-0.4575633960328878,1079.4623769828634,-0.37852971853629813,91,19,-0.1387347891261679,Jun19-Sep19,Jun-Sep
2019-06-03,KRW,0,2019-06-19,2019-09-18,-0.08210581690735176,-0.5490826505679149,1077.892097111385,-0.4669768336605632,91,16,-0.1714013504547698,Jun19-Sep19,Jun-Sep
2019-06-04,KRW,0,2019-06-19,2019-09-18,-0.05432697679195072,-0.38391063599645175,1076.1475483726817,-0.32958365920450106,91,15,-0.12116491555583771,Jun19-Sep19,Jun-Sep
2019-06-05,KRW,0,2019-06-19,2019-09-18,-0.038176188784679294,-0.28632141588509474,1076.728099728442,-0.24814522710041545,91,14,-0.09117512892333123,Jun19-Sep19,Jun-Sep
2019-06-06,KRW,0,2019-06-19,2019-09-18,-0.0021345268200532895,-0.01707621456042632,1071.0718917047118,-0.014941687740373029,91,13,-0.005518779060072702,Jun19-Sep19,Jun-Sep
2019-06-07,KRW,0,2019-06-19,2019-09-18,0.005009676325316544,0.042999721792300334,1070.0402174595004,0.03799004546698379,91,12,0.014045227804266066,Jun19-Sep19,Jun-Sep
2019-06-10,KRW,0,2019-06-19,2019-09-18,-0.021959052113941467,-0.24398946793268297,1073.0103287714282,-0.2220304158187415,91,9,-0.08186128660339051,Jun19-Sep19,Jun-Sep
2019-06-11,KRW,0,2019-06-19,2019-09-18,-0.02264524240014015,-0.28023487470173436,1077.755573591549,-0.2575896323015942,91,8,-0.09455365807256741,Jun19-Sep19,Jun-Sep
2019-06-12,KRW,0,2019-06-19,2019-09-18,-0.01787314546010312,-0.25022403644144364,1075.8242784710428,-0.2323508909813405,91,7,-0.08544198411520497,Jun19-Sep19,Jun-Sep
2019-06-13,KRW,0,2019-06-19,2019-09-18,-0.0130670407046726,-0.18107184976474888,1071.9570138924005,-0.16800480906007628,91,6,-0.06200272051724655,Jun19-Sep19,Jun-Sep
2019-06-14,KRW,0,2019-06-19,2019-09-18,-0.025121929328271606,-0.3445293165020106,1070.0599649699498,-0.31940738717373895,91,5,-0.11808864652990564,Jun19-Sep19,Jun-Sep
2019-06-17,KRW,0,2019-06-19,2019-09-18,-0.02776368881504745,-0.3688604371142018,1067.8677533166049,-0.3410967482991544,91,2,-0.12636666004663197,Jun19-Sep19,Jun-Sep
2019-06-18,KRW,0,2019-06-19,2019-09-18,0.005991436678973424,0.07874459635222214,1068.8647812604129,0.07275315967324872,91,1,0.026926987336565143,Jun19-Sep19,Jun-Sep
2019-06-19,KRW,0,2019-09-18,2019-12-18,0.23771938409259402,0.47543876818518804,1067.0401575953654,0.23771938409259402,91,91,0.0881146656328888,Sep19-Dec19,Sep-Dec
2019-06-20,KRW,0,2019-09-18,2019-12-18,0.49028826346293997,0.9860241742976903,1061.2254525189583,0.4957359108347503,91,90,0.18471545428975733,Sep19-Dec19,Sep-Dec
2019-06-21,KRW,0,2019-09-18,2019-12-18,0.43901894218173115,0.8879034785697933,1063.5727569305172,0.4488845363880622,91,89,0.16689730296296343,Sep19-Dec19,Sep-Dec
2019-06-24,KRW,0,2019-09-18,2019-12-18,0.2121223725448606,0.43657744116791075,1061.4354834885592,0.22445506862305015,91,86,0.0836392521140773,Sep19-Dec19,Sep-Dec
2019-06-25,KRW,0,2019-09-18,2019-12-18,0.10524999687362299,0.21792940529126645,1057.5709098096934,0.11267940841764346,91,85,0.042145668927806454,Sep19-Dec19,Sep-Dec
2019-06-26,KRW,0,2019-09-18,2019-12-18,0.21922202771551585,0.456712557740658,1052.825993491282,0.23749053002514214,91,84,0.08921962343858156,Sep19-Dec19,Sep-Dec
2019-06-27,KRW,0,2019-09-18,2019-12-18,-0.044740072538424734,-0.09379244122513136,1050.0939573199125,-0.04905236868670663,91,83,-0.01848040296449836,Sep19-Dec19,Sep-Dec
2019-06-28,KRW,0,2019-09-18,2019-12-18,0.25621378245823856,0.5405485898204301,1047.741858424376,0.2843348073621915,91,82,0.10733235355952443,Sep19-Dec19,Sep-Dec
2019-07-01,KRW,0,2019-09-18,2019-12-18,0.6536527318455752,1.406594486249972,1046.586692166283,0.7529417544043968,91,79,0.2844304739858271,Sep19-Dec19,Sep-Dec
2019-07-02,KRW,0,2019-09-18,2019-12-18,0.7493667519787417,1.623627962620607,1048.7041924035946,0.8742612106418652,91,78,0.32956349027450144,Sep19-Dec19,Sep-Dec
2019-07-03,KRW,0,2019-09-18,2019-12-18,0.6990047526504873,1.665046239909272,1049.5872104933846,0.9660414872587847,91,77,0.3638724884209064,Sep19-Dec19,Sep-Dec
2019-07-04,KRW,0,2019-09-18,2019-12-18,0.9793097300432834,2.282801384244897,1047.176872145668,1.3034916542016135,91,76,0.491975372518486,Sep19-Dec19,Sep-Dec
2019-07-05,KRW,0,2019-09-18,2019-12-18,0.868051938519572,2.0438683292895954,1050.686045996653,1.1758163907700234,91,75,0.4423530216141095,Sep19-Dec19,Sep-Dec
2019-07-08,KRW,0,2019-09-18,2019-12-18,0.8081422944657873,1.9257575437030672,1049.5983558632595,1.11761524923728,91,72,0.4209165746481204,Sep19-Dec19,Sep-Dec
2019-07-09,KRW,0,2019-09-18,2019-12-18,0.8782186847003502,2.091321158841928,1049.9789334625575,1.2131024741415777,91,71,0.45668307068033565,Sep19-Dec19,Sep-Dec
2019-07-10,KRW,0,2019-09-18,2019-12-18,0.8881465872770979,2.1216936644276014,1052.7535158703488,1.2335470771505035,91,70,0.4631523821556041,Sep19-Dec19,Sep-Dec
2019-07-11,KRW,0,2019-09-18,2019-12-18,0.687465091566805,1.664530011590432,1056.1209019676146,0.977064920023627,91,69,0.3657533278505151,Sep19-Dec19,Sep-Dec
2019-07-12,KRW,0,2019-09-18,2019-12-18,0.7595780795851728,1.8378926670750348,1059.7781614436722,1.078314587489862,91,68,0.40223555914859843,Sep19-Dec19,Sep-Dec
2019-07-15,KRW,0,2019-09-18,2019-12-18,0.8269518332461696,2.0200098676820346,1059.764036736827,1.193058034435865,91,65,0.4450150979223354,Sep19-Dec19,Sep-Dec
2019-07-16,KRW,0,2019-09-18,2019-12-18,0.8421869096530883,2.066088898912051,1056.6990838391043,1.2239019892589629,91,64,0.4578365120417481,Sep19-Dec19,Sep-Dec
2019-07-17,KRW,0,2019-09-18,2019-12-18,0.8697400406299693,2.1436770029060432,1058.7475486337805,1.273936962276074,91,63,0.4756198935087595,Sep19-Dec19,Sep-Dec
2019-07-18,KRW,0,2019-09-18,2019-12-18,1.1077932027601733,2.7425274526198935,1053.565238955256,1.6347342498597202,91,62,0.613183456076771,Sep19-Dec19,Sep-Dec
2019-07-19,KRW,0,2019-09-18,2019-12-18,1.0738278328649977,2.6757677146799943,1059.2896517292345,1.6019398818149966,91,61,0.5976577569435908,Sep19-Dec19,Sep-Dec
2019-07-22,KRW,0,2019-09-18,2019-12-18,1.1546748399045823,2.966319847341082,1061.0796863468283,1.8116450074364998,91,58,0.6747048997887518,Sep19-Dec19,Sep-Dec
2019-07-23,KRW,0,2019-09-18,2019-12-18,0.8539310507986249,2.217224482775377,1053.6924910191428,1.363293431976752,91,57,0.5114282907811665,Sep19-Dec19,Sep-Dec
2019-07-24,KRW,0,2019-09-18,2019-12-18,0.7770000599739944,2.039625157431735,1055.8086226909766,1.2626250974577404,91,56,0.47274922902531763,Sep19-Dec19,Sep-Dec
2019-07-25,KRW,0,2019-09-18,2019-12-18,0.727695939706698,1.9317019490395984,1058.265188880996,1.2040060093329004,91,55,0.44977645879722616,Sep19-Dec19,Sep-Dec
2019-07-26,KRW,0,2019-09-18,2019-12-18,0.6409556120066513,1.7210845137215636,1057.9255598844238,1.0801289017149123,91,54,0.40366262779189843,Sep19-Dec19,Sep-Dec
2019-07-29,KRW,0,2019-09-18,2019-12-18,0.5273779057646588,1.4683855415408145,1058.5955495867936,0.9410076357761556,91,51,0.3514858826553871,Sep19-Dec19,Sep-Dec
2019-07-30,KRW,0,2019-09-18,2019-12-18,0.608977332410995,1.7173160773990062,1055.6803193984024,1.108338744988011,91,50,0.4150980992545834,Sep19-Dec19,Sep-Dec
2019-07-31,KRW,0,2019-09-18,2019-12-18,0.5259724112418767,1.5027783178339331,1054.958916115965,0.9768059065920565,91,49,0.3661148676788321,Sep19-Dec19,Sep-Dec
2019-08-01,KRW,0,2019-09-18,2019-12-18,0.45649471800546354,1.3219326208908215,1062.7279001077954,0.865437902885358,91,48,0.3220241382118438,Sep19-Dec19,Sep-Dec
2019-08-02,KRW,0,2019-09-18,2019-12-18,0.38841000840549916,1.2818482964719993,1060.5779958869803,0.8934382880665002,91,47,0.3331378939015619,Sep19-Dec19,Sep-Dec
2019-08-05,KRW,0,2019-09-18,2019-12-18,0.3097874436918465,1.0659511944180786,1065.8491586005975,0.7561637507262321,91,44,0.2805788993225781,Sep19-Dec19,Sep-Dec
2019-08-06,KRW,0,2019-09-18,2019-12-18,0.32505434278274936,1.1194033539285504,1064.4330897765697,0.794349011145801,91,43,0.29513553118976565,Sep19-Dec19,Sep-Dec
2019-08-07,KRW,0,2019-09-18,2019-12-18,0.377543184865779,1.2939575308122373,1073.4994044065859,0.9164143459464583,91,42,0.3375969139337173,Sep19-Dec19,Sep-Dec
2019-08-08,KRW,0,2019-09-18,2019-12-18,0.37811551346353717,1.3070531846935431,1076.4681351946415,0.9289376712300059,91,41,0.34126675534170864,Sep19-Dec19,Sep-Dec
2019-08-09,KRW,0,2019-09-18,2019-12-18,0.4076758197714263,1.4160433564201127,1078.7339555825522,1.0083675366486864,91,40,0.369659197898392,Sep19-Dec19,Sep-Dec
2019-08-12,KRW,0,2019-09-18,2019-12-18,0.31434654483956326,1.1415479750790893,1081.5769397093013,0.8272014302395261,91,37,0.30247449629247486,Sep19-Dec19,Sep-Dec
2019-08-13,KRW,0,2019-09-18,2019-12-18,0.3327852094954561,1.2189450994071658,1078.8679818233652,0.8861598899117097,91,36,0.32484108459375816,Sep19-Dec19,Sep-Dec
2019-08-14,KRW,0,2019-09-18,2019-12-18,0.2781813109941576,1.0376901492620614,1087.1228904928175,0.7595088382679038,91,35,0.27631482321489825,Sep19-Dec19,Sep-Dec
2019-08-15,KRW,0,2019-09-18,2019-12-18,0.25713788807436805,0.972678857496995,1092.7589948256782,0.7155409694226269,91,34,0.25898167855563536,Sep19-Dec19,Sep-Dec
2019-08-16,KRW,0,2019-09-18,2019-12-18,0.14608972820222169,0.5671317597508813,1091.312317642899,0.4210420315486596,91,33,0.15260872726802394,Sep19-Dec19,Sep-Dec
2019-08-19,KRW,0,2019-09-18,2019-12-18,0.13946303030232815,0.5625008888860569,1098.9919020189793,0.4230378585837287,91,30,0.15226172383430048,Sep19-Dec19,Sep-Dec
2019-08-20,KRW,0,2019-09-18,2019-12-18,0.13761694361604523,0.5694494218594975,1099.5383958914906,0.4318324782434523,91,29,0.15535014364588495,Sep19-Dec19,Sep-Dec
2019-08-21,KRW,0,2019-09-18,2019-12-18,0.01663100972781764,0.07068179134322497,1100.962580372678,0.05405078161540733,91,28,0.019421553624145847,Sep19-Dec19,Sep-Dec
2019-08-22,KRW,0,2019-09-18,2019-12-18,-0.021444752485543356,-0.09372151086274504,1096.0795245388306,-0.07227675837720168,91,27,-0.02608712425124547,Sep19-Dec19,Sep-Dec
2019-08-23,KRW,0,2019-09-18,2019-12-18,-0.07563442498242702,-0.34035491242092164,1091.112204104481,-0.26472048743849463,91,26,-0.09598632286727776,Sep19-Dec19,Sep-Dec
2019-08-26,KRW,0,2019-09-18,2019-12-18,-0.061963775849049385,-0.3071248020344187,1085.9333724335024,-0.24516102618536934,91,23,-0.08931700274684694,Sep19-Dec19,Sep-Dec
2019-08-27,KRW,0,2019-09-18,2019-12-18,-0.0010334921743520309,-0.005308391622808159,1082.5110491583498,-0.0042748994484561285,91,22,-0.0015622663883431373,Sep19-Dec19,Sep-Dec
2019-08-28,KRW,0,2019-09-18,2019-12-18,0.03954267239186811,0.21089425275662993,1084.2003663324429,0.17135158036476184,91,21,0.0625207002832709,Sep19-Dec19,Sep-Dec
2019-08-29,KRW,0,2019-09-18,2019-12-18,0.05062991693074463,0.28099603896563274,1084.649733806339,0.2303661220348881,91,20,0.0840175347250271,Sep19-Dec19,Sep-Dec
2019-08-30,KRW,0,2019-09-18,2019-12-18,0.00747471229534455,0.04327465013094213,1079.257811428854,0.03579993783559758,91,19,0.013122457427321016,Sep19-Dec19,Sep-Dec
2019-09-02,KRW,0,2019-09-18,2019-12-18,0.0055569238054935695,0.17673563346324542,1081.6962177335556,0.17117870965775184,91,16,0.06260417756637887,Sep19-Dec19,Sep-Dec
2019-09-03,KRW,0,2019-09-18,2019-12-18,0.01686731713426691,0.24954044254062585,1077.5164742789327,0.23267312540635893,91,15,0.08542335313115275,Sep19-Dec19,Sep-Dec
2019-09-04,KRW,0,2019-09-18,2019-12-18,0.023241085073884855,0.29582287085350323,1076.2733476515348,0.2725817857796184,91,14,0.10019036922038382,Sep19-Dec19,Sep-Dec
2019-09-05,KRW,0,2019-09-18,2019-12-18,-0.014175959547031235,-0.0010114917707702703,1072.0866839291903,0.013164467776260964,91,13,0.004857806985417187,Sep19-Dec19,Sep-Dec
2019-09-06,KRW,0,2019-09-18,2019-12-18,0.01819016778496547,0.26022818033009176,1075.657704038872,0.2420380125451263,91,12,0.089015011103155,Sep19-Dec19,Sep-Dec
2019-09-09,KRW,0,2019-09-18,2019-12-18,0.04805748329690864,0.6122594066903595,1078.6259874663454,0.5642019233934509,91,9,0.20692141611074813,Sep19-Dec19,Sep-Dec
2019-09-10,KRW,0,2019-09-18,2019-12-18,0.06663736397713409,0.8936624883320547,1069.889191282817,0.8270251243549207,91,8,0.30578344050315254,Sep19-Dec19,Sep-Dec
2019-09-11,KRW,0,2019-09-18,2019-12-18,0.05392093610043335,0.815247101759712,1069.1279354074297,0.7613261656592787,91,7,0.2816957431857718,Sep19-Dec19,Sep-Dec
2019-09-12,KRW,0,2019-09-18,2019-12-18,0.06197375908706917,0.9106855720222343,1072.7310051436045,0.8487118129351652,91,6,0.31297196234625346,Sep19-Dec19,Sep-Dec
2019-09-13,KRW,0,2019-09-18,2019-12-18,0.07133813499652666,1.0215589749053782,1071.543749120425,0.9502208399088515,91,5,0.3507897056821748,Sep19-Dec19,Sep-Dec
2019-09-16,KRW,0,2019-09-18,2019-12-18,0.07263657227679528,0.9823266253560597,1072.4685223611937,0.9096900530792644,91,2,0.3355371312683191,Sep19-Dec19,Sep-Dec
2019-09-17,KRW,0,2019-09-18,2019-12-18,0.07230757815874288,0.9589394461602878,1067.7982331701603,0.8866318680015449,91,1,0.32846253443662077,Sep19-Dec19,Sep-Dec
2019-09-18,KRW,0,2019-12-18,2020-03-18,0.735448297276209,1.7364383277197164,1062.166932669193,1.0009900304435075,91,91,0.3725610771890124,Dec19-Mar20,Dec-Mar
2019-09-19,KRW,0,2019-12-18,2020-03-18,0.5611234776936231,1.3930348571195674,1058.2127856984557,0.8319113794259443,91,90,0.3108385988754945,Dec19-Mar20,Dec-Mar
2019-09-20,KRW,0,2019-12-18,2020-03-18,0.48018827197807545,1.2340403415684105,1051.4921997094368,0.753852069590335,91,89,0.2834933651992137,Dec19-Mar20,Dec-Mar
2019-09-23,KRW,0,2019-12-18,2020-03-18,0.4568026259682021,1.2046228944385318,1057.837401178697,0.7478202684703297,91,86,0.27954512484837835,Dec19-Mar20,Dec-Mar
2019-09-24,KRW,0,2019-12-18,2020-03-18,0.4369025591222365,1.1679270736523955,1053.1270990559995,0.7310245145301589,91,85,0.2744935388826707,Dec19-Mar20,Dec-Mar
2019-09-25,KRW,0,2019-12-18,2020-03-18,0.4677987310453805,1.237481450106186,1051.6030417132388,0.7696827190608054,91,84,0.28941954778685935,Dec19-Mar20,Dec-Mar
2019-09-26,KRW,0,2019-12-18,2020-03-18,0.5138591093852609,1.3405091788949348,1053.049485072009,0.8266500695096739,91,83,0.3104003218514149,Dec19-Mar20,Dec-Mar
2019-09-27,KRW,0,2019-12-18,2020-03-18,0.6665991809336828,1.6674640127314995,1044.4093045100403,1.0008648317978168,91,82,0.3788686787884612,Dec19-Mar20,Dec-Mar
2019-09-30,KRW,0,2019-12-18,2020-03-18,0.7475491203737304,1.8689744844840763,1041.2979144662197,1.1214253641103458,91,79,0.42574035287992046,Dec19-Mar20,Dec-Mar
2019-10-01,KRW,0,2019-12-18,2020-03-18,0.8448557519373239,2.090396016657501,1039.5008831731966,1.245540264720177,91,78,0.47363216399063407,Dec19-Mar20,Dec-Mar
2019-10-02,KRW,0,2019-12-18,2020-03-18,1.123304409486503,2.4084953673640253,1035.237303715114,1.2851909578775222,91,77,0.49058907502032734,Dec19-Mar20,Dec-Mar
2019-10-03,KRW,0,2019-12-18,2020-03-18,1.055421442772253,2.2934362481997916,1042.2539092171069,1.2380148054275386,91,76,0.46943325862973134,Dec19-Mar20,Dec-Mar
2019-10-04,KRW,0,2019-12-18,2020-03-18,1.0851375682561033,2.393228172290975,1039.0109330108294,1.3080906040348717,91,75,0.4975371097372153,Dec19-Mar20,Dec-Mar
2019-10-07,KRW,0,2019-12-18,2020-03-18,0.9887568896492632,2.282793096094651,1044.2713589051696,1.294036206445388,91,72,0.4897598249519784,Dec19-Mar20,Dec-Mar
2019-10-08,KRW,0,2019-12-18,2020-03-18,0.9228734322161276,2.168104224282228,1042.3303305942372,1.2452307920661003,91,71,0.4721948353304979,Dec19-Mar20,Dec-Mar
2019-10-09,KRW,0,2019-12-18,2020-03-18,0.8629563184395224,2.0653634038455824,1039.5338249636252,1.20240708540606,91,70,0.45720780460925936,Dec19-Mar20,Dec-Mar
2019-10-10,KRW,0,2019-12-18,2020-03-18,0.6062833832709169,1.5049066350294928,1037.9569357501198,0.8986232517585759,91,69,0.3422991512107223,Dec19-Mar20,Dec-Mar
2019-10-11,KRW,0,2019-12-18,2020-03-18,0.8264324974605519,2.0503643512612957,1038.4477397463208,1.2239318538007438,91,68,0.4658951739737104,Dec19-Mar20,Dec-Mar
2019-10-14,KRW,0,2019-12-18,2020-03-18,0.5637766765866925,1.5297134112886415,1039.1140440034076,0.965936734701949,91,65,0.3675454169772808,Dec19-Mar20,Dec-Mar
2019-10-15,KRW,0,2019-12-18,2020-03-18,0.49794206465864777,1.4032588548747182,1041.4471496817778,0.9053167902160705,91,64,0.34372953475279533,Dec19-Mar20,Dec-Mar
2019-10-16,KRW,0,2019-12-18,2020-03-18,0.44939231520174555,1.318199897273018,1049.8237916913768,0.8688075820712724,91,63,0.3272520936796752,Dec19-Mar20,Dec-Mar
2019-10-17,KRW,0,2019-12-18,2020-03-18,0.2730203663406815,0.914037670493416,1047.326504075045,0.6410173041527345,91,62,0.24206698959363038,Dec19-Mar20,Dec-Mar
2019-10-18,KRW,0,2019-12-18,2020-03-18,0.4211513012467961,1.3140253285495544,1058.3965411153977,0.8928740273027583,91,61,0.33360312398617215,Dec19-Mar20,Dec-Mar
2019-10-21,KRW,0,2019-12-18,2020-03-18,0.34229109763563237,1.1440056894979183,1058.6866512531053,0.8017145918622859,91,58,0.29948361548730057,Dec19-Mar20,Dec-Mar
2019-10-22,KRW,0,2019-12-18,2020-03-18,0.32457389006693893,1.106978808264024,1056.902199378415,0.782404918197085,91,57,0.29276862127168246,Dec19-Mar20,Dec-Mar
2019-10-23,KRW,0,2019-12-18,2020-03-18,0.2787805021929317,0.9970304218255193,1060.926414276295,0.7182499196325876,91,56,0.26775483831711455,Dec19-Mar20,Dec-Mar
2019-10-24,KRW,0,2019-12-18,2020-03-18,0.11777170296499262,0.577195894316479,1058.262222146722,0.4594241913514864,91,55,0.17172492923313495,Dec19-Mar20,Dec-Mar
2019-10-25,KRW,0,2019-12-18,2020-03-18,0.07919744006439552,0.4765985119742133,1055.7548768348272,0.39740107190981777,91,54,0.14889992158418286,Dec19-Mar20,Dec-Mar
2019-10-28,KRW,0,2019-12-18,2020-03-18,0.13872298946581757,0.6495200438157888,1053.0868808203243,0.5107970543499711,91,51,0.19186160992640316,Dec19-Mar20,Dec-Mar
2019-10-29,KRW,0,2019-12-18,2020-03-18,0.2807421572253024,1.054348507750419,1050.622497500265,0.7736063505251167,91,50,0.29121812664202806,Dec19-Mar20,Dec-Mar
2019-10-30,KRW,0,2019-12-18,2020-03-18,0.4913845148080522,1.666638397107451,1050.730562052065,1.1752538822993988,91,49,0.44228110277487387,Dec19-Mar20,Dec-Mar
2019-10-31,KRW,0,2019-12-18,2020-03-18,0.632364465504652,2.094494188296673,1053.08836109114,1.462129722792021,91,48,0.5489357201120024,Dec19-Mar20,Dec-Mar
2019-11-01,KRW,0,2019-12-18,2020-03-18,0.7939942022385071,2.1703440371734377,1055.189808839751,1.3763498349349306,91,47,0.5156234811756248,Dec19-Mar20,Dec-Mar
2019-11-04,KRW,0,2019-12-18,2020-03-18,0.6339546563476558,1.8435173394213158,1053.5557858879451,1.2095626830736599,91,44,0.4539109951268807,Dec19-Mar20,Dec-Mar
2019-11-05,KRW,0,2019-12-18,2020-03-18,0.6819877044867182,2.0445043388715343,1052.8375620740603,1.362516634384816,91,43,0.5116350899800307,Dec19-Mar20,Dec-Mar
2019-11-06,KRW,0,2019-12-18,2020-03-18,0.6943164599015567,2.139183198135878,1053.744764642249,1.4448667382343214,91,42,0.5420850222192537,Dec19-Mar20,Dec-Mar
2019-11-07,KRW,0,2019-12-18,2020-03-18,0.6461952286529637,2.0428135259662796,1056.6825225367124,1.3966182973133159,91,41,0.5225511500022639,Dec19-Mar20,Dec-Mar
2019-11-08,KRW,0,2019-12-18,2020-03-18,0.7087290428847406,2.3062243753496947,1053.1667269320444,1.5974953324649541,91,40,0.5996687482355859,Dec19-Mar20,Dec-Mar
2019-11-11,KRW,0,2019-12-18,2020-03-18,0.6916398848605871,2.4505753617156665,1057.8944503754553,1.7589354768550793,91,37,0.6573320891239757,Dec19-Mar20,Dec-Mar
2019-11-12,KRW,0,2019-12-18,2020-03-18,0.5497505528720554,2.0235144253378285,1060.7251075676309,1.4737638724657731,91,36,0.5493651918439382,Dec19-Mar20,Dec-Mar
2019-11-13,KRW,0,2019-12-18,2020-03-18,0.6072754068241046,2.2979579044448912,1066.07988806817,1.6906824976207866,91,35,0.6270267896083963,Dec19-Mar20,Dec-Mar
2019-11-14,KRW,0,2019-12-18,2020-03-18,0.5511455848377138,2.166208252689019,1064.9412064121673,1.6150626678513054,91,34,0.5996531926118956,Dec19-Mar20,Dec-Mar
2019-11-15,KRW,0,2019-12-18,2020-03-18,0.532459548154904,2.1705738622297783,1067.4197109284958,1.6381143140748744,91,33,0.6068110923555909,Dec19-Mar20,Dec-Mar
2019-11-18,KRW,0,2019-12-18,2020-03-18,0.43528016719382956,2.0234601284488534,1071.320483068296,1.5881799612550238,91,30,0.5862258876841009,Dec19-Mar20,Dec-Mar
2019-11-19,KRW,0,2019-12-18,2020-03-18,0.32054587431031345,1.5950337638432714,1074.548170236864,1.274487889532958,91,29,0.4690740401004355,Dec19-Mar20,Dec-Mar
2019-11-20,KRW,0,2019-12-18,2020-03-18,0.3694193006602784,1.8373107248817138,1069.114788302121,1.4678914242214354,91,28,0.542976039817946,Dec19-Mar20,Dec-Mar
2019-11-21,KRW,0,2019-12-18,2020-03-18,0.4076204180327575,2.0486139249375515,1068.6469104368168,1.640993506904794,91,27,0.6072508237449141,Dec19-Mar20,Dec-Mar
2019-11-22,KRW,0,2019-12-18,2020-03-18,0.3205781616303536,1.7088867212571555,1065.1399756822564,1.3883085596268019,91,26,0.5154775244021004,Dec19-Mar20,Dec-Mar
2019-11-25,KRW,0,2019-12-18,2020-03-18,0.30187016674644096,1.76265733590717,1065.7251681340244,1.460787169160729,91,23,0.542100532537646,Dec19-Mar20,Dec-Mar
2019-11-26,KRW,0,2019-12-18,2020-03-18,0.2455000149906807,1.5282884605041085,1069.2444431169954,1.2827884455134277,91,22,0.4745035247264635,Dec19-Mar20,Dec-Mar
2019-11-27,KRW,0,2019-12-18,2020-03-18,0.33818287068246483,2.073899595331398,1081.030473433009,1.7357167246489331,91,21,0.6349889667991071,Dec19-Mar20,Dec-Mar
2019-11-28,KRW,0,2019-12-18,2020-03-18,0.25004854430226287,1.6577507941267358,1079.9254929967067,1.407702249824473,91,20,0.5155580517388112,Dec19-Mar20,Dec-Mar
2019-11-29,KRW,0,2019-12-18,2020-03-18,0.32435857579699723,2.147023114511891,1076.6307027486807,1.8226645387148936,91,19,0.6695303537931059,Dec19-Mar20,Dec-Mar
2019-12-02,KRW,0,2019-12-18,2020-03-18,0.25956134770907147,1.7799377761335993,1075.718420216289,1.5203764284245278,91,16,0.5589961954275926,Dec19-Mar20,Dec-Mar
2019-12-03,KRW,0,2019-12-18,2020-03-18,0.22752626084762997,1.7584205678392384,1078.6984442936368,1.5308943069916083,91,15,0.5613253676157237,Dec19-Mar20,Dec-Mar
2019-12-04,KRW,0,2019-12-18,2020-03-18,0.2544230033011473,2.177388846539046,1076.865287121763,1.9229658432378987,91,14,0.706266660085288,Dec19-Mar20,Dec-Mar
2019-12-05,KRW,0,2019-12-18,2020-03-18,0.19944704084513387,1.8644743283329126,1075.5920062873674,1.6650272874877787,91,13,0.6122860631524928,Dec19-Mar20,Dec-Mar
2019-12-06,KRW,0,2019-12-18,2020-03-18,0.17259326376325584,1.7519990724117789,1082.294233775334,1.579405808648523,91,12,0.5772185019780478,Dec19-Mar20,Dec-Mar
2019-12-09,KRW,0,2019-12-18,2020-03-18,0.13885469789789837,1.8143845803471097,1086.2184148151787,1.6755298824492113,91,9,0.6101556136873859,Dec19-Mar20,Dec-Mar
2019-12-10,KRW,0,2019-12-18,2020-03-18,0.09503601156368797,1.4491108289042356,1092.1607432143885,1.3540748173405477,91,8,0.4904326989203023,Dec19-Mar20,Dec-Mar
2019-12-11,KRW,0,2019-12-18,2020-03-18,0.057398473701845275,1.0764576771849237,1091.5161814363578,1.0190592034830783,91,7,0.3693239811760557,Dec19-Mar20,Dec-Mar
2019-12-12,KRW,0,2019-12-18,2020-03-18,0.058480310930445346,1.0812390313749718,1083.4760339266313,1.0227587204445265,91,6,0.3734148198640733,Dec19-Mar20,Dec-Mar
2019-12-13,KRW,0,2019-12-18,2020-03-18,0.08000070905387908,1.368056172532513,1083.6143648886873,1.288055463478634,91,5,0.4702067476869751,Dec19-Mar20,Dec-Mar
2019-12-16,KRW,0,2019-12-18,2020-03-18,0.060468428106286144,1.0724805686108487,1076.4572379379026,1.0120121405045626,91,2,0.3718995505796969,Dec19-Mar20,Dec-Mar
2019-12-17,KRW,0,2019-12-18,2020-03-18,0.06970593956337981,1.1870165130185597,1083.5252293137005,1.1173105734551798,91,1,0.4079134736918797,Dec19-Mar20,Dec-Mar
2019-12-18,KRW,0,2020-03-18,2020-06-17,1.0205866182936816,1.770908734692596,1081.0580075790692,0.7503221163989144,91,91,0.2743153121763104,Mar20-Jun20,Mar-Jun
2019-12-19,KRW,0,2020-03-18,2020-06-17,1.1248366627117328,1.9895418996915268,1078.5347243334606,0.8647052369797941,91,90,0.3168417203064805,Mar20-Jun20,Mar-Jun
2019-12-20,KRW,0,2020-03-18,2020-06-17,1.4859216036911573,2.7301916079455966,1075.9927717472654,1.2442700042544392,91,89,0.4568430782338283,Mar20-Jun20,Mar-Jun
2019-12-23,KRW,0,2020-03-18,2020-06-17,1.4352641798133308,2.6710740483689515,1069.423809548561,1.2358098685556207,91,86,0.45654169453850935,Mar20-Jun20,Mar-Jun
2019-12-24,KRW,0,2020-03-18,2020-06-17,1.5494171213602133,2.922077568487544,1069.0470346354434,1.3726604471273307,91,85,0.507222404543552,Mar20-Jun20,Mar-Jun
2019-12-25,KRW,0,2020-03-18,2020-06-17,1.6393187441247412,3.1280323829075782,1060.4861563777213,1.488713638782837,91,84,0.554493487910335,Mar20-Jun20,Mar-Jun
2019-12-26,KRW,0,2020-03-18,2020-06-17,1.4987709518867984,2.850151581742211,1064.7720590637075,1.3513806298554127,91,83,0.5013849223443911,Mar20-Jun20,Mar-Jun
2019-12-27,KRW,0,2020-03-18,2020-06-17,1.287338656532679,2.4196484197723396,1068.062292695458,1.1323097632396606,91,82,0.4188964080504233,Mar20-Jun20,Mar-Jun
2019-12-30,KRW,0,2020-03-18,2020-06-17,1.474561696059761,2.862183355763618,1079.692449443233,1.387621659703857,91,79,0.5077376782299522,Mar20-Jun20,Mar-Jun
2019-12-31,KRW,0,2020-03-18,2020-06-17,1.3602222417249927,2.6330576641565617,1076.8818042774456,1.272835422431569,91,78,0.4670002426267344,Mar20-Jun20,Mar-Jun
2020-01-01,KRW,0,2020-03-18,2020-06-17,1.1992586409506432,2.6165643075286757,1071.5153902779812,1.4173056665780326,91,77,0.5226854617659968,Mar20-Jun20,Mar-Jun
2020-01-02,KRW,0,2020-03-18,2020-06-17,1.232807187425922,2.708931582896434,1069.451404534052,1.4761243954705119,91,76,0.5454094614583127,Mar20-Jun20,Mar-Jun
2020-01-03,KRW,0,2020-03-18,2020-06-17,1.269485651688888,2.8097949090714054,1072.1188010611143,1.5403092573825174,91,75,0.5676912263285038,Mar20-Jun20,Mar-Jun
2020-01-06,KRW,0,2020-03-18,2020-06-17,1.0960794945363554,2.481402189019805,1071.286080915818,1.3853226944834494,91,72,0.5110489222036473,Mar20-Jun20,Mar-Jun
2020-01-07,KRW,0,2020-03-18,2020-06-17,1.0663507720111625,2.433082043180399,1072.1388381177437,1.3667312711692365,91,71,0.5038038429946349,Mar20-Jun20,Mar-Jun
2020-01-08,KRW,0,2020-03-18,2020-06-17,1.0449182522661826,2.4033119802122203,1071.3051488106253,1.3583937279460376,91,70,0.5011297581290955,Mar20-Jun20,Mar-Jun
2020-01-09,KRW,0,2020-03-18,2020-06-17,1.1518427168635277,2.6709396333067312,1077.2748523253192,1.5190969164432035,91,69,0.5572575495922016,Mar20-Jun20,Mar-Jun
2020-01-10,KRW,0,2020-03-18,2020-06-17,1.0806652259120813,2.5268495723532487,1085.1184563678048,1.4461843464411674,91,68,0.5267145525463044,Mar20-Jun20,Mar-Jun
2020-01-13,KRW,0,2020-03-18,2020-06-17,1.182954861923,2.8390916686152,1094.3838126177775,1.6561368066922,91,65,0.5980237990942908,Mar20-Jun20,Mar-Jun
2020-01-14,KRW,0,2020-03-18,2020-06-17,1.2077656154926129,2.925057350021172,1093.1560860876139,1.717291734528559,91,64,0.6207881936682442,Mar20-Jun20,Mar-Jun
2020-01-15,KRW,0,2020-03-18,2020-06-17,1.1506492682739131,2.812698211336232,1096.3884488001027,1.662048943062319,91,63,0.5990801318534887,Mar20-Jun20,Mar-Jun
2020-01-16,KRW,0,2020-03-18,2020-06-17,1.2000532389402618,2.9614217025461302,1093.4658765179956,1.7613684636058684,91,62,0.636545897282282,Mar20-Jun20,Mar-Jun
2020-01-17,KRW,0,2020-03-18,2020-06-17,1.1793718375789521,2.9387626116721437,1093.3617469656256,1.7593907740931916,91,61,0.6359036785920104,Mar20-Jun20,Mar-Jun
2020-01-20,KRW,0,2020-03-18,2020-06-17,1.2607113004052835,3.2387238579377113,1098.9762674158512,1.9780125575324279,91,58,0.7112199257595707,Mar20-Jun20,Mar-Jun
2020-01-21,KRW,0,2020-03-18,2020-06-17,1.0526451986583119,2.7331840245864942,1098.8807536394559,1.6805388259281824,91,57,0.6044261836428773,Mar20-Jun20,Mar-Jun
2020-01-22,KRW,0,2020-03-18,2020-06-17,1.122633922552403,2.9469140467000567,1105.948689291611,1.8242801241476538,91,56,0.6518940747478547,Mar20-Jun20,Mar-Jun
2020-01-23,KRW,0,2020-03-18,2020-06-17,1.1660076851371084,3.095220400545779,1107.6807442727388,1.9292127154086707,91,55,0.6882872037312247,Mar20-Jun20,Mar-Jun
2020-01-24,KRW,0,2020-03-18,2020-06-17,1.1960773094541297,3.211689071682385,1110.4066561231716,2.0156117622282554,91,54,0.7173289962207652,Mar20-Jun20,Mar-Jun
2020-01-27,KRW,0,2020-03-18,2020-06-17,1.0021783130986681,2.790378832549233,1112.1773715783065,1.788200519450565,91,51,0.6354949529801492,Mar20-Jun20,Mar-Jun
2020-01-28,KRW,0,2020-03-18,2020-06-17,0.7343765582610824,2.070941894296252,1106.975245172327,1.3365653360351697,91,50,0.4773373017396841,Mar20-Jun20,Mar-Jun
2020-01-29,KRW,0,2020-03-18,2020-06-17,0.8618981850781433,2.4625662430804094,1112.5611632663865,1.600668058002266,91,49,0.5687248105169384,Mar20-Jun20,Mar-Jun
2020-01-30,KRW,0,2020-03-18,2020-06-17,0.8253205908922221,2.3899908777920595,1106.7841084839902,1.5646702868998374,91,48,0.5588526306480995,Mar20-Jun20,Mar-Jun
2020-01-31,KRW,0,2020-03-18,2020-06-17,0.8492771971054456,2.4936224085223726,1107.3322437694758,1.644345211416927,91,47,0.5870068948272786,Mar20-Jun20,Mar-Jun
2020-02-03,KRW,0,2020-03-18,2020-06-17,0.710938259513723,2.1812878416898323,1103.2771179235406,1.4703495821761092,91,44,0.5268868213983229,Mar20-Jun20,Mar-Jun
2020-02-04,KRW,0,2020-03-18,2020-06-17,0.6511867924354563,2.029279771775608,1100.2791141114008,1.3780929793401517,91,43,0.4951990509580167,Mar20-Jun20,Mar-Jun
2020-02-05,KRW,0,2020-03-18,2020-06-17,0.41618775565016974,1.317927892892204,1094.3273642996821,0.9017401372420343,91,42,0.3258592949153538,Mar20-Jun20,Mar-Jun
2020-02-06,KRW,0,2020-03-18,2020-06-17,0.46877716938446534,1.5092338136280348,1097.7078934076992,1.0404566442435694,91,41,0.37481147881441174,Mar20-Jun20,Mar-Jun
2020-02-07,KRW,0,2020-03-18,2020-06-17,0.45558481760743735,1.4920402776643573,1102.7855177182537,1.03645546005692,91,40,0.3716561456097591,Mar20-Jun20,Mar-Jun
2020-02-10,KRW,0,2020-03-18,2020-06-17,0.5465038323954088,1.8906078526111436,1100.8774110512816,1.3441040202157348,91,37,0.4827691240052445,Mar20-Jun20,Mar-Jun
2020-02-11,KRW,0,2020-03-18,2020-06-17,0.4562733659433951,1.6096310409669772,1099.6026246429076,1.153357675023582,91,36,0.4147717606478084,Mar20-Jun20,Mar-Jun
2020-02-12,KRW,0,2020-03-18,2020-06-17,0.236823209897328,0.8525635556303808,1098.890008040105,0.6157403457330528,91,35,0.22162099986773368,Mar20-Jun20,Mar-Jun
2020-02-13,KRW,0,2020-03-18,2020-06-17,0.14029779624439054,0.51580072148673,1099.5004620368547,0.3755029252423394,91,34,0.13509012507933954,Mar20-Jun20,Mar-Jun
2020-02-14,KRW,0,2020-03-18,2020-06-17,0.16562331876345046,0.6223421674747835,1101.939997253192,0.45671884871133306,91,33,0.1639407156020054,Mar20-Jun20,Mar-Jun
2020-02-17,KRW,0,2020-03-18,2020-06-17,0.15286919789569045,0.6165724315126182,1111.757199464904,0.4637032336169278,91,30,0.16498010283824055,Mar20-Jun20,Mar-Jun
2020-02-18,KRW,0,2020-03-18,2020-06-17,0.1748775548801167,0.7236312615728968,1119.2659972878655,0.5487537066927801,91,29,0.1939266140360893,Mar20-Jun20,Mar-Jun
2020-02-19,KRW,0,2020-03-18,2020-06-17,0.30060596366856546,1.2775753455914034,1123.2145636399207,0.976969381922838,91,28,0.3440037057941819,Mar20-Jun20,Mar-Jun
2020-02-20,KRW,0,2020-03-18,2020-06-17,0.325185125827282,1.421179438800714,1126.5647866441095,1.095994312973432,91,27,0.3847582094360744,Mar20-Jun20,Mar-Jun
2020-02-21,KRW,0,2020-03-18,2020-06-17,0.40134661858524984,1.806059783633624,1125.394296481031,1.4047131650483742,91,26,0.4936159649068446,Mar20-Jun20,Mar-Jun
2020-02-24,KRW,0,2020-03-18,2020-06-17,0.3677480156525156,1.8227510341037731,1121.809125555908,1.4550030184512575,91,23,0.5129365996333123,Mar20-Jun20,Mar-Jun
2020-02-25,KRW,0,2020-03-18,2020-06-17,0.4244582888418472,2.180172119960397,1118.9149432842962,1.7557138311185496,91,22,0.6205160901490111,Mar20-Jun20,Mar-Jun
2020-02-26,KRW,0,2020-03-18,2020-06-17,0.46165386065729064,2.46215392350555,1117.35904007378,2.0005000628482597,91,21,0.7079906666284389,Mar20-Jun20,Mar-Jun
2020-02-27,KRW,0,2020-03-18,2020-06-17,0.39016175002354525,2.1653977126306763,1120.8666070740433,1.775235962607131,91,20,0.6263428409702758,Mar20-Jun20,Mar-Jun
2020-02-28,KRW,0,2020-03-18,2020-06-17,0.4381251983346596,2.5365143061480295,1122.8585022241073,2.09838910781337,91,19,0.7390140186250532,Mar20-Jun20,Mar-Jun
2020-03-02,KRW,0,2020-03-18,2020-06-17,0.3708501757004886,2.480060549997017,1117.477641745962,2.1092103742965285,91,16,0.7464454274046517,Mar20-Jun20,Mar-Jun
2020-03-03,KRW,0,2020-03-18,2020-06-17,0.32989333854959446,2.331246259083801,1120.2268406753144,2.0013529205342064,91,15,0.7065630757337978,Mar20-Jun20,Mar-Jun
2020-03-04,KRW,0,2020-03-18,2020-06-17,0.2967169001083984,2.2253767508129876,1119.9291756458688,1.9286598507045891,91,14,0.681100409873966,Mar20-Jun20,Mar-Jun
2020-03-05,KRW,0,2020-03-18,2020-06-17,0.2882812189493429,2.306249751594743,1122.6680334496623,2.0179685326454004,91,13,0.7109067479098514,Mar20-Jun20,Mar-Jun
2020-03-06,KRW,0,2020-03-18,2020-06-17,0.2707908631854461,2.324288242341746,1127.4501215538944,2.0534973791563,91,12,0.7203666976566525,Mar20-Jun20,Mar-Jun
2020-03-09,KRW,0,2020-03-18,2020-06-17,0.1579135409093043,1.75459489899227,1132.5182695044766,1.5966813580829657,91,9,0.5576652648764171,Mar20-Jun20,Mar-Jun
2020-03-10,KRW,0,2020-03-18,2020-06-17,0.09985473971275015,1.2357024039452833,1134.6190137203114,1.1358476642325332,91,8,0.39599793499259395,Mar20-Jun20,Mar-Jun
2020-03-11,KRW,0,2020-03-18,2020-06-17,0.10754099551219733,1.5055739371707626,1145.6203379686347,1.3980329416585653,91,7,0.4827219334314223,Mar20-Jun20,Mar-Jun
2020-03-12,KRW,0,2020-03-18,2020-06-17,0.08098670213978416,1.1222443010798662,1142.5110710273414,1.041257598940082,91,6,0.3605189448942521,Mar20-Jun20,Mar-Jun
2020-03-13,KRW,0,2020-03-18,2020-06-17,0.09836570972766837,1.3490154476937373,1142.5710041833884,1.2506497379660688,91,5,0.43298835755715226,Mar20-Jun20,Mar-Jun
2020-03-16,KRW,0,2020-03-18,2020-06-17,0.11048195822331511,1.4678317306811863,1151.585222983788,1.3573497724578711,91,2,0.46624601798267623,Mar20-Jun20,Mar-Jun
2020-03-17,KRW,0,2020-03-18,2020-06-17,0.11953093107253804,1.5709779512390714,1150.4775966683935,1.4514470201665333,91,1,0.49904419834831004,Mar20-Jun20,Mar-Jun
2020-03-18,KRW,0,2020-06-17,2020-09-16,1.7848934583503893,3.5697869167007785,1152.4949709767195,1.7848934583503893,91,91,0.6117335314989195,Jun20-Sep20,Jun-Sep
2020-03-19,KRW,0,2020-06-17,2020-09-16,1.8599715418588338,3.740609434182766,1144.2636463592169,1.880637892323932,91,90,0.6491347051254762,Jun20-Sep20,Jun-Sep
2020-03-20,KRW,0,2020-06-17,2020-09-16,1.8534761653003418,3.7486034803827137,1145.1493376617727,1.895127315082372,91,89,0.6536345744219105,Jun20-Sep20,Jun-Sep
2020-03-23,KRW,0,2020-06-17,2020-09-16,1.4927544695924089,3.0722969897425156,1153.9070177103256,1.5795425201501068,91,86,0.540829225573066,Jun20-Sep20,Jun-Sep
2020-03-24,KRW,0,2020-06-17,2020-09-16,1.362126837372002,2.8204038044408506,1155.3801376439148,1.4582769670688487,91,85,0.4987288836030072,Jun20-Sep20,Jun-Sep
2020-03-25,KRW,0,2020-06-17,2020-09-16,1.6227724301492088,3.380775896144185,1148.9278201759075,1.7580034659949761,91,84,0.6044705057776747,Jun20-Sep20,Jun-Sep
2020-03-26,KRW,0,2020-06-17,2020-09-16,1.8120706052760092,3.798798618289465,1146.648236085296,1.986728013013456,91,83,0.6843582927853671,Jun20-Sep20,Jun-Sep
2020-03-27,KRW,0,2020-06-17,2020-09-16,1.6582391702853467,3.4984802007239635,1146.1491883906397,1.8402410304386168,91,82,0.6342592172974891,Jun20-Sep20,Jun-Sep
2020-03-30,KRW,0,2020-06-17,2020-09-16,1.4264367395241346,3.06954741416586,1143.689857046561,1.6431106746417252,91,79,0.5676469795077032,Jun20-Sep20,Jun-Sep
2020-03-31,KRW,0,2020-06-17,2020-09-16,1.4455899246216917,3.132111503346999,1138.384987331433,1.6865215787253072,91,78,0.585346070844586,Jun20-Sep20,Jun-Sep
2020-04-01,KRW,0,2020-06-17,2020-09-16,1.3505944873835796,2.946751608836901,1134.2973795156342,1.5961571214533212,91,77,0.5560233344989982,Jun20-Sep20,Jun-Sep
2020-04-02,KRW,0,2020-06-17,2020-09-16,1.4065414102208351,3.0906896777220982,1130.1037532672676,1.6841482675012631,91,76,0.5888205000052268,Jun20-Sep20,Jun-Sep
2020-04-03,KRW,0,2020-06-17,2020-09-16,1.3410497595946513,2.968190134569495,1131.583474116368,1.6271403749748437,91,75,0.5681789660649268,Jun20-Sep20,Jun-Sep
2020-04-06,KRW,0,2020-06-17,2020-09-16,1.1977456681653784,2.7115631098743984,1140.6030259584343,1.51381744170902,91,72,0.5244985368414775,Jun20-Sep20,Jun-Sep
2020-04-07,KRW,0,2020-06-17,2020-09-16,1.5377128281444143,3.5085841994281,1133.2026409425023,1.9708713712836858,91,71,0.687104653553444,Jun20-Sep20,Jun-Sep
2020-04-08,KRW,0,2020-06-17,2020-09-16,1.4941824102183667,3.4366195435022435,1135.2588914828875,1.9424371332838768,91,70,0.6759926018766567,Jun20-Sep20,Jun-Sep
2020-04-09,KRW,0,2020-06-17,2020-09-16,1.7756079970629588,4.11735187724744,1131.5458929584224,2.3417438801844814,91,69,0.8174239803971978,Jun20-Sep20,Jun-Sep
2020-04-10,KRW,0,2020-06-17,2020-09-16,1.581994333057438,3.6990749846490094,1131.307266448261,2.1170806515915714,91,68,0.7392835651394807,Jun20-Sep20,Jun-Sep
2020-04-13,KRW,0,2020-06-17,2020-09-16,1.6522678091992964,3.9654427420783116,1135.9431544367771,2.313174932879015,91,65,0.8044179445115586,Jun20-Sep20,Jun-Sep
2020-04-14,KRW,0,2020-06-17,2020-09-16,1.749523042167754,4.237126117750029,1146.829004153358,2.4876030755822756,91,64,0.8568040303018927,Jun20-Sep20,Jun-Sep
2020-04-15,KRW,0,2020-06-17,2020-09-16,1.680619157350734,4.108180162412906,1149.87470469453,2.427561005062172,91,63,0.83396236751185,Jun20-Sep20,Jun-Sep
2020-04-16,KRW,0,2020-06-17,2020-09-16,1.6417431661820658,4.05139845848155,1149.2328897487262,2.4096552922994845,91,62,0.8283006665205643,Jun20-Sep20,Jun-Sep
2020-04-17,KRW,0,2020-06-17,2020-09-16,1.5105846594849965,3.7640798072413024,1150.1923484635495,2.253495147756306,91,61,0.7740647004416307,Jun20-Sep20,Jun-Sep
2020-04-20,KRW,0,2020-06-17,2020-09-16,1.23162177989709,3.163993882839076,1155.1679585696154,1.932372102941986,91,58,0.661064662126655,Jun20-Sep20,Jun-Sep
2020-04-21,KRW,0,2020-06-17,2020-09-16,1.1900686882860194,3.0900029099356296,1152.081375881275,1.8999342216496102,91,57,0.6517306337403136,Jun20-Sep20,Jun-Sep
2020-04-22,KRW,0,2020-06-17,2020-09-16,1.207470005281301,3.169608763863415,1151.333676186567,1.962138758582114,91,56,0.6734950159876064,Jun20-Sep20,Jun-Sep
2020-04-23,KRW,0,2020-06-17,2020-09-16,1.1959174574123863,3.174617250585608,1147.7633277644288,1.9786997931732215,91,55,0.6812968684627039,Jun20-Sep20,Jun-Sep
2020-04-24,KRW,0,2020-06-17,2020-09-16,1.2697029295266602,3.4093874959512167,1154.1291557112706,2.1396845664245565,91,54,0.7326202664595388,Jun20-Sep20,Jun-Sep
2020-04-27,KRW,0,2020-06-17,2020-09-16,1.3608115560671985,3.7889262933635726,1155.245464678972,2.428114737296374,91,51,0.8305098137917453,Jun20-Sep20,Jun-Sep
2020-04-28,KRW,0,2020-06-17,2020-09-16,1.1994983651782665,3.3825853898027116,1152.537295230478,2.183087024624445,91,50,0.748557927356059,Jun20-Sep20,Jun-Sep
2020-04-29,KRW,0,2020-06-17,2020-09-16,1.2026335530591168,3.4360958658831913,1155.5526151628926,2.2334623128240745,91,49,0.7638327203189372,Jun20-Sep20,Jun-Sep
2020-04-30,KRW,0,2020-06-17,2020-09-16,1.0099953705654254,2.9247782605957116,1159.1925892490167,1.9147828900302861,91,48,0.6529002244659454,Jun20-Sep20,Jun-Sep
2020-05-01,KRW,0,2020-06-17,2020-09-16,0.9487595593334547,2.785719557191846,1155.480989854718,1.8369599978583913,91,47,0.6284077783976539,Jun20-Sep20,Jun-Sep
2020-05-04,KRW,0,2020-06-17,2020-09-16,0.9208008113175573,2.8251843074515963,1162.2700276603098,1.904383496134039,91,44,0.6476860576496533,Jun20-Sep20,Jun-Sep
2020-05-05,KRW,0,2020-06-17,2020-09-16,0.9059626740449791,2.8232325191169116,1169.7501002229744,1.9172698450719325,91,43,0.6479105198440671,Jun20-Sep20,Jun-Sep
2020-05-06,KRW,0,2020-06-17,2020-09-16,0.9286855100788536,2.940837448583036,1175.0166777919092,2.0121519385041826,91,42,0.6769159319281941,Jun20-Sep20,Jun-Sep
2020-05-07,KRW,0,2020-06-17,2020-09-16,0.7886370877206408,2.539026721442063,1179.6963335999862,1.7503896337214224,91,41,0.5865909777039432,Jun20-Sep20,Jun-Sep
2020-05-08,KRW,0,2020-06-17,2020-09-16,0.7434659740327404,2.4348510649572246,1178.212588271919,1.6913850909244843,91,40,0.5675524326964438,Jun20-Sep20,Jun-Sep
2020-05-11,KRW,0,2020-06-17,2020-09-16,0.6067545728170891,2.0990428465023627,1182.8902667329914,1.4922882736852736,91,37,0.49882322469003754,Jun20-Sep20,Jun-Sep
2020-05-12,KRW,0,2020-06-17,2020-09-16,0.5037892286662715,1.77725644557268,1193.516486882109,1.2734672169064085,91,36,0.4219268623371441,Jun20-Sep20,Jun-Sep
2020-05-13,KRW,0,2020-06-17,2020-09-16,0.5367905784878232,1.9324460825561636,1191.646069902609,1.3956555040683405,91,35,0.46312312520252413,Jun20-Sep20,Jun-Sep
2020-05-14,KRW,0,2020-06-17,2020-09-16,0.48283622387088043,1.775133175995884,1202.2593288008384,1.2922969521250036,91,34,0.4250606402215427,Jun20-Sep20,Jun-Sep
2020-05-15,KRW,0,2020-06-17,2020-09-16,0.39947720946513876,1.5010658779902186,1204.5772507108181,1.1015886685250798,91,33,0.36166119172166145,Jun20-Sep20,Jun-Sep
2020-05-18,KRW,0,2020-06-17,2020-09-16,0.3121910992722507,1.2591707670647445,1206.9662776913913,0.9469796677924938,91,30,0.31030895423982846,Jun20-Sep20,Jun-Sep
2020-05-19,KRW,0,2020-06-17,2020-09-16,0.2743159742555566,1.1351005831264411,1211.6446954222215,0.8607846088708846,91,29,0.2809842668822294,Jun20-Sep20,Jun-Sep
2020-05-20,KRW,0,2020-06-17,2020-09-16,0.4030058177107194,1.7127747252705574,1211.464240116675,1.309768907559838,91,28,0.42756361209939087,Jun20-Sep20,Jun-Sep
2020-05-21,KRW,0,2020-06-17,2020-09-16,0.43019211481464253,1.8800988721528822,1210.2847718981845,1.4499067573382396,91,27,0.47376096229812587,Jun20-Sep20,Jun-Sep
2020-05-22,KRW,0,2020-06-17,2020-09-16,0.5127457085303884,2.3073556883867474,1205.772377403581,1.794609979856359,91,26,0.5885470879347483,Jun20-Sep20,Jun-Sep
2020-05-25,KRW,0,2020-06-17,2020-09-16,0.32833605049424464,1.6274047720149518,1205.1297794978973,1.2990687215207073,91,23,0.4263253030504196,Jun20-Sep20,Jun-Sep
2020-05-26,KRW,0,2020-06-17,2020-09-16,0.371808684546872,1.9097446069907515,1210.009285808892,1.5379359224438796,91,22,0.5026633461515588,Jun20-Sep20,Jun-Sep
2020-05-27,KRW,0,2020-06-17,2020-09-16,0.42103978504538375,2.2455455202420467,1216.0037115704897,1.824505735196663,91,21,0.5933638622897731,Jun20-Sep20,Jun-Sep
2020-05-28,KRW,0,2020-06-17,2020-09-16,0.39246434460908747,2.1781771125804354,1214.235626793736,1.785712767971348,91,20,0.5816066872241665,Jun20-Sep20,Jun-Sep
2020-05-29,KRW,0,2020-06-17,2020-09-16,0.3247371277802431,1.8800570555698284,1203.9385688459997,1.5553199277895853,91,19,0.5109276326467876,Jun20-Sep20,Jun-Sep
2020-06-01,KRW,0,2020-06-17,2020-09-16,0.29094388443910824,1.9456872271865362,1201.3801598140346,1.654743342747428,91,16,0.5447611563374288,Jun20-Sep20,Jun-Sep
2020-06-02,KRW,0,2020-06-17,2020-09-16,0.2320680682257131,1.6399476821283725,1203.5986086638645,1.4078796139026595,91,15,0.46265922152248246,Jun20-Sep20,Jun-Sep
2020-06-03,KRW,0,2020-06-17,2020-09-16,0.1939149741141161,1.4543623058558706,1203.2500463490098,1.2604473317417544,91,14,0.41434293651424325,Jun20-Sep20,Jun-Sep
2020-06-04,KRW,0,2020-06-17,2020-09-16,0.21284964472669587,1.702797157813567,1205.9055478195946,1.4899475130868711,91,13,0.4886997716279132,Jun20-Sep20,Jun-Sep
2020-06-05,KRW,0,2020-06-17,2020-09-16,0.2144587602925809,1.8407710258446524,1204.360545416924,1.6263122655520714,91,12,0.5341106022013075,Jun20-Sep20,Jun-Sep
2020-06-08,KRW,0,2020-06-17,2020-09-16,0.15758954650311896,1.750994961145766,1191.409119000996,1.593405414642647,91,9,0.5290162787284401,Jun20-Sep20,Jun-Sep
2020-06-09,KRW,0,2020-06-17,2020-09-16,0.1379534121705847,1.707173475610986,1197.2451054846422,1.5692200634404012,91,8,0.5184559361809357,Jun20-Sep20,Jun-Sep
2020-06-10,KRW,0,2020-06-17,2020-09-16,0.1180672943285947,1.6529421206003259,1195.7806317514255,1.534874826271731,91,7,0.5077380119738858,Jun20-Sep20,Jun-Sep
2020-06-11,KRW,0,2020-06-17,2020-09-16,0.13157129541414772,1.8232022364531897,1195.9247628512671,1.691630941039042,91,6,0.5595193277354387,Jun20-Sep20,Jun-Sep
2020-06-12,KRW,0,2020-06-17,2020-09-16,0.11869439793394107,1.6278088859511917,1192.733792827624,1.5091144880172507,91,5,0.5004913275726744,Jun20-Sep20,Jun-Sep
2020-06-15,KRW,0,2020-06-17,2020-09-16,0.09876131355566643,1.3121145943824255,1184.4961292419878,1.213353280826759,91,2,0.40520847687509987,Jun20-Sep20,Jun-Sep
2020-06-16,KRW,0,2020-06-17,2020-09-16,0.10773053181068494,1.4158869895118593,1186.977562049049,1.3081564577011744,91,1,0.4359521999297347,Jun20-Sep20,Jun-Sep
2020-06-17,KRW,0,2020-09-16,2020-12-16,1.4636236984807867,2.9272473969615733,1188.6666690599263,1.4636236984807867,91,91,0.48651477250254493,Sep20-Dec20,Sep-Dec
2020-06-18,KRW,0,2020-09-16,2020-12-16,1.759612409112603,3.538776067215346,1193.2162872348445,1.779163658102743,91,90,0.5890034801997396,Sep20-Dec20,Sep-Dec
2020-06-19,KRW,0,2020-09-16,2020-12-16,1.972354030853658,3.9890306241984095,1195.076130283418,2.0166765933447515,91,89,0.6664777035298997,Sep20-Dec20,Sep-Dec
2020-06-22,KRW,0,2020-09-16,2020-12-16,1.6804004623074364,3.458498625911817,1193.5490381474929,1.7780981636043807,91,86,0.5885258734557836,Sep20-Dec20,Sep-Dec
2020-06-23,KRW,0,2020-09-16,2020-12-16,1.7896819577032486,3.705694406538491,1197.807914765847,1.9160124488352426,91,85,0.6318643425613404,Sep20-Dec20,Sep-Dec
2020-06-24,KRW,0,2020-09-16,2020-12-16,1.8552971029994672,3.8652022979155563,1197.6197092605873,2.0099051949160893,91,84,0.6628961217521061,Sep20-Dec20,Sep-Dec
2020-06-25,KRW,0,2020-09-16,2020-12-16,1.6966702876888036,3.5568750609379736,1199.3666278032922,1.86020477324917,91,83,0.6127114084588976,Sep20-Dec20,Sep-Dec
2020-06-26,KRW,0,2020-09-16,2020-12-16,1.5709392207177877,3.31429859980704,1195.6172589216676,1.7433593790892523,91,82,0.5760837223053572,Sep20-Dec20,Sep-Dec
2020-06-29,KRW,0,2020-09-16,2020-12-16,1.4853485374975592,3.1963196376529757,1192.432284064036,1.7109711001554164,91,79,0.5669299702849828,Sep20-Dec20,Sep-Dec
2020-06-30,KRW,0,2020-09-16,2020-12-16,1.4249383418094805,3.0873664072538745,1190.3210573609388,1.662428065444394,91,78,0.5518490118173723,Sep20-Dec20,Sep-Dec
2020-07-01,KRW,0,2020-09-16,2020-12-16,1.154740703445146,2.519434262062137,1183.8214992452945,1.3646935586169908,91,77,0.4556030342559092,Sep20-Dec20,Sep-Dec
2020-07-02,KRW,0,2020-09-16,2020-12-16,1.1769516975211485,2.586196493237261,1180.305400985762,1.4092447957161125,91,76,0.4718677637475817,Sep20-Dec20,Sep-Dec
2020-07-03,KRW,0,2020-09-16,2020-12-16,1.1269846183629117,2.6324145053464902,1183.0447145992455,1.5054298869835785,91,75,0.5029293310746128,Sep20-Dec20,Sep-Dec
2020-07-06,KRW,0,2020-09-16,2020-12-16,1.1214819196593344,2.647363879876349,1183.1282494887264,1.5258819602170146,91,72,0.5097283069825126,Sep20-Dec20,Sep-Dec
2020-07-07,KRW,0,2020-09-16,2020-12-16,1.0874218297054228,2.5797317578891414,1182.8650813268525,1.4923099281837187,91,71,0.49863855654649136,Sep20-Dec20,Sep-Dec
2020-07-08,KRW,0,2020-09-16,2020-12-16,1.1812328906800802,2.804686816021955,1171.3488994369334,1.623453925341875,91,70,0.5477432871183374,Sep20-Dec20,Sep-Dec
2020-07-09,KRW,0,2020-09-16,2020-12-16,1.1883904932075762,2.833899452036307,1173.1702776723914,1.645508958828731,91,69,0.5543200682768683,Sep20-Dec20,Sep-Dec
2020-07-10,KRW,0,2020-09-16,2020-12-16,1.1319506802283705,2.7151439130143773,1172.1751080672386,1.5831932327860068,91,68,0.5338058757184033,Sep20-Dec20,Sep-Dec
2020-07-13,KRW,0,2020-09-16,2020-12-16,1.0585926000347599,2.5797812682694423,1174.770845580547,1.5211886682346825,91,65,0.5117995043808937,Sep20-Dec20,Sep-Dec
2020-07-14,KRW,0,2020-09-16,2020-12-16,0.6528863481373139,1.6105500710357652,1173.6378656283196,0.9576637228984513,91,64,0.32262536143777354,Sep20-Dec20,Sep-Dec
2020-07-15,KRW,0,2020-09-16,2020-12-16,0.4945775195351051,1.22846274858598,1169.7287166767173,0.7338852290508749,91,63,0.2480964307594914,Sep20-Dec20,Sep-Dec
2020-07-16,KRW,0,2020-09-16,2020-12-16,0.03567691338993845,0.09774269277109543,1164.1532964141973,0.06206577938115698,91,62,0.021090643961033013,Sep20-Dec20,Sep-Dec
2020-07-17,KRW,0,2020-09-16,2020-12-16,-0.08424600085458558,-0.20992446114585261,1165.9282395095117,-0.12567846029126703,91,61,-0.04264631597439528,Sep20-Dec20,Sep-Dec
2020-07-20,KRW,0,2020-09-16,2020-12-16,-0.07905831465214262,-0.2030980841925733,1168.3687717531714,-0.12403976954043068,91,58,-0.04200214852143394,Sep20-Dec20,Sep-Dec
2020-07-21,KRW,0,2020-09-16,2020-12-16,-0.06384431471954072,-0.16577120313143906,1163.1230254835148,-0.10192688841189834,91,57,-0.03466953852299176,Sep20-Dec20,Sep-Dec
2020-07-22,KRW,0,2020-09-16,2020-12-16,-0.05081838558082262,-0.13339826214965936,1166.2386794927388,-0.08257987656883674,91,56,-0.02801346442424704,Sep20-Dec20,Sep-Dec
2020-07-23,KRW,0,2020-09-16,2020-12-16,-0.15511145169572382,-0.4117503990468305,1167.587569417055,-0.25663894735110665,91,55,-0.08696648355345336,Sep20-Dec20,Sep-Dec
2020-07-24,KRW,0,2020-09-16,2020-12-16,-0.285918232672981,-0.7677434025478195,1169.5281490229638,-0.4818251698748385,91,54,-0.16302195567000352,Sep20-Dec20,Sep-Dec
2020-07-27,KRW,0,2020-09-16,2020-12-16,-0.2257060583669423,-0.6284364762373686,1170.930276556426,-0.40273041787042635,91,51,-0.1360906308628359,Sep20-Dec20,Sep-Dec
2020-07-28,KRW,0,2020-09-16,2020-12-16,-0.29968175208771264,-0.8451025408873495,1170.7759174417838,-0.5454207887996368,91,50,-0.18434450433421348,Sep20-Dec20,Sep-Dec
2020-07-29,KRW,0,2020-09-16,2020-12-16,-0.2306519361227341,-0.6590055317792404,1169.272250260868,-0.42835359565650627,91,49,-0.14495512012361894,Sep20-Dec20,Sep-Dec
2020-07-30,KRW,0,2020-09-16,2020-12-16,-0.14340731829274628,-0.4152836925560778,1166.4669606715563,-0.2718763742633315,91,48,-0.09221753981592462,Sep20-Dec20,Sep-Dec
2020-07-31,KRW,0,2020-09-16,2020-12-16,-0.11165609862400515,-0.3278413108534619,1161.7326487128728,-0.21618521222945675,91,47,-0.0736245477366477,Sep20-Dec20,Sep-Dec
2020-08-03,KRW,0,2020-09-16,2020-12-16,-0.0006536966235740488,0.12404672126453878,1163.5604433193434,0.12470041788811283,91,44,0.042397506247859144,Sep20-Dec20,Sep-Dec
2020-08-04,KRW,0,2020-09-16,2020-12-16,0.05884175033402346,0.29991843696641796,1165.5112197201925,0.2410766866323945,91,43,0.08182347853818446,Sep20-Dec20,Sep-Dec
2020-08-05,KRW,0,2020-09-16,2020-12-16,0.22941578290091585,0.8335169655619866,1167.6398513718532,0.6041011826610707,91,42,0.20463342085604036,Sep20-Dec20,Sep-Dec
2020-08-06,KRW,0,2020-09-16,2020-12-16,0.36967239042907674,1.2879227868960843,1173.0962125174608,0.9182503964670076,91,41,0.30956493731931584,Sep20-Dec20,Sep-Dec
2020-08-07,KRW,0,2020-09-16,2020-12-16,0.5147530389067672,1.773087422403492,1163.616266451061,1.2583343834967249,91,40,0.4276173428223827,Sep20-Dec20,Sep-Dec
2020-08-10,KRW,0,2020-09-16,2020-12-16,0.578381224171823,2.058966809323621,1161.6082437733075,1.4805855851517977,91,37,0.5039863245336133,Sep20-Dec20,Sep-Dec
2020-08-11,KRW,0,2020-09-16,2020-12-16,0.43916248588460977,1.597556736270766,1158.9378656014255,1.1583942503861564,91,36,0.3952690507000671,Sep20-Dec20,Sep-Dec
2020-08-12,KRW,0,2020-09-16,2020-12-16,0.43706283586695116,1.6122403480947052,1164.424169210421,1.1751775122277541,91,35,0.39910795952579453,Sep20-Dec20,Sep-Dec
2020-08-13,KRW,0,2020-09-16,2020-12-16,0.4279502866740633,1.6023690254814082,1160.8953318940758,1.1744187388073448,91,34,0.4000653586139787,Sep20-Dec20,Sep-Dec
2020-08-14,KRW,0,2020-09-16,2020-12-16,0.4592301172671027,1.7450207024045246,1165.7247967792207,1.2857905851374218,91,33,0.4361785066297078,Sep20-Dec20,Sep-Dec
2020-08-17,KRW,0,2020-09-16,2020-12-16,0.3394387136947149,1.3690694785686832,1164.107355241097,1.0296307648739682,91,30,0.3498025487710595,Sep20-Dec20,Sep-Dec
2020-08-18,KRW,0,2020-09-16,2020-12-16,0.3112364130123527,1.2878748124649078,1171.8776619506123,0.976638399452555,91,29,0.32960766330307706,Sep20-Dec20,Sep-Dec
2020-08-19,KRW,0,2020-09-16,2020-12-16,0.2818791320303138,1.1979863111288336,1169.0943395774962,0.9161071790985198,91,28,0.30992252202296544,Sep20-Dec20,Sep-Dec
2020-08-20,KRW,0,2020-09-16,2020-12-16,0.27086116634903235,1.1837636158957707,1175.8843876655014,0.9129024495467384,91,27,0.30705829197070933,Sep20-Dec20,Sep-Dec
2020-08-21,KRW,0,2020-09-16,2020-12-16,0.1606561007708368,0.7229524534687658,1178.4291466180123,0.562296352697929,91,26,0.18873988918489304,Sep20-Dec20,Sep-Dec
2020-08-24,KRW,0,2020-09-16,2020-12-16,0.1188811512105262,0.5892370103478255,1168.8412448294594,0.47035585913729927,91,23,0.15917980539922974,Sep20-Dec20,Sep-Dec
2020-08-25,KRW,0,2020-09-16,2020-12-16,0.0488392437742395,0.2508561157495029,1170.8483005496253,0.20201687197526338,91,22,0.06825429819883884,Sep20-Dec20,Sep-Dec
2020-08-26,KRW,0,2020-09-16,2020-12-16,-0.021070357501465665,-0.11237524000781687,1167.3707294131366,-0.09130488250635121,91,21,-0.030942410938714294,Sep20-Dec20,Sep-Dec
2020-08-27,KRW,0,2020-09-16,2020-12-16,0.002276710155814636,0.012635741364771231,1176.824906971244,0.010359031208956596,91,20,0.003482311028546337,Sep20-Dec20,Sep-Dec
2020-08-28,KRW,0,2020-09-16,2020-12-16,0.041761910190416716,0.24177948004978098,1172.078292824691,0.20001756985936425,91,19,0.06750829790415801,Sep20-Dec20,Sep-Dec
2020-08-31,KRW,0,2020-09-16,2020-12-16,-0.02053595636495943,-0.13733420819066616,1166.6239630197738,-0.11679825182570673,91,16,-0.03960720562723452,Sep20-Dec20,Sep-Dec
2020-09-01,KRW,0,2020-09-16,2020-12-16,-0.019907199571834254,0.0008706150091588455,1170.1314448409996,0.0207778145809931,91,15,0.00702479594028759,Sep20-Dec20,Sep-Dec
2020-09-02,KRW,0,2020-09-16,2020-12-16,0.011533634758592422,0.21782199992560974,1163.1176903774756,0.20628836516701732,91,14,0.07016295553185692,Sep20-Dec20,Sep-Dec
2020-09-03,KRW,0,2020-09-16,2020-12-16,0.03637737068415811,0.41278793267160707,1161.4886101995705,0.37641056198744893,91,13,0.1282018677751856,Sep20-Dec20,Sep-Dec
2020-09-04,KRW,0,2020-09-16,2020-12-16,0.041707543877341845,0.47123795634170923,1170.231448854536,0.4295304124643674,91,12,0.14520039042821273,Sep20-Dec20,Sep-Dec
2020-09-07,KRW,0,2020-09-16,2020-12-16,0.008876745187328327,0.1834846019060267,1169.1009309167232,0.17460785671869836,91,9,0.059083958728457495,Sep20-Dec20,Sep-Dec
2020-09-08,KRW,0,2020-09-16,2020-12-16,0.022699087430272408,0.35590733079322606,1162.5949195758778,0.3332082433629536,91,8,0.11338091184057304,Sep20-Dec20,Sep-Dec
2020-09-09,KRW,0,2020-09-16,2020-12-16,0.012158722417837156,0.23580612719714716,1161.7739507258493,0.22364740477931,91,7,0.0761550647547305,Sep20-Dec20,Sep-Dec
2020-09-10,KRW,0,2020-09-16,2020-12-16,0.016631247195926437,0.28693812953441505,1167.182265792121,0.2703068823384886,91,6,0.09161642551802629,Sep20-Dec20,Sep-Dec
2020-09-11,KRW,0,2020-09-16,2020-12-16,0.010287006017515291,0.18813336434978306,1166.9497320888477,0.17784635833226778,91,5,0.0602906697292947,Sep20-Dec20,Sep-Dec
2020-09-14,KRW,0,2020-09-16,2020-12-16,0.03474927264423567,0.48062145511128873,1175.0579216623519,0.44587218246705307,91,2,0.15010645511168733,Sep20-Dec20,Sep-Dec
2020-09-15,KRW,0,2020-09-16,2020-12-16,0.040566199711147916,0.5426202788318677,1173.5993887551037,0.5020540791207198,91,1,0.16922975371857807,Sep20-Dec20,Sep-Dec
2020-09-16,KRW,0,2020-12-16,2021-03-17,0.42094483272140487,1.1338989534316963,1168.037151955546,0.7129541207102914,91,91,0.24138459461451348,Dec20-Mar21,Dec-Mar
2020-09-17,KRW,0,2020-12-16,2021-03-17,0.00025149565504223,0.2924914758791657,1167.9427606916563,0.29223998022412345,91,90,0.09898721045602961,Dec20-Mar21,Dec-Mar
2020-09-18,KRW,0,2020-12-16,2021-03-17,-0.38496763594171235,-0.48736050413011206,1164.9029034574496,-0.10239286818839971,91,89,-0.03478440948641441,Dec20-Mar21,Dec-Mar
2020-09-21,KRW,0,2020-12-16,2021-03-17,-0.3915595334231172,-0.5129632159350497,1171.6837602547657,-0.12140368251193245,91,86,-0.041004140909277696,Dec20-Mar21,Dec-Mar
2020-09-22,KRW,0,2020-12-16,2021-03-17,-0.4574941221891327,-0.6528986541542839,1177.5331718669756,-0.19540453196515123,91,85,-0.0656736803147068,Dec20-Mar21,Dec-Mar
2020-09-23,KRW,0,2020-12-16,2021-03-17,-0.4028056652271296,-0.543800583490688,1181.5115429299944,-0.14099491826355848,91,84,-0.04722529574385914,Dec20-Mar21,Dec-Mar
2020-09-24,KRW,0,2020-12-16,2021-03-17,-0.2005678455418562,-0.12584658039687596,1178.4838048839651,0.07472126514498023,91,83,0.02508739834975423,Dec20-Mar21,Dec-Mar
2020-09-25,KRW,0,2020-12-16,2021-03-17,0.052542934539119866,0.40620429258502927,1181.406064229496,0.3536613580459094,91,82,0.11842140465184177,Dec20-Mar21,Dec-Mar
2020-09-28,KRW,0,2020-12-16,2021-03-17,0.0427765490932937,0.3882029026093299,1184.608403052007,0.3454263535160362,91,79,0.11535225403186229,Dec20-Mar21,Dec-Mar
2020-09-29,KRW,0,2020-12-16,2021-03-17,0.0009104060465927352,0.3004881079018494,1194.0622458702608,0.2995777018552566,91,78,0.09925292063156205,Dec20-Mar21,Dec-Mar
2020-09-30,KRW,0,2020-12-16,2021-03-17,-0.4631351052478846,-0.7113738228819398,1196.4110815446882,-0.24823871763405525,91,77,-0.08211421588007821,Dec20-Mar21,Dec-Mar
2020-10-01,KRW,0,2020-12-16,2021-03-17,-0.2607208435753434,-0.2734228350028409,1197.9076535192862,-0.012701991427497505,91,76,-0.0041956969992384225,Dec20-Mar21,Dec-Mar
2020-10-02,KRW,0,2020-12-16,2021-03-17,0.021868865699499862,0.03856969870389264,1195.9529243108545,0.016700833004392776,91,75,0.005524299495741734,Dec20-Mar21,Dec-Mar
2020-10-05,KRW,0,2020-12-16,2021-03-17,-0.16553185744597765,-0.32400852564673,1194.4672208598806,-0.15847666820075235,91,72,-0.0524943296306866,Dec20-Mar21,Dec-Mar
2020-10-06,KRW,0,2020-12-16,2021-03-17,-0.2927753529381423,-0.5965597114375606,1193.8512150381764,-0.3037843584994183,91,71,-0.10068918583481515,Dec20-Mar21,Dec-Mar
2020-10-07,KRW,0,2020-12-16,2021-03-17,-0.11855243033584285,-0.18066128461027806,1187.2168408020711,-0.0621088542744352,91,70,-0.020697979263923843,Dec20-Mar21,Dec-Mar
2020-10-08,KRW,0,2020-12-16,2021-03-17,-0.07482958002993759,-0.060936431133783046,1179.9674516292127,0.01389314889615454,91,69,0.004658212679147673,Dec20-Mar21,Dec-Mar
2020-10-09,KRW,0,2020-12-16,2021-03-17,-0.09899000048098133,-0.097918098018051,1175.5313153719826,0.0010719024629303325,91,68,0.0003607603065511547,Dec20-Mar21,Dec-Mar
2020-10-12,KRW,0,2020-12-16,2021-03-17,-0.3218059348403613,-0.5721560187411708,1177.5189698570366,-0.25035008390080954,91,65,-0.08413169574851873,Dec20-Mar21,Dec-Mar
2020-10-13,KRW,0,2020-12-16,2021-03-17,-0.46432723217035493,-0.9031169763097417,1168.761608460334,-0.4387897441393868,91,64,-0.14858131942686703,Dec20-Mar21,Dec-Mar
2020-10-14,KRW,0,2020-12-16,2021-03-17,-0.1152001953463933,-0.03787537660153632,1164.7040220567217,0.07732481874485697,91,63,0.026266814184200588,Dec20-Mar21,Dec-Mar
2020-10-15,KRW,0,2020-12-16,2021-03-17,-0.2219974238600103,-0.28172132750629697,1159.851215830662,-0.05972390364628666,91,62,-0.02037464943973464,Dec20-Mar21,Dec-Mar
2020-10-16,KRW,0,2020-12-16,2021-03-17,-0.16523294079197326,-0.12208072635986712,1158.589029011675,0.04315221443210614,91,61,0.014736580660196903,Dec20-Mar21,Dec-Mar
2020-10-19,KRW,0,2020-12-16,2021-03-17,-0.309357591157143,-0.5066357661878911,1152.3728719666644,-0.19727817503074807,91,58,-0.06774289110379338,Dec20-Mar21,Dec-Mar
2020-10-20,KRW,0,2020-12-16,2021-03-17,-0.13405902440055606,-0.06128638324752543,1147.1867906086559,0.07277264115303063,91,57,0.025098389923295685,Dec20-Mar21,Dec-Mar
2020-10-21,KRW,0,2020-12-16,2021-03-17,-0.21564701860264301,-0.27906330828566916,1148.0404621850753,-0.06341628968302615,91,56,-0.02185678739478266,Dec20-Mar21,Dec-Mar
2020-10-22,KRW,0,2020-12-16,2021-03-17,-0.17500437086184722,-0.17795055388925812,1146.426013230582,-0.002946183027410898,91,55,-0.00101681302516327,Dec20-Mar21,Dec-Mar
2020-10-23,KRW,0,2020-12-16,2021-03-17,-0.19805259081610632,-0.24555057273324044,1145.0292400548472,-0.04749798191713411,91,54,-0.016413258683475356,Dec20-Mar21,Dec-Mar
2020-10-26,KRW,0,2020-12-16,2021-03-17,-0.31180323526348874,-0.5833726375099,1139.1415603459216,-0.27156940224641124,91,51,-0.09433723396276907,Dec20-Mar21,Dec-Mar
2020-10-27,KRW,0,2020-12-16,2021-03-17,-0.4153062346450681,-0.8870212661176754,1136.5692623256662,-0.4717150314726073,91,50,-0.1642493421977137,Dec20-Mar21,Dec-Mar
2020-10-28,KRW,0,2020-12-16,2021-03-17,-0.44532161258119085,-0.9880578886002572,1137.1583036697248,-0.5427362760190664,91,49,-0.18888572562838588,Dec20-Mar21,Dec-Mar
2020-10-29,KRW,0,2020-12-16,2021-03-17,-0.3896082767498725,-0.8448745790981907,1133.4642226265928,-0.4552663023483183,91,48,-0.15895277159911828,Dec20-Mar21,Dec-Mar
2020-10-30,KRW,0,2020-12-16,2021-03-17,-0.3308150780878475,-0.688547270215435,1131.128431999788,-0.35773219212758756,91,47,-0.12515097797966307,Dec20-Mar21,Dec-Mar
2020-11-02,KRW,0,2020-12-16,2021-03-17,-0.21033069966293835,-0.7546373103561328,1133.7742451434838,-0.5443066106931944,91,44,-0.18995848844784124,Dec20-Mar21,Dec-Mar
2020-11-03,KRW,0,2020-12-16,2021-03-17,-0.14363831695392945,-0.5348713014820893,1137.5049021907284,-0.3912329845281598,91,43,-0.13608120242959298,Dec20-Mar21,Dec-Mar
2020-11-04,KRW,0,2020-12-16,2021-03-17,-0.14013709732262963,-0.5082595840648424,1142.4316488601744,-0.36812248674221276,91,42,-0.12749011296717097,Dec20-Mar21,Dec-Mar
2020-11-05,KRW,0,2020-12-16,2021-03-17,-0.09520422955771729,-0.3468578322543479,1133.2728717148507,-0.2516536026966306,91,41,-0.08785495359907593,Dec20-Mar21,Dec-Mar
2020-11-06,KRW,0,2020-12-16,2021-03-17,-0.16147640401502097,-0.5448491837205586,1134.7034919138473,-0.3833727797055376,91,40,-0.13367857226373916,Dec20-Mar21,Dec-Mar
2020-11-09,KRW,0,2020-12-16,2021-03-17,-0.24132501383955596,-0.7731253559852478,1128.332615143885,-0.5318003421456918,91,37,-0.1864942622795416,Dec20-Mar21,Dec-Mar
2020-11-10,KRW,0,2020-12-16,2021-03-17,-0.19226004799100893,-0.588793184366399,1128.0747478836252,-0.3965331363753901,91,36,-0.13908386152339736,Dec20-Mar21,Dec-Mar
2020-11-11,KRW,0,2020-12-16,2021-03-17,-0.16635305094964484,-0.4799060612332914,1134.7423346917938,-0.31355301028364657,91,35,-0.10932978586747416,Dec20-Mar21,Dec-Mar
2020-11-12,KRW,0,2020-12-16,2021-03-17,-0.13629192947703161,-0.35226691658876197,1132.432466707165,-0.21597498711173035,91,34,-0.07545786707158403,Dec20-Mar21,Dec-Mar
2020-11-13,KRW,0,2020-12-16,2021-03-17,-0.14439131428047774,-0.36167184295945176,1137.0194577366353,-0.21728052867897402,91,33,-0.07560824822654118,Dec20-Mar21,Dec-Mar
2020-11-16,KRW,0,2020-12-16,2021-03-17,-0.17306811729989274,-0.41178988206172074,1145.0060975247204,-0.238721764761828,91,30,-0.08249183683585778,Dec20-Mar21,Dec-Mar
2020-11-17,KRW,0,2020-12-16,2021-03-17,-0.16271885796294458,-0.38713453578264956,1144.7395059112434,-0.22441567781970498,91,29,-0.07756563787787185,Dec20-Mar21,Dec-Mar
2020-11-18,KRW,0,2020-12-16,2021-03-17,-0.15969938370182402,-0.3937048493418368,1140.0701255636611,-0.2340054656400128,91,28,-0.08121128526997354,Dec20-Mar21,Dec-Mar
2020-11-19,KRW,0,2020-12-16,2021-03-17,-0.12971331963001775,-0.28136311724511676,1142.1285260331767,-0.151649797615099,91,27,-0.052533615500364866,Dec20-Mar21,Dec-Mar
2020-11-20,KRW,0,2020-12-16,2021-03-17,-0.07077877170402061,-0.03171744343512772,1147.14811693186,0.039061328268892886,91,26,0.013471483262016427,Dec20-Mar21,Dec-Mar
2020-11-23,KRW,0,2020-12-16,2021-03-17,-0.04103949689795591,0.08506012906728311,1153.8931504199106,0.12609962596523902,91,23,0.04323393426560777,Dec20-Mar21,Dec-Mar
2020-11-24,KRW,0,2020-12-16,2021-03-17,-0.12705346787221639,-0.3627473338755741,1159.3819135086942,-0.23569386600335773,91,22,-0.08043229545283827,Dec20-Mar21,Dec-Mar
2020-11-25,KRW,0,2020-12-16,2021-03-17,-0.060100900148227034,-0.031001919264772495,1158.14485943642,0.02909898088345454,91,21,0.009940278257042051,Dec20-Mar21,Dec-Mar
2020-11-26,KRW,0,2020-12-16,2021-03-17,0.07870205510394103,0.7251273639375182,1153.3238324425818,0.6464253088335772,91,20,0.2217167779293473,Dec20-Mar21,Dec-Mar
2020-11-27,KRW,0,2020-12-16,2021-03-17,0.20630092625667396,1.4833480579650447,1155.897097495098,1.2770471317083707,91,19,0.4369898569519319,Dec20-Mar21,Dec-Mar
2020-11-30,KRW,0,2020-12-16,2021-03-17,0.20340909375728347,1.6511050070262803,1163.226770097788,1.4476959132689968,91,16,0.49226406279553236,Dec20-Mar21,Dec-Mar
2020-12-01,KRW,0,2020-12-16,2021-03-17,0.1916190059198487,1.6452369903192368,1164.5173939425574,1.4536179843993882,91,15,0.49373505121442895,Dec20-Mar21,Dec-Mar
2020-12-02,KRW,0,2020-12-16,2021-03-17,0.1999000705571086,1.7912325743873132,1167.9281808359933,1.5913325038302046,91,14,0.5389290298499222,Dec20-Mar21,Dec-Mar
2020-12-03,KRW,0,2020-12-16,2021-03-17,0.23266331571557058,2.151359472064326,1160.2117853590462,1.9186961563487555,91,13,0.6540982070685587,Dec20-Mar21,Dec-Mar
2020-12-04,KRW,0,2020-12-16,2021-03-17,0.22309860370911674,2.2045645564943013,1158.5394986308647,1.9814659527851846,91,12,0.6764773410300011,Dec20-Mar21,Dec-Mar
2020-12-07,KRW,0,2020-12-16,2021-03-17,0.174763981543755,2.2337304868958627,1167.6338789721176,2.0589665053521076,91,9,0.6974911556223209,Dec20-Mar21,Dec-Mar
2020-12-08,KRW,0,2020-12-16,2021-03-17,0.1383593031854857,2.0046969911013903,1170.002456724019,1.8663376879159046,91,8,0.6309765311224693,Dec20-Mar21,Dec-Mar
2020-12-09,KRW,0,2020-12-16,2021-03-17,0.13323581137637755,2.1588174533706104,1174.0643764052988,2.0255816419942327,91,7,0.6824481611027395,Dec20-Mar21,Dec-Mar
2020-12-10,KRW,0,2020-12-16,2021-03-17,0.1436331706439272,2.2837036098743755,1173.4329809483959,2.140070439230448,91,6,0.721402644256189,Dec20-Mar21,Dec-Mar
2020-12-11,KRW,0,2020-12-16,2021-03-17,0.14402117287846078,2.2689203309950643,1175.0912689332663,2.1248991581166035,91,5,0.7152775739835848,Dec20-Mar21,Dec-Mar
2020-12-14,KRW,0,2020-12-16,2021-03-17,0.13564331963909718,2.0956195205649606,1174.0045242963904,1.9599762009258634,91,2,0.6603770331276394,Dec20-Mar21,Dec-Mar
2020-12-15,KRW,0,2020-12-16,2021-03-17,0.15216694058053046,2.2945836756455558,1178.701254920051,2.142416735065025,91,1,0.7189608664581224,Dec20-Mar21,Dec-Mar
2020-12-16,KRW,0,2021-03-17,2021-06-16,1.9936106574207382,3.6919630187836416,1181.033184231341,1.6983523613629035,91,91,0.5679293675706143,Mar21-Jun21,Mar-Jun
2020-12-17,KRW,0,2021-03-17,2021-06-16,2.100184675034904,3.9239101896388036,1186.0004006077068,1.8237255146038995,91,90,0.6072497891931292,Mar21-Jun21,Mar-Jun
2020-12-18,KRW,0,2021-03-17,2021-06-16,2.2941833208682154,4.336043757723418,1188.7957502810834,2.041860436855203,91,89,0.6781762999103949,Mar21-Jun21,Mar-Jun
2020-12-21,KRW,0,2021-03-17,2021-06-16,2.27914693735099,4.376386483736212,1188.5613322993825,2.097239546385222,91,86,0.6967156371079474,Mar21-Jun21,Mar-Jun
2020-12-22,KRW,0,2021-03-17,2021-06-16,1.8286215943586552,3.4696205688450283,1183.2814178152043,1.640998974486373,91,85,0.5477857632634002,Mar21-Jun21,Mar-Jun
2020-12-23,KRW,0,2021-03-17,2021-06-16,1.794424702499355,3.4174628370084497,1184.9426210407607,1.6230381345090947,91,84,0.541047422888227,Mar21-Jun21,Mar-Jun
2020-12-24,KRW,0,2021-03-17,2021-06-16,1.6789493757786549,3.1952887875396794,1183.6581107557183,1.5163394117610245,91,83,0.5060759143515379,Mar21-Jun21,Mar-Jun
2020-12-25,KRW,0,2021-03-17,2021-06-16,1.29543338489939,2.4041185017978486,1185.59377758993,1.1086851168984586,91,82,0.36953803398889307,Mar21-Jun21,Mar-Jun
2020-12-28,KRW,0,2021-03-17,2021-06-16,1.338595867343663,2.5381864357176775,1188.7722649110433,1.1995905683740145,91,79,0.39875554237354266,Mar21-Jun21,Mar-Jun
2020-12-29,KRW,0,2021-03-17,2021-06-16,1.5805177796623529,3.077399437818934,1189.9054335411308,1.4968816581565814,91,78,0.49700373135733444,Mar21-Jun21,Mar-Jun
2020-12-30,KRW,0,2021-03-17,2021-06-16,1.1378705711987047,2.131201389034854,1189.4395167340058,0.9933308178361493,91,77,0.3300634146216955,Mar21-Jun21,Mar-Jun
2020-12-31,KRW,0,2021-03-17,2021-06-16,1.0656346690468048,1.98700543229344,1184.5528297369226,0.9213707632466352,91,76,0.3074330696294626,Mar21-Jun21,Mar-Jun
2021-01-01,KRW,0,2021-03-17,2021-06-16,0.6174385884980691,1.3665974092090596,1185.9716194542098,0.7491588207109905,91,75,0.24976677516979512,Mar21-Jun21,Mar-Jun
2021-01-04,KRW,0,2021-03-17,2021-06-16,0.27087872006957914,0.613239324601964,1179.7134430920319,0.3423606045323848,91,72,0.11478064371805496,Mar21-Jun21,Mar-Jun
2021-01-05,KRW,0,2021-03-17,2021-06-16,0.16483234418174808,0.37609633461187586,1181.583187601796,0.21126399043012778,91,71,0.07072316757581978,Mar21-Jun21,Mar-Jun
2021-01-06,KRW,0,2021-03-17,2021-06-16,0.5958232496509374,1.3703934741971557,1186.6112674660662,0.7745702245462184,91,70,0.2581044098633083,Mar21-Jun21,Mar-Jun
2021-01-07,KRW,0,2021-03-17,2021-06-16,0.5593409297310226,1.2970224457530959,1182.1128603310665,0.7376815160220733,91,69,0.24675480660099766,Mar21-Jun21,Mar-Jun
2021-01-08,KRW,0,2021-03-17,2021-06-16,0.7593822370975956,1.7756143485076132,1176.6904519119507,1.0162321114100177,91,68,0.3414378078525016,Mar21-Jun21,Mar-Jun
2021-01-11,KRW,0,2021-03-17,2021-06-16,0.5994114665724963,1.4385875197739915,1175.5485549576117,0.8391760532014951,91,65,0.2822618792955439,Mar21-Jun21,Mar-Jun
2021-01-12,KRW,0,2021-03-17,2021-06-16,0.4279425755924647,1.0364234252630002,1179.1026062723768,0.6084808496705356,91,64,0.20407924068255312,Mar21-Jun21,Mar-Jun
2021-01-13,KRW,0,2021-03-17,2021-06-16,0.5335107688067233,1.304137434860879,1178.7624690517937,0.7706266660541556,91,63,0.2585129616971665,Mar21-Jun21,Mar-Jun
2021-01-14,KRW,0,2021-03-17,2021-06-16,0.26911136862315727,0.6640974096668236,1179.6129983097883,0.39498604104366636,91,62,0.13243544652253603,Mar21-Jun21,Mar-Jun
2021-01-15,KRW,0,2021-03-17,2021-06-16,0.3903907928084923,0.9727770574900135,1179.67049445058,0.5823862646815212,91,61,0.19523955850808927,Mar21-Jun21,Mar-Jun
2021-01-18,KRW,0,2021-03-17,2021-06-16,0.6344687922631183,1.6299284490897352,1185.2728040785698,0.995459656826617,91,58,0.3320733626450982,Mar21-Jun21,Mar-Jun
2021-01-19,KRW,0,2021-03-17,2021-06-16,0.7239790092408962,1.8798051468009231,1186.7113419486002,1.155826137560027,91,57,0.38507352148191026,Mar21-Jun21,Mar-Jun
2021-01-20,KRW,0,2021-03-17,2021-06-16,0.6981392394762245,1.832615503625089,1187.900519469521,1.1344762641488646,91,56,0.37759069768229014,Mar21-Jun21,Mar-Jun
2021-01-21,KRW,0,2021-03-17,2021-06-16,0.11294114567675693,0.2998074048873911,1189.8007484326095,0.18686625921063416,91,55,0.062126450162984376,Mar21-Jun21,Mar-Jun
2021-01-22,KRW,0,2021-03-17,2021-06-16,0.061710068385933695,0.16570296140667382,1189.8435580169103,0.10399289302074012,91,54,0.034574219220606536,Mar21-Jun21,Mar-Jun
2021-01-25,KRW,0,2021-03-17,2021-06-16,0.12605902704153538,0.3509878792136868,1187.9652166679807,0.22492885217215142,91,51,0.07489562833926558,Mar21-Jun21,Mar-Jun
2021-01-26,KRW,0,2021-03-17,2021-06-16,0.0346613872131118,0.09774511194097527,1184.5950695109673,0.06308372472786347,91,50,0.021066665931537006,Mar21-Jun21,Mar-Jun
2021-01-27,KRW,0,2021-03-17,2021-06-16,-0.21747827066439562,-0.6213664876125591,1189.5563066553907,-0.40388821694816346,91,49,-0.13434351098628394,Mar21-Jun21,Mar-Jun
2021-01-28,KRW,0,2021-03-17,2021-06-16,-0.16070464636757475,-0.4653738717727685,1190.6653991533224,-0.30466922540519376,91,48,-0.10124150314718425,Mar21-Jun21,Mar-Jun
2021-01-29,KRW,0,2021-03-17,2021-06-16,-0.2025668091418914,-0.5947706310974683,1188.2841727706357,-0.3922038219555769,91,47,-0.13059503249599627,Mar21-Jun21,Mar-Jun
2021-02-01,KRW,0,2021-03-17,2021-06-16,-0.3043708758005136,-0.9338651871152122,1190.6129333416648,-0.6294943113146986,91,44,-0.20921526099770704,Mar21-Jun21,Mar-Jun
2021-02-02,KRW,0,2021-03-17,2021-06-16,-0.3834343275382888,-1.194888369537923,1195.9167945339807,-0.8114540419996343,91,43,-0.26851177602488047,Mar21-Jun21,Mar-Jun
2021-02-03,KRW,0,2021-03-17,2021-06-16,-0.4825603353764375,-1.5281077286920521,1192.6578322847276,-1.0455473933156147,91,42,-0.34694826703793896,Mar21-Jun21,Mar-Jun
2021-02-04,KRW,0,2021-03-17,2021-06-16,-0.3974990260878638,-1.2797529620389763,1197.33720180034,-0.8822539359511125,91,41,-0.2915965894460691,Mar21-Jun21,Mar-Jun
2021-02-05,KRW,0,2021-03-17,2021-06-16,-0.2466672964597675,-0.8078353959057386,1192.681296580556,-0.5611680994459711,91,40,-0.186174203064806,Mar21-Jun21,Mar-Jun
2021-02-08,KRW,0,2021-03-17,2021-06-16,-0.2213142204046904,-0.7656275732919018,1184.7250085047965,-0.5443133528872114,91,37,-0.1817915436037037,Mar21-Jun21,Mar-Jun
2021-02-09,KRW,0,2021-03-17,2021-06-16,-0.27568170236964057,-0.9725437833595654,1192.5787950707997,-0.6968620809899249,91,36,-0.23121779963380756,Mar21-Jun21,Mar-Jun
2021-02-10,KRW,0,2021-03-17,2021-06-16,-0.2091380224459457,-0.7528968808054045,1191.5583809171364,-0.5437588583594588,91,35,-0.18056283310600493,Mar21-Jun21,Mar-Jun
2021-02-11,KRW,0,2021-03-17,2021-06-16,-0.23356988747346527,-0.8587128215936223,1197.2779100836535,-0.625142934120157,91,34,-0.20659994313859373,Mar21-Jun21,Mar-Jun
2021-02-12,KRW,0,2021-03-17,2021-06-16,-0.16442881513670277,-0.61785372960458,1199.6038044671664,-0.4534249144678772,91,33,-0.14955060912728232,Mar21-Jun21,Mar-Jun
2021-02-15,KRW,0,2021-03-17,2021-06-16,-0.23630082070907363,-0.9530799768599303,1197.7961148278873,-0.7167791561508566,91,30,-0.2367823147822913,Mar21-Jun21,Mar-Jun
2021-02-16,KRW,0,2021-03-17,2021-06-16,-0.3142139084836741,-1.3001954833807206,1198.0082280813313,-0.9859815748970464,91,29,-0.32567470522395353,Mar21-Jun21,Mar-Jun
2021-02-17,KRW,0,2021-03-17,2021-06-16,-0.22230893203552982,-0.9448129611510018,1197.4145979904501,-0.722504029115472,91,28,-0.238746751355042,Mar21-Jun21,Mar-Jun
2021-02-18,KRW,0,2021-03-17,2021-06-16,-0.22382517952169756,-0.9781989327244559,1193.0159604494997,-0.7543737532027583,91,27,-0.25019746850358354,Mar21-Jun21,Mar-Jun
2021-02-19,KRW,0,2021-03-17,2021-06-16,-0.23402916762354786,-1.0531312543059654,1199.055528630699,-0.8191020866824176,91,26,-0.2702991113234579,Mar21-Jun21,Mar-Jun
2021-02-22,KRW,0,2021-03-17,2021-06-16,-0.13374633415313597,-0.6629166127590218,1197.5069088298446,-0.5291702786058858,91,23,-0.17483445829317854,Mar21-Jun21,Mar-Jun
2021-02-23,KRW,0,2021-03-17,2021-06-16,-0.05385068566704043,-0.2765967036534349,1197.8007511708704,-0.22274601798639448,91,22,-0.07357088862692074,Mar21-Jun21,Mar-Jun
2021-02-24,KRW,0,2021-03-17,2021-06-16,-0.035802518852831505,-0.19094676721510132,1199.5130652042374,-0.1551442483622698,91,21,-0.051168745347862275,Mar21-Jun21,Mar-Jun
2021-02-25,KRW,0,2021-03-17,2021-06-16,-0.04593586039928171,-0.25494402521601345,1195.3528120006197,-0.20900816481673173,91,20,-0.0691743270026615,Mar21-Jun21,Mar-Jun
2021-02-26,KRW,0,2021-03-17,2021-06-16,-0.020839289237670068,-0.12064851663914251,1183.9306723587367,-0.09980922740147244,91,19,-0.03335133130835452,Mar21-Jun21,Mar-Jun
2021-03-01,KRW,0,2021-03-17,2021-06-16,-0.04070536609306062,-0.2722171357473429,1188.4561306609157,-0.23151176965428227,91,16,-0.07706654740417558,Mar21-Jun21,Mar-Jun
2021-03-02,KRW,0,2021-03-17,2021-06-16,0.00609796616818724,0.04309229425518983,1184.5141015610718,0.03699432808700259,91,15,0.012355313830498134,Mar21-Jun21,Mar-Jun
2021-03-03,KRW,0,2021-03-17,2021-06-16,-0.014301185219972923,-0.10725888914979692,1177.154279043503,-0.092957703929824,91,14,-0.031240529564587685,Mar21-Jun21,Mar-Jun
2021-03-04,KRW,0,2021-03-17,2021-06-16,0.06169550150788172,0.4935640120630538,1180.4157558395634,0.43186851055517206,91,13,0.1447287967292637,Mar21-Jun21,Mar-Jun
2021-03-05,KRW,0,2021-03-17,2021-06-16,0.11037387980533277,0.9473758016624395,1189.153168580573,0.8370019218571068,91,12,0.27842578839250304,Mar21-Jun21,Mar-Jun
2021-03-08,KRW,0,2021-03-17,2021-06-16,0.03204254334859491,0.3560282594288323,1186.5612921934855,0.3239857160802374,91,9,0.10801524805695813,Mar21-Jun21,Mar-Jun
2021-03-09,KRW,0,2021-03-17,2021-06-16,0.031024375199510224,0.383926643093939,1190.8174479860902,0.35290226789442874,91,8,0.11723547675292532,Mar21-Jun21,Mar-Jun
2021-03-10,KRW,0,2021-03-17,2021-06-16,-0.0008366755877780698,-0.011713458228892975,1188.5674456375932,-0.010876782641114906,91,7,-0.00362024558862785,Mar21-Jun21,Mar-Jun
2021-03-11,KRW,0,2021-03-17,2021-06-16,-0.017235162014111977,-0.2388301021955517,1180.871052072827,-0.22159494018143971,91,6,-0.07423775163709585,Mar21-Jun21,Mar-Jun
2021-03-12,KRW,0,2021-03-17,2021-06-16,-0.017910895910568964,-0.24563514391637437,1190.5095867735279,-0.2277242480058054,91,5,-0.0756735349958945,Mar21-Jun21,Mar-Jun
2021-03-15,KRW,0,2021-03-17,2021-06-16,-0.036189440081871506,-0.4808025610877214,1193.1432518165457,-0.4446131210058499,91,2,-0.1474225663059828,Mar21-Jun21,Mar-Jun
2021-03-16,KRW,0,2021-03-17,2021-06-16,-0.04586288186657499,-0.6027693045321283,1189.213039960692,-0.5569064226655533,91,1,-0.18526800351828307,Mar21-Jun21,Mar-Jun
2021-03-17,KRW,0,2021-06-16,2021-09-15,-0.974450664717334,-1.948901329434668,1196.4089569313485,-0.974450664717334,91,91,-0.322474350741079,Jun21-Sep21,Jun-Sep
2021-03-18,KRW,0,2021-06-16,2021-09-15,-1.0664460148023671,-2.144741429769205,1199.4660538597427,-1.0782954149668378,91,90,-0.35595673023299107,Jun21-Sep21,Jun-Sep
2021-03-19,KRW,0,2021-06-16,2021-09-15,-1.1926198293919932,-2.412040104388301,1192.0744204484706,-1.2194202749963077,91,89,-0.40508472010143576,Jun21-Sep21,Jun-Sep
2021-03-22,KRW,0,2021-06-16,2021-09-15,-0.9200717073572002,-1.893635955839819,1194.2018296927886,-0.9735642484826188,91,86,-0.32276224246753715,Jun21-Sep21,Jun-Sep
2021-03-23,KRW,0,2021-06-16,2021-09-15,-0.8042437225291108,-1.6652575901779236,1194.1588905427504,-0.8610138676488128,91,85,-0.28543138590510786,Jun21-Sep21,Jun-Sep
2021-03-24,KRW,0,2021-06-16,2021-09-15,-0.6314433910074171,-1.3155070645987856,1197.3672828672634,-0.6840636735913685,91,84,-0.226130602275979,Jun21-Sep21,Jun-Sep
2021-03-25,KRW,0,2021-06-16,2021-09-15,-0.5905507454438632,-1.2380220446654482,1194.7501141286252,-0.647471299221585,91,83,-0.21449603541598264,Jun21-Sep21,Jun-Sep
2021-03-26,KRW,0,2021-06-16,2021-09-15,-0.4160258528401932,-0.8777130797726027,1193.469894855151,-0.4616872269324095,91,82,-0.15309073723684158,Jun21-Sep21,Jun-Sep
2021-03-29,KRW,0,2021-06-16,2021-09-15,-0.5032564001963424,-1.0829568105490914,1200.9743250561273,-0.579700410352749,91,79,-0.1910350332108022,Jun21-Sep21,Jun-Sep
2021-03-30,KRW,0,2021-06-16,2021-09-15,-0.0933465939850699,-0.20225095363431814,1196.126180971494,-0.10890435964924823,91,78,-0.036021622600526326,Jun21-Sep21,Jun-Sep
2021-03-31,KRW,0,2021-06-16,2021-09-15,-0.3437933355867344,-0.750094550371057,1194.5454147429987,-0.4063012147843226,91,77,-0.1345958200246933,Jun21-Sep21,Jun-Sep
2021-04-01,KRW,0,2021-06-16,2021-09-15,-0.3526776971211494,-0.7749628344635782,1197.3822144027713,-0.4222851373424288,91,76,-0.13956034618062213,Jun21-Sep21,Jun-Sep
2021-04-02,KRW,0,2021-06-16,2021-09-15,-0.32147343211315355,-0.7115278630771131,1193.8208639458683,-0.3900544309639596,91,75,-0.12928975803490841,Jun21-Sep21,Jun-Sep
2021-04-05,KRW,0,2021-06-16,2021-09-15,-0.3218423971727844,-0.7286154269328313,1191.287164857533,-0.4067730297600469,91,72,-0.13511829064337444,Jun21-Sep21,Jun-Sep
2021-04-06,KRW,0,2021-06-16,2021-09-15,-0.2830421218677313,-0.6458144189094714,1185.9866239901696,-0.36277229704174013,91,71,-0.12103726218572151,Jun21-Sep21,Jun-Sep
2021-04-07,KRW,0,2021-06-16,2021-09-15,0.05012544105779881,0.11528851443293726,1189.5510927703363,0.06516307337513846,91,70,0.021670117568504878,Jun21-Sep21,Jun-Sep
2021-04-08,KRW,0,2021-06-16,2021-09-15,0.20508830790032717,0.4755670907833674,1190.9110604920122,0.2704787828830402,91,69,0.08983388860452278,Jun21-Sep21,Jun-Sep
2021-04-09,KRW,0,2021-06-16,2021-09-15,0.22970485896837514,0.5371040084701713,1191.7926551544624,0.30739914950179614,91,68,0.10201860202236705,Jun21-Sep21,Jun-Sep
2021-04-12,KRW,0,2021-06-16,2021-09-15,0.208401199824022,0.5001628795776527,1197.3161870176582,0.2917616797536307,91,65,0.09638399421196697,Jun21-Sep21,Jun-Sep
2021-04-13,KRW,0,2021-06-16,2021-09-15,0.23873700464300968,0.578191183119789,1194.0916369040094,0.33945417847677933,91,64,0.11243921116410227,Jun21-Sep21,Jun-Sep
2021-04-14,KRW,0,2021-06-16,2021-09-15,0.44270884348190337,1.0821771729557639,1201.5946591041654,0.6394683294738606,91,63,0.21045642068649043,Jun21-Sep21,Jun-Sep
2021-04-15,KRW,0,2021-06-16,2021-09-15,0.4715890400543556,1.1637600504567163,1202.3042725763237,0.6921710104023606,91,62,0.22766161424048192,Jun21-Sep21,Jun-Sep
2021-04-16,KRW,0,2021-06-16,2021-09-15,0.5235912066926274,1.3046862855291699,1204.030752851271,0.7810950788365425,91,61,0.25653026623256675,Jun21-Sep21,Jun-Sep
2021-04-19,KRW,0,2021-06-16,2021-09-15,0.3711430592832714,0.9534537212621973,1196.3901015850543,0.5823106619789259,91,58,0.1924900714466782,Jun21-Sep21,Jun-Sep
2021-04-20,KRW,0,2021-06-16,2021-09-15,0.4729947153763735,1.228126629398303,1200.1562705318588,0.7551319140219296,91,57,0.24881411197873593,Jun21-Sep21,Jun-Sep
2021-04-21,KRW,0,2021-06-16,2021-09-15,0.47635741084248945,1.2504382034615347,1195.8864908601886,0.7740807926190452,91,56,0.25596729667394774,Jun21-Sep21,Jun-Sep
2021-04-22,KRW,0,2021-06-16,2021-09-15,0.5178611716848645,1.3746860193816401,1201.850232688171,0.8568248476967757,91,55,0.2819133988525364,Jun21-Sep21,Jun-Sep
2021-04-23,KRW,0,2021-06-16,2021-09-15,0.3744437854992477,1.0054509055072394,1197.57103158661,0.6310071200079916,91,54,0.20838109535424634,Jun21-Sep21,Jun-Sep
2021-04-26,KRW,0,2021-06-16,2021-09-15,0.33744277764754527,0.9395465573715965,1201.9174427344456,0.6021037797240513,91,51,0.19812346345124865,Jun21-Sep21,Jun-Sep
2021-04-27,KRW,0,2021-06-16,2021-09-15,0.12902809105164612,0.36385921676564204,1205.8617703801783,0.23483112571399592,91,50,0.07703228389047896,Jun21-Sep21,Jun-Sep
2021-04-28,KRW,0,2021-06-16,2021-09-15,0.16777288733271592,0.4793511066649026,1204.8572856194698,0.31157821933218666,91,49,0.10228975096592885,Jun21-Sep21,Jun-Sep
2021-04-29,KRW,0,2021-06-16,2021-09-15,0.012136192823745333,0.03514439171876252,1200.7744791211874,0.023008198895017186,91,48,0.007580151628669032,Jun21-Sep21,Jun-Sep
2021-04-30,KRW,0,2021-06-16,2021-09-15,0.13796102731627977,0.40507705892865126,1193.6946274774778,0.2671160316123715,91,47,0.08851515468729192,Jun21-Sep21,Jun-Sep
2021-05-03,KRW,0,2021-06-16,2021-09-15,0.21634619908397046,0.6637894744621821,1195.1876308605545,0.4474432753782116,91,44,0.14807590565212317,Jun21-Sep21,Jun-Sep
2021-05-04,KRW,0,2021-06-16,2021-09-15,0.1914892031490401,0.5967337958597994,1207.7185242253845,0.40524459271075924,91,43,0.1327222561192677,Jun21-Sep21,Jun-Sep
2021-05-05,KRW,0,2021-06-16,2021-09-15,0.3613088934541364,1.144144829271432,1202.805434674362,0.7828359358172956,91,42,0.2573985184531049,Jun21-Sep21,Jun-Sep
2021-05-06,KRW,0,2021-06-16,2021-09-15,0.43615062666250676,1.4041922614500217,1205.201561903399,0.9680416347875149,91,41,0.31764229160215407,Jun21-Sep21,Jun-Sep
2021-05-07,KRW,0,2021-06-16,2021-09-15,0.39667013494922504,1.2990946919587119,1201.7332016591288,0.9024245570094869,91,40,0.2969755014251917,Jun21-Sep21,Jun-Sep
2021-05-10,KRW,0,2021-06-16,2021-09-15,0.5010063285404899,1.7332110825184515,1198.3172744783724,1.2322047539779617,91,37,0.4066217747615573,Jun21-Sep21,Jun-Sep
2021-05-11,KRW,0,2021-06-16,2021-09-15,0.43903763365205173,1.5488272076058494,1189.3867888206507,1.1097895739537975,91,36,0.36899319538257397,Jun21-Sep21,Jun-Sep
2021-05-12,KRW,0,2021-06-16,2021-09-15,0.4605151876435576,1.6578546755168075,1196.3176948245018,1.19733948787325,91,35,0.39578993039030436,Jun21-Sep21,Jun-Sep
2021-05-13,KRW,0,2021-06-16,2021-09-15,0.575040750031783,2.114120404528614,1202.3999743807872,1.539079654496831,91,34,0.5061340999156849,Jun21-Sep21,Jun-Sep
2021-05-14,KRW,0,2021-06-16,2021-09-15,0.4115694520481694,1.5465033955749397,1204.0149672881118,1.1349339435267702,91,33,0.3727789475604267,Jun21-Sep21,Jun-Sep
2021-05-17,KRW,0,2021-06-16,2021-09-15,0.620300244838144,2.5018776541805146,1208.7667804495038,1.8815774093423705,91,30,0.6154855675971737,Jun21-Sep21,Jun-Sep
2021-05-18,KRW,0,2021-06-16,2021-09-15,0.654318059401306,2.707523004419197,1212.6602214237748,2.053204945017891,91,29,0.6694528705407642,Jun21-Sep21,Jun-Sep
2021-05-19,KRW,0,2021-06-16,2021-09-15,0.5852493273144287,2.487309641086322,1204.6943662434053,1.9020603137718934,91,28,0.624306103838447,Jun21-Sep21,Jun-Sep
2021-05-20,KRW,0,2021-06-16,2021-09-15,0.46699060336136783,2.040921896171904,1206.4363750281034,1.573931292810536,91,27,0.5159105157432555,Jun21-Sep21,Jun-Sep
2021-05-21,KRW,0,2021-06-16,2021-09-15,0.4902083276650932,2.2059374744929197,1204.5446236716973,1.7157291468278264,91,26,0.5632617200163438,Jun21-Sep21,Jun-Sep
2021-05-24,KRW,0,2021-06-16,2021-09-15,0.38042610989204584,1.8855902838127492,1207.334902640651,1.5051641739207033,91,23,0.49303801080776005,Jun21-Sep21,Jun-Sep
2021-05-25,KRW,0,2021-06-16,2021-09-15,0.35017334847974857,1.798617653555072,1204.7980103387688,1.4484443050753235,91,22,0.4754692755896555,Jun21-Sep21,Jun-Sep
2021-05-26,KRW,0,2021-06-16,2021-09-15,0.2860839104480192,1.5257808557227686,1208.690387324032,1.2396969452747495,91,21,0.4056568282650484,Jun21-Sep21,Jun-Sep
2021-05-27,KRW,0,2021-06-16,2021-09-15,0.30871274741370824,1.713355748146081,1210.806872774489,1.404643000732373,91,20,0.4588190854676237,Jun21-Sep21,Jun-Sep
2021-05-28,KRW,0,2021-06-16,2021-09-15,0.34828256914800526,2.0163727687516095,1212.163300955412,1.6680901996036042,91,19,0.5442453698541906,Jun21-Sep21,Jun-Sep
2021-05-31,KRW,0,2021-06-16,2021-09-15,0.280857105524872,1.8782318931975812,1206.8952400110006,1.5973747876727091,91,16,0.5234766401856549,Jun21-Sep21,Jun-Sep
2021-06-01,KRW,0,2021-06-16,2021-09-15,0.2582222862655147,1.8247708229429707,1204.3170185964902,1.5665485366774559,91,15,0.5144830028077921,Jun21-Sep21,Jun-Sep
2021-06-02,KRW,0,2021-06-16,2021-09-15,0.19525601983428614,1.464420148757146,1205.8696014426032,1.26916412892286,91,14,0.4163017478195772,Jun21-Sep21,Jun-Sep
2021-06-03,KRW,0,2021-06-16,2021-09-15,0.09675091931159893,0.7740073544927913,1206.2651079878854,0.6772564351811924,91,13,0.22209391048872668,Jun21-Sep21,Jun-Sep
2021-06-04,KRW,0,2021-06-16,2021-09-15,0.07890420767946507,0.6772611159154085,1205.486801383767,0.5983569082359435,91,12,0.19634983140324946,Jun21-Sep21,Jun-Sep
2021-06-07,KRW,0,2021-06-16,2021-09-15,0.07213246654032796,0.8014718504480886,1209.6529887459772,0.7293393839077607,91,9,0.238508617455234,Jun21-Sep21,Jun-Sep
2021-06-08,KRW,0,2021-06-16,2021-09-15,0.05398163655186713,0.6680227523293557,1202.1341677856187,0.6140411157774885,91,8,0.20206268428121757,Jun21-Sep21,Jun-Sep
2021-06-09,KRW,0,2021-06-16,2021-09-15,0.045376555686570993,0.6352717796119938,1191.5401295787929,0.5898952239254228,91,7,0.19584422798829,Jun21-Sep21,Jun-Sep
2021-06-10,KRW,0,2021-06-16,2021-09-15,0.05541022521525738,0.7678274065542807,1193.9477205972705,0.7124171813390233,91,6,0.23604240321186054,Jun21-Sep21,Jun-Sep
2021-06-11,KRW,0,2021-06-16,2021-09-15,0.03166582595378861,0.434274184509101,1190.5290999237243,0.4026083585553124,91,5,0.13378035034715086,Jun21-Sep21,Jun-Sep
2021-06-14,KRW,0,2021-06-16,2021-09-15,0.026439242215632028,0.35126421800768265,1189.896405145172,0.3248249757920506,91,2,0.10799203396380488,Jun21-Sep21,Jun-Sep
2021-06-15,KRW,0,2021-06-16,2021-09-15,0.030126340561522077,0.3959461902371473,1192.1411708753205,0.3658198496756252,91,1,0.12139190137270542,Jun21-Sep21,Jun-Sep
2021-06-16,KRW,0,2021-09-15,2021-12-15,0.9546013782445006,1.9092027564890013,1189.9752892371537,0.9546013782445006,91,91,0.3171005314917986,Sep21-Dec21,Sep-Dec
2021-06-17,KRW,0,2021-09-15,2021-12-15,1.025236965997129,2.0618654538386707,1184.4781835303502,1.0366284878415417,91,90,0.34592459145087234,Sep21-Dec21,Sep-Dec
2021-06-18,KRW,0,2021-09-15,2021-12-15,0.7743221470215818,1.5660447917290419,1182.5471768960915,0.7917226447074601,91,89,0.26468627384786736,Sep21-Dec21,Sep-Dec
2021-06-21,KRW,0,2021-09-15,2021-12-15,1.061623273803747,2.184968830968177,1179.913092430044,1.12334555716443,91,86,0.3762997075955011,Sep21-Dec21,Sep-Dec
2021-06-22,KRW,0,2021-09-15,2021-12-15,1.2655755539967142,2.6204858529814317,1181.9237381613466,1.3549102989847175,91,85,0.4530200397473415,Sep21-Dec21,Sep-Dec
2021-06-23,KRW,0,2021-09-15,2021-12-15,1.3901365287240501,2.8961177681751042,1179.4408424057,1.505981239451054,91,84,0.5045368970267043,Sep21-Dec21,Sep-Dec
2021-06-24,KRW,0,2021-09-15,2021-12-15,1.3046899324607188,2.735133111423676,1173.3398002831932,1.430443178962957,91,83,0.481753938296912,Sep21-Dec21,Sep-Dec
2021-06-25,KRW,0,2021-09-15,2021-12-15,0.9346302627781014,1.9718418958611164,1172.235636555708,1.037211633083015,91,82,0.3497578252920734,Sep21-Dec21,Sep-Dec
2021-06-28,KRW,0,2021-09-15,2021-12-15,1.0517877383937622,2.2633407028726524,1168.2658299039706,1.2115529644788903,91,79,0.4098934891802385,Sep21-Dec21,Sep-Dec
2021-06-29,KRW,0,2021-09-15,2021-12-15,1.1777838767946245,2.5518650663883533,1160.5556242631892,1.3740811895937288,91,78,0.4679150609870519,Sep21-Dec21,Sep-Dec
2021-06-30,KRW,0,2021-09-15,2021-12-15,1.011646430207628,2.207228574998461,1157.975216935215,1.195582144790833,91,77,0.40809569697107084,Sep21-Dec21,Sep-Dec
2021-07-01,KRW,0,2021-09-15,2021-12-15,0.9704341288256503,2.132401309393205,1157.936105521199,1.1619671805675549,91,76,0.39664917614441264,Sep21-Dec21,Sep-Dec
2021-07-02,KRW,0,2021-09-15,2021-12-15,0.9629933188850184,2.131425212465507,1166.9576373918446,1.1684318935804887,91,75,0.3957775733300502,Sep21-Dec21,Sep-Dec
2021-07-05,KRW,0,2021-09-15,2021-12-15,1.009670543290922,2.3918800843225747,1157.4344719401595,1.3822095410316526,91,72,0.47201945266535994,Sep21-Dec21,Sep-Dec
2021-07-06,KRW,0,2021-09-15,2021-12-15,0.8247669827864466,1.9779881215451474,1153.505141121317,1.1532211387587008,91,71,0.39522440542683057,Sep21-Dec21,Sep-Dec
2021-07-07,KRW,0,2021-09-15,2021-12-15,0.8280728466471745,1.9910057523620914,1152.509400981197,1.162932905714917,91,70,0.3988957089608904,Sep21-Dec21,Sep-Dec
2021-07-08,KRW,0,2021-09-15,2021-12-15,0.9351476316491603,2.245316599463307,1152.8748476309806,1.3101689678141466,91,69,0.4492148662082663,Sep21-Dec21,Sep-Dec
2021-07-09,KRW,0,2021-09-15,2021-12-15,1.0306248784179262,2.476811815698303,1148.0288568994274,1.446186937280377,91,68,0.4979010384811471,Sep21-Dec21,Sep-Dec
2021-07-12,KRW,0,2021-09-15,2021-12-15,0.9663232082190616,2.3575719972261058,1151.8889250107331,1.3912487890070442,91,65,0.47740957692718927,Sep21-Dec21,Sep-Dec
2021-07-13,KRW,0,2021-09-15,2021-12-15,1.0457702462323946,2.5614554586183527,1149.2257409708982,1.515685212385958,91,64,0.521278434287205,Sep21-Dec21,Sep-Dec
2021-07-14,KRW,0,2021-09-15,2021-12-15,0.9552760856043476,2.354246748702521,1147.6457001802812,1.3989706630981735,91,63,0.48183743099582044,Sep21-Dec21,Sep-Dec
2021-07-15,KRW,0,2021-09-15,2021-12-15,0.9919036588348943,2.457348330744214,1150.3291052950724,1.4654446719093195,91,62,0.5035401501524797,Sep21-Dec21,Sep-Dec
2021-07-16,KRW,0,2021-09-15,2021-12-15,1.0878251702053894,2.7106463257576916,1149.433542137467,1.6228211555523022,91,61,0.5580037021985402,Sep21-Dec21,Sep-Dec
2021-07-19,KRW,0,2021-09-15,2021-12-15,0.9456650719543962,2.4293809607104313,1140.0741898328884,1.483715888756035,91,58,0.514420958493227,Sep21-Dec21,Sep-Dec
2021-07-20,KRW,0,2021-09-15,2021-12-15,0.6626809791024824,1.7206453492485507,1135.6642920481702,1.0579643701460684,91,57,0.3683229960717565,Sep21-Dec21,Sep-Dec
2021-07-21,KRW,0,2021-09-15,2021-12-15,0.8754732640354412,2.298117318093033,1140.4695752831947,1.422644054057592,91,56,0.4931061311231266,Sep21-Dec21,Sep-Dec
2021-07-22,KRW,0,2021-09-15,2021-12-15,1.007414551586558,2.6742277187570447,1148.0109745338107,1.6668131671704867,91,55,0.573879949918626,Sep21-Dec21,Sep-Dec
2021-07-23,KRW,0,2021-09-15,2021-12-15,0.9280487061272091,2.4919826368230615,1151.2492426121053,1.5639339306958524,91,54,0.536982582524494,Sep21-Dec21,Sep-Dec
2021-07-26,KRW,0,2021-09-15,2021-12-15,0.8383175797642195,2.334139143657239,1154.9831435927756,1.4958215638930195,91,51,0.5119766379105402,Sep21-Dec21,Sep-Dec
2021-07-27,KRW,0,2021-09-15,2021-12-15,0.9241899391040896,2.6062156282735325,1160.567129260406,1.6820256891694427,91,50,0.5728986047123863,Sep21-Dec21,Sep-Dec
2021-07-28,KRW,0,2021-09-15,2021-12-15,0.7594019718884399,2.1697199196812567,1163.3678355918944,1.4103179477928167,91,49,0.4792671808919052,Sep21-Dec21,Sep-Dec
2021-07-29,KRW,0,2021-09-15,2021-12-15,0.5726149157771967,1.6581973602714652,1168.677659965633,1.0855824444942686,91,48,0.3672962034381569,Sep21-Dec21,Sep-Dec
2021-07-30,KRW,0,2021-09-15,2021-12-15,0.4647743408827263,1.3646565753577922,1173.1796694502723,0.8998822344750659,91,47,0.303326419997067,Sep21-Dec21,Sep-Dec
2021-08-02,KRW,0,2021-09-15,2021-12-15,0.380988863824559,1.2959306594036293,1172.1928106526354,0.9149417955790703,91,44,0.30868419216136783,Sep21-Dec21,Sep-Dec
2021-08-03,KRW,0,2021-09-15,2021-12-15,0.496168190271687,1.6634577714360759,1172.592250080279,1.1672895811643889,91,43,0.39364883504058407,Sep21-Dec21,Sep-Dec
2021-08-04,KRW,0,2021-09-15,2021-12-15,0.5586322059856234,1.877215559499986,1180.5117150419521,1.3185833535143625,91,42,0.4416649455610956,Sep21-Dec21,Sep-Dec
2021-08-05,KRW,0,2021-09-15,2021-12-15,0.6654062819008404,2.2408834002546807,1183.1971315700428,1.5754771183538403,91,41,0.5264679413927402,Sep21-Dec21,Sep-Dec
2021-08-06,KRW,0,2021-09-15,2021-12-15,0.5248919668857653,1.8074872074334039,1179.546878433632,1.2825952405476384,91,40,0.4299741148538916,Sep21-Dec21,Sep-Dec
2021-08-09,KRW,0,2021-09-15,2021-12-15,0.541976455789912,1.934166916820001,1184.426800665571,1.392190461030089,91,37,0.4647858040952006,Sep21-Dec21,Sep-Dec
2021-08-10,KRW,0,2021-09-15,2021-12-15,0.469290718860507,1.7051476579225628,1190.2629266185868,1.2358569390620557,91,36,0.4105964635141031,Sep21-Dec21,Sep-Dec
2021-08-11,KRW,0,2021-09-15,2021-12-15,0.4603791542295033,1.6972771868532504,1197.3669488111486,1.236898032623747,91,35,0.40850821082157784,Sep21-Dec21,Sep-Dec
2021-08-12,KRW,0,2021-09-15,2021-12-15,0.47825974197269916,1.7882909558666003,1199.3232386788386,1.3100312138939012,91,34,0.43194987443963107,Sep21-Dec21,Sep-Dec
2021-08-13,KRW,0,2021-09-15,2021-12-15,0.4359613530512302,1.6581427059608127,1199.0936697350417,1.2221813529095824,91,33,0.4030749244586027,Sep21-Dec21,Sep-Dec
2021-08-16,KRW,0,2021-09-15,2021-12-15,0.4192217279177747,1.6908609692683583,1201.6038304135332,1.2716392413505835,91,30,0.4185161612375734,Sep21-Dec21,Sep-Dec
2021-08-17,KRW,0,2021-09-15,2021-12-15,0.2955088918223421,1.2227954144372775,1201.1313511948722,0.9272865226149354,91,29,0.3053357940613917,Sep21-Dec21,Sep-Dec
2021-08-18,KRW,0,2021-09-15,2021-12-15,0.2043315353658096,0.868409025304691,1202.9221169917712,0.6640774899388814,91,28,0.21835774150205323,Sep21-Dec21,Sep-Dec
2021-08-19,KRW,0,2021-09-15,2021-12-15,0.14850601850466075,0.6490263030944434,1201.1312813799623,0.5005202845897827,91,27,0.1648308968068862,Sep21-Dec21,Sep-Dec
2021-08-20,KRW,0,2021-09-15,2021-12-15,0.19544973496886883,0.8795238073599099,1199.2015599985352,0.684074072391041,91,26,0.2256323033663278,Sep21-Dec21,Sep-Dec
2021-08-23,KRW,0,2021-09-15,2021-12-15,0.21140051803402157,1.0478112632990635,1192.8176801480884,0.8364107452650419,91,23,0.2773509654709368,Sep21-Dec21,Sep-Dec
2021-08-24,KRW,0,2021-09-15,2021-12-15,0.16049859677156952,0.8243791561448799,1190.4505850153926,0.6638805593733104,91,22,0.2205876218182292,Sep21-Dec21,Sep-Dec
2021-08-25,KRW,0,2021-09-15,2021-12-15,0.28485138681710076,1.5192073963578705,1194.2605439171625,1.2343560095407697,91,21,0.4087887032462055,Sep21-Dec21,Sep-Dec
2021-08-26,KRW,0,2021-09-15,2021-12-15,0.3092247759930882,1.716197506761639,1202.8590934427186,1.406972730768551,91,20,0.46261573576972553,Sep21-Dec21,Sep-Dec
2021-08-27,KRW,0,2021-09-15,2021-12-15,0.33410783048118864,1.9343084922595133,1202.6412061082492,1.6002006617783247,91,19,0.526233920441727,Sep21-Dec21,Sep-Dec
2021-08-30,KRW,0,2021-09-15,2021-12-15,0.2683527673144665,1.7946091314154946,1198.0342967376591,1.526256364101028,91,16,0.5038741479099309,Sep21-Dec21,Sep-Dec
2021-08-31,KRW,0,2021-09-15,2021-12-15,0.27087644503286923,1.9141935448989424,1189.347772297474,1.6433170998660733,91,15,0.5464805622928887,Sep21-Dec21,Sep-Dec
2021-09-01,KRW,0,2021-09-15,2021-12-15,0.21021284937260382,1.7112041880939524,1192.240671937751,1.5009913387213485,91,14,0.4979649719228087,Sep21-Dec21,Sep-Dec
2021-09-02,KRW,0,2021-09-15,2021-12-15,0.20545814520886352,1.7681972094301288,1187.8441478571838,1.5627390642212653,91,13,0.5203709002260294,Sep21-Dec21,Sep-Dec
2021-09-03,KRW,0,2021-09-15,2021-12-15,0.2437749313377321,2.2076135330626583,1190.5244038313972,1.9638386017249263,91,12,0.6524386500714155,Sep21-Dec21,Sep-Dec
2021-09-06,KRW,0,2021-09-15,2021-12-15,0.1817281439353212,2.1060242068917168,1196.2225937428716,1.9242960629563957,91,9,0.6362898955005747,Sep21-Dec21,Sep-Dec
2021-09-07,KRW,0,2021-09-15,2021-12-15,0.1531442607728999,1.9721365495688836,1193.132998815832,1.8189922887959837,91,8,0.6030417341165162,Sep21-Dec21,Sep-Dec
2021-09-08,KRW,0,2021-09-15,2021-12-15,0.1333811246365374,1.9346400613811991,1192.2478917485394,1.8012589367446616,91,7,0.5976158542651648,Sep21-Dec21,Sep-Dec
2021-09-09,KRW,0,2021-09-15,2021-12-15,0.14924796935098364,2.125874341113107,1192.960779346325,1.9766263717621235,91,6,0.6553981302931815,Sep21-Dec21,Sep-Dec
2021-09-10,KRW,0,2021-09-15,2021-12-15,0.1373009150275249,1.9312822363534616,1197.796819061386,1.7939813213259368,91,5,0.5924423426245381,Sep21-Dec21,Sep-Dec
2021-09-13,KRW,0,2021-09-15,2021-12-15,0.12657030741106529,1.7008776129316285,1196.6416400177654,1.5743073055205632,91,2,0.5204039384759674,Sep21-Dec21,Sep-Dec
2021-09-14,KRW,0,2021-09-15,2021-12-15,0.12320228915306522,1.628895495218397,1198.5107416286526,1.5056932060653316,91,1,0.4969480914282747,Sep21-Dec21,Sep-Dec
2021-09-15,KRW,0,2021-12-15,2022-03-16,1.3242796721107555,2.947678550838487,1196.476826467904,1.6233988787277316,91,91,0.5361689256686686,Dec21-Mar22,Dec-Mar
2021-09-16,KRW,0,2021-12-15,2022-03-16,1.7009658099471556,3.719292808979079,1193.846275896975,2.0183269990319235,91,90,0.667860712424998,Dec21-Mar22,Dec-Mar
2021-09-17,KRW,0,2021-12-15,2022-03-16,1.4823257656102315,3.2976658224423434,1198.8143994394088,1.8153400568321119,91,89,0.5983158088486895,Dec21-Mar22,Dec-Mar
2021-09-20,KRW,0,2021-12-15,2022-03-16,1.7902860850086233,3.9844907724913208,1199.3288087314988,2.1942046874826975,91,86,0.7226902169568677,Dec21-Mar22,Dec-Mar
2021-09-21,KRW,0,2021-12-15,2022-03-16,1.4986847663269165,3.402314009722172,1196.6198566045805,1.9036292433952555,91,85,0.6285555813421309,Dec21-Mar22,Dec-Mar
2021-09-22,KRW,0,2021-12-15,2022-03-16,1.507611387436356,3.4416202672390694,1203.0528403199764,1.9340088798027135,91,84,0.6351714543702712,Dec21-Mar22,Dec-Mar
2021-09-23,KRW,0,2021-12-15,2022-03-16,1.530180709246984,3.5082967371820035,1201.792085644872,1.9781160279350196,91,83,0.6503257003942131,Dec21-Mar22,Dec-Mar
2021-09-24,KRW,0,2021-12-15,2022-03-16,1.515532436331899,3.498395931124262,1203.9685300863896,1.9828634947923631,91,82,0.6507174493719978,Dec21-Mar22,Dec-Mar
2021-09-27,KRW,0,2021-12-15,2022-03-16,1.6158481925634922,3.7803599064823716,1212.8729051298064,2.1645117139188796,91,79,0.7050623943787037,Dec21-Mar22,Dec-Mar
2021-09-28,KRW,0,2021-12-15,2022-03-16,1.4779645596816582,3.5059942501795947,1214.9508168106745,2.0280296904979362,91,78,0.6595515267843567,Dec21-Mar22,Dec-Mar
2021-09-29,KRW,0,2021-12-15,2022-03-16,1.8080653530461466,4.249794173927482,1219.6972509435552,2.4417288208813352,91,77,0.7907936556045696,Dec21-Mar22,Dec-Mar
2021-09-30,KRW,0,2021-12-15,2022-03-16,1.8090562620013986,4.2803933997656305,1220.9211909449693,2.471337137764232,91,76,0.7995809680452532,Dec21-Mar22,Dec-Mar
2021-10-01,KRW,0,2021-12-15,2022-03-16,2.0651734123159615,4.875909814132638,1219.970646159901,2.8107364018166763,91,75,0.9099075965164861,Dec21-Mar22,Dec-Mar
2021-10-04,KRW,0,2021-12-15,2022-03-16,2.4937363450021803,5.697328569472077,1219.1714768286176,3.203592224469897,91,72,1.0373997328057822,Dec21-Mar22,Dec-Mar
2021-10-05,KRW,0,2021-12-15,2022-03-16,2.5681860484232923,5.932925551722551,1221.5469006418284,3.364739503299259,91,71,1.0874024444613182,Dec21-Mar22,Dec-Mar
2021-10-06,KRW,0,2021-12-15,2022-03-16,2.3417685672094586,5.480719540657433,1221.3140138797237,3.1389509734479746,91,70,1.0148138230504022,Dec21-Mar22,Dec-Mar
2021-10-07,KRW,0,2021-12-15,2022-03-16,2.5499819615426795,6.02930051198528,1218.9298450869169,3.4793185504426005,91,69,1.1268575065941782,Dec21-Mar22,Dec-Mar
2021-10-08,KRW,0,2021-12-15,2022-03-16,2.5443527840681366,6.088281613857571,1223.437809123766,3.5439288297894347,91,68,1.1435678807855427,Dec21-Mar22,Dec-Mar
2021-10-11,KRW,0,2021-12-15,2022-03-16,2.4251588742418924,6.028439819527418,1223.8736549816288,3.6032809452855257,91,65,1.1624196031555938,Dec21-Mar22,Dec-Mar
2021-10-12,KRW,0,2021-12-15,2022-03-16,2.3865306381436815,6.012676189496886,1228.7857497344387,3.626145551353204,91,64,1.1651652186178756,Dec21-Mar22,Dec-Mar
2021-10-13,KRW,0,2021-12-15,2022-03-16,2.323253910519816,5.936878712439406,1232.0295825763017,3.6136248019195905,91,63,1.1581500956997954,Dec21-Mar22,Dec-Mar
2021-10-14,KRW,0,2021-12-15,2022-03-16,2.2517963074970666,5.839589831741657,1232.318771242994,3.5877935242445904,91,62,1.1496684968995368,Dec21-Mar22,Dec-Mar
2021-10-15,KRW,0,2021-12-15,2022-03-16,1.9916191375799868,5.270802932598319,1232.3193427107906,3.2791837950183327,91,61,1.0509989487262712,Dec21-Mar22,Dec-Mar
2021-10-18,KRW,0,2021-12-15,2022-03-16,1.9943694153969205,5.432057644079019,1234.3655491339275,3.4376882286820987,91,58,1.0999746542898572,Dec21-Mar22,Dec-Mar
2021-10-19,KRW,0,2021-12-15,2022-03-16,1.9206816984976816,5.29560565936583,1234.289909206696,3.374923960868148,91,57,1.0800220962129075,Dec21-Mar22,Dec-Mar
2021-10-20,KRW,0,2021-12-15,2022-03-16,1.624155509451886,4.571748282181277,1233.360279480302,2.947592772729391,91,56,0.9442067643169473,Dec21-Mar22,Dec-Mar
2021-10-21,KRW,0,2021-12-15,2022-03-16,1.662084828307576,4.7214814724799155,1237.6069857083044,3.0593966441723395,91,55,0.9766327499868582,Dec21-Mar22,Dec-Mar
2021-10-22,KRW,0,2021-12-15,2022-03-16,1.7494405637396735,5.005841133664205,1233.0769981936644,3.2564005699245318,91,54,1.0432610923096481,Dec21-Mar22,Dec-Mar
2021-10-25,KRW,0,2021-12-15,2022-03-16,1.818796827909178,5.372839475096252,1234.9540130827934,3.554042647187074,91,51,1.1368255205208055,Dec21-Mar22,Dec-Mar
2021-10-26,KRW,0,2021-12-15,2022-03-16,1.8306686935462695,5.470844241944018,1233.4341045741564,3.6401755483977487,91,50,1.1657981988009574,Dec21-Mar22,Dec-Mar
2021-10-27,KRW,0,2021-12-15,2022-03-16,1.7515123672402657,5.31573180568025,1245.6430256893932,3.5642194384399843,91,49,1.1303728160797024,Dec21-Mar22,Dec-Mar
2021-10-28,KRW,0,2021-12-15,2022-03-16,1.7110289152929787,5.267399677533335,1250.1804413230084,3.5563707622403564,91,48,1.1238321686730741,Dec21-Mar22,Dec-Mar
2021-10-29,KRW,0,2021-12-15,2022-03-16,1.6595826044108903,5.185538143573859,1250.8845395122153,3.525955539162968,91,47,1.1136402186307301,Dec21-Mar22,Dec-Mar
2021-11-01,KRW,0,2021-12-15,2022-03-16,1.7868469634131214,5.361169558966541,1257.180710673393,3.5743225955534195,91,44,1.1231566068019267,Dec21-Mar22,Dec-Mar
2021-11-02,KRW,0,2021-12-15,2022-03-16,1.667180871618423,5.09907661340324,1255.7478243169535,3.4318957417848175,91,43,1.0797334492619948,Dec21-Mar22,Dec-Mar
2021-11-03,KRW,0,2021-12-15,2022-03-16,1.6680219011315762,5.210966459602611,1259.536979086924,3.542944558471035,91,42,1.1113216642938124,Dec21-Mar22,Dec-Mar
2021-11-04,KRW,0,2021-12-15,2022-03-16,1.5134363662664363,4.827547213349992,1263.405582197054,3.3141108470835556,91,41,1.0364907155207774,Dec21-Mar22,Dec-Mar
2021-11-05,KRW,0,2021-12-15,2022-03-16,1.5076289586822558,4.919532257776388,1272.0686609096347,3.4119032990941323,91,40,1.0598218208336385,Dec21-Mar22,Dec-Mar
2021-11-08,KRW,0,2021-12-15,2022-03-16,1.2370681698279085,4.349304842958053,1274.361067661266,3.1122366731301443,91,37,0.9652056344918712,Dec21-Mar22,Dec-Mar
2021-11-09,KRW,0,2021-12-15,2022-03-16,1.2821299572124145,4.624036970469737,1273.216016937286,3.3419070132573223,91,36,1.0373283847976655,Dec21-Mar22,Dec-Mar
2021-11-10,KRW,0,2021-12-15,2022-03-16,1.3390052316569494,4.9551857536860995,1285.4690804164734,3.61618052202915,91,35,1.1117251482711188,Dec21-Mar22,Dec-Mar
2021-11-11,KRW,0,2021-12-15,2022-03-16,1.3600265341822324,5.169329156636668,1287.870838547999,3.809302622454436,91,34,1.168896046818011,Dec21-Mar22,Dec-Mar
2021-11-12,KRW,0,2021-12-15,2022-03-16,1.3687131250321325,5.348928342453423,1294.1348184721069,3.98021521742129,91,33,1.2154275129780174,Dec21-Mar22,Dec-Mar
2021-11-15,KRW,0,2021-12-15,2022-03-16,1.1588025254726242,4.997322086300934,1293.9409342454037,3.83851956082831,91,30,1.1725237584121668,Dec21-Mar22,Dec-Mar
2021-11-16,KRW,0,2021-12-15,2022-03-16,1.1112556020092441,4.921655099117681,1293.4242252832303,3.8103994971084365,91,29,1.1644414636160114,Dec21-Mar22,Dec-Mar
2021-11-17,KRW,0,2021-12-15,2022-03-16,1.0871754540195513,4.943646379014256,1292.6027977246497,3.8564709249947047,91,28,1.179290928335671,Dec21-Mar22,Dec-Mar
2021-11-18,KRW,0,2021-12-15,2022-03-16,1.0438927571113492,4.883649411926184,1285.8057456100405,3.8397566548148347,91,27,1.1804212127093714,Dec21-Mar22,Dec-Mar
2021-11-19,KRW,0,2021-12-15,2022-03-16,1.0205044048017733,4.912476178794987,1280.8254287480283,3.8919717739932134,91,26,1.2011436800153508,Dec21-Mar22,Dec-Mar
2021-11-22,KRW,0,2021-12-15,2022-03-16,0.8554869795210551,4.561499692415859,1285.0395235068681,3.706012712894804,91,23,1.140151340063472,Dec21-Mar22,Dec-Mar
2021-11-23,KRW,0,2021-12-15,2022-03-16,0.849742477612268,4.684002681369573,1277.6652763535153,3.834260203757305,91,22,1.1864156213698962,Dec21-Mar22,Dec-Mar
2021-11-24,KRW,0,2021-12-15,2022-03-16,0.7430985116205949,4.2830183288813455,1279.3050676193595,3.5399198172607504,91,21,1.094027456816907,Dec21-Mar22,Dec-Mar
2021-11-25,KRW,0,2021-12-15,2022-03-16,0.7360805108923592,4.403956658160794,1274.8392908328033,3.6678761472684354,91,20,1.137547775686019,Dec21-Mar22,Dec-Mar
2021-11-26,KRW,0,2021-12-15,2022-03-16,0.6662691777886767,4.17611182237834,1275.0558038808492,3.5098426445896633,91,19,1.0884104049013548,Dec21-Mar22,Dec-Mar
2021-11-29,KRW,0,2021-12-15,2022-03-16,0.5651180218590889,4.0974398419264775,1272.8522829752776,3.5323218200673887,91,16,1.097363706208031,Dec21-Mar22,Dec-Mar
2021-11-30,KRW,0,2021-12-15,2022-03-16,0.44691100046299626,3.4766938473125926,1274.091109496344,3.029782846849596,91,15,0.9404155801278581,Dec21-Mar22,Dec-Mar
2021-12-01,KRW,0,2021-12-15,2022-03-16,0.410472008477932,3.3954833118094907,1267.7729929000056,2.9850113033315586,91,14,0.9311614803399377,Dec21-Mar22,Dec-Mar
2021-12-02,KRW,0,2021-12-15,2022-03-16,0.47290310870313046,4.098589197735224,1261.457312440721,3.6256860890320937,91,13,1.1366217689607419,Dec21-Mar22,Dec-Mar
2021-12-03,KRW,0,2021-12-15,2022-03-16,0.41569328103504094,3.8835906572459753,1262.2266467808272,3.467897376210934,91,12,1.0865431975509476,Dec21-Mar22,Dec-Mar
2021-12-06,KRW,0,2021-12-15,2022-03-16,0.3424572504803733,4.11960124269354,1258.082727202014,3.777143992213167,91,9,1.1874005579444815,Dec21-Mar22,Dec-Mar
2021-12-07,KRW,0,2021-12-15,2022-03-16,0.2969364830011683,3.9895173094899516,1259.7133294019766,3.692580826488783,91,8,1.1593565906841532,Dec21-Mar22,Dec-Mar
2021-12-08,KRW,0,2021-12-15,2022-03-16,0.24881048381758133,3.798954223630023,1262.4298007355364,3.550143739812442,91,7,1.1122802398157166,Dec21-Mar22,Dec-Mar
2021-12-09,KRW,0,2021-12-15,2022-03-16,0.2598378222325848,3.9138523826936034,1252.9702413111386,3.6540145604610186,91,6,1.1534547772109702,Dec21-Mar22,Dec-Mar
2021-12-10,KRW,0,2021-12-15,2022-03-16,0.23149844224233312,3.4903024927684574,1261.8668537801302,3.258804050526124,91,5,1.0214712700728996,Dec21-Mar22,Dec-Mar
2021-12-13,KRW,0,2021-12-15,2022-03-16,0.246715126180498,3.5934249079560967,1262.5529262322063,3.3467097817755986,91,2,1.0484427276670072,Dec21-Mar22,Dec-Mar
2021-12-14,KRW,0,2021-12-15,2022-03-16,0.2641605461038595,3.7869474134466157,1260.4923728978504,3.5227868673427563,91,1,1.1053918282630804,Dec21-Mar22,Dec-Mar
2021-12-15,KRW,0,2022-03-16,2022-06-15,3.829039713499662,7.342123784009146,1263.8225719607099,3.5130840705094837,91,91,1.0963513063228751,Mar22-Jun22,Mar-Jun
2021-12-16,KRW,0,2022-03-16,2022-06-15,3.731856653966493,7.185745841487049,1263.689170729708,3.4538891875205557,91,90,1.0780740693045092,Mar22-Jun22,Mar-Jun
2021-12-17,KRW,0,2022-03-16,2022-06-15,3.635356584725688,7.030157998383759,1260.6647645920582,3.3948014136580706,91,89,1.0622464863778494,Mar22-Jun22,Mar-Jun
2021-12-20,KRW,0,2022-03-16,2022-06-15,3.688365834257353,7.2592460463648,1254.7513264254317,3.570880212107447,91,86,1.122545575108025,Mar22-Jun22,Mar-Jun
2021-12-21,KRW,0,2022-03-16,2022-06-15,3.7985799176446973,7.529081725749054,1256.1810468921797,3.730501808104357,91,85,1.1712910920892181,Mar22-Jun22,Mar-Jun
2021-12-22,KRW,0,2022-03-16,2022-06-15,3.5997038079361694,7.161388717583125,1247.978642278997,3.5616849096469556,91,84,1.1257930519647708,Mar22-Jun22,Mar-Jun
2021-12-23,KRW,0,2022-03-16,2022-06-15,3.4068408005397623,6.801204001630242,1243.5326223564202,3.3943632010904796,91,83,1.0768967077434737,Mar22-Jun22,Mar-Jun
2021-12-24,KRW,0,2022-03-16,2022-06-15,3.38568544043701,6.795273058222592,1253.2391394000156,3.409587617785582,91,82,1.073389465280955,Mar22-Jun22,Mar-Jun
2021-12-27,KRW,0,2022-03-16,2022-06-15,3.4519514317222404,7.066235409864975,1257.1053192724296,3.6142839781427343,91,79,1.13428137058551,Mar22-Jun22,Mar-Jun
2021-12-28,KRW,0,2022-03-16,2022-06-15,3.139998667163318,6.438263316053407,1251.6587296015352,3.2982646488900884,91,78,1.0398544113666806,Mar22-Jun22,Mar-Jun
2021-12-29,KRW,0,2022-03-16,2022-06-15,2.998225656693201,6.172988556259601,1247.5512743942168,3.1747628995664003,91,77,1.0043186279463814,Mar22-Jun22,Mar-Jun
2021-12-30,KRW,0,2022-03-16,2022-06-15,3.133401460115815,6.511294625300968,1249.2154864381318,3.377893165185153,91,76,1.0670424168076071,Mar22-Jun22,Mar-Jun
2021-12-31,KRW,0,2022-03-16,2022-06-15,3.152682037588943,6.601375155796231,1241.4101782438327,3.448693118207288,91,75,1.096222778450047,Mar22-Jun22,Mar-Jun
2022-01-03,KRW,0,2022-03-16,2022-06-15,2.4392092597774697,5.522098740885105,1245.5323466265047,3.0828894811076353,91,72,0.9772695732817905,Mar22-Jun22,Mar-Jun
2022-01-04,KRW,0,2022-03-16,2022-06-15,2.0505134483260936,4.678636318715875,1236.4268306934084,2.6281228703897814,91,71,0.8394961479373914,Mar22-Jun22,Mar-Jun
2022-01-05,KRW,0,2022-03-16,2022-06-15,2.2592657911093506,5.196311319551507,1230.8966887593533,2.937045528442156,91,70,0.9422231769261663,Mar22-Jun22,Mar-Jun
2022-01-06,KRW,0,2022-03-16,2022-06-15,2.151376639196201,4.988699453208581,1223.6336506961668,2.8373228140123805,91,69,0.9157049172088236,Mar22-Jun22,Mar-Jun
2022-01-07,KRW,0,2022-03-16,2022-06-15,2.080677256264365,4.865112996265206,1221.2550523745902,2.7844357400008413,91,68,0.9004355806354833,Mar22-Jun22,Mar-Jun
2022-01-10,KRW,0,2022-03-16,2022-06-15,2.1243313940001087,5.098395345600261,1225.7146977327895,2.9740639516001526,91,65,0.9582304717078938,Mar22-Jun22,Mar-Jun
2022-01-11,KRW,0,2022-03-16,2022-06-15,2.1344001526551204,5.169250369711619,1231.7811084613159,3.034850217056499,91,64,0.9730002398763048,Mar22-Jun22,Mar-Jun
2022-01-12,KRW,0,2022-03-16,2022-06-15,1.9004774950328052,4.645611654524635,1228.885293570518,2.7451341594918297,91,63,0.8823526933355021,Mar22-Jun22,Mar-Jun
2022-01-13,KRW,0,2022-03-16,2022-06-15,1.7304787861559485,4.270375069062261,1224.995642327853,2.5398962829063128,91,62,0.8190859529301563,Mar22-Jun22,Mar-Jun
2022-01-14,KRW,0,2022-03-16,2022-06-15,1.6634110016226566,4.144892987649898,1223.7759808512412,2.4814819860272417,91,61,0.8010883180449729,Mar22-Jun22,Mar-Jun
2022-01-17,KRW,0,2022-03-16,2022-06-15,1.5000746133032927,3.853639954865356,1221.0230943346808,2.353565341562063,91,58,0.7616058477365156,Mar22-Jun22,Mar-Jun
2022-01-18,KRW,0,2022-03-16,2022-06-15,1.3126239878865054,3.4082166703018033,1220.5985272856738,2.095592682415298,91,57,0.6784664136142682,Mar22-Jun22,Mar-Jun
2022-01-19,KRW,0,2022-03-16,2022-06-15,1.4169319289019615,3.7194463133676487,1216.4793598199917,2.3025143844656872,91,56,0.747916565316889,Mar22-Jun22,Mar-Jun
2022-01-20,KRW,0,2022-03-16,2022-06-15,1.4052802497128618,3.730380299237778,1215.5098234431848,2.325100049524916,91,55,0.755861930730223,Mar22-Jun22,Mar-Jun
2022-01-21,KRW,0,2022-03-16,2022-06-15,1.2856202219464403,3.4521283737450714,1213.8389592592082,2.166508151798631,91,54,0.7053434375677762,Mar22-Jun22,Mar-Jun
2022-01-24,KRW,0,2022-03-16,2022-06-15,1.3310578350521312,3.7060825995569138,1212.7814942148545,2.375024764504783,91,51,0.7738740818724378,Mar22-Jun22,Mar-Jun
2022-01-25,KRW,0,2022-03-16,2022-06-15,1.4078746064424172,3.9702063901676166,1217.8642173662558,2.5623317837251993,91,50,0.8313728521403998,Mar22-Jun22,Mar-Jun
2022-01-26,KRW,0,2022-03-16,2022-06-15,1.2662478331493594,3.6178509518553126,1220.18403319407,2.3516031187059534,91,49,0.7616392946381156,Mar22-Jun22,Mar-Jun
2022-01-27,KRW,0,2022-03-16,2022-06-15,1.0811531506848133,3.1308393321914383,1214.3247808469207,2.049686181506625,91,48,0.6671555900230364,Mar22-Jun22,Mar-Jun
2022-01-28,KRW,0,2022-03-16,2022-06-15,0.8705829383842605,2.5561796914261268,1206.8804778096096,1.6855967530418663,91,47,0.5521249422930274,Mar22-Jun22,Mar-Jun
2022-01-31,KRW,0,2022-03-16,2022-06-15,0.8484536288635645,2.603209997649573,1204.6834961836469,1.7547563687860084,91,44,0.5758365282765945,Mar22-Jun22,Mar-Jun
2022-02-01,KRW,0,2022-03-16,2022-06-15,0.6759317278968696,2.1063918962367567,1205.9432593756044,1.430460168339887,91,43,0.4689933116468871,Mar22-Jun22,Mar-Jun
2022-02-02,KRW,0,2022-03-16,2022-06-15,0.6987373831762643,2.21266838005817,1210.895304284401,1.5139309968819057,91,42,0.49432213795303726,Mar22-Jun22,Mar-Jun
2022-02-03,KRW,0,2022-03-16,2022-06-15,0.7015233248413664,2.2585628994892772,1214.233081456693,1.5570395746479109,91,41,0.5069998808466765,Mar22-Jun22,Mar-Jun
2022-02-04,KRW,0,2022-03-16,2022-06-15,0.5959640599902798,1.9517822964681661,1201.0027417243116,1.3558182364778864,91,40,0.4463783552771624,Mar22-Jun22,Mar-Jun
2022-02-07,KRW,0,2022-03-16,2022-06-15,0.48916182791776663,1.6922355127965982,1190.0960560791295,1.2030736848788317,91,37,0.3997540292081188,Mar22-Jun22,Mar-Jun
2022-02-08,KRW,0,2022-03-16,2022-06-15,0.5235843395464445,1.847089197844401,1188.448089559327,1.3235048582979565,91,36,0.4403673788370498,Mar22-Jun22,Mar-Jun
2022-02-09,KRW,0,2022-03-16,2022-06-15,0.48769510488509765,1.7557023775863516,1193.3971401813574,1.268007272701254,91,35,0.42016552678527397,Mar22-Jun22,Mar-Jun
2022-02-10,KRW,0,2022-03-16,2022-06-15,0.4132304922011124,1.519229750739384,1189.9459649121886,1.1059992585382714,91,34,0.367568184378432,Mar22-Jun22,Mar-Jun
2022-02-11,KRW,0,2022-03-16,2022-06-15,0.4049827750024475,1.5217534575849545,1184.7678721992813,1.116770682582507,91,33,0.37277211425946866,Mar22-Jun22,Mar-Jun
2022-02-14,KRW,0,2022-03-16,2022-06-15,0.3951942694928843,1.5939502202879665,1195.9543089324898,1.1987559507950822,91,30,0.39640015072707074,Mar22-Jun22,Mar-Jun
2022-02-15,KRW,0,2022-03-16,2022-06-15,0.35287840143200777,1.4601864886841698,1198.965151859505,1.1073080872521621,91,29,0.3652541990968024,Mar22-Jun22,Mar-Jun
2022-02-16,KRW,0,2022-03-16,2022-06-15,0.2936702263980285,1.2480984621916211,1196.7523318243311,0.9544282357935927,91,28,0.315423137224533,Mar22-Jun22,Mar-Jun
2022-02-17,KRW,0,2022-03-16,2022-06-15,0.19727909157372736,0.8621826965074011,1194.469811741446,0.6649036049336737,91,27,0.22017747938594878,Mar22-Jun22,Mar-Jun
2022-02-18,KRW,0,2022-03-16,2022-06-15,0.21885788893978647,0.9848605002290389,1185.884431188894,0.7660026112892524,91,26,0.2554870244951738,Mar22-Jun22,Mar-Jun
2022-02-21,KRW,0,2022-03-16,2022-06-15,0.25448486256125735,1.261359753564493,1181.4595804939609,1.0068748910032355,91,23,0.33707319256151347,Mar22-Jun22,Mar-Jun
2022-02-22,KRW,0,2022-03-16,2022-06-15,0.12633168521052257,0.6488854740358659,1173.1463849306551,0.5225537888253433,91,22,0.17619482058302655,Mar22-Jun22,Mar-Jun
2022-02-23,KRW,0,2022-03-16,2022-06-15,0.08645443697056937,0.4610903305097033,1169.5066492138026,0.3746358935391339,91,21,0.12671723676602278,Mar22-Jun22,Mar-Jun
2022-02-24,KRW,0,2022-03-16,2022-06-15,0.10898247168622371,0.6048527178585416,1166.6185033557833,0.49587024617231784,91,20,0.16813561985822972,Mar22-Jun22,Mar-Jun
2022-02-25,KRW,0,2022-03-16,2022-06-15,0.028001147513664486,0.16211190665805753,1165.7522889471804,0.13411075914439305,91,19,0.0455101242200178,Mar22-Jun22,Mar-Jun
2022-02-28,KRW,0,2022-03-16,2022-06-15,0.04783400380656049,0.3198899004563733,1163.405634921166,0.2720558966498128,91,16,0.09250607045262617,Mar22-Jun22,Mar-Jun
2022-03-01,KRW,0,2022-03-16,2022-06-15,-0.03543732834702574,-0.25042378698564854,1155.8137445934283,-0.2149864586386228,91,15,-0.0735864200758389,Mar22-Jun22,Mar-Jun
2022-03-02,KRW,0,2022-03-16,2022-06-15,-0.036379598575179514,-0.2728469893138464,1158.0724310936112,-0.23646739073866685,91,14,-0.08078119767735663,Mar22-Jun22,Mar-Jun
2022-03-03,KRW,0,2022-03-16,2022-06-15,-0.05427406600409375,-0.43419252803275005,1150.3383727961502,-0.3799184620286563,91,13,-0.13066112425245954,Mar22-Jun22,Mar-Jun
2022-03-04,KRW,0,2022-03-16,2022-06-15,-0.05756653525843487,-0.49411276096823264,1148.3643347042475,-0.4365462257097978,91,12,-0.15039500816549,Mar22-Jun22,Mar-Jun
2022-03-07,KRW,0,2022-03-16,2022-06-15,-0.042484078818972246,-0.4720453202108027,1150.6947247791593,-0.42956124139183044,91,9,-0.14768694594684378,Mar22-Jun22,Mar-Jun
2022-03-08,KRW,0,2022-03-16,2022-06-15,-0.04347549010430183,-0.5380091900407351,1154.8631867854156,-0.49453369993643326,91,8,-0.1694114705142548,Mar22-Jun22,Mar-Jun
2022-03-09,KRW,0,2022-03-16,2022-06-15,-0.050985737339868,-0.713800322758152,1153.069818225147,-0.662814585418284,91,7,-0.22741377336949103,Mar22-Jun22,Mar-Jun
2022-03-10,KRW,0,2022-03-16,2022-06-15,-0.059794061263667896,-0.828574848939398,1152.7468186040576,-0.7687807876757301,91,6,-0.26384703946965604,Mar22-Jun22,Mar-Jun
2022-03-11,KRW,0,2022-03-16,2022-06-15,-0.0323179376066074,-0.4432174300334729,1149.7631102160765,-0.4108994924268655,91,5,-0.14138409308277794,Mar22-Jun22,Mar-Jun
2022-03-14,KRW,0,2022-03-16,2022-06-15,-0.022161287392049017,-0.2944285324943655,1147.3096503504796,-0.2722672451023165,91,2,-0.09388241392706963,Mar22-Jun22,Mar-Jun
2022-03-15,KRW,0,2022-03-16,2022-06-15,-0.018692302700280085,-0.24567026406082396,1147.722719924284,-0.22697796136054388,91,1,-0.07823748724284856,Mar22-Jun22,Mar-Jun
2022-03-16,KRW,0,2022-06-15,2022-09-21,0.34535389886506834,0.7172734822582189,1149.4822222887333,0.3719195833931505,98,91,0.11882087650316955,Jun22-Sep22,Jun-Sep
2022-03-17,KRW,0,2022-06-15,2022-09-21,0.3531512034892831,0.7376936250665025,1151.9059260230404,0.3845424215772194,98,90,0.1225943749869754,Jun22-Sep22,Jun-Sep
2022-03-18,KRW,0,2022-06-15,2022-09-21,0.55739448881347,1.171154712450774,1144.3015733151942,0.613760223637304,98,89,0.19693512095010604,Jun22-Sep22,Jun-Sep
2022-03-21,KRW,0,2022-06-15,2022-09-21,0.05025986890554174,0.10753274277464744,1146.8989162333778,0.057272873869105706,98,86,0.018343458741679593,Jun22-Sep22,Jun-Sep
2022-03-22,KRW,0,2022-06-15,2022-09-21,-0.31274896321231027,-0.6733301207982679,1151.1252148976912,-0.36058115758595766,98,85,-0.11509988668033405,Jun22-Sep22,Jun-Sep
2022-03-23,KRW,0,2022-06-15,2022-09-21,-0.022942842323265284,-0.049709491700408115,1150.7734726405604,-0.02676664937714283,98,84,-0.008544551104130936,Jun22-Sep22,Jun-Sep
2022-03-24,KRW,0,2022-06-15,2022-09-21,-0.33530925722725075,-0.7312165729895468,1146.3676099463285,-0.39590731576229604,98,83,-0.12690335202301525,Jun22-Sep22,Jun-Sep
2022-03-25,KRW,0,2022-06-15,2022-09-21,-0.08498228688888877,-0.18654648341463387,1144.6684727204167,-0.1015641965257451,98,82,-0.032596395977025926,Jun22-Sep22,Jun-Sep
2022-03-28,KRW,0,2022-06-15,2022-09-21,-0.016276170257352184,-0.03646686247533338,1149.5034914265411,-0.020190692217981195,98,79,-0.006452432771474314,Jun22-Sep22,Jun-Sep
2022-03-29,KRW,0,2022-06-15,2022-09-21,0.1869084461206204,0.4217421348362717,1148.994826063391,0.2348336887156513,98,78,0.07506683588894768,Jun22-Sep22,Jun-Sep
2022-03-30,KRW,0,2022-06-15,2022-09-21,0.37622020974792036,0.8550459312452735,1148.5846464304898,0.47882572149735314,98,77,0.1530906474763976,Jun22-Sep22,Jun-Sep
2022-03-31,KRW,0,2022-06-15,2022-09-21,0.8664761698830681,1.9837743889428134,1153.731206810604,1.1172982190597454,98,76,0.3554797368130514,Jun22-Sep22,Jun-Sep
2022-04-01,KRW,0,2022-06-15,2022-09-21,1.1170610988030645,2.576687601239069,1152.5954083219735,1.4596265024360044,98,75,0.4647512631068641,Jun22-Sep22,Jun-Sep
2022-04-04,KRW,0,2022-06-15,2022-09-21,0.9609735065337552,2.268965223760256,1146.6958014031443,1.3079917172265005,98,72,0.4186676398130649,Jun22-Sep22,Jun-Sep
2022-04-05,KRW,0,2022-06-15,2022-09-21,0.907216829002073,2.1594316070612725,1147.1032886388764,1.2522147780591995,98,71,0.4006908153005658,Jun22-Sep22,Jun-Sep
2022-04-06,KRW,0,2022-06-15,2022-09-21,1.01381772676823,2.4331625442437526,1142.6708460313682,1.4193448174755225,98,70,0.4558878773920202,Jun22-Sep22,Jun-Sep
2022-04-07,KRW,0,2022-06-15,2022-09-21,1.180427499011296,2.8569767005056006,1145.6064172191393,1.6765492014943046,98,69,0.5370441941429762,Jun22-Sep22,Jun-Sep
2022-04-08,KRW,0,2022-06-15,2022-09-21,1.4567519418009056,3.5561885638080932,1148.680060699758,2.099436622007188,98,68,0.6705477189937362,Jun22-Sep22,Jun-Sep
2022-04-11,KRW,0,2022-06-15,2022-09-21,1.2893438264435158,3.2332775955429707,1154.4253917719184,1.943933769099455,98,65,0.6178844114947867,Jun22-Sep22,Jun-Sep
2022-04-12,KRW,0,2022-06-15,2022-09-21,1.4093656869424818,3.567456895073157,1158.8992194434836,2.158091208130675,98,64,0.6832391047214718,Jun22-Sep22,Jun-Sep
2022-04-13,KRW,0,2022-06-15,2022-09-21,1.3068666751287759,3.339770391995761,1159.7012559784525,2.032903716866985,98,63,0.6432176852558247,Jun22-Sep22,Jun-Sep
2022-04-14,KRW,0,2022-06-15,2022-09-21,1.3025776838754408,3.361490797097912,1161.297898014252,2.058913113222471,98,62,0.6505548940988499,Jun22-Sep22,Jun-Sep
2022-04-15,KRW,0,2022-06-15,2022-09-21,1.0343064536290942,2.695979116836492,1155.6775931988548,1.6616726632073977,98,61,0.5277116680995064,Jun22-Sep22,Jun-Sep
2022-04-18,KRW,0,2022-06-15,2022-09-21,1.1559239712315459,3.10903688814002,1154.0108841116091,1.953112916908474,98,58,0.6210964910773468,Jun22-Sep22,Jun-Sep
2022-04-19,KRW,0,2022-06-15,2022-09-21,1.1551032886180366,3.1410703462420297,1155.1539425471574,1.9859670576239932,98,57,0.6309203597035999,Jun22-Sep22,Jun-Sep
2022-04-20,KRW,0,2022-06-15,2022-09-21,0.9785167871093342,2.690921164550669,1152.9709042888348,1.712404377441335,98,56,0.5451248508035138,Jun22-Sep22,Jun-Sep
2022-04-21,KRW,0,2022-06-15,2022-09-21,1.0336156342292975,2.8753307643105908,1155.1176511442648,1.8417151300812933,98,55,0.5851729220666646,Jun22-Sep22,Jun-Sep
2022-04-22,KRW,0,2022-06-15,2022-09-21,1.079716378323192,3.039201657502318,1161.878694542316,1.9594852791791262,98,54,0.6189481172523847,Jun22-Sep22,Jun-Sep
2022-04-25,KRW,0,2022-06-15,2022-09-21,1.0854198411211304,3.171128555432322,1159.3564310368242,2.0857087143111914,98,51,0.660247396972052,Jun22-Sep22,Jun-Sep
2022-04-26,KRW,0,2022-06-15,2022-09-21,1.094545912556916,3.2398559011684704,1155.0278856097862,2.1453099886115545,98,50,0.6816519042912017,Jun22-Sep22,Jun-Sep
2022-04-27,KRW,0,2022-06-15,2022-09-21,1.2456075999087364,3.736822799726209,1156.3567339045003,2.4912151998174723,98,49,0.7905480532241459,Jun22-Sep22,Jun-Sep
2022-04-28,KRW,0,2022-06-15,2022-09-21,1.4125732079993203,4.296576840997933,1154.1560744234207,2.8840036329986125,98,48,0.9168039546339978,Jun22-Sep22,Jun-Sep
2022-04-29,KRW,0,2022-06-15,2022-09-21,1.4276270874852803,4.404381440114163,1157.3856916902078,2.976754352628882,98,47,0.9436391360071098,Jun22-Sep22,Jun-Sep
2022-05-02,KRW,0,2022-06-15,2022-09-21,1.380682803923729,4.455839958117489,1156.4071789238833,3.0751571541937595,98,44,0.9756965020870102,Jun22-Sep22,Jun-Sep
2022-05-03,KRW,0,2022-06-15,2022-09-21,1.3964940978018023,4.579201576512886,1152.0998980822274,3.1827074787110834,98,43,1.0135773785237068,Jun22-Sep22,Jun-Sep
2022-05-04,KRW,0,2022-06-15,2022-09-21,1.5001265875520218,5.00042195850674,1160.570126834315,3.500295370954718,98,42,1.1064931621336305,Jun22-Sep22,Jun-Sep
2022-05-05,KRW,0,2022-06-15,2022-09-21,1.502441123355909,5.093641857231009,1163.8838874957312,3.5912007338751,98,41,1.1319993754178603,Jun22-Sep22,Jun-Sep
2022-05-06,KRW,0,2022-06-15,2022-09-21,1.798200524035868,6.203791807923745,1166.1380305913901,4.405591283887876,98,40,1.3856753720934942,Jun22-Sep22,Jun-Sep
2022-05-09,KRW,0,2022-06-15,2022-09-21,1.5666527955270522,5.716165605301407,1164.3747028273501,4.149512809774356,98,37,1.307364920824911,Jun22-Sep22,Jun-Sep
2022-05-10,KRW,0,2022-06-15,2022-09-21,1.5990339514601146,5.951959708212648,1162.4654462940614,4.3529257567525335,98,36,1.3736644134376697,Jun22-Sep22,Jun-Sep
2022-05-11,KRW,0,2022-06-15,2022-09-21,1.6054584345989502,6.100742051476011,1156.456996809875,4.495283616877061,98,35,1.4259409482703167,Jun22-Sep22,Jun-Sep
2022-05-12,KRW,0,2022-06-15,2022-09-21,1.5282430630601138,5.933178950703971,1153.284015994123,4.404935887643857,98,34,1.4012145274154093,Jun22-Sep22,Jun-Sep
2022-05-13,KRW,0,2022-06-15,2022-09-21,1.3961697181185515,5.542370699197886,1160.1092288512802,4.1462009810793345,98,33,1.3113105111896255,Jun22-Sep22,Jun-Sep
2022-05-16,KRW,0,2022-06-15,2022-09-21,1.3174661275767454,5.621188810994114,1160.570160974473,4.3037226834173685,98,30,1.3606818045177604,Jun22-Sep22,Jun-Sep
2022-05-17,KRW,0,2022-06-15,2022-09-21,1.2535917630975097,5.489867376323577,1162.9736980339355,4.236275613226067,98,29,1.336665865820123,Jun22-Sep22,Jun-Sep
2022-05-18,KRW,0,2022-06-15,2022-09-21,1.0799964397468538,4.859983978860843,1161.5114066731744,3.779987539113989,98,28,1.1943721993687213,Jun22-Sep22,Jun-Sep
2022-05-19,KRW,0,2022-06-15,2022-09-21,1.0196966986019342,4.720818049083029,1166.0798447602028,3.7011213504810945,98,27,1.1649354231057247,Jun22-Sep22,Jun-Sep
2022-05-20,KRW,0,2022-06-15,2022-09-21,1.0066985764363274,4.801177826080946,1159.2910500216124,3.7944792496446187,98,26,1.2013212455926383,Jun22-Sep22,Jun-Sep
2022-05-23,KRW,0,2022-06-15,2022-09-21,0.8788608627542526,4.623572364924546,1162.9650588024047,3.7447115021702935,98,23,1.181952565697517,Jun22-Sep22,Jun-Sep
2022-05-24,KRW,0,2022-06-15,2022-09-21,0.7856566714391064,4.285400026031489,1156.0942208810136,3.4997433545923826,98,22,1.1112821933850294,Jun22-Sep22,Jun-Sep
2022-05-25,KRW,0,2022-06-15,2022-09-21,0.6447222971171991,3.653426350330795,1159.121112347478,3.008704053213596,98,21,0.952983947805442,Jun22-Sep22,Jun-Sep
2022-05-26,KRW,0,2022-06-15,2022-09-21,0.6773291550697986,3.996242014911812,1155.8740760356695,3.3189128598420132,98,20,1.054161945291614,Jun22-Sep22,Jun-Sep
2022-05-27,KRW,0,2022-06-15,2022-09-21,0.672961051964484,4.144023319991822,1157.9820144647522,3.471062268027338,98,19,1.1004864479957905,Jun22-Sep22,Jun-Sep
2022-05-30,KRW,0,2022-06-15,2022-09-21,0.5511831515233385,3.9271799546037873,1153.055781538861,3.375996803080449,98,16,1.0750299962520815,Jun22-Sep22,Jun-Sep
2022-05-31,KRW,0,2022-06-15,2022-09-21,0.5289755184390772,3.984948905574382,1154.8434653307447,3.4559733871353044,98,15,1.0988155848002332,Jun22-Sep22,Jun-Sep
2022-06-01,KRW,0,2022-06-15,2022-09-21,0.4569221124888373,3.6553768999106984,1154.351251755707,3.198454787421861,98,14,1.017435277614669,Jun22-Sep22,Jun-Sep
2022-06-02,KRW,0,2022-06-15,2022-09-21,0.38670912726568724,3.3019010097300985,1153.7572119714744,2.9151918824644114,98,13,0.9278624566570753,Jun22-Sep22,Jun-Sep
2022-06-03,KRW,0,2022-06-15,2022-09-21,0.3854813428966798,3.5335789765528975,1158.521405519264,3.1480976336562176,98,12,0.9978748437859998,Jun22-Sep22,Jun-Sep
2022-06-06,KRW,0,2022-06-15,2022-09-21,0.2914003621932911,3.464426528298016,1151.6401048842142,3.1730261661047248,98,9,1.0118669760002565,Jun22-Sep22,Jun-Sep
2022-06-07,KRW,0,2022-06-15,2022-09-21,0.24676138315225007,3.2695883267673134,1142.2489987224515,3.022826943615063,98,8,0.9719302801460012,Jun22-Sep22,Jun-Sep
2022-06-08,KRW,0,2022-06-15,2022-09-21,0.20561134191964375,3.084170128794656,1146.1188497251555,2.878558786875012,98,7,0.9224524071130495,Jun22-Sep22,Jun-Sep
2022-06-09,KRW,0,2022-06-15,2022-09-21,0.23080434664976493,3.4290931502250794,1142.595580778364,3.1982888035753145,98,6,1.0280490690498003,Jun22-Sep22,Jun-Sep
2022-06-10,KRW,0,2022-06-15,2022-09-21,0.2002780768741154,2.9469488454334125,1144.217795098267,2.746670768559297,98,5,0.8816542855313099,Jun22-Sep22,Jun-Sep
2022-06-13,KRW,0,2022-06-15,2022-09-21,0.20339601052396877,2.905657293199554,1137.9306589406917,2.702261282675585,98,2,0.8721884787157069,Jun22-Sep22,Jun-Sep
2022-06-14,KRW,0,2022-06-15,2022-09-21,0.21670456983932523,3.064821773441885,1139.2985515570197,2.84811720360256,98,1,0.9181510562424638,Jun22-Sep22,Jun-Sep
2022-06-15,KRW,0,2022-09-21,2022-12-21,3.208141365360932,6.209112337195753,1143.0931794114076,3.000970971834821,91,98,1.0356764718150864,Sep22-Dec22,Sep-Dec
2022-06-16,KRW,0,2022-09-21,2022-12-21,2.9586622160367337,5.753127030367145,1141.2996913701197,2.7944648143304116,91,97,0.9661302104076557,Sep22-Dec22,Sep-Dec
2022-06-17,KRW,0,2022-09-21,2022-12-21,2.775503787118026,5.422128000286006,1141.352209259111,2.64662421316798,91,96,0.9151217650821484,Sep22-Dec22,Sep-Dec
2022-06-20,KRW,0,2022-09-21,2022-12-21,2.828953363451351,5.603313264102649,1136.452397232142,2.774359900651298,91,93,0.9633695584610524,Sep22-Dec22,Sep-Dec
2022-06-21,KRW,0,2022-09-21,2022-12-21,3.2825815441134467,6.532599037701863,1134.2908486420897,3.2500174935884165,91,92,1.1302313961783306,Sep22-Dec22,Sep-Dec
2022-06-22,KRW,0,2022-09-21,2022-12-21,2.9573970574101005,5.914794114820201,1124.0776383749276,2.9573970574101005,91,91,1.0380859855080071,Sep22-Dec22,Sep-Dec
2022-06-23,KRW,0,2022-09-21,2022-12-21,2.813615577743535,5.658493550795332,1119.610705547964,2.844877973051797,91,90,1.002692306211517,Sep22-Dec22,Sep-Dec
2022-06-24,KRW,0,2022-09-21,2022-12-21,2.6254256261215954,5.30984958092008,1109.6086172319547,2.6844239547984845,91,89,0.9548079588133523,Sep22-Dec22,Sep-Dec
2022-06-27,KRW,0,2022-09-21,2022-12-21,2.6161542585084265,5.384410508790599,1112.0774919545972,2.7682562502821724,91,86,0.9824532009232892,Sep22-Dec22,Sep-Dec
2022-06-28,KRW,0,2022-09-21,2022-12-21,2.651673943567383,5.490524871386581,1114.68861693264,2.8388509278191982,91,85,1.005120744934508,Sep22-Dec22,Sep-Dec
2022-06-29,KRW,0,2022-09-21,2022-12-21,2.823954057430214,5.8832376196462794,1111.9638792713422,3.0592835622160655,91,84,1.0856469620762783,Sep22-Dec22,Sep-Dec
2022-06-30,KRW,0,2022-09-21,2022-12-21,2.9914304322237077,6.2711915085171706,1119.3358411350862,3.279761076293463,91,83,1.156069117434836,Sep22-Dec22,Sep-Dec
2022-07-01,KRW,0,2022-09-21,2022-12-21,2.911981041749986,6.143569758813995,1117.1497848213887,3.231588717064009,91,82,1.141393037615987,Sep22-Dec22,Sep-Dec
2022-07-04,KRW,0,2022-09-21,2022-12-21,2.8886933534085957,6.383793883771507,1117.4554209694456,3.4951005303629117,91,79,1.2341539668162573,Sep22-Dec22,Sep-Dec
2022-07-05,KRW,0,2022-09-21,2022-12-21,2.9563534253057906,6.5645090513414015,1122.8938577330994,3.608155626035611,91,78,1.267843813979344,Sep22-Dec22,Sep-Dec
2022-07-06,KRW,0,2022-09-21,2022-12-21,2.7828808183672393,6.221513170096155,1123.2990206208876,3.4386323517289155,91,77,1.2080276500961813,Sep22-Dec22,Sep-Dec
2022-07-07,KRW,0,2022-09-21,2022-12-21,2.69370218853756,6.059249437188545,1121.5464990059907,3.3655472486509854,91,76,1.1842889835872756,Sep22-Dec22,Sep-Dec
2022-07-08,KRW,0,2022-09-21,2022-12-21,2.889939394364507,6.526551135133406,1115.5880766282603,3.6366117407688994,91,75,1.2862654152744628,Sep22-Dec22,Sep-Dec
2022-07-11,KRW,0,2022-09-21,2022-12-21,2.759830443151494,6.349555976153309,1108.4345529310185,3.5897255330018147,91,72,1.2780042998027656,Sep22-Dec22,Sep-Dec
2022-07-12,KRW,0,2022-09-21,2022-12-21,2.5598973138523777,5.933327764337051,1109.2236209316154,3.373430450484673,91,71,1.2003631035865385,Sep22-Dec22,Sep-Dec
2022-07-13,KRW,0,2022-09-21,2022-12-21,2.3955850393286617,5.592524669419514,1102.387719514563,3.196939630090852,91,70,1.1447705309563778,Sep22-Dec22,Sep-Dec
2022-07-14,KRW,0,2022-09-21,2022-12-21,2.0993792009812493,4.941452372159402,1099.90033086931,2.8420731711781526,91,69,1.020269450956235,Sep22-Dec22,Sep-Dec
2022-07-15,KRW,0,2022-09-21,2022-12-21,1.9020673113574802,4.511383185987221,1095.467430577733,2.6093158746297407,91,68,0.940664772904162,Sep22-Dec22,Sep-Dec
2022-07-18,KRW,0,2022-09-21,2022-12-21,1.8233986435859164,4.412733797329983,1097.3115817134833,2.5893351537440665,91,65,0.93196230383036,Sep22-Dec22,Sep-Dec
2022-07-19,KRW,0,2022-09-21,2022-12-21,1.6980977945761428,4.13992400639331,1093.7364061685405,2.4418262118171667,91,64,0.8818392877000467,Sep22-Dec22,Sep-Dec
2022-07-20,KRW,0,2022-09-21,2022-12-21,1.4293482423926485,3.5121958187390807,1094.0069067564343,2.082847576346432,91,63,0.7521968100073492,Sep22-Dec22,Sep-Dec
2022-07-21,KRW,0,2022-09-21,2022-12-21,1.1448319507723548,2.8342395833792673,1090.7723251824848,1.6894076326069125,91,62,0.6120767322509569,Sep22-Dec22,Sep-Dec
2022-07-22,KRW,0,2022-09-21,2022-12-21,0.9883202841558194,2.4626997244538447,1093.2990880572884,1.4743794402980253,91,61,0.5330144374544672,Sep22-Dec22,Sep-Dec
2022-07-25,KRW,0,2022-09-21,2022-12-21,0.8128304987234074,2.088133522582547,1093.9340540129274,1.2753030238591396,91,58,0.46085126078373606,Sep22-Dec22,Sep-Dec
2022-07-26,KRW,0,2022-09-21,2022-12-21,0.8240922879255469,2.139748396718964,1087.8700624889907,1.315656108793417,91,57,0.47807672839857535,Sep22-Dec22,Sep-Dec
2022-07-27,KRW,0,2022-09-21,2022-12-21,0.7512077376862232,1.971920311426336,1083.5466252437325,1.2207125737401128,91,56,0.44537510382487483,Sep22-Dec22,Sep-Dec
2022-07-28,KRW,0,2022-09-21,2022-12-21,0.9056606881373612,2.4041174630555404,1079.169887906191,1.4984567749181792,91,55,0.5488468723806327,Sep22-Dec22,Sep-Dec
2022-07-29,KRW,0,2022-09-21,2022-12-21,0.9562081433657611,2.567595940519173,1085.4144160207543,1.6113877971534118,91,54,0.5867906231979261,Sep22-Dec22,Sep-Dec
2022-08-01,KRW,0,2022-09-21,2022-12-21,1.150604259824596,3.20364323323711,1081.955467835611,2.053038973412514,91,51,0.7498723007413104,Sep22-Dec22,Sep-Dec
2022-08-02,KRW,0,2022-09-21,2022-12-21,1.0890512627808702,3.2415749169749626,1076.5285637867921,2.152523654194092,91,50,0.7902133440927585,Sep22-Dec22,Sep-Dec
2022-08-03,KRW,0,2022-09-21,2022-12-21,1.0372844815762217,3.1256410796723615,1079.8075487448523,2.08835659809614,91,49,0.764367857808072,Sep22-Dec22,Sep-Dec
2022-08-04,KRW,0,2022-09-21,2022-12-21,1.1863744043204285,3.5877068195525217,1074.1007555855108,2.401332415232093,91,48,0.8834641764772466,Sep22-Dec22,Sep-Dec
2022-08-05,KRW,0,2022-09-21,2022-12-21,1.0577283791368928,3.2485360502904546,1071.491177036195,2.1908076711535616,91,47,0.8080686486706654,Sep22-Dec22,Sep-Dec
2022-08-08,KRW,0,2022-09-21,2022-12-21,0.9916583391270306,3.158271308933099,1067.8451351553636,2.1666129698060685,91,44,0.8019200121531057,Sep22-Dec22,Sep-Dec
2022-08-09,KRW,0,2022-09-21,2022-12-21,0.9555083582884649,3.0842078773195034,1065.771793973105,2.1286995190310387,91,43,0.7894453294756687,Sep22-Dec22,Sep-Dec
2022-08-10,KRW,0,2022-09-21,2022-12-21,0.9703569488896876,3.1703078116482706,1063.7542563373788,2.199950862758583,91,42,0.8174040691467911,Sep22-Dec22,Sep-Dec
2022-08-11,KRW,0,2022-09-21,2022-12-21,0.9791562053632779,3.2414266016876514,1068.255091094938,2.2622703963243733,91,41,0.83701407347477,Sep22-Dec22,Sep-Dec
2022-08-12,KRW,0,2022-09-21,2022-12-21,0.960885762102254,3.227373167467019,1072.9639544284971,2.266487405364765,91,40,0.8349116684787399,Sep22-Dec22,Sep-Dec
2022-08-15,KRW,0,2022-09-21,2022-12-21,0.8838768835419408,3.111821623314218,1081.707550950075,2.227944739772277,91,37,0.8141434612883528,Sep22-Dec22,Sep-Dec
2022-08-16,KRW,0,2022-09-21,2022-12-21,0.8725299269134942,3.122819861857332,1073.4762059001253,2.250289934943838,91,36,0.8286178965555083,Sep22-Dec22,Sep-Dec
2022-08-17,KRW,0,2022-09-21,2022-12-21,0.8821984254835669,3.2116666011752484,1072.5680830322228,2.3294681756916815,91,35,0.8584914137549006,Sep22-Dec22,Sep-Dec
2022-08-18,KRW,0,2022-09-21,2022-12-21,0.8836739708661728,3.275556525025169,1070.2064618636944,2.3918825541589963,91,34,0.8834356890585808,Sep22-Dec22,Sep-Dec
2022-08-19,KRW,0,2022-09-21,2022-12-21,0.8391979903953861,3.1712144477610518,1071.8653947033383,2.3320164573656657,91,33,0.8600279773567072,Sep22-Dec22,Sep-Dec
2022-08-22,KRW,0,2022-09-21,2022-12-21,0.8293177898933657,3.3449150859032417,1076.4849678508936,2.515597296009876,91,30,0.9237613954781285,Sep22-Dec22,Sep-Dec
2022-08-23,KRW,0,2022-09-21,2022-12-21,0.8129654389687334,3.3639949198706214,1084.9065756187788,2.551029480901888,91,29,0.9295204127743188,Sep22-Dec22,Sep-Dec
2022-08-24,KRW,0,2022-09-21,2022-12-21,0.7747608419835387,3.292733578430039,1085.558239852357,2.5179727364465005,91,28,0.9169573988026909,Sep22-Dec22,Sep-Dec
2022-08-25,KRW,0,2022-09-21,2022-12-21,0.7434653844756356,3.249219087708333,1087.9025760778727,2.5057537032326973,91,27,0.9105688548402759,Sep22-Dec22,Sep-Dec
2022-08-26,KRW,0,2022-09-21,2022-12-21,0.6566326817239636,2.954847067757837,1088.1780341636884,2.2982143860338735,91,26,0.8350062142954539,Sep22-Dec22,Sep-Dec
2022-08-29,KRW,0,2022-09-21,2022-12-21,0.5225329920870976,2.589946134692571,1088.9282804239442,2.0674131426054734,91,23,0.7507247841511517,Sep22-Dec22,Sep-Dec
2022-08-30,KRW,0,2022-09-21,2022-12-21,0.551362082659453,2.8319961518417354,1092.155050658043,2.280634069182282,91,22,0.8256827744523415,Sep22-Dec22,Sep-Dec
2022-08-31,KRW,0,2022-09-21,2022-12-21,0.4931316686177105,2.6300355659611228,1081.9465760008422,2.1369038973434122,91,21,0.7809844454000269,Sep22-Dec22,Sep-Dec
2022-09-01,KRW,0,2022-09-21,2022-12-21,0.5080654758931122,2.9934200714520163,1076.6714175205063,2.485354595558904,91,20,0.9127700797861555,Sep22-Dec22,Sep-Dec
2022-09-02,KRW,0,2022-09-21,2022-12-21,0.4858316823101792,2.9767284593882533,1070.4379601326336,2.490896777078074,91,19,0.9201492408146614,Sep22-Dec22,Sep-Dec
2022-09-05,KRW,0,2022-09-21,2022-12-21,0.39833782250830174,2.802121491637801,1071.33910300488,2.4037836691294996,91,16,0.8872951054649967,Sep22-Dec22,Sep-Dec
2022-09-06,KRW,0,2022-09-21,2022-12-21,0.41357855270002764,3.0526310193950783,1074.7431083808158,2.6390524666950506,91,15,0.9710405643597628,Sep22-Dec22,Sep-Dec
2022-09-07,KRW,0,2022-09-21,2022-12-21,0.36486575185085923,2.8576504769325153,1073.1078513094844,2.492784725081656,91,14,0.9186601381332353,Sep22-Dec22,Sep-Dec
2022-09-08,KRW,0,2022-09-21,2022-12-21,0.33530336122847587,2.7944347113124555,1068.3822972381845,2.4591313500839798,91,13,0.9102902122283472,Sep22-Dec22,Sep-Dec
2022-09-09,KRW,0,2022-09-21,2022-12-21,0.2791601818098185,2.4998013616092454,1071.3234999969131,2.220641179799427,91,12,0.8197958482506179,Sep22-Dec22,Sep-Dec
2022-09-12,KRW,0,2022-09-21,2022-12-21,0.16944513250022877,1.9607371813497583,1074.8524862159722,1.7912920488495294,91,9,0.6591893501625646,Sep22-Dec22,Sep-Dec
2022-09-13,KRW,0,2022-09-21,2022-12-21,0.1265920442980521,1.635637664086139,1070.4472964150343,1.5090456197880868,91,8,0.5576308994560176,Sep22-Dec22,Sep-Dec
2022-09-14,KRW,0,2022-09-21,2022-12-21,0.10476939204685226,1.526944447054837,1065.920977352039,1.4221750550079848,91,7,0.5277721525942818,Sep22-Dec22,Sep-Dec
2022-09-15,KRW,0,2022-09-21,2022-12-21,0.1228713633670037,1.7543097730759696,1067.717248848124,1.6314384097089658,91,6,0.6044015333595683,Sep22-Dec22,Sep-Dec
2022-09-16,KRW,0,2022-09-21,2022-12-21,0.11472500915085436,1.6162214574368523,1062.677603526221,1.501496448285998,91,5,0.558903728393475,Sep22-Dec22,Sep-Dec
2022-09-19,KRW,0,2022-09-21,2022-12-21,0.10273962457516915,1.3820340621167633,1058.015379749974,1.2792944375415942,91,2,0.47829679267087477,Sep22-Dec22,Sep-Dec
2022-09-20,KRW,0,2022-09-21,2022-12-21,0.07591973463248974,1.006322202230525,1056.4769783789554,0.9304024675980351,91,1,0.3483699742058873,Sep22-Dec22,Sep-Dec
2022-09-21,KRW,0,2022-12-21,2023-03-15,1.1364956276035303,2.451583856914843,1064.061369170677,1.3150882293113126,84,91,0.5291122520604105,Dec22-Mar23,Dec-Mar
2022-09-22,KRW,0,2022-12-21,2023-03-15,1.2748656665996827,2.731839770685711,1068.397927705299,1.4569741040860285,84,90,0.5837462418870779,Dec22-Mar23,Dec-Mar
2022-09-23,KRW,0,2022-12-21,2023-03-15,1.2102506164355002,2.620108579016762,1070.3958152427101,1.409857962581262,84,89,0.5638497768504066,Dec22-Mar23,Dec-Mar
2022-09-26,KRW,0,2022-12-21,2023-03-15,1.5090653866210946,3.2512028906222623,1072.6666450199273,1.7421375040011677,84,86,0.6950728373619367,Dec22-Mar23,Dec-Mar
2022-09-27,KRW,0,2022-12-21,2023-03-15,1.3214222048401427,2.896712177083382,1077.6556439578032,1.5752899722432394,84,85,0.6257077142701422,Dec22-Mar23,Dec-Mar
2022-09-28,KRW,0,2022-12-21,2023-03-15,1.563625891221207,3.396561904057864,1077.2404864617963,1.8329360128366567,84,84,0.7281618567323329,Dec22-Mar23,Dec-Mar
2022-09-29,KRW,0,2022-12-21,2023-03-15,1.39666523001032,3.079680108797778,1078.0894273972124,1.6830148787874581,84,83,0.6681809944891283,Dec22-Mar23,Dec-Mar
2022-09-30,KRW,0,2022-12-21,2023-03-15,1.2566809318915224,2.814040633430485,1080.112060844245,1.5573597015389624,84,82,0.6172176486181069,Dec22-Mar23,Dec-Mar
2022-10-03,KRW,0,2022-12-21,2023-03-15,1.2183806457135422,2.449845645775734,1076.221113834971,1.2314650000621918,84,79,0.48983791388373155,Dec22-Mar23,Dec-Mar
2022-10-04,KRW,0,2022-12-21,2023-03-15,1.026009799983031,2.083143971949772,1080.6834159909683,1.0571341719667409,84,78,0.41883475494373734,Dec22-Mar23,Dec-Mar
2022-10-05,KRW,0,2022-12-21,2023-03-15,0.998196094812043,2.056031503853456,1080.5167524915066,1.0578354090414128,84,77,0.4191879483856591,Dec22-Mar23,Dec-Mar
2022-10-06,KRW,0,2022-12-21,2023-03-15,0.6970156412247284,1.45316265822216,1082.1405710724116,0.7561470169974316,84,76,0.2992720342006118,Dec22-Mar23,Dec-Mar
2022-10-07,KRW,0,2022-12-21,2023-03-15,0.6144761787204084,1.3055636581752483,1077.8097329933448,0.69108747945484,84,75,0.2746417836495065,Dec22-Mar23,Dec-Mar
2022-10-10,KRW,0,2022-12-21,2023-03-15,0.3973738084543511,0.9163764949077372,1078.0523012103536,0.5190026864533861,84,72,0.20624951531636854,Dec22-Mar23,Dec-Mar
2022-10-11,KRW,0,2022-12-21,2023-03-15,0.6973777699189684,1.5961071903510522,1082.0805884450863,0.8987294204320838,84,71,0.355723669701253,Dec22-Mar23,Dec-Mar
2022-10-12,KRW,0,2022-12-21,2023-03-15,0.6845823906608118,1.5977070383780896,1077.9503402859216,0.9131246477172777,84,70,0.36280962771436825,Dec22-Mar23,Dec-Mar
2022-10-13,KRW,0,2022-12-21,2023-03-15,0.4063970757052682,1.0111673970785588,1076.8507539736916,0.6047703213732907,84,69,0.24059926669879012,Dec22-Mar23,Dec-Mar
2022-10-14,KRW,0,2022-12-21,2023-03-15,0.25505156175655364,0.6991389523978777,1078.7227101712533,0.4440873906413241,84,68,0.1763921131349631,Dec22-Mar23,Dec-Mar
2022-10-17,KRW,0,2022-12-21,2023-03-15,0.3433425880336894,0.9744044452403713,1079.312554529195,0.631061857206682,84,65,0.2505011850370157,Dec22-Mar23,Dec-Mar
2022-10-18,KRW,0,2022-12-21,2023-03-15,0.5273170433068771,1.4283300463839657,1087.0081755411372,0.9010130030770885,84,64,0.35506742770536576,Dec22-Mar23,Dec-Mar
2022-10-19,KRW,0,2022-12-21,2023-03-15,0.5911790519676103,1.6081836117919586,1083.6275867409506,1.0170045598243482,84,63,0.40200290828651397,Dec22-Mar23,Dec-Mar
2022-10-20,KRW,0,2022-12-21,2023-03-15,0.7696046514503523,2.062616581431737,1086.5775218447789,1.293011929981385,84,62,0.5096329925270268,Dec22-Mar23,Dec-Mar
2022-10-21,KRW,0,2022-12-21,2023-03-15,0.6136739612151719,1.728988376365243,1081.0207594806482,1.115314415150071,84,61,0.4419163050183147,Dec22-Mar23,Dec-Mar
2022-10-24,KRW,0,2022-12-21,2023-03-15,0.6849088183883749,1.9451985477042248,1073.4112797031573,1.26028972931585,84,58,0.5028638733466055,Dec22-Mar23,Dec-Mar
2022-10-25,KRW,0,2022-12-21,2023-03-15,0.6986834735600622,1.9952995720621254,1067.9091814436774,1.2966160985020632,84,57,0.5200154630031444,Dec22-Mar23,Dec-Mar
2022-10-26,KRW,0,2022-12-21,2023-03-15,0.6308619264774205,1.84411592340538,1067.8444288473167,1.2132539969279597,84,56,0.48664297918093224,Dec22-Mar23,Dec-Mar
2022-10-27,KRW,0,2022-12-21,2023-03-15,0.5321709115041097,1.610951173206083,1064.0405692555144,1.0787802617019735,84,55,0.43429103566913363,Dec22-Mar23,Dec-Mar
2022-10-28,KRW,0,2022-12-21,2023-03-15,0.38187062152831125,1.2407274427255552,1059.3434175017057,0.858856821197244,84,54,0.34733670973416003,Dec22-Mar23,Dec-Mar
2022-10-31,KRW,0,2022-12-21,2023-03-15,0.502511411428324,1.5950210801832447,1059.375258550726,1.0925096687549207,84,51,0.4417664401840581,Dec22-Mar23,Dec-Mar
2022-11-01,KRW,0,2022-12-21,2023-03-15,0.7052779381265668,1.6976762537466374,1056.0225191875045,0.9923983156200706,84,50,0.4024816655662392,Dec22-Mar23,Dec-Mar
2022-11-02,KRW,0,2022-12-21,2023-03-15,0.6720191168332507,1.648880984692185,1055.8912815716812,0.9768618678589344,84,49,0.3962423131225824,Dec22-Mar23,Dec-Mar
2022-11-03,KRW,0,2022-12-21,2023-03-15,0.6563511302627825,1.6467989711770208,1060.14394560315,0.9904478409142383,84,48,0.4001484986507605,Dec22-Mar23,Dec-Mar
2022-11-04,KRW,0,2022-12-21,2023-03-15,0.5585743893770927,1.4166915140192677,1061.0444640742905,0.858117124642175,84,47,0.3464237277633738,Dec22-Mar23,Dec-Mar
2022-11-07,KRW,0,2022-12-21,2023-03-15,0.7249269190108771,2.025629483240143,1061.228032669213,1.3007025642292658,84,44,0.5249233980330535,Dec22-Mar23,Dec-Mar
2022-11-08,KRW,0,2022-12-21,2023-03-15,0.7490635538794645,2.1490620673835212,1061.1757962417375,1.3999985135040567,84,43,0.5650111280432389,Dec22-Mar23,Dec-Mar
2022-11-09,KRW,0,2022-12-21,2023-03-15,0.7153892586142011,2.1029676389907968,1071.3633939247957,1.3875783803765955,84,42,0.5546947277204696,Dec22-Mar23,Dec-Mar
2022-11-10,KRW,0,2022-12-21,2023-03-15,0.6689493138489325,2.0175892732484386,1070.10095637876,1.348639959399506,84,41,0.5397878208525267,Dec22-Mar23,Dec-Mar
2022-11-11,KRW,0,2022-12-21,2023-03-15,0.8462434281408464,2.623354627236624,1067.4352699258034,1.7771111990957775,84,40,0.7129385614242764,Dec22-Mar23,Dec-Mar
2022-11-14,KRW,0,2022-12-21,2023-03-15,0.8310592854158871,2.786878376682336,1056.6149127952997,1.955819091266449,84,37,0.7926723483772895,Dec22-Mar23,Dec-Mar
2022-11-15,KRW,0,2022-12-21,2023-03-15,0.7971222481392382,2.750946896856953,1058.2017557009522,1.9538246487177149,84,36,0.7907028404985044,Dec22-Mar23,Dec-Mar
2022-11-16,KRW,0,2022-12-21,2023-03-15,0.7095131873457715,2.5321621499028115,1061.2390573551017,1.82264896255704,84,35,0.7355678903248223,Dec22-Mar23,Dec-Mar
2022-11-17,KRW,0,2022-12-21,2023-03-15,0.7301450772083955,2.680767828991213,1062.94569985174,1.9506227517828174,84,34,0.7859360380524054,Dec22-Mar23,Dec-Mar
2022-11-18,KRW,0,2022-12-21,2023-03-15,0.7366917665927639,2.7859454433590445,1059.7687566925456,2.0492536767662806,84,33,0.8281443315854644,Dec22-Mar23,Dec-Mar
2022-11-21,KRW,0,2022-12-21,2023-03-15,0.6670370488594848,2.801249928386545,1066.036570882012,2.13421287952706,84,30,0.8574665500837853,Dec22-Mar23,Dec-Mar
2022-11-22,KRW,0,2022-12-21,2023-03-15,0.5026623459053039,2.225232102620847,1066.3290880972713,1.7225697567155431,84,29,0.6919968225006353,Dec22-Mar23,Dec-Mar
2022-11-23,KRW,0,2022-12-21,2023-03-15,0.5156072747018121,2.3287389143370207,1065.2392621190877,1.8131316396352086,84,28,0.7291136445180614,Dec22-Mar23,Dec-Mar
2022-11-24,KRW,0,2022-12-21,2023-03-15,0.46740480946700363,2.186392547406723,1059.3577672806118,1.7189877379397196,84,27,0.6951231674302402,Dec22-Mar23,Dec-Mar
2022-11-25,KRW,0,2022-12-21,2023-03-15,0.3868468297136354,1.9017794055735326,1060.4789656018418,1.5149325758598973,84,26,0.6120065427855449,Dec22-Mar23,Dec-Mar
2022-11-28,KRW,0,2022-12-21,2023-03-15,0.35643937925036673,1.923353282941558,1060.5412048463643,1.5669139036911912,84,23,0.6329871065399649,Dec22-Mar23,Dec-Mar
2022-11-29,KRW,0,2022-12-21,2023-03-15,0.32729132470761424,1.841862565656513,1059.6538228065783,1.5145712409488987,84,22,0.6123712505374483,Dec22-Mar23,Dec-Mar
2022-11-30,KRW,0,2022-12-21,2023-03-15,0.288135237159978,1.7067192423255961,1064.1722261028235,1.4185840051656182,84,21,0.5711481570596406,Dec22-Mar23,Dec-Mar
2022-12-01,KRW,0,2022-12-21,2023-03-15,0.3053125327328181,1.8531738838331624,1062.1948544900342,1.5478613511003443,84,20,0.6243473375917892,Dec22-Mar23,Dec-Mar
2022-12-02,KRW,0,2022-12-21,2023-03-15,0.3988578723408336,1.978137939602009,1060.9258763731382,1.5792800672611753,84,19,0.6377259407053248,Dec22-Mar23,Dec-Mar
2022-12-05,KRW,0,2022-12-21,2023-03-15,0.31848120257423274,2.048365675303921,1057.9777685022586,1.7298844727296885,84,16,0.7005401936821849,Dec22-Mar23,Dec-Mar
2022-12-06,KRW,0,2022-12-21,2023-03-15,0.30461417759619036,2.1672926327773965,1067.8404128853788,1.8626784551812061,84,15,0.7473617779237353,Dec22-Mar23,Dec-Mar
2022-12-07,KRW,0,2022-12-21,2023-03-15,0.24558775592601942,1.9856740188651836,1066.2389095321896,1.7400862629391642,84,14,0.6992612245575776,Dec22-Mar23,Dec-Mar
2022-12-08,KRW,0,2022-12-21,2023-03-15,0.22543257863346997,1.9487561250768397,1066.729076477641,1.7233235464433698,84,13,0.6922199849394494,Dec22-Mar23,Dec-Mar
2022-12-09,KRW,0,2022-12-21,2023-03-15,0.21238958562592258,1.9664707779303978,1069.4163716920687,1.7540811923044752,84,12,0.7028130783602712,Dec22-Mar23,Dec-Mar
2022-12-12,KRW,0,2022-12-21,2023-03-15,0.13116836432581988,1.624587558454938,1076.724508352531,1.4934191941291182,84,9,0.5943570817543075,Dec22-Mar23,Dec-Mar
2022-12-13,KRW,0,2022-12-21,2023-03-15,0.1168851998066388,1.6158135702042729,1086.535089711706,1.4989283703976342,84,8,0.5911716794881576,Dec22-Mar23,Dec-Mar
2022-12-14,KRW,0,2022-12-21,2023-03-15,0.113237280873905,1.7440512753727648,1087.8664960479978,1.6308139944988598,84,7,0.6424019326336516,Dec22-Mar23,Dec-Mar
2022-12-15,KRW,0,2022-12-21,2023-03-15,0.1145983981934238,1.7447717671639467,1085.4551615654204,1.630173368970523,84,6,0.6435751577882977,Dec22-Mar23,Dec-Mar
2022-12-16,KRW,0,2022-12-21,2023-03-15,0.10479822924287308,1.6039587617459619,1086.0965312034461,1.4991605325030888,84,5,0.5915085478752476,Dec22-Mar23,Dec-Mar
2022-12-19,KRW,0,2022-12-21,2023-03-15,0.08749648840736444,1.3460723511201556,1084.4619741758545,1.2585758627127912,84,2,0.49733983560746553,Dec22-Mar23,Dec-Mar
2022-12-20,KRW,0,2022-12-21,2023-03-15,0.10134092878091984,1.5018123443406122,1084.97569371777,1.4004714155596922,84,1,0.5531423263744261,Dec22-Mar23,Dec-Mar
2022-12-21,KRW,0,2023-03-15,2023-06-21,1.7839813684350698,3.549909498344403,1081.314742622566,1.7659281299093332,98,84,0.5989373620803986,Mar23-Jun23,Mar-Jun
2022-12-22,KRW,0,2023-03-15,2023-06-21,1.714259756730132,3.417277940611799,1087.630485607128,1.703018183881667,98,83,0.5742888274720862,Mar23-Jun23,Mar-Jun
2022-12-23,KRW,0,2023-03-15,2023-06-21,1.5938050227787566,3.1743005089164473,1085.3984640419426,1.5804954861376908,98,82,0.5341253982245461,Mar23-Jun23,Mar-Jun
2022-12-26,KRW,0,2023-03-15,2023-06-21,1.7207276533570834,3.51775636885747,1088.4098573250476,1.7970287155003863,98,79,0.6055540562085936,Mar23-Jun23,Mar-Jun
2022-12-27,KRW,0,2023-03-15,2023-06-21,1.4421338560808472,2.910629722172615,1093.3240955414346,1.468495866091768,98,78,0.49275128016160125,Mar23-Jun23,Mar-Jun
2022-12-28,KRW,0,2023-03-15,2023-06-21,1.494539495601897,3.04930032116029,1091.7668163669246,1.5547608255583931,98,77,0.5224154560428356,Mar23-Jun23,Mar-Jun
2022-12-29,KRW,0,2023-03-15,2023-06-21,1.2657357256231934,2.5458853929831418,1091.8663833353849,1.2801496673599484,98,76,0.43019416709028657,Mar23-Jun23,Mar-Jun
2022-12-30,KRW,0,2023-03-15,2023-06-21,1.2297055861281396,2.477786822618654,1098.1654981130232,1.2480812364905145,98,75,0.41702821699173026,Mar23-Jun23,Mar-Jun
2023-01-02,KRW,0,2023-03-15,2023-06-21,1.020814239006361,2.4102558420983526,1093.2516373628803,1.3894416030919916,98,72,0.4664351357434559,Mar23-Jun23,Mar-Jun
2023-01-03,KRW,0,2023-03-15,2023-06-21,0.9127500923867944,2.172602332582651,1098.3758038057124,1.2598522401958567,98,71,0.4210021673602597,Mar23-Jun23,Mar-Jun
2023-01-04,KRW,0,2023-03-15,2023-06-21,0.9360606864779322,2.2465456475470376,1100.3759530225545,1.3104849610691054,98,70,0.43711739522278353,Mar23-Jun23,Mar-Jun
2023-01-05,KRW,0,2023-03-15,2023-06-21,1.0418857664834016,2.521665550764175,1102.5244055214253,1.4797797842807736,98,69,0.49257808806673165,Mar23-Jun23,Mar-Jun
2023-01-06,KRW,0,2023-03-15,2023-06-21,1.193592571820036,2.91377010179597,1100.2982451853272,1.7201775299759339,98,68,0.5736782862356614,Mar23-Jun23,Mar-Jun
2023-01-09,KRW,0,2023-03-15,2023-06-21,0.9988563062244787,2.5048242756090775,1105.671771728186,1.5059679693845989,98,65,0.4998892257852323,Mar23-Jun23,Mar-Jun
2023-01-10,KRW,0,2023-03-15,2023-06-21,1.2486070990182117,3.160536719389849,1091.514985197188,1.9119296203716374,98,64,0.6427204366517366,Mar23-Jun23,Mar-Jun
2023-01-11,KRW,0,2023-03-15,2023-06-21,1.1505372674825922,2.9402619057888466,1092.2291059624292,1.7897246383062544,98,63,0.601300628929552,Mar23-Jun23,Mar-Jun
2023-01-12,KRW,0,2023-03-15,2023-06-21,1.181300967400727,3.0485186255502636,1094.552051841393,1.8672176581495366,98,62,0.6259886942297272,Mar23-Jun23,Mar-Jun
2023-01-13,KRW,0,2023-03-15,2023-06-21,1.1570847650559273,3.016007830227745,1092.0409111834422,1.8589230651718176,98,61,0.6246532649536678,Mar23-Jun23,Mar-Jun
2023-01-16,KRW,0,2023-03-15,2023-06-21,0.976006551382758,2.6251210692363838,1087.1735333745596,1.6491145178536257,98,58,0.5567223507395875,Mar23-Jun23,Mar-Jun
2023-01-17,KRW,0,2023-03-15,2023-06-21,0.9524683156001676,2.590045419614491,1083.2809002733168,1.6375771040143234,98,57,0.5548242228990498,Mar23-Jun23,Mar-Jun
2023-01-18,KRW,0,2023-03-15,2023-06-21,1.0921081114110769,3.0032973063804613,1080.3163183449276,1.9111891949693844,98,56,0.64921770814513,Mar23-Jun23,Mar-Jun
2023-01-19,KRW,0,2023-03-15,2023-06-21,0.9972477740891534,2.7741619897389174,1076.4856307700313,1.776914215649764,98,55,0.6058045195740698,Mar23-Jun23,Mar-Jun
2023-01-20,KRW,0,2023-03-15,2023-06-21,0.9265504508671472,2.608067935774192,1081.269796900466,1.681517484907045,98,54,0.5707839451592195,Mar23-Jun23,Mar-Jun
2023-01-23,KRW,0,2023-03-15,2023-06-21,0.6820544194888698,1.9926687941929724,1084.8434234178264,1.3106143747041026,98,51,0.44351808252524616,Mar23-Jun23,Mar-Jun
2023-01-24,KRW,0,2023-03-15,2023-06-21,0.7560790881920212,2.2379941010483826,1084.741982034532,1.4819150128563614,98,50,0.5014996921645065,Mar23-Jun23,Mar-Jun
2023-01-25,KRW,0,2023-03-15,2023-06-21,0.6855887912404706,2.0567663737214117,1086.0749389363757,1.3711775824809411,98,49,0.463485629621829,Mar23-Jun23,Mar-Jun
2023-01-26,KRW,0,2023-03-15,2023-06-21,0.6946254001531245,2.1128189254657532,1084.5806467340615,1.4181935253126288,98,48,0.48003401854932864,Mar23-Jun23,Mar-Jun
2023-01-27,KRW,0,2023-03-15,2023-06-21,0.6858583621888441,2.115946011008136,1081.690478475257,1.4300876488192917,98,47,0.48535643481402746,Mar23-Jun23,Mar-Jun
2023-01-30,KRW,0,2023-03-15,2023-06-21,0.6566573625388901,2.1192123972846,1083.921066729526,1.46255503474571,98,44,0.49536801546824283,Mar23-Jun23,Mar-Jun
2023-01-31,KRW,0,2023-03-15,2023-06-21,0.45495457079953294,1.491827778668236,1083.4685292831898,1.036873207868703,98,43,0.3514013714829471,Mar23-Jun23,Mar-Jun
2023-02-01,KRW,0,2023-03-15,2023-06-21,0.3198410390145348,1.066136796715116,1084.9423921597834,0.7462957577005813,98,42,0.25261126170809406,Mar23-Jun23,Mar-Jun
2023-02-02,KRW,0,2023-03-15,2023-06-21,0.24473390871152362,0.8297076417293118,1083.2563250358564,0.5849737330177882,98,41,0.19832773425942918,Mar23-Jun23,Mar-Jun
2023-02-03,KRW,0,2023-03-15,2023-06-21,0.25169883710474017,0.8683609880113536,1075.7366028334714,0.6166621509066135,98,40,0.21053105599998034,Mar23-Jun23,Mar-Jun
2023-02-06,KRW,0,2023-03-15,2023-06-21,0.22728942477992398,0.8292992525753982,1072.7836535401968,0.6020098277954742,98,37,0.2060989860385777,Mar23-Jun23,Mar-Jun
2023-02-07,KRW,0,2023-03-15,2023-06-21,0.3682432462405023,1.3706831943396474,1073.6718783197593,1.002439948099145,98,36,0.3428579983618334,Mar23-Jun23,Mar-Jun
2023-02-08,KRW,0,2023-03-15,2023-06-21,0.35774849322774716,1.3594442742654391,1076.668011189455,1.001695781037692,98,35,0.34165373988538383,Mar23-Jun23,Mar-Jun
2023-02-09,KRW,0,2023-03-15,2023-06-21,0.38042895534557253,1.476959473694576,1078.1521989632847,1.0965305183490033,98,34,0.37347699899139597,Mar23-Jun23,Mar-Jun
2023-02-10,KRW,0,2023-03-15,2023-06-21,0.4090116330485938,1.6236522402838116,1080.316458550473,1.2146406072352178,98,33,0.41286572870771693,Mar23-Jun23,Mar-Jun
2023-02-13,KRW,0,2023-03-15,2023-06-21,0.46302578928824195,1.9755767009631657,1080.9293847982667,1.5125509116749238,98,30,0.5138106590224489,Mar23-Jun23,Mar-Jun
2023-02-14,KRW,0,2023-03-15,2023-06-21,0.3325768005776859,1.4564570232195209,1078.927127441313,1.123880222641835,98,29,0.3825343962303106,Mar23-Jun23,Mar-Jun
2023-02-15,KRW,0,2023-03-15,2023-06-21,0.26731118064224346,1.2029003128900955,1083.6310026951232,0.935589132247852,98,28,0.31708306884792764,Mar23-Jun23,Mar-Jun
2023-02-16,KRW,0,2023-03-15,2023-06-21,0.33486979254104876,1.5503231136159668,1080.6800252208827,1.2154533210749179,98,27,0.4130313641200416,Mar23-Jun23,Mar-Jun
2023-02-17,KRW,0,2023-03-15,2023-06-21,0.22019433175663022,1.0501575822239286,1076.0587356351057,0.8299632504672985,98,26,0.28327643593721274,Mar23-Jun23,Mar-Jun
2023-02-20,KRW,0,2023-03-15,2023-06-21,0.20453565225671927,1.0760353879592621,1077.4719237285133,0.8714997357025429,98,23,0.29706760063961296,Mar23-Jun23,Mar-Jun
2023-02-21,KRW,0,2023-03-15,2023-06-21,0.20951454766264974,1.142806623614453,1076.9300725165574,0.9332920759518032,98,22,0.31828928321052413,Mar23-Jun23,Mar-Jun
2023-02-22,KRW,0,2023-03-15,2023-06-21,0.14696703084958787,0.8328131748143313,1070.962968649747,0.6858461439647434,98,21,0.23521720139437016,Mar23-Jun23,Mar-Jun
2023-02-23,KRW,0,2023-03-15,2023-06-21,0.15709599124014764,0.9268663483168712,1067.205173871884,0.7697703570767236,98,20,0.2649267190872159,Mar23-Jun23,Mar-Jun
2023-02-24,KRW,0,2023-03-15,2023-06-21,0.1881142110802852,1.158387510336493,1070.3617208902417,0.9702732992562078,98,19,0.33293819173175326,Mar23-Jun23,Mar-Jun
2023-02-27,KRW,0,2023-03-15,2023-06-21,0.11470633555756336,0.817282640847639,1070.66901535587,0.7025763052900756,98,16,0.2410283699465272,Mar23-Jun23,Mar-Jun
2023-02-28,KRW,0,2023-03-15,2023-06-21,0.1542836367967689,1.1622700638689925,1071.960478905128,1.0079864270722236,98,15,0.3453741532616962,Mar23-Jun23,Mar-Jun
2023-03-01,KRW,0,2023-03-15,2023-06-21,0.22238082878704218,1.7790466302963375,1072.004705361044,1.5566658015092953,98,14,0.5333165187171715,Mar23-Jun23,Mar-Jun
2023-03-02,KRW,0,2023-03-15,2023-06-21,0.2551114603428246,2.1782593921579645,1075.991715581984,1.9231479318151399,98,13,0.6564130902073866,Mar23-Jun23,Mar-Jun
2023-03-03,KRW,0,2023-03-15,2023-06-21,0.21099843413032474,1.93415231286131,1071.6353810350101,1.7231538787309852,98,12,0.5905653221541818,Mar23-Jun23,Mar-Jun
2023-03-06,KRW,0,2023-03-15,2023-06-21,0.19313156845266602,2.296119758270585,1069.548242100104,2.102988189817919,98,9,0.7221617232222906,Mar23-Jun23,Mar-Jun
2023-03-07,KRW,0,2023-03-15,2023-06-21,0.1838466226821689,2.435967750538738,1079.0508703813325,2.252121127856569,98,8,0.7665707830141041,Mar23-Jun23,Mar-Jun
2023-03-08,KRW,0,2023-03-15,2023-06-21,0.16636247230726978,2.4954370846090463,1078.5910315503534,2.3290746123017767,98,7,0.7931147760835427,Mar23-Jun23,Mar-Jun
2023-03-09,KRW,0,2023-03-15,2023-06-21,0.16965112886284475,2.520531057390836,1080.1973920424623,2.3508799285279913,98,6,0.7993473612806269,Mar23-Jun23,Mar-Jun
2023-03-10,KRW,0,2023-03-15,2023-06-21,0.17786819317986824,2.617203413932347,1077.5766558669263,2.4393352207524788,98,5,0.8314345298361981,Mar23-Jun23,Mar-Jun
2023-03-13,KRW,0,2023-03-15,2023-06-21,0.16728531676072345,2.3897902394389066,1075.9577128255341,2.222504922678183,98,2,0.7586761585956673,Mar23-Jun23,Mar-Jun
2023-03-14,KRW,0,2023-03-15,2023-06-21,0.1884761453386926,2.66559119836151,1072.1086825574275,2.477115053022817,98,1,0.8486086383214162,Mar23-Jun23,Mar-Jun
2023-03-15,KRW,0,2023-06-21,2023-09-20,2.30977484203443,4.454565766780687,1071.180727071784,2.1447909247462564,91,98,0.7904016998467853,Jun23-Sep23,Jun-Sep
2023-03-16,KRW,0,2023-06-21,2023-09-20,2.3646285322398564,4.582991382073123,1064.7633739074777,2.218362849833267,91,97,0.8223887785093423,Jun23-Sep23,Jun-Sep
2023-03-17,KRW,0,2023-06-21,2023-09-20,2.3191779028211355,4.517565289870337,1060.2455707063243,2.1983873870492014,91,96,0.8184834991903379,Jun23-Sep23,Jun-Sep
2023-03-20,KRW,0,2023-06-21,2023-09-20,2.3353408744470463,4.620459364497382,1059.1673450168018,2.2851184900503356,91,93,0.8516256540432828,Jun23-Sep23,Jun-Sep
2023-03-21,KRW,0,2023-06-21,2023-09-20,2.2072452005559673,4.390498605453717,1057.619025887086,2.18325340489775,91,92,0.8149492678734152,Jun23-Sep23,Jun-Sep
2023-03-22,KRW,0,2023-06-21,2023-09-20,2.0204795711339654,4.040959142267931,1053.582901393294,2.0204795711339654,91,91,0.7572073128821936,Jun23-Sep23,Jun-Sep
2023-03-23,KRW,0,2023-06-21,2023-09-20,2.03571651269904,4.094052097761402,1056.9391848441624,2.058335585062362,91,90,0.7689385310608746,Jun23-Sep23,Jun-Sep
2023-03-24,KRW,0,2023-06-21,2023-09-20,2.186102309084488,4.421330512755144,1056.0694313820154,2.235228203670656,91,89,0.8355884513703588,Jun23-Sep23,Jun-Sep
2023-03-27,KRW,0,2023-06-21,2023-09-20,1.9675764912910507,4.049546964633907,1060.0543493796667,2.0819704733428566,91,86,0.7755364090976719,Jun23-Sep23,Jun-Sep
2023-03-28,KRW,0,2023-06-21,2023-09-20,1.6938911566596349,3.5073511008481857,1057.5307371407405,1.8134599441885508,91,85,0.6772998908896983,Jun23-Sep23,Jun-Sep
2023-03-29,KRW,0,2023-06-21,2023-09-20,1.597879992066197,3.32891665013791,1056.880742830783,1.7310366580717131,91,84,0.6469716970374069,Jun23-Sep23,Jun-Sep
2023-03-30,KRW,0,2023-06-21,2023-09-20,1.4683139707482211,3.078152179640849,1055.1436086813428,1.609838208892628,91,83,0.6027369727680509,Jun23-Sep23,Jun-Sep
2023-03-31,KRW,0,2023-06-21,2023-09-20,1.6233433916316369,3.424858618930161,1054.910439932834,1.801515227298524,91,82,0.674552346471169,Jun23-Sep23,Jun-Sep
2023-04-03,KRW,0,2023-06-21,2023-09-20,1.472420090574429,3.168498929084214,1053.5334363951301,1.6960788385097851,91,79,0.6359929091210859,Jun23-Sep23,Jun-Sep
2023-04-04,KRW,0,2023-06-21,2023-09-20,1.4660659087018981,3.1764761355207796,1056.3715262935827,1.7104102268188814,91,78,0.639649988811153,Jun23-Sep23,Jun-Sep
2023-04-05,KRW,0,2023-06-21,2023-09-20,1.435330916506011,3.1316310905585696,1051.7576859989779,1.6963001740525585,91,77,0.6371707695945933,Jun23-Sep23,Jun-Sep
2023-04-06,KRW,0,2023-06-21,2023-09-20,1.4028605781674721,3.08260153360484,1054.4689518398607,1.6797409554373677,91,76,0.6293499813447894,Jun23-Sep23,Jun-Sep
2023-04-07,KRW,0,2023-06-21,2023-09-20,1.6771098834468132,3.712003208695613,1053.2384456298971,2.0348933252487997,91,75,0.7631063357131099,Jun23-Sep23,Jun-Sep
2023-04-10,KRW,0,2023-06-21,2023-09-20,1.2846129848577261,2.9082210629417964,1047.0223002462328,1.6236080780840703,91,72,0.6127084390287452,Jun23-Sep23,Jun-Sep
2023-04-11,KRW,0,2023-06-21,2023-09-20,1.4102874770690834,3.217839032185796,1045.1268939538163,1.8075515551167125,91,71,0.6832775300998674,Jun23-Sep23,Jun-Sep
2023-04-12,KRW,0,2023-06-21,2023-09-20,1.4659681221648937,3.371726680979255,1045.2792687073443,1.9057585588143613,91,70,0.7202578395400218,Jun23-Sep23,Jun-Sep
2023-04-13,KRW,0,2023-06-21,2023-09-20,1.5353819716120558,3.5603060211294046,1048.5999659670624,2.024924049517349,91,69,0.762824388614826,Jun23-Sep23,Jun-Sep
2023-04-14,KRW,0,2023-06-21,2023-09-20,1.4814037264570579,3.463870478039297,1050.3170555448464,1.9824667515822392,91,68,0.7456490871918907,Jun23-Sep23,Jun-Sep
2023-04-17,KRW,0,2023-06-21,2023-09-20,1.6568933947009132,3.9765441472821914,1052.2692429143044,2.3196507525812784,91,65,0.8707100074412697,Jun23-Sep23,Jun-Sep
2023-04-18,KRW,0,2023-06-21,2023-09-20,1.4796941294887072,3.583634219855463,1048.1481208737296,2.103940090366756,91,64,0.792974362855302,Jun23-Sep23,Jun-Sep
2023-04-19,KRW,0,2023-06-21,2023-09-20,1.5121835980800267,3.6964487953067318,1043.89539499955,2.184265197226705,91,63,0.8265722679643307,Jun23-Sep23,Jun-Sep
2023-04-20,KRW,0,2023-06-21,2023-09-20,1.5463716374874077,3.8160461376705386,1037.8099884947342,2.2696745001831307,91,62,0.863893504966271,Jun23-Sep23,Jun-Sep
2023-04-21,KRW,0,2023-06-21,2023-09-20,1.5788837208521282,3.93426763228727,1036.8371472965016,2.3553839114351414,91,61,0.8973284318296313,Jun23-Sep23,Jun-Sep
2023-04-24,KRW,0,2023-06-21,2023-09-20,1.242205643737453,3.191183464084146,1047.8301522049292,1.948977820346693,91,58,0.7349580673784549,Jun23-Sep23,Jun-Sep
2023-04-25,KRW,0,2023-06-21,2023-09-20,1.3357872245466285,3.4683598111035265,1048.6454467019807,2.132572586556898,91,57,0.8034953977532755,Jun23-Sep23,Jun-Sep
2023-04-26,KRW,0,2023-06-21,2023-09-20,1.6543065342967687,4.342554652529018,1048.1193458348043,2.6882481182322495,91,56,1.01305911959973,Jun23-Sep23,Jun-Sep
2023-04-27,KRW,0,2023-06-21,2023-09-20,1.630937338871782,4.329397299550549,1051.6755129057872,2.698459960678767,91,55,1.0134967098692442,Jun23-Sep23,Jun-Sep
2023-04-28,KRW,0,2023-06-21,2023-09-20,1.6558666214220543,4.446308520485147,1049.0053582250912,2.7904418990630924,91,54,1.0506822321432014,Jun23-Sep23,Jun-Sep
2023-05-01,KRW,0,2023-06-21,2023-09-20,1.6674183689238178,4.642615850729061,1055.3473828341346,2.975197481805243,91,51,1.1135143994707164,Jun23-Sep23,Jun-Sep
2023-05-02,KRW,0,2023-06-21,2023-09-20,1.6119181482853293,4.545609178164629,1055.2858352210085,2.9336910298792995,91,50,1.0981015552976383,Jun23-Sep23,Jun-Sep
2023-05-03,KRW,0,2023-06-21,2023-09-20,1.3409817417941323,3.8313764051260923,1054.7868219540399,2.4903946633319602,91,49,0.9328521341415091,Jun23-Sep23,Jun-Sep
2023-05-04,KRW,0,2023-06-21,2023-09-20,1.342850096234269,3.888670070345071,1052.99917119998,2.5458199741108016,91,48,0.9552285234136405,Jun23-Sep23,Jun-Sep
2023-05-05,KRW,0,2023-06-21,2023-09-20,1.3474186858030939,3.956250609379297,1053.5469150691442,2.6088319235762034,91,47,0.9783590103153873,Jun23-Sep23,Jun-Sep
2023-05-08,KRW,0,2023-06-21,2023-09-20,1.2574607271510931,3.8581181401226723,1051.09548392453,2.600657412971579,91,44,0.9776487149691547,Jun23-Sep23,Jun-Sep
2023-05-09,KRW,0,2023-06-21,2023-09-20,1.2944819992327377,4.033967160399693,1053.8036963922698,2.7394851611669555,91,43,1.0271578452565615,Jun23-Sep23,Jun-Sep
2023-05-10,KRW,0,2023-06-21,2023-09-20,1.3288654004834144,4.208073768197479,1049.7465088658198,2.8792083677140643,91,42,1.0836782156786349,Jun23-Sep23,Jun-Sep
2023-05-11,KRW,0,2023-06-21,2023-09-20,1.2271897382073549,3.9509523278870935,1057.4860242791785,2.7237625896797386,91,41,1.0177755777424506,Jun23-Sep23,Jun-Sep
2023-05-12,KRW,0,2023-06-21,2023-09-20,1.096158948297793,3.589920555675272,1060.7069822755916,2.493761607377479,91,40,0.92912048869137,Jun23-Sep23,Jun-Sep
2023-05-15,KRW,0,2023-06-21,2023-09-20,1.0824224351600917,3.744596532445722,1064.2815700360488,2.6621740972856305,91,37,0.9885520650152835,Jun23-Sep23,Jun-Sep
2023-05-16,KRW,0,2023-06-21,2023-09-20,0.896845895409035,3.163873019915207,1060.5720397334626,2.267027124506172,91,36,0.8449102065555196,Jun23-Sep23,Jun-Sep
2023-05-17,KRW,0,2023-06-21,2023-09-20,0.9979945437702263,3.5927803575728148,1069.6524885919132,2.5947858138025883,91,35,0.958771036637328,Jun23-Sep23,Jun-Sep
2023-05-18,KRW,0,2023-06-21,2023-09-20,0.9097231274040689,3.3445703213384887,1070.4969080566161,2.43484719393442,91,34,0.899038912500492,Jun23-Sep23,Jun-Sep
2023-05-19,KRW,0,2023-06-21,2023-09-20,0.9475941457774002,3.560656790193868,1077.8092627442663,2.613062644416468,91,33,0.9582688272322768,Jun23-Sep23,Jun-Sep
2023-05-22,KRW,0,2023-06-21,2023-09-20,0.8779184467973769,3.5409377354160863,1085.4713977427643,2.6630192886187096,91,30,0.9697637034946345,Jun23-Sep23,Jun-Sep
2023-05-23,KRW,0,2023-06-21,2023-09-20,0.8590838970172037,3.5548299186918766,1082.9288993146376,2.695746021674673,91,29,0.9840014764209886,Jun23-Sep23,Jun-Sep
2023-05-24,KRW,0,2023-06-21,2023-09-20,0.8154911466966226,3.465837373460646,1083.5048729842217,2.6503462267640234,91,28,0.9669546490733875,Jun23-Sep23,Jun-Sep
2023-05-25,KRW,0,2023-06-21,2023-09-20,0.7140279255063633,3.1205664892500318,1083.9831407034073,2.4065385637436685,91,27,0.8776986439559497,Jun23-Sep23,Jun-Sep
2023-05-26,KRW,0,2023-06-21,2023-09-20,0.6982352653019567,3.142058693858805,1083.7578175679555,2.4438234285568483,91,26,0.8914951305701089,Jun23-Sep23,Jun-Sep
2023-05-29,KRW,0,2023-06-21,2023-09-20,0.5117349511728145,2.536425410160907,1079.5758841640331,2.0246904589880925,91,23,0.7415846928882257,Jun23-Sep23,Jun-Sep
2023-05-30,KRW,0,2023-06-21,2023-09-20,0.46260582964043956,2.3761117613349847,1085.3555377643681,1.913505931694545,91,22,0.6971621924531763,Jun23-Sep23,Jun-Sep
2023-05-31,KRW,0,2023-06-21,2023-09-20,0.4057074779433246,2.163773215697731,1083.477370807877,1.7580657377544067,91,21,0.6416730250251311,Jun23-Sep23,Jun-Sep
2023-06-01,KRW,0,2023-06-21,2023-09-20,0.36151074014125195,2.0063846077839482,1077.3175905121207,1.6448738676426964,91,20,0.6038154878368646,Jun23-Sep23,Jun-Sep
2023-06-02,KRW,0,2023-06-21,2023-09-20,0.3144241399541957,1.8203502839453434,1079.6103274787097,1.5059261439911475,91,19,0.5516597347413378,Jun23-Sep23,Jun-Sep
2023-06-05,KRW,0,2023-06-21,2023-09-20,0.18805535237562296,1.2576201690119786,1080.0667044463792,1.0695648166363556,91,16,0.391689588966897,Jun23-Sep23,Jun-Sep
2023-06-06,KRW,0,2023-06-21,2023-09-20,0.1241024684761558,0.876990777231501,1084.6033486764895,0.7528883087553452,91,15,0.27458134670451945,Jun23-Sep23,Jun-Sep
2023-06-07,KRW,0,2023-06-21,2023-09-20,0.1013422156078145,0.7600666170586089,1082.526915887712,0.6587244014507944,91,14,0.24070521599205552,Jun23-Sep23,Jun-Sep
2023-06-08,KRW,0,2023-06-21,2023-09-20,0.09309665631587441,0.7447732505269952,1086.5016655954025,0.6516765942111208,91,13,0.23726059993908968,Jun23-Sep23,Jun-Sep
2023-06-09,KRW,0,2023-06-21,2023-09-20,0.09303103741739438,0.7985164044993018,1084.61978531759,0.7054853670819075,91,12,0.25729677758392483,Jun23-Sep23,Jun-Sep
2023-06-12,KRW,0,2023-06-21,2023-09-20,0.03326115243260131,0.36956836036223667,1084.8162104596415,0.33630720792963537,91,9,0.12263877451379346,Jun23-Sep23,Jun-Sep
2023-06-13,KRW,0,2023-06-21,2023-09-20,0.03226163435689005,0.39923772516651435,1086.22079577733,0.3669760908096243,91,8,0.13364966258596658,Jun23-Sep23,Jun-Sep
2023-06-14,KRW,0,2023-06-21,2023-09-20,0.028373299007505296,0.39722618610507415,1083.0623920839057,0.36885288709756886,91,7,0.13472538787239696,Jun23-Sep23,Jun-Sep
2023-06-15,KRW,0,2023-06-21,2023-09-20,0.031132363910729592,0.4314056141915386,1084.5488195981013,0.400273250280809,91,6,0.1460010919135476,Jun23-Sep23,Jun-Sep
2023-06-16,KRW,0,2023-06-21,2023-09-20,0.025462039003267253,0.34919367775909377,1076.658098090081,0.3237316387558265,91,5,0.11894828158486925,Jun23-Sep23,Jun-Sep
2023-06-19,KRW,0,2023-06-21,2023-09-20,0.02435987155402243,0.32363829350344087,1085.5783790052258,0.29927842194941845,91,2,0.1090600225964561,Jun23-Sep23,Jun-Sep
2023-06-20,KRW,0,2023-06-21,2023-09-20,0.036143113648218914,0.4750237793765914,1079.3647717614995,0.4388806657283725,91,1,0.16085137423475399,Jun23-Sep23,Jun-Sep
2023-06-21,KRW,0,2023-09-20,2023-12-20,0.5425317114690159,1.0850634229380318,1074.2828403438903,0.5425317114690159,91,91,0.1996863261624071,Sep23-Dec23,Sep-Dec
2023-06-22,KRW,0,2023-09-20,2023-12-20,0.6856906708859127,1.3790001270038912,1077.3144562453174,0.6933094561179785,91,90,0.25443064097807244,Sep23-Dec23,Sep-Dec
2023-06-23,KRW,0,2023-09-20,2023-12-20,0.6923345239802714,1.4002271271511106,1069.49446469523,0.7078926031708392,91,89,0.26167901307937336,Sep23-Dec23,Sep-Dec
2023-06-26,KRW,0,2023-09-20,2023-12-20,0.7918063210155109,1.6296478932528538,1073.5157211619637,0.8378415722373429,91,86,0.3085278659210636,Sep23-Dec23,Sep-Dec
2023-06-27,KRW,0,2023-09-20,2023-12-20,0.6720616329749778,1.3915629106305423,1075.9903962455685,0.7195012776555645,91,85,0.2643705703683329,Sep23-Dec23,Sep-Dec
2023-06-28,KRW,0,2023-09-20,2023-12-20,0.5332766780664915,1.1109930793051905,1073.38696353506,0.577716401238699,91,84,0.21281575594244528,Sep23-Dec23,Sep-Dec
2023-06-29,KRW,0,2023-09-20,2023-12-20,0.560164975985898,1.1743217568860993,1076.436365573125,0.6141567809002013,91,83,0.22559322636860227,Sep23-Dec23,Sep-Dec
2023-06-30,KRW,0,2023-09-20,2023-12-20,0.31847661580788433,0.6719079821312681,1087.8992649030633,0.3534313663233838,91,82,0.12848439859730793,Sep23-Dec23,Sep-Dec
2023-07-03,KRW,0,2023-09-20,2023-12-20,0.2872339599054828,0.7817027261720038,1090.6955429245766,0.494468766266521,91,79,0.1793007383514527,Sep23-Dec23,Sep-Dec
2023-07-04,KRW,0,2023-09-20,2023-12-20,0.4782672552232083,1.1899221649319434,1084.7749078705333,0.711654909708735,91,78,0.25941763349512437,Sep23-Dec23,Sep-Dec
2023-07-05,KRW,0,2023-09-20,2023-12-20,0.6255577997351827,1.50970272082223,1086.370046863736,0.8841449210870473,91,77,0.32177831780798716,Sep23-Dec23,Sep-Dec
2023-07-06,KRW,0,2023-09-20,2023-12-20,0.6782234964619641,1.6263517611626224,1088.3589409696099,0.9481282647006583,91,76,0.3444177309562044,Sep23-Dec23,Sep-Dec
2023-07-07,KRW,0,2023-09-20,2023-12-20,0.3945487278937624,0.9994803624234841,1081.821525873915,0.6049316345297218,91,75,0.2211329320239232,Sep23-Dec23,Sep-Dec
2023-07-10,KRW,0,2023-09-20,2023-12-20,0.5193356269260128,1.274762460994598,1080.4833337380276,0.7554268340685852,91,72,0.276456464525359,Sep23-Dec23,Sep-Dec
2023-07-11,KRW,0,2023-09-20,2023-12-20,0.4493892017981239,1.1159877106288953,1087.4495938065654,0.6665985088307714,91,71,0.2424023777166186,Sep23-Dec23,Sep-Dec
2023-07-12,KRW,0,2023-09-20,2023-12-20,0.376569888261447,0.94831606082622,1096.070904331892,0.571746172564773,91,70,0.20628922438584435,Sep23-Dec23,Sep-Dec
2023-07-13,KRW,0,2023-09-20,2023-12-20,0.39091075110070084,0.9795383001393574,1096.1788116312016,0.5886275490386566,91,69,0.21235644302463552,Sep23-Dec23,Sep-Dec
2023-07-14,KRW,0,2023-09-20,2023-12-20,0.3637443143355104,0.9145191214807632,1097.1313314317017,0.5507748071452527,91,68,0.19853294972347968,Sep23-Dec23,Sep-Dec
2023-07-17,KRW,0,2023-09-20,2023-12-20,0.33818997383446653,0.8485229355575983,1106.0099506463625,0.5103329617231318,91,65,0.18248321253225316,Sep23-Dec23,Sep-Dec
2023-07-18,KRW,0,2023-09-20,2023-12-20,0.5523296654166688,1.365405235144858,1109.2730685545232,0.8130755697281892,91,64,0.2898260121447672,Sep23-Dec23,Sep-Dec
2023-07-19,KRW,0,2023-09-20,2023-12-20,0.6355022412539657,1.5720076628067574,1113.4643844904917,0.9365054215527917,91,63,0.3325425894804191,Sep23-Dec23,Sep-Dec
2023-07-20,KRW,0,2023-09-20,2023-12-20,0.6147120995863614,1.5262557817089333,1116.5946372397827,0.9115436821225719,91,62,0.32277807883219634,Sep23-Dec23,Sep-Dec
2023-07-21,KRW,0,2023-09-20,2023-12-20,0.39808143923711964,0.9919406354761013,1115.6870663647626,0.5938591962389816,91,61,0.21049765680017896,Sep23-Dec23,Sep-Dec
2023-07-24,KRW,0,2023-09-20,2023-12-20,0.4897499831218129,1.2581508187094848,1115.672212362029,0.7684008355876719,91,58,0.2723464500670949,Sep23-Dec23,Sep-Dec
2023-07-25,KRW,0,2023-09-20,2023-12-20,0.4057133460126624,1.0534311440328779,1116.3251384280647,0.6477177980202155,91,57,0.22945547497050725,Sep23-Dec23,Sep-Dec
2023-07-26,KRW,0,2023-09-20,2023-12-20,0.3776086334683524,0.9912226628544251,1105.9905098999877,0.6136140293860727,91,56,0.2194101611961265,Sep23-Dec23,Sep-Dec
2023-07-27,KRW,0,2023-09-20,2023-12-20,0.32364367495446844,0.8591268462427707,1111.843198391361,0.5354831712883023,91,55,0.1904745657947203,Sep23-Dec23,Sep-Dec
2023-07-28,KRW,0,2023-09-20,2023-12-20,0.2144343470546457,0.5757959319059932,1118.3812292866637,0.3613615848513475,91,54,0.12779973677468692,Sep23-Dec23,Sep-Dec
2023-07-31,KRW,0,2023-09-20,2023-12-20,0.3558523449916725,0.9908045684081862,1127.9567622226286,0.6349522234165137,91,51,0.22262437496423704,Sep23-Dec23,Sep-Dec
2023-08-01,KRW,0,2023-09-20,2023-12-20,0.28286179554217206,0.7976702634289252,1121.5261726157912,0.5148084678867532,91,50,0.18154649012720384,Sep23-Dec23,Sep-Dec
2023-08-02,KRW,0,2023-09-20,2023-12-20,0.08888014855974108,0.4221921198199039,1121.6589214709581,0.3333119712601628,91,49,0.11754841930400695,Sep23-Dec23,Sep-Dec
2023-08-03,KRW,0,2023-09-20,2023-12-20,-0.04657147784226087,0.02386268592522245,1120.4182859536675,0.07043416376748332,91,48,0.02487037509702283,Sep23-Dec23,Sep-Dec
2023-08-04,KRW,0,2023-09-20,2023-12-20,-0.015840284869333126,0.10358803664572291,1125.7335693058958,0.11942832151505604,91,47,0.041969996325890595,Sep23-Dec23,Sep-Dec
2023-08-07,KRW,0,2023-09-20,2023-12-20,-0.05236241682773364,-0.03847485694816029,1127.8389998653822,0.013887559879573352,91,44,0.004871470852817363,Sep23-Dec23,Sep-Dec
2023-08-08,KRW,0,2023-09-20,2023-12-20,0.18043805190473405,0.6751130890892437,1128.1776454890974,0.49467503718450967,91,43,0.17343396742620995,Sep23-Dec23,Sep-Dec
2023-08-09,KRW,0,2023-09-20,2023-12-20,0.3284630530052859,1.1444598550593768,1138.1111331924162,0.8159968020540909,91,42,0.28355647744185447,Sep23-Dec23,Sep-Dec
2023-08-10,KRW,0,2023-09-20,2023-12-20,0.47403612509729187,1.6206713931147474,1134.0756892279376,1.1466352680174556,91,41,0.39981848485447763,Sep23-Dec23,Sep-Dec
2023-08-11,KRW,0,2023-09-20,2023-12-20,0.38664484329397864,1.3512899098547884,1133.707307560107,0.9646450665608097,91,40,0.336495779490662,Sep23-Dec23,Sep-Dec
2023-08-14,KRW,0,2023-09-20,2023-12-20,0.31194197209285257,1.1360891097130048,1138.770071078944,0.8241471376201522,91,37,0.2862271781414793,Sep23-Dec23,Sep-Dec
2023-08-15,KRW,0,2023-09-20,2023-12-20,0.21054935795677845,0.790378689496077,1142.5762408986047,0.5798293315392986,91,36,0.2007225094068451,Sep23-Dec23,Sep-Dec
2023-08-16,KRW,0,2023-09-20,2023-12-20,0.045747682682117895,0.20248476386289804,1133.7931862182083,0.15673708118078014,91,35,0.054686672344209986,Sep23-Dec23,Sep-Dec
2023-08-17,KRW,0,2023-09-20,2023-12-20,0.1227784662270399,0.47967629455284516,1131.3949840197033,0.35689782832580524,91,34,0.1247796140266675,Sep23-Dec23,Sep-Dec
2023-08-18,KRW,0,2023-09-20,2023-12-20,0.026482419164553822,0.11837948260890896,1132.1871812533132,0.09189706344435514,91,33,0.03210955971308962,Sep23-Dec23,Sep-Dec
2023-08-21,KRW,0,2023-09-20,2023-12-20,-0.021466861286709514,-0.08658300718972836,1133.3493860281162,-0.06511614590301884,91,30,-0.022729726417607714,Sep23-Dec23,Sep-Dec
2023-08-22,KRW,0,2023-09-20,2023-12-20,-0.10736502313885316,-0.44426906126422,1136.4774305639514,-0.33690403812536684,91,29,-0.11728636860554752,Sep23-Dec23,Sep-Dec
2023-08-23,KRW,0,2023-09-20,2023-12-20,-0.10939576085881647,-0.46493198364997,1140.6934675428176,-0.35553622279115354,91,28,-0.12331549774579442,Sep23-Dec23,Sep-Dec
2023-08-24,KRW,0,2023-09-20,2023-12-20,-0.09282525664652237,-0.40568075126998665,1136.9262999147654,-0.3128554946234643,91,27,-0.10886995467760177,Sep23-Dec23,Sep-Dec
2023-08-25,KRW,0,2023-09-20,2023-12-20,-0.20295314043176005,-0.9132891319429202,1137.9996560588402,-0.7103359915111601,91,26,-0.24697913069796595,Sep23-Dec23,Sep-Dec
2023-08-28,KRW,0,2023-09-20,2023-12-20,-0.15085689248736064,-0.7477254671112658,1136.7723525253912,-0.5968685746239051,91,23,-0.20774183193485982,Sep23-Dec23,Sep-Dec
2023-08-29,KRW,0,2023-09-20,2023-12-20,-0.13722659309817176,-0.7048456827315186,1129.6041582778105,-0.5676190896333468,91,22,-0.19881290951386288,Sep23-Dec23,Sep-Dec
2023-08-30,KRW,0,2023-09-20,2023-12-20,-0.09276518560243005,-0.4947476565462936,1140.9129566906977,-0.4019824709438635,91,21,-0.13939622882329164,Sep23-Dec23,Sep-Dec
2023-08-31,KRW,0,2023-09-20,2023-12-20,-0.09558003133749862,-0.5304691739231173,1143.683735235617,-0.4348891425856187,91,20,-0.15044232106164035,Sep23-Dec23,Sep-Dec
2023-09-01,KRW,0,2023-09-20,2023-12-20,-0.06156914778809747,-0.18080315755668067,1146.3460848368688,-0.1192340097685832,91,19,-0.041149904517098976,Sep23-Dec23,Sep-Dec
2023-09-04,KRW,0,2023-09-20,2023-12-20,-0.0701866136732805,-0.32252384825131963,1138.0807628377631,-0.25233723457803914,91,16,-0.08771950038019286,Sep23-Dec23,Sep-Dec
2023-09-05,KRW,0,2023-09-20,2023-12-20,-0.005917665345098557,0.0968578186342908,1146.3881598033613,0.10277548397938936,91,15,0.03546673328335027,Sep23-Dec23,Sep-Dec
2023-09-06,KRW,0,2023-09-20,2023-12-20,0.011922148692532233,0.21950886223512683,1152.2500452214824,0.20758671354259461,91,14,0.07127043907734282,Sep23-Dec23,Sep-Dec
2023-09-07,KRW,0,2023-09-20,2023-12-20,0.027480420162541173,0.3409037587687283,1154.7299450831906,0.31342333860618715,91,13,0.10737462925042844,Sep23-Dec23,Sep-Dec
2023-09-08,KRW,0,2023-09-20,2023-12-20,-0.0052085884782915445,0.0672738268024908,1157.1357383808745,0.07248241528078235,91,12,0.02478057691055371,Sep23-Dec23,Sep-Dec
2023-09-11,KRW,0,2023-09-20,2023-12-20,-0.008320150990691102,-0.009281324584342068,1145.8260993635054,-0.0009611735936509661,91,9,-0.0003318542490475026,Sep23-Dec23,Sep-Dec
2023-09-12,KRW,0,2023-09-20,2023-12-20,-0.02155181536396018,-0.19268017436913826,1147.3648817779685,-0.1711283590051781,91,8,-0.05900512014765094,Sep23-Dec23,Sep-Dec
2023-09-13,KRW,0,2023-09-20,2023-12-20,-0.03333700415244474,-0.4021205078214263,1144.299462683887,-0.36878350366898155,91,7,-0.1274986402233908,Sep23-Dec23,Sep-Dec
2023-09-14,KRW,0,2023-09-20,2023-12-20,-0.02464704562199261,-0.2862692985919574,1142.2122277025737,-0.2616222529699648,91,6,-0.09061463722390474,Sep23-Dec23,Sep-Dec
2023-09-15,KRW,0,2023-09-20,2023-12-20,-0.030255668683445494,-0.3687396783831504,1145.6411191760178,-0.33848400969970494,91,5,-0.11688590458118837,Sep23-Dec23,Sep-Dec
2023-09-18,KRW,0,2023-09-20,2023-12-20,-0.03338318295327228,-0.4249137025521787,1153.5551429889172,-0.3915305195989064,91,2,-0.1342767860683414,Sep23-Dec23,Sep-Dec
2023-09-19,KRW,0,2023-09-20,2023-12-20,0.00039675866240975073,0.01445474175199391,1145.7847171371827,0.014057983089584159,91,1,0.0048537896295626146,Sep23-Dec23,Sep-Dec
2023-09-20,KRW,0,2023-12-20,2024-03-20,-0.21849970441509403,-0.15041174945021707,1146.350637519884,0.06808795496487696,91,91,0.02350156093092101,Dec23-Mar24,Dec-Mar
2023-09-21,KRW,0,2023-12-20,2024-03-20,-0.30376736721689857,-0.32440839450994985,1146.0061315716962,-0.020641027293051284,91,90,-0.007127227264237888,Dec23-Mar24,Dec-Mar
2023-09-22,KRW,0,2023-12-20,2024-03-20,-0.32869128166321926,-0.3777446498114623,1148.0969378049142,-0.049053368148243015,91,89,-0.016907357489169595,Dec23-Mar24,Dec-Mar
2023-09-25,KRW,0,2023-12-20,2024-03-20,-0.28218790588944076,-0.2946442142588821,1144.551484472891,-0.012456308369441338,91,86,-0.00430647781839384,Dec23-Mar24,Dec-Mar
2023-09-26,KRW,0,2023-12-20,2024-03-20,-0.43478228513381234,-0.6134529843527042,1147.208400638641,-0.1786706992188919,91,85,-0.06163632721003607,Dec23-Mar24,Dec-Mar
2023-09-27,KRW,0,2023-12-20,2024-03-20,-0.4651975551730836,-0.6812967985763108,1151.4590988037871,-0.21609924340322717,91,84,-0.07427477285883242,Dec23-Mar24,Dec-Mar
2023-09-28,KRW,0,2023-12-20,2024-03-20,-0.42059711233169067,-0.5943315634137736,1149.608567825107,-0.1737344510820829,91,83,-0.05980754608262381,Dec23-Mar24,Dec-Mar
2023-09-29,KRW,0,2023-12-20,2024-03-20,-0.3594454901519311,-0.4707716876576322,1150.2825077247924,-0.11132619750570111,91,82,-0.03829919976866486,Dec23-Mar24,Dec-Mar
2023-10-02,KRW,0,2023-12-20,2024-03-20,-0.18790811485090897,-0.48779994090407175,1146.4027490029812,-0.2998918260531628,91,79,-0.10350461393483366,Dec23-Mar24,Dec-Mar
2023-10-03,KRW,0,2023-12-20,2024-03-20,0.0924695122155473,0.13494790474528318,1148.535308284144,0.04247839252973587,91,78,0.014630186669524375,Dec23-Mar24,Dec-Mar
2023-10-04,KRW,0,2023-12-20,2024-03-20,-0.012086680052794008,-0.07347649429248927,1151.4691465562796,-0.061389814239695265,91,77,-0.02109160749872221,Dec23-Mar24,Dec-Mar
2023-10-05,KRW,0,2023-12-20,2024-03-20,-0.3041877873620747,-0.6968197301050008,1151.434132540578,-0.39263194274292607,91,76,-0.13493430790487973,Dec23-Mar24,Dec-Mar
2023-10-06,KRW,0,2023-12-20,2024-03-20,-0.08186277399737193,-0.19066790468666145,1152.7660020581623,-0.10880513068928951,91,75,-0.03734222281551089,Dec23-Mar24,Dec-Mar
2023-10-09,KRW,0,2023-12-20,2024-03-20,0.0501610394795474,0.1624301422554103,1150.5354138059893,0.11226910277586291,91,72,0.038601344845403285,Dec23-Mar24,Dec-Mar
2023-10-10,KRW,0,2023-12-20,2024-03-20,0.5295172531252744,1.2769459343964447,1148.5567849066153,0.7474286812711702,91,71,0.2573227712800874,Dec23-Mar24,Dec-Mar
2023-10-11,KRW,0,2023-12-20,2024-03-20,0.6121514833645236,1.4976097920377254,1156.9210361202697,0.8854583086732017,91,70,0.30261870915408334,Dec23-Mar24,Dec-Mar
2023-10-12,KRW,0,2023-12-20,2024-03-20,0.648008956559557,1.6125330124640518,1151.9004775428523,0.9645240559044947,91,69,0.3310662940879367,Dec23-Mar24,Dec-Mar
2023-10-13,KRW,0,2023-12-20,2024-03-20,0.45907849731851186,1.2049003307692319,1157.2480800860064,0.7458218334507201,91,68,0.254857537558839,Dec23-Mar24,Dec-Mar
2023-10-16,KRW,0,2023-12-20,2024-03-20,0.6072382573978673,1.6535515827665368,1153.9986177156193,1.0463133253686694,91,65,0.3584999578461997,Dec23-Mar24,Dec-Mar
2023-10-17,KRW,0,2023-12-20,2024-03-20,0.6371382846249634,1.7609797571768333,1150.2078632946807,1.12384147255187,91,64,0.3863218990340995,Dec23-Mar24,Dec-Mar
2023-10-18,KRW,0,2023-12-20,2024-03-20,0.48152680013758586,1.4182220868330349,1152.4296522851812,0.936695286695449,91,63,0.32141311445401155,Dec23-Mar24,Dec-Mar
2023-10-19,KRW,0,2023-12-20,2024-03-20,0.43409000270517545,1.33707074515584,1158.70761235643,0.9029807424506644,91,62,0.3081790173993018,Dec23-Mar24,Dec-Mar
2023-10-20,KRW,0,2023-12-20,2024-03-20,0.6057556150282067,1.7984800432837729,1156.2248626900139,1.1927244282555662,91,61,0.40787909577808923,Dec23-Mar24,Dec-Mar
2023-10-23,KRW,0,2023-12-20,2024-03-20,0.5523154952496245,1.7074311438317764,1154.2067275895845,1.1551156485821519,91,58,0.3957265636905488,Dec23-Mar24,Dec-Mar
2023-10-24,KRW,0,2023-12-20,2024-03-20,0.5775209992409407,1.7869781492018433,1149.7997625856729,1.2094571499609026,91,57,0.41592142999258774,Dec23-Mar24,Dec-Mar
2023-10-25,KRW,0,2023-12-20,2024-03-20,0.4658792326480554,1.5081205144732308,1140.750115088343,1.0422412818251754,91,56,0.3612946492356278,Dec23-Mar24,Dec-Mar
2023-10-26,KRW,0,2023-12-20,2024-03-20,0.42239111144642966,1.4072315910704711,1143.9007445597952,0.9848404796240415,91,55,0.3404695846509316,Dec23-Mar24,Dec-Mar
2023-10-27,KRW,0,2023-12-20,2024-03-20,0.44833891445440366,1.4913405546475387,1149.8701744502644,1.043001640193135,91,54,0.3586972031564825,Dec23-Mar24,Dec-Mar
2023-10-30,KRW,0,2023-12-20,2024-03-20,0.4233814972042208,1.4679341620298996,1156.4289929823933,1.0445526648256789,91,51,0.3572016920751797,Dec23-Mar24,Dec-Mar
2023-10-31,KRW,0,2023-12-20,2024-03-20,0.4282386788209478,1.4983427022170495,1162.838511767906,1.0701040233961017,91,50,0.36392156420434346,Dec23-Mar24,Dec-Mar
2023-11-01,KRW,0,2023-12-20,2024-03-20,0.479593423262343,1.1525286062160103,1159.4899355528444,0.6729351829536673,91,49,0.229502680616405,Dec23-Mar24,Dec-Mar
2023-11-02,KRW,0,2023-12-20,2024-03-20,0.485093716259005,1.2068655334171043,1161.5499393901434,0.7217718171580993,91,48,0.24572073591266774,Dec23-Mar24,Dec-Mar
2023-11-03,KRW,0,2023-12-20,2024-03-20,0.41013467433143524,1.026143446298967,1167.4471789979075,0.6160087719675317,91,47,0.20866913711822538,Dec23-Mar24,Dec-Mar
2023-11-06,KRW,0,2023-12-20,2024-03-20,0.3051190129908158,0.8231446993910447,1172.2714783055435,0.518025686400229,91,44,0.1747717283839554,Dec23-Mar24,Dec-Mar
2023-11-07,KRW,0,2023-12-20,2024-03-20,0.19921445822196643,0.5303678613572993,1179.0366774060494,0.33115340313533287,91,43,0.11109375384808087,Dec23-Mar24,Dec-Mar
2023-11-08,KRW,0,2023-12-20,2024-03-20,0.03741433004988051,0.05195350376372902,1178.4465427929538,0.01453917371384851,91,42,0.004880644318408908,Dec23-Mar24,Dec-Mar
2023-11-09,KRW,0,2023-12-20,2024-03-20,0.1105074812786708,0.31353570514941803,1186.5797159648737,0.20302822387074723,91,41,0.06768308713436841,Dec23-Mar24,Dec-Mar
2023-11-10,KRW,0,2023-12-20,2024-03-20,0.24576662185946196,0.7882096041975155,1181.6195523631739,0.5424429823380535,91,40,0.1815713048944998,Dec23-Mar24,Dec-Mar
2023-11-13,KRW,0,2023-12-20,2024-03-20,0.17572925368373749,0.6726277898530143,1182.6357983161288,0.4968985361692768,91,37,0.1661932104109653,Dec23-Mar24,Dec-Mar
2023-11-14,KRW,0,2023-12-20,2024-03-20,0.230032407986927,0.9057445964205488,1188.3997667887113,0.6757121884336218,91,36,0.22489316024924197,Dec23-Mar24,Dec-Mar
2023-11-15,KRW,0,2023-12-20,2024-03-20,0.20380402448556198,0.85837878829927,1189.296401442661,0.6545747638137079,91,35,0.2176987045703886,Dec23-Mar24,Dec-Mar
2023-11-16,KRW,0,2023-12-20,2024-03-20,0.08852044792116881,0.48259368674576647,1195.9350912311102,0.39407323882459766,91,34,0.13034617707102608,Dec23-Mar24,Dec-Mar
2023-11-17,KRW,0,2023-12-20,2024-03-20,0.09168848134270392,0.5343828824666371,1193.3835114102355,0.4426944011239332,91,33,0.14674108939169886,Dec23-Mar24,Dec-Mar
2023-11-20,KRW,0,2023-12-20,2024-03-20,0.06533377507164183,0.5632373032861955,1198.89764198896,0.49790352821455364,91,30,0.16428599408842295,Dec23-Mar24,Dec-Mar
2023-11-21,KRW,0,2023-12-20,2024-03-20,0.015718282004342,0.36513525155727655,1200.376338571032,0.34941696955293455,91,29,0.11515478485950777,Dec23-Mar24,Dec-Mar
2023-11-22,KRW,0,2023-12-20,2024-03-20,0.08757955996130629,0.6710144211023091,1195.2051650670296,0.5834348611410028,91,28,0.19309863349683762,Dec23-Mar24,Dec-Mar
2023-11-23,KRW,0,2023-12-20,2024-03-20,0.089775494936401,0.6913166929041455,1195.8581193950538,0.6015411979677445,91,27,0.19898219903217856,Dec23-Mar24,Dec-Mar
2023-11-24,KRW,0,2023-12-20,2024-03-20,0.07792568667225393,0.6499795726902344,1197.2559306603669,0.5720538860179805,91,26,0.18900913110543183,Dec23-Mar24,Dec-Mar
2023-11-27,KRW,0,2023-12-20,2024-03-20,0.08603541767699151,0.7250721932328,1194.543100726499,0.6390367755558085,91,23,0.21161861008905142,Dec23-Mar24,Dec-Mar
2023-11-28,KRW,0,2023-12-20,2024-03-20,0.16884992806055135,1.1667941061002738,1198.0779024297663,0.9979441780397225,91,22,0.32947396070419466,Dec23-Mar24,Dec-Mar
2023-11-29,KRW,0,2023-12-20,2024-03-20,0.13218349771206872,1.005417336634494,1201.7547286805104,0.8732338389224253,91,21,0.287427329117178,Dec23-Mar24,Dec-Mar
2023-11-30,KRW,0,2023-12-20,2024-03-20,0.1206733322678608,0.9707466778731911,1204.038735146255,0.8500733456053303,91,20,0.2792759411584467,Dec23-Mar24,Dec-Mar
2023-12-01,KRW,0,2023-12-20,2024-03-20,0.02822542376348113,0.4639654064385506,1202.2202333367447,0.43573998267506947,91,19,0.1433818868560469,Dec23-Mar24,Dec-Mar
2023-12-04,KRW,0,2023-12-20,2024-03-20,0.12943232936205815,0.9148563363601836,1201.435641939378,0.7854240069981254,91,16,0.2585937259958878,Dec23-Mar24,Dec-Mar
2023-12-05,KRW,0,2023-12-20,2024-03-20,0.03645840873100035,0.42543148099068473,1202.0923650742614,0.38897307225968436,91,15,0.12800579617737068,Dec23-Mar24,Dec-Mar
2023-12-06,KRW,0,2023-12-20,2024-03-20,0.01995359601303602,0.4478796176222594,1192.910590097957,0.4279260216092234,91,14,0.14191053790769792,Dec23-Mar24,Dec-Mar
2023-12-07,KRW,0,2023-12-20,2024-03-20,-0.011440827310583693,0.2054409282154398,1187.8701868004373,0.21688175552602348,91,13,0.07223028504304081,Dec23-Mar24,Dec-Mar
2023-12-08,KRW,0,2023-12-20,2024-03-20,-0.021351785990500433,0.1132386941810334,1186.0327623979817,0.13459048017153383,91,12,0.044893822340948755,Dec23-Mar24,Dec-Mar
2023-12-11,KRW,0,2023-12-20,2024-03-20,-0.0024327964639189884,0.2713721465167557,1193.612873352311,0.27380494298067465,91,9,0.09074856862925548,Dec23-Mar24,Dec-Mar
2023-12-12,KRW,0,2023-12-20,2024-03-20,-0.04383990271085351,-0.24625208830245554,1185.0668309774264,-0.20241218559160204,91,8,-0.06757265550714112,Dec23-Mar24,Dec-Mar
2023-12-13,KRW,0,2023-12-20,2024-03-20,-0.04921913921845051,-0.3917343177012075,1189.3345254283986,-0.342515178482757,91,7,-0.11393440199129609,Dec23-Mar24,Dec-Mar
2023-12-14,KRW,0,2023-12-20,2024-03-20,-0.026881795090827883,-0.07509338207203935,1189.645971032017,-0.04821158698121146,91,6,-0.01603262414117258,Dec23-Mar24,Dec-Mar
2023-12-15,KRW,0,2023-12-20,2024-03-20,-0.003512783783384184,0.2491051701627444,1189.1219624823384,0.25261795394612857,91,5,0.08404274024595029,Dec23-Mar24,Dec-Mar
2023-12-18,KRW,0,2023-12-20,2024-03-20,-0.004648804946109071,0.2338630924379783,1182.5031468879952,0.23851189738408735,91,2,0.07979405907238916,Dec23-Mar24,Dec-Mar
2023-12-19,KRW,0,2023-12-20,2024-03-20,0.011385114973706313,0.44514911401697876,1182.064697450212,0.43376399904327245,91,1,0.14516742805929045,Dec23-Mar24,Dec-Mar
2023-12-20,KRW,0,2024-03-20,2024-06-19,0.14504370700697428,-0.006635202173560317,1186.8904647500356,-0.1516789091805346,91,91,-0.05055016700415007,Mar24-Jun24,Mar-Jun
2023-12-21,KRW,0,2024-03-20,2024-06-19,0.5163215618033731,0.7374108869890653,1190.6471585667985,0.22108932518569224,91,90,0.07342729215906144,Mar24-Jun24,Mar-Jun
2023-12-22,KRW,0,2024-03-20,2024-06-19,0.2976740281495318,0.29831581479598324,1188.1853868164053,0.0006417866464514255,91,89,0.0002136283021250471,Mar24-Jun24,Mar-Jun
2023-12-25,KRW,0,2024-03-20,2024-06-19,0.7160915783800876,1.1602411190634228,1185.3834344536767,0.4441495406833351,91,86,0.14813892657704134,Mar24-Jun24,Mar-Jun
2023-12-26,KRW,0,2024-03-20,2024-06-19,0.6254441830398798,0.976917494174786,1188.5797455016282,0.3514733111349062,91,85,0.11692211573640558,Mar24-Jun24,Mar-Jun
2023-12-27,KRW,0,2024-03-20,2024-06-19,0.5985103688984829,0.9254000656578287,1187.0641337132708,0.32688969675934587,91,84,0.10888529799279156,Mar24-Jun24,Mar-Jun
2023-12-28,KRW,0,2024-03-20,2024-06-19,0.6672746038101427,1.0717526186143589,1193.4203832076064,0.4044780148042162,91,83,0.13400463486496597,Mar24-Jun24,Mar-Jun
2023-12-29,KRW,0,2024-03-20,2024-06-19,0.4557043087944732,0.6309862970612475,1191.0316071394095,0.17528198826677432,91,82,0.058198122936221786,Mar24-Jun24,Mar-Jun
2024-01-01,KRW,0,2024-03-20,2024-06-19,0.2603862464822474,0.5603248342023045,1188.9515696275323,0.2999385877200571,91,79,0.09977785972235123,Mar24-Jun24,Mar-Jun
2024-01-02,KRW,0,2024-03-20,2024-06-19,0.43380791729920265,0.9399171541482724,1192.795144727277,0.5061092368490697,91,78,0.16779599448188012,Mar24-Jun24,Mar-Jun
2024-01-03,KRW,0,2024-03-20,2024-06-19,0.28314460109446427,0.6177700387515584,1188.8382548423608,0.3346254376570942,91,77,0.11132529788819795,Mar24-Jun24,Mar-Jun
2024-01-04,KRW,0,2024-03-20,2024-06-19,0.25785655190613477,0.5666058443200592,1183.3566600296058,0.30874929241392446,91,76,0.10319455828528307,Mar24-Jun24,Mar-Jun
2024-01-05,KRW,0,2024-03-20,2024-06-19,0.11492410881580026,0.2543653608456379,1190.900793527448,0.13944125202983762,91,75,0.04631640994716885,Mar24-Jun24,Mar-Jun
2024-01-08,KRW,0,2024-03-20,2024-06-19,0.29174672513635286,0.66048216940591,1187.6339632927318,0.3687354442695571,91,72,0.12279670465756927,Mar24-Jun24,Mar-Jun
2024-01-09,KRW,0,2024-03-20,2024-06-19,0.5451888367292067,1.243951993663824,1183.3542213029375,0.6987631569346172,91,71,0.23349431041364976,Mar24-Jun24,Mar-Jun
2024-01-10,KRW,0,2024-03-20,2024-06-19,0.5932627729549844,1.3645043777964643,1179.0057335449771,0.7712416048414799,91,70,0.25865278785467616,Mar24-Jun24,Mar-Jun
2024-01-11,KRW,0,2024-03-20,2024-06-19,0.7291346576510137,1.6907470322342346,1176.0404791526605,0.9616123745832209,91,69,0.32327320300269463,Mar24-Jun24,Mar-Jun
2024-01-12,KRW,0,2024-03-20,2024-06-19,0.6781883638297775,1.5857639683666858,1176.7515987362171,0.9075756045369082,91,68,0.30493614348115783,Mar24-Jun24,Mar-Jun
2024-01-15,KRW,0,2024-03-20,2024-06-19,0.47078865244091833,1.1298927658582039,1175.9775952906612,0.6591041134172855,91,65,0.22163699486321564,Mar24-Jun24,Mar-Jun
2024-01-16,KRW,0,2024-03-20,2024-06-19,0.5530359898177668,1.339384037839904,1173.0218838963142,0.7863480480221372,91,64,0.2650727610152361,Mar24-Jun24,Mar-Jun
2024-01-17,KRW,0,2024-03-20,2024-06-19,0.5352149808699213,1.3083032865709188,1174.4600409481545,0.7730883057009975,91,63,0.26028797170234264,Mar24-Jun24,Mar-Jun
2024-01-18,KRW,0,2024-03-20,2024-06-19,0.44912790415998033,1.1083317634915644,1177.9726918779334,0.6592038593315841,91,62,0.221299317420285,Mar24-Jun24,Mar-Jun
2024-01-19,KRW,0,2024-03-20,2024-06-19,0.49265736179243064,1.2276052293844173,1178.3406712639398,0.7349478675919867,91,61,0.2466409796017429,Mar24-Jun24,Mar-Jun
2024-01-22,KRW,0,2024-03-20,2024-06-19,0.4368456464857501,1.1222414021789096,1177.297650382903,0.6853957556931595,91,58,0.23022640042804485,Mar24-Jun24,Mar-Jun
2024-01-23,KRW,0,2024-03-20,2024-06-19,0.5764174934859448,1.4966629655424533,1181.823228994799,0.9202454720565084,91,57,0.3078934900411492,Mar24-Jun24,Mar-Jun
2024-01-24,KRW,0,2024-03-20,2024-06-19,0.45093210432474007,1.1836967738524427,1179.0094033805028,0.7327646695277026,91,56,0.24577759462311097,Mar24-Jun24,Mar-Jun
2024-01-25,KRW,0,2024-03-20,2024-06-19,0.4781468945213927,1.2692626654567878,1178.6420985597324,0.7911157709353951,91,55,0.26542575078372804,Mar24-Jun24,Mar-Jun
2024-01-26,KRW,0,2024-03-20,2024-06-19,0.5347930503620234,1.4360183759721,1176.3371716896936,0.9012253256100765,91,54,0.30294603909622375,Mar24-Jun24,Mar-Jun
2024-01-29,KRW,0,2024-03-20,2024-06-19,0.7163938405366026,1.9946652030626977,1175.6952364163224,1.278271362526095,91,51,0.42985784633916346,Mar24-Jun24,Mar-Jun
2024-01-30,KRW,0,2024-03-20,2024-06-19,0.7479049817834477,2.1090920486293223,1172.771840093374,1.3611870668458748,91,50,0.45886879121026636,Mar24-Jun24,Mar-Jun
2024-01-31,KRW,0,2024-03-20,2024-06-19,0.7242998298061682,2.0694280851604807,1164.9053539532497,1.3451282553543125,91,49,0.4565246334827323,Mar24-Jun24,Mar-Jun
2024-02-01,KRW,0,2024-03-20,2024-06-19,0.540135574619646,1.5641426015027249,1162.3761183440201,1.024007026883079,91,48,0.34834983138265374,Mar24-Jun24,Mar-Jun
2024-02-02,KRW,0,2024-03-20,2024-06-19,0.43770917286031347,1.2851886352068778,1166.100605498232,0.8474794623465642,91,47,0.2874029907737934,Mar24-Jun24,Mar-Jun
2024-02-05,KRW,0,2024-03-20,2024-06-19,0.4243677455211192,1.3020374010307068,1168.5956458542835,0.8776696555095875,91,44,0.2970094348847504,Mar24-Jun24,Mar-Jun
2024-02-06,KRW,0,2024-03-20,2024-06-19,0.3513066708775885,1.0947696255255084,1172.1368611729451,0.7434629546479199,91,43,0.25084876836637243,Mar24-Jun24,Mar-Jun
2024-02-07,KRW,0,2024-03-20,2024-06-19,0.463418276559549,1.4674912091052383,1169.8483297869843,1.0040729325456894,91,42,0.3394101326246033,Mar24-Jun24,Mar-Jun
2024-02-08,KRW,0,2024-03-20,2024-06-19,0.5240138071566266,1.6870688425530416,1166.199052505109,1.163055035396415,91,41,0.3943606650264846,Mar24-Jun24,Mar-Jun
2024-02-09,KRW,0,2024-03-20,2024-06-19,0.37996521512315395,1.2443860795283292,1173.3706561285635,0.8644208644051753,91,40,0.2913469755776809,Mar24-Jun24,Mar-Jun
2024-02-12,KRW,0,2024-03-20,2024-06-19,0.4071410351596494,1.4084879054171655,1165.9446503350705,1.0013468702575161,91,37,0.33963785740253916,Mar24-Jun24,Mar-Jun
2024-02-13,KRW,0,2024-03-20,2024-06-19,0.4669608763475625,1.6473342026705677,1159.8868897451018,1.1803733263230052,91,36,0.4024297209834282,Mar24-Jun24,Mar-Jun
2024-02-14,KRW,0,2024-03-20,2024-06-19,0.5787503761714656,2.083501354217276,1162.0487877554003,1.5047509780458104,91,35,0.5120178919566973,Mar24-Jun24,Mar-Jun
2024-02-15,KRW,0,2024-03-20,2024-06-19,0.5894959671691806,2.167264585180811,1155.2350653629544,1.5777686180116306,91,34,0.5400233057981066,Mar24-Jun24,Mar-Jun
2024-02-16,KRW,0,2024-03-20,2024-06-19,0.508808289629331,1.9118856943647589,1154.1686696417426,1.403077404735428,91,33,0.4807087687213223,Mar24-Jun24,Mar-Jun
2024-02-19,KRW,0,2024-03-20,2024-06-19,0.3981561246876898,1.6058963695736825,1161.7528582837035,1.2077402448859926,91,30,0.41112329095072364,Mar24-Jun24,Mar-Jun
2024-02-20,KRW,0,2024-03-20,2024-06-19,0.37985268790791216,1.5718042258258436,1163.8306432410925,1.1919515379179315,91,29,0.4050309367564054,Mar24-Jun24,Mar-Jun
2024-02-21,KRW,0,2024-03-20,2024-06-19,0.337256145788032,1.4333386195991362,1163.186218769616,1.0960824738111041,91,28,0.3726740834483077,Mar24-Jun24,Mar-Jun
2024-02-22,KRW,0,2024-03-20,2024-06-19,0.23950059040327343,1.0467062839846766,1166.4640061424016,0.8072056935814031,91,27,0.27370631758186487,Mar24-Jun24,Mar-Jun
2024-02-23,KRW,0,2024-03-20,2024-06-19,0.26969935319793087,1.2136470893906888,1170.8554673721337,0.943947736192758,91,26,0.3188641865692514,Mar24-Jun24,Mar-Jun
2024-02-26,KRW,0,2024-03-20,2024-06-19,0.17381846938929152,0.8615350221904013,1170.7258177580568,0.6877165528011098,91,23,0.23235440750031425,Mar24-Jun24,Mar-Jun
2024-02-27,KRW,0,2024-03-20,2024-06-19,0.18091212948140623,0.9292304832454047,1166.6189048829726,0.7483183537639985,91,22,0.25371792636933543,Mar24-Jun24,Mar-Jun
2024-02-28,KRW,0,2024-03-20,2024-06-19,0.10793001033982438,0.5756267218123967,1161.519925216783,0.4676967114725723,91,21,0.15927895843384773,Mar24-Jun24,Mar-Jun
2024-02-29,KRW,0,2024-03-20,2024-06-19,0.0001083070541689725,0.0006011041506377974,1164.3622401939276,0.0004927970964688249,91,20,0.00016743301409064145,Mar24-Jun24,Mar-Jun
2024-03-01,KRW,0,2024-03-20,2024-06-19,-0.09174466203525405,-0.531153306519892,1168.4907967295499,-0.43940864448463796,91,19,-0.1487779290106893,Mar24-Jun24,Mar-Jun
2024-03-04,KRW,0,2024-03-20,2024-06-19,-0.11080280507949562,-0.740993758969127,1170.8880416592056,-0.6301909538896314,91,16,-0.2129408594182438,Mar24-Jun24,Mar-Jun
2024-03-05,KRW,0,2024-03-20,2024-06-19,-0.11363218951942455,-0.8030008059372669,1173.324350126567,-0.6893686164178423,91,15,-0.2324537703901424,Mar24-Jun24,Mar-Jun
2024-03-06,KRW,0,2024-03-20,2024-06-19,-0.11209024975116412,-0.8406768731337309,1174.361857631632,-0.7285866233825667,91,14,-0.24546061561620042,Mar24-Jun24,Mar-Jun
2024-03-07,KRW,0,2024-03-20,2024-06-19,-0.10151834166330664,-0.812146733306453,1172.315929982367,-0.7106283916431464,91,13,-0.23982618929064944,Mar24-Jun24,Mar-Jun
2024-03-08,KRW,0,2024-03-20,2024-06-19,-0.06318296681762758,-0.5423204651846367,1172.43328666116,-0.47913749836700914,91,12,-0.16168008707802534,Mar24-Jun24,Mar-Jun
2024-03-11,KRW,0,2024-03-20,2024-06-19,-0.03382132700093218,-0.37579252223257986,1180.2212865538927,-0.34197119523164765,91,9,-0.11463035491379633,Mar24-Jun24,Mar-Jun
2024-03-12,KRW,0,2024-03-20,2024-06-19,-0.029295704509205128,-0.36253434330141343,1173.989560248284,-0.3332386387922083,91,8,-0.11229568348521748,Mar24-Jun24,Mar-Jun
2024-03-13,KRW,0,2024-03-20,2024-06-19,-0.007757451075952455,-0.10860431506333436,1164.0169559046112,-0.10084686398738191,91,7,-0.03427418162096205,Mar24-Jun24,Mar-Jun
2024-03-14,KRW,0,2024-03-20,2024-06-19,0.023272619365424844,0.3224920112066013,1171.1328502372498,0.29921939184117646,91,6,0.10107320821903701,Mar24-Jun24,Mar-Jun
2024-03-15,KRW,0,2024-03-20,2024-06-19,0.01709602736172908,0.23445980381799883,1175.021933144197,0.21736377645626975,91,5,0.07318060360253417,Mar24-Jun24,Mar-Jun
2024-03-18,KRW,0,2024-03-20,2024-06-19,-0.0006940535433644459,-0.009220997076127639,1177.123233475071,-0.008526943532763193,91,2,-0.0028657138315533325,Mar24-Jun24,Mar-Jun
2024-03-19,KRW,0,2024-03-20,2024-06-19,-0.0024726032681617162,-0.03249707152441113,1175.1958048236409,-0.030024468256249413,91,1,-0.010107112840245432,Mar24-Jun24,Mar-Jun
2024-03-20,KRW,0,2024-06-19,2024-09-18,-0.06485288999688707,-0.12970577999377414,1172.1745823158574,-0.06485288999688707,91,91,-0.021888811010058688,Jun24-Sep24,Jun-Sep
2024-03-21,KRW,0,2024-06-19,2024-09-18,-0.05054777695352847,-0.10165719587320726,1173.135474144131,-0.051109418919678795,91,90,-0.017235845697891508,Jun24-Sep24,Jun-Sep
2024-03-22,KRW,0,2024-06-19,2024-09-18,0.10203761206418682,0.20636820417475987,1175.9695528264901,0.10433059211057305,91,89,0.03509449694269809,Jun24-Sep24,Jun-Sep
2024-03-25,KRW,0,2024-06-19,2024-09-18,0.04643842746022918,0.0955767634937275,1177.6707395003905,0.04913833603349832,91,86,0.0165059507424707,Jun24-Sep24,Jun-Sep
2024-03-26,KRW,0,2024-06-19,2024-09-18,0.06646806867632554,0.13762800102392111,1175.8385072805281,0.07115993234759557,91,85,0.02394001438696849,Jun24-Sep24,Jun-Sep
2024-03-27,KRW,0,2024-06-19,2024-09-18,-0.008791518726665977,-0.018315664013887453,1178.9177199346682,-0.009524145287221475,91,84,-0.003196000682653139,Jun24-Sep24,Jun-Sep
2024-03-28,KRW,0,2024-06-19,2024-09-18,-0.04952324604640945,-0.10381981701295476,1177.4612195691914,-0.054296570966545304,91,83,-0.01824337418055732,Jun24-Sep24,Jun-Sep
2024-03-29,KRW,0,2024-06-19,2024-09-18,-0.3744390223278161,-0.7899750105208803,1182.1948330137495,-0.41553598819306414,91,82,-0.1390971625610752,Jun24-Sep24,Jun-Sep
2024-04-01,KRW,0,2024-06-19,2024-09-18,-0.5806697874061789,-1.249542580494309,1183.3079138829264,-0.6688727930881301,91,79,-0.22372784457860137,Jun24-Sep24,Jun-Sep
2024-04-02,KRW,0,2024-06-19,2024-09-18,-0.7204169661147302,-1.5609034265819155,1187.7312972904108,-0.8404864604671853,91,78,-0.28011549322613716,Jun24-Sep24,Jun-Sep
2024-04-03,KRW,0,2024-06-19,2024-09-18,-0.792752045404762,-1.7296408263376626,1188.2032934518106,-0.9368887809329006,91,77,-0.31213915238657775,Jun24-Sep24,Jun-Sep
2024-04-04,KRW,0,2024-06-19,2024-09-18,-1.2252641505109692,-2.6923567517806823,1183.0729955218749,-1.4670926012697132,91,76,-0.491085498084829,Jun24-Sep24,Jun-Sep
2024-04-05,KRW,0,2024-06-19,2024-09-18,-0.7224612665418342,-1.5990476032792598,1180.3306458103768,-0.8765863367374256,91,75,-0.29398016433245866,Jun24-Sep24,Jun-Sep
2024-04-08,KRW,0,2024-06-19,2024-09-18,-0.637093439683394,-1.4423087592832393,1177.004154454411,-0.8052153195998453,91,72,-0.2707885407526184,Jun24-Sep24,Jun-Sep
2024-04-09,KRW,0,2024-06-19,2024-09-18,-0.8209870418834417,-1.873238039227008,1179.309154947735,-1.0522509973435663,91,71,-0.35322808591959104,Jun24-Sep24,Jun-Sep
2024-04-10,KRW,0,2024-06-19,2024-09-18,-0.6798890547599797,-1.5637448259479534,1177.278213095532,-0.8838557711879736,91,70,-0.29717637788351603,Jun24-Sep24,Jun-Sep
2024-04-11,KRW,0,2024-06-19,2024-09-18,-0.12117013923770087,-0.2809742359135093,1170.480477132623,-0.15980409667580842,91,69,-0.05401691831118517,Jun24-Sep24,Jun-Sep
2024-04-12,KRW,0,2024-06-19,2024-09-18,-0.09702688867620357,-0.22687169558112305,1170.9207478372398,-0.12984480690491948,91,68,-0.04387268163335329,Jun24-Sep24,Jun-Sep
2024-04-15,KRW,0,2024-06-19,2024-09-18,-0.09376536410193329,-0.22503687384463988,1180.4067705780205,-0.1312715097427066,91,65,-0.043998147984815404,Jun24-Sep24,Jun-Sep
2024-04-16,KRW,0,2024-06-19,2024-09-18,-0.10635778353372544,-0.2575852569957413,1176.1833903135107,-0.15122747346201587,91,64,-0.050869332180591725,Jun24-Sep24,Jun-Sep
2024-04-17,KRW,0,2024-06-19,2024-09-18,-0.09027783950521076,-0.22067916323495965,1178.124243157283,-0.13040132372974889,91,63,-0.043791043704101376,Jun24-Sep24,Jun-Sep
2024-04-18,KRW,0,2024-06-19,2024-09-18,-0.27587588467367435,-0.6807904895979383,1181.9611239738206,-0.40491460492426395,91,62,-0.1355572457314326,Jun24-Sep24,Jun-Sep
2024-04-19,KRW,0,2024-06-19,2024-09-18,-0.430162961174221,-1.0718814770242884,1175.9976024243608,-0.6417185158500673,91,61,-0.21595244737896874,Jun24-Sep24,Jun-Sep
2024-04-22,KRW,0,2024-06-19,2024-09-18,-0.27642965120654583,-0.7101382418926783,1169.3452856453307,-0.43370859068613243,91,58,-0.14676383175129878,Jun24-Sep24,Jun-Sep
2024-04-23,KRW,0,2024-06-19,2024-09-18,-0.3260584872071399,-0.8466080018711705,1173.6467114850657,-0.5205495146640305,91,57,-0.17551184802267406,Jun24-Sep24,Jun-Sep
2024-04-24,KRW,0,2024-06-19,2024-09-18,-0.14954574583284302,-0.392557582811213,1170.0527187406494,-0.24301183697836998,91,56,-0.0821747928474765,Jun24-Sep24,Jun-Sep
2024-04-25,KRW,0,2024-06-19,2024-09-18,-0.35599459215157525,-0.945003826438727,1177.168673415604,-0.5890092342871518,91,55,-0.1980048705530217,Jun24-Sep24,Jun-Sep
2024-04-26,KRW,0,2024-06-19,2024-09-18,-0.6253717256854652,-1.6792388930443045,1178.414314652963,-1.0538671673588393,91,54,-0.3539806399898161,Jun24-Sep24,Jun-Sep
2024-04-29,KRW,0,2024-06-19,2024-09-18,-0.5051890723695012,-1.4066048681660621,1181.7157529068015,-0.901415795796561,91,51,-0.30189710624219784,Jun24-Sep24,Jun-Sep
2024-04-30,KRW,0,2024-06-19,2024-09-18,-0.3414655187754907,-0.9629327629468838,1181.51911250403,-0.6214672441713931,91,50,-0.20814411290783252,Jun24-Sep24,Jun-Sep
2024-05-01,KRW,0,2024-06-19,2024-09-18,-0.44233874331889045,-1.2638249809111155,1185.0080782497641,-0.821486237592225,91,49,-0.2743482743772352,Jun24-Sep24,Jun-Sep
2024-05-02,KRW,0,2024-06-19,2024-09-18,-0.34552157309302534,-1.0005728887485525,1179.9409193754557,-0.6550513156555272,91,48,-0.2196864961516159,Jun24-Sep24,Jun-Sep
2024-05-03,KRW,0,2024-06-19,2024-09-18,-0.36903269861693766,-1.0835428172156893,1179.656038223225,-0.7145101185987517,91,47,-0.23969003499336228,Jun24-Sep24,Jun-Sep
2024-05-06,KRW,0,2024-06-19,2024-09-18,-0.35728782826076744,-1.0962240185273546,1166.1828968903706,-0.7389361902665872,91,44,-0.25074625455846844,Jun24-Sep24,Jun-Sep
2024-05-07,KRW,0,2024-06-19,2024-09-18,-0.2513852305714343,-0.7833865324784232,1175.5297370002463,-0.5320013019069889,91,43,-0.17907421946876861,Jun24-Sep24,Jun-Sep
2024-05-08,KRW,0,2024-06-19,2024-09-18,-0.011259297333022887,-0.03565444155457247,1178.0849619354788,-0.024395144221549585,91,42,-0.008192039482592681,Jun24-Sep24,Jun-Sep
2024-05-09,KRW,0,2024-06-19,2024-09-18,-0.2083979923332657,-0.6709398777558798,1180.1887992218496,-0.4625418854226141,91,41,-0.15507342565498997,Jun24-Sep24,Jun-Sep
2024-05-10,KRW,0,2024-06-19,2024-09-18,-0.16354409227939998,-0.5356069022150349,1178.394209899051,-0.37206280993563495,91,40,-0.12492433555079473,Jun24-Sep24,Jun-Sep
2024-05-13,KRW,0,2024-06-19,2024-09-18,-0.24692263835212505,-0.8542188570019461,1182.4095177384218,-0.6072962186498211,91,37,-0.203228434504384,Jun24-Sep24,Jun-Sep
2024-05-14,KRW,0,2024-06-19,2024-09-18,-0.17122136564970075,-0.6040309288197776,1180.474760225156,-0.43280956317007685,91,36,-0.14506553612062387,Jun24-Sep24,Jun-Sep
2024-05-15,KRW,0,2024-06-19,2024-09-18,-0.2461273473182794,-0.8860584503458057,1177.7965930040134,-0.6399311030275263,91,35,-0.21498828680820195,Jun24-Sep24,Jun-Sep
2024-05-16,KRW,0,2024-06-19,2024-09-18,-0.20259662257381106,-0.7448405241684231,1180.2518675255744,-0.542243901594612,91,34,-0.18178399516859595,Jun24-Sep24,Jun-Sep
2024-05-17,KRW,0,2024-06-19,2024-09-18,-0.1816464643458253,-0.6825503508752224,1178.9943991601551,-0.5009038865293971,91,33,-0.16810114993513803,Jun24-Sep24,Jun-Sep
2024-05-20,KRW,0,2024-06-19,2024-09-18,-0.014014938846391564,-0.056526920013779305,1179.5277989444285,-0.04251198116738774,91,30,-0.014258355301718654,Jun24-Sep24,Jun-Sep
2024-05-21,KRW,0,2024-06-19,2024-09-18,0.006459317455616377,0.02672821016117121,1174.970208342644,0.020268892705554833,91,29,0.00682435938431952,Jun24-Sep24,Jun-Sep
2024-05-22,KRW,0,2024-06-19,2024-09-18,0.09394475521922849,0.3992652096817211,1161.8112110155978,0.30532045446249256,91,28,0.10395522668388218,Jun24-Sep24,Jun-Sep
2024-05-23,KRW,0,2024-06-19,2024-09-18,0.10779024143409138,0.4710832773786216,1161.400798037762,0.3632930359445302,91,27,0.12373590980076553,Jun24-Sep24,Jun-Sep
2024-05-24,KRW,0,2024-06-19,2024-09-18,-0.0009636872470233864,-0.004336592611605239,1155.7717380148638,-0.0033729053645818524,91,26,-0.001154498987003889,Jun24-Sep24,Jun-Sep
2024-05-27,KRW,0,2024-06-19,2024-09-18,-0.054656746169750366,-0.27090735058050186,1153.7317661785041,-0.2162506044107515,91,23,-0.07415392830244884,Jun24-Sep24,Jun-Sep
2024-05-28,KRW,0,2024-06-19,2024-09-18,-0.0335613871765728,-0.17238348867966938,1154.1119728772787,-0.13882210150309657,91,22,-0.04758657038803773,Jun24-Sep24,Jun-Sep
2024-05-29,KRW,0,2024-06-19,2024-09-18,-0.008083475718021,-0.043111870496112,1152.4137363227383,-0.035028394778091,91,21,-0.012024747458508376,Jun24-Sep24,Jun-Sep
2024-05-30,KRW,0,2024-06-19,2024-09-18,0.0023550926595726556,0.01307076426062824,1154.6195618081126,0.010715671601055583,91,20,0.0036714761127584605,Jun24-Sep24,Jun-Sep
2024-05-31,KRW,0,2024-06-19,2024-09-18,-0.0017470422720900053,-0.010114455259468452,1148.8882987776224,-0.008367412987378446,91,19,-0.0028812116850154257,Jun24-Sep24,Jun-Sep
2024-06-03,KRW,0,2024-06-19,2024-09-18,-0.02364244277022828,-0.15810883602590162,1154.3661331845017,-0.13446639325567333,91,16,-0.04608294042674908,Jun24-Sep24,Jun-Sep
2024-06-04,KRW,0,2024-06-19,2024-09-18,0.020061719624671716,0.14176948534768014,1150.4705989882755,0.12170776572300843,91,15,0.04185008079036724,Jun24-Sep24,Jun-Sep
2024-06-05,KRW,0,2024-06-19,2024-09-18,0.0011245341529861723,0.008434006147396292,1147.6028531875634,0.00730947199441012,91,14,0.002519736169165892,Jun24-Sep24,Jun-Sep
2024-06-06,KRW,0,2024-06-19,2024-09-18,0.006968984845105045,0.055751878760840354,1150.0917246646209,0.04878289391573531,91,13,0.016780061893742388,Jun24-Sep24,Jun-Sep
2024-06-07,KRW,0,2024-06-19,2024-09-18,0.04212857264871848,0.36160358190150027,1147.1736282937932,0.31947500925278177,91,12,0.1101673483734624,Jun24-Sep24,Jun-Sep
2024-06-10,KRW,0,2024-06-19,2024-09-18,0.06230885788731914,0.6923206431924348,1143.197896246128,0.6300117853051157,91,9,0.2180041170301066,Jun24-Sep24,Jun-Sep
2024-06-11,KRW,0,2024-06-19,2024-09-18,0.053198640429265205,0.6583331753121568,1141.5411952328996,0.6051345348828916,91,8,0.20970134683258695,Jun24-Sep24,Jun-Sep
2024-06-12,KRW,0,2024-06-19,2024-09-18,0.0376851805943337,0.5275925283206717,1151.4458456342345,0.48990734772633804,91,7,0.16831287205839998,Jun24-Sep24,Jun-Sep
2024-06-13,KRW,0,2024-06-19,2024-09-18,0.060749849235651805,0.8418193394083179,1145.9816669439886,0.781069490172666,91,6,0.2696187497575151,Jun24-Sep24,Jun-Sep
2024-06-14,KRW,0,2024-06-19,2024-09-18,0.04798283908200421,0.6580503645532007,1143.980131010478,0.6100675254711965,91,5,0.2109610697239498,Jun24-Sep24,Jun-Sep
2024-06-17,KRW,0,2024-06-19,2024-09-18,0.05313734402688472,0.7059675706428971,1137.6553743732452,0.6528302266160123,91,2,0.22700235128144466,Jun24-Sep24,Jun-Sep
2024-06-18,KRW,0,2024-06-19,2024-09-18,0.06933960430651591,0.9113205137427807,1129.3692685706064,0.8419809094362648,91,1,0.2949176222391017,Jun24-Sep24,Jun-Sep
2024-06-19,KRW,0,2024-09-18,2024-12-18,1.0159072727719238,2.0318145455438477,1133.4370968560381,1.0159072727719238,91,91,0.35426534300869056,Sep24-Dec24,Sep-Dec
2024-06-20,KRW,0,2024-09-18,2024-12-18,1.3453123347813851,2.7055725843936744,1134.937135746629,1.3602602496122893,91,90,0.4735837773620401,Sep24-Dec24,Sep-Dec
2024-06-21,KRW,0,2024-09-18,2024-12-18,0.982474397306897,1.9870268709577692,1133.8927572503294,1.0045524736508722,91,89,0.35017538766321493,Sep24-Dec24,Sep-Dec
2024-06-24,KRW,0,2024-09-18,2024-12-18,0.9278606340811268,1.909666653864645,1129.519145836345,0.9818060197835181,91,86,0.3435868951256526,Sep24-Dec24,Sep-Dec
2024-06-25,KRW,0,2024-09-18,2024-12-18,1.2359088359573889,2.559058295629417,1135.5138881371865,1.323149459672028,91,85,0.4604740143183732,Sep24-Dec24,Sep-Dec
2024-06-26,KRW,0,2024-09-18,2024-12-18,1.2473535931035125,2.5986533189656513,1137.9112344692046,1.3512997258621389,91,84,0.4692762859641841,Sep24-Dec24,Sep-Dec
2024-06-27,KRW,0,2024-09-18,2024-12-18,1.2069494942647387,2.5302314699043924,1129.8638293604267,1.3232819756396537,91,83,0.46283236732294897,Sep24-Dec24,Sep-Dec
2024-06-28,KRW,0,2024-09-18,2024-12-18,1.2752898857808734,2.6905506126840377,1131.0283659326992,1.4152607269031643,91,82,0.49446397316843405,Sep24-Dec24,Sep-Dec
2024-07-01,KRW,0,2024-09-18,2024-12-18,1.4089270004665115,3.031868228851987,1126.370100213799,1.6229412283854754,91,79,0.569298300698875,Sep24-Dec24,Sep-Dec
2024-07-02,KRW,0,2024-09-18,2024-12-18,1.6869453420555225,3.6550482411202987,1129.8007265128938,1.9681028990647762,91,78,0.6881119231245802,Sep24-Dec24,Sep-Dec
2024-07-03,KRW,0,2024-09-18,2024-12-18,1.5774478403811363,3.59179520925428,1125.6812268066878,2.0143473688731435,91,77,0.7069226357028492,Sep24-Dec24,Sep-Dec
2024-07-04,KRW,0,2024-09-18,2024-12-18,1.331138302034617,3.0650293790838177,1120.22488111464,1.7338910770492006,91,76,0.6115922162645919,Sep24-Dec24,Sep-Dec
2024-07-05,KRW,0,2024-09-18,2024-12-18,1.2608299122025675,2.9210061275855495,1117.450759233143,1.660176215382982,91,75,0.5870798288459272,Sep24-Dec24,Sep-Dec
2024-07-08,KRW,0,2024-09-18,2024-12-18,1.2227176398609947,2.871222567902042,1125.0075138795305,1.6485049280410475,91,72,0.5790608149710222,Sep24-Dec24,Sep-Dec
2024-07-09,KRW,0,2024-09-18,2024-12-18,0.8429425222804955,2.016594349117939,1119.128480777474,1.1736518268374434,91,71,0.4145657754713762,Sep24-Dec24,Sep-Dec
2024-07-10,KRW,0,2024-09-18,2024-12-18,0.620856715030589,1.511340683495804,1111.603185672659,0.890483968465215,91,70,0.3167341818863776,Sep24-Dec24,Sep-Dec
2024-07-11,KRW,0,2024-09-18,2024-12-18,0.5600732421842632,1.3727325921169606,1110.18045795395,0.8126593499326974,91,69,0.28943898411290253,Sep24-Dec24,Sep-Dec
2024-07-12,KRW,0,2024-09-18,2024-12-18,0.3934296388699305,0.9848483009576906,1112.8668617152975,0.5914186620877602,91,68,0.2101645268240031,Sep24-Dec24,Sep-Dec
2024-07-15,KRW,0,2024-09-18,2024-12-18,0.09341229004264363,0.26142524423212865,1117.0724438935194,0.16801295418948503,91,65,0.05949578822871771,Sep24-Dec24,Sep-Dec
2024-07-16,KRW,0,2024-09-18,2024-12-18,-0.015738612346033527,-0.0101829458182209,1117.3602382931624,0.005555666527812628,91,64,0.0019670263732566025,Sep24-Dec24,Sep-Dec
2024-07-17,KRW,0,2024-09-18,2024-12-18,0.01013063258954422,0.043355927547194785,1115.529539698535,0.033225294957650565,91,63,0.011782703098832377,Sep24-Dec24,Sep-Dec
2024-07-18,KRW,0,2024-09-18,2024-12-18,0.23677587732100092,0.5935640920521933,1111.479633140988,0.3567882147311924,91,62,0.1269631219819472,Sep24-Dec24,Sep-Dec
2024-07-19,KRW,0,2024-09-18,2024-12-18,0.4301518946692952,1.0718539014710307,1100.8815850353424,0.6417020068017354,91,61,0.23050706357369216,Sep24-Dec24,Sep-Dec
2024-07-22,KRW,0,2024-09-18,2024-12-18,0.38107750886821845,0.9789749796786991,1106.2889572487172,0.5978974708104806,91,58,0.21373206117861593,Sep24-Dec24,Sep-Dec
2024-07-23,KRW,0,2024-09-18,2024-12-18,0.45606038706950236,1.1841567944962517,1103.0650121337567,0.7280964074267493,91,57,0.2610173438226695,Sep24-Dec24,Sep-Dec
2024-07-24,KRW,0,2024-09-18,2024-12-18,0.4426291924566985,1.1619016301988334,1103.22158148178,0.7192724377421349,91,56,0.2578205719237826,Sep24-Dec24,Sep-Dec
2024-07-25,KRW,0,2024-09-18,2024-12-18,0.6128924057992138,1.626950749939731,1104.8883330679062,1.0140583441405173,91,55,0.3628814958295342,Sep24-Dec24,Sep-Dec
2024-07-26,KRW,0,2024-09-18,2024-12-18,0.597977591763873,1.605680570477066,1109.5071803598978,1.007702978713193,91,54,0.359111679634237,Sep24-Dec24,Sep-Dec
2024-07-29,KRW,0,2024-09-18,2024-12-18,0.499347024264265,1.390338773441679,1113.6636808118521,0.890991749177414,91,51,0.31636326427599326,Sep24-Dec24,Sep-Dec
2024-07-30,KRW,0,2024-09-18,2024-12-18,0.5491060718233961,1.548479122541977,1116.8887106268655,0.9993730507185808,91,50,0.3538061499304037,Sep24-Dec24,Sep-Dec
2024-07-31,KRW,0,2024-09-18,2024-12-18,0.4266079901155483,1.2188799717587093,1120.7367066762508,0.792271981643161,91,49,0.27955452551130777,Sep24-Dec24,Sep-Dec
2024-08-01,KRW,0,2024-09-18,2024-12-18,0.5219747701959627,1.5115519386924752,1120.745382687055,0.9895771684965124,91,48,0.34914159860560373,Sep24-Dec24,Sep-Dec
2024-08-02,KRW,0,2024-09-18,2024-12-18,0.41736625506335195,1.3760217243792914,1129.225188364489,0.9586554693159395,91,47,0.33572417751142863,Sep24-Dec24,Sep-Dec
2024-08-05,KRW,0,2024-09-18,2024-12-18,0.3355398182895035,1.1525335386413376,1135.7203282103233,0.816993720351834,91,44,0.2844986026199899,Sep24-Dec24,Sep-Dec
2024-08-06,KRW,0,2024-09-18,2024-12-18,0.2544918673892089,0.9069717945281189,1139.041147570959,0.65247992713891,91,43,0.22656448272464713,Sep24-Dec24,Sep-Dec
2024-08-07,KRW,0,2024-09-18,2024-12-18,0.2698847070923237,0.9584113318464635,1132.106466044784,0.6885266247541398,91,42,0.24054207690098425,Sep24-Dec24,Sep-Dec
2024-08-08,KRW,0,2024-09-18,2024-12-18,0.04789793438980978,0.24767695394440165,1121.6276406630955,0.19977901955459187,91,41,0.07046017815823592,Sep24-Dec24,Sep-Dec
2024-08-09,KRW,0,2024-09-18,2024-12-18,0.1584289737118885,0.602675378428641,1117.6065269627495,0.4442464047167526,91,40,0.15722968366831844,Sep24-Dec24,Sep-Dec
2024-08-12,KRW,0,2024-09-18,2024-12-18,0.04101708229947442,0.19808621506412238,1123.785634075569,0.15706913276464796,91,37,0.055290768617609995,Sep24-Dec24,Sep-Dec
2024-08-13,KRW,0,2024-09-18,2024-12-18,-0.02919800610499847,-0.05610321943702455,1125.6205837346147,-0.02690521333202608,91,36,-0.009456203018115622,Sep24-Dec24,Sep-Dec
2024-08-14,KRW,0,2024-09-18,2024-12-18,0.061286422457181244,0.2581699323280245,1126.1643444651615,0.19688350987084324,91,35,0.0691584170975319,Sep24-Dec24,Sep-Dec
2024-08-15,KRW,0,2024-09-18,2024-12-18,0.02407450015387248,0.11665741553274733,1125.9289516227648,0.09258291537887485,91,34,0.03252907308921509,Sep24-Dec24,Sep-Dec
2024-08-16,KRW,0,2024-09-18,2024-12-18,0.10256383162579133,0.4041351221863027,1124.6252919088413,0.30157129056051135,91,33,0.10607270685521822,Sep24-Dec24,Sep-Dec
2024-08-19,KRW,0,2024-09-18,2024-12-18,0.1772578617128114,0.7149400422416727,1124.9174158482665,0.5376821805288613,91,30,0.18905914233329407,Sep24-Dec24,Sep-Dec
2024-08-20,KRW,0,2024-09-18,2024-12-18,0.22090011922453368,0.9140694588601395,1129.0385372584192,0.6931693396356058,91,29,0.2428324515886943,Sep24-Dec24,Sep-Dec
2024-08-21,KRW,0,2024-09-18,2024-12-18,0.13701292500116596,0.5823049312549553,1126.872598534599,0.44529200625378934,91,28,0.1563069855042025,Sep24-Dec24,Sep-Dec
2024-08-22,KRW,0,2024-09-18,2024-12-18,0.21969660810437835,0.960155546530246,1129.4415873229257,0.7404589384258677,91,27,0.2593067629851647,Sep24-Dec24,Sep-Dec
2024-08-23,KRW,0,2024-09-18,2024-12-18,0.3378386169854173,1.5202737764343777,1118.937770243719,1.1824351594489604,91,26,0.41792793740169154,Sep24-Dec24,Sep-Dec
2024-08-26,KRW,0,2024-09-18,2024-12-18,0.3395488777552395,1.682981394091187,1107.0473332720535,1.3434325163359475,91,23,0.47992965893601974,Sep24-Dec24,Sep-Dec
2024-08-27,KRW,0,2024-09-18,2024-12-18,0.35896710019351064,1.84378556008485,1104.7141824668113,1.4848184598913394,91,22,0.5315491645396846,Sep24-Dec24,Sep-Dec
2024-08-28,KRW,0,2024-09-18,2024-12-18,0.31111568248172333,1.6592836399025246,1107.6495765094428,1.3481679574208012,91,21,0.4813719238663616,Sep24-Dec24,Sep-Dec
2024-08-29,KRW,0,2024-09-18,2024-12-18,0.2684212110019452,1.4897377210607958,1100.895562421911,1.2213165100588506,91,20,0.4387704165636845,Sep24-Dec24,Sep-Dec
2024-08-30,KRW,0,2024-09-18,2024-12-18,0.26067572187431975,1.5091752319039562,1099.892742985577,1.2484995100296366,91,19,0.4489481972959076,Sep24-Dec24,Sep-Dec
2024-09-02,KRW,0,2024-09-18,2024-12-18,0.239395830444406,1.742417214083741,1096.296384397515,1.5030213836393351,91,16,0.5422548691767632,Sep24-Dec24,Sep-Dec
2024-09-03,KRW,0,2024-09-18,2024-12-18,0.22021362182941234,1.6879802988803023,1089.5800470736253,1.46776667705089,91,15,0.5328085981485154,Sep24-Dec24,Sep-Dec
2024-09-04,KRW,0,2024-09-18,2024-12-18,0.1849274105077542,1.5104525085908953,1093.8299495042563,1.325525098083141,91,14,0.47932031487948856,Sep24-Dec24,Sep-Dec
2024-09-05,KRW,0,2024-09-18,2024-12-18,0.18459169101947623,1.5916492407771123,1096.1191050031935,1.407057549757636,91,13,0.5077408324271194,Sep24-Dec24,Sep-Dec
2024-09-06,KRW,0,2024-09-18,2024-12-18,0.15676103300905098,1.4516833678018484,1096.895400677438,1.2949223347927974,91,12,0.4669577122127306,Sep24-Dec24,Sep-Dec
2024-09-09,KRW,0,2024-09-18,2024-12-18,0.1069209246604431,1.266895388008087,1086.8615707102565,1.159974463347644,91,9,0.4221750676497987,Sep24-Dec24,Sep-Dec
2024-09-10,KRW,0,2024-09-18,2024-12-18,0.08158671312475585,1.0799647249554165,1090.1018255667236,0.9983780118306607,91,8,0.3622901665042483,Sep24-Dec24,Sep-Dec
2024-09-11,KRW,0,2024-09-18,2024-12-18,0.07357962110493683,1.0915746958906172,1088.7200074665984,1.0179950747856803,91,7,0.3698803254030947,Sep24-Dec24,Sep-Dec
2024-09-12,KRW,0,2024-09-18,2024-12-18,0.09764748918910207,1.406079696792078,1094.5994487858081,1.3084322076029757,91,6,0.4728445288102603,Sep24-Dec24,Sep-Dec
2024-09-13,KRW,0,2024-09-18,2024-12-18,0.10511897244378798,1.4854276287359116,1086.1409649119798,1.3803086562921236,91,5,0.5027002442827906,Sep24-Dec24,Sep-Dec
2024-09-16,KRW,0,2024-09-18,2024-12-18,0.13598912188362672,1.8241379412035303,1080.3699573343458,1.6881488193199037,91,2,0.6180799796130326,Sep24-Dec24,Sep-Dec
2024-09-17,KRW,0,2024-09-18,2024-12-18,0.15242258478296392,2.011969140348341,1078.9095169011337,1.8595465555653772,91,1,0.6817447305788001,Sep24-Dec24,Sep-Dec
2024-09-18,KRW,0,2024-12-18,2025-03-19,1.991895475701837,4.253075210053386,1077.137034598849,2.261179734351549,91,91,0.8289395430249672,Dec24-Mar25,Dec-Mar
2024-09-19,KRW,0,2024-12-18,2025-03-19,1.99681717724869,4.286928885143373,1084.4306924840364,2.2901117078946833,91,90,0.8339058519888634,Dec24-Mar25,Dec-Mar
2024-09-20,KRW,0,2024-12-18,2025-03-19,2.204343522021124,4.729424607447122,1084.807015685015,2.525081085425998,91,89,0.9189721599419773,Dec24-Mar25,Dec-Mar
2024-09-23,KRW,0,2024-12-18,2025-03-19,1.8049534049789995,3.9851021755647613,1081.0248566179807,2.180148770585762,91,86,0.7965023023304518,Dec24-Mar25,Dec-Mar
2024-09-24,KRW,0,2024-12-18,2025-03-19,1.6298194673974657,3.644817998135275,1080.5319331550295,2.0149985307378095,91,85,0.7366202639896638,Dec24-Mar25,Dec-Mar
2024-09-25,KRW,0,2024-12-18,2025-03-19,1.6277269064316262,3.6627340866389573,1086.5454596256136,2.035007180207331,91,84,0.7398250531628677,Dec24-Mar25,Dec-Mar
2024-09-26,KRW,0,2024-12-18,2025-03-19,1.6736513584039356,3.780929637619184,1089.244508920842,2.1072782792152482,91,83,0.7641714845097025,Dec24-Mar25,Dec-Mar
2024-09-27,KRW,0,2024-12-18,2025-03-19,1.629934772603093,3.7118698583899494,1092.4201330556432,2.0819350857868564,91,82,0.7528199078998407,Dec24-Mar25,Dec-Mar
2024-09-30,KRW,0,2024-12-18,2025-03-19,1.4961304248675344,3.4927948886645344,1093.09488491227,1.996664463797,91,79,0.7216295651594439,Dec24-Mar25,Dec-Mar
2024-10-01,KRW,0,2024-12-18,2025-03-19,1.389268522960276,3.2827332510568037,1090.6058052381545,1.8934647280965278,91,78,0.6859581946435717,Dec24-Mar25,Dec-Mar
2024-10-02,KRW,0,2024-12-18,2025-03-19,1.653532158840467,3.5632107524411256,1087.6745229307164,1.9096785936006586,91,77,0.6935259238851657,Dec24-Mar25,Dec-Mar
2024-10-03,KRW,0,2024-12-18,2025-03-19,1.747769665280674,3.8137954369510156,1082.1764765842127,2.0660257716703416,91,76,0.7540461241021758,Dec24-Mar25,Dec-Mar
2024-10-04,KRW,0,2024-12-18,2025-03-19,1.685434844228082,3.7215294203407057,1082.3961345546552,2.0360945761126237,91,75,0.7430141669349626,Dec24-Mar25,Dec-Mar
2024-10-07,KRW,0,2024-12-18,2025-03-19,1.6046984886973712,3.678818419272868,1081.9855683841906,2.074119930575497,91,72,0.7572336026183838,Dec24-Mar25,Dec-Mar
2024-10-08,KRW,0,2024-12-18,2025-03-19,1.6383706100837303,3.803672476773184,1092.8722393721705,2.165301866689454,91,71,0.7826355710582902,Dec24-Mar25,Dec-Mar
2024-10-09,KRW,0,2024-12-18,2025-03-19,1.6092324104098323,3.7857508218038785,1090.5326175646946,2.176518411394046,91,70,0.7883959859985908,Dec24-Mar25,Dec-Mar
2024-10-10,KRW,0,2024-12-18,2025-03-19,1.7075101404449162,4.063059383295664,1085.9961989186118,2.3555492428507474,91,69,0.8567274587493654,Dec24-Mar25,Dec-Mar
2024-10-11,KRW,0,2024-12-18,2025-03-19,1.5929725348670452,3.8482454395393457,1087.127099652472,2.2552729046723003,91,68,0.8194906084382909,Dec24-Mar25,Dec-Mar
2024-10-14,KRW,0,2024-12-18,2025-03-19,1.7343177530022755,4.346822018620013,1085.0553612620608,2.612504265617737,91,65,0.9509826887115335,Dec24-Mar25,Dec-Mar
2024-10-15,KRW,0,2024-12-18,2025-03-19,1.481687898814472,3.793770247904508,1083.684251517144,2.312082349090036,91,64,0.8428848594268292,Dec24-Mar25,Dec-Mar
2024-10-16,KRW,0,2024-12-18,2025-03-19,1.4986534538267973,3.8903619030536114,1084.7156513059927,2.3917084492268144,91,63,0.8710715476422994,Dec24-Mar25,Dec-Mar
2024-10-17,KRW,0,2024-12-18,2025-03-19,1.4431823407677065,3.810053933583005,1083.757170101032,2.366871592815299,91,62,0.8628312770467571,Dec24-Mar25,Dec-Mar
2024-10-18,KRW,0,2024-12-18,2025-03-19,1.3216585969804435,3.563989524542013,1082.7051971170727,2.2423309275615693,91,61,0.8183154934466034,Dec24-Mar25,Dec-Mar
2024-10-21,KRW,0,2024-12-18,2025-03-19,1.1020957646935272,3.100800214740537,1078.2167941803855,1.9987044500470097,91,58,0.7325881843806553,Dec24-Mar25,Dec-Mar
2024-10-22,KRW,0,2024-12-18,2025-03-19,1.06593553066095,3.0373336663584336,1078.565645235799,1.9713981356974837,91,57,0.7223702806234417,Dec24-Mar25,Dec-Mar
2024-10-23,KRW,0,2024-12-18,2025-03-19,1.034945694084339,2.9860244009339945,1077.1678158504196,1.9510787068496556,91,56,0.715872134749656,Dec24-Mar25,Dec-Mar
2024-10-24,KRW,0,2024-12-18,2025-03-19,1.0563137055002323,3.070806966544729,1067.096884140085,2.0144932610444966,91,55,0.7460937163246115,Dec24-Mar25,Dec-Mar
2024-10-25,KRW,0,2024-12-18,2025-03-19,1.0178151193036367,3.000079724797571,1068.2305807438145,1.9822646054939341,91,54,0.7334054408858506,Dec24-Mar25,Dec-Mar
2024-10-28,KRW,0,2024-12-18,2025-03-19,0.8758357552256211,2.704499181630845,1063.590668324306,1.8286634264052237,91,51,0.6796148932769365,Dec24-Mar25,Dec-Mar
2024-10-29,KRW,0,2024-12-18,2025-03-19,0.8509168494981787,2.6647345921416976,1060.5963062273368,1.813817742643519,91,50,0.6760150257259835,Dec24-Mar25,Dec-Mar
2024-10-30,KRW,0,2024-12-18,2025-03-19,1.082089697414458,3.3570273159037867,1061.3698645927689,2.2749376184893286,91,49,0.847073901051267,Dec24-Mar25,Dec-Mar
2024-10-31,KRW,0,2024-12-18,2025-03-19,1.1789300253581139,3.6792735729932353,1061.1548315747866,2.5003435476351212,91,48,0.9311074670879568,Dec24-Mar25,Dec-Mar
2024-11-01,KRW,0,2024-12-18,2025-03-19,1.3360643780583006,3.761971628330856,1055.0764762895503,2.4259072502725556,91,47,0.908451513581909,Dec24-Mar25,Dec-Mar
2024-11-04,KRW,0,2024-12-18,2025-03-19,1.3734842300103636,4.112334965944073,1055.5635668871234,2.7388507359337093,91,44,1.0251333217002023,Dec24-Mar25,Dec-Mar
2024-11-05,KRW,0,2024-12-18,2025-03-19,1.2977378427963633,3.9634226512953177,1051.9374552511956,2.6656848084989546,91,43,1.0012546432674836,Dec24-Mar25,Dec-Mar
2024-11-06,KRW,0,2024-12-18,2025-03-19,1.2359467847396517,3.8539877910849065,1060.088292367831,2.618041006345255,91,42,0.9758643888220987,Dec24-Mar25,Dec-Mar
2024-11-07,KRW,0,2024-12-18,2025-03-19,1.21047822171797,3.85973351034302,1050.9523010818748,2.64925528862505,91,41,0.9960978071776433,Dec24-Mar25,Dec-Mar
2024-11-08,KRW,0,2024-12-18,2025-03-19,1.1355893000409658,3.7041791797799464,1054.055116527406,2.5685898797389806,91,40,0.9629969647362121,Dec24-Mar25,Dec-Mar
2024-11-11,KRW,0,2024-12-18,2025-03-19,1.125521256806611,3.951498752425882,1056.5852115355126,2.825977495619271,91,37,1.0569705728470904,Dec24-Mar25,Dec-Mar
2024-11-12,KRW,0,2024-12-18,2025-03-19,1.1306104189161417,4.072278135981721,1055.92294330791,2.941667717065579,91,36,1.1009249958772598,Dec24-Mar25,Dec-Mar
2024-11-13,KRW,0,2024-12-18,2025-03-19,1.0796561579500912,3.9975294770421557,1056.549711100499,2.9178733190920645,91,35,1.091425358055127,Dec24-Mar25,Dec-Mar
2024-11-14,KRW,0,2024-12-18,2025-03-19,1.0644330500444936,4.052155720920337,1056.2748081416785,2.987722670875843,91,34,1.117859032748298,Dec24-Mar25,Dec-Mar
2024-11-15,KRW,0,2024-12-18,2025-03-19,1.0573964604502002,4.14192900901789,1060.2849908124815,3.0845325485676893,91,33,1.1497275989641418,Dec24-Mar25,Dec-Mar
2024-11-18,KRW,0,2024-12-18,2025-03-19,0.9865314531640322,4.245130231864447,1064.4801497447363,3.258598778700415,91,30,1.209907379661765,Dec24-Mar25,Dec-Mar
2024-11-19,KRW,0,2024-12-18,2025-03-19,1.0000910079900573,4.405536227573621,1068.9144332176743,3.4054452195835636,91,29,1.2591745110033663,Dec24-Mar25,Dec-Mar
2024-11-20,KRW,0,2024-12-18,2025-03-19,1.0244193317249013,4.624452866508333,1082.682826710014,3.600033534783432,91,28,1.3141824933674857,Dec24-Mar25,Dec-Mar
2024-11-21,KRW,0,2024-12-18,2025-03-19,1.000227192320955,4.640498878349614,1076.542373565465,3.6402716860286595,91,27,1.3364738240273315,Dec24-Mar25,Dec-Mar
2024-11-22,KRW,0,2024-12-18,2025-03-19,0.9641851853349308,4.609396976994702,1082.2545719500552,3.6452117916597713,91,26,1.331274775469333,Dec24-Mar25,Dec-Mar
2024-11-25,KRW,0,2024-12-18,2025-03-19,0.8245996886927976,4.357441746696985,1081.181854443778,3.5328420580041873,91,23,1.2916816177802957,Dec24-Mar25,Dec-Mar
2024-11-26,KRW,0,2024-12-18,2025-03-19,0.8363326717731063,4.5670540095571965,1085.3811454358731,3.7307213377840904,91,22,1.3587424155370103,Dec24-Mar25,Dec-Mar
2024-11-27,KRW,0,2024-12-18,2025-03-19,0.8116004878845691,4.60003365481342,1085.9908777162082,3.788433166928851,91,21,1.3790185828129142,Dec24-Mar25,Dec-Mar
2024-11-28,KRW,0,2024-12-18,2025-03-19,0.7593380920109679,4.486504073894283,1088.7106529336425,3.727165981883315,91,20,1.3533950064950258,Dec24-Mar25,Dec-Mar
2024-11-29,KRW,0,2024-12-18,2025-03-19,0.7329568121288949,4.516434914014442,1092.0029541254692,3.7834781018855472,91,19,1.369736779762892,Dec24-Mar25,Dec-Mar
2024-12-02,KRW,0,2024-12-18,2025-03-19,0.6600384450643119,4.459054667217824,1098.302557872476,3.7990162221535124,91,16,1.3675693071741415,Dec24-Mar25,Dec-Mar
2024-12-03,KRW,0,2024-12-18,2025-03-19,0.6297087295347705,4.603354787890961,1099.0789194883491,3.9736460583561906,91,15,1.429462138356877,Dec24-Mar25,Dec-Mar
2024-12-04,KRW,0,2024-12-18,2025-03-19,0.6005599514135143,4.779946410955998,1102.9871014185644,4.179386459542483,91,14,1.498189688231893,Dec24-Mar25,Dec-Mar
2024-12-05,KRW,0,2024-12-18,2025-03-19,0.5187895686851915,4.4253730581524895,1100.22603468383,3.906583489467298,91,13,1.404014414765303,Dec24-Mar25,Dec-Mar
2024-12-06,KRW,0,2024-12-18,2025-03-19,0.4682132048991773,4.295373253423878,1106.1729788237567,3.827160048524701,91,12,1.368141136245181,Dec24-Mar25,Dec-Mar
2024-12-09,KRW,0,2024-12-18,2025-03-19,0.3274189536728862,3.914806146698419,1107.2710902209585,3.587387193025533,91,9,1.2813182128182394,Dec24-Mar25,Dec-Mar
2024-12-10,KRW,0,2024-12-18,2025-03-19,0.3026044351415074,4.020344541092448,1102.4586248651735,3.7177401059509405,91,8,1.333701519922018,Dec24-Mar25,Dec-Mar
2024-12-11,KRW,0,2024-12-18,2025-03-19,0.24775190442092107,3.7440596346535955,1102.1318910427995,3.4963077302326746,91,7,1.2546990642604938,Dec24-Mar25,Dec-Mar
2024-12-12,KRW,0,2024-12-18,2025-03-19,0.22175194509034032,3.3473309251157,1097.9301725982223,3.1255789800253595,91,6,1.1259760654892819,Dec24-Mar25,Dec-Mar
2024-12-13,KRW,0,2024-12-18,2025-03-19,0.23758153360284373,3.533503007959398,1100.9679027673087,3.2959214743565544,91,5,1.1840487914479547,Dec24-Mar25,Dec-Mar
2024-12-16,KRW,0,2024-12-18,2025-03-19,0.25269634687445974,3.6315126722294604,1097.0448264465492,3.3788163253550008,91,2,1.2181514698470508,Dec24-Mar25,Dec-Mar
2024-12-17,KRW,0,2024-12-18,2025-03-19,0.2748771975712172,3.8865741878036117,1095.609793184743,3.6116969902323945,91,1,1.303789754106747,Dec24-Mar25,Dec-Mar
2024-12-18,KRW,0,2025-03-19,2025-06-18,3.7625782405990713,7.248901434346796,1105.0201874053837,3.4863231937477246,91,91,1.2438908888889242,Mar25-Jun25,Mar-Jun
2024-12-19,KRW,0,2025-03-19,2025-06-18,3.856957148394318,7.4786183785421745,1100.3775732121203,3.6216612301478563,91,90,1.2975007234820342,Mar25-Jun25,Mar-Jun
2024-12-20,KRW,0,2025-03-19,2025-06-18,3.3003893733449603,6.394210599917197,1098.2568707455948,3.0938212265722367,91,89,1.111090018428949,Mar25-Jun25,Mar-Jun
2024-12-23,KRW,0,2025-03-19,2025-06-18,3.050795375394478,5.989520440557882,1094.154881619546,2.9387250651634043,91,86,1.059575772917619,Mar25-Jun25,Mar-Jun
2024-12-24,KRW,0,2025-03-19,2025-06-18,3.1593855665344748,6.246729040377038,1102.4128034294213,3.087343473842563,91,85,1.1047371317307524,Mar25-Jun25,Mar-Jun
2024-12-25,KRW,0,2025-03-19,2025-06-18,2.910079763622516,5.7640221164069505,1102.6857519013854,2.8539423527844345,91,84,1.0211978982073595,Mar25-Jun25,Mar-Jun
2024-12-26,KRW,0,2025-03-19,2025-06-18,2.913339069593297,5.805143508833399,1103.0367857609488,2.8918044392401017,91,83,1.0344142305395412,Mar25-Jun25,Mar-Jun
2024-12-27,KRW,0,2025-03-19,2025-06-18,3.056796356722089,6.141663631986184,1108.1033797826033,3.0848672752640947,91,82,1.0982998492537508,Mar25-Jun25,Mar-Jun
2024-12-30,KRW,0,2025-03-19,2025-06-18,2.683793505944039,5.45790085378175,1102.0100466693825,2.7741073478377105,91,79,0.9934418214089186,Mar25-Jun25,Mar-Jun
2024-12-31,KRW,0,2025-03-19,2025-06-18,2.459821624315562,5.008142672718905,1102.1857598793576,2.5483210484033427,91,78,0.9126248500330969,Mar25-Jun25,Mar-Jun
2025-01-01,KRW,0,2025-03-19,2025-06-18,2.187735350503754,4.773240764735464,1104.362846148581,2.5855054142317098,91,77,0.924347538946923,Mar25-Jun25,Mar-Jun
2025-01-02,KRW,0,2025-03-19,2025-06-18,1.9904170781626853,4.373679632278533,1110.7239192675004,2.3832625541158476,91,76,0.8473236225067371,Mar25-Jun25,Mar-Jun
2025-01-03,KRW,0,2025-03-19,2025-06-18,1.9957962393829836,4.41736234316767,1111.96634959719,2.4215661037846865,91,75,0.8599773326986575,Mar25-Jun25,Mar-Jun
2025-01-06,KRW,0,2025-03-19,2025-06-18,1.9156760662439831,4.336877761080128,1111.4634431554775,2.421201694836145,91,72,0.8602981828791036,Mar25-Jun25,Mar-Jun
2025-01-07,KRW,0,2025-03-19,2025-06-18,1.5176776302291535,3.46287008587497,1127.4767763296243,1.9451924556458164,91,71,0.6816036013736866,Mar25-Jun25,Mar-Jun
2025-01-08,KRW,0,2025-03-19,2025-06-18,1.7430011976769235,4.0089027546569245,1131.0180075599528,2.265901556980001,91,70,0.7913413412165969,Mar25-Jun25,Mar-Jun
2025-01-09,KRW,0,2025-03-19,2025-06-18,1.6547529792426166,3.8371083576640377,1134.8581349646731,2.182355378421421,91,69,0.7596476816345449,Mar25-Jun25,Mar-Jun
2025-01-10,KRW,0,2025-03-19,2025-06-18,1.5347432789640283,3.5885909022835367,1135.7347673290355,2.053847623319508,91,68,0.7144402800814171,Mar25-Jun25,Mar-Jun
2025-01-13,KRW,0,2025-03-19,2025-06-18,1.495877259233593,3.5901054221606232,1137.6242041349929,2.0942281629270303,91,65,0.7273033635211317,Mar25-Jun25,Mar-Jun
2025-01-14,KRW,0,2025-03-19,2025-06-18,1.7229143122159933,4.172683099898109,1141.6798362974025,2.4497687876821153,91,64,0.8475922417579752,Mar25-Jun25,Mar-Jun
2025-01-15,KRW,0,2025-03-19,2025-06-18,1.2914303881284497,3.1568298376473214,1137.8777960760403,1.8653994495188717,91,63,0.647805615394193,Mar25-Jun25,Mar-Jun
2025-01-16,KRW,0,2025-03-19,2025-06-18,1.2742755298265052,3.1445831623137948,1137.1651356372097,1.8703076324872896,91,62,0.6499264811870704,Mar25-Jun25,Mar-Jun
2025-01-17,KRW,0,2025-03-19,2025-06-18,1.238358775908492,3.0857464580014877,1136.6054157903234,1.8473876820929958,91,61,0.6422979180073257,Mar25-Jun25,Mar-Jun
2025-01-20,KRW,0,2025-03-19,2025-06-18,1.1367085139956097,2.9201649756094117,1138.9733182685966,1.783456461613802,91,58,0.618837830568386,Mar25-Jun25,Mar-Jun
2025-01-21,KRW,0,2025-03-19,2025-06-18,1.1275279175310455,2.9276163472735917,1137.6135548294012,1.8000884297425461,91,57,0.6253597995822917,Mar25-Jun25,Mar-Jun
2025-01-22,KRW,0,2025-03-19,2025-06-18,1.031798432172479,2.708470884452757,1140.5621398136689,1.676672452280278,91,56,0.5810288316089404,Mar25-Jun25,Mar-Jun
2025-01-23,KRW,0,2025-03-19,2025-06-18,0.9172839203337741,2.4349718612496547,1138.7025195560545,1.5176879409158806,91,55,0.5268458996154375,Mar25-Jun25,Mar-Jun
2025-01-24,KRW,0,2025-03-19,2025-06-18,0.868926897207384,2.333229631390198,1132.1178199602564,1.464302734182814,91,54,0.5112898273038233,Mar25-Jun25,Mar-Jun
2025-01-27,KRW,0,2025-03-19,2025-06-18,0.9789591513665554,2.7257294018441347,1132.6484333532012,1.7467702504775793,91,51,0.6095741808719094,Mar25-Jun25,Mar-Jun
2025-01-28,KRW,0,2025-03-19,2025-06-18,0.9891901347776788,2.7895161800730546,1132.940006307434,1.8003260452953758,91,50,0.628096444887912,Mar25-Jun25,Mar-Jun
2025-01-29,KRW,0,2025-03-19,2025-06-18,1.1605272111096567,3.315792031741876,1137.9743142900656,2.155264820632219,91,49,0.7484910527449794,Mar25-Jun25,Mar-Jun
2025-01-30,KRW,0,2025-03-19,2025-06-18,1.2524474310943856,3.6268790192108247,1138.3945177755218,2.374431588116439,91,48,0.8242338215242395,Mar25-Jun25,Mar-Jun
2025-01-31,KRW,0,2025-03-19,2025-06-18,1.365892611054565,4.010493198415531,1138.5249232515291,2.6446005873609666,91,47,0.9178209021592455,Mar25-Jun25,Mar-Jun
2025-02-03,KRW,0,2025-03-19,2025-06-18,1.1459507244459226,3.515985177277263,1137.5685173847999,2.37003445283134,91,44,0.8233811666859883,Mar25-Jun25,Mar-Jun
2025-02-04,KRW,0,2025-03-19,2025-06-18,1.1825490225852402,3.685152768056329,1138.2863962021945,2.502603745471089,91,43,0.8688618029595039,Mar25-Jun25,Mar-Jun
2025-02-05,KRW,0,2025-03-19,2025-06-18,1.089681337638275,3.4506575691878707,1132.8533043422424,2.3609762315495955,91,42,0.8236856587268881,Mar25-Jun25,Mar-Jun
2025-02-06,KRW,0,2025-03-19,2025-06-18,0.8883782362348651,2.8601445654390782,1135.1540060710638,1.9717663292042131,91,41,0.686628806911618,Mar25-Jun25,Mar-Jun
2025-02-07,KRW,0,2025-03-19,2025-06-18,0.9664757420711901,3.1652080552831476,1125.6604017650448,2.1987323132119574,91,40,0.772064101460735,Mar25-Jun25,Mar-Jun
2025-02-10,KRW,0,2025-03-19,2025-06-18,0.818876866386936,2.832871321554806,1129.7814661088098,2.01399445516787,91,37,0.7047097271266427,Mar25-Jun25,Mar-Jun
2025-02-11,KRW,0,2025-03-19,2025-06-18,0.8525766189387454,3.007700850145018,1127.7897515817187,2.1551242312062726,91,36,0.7554001809395559,Mar25-Jun25,Mar-Jun
2025-02-12,KRW,0,2025-03-19,2025-06-18,0.7799001130192258,2.8076404068692127,1130.7897368850279,2.0277402938499867,91,35,0.7089117162239765,Mar25-Jun25,Mar-Jun
2025-02-13,KRW,0,2025-03-19,2025-06-18,0.7020222630156007,2.580964202263238,1128.5417017345242,1.8789419392476372,91,34,0.658243809069318,Mar25-Jun25,Mar-Jun
2025-02-14,KRW,0,2025-03-19,2025-06-18,0.8988360716213374,3.377444632758965,1117.6882679539967,2.4786085611376274,91,33,0.8765955178991633,Mar25-Jun25,Mar-Jun
2025-02-17,KRW,0,2025-03-19,2025-06-18,0.7729863852299702,3.11771175376088,1118.8608603352404,2.3447253685309097,91,30,0.8284705441809866,Mar25-Jun25,Mar-Jun
2025-02-18,KRW,0,2025-03-19,2025-06-18,0.7536810140582593,3.118680058172107,1128.9634390902454,2.3649990441138478,91,29,0.8281754793316853,Mar25-Jun25,Mar-Jun
2025-02-19,KRW,0,2025-03-19,2025-06-18,0.6088773342517898,2.5877286705701064,1133.7529497342389,1.9788513363183164,91,28,0.6901169170319206,Mar25-Jun25,Mar-Jun
2025-02-20,KRW,0,2025-03-19,2025-06-18,0.48187106673605473,2.1059550324020173,1134.8689018059445,1.6240839656659625,91,27,0.5658997826922563,Mar25-Jun25,Mar-Jun
2025-02-21,KRW,0,2025-03-19,2025-06-18,0.49257891303332524,2.2166051086499636,1139.1592905152836,1.7240261956166383,91,26,0.5984567387803262,Mar25-Jun25,Mar-Jun
2025-02-24,KRW,0,2025-03-19,2025-06-18,0.4079257071294595,2.0218926353373208,1138.1715363960889,1.6139669282078613,91,23,0.5607798422603734,Mar25-Jun25,Mar-Jun
2025-02-25,KRW,0,2025-03-19,2025-06-18,0.4673719145114834,2.4005921063544378,1143.0530567589556,1.9332201918429543,91,22,0.6688034480078712,Mar25-Jun25,Mar-Jun
2025-02-26,KRW,0,2025-03-19,2025-06-18,0.4628254951294787,2.4684026406905533,1145.560441070849,2.0055771455610745,91,21,0.692320267532741,Mar25-Jun25,Mar-Jun
2025-02-27,KRW,0,2025-03-19,2025-06-18,0.41455643185834345,2.300788196813806,1140.4518755561503,1.8862317649554625,91,20,0.6540656788759357,Mar25-Jun25,Mar-Jun
2025-02-28,KRW,0,2025-03-19,2025-06-18,0.38380184813807744,2.222010699746764,1138.4531667900849,1.8382088516086867,91,19,0.6385492583761775,Mar25-Jun25,Mar-Jun
2025-03-03,KRW,0,2025-03-19,2025-06-18,0.2863734607300491,1.9151225186322036,1147.0850592485679,1.6287490579021546,91,16,0.561579509715616,Mar25-Jun25,Mar-Jun
2025-03-04,KRW,0,2025-03-19,2025-06-18,0.26121627209954534,1.845928322836787,1154.3610575650168,1.5847120507372416,91,15,0.5429646276920204,Mar25-Jun25,Mar-Jun
2025-03-05,KRW,0,2025-03-19,2025-06-18,0.22608746777101987,1.695656008282649,1150.1712052990542,1.4695685405116292,91,14,0.5053626064001072,Mar25-Jun25,Mar-Jun
2025-03-06,KRW,0,2025-03-19,2025-06-18,0.2016386496880152,1.6131091975041216,1152.661079138307,1.4114705478161065,91,13,0.48434557243172494,Mar25-Jun25,Mar-Jun
2025-03-07,KRW,0,2025-03-19,2025-06-18,0.1619378453226733,1.389966505686279,1162.478794872103,1.2280286603636057,91,12,0.41785353144521853,Mar25-Jun25,Mar-Jun
2025-03-10,KRW,0,2025-03-19,2025-06-18,0.13534400245642592,1.5038222495158435,1165.8727280963933,1.3684782470594177,91,9,0.46429868092702453,Mar25-Jun25,Mar-Jun
2025-03-11,KRW,0,2025-03-19,2025-06-18,0.10116865295223297,1.2519620802838831,1165.9822605798904,1.1507934273316502,91,8,0.3904171235710759,Mar25-Jun25,Mar-Jun
2025-03-12,KRW,0,2025-03-19,2025-06-18,0.09111523852684547,1.2756133393758364,1168.7741121923934,1.184498100848991,91,7,0.40089536781837837,Mar25-Jun25,Mar-Jun
2025-03-13,KRW,0,2025-03-19,2025-06-18,0.08864005753196239,1.2282979400857645,1162.8650518472264,1.1396578825538022,91,6,0.3876798112957672,Mar25-Jun25,Mar-Jun
2025-03-14,KRW,0,2025-03-19,2025-06-18,0.08915209176857548,1.2226572585404636,1169.0885232213004,1.133505166771888,91,5,0.38353420175870656,Mar25-Jun25,Mar-Jun
2025-03-17,KRW,0,2025-03-19,2025-06-18,0.1142159160078524,1.5174400269614674,1161.5367181618553,1.403224110953615,91,2,0.47787300817002065,Mar25-Jun25,Mar-Jun
2025-03-18,KRW,0,2025-03-19,2025-06-18,0.09396883975437083,1.2350190367717309,1164.4879437864706,1.14105019701736,91,1,0.3876107542555052,Mar25-Jun25,Mar-Jun
2025-03-19,KRW,0,2025-06-18,2025-09-17,1.4751364914499763,2.9502729828999525,1169.782920946602,1.4751364914499763,91,91,0.4982424465967276,Jun25-Sep25,Jun-Sep
2025-03-20,KRW,0,2025-06-18,2025-09-17,1.3116167678217872,2.637807055286039,1165.7516583331908,1.3261902874642517,91,90,0.44954435489655553,Jun25-Sep25,Jun-Sep
2025-03-21,KRW,0,2025-06-18,2025-09-17,1.1808005030133912,2.3881358487911286,1168.4331290109967,1.2073353457777374,91,89,0.40836309974238116,Jun25-Sep25,Jun-Sep
2025-03-24,KRW,0,2025-06-18,2025-09-17,1.1500234678678383,2.3669087652628766,1168.0285476917088,1.2168852973950384,91,86,0.4117464897756642,Jun25-Sep25,Jun-Sep
2025-03-25,KRW,0,2025-06-18,2025-09-17,0.9233903790374764,1.9119612554187748,1165.7892633999154,0.9885708763812984,91,85,0.335200773554857,Jun25-Sep25,Jun-Sep
2025-03-26,KRW,0,2025-06-18,2025-09-17,1.052387764253494,2.192474508861446,1172.2261767438636,1.1400867446079521,91,84,0.3844128250364007,Jun25-Sep25,Jun-Sep
2025-03-27,KRW,0,2025-06-18,2025-09-17,1.5092551553388254,3.163980687095851,1166.5047690335057,1.6547255317570255,91,83,0.5604527688239069,Jun25-Sep25,Jun-Sep
2025-03-28,KRW,0,2025-06-18,2025-09-17,1.5323433696387978,3.2328707676525856,1159.9973058805226,1.7005273980137878,91,82,0.5791811805529633,Jun25-Sep25,Jun-Sep
2025-03-31,KRW,0,2025-06-18,2025-09-17,1.5048759589552914,3.238340671169614,1158.8083906214847,1.7334647122143227,91,79,0.591018201315657,Jun25-Sep25,Jun-Sep
2025-04-01,KRW,0,2025-06-18,2025-09-17,1.580145932027051,3.423649519391944,1152.5255307664056,1.8435035873648928,91,78,0.6319162423325903,Jun25-Sep25,Jun-Sep
2025-04-02,KRW,0,2025-06-18,2025-09-17,1.2946079590131305,2.824599183301376,1146.4576874445252,1.5299912242882454,91,77,0.5273535552823917,Jun25-Sep25,Jun-Sep
2025-04-03,KRW,0,2025-06-18,2025-09-17,1.4410455914949032,3.1665080760480113,1140.674891440402,1.7254624845531081,91,76,0.5976630928674693,Jun25-Sep25,Jun-Sep
2025-04-04,KRW,0,2025-06-18,2025-09-17,1.352691401470043,2.9939569685870286,1143.2268178439529,1.6412655671169856,91,75,0.5672754644486349,Jun25-Sep25,Jun-Sep
2025-04-07,KRW,0,2025-06-18,2025-09-17,1.365221567251566,3.0907099369722952,1140.9390108663706,1.7254883697207293,91,72,0.5975735397315735,Jun25-Sep25,Jun-Sep
2025-04-08,KRW,0,2025-06-18,2025-09-17,1.4085354878067535,3.2138415355590717,1139.0072296091805,1.8053060477523182,91,71,0.6262514336964379,Jun25-Sep25,Jun-Sep
2025-04-09,KRW,0,2025-06-18,2025-09-17,1.1048162035911053,2.541077268259542,1135.558167376042,1.4362610646684368,91,70,0.49987656730844116,Jun25-Sep25,Jun-Sep
2025-04-10,KRW,0,2025-06-18,2025-09-17,1.219815585898511,2.828557880344373,1135.5174423315223,1.608742294445862,91,69,0.5598703822230721,Jun25-Sep25,Jun-Sep
2025-04-11,KRW,0,2025-06-18,2025-09-17,1.0984298971274489,2.568387553577417,1141.1730287773053,1.4699576564499683,91,68,0.5090923929052484,Jun25-Sep25,Jun-Sep
2025-04-14,KRW,0,2025-06-18,2025-09-17,1.2629430594995887,3.0310633427990132,1143.343489250378,1.7681202832994245,91,65,0.6111062600084334,Jun25-Sep25,Jun-Sep
2025-04-15,KRW,0,2025-06-18,2025-09-17,1.1614321076264096,2.8128433856577106,1141.7208606683862,1.651411278031301,91,64,0.571629786084991,Jun25-Sep25,Jun-Sep
2025-04-16,KRW,0,2025-06-18,2025-09-17,0.7957711253739892,1.9452183064697517,1145.7360150824402,1.1494471810957625,91,63,0.3966103363436745,Jun25-Sep25,Jun-Sep
2025-04-17,KRW,0,2025-06-18,2025-09-17,0.8057445381712173,1.9883695861321973,1144.057431158197,1.18262504796098,91,62,0.4086529091483929,Jun25-Sep25,Jun-Sep
2025-04-18,KRW,0,2025-06-18,2025-09-17,0.8862733964610451,2.2084189551160467,1145.098878066736,1.3221455586550017,91,61,0.45641655475628035,Jun25-Sep25,Jun-Sep
2025-04-21,KRW,0,2025-06-18,2025-09-17,0.7665278184134122,1.9691835335103174,1139.5735852282826,1.2026557150969053,91,58,0.4172227933120233,Jun25-Sep25,Jun-Sep
2025-04-22,KRW,0,2025-06-18,2025-09-17,0.8602590641792645,2.233655114009318,1141.3061585634987,1.3733960498300537,91,57,0.4756938269530053,Jun25-Sep25,Jun-Sep
2025-04-23,KRW,0,2025-06-18,2025-09-17,0.7946986613908125,2.0860839861508826,1139.9578675249638,1.2913853247600702,91,56,0.4478427014211969,Jun25-Sep25,Jun-Sep
2025-04-24,KRW,0,2025-06-18,2025-09-17,1.0308601225017222,2.7364650524591165,1140.6415764351877,1.7056049299573943,91,55,0.5910143626573866,Jun25-Sep25,Jun-Sep
2025-04-25,KRW,0,2025-06-18,2025-09-17,1.1293973323378155,3.0326409849811715,1140.3090192051673,1.903243652643356,91,54,0.6596339705963976,Jun25-Sep25,Jun-Sep
2025-04-28,KRW,0,2025-06-18,2025-09-17,1.1579654050669115,3.2241389709706163,1138.6795748933746,2.066173565903705,91,51,0.7171086368493119,Jun25-Sep25,Jun-Sep
2025-04-29,KRW,0,2025-06-18,2025-09-17,1.2382423284007582,3.4918433660901385,1143.1187782668571,2.2536010376893802,91,50,0.7790702205722358,Jun25-Sep25,Jun-Sep
2025-04-30,KRW,0,2025-06-18,2025-09-17,1.1692553929323504,3.3407296940924294,1140.0879829053406,2.171474301160079,91,49,0.7527179234033005,Jun25-Sep25,Jun-Sep
2025-05-01,KRW,0,2025-06-18,2025-09-17,1.068677237171768,3.094711165976578,1144.8745931736585,2.02603392880481,91,48,0.6994307210264306,Jun25-Sep25,Jun-Sep
2025-05-02,KRW,0,2025-06-18,2025-09-17,1.0968675293675139,3.2205897670790837,1139.3652990307583,2.12372223771157,91,47,0.7366784071544962,Jun25-Sep25,Jun-Sep
2025-05-05,KRW,0,2025-06-18,2025-09-17,0.9228686945069047,2.8315289490552753,1141.5715844258066,1.9086602545483706,91,44,0.6608998269992175,Jun25-Sep25,Jun-Sep
2025-05-06,KRW,0,2025-06-18,2025-09-17,0.7735404202837017,2.4105678213492103,1135.1648381036098,1.6370274010655086,91,43,0.5701147595944436,Jun25-Sep25,Jun-Sep
2025-05-07,KRW,0,2025-06-18,2025-09-17,0.7421572763096236,2.350164708313808,1129.3881684244786,1.6080074320041844,91,42,0.5628862386918934,Jun25-Sep25,Jun-Sep
2025-05-08,KRW,0,2025-06-18,2025-09-17,0.7533751862163717,2.4255005995258796,1125.130124868777,1.6721254133095078,91,41,0.5875387315603493,Jun25-Sep25,Jun-Sep
2025-05-09,KRW,0,2025-06-18,2025-09-17,0.5635254512085603,1.845545852708035,1122.8077834588028,1.2820204014994747,91,40,0.4514739713085295,Jun25-Sep25,Jun-Sep
2025-05-12,KRW,0,2025-06-18,2025-09-17,0.5265593566935229,1.8216107474802956,1118.687806196349,1.2950513907867727,91,37,0.4577568323791439,Jun25-Sep25,Jun-Sep
2025-05-13,KRW,0,2025-06-18,2025-09-17,0.5261521072132868,1.8561477115579836,1120.6539785616546,1.3299956043446968,91,36,0.46928418799161215,Jun25-Sep25,Jun-Sep
2025-05-14,KRW,0,2025-06-18,2025-09-17,0.4580550676786484,1.648998243643134,1117.4840425710195,1.1909431759644857,91,35,0.42143717131833264,Jun25-Sep25,Jun-Sep
2025-05-15,KRW,0,2025-06-18,2025-09-17,0.4695870133719327,1.7264228432791642,1109.3191343159144,1.2568358299072315,91,34,0.44802201473888564,Jun25-Sep25,Jun-Sep
2025-05-16,KRW,0,2025-06-18,2025-09-17,0.49072026085724035,1.8439185559484181,1107.263541560194,1.3531982950911778,91,33,0.48325807637377216,Jun25-Sep25,Jun-Sep
2025-05-19,KRW,0,2025-06-18,2025-09-17,0.49585302335030557,1.9999405275128992,1108.264442999848,1.5040875041625936,91,30,0.5366566877931611,Jun25-Sep25,Jun-Sep
2025-05-20,KRW,0,2025-06-18,2025-09-17,0.4966360518145079,2.05504573164624,1109.9776500387559,1.558409679831732,91,29,0.5551805451203171,Jun25-Sep25,Jun-Sep
2025-05-21,KRW,0,2025-06-18,2025-09-17,0.46051140682329567,1.9571734789990067,1114.023657631738,1.4966620721757111,91,28,0.5312646971001024,Jun25-Sep25,Jun-Sep
2025-05-22,KRW,0,2025-06-18,2025-09-17,0.3805963355805097,1.663346948092598,1116.9920203881004,1.2827506125120882,91,27,0.4541562708614607,Jun25-Sep25,Jun-Sep
2025-05-23,KRW,0,2025-06-18,2025-09-17,0.34229438713776683,1.540324742119951,1119.3935764313937,1.1980303549821842,91,26,0.42326595659741295,Jun25-Sep25,Jun-Sep
2025-05-26,KRW,0,2025-06-18,2025-09-17,0.38809399115742416,1.9235963039976682,1119.568354170181,1.535502312840244,91,23,0.5423884700316258,Jun25-Sep25,Jun-Sep
2025-05-27,KRW,0,2025-06-18,2025-09-17,0.42591788922120544,2.187669158272555,1123.6621557530714,1.7617512690513497,91,22,0.6200195183460813,Jun25-Sep25,Jun-Sep
2025-05-28,KRW,0,2025-06-18,2025-09-17,0.39035929590772633,2.081916244841207,1123.2649967477112,1.6915569489334805,91,21,0.5955450315027542,Jun25-Sep25,Jun-Sep
2025-05-29,KRW,0,2025-06-18,2025-09-17,0.3990325333569308,2.214630560130966,1121.4306521225913,1.8155980267740355,91,20,0.6402563329056471,Jun25-Sep25,Jun-Sep
2025-05-30,KRW,0,2025-06-18,2025-09-17,0.353826799196305,2.0484709427154497,1120.1743378699548,1.6946441435191448,91,19,0.5982970292937235,Jun25-Sep25,Jun-Sep
2025-06-02,KRW,0,2025-06-18,2025-09-17,0.3521096558381384,2.3547333234175505,1122.510159219706,2.002623667579412,91,16,0.7055600206685927,Jun25-Sep25,Jun-Sep
2025-06-03,KRW,0,2025-06-18,2025-09-17,0.3276987473496768,2.3157378146043825,1128.9050384905415,1.9880390672547057,91,15,0.6964702383345576,Jun25-Sep25,Jun-Sep
2025-06-04,KRW,0,2025-06-18,2025-09-17,0.32336982766239836,2.425273707467988,1136.5935542331272,2.10190387980559,91,14,0.7313836186192327,Jun25-Sep25,Jun-Sep
2025-06-05,KRW,0,2025-06-18,2025-09-17,0.3372960633627114,2.698368506901691,1141.723207729125,2.36107244353898,91,13,0.817864407273266,Jun25-Sep25,Jun-Sep
2025-06-06,KRW,0,2025-06-18,2025-09-17,0.24376974974635027,2.0923570186561733,1146.13735729968,1.848587268909823,91,12,0.6379285492262524,Jun25-Sep25,Jun-Sep
2025-06-09,KRW,0,2025-06-18,2025-09-17,0.19505134535319135,2.167237170591015,1139.2284150723772,1.972185825237824,91,9,0.6847369783120836,Jun25-Sep25,Jun-Sep
2025-06-10,KRW,0,2025-06-18,2025-09-17,0.18852958911568898,2.333053665306651,1147.3549143839266,2.144524076190962,91,8,0.7393037322258551,Jun25-Sep25,Jun-Sep
2025-06-11,KRW,0,2025-06-18,2025-09-17,0.15227810180552587,2.1318934252773625,1140.3837582987646,1.9796153234718366,91,7,0.6866460143099374,Jun25-Sep25,Jun-Sep
2025-06-12,KRW,0,2025-06-18,2025-09-17,0.15114706101603248,2.09446641693645,1140.4243845875685,1.9433193559204174,91,6,0.6740331156797954,Jun25-Sep25,Jun-Sep
2025-06-13,KRW,0,2025-06-18,2025-09-17,0.1594547886223557,2.1868085296780215,1137.7087737272923,2.027353741055666,91,5,0.7048531906482326,Jun25-Sep25,Jun-Sep
2025-06-16,KRW,0,2025-06-18,2025-09-17,0.16698418150536845,2.2185041257141807,1136.5777541780092,2.0515199442088123,91,2,0.7139600300858655,Jun25-Sep25,Jun-Sep
2025-06-17,KRW,0,2025-06-18,2025-09-17,0.1519150160967966,1.9965973544150408,1131.0295886509687,1.8446823383182442,91,1,0.6451347013425947,Jun25-Sep25,Jun-Sep
2025-06-18,KRW,0,2025-09-17,2025-12-17,1.7753663053098008,3.5507326106196015,1131.4143754690074,1.7753663053098008,91,91,0.6197926863411218,Sep25-Dec25,Sep-Dec
2025-06-19,KRW,0,2025-09-17,2025-12-17,1.5107975863023315,3.0383818124524664,1132.2743825059993,1.527584226150135,91,90,0.5330101725899616,Sep25-Dec25,Sep-Dec
2025-06-20,KRW,0,2025-09-17,2025-12-17,1.7169575296530692,3.4724983745792413,1133.4419841851848,1.755540844926172,91,89,0.6118083110606273,Sep25-Dec25,Sep-Dec
2025-06-23,KRW,0,2025-09-17,2025-12-17,1.4128406172094912,2.9078231307683717,1134.9950607216044,1.4949825135588806,91,86,0.5204307828367237,Sep25-Dec25,Sep-Dec
2025-06-24,KRW,0,2025-09-17,2025-12-17,1.6131510510606617,3.3401715880785465,1135.1024253646726,1.7270205370178848,91,85,0.6010447379437822,Sep25-Dec25,Sep-Dec
2025-06-25,KRW,0,2025-09-17,2025-12-17,1.5082293068889376,3.1421443893519534,1135.2996459488468,1.6339150824630158,91,84,0.5685956288094973,Sep25-Dec25,Sep-Dec
2025-06-26,KRW,0,2025-09-17,2025-12-17,1.9255063367996486,4.03660364582095,1140.4806166403705,2.1110973090213014,91,83,0.7310529576128767,Sep25-Dec25,Sep-Dec
2025-06-27,KRW,0,2025-09-17,2025-12-17,1.8321451755034768,3.8653794556353844,1144.188524860373,2.0332342801319077,91,82,0.7018690321602667,Sep25-Dec25,Sep-Dec
2025-06-30,KRW,0,2025-09-17,2025-12-17,1.7262537110896838,3.7147231757626105,1135.6274378625762,1.9884694646729266,91,79,0.6916469929959596,Sep25-Dec25,Sep-Dec
2025-07-01,KRW,0,2025-09-17,2025-12-17,2.154614648512987,4.668331738444804,1134.1370953965716,2.5137170899318173,91,78,0.8751604198920522,Sep25-Dec25,Sep-Dec
2025-07-02,KRW,0,2025-09-17,2025-12-17,2.0744933678877473,4.5261673481187215,1132.1756550456616,2.451673980230974,91,77,0.8550962100598324,Sep25-Dec25,Sep-Dec
2025-07-03,KRW,0,2025-09-17,2025-12-17,2.2321215581561082,5.046548880895815,1134.0436564223025,2.814427322739707,91,76,0.9798676004199169,Sep25-Dec25,Sep-Dec
2025-07-04,KRW,0,2025-09-17,2025-12-17,2.0422442965216336,4.65217750691179,1131.5154052334947,2.6099332103901562,91,75,0.9108500575090748,Sep25-Dec25,Sep-Dec
2025-07-07,KRW,0,2025-09-17,2025-12-17,2.0188506543843867,4.674375908802057,1133.6982983474436,2.6555252544176704,91,72,0.9249992079536801,Sep25-Dec25,Sep-Dec
2025-07-08,KRW,0,2025-09-17,2025-12-17,2.062987541582519,4.80093651680163,1126.0581898390428,2.737948975219111,91,71,0.9601314745744886,Sep25-Dec25,Sep-Dec
2025-07-09,KRW,0,2025-09-17,2025-12-17,1.9728047605483316,4.622180297247724,1129.7246398208213,2.6493755366993925,91,70,0.9261349956593246,Sep25-Dec25,Sep-Dec
2025-07-10,KRW,0,2025-09-17,2025-12-17,1.4803222554888786,3.5084330111222144,1137.0254106983,2.0281107556333358,91,69,0.704721554295162,Sep25-Dec25,Sep-Dec
2025-07-11,KRW,0,2025-09-17,2025-12-17,1.6751337828772397,3.982917075049031,1132.4595695427677,2.3077832921717913,91,68,0.8049918689626434,Sep25-Dec25,Sep-Dec
2025-07-14,KRW,0,2025-09-17,2025-12-17,1.3192065292716049,3.2040419605635875,1138.3887093520773,1.8848354312919826,91,65,0.6542458565213985,Sep25-Dec25,Sep-Dec
2025-07-15,KRW,0,2025-09-17,2025-12-17,1.1953183926204483,2.9234456697789946,1141.3575060538583,1.7281272771585463,91,64,0.5983572333637605,Sep25-Dec25,Sep-Dec
2025-07-16,KRW,0,2025-09-17,2025-12-17,0.9015770843573171,2.222923692347174,1144.1158350906032,1.3213466079898568,91,63,0.4565262682292244,Sep25-Dec25,Sep-Dec
2025-07-17,KRW,0,2025-09-17,2025-12-17,0.8413645564403294,2.0858632095435197,1151.113270311949,1.2444986531031903,91,62,0.4273858731838493,Sep25-Dec25,Sep-Dec
2025-07-18,KRW,0,2025-09-17,2025-12-17,0.656903779833675,1.6368749923724362,1152.387415388872,0.9799712125387612,91,61,0.33622377978113704,Sep25-Dec25,Sep-Dec
2025-07-21,KRW,0,2025-09-17,2025-12-17,0.544395727133044,1.398533850738337,1151.6718412427394,0.854138123605293,91,58,0.29326161644814475,Sep25-Dec25,Sep-Dec
2025-07-22,KRW,0,2025-09-17,2025-12-17,0.5344001709470779,1.3875653561432904,1155.1242582123857,0.8531651851962124,91,57,0.29205500689319225,Sep25-Dec25,Sep-Dec
2025-07-23,KRW,0,2025-09-17,2025-12-17,0.5829859004312927,1.530337988632143,1161.0426481457068,0.9473520882008504,91,56,0.3226311810732724,Sep25-Dec25,Sep-Dec
2025-07-24,KRW,0,2025-09-17,2025-12-17,0.7808655715774027,2.072843153641832,1159.1817486036432,1.2919775820644293,91,55,0.4406280032140746,Sep25-Dec25,Sep-Dec
2025-07-25,KRW,0,2025-09-17,2025-12-17,0.7623185647412544,2.04696651643485,1160.3167686728889,1.2846479516935956,91,54,0.43770694182710335,Sep25-Dec25,Sep-Dec
2025-07-28,KRW,0,2025-09-17,2025-12-17,0.5812056125442191,1.6182587643388062,1158.1024621704512,1.0370531517945871,91,51,0.3540766101505136,Sep25-Dec25,Sep-Dec
2025-07-29,KRW,0,2025-09-17,2025-12-17,0.4324279609679854,1.2194468499297189,1159.2843406571792,0.7870188889617334,91,50,0.2684691127368572,Sep25-Dec25,Sep-Dec
2025-07-30,KRW,0,2025-09-17,2025-12-17,0.4611887248169477,1.317682070905565,1166.2749015085442,0.8564933460886173,91,49,0.29041060386740153,Sep25-Dec25,Sep-Dec
2025-07-31,KRW,0,2025-09-17,2025-12-17,0.4335789818063486,1.255572468147551,1177.4238764720003,0.8219934863412025,91,48,0.2760811461940441,Sep25-Dec25,Sep-Dec
2025-08-01,KRW,0,2025-09-17,2025-12-17,0.5575540012082125,1.6370734503560282,1172.8257959235111,1.0795194491478157,91,47,0.36395832551289015,Sep25-Dec25,Sep-Dec
2025-08-04,KRW,0,2025-09-17,2025-12-17,0.5206679121770841,1.7241915465085458,1169.425154364268,1.2035236343314617,91,44,0.40695836584034645,Sep25-Dec25,Sep-Dec
2025-08-05,KRW,0,2025-09-17,2025-12-17,0.45489467458573507,1.535016341205515,1174.3758784531717,1.08012166661978,91,43,0.3637127055879637,Sep25-Dec25,Sep-Dec
2025-08-06,KRW,0,2025-09-17,2025-12-17,0.420715799965762,1.439973521339027,1174.9835066994233,1.019257721373265,91,42,0.3430503541764883,Sep25-Dec25,Sep-Dec
2025-08-07,KRW,0,2025-09-17,2025-12-17,0.589549962350201,1.9959010051145027,1174.052540332124,1.4063510427643018,91,41,0.4736409999925422,Sep25-Dec25,Sep-Dec
2025-08-08,KRW,0,2025-09-17,2025-12-17,0.7089192406058198,2.410036428177766,1177.6788692494144,1.7011171875719462,91,40,0.5710933560369172,Sep25-Dec25,Sep-Dec
2025-08-11,KRW,0,2025-09-17,2025-12-17,0.5120549667479736,1.8305124826006054,1181.5816824225906,1.3184575158526317,91,37,0.44124046358704144,Sep25-Dec25,Sep-Dec
2025-08-12,KRW,0,2025-09-17,2025-12-17,0.4753660698099492,1.7260123552368234,1176.6359484413917,1.2506462854268743,91,36,0.42031808016952865,Sep25-Dec25,Sep-Dec
2025-08-13,KRW,0,2025-09-17,2025-12-17,0.4834411573222613,1.779617545188311,1176.8813648451107,1.2961763878660497,91,35,0.43552607815714184,Sep25-Dec25,Sep-Dec
2025-08-14,KRW,0,2025-09-17,2025-12-17,0.603032564236597,2.246569668197784,1181.5272813529582,1.6435371039611868,91,34,0.5500159288796236,Sep25-Dec25,Sep-Dec
2025-08-15,KRW,0,2025-09-17,2025-12-17,0.6350601316342803,2.4060426033257016,1185.362885631615,1.7709824716914213,91,33,0.5907332747432114,Sep25-Dec25,Sep-Dec
2025-08-18,KRW,0,2025-09-17,2025-12-17,0.6010711843109832,2.4243204433876318,1181.786877563594,1.8232492590766487,91,30,0.6100243341764315,Sep25-Dec25,Sep-Dec
2025-08-19,KRW,0,2025-09-17,2025-12-17,0.493486878933688,2.042014671449744,1184.91584956221,1.5485277925160559,91,29,0.5167872249717228,Sep25-Dec25,Sep-Dec
2025-08-20,KRW,0,2025-09-17,2025-12-17,0.49519167257340263,2.104564608436961,1189.8522652732793,1.6093729358635585,91,28,0.5348648446126039,Sep25-Dec25,Sep-Dec
2025-08-21,KRW,0,2025-09-17,2025-12-17,0.5551310378173909,2.4261282393500787,1188.9653997827609,1.870997201532688,91,27,0.6222462731091661,Sep25-Dec25,Sep-Dec
2025-08-22,KRW,0,2025-09-17,2025-12-17,0.529288827526885,2.3817997238709823,1192.014792904888,1.8525108963440973,91,26,0.6145361540297176,Sep25-Dec25,Sep-Dec
2025-08-25,KRW,0,2025-09-17,2025-12-17,0.39783540143309926,1.9718798157988404,1187.2534439418437,1.574044414365741,91,23,0.5243112183097148,Sep25-Dec25,Sep-Dec
2025-08-26,KRW,0,2025-09-17,2025-12-17,0.37536567095586276,1.9280145826369317,1190.4790568334781,1.5526489116810689,91,22,0.5157933015855789,Sep25-Dec25,Sep-Dec
2025-08-27,KRW,0,2025-09-17,2025-12-17,0.36517080679352315,1.9475776362321233,1187.2187881617658,1.5824068294386002,91,21,0.5271266024038355,Sep25-Dec25,Sep-Dec
2025-08-28,KRW,0,2025-09-17,2025-12-17,0.24400401986974848,1.354222310277104,1186.9417352439764,1.1102182904073556,91,20,0.36995663040725607,Sep25-Dec25,Sep-Dec
2025-08-29,KRW,0,2025-09-17,2025-12-17,0.1913845992555463,1.1080161009531628,1178.1631571803514,0.9166315016976165,91,19,0.30773713544084924,Sep25-Dec25,Sep-Dec
2025-09-01,KRW,0,2025-09-17,2025-12-17,0.19249099444174134,1.4384454801668662,1171.505149992338,1.2459544857251248,91,16,0.4206759952684938,Sep25-Dec25,Sep-Dec
2025-09-02,KRW,0,2025-09-17,2025-12-17,0.15860390890178544,1.2621132070086978,1168.1812730271552,1.1035092981069123,91,15,0.3736525111736092,Sep25-Dec25,Sep-Dec
2025-09-03,KRW,0,2025-09-17,2025-12-17,0.08793345158150312,0.7915361280866617,1169.4549937105817,0.7036026765051586,91,14,0.23799751605517433,Sep25-Dec25,Sep-Dec
2025-09-04,KRW,0,2025-09-17,2025-12-17,0.077887658294061,0.7450337891113472,1163.0486786229667,0.6671461308172862,91,13,0.22691076750624373,Sep25-Dec25,Sep-Dec
2025-09-05,KRW,0,2025-09-17,2025-12-17,0.048656835309742616,0.530252349685902,1163.6833038652042,0.48159551437615933,91,12,0.16371579437925973,Sep25-Dec25,Sep-Dec
2025-09-08,KRW,0,2025-09-17,2025-12-17,0.026589114319690698,0.3793642864316086,1156.3645196729692,0.3527751721119179,91,9,0.12068530074906678,Sep25-Dec25,Sep-Dec
2025-09-09,KRW,0,2025-09-17,2025-12-17,0.010999653273816131,0.21016934321310793,1147.7538262193164,0.1991696899392918,91,8,0.06864856200066478,Sep25-Dec25,Sep-Dec
2025-09-10,KRW,0,2025-09-17,2025-12-17,-0.0026097342230741822,0.02831611259015475,1148.8137960622814,0.030925846813228932,91,7,0.010649618564588988,Sep25-Dec25,Sep-Dec
2025-09-11,KRW,0,2025-09-17,2025-12-17,0.0034493988812912308,0.10359719659832356,1153.1665929327125,0.10014779771703233,91,6,0.0343565194486389,Sep25-Dec25,Sep-Dec
2025-09-12,KRW,0,2025-09-17,2025-12-17,0.011190420438283836,0.2000755330199829,1155.8513646861252,0.18888511258169907,91,5,0.06464763519805665,Sep25-Dec25,Sep-Dec
2025-09-15,KRW,0,2025-09-17,2025-12-17,0.007209760594597366,0.11429913025844898,1147.763277674063,0.10708936966385162,91,2,0.03691071152749066,Sep25-Dec25,Sep-Dec
2025-09-16,KRW,0,2025-09-17,2025-12-17,0.027028387733932232,0.3644451973037077,1142.654855845632,0.3374168095697755,91,1,0.11681604028064578,Sep25-Dec25,Sep-Dec
2025-09-17,KRW,0,2025-12-17,2026-03-18,0.5205039868191383,1.3268051817501854,1143.1888324476333,0.806301194931047,91,91,0.278896295356091,Dec25-Mar26,Dec-Mar
2025-09-18,KRW,0,2025-12-17,2026-03-18,0.2964320072145745,0.881735869323798,1142.3126637023918,0.5853038621092235,91,90,0.2026491662670067,Dec25-Mar26,Dec-Mar
2025-09-19,KRW,0,2025-12-17,2026-03-18,0.5508617140518677,1.3966639103479284,1130.2462692867189,0.8458021962960607,91,89,0.2959001729783335,Dec25-Mar26,Dec-Mar
2025-09-22,KRW,0,2025-12-17,2026-03-18,0.7455188546310014,1.8155618652802858,1124.7201462519695,1.0700430106492844,91,86,0.3761231742760221,Dec25-Mar26,Dec-Mar
2025-09-23,KRW,0,2025-12-17,2026-03-18,0.5115340664578332,1.340060153274511,1123.5349332590492,0.8285260868166777,91,85,0.29159698584116167,Dec25-Mar26,Dec-Mar
2025-09-24,KRW,0,2025-12-17,2026-03-18,0.5577546916727157,1.4427167397650866,1122.9111951210496,0.8849620480923709,91,84,0.31161953895275896,Dec25-Mar26,Dec-Mar
2025-09-25,KRW,0,2025-12-17,2026-03-18,0.20013152909805093,0.6982107913619204,1114.6317889146285,0.4980792622638695,91,83,0.17674623582045343,Dec25-Mar26,Dec-Mar
2025-09-26,KRW,0,2025-12-17,2026-03-18,-0.07599079469612186,0.12089391125938606,1124.8638149121336,0.19688470595550792,91,82,0.06924724239822908,Dec25-Mar26,Dec-Mar
2025-09-29,KRW,0,2025-12-17,2026-03-18,0.016401495129878083,0.31570047178270977,1121.6244606964453,0.29929897665283167,91,79,0.1055631929568052,Dec25-Mar26,Dec-Mar
2025-09-30,KRW,0,2025-12-17,2026-03-18,0.24517159330727767,0.81222374916465,1124.0745213288608,0.5670521558573723,91,78,0.19952361130578555,Dec25-Mar26,Dec-Mar
2025-10-01,KRW,0,2025-12-17,2026-03-18,0.3693835070680826,1.0844683668135426,1114.1628601145396,0.71508485974546,91,77,0.25382012531666226,Dec25-Mar26,Dec-Mar
2025-10-02,KRW,0,2025-12-17,2026-03-18,0.6165323629764835,1.32726590508512,1113.9711096552599,0.7107335421086366,91,76,0.25226308166537514,Dec25-Mar26,Dec-Mar
2025-10-03,KRW,0,2025-12-17,2026-03-18,0.5548492632170385,1.2188598411418026,1119.712878475443,0.664010577924764,91,75,0.23448457618703156,Dec25-Mar26,Dec-Mar
2025-10-06,KRW,0,2025-12-17,2026-03-18,0.6379533603012159,1.4918148531651436,1119.6528715396728,0.8538614928639278,91,72,0.30152113389342744,Dec25-Mar26,Dec-Mar
2025-10-07,KRW,0,2025-12-17,2026-03-18,0.6887943941559285,1.6387898739933648,1122.2092235925936,0.9499954798374364,91,71,0.3346896882959078,Dec25-Mar26,Dec-Mar
2025-10-08,KRW,0,2025-12-17,2026-03-18,0.895714560484864,2.1467438206939917,1117.4236332749017,1.2510292602091277,91,70,0.4425503996924745,Dec25-Mar26,Dec-Mar
2025-10-09,KRW,0,2025-12-17,2026-03-18,0.9837667068016924,2.387769159111704,1116.9719833574873,1.4040024523100114,91,69,0.4968260519625328,Dec25-Mar26,Dec-Mar
2025-10-10,KRW,0,2025-12-17,2026-03-18,0.8804217594717627,2.185991323178797,1121.080934646979,1.3055695637070344,91,68,0.46034478390958156,Dec25-Mar26,Dec-Mar
2025-10-13,KRW,0,2025-12-17,2026-03-18,0.8785121984637113,2.298561339327996,1118.423900088756,1.4200491408642844,91,65,0.5018998225440553,Dec25-Mar26,Dec-Mar
2025-10-14,KRW,0,2025-12-17,2026-03-18,0.8934408163841221,2.3763562989681275,1121.9362139728864,1.4829154825840054,91,64,0.5224727372650375,Dec25-Mar26,Dec-Mar
2025-10-15,KRW,0,2025-12-17,2026-03-18,0.9406220642184352,2.534278890121959,1122.9157159072863,1.5936568259035235,91,63,0.5609770787522157,Dec25-Mar26,Dec-Mar
2025-10-16,KRW,0,2025-12-17,2026-03-18,0.8242360386194385,2.292573157784435,1126.9892354207975,1.4683371191649963,91,62,0.5150502572195867,Dec25-Mar26,Dec-Mar
2025-10-17,KRW,0,2025-12-17,2026-03-18,0.49633590021121193,1.5200065435132983,1132.9404801447201,1.0236706433020863,91,61,0.35729261694053094,Dec25-Mar26,Dec-Mar
2025-10-20,KRW,0,2025-12-17,2026-03-18,0.4091758327583327,1.3347368663745505,1134.3130461194733,0.9255610336162178,91,58,0.3226833900095235,Dec25-Mar26,Dec-Mar
2025-10-21,KRW,0,2025-12-17,2026-03-18,0.452015994114223,1.4572632924754867,1134.4309152419457,1.0052472983612637,91,57,0.3504152181300856,Dec25-Mar26,Dec-Mar
2025-10-22,KRW,0,2025-12-17,2026-03-18,0.3601292620634242,1.2282670696725326,1131.7110270241758,0.8681378076091084,91,56,0.3033723903072629,Dec25-Mar26,Dec-Mar
2025-10-23,KRW,0,2025-12-17,2026-03-18,0.33411969619671933,1.1698170643850667,1131.5245742878285,0.8356973681883474,91,55,0.2920908360801063,Dec25-Mar26,Dec-Mar
2025-10-24,KRW,0,2025-12-17,2026-03-18,0.17752025369002628,0.7585929678325467,1127.6728502150893,0.5810727141425205,91,54,0.2038168589553069,Dec25-Mar26,Dec-Mar
2025-10-27,KRW,0,2025-12-17,2026-03-18,0.021490492430233932,0.3413013069451973,1125.8601356166153,0.31981081451496335,91,51,0.11237288277024801,Dec25-Mar26,Dec-Mar
2025-10-28,KRW,0,2025-12-17,2026-03-18,-0.04232309759021347,0.16212918125997278,1125.921265857499,0.20445227885018624,91,50,0.07183918015759609,Dec25-Mar26,Dec-Mar
2025-10-29,KRW,0,2025-12-17,2026-03-18,-0.2035550105007364,-0.30155489677996483,1120.1233900314144,-0.09799988627922843,91,49,-0.034617822247949126,Dec25-Mar26,Dec-Mar
2025-10-30,KRW,0,2025-12-17,2026-03-18,-0.04705207093423869,0.14441167857042736,1122.666535936641,0.19146374950466605,91,48,0.06747068084207734,Dec25-Mar26,Dec-Mar
2025-10-31,KRW,0,2025-12-17,2026-03-18,0.013971691538183943,0.32167332125749987,1122.60022696452,0.3077016297193159,91,47,0.10843272550561305,Dec25-Mar26,Dec-Mar
2025-11-03,KRW,0,2025-12-17,2026-03-18,0.20271619109342717,0.5132455853212335,1127.7587935196213,0.31052939422780634,91,44,0.10891044797475673,Dec25-Mar26,Dec-Mar
2025-11-04,KRW,0,2025-12-17,2026-03-18,0.20991139372530238,0.5675925784181756,1128.322958469223,0.3576811846928732,91,43,0.12538425124177652,Dec25-Mar26,Dec-Mar
2025-11-05,KRW,0,2025-12-17,2026-03-18,0.29931367524321006,0.8841801672942217,1127.451771573854,0.5848664920510116,91,42,0.20516562397814003,Dec25-Mar26,Dec-Mar
2025-11-06,KRW,0,2025-12-17,2026-03-18,0.2659713030016578,0.8163169049909212,1123.0007876093416,0.5503456019892634,91,41,0.19382674464552974,Dec25-Mar26,Dec-Mar
2025-11-07,KRW,0,2025-12-17,2026-03-18,0.27007104209368105,0.868663211434047,1120.92112938402,0.598592169340366,91,40,0.2112090188323158,Dec25-Mar26,Dec-Mar
2025-11-10,KRW,0,2025-12-17,2026-03-18,0.11419801760230872,0.4564523692480717,1122.1216522960533,0.342254351645763,91,37,0.12064961735805553,Dec25-Mar26,Dec-Mar
2025-11-11,KRW,0,2025-12-17,2026-03-18,-0.03393303311783212,-0.030804012359335286,1121.0968767444845,0.0031290207584968345,91,36,0.001104179183602877,Dec25-Mar26,Dec-Mar
2025-11-12,KRW,0,2025-12-17,2026-03-18,0.10124150698851186,0.48187922021436624,1119.90881437767,0.3806377132258544,91,35,0.1344469647336988,Dec25-Mar26,Dec-Mar
2025-11-13,KRW,0,2025-12-17,2026-03-18,0.21614734493731447,0.9422474256695514,1123.1611915062347,0.726100080732237,91,34,0.2557007103954449,Dec25-Mar26,Dec-Mar
2025-11-14,KRW,0,2025-12-17,2026-03-18,0.2848753631955229,1.2497409847856007,1127.0299927009473,0.9648656215900777,91,33,0.3385966883626763,Dec25-Mar26,Dec-Mar
2025-11-17,KRW,0,2025-12-17,2026-03-18,0.1960730069859619,1.0737814203354694,1131.8145019683595,0.8777084133495076,91,30,0.30673327092160185,Dec25-Mar26,Dec-Mar
2025-11-18,KRW,0,2025-12-17,2026-03-18,0.22161789044874577,1.1997033067107787,1130.6550401052532,0.9780854162620329,91,29,0.3421548116799771,Dec25-Mar26,Dec-Mar
2025-11-19,KRW,0,2025-12-17,2026-03-18,0.2889851989980051,1.510854166981404,1130.6682849595281,1.221868967983399,91,28,0.42740494918888866,Dec25-Mar26,Dec-Mar
2025-11-20,KRW,0,2025-12-17,2026-03-18,0.37607930869101536,1.9270154961819836,1133.6385142775932,1.5509361874909682,91,27,0.5410487453543198,Dec25-Mar26,Dec-Mar
2025-11-21,KRW,0,2025-12-17,2026-03-18,0.3502900772204515,1.8580989065038302,1127.1742360471928,1.5078088292833787,91,26,0.529031330826909,Dec25-Mar26,Dec-Mar
2025-11-24,KRW,0,2025-12-17,2026-03-18,0.26771821333240914,1.6070583048708575,1120.4286421104478,1.3393400915384484,91,23,0.47278535576638886,Dec25-Mar26,Dec-Mar
2025-11-25,KRW,0,2025-12-17,2026-03-18,0.2382352690543003,1.5049113402224552,1124.9934694105607,1.2666760711681548,91,22,0.4453328318755053,Dec25-Mar26,Dec-Mar
2025-11-26,KRW,0,2025-12-17,2026-03-18,0.22181548923489608,1.4651988170944348,1128.7314980332908,1.2433833278595388,91,21,0.43570261412118666,Dec25-Mar26,Dec-Mar
2025-11-27,KRW,0,2025-12-17,2026-03-18,0.1802221286970649,1.283462071700217,1132.9170297260275,1.103239943003152,91,20,0.38518015125707367,Dec25-Mar26,Dec-Mar
2025-11-28,KRW,0,2025-12-17,2026-03-18,0.2142252307574527,1.523252977287028,1132.0065652913142,1.3090277465295754,91,19,0.45738175347977583,Dec25-Mar26,Dec-Mar
2025-12-01,KRW,0,2025-12-17,2026-03-18,0.1739610929645017,1.4468578234913765,1133.972057165086,1.2728967305268748,91,16,0.4440023891459811,Dec25-Mar26,Dec-Mar
2025-12-02,KRW,0,2025-12-17,2026-03-18,0.16519586637346637,1.3256809984718452,1134.0671720550406,1.160485132098379,91,15,0.40476099278751304,Dec25-Mar26,Dec-Mar
2025-12-03,KRW,0,2025-12-17,2026-03-18,0.18742857006481287,1.6888004856458187,1132.3448406388884,1.501371915581006,91,14,0.5244436254832918,Dec25-Mar26,Dec-Mar
2025-12-04,KRW,0,2025-12-17,2026-03-18,0.13878180079529298,1.3945057284732576,1137.0052884436539,1.2557239276779646,91,13,0.4368574910198267,Dec25-Mar26,Dec-Mar
2025-12-05,KRW,0,2025-12-17,2026-03-18,0.133614650789767,1.431090480532004,1136.925578346016,1.2974758297422369,91,12,0.45141637708735705,Dec25-Mar26,Dec-Mar
2025-12-08,KRW,0,2025-12-17,2026-03-18,0.09651567926177093,1.3558019834729975,1133.6221889243923,1.2592863042112266,91,9,0.43942046227817166,Dec25-Mar26,Dec-Mar
2025-12-09,KRW,0,2025-12-17,2026-03-18,0.09835708092527463,1.5011031144352807,1135.7369519400286,1.402746033510006,91,8,0.4885677460154925,Dec25-Mar26,Dec-Mar
2025-12-10,KRW,0,2025-12-17,2026-03-18,0.06633422062851742,1.2111934565818305,1130.057471130347,1.1448592359533132,91,7,0.4007625925114973,Dec25-Mar26,Dec-Mar
2025-12-11,KRW,0,2025-12-17,2026-03-18,0.086846133454541,1.4855409349920037,1128.4066284877422,1.3986948015374627,91,6,0.4903261064783524,Dec25-Mar26,Dec-Mar
2025-12-12,KRW,0,2025-12-17,2026-03-18,0.08695467552830186,1.476451398610575,1135.7205368897414,1.389496723082273,91,5,0.4839649460066653,Dec25-Mar26,Dec-Mar
2025-12-15,KRW,0,2025-12-17,2026-03-18,0.11791585408280336,1.851346978177647,1139.00252431018,1.7334311240948437,91,2,0.6020021658732475,Dec25-Mar26,Dec-Mar
2025-12-16,KRW,0,2025-12-17,2026-03-18,0.13698063258059864,2.0833512560198906,1132.137482699519,1.946370623439292,91,1,0.6800407489910575,Dec25-Mar26,Dec-Mar
2025-12-17,KRW,0,2026-03-18,2026-06-17,2.4631350972359884,4.643722315483719,1130.191515953037,2.18058721824773,91,91,0.7616177514811431,Mar26-Jun26,Mar-Jun
2025-12-18,KRW,0,2026-03-18,2026-06-17,2.495341593659054,4.732639544820247,1130.5173370754508,2.2372979511611932,91,90,0.7811782872507296,Mar26-Jun26,Mar-Jun
2025-12-19,KRW,0,2026-03-18,2026-06-17,2.66749558533184,5.104445437544967,1136.4202821199663,2.4369498522131265,91,89,0.8463509944291427,Mar26-Jun26,Mar-Jun
2025-12-22,KRW,0,2026-03-18,2026-06-17,2.2071866511489886,4.239828736935295,1144.9127857993703,2.0326420857863066,91,86,0.7009921918714501,Mar26-Jun26,Mar-Jun
2025-12-23,KRW,0,2026-03-18,2026-06-17,1.8900239356423163,3.605511732396229,1150.5808975546456,1.7154877967539126,91,85,0.5888690988610674,Mar26-Jun26,Mar-Jun
2025-12-24,KRW,0,2026-03-18,2026-06-17,1.7439015757719747,3.321764637441067,1149.650383078943,1.5778630616690923,91,84,0.5421336297889153,Mar26-Jun26,Mar-Jun
2025-12-25,KRW,0,2026-03-18,2026-06-17,1.7963978066287811,3.4503062262884034,1151.5517174272725,1.6539084196596223,91,83,0.5672991806222751,Mar26-Jun26,Mar-Jun
2025-12-26,KRW,0,2026-03-18,2026-06-17,1.7317048948070024,3.3345846367741894,1149.4068829067219,1.602879741967187,91,82,0.5508513729510851,Mar26-Jun26,Mar-Jun
2025-12-29,KRW,0,2026-03-18,2026-06-17,1.8266197811266396,3.6011184103029885,1144.4838847293497,1.774498629176349,91,79,0.6123990445292744,Mar26-Jun26,Mar-Jun
2025-12-30,KRW,0,2026-03-18,2026-06-17,1.9087052913533307,3.8004412419610376,1148.8693347583285,1.891735950607707,91,78,0.6503244164712672,Mar26-Jun26,Mar-Jun
2025-12-31,KRW,0,2026-03-18,2026-06-17,1.9276505883767578,3.8644758797711525,1155.1936749413921,1.9368252913943946,91,77,0.6621748142465135,Mar26-Jun26,Mar-Jun
2026-01-01,KRW,0,2026-03-18,2026-06-17,1.617830420861056,3.554969477418373,1151.283552221851,1.937139056557317,91,76,0.664706224841501,Mar26-Jun26,Mar-Jun
2026-01-02,KRW,0,2026-03-18,2026-06-17,1.7532616562394856,3.8805524658100614,1157.701738568654,2.127290809570576,91,75,0.7258285960487694,Mar26-Jun26,Mar-Jun
2026-01-05,KRW,0,2026-03-18,2026-06-17,1.2167110670238426,2.754498665623421,1149.1096768198604,1.5377875985995786,91,72,0.5288547145558502,Mar26-Jun26,Mar-Jun
2026-01-06,KRW,0,2026-03-18,2026-06-17,1.0399830293385635,2.37291902468799,1142.3082295956135,1.3329359953494264,91,71,0.461202749081017,Mar26-Jun26,Mar-Jun
2026-01-07,KRW,0,2026-03-18,2026-06-17,1.1390265681409346,2.61976110672415,1147.648182680331,1.4807345385832154,91,70,0.509916098883048,Mar26-Jun26,Mar-Jun
2026-01-08,KRW,0,2026-03-18,2026-06-17,1.2495167934358906,2.8974302456484415,1152.5315587086757,1.647913452212551,91,69,0.5650307663324609,Mar26-Jun26,Mar-Jun
2026-01-09,KRW,0,2026-03-18,2026-06-17,1.3838621990488622,3.23579543601131,1158.1766767365004,1.851933236962448,91,68,0.6318194732469226,Mar26-Jun26,Mar-Jun
2026-01-12,KRW,0,2026-03-18,2026-06-17,1.2943594341941678,3.1064626420660026,1159.4139649611589,1.8121032078718349,91,65,0.6176194132977492,Mar26-Jun26,Mar-Jun
2026-01-13,KRW,0,2026-03-18,2026-06-17,1.2171930649224896,2.9478894541091547,1160.3309354167554,1.7306963891866651,91,64,0.5894470338598263,Mar26-Jun26,Mar-Jun
2026-01-14,KRW,0,2026-03-18,2026-06-17,1.4780479787968526,3.613006170392306,1159.0209683058517,2.1349581915954534,91,63,0.7277893674832173,Mar26-Jun26,Mar-Jun
2026-01-15,KRW,0,2026-03-18,2026-06-17,1.478992352115442,3.6497714495752036,1158.7843521853517,2.1707790974597616,91,62,0.7401507225788739,Mar26-Jun26,Mar-Jun
2026-01-16,KRW,0,2026-03-18,2026-06-17,1.4319144885499437,3.5680492173703517,1165.4722515722015,2.136134728820408,91,61,0.7241933938563047,Mar26-Jun26,Mar-Jun
2026-01-19,KRW,0,2026-03-18,2026-06-17,1.2423009641984404,3.19142833906151,1162.368453062303,1.9491273748630698,91,58,0.6626643440862987,Mar26-Jun26,Mar-Jun
2026-01-20,KRW,0,2026-03-18,2026-06-17,1.219272841182252,3.1658312367539168,1175.0956508318134,1.9465583955716648,91,57,0.6546436180409444,Mar26-Jun26,Mar-Jun
2026-01-21,KRW,0,2026-03-18,2026-06-17,1.0380937751116297,2.724996159668028,1182.429050135538,1.6869023845563984,91,56,0.5638906003600124,Mar26-Jun26,Mar-Jun
2026-01-22,KRW,0,2026-03-18,2026-06-17,1.0826056970319002,2.8738260321210443,1177.0856677508586,1.791220335089144,91,55,0.601454523965074,Mar26-Jun26,Mar-Jun
2026-01-23,KRW,0,2026-03-18,2026-06-17,0.9861722700181679,2.6480551694932286,1178.2648367193287,1.6618828994750607,91,54,0.5575133495756824,Mar26-Jun26,Mar-Jun
2026-01-26,KRW,0,2026-03-18,2026-06-17,0.9003686552796093,2.506908804896167,1178.4069201102836,1.6065401496165579,91,51,0.538921747501835,Mar26-Jun26,Mar-Jun
2026-01-27,KRW,0,2026-03-18,2026-06-17,0.9831663435023674,2.7725290886766762,1174.9893307901389,1.7893627451743088,91,50,0.6019526553955957,Mar26-Jun26,Mar-Jun
2026-01-28,KRW,0,2026-03-18,2026-06-17,1.020206083740268,2.914874524972195,1175.0049409918568,1.8946684412319268,91,49,0.6373496055149076,Mar26-Jun26,Mar-Jun
2026-01-29,KRW,0,2026-03-18,2026-06-17,1.01600863606851,2.9421916752817276,1177.0832076630657,1.9261830392132175,91,48,0.64681010436893,Mar26-Jun26,Mar-Jun
2026-01-30,KRW,0,2026-03-18,2026-06-17,0.9556255890550318,2.805879389140306,1179.0982440083412,1.8502538000852744,91,47,0.6202840015661095,Mar26-Jun26,Mar-Jun
2026-02-02,KRW,0,2026-03-18,2026-06-17,0.9137582866147356,2.8035765612043027,1180.7210600961612,1.889818274589567,91,44,0.6327000564729522,Mar26-Jun26,Mar-Jun
2026-02-03,KRW,0,2026-03-18,2026-06-17,0.8841107666001128,2.755135877311979,1177.4129817487208,1.8710251107118663,91,43,0.6281826228593085,Mar26-Jun26,Mar-Jun
2026-02-04,KRW,0,2026-03-18,2026-06-17,0.838187426966398,2.6542601853935937,1176.9182320498392,1.8160727584271956,91,42,0.610012693703143,Mar26-Jun26,Mar-Jun
2026-02-05,KRW,0,2026-03-18,2026-06-17,0.7470533176919139,2.40514726671543,1179.089206491708,1.6580939490235163,91,41,0.5559663462663159,Mar26-Jun26,Mar-Jun
2026-02-06,KRW,0,2026-03-18,2026-06-17,0.818258071670551,2.6797951847210544,1177.8479492438346,1.8615371130505034,91,40,0.624801372884705,Mar26-Jun26,Mar-Jun
2026-02-09,KRW,0,2026-03-18,2026-06-17,0.7912395638383876,2.7372611938192866,1172.8410180756089,1.946021629980899,91,37,0.6559590585130103,Mar26-Jun26,Mar-Jun
2026-02-10,KRW,0,2026-03-18,2026-06-17,0.6477795225206261,2.2852222044477646,1172.0224440877093,1.6374426819271384,91,36,0.5523970076824974,Mar26-Jun26,Mar-Jun
2026-02-11,KRW,0,2026-03-18,2026-06-17,0.7259104247528207,2.6132775291101544,1169.5384011735912,1.8873671043573337,91,35,0.6380188776184031,Mar26-Jun26,Mar-Jun
2026-02-12,KRW,0,2026-03-18,2026-06-17,0.74883504493131,2.7530700181298164,1170.1882941934339,2.0042349731985065,91,34,0.6771364110190028,Mar26-Jun26,Mar-Jun
2026-02-13,KRW,0,2026-03-18,2026-06-17,0.7196657582644457,2.704198606811856,1165.5358990707707,1.9845328485474105,91,33,0.6731714229562907,Mar26-Jun26,Mar-Jun
2026-02-16,KRW,0,2026-03-18,2026-06-17,0.5907763465544184,2.3827979311028207,1172.2674432747228,1.7920215845484022,91,30,0.6044478386264418,Mar26-Jun26,Mar-Jun
2026-02-17,KRW,0,2026-03-18,2026-06-17,0.7315169114964829,3.0269665303302733,1174.9864384876353,2.2954496188337905,91,29,0.7723705799753897,Mar26-Jun26,Mar-Jun
2026-02-18,KRW,0,2026-03-18,2026-06-17,0.7402467226443317,3.14604857123841,1172.0890257915096,2.405801848594078,91,28,0.8114955932305273,Mar26-Jun26,Mar-Jun
2026-02-19,KRW,0,2026-03-18,2026-06-17,0.7136780664722832,3.119037475693682,1166.0692312297363,2.405359409221399,91,27,0.8155508173069772,Mar26-Jun26,Mar-Jun
2026-02-20,KRW,0,2026-03-18,2026-06-17,0.698749639505969,3.1443733777768608,1169.9857232798452,2.445623738270892,91,26,0.8264391672008647,Mar26-Jun26,Mar-Jun
2026-02-23,KRW,0,2026-03-18,2026-06-17,0.6593455375771884,3.2680604905999777,1173.4680164038523,2.6087149530227896,91,23,0.8789669125743397,Mar26-Jun26,Mar-Jun
2026-02-24,KRW,0,2026-03-18,2026-06-17,0.5654716845236307,2.904468197780467,1163.4424573775675,2.3389965132568364,91,22,0.7949407206301072,Mar26-Jun26,Mar-Jun
2026-02-25,KRW,0,2026-03-18,2026-06-17,0.6153040978895468,3.2816218554109158,1158.654956332233,2.666317757521369,91,21,0.9098887989779274,Mar26-Jun26,Mar-Jun
2026-02-26,KRW,0,2026-03-18,2026-06-17,0.7101725510250371,3.9414576581889555,1156.8701895270644,3.2312851071639184,91,20,1.1042953333712737,Mar26-Jun26,Mar-Jun
2026-02-27,KRW,0,2026-03-18,2026-06-17,0.6190003510502708,3.583686242922621,1153.6878247578718,2.96468589187235,91,19,1.0160580747673575,Mar26-Jun26,Mar-Jun
2026-03-02,KRW,0,2026-03-18,2026-06-17,0.5331545254793442,3.565470889143114,1156.605856049075,3.03231636366377,91,16,1.0366928012675953,Mar26-Jun26,Mar-Jun
2026-03-03,KRW,0,2026-03-18,2026-06-17,0.5320336579744249,3.7597045163526026,1156.1929869617747,3.2276708583781777,91,15,1.1038758186924542,Mar26-Jun26,Mar-Jun
2026-03-04,KRW,0,2026-03-18,2026-06-17,0.5428344201370728,4.071258151028046,1150.970952954101,3.5284237308909736,91,14,1.2121955922719252,Mar26-Jun26,Mar-Jun
2026-03-05,KRW,0,2026-03-18,2026-06-17,0.5261598955128151,4.209279164102521,1146.5856268741654,3.6831192685897065,91,13,1.2701971935032157,Mar26-Jun26,Mar-Jun
2026-03-06,KRW,0,2026-03-18,2026-06-17,0.49095003167602214,4.213987771885857,1148.1336658020177,3.723037740209835,91,12,1.2822727936742706,Mar26-Jun26,Mar-Jun
2026-03-09,KRW,0,2026-03-18,2026-06-17,0.37447287425604325,4.160809713956036,1149.1320156429863,3.7863368396999926,91,9,1.3030735467672458,Mar26-Jun26,Mar-Jun
2026-03-10,KRW,0,2026-03-18,2026-06-17,0.32376389653612886,4.006578219634594,1145.7018228870459,3.6828143230984653,91,8,1.2712958167902406,Mar26-Jun26,Mar-Jun
2026-03-11,KRW,0,2026-03-18,2026-06-17,0.2831939748063688,3.9647156472891636,1147.1181470806894,3.681521672482795,91,7,1.2693258270095304,Mar26-Jun26,Mar-Jun
2026-03-12,KRW,0,2026-03-18,2026-06-17,0.30472034272974735,4.222553320683642,1144.8110252442443,3.9178329779538945,91,6,1.3534980662831577,Mar26-Jun26,Mar-Jun
2026-03-13,KRW,0,2026-03-18,2026-06-17,0.32383959073401036,4.441228672923571,1140.7716858809606,4.11738908218956,91,5,1.4274503606123963,Mar26-Jun26,Mar-Jun
2026-03-16,KRW,0,2026-03-18,2026-06-17,0.3209604496208025,4.2641888306763756,1138.971944007451,3.9432283810555733,91,2,1.3692339119421015,Mar26-Jun26,Mar-Jun
2026-03-17,KRW,0,2026-03-18,2026-06-17,0.3059933875420828,4.021627379124516,1138.1910560231822,3.7156339915824335,91,1,1.2911066746180297,Mar26-Jun26,Mar-Jun
2026-03-18,KRW,0,2026-06-17,2026-09-16,3.9286174474468214,7.857234894893643,1138.644171792188,3.9286174474468214,91,91,1.3602444811348908,Jun26-Sep26,Jun-Sep
2026-03-19,KRW,0,2026-06-17,2026-09-16,3.4670620470621953,6.972647005758415,1139.3957421878658,3.50558495869622,91,90,1.213465705319979,Jun26-Sep26,Jun-Sep
2026-03-20,KRW,0,2026-06-17,2026-09-16,3.5726422514287757,7.225568598395277,1143.3730651929488,3.6529263469665016,91,89,1.2599669803892155,Jun26-Sep26,Jun-Sep
2026-03-23,KRW,0,2026-06-17,2026-09-16,3.532113170677551,7.26958175825496,1147.3741168102686,3.7374685875774087,91,86,1.2846911096340627,Jun26-Sep26,Jun-Sep
2026-03-24,KRW,0,2026-06-17,2026-09-16,3.4152038244843395,7.07148086010875,1154.223798268568,3.6562770356244103,91,85,1.249473509639217,Jun26-Sep26,Jun-Sep
2026-03-25,KRW,0,2026-06-17,2026-09-16,3.3425759045612575,6.9636998011692866,1152.991169483321,3.621123896608029,91,84,1.2388573249202102,Jun26-Sep26,Jun-Sep
2026-03-26,KRW,0,2026-06-17,2026-09-16,3.4802633989601763,7.295973872518924,1156.629014508336,3.8157104735587475,91,83,1.301180728781468,Jun26-Sep26,Jun-Sep
2026-03-27,KRW,0,2026-06-17,2026-09-16,3.7152367342337547,7.83824335393219,1158.390704564321,4.123006619698435,91,82,1.4035549461490062,Jun26-Sep26,Jun-Sep
2026-03-30,KRW,0,2026-06-17,2026-09-16,3.765828609425462,8.103681817750994,1162.5341004197728,4.337853208325532,91,79,1.4713829213113676,Jun26-Sep26,Jun-Sep
2026-03-31,KRW,0,2026-06-17,2026-09-16,3.6384741387040593,7.883360633858795,1159.8478705918894,4.244886495154736,91,78,1.443330868411453,Jun26-Sep26,Jun-Sep
2026-04-01,KRW,0,2026-06-17,2026-09-16,3.4519773237960005,7.531586888282183,1158.514904800438,4.079609564486182,91,77,1.388947913136759,Jun26-Sep26,Jun-Sep
2026-04-02,KRW,0,2026-06-17,2026-09-16,3.334142692804921,7.326339864452918,1156.7248629231053,3.992197171647997,91,76,1.3614227738224869,Jun26-Sep26,Jun-Sep
2026-04-03,KRW,0,2026-06-17,2026-09-16,2.863931440699115,6.338834922080708,1152.4088334269331,3.474903481381593,91,75,1.1899242614734507,Jun26-Sep26,Jun-Sep
2026-04-06,KRW,0,2026-06-17,2026-09-16,2.6639881042725078,6.0309730693947055,1158.0394440875868,3.3669849651221977,91,72,1.1475748371149186,Jun26-Sep26,Jun-Sep
2026-04-07,KRW,0,2026-06-17,2026-09-16,2.635364670741085,6.013085586761348,1157.7567006611628,3.3777209160202633,91,71,1.1515428978051456,Jun26-Sep26,Jun-Sep
2026-04-08,KRW,0,2026-06-17,2026-09-16,2.5400696217089083,5.842160129930489,1155.4326541470748,3.302090508221581,91,70,1.128110786137005,Jun26-Sep26,Jun-Sep
2026-04-09,KRW,0,2026-06-17,2026-09-16,2.250588290248008,5.218755455647555,1146.6940342233725,2.968167165399547,91,69,1.0219987582620278,Jun26-Sep26,Jun-Sep
2026-04-10,KRW,0,2026-06-17,2026-09-16,2.013308616143401,4.707589264217659,1146.4550280770786,2.694280648074258,91,68,0.9280789320138929,Jun26-Sep26,Jun-Sep
2026-04-13,KRW,0,2026-06-17,2026-09-16,1.5394433938859726,3.694664145326334,1146.4578827519554,2.1552207514403614,91,65,0.7426975510736974,Jun26-Sep26,Jun-Sep
2026-04-14,KRW,0,2026-06-17,2026-09-16,1.4252615285260464,3.4518052643990185,1147.291284521678,2.026543735872972,91,64,0.6979177000214191,Jun26-Sep26,Jun-Sep
2026-04-15,KRW,0,2026-06-17,2026-09-16,1.5137645020549,3.700313227245311,1138.4798237763632,2.186548725190411,91,63,0.758783466663838,Jun26-Sep26,Jun-Sep
2026-04-16,KRW,0,2026-06-17,2026-09-16,1.2154032023210908,2.999301450889143,1143.901190118514,1.7838982485680521,91,62,0.616284832968775,Jun26-Sep26,Jun-Sep
2026-04-17,KRW,0,2026-06-17,2026-09-16,1.4696086615135633,3.661975681148551,1135.8930938311098,2.192367019634988,91,61,0.7625623979447884,Jun26-Sep26,Jun-Sep
2026-04-20,KRW,0,2026-06-17,2026-09-16,1.285513783266972,3.3024405811513597,1138.9484421249608,2.0169267978843877,91,58,0.6997731498180383,Jun26-Sep26,Jun-Sep
2026-04-21,KRW,0,2026-06-17,2026-09-16,1.3752674976060093,3.570869993784025,1140.5814454179558,2.1956024961780156,91,57,0.7606155195413299,Jun26-Sep26,Jun-Sep
2026-04-22,KRW,0,2026-06-17,2026-09-16,1.2655429352671748,3.3220502050763345,1140.5997688679943,2.0565072698091598,91,56,0.7124862338134148,Jun26-Sep26,Jun-Sep
2026-04-23,KRW,0,2026-06-17,2026-09-16,1.3660252992073818,3.62617624880505,1140.8490375161782,2.2601509495976684,91,55,0.7827997366680997,Jun26-Sep26,Jun-Sep
2026-04-24,KRW,0,2026-06-17,2026-09-16,1.4574907738899945,3.9136326335935037,1139.0642352075924,2.456141859703509,91,54,0.8519438900565606,Jun26-Sep26,Jun-Sep
2026-04-27,KRW,0,2026-06-17,2026-09-16,1.5142612735510013,4.216178447926318,1134.4925544451396,2.7019171743753163,91,51,0.9409189240344571,Jun26-Sep26,Jun-Sep
2026-04-28,KRW,0,2026-06-17,2026-09-16,1.5335804285170185,4.324696808417992,1136.0120998534562,2.791116379900974,91,50,0.9706668731391138,Jun26-Sep26,Jun-Sep
2026-04-29,KRW,0,2026-06-17,2026-09-16,1.3995314724579992,3.998661349879998,1134.2489064965382,2.5991298774219986,91,49,0.9054097816519292,Jun26-Sep26,Jun-Sep
2026-04-30,KRW,0,2026-06-17,2026-09-16,1.3759047455104771,3.984390825540757,1133.1440731168561,2.60848608003028,91,48,0.9095728407332171,Jun26-Sep26,Jun-Sep
2026-05-01,KRW,0,2026-06-17,2026-09-16,1.2006098515627577,3.5251948833119267,1144.646661238894,2.324585031749169,91,47,0.8025642506797194,Jun26-Sep26,Jun-Sep
2026-05-04,KRW,0,2026-06-17,2026-09-16,0.891287021741471,2.734630634888604,1142.2573487416157,1.843343613147133,91,44,0.6379177765307256,Jun26-Sep26,Jun-Sep
2026-05-05,KRW,0,2026-06-17,2026-09-16,0.8810252074476908,2.7455204139067573,1146.7897114862692,1.8644952064590665,91,43,0.642695222310365,Jun26-Sep26,Jun-Sep
2026-05-06,KRW,0,2026-06-17,2026-09-16,0.8751400726094598,2.7712768965966226,1158.0315314445265,1.8961368239871628,91,42,0.6472652894945657,Jun26-Sep26,Jun-Sep
2026-05-07,KRW,0,2026-06-17,2026-09-16,0.7539105821148546,2.4272243131502638,1166.848563100172,1.6733137310354091,91,41,0.5669483254305183,Jun26-Sep26,Jun-Sep
2026-05-08,KRW,0,2026-06-17,2026-09-16,0.7567212392223448,2.4782620584531796,1172.8947961288545,1.7215408192308348,91,40,0.5802822262159584,Jun26-Sep26,Jun-Sep
2026-05-11,KRW,0,2026-06-17,2026-09-16,0.8505045935775983,2.9422861615657454,1174.0773139319824,2.0917815679881473,91,37,0.704313890515242,Jun26-Sep26,Jun-Sep
2026-05-12,KRW,0,2026-06-17,2026-09-16,0.7161352934050614,2.526366173956745,1177.4258593357401,1.8102308805516834,91,36,0.6078514276460327,Jun26-Sep26,Jun-Sep
2026-05-13,KRW,0,2026-06-17,2026-09-16,0.6792173338389845,2.445182401820344,1180.3759074966986,1.7659650679813597,91,35,0.5915249243573814,Jun26-Sep26,Jun-Sep
2026-05-14,KRW,0,2026-06-17,2026-09-16,0.6747069046350642,2.4805400905700883,1182.7346567769835,1.805833185935024,91,34,0.6036757592162785,Jun26-Sep26,Jun-Sep
2026-05-15,KRW,0,2026-06-17,2026-09-16,0.7141957013194586,2.6836444534428145,1181.7815458584828,1.969448752123356,91,33,0.6588798216133993,Jun26-Sep26,Jun-Sep
2026-05-18,KRW,0,2026-06-17,2026-09-16,0.5744194061679619,2.3168249382107797,1177.4715222734442,1.7424055320428178,91,30,0.5851242833695193,Jun26-Sep26,Jun-Sep
2026-05-19,KRW,0,2026-06-17,2026-09-16,0.5565340686845477,2.302899594556749,1171.781140397555,1.7463655258722015,91,29,0.5893096276050125,Jun26-Sep26,Jun-Sep
2026-05-20,KRW,0,2026-06-17,2026-09-16,0.4927237854141686,2.0940760880102167,1168.779764171533,1.601352302596048,91,28,0.5417915980603494,Jun26-Sep26,Jun-Sep
2026-05-21,KRW,0,2026-06-17,2026-09-16,0.3137077706218995,1.3710191456808942,1170.4289518335718,1.0573113750589949,91,27,0.3572749519841761,Jun26-Sep26,Jun-Sep
2026-05-22,KRW,0,2026-06-17,2026-09-16,0.3576431930924442,1.6093943689159986,1171.2393990832736,1.2517511758235544,91,26,0.42266944136064644,Jun26-Sep26,Jun-Sep
2026-05-25,KRW,0,2026-06-17,2026-09-16,0.3185490297767626,1.5788951910674316,1172.6346178175295,1.260346161290669,91,23,0.425079615693374,Jun26-Sep26,Jun-Sep
2026-05-26,KRW,0,2026-06-17,2026-09-16,0.2387412925798098,1.2262620937053865,1173.6546402075387,0.9875208011255767,91,22,0.3327964667257993,Jun26-Sep26,Jun-Sep
2026-05-27,KRW,0,2026-06-17,2026-09-16,0.21345874238205137,1.1384466260376074,1166.5193199544785,0.9249878836555561,91,21,0.31363588932821684,Jun26-Sep26,Jun-Sep
2026-05-28,KRW,0,2026-06-17,2026-09-16,0.12498423186810746,0.6936624868679964,1161.9225242629857,0.5686782549998889,91,20,0.19359932852829526,Jun26-Sep26,Jun-Sep
2026-05-29,KRW,0,2026-06-17,2026-09-16,0.1223870289867913,0.7085564836077392,1165.458959864791,0.5861694546209478,91,19,0.19894897377604978,Jun26-Sep26,Jun-Sep
2026-06-01,KRW,0,2026-06-17,2026-09-16,0.1170100716992514,0.7825048544887437,1172.6360576269124,0.6654947827894924,91,16,0.22449112995280374,Jun26-Sep26,Jun-Sep
2026-06-02,KRW,0,2026-06-17,2026-09-16,0.09314393433708142,0.658217135982042,1167.3886775389542,0.5650732016449606,91,15,0.1914765937227809,Jun26-Sep26,Jun-Sep
2026-06-03,KRW,0,2026-06-17,2026-09-16,0.08588862021995439,0.644164651649658,1176.308529924122,0.5582760314297036,91,14,0.1877401392871682,Jun26-Sep26,Jun-Sep
2026-06-04,KRW,0,2026-06-17,2026-09-16,0.048043742885129186,0.3843499430810335,1171.697697148004,0.3363062001959043,91,13,0.11354358409312046,Jun26-Sep26,Jun-Sep
2026-06-05,KRW,0,2026-06-17,2026-09-16,-0.010382982308504336,-0.08912059814799556,1173.1226180395486,-0.07873761583949122,91,12,-0.026552401376952018,Jun26-Sep26,Jun-Sep
2026-06-08,KRW,0,2026-06-17,2026-09-16,-0.03471461589580487,-0.3857179543978319,1176.6987002361495,-0.35100333850202703,91,9,-0.11801029459573414,Jun26-Sep26,Jun-Sep
2026-06-09,KRW,0,2026-06-17,2026-09-16,-0.03594912762252591,-0.4448704543287582,1179.3417808554655,-0.4089213267062323,91,8,-0.13717482772422432,Jun26-Sep26,Jun-Sep
2026-06-10,KRW,0,2026-06-17,2026-09-16,-0.027121695021602117,-0.3797037303024296,1176.2625684728057,-0.3525820352808275,91,7,-0.1185842539862109,Jun26-Sep26,Jun-Sep
2026-06-11,KRW,0,2026-06-17,2026-09-16,-0.04766747253124799,-0.6605349765044365,1176.4384900516707,-0.6128675039731885,91,6,-0.20609909040541627,Jun26-Sep26,Jun-Sep
2026-06-12,KRW,0,2026-06-17,2026-09-16,-0.0460390910428508,-0.631393248587668,1178.3761731343138,-0.5853541575448172,91,5,-0.1965227494569275,Jun26-Sep26,Jun-Sep
2026-06-15,KRW,0,2026-06-17,2026-09-16,-0.03189486068554466,-0.42374600625080755,1166.9408607833086,-0.3918511455652629,91,2,-0.13284501202347854,Jun26-Sep26,Jun-Sep
2026-06-16,KRW,0,2026-06-17,2026-09-16,-0.03150275150226802,-0.4140361626012368,1164.0342573227022,-0.3825334110989688,91,1,-0.1300099147548804,Jun26-Sep26,Jun-Sep
2026-06-17,KRW,0,2026-09-16,2026-12-16,-0.47124544304423993,-0.9424908860884799,1158.6913750675888,-0.47124544304423993,91,91,-0.16095970352139397,Sep26-Dec26,Sep-Dec
2026-06-18,KRW,0,2026-09-16,2026-12-16,-0.5303784268373833,-1.0666499473062931,1153.363151778779,-0.5362715204689098,91,90,-0.18402614467500716,Sep26-Dec26,Sep-Dec
2026-06-19,KRW,0,2026-09-16,2026-12-16,-0.8262632763344308,-1.6710942667437925,1157.6163316869622,-0.8448309904093617,91,89,-0.28891919327066606,Sep26-Dec26,Sep-Dec
2026-06-22,KRW,0,2026-09-16,2026-12-16,-0.650527562675106,-1.3388764952731833,1153.6072427194,-0.6883489325980773,91,86,-0.23618741264572776,Sep26-Dec26,Sep-Dec
2026-06-23,KRW,0,2026-09-16,2026-12-16,-0.6993440998850873,-1.448053665644416,1155.669374436091,-0.7487095657593288,91,85,-0.2564506328871983,Sep26-Dec26,Sep-Dec
2026-06-24,KRW,0,2026-09-16,2026-12-16,-0.46118654456331737,-0.9608053011735779,1158.3051694591693,-0.4996187566102605,91,84,-0.17070639840773996,Sep26-Dec26,Sep-Dec
2026-06-25,KRW,0,2026-09-16,2026-12-16,-0.24106943222928295,-0.5053744723842799,1163.5716467225081,-0.26430504015499695,91,83,-0.08988007167257392,Sep26-Dec26,Sep-Dec
2026-06-26,KRW,0,2026-09-16,2026-12-16,-0.25749166638028453,-0.5432446132169417,1173.5071855257868,-0.2857529468366572,91,82,-0.09635214261482694,Sep26-Dec26,Sep-Dec
2026-06-29,KRW,0,2026-09-16,2026-12-16,-0.008700814925609554,-0.01872327262472942,1169.917933338257,-0.010022457699119866,91,79,-0.003389090546838809,Sep26-Dec26,Sep-Dec
2026-06-30,KRW,0,2026-09-16,2026-12-16,0.2993861837680328,0.6486700648307376,1171.3086113813558,0.34928388106270486,91,78,0.11793896845131485,Sep26-Dec26,Sep-Dec
2026-07-01,KRW,0,2026-09-16,2026-12-16,0.11462556458115761,0.25009214090434384,1169.8955039339535,0.13546657632318623,91,77,0.04580402485404528,Sep26-Dec26,Sep-Dec
2026-07-02,KRW,0,2026-09-16,2026-12-16,0.03762130270660249,0.08266786252635021,1169.0753674423013,0.04504655981974772,91,76,0.015242852695216804,Sep26-Dec26,Sep-Dec
2026-07-03,KRW,0,2026-09-16,2026-12-16,0.12488120140113132,0.41209457365172764,1163.0644104333453,0.2872133722505963,91,75,0.09768218582806298,Sep26-Dec26,Sep-Dec
2026-07-06,KRW,0,2026-09-16,2026-12-16,0.2517550797793734,0.677226300934475,1170.3357065521727,0.4254712211551016,91,72,0.14378958498115305,Sep26-Dec26,Sep-Dec
2026-07-07,KRW,0,2026-09-16,2026-12-16,0.23242436229660948,0.6285610915928217,1178.888587781342,0.39613672929621224,91,71,0.13290699576719864,Sep26-Dec26,Sep-Dec
2026-07-08,KRW,0,2026-09-16,2026-12-16,0.06010476556437922,0.2266851226058811,1179.2554907707856,0.1665803570415019,91,70,0.055879801570045816,Sep26-Dec26,Sep-Dec
2026-07-09,KRW,0,2026-09-16,2026-12-16,0.353305381435681,0.8976506166491685,1175.876417192102,0.5443452352134874,91,69,0.18308104585690016,Sep26-Dec26,Sep-Dec
2026-07-10,KRW,0,2026-09-16,2026-12-16,0.23130422151510707,0.6089663360028378,1167.816712762424,0.3776621144877307,91,68,0.12790980368288998,Sep26-Dec26,Sep-Dec
2026-07-13,KRW,0,2026-09-16,2026-12-16,0.25668728401873203,0.6549282892421708,1166.3642279164185,0.3982410052234388,91,65,0.1350446319996186,Sep26-Dec26,Sep-Dec
2026-07-14,KRW,0,2026-09-16,2026-12-16,0.1065113257161493,0.2871147197453686,1166.304111062783,0.18060339402921932,91,64,0.061254154555546225,Sep26-Dec26,Sep-Dec
2026-07-15,KRW,0,2026-09-16,2026-12-16,0.1439472963987502,0.37131860777065795,1166.8463277561166,0.22737131137190775,91,63,0.07707784043793646,Sep26-Dec26,Sep-Dec
2026-07-16,KRW,0,2026-09-16,2026-12-16,0.20497597115704896,0.5155657044630737,1168.5485606749771,0.31058973330602474,91,62,0.10512966153505435,Sep26-Dec26,Sep-Dec
2026-07-17,KRW,0,2026-09-16,2026-12-16,0.4337760368447938,1.0808845508263716,1175.7832656304802,0.6471085139815778,91,61,0.21764603257342674,Sep26-Dec26,Sep-Dec
2026-07-20,KRW,0,2026-09-16,2026-12-16,0.19410336912307635,0.49864486205755815,1170.308987233803,0.3045414929344818,91,58,0.10292835125005437,Sep26-Dec26,Sep-Dec
2026-07-21,KRW,0,2026-09-16,2026-12-16,0.3305596998020642,0.8582953608895701,1170.1877950338267,0.5277356610875059,91,57,0.17836076333117126,Sep26-Dec26,Sep-Dec
2026-07-22,KRW,0,2026-09-16,2026-12-16,0.19079906240048558,0.5008475388012746,1176.5764876598048,0.31004847640078903,91,56,0.10423177249966782,Sep26-Dec26,Sep-Dec
2026-07-23,KRW,0,2026-09-16,2026-12-16,0.07051575210325517,0.1871872692195501,1183.1761932228294,0.11667151711629492,91,55,0.039007727351247544,Sep26-Dec26,Sep-Dec
2026-07-24,KRW,0,2026-09-16,2026-12-16,-0.11893973497998486,-0.3193752142981075,1189.2464078598346,-0.20043547931812264,91,54,-0.06668179718227385,Sep26-Dec26,Sep-Dec
2026-07-27,KRW,0,2026-09-16,2026-12-16,-0.04368020502975126,-0.12161939439656232,1182.153856913264,-0.07793918936681106,91,51,-0.026083089809102466,Sep26-Dec26,Sep-Dec
2026-07-28,KRW,0,2026-09-16,2026-12-16,-0.17757961043490852,-0.5007745014264421,1178.9480759918963,-0.32319489099153353,91,50,-0.10846667769989983,Sep26-Dec26,Sep-Dec
2026-07-29,KRW,0,2026-09-16,2026-12-16,-0.1751509608900726,-0.5004313168287788,1176.0834564322358,-0.32528035593870624,91,49,-0.10943228992805437,Sep26-Dec26,Sep-Dec
2026-07-30,KRW,0,2026-09-16,2026-12-16,-0.213587803210607,-0.6185146801307162,1177.764619036247,-0.4049268769201092,91,48,-0.1360372910889634,Sep26-Dec26,Sep-Dec
2026-07-31,KRW,0,2026-09-16,2026-12-16,-0.3617846523909746,-1.0622613197862658,1182.5391870139756,-0.7004766673952911,91,47,-0.23440783767847295,Sep26-Dec26,Sep-Dec
2026-08-03,KRW,0,2026-09-16,2026-12-16,-0.4479317850711401,-1.2461147165760593,1183.5825430609746,-0.7981829315049191,91,44,-0.26688820797762347,Sep26-Dec26,Sep-Dec
2026-08-04,KRW,0,2026-09-16,2026-12-16,-0.4070500208331874,-1.1501641340023692,1183.1732626849384,-0.7431141131691817,91,43,-0.24855225526203023,Sep26-Dec26,Sep-Dec
2026-08-05,KRW,0,2026-09-16,2026-12-16,-0.4538360290993253,-1.3287307045055141,1182.7278651892648,-0.8748946754061888,91,42,-0.29275123257794483,Sep26-Dec26,Sep-Dec
2026-08-06,KRW,0,2026-09-16,2026-12-16,-0.5082733633435872,-1.5377109583918402,1184.1760001818661,-1.029437595048253,91,41,-0.3440577354391597,Sep26-Dec26,Sep-Dec
2026-08-07,KRW,0,2026-09-16,2026-12-16,-0.563172494617324,-1.7558053365285669,1181.1277779089214,-1.1926328419112429,91,40,-0.3996484329942361,Sep26-Dec26,Sep-Dec
2026-08-10,KRW,0,2026-09-16,2026-12-16,-0.4044887942036181,-1.3402862276719143,1180.5271536228595,-0.9357974334682961,91,37,-0.31370093051225983,Sep26-Dec26,Sep-Dec
2026-08-11,KRW,0,2026-09-16,2026-12-16,-0.47825702871382886,-1.6380477288943218,1179.2829376404536,-1.159790700180493,91,36,-0.38922334337391923,Sep26-Dec26,Sep-Dec
2026-08-12,KRW,0,2026-09-16,2026-12-16,-0.42680447215387174,-1.4972542081967168,1177.2567467166502,-1.070449736042845,91,35,-0.3598435131964714,Sep26-Dec26,Sep-Dec
2026-08-13,KRW,0,2026-09-16,2026-12-16,-0.4121063076210503,-1.4856002864624924,1179.8573093018083,-1.0734939788414422,91,34,-0.3600666954313183,Sep26-Dec26,Sep-Dec
2026-08-14,KRW,0,2026-09-16,2026-12-16,-0.4335794795952494,-1.6096161444740276,1175.4958221236639,-1.1760366648787781,91,33,-0.39593245117905745,Sep26-Dec26,Sep-Dec
2026-08-17,KRW,0,2026-09-16,2026-12-16,-0.4492574378830073,-1.8120049994614627,1168.805615051656,-1.3627475615784554,91,30,-0.4614250797253296,Sep26-Dec26,Sep-Dec
2026-08-18,KRW,0,2026-09-16,2026-12-16,-0.41778542287926757,-1.7287672670866245,1167.320024856271,-1.3109818442073569,91,29,-0.44445041118254996,Sep26-Dec26,Sep-Dec
2026-08-19,KRW,0,2026-09-16,2026-12-16,-0.3374783619797727,-1.4342830384140342,1168.5628856516867,-1.0968046764342614,91,28,-0.3714186906133901,Sep26-Dec26,Sep-Dec
2026-08-20,KRW,0,2026-09-16,2026-12-16,-0.2817464385537355,-1.2313362870126219,1166.9874639561062,-0.9495898484588864,91,27,-0.32198515223787816,Sep26-Dec26,Sep-Dec
2026-08-21,KRW,0,2026-09-16,2026-12-16,-0.2629970234030753,-1.1834866053138389,1162.9160426832018,-0.9204895819107636,91,26,-0.31320584078915154,Sep26-Dec26,Sep-Dec
2026-08-24,KRW,0,2026-09-16,2026-12-16,-0.25274841662208025,-1.2527530215181368,1166.8700219628008,-1.0000046048960565,91,23,-0.3391054001103479,Sep26-Dec26,Sep-Dec
2026-08-25,KRW,0,2026-09-16,2026-12-16,-0.22810755693948048,-1.1716433606436953,1168.6458173031133,-0.9435358037042149,91,22,-0.31946358587513324,Sep26-Dec26,Sep-Dec
2026-08-26,KRW,0,2026-09-16,2026-12-16,-0.2608818156535859,-1.3913696834857916,1174.0509715189983,-1.1304878678322057,91,21,-0.3810101768748826,Sep26-Dec26,Sep-Dec
2026-08-27,KRW,0,2026-09-16,2026-12-16,-0.25400921219620043,-1.4097511276889123,1166.9024281758589,-1.1557419154927118,91,20,-0.3919060571472447,Sep26-Dec26,Sep-Dec
2026-08-28,KRW,0,2026-09-16,2026-12-16,-0.17275533640062565,-1.000162473898359,1169.6711813669017,-0.8274071374977333,91,19,-0.2798857127662909,Sep26-Dec26,Sep-Dec
